year,techAgri,r,costTechAgri
2020,Agri01_AGC,DE1,0.0
2020,Agri01_AGC,DE2,0.0
2020,Agri01_AGC,DE3,0.0
2020,Agri01_AGC,DE4,0.0
2020,Agri01_AGC,DE5,0.0
2020,Agri01_AGC,DE6,0.0
2020,Agri01_AGC,DE7,0.0
2020,Agri01_AGC,DE8,0.0
2020,Agri01_AGC,DE9,0.0
2020,Agri01_AGC,DEA,0.0
2020,Agri01_AGC,DEB,0.0
2020,Agri01_AGC,DEC,0.0
2020,Agri01_AGC,DEE,0.0
2020,Agri01_AGC,DED,0.0
2020,Agri01_AGC,DEF,0.0
2020,Agri01_AGC,DEG,0.0
2020,Agri02_OFC,DE1,0.0
2020,Agri02_OFC,DE2,0.0
2020,Agri02_OFC,DE3,0.0
2020,Agri02_OFC,DE4,0.0
2020,Agri02_OFC,DE5,0.0
2020,Agri02_OFC,DE6,0.0
2020,Agri02_OFC,DE7,0.0
2020,Agri02_OFC,DE8,0.0
2020,Agri02_OFC,DE9,0.0
2020,Agri02_OFC,DEA,0.0
2020,Agri02_OFC,DEB,0.0
2020,Agri02_OFC,DEC,0.0
2020,Agri02_OFC,DEE,0.0
2020,Agri02_OFC,DED,0.0
2020,Agri02_OFC,DEF,0.0
2020,Agri02_OFC,DEG,0.0
2020,Agri03_No-till,DE1,0.0
2020,Agri03_No-till,DE2,0.0
2020,Agri03_No-till,DE3,0.0
2020,Agri03_No-till,DE4,0.0
2020,Agri03_No-till,DE5,0.0
2020,Agri03_No-till,DE6,0.0
2020,Agri03_No-till,DE7,0.0
2020,Agri03_No-till,DE8,0.0
2020,Agri03_No-till,DE9,0.0
2020,Agri03_No-till,DEA,0.0
2020,Agri03_No-till,DEB,0.0
2020,Agri03_No-till,DEC,0.0
2020,Agri03_No-till,DEE,0.0
2020,Agri03_No-till,DED,0.0
2020,Agri03_No-till,DEF,0.0
2020,Agri03_No-till,DEG,0.0
2020,Agri04_toGrassland,DE1,0.0
2020,Agri04_toGrassland,DE2,0.0
2020,Agri04_toGrassland,DE3,0.0
2020,Agri04_toGrassland,DE4,0.0
2020,Agri04_toGrassland,DE5,0.0
2020,Agri04_toGrassland,DE6,0.0
2020,Agri04_toGrassland,DE7,0.0
2020,Agri04_toGrassland,DE8,0.0
2020,Agri04_toGrassland,DE9,0.0
2020,Agri04_toGrassland,DEA,0.0
2020,Agri04_toGrassland,DEB,0.0
2020,Agri04_toGrassland,DEC,0.0
2020,Agri04_toGrassland,DEE,0.0
2020,Agri04_toGrassland,DED,0.0
2020,Agri04_toGrassland,DEF,0.0
2020,Agri04_toGrassland,DEG,0.0
2020,Agri05_Agroforestry,DE1,0.0
2020,Agri05_Agroforestry,DE2,0.0
2020,Agri05_Agroforestry,DE3,0.0
2020,Agri05_Agroforestry,DE4,0.0
2020,Agri05_Agroforestry,DE5,0.0
2020,Agri05_Agroforestry,DE6,0.0
2020,Agri05_Agroforestry,DE7,0.0
2020,Agri05_Agroforestry,DE8,0.0
2020,Agri05_Agroforestry,DE9,0.0
2020,Agri05_Agroforestry,DEA,0.0
2020,Agri05_Agroforestry,DEB,0.0
2020,Agri05_Agroforestry,DEC,0.0
2020,Agri05_Agroforestry,DEE,0.0
2020,Agri05_Agroforestry,DED,0.0
2020,Agri05_Agroforestry,DEF,0.0
2020,Agri05_Agroforestry,DEG,0.0
2020,Agri06_Biochar,DE1,0.0
2020,Agri06_Biochar,DE2,0.0
2020,Agri06_Biochar,DE3,0.0
2020,Agri06_Biochar,DE4,0.0
2020,Agri06_Biochar,DE5,0.0
2020,Agri06_Biochar,DE6,0.0
2020,Agri06_Biochar,DE7,0.0
2020,Agri06_Biochar,DE8,0.0
2020,Agri06_Biochar,DE9,0.0
2020,Agri06_Biochar,DEA,0.0
2020,Agri06_Biochar,DEB,0.0
2020,Agri06_Biochar,DEC,0.0
2020,Agri06_Biochar,DEE,0.0
2020,Agri06_Biochar,DED,0.0
2020,Agri06_Biochar,DEF,0.0
2020,Agri06_Biochar,DEG,0.0
2021,Agri01_AGC,DE1,0.0
2021,Agri01_AGC,DE2,0.0
2021,Agri01_AGC,DE3,0.0
2021,Agri01_AGC,DE4,0.0
2021,Agri01_AGC,DE5,0.0
2021,Agri01_AGC,DE6,0.0
2021,Agri01_AGC,DE7,0.0
2021,Agri01_AGC,DE8,0.0
2021,Agri01_AGC,DE9,0.0
2021,Agri01_AGC,DEA,0.0
2021,Agri01_AGC,DEB,0.0
2021,Agri01_AGC,DEC,0.0
2021,Agri01_AGC,DEE,0.0
2021,Agri01_AGC,DED,0.0
2021,Agri01_AGC,DEF,0.0
2021,Agri01_AGC,DEG,0.0
2021,Agri02_OFC,DE1,0.0
2021,Agri02_OFC,DE2,0.0
2021,Agri02_OFC,DE3,0.0
2021,Agri02_OFC,DE4,0.0
2021,Agri02_OFC,DE5,0.0
2021,Agri02_OFC,DE6,0.0
2021,Agri02_OFC,DE7,0.0
2021,Agri02_OFC,DE8,0.0
2021,Agri02_OFC,DE9,0.0
2021,Agri02_OFC,DEA,0.0
2021,Agri02_OFC,DEB,0.0
2021,Agri02_OFC,DEC,0.0
2021,Agri02_OFC,DEE,0.0
2021,Agri02_OFC,DED,0.0
2021,Agri02_OFC,DEF,0.0
2021,Agri02_OFC,DEG,0.0
2021,Agri03_No-till,DE1,0.0
2021,Agri03_No-till,DE2,0.0
2021,Agri03_No-till,DE3,0.0
2021,Agri03_No-till,DE4,0.0
2021,Agri03_No-till,DE5,0.0
2021,Agri03_No-till,DE6,0.0
2021,Agri03_No-till,DE7,0.0
2021,Agri03_No-till,DE8,0.0
2021,Agri03_No-till,DE9,0.0
2021,Agri03_No-till,DEA,0.0
2021,Agri03_No-till,DEB,0.0
2021,Agri03_No-till,DEC,0.0
2021,Agri03_No-till,DEE,0.0
2021,Agri03_No-till,DED,0.0
2021,Agri03_No-till,DEF,0.0
2021,Agri03_No-till,DEG,0.0
2021,Agri04_toGrassland,DE1,0.0
2021,Agri04_toGrassland,DE2,0.0
2021,Agri04_toGrassland,DE3,0.0
2021,Agri04_toGrassland,DE4,0.0
2021,Agri04_toGrassland,DE5,0.0
2021,Agri04_toGrassland,DE6,0.0
2021,Agri04_toGrassland,DE7,0.0
2021,Agri04_toGrassland,DE8,0.0
2021,Agri04_toGrassland,DE9,0.0
2021,Agri04_toGrassland,DEA,0.0
2021,Agri04_toGrassland,DEB,0.0
2021,Agri04_toGrassland,DEC,0.0
2021,Agri04_toGrassland,DEE,0.0
2021,Agri04_toGrassland,DED,0.0
2021,Agri04_toGrassland,DEF,0.0
2021,Agri04_toGrassland,DEG,0.0
2021,Agri05_Agroforestry,DE1,164795.02307956107
2021,Agri05_Agroforestry,DE2,359317.19819801487
2021,Agri05_Agroforestry,DE3,335.53803759232466
2021,Agri05_Agroforestry,DE4,142089.96340491984
2021,Agri05_Agroforestry,DE5,1078.7879926131436
2021,Agri05_Agroforestry,DE6,1771.9538226428988
2021,Agri05_Agroforestry,DE7,92671.18574261376
2021,Agri05_Agroforestry,DE8,156759.96034764053
2021,Agri05_Agroforestry,DE9,296700.46791417804
2021,Agri05_Agroforestry,DEA,172189.31225532148
2021,Agri05_Agroforestry,DEB,85676.76306751181
2021,Agri05_Agroforestry,DEC,9110.159559487449
2021,Agri05_Agroforestry,DEE,131406.1333317088
2021,Agri05_Agroforestry,DED,97784.68977950411
2021,Agri05_Agroforestry,DEF,113305.40920900377
2021,Agri05_Agroforestry,DEG,90582.82716699633
2021,Agri06_Biochar,DE1,0.0
2021,Agri06_Biochar,DE2,0.0
2021,Agri06_Biochar,DE3,0.0
2021,Agri06_Biochar,DE4,0.0
2021,Agri06_Biochar,DE5,0.0
2021,Agri06_Biochar,DE6,0.0
2021,Agri06_Biochar,DE7,0.0
2021,Agri06_Biochar,DE8,0.0
2021,Agri06_Biochar,DE9,0.0
2021,Agri06_Biochar,DEA,0.0
2021,Agri06_Biochar,DEB,0.0
2021,Agri06_Biochar,DEC,0.0
2021,Agri06_Biochar,DEE,0.0
2021,Agri06_Biochar,DED,0.0
2021,Agri06_Biochar,DEF,0.0
2021,Agri06_Biochar,DEG,0.0
2022,Agri01_AGC,DE1,0.0
2022,Agri01_AGC,DE2,0.0
2022,Agri01_AGC,DE3,0.0
2022,Agri01_AGC,DE4,0.0
2022,Agri01_AGC,DE5,0.0
2022,Agri01_AGC,DE6,0.0
2022,Agri01_AGC,DE7,0.0
2022,Agri01_AGC,DE8,0.0
2022,Agri01_AGC,DE9,0.0
2022,Agri01_AGC,DEA,0.0
2022,Agri01_AGC,DEB,0.0
2022,Agri01_AGC,DEC,0.0
2022,Agri01_AGC,DEE,0.0
2022,Agri01_AGC,DED,0.0
2022,Agri01_AGC,DEF,0.0
2022,Agri01_AGC,DEG,0.0
2022,Agri02_OFC,DE1,0.0
2022,Agri02_OFC,DE2,0.0
2022,Agri02_OFC,DE3,0.0
2022,Agri02_OFC,DE4,0.0
2022,Agri02_OFC,DE5,0.0
2022,Agri02_OFC,DE6,0.0
2022,Agri02_OFC,DE7,0.0
2022,Agri02_OFC,DE8,0.0
2022,Agri02_OFC,DE9,0.0
2022,Agri02_OFC,DEA,0.0
2022,Agri02_OFC,DEB,0.0
2022,Agri02_OFC,DEC,0.0
2022,Agri02_OFC,DEE,0.0
2022,Agri02_OFC,DED,0.0
2022,Agri02_OFC,DEF,0.0
2022,Agri02_OFC,DEG,0.0
2022,Agri03_No-till,DE1,0.0
2022,Agri03_No-till,DE2,0.0
2022,Agri03_No-till,DE3,0.0
2022,Agri03_No-till,DE4,0.0
2022,Agri03_No-till,DE5,0.0
2022,Agri03_No-till,DE6,0.0
2022,Agri03_No-till,DE7,0.0
2022,Agri03_No-till,DE8,0.0
2022,Agri03_No-till,DE9,0.0
2022,Agri03_No-till,DEA,0.0
2022,Agri03_No-till,DEB,0.0
2022,Agri03_No-till,DEC,0.0
2022,Agri03_No-till,DEE,0.0
2022,Agri03_No-till,DED,0.0
2022,Agri03_No-till,DEF,0.0
2022,Agri03_No-till,DEG,0.0
2022,Agri04_toGrassland,DE1,24245.383412335643
2022,Agri04_toGrassland,DE2,50951.014838916155
2022,Agri04_toGrassland,DE3,1667.0095613258263
2022,Agri04_toGrassland,DE4,21239.829645332902
2022,Agri04_toGrassland,DE5,894.4079989291271
2022,Agri04_toGrassland,DE6,312.9658434523487
2022,Agri04_toGrassland,DE7,12961.108006818302
2022,Agri04_toGrassland,DE8,23124.168726035503
2022,Agri04_toGrassland,DE9,42336.37224188039
2022,Agri04_toGrassland,DEA,25242.4392262837
2022,Agri04_toGrassland,DEB,12873.090486325938
2022,Agri04_toGrassland,DEC,2347.6927326514633
2022,Agri04_toGrassland,DEE,19177.30954031477
2022,Agri04_toGrassland,DED,14546.072849593202
2022,Agri04_toGrassland,DEF,15556.083561240488
2022,Agri04_toGrassland,DEG,12436.53741847005
2022,Agri05_Agroforestry,DE1,413903.906424518
2022,Agri05_Agroforestry,DE2,816216.8320270128
2022,Agri05_Agroforestry,DE3,17403.068862772416
2022,Agri05_Agroforestry,DE4,371975.43895448704
2022,Agri05_Agroforestry,DE5,35874.88892494663
2022,Agri05_Agroforestry,DE6,6806.760810502359
2022,Agri05_Agroforestry,DE7,202412.23456183742
2022,Agri05_Agroforestry,DE8,396470.0106872275
2022,Agri05_Agroforestry,DE9,685896.524528686
2022,Agri05_Agroforestry,DEA,428381.16787200375
2022,Agri05_Agroforestry,DEB,227267.11674295872
2022,Agri05_Agroforestry,DEC,68293.88665370236
2022,Agri05_Agroforestry,DEE,323022.09665134444
2022,Agri05_Agroforestry,DED,252791.44782325454
2022,Agri05_Agroforestry,DEF,234365.1651460075
2022,Agri05_Agroforestry,DEG,187370.06829910053
2022,Agri06_Biochar,DE1,0.0
2022,Agri06_Biochar,DE2,0.0
2022,Agri06_Biochar,DE3,0.0
2022,Agri06_Biochar,DE4,0.0
2022,Agri06_Biochar,DE5,0.0
2022,Agri06_Biochar,DE6,0.0
2022,Agri06_Biochar,DE7,0.0
2022,Agri06_Biochar,DE8,0.0
2022,Agri06_Biochar,DE9,0.0
2022,Agri06_Biochar,DEA,0.0
2022,Agri06_Biochar,DEB,0.0
2022,Agri06_Biochar,DEC,0.0
2022,Agri06_Biochar,DEE,0.0
2022,Agri06_Biochar,DED,0.0
2022,Agri06_Biochar,DEF,0.0
2022,Agri06_Biochar,DEG,0.0
2023,Agri01_AGC,DE1,2182681.862081605
2023,Agri01_AGC,DE2,4426144.731990318
2023,Agri01_AGC,DE3,0.0
2023,Agri01_AGC,DE4,0.0
2023,Agri01_AGC,DE5,0.0
2023,Agri01_AGC,DE6,0.0
2023,Agri01_AGC,DE7,1110285.9361049025
2023,Agri01_AGC,DE8,1848064.3959514592
2023,Agri01_AGC,DE9,3700824.915751001
2023,Agri01_AGC,DEA,2264813.0346378693
2023,Agri01_AGC,DEB,0.0
2023,Agri01_AGC,DEC,0.0
2023,Agri01_AGC,DEE,1713348.8440333589
2023,Agri01_AGC,DED,0.0
2023,Agri01_AGC,DEF,1306872.8240185974
2023,Agri01_AGC,DEG,1044808.7735387193
2023,Agri02_OFC,DE1,0.0
2023,Agri02_OFC,DE2,0.0
2023,Agri02_OFC,DE3,0.0
2023,Agri02_OFC,DE4,0.0
2023,Agri02_OFC,DE5,0.0
2023,Agri02_OFC,DE6,0.0
2023,Agri02_OFC,DE7,0.0
2023,Agri02_OFC,DE8,0.0
2023,Agri02_OFC,DE9,0.0
2023,Agri02_OFC,DEA,0.0
2023,Agri02_OFC,DEB,0.0
2023,Agri02_OFC,DEC,0.0
2023,Agri02_OFC,DEE,0.0
2023,Agri02_OFC,DED,0.0
2023,Agri02_OFC,DEF,0.0
2023,Agri02_OFC,DEG,0.0
2023,Agri03_No-till,DE1,0.0
2023,Agri03_No-till,DE2,0.0
2023,Agri03_No-till,DE3,0.0
2023,Agri03_No-till,DE4,0.0
2023,Agri03_No-till,DE5,0.0
2023,Agri03_No-till,DE6,0.0
2023,Agri03_No-till,DE7,0.0
2023,Agri03_No-till,DE8,0.0
2023,Agri03_No-till,DE9,0.0
2023,Agri03_No-till,DEA,0.0
2023,Agri03_No-till,DEB,0.0
2023,Agri03_No-till,DEC,0.0
2023,Agri03_No-till,DEE,0.0
2023,Agri03_No-till,DED,0.0
2023,Agri03_No-till,DEF,0.0
2023,Agri03_No-till,DEG,0.0
2023,Agri04_toGrassland,DE1,48541.99446511388
2023,Agri04_toGrassland,DE2,100192.25241598018
2023,Agri04_toGrassland,DE3,4874.09480425671
2023,Agri04_toGrassland,DE4,42842.66416909494
2023,Agri04_toGrassland,DE5,2489.518441633753
2023,Agri04_toGrassland,DE6,676.2408673925487
2023,Agri04_toGrassland,DE7,25310.249748464605
2023,Agri04_toGrassland,DE8,46355.08107583758
2023,Agri04_toGrassland,DE9,83512.609821264
2023,Agri04_toGrassland,DEA,50451.9404984773
2023,Agri04_toGrassland,DEB,26027.889389095853
2023,Agri04_toGrassland,DEC,5657.213229671915
2023,Agri04_toGrassland,DEE,38247.19547550666
2023,Agri04_toGrassland,DED,29274.432220868457
2023,Agri04_toGrassland,DEF,30086.957614795694
2023,Agri04_toGrassland,DEG,24053.572356458284
2023,Agri05_Agroforestry,DE1,757238.9220528667
2023,Agri05_Agroforestry,DE2,1379606.8015794205
2023,Agri05_Agroforestry,DE3,18257.519886389975
2023,Agri05_Agroforestry,DE4,700426.8731578382
2023,Agri05_Agroforestry,DE5,109338.22379269761
2023,Agri05_Agroforestry,DE6,15558.064963989318
2023,Agri05_Agroforestry,DE7,330327.86323404283
2023,Agri05_Agroforestry,DE8,728963.7647847026
2023,Agri05_Agroforestry,DE9,1176699.2319674012
2023,Agri05_Agroforestry,DEA,778329.5145939713
2023,Agri05_Agroforestry,DEB,431703.5806500012
2023,Agri05_Agroforestry,DEC,184788.10712157225
2023,Agri05_Agroforestry,DEE,581717.6584259217
2023,Agri05_Agroforestry,DED,471961.35826326674
2023,Agri05_Agroforestry,DEF,362598.0198003471
2023,Agri05_Agroforestry,DEG,289897.7983770533
2023,Agri06_Biochar,DE1,0.0
2023,Agri06_Biochar,DE2,0.0
2023,Agri06_Biochar,DE3,0.0
2023,Agri06_Biochar,DE4,0.0
2023,Agri06_Biochar,DE5,0.0
2023,Agri06_Biochar,DE6,0.0
2023,Agri06_Biochar,DE7,0.0
2023,Agri06_Biochar,DE8,0.0
2023,Agri06_Biochar,DE9,0.0
2023,Agri06_Biochar,DEA,0.0
2023,Agri06_Biochar,DEB,0.0
2023,Agri06_Biochar,DEC,0.0
2023,Agri06_Biochar,DEE,0.0
2023,Agri06_Biochar,DED,0.0
2023,Agri06_Biochar,DEF,0.0
2023,Agri06_Biochar,DEG,0.0
2024,Agri01_AGC,DE1,4276770.569520948
2024,Agri01_AGC,DE2,8522980.289022628
2024,Agri01_AGC,DE3,0.0
2024,Agri01_AGC,DE4,1958387.2055271035
2024,Agri01_AGC,DE5,0.0
2024,Agri01_AGC,DE6,0.0
2024,Agri01_AGC,DE7,2122859.111691482
2024,Agri01_AGC,DE8,3863692.502405618
2024,Agri01_AGC,DE9,7148539.734825822
2024,Agri01_AGC,DEA,4430595.217584678
2024,Agri01_AGC,DEB,950101.6414957638
2024,Agri01_AGC,DEC,0.0
2024,Agri01_AGC,DEE,3344972.0272810524
2024,Agri01_AGC,DED,1329898.772391188
2024,Agri01_AGC,DEF,2473573.714061252
2024,Agri01_AGC,DEG,1977564.2042961465
2024,Agri02_OFC,DE1,0.0
2024,Agri02_OFC,DE2,0.0
2024,Agri02_OFC,DE3,0.0
2024,Agri02_OFC,DE4,0.0
2024,Agri02_OFC,DE5,0.0
2024,Agri02_OFC,DE6,0.0
2024,Agri02_OFC,DE7,0.0
2024,Agri02_OFC,DE8,0.0
2024,Agri02_OFC,DE9,0.0
2024,Agri02_OFC,DEA,0.0
2024,Agri02_OFC,DEB,0.0
2024,Agri02_OFC,DEC,0.0
2024,Agri02_OFC,DEE,0.0
2024,Agri02_OFC,DED,0.0
2024,Agri02_OFC,DEF,0.0
2024,Agri02_OFC,DEG,0.0
2024,Agri03_No-till,DE1,0.0
2024,Agri03_No-till,DE2,0.0
2024,Agri03_No-till,DE3,0.0
2024,Agri03_No-till,DE4,0.0
2024,Agri03_No-till,DE5,0.0
2024,Agri03_No-till,DE6,0.0
2024,Agri03_No-till,DE7,0.0
2024,Agri03_No-till,DE8,0.0
2024,Agri03_No-till,DE9,0.0
2024,Agri03_No-till,DEA,0.0
2024,Agri03_No-till,DEB,0.0
2024,Agri03_No-till,DEC,0.0
2024,Agri03_No-till,DEE,0.0
2024,Agri03_No-till,DED,0.0
2024,Agri03_No-till,DEF,0.0
2024,Agri03_No-till,DEG,0.0
2024,Agri04_toGrassland,DE1,72849.4619750749
2024,Agri04_toGrassland,DE2,147727.55844582693
2024,Agri04_toGrassland,DE3,9543.501207342822
2024,Agri04_toGrassland,DE4,64757.61337542993
2024,Agri04_toGrassland,DE5,4749.7422761376665
2024,Agri04_toGrassland,DE6,1086.8812941928084
2024,Agri04_toGrassland,DE7,37057.04183870224
2024,Agri04_toGrassland,DE8,69651.4082126877
2024,Agri04_toGrassland,DE9,123519.19382300365
2024,Agri04_toGrassland,DEA,75590.68223078351
2024,Agri04_toGrassland,DEB,39430.54241270381
2024,Agri04_toGrassland,DEC,9877.960339949514
2024,Agri04_toGrassland,DEE,57184.94464622078
2024,Agri04_toGrassland,DED,44153.46207154385
2024,Agri04_toGrassland,DEF,43618.35032101535
2024,Agri04_toGrassland,DEG,34871.66789691674
2024,Agri05_Agroforestry,DE1,1204712.3419826033
2024,Agri05_Agroforestry,DE2,2058395.0069476636
2024,Agri05_Agroforestry,DE3,19111.97091000753
2024,Agri05_Agroforestry,DE4,1138214.7125241093
2024,Agri05_Agroforestry,DE5,156898.67857055648
2024,Agri05_Agroforestry,DE6,28479.510283514704
2024,Agri05_Agroforestry,DE7,477522.7885356017
2024,Agri05_Agroforestry,DE8,1164074.8364060072
2024,Agri05_Agroforestry,DE9,1778219.6523542001
2024,Agri05_Agroforestry,DEA,1231788.3001651487
2024,Agri05_Agroforestry,DEB,705918.6744122995
2024,Agri05_Agroforestry,DEC,365829.7468020247
2024,Agri05_Agroforestry,DEE,914362.587122455
2024,Agri05_Agroforestry,DED,762235.5052315562
2024,Agri05_Agroforestry,DEF,497422.7251613585
2024,Agri05_Agroforestry,DEG,397702.0923815951
2024,Agri06_Biochar,DE1,0.0
2024,Agri06_Biochar,DE2,0.0
2024,Agri06_Biochar,DE3,0.0
2024,Agri06_Biochar,DE4,0.0
2024,Agri06_Biochar,DE5,0.0
2024,Agri06_Biochar,DE6,0.0
2024,Agri06_Biochar,DE7,0.0
2024,Agri06_Biochar,DE8,0.0
2024,Agri06_Biochar,DE9,0.0
2024,Agri06_Biochar,DEA,0.0
2024,Agri06_Biochar,DEB,0.0
2024,Agri06_Biochar,DEC,0.0
2024,Agri06_Biochar,DEE,0.0
2024,Agri06_Biochar,DED,0.0
2024,Agri06_Biochar,DEF,0.0
2024,Agri06_Biochar,DEG,0.0
2025,Agri01_AGC,DE1,6274268.394561188
2025,Agri01_AGC,DE2,12291268.52587047
2025,Agri01_AGC,DE3,0.0
2025,Agri01_AGC,DE4,3854136.388911979
2025,Agri01_AGC,DE5,0.0
2025,Agri01_AGC,DE6,0.0
2025,Agri01_AGC,DE7,3039624.624718518
2025,Agri01_AGC,DE8,5791195.726398715
2025,Agri01_AGC,DE9,10341258.71383671
2025,Agri01_AGC,DEA,6489853.908741369
2025,Agri01_AGC,DEB,2123213.115355855
2025,Agri01_AGC,DEC,0.0
2025,Agri01_AGC,DEE,4889973.752677636
2025,Agri01_AGC,DED,2612318.2055448047
2025,Agri01_AGC,DEF,3505199.5438271402
2025,Agri01_AGC,DEG,2802339.93901762
2025,Agri02_OFC,DE1,0.0
2025,Agri02_OFC,DE2,0.0
2025,Agri02_OFC,DE3,0.0
2025,Agri02_OFC,DE4,0.0
2025,Agri02_OFC,DE5,0.0
2025,Agri02_OFC,DE6,0.0
2025,Agri02_OFC,DE7,0.0
2025,Agri02_OFC,DE8,0.0
2025,Agri02_OFC,DE9,0.0
2025,Agri02_OFC,DEA,0.0
2025,Agri02_OFC,DEB,0.0
2025,Agri02_OFC,DEC,0.0
2025,Agri02_OFC,DEE,0.0
2025,Agri02_OFC,DED,0.0
2025,Agri02_OFC,DEF,0.0
2025,Agri02_OFC,DEG,0.0
2025,Agri03_No-till,DE1,0.0
2025,Agri03_No-till,DE2,0.0
2025,Agri03_No-till,DE3,0.0
2025,Agri03_No-till,DE4,0.0
2025,Agri03_No-till,DE5,0.0
2025,Agri03_No-till,DE6,0.0
2025,Agri03_No-till,DE7,0.0
2025,Agri03_No-till,DE8,0.0
2025,Agri03_No-till,DE9,0.0
2025,Agri03_No-till,DEA,0.0
2025,Agri03_No-till,DEB,0.0
2025,Agri03_No-till,DEC,0.0
2025,Agri03_No-till,DEE,0.0
2025,Agri03_No-till,DED,0.0
2025,Agri03_No-till,DEF,0.0
2025,Agri03_No-till,DEG,0.0
2025,Agri04_toGrassland,DE1,97127.41475895891
2025,Agri04_toGrassland,DE2,193560.77864309135
2025,Agri04_toGrassland,DE3,15597.474249134335
2025,Agri04_toGrassland,DE4,86933.78706848169
2025,Agri04_toGrassland,DE5,7639.490450464656
2025,Agri04_toGrassland,DE6,1541.9433462253367
2025,Agri04_toGrassland,DE7,48211.10089129453
2025,Agri04_toGrassland,DE8,92971.8212998674
2025,Agri04_toGrassland,DE9,162346.60533195216
2025,Agri04_toGrassland,DEA,100620.84283740507
2025,Agri04_toGrassland,DEB,53047.1952615439
2025,Agri04_toGrassland,DEC,14959.332912372425
2025,Agri04_toGrassland,DEE,75965.84389310224
2025,Agri04_toGrassland,DED,59151.54635933748
2025,Agri04_toGrassland,DEF,56175.98984024922
2025,Agri04_toGrassland,DEG,44911.387122797474
2025,Agri05_Agroforestry,DE1,1766236.4382317236
2025,Agri05_Agroforestry,DE2,2861489.3482241696
2025,Agri05_Agroforestry,DE3,19966.42193362509
2025,Agri05_Agroforestry,DE4,1696109.4035624375
2025,Agri05_Agroforestry,DE5,163913.24745725648
2025,Agri05_Agroforestry,DE6,46024.74076948946
2025,Agri05_Agroforestry,DE7,645101.7272428859
2025,Agri05_Agroforestry,DE8,1711636.8393170831
2025,Agri05_Agroforestry,DE9,2499568.8478129604
2025,Agri05_Agroforestry,DEA,1798511.47232946
2025,Agri05_Agroforestry,DEB,1056844.917653514
2025,Agri05_Agroforestry,DEC,618655.7315339873
2025,Agri05_Agroforestry,DEE,1327826.6512079595
2025,Agri05_Agroforestry,DED,1130554.9728601386
2025,Agri05_Agroforestry,DEF,638258.0332183776
2025,Agri05_Agroforestry,DEG,510319.02529346675
2025,Agri06_Biochar,DE1,0.0
2025,Agri06_Biochar,DE2,0.0
2025,Agri06_Biochar,DE3,0.0
2025,Agri06_Biochar,DE4,0.0
2025,Agri06_Biochar,DE5,0.0
2025,Agri06_Biochar,DE6,0.0
2025,Agri06_Biochar,DE7,0.0
2025,Agri06_Biochar,DE8,0.0
2025,Agri06_Biochar,DE9,0.0
2025,Agri06_Biochar,DEA,0.0
2025,Agri06_Biochar,DEB,0.0
2025,Agri06_Biochar,DEC,0.0
2025,Agri06_Biochar,DEE,0.0
2025,Agri06_Biochar,DED,0.0
2025,Agri06_Biochar,DEF,0.0
2025,Agri06_Biochar,DEG,0.0
2026,Agri01_AGC,DE1,8167177.609445486
2026,Agri01_AGC,DE2,15731771.297307404
2026,Agri01_AGC,DE3,0.0
2026,Agri01_AGC,DE4,5677165.954841187
2026,Agri01_AGC,DE5,0.0
2026,Agri01_AGC,DE6,0.0
2026,Agri01_AGC,DE7,3862487.573144792
2026,Agri01_AGC,DE8,7622386.62436601
2026,Agri01_AGC,DE9,13277096.109395929
2026,Agri01_AGC,DEA,8435096.468008893
2026,Agri01_AGC,DEB,3255916.683880582
2026,Agri01_AGC,DEC,0.0
2026,Agri01_AGC,DEE,6343458.223157666
2026,Agri01_AGC,DED,3840995.0077140564
2026,Agri01_AGC,DEF,4406847.187015441
2026,Agri01_AGC,DEG,3523209.6244484806
2026,Agri02_OFC,DE1,0.0
2026,Agri02_OFC,DE2,0.0
2026,Agri02_OFC,DE3,0.0
2026,Agri02_OFC,DE4,0.0
2026,Agri02_OFC,DE5,0.0
2026,Agri02_OFC,DE6,0.0
2026,Agri02_OFC,DE7,0.0
2026,Agri02_OFC,DE8,0.0
2026,Agri02_OFC,DE9,0.0
2026,Agri02_OFC,DEA,0.0
2026,Agri02_OFC,DEB,0.0
2026,Agri02_OFC,DEC,0.0
2026,Agri02_OFC,DEE,0.0
2026,Agri02_OFC,DED,0.0
2026,Agri02_OFC,DEF,0.0
2026,Agri02_OFC,DEG,0.0
2026,Agri03_No-till,DE1,0.0
2026,Agri03_No-till,DE2,0.0
2026,Agri03_No-till,DE3,0.0
2026,Agri03_No-till,DE4,0.0
2026,Agri03_No-till,DE5,0.0
2026,Agri03_No-till,DE6,0.0
2026,Agri03_No-till,DE7,0.0
2026,Agri03_No-till,DE8,0.0
2026,Agri03_No-till,DE9,0.0
2026,Agri03_No-till,DEA,0.0
2026,Agri03_No-till,DEB,0.0
2026,Agri03_No-till,DEC,0.0
2026,Agri03_No-till,DEE,0.0
2026,Agri03_No-till,DED,0.0
2026,Agri03_No-till,DEF,0.0
2026,Agri03_No-till,DEG,0.0
2026,Agri04_toGrassland,DE1,121335.48163350606
2026,Agri04_toGrassland,DE2,237695.7587224082
2026,Agri04_toGrassland,DE3,22958.259408181417
2026,Agri04_toGrassland,DE4,109320.295052394
2026,Agri04_toGrassland,DE5,11123.173912638507
2026,Agri04_toGrassland,DE6,2038.4832458623412
2026,Agri04_toGrassland,DE7,58782.04352000481
2026,Agri04_toGrassland,DE8,116274.9915006581
2026,Agri04_toGrassland,DE9,199985.32543296227
2026,Agri04_toGrassland,DEA,125504.60073254467
2026,Agri04_toGrassland,DEB,66843.99364001016
2026,Agri04_toGrassland,DEC,20850.729795828804
2026,Agri04_toGrassland,DEE,94565.18005679613
2026,Agri04_toGrassland,DED,74237.06904196742
2026,Agri04_toGrassland,DEF,67785.604332847
2026,Agri04_toGrassland,DEG,54193.29311705251
2026,Agri05_Agroforestry,DE1,2451723.4828182235
2026,Agri05_Agroforestry,DE2,3797797.725501363
2026,Agri05_Agroforestry,DE3,20820.872957242642
2026,Agri05_Agroforestry,DE4,2384881.392781958
2026,Agri05_Agroforestry,DE5,170927.81634395642
2026,Agri05_Agroforestry,DE6,68647.4004223245
2026,Agri05_Agroforestry,DE7,834169.3961322667
2026,Agri05_Agroforestry,DE8,2381483.3872838714
2026,Agri05_Agroforestry,DE9,3349857.8804675587
2026,Agri05_Agroforestry,DEA,2488252.9788308297
2026,Agri05_Agroforestry,DEB,1491414.8299973048
2026,Agri05_Agroforestry,DEC,761604.3874615585
2026,Agri05_Agroforestry,DEE,1828979.6191494493
2026,Agri05_Agroforestry,DED,1583860.845281029
2026,Agri05_Agroforestry,DEF,784522.6959607402
2026,Agri05_Agroforestry,DEG,627284.6720934085
2026,Agri06_Biochar,DE1,0.0
2026,Agri06_Biochar,DE2,0.0
2026,Agri06_Biochar,DE3,0.0
2026,Agri06_Biochar,DE4,0.0
2026,Agri06_Biochar,DE5,0.0
2026,Agri06_Biochar,DE6,0.0
2026,Agri06_Biochar,DE7,0.0
2026,Agri06_Biochar,DE8,0.0
2026,Agri06_Biochar,DE9,0.0
2026,Agri06_Biochar,DEA,0.0
2026,Agri06_Biochar,DEB,0.0
2026,Agri06_Biochar,DEC,0.0
2026,Agri06_Biochar,DEE,0.0
2026,Agri06_Biochar,DED,0.0
2026,Agri06_Biochar,DEF,0.0
2026,Agri06_Biochar,DEG,0.0
2027,Agri01_AGC,DE1,9947500.486416994
2027,Agri01_AGC,DE2,18845250.45810696
2027,Agri01_AGC,DE3,0.0
2027,Agri01_AGC,DE4,7417394.308001283
2027,Agri01_AGC,DE5,0.0
2027,Agri01_AGC,DE6,0.0
2027,Agri01_AGC,DE7,4593353.054929083
2027,Agri01_AGC,DE8,9349077.75274275
2027,Agri01_AGC,DE9,15954166.178115712
2027,Agri01_AGC,DEA,10258830.255288186
2027,Agri01_AGC,DEB,4341505.646453481
2027,Agri01_AGC,DEC,0.0
2027,Agri01_AGC,DEE,7700529.641655694
2027,Agri01_AGC,DED,5009665.887152145
2027,Agri01_AGC,DEF,5183613.5173253305
2027,Agri01_AGC,DEG,4144246.9073340646
2027,Agri02_OFC,DE1,0.0
2027,Agri02_OFC,DE2,0.0
2027,Agri02_OFC,DE3,0.0
2027,Agri02_OFC,DE4,0.0
2027,Agri02_OFC,DE5,0.0
2027,Agri02_OFC,DE6,0.0
2027,Agri02_OFC,DE7,0.0
2027,Agri02_OFC,DE8,0.0
2027,Agri02_OFC,DE9,0.0
2027,Agri02_OFC,DEA,0.0
2027,Agri02_OFC,DEB,0.0
2027,Agri02_OFC,DEC,0.0
2027,Agri02_OFC,DEE,0.0
2027,Agri02_OFC,DED,0.0
2027,Agri02_OFC,DEF,0.0
2027,Agri02_OFC,DEG,0.0
2027,Agri03_No-till,DE1,0.0
2027,Agri03_No-till,DE2,0.0
2027,Agri03_No-till,DE3,0.0
2027,Agri03_No-till,DE4,0.0
2027,Agri03_No-till,DE5,0.0
2027,Agri03_No-till,DE6,0.0
2027,Agri03_No-till,DE7,0.0
2027,Agri03_No-till,DE8,0.0
2027,Agri03_No-till,DE9,0.0
2027,Agri03_No-till,DEA,0.0
2027,Agri03_No-till,DEB,0.0
2027,Agri03_No-till,DEC,0.0
2027,Agri03_No-till,DEE,0.0
2027,Agri03_No-till,DED,0.0
2027,Agri03_No-till,DEF,0.0
2027,Agri03_No-till,DEG,0.0
2027,Agri04_toGrassland,DE1,145433.2914154566
2027,Agri04_toGrassland,DE2,280136.34439841245
2027,Agri04_toGrassland,DE3,31548.102163034244
2027,Agri04_toGrassland,DE4,131866.2471313107
2027,Agri04_toGrassland,DE5,15165.203610683013
2027,Agri04_toGrassland,DE6,2573.5572154760303
2027,Agri04_toGrassland,DE7,68779.48633859641
2027,Agri04_toGrassland,DE8,139519.58997834133
2027,Agri04_toGrassland,DE9,236425.8352108868
2027,Agri04_toGrassland,DEA,150204.134330405
2027,Agri04_toGrassland,DEB,80787.0832524967
2027,Agri04_toGrassland,DEC,27501.54983920681
2027,Agri04_toGrassland,DEE,112958.23997794757
2027,Agri04_toGrassland,DED,89378.41407715177
2027,Agri04_toGrassland,DEF,78472.92195915846
2027,Agri04_toGrassland,DEG,62737.94896263391
2027,Agri05_Agroforestry,DE1,3271085.7477600994
2027,Agri05_Agroforestry,DE2,4876228.038871673
2027,Agri05_Agroforestry,DE3,21675.3239808602
2027,Agri05_Agroforestry,DE4,3215301.126691809
2027,Agri05_Agroforestry,DE5,177942.38523065642
2027,Agri05_Agroforestry,DE6,96801.13324243078
2027,Agri05_Agroforestry,DE7,1045830.5119801167
2027,Agri05_Agroforestry,DE8,3183448.094072315
2027,Agri05_Agroforestry,DE9,4338197.812441873
2027,Agri05_Agroforestry,DEA,3310766.7674131836
2027,Agri05_Agroforestry,DEB,2016560.931067333
2027,Agri05_Agroforestry,DEC,792859.2560635873
2027,Agri05_Agroforestry,DEE,2424691.2594139394
2027,Agri05_Agroforestry,DED,2129094.206626243
2027,Agri05_Agroforestry,DEF,935635.4653777826
2027,Agri05_Agroforestry,DEG,748135.1077621615
2027,Agri06_Biochar,DE1,0.0
2027,Agri06_Biochar,DE2,0.0
2027,Agri06_Biochar,DE3,0.0
2027,Agri06_Biochar,DE4,0.0
2027,Agri06_Biochar,DE5,0.0
2027,Agri06_Biochar,DE6,0.0
2027,Agri06_Biochar,DE7,0.0
2027,Agri06_Biochar,DE8,0.0
2027,Agri06_Biochar,DE9,0.0
2027,Agri06_Biochar,DEA,0.0
2027,Agri06_Biochar,DEB,0.0
2027,Agri06_Biochar,DEC,0.0
2027,Agri06_Biochar,DEE,0.0
2027,Agri06_Biochar,DED,0.0
2027,Agri06_Biochar,DEF,0.0
2027,Agri06_Biochar,DEG,0.0
2028,Agri01_AGC,DE1,11607239.297718877
2028,Agri01_AGC,DE2,21632467.863042697
2028,Agri01_AGC,DE3,0.0
2028,Agri01_AGC,DE4,9064739.853078827
2028,Agri01_AGC,DE5,0.0
2028,Agri01_AGC,DE6,48442.74816562898
2028,Agri01_AGC,DE7,5234126.168030173
2028,Agri01_AGC,DE8,10963081.667964201
2028,Agri01_AGC,DE9,18370583.17660832
2028,Agri01_AGC,DEA,11953562.6304802
2028,Agri01_AGC,DEB,5373273.302458092
2028,Agri01_AGC,DEC,0.0
2028,Agri01_AGC,DEE,8956292.211106278
2028,Agri01_AGC,DED,6112067.552112277
2028,Agri01_AGC,DEF,5840595.4084559865
2028,Agri01_AGC,DEG,4669525.434419713
2028,Agri02_OFC,DE1,0.0
2028,Agri02_OFC,DE2,0.0
2028,Agri02_OFC,DE3,0.0
2028,Agri02_OFC,DE4,0.0
2028,Agri02_OFC,DE5,0.0
2028,Agri02_OFC,DE6,0.0
2028,Agri02_OFC,DE7,0.0
2028,Agri02_OFC,DE8,0.0
2028,Agri02_OFC,DE9,0.0
2028,Agri02_OFC,DEA,0.0
2028,Agri02_OFC,DEB,0.0
2028,Agri02_OFC,DEC,0.0
2028,Agri02_OFC,DEE,0.0
2028,Agri02_OFC,DED,0.0
2028,Agri02_OFC,DEF,0.0
2028,Agri02_OFC,DEG,0.0
2028,Agri03_No-till,DE1,0.0
2028,Agri03_No-till,DE2,0.0
2028,Agri03_No-till,DE3,0.0
2028,Agri03_No-till,DE4,0.0
2028,Agri03_No-till,DE5,0.0
2028,Agri03_No-till,DE6,0.0
2028,Agri03_No-till,DE7,0.0
2028,Agri03_No-till,DE8,0.0
2028,Agri03_No-till,DE9,0.0
2028,Agri03_No-till,DEA,0.0
2028,Agri03_No-till,DEB,0.0
2028,Agri03_No-till,DEC,0.0
2028,Agri03_No-till,DEE,0.0
2028,Agri03_No-till,DED,0.0
2028,Agri03_No-till,DEF,0.0
2028,Agri03_No-till,DEG,0.0
2028,Agri04_toGrassland,DE1,169380.47292155065
2028,Agri04_toGrassland,DE2,320886.38138573884
2028,Agri04_toGrassland,DE3,41289.247992242985
2028,Agri04_toGrassland,DE4,154520.75310937557
2028,Agri04_toGrassland,DE5,19729.99049262196
2028,Agri04_toGrassland,DE6,3144.221477438613
2028,Agri04_toGrassland,DE7,78213.04596083265
2028,Agri04_toGrassland,DE8,162664.28789619857
2028,Agri04_toGrassland,DE9,271658.6157505786
2028,Agri04_toGrassland,DEA,174681.62204518885
2028,Agri04_toGrassland,DEB,94842.60980339754
2028,Agri04_toGrassland,DEC,34861.191891394614
2028,Agri04_toGrassland,DEE,131120.31049720163
2028,Agri04_toGrassland,DED,104543.96542260858
2028,Agri04_toGrassland,DEF,88263.67087953333
2028,Agri04_toGrassland,DEG,70565.91774249371
2028,Agri05_Agroforestry,DE1,4234235.505075347
2028,Agri05_Agroforestry,DE2,6105688.188427523
2028,Agri05_Agroforestry,DE3,22529.775004477757
2028,Agri05_Agroforestry,DE4,4198139.0518011255
2028,Agri05_Agroforestry,DE5,184956.95411735642
2028,Agri05_Agroforestry,DE6,130939.58323021921
2028,Agri05_Agroforestry,DE7,1281189.791562807
2028,Agri05_Agroforestry,DE8,4127364.573448354
2028,Agri05_Agroforestry,DE9,5473699.70585978
2028,Agri05_Agroforestry,DEA,4275806.785820444
2028,Agri05_Agroforestry,DEB,2639215.740487259
2028,Agri05_Agroforestry,DEC,824114.1246656158
2028,Agri05_Agroforestry,DEE,3121831.3404684444
2028,Agri05_Agroforestry,DED,2773196.1410277965
2028,Agri05_Agroforestry,DEF,1091015.0934588402
2028,Agri05_Agroforestry,DEG,872406.4072804659
2028,Agri06_Biochar,DE1,0.0
2028,Agri06_Biochar,DE2,0.0
2028,Agri06_Biochar,DE3,0.0
2028,Agri06_Biochar,DE4,0.0
2028,Agri06_Biochar,DE5,0.0
2028,Agri06_Biochar,DE6,0.0
2028,Agri06_Biochar,DE7,0.0
2028,Agri06_Biochar,DE8,0.0
2028,Agri06_Biochar,DE9,0.0
2028,Agri06_Biochar,DEA,0.0
2028,Agri06_Biochar,DEB,0.0
2028,Agri06_Biochar,DEC,0.0
2028,Agri06_Biochar,DEE,0.0
2028,Agri06_Biochar,DED,0.0
2028,Agri06_Biochar,DEF,0.0
2028,Agri06_Biochar,DEG,0.0
2029,Agri01_AGC,DE1,13138396.31559429
2029,Agri01_AGC,DE2,24094185.36688815
2029,Agri01_AGC,DE3,0.0
2029,Agri01_AGC,DE4,10609120.99476038
2029,Agri01_AGC,DE5,0.0
2029,Agri01_AGC,DE6,96736.0867356903
2029,Agri01_AGC,DE7,5786712.010406841
2029,Agri01_AGC,DE8,12456210.926465614
2029,Agri01_AGC,DE9,20524461.361486003
2029,Agri01_AGC,DEA,13511800.95348588
2029,Agri01_AGC,DEB,6344512.951277951
2029,Agri01_AGC,DEC,0.0
2029,Agri01_AGC,DEE,10105850.134443972
2029,Agri01_AGC,DED,7141936.710847654
2029,Agri01_AGC,DEF,6382889.734106585
2029,Agri01_AGC,DEG,5103118.852450764
2029,Agri02_OFC,DE1,0.0
2029,Agri02_OFC,DE2,0.0
2029,Agri02_OFC,DE3,0.0
2029,Agri02_OFC,DE4,0.0
2029,Agri02_OFC,DE5,0.0
2029,Agri02_OFC,DE6,0.0
2029,Agri02_OFC,DE7,0.0
2029,Agri02_OFC,DE8,0.0
2029,Agri02_OFC,DE9,0.0
2029,Agri02_OFC,DEA,0.0
2029,Agri02_OFC,DEB,0.0
2029,Agri02_OFC,DEC,0.0
2029,Agri02_OFC,DEE,0.0
2029,Agri02_OFC,DED,0.0
2029,Agri02_OFC,DEF,0.0
2029,Agri02_OFC,DEG,0.0
2029,Agri03_No-till,DE1,0.0
2029,Agri03_No-till,DE2,0.0
2029,Agri03_No-till,DE3,0.0
2029,Agri03_No-till,DE4,0.0
2029,Agri03_No-till,DE5,0.0
2029,Agri03_No-till,DE6,0.0
2029,Agri03_No-till,DE7,0.0
2029,Agri03_No-till,DE8,0.0
2029,Agri03_No-till,DE9,0.0
2029,Agri03_No-till,DEA,0.0
2029,Agri03_No-till,DEB,0.0
2029,Agri03_No-till,DEC,0.0
2029,Agri03_No-till,DEE,0.0
2029,Agri03_No-till,DED,0.0
2029,Agri03_No-till,DEF,0.0
2029,Agri03_No-till,DEG,0.0
2029,Agri04_toGrassland,DE1,193136.6549685285
2029,Agri04_toGrassland,DE2,359949.7153990224
2029,Agri04_toGrassland,DE3,52103.942374357815
2029,Agri04_toGrassland,DE4,177232.92279073244
2029,Agri04_toGrassland,DE5,24781.945506479136
2029,Agri04_toGrassland,DE6,3747.5322541222977
2029,Agri04_toGrassland,DE7,87092.33900047687
2029,Agri04_toGrassland,DE8,185667.75641751132
2029,Agri04_toGrassland,DE9,305674.1481368904
2029,Agri04_toGrassland,DEA,198899.24229109887
2029,Agri04_toGrassland,DEB,108976.71899710681
2029,Agri04_toGrassland,DEC,42879.05480128036
2029,Agri04_toGrassland,DEE,149026.67845520348
2029,Agri04_toGrassland,DED,119702.10703605601
2029,Agri04_toGrassland,DEF,97183.57925432135
2029,Agri04_toGrassland,DEG,77697.76253958396
2029,Agri05_Agroforestry,DE1,5351085.026781963
2029,Agri05_Agroforestry,DE2,7495086.074261343
2029,Agri05_Agroforestry,DE3,23384.226028095316
2029,Agri05_Agroforestry,DE4,5344165.6146190455
2029,Agri05_Agroforestry,DE5,191971.52300405642
2029,Agri05_Agroforestry,DE6,155404.87084189348
2029,Agri05_Agroforestry,DE7,1541351.9516567104
2029,Agri05_Agroforestry,DE8,5223066.439177931
2029,Agri05_Agroforestry,DE9,6765474.622845159
2029,Agri05_Agroforestry,DEA,5393126.981796539
2029,Agri05_Agroforestry,DEB,3366311.7778807427
2029,Agri05_Agroforestry,DEC,855368.9932676447
2029,Agri05_Agroforestry,DEE,3927269.63077998
2029,Agri05_Agroforestry,DED,3523107.732617705
2029,Agri05_Agroforestry,DEF,1250080.3321932496
2029,Agri05_Agroforestry,DEG,999634.6456290627
2029,Agri06_Biochar,DE1,0.0
2029,Agri06_Biochar,DE2,0.0
2029,Agri06_Biochar,DE3,0.0
2029,Agri06_Biochar,DE4,0.0
2029,Agri06_Biochar,DE5,0.0
2029,Agri06_Biochar,DE6,0.0
2029,Agri06_Biochar,DE7,0.0
2029,Agri06_Biochar,DE8,0.0
2029,Agri06_Biochar,DE9,0.0
2029,Agri06_Biochar,DEA,0.0
2029,Agri06_Biochar,DEB,0.0
2029,Agri06_Biochar,DEC,0.0
2029,Agri06_Biochar,DEE,0.0
2029,Agri06_Biochar,DED,0.0
2029,Agri06_Biochar,DEF,0.0
2029,Agri06_Biochar,DEG,0.0
2030,Agri01_AGC,DE1,14532973.812286392
2030,Agri01_AGC,DE2,26231164.824416872
2030,Agri01_AGC,DE3,0.0
2030,Agri01_AGC,DE4,12040456.137732495
2030,Agri01_AGC,DE5,0.0
2030,Agri01_AGC,DE6,144296.83904448542
2030,Agri01_AGC,DE7,6253015.680017865
2030,Agri01_AGC,DE8,13820278.084682243
2030,Agri01_AGC,DE9,22413914.989361007
2030,Agri01_AGC,DEA,14926052.58420617
2030,Agri01_AGC,DEB,7248517.892296596
2030,Agri01_AGC,DEC,698577.1771863226
2030,Agri01_AGC,DEE,11144307.614603331
2030,Agri01_AGC,DED,8093010.071611483
2030,Agri01_AGC,DEF,6815593.367976305
2030,Agri01_AGC,DEG,5449100.808172557
2030,Agri02_OFC,DE1,0.0
2030,Agri02_OFC,DE2,0.0
2030,Agri02_OFC,DE3,0.0
2030,Agri02_OFC,DE4,0.0
2030,Agri02_OFC,DE5,0.0
2030,Agri02_OFC,DE6,0.0
2030,Agri02_OFC,DE7,0.0
2030,Agri02_OFC,DE8,0.0
2030,Agri02_OFC,DE9,0.0
2030,Agri02_OFC,DEA,0.0
2030,Agri02_OFC,DEB,0.0
2030,Agri02_OFC,DEC,0.0
2030,Agri02_OFC,DEE,0.0
2030,Agri02_OFC,DED,0.0
2030,Agri02_OFC,DEF,0.0
2030,Agri02_OFC,DEG,0.0
2030,Agri03_No-till,DE1,0.0
2030,Agri03_No-till,DE2,0.0
2030,Agri03_No-till,DE3,0.0
2030,Agri03_No-till,DE4,0.0
2030,Agri03_No-till,DE5,0.0
2030,Agri03_No-till,DE6,0.0
2030,Agri03_No-till,DE7,0.0
2030,Agri03_No-till,DE8,0.0
2030,Agri03_No-till,DE9,0.0
2030,Agri03_No-till,DEA,0.0
2030,Agri03_No-till,DEB,0.0
2030,Agri03_No-till,DEC,0.0
2030,Agri03_No-till,DEE,0.0
2030,Agri03_No-till,DED,0.0
2030,Agri03_No-till,DEF,0.0
2030,Agri03_No-till,DEG,0.0
2030,Agri04_toGrassland,DE1,216661.4663731303
2030,Agri04_toGrassland,DE2,397330.1921528979
2030,Agri04_toGrassland,DE3,63914.43078792891
2030,Agri04_toGrassland,DE4,199951.86597952514
2030,Agri04_toGrassland,DE5,30285.479600278337
2030,Agri04_toGrassland,DE6,4380.545767899293
2030,Agri04_toGrassland,DE7,95426.98207129243
2030,Agri04_toGrassland,DE8,208488.66670556107
2030,Agri04_toGrassland,DE9,338462.913454675
2030,Agri04_toGrassland,DEA,222819.1734823378
2030,Agri04_toGrassland,DEB,123155.55653801856
2030,Agri04_toGrassland,DEC,51504.53741775223
2030,Agri04_toGrassland,DEE,166652.63069259815
2030,Agri04_toGrassland,DED,134821.22287521212
2030,Agri04_toGrassland,DEF,105258.37524387226
2030,Agri04_toGrassland,DEG,84154.04643685669
2030,Agri05_Agroforestry,DE1,6631546.584897942
2030,Agri05_Agroforestry,DE2,9053329.596465556
2030,Agri05_Agroforestry,DE3,24238.67705171287
2030,Agri05_Agroforestry,DE4,6664151.261654702
2030,Agri05_Agroforestry,DE5,198986.09189075642
2030,Agri05_Agroforestry,DE6,161083.30769956292
2030,Agri05_Agroforestry,DE7,1827421.7090381973
2030,Agri05_Agroforestry,DE8,6480387.305026988
2030,Agri05_Agroforestry,DE9,8222633.625521882
2030,Agri05_Agroforestry,DEA,6672481.303085389
2030,Agri05_Agroforestry,DEB,4204781.562871444
2030,Agri05_Agroforestry,DEC,886623.8618696734
2030,Agri05_Agroforestry,DEE,4398565.767073759
2030,Agri05_Agroforestry,DED,4385770.065527983
2030,Agri05_Agroforestry,DEF,1412249.9335703459
2030,Agri05_Agroforestry,DEG,1129355.897788692
2030,Agri06_Biochar,DE1,0.0
2030,Agri06_Biochar,DE2,0.0
2030,Agri06_Biochar,DE3,0.0
2030,Agri06_Biochar,DE4,0.0
2030,Agri06_Biochar,DE5,0.0
2030,Agri06_Biochar,DE6,0.0
2030,Agri06_Biochar,DE7,0.0
2030,Agri06_Biochar,DE8,0.0
2030,Agri06_Biochar,DE9,0.0
2030,Agri06_Biochar,DEA,0.0
2030,Agri06_Biochar,DEB,0.0
2030,Agri06_Biochar,DEC,0.0
2030,Agri06_Biochar,DEE,0.0
2030,Agri06_Biochar,DED,0.0
2030,Agri06_Biochar,DEF,0.0
2030,Agri06_Biochar,DEG,0.0
2031,Agri01_AGC,DE1,15782974.060038341
2031,Agri01_AGC,DE2,28044168.090402402
2031,Agri01_AGC,DE3,68881.12377090323
2031,Agri01_AGC,DE4,13348663.686681733
2031,Agri01_AGC,DE5,221459.6287650516
2031,Agri01_AGC,DE6,190541.8284263158
2031,Agri01_AGC,DE7,6634942.27482203
2031,Agri01_AGC,DE8,15047095.699049346
2031,Agri01_AGC,DE9,24037058.316845585
2031,Agri01_AGC,DEA,16188824.882542016
2031,Agri01_AGC,DEB,8078581.424897566
2031,Agri01_AGC,DEC,1393764.272965515
2031,Agri01_AGC,DEE,12066768.85451891
2031,Agri01_AGC,DED,8959024.342656966
2031,Agri01_AGC,DEF,7143803.183764321
2031,Agri01_AGC,DEG,5711544.948330428
2031,Agri02_OFC,DE1,1344617.9845893118
2031,Agri02_OFC,DE2,2123077.3183307475
2031,Agri02_OFC,DE3,686466.6911685475
2031,Agri02_OFC,DE4,1300918.822839578
2031,Agri02_OFC,DE5,319756.83051255124
2031,Agri02_OFC,DE6,36550.0837291216
2031,Agri02_OFC,DE7,471639.4617815595
2031,Agri02_OFC,DE8,1304814.61407609
2031,Agri02_OFC,DE9,1864843.2803057767
2031,Agri02_OFC,DEA,1366561.4200574714
2031,Agri02_OFC,DEB,812315.8624977652
2031,Agri02_OFC,DEC,500115.5552125763
2031,Agri02_OFC,DEE,1006355.7732521902
2031,Agri02_OFC,DED,865295.2750649353
2031,Agri02_OFC,DEF,453678.0890100534
2031,Agri02_OFC,DEG,362744.46631878545
2031,Agri03_No-till,DE1,0.0
2031,Agri03_No-till,DE2,0.0
2031,Agri03_No-till,DE3,0.0
2031,Agri03_No-till,DE4,0.0
2031,Agri03_No-till,DE5,0.0
2031,Agri03_No-till,DE6,0.0
2031,Agri03_No-till,DE7,0.0
2031,Agri03_No-till,DE8,0.0
2031,Agri03_No-till,DE9,0.0
2031,Agri03_No-till,DEA,0.0
2031,Agri03_No-till,DEB,0.0
2031,Agri03_No-till,DEC,0.0
2031,Agri03_No-till,DEE,0.0
2031,Agri03_No-till,DED,0.0
2031,Agri03_No-till,DEF,0.0
2031,Agri03_No-till,DEG,0.0
2031,Agri04_toGrassland,DE1,239914.5359520962
2031,Agri04_toGrassland,DE2,433031.65736200014
2031,Agri04_toGrassland,DE3,76642.95871150642
2031,Agri04_toGrassland,DE4,222626.69247989744
2031,Agri04_toGrassland,DE5,36205.00372204333
2031,Agri04_toGrassland,DE6,5040.318241141806
2031,Agri04_toGrassland,DE7,103226.59178704259
2031,Agri04_toGrassland,DE8,231085.68992362925
2031,Agri04_toGrassland,DE9,370015.3927887852
2031,Agri04_toGrassland,DEA,246403.59403310833
2031,Agri04_toGrassland,DEB,137345.26813052685
2031,Agri04_toGrassland,DEC,60687.03858969837
2031,Agri04_toGrassland,DEE,183973.45405003076
2031,Agri04_toGrassland,DED,149869.69689779493
2031,Agri04_toGrassland,DEF,112513.78700853579
2031,Agri04_toGrassland,DEG,89955.33251726393
2031,Agri05_Agroforestry,DE1,8085532.451441281
2031,Agri05_Agroforestry,DE2,10789326.655132588
2031,Agri05_Agroforestry,DE3,25093.128075330427
2031,Agri05_Agroforestry,DE4,8168866.439417235
2031,Agri05_Agroforestry,DE5,206000.6607774564
2031,Agri05_Agroforestry,DE6,166761.7445572324
2031,Agri05_Agroforestry,DE7,2140503.7804836403
2031,Agri05_Agroforestry,DE8,7909160.784761465
2031,Agri05_Agroforestry,DE9,9854287.776013829
2031,Agri05_Agroforestry,DEA,8123623.697430919
2031,Agri05_Agroforestry,DEB,5161557.615083024
2031,Agri05_Agroforestry,DEC,917878.730471702
2031,Agri05_Agroforestry,DEE,4553622.044035859
2031,Agri05_Agroforestry,DED,5073076.999654744
2031,Agri05_Agroforestry,DEF,1576942.6495794654
2031,Agri05_Agroforestry,DEG,1261106.238740095
2031,Agri06_Biochar,DE1,0.0
2031,Agri06_Biochar,DE2,0.0
2031,Agri06_Biochar,DE3,0.0
2031,Agri06_Biochar,DE4,0.0
2031,Agri06_Biochar,DE5,0.0
2031,Agri06_Biochar,DE6,0.0
2031,Agri06_Biochar,DE7,0.0
2031,Agri06_Biochar,DE8,0.0
2031,Agri06_Biochar,DE9,0.0
2031,Agri06_Biochar,DEA,0.0
2031,Agri06_Biochar,DEB,0.0
2031,Agri06_Biochar,DEC,0.0
2031,Agri06_Biochar,DEE,0.0
2031,Agri06_Biochar,DED,0.0
2031,Agri06_Biochar,DEF,0.0
2031,Agri06_Biochar,DEG,0.0
2032,Agri01_AGC,DE1,16880399.3310933
2032,Agri01_AGC,DE2,29533957.01961829
2032,Agri01_AGC,DE3,65338.0241460767
2032,Agri01_AGC,DE4,14523662.046294654
2032,Agri01_AGC,DE5,210068.2128787282
2032,Agri01_AGC,DE6,234887.87821548304
2032,Agri01_AGC,DE7,6934396.892778115
2032,Agri01_AGC,DE8,16128476.32600218
2032,Agri01_AGC,DE9,25392005.600551993
2032,Agri01_AGC,DEA,17292625.20839436
2032,Agri01_AGC,DEB,8827996.8484644
2032,Agri01_AGC,DEC,1773986.131478818
2032,Agri01_AGC,DEE,12868338.057125269
2032,Agri01_AGC,DED,9733716.232237311
2032,Agri01_AGC,DEF,7372616.055169813
2032,Agri01_AGC,DEG,5894524.91966972
2032,Agri02_OFC,DE1,2582834.8806096395
2032,Agri02_OFC,DE2,4021755.2245340496
2032,Agri02_OFC,DE3,1366294.408377528
2032,Agri02_OFC,DE4,2508766.563967033
2032,Agri02_OFC,DE5,635896.3070655492
2032,Agri02_OFC,DE6,71748.57938918573
2032,Agri02_OFC,DE7,886117.4050681513
2032,Agri02_OFC,DE8,2508174.0936664045
2032,Agri02_OFC,DE9,3543342.670996876
2032,Agri02_OFC,DEA,2622308.1677893745
2032,Agri02_OFC,DEB,1568250.1369885432
2032,Agri02_OFC,DEC,990349.652777748
2032,Agri02_OFC,DEE,1928486.5913195885
2032,Agri02_OFC,DED,1666821.7204817429
2032,Agri02_OFC,DEF,838622.1743954874
2032,Agri02_OFC,DEG,670538.5841990185
2032,Agri03_No-till,DE1,0.0
2032,Agri03_No-till,DE2,0.0
2032,Agri03_No-till,DE3,0.0
2032,Agri03_No-till,DE4,0.0
2032,Agri03_No-till,DE5,0.0
2032,Agri03_No-till,DE6,0.0
2032,Agri03_No-till,DE7,0.0
2032,Agri03_No-till,DE8,0.0
2032,Agri03_No-till,DE9,0.0
2032,Agri03_No-till,DEA,0.0
2032,Agri03_No-till,DEB,0.0
2032,Agri03_No-till,DEC,0.0
2032,Agri03_No-till,DEE,0.0
2032,Agri03_No-till,DED,0.0
2032,Agri03_No-till,DEF,0.0
2032,Agri03_No-till,DEG,0.0
2032,Agri04_toGrassland,DE1,262855.49252216646
2032,Agri04_toGrassland,DE2,467057.9567409641
2032,Agri04_toGrassland,DE3,90211.77162364055
2032,Agri04_toGrassland,DE4,245206.51209599315
2032,Agri04_toGrassland,DE5,42504.92881979793
2032,Agri04_toGrassland,DE6,5723.905896222046
2032,Agri04_toGrassland,DE7,110500.78476149074
2032,Agri04_toGrassland,DE8,253417.49723499746
2032,Agri04_toGrassland,DE9,400322.06722407386
2032,Agri04_toGrassland,DEA,269614.6823576132
2032,Agri04_toGrassland,DEB,151511.99947902575
2032,Agri04_toGrassland,DEC,70375.95716600695
2032,Agri04_toGrassland,DEE,200964.43536814646
2032,Agri04_toGrassland,DED,164815.91306152262
2032,Agri04_toGrassland,DEF,118975.5427086617
2032,Agri04_toGrassland,DEG,95122.18386375777
2032,Agri05_Agroforestry,DE1,9722954.898429973
2032,Agri05_Agroforestry,DE2,12711985.150354866
2032,Agri05_Agroforestry,DE3,25947.579098947986
2032,Agri05_Agroforestry,DE4,9395702.784140857
2032,Agri05_Agroforestry,DE5,213015.22966415636
2032,Agri05_Agroforestry,DE6,172440.18141490183
2032,Agri05_Agroforestry,DE7,2481702.882769411
2032,Agri05_Agroforestry,DE8,8948694.978486158
2032,Agri05_Agroforestry,DE9,11669548.136444878
2032,Agri05_Agroforestry,DEA,9756308.112577055
2032,Agri05_Agroforestry,DEB,6243572.454139143
2032,Agri05_Agroforestry,DEC,949133.5990737306
2032,Agri05_Agroforestry,DEE,4708678.320997961
2032,Agri05_Agroforestry,DED,5245821.339150114
2032,Agri05_Agroforestry,DEF,1743577.232209944
2032,Agri05_Agroforestry,DEG,1394421.7434640117
2032,Agri06_Biochar,DE1,0.0
2032,Agri06_Biochar,DE2,0.0
2032,Agri06_Biochar,DE3,0.0
2032,Agri06_Biochar,DE4,0.0
2032,Agri06_Biochar,DE5,0.0
2032,Agri06_Biochar,DE6,0.0
2032,Agri06_Biochar,DE7,0.0
2032,Agri06_Biochar,DE8,0.0
2032,Agri06_Biochar,DE9,0.0
2032,Agri06_Biochar,DEA,0.0
2032,Agri06_Biochar,DEB,0.0
2032,Agri06_Biochar,DEC,0.0
2032,Agri06_Biochar,DEE,0.0
2032,Agri06_Biochar,DED,0.0
2032,Agri06_Biochar,DEF,0.0
2032,Agri06_Biochar,DEG,0.0
2033,Agri01_AGC,DE1,17817251.89769442
2033,Agri01_AGC,DE2,30701293.46683809
2033,Agri01_AGC,DE3,61794.92452125018
2033,Agri01_AGC,DE4,15555369.621257817
2033,Agri01_AGC,DE5,198676.7969924048
2033,Agri01_AGC,DE6,276751.8117462885
2033,Agri01_AGC,DE7,7153284.631844901
2033,Agri01_AGC,DE8,17056232.521976
2033,Agri01_AGC,DE9,26476871.097092476
2033,Agri01_AGC,DEA,18229960.921664156
2033,Agri01_AGC,DEB,9490057.462380633
2033,Agri01_AGC,DEC,1677787.7894102281
2033,Agri01_AGC,DEE,13544119.425356954
2033,Agri01_AGC,DED,10410822.448605718
2033,Agri01_AGC,DEF,7507128.855891958
2033,Agri01_AGC,DEG,6002114.36893577
2033,Agri02_OFC,DE1,3709097.0059662503
2033,Agri02_OFC,DE2,5696562.756274511
2033,Agri02_OFC,DE3,2028786.8118446416
2033,Agri02_OFC,DE4,3616542.488038416
2033,Agri02_OFC,DE5,943522.6038553056
2033,Agri02_OFC,DE6,105190.52473281093
2033,Agri02_OFC,DE7,1244756.7441604452
2033,Agri02_OFC,DE8,3604393.016597344
2033,Agri02_OFC,DE9,5034188.697731809
2033,Agri02_OFC,DEA,3762037.2977560125
2033,Agri02_OFC,DEB,2263145.6402997114
2033,Agri02_OFC,DEC,1463741.319936947
2033,Agri02_OFC,DEE,2762992.7760275346
2033,Agri02_OFC,DED,2400230.0595201026
2033,Agri02_OFC,DEF,1158371.56345243
2033,Agri02_OFC,DEG,926211.1244713268
2033,Agri03_No-till,DE1,0.0
2033,Agri03_No-till,DE2,0.0
2033,Agri03_No-till,DE3,0.0
2033,Agri03_No-till,DE4,0.0
2033,Agri03_No-till,DE5,0.0
2033,Agri03_No-till,DE6,0.0
2033,Agri03_No-till,DE7,0.0
2033,Agri03_No-till,DE8,0.0
2033,Agri03_No-till,DE9,0.0
2033,Agri03_No-till,DEA,0.0
2033,Agri03_No-till,DEB,0.0
2033,Agri03_No-till,DEC,0.0
2033,Agri03_No-till,DEE,0.0
2033,Agri03_No-till,DED,0.0
2033,Agri03_No-till,DEF,0.0
2033,Agri03_No-till,DEG,0.0
2033,Agri04_toGrassland,DE1,285443.96490008116
2033,Agri04_toGrassland,DE2,499412.9360044246
2033,Agri04_toGrassland,DE3,104543.11500288144
2033,Agri04_toGrassland,DE4,267640.4346319561
2033,Agri04_toGrassland,DE5,49149.66584156592
2033,Agri04_toGrassland,DE6,6428.364955512221
2033,Agri04_toGrassland,DE7,117259.17760840016
2033,Agri04_toGrassland,DE8,275442.75980294705
2033,Agri04_toGrassland,DE9,429373.4178453937
2033,Agri04_toGrassland,DEA,292414.6168700551
2033,Agri04_toGrassland,DEB,165621.89628790933
2033,Agri04_toGrassland,DEC,80520.69199556611
2033,Agri04_toGrassland,DEE,217600.86148759027
2033,Agri04_toGrassland,DED,179628.2553241132
2033,Agri04_toGrassland,DEF,124669.3705045997
2033,Agri04_toGrassland,DEG,99675.1635592902
2033,Agri05_Agroforestry,DE1,11553726.197882019
2033,Agri05_Agroforestry,DE2,14830212.982224818
2033,Agri05_Agroforestry,DE3,26802.030122565542
2033,Agri05_Agroforestry,DE4,9705102.278825931
2033,Agri05_Agroforestry,DE5,220029.79855085633
2033,Agri05_Agroforestry,DE6,178118.6182725713
2033,Agri05_Agroforestry,DE7,2852123.7326718806
2033,Agri05_Agroforestry,DE8,9243374.553611485
2033,Agri05_Agroforestry,DE9,13677525.768938905
2033,Agri05_Agroforestry,DEA,11580288.496267721
2033,Agri05_Agroforestry,DEB,7037516.305594867
2033,Agri05_Agroforestry,DEC,980388.4676757592
2033,Agri05_Agroforestry,DEE,4863734.597960061
2033,Agri05_Agroforestry,DED,5418565.678645484
2033,Agri05_Agroforestry,DEF,1911572.4334511177
2033,Agri05_Agroforestry,DEG,1528838.486941183
2033,Agri06_Biochar,DE1,0.0
2033,Agri06_Biochar,DE2,0.0
2033,Agri06_Biochar,DE3,0.0
2033,Agri06_Biochar,DE4,0.0
2033,Agri06_Biochar,DE5,0.0
2033,Agri06_Biochar,DE6,0.0
2033,Agri06_Biochar,DE7,0.0
2033,Agri06_Biochar,DE8,0.0
2033,Agri06_Biochar,DE9,0.0
2033,Agri06_Biochar,DEA,0.0
2033,Agri06_Biochar,DEB,0.0
2033,Agri06_Biochar,DEC,0.0
2033,Agri06_Biochar,DEE,0.0
2033,Agri06_Biochar,DED,0.0
2033,Agri06_Biochar,DEF,0.0
2033,Agri06_Biochar,DEG,0.0
2034,Agri01_AGC,DE1,18585534.032084864
2034,Agri01_AGC,DE2,31546939.28683533
2034,Agri01_AGC,DE3,58251.82489642364
2034,Agri01_AGC,DE4,16433704.816257777
2034,Agri01_AGC,DE5,187285.38110608136
2034,Agri01_AGC,DE6,307623.971761298
2034,Agri01_AGC,DE7,7293510.589981164
2034,Agri01_AGC,DE8,17822176.843406063
2034,Agri01_AGC,DE9,27289769.063079286
2034,Agri01_AGC,DEA,18993339.382252336
2034,Agri01_AGC,DEB,10058056.566029802
2034,Agri01_AGC,DEC,1581589.4473416384
2034,Agri01_AGC,DEE,14089217.162148524
2034,Agri01_AGC,DED,10984079.700015392
2034,Agri01_AGC,DEF,7552438.459629931
2034,Agri01_AGC,DEG,6038386.942873917
2034,Agri02_OFC,DE1,4717850.6785644125
2034,Agri02_OFC,DE2,7148028.951216737
2034,Agri02_OFC,DE3,2663247.5617875876
2034,Agri02_OFC,DE4,4617245.859709779
2034,Agri02_OFC,DE5,1237739.8950781324
2034,Agri02_OFC,DE6,136470.95751261574
2034,Agri02_OFC,DE7,1548880.393359111
2034,Agri02_OFC,DE8,4587785.9606953105
2034,Agri02_OFC,DE9,6336071.886169084
2034,Agri02_OFC,DEA,4780545.864517689
2034,Agri02_OFC,DEB,2892345.189258647
2034,Agri02_OFC,DEC,1913329.5839316053
2034,Agri02_OFC,DEE,3506474.649201369
2034,Agri02_OFC,DED,3061171.0154496944
2034,Agri02_OFC,DEF,1416465.563477009
2034,Agri02_OFC,DEG,1132590.8579663376
2034,Agri03_No-till,DE1,0.0
2034,Agri03_No-till,DE2,0.0
2034,Agri03_No-till,DE3,0.0
2034,Agri03_No-till,DE4,0.0
2034,Agri03_No-till,DE5,0.0
2034,Agri03_No-till,DE6,0.0
2034,Agri03_No-till,DE7,0.0
2034,Agri03_No-till,DE8,0.0
2034,Agri03_No-till,DE9,0.0
2034,Agri03_No-till,DEA,0.0
2034,Agri03_No-till,DEB,0.0
2034,Agri03_No-till,DEC,0.0
2034,Agri03_No-till,DEE,0.0
2034,Agri03_No-till,DED,0.0
2034,Agri03_No-till,DEF,0.0
2034,Agri03_No-till,DEG,0.0
2034,Agri04_toGrassland,DE1,307639.5819025807
2034,Agri04_toGrassland,DE2,530100.4408670166
2034,Agri04_toGrassland,DE3,119559.2343277793
2034,Agri04_toGrassland,DE4,289877.5698919301
2034,Agri04_toGrassland,DE5,56103.625735371075
2034,Agri04_toGrassland,DE6,7150.751641384541
2034,Agri04_toGrassland,DE7,123511.38694153422
2034,Agri04_toGrassland,DE8,297120.1487907597
2034,Agri04_toGrassland,DE9,457159.9257375977
2034,Agri04_toGrassland,DEA,314765.57598463673
2034,Agri04_toGrassland,DEB,179641.1042615717
2034,Agri04_toGrassland,DEC,91070.64192726403
2034,Agri04_toGrassland,DEE,233858.0192490074
2034,Agri04_toGrassland,DED,194275.10764328486
2034,Agri04_toGrassland,DEF,129620.99855669955
2034,Agri04_toGrassland,DEG,103634.83468681332
2034,Agri05_Agroforestry,DE1,13587758.621815413
2034,Agri05_Agroforestry,DE2,17152918.050834876
2034,Agri05_Agroforestry,DE3,27656.4811461831
2034,Agri05_Agroforestry,DE4,10014501.773511006
2034,Agri05_Agroforestry,DE5,227044.36743755636
2034,Agri05_Agroforestry,DE6,183797.0551302408
2034,Agri05_Agroforestry,DE7,3252871.0469674226
2034,Agri05_Agroforestry,DE8,9538054.128736813
2034,Agri05_Agroforestry,DE9,15887331.73561979
2034,Agri05_Agroforestry,DEA,12358359.664114371
2034,Agri05_Agroforestry,DEB,7261872.930206601
2034,Agri05_Agroforestry,DEC,1011643.336277788
2034,Agri05_Agroforestry,DEE,5018790.874922164
2034,Agri05_Agroforestry,DED,5591310.018140854
2034,Agri05_Agroforestry,DEF,2080347.0052923227
2034,Agri05_Agroforestry,DEG,1663892.54415235
2034,Agri06_Biochar,DE1,0.0
2034,Agri06_Biochar,DE2,0.0
2034,Agri06_Biochar,DE3,0.0
2034,Agri06_Biochar,DE4,0.0
2034,Agri06_Biochar,DE5,0.0
2034,Agri06_Biochar,DE6,0.0
2034,Agri06_Biochar,DE7,0.0
2034,Agri06_Biochar,DE8,0.0
2034,Agri06_Biochar,DE9,0.0
2034,Agri06_Biochar,DEA,0.0
2034,Agri06_Biochar,DEB,0.0
2034,Agri06_Biochar,DEC,0.0
2034,Agri06_Biochar,DEE,0.0
2034,Agri06_Biochar,DED,0.0
2034,Agri06_Biochar,DEF,0.0
2034,Agri06_Biochar,DEG,0.0
2035,Agri01_AGC,DE1,19177248.00650779
2035,Agri01_AGC,DE2,32071656.33438357
2035,Agri01_AGC,DE3,54708.72527159711
2035,Agri01_AGC,DE4,17148586.035981093
2035,Agri01_AGC,DE5,175893.96521975793
2035,Agri01_AGC,DE6,288913.1007993478
2035,Agri01_AGC,DE7,7356979.865145687
2035,Agri01_AGC,DE8,18418121.84672762
2035,Agri01_AGC,DE9,27828813.755124673
2035,Agri01_AGC,DEA,19575267.95005985
2035,Agri01_AGC,DEB,10525287.458795449
2035,Agri01_AGC,DEC,1485391.1052730484
2035,Agri01_AGC,DEE,14498735.470434535
2035,Agri01_AGC,DED,11447224.69471954
2035,Agri01_AGC,DEF,7513641.74008291
2035,Agri01_AGC,DEG,6007416.288229499
2035,Agri02_OFC,DE1,5603542.216309392
2035,Agri02_OFC,DE2,8376682.84702533
2035,Agri02_OFC,DE3,3258980.3184240665
2035,Agri02_OFC,DE4,5503875.943637173
2035,Agri02_OFC,DE5,1513652.354930341
2035,Agri02_OFC,DE6,165184.91548121863
2035,Agri02_OFC,DE7,1799811.266964818
2035,Agri02_OFC,DE8,5452667.503786705
2035,Agri02_OFC,DE9,7447682.761967214
2035,Agri02_OFC,DEA,5672630.922634705
2035,Agri02_OFC,DEB,3451191.600692728
2035,Agri02_OFC,DEC,2332153.472003155
2035,Agri02_OFC,DEE,4155532.5326664303
2035,Agri02_OFC,DED,3645295.3115401976
2035,Agri02_OFC,DEF,1616443.481765352
2035,Agri02_OFC,DEG,1292506.5555146786
2035,Agri03_No-till,DE1,0.0
2035,Agri03_No-till,DE2,0.0
2035,Agri03_No-till,DE3,0.0
2035,Agri03_No-till,DE4,0.0
2035,Agri03_No-till,DE5,0.0
2035,Agri03_No-till,DE6,0.0
2035,Agri03_No-till,DE7,0.0
2035,Agri03_No-till,DE8,0.0
2035,Agri03_No-till,DE9,0.0
2035,Agri03_No-till,DEA,0.0
2035,Agri03_No-till,DEB,0.0
2035,Agri03_No-till,DEC,0.0
2035,Agri03_No-till,DEE,0.0
2035,Agri03_No-till,DED,0.0
2035,Agri03_No-till,DEF,0.0
2035,Agri03_No-till,DEG,0.0
2035,Agri04_toGrassland,DE1,329401.97234640503
2035,Agri04_toGrassland,DE2,559124.3170433748
2035,Agri04_toGrassland,DE3,135182.37507688423
2035,Agri04_toGrassland,DE4,311867.0276800589
2035,Agri04_toGrassland,DE5,63331.21944923719
2035,Agri04_toGrassland,DE6,7888.122176211212
2035,Agri04_toGrassland,DE7,129267.02937465624
2035,Agri04_toGrassland,DE8,318408.3353617167
2035,Agri04_toGrassland,DE9,483672.07198553835
2035,Agri04_toGrassland,DEA,336629.73811556085
2035,Agri04_toGrassland,DEB,193535.76910440688
2035,Agri04_toGrassland,DEC,101975.20580998888
2035,Agri04_toGrassland,DEE,249711.19549304288
2035,Agri04_toGrassland,DED,208724.85397675558
2035,Agri04_toGrassland,DEF,133856.15502531096
2035,Agri04_toGrassland,DEG,107021.76032927915
2035,Agri05_Agroforestry,DE1,15725003.573532788
2035,Agri05_Agroforestry,DE2,19689008.256277446
2035,Agri05_Agroforestry,DE3,28510.932169800653
2035,Agri05_Agroforestry,DE4,10323901.268196076
2035,Agri05_Agroforestry,DE5,234058.9363242563
2035,Agri05_Agroforestry,DE6,189475.4919879102
2035,Agri05_Agroforestry,DE7,3685049.5424324065
2035,Agri05_Agroforestry,DE8,9832733.703862136
2035,Agri05_Agroforestry,DE9,18308077.098611403
2035,Agri05_Agroforestry,DEA,12740172.99059729
2035,Agri05_Agroforestry,DEB,7486229.554818331
2035,Agri05_Agroforestry,DEC,1042898.2048798165
2035,Agri05_Agroforestry,DEE,5173847.151884263
2035,Agri05_Agroforestry,DED,5764054.357636224
2035,Agri05_Agroforestry,DEF,2249319.6997228935
2035,Agri05_Agroforestry,DEG,1799119.990078252
2035,Agri06_Biochar,DE1,0.0
2035,Agri06_Biochar,DE2,0.0
2035,Agri06_Biochar,DE3,0.0
2035,Agri06_Biochar,DE4,0.0
2035,Agri06_Biochar,DE5,0.0
2035,Agri06_Biochar,DE6,0.0
2035,Agri06_Biochar,DE7,0.0
2035,Agri06_Biochar,DE8,0.0
2035,Agri06_Biochar,DE9,0.0
2035,Agri06_Biochar,DEA,0.0
2035,Agri06_Biochar,DEB,0.0
2035,Agri06_Biochar,DEC,0.0
2035,Agri06_Biochar,DEE,0.0
2035,Agri06_Biochar,DED,0.0
2035,Agri06_Biochar,DEF,0.0
2035,Agri06_Biochar,DEG,0.0
2036,Agri01_AGC,DE1,19584396.09320636
2036,Agri01_AGC,DE2,32276206.464256357
2036,Agri01_AGC,DE3,51165.62564677058
2036,Agri01_AGC,DE4,17689931.68511433
2036,Agri01_AGC,DE5,164502.54933343452
2036,Agri01_AGC,DE6,270202.2298373976
2036,Agri01_AGC,DE7,7345597.555297251
2036,Agri01_AGC,DE8,18835880.088375937
2036,Agri01_AGC,DE9,28092119.429840893
2036,Agri01_AGC,DEA,19968253.984987654
2036,Agri01_AGC,DEB,10885043.440061111
2036,Agri01_AGC,DEC,1389192.7632044589
2036,Agri01_AGC,DEE,14767778.553149544
2036,Agri01_AGC,DED,11793994.140971366
2036,Agri01_AGC,DEF,7395835.570950075
2036,Agri01_AGC,DEG,5913276.051747856
2036,Agri02_OFC,DE1,6360617.9371064585
2036,Agri02_OFC,DE2,9383053.4813649
2036,Agri02_OFC,DE3,3805288.7419717778
2036,Agri02_OFC,DE4,6269432.00447665
2036,Agri02_OFC,DE5,1766364.1576082439
2036,Agri02_OFC,DE6,190927.43639123827
2036,Agri02_OFC,DE7,1998872.2792782367
2036,Agri02_OFC,DE8,6193352.223697931
2036,Agri02_OFC,DE9,8367711.850784708
2036,Agri02_OFC,DEA,6433089.526667368
2036,Agri02_OFC,DEB,3935027.691429333
2036,Agri02_OFC,DEC,2713252.0113930283
2036,Agri02_OFC,DEE,4706766.748248062
2036,Agri02_OFC,DED,4148253.6710612946
2036,Agri02_OFC,DEF,1761844.625613587
2036,Agri02_OFC,DEG,1408786.9879469774
2036,Agri03_No-till,DE1,0.0
2036,Agri03_No-till,DE2,0.0
2036,Agri03_No-till,DE3,0.0
2036,Agri03_No-till,DE4,0.0
2036,Agri03_No-till,DE5,0.0
2036,Agri03_No-till,DE6,0.0
2036,Agri03_No-till,DE7,0.0
2036,Agri03_No-till,DE8,0.0
2036,Agri03_No-till,DE9,0.0
2036,Agri03_No-till,DEA,0.0
2036,Agri03_No-till,DEB,0.0
2036,Agri03_No-till,DEC,0.0
2036,Agri03_No-till,DEE,0.0
2036,Agri03_No-till,DED,0.0
2036,Agri03_No-till,DEF,0.0
2036,Agri03_No-till,DEG,0.0
2036,Agri04_toGrassland,DE1,322744.635609486
2036,Agri04_toGrassland,DE2,547824.2060275149
2036,Agri04_toGrassland,DE3,132450.28884991747
2036,Agri04_toGrassland,DE4,305564.0787158529
2036,Agri04_toGrassland,DE5,62051.27187991935
2036,Agri04_toGrassland,DE6,7728.700284548184
2036,Agri04_toGrassland,DE7,126654.49449091459
2036,Agri04_toGrassland,DE8,311973.1841291806
2036,Agri04_toGrassland,DE9,473896.8789880147
2036,Agri04_toGrassland,DEA,329826.3255362961
2036,Agri04_toGrassland,DEB,189624.33901675793
2036,Agri04_toGrassland,DEC,99914.24886107363
2036,Agri04_toGrassland,DEE,244664.43908313414
2036,Agri04_toGrassland,DED,204506.44681789915
2036,Agri04_toGrassland,DEF,131150.87220030226
2036,Agri04_toGrassland,DEG,104858.81063102842
2036,Agri05_Agroforestry,DE1,16196270.009851797
2036,Agri05_Agroforestry,DE2,22447391.49864498
2036,Agri05_Agroforestry,DE3,29365.383193418213
2036,Agri05_Agroforestry,DE4,10633300.762881152
2036,Agri05_Agroforestry,DE5,241073.50521095633
2036,Agri05_Agroforestry,DE6,195153.9288455797
2036,Agri05_Agroforestry,DE7,4149763.9358432065
2036,Agri05_Agroforestry,DE8,10127413.278987464
2036,Agri05_Agroforestry,DE9,20948872.92003763
2036,Agri05_Agroforestry,DEA,13121986.317080218
2036,Agri05_Agroforestry,DEB,7710586.179430065
2036,Agri05_Agroforestry,DEC,1074153.0734818454
2036,Agri05_Agroforestry,DEE,5328903.428846366
2036,Agri05_Agroforestry,DED,5936798.697131595
2036,Agri05_Agroforestry,DEF,2417909.2687321682
2036,Agri05_Agroforestry,DEG,1934056.8996996314
2036,Agri06_Biochar,DE1,0.0
2036,Agri06_Biochar,DE2,0.0
2036,Agri06_Biochar,DE3,0.0
2036,Agri06_Biochar,DE4,0.0
2036,Agri06_Biochar,DE5,0.0
2036,Agri06_Biochar,DE6,0.0
2036,Agri06_Biochar,DE7,0.0
2036,Agri06_Biochar,DE8,0.0
2036,Agri06_Biochar,DE9,0.0
2036,Agri06_Biochar,DEA,0.0
2036,Agri06_Biochar,DEB,0.0
2036,Agri06_Biochar,DEC,0.0
2036,Agri06_Biochar,DEE,0.0
2036,Agri06_Biochar,DED,0.0
2036,Agri06_Biochar,DEF,0.0
2036,Agri06_Biochar,DEG,0.0
2037,Agri01_AGC,DE1,19798980.56442373
2037,Agri01_AGC,DE2,32161351.531227235
2037,Agri01_AGC,DE3,47622.52602194406
2037,Agri01_AGC,DE4,18047660.168344043
2037,Agri01_AGC,DE5,153111.13344711115
2037,Agri01_AGC,DE6,251491.35887544742
2037,Agri01_AGC,DE7,7261268.758394637
2037,Agri01_AGC,DE8,19067264.12478626
2037,Agri01_AGC,DE9,28077800.343840193
2037,Agri01_AGC,DEA,20164804.84693668
2037,Agri01_AGC,DEB,11130617.809210325
2037,Agri01_AGC,DEC,1292994.421135869
2037,Agri01_AGC,DEE,14891450.613228105
2037,Agri01_AGC,DED,12018124.747024074
2037,Agri01_AGC,DEF,7204116.825930601
2037,Agri01_AGC,DEG,5760039.880174328
2037,Agri02_OFC,DE1,6983524.158860878
2037,Agri02_OFC,DE2,10167669.891900051
2037,Agri02_OFC,DE3,4291476.492648422
2037,Agri02_OFC,DE4,6906913.306884262
2037,Agri02_OFC,DE5,1990979.4773081527
2037,Agri02_OFC,DE6,213293.55799529314
2037,Agri02_OFC,DE7,2147386.344600037
2037,Agri02_OFC,DE8,6804154.698255386
2037,Agri02_OFC,DE9,9094849.678280078
2037,Agri02_OFC,DEA,7056718.731175977
2037,Agri02_OFC,DEB,4339196.278295839
2037,Agri02_OFC,DEC,3049664.229342657
2037,Agri02_OFC,DEE,5156777.617771601
2037,Agri02_OFC,DED,4565696.817282664
2037,Agri02_OFC,DEF,1856208.302317842
2037,Agri02_OFC,DEG,1484260.9260938617
2037,Agri03_No-till,DE1,0.0
2037,Agri03_No-till,DE2,0.0
2037,Agri03_No-till,DE3,0.0
2037,Agri03_No-till,DE4,0.0
2037,Agri03_No-till,DE5,0.0
2037,Agri03_No-till,DE6,0.0
2037,Agri03_No-till,DE7,0.0
2037,Agri03_No-till,DE8,0.0
2037,Agri03_No-till,DE9,0.0
2037,Agri03_No-till,DEA,0.0
2037,Agri03_No-till,DEB,0.0
2037,Agri03_No-till,DEC,0.0
2037,Agri03_No-till,DEE,0.0
2037,Agri03_No-till,DED,0.0
2037,Agri03_No-till,DEF,0.0
2037,Agri03_No-till,DEG,0.0
2037,Agri04_toGrassland,DE1,316087.2988725671
2037,Agri04_toGrassland,DE2,536524.095011655
2037,Agri04_toGrassland,DE3,129718.2026229507
2037,Agri04_toGrassland,DE4,299261.12975164695
2037,Agri04_toGrassland,DE5,60771.324310601514
2037,Agri04_toGrassland,DE6,7569.278392885157
2037,Agri04_toGrassland,DE7,124041.95960717295
2037,Agri04_toGrassland,DE8,305538.0328966446
2037,Agri04_toGrassland,DE9,464121.6859904911
2037,Agri04_toGrassland,DEA,323022.91295703145
2037,Agri04_toGrassland,DEB,185712.90892910896
2037,Agri04_toGrassland,DEC,97853.29191215838
2037,Agri04_toGrassland,DEE,239617.68267322544
2037,Agri04_toGrassland,DED,200288.03965904273
2037,Agri04_toGrassland,DEF,128445.58937529354
2037,Agri04_toGrassland,DEG,102695.86093277771
2037,Agri05_Agroforestry,DE1,16667536.446170801
2037,Agri05_Agroforestry,DE2,25436975.67802989
2037,Agri05_Agroforestry,DE3,30219.83421703577
2037,Agri05_Agroforestry,DE4,10942700.257566225
2037,Agri05_Agroforestry,DE5,248088.0740976563
2037,Agri05_Agroforestry,DE6,200832.36570324918
2037,Agri05_Agroforestry,DE7,4648118.943976192
2037,Agri05_Agroforestry,DE8,10422092.85411279
2037,Agri05_Agroforestry,DE9,23818830.262022346
2037,Agri05_Agroforestry,DEA,13503799.643563142
2037,Agri05_Agroforestry,DEB,7934942.804041796
2037,Agri05_Agroforestry,DEC,1105407.942083874
2037,Agri05_Agroforestry,DEE,5483959.705808466
2037,Agri05_Agroforestry,DED,6109543.036626964
2037,Agri05_Agroforestry,DEF,2585534.4643094814
2037,Agri05_Agroforestry,DEG,2068239.3479972272
2037,Agri06_Biochar,DE1,0.0
2037,Agri06_Biochar,DE2,0.0
2037,Agri06_Biochar,DE3,0.0
2037,Agri06_Biochar,DE4,0.0
2037,Agri06_Biochar,DE5,0.0
2037,Agri06_Biochar,DE6,0.0
2037,Agri06_Biochar,DE7,0.0
2037,Agri06_Biochar,DE8,0.0
2037,Agri06_Biochar,DE9,0.0
2037,Agri06_Biochar,DEA,0.0
2037,Agri06_Biochar,DEB,0.0
2037,Agri06_Biochar,DEC,0.0
2037,Agri06_Biochar,DEE,0.0
2037,Agri06_Biochar,DED,0.0
2037,Agri06_Biochar,DEF,0.0
2037,Agri06_Biochar,DEG,0.0
2038,Agri01_AGC,DE1,19813003.69240305
2038,Agri01_AGC,DE2,31727853.390069738
2038,Agri01_AGC,DE3,44079.42639711753
2038,Agri01_AGC,DE4,18211689.890356783
2038,Agri01_AGC,DE5,141719.7175607877
2038,Agri01_AGC,DE6,232780.48791349717
2038,Agri01_AGC,DE7,7105898.572396623
2038,Agri01_AGC,DE8,19104086.51239385
2038,Agri01_AGC,DE9,27783970.75373482
2038,Agri01_AGC,DEA,20157427.895807877
2038,Agri01_AGC,DEB,11255303.865626628
2038,Agri01_AGC,DEC,1196796.0790672794
2038,Agri01_AGC,DEE,14864855.853604766
2038,Agri01_AGC,DED,12113353.221130867
2038,Agri01_AGC,DEF,6943582.378723662
2038,Agri01_AGC,DEG,5551781.42025425
2038,Agri02_OFC,DE1,7466707.199477918
2038,Agri02_OFC,DE2,10731061.116295384
2038,Agri02_OFC,DE3,4706847.230671697
2038,Agri02_OFC,DE4,7409319.115516058
2038,Agri02_OFC,DE5,2182602.488226379
2038,Agri02_OFC,DE6,231878.31804600172
2038,Agri02_OFC,DE7,2246676.3772308878
2038,Agri02_OFC,DE8,7279389.505285474
2038,Agri02_OFC,DE9,9627786.77011183
2038,Agri02_OFC,DEA,7538315.590720836
2038,Agri02_OFC,DEB,4659040.178119622
2038,Agri02_OFC,DEC,3334429.1530934735
2038,Agri02_OFC,DEE,5502165.463062389
2038,Agri02_OFC,DED,4893275.473473985
2038,Agri02_OFC,DEF,1903073.8191742438
2038,Agri02_OFC,DEG,1521757.1407859586
2038,Agri03_No-till,DE1,0.0
2038,Agri03_No-till,DE2,0.0
2038,Agri03_No-till,DE3,0.0
2038,Agri03_No-till,DE4,0.0
2038,Agri03_No-till,DE5,0.0
2038,Agri03_No-till,DE6,0.0
2038,Agri03_No-till,DE7,0.0
2038,Agri03_No-till,DE8,0.0
2038,Agri03_No-till,DE9,0.0
2038,Agri03_No-till,DEA,0.0
2038,Agri03_No-till,DEB,0.0
2038,Agri03_No-till,DEC,0.0
2038,Agri03_No-till,DEE,0.0
2038,Agri03_No-till,DED,0.0
2038,Agri03_No-till,DEF,0.0
2038,Agri03_No-till,DEG,0.0
2038,Agri04_toGrassland,DE1,309429.962135648
2038,Agri04_toGrassland,DE2,525223.9839957949
2038,Agri04_toGrassland,DE3,126986.11639598389
2038,Agri04_toGrassland,DE4,292958.18078744086
2038,Agri04_toGrassland,DE5,59491.37674128365
2038,Agri04_toGrassland,DE6,7409.856501222127
2038,Agri04_toGrassland,DE7,121429.42472343126
2038,Agri04_toGrassland,DE8,299102.8816641085
2038,Agri04_toGrassland,DE9,454346.49299296737
2038,Agri04_toGrassland,DEA,316219.5003777667
2038,Agri04_toGrassland,DEB,181801.47884145996
2038,Agri04_toGrassland,DEC,95792.3349632431
2038,Agri04_toGrassland,DEE,234570.92626331668
2038,Agri04_toGrassland,DED,196069.6325001862
2038,Agri04_toGrassland,DEF,125740.30655028479
2038,Agri04_toGrassland,DEG,100532.91123452697
2038,Agri05_Agroforestry,DE1,17138802.882489808
2038,Agri05_Agroforestry,DE2,28666668.69452461
2038,Agri05_Agroforestry,DE3,31074.28524065333
2038,Agri05_Agroforestry,DE4,11252099.752251301
2038,Agri05_Agroforestry,DE5,255102.6429843563
2038,Agri05_Agroforestry,DE6,206510.80256091867
2038,Agri05_Agroforestry,DE7,5181219.283607737
2038,Agri05_Agroforestry,DE8,10716772.429238118
2038,Agri05_Agroforestry,DE9,25313237.981031932
2038,Agri05_Agroforestry,DEA,13885612.970046068
2038,Agri05_Agroforestry,DEB,8159299.428653531
2038,Agri05_Agroforestry,DEC,1136662.8106859028
2038,Agri05_Agroforestry,DEE,5639015.982770569
2038,Agri05_Agroforestry,DED,6282287.376122335
2038,Agri05_Agroforestry,DEF,2751614.03844417
2038,Agri05_Agroforestry,DEG,2201203.4099517814
2038,Agri06_Biochar,DE1,0.0
2038,Agri06_Biochar,DE2,0.0
2038,Agri06_Biochar,DE3,0.0
2038,Agri06_Biochar,DE4,0.0
2038,Agri06_Biochar,DE5,0.0
2038,Agri06_Biochar,DE6,0.0
2038,Agri06_Biochar,DE7,0.0
2038,Agri06_Biochar,DE8,0.0
2038,Agri06_Biochar,DE9,0.0
2038,Agri06_Biochar,DEA,0.0
2038,Agri06_Biochar,DEB,0.0
2038,Agri06_Biochar,DEC,0.0
2038,Agri06_Biochar,DEE,0.0
2038,Agri06_Biochar,DED,0.0
2038,Agri06_Biochar,DEF,0.0
2038,Agri06_Biochar,DEG,0.0
2039,Agri01_AGC,DE1,19618467.749387484
2039,Agri01_AGC,DE2,30976473.89555742
2039,Agri01_AGC,DE3,40536.326772290995
2039,Agri01_AGC,DE4,17165878.50657577
2039,Agri01_AGC,DE5,130328.30167446427
2039,Agri01_AGC,DE6,214069.61695154695
2039,Agri01_AGC,DE7,6881392.09526199
2039,Agri01_AGC,DE8,18938159.80763396
2039,Agri01_AGC,DE9,27208744.91613703
2039,Agri01_AGC,DEA,19938630.49150219
2039,Agri01_AGC,DEB,10350603.73309001
2039,Agri01_AGC,DEC,1100597.7369986894
2039,Agri01_AGC,DEE,14683098.477214089
2039,Agri01_AGC,DED,11813361.509388985
2039,Agri01_AGC,DEF,6619329.103028441
2039,Agri01_AGC,DEG,5292574.318732964
2039,Agri02_OFC,DE1,6854522.645541974
2039,Agri02_OFC,DE2,9851236.89294858
2039,Agri02_OFC,DE3,4320939.614988728
2039,Agri02_OFC,DE4,6801839.72781241
2039,Agri02_OFC,DE5,2003654.0582186007
2039,Agri02_OFC,DE6,212866.94919115579
2039,Agri02_OFC,DE7,2062474.621478408
2039,Agri02_OFC,DE8,6682562.858925112
2039,Agri02_OFC,DE9,8838418.419138672
2039,Agri02_OFC,DEA,6920259.968068794
2039,Agri02_OFC,DEB,4277052.193722533
2039,Agri02_OFC,DEC,3061044.11613096
2039,Agri02_OFC,DEE,5051050.852605704
2039,Agri02_OFC,DED,4492082.875052042
2039,Agri02_OFC,DEF,1747043.5415734537
2039,Agri02_OFC,DEG,1396990.4676671803
2039,Agri03_No-till,DE1,0.0
2039,Agri03_No-till,DE2,0.0
2039,Agri03_No-till,DE3,0.0
2039,Agri03_No-till,DE4,0.0
2039,Agri03_No-till,DE5,0.0
2039,Agri03_No-till,DE6,0.0
2039,Agri03_No-till,DE7,0.0
2039,Agri03_No-till,DE8,0.0
2039,Agri03_No-till,DE9,0.0
2039,Agri03_No-till,DEA,0.0
2039,Agri03_No-till,DEB,0.0
2039,Agri03_No-till,DEC,0.0
2039,Agri03_No-till,DEE,0.0
2039,Agri03_No-till,DED,0.0
2039,Agri03_No-till,DEF,0.0
2039,Agri03_No-till,DEG,0.0
2039,Agri04_toGrassland,DE1,302772.625398729
2039,Agri04_toGrassland,DE2,513923.872979935
2039,Agri04_toGrassland,DE3,124254.03016901712
2039,Agri04_toGrassland,DE4,286655.2318232349
2039,Agri04_toGrassland,DE5,58211.42917196581
2039,Agri04_toGrassland,DE6,7250.434609559099
2039,Agri04_toGrassland,DE7,118816.88983968963
2039,Agri04_toGrassland,DE8,292667.7304315724
2039,Agri04_toGrassland,DE9,444571.2999954438
2039,Agri04_toGrassland,DEA,309416.08779850195
2039,Agri04_toGrassland,DEB,177890.04875381102
2039,Agri04_toGrassland,DEC,93731.37801432786
2039,Agri04_toGrassland,DEE,229524.16985340798
2039,Agri04_toGrassland,DED,191851.2253413298
2039,Agri04_toGrassland,DEF,123035.02372527609
2039,Agri04_toGrassland,DEG,98369.96153627624
2039,Agri05_Agroforestry,DE1,17610069.318808813
2039,Agri05_Agroforestry,DE2,32145378.44822155
2039,Agri05_Agroforestry,DE3,31928.736264270887
2039,Agri05_Agroforestry,DE4,11561499.246936373
2039,Agri05_Agroforestry,DE5,262117.2118710563
2039,Agri05_Agroforestry,DE6,212189.2394185881
2039,Agri05_Agroforestry,DE7,5750169.671514211
2039,Agri05_Agroforestry,DE8,11011452.004363444
2039,Agri05_Agroforestry,DE9,26009277.228160653
2039,Agri05_Agroforestry,DEA,14267426.296528991
2039,Agri05_Agroforestry,DEB,8383656.053265262
2039,Agri05_Agroforestry,DEC,1167917.6792879314
2039,Agri05_Agroforestry,DEE,5794072.259732669
2039,Agri05_Agroforestry,DED,6455031.715617705
2039,Agri05_Agroforestry,DEF,2915566.743125568
2039,Agri05_Agroforestry,DEG,2332485.160544033
2039,Agri06_Biochar,DE1,0.0
2039,Agri06_Biochar,DE2,0.0
2039,Agri06_Biochar,DE3,0.0
2039,Agri06_Biochar,DE4,0.0
2039,Agri06_Biochar,DE5,0.0
2039,Agri06_Biochar,DE6,0.0
2039,Agri06_Biochar,DE7,0.0
2039,Agri06_Biochar,DE8,0.0
2039,Agri06_Biochar,DE9,0.0
2039,Agri06_Biochar,DEA,0.0
2039,Agri06_Biochar,DEB,0.0
2039,Agri06_Biochar,DEC,0.0
2039,Agri06_Biochar,DEE,0.0
2039,Agri06_Biochar,DED,0.0
2039,Agri06_Biochar,DEF,0.0
2039,Agri06_Biochar,DEG,0.0
2040,Agri01_AGC,DE1,18168729.14110797
2040,Agri01_AGC,DE2,29907974.902463824
2040,Agri01_AGC,DE3,36993.22714746446
2040,Agri01_AGC,DE4,15665485.586464398
2040,Agri01_AGC,DE5,118936.88578814083
2040,Agri01_AGC,DE6,195358.7459895967
2040,Agri01_AGC,DE7,6589654.424949518
2040,Agri01_AGC,DE8,17282859.679276012
2040,Agri01_AGC,DE9,26350237.087659065
2040,Agri01_AGC,DEA,18983953.015681885
2040,Agri01_AGC,DEB,9445903.60055339
2040,Agri01_AGC,DEC,1004399.3949300995
2040,Agri01_AGC,DEE,14151535.924691183
2040,Agri01_AGC,DED,10780808.240145374
2040,Agri01_AGC,DEF,6040763.053043494
2040,Agri01_AGC,DEG,4829973.990183029
2040,Agri02_OFC,DE1,6242338.091606028
2040,Agri02_OFC,DE2,8971412.669601776
2040,Agri02_OFC,DE3,3935031.9993057577
2040,Agri02_OFC,DE4,6194360.340108762
2040,Agri02_OFC,DE5,1824705.6282108221
2040,Agri02_OFC,DE6,193855.58033630977
2040,Agri02_OFC,DE7,1878272.8657259278
2040,Agri02_OFC,DE8,6085736.212564748
2040,Agri02_OFC,DE9,8049050.068165511
2040,Agri02_OFC,DEA,6302204.345416752
2040,Agri02_OFC,DEB,3895064.2093254435
2040,Agri02_OFC,DEC,2787659.079168446
2040,Agri02_OFC,DEE,4599936.242149018
2040,Agri02_OFC,DED,4090890.2766301
2040,Agri02_OFC,DEF,1591013.2639726633
2040,Agri02_OFC,DEG,1272223.7945484016
2040,Agri03_No-till,DE1,0.0
2040,Agri03_No-till,DE2,0.0
2040,Agri03_No-till,DE3,0.0
2040,Agri03_No-till,DE4,0.0
2040,Agri03_No-till,DE5,0.0
2040,Agri03_No-till,DE6,0.0
2040,Agri03_No-till,DE7,0.0
2040,Agri03_No-till,DE8,0.0
2040,Agri03_No-till,DE9,0.0
2040,Agri03_No-till,DEA,0.0
2040,Agri03_No-till,DEB,0.0
2040,Agri03_No-till,DEC,0.0
2040,Agri03_No-till,DEE,0.0
2040,Agri03_No-till,DED,0.0
2040,Agri03_No-till,DEF,0.0
2040,Agri03_No-till,DEG,0.0
2040,Agri04_toGrassland,DE1,296115.28866181
2040,Agri04_toGrassland,DE2,502623.76196407503
2040,Agri04_toGrassland,DE3,121521.94394205033
2040,Agri04_toGrassland,DE4,280352.28285902884
2040,Agri04_toGrassland,DE5,56931.48160264796
2040,Agri04_toGrassland,DE6,7091.012717896071
2040,Agri04_toGrassland,DE7,116204.35495594797
2040,Agri04_toGrassland,DE8,286232.5791990363
2040,Agri04_toGrassland,DE9,434796.10699792014
2040,Agri04_toGrassland,DEA,302612.67521923716
2040,Agri04_toGrassland,DEB,173978.61866616204
2040,Agri04_toGrassland,DEC,91670.4210654126
2040,Agri04_toGrassland,DEE,224477.41344349924
2040,Agri04_toGrassland,DED,187632.81818247333
2040,Agri04_toGrassland,DEF,120329.74090026735
2040,Agri04_toGrassland,DEG,96207.01183802552
2040,Agri05_Agroforestry,DE1,18081335.755127814
2040,Agri05_Agroforestry,DE2,33005627.074797865
2040,Agri05_Agroforestry,DE3,32783.18728788844
2040,Agri05_Agroforestry,DE4,11870898.741621446
2040,Agri05_Agroforestry,DE5,269131.7807577562
2040,Agri05_Agroforestry,DE6,217867.67627625755
2040,Agri05_Agroforestry,DE7,5904051.0629082685
2040,Agri05_Agroforestry,DE8,11306131.579488767
2040,Agri05_Agroforestry,DE9,26705316.475289375
2040,Agri05_Agroforestry,DEA,14649239.623011913
2040,Agri05_Agroforestry,DEB,8608012.677876994
2040,Agri05_Agroforestry,DEC,1199172.54788996
2040,Agri05_Agroforestry,DEE,5949128.53669477
2040,Agri05_Agroforestry,DED,6627776.055113073
2040,Agri05_Agroforestry,DEF,2993590.7828955557
2040,Agri05_Agroforestry,DEG,2394905.242457197
2040,Agri06_Biochar,DE1,0.0
2040,Agri06_Biochar,DE2,0.0
2040,Agri06_Biochar,DE3,0.0
2040,Agri06_Biochar,DE4,0.0
2040,Agri06_Biochar,DE5,0.0
2040,Agri06_Biochar,DE6,0.0
2040,Agri06_Biochar,DE7,0.0
2040,Agri06_Biochar,DE8,0.0
2040,Agri06_Biochar,DE9,0.0
2040,Agri06_Biochar,DEA,0.0
2040,Agri06_Biochar,DEB,0.0
2040,Agri06_Biochar,DEC,0.0
2040,Agri06_Biochar,DEE,0.0
2040,Agri06_Biochar,DED,0.0
2040,Agri06_Biochar,DEF,0.0
2040,Agri06_Biochar,DEG,0.0
2041,Agri01_AGC,DE1,16428583.109867586
2041,Agri01_AGC,DE2,27043479.34943112
2041,Agri01_AGC,DE3,33450.127522637944
2041,Agri01_AGC,DE4,14165092.666353032
2041,Agri01_AGC,DE5,107545.46990181744
2041,Agri01_AGC,DE6,176647.87502764654
2041,Agri01_AGC,DE7,5958517.216300359
2041,Agri01_AGC,DE8,15627559.550918076
2041,Agri01_AGC,DE9,23826490.922794566
2041,Agri01_AGC,DEA,17165727.30264898
2041,Agri01_AGC,DEB,8541203.468016775
2041,Agri01_AGC,DEC,908201.05286151
2041,Agri01_AGC,DEE,12796144.533028588
2041,Agri01_AGC,DED,9748254.970901769
2041,Agri01_AGC,DEF,5462197.003058551
2041,Agri01_AGC,DEG,4367373.661633097
2041,Agri02_OFC,DE1,5630153.537670083
2041,Agri02_OFC,DE2,8091588.4462549705
2041,Agri02_OFC,DE3,3549124.3836227874
2041,Agri02_OFC,DE4,5586880.952405114
2041,Agri02_OFC,DE5,1645757.1982030438
2041,Agri02_OFC,DE6,174844.2114814638
2041,Agri02_OFC,DE7,1694071.1099734476
2041,Agri02_OFC,DE8,5488909.566204384
2041,Agri02_OFC,DE9,7259681.717192352
2041,Agri02_OFC,DEA,5684148.722764709
2041,Agri02_OFC,DEB,3513076.224928354
2041,Agri02_OFC,DEC,2514274.042205932
2041,Agri02_OFC,DEE,4148821.6316923327
2041,Agri02_OFC,DED,3689697.6782081574
2041,Agri02_OFC,DEF,1434982.986371873
2041,Agri02_OFC,DEG,1147457.1214296233
2041,Agri03_No-till,DE1,0.0
2041,Agri03_No-till,DE2,0.0
2041,Agri03_No-till,DE3,0.0
2041,Agri03_No-till,DE4,0.0
2041,Agri03_No-till,DE5,0.0
2041,Agri03_No-till,DE6,0.0
2041,Agri03_No-till,DE7,0.0
2041,Agri03_No-till,DE8,0.0
2041,Agri03_No-till,DE9,0.0
2041,Agri03_No-till,DEA,0.0
2041,Agri03_No-till,DEB,0.0
2041,Agri03_No-till,DEC,0.0
2041,Agri03_No-till,DEE,0.0
2041,Agri03_No-till,DED,0.0
2041,Agri03_No-till,DEF,0.0
2041,Agri03_No-till,DEG,0.0
2041,Agri04_toGrassland,DE1,289457.95192489104
2041,Agri04_toGrassland,DE2,491323.65094821516
2041,Agri04_toGrassland,DE3,118789.85771508356
2041,Agri04_toGrassland,DE4,274049.33389482286
2041,Agri04_toGrassland,DE5,55651.534033330114
2041,Agri04_toGrassland,DE6,6931.590826233043
2041,Agri04_toGrassland,DE7,113591.82007220632
2041,Agri04_toGrassland,DE8,279797.4279665003
2041,Agri04_toGrassland,DE9,425020.9140003965
2041,Agri04_toGrassland,DEA,295809.2626399725
2041,Agri04_toGrassland,DEB,170067.1885785131
2041,Agri04_toGrassland,DEC,89609.46411649734
2041,Agri04_toGrassland,DEE,219430.6570335905
2041,Agri04_toGrassland,DED,183414.4110236169
2041,Agri04_toGrassland,DEF,117624.45807525865
2041,Agri04_toGrassland,DEG,94044.06213977479
2041,Agri05_Agroforestry,DE1,18552602.191446822
2041,Agri05_Agroforestry,DE2,33865875.701374196
2041,Agri05_Agroforestry,DE3,33637.638311505994
2041,Agri05_Agroforestry,DE4,12180298.23630652
2041,Agri05_Agroforestry,DE5,276146.34964445623
2041,Agri05_Agroforestry,DE6,223546.11313392705
2041,Agri05_Agroforestry,DE7,6057932.454302329
2041,Agri05_Agroforestry,DE8,11600811.154614097
2041,Agri05_Agroforestry,DE9,27401355.7224181
2041,Agri05_Agroforestry,DEA,15031052.94949484
2041,Agri05_Agroforestry,DEB,8832369.302488727
2041,Agri05_Agroforestry,DEC,1230427.4164919888
2041,Agri05_Agroforestry,DEE,6104184.813656871
2041,Agri05_Agroforestry,DED,6800520.3946084445
2041,Agri05_Agroforestry,DEF,3071614.8226655447
2041,Agri05_Agroforestry,DEG,2457325.3243703614
2041,Agri06_Biochar,DE1,0.0
2041,Agri06_Biochar,DE2,0.0
2041,Agri06_Biochar,DE3,0.0
2041,Agri06_Biochar,DE4,0.0
2041,Agri06_Biochar,DE5,0.0
2041,Agri06_Biochar,DE6,0.0
2041,Agri06_Biochar,DE7,0.0
2041,Agri06_Biochar,DE8,0.0
2041,Agri06_Biochar,DE9,0.0
2041,Agri06_Biochar,DEA,0.0
2041,Agri06_Biochar,DEB,0.0
2041,Agri06_Biochar,DEC,0.0
2041,Agri06_Biochar,DEE,0.0
2041,Agri06_Biochar,DED,0.0
2041,Agri06_Biochar,DEF,0.0
2041,Agri06_Biochar,DEG,0.0
2042,Agri01_AGC,DE1,14688437.078627199
2042,Agri01_AGC,DE2,24178983.796398412
2042,Agri01_AGC,DE3,29907.027897811415
2042,Agri01_AGC,DE4,12664699.746241663
2042,Agri01_AGC,DE5,96154.05401549402
2042,Agri01_AGC,DE6,157937.00406569632
2042,Agri01_AGC,DE7,5327380.007651197
2042,Agri01_AGC,DE8,13972259.422560137
2042,Agri01_AGC,DE9,21302744.757930063
2042,Agri01_AGC,DEA,15347501.589616073
2042,Agri01_AGC,DEB,7636503.335480159
2042,Agri01_AGC,DEC,812002.7107929202
2042,Agri01_AGC,DEE,11440753.14136599
2042,Agri01_AGC,DED,8715701.701658161
2042,Agri01_AGC,DEF,4883630.953073605
2042,Agri01_AGC,DEG,3904773.333083163
2042,Agri02_OFC,DE1,5017968.983734139
2042,Agri02_OFC,DE2,7211764.222908167
2042,Agri02_OFC,DE3,3163216.7679398176
2042,Agri02_OFC,DE4,4979401.564701466
2042,Agri02_OFC,DE5,1466808.7681952654
2042,Agri02_OFC,DE6,155832.84262661784
2042,Agri02_OFC,DE7,1509869.354220968
2042,Agri02_OFC,DE8,4892082.919844021
2042,Agri02_OFC,DE9,6470313.366219193
2042,Agri02_OFC,DEA,5066093.100112667
2042,Agri02_OFC,DEB,3131088.2405312653
2042,Agri02_OFC,DEC,2240889.0052434187
2042,Agri02_OFC,DEE,3697707.0212356476
2042,Agri02_OFC,DED,3288505.0797862154
2042,Agri02_OFC,DEF,1278952.7087710828
2042,Agri02_OFC,DEG,1022690.4483108451
2042,Agri03_No-till,DE1,0.0
2042,Agri03_No-till,DE2,0.0
2042,Agri03_No-till,DE3,0.0
2042,Agri03_No-till,DE4,0.0
2042,Agri03_No-till,DE5,0.0
2042,Agri03_No-till,DE6,0.0
2042,Agri03_No-till,DE7,0.0
2042,Agri03_No-till,DE8,0.0
2042,Agri03_No-till,DE9,0.0
2042,Agri03_No-till,DEA,0.0
2042,Agri03_No-till,DEB,0.0
2042,Agri03_No-till,DEC,0.0
2042,Agri03_No-till,DEE,0.0
2042,Agri03_No-till,DED,0.0
2042,Agri03_No-till,DEF,0.0
2042,Agri03_No-till,DEG,0.0
2042,Agri04_toGrassland,DE1,282800.6151879721
2042,Agri04_toGrassland,DE2,480023.5399323552
2042,Agri04_toGrassland,DE3,116057.7714881168
2042,Agri04_toGrassland,DE4,267746.3849306169
2042,Agri04_toGrassland,DE5,54371.586464012275
2042,Agri04_toGrassland,DE6,6772.168934570016
2042,Agri04_toGrassland,DE7,110979.28518846468
2042,Agri04_toGrassland,DE8,273362.2767339642
2042,Agri04_toGrassland,DE9,415245.7210028729
2042,Agri04_toGrassland,DEA,289005.8500607078
2042,Agri04_toGrassland,DEB,166155.75849086416
2042,Agri04_toGrassland,DEC,87548.5071675821
2042,Agri04_toGrassland,DEE,214383.9006236818
2042,Agri04_toGrassland,DED,179196.00386476048
2042,Agri04_toGrassland,DEF,114919.17525024993
2042,Agri04_toGrassland,DEG,91881.11244152408
2042,Agri05_Agroforestry,DE1,19023868.627765827
2042,Agri05_Agroforestry,DE2,34726124.327950515
2042,Agri05_Agroforestry,DE3,34492.08933512355
2042,Agri05_Agroforestry,DE4,12489697.730991593
2042,Agri05_Agroforestry,DE5,283160.9185311562
2042,Agri05_Agroforestry,DE6,229224.5499915965
2042,Agri05_Agroforestry,DE7,6211813.845696387
2042,Agri05_Agroforestry,DE8,11895490.729739422
2042,Agri05_Agroforestry,DE9,28097394.969546825
2042,Agri05_Agroforestry,DEA,15412866.275977764
2042,Agri05_Agroforestry,DEB,9056725.92710046
2042,Agri05_Agroforestry,DEC,1261682.2850940174
2042,Agri05_Agroforestry,DEE,6259241.090618973
2042,Agri05_Agroforestry,DED,6973264.734103814
2042,Agri05_Agroforestry,DEF,3149638.862435533
2042,Agri05_Agroforestry,DEG,2519745.4062835258
2042,Agri06_Biochar,DE1,0.0
2042,Agri06_Biochar,DE2,0.0
2042,Agri06_Biochar,DE3,0.0
2042,Agri06_Biochar,DE4,0.0
2042,Agri06_Biochar,DE5,0.0
2042,Agri06_Biochar,DE6,0.0
2042,Agri06_Biochar,DE7,0.0
2042,Agri06_Biochar,DE8,0.0
2042,Agri06_Biochar,DE9,0.0
2042,Agri06_Biochar,DEA,0.0
2042,Agri06_Biochar,DEB,0.0
2042,Agri06_Biochar,DEC,0.0
2042,Agri06_Biochar,DEE,0.0
2042,Agri06_Biochar,DED,0.0
2042,Agri06_Biochar,DEF,0.0
2042,Agri06_Biochar,DEG,0.0
2043,Agri01_AGC,DE1,12948291.04738681
2043,Agri01_AGC,DE2,21314488.243365705
2043,Agri01_AGC,DE3,26363.928272984886
2043,Agri01_AGC,DE4,11164306.826130293
2043,Agri01_AGC,DE5,84762.6381291706
2043,Agri01_AGC,DE6,139226.1331037461
2043,Agri01_AGC,DE7,4696242.7990020355
2043,Agri01_AGC,DE8,12316959.294202195
2043,Agri01_AGC,DE9,18778998.593065556
2043,Agri01_AGC,DEA,13529275.876583165
2043,Agri01_AGC,DEB,6731803.202943542
2043,Agri01_AGC,DEC,715804.3687243304
2043,Agri01_AGC,DEE,10085361.749703392
2043,Agri01_AGC,DED,7683148.432414553
2043,Agri01_AGC,DEF,4305064.90308866
2043,Agri01_AGC,DEG,3442173.00453323
2043,Agri02_OFC,DE1,4405784.429798193
2043,Agri02_OFC,DE2,6331939.999561361
2043,Agri02_OFC,DE3,2777309.1522568464
2043,Agri02_OFC,DE4,4371922.176997816
2043,Agri02_OFC,DE5,1287860.3381874866
2043,Agri02_OFC,DE6,136821.47377177182
2043,Agri02_OFC,DE7,1325667.5984684874
2043,Agri02_OFC,DE8,4295256.273483656
2043,Agri02_OFC,DE9,5680945.015246032
2043,Agri02_OFC,DEA,4448037.477460623
2043,Agri02_OFC,DEB,2749100.2561341748
2043,Agri02_OFC,DEC,1967503.9682809042
2043,Agri02_OFC,DEE,3246592.410778961
2043,Agri02_OFC,DED,2887312.481364272
2043,Agri02_OFC,DEF,1122922.431170292
2043,Agri02_OFC,DEG,897923.7751920663
2043,Agri03_No-till,DE1,0.0
2043,Agri03_No-till,DE2,0.0
2043,Agri03_No-till,DE3,0.0
2043,Agri03_No-till,DE4,0.0
2043,Agri03_No-till,DE5,0.0
2043,Agri03_No-till,DE6,0.0
2043,Agri03_No-till,DE7,0.0
2043,Agri03_No-till,DE8,0.0
2043,Agri03_No-till,DE9,0.0
2043,Agri03_No-till,DEA,0.0
2043,Agri03_No-till,DEB,0.0
2043,Agri03_No-till,DEC,0.0
2043,Agri03_No-till,DEE,0.0
2043,Agri03_No-till,DED,0.0
2043,Agri03_No-till,DEF,0.0
2043,Agri03_No-till,DEG,0.0
2043,Agri04_toGrassland,DE1,276143.278451053
2043,Agri04_toGrassland,DE2,468723.42891649524
2043,Agri04_toGrassland,DE3,113325.68526115002
2043,Agri04_toGrassland,DE4,261443.43596641085
2043,Agri04_toGrassland,DE5,53091.63889469442
2043,Agri04_toGrassland,DE6,6612.747042906987
2043,Agri04_toGrassland,DE7,108366.75030472301
2043,Agri04_toGrassland,DE8,266927.12550142815
2043,Agri04_toGrassland,DE9,405470.5280053492
2043,Agri04_toGrassland,DEA,282202.43748144305
2043,Agri04_toGrassland,DEB,162244.32840321516
2043,Agri04_toGrassland,DEC,85487.55021866683
2043,Agri04_toGrassland,DEE,209337.14421377308
2043,Agri04_toGrassland,DED,174977.596705904
2043,Agri04_toGrassland,DEF,112213.8924252412
2043,Agri04_toGrassland,DEG,89718.16274327335
2043,Agri05_Agroforestry,DE1,19495135.06408483
2043,Agri05_Agroforestry,DE2,35586372.95452684
2043,Agri05_Agroforestry,DE3,35346.54035874111
2043,Agri05_Agroforestry,DE4,12799097.225676669
2043,Agri05_Agroforestry,DE5,290175.48741785623
2043,Agri05_Agroforestry,DE6,234902.986849266
2043,Agri05_Agroforestry,DE7,6365695.237090447
2043,Agri05_Agroforestry,DE8,12190170.30486475
2043,Agri05_Agroforestry,DE9,28793434.21667555
2043,Agri05_Agroforestry,DEA,15794679.60246069
2043,Agri05_Agroforestry,DEB,9281082.551712193
2043,Agri05_Agroforestry,DEC,1292937.1536960462
2043,Agri05_Agroforestry,DEE,6414297.367581074
2043,Agri05_Agroforestry,DED,7146009.073599185
2043,Agri05_Agroforestry,DEF,3227662.902205522
2043,Agri05_Agroforestry,DEG,2582165.4881966906
2043,Agri06_Biochar,DE1,0.0
2043,Agri06_Biochar,DE2,0.0
2043,Agri06_Biochar,DE3,0.0
2043,Agri06_Biochar,DE4,0.0
2043,Agri06_Biochar,DE5,0.0
2043,Agri06_Biochar,DE6,0.0
2043,Agri06_Biochar,DE7,0.0
2043,Agri06_Biochar,DE8,0.0
2043,Agri06_Biochar,DE9,0.0
2043,Agri06_Biochar,DEA,0.0
2043,Agri06_Biochar,DEB,0.0
2043,Agri06_Biochar,DEC,0.0
2043,Agri06_Biochar,DEE,0.0
2043,Agri06_Biochar,DED,0.0
2043,Agri06_Biochar,DEF,0.0
2043,Agri06_Biochar,DEG,0.0
2044,Agri01_AGC,DE1,11208145.016146423
2044,Agri01_AGC,DE2,18449992.690332998
2044,Agri01_AGC,DE3,22820.828648158356
2044,Agri01_AGC,DE4,9663913.906018924
2044,Agri01_AGC,DE5,73371.22224284719
2044,Agri01_AGC,DE6,120515.2621417959
2044,Agri01_AGC,DE7,4065105.590352874
2044,Agri01_AGC,DE8,10661659.165844256
2044,Agri01_AGC,DE9,16255252.428201053
2044,Agri01_AGC,DEA,11711050.163550256
2044,Agri01_AGC,DEB,5827103.070406926
2044,Agri01_AGC,DEC,619606.0266557407
2044,Agri01_AGC,DEE,8729970.358040795
2044,Agri01_AGC,DED,6650595.163170945
2044,Agri01_AGC,DEF,3726498.8531037145
2044,Agri01_AGC,DEG,2979572.6759832962
2044,Agri02_OFC,DE1,3793599.8758622515
2044,Agri02_OFC,DE2,5452115.7762145605
2044,Agri02_OFC,DE3,2391401.5365738785
2044,Agri02_OFC,DE4,3764442.789294171
2044,Agri02_OFC,DE5,1108911.9081797092
2044,Agri02_OFC,DE6,117810.10491692593
2044,Agri02_OFC,DE7,1141465.8427160084
2044,Agri02_OFC,DE8,3698429.6271232963
2044,Agri02_OFC,DE9,4891576.664272876
2044,Agri02_OFC,DEA,3829981.8548085834
2044,Agri02_OFC,DEB,2367112.2717370875
2044,Agri02_OFC,DEC,1694118.9313183918
2044,Agri02_OFC,DEE,2795477.8003222775
2044,Agri02_OFC,DED,2486119.8829423315
2044,Agri02_OFC,DEF,966892.1535695024
2044,Agri02_OFC,DEG,773157.1020732885
2044,Agri03_No-till,DE1,0.0
2044,Agri03_No-till,DE2,0.0
2044,Agri03_No-till,DE3,0.0
2044,Agri03_No-till,DE4,0.0
2044,Agri03_No-till,DE5,0.0
2044,Agri03_No-till,DE6,0.0
2044,Agri03_No-till,DE7,0.0
2044,Agri03_No-till,DE8,0.0
2044,Agri03_No-till,DE9,0.0
2044,Agri03_No-till,DEA,0.0
2044,Agri03_No-till,DEB,0.0
2044,Agri03_No-till,DEC,0.0
2044,Agri03_No-till,DEE,0.0
2044,Agri03_No-till,DED,0.0
2044,Agri03_No-till,DEF,0.0
2044,Agri03_No-till,DEG,0.0
2044,Agri04_toGrassland,DE1,269485.94171413407
2044,Agri04_toGrassland,DE2,457423.31790063536
2044,Agri04_toGrassland,DE3,110593.59903418325
2044,Agri04_toGrassland,DE4,255140.48700220487
2044,Agri04_toGrassland,DE5,51811.69132537658
2044,Agri04_toGrassland,DE6,6453.32515124396
2044,Agri04_toGrassland,DE7,105754.21542098137
2044,Agri04_toGrassland,DE8,260491.97426889208
2044,Agri04_toGrassland,DE9,395695.33500782563
2044,Agri04_toGrassland,DEA,275399.0249021783
2044,Agri04_toGrassland,DEB,158332.8983155662
2044,Agri04_toGrassland,DEC,83426.59326975158
2044,Agri04_toGrassland,DEE,204290.38780386437
2044,Agri04_toGrassland,DED,170759.18954704757
2044,Agri04_toGrassland,DEF,109508.60960023249
2044,Agri04_toGrassland,DEG,87555.21304502263
2044,Agri05_Agroforestry,DE1,19966401.500403836
2044,Agri05_Agroforestry,DE2,36446621.58110315
2044,Agri05_Agroforestry,DE3,36200.99138235867
2044,Agri05_Agroforestry,DE4,13108496.72036174
2044,Agri05_Agroforestry,DE5,297190.05630455614
2044,Agri05_Agroforestry,DE6,240581.42370693543
2044,Agri05_Agroforestry,DE7,6519576.628484504
2044,Agri05_Agroforestry,DE8,12484849.879990073
2044,Agri05_Agroforestry,DE9,29489473.463804267
2044,Agri05_Agroforestry,DEA,16176492.928943612
2044,Agri05_Agroforestry,DEB,9505439.176323922
2044,Agri05_Agroforestry,DEC,1324192.0222980748
2044,Agri05_Agroforestry,DEE,6569353.644543175
2044,Agri05_Agroforestry,DED,7318753.413094554
2044,Agri05_Agroforestry,DEF,3305686.94197551
2044,Agri05_Agroforestry,DEG,2644585.5701098545
2044,Agri06_Biochar,DE1,0.0
2044,Agri06_Biochar,DE2,0.0
2044,Agri06_Biochar,DE3,0.0
2044,Agri06_Biochar,DE4,0.0
2044,Agri06_Biochar,DE5,0.0
2044,Agri06_Biochar,DE6,0.0
2044,Agri06_Biochar,DE7,0.0
2044,Agri06_Biochar,DE8,0.0
2044,Agri06_Biochar,DE9,0.0
2044,Agri06_Biochar,DEA,0.0
2044,Agri06_Biochar,DEB,0.0
2044,Agri06_Biochar,DEC,0.0
2044,Agri06_Biochar,DEE,0.0
2044,Agri06_Biochar,DED,0.0
2044,Agri06_Biochar,DEF,0.0
2044,Agri06_Biochar,DEG,0.0
2045,Agri01_AGC,DE1,9467998.984906035
2045,Agri01_AGC,DE2,15585497.137300292
2045,Agri01_AGC,DE3,19277.72902333183
2045,Agri01_AGC,DE4,8163520.985907554
2045,Agri01_AGC,DE5,61979.80635652377
2045,Agri01_AGC,DE6,101804.39117984568
2045,Agri01_AGC,DE7,3433968.381703712
2045,Agri01_AGC,DE8,9006359.037486315
2045,Agri01_AGC,DE9,13731506.263336549
2045,Agri01_AGC,DEA,9892824.450517347
2045,Agri01_AGC,DEB,4922402.937870309
2045,Agri01_AGC,DEC,523407.6845871509
2045,Agri01_AGC,DEE,7374578.966378195
2045,Agri01_AGC,DED,5618041.893927338
2045,Agri01_AGC,DEF,3147932.8031187695
2045,Agri01_AGC,DEG,2516972.3474333626
2045,Agri02_OFC,DE1,3181415.3219263074
2045,Agri02_OFC,DE2,4572291.552867757
2045,Agri02_OFC,DE3,2005493.9208909087
2045,Agri02_OFC,DE4,3156963.401590524
2045,Agri02_OFC,DE5,929963.4781719311
2045,Agri02_OFC,DE6,98798.73606207999
2045,Agri02_OFC,DE7,957264.0869635285
2045,Agri02_OFC,DE8,3101602.980762934
2045,Agri02_OFC,DE9,4102208.313299718
2045,Agri02_OFC,DEA,3211926.232156541
2045,Agri02_OFC,DEB,1985124.2873399984
2045,Agri02_OFC,DEC,1420733.8943558782
2045,Agri02_OFC,DEE,2344363.189865593
2045,Agri02_OFC,DED,2084927.2845203897
2045,Agri02_OFC,DEF,810861.8759687123
2045,Agri02_OFC,DEG,648390.4289545103
2045,Agri03_No-till,DE1,0.0
2045,Agri03_No-till,DE2,0.0
2045,Agri03_No-till,DE3,0.0
2045,Agri03_No-till,DE4,0.0
2045,Agri03_No-till,DE5,0.0
2045,Agri03_No-till,DE6,0.0
2045,Agri03_No-till,DE7,0.0
2045,Agri03_No-till,DE8,0.0
2045,Agri03_No-till,DE9,0.0
2045,Agri03_No-till,DEA,0.0
2045,Agri03_No-till,DEB,0.0
2045,Agri03_No-till,DEC,0.0
2045,Agri03_No-till,DEE,0.0
2045,Agri03_No-till,DED,0.0
2045,Agri03_No-till,DEF,0.0
2045,Agri03_No-till,DEG,0.0
2045,Agri04_toGrassland,DE1,262828.60497721506
2045,Agri04_toGrassland,DE2,446123.20688477537
2045,Agri04_toGrassland,DE3,107861.51280721647
2045,Agri04_toGrassland,DE4,248837.53803799883
2045,Agri04_toGrassland,DE5,50531.74375605873
2045,Agri04_toGrassland,DE6,6293.903259580931
2045,Agri04_toGrassland,DE7,103141.68053723972
2045,Agri04_toGrassland,DE8,254056.82303635599
2045,Agri04_toGrassland,DE9,385920.14201030193
2045,Agri04_toGrassland,DEA,268595.61232291354
2045,Agri04_toGrassland,DEB,154421.46822791724
2045,Agri04_toGrassland,DEC,81365.63632083632
2045,Agri04_toGrassland,DEE,199243.63139395564
2045,Agri04_toGrassland,DED,166540.78238819112
2045,Agri04_toGrassland,DEF,106803.32677522376
2045,Agri04_toGrassland,DEG,85392.2633467719
2045,Agri05_Agroforestry,DE1,20437667.93672284
2045,Agri05_Agroforestry,DE2,37306870.20767948
2045,Agri05_Agroforestry,DE3,37055.442405976224
2045,Agri05_Agroforestry,DE4,13417896.215046816
2045,Agri05_Agroforestry,DE5,304204.6251912562
2045,Agri05_Agroforestry,DE6,246259.8605646049
2045,Agri05_Agroforestry,DE7,6673458.019878564
2045,Agri05_Agroforestry,DE8,12779529.455115402
2045,Agri05_Agroforestry,DE9,30185512.710932996
2045,Agri05_Agroforestry,DEA,16558306.255426537
2045,Agri05_Agroforestry,DEB,9729795.800935656
2045,Agri05_Agroforestry,DEC,1355446.8909001036
2045,Agri05_Agroforestry,DEE,6724409.921505276
2045,Agri05_Agroforestry,DED,7491497.752589924
2045,Agri05_Agroforestry,DEF,3383710.981745499
2045,Agri05_Agroforestry,DEG,2707005.6520230193
2045,Agri06_Biochar,DE1,0.0
2045,Agri06_Biochar,DE2,0.0
2045,Agri06_Biochar,DE3,0.0
2045,Agri06_Biochar,DE4,0.0
2045,Agri06_Biochar,DE5,0.0
2045,Agri06_Biochar,DE6,0.0
2045,Agri06_Biochar,DE7,0.0
2045,Agri06_Biochar,DE8,0.0
2045,Agri06_Biochar,DE9,0.0
2045,Agri06_Biochar,DEA,0.0
2045,Agri06_Biochar,DEB,0.0
2045,Agri06_Biochar,DEC,0.0
2045,Agri06_Biochar,DEE,0.0
2045,Agri06_Biochar,DED,0.0
2045,Agri06_Biochar,DEF,0.0
2045,Agri06_Biochar,DEG,0.0
2046,Agri01_AGC,DE1,7727852.953665648
2046,Agri01_AGC,DE2,12721001.584267585
2046,Agri01_AGC,DE3,15734.629398505302
2046,Agri01_AGC,DE4,6663128.065796184
2046,Agri01_AGC,DE5,50588.39047020036
2046,Agri01_AGC,DE6,83093.52021789548
2046,Agri01_AGC,DE7,2802831.1730545503
2046,Agri01_AGC,DE8,7351058.909128374
2046,Agri01_AGC,DE9,11207760.098472046
2046,Agri01_AGC,DEA,8074598.737484438
2046,Agri01_AGC,DEB,4017702.805333692
2046,Agri01_AGC,DEC,427209.34251856117
2046,Agri01_AGC,DEE,6019187.574715598
2046,Agri01_AGC,DED,4585488.624683729
2046,Agri01_AGC,DEF,2569366.753133824
2046,Agri01_AGC,DEG,2054372.0188834292
2046,Agri02_OFC,DE1,2569230.7679903596
2046,Agri02_OFC,DE2,3692467.329520949
2046,Agri02_OFC,DE3,1619586.305207937
2046,Agri02_OFC,DE4,2549484.0138868727
2046,Agri02_OFC,DE5,751015.048164152
2046,Agri02_OFC,DE6,79787.36720723393
2046,Agri02_OFC,DE7,773062.3312110477
2046,Agri02_OFC,DE8,2504776.3344025677
2046,Agri02_OFC,DE9,3312839.9623265546
2046,Agri02_OFC,DEA,2593870.609504496
2046,Agri02_OFC,DEB,1603136.3029429074
2046,Agri02_OFC,DEC,1147348.8573933633
2046,Agri02_OFC,DEE,1893248.5794089052
2046,Agri02_OFC,DED,1683734.6860984454
2046,Agri02_OFC,DEF,654831.5983679212
2046,Agri02_OFC,DEG,523623.7558357313
2046,Agri03_No-till,DE1,0.0
2046,Agri03_No-till,DE2,0.0
2046,Agri03_No-till,DE3,0.0
2046,Agri03_No-till,DE4,0.0
2046,Agri03_No-till,DE5,0.0
2046,Agri03_No-till,DE6,0.0
2046,Agri03_No-till,DE7,0.0
2046,Agri03_No-till,DE8,0.0
2046,Agri03_No-till,DE9,0.0
2046,Agri03_No-till,DEA,0.0
2046,Agri03_No-till,DEB,0.0
2046,Agri03_No-till,DEC,0.0
2046,Agri03_No-till,DEE,0.0
2046,Agri03_No-till,DED,0.0
2046,Agri03_No-till,DEF,0.0
2046,Agri03_No-till,DEG,0.0
2046,Agri04_toGrassland,DE1,256171.26824029608
2046,Agri04_toGrassland,DE2,434823.0958689155
2046,Agri04_toGrassland,DE3,105129.4265802497
2046,Agri04_toGrassland,DE4,242534.58907379286
2046,Agri04_toGrassland,DE5,49251.79618674089
2046,Agri04_toGrassland,DE6,6134.481367917904
2046,Agri04_toGrassland,DE7,100529.14565349807
2046,Agri04_toGrassland,DE8,247621.67180381995
2046,Agri04_toGrassland,DE9,376144.94901277835
2046,Agri04_toGrassland,DEA,261792.19974364887
2046,Agri04_toGrassland,DEB,150510.0381402683
2046,Agri04_toGrassland,DEC,79304.67937192107
2046,Agri04_toGrassland,DEE,194196.8749840469
2046,Agri04_toGrassland,DED,162322.3752293347
2046,Agri04_toGrassland,DEF,104098.04395021505
2046,Agri04_toGrassland,DEG,83229.31364852119
2046,Agri05_Agroforestry,DE1,20908934.37304185
2046,Agri05_Agroforestry,DE2,38167118.834255815
2046,Agri05_Agroforestry,DE3,37909.89342959379
2046,Agri05_Agroforestry,DE4,13727295.70973189
2046,Agri05_Agroforestry,DE5,311219.1940779562
2046,Agri05_Agroforestry,DE6,251938.2974222744
2046,Agri05_Agroforestry,DE7,6827339.411272624
2046,Agri05_Agroforestry,DE8,13074209.03024073
2046,Agri05_Agroforestry,DE9,30881551.95806172
2046,Agri05_Agroforestry,DEA,16940119.581909463
2046,Agri05_Agroforestry,DEB,9954152.42554739
2046,Agri05_Agroforestry,DEC,1386701.7595021324
2046,Agri05_Agroforestry,DEE,6879466.1984673785
2046,Agri05_Agroforestry,DED,7664242.092085295
2046,Agri05_Agroforestry,DEF,3461735.021515488
2046,Agri05_Agroforestry,DEG,2769425.7339361836
2046,Agri06_Biochar,DE1,0.0
2046,Agri06_Biochar,DE2,0.0
2046,Agri06_Biochar,DE3,0.0
2046,Agri06_Biochar,DE4,0.0
2046,Agri06_Biochar,DE5,0.0
2046,Agri06_Biochar,DE6,0.0
2046,Agri06_Biochar,DE7,0.0
2046,Agri06_Biochar,DE8,0.0
2046,Agri06_Biochar,DE9,0.0
2046,Agri06_Biochar,DEA,0.0
2046,Agri06_Biochar,DEB,0.0
2046,Agri06_Biochar,DEC,0.0
2046,Agri06_Biochar,DEE,0.0
2046,Agri06_Biochar,DED,0.0
2046,Agri06_Biochar,DEF,0.0
2046,Agri06_Biochar,DEG,0.0
2047,Agri01_AGC,DE1,5987706.92242526
2047,Agri01_AGC,DE2,9856506.031234877
2047,Agri01_AGC,DE3,12191.529773678774
2047,Agri01_AGC,DE4,5162735.145684815
2047,Agri01_AGC,DE5,39196.97458387694
2047,Agri01_AGC,DE6,64382.64925594527
2047,Agri01_AGC,DE7,2171693.9644053886
2047,Agri01_AGC,DE8,5695758.780770434
2047,Agri01_AGC,DE9,8684013.933607541
2047,Agri01_AGC,DEA,6256373.02445153
2047,Agri01_AGC,DEB,3113002.6727970755
2047,Agri01_AGC,DEC,331011.0004499714
2047,Agri01_AGC,DEE,4663796.183052999
2047,Agri01_AGC,DED,3552935.3554401216
2047,Agri01_AGC,DEF,1990800.703148879
2047,Agri01_AGC,DEG,1591771.6903334958
2047,Agri02_OFC,DE1,1957046.2140544157
2047,Agri02_OFC,DE2,2812643.1061741463
2047,Agri02_OFC,DE3,1233678.6895249672
2047,Agri02_OFC,DE4,1942004.6261832253
2047,Agri02_OFC,DE5,572066.6181563739
2047,Agri02_OFC,DE6,60775.99835238797
2047,Agri02_OFC,DE7,588860.5754585679
2047,Agri02_OFC,DE8,1907949.6880422053
2047,Agri02_OFC,DE9,2523471.6113533964
2047,Agri02_OFC,DEA,1975814.9868524543
2047,Agri02_OFC,DEB,1221148.3185458186
2047,Agri02_OFC,DEC,873963.8204308499
2047,Agri02_OFC,DEE,1442133.9689522204
2047,Agri02_OFC,DED,1282542.0876765037
2047,Agri02_OFC,DEF,498801.320767131
2047,Agri02_OFC,DEG,398857.082716953
2047,Agri03_No-till,DE1,0.0
2047,Agri03_No-till,DE2,0.0
2047,Agri03_No-till,DE3,0.0
2047,Agri03_No-till,DE4,0.0
2047,Agri03_No-till,DE5,0.0
2047,Agri03_No-till,DE6,0.0
2047,Agri03_No-till,DE7,0.0
2047,Agri03_No-till,DE8,0.0
2047,Agri03_No-till,DE9,0.0
2047,Agri03_No-till,DEA,0.0
2047,Agri03_No-till,DEB,0.0
2047,Agri03_No-till,DEC,0.0
2047,Agri03_No-till,DEE,0.0
2047,Agri03_No-till,DED,0.0
2047,Agri03_No-till,DEF,0.0
2047,Agri03_No-till,DEG,0.0
2047,Agri04_toGrassland,DE1,249513.93150337707
2047,Agri04_toGrassland,DE2,423522.9848530555
2047,Agri04_toGrassland,DE3,102397.34035328291
2047,Agri04_toGrassland,DE4,236231.64010958682
2047,Agri04_toGrassland,DE5,47971.848617423035
2047,Agri04_toGrassland,DE6,5975.059476254875
2047,Agri04_toGrassland,DE7,97916.61076975641
2047,Agri04_toGrassland,DE8,241186.52057128385
2047,Agri04_toGrassland,DE9,366369.75601525465
2047,Agri04_toGrassland,DEA,254988.78716438412
2047,Agri04_toGrassland,DEB,146598.60805261933
2047,Agri04_toGrassland,DEC,77243.7224230058
2047,Agri04_toGrassland,DEE,189150.11857413818
2047,Agri04_toGrassland,DED,158103.96807047824
2047,Agri04_toGrassland,DEF,101392.76112520632
2047,Agri04_toGrassland,DEG,81066.36395027045
2047,Agri05_Agroforestry,DE1,21380200.809360854
2047,Agri05_Agroforestry,DE2,39027367.460832134
2047,Agri05_Agroforestry,DE3,38764.34445321134
2047,Agri05_Agroforestry,DE4,14036695.204416964
2047,Agri05_Agroforestry,DE5,318233.76296465617
2047,Agri05_Agroforestry,DE6,257616.73427994386
2047,Agri05_Agroforestry,DE7,6981220.802666682
2047,Agri05_Agroforestry,DE8,13368888.605366055
2047,Agri05_Agroforestry,DE9,31577591.205190446
2047,Agri05_Agroforestry,DEA,17321932.90839239
2047,Agri05_Agroforestry,DEB,10178509.050159123
2047,Agri05_Agroforestry,DEC,1417956.628104161
2047,Agri05_Agroforestry,DEE,7034522.475429479
2047,Agri05_Agroforestry,DED,7836986.4315806655
2047,Agri05_Agroforestry,DEF,3539759.0612854767
2047,Agri05_Agroforestry,DEG,2831845.815849348
2047,Agri06_Biochar,DE1,0.0
2047,Agri06_Biochar,DE2,0.0
2047,Agri06_Biochar,DE3,0.0
2047,Agri06_Biochar,DE4,0.0
2047,Agri06_Biochar,DE5,0.0
2047,Agri06_Biochar,DE6,0.0
2047,Agri06_Biochar,DE7,0.0
2047,Agri06_Biochar,DE8,0.0
2047,Agri06_Biochar,DE9,0.0
2047,Agri06_Biochar,DEA,0.0
2047,Agri06_Biochar,DEB,0.0
2047,Agri06_Biochar,DEC,0.0
2047,Agri06_Biochar,DEE,0.0
2047,Agri06_Biochar,DED,0.0
2047,Agri06_Biochar,DEF,0.0
2047,Agri06_Biochar,DEG,0.0
2048,Agri01_AGC,DE1,4247560.891184871
2048,Agri01_AGC,DE2,6992010.478202168
2048,Agri01_AGC,DE3,8648.430148852245
2048,Agri01_AGC,DE4,3662342.225573445
2048,Agri01_AGC,DE5,27805.558697553515
2048,Agri01_AGC,DE6,45671.77829399505
2048,Agri01_AGC,DE7,1540556.7557562268
2048,Agri01_AGC,DE8,4040458.6524124932
2048,Agri01_AGC,DE9,6160267.768743036
2048,Agri01_AGC,DEA,4438147.31141862
2048,Agri01_AGC,DEB,2208302.5402604584
2048,Agri01_AGC,DEC,234812.65838138163
2048,Agri01_AGC,DEE,3308404.791390401
2048,Agri01_AGC,DED,2520382.0861965134
2048,Agri01_AGC,DEF,1412234.6531639337
2048,Agri01_AGC,DEG,1129171.3617835622
2048,Agri02_OFC,DE1,1344861.6601184749
2048,Agri02_OFC,DE2,1932818.8828273476
2048,Agri02_OFC,DE3,847771.0738419998
2048,Agri02_OFC,DE4,1334525.2384795812
2048,Agri02_OFC,DE5,393118.1881485967
2048,Agri02_OFC,DE6,41764.62949754212
2048,Agri02_OFC,DE7,404658.8197060891
2048,Agri02_OFC,DE8,1311123.041681846
2048,Agri02_OFC,DE9,1734103.260380242
2048,Agri02_OFC,DEA,1357759.3642004158
2048,Agri02_OFC,DEB,839160.3341487315
2048,Agri02_OFC,DEC,600578.783468338
2048,Agri02_OFC,DEE,991019.3584955379
2048,Agri02_OFC,DED,881349.4892545639
2048,Agri02_OFC,DEF,342771.04316634167
2048,Agri02_OFC,DEG,274090.4095981754
2048,Agri03_No-till,DE1,0.0
2048,Agri03_No-till,DE2,0.0
2048,Agri03_No-till,DE3,0.0
2048,Agri03_No-till,DE4,0.0
2048,Agri03_No-till,DE5,0.0
2048,Agri03_No-till,DE6,0.0
2048,Agri03_No-till,DE7,0.0
2048,Agri03_No-till,DE8,0.0
2048,Agri03_No-till,DE9,0.0
2048,Agri03_No-till,DEA,0.0
2048,Agri03_No-till,DEB,0.0
2048,Agri03_No-till,DEC,0.0
2048,Agri03_No-till,DEE,0.0
2048,Agri03_No-till,DED,0.0
2048,Agri03_No-till,DEF,0.0
2048,Agri03_No-till,DEG,0.0
2048,Agri04_toGrassland,DE1,242856.59476645803
2048,Agri04_toGrassland,DE2,412222.8738371955
2048,Agri04_toGrassland,DE3,99665.25412631613
2048,Agri04_toGrassland,DE4,229928.69114538078
2048,Agri04_toGrassland,DE5,46691.90104810519
2048,Agri04_toGrassland,DE6,5815.637584591847
2048,Agri04_toGrassland,DE7,95304.07588601475
2048,Agri04_toGrassland,DE8,234751.36933874775
2048,Agri04_toGrassland,DE9,356594.563017731
2048,Agri04_toGrassland,DEA,248185.37458511937
2048,Agri04_toGrassland,DEB,142687.17796497035
2048,Agri04_toGrassland,DEC,75182.76547409054
2048,Agri04_toGrassland,DEE,184103.36216422945
2048,Agri04_toGrassland,DED,153885.56091162175
2048,Agri04_toGrassland,DEF,98687.47830019759
2048,Agri04_toGrassland,DEG,78903.41425201972
2048,Agri05_Agroforestry,DE1,21851467.245679863
2048,Agri05_Agroforestry,DE2,39887616.08740846
2048,Agri05_Agroforestry,DE3,39618.795476828906
2048,Agri05_Agroforestry,DE4,14346094.699102039
2048,Agri05_Agroforestry,DE5,325248.3318513562
2048,Agri05_Agroforestry,DE6,263295.17113761336
2048,Agri05_Agroforestry,DE7,7135102.194060742
2048,Agri05_Agroforestry,DE8,13663568.180491382
2048,Agri05_Agroforestry,DE9,32273630.45231917
2048,Agri05_Agroforestry,DEA,17703746.234875314
2048,Agri05_Agroforestry,DEB,10402865.674770856
2048,Agri05_Agroforestry,DEC,1449211.4967061898
2048,Agri05_Agroforestry,DEE,7189578.752391581
2048,Agri05_Agroforestry,DED,8009730.771076037
2048,Agri05_Agroforestry,DEF,3617783.1010554656
2048,Agri05_Agroforestry,DEG,2894265.897762513
2048,Agri06_Biochar,DE1,0.0
2048,Agri06_Biochar,DE2,0.0
2048,Agri06_Biochar,DE3,0.0
2048,Agri06_Biochar,DE4,0.0
2048,Agri06_Biochar,DE5,0.0
2048,Agri06_Biochar,DE6,0.0
2048,Agri06_Biochar,DE7,0.0
2048,Agri06_Biochar,DE8,0.0
2048,Agri06_Biochar,DE9,0.0
2048,Agri06_Biochar,DEA,0.0
2048,Agri06_Biochar,DEB,0.0
2048,Agri06_Biochar,DEC,0.0
2048,Agri06_Biochar,DEE,0.0
2048,Agri06_Biochar,DED,0.0
2048,Agri06_Biochar,DEF,0.0
2048,Agri06_Biochar,DEG,0.0
2049,Agri01_AGC,DE1,2507414.8599444837
2049,Agri01_AGC,DE2,4127514.9251694605
2049,Agri01_AGC,DE3,5105.330524025718
2049,Agri01_AGC,DE4,2161949.305462076
2049,Agri01_AGC,DE5,16414.142811230096
2049,Agri01_AGC,DE6,26960.907332044837
2049,Agri01_AGC,DE7,909419.5471070651
2049,Agri01_AGC,DE8,2385158.524054553
2049,Agri01_AGC,DE9,3636521.6038785325
2049,Agri01_AGC,DEA,2619921.5983857117
2049,Agri01_AGC,DEB,1303602.4077238415
2049,Agri01_AGC,DEC,138614.31631279187
2049,Agri01_AGC,DEE,1953013.3997278025
2049,Agri01_AGC,DED,1487828.8169529054
2049,Agri01_AGC,DEF,833668.6031789884
2049,Agri01_AGC,DEG,666571.0332336287
2049,Agri02_OFC,DE1,732677.1061825306
2049,Agri02_OFC,DE2,1052994.6594805443
2049,Agri02_OFC,DE3,461863.45815903007
2049,Agri02_OFC,DE4,727045.8507759338
2049,Agri02_OFC,DE5,214169.75814081854
2049,Agri02_OFC,DE6,22753.260642696165
2049,Agri02_OFC,DE7,220457.06395360932
2049,Agri02_OFC,DE8,714296.3953214833
2049,Agri02_OFC,DE9,944734.9094070835
2049,Agri02_OFC,DEA,739703.741548374
2049,Agri02_OFC,DEB,457172.3497516427
2049,Agri02_OFC,DEC,327193.7465058245
2049,Agri02_OFC,DEE,539904.7480388529
2049,Agri02_OFC,DED,480156.890832622
2049,Agri02_OFC,DEF,186740.76556555153
2049,Agri02_OFC,DEG,149323.73647939714
2049,Agri03_No-till,DE1,0.0
2049,Agri03_No-till,DE2,0.0
2049,Agri03_No-till,DE3,0.0
2049,Agri03_No-till,DE4,0.0
2049,Agri03_No-till,DE5,0.0
2049,Agri03_No-till,DE6,0.0
2049,Agri03_No-till,DE7,0.0
2049,Agri03_No-till,DE8,0.0
2049,Agri03_No-till,DE9,0.0
2049,Agri03_No-till,DEA,0.0
2049,Agri03_No-till,DEB,0.0
2049,Agri03_No-till,DEC,0.0
2049,Agri03_No-till,DEE,0.0
2049,Agri03_No-till,DED,0.0
2049,Agri03_No-till,DEF,0.0
2049,Agri03_No-till,DEG,0.0
2049,Agri04_toGrassland,DE1,236199.25802953905
2049,Agri04_toGrassland,DE2,400922.76282133564
2049,Agri04_toGrassland,DE3,96933.16789934936
2049,Agri04_toGrassland,DE4,223625.7421811748
2049,Agri04_toGrassland,DE5,45411.95347878734
2049,Agri04_toGrassland,DE6,5656.215692928819
2049,Agri04_toGrassland,DE7,92691.54100227311
2049,Agri04_toGrassland,DE8,228316.21810621172
2049,Agri04_toGrassland,DE9,346819.37002020737
2049,Agri04_toGrassland,DEA,241381.96200585464
2049,Agri04_toGrassland,DEB,138775.74787732138
2049,Agri04_toGrassland,DEC,73121.8085251753
2049,Agri04_toGrassland,DEE,179056.60575432074
2049,Agri04_toGrassland,DED,149667.15375276533
2049,Agri04_toGrassland,DEF,95982.19547518888
2049,Agri04_toGrassland,DEG,76740.46455376901
2049,Agri05_Agroforestry,DE1,22322733.681998868
2049,Agri05_Agroforestry,DE2,40747864.71398478
2049,Agri05_Agroforestry,DE3,40473.24650044646
2049,Agri05_Agroforestry,DE4,14655494.193787113
2049,Agri05_Agroforestry,DE5,332262.90073805617
2049,Agri05_Agroforestry,DE6,268973.6079952828
2049,Agri05_Agroforestry,DE7,7288983.5854548
2049,Agri05_Agroforestry,DE8,13958247.75561671
2049,Agri05_Agroforestry,DE9,32969669.699447896
2049,Agri05_Agroforestry,DEA,18085559.56135824
2049,Agri05_Agroforestry,DEB,10627222.299382588
2049,Agri05_Agroforestry,DEC,1480466.3653082184
2049,Agri05_Agroforestry,DEE,7344635.029353682
2049,Agri05_Agroforestry,DED,8182475.110571406
2049,Agri05_Agroforestry,DEF,3695807.140825454
2049,Agri05_Agroforestry,DEG,2956685.979675677
2049,Agri06_Biochar,DE1,0.0
2049,Agri06_Biochar,DE2,0.0
2049,Agri06_Biochar,DE3,0.0
2049,Agri06_Biochar,DE4,0.0
2049,Agri06_Biochar,DE5,0.0
2049,Agri06_Biochar,DE6,0.0
2049,Agri06_Biochar,DE7,0.0
2049,Agri06_Biochar,DE8,0.0
2049,Agri06_Biochar,DE9,0.0
2049,Agri06_Biochar,DEA,0.0
2049,Agri06_Biochar,DEB,0.0
2049,Agri06_Biochar,DEC,0.0
2049,Agri06_Biochar,DEE,0.0
2049,Agri06_Biochar,DED,0.0
2049,Agri06_Biochar,DEF,0.0
2049,Agri06_Biochar,DEG,0.0
2050,Agri01_AGC,DE1,767268.8287040977
2050,Agri01_AGC,DE2,1263019.3721367556
2050,Agri01_AGC,DE3,1562.230899199193
2050,Agri01_AGC,DE4,661556.385350708
2050,Agri01_AGC,DE5,5022.726924906692
2050,Agri01_AGC,DE6,8250.036370094644
2050,Agri01_AGC,DE7,278282.338457904
2050,Agri01_AGC,DE8,729858.395696614
2050,Agri01_AGC,DE9,1112775.439014031
2050,Agri01_AGC,DEA,801695.885352805
2050,Agri01_AGC,DEB,398902.27518722566
2050,Agri01_AGC,DEC,42415.97424420221
2050,Agri01_AGC,DEE,597622.0080652056
2050,Agri01_AGC,DED,455275.5477092986
2050,Agri01_AGC,DEF,255102.55319404384
2050,Agri01_AGC,DEG,203970.70468369566
2050,Agri02_OFC,DE1,120492.55224658197
2050,Agri02_OFC,DE2,173170.43613373442
2050,Agri02_OFC,DE3,75955.8424760575
2050,Agri02_OFC,DE4,119566.4630722818
2050,Agri02_OFC,DE5,35221.32813303904
2050,Agri02_OFC,DE6,3741.8917878500697
2050,Agri02_OFC,DE7,36255.30820112813
2050,Agri02_OFC,DE8,117469.74896111625
2050,Agri02_OFC,DE9,155366.5584339191
2050,Agri02_OFC,DEA,121648.11889632743
2050,Agri02_OFC,DEB,75184.36535455087
2050,Agri02_OFC,DEC,53808.70954330899
2050,Agri02_OFC,DEE,88790.13758216467
2050,Agri02_OFC,DED,78964.2924106771
2050,Agri02_OFC,DEF,30710.48796476019
2050,Agri02_OFC,DEG,24557.06336061793
2050,Agri03_No-till,DE1,0.0
2050,Agri03_No-till,DE2,0.0
2050,Agri03_No-till,DE3,0.0
2050,Agri03_No-till,DE4,0.0
2050,Agri03_No-till,DE5,0.0
2050,Agri03_No-till,DE6,0.0
2050,Agri03_No-till,DE7,0.0
2050,Agri03_No-till,DE8,0.0
2050,Agri03_No-till,DE9,0.0
2050,Agri03_No-till,DEA,0.0
2050,Agri03_No-till,DEB,0.0
2050,Agri03_No-till,DEC,0.0
2050,Agri03_No-till,DEE,0.0
2050,Agri03_No-till,DED,0.0
2050,Agri03_No-till,DEF,0.0
2050,Agri03_No-till,DEG,0.0
2050,Agri04_toGrassland,DE1,229541.92129262004
2050,Agri04_toGrassland,DE2,389622.65180547565
2050,Agri04_toGrassland,DE3,94201.08167238257
2050,Agri04_toGrassland,DE4,217322.79321696877
2050,Agri04_toGrassland,DE5,44132.005909469495
2050,Agri04_toGrassland,DE6,5496.793801265791
2050,Agri04_toGrassland,DE7,90079.00611853146
2050,Agri04_toGrassland,DE8,221881.06687367562
2050,Agri04_toGrassland,DE9,337044.1770226837
2050,Agri04_toGrassland,DEA,234578.5494265899
2050,Agri04_toGrassland,DEB,134864.3177896724
2050,Agri04_toGrassland,DEC,71060.85157626003
2050,Agri04_toGrassland,DEE,174009.84934441198
2050,Agri04_toGrassland,DED,145448.74659390887
2050,Agri04_toGrassland,DEF,93276.91265018015
2050,Agri04_toGrassland,DEG,74577.51485551827
2050,Agri05_Agroforestry,DE1,22794000.11831787
2050,Agri05_Agroforestry,DE2,41608113.3405611
2050,Agri05_Agroforestry,DE3,41327.69752406401
2050,Agri05_Agroforestry,DE4,14964893.688472183
2050,Agri05_Agroforestry,DE5,339277.46962475614
2050,Agri05_Agroforestry,DE6,274652.04485295224
2050,Agri05_Agroforestry,DE7,7442864.976848858
2050,Agri05_Agroforestry,DE8,14252927.330742033
2050,Agri05_Agroforestry,DE9,33665708.94657662
2050,Agri05_Agroforestry,DEA,18467372.887841158
2050,Agri05_Agroforestry,DEB,10851578.92399432
2050,Agri05_Agroforestry,DEC,1511721.233910247
2050,Agri05_Agroforestry,DEE,7499691.3063157825
2050,Agri05_Agroforestry,DED,8355219.450066775
2050,Agri05_Agroforestry,DEF,3773831.180595442
2050,Agri05_Agroforestry,DEG,3019106.061588841
2050,Agri06_Biochar,DE1,0.0
2050,Agri06_Biochar,DE2,0.0
2050,Agri06_Biochar,DE3,0.0
2050,Agri06_Biochar,DE4,0.0
2050,Agri06_Biochar,DE5,0.0
2050,Agri06_Biochar,DE6,0.0
2050,Agri06_Biochar,DE7,0.0
2050,Agri06_Biochar,DE8,0.0
2050,Agri06_Biochar,DE9,0.0
2050,Agri06_Biochar,DEA,0.0
2050,Agri06_Biochar,DEB,0.0
2050,Agri06_Biochar,DEC,0.0
2050,Agri06_Biochar,DEE,0.0
2050,Agri06_Biochar,DED,0.0
2050,Agri06_Biochar,DEF,0.0
2050,Agri06_Biochar,DEG,0.0
