year,techAgri,r,costTechAgri
2020,Agri01_AGC,DE1,0.0
2020,Agri01_AGC,DE2,0.0
2020,Agri01_AGC,DE3,0.0
2020,Agri01_AGC,DE4,0.0
2020,Agri01_AGC,DE5,0.0
2020,Agri01_AGC,DE6,0.0
2020,Agri01_AGC,DE7,0.0
2020,Agri01_AGC,DE8,0.0
2020,Agri01_AGC,DE9,0.0
2020,Agri01_AGC,DEA,0.0
2020,Agri01_AGC,DEB,0.0
2020,Agri01_AGC,DEC,0.0
2020,Agri01_AGC,DEE,0.0
2020,Agri01_AGC,DED,0.0
2020,Agri01_AGC,DEF,0.0
2020,Agri01_AGC,DEG,0.0
2020,Agri02_OFC,DE1,0.0
2020,Agri02_OFC,DE2,0.0
2020,Agri02_OFC,DE3,0.0
2020,Agri02_OFC,DE4,0.0
2020,Agri02_OFC,DE5,0.0
2020,Agri02_OFC,DE6,0.0
2020,Agri02_OFC,DE7,0.0
2020,Agri02_OFC,DE8,0.0
2020,Agri02_OFC,DE9,0.0
2020,Agri02_OFC,DEA,0.0
2020,Agri02_OFC,DEB,0.0
2020,Agri02_OFC,DEC,0.0
2020,Agri02_OFC,DEE,0.0
2020,Agri02_OFC,DED,0.0
2020,Agri02_OFC,DEF,0.0
2020,Agri02_OFC,DEG,0.0
2020,Agri03_No-till,DE1,0.0
2020,Agri03_No-till,DE2,0.0
2020,Agri03_No-till,DE3,0.0
2020,Agri03_No-till,DE4,0.0
2020,Agri03_No-till,DE5,0.0
2020,Agri03_No-till,DE6,0.0
2020,Agri03_No-till,DE7,0.0
2020,Agri03_No-till,DE8,0.0
2020,Agri03_No-till,DE9,0.0
2020,Agri03_No-till,DEA,0.0
2020,Agri03_No-till,DEB,0.0
2020,Agri03_No-till,DEC,0.0
2020,Agri03_No-till,DEE,0.0
2020,Agri03_No-till,DED,0.0
2020,Agri03_No-till,DEF,0.0
2020,Agri03_No-till,DEG,0.0
2020,Agri04_toGrassland,DE1,0.0
2020,Agri04_toGrassland,DE2,0.0
2020,Agri04_toGrassland,DE3,0.0
2020,Agri04_toGrassland,DE4,0.0
2020,Agri04_toGrassland,DE5,0.0
2020,Agri04_toGrassland,DE6,0.0
2020,Agri04_toGrassland,DE7,0.0
2020,Agri04_toGrassland,DE8,0.0
2020,Agri04_toGrassland,DE9,0.0
2020,Agri04_toGrassland,DEA,0.0
2020,Agri04_toGrassland,DEB,0.0
2020,Agri04_toGrassland,DEC,0.0
2020,Agri04_toGrassland,DEE,0.0
2020,Agri04_toGrassland,DED,0.0
2020,Agri04_toGrassland,DEF,0.0
2020,Agri04_toGrassland,DEG,0.0
2020,Agri05_Agroforestry,DE1,0.0
2020,Agri05_Agroforestry,DE2,0.0
2020,Agri05_Agroforestry,DE3,0.0
2020,Agri05_Agroforestry,DE4,0.0
2020,Agri05_Agroforestry,DE5,0.0
2020,Agri05_Agroforestry,DE6,0.0
2020,Agri05_Agroforestry,DE7,0.0
2020,Agri05_Agroforestry,DE8,0.0
2020,Agri05_Agroforestry,DE9,0.0
2020,Agri05_Agroforestry,DEA,0.0
2020,Agri05_Agroforestry,DEB,0.0
2020,Agri05_Agroforestry,DEC,0.0
2020,Agri05_Agroforestry,DEE,0.0
2020,Agri05_Agroforestry,DED,0.0
2020,Agri05_Agroforestry,DEF,0.0
2020,Agri05_Agroforestry,DEG,0.0
2020,Agri06_Biochar,DE1,0.0
2020,Agri06_Biochar,DE2,0.0
2020,Agri06_Biochar,DE3,0.0
2020,Agri06_Biochar,DE4,0.0
2020,Agri06_Biochar,DE5,0.0
2020,Agri06_Biochar,DE6,0.0
2020,Agri06_Biochar,DE7,0.0
2020,Agri06_Biochar,DE8,0.0
2020,Agri06_Biochar,DE9,0.0
2020,Agri06_Biochar,DEA,0.0
2020,Agri06_Biochar,DEB,0.0
2020,Agri06_Biochar,DEC,0.0
2020,Agri06_Biochar,DEE,0.0
2020,Agri06_Biochar,DED,0.0
2020,Agri06_Biochar,DEF,0.0
2020,Agri06_Biochar,DEG,0.0
2021,Agri01_AGC,DE1,0.0
2021,Agri01_AGC,DE2,2507206.489859491
2021,Agri01_AGC,DE3,0.0
2021,Agri01_AGC,DE4,0.0
2021,Agri01_AGC,DE5,0.0
2021,Agri01_AGC,DE6,0.0
2021,Agri01_AGC,DE7,646631.4428646218
2021,Agri01_AGC,DE8,0.0
2021,Agri01_AGC,DE9,2070285.926834005
2021,Agri01_AGC,DEA,0.0
2021,Agri01_AGC,DEB,0.0
2021,Agri01_AGC,DEC,0.0
2021,Agri01_AGC,DEE,0.0
2021,Agri01_AGC,DED,0.0
2021,Agri01_AGC,DEF,790610.7993986052
2021,Agri01_AGC,DEG,632059.5097642854
2021,Agri02_OFC,DE1,0.0
2021,Agri02_OFC,DE2,0.0
2021,Agri02_OFC,DE3,0.0
2021,Agri02_OFC,DE4,0.0
2021,Agri02_OFC,DE5,0.0
2021,Agri02_OFC,DE6,0.0
2021,Agri02_OFC,DE7,0.0
2021,Agri02_OFC,DE8,0.0
2021,Agri02_OFC,DE9,0.0
2021,Agri02_OFC,DEA,0.0
2021,Agri02_OFC,DEB,0.0
2021,Agri02_OFC,DEC,0.0
2021,Agri02_OFC,DEE,0.0
2021,Agri02_OFC,DED,0.0
2021,Agri02_OFC,DEF,0.0
2021,Agri02_OFC,DEG,0.0
2021,Agri03_No-till,DE1,0.0
2021,Agri03_No-till,DE2,0.0
2021,Agri03_No-till,DE3,0.0
2021,Agri03_No-till,DE4,0.0
2021,Agri03_No-till,DE5,0.0
2021,Agri03_No-till,DE6,0.0
2021,Agri03_No-till,DE7,0.0
2021,Agri03_No-till,DE8,0.0
2021,Agri03_No-till,DE9,0.0
2021,Agri03_No-till,DEA,0.0
2021,Agri03_No-till,DEB,0.0
2021,Agri03_No-till,DEC,0.0
2021,Agri03_No-till,DEE,0.0
2021,Agri03_No-till,DED,0.0
2021,Agri03_No-till,DEF,0.0
2021,Agri03_No-till,DEG,0.0
2021,Agri04_toGrassland,DE1,12515.362365339839
2021,Agri04_toGrassland,DE2,27288.354074720446
2021,Agri04_toGrassland,DE3,25.482445096631064
2021,Agri04_toGrassland,DE4,10791.026010730327
2021,Agri04_toGrassland,DE5,81.9285824937366
2021,Agri04_toGrassland,DE6,134.57107970013377
2021,Agri04_toGrassland,DE7,7037.915640417018
2021,Agri04_toGrassland,DE8,11905.139314673599
2021,Agri04_toGrassland,DE9,22532.92484518225
2021,Agri04_toGrassland,DEA,13076.921851417725
2021,Agri04_toGrassland,DEB,6506.7240262565065
2021,Agri04_toGrassland,DEC,691.8713075333843
2021,Agri04_toGrassland,DEE,9979.642254611697
2021,Agri04_toGrassland,DED,7426.26083909097
2021,Agri04_toGrassland,DEF,8604.982284684496
2021,Agri04_toGrassland,DEG,6879.315193424156
2021,Agri05_Agroforestry,DE1,86734.2226734532
2021,Agri05_Agroforestry,DE2,189114.31484106046
2021,Agri05_Agroforestry,DE3,176.5989671538551
2021,Agri05_Agroforestry,DE4,74784.19126574727
2021,Agri05_Agroforestry,DE5,567.7831540069177
2021,Agri05_Agroforestry,DE6,932.6072750752098
2021,Agri05_Agroforestry,DE7,48774.308285586194
2021,Agri05_Agroforestry,DE8,82505.24228823186
2021,Agri05_Agroforestry,DE9,156158.14100746214
2021,Agri05_Agroforestry,DEA,90625.95381859026
2021,Agri05_Agroforestry,DEB,45093.033193427276
2021,Agri05_Agroforestry,DEC,4794.820820782868
2021,Agri05_Agroforestry,DEE,69161.12280616254
2021,Agri05_Agroforestry,DED,51465.62619973901
2021,Agri05_Agroforestry,DEF,59634.425899475675
2021,Agri05_Agroforestry,DEG,47675.17219315596
2021,Agri06_Biochar,DE1,0.0
2021,Agri06_Biochar,DE2,0.0
2021,Agri06_Biochar,DE3,0.0
2021,Agri06_Biochar,DE4,0.0
2021,Agri06_Biochar,DE5,0.0
2021,Agri06_Biochar,DE6,0.0
2021,Agri06_Biochar,DE7,0.0
2021,Agri06_Biochar,DE8,0.0
2021,Agri06_Biochar,DE9,0.0
2021,Agri06_Biochar,DEA,0.0
2021,Agri06_Biochar,DEB,0.0
2021,Agri06_Biochar,DEC,0.0
2021,Agri06_Biochar,DEE,0.0
2021,Agri06_Biochar,DED,0.0
2021,Agri06_Biochar,DEF,0.0
2021,Agri06_Biochar,DEG,0.0
2022,Agri01_AGC,DE1,0.0
2022,Agri01_AGC,DE2,4840290.408926825
2022,Agri01_AGC,DE3,0.0
2022,Agri01_AGC,DE4,0.0
2022,Agri01_AGC,DE5,0.0
2022,Agri01_AGC,DE6,0.0
2022,Agri01_AGC,DE7,1239829.7507629888
2022,Agri01_AGC,DE8,0.0
2022,Agri01_AGC,DE9,4009341.006351861
2022,Agri01_AGC,DEA,0.0
2022,Agri01_AGC,DEB,0.0
2022,Agri01_AGC,DEC,0.0
2022,Agri01_AGC,DEE,209754.90607763204
2022,Agri01_AGC,DED,0.0
2022,Agri01_AGC,DEF,1502081.766494949
2022,Agri01_AGC,DEG,1200855.52675385
2022,Agri02_OFC,DE1,0.0
2022,Agri02_OFC,DE2,0.0
2022,Agri02_OFC,DE3,0.0
2022,Agri02_OFC,DE4,0.0
2022,Agri02_OFC,DE5,0.0
2022,Agri02_OFC,DE6,0.0
2022,Agri02_OFC,DE7,0.0
2022,Agri02_OFC,DE8,0.0
2022,Agri02_OFC,DE9,0.0
2022,Agri02_OFC,DEA,0.0
2022,Agri02_OFC,DEB,0.0
2022,Agri02_OFC,DEC,0.0
2022,Agri02_OFC,DEE,0.0
2022,Agri02_OFC,DED,0.0
2022,Agri02_OFC,DEF,0.0
2022,Agri02_OFC,DEG,0.0
2022,Agri03_No-till,DE1,0.0
2022,Agri03_No-till,DE2,0.0
2022,Agri03_No-till,DE3,0.0
2022,Agri03_No-till,DE4,0.0
2022,Agri03_No-till,DE5,0.0
2022,Agri03_No-till,DE6,0.0
2022,Agri03_No-till,DE7,0.0
2022,Agri03_No-till,DE8,0.0
2022,Agri03_No-till,DE9,0.0
2022,Agri03_No-till,DEA,0.0
2022,Agri03_No-till,DEB,0.0
2022,Agri03_No-till,DEC,0.0
2022,Agri03_No-till,DEE,0.0
2022,Agri03_No-till,DED,0.0
2022,Agri03_No-till,DEF,0.0
2022,Agri03_No-till,DEG,0.0
2022,Agri04_toGrassland,DE1,25078.934637891467
2022,Agri04_toGrassland,DE2,53674.801319710896
2022,Agri04_toGrassland,DE3,902.454470748465
2022,Agri04_toGrassland,DE4,21799.891534242408
2022,Agri04_toGrassland,DE5,551.3790048567943
2022,Agri04_toGrassland,DE6,297.17003209271115
2022,Agri04_toGrassland,DE7,13748.682397183862
2022,Agri04_toGrassland,DE8,23888.21150328672
2022,Agri04_toGrassland,DE9,44460.26245491735
2022,Agri04_toGrassland,DEA,26156.41403531291
2022,Agri04_toGrassland,DEB,13179.533690434015
2022,Agri04_toGrassland,DEC,1916.5999390040463
2022,Agri04_toGrassland,DEE,19915.752695661304
2022,Agri04_toGrassland,DED,14965.10197500508
2022,Agri04_toGrassland,DEF,16656.839480929506
2022,Agri04_toGrassland,DEG,13316.490616619962
2022,Agri05_Agroforestry,DE1,217844.1612760621
2022,Agri05_Agroforestry,DE2,429587.80633000674
2022,Agri05_Agroforestry,DE3,17403.068862772416
2022,Agri05_Agroforestry,DE4,195776.54681815108
2022,Agri05_Agroforestry,DE5,18881.520486814017
2022,Agri05_Agroforestry,DE6,3582.505689738084
2022,Agri05_Agroforestry,DE7,106532.75503254603
2022,Agri05_Agroforestry,DE8,208668.42667748814
2022,Agri05_Agroforestry,DE9,360998.1708045716
2022,Agri05_Agroforestry,DEA,225463.77256421247
2022,Agri05_Agroforestry,DEB,119614.27196997828
2022,Agri05_Agroforestry,DEC,35944.15087036967
2022,Agri05_Agroforestry,DEE,170011.62981649712
2022,Agri05_Agroforestry,DED,133048.13043329187
2022,Agri05_Agroforestry,DEF,123350.0869189513
2022,Agri05_Agroforestry,DEG,98615.82542057923
2022,Agri06_Biochar,DE1,0.0
2022,Agri06_Biochar,DE2,0.0
2022,Agri06_Biochar,DE3,0.0
2022,Agri06_Biochar,DE4,0.0
2022,Agri06_Biochar,DE5,0.0
2022,Agri06_Biochar,DE6,0.0
2022,Agri06_Biochar,DE7,0.0
2022,Agri06_Biochar,DE8,0.0
2022,Agri06_Biochar,DE9,0.0
2022,Agri06_Biochar,DEA,0.0
2022,Agri06_Biochar,DEB,0.0
2022,Agri06_Biochar,DEC,0.0
2022,Agri06_Biochar,DEE,0.0
2022,Agri06_Biochar,DED,0.0
2022,Agri06_Biochar,DEF,0.0
2022,Agri06_Biochar,DEG,0.0
2023,Agri01_AGC,DE1,1148779.9274113711
2023,Agri01_AGC,DE2,6999652.733398602
2023,Agri01_AGC,DE3,0.0
2023,Agri01_AGC,DE4,0.0
2023,Agri01_AGC,DE5,0.0
2023,Agri01_AGC,DE6,0.0
2023,Agri01_AGC,DE7,1780597.6068313012
2023,Agri01_AGC,DE8,972665.4715533941
2023,Agri01_AGC,DE9,5816172.7420337
2023,Agri01_AGC,DEA,1192006.860335721
2023,Agri01_AGC,DEB,0.0
2023,Agri01_AGC,DEC,0.0
2023,Agri01_AGC,DEE,1104142.3463724074
2023,Agri01_AGC,DED,0.0
2023,Agri01_AGC,DEF,2137095.4663938605
2023,Agri01_AGC,DEG,1708532.0755715033
2023,Agri02_OFC,DE1,0.0
2023,Agri02_OFC,DE2,0.0
2023,Agri02_OFC,DE3,0.0
2023,Agri02_OFC,DE4,0.0
2023,Agri02_OFC,DE5,0.0
2023,Agri02_OFC,DE6,0.0
2023,Agri02_OFC,DE7,0.0
2023,Agri02_OFC,DE8,0.0
2023,Agri02_OFC,DE9,0.0
2023,Agri02_OFC,DEA,0.0
2023,Agri02_OFC,DEB,0.0
2023,Agri02_OFC,DEC,0.0
2023,Agri02_OFC,DEE,0.0
2023,Agri02_OFC,DED,0.0
2023,Agri02_OFC,DEF,0.0
2023,Agri02_OFC,DEG,0.0
2023,Agri03_No-till,DE1,0.0
2023,Agri03_No-till,DE2,0.0
2023,Agri03_No-till,DE3,0.0
2023,Agri03_No-till,DE4,0.0
2023,Agri03_No-till,DE5,0.0
2023,Agri03_No-till,DE6,0.0
2023,Agri03_No-till,DE7,0.0
2023,Agri03_No-till,DE8,0.0
2023,Agri03_No-till,DE9,0.0
2023,Agri03_No-till,DEA,0.0
2023,Agri03_No-till,DEB,0.0
2023,Agri03_No-till,DEC,0.0
2023,Agri03_No-till,DEE,0.0
2023,Agri03_No-till,DED,0.0
2023,Agri03_No-till,DEF,0.0
2023,Agri03_No-till,DEG,0.0
2023,Agri04_toGrassland,DE1,37669.46882646551
2023,Agri04_toGrassland,DE2,79161.36579530548
2023,Agri04_toGrassland,DE3,2589.992644613487
2023,Agri04_toGrassland,DE4,32999.81225692772
2023,Agri04_toGrassland,DE5,1389.6201871016933
2023,Agri04_toGrassland,DE6,486.2475005315262
2023,Agri04_toGrassland,DE7,20137.361645965444
2023,Agri04_toGrassland,DE8,35927.46454651381
2023,Agri04_toGrassland,DE9,65777.0028738647
2023,Agri04_toGrassland,DEA,39218.57045389752
2023,Agri04_toGrassland,DEB,20000.610942213614
2023,Agri04_toGrassland,DEC,3647.5537096162807
2023,Agri04_toGrassland,DEE,29795.324397172553
2023,Agri04_toGrassland,DED,22599.883385488687
2023,Agri04_toGrassland,DEF,24169.112725761206
2023,Agri04_toGrassland,DEG,19322.34894482534
2023,Agri05_Agroforestry,DE1,398546.8010804562
2023,Agri05_Agroforestry,DE2,726108.8429365371
2023,Agri05_Agroforestry,DE3,18257.519886389975
2023,Agri05_Agroforestry,DE4,368645.72271465167
2023,Agri05_Agroforestry,DE5,57546.433575104005
2023,Agri05_Agroforestry,DE6,8188.455244204906
2023,Agri05_Agroforestry,DE7,173856.77012318047
2023,Agri05_Agroforestry,DE8,383665.13936036977
2023,Agri05_Agroforestry,DE9,619315.3852460006
2023,Agri05_Agroforestry,DEA,409647.11294419534
2023,Agri05_Agroforestry,DEB,227212.41086842166
2023,Agri05_Agroforestry,DEC,97256.89848503805
2023,Agri05_Agroforestry,DEE,306167.188645222
2023,Agri05_Agroforestry,DED,248400.71487540356
2023,Agri05_Agroforestry,DEF,190841.06305281425
2023,Agri05_Agroforestry,DEG,152577.78861950175
2023,Agri06_Biochar,DE1,0.0
2023,Agri06_Biochar,DE2,0.0
2023,Agri06_Biochar,DE3,0.0
2023,Agri06_Biochar,DE4,0.0
2023,Agri06_Biochar,DE5,0.0
2023,Agri06_Biochar,DE6,0.0
2023,Agri06_Biochar,DE7,0.0
2023,Agri06_Biochar,DE8,0.0
2023,Agri06_Biochar,DE9,0.0
2023,Agri06_Biochar,DEA,0.0
2023,Agri06_Biochar,DEB,0.0
2023,Agri06_Biochar,DEC,0.0
2023,Agri06_Biochar,DEE,0.0
2023,Agri06_Biochar,DED,0.0
2023,Agri06_Biochar,DEF,0.0
2023,Agri06_Biochar,DEG,0.0
2024,Agri01_AGC,DE1,2250931.878695236
2024,Agri01_AGC,DE2,8985694.43947143
2024,Agri01_AGC,DE3,0.0
2024,Agri01_AGC,DE4,1030730.1081721599
2024,Agri01_AGC,DE5,0.0
2024,Agri01_AGC,DE6,0.0
2024,Agri01_AGC,DE7,2269937.6942057596
2024,Agri01_AGC,DE8,2033522.369687162
2024,Agri01_AGC,DE9,7489788.637359656
2024,Agri01_AGC,DEA,2331892.2197814095
2024,Agri01_AGC,DEB,500053.49552408507
2024,Agri01_AGC,DEC,0.0
2024,Agri01_AGC,DEE,1955516.2809905172
2024,Agri01_AGC,DED,699946.7223111516
2024,Agri01_AGC,DEF,2698334.4642001707
2024,Agri01_AGC,DEG,2157233.180820056
2024,Agri02_OFC,DE1,0.0
2024,Agri02_OFC,DE2,0.0
2024,Agri02_OFC,DE3,0.0
2024,Agri02_OFC,DE4,0.0
2024,Agri02_OFC,DE5,0.0
2024,Agri02_OFC,DE6,0.0
2024,Agri02_OFC,DE7,0.0
2024,Agri02_OFC,DE8,0.0
2024,Agri02_OFC,DE9,0.0
2024,Agri02_OFC,DEA,0.0
2024,Agri02_OFC,DEB,0.0
2024,Agri02_OFC,DEC,0.0
2024,Agri02_OFC,DEE,0.0
2024,Agri02_OFC,DED,0.0
2024,Agri02_OFC,DEF,0.0
2024,Agri02_OFC,DEG,0.0
2024,Agri03_No-till,DE1,0.0
2024,Agri03_No-till,DE2,0.0
2024,Agri03_No-till,DE3,0.0
2024,Agri03_No-till,DE4,0.0
2024,Agri03_No-till,DE5,0.0
2024,Agri03_No-till,DE6,0.0
2024,Agri03_No-till,DE7,0.0
2024,Agri03_No-till,DE8,0.0
2024,Agri03_No-till,DE9,0.0
2024,Agri03_No-till,DEA,0.0
2024,Agri03_No-till,DEB,0.0
2024,Agri03_No-till,DEC,0.0
2024,Agri03_No-till,DEE,0.0
2024,Agri03_No-till,DED,0.0
2024,Agri03_No-till,DEF,0.0
2024,Agri03_No-till,DEG,0.0
2024,Agri04_toGrassland,DE1,50265.7169398726
2024,Agri04_toGrassland,DE2,103750.07156183835
2024,Agri04_toGrassland,DE3,5047.173534349681
2024,Agri04_toGrassland,DE4,44364.00386517774
2024,Agri04_toGrassland,DE5,2577.9210492409543
2024,Agri04_toGrassland,DE6,700.2541283703727
2024,Agri04_toGrassland,DE7,26209.014762426672
2024,Agri04_toGrassland,DE8,48001.146425029365
2024,Agri04_toGrassland,DE9,86478.13614668362
2024,Agri04_toGrassland,DEA,52243.48500938351
2024,Agri04_toGrassland,DEB,26952.137731276398
2024,Agri04_toGrassland,DEC,5858.100434574383
2024,Agri04_toGrassland,DEE,39605.35043316918
2024,Agri04_toGrassland,DED,30313.965048288163
2024,Agri04_toGrassland,DEF,31155.34315620578
2024,Agri04_toGrassland,DEG,24907.7128532782
2024,Agri05_Agroforestry,DE1,634059.127359265
2024,Agri05_Agroforestry,DE2,1083365.7931303491
2024,Agri05_Agroforestry,DE3,19111.97091000753
2024,Agri05_Agroforestry,DE4,599060.3750126892
2024,Agri05_Agroforestry,DE5,119167.74399555956
2024,Agri05_Agroforestry,DE6,14989.215938691952
2024,Agri05_Agroforestry,DE7,251327.78343979036
2024,Agri05_Agroforestry,DE8,612670.9665294774
2024,Agri05_Agroforestry,DE9,935905.0801864212
2024,Agri05_Agroforestry,DEA,648309.6316658676
2024,Agri05_Agroforestry,DEB,371536.144427526
2024,Agri05_Agroforestry,DEC,192541.97200106565
2024,Agri05_Agroforestry,DEE,481243.46690655535
2024,Agri05_Agroforestry,DED,401176.5817008191
2024,Agri05_Agroforestry,DEF,261801.43429545182
2024,Agri05_Agroforestry,DEG,209316.89072715538
2024,Agri06_Biochar,DE1,0.0
2024,Agri06_Biochar,DE2,0.0
2024,Agri06_Biochar,DE3,0.0
2024,Agri06_Biochar,DE4,0.0
2024,Agri06_Biochar,DE5,0.0
2024,Agri06_Biochar,DE6,0.0
2024,Agri06_Biochar,DE7,0.0
2024,Agri06_Biochar,DE8,0.0
2024,Agri06_Biochar,DE9,0.0
2024,Agri06_Biochar,DEA,0.0
2024,Agri06_Biochar,DEB,0.0
2024,Agri06_Biochar,DEC,0.0
2024,Agri06_Biochar,DEE,0.0
2024,Agri06_Biochar,DED,0.0
2024,Agri06_Biochar,DEF,0.0
2024,Agri06_Biochar,DEG,0.0
2025,Agri01_AGC,DE1,3302246.523453257
2025,Agri01_AGC,DE2,10798816.503341904
2025,Agri01_AGC,DE3,0.0
2025,Agri01_AGC,DE4,2028492.8362694627
2025,Agri01_AGC,DE5,0.0
2025,Agri01_AGC,DE6,0.0
2025,Agri01_AGC,DE7,2708852.696022563
2025,Agri01_AGC,DE8,3047997.7507361607
2025,Agri01_AGC,DE9,9029196.195809858
2025,Agri01_AGC,DEA,3415712.583548089
2025,Agri01_AGC,DEB,1117480.5870293963
2025,Agri01_AGC,DEC,0.0
2025,Agri01_AGC,DEE,2761299.974634358
2025,Agri01_AGC,DED,1374904.3187077919
2025,Agri01_AGC,DEF,3188481.325018709
2025,Agri01_AGC,DEG,2549102.867102317
2025,Agri02_OFC,DE1,0.0
2025,Agri02_OFC,DE2,0.0
2025,Agri02_OFC,DE3,0.0
2025,Agri02_OFC,DE4,0.0
2025,Agri02_OFC,DE5,0.0
2025,Agri02_OFC,DE6,0.0
2025,Agri02_OFC,DE7,0.0
2025,Agri02_OFC,DE8,0.0
2025,Agri02_OFC,DE9,0.0
2025,Agri02_OFC,DEA,0.0
2025,Agri02_OFC,DEB,0.0
2025,Agri02_OFC,DEC,0.0
2025,Agri02_OFC,DEE,0.0
2025,Agri02_OFC,DED,0.0
2025,Agri02_OFC,DEF,0.0
2025,Agri02_OFC,DEG,0.0
2025,Agri03_No-till,DE1,0.0
2025,Agri03_No-till,DE2,0.0
2025,Agri03_No-till,DE3,0.0
2025,Agri03_No-till,DE4,0.0
2025,Agri03_No-till,DE5,0.0
2025,Agri03_No-till,DE6,0.0
2025,Agri03_No-till,DE7,0.0
2025,Agri03_No-till,DE8,0.0
2025,Agri03_No-till,DE9,0.0
2025,Agri03_No-till,DEA,0.0
2025,Agri03_No-till,DEB,0.0
2025,Agri03_No-till,DEC,0.0
2025,Agri03_No-till,DEE,0.0
2025,Agri03_No-till,DED,0.0
2025,Agri03_No-till,DEF,0.0
2025,Agri03_No-till,DEG,0.0
2025,Agri04_toGrassland,DE1,62846.43098692336
2025,Agri04_toGrassland,DE2,127442.94267964367
2025,Agri04_toGrassland,DE3,8233.073707615036
2025,Agri04_toGrassland,DE4,55865.68204538396
2025,Agri04_toGrassland,DE5,4097.550511287098
2025,Agri04_toGrassland,DE6,937.6405589630446
2025,Agri04_toGrassland,DE7,31968.703122232462
2025,Agri04_toGrassland,DE8,60087.50511950785
2025,Agri04_toGrassland,DE9,106558.65231803352
2025,Agri04_toGrassland,DEA,65211.25160398285
2025,Agri04_toGrassland,DEB,34016.296007303456
2025,Agri04_toGrassland,DEC,8521.60792908265
2025,Agri04_toGrassland,DEE,49332.823877674935
2025,Agri04_toGrassland,DED,38090.706941149874
2025,Agri04_toGrassland,DEF,37629.07190928941
2025,Agri04_toGrassland,DEG,30083.405017216475
2025,Agri05_Agroforestry,DE1,929598.1253851178
2025,Agri05_Agroforestry,DE2,1506047.0253811418
2025,Agri05_Agroforestry,DE3,19966.42193362509
2025,Agri05_Agroforestry,DE4,892689.1597697039
2025,Agri05_Agroforestry,DE5,163913.24745725648
2025,Agri05_Agroforestry,DE6,24223.54777341551
2025,Agri05_Agroforestry,DE7,339527.22486467677
2025,Agri05_Agroforestry,DE8,900861.4943774123
2025,Agri05_Agroforestry,DE9,1315562.5514805056
2025,Agri05_Agroforestry,DEA,946584.9854365578
2025,Agri05_Agroforestry,DEB,556234.16718606
2025,Agri05_Agroforestry,DEC,325608.27975473023
2025,Agri05_Agroforestry,DEE,698856.1322147155
2025,Agri05_Agroforestry,DED,595028.9330842835
2025,Agri05_Agroforestry,DEF,335925.28064125136
2025,Agri05_Agroforestry,DEG,268588.960680772
2025,Agri06_Biochar,DE1,0.0
2025,Agri06_Biochar,DE2,0.0
2025,Agri06_Biochar,DE3,0.0
2025,Agri06_Biochar,DE4,0.0
2025,Agri06_Biochar,DE5,0.0
2025,Agri06_Biochar,DE6,0.0
2025,Agri06_Biochar,DE7,0.0
2025,Agri06_Biochar,DE8,0.0
2025,Agri06_Biochar,DE9,0.0
2025,Agri06_Biochar,DEA,0.0
2025,Agri06_Biochar,DEB,0.0
2025,Agri06_Biochar,DEC,0.0
2025,Agri06_Biochar,DEE,0.0
2025,Agri06_Biochar,DED,0.0
2025,Agri06_Biochar,DEF,0.0
2025,Agri06_Biochar,DEG,0.0
2026,Agri01_AGC,DE1,4298514.531287098
2026,Agri01_AGC,DE2,12439419.901206639
2026,Agri01_AGC,DE3,0.0
2026,Agri01_AGC,DE4,2987982.081495362
2026,Agri01_AGC,DE5,0.0
2026,Agri01_AGC,DE6,0.0
2026,Agri01_AGC,DE7,3098345.2954179137
2026,Agri01_AGC,DE8,4011782.4338768423
2026,Agri01_AGC,DE9,10433402.920864442
2026,Agri01_AGC,DEA,4439524.456846786
2026,Agri01_AGC,DEB,1713640.3599371475
2026,Agri01_AGC,DEC,0.0
2026,Agri01_AGC,DEE,3518916.692006329
2026,Agri01_AGC,DED,2021576.3198495035
2026,Agri01_AGC,DEF,3610218.6139543075
2026,Agri01_AGC,DEG,2886285.1590210977
2026,Agri02_OFC,DE1,0.0
2026,Agri02_OFC,DE2,0.0
2026,Agri02_OFC,DE3,0.0
2026,Agri02_OFC,DE4,0.0
2026,Agri02_OFC,DE5,0.0
2026,Agri02_OFC,DE6,0.0
2026,Agri02_OFC,DE7,0.0
2026,Agri02_OFC,DE8,0.0
2026,Agri02_OFC,DE9,0.0
2026,Agri02_OFC,DEA,0.0
2026,Agri02_OFC,DEB,0.0
2026,Agri02_OFC,DEC,0.0
2026,Agri02_OFC,DEE,0.0
2026,Agri02_OFC,DED,0.0
2026,Agri02_OFC,DEF,0.0
2026,Agri02_OFC,DEG,0.0
2026,Agri03_No-till,DE1,0.0
2026,Agri03_No-till,DE2,0.0
2026,Agri03_No-till,DE3,0.0
2026,Agri03_No-till,DE4,0.0
2026,Agri03_No-till,DE5,0.0
2026,Agri03_No-till,DE6,0.0
2026,Agri03_No-till,DE7,0.0
2026,Agri03_No-till,DE8,0.0
2026,Agri03_No-till,DE9,0.0
2026,Agri03_No-till,DEA,0.0
2026,Agri03_No-till,DEB,0.0
2026,Agri03_No-till,DEC,0.0
2026,Agri03_No-till,DEE,0.0
2026,Agri03_No-till,DED,0.0
2026,Agri03_No-till,DEF,0.0
2026,Agri03_No-till,DEG,0.0
2026,Agri04_toGrassland,DE1,75390.36297642843
2026,Agri04_toGrassland,DE2,150242.00320905552
2026,Agri04_toGrassland,DE3,12106.769732067532
2026,Agri04_toGrassland,DE4,67478.06248393783
2026,Agri04_toGrassland,DE5,5929.777493252643
2026,Agri04_toGrassland,DE6,1196.8574356633355
2026,Agri04_toGrassland,DE7,37421.48810104772
2026,Agri04_toGrassland,DE8,72164.7886106237
2026,Agri04_toGrassland,DE9,126013.54143257375
2026,Agri04_toGrassland,DEA,78101.96413990745
2026,Agri04_toGrassland,DEB,41175.26771997587
2026,Agri04_toGrassland,DEC,11611.44400834537
2026,Agri04_toGrassland,DEE,58964.73780471355
2026,Agri04_toGrassland,DED,45913.469041820164
2026,Agri04_toGrassland,DEF,43603.84012203826
2026,Agri04_toGrassland,DEG,34860.24811187806
2026,Agri05_Agroforestry,DE1,1290380.780430644
2026,Agri05_Agroforestry,DE2,1998840.9081586122
2026,Agri05_Agroforestry,DE3,20820.872957242642
2026,Agri05_Agroforestry,DE4,1255200.7330431356
2026,Agri05_Agroforestry,DE5,170927.81634395642
2026,Agri05_Agroforestry,DE6,36130.210748591846
2026,Agri05_Agroforestry,DE7,439036.52428014047
2026,Agri05_Agroforestry,DE8,1253412.3090967743
2026,Agri05_Agroforestry,DE9,1763083.0949829258
2026,Agri05_Agroforestry,DEA,1309606.8309635946
2026,Agri05_Agroforestry,DEB,784955.1736827921
2026,Agri05_Agroforestry,DEC,500264.73008230916
2026,Agri05_Agroforestry,DEE,962620.8521839206
2026,Agri05_Agroforestry,DED,833610.9712005416
2026,Agri05_Agroforestry,DEF,412906.6820846001
2026,Agri05_Agroforestry,DEG,330149.8274175835
2026,Agri06_Biochar,DE1,0.0
2026,Agri06_Biochar,DE2,0.0
2026,Agri06_Biochar,DE3,0.0
2026,Agri06_Biochar,DE4,0.0
2026,Agri06_Biochar,DE5,0.0
2026,Agri06_Biochar,DE6,0.0
2026,Agri06_Biochar,DE7,0.0
2026,Agri06_Biochar,DE8,0.0
2026,Agri06_Biochar,DE9,0.0
2026,Agri06_Biochar,DEA,0.0
2026,Agri06_Biochar,DEB,0.0
2026,Agri06_Biochar,DEC,0.0
2026,Agri06_Biochar,DEE,0.0
2026,Agri06_Biochar,DED,0.0
2026,Agri06_Biochar,DEF,0.0
2026,Agri06_Biochar,DEG,0.0
2027,Agri01_AGC,DE1,5235526.571798418
2027,Agri01_AGC,DE2,13907905.609262224
2027,Agri01_AGC,DE3,0.0
2027,Agri01_AGC,DE4,3903891.741053307
2027,Agri01_AGC,DE5,0.0
2027,Agri01_AGC,DE6,0.0
2027,Agri01_AGC,DE7,3439418.175528009
2027,Agri01_AGC,DE8,4920567.238285654
2027,Agri01_AGC,DE9,11701416.316003535
2027,Agri01_AGC,DEA,5399384.3448885195
2027,Agri01_AGC,DEB,2285002.9718176206
2027,Agri01_AGC,DEC,0.0
2027,Agri01_AGC,DEE,4225789.697808825
2027,Agri01_AGC,DED,2636666.256395865
2027,Agri01_AGC,DEF,3966228.896111794
2027,Agri01_AGC,DEG,3170924.0811792063
2027,Agri02_OFC,DE1,0.0
2027,Agri02_OFC,DE2,0.0
2027,Agri02_OFC,DE3,0.0
2027,Agri02_OFC,DE4,0.0
2027,Agri02_OFC,DE5,0.0
2027,Agri02_OFC,DE6,0.0
2027,Agri02_OFC,DE7,0.0
2027,Agri02_OFC,DE8,0.0
2027,Agri02_OFC,DE9,0.0
2027,Agri02_OFC,DEA,0.0
2027,Agri02_OFC,DEB,0.0
2027,Agri02_OFC,DEC,0.0
2027,Agri02_OFC,DEE,0.0
2027,Agri02_OFC,DED,0.0
2027,Agri02_OFC,DEF,0.0
2027,Agri02_OFC,DEG,0.0
2027,Agri03_No-till,DE1,0.0
2027,Agri03_No-till,DE2,0.0
2027,Agri03_No-till,DE3,0.0
2027,Agri03_No-till,DE4,0.0
2027,Agri03_No-till,DE5,0.0
2027,Agri03_No-till,DE6,0.0
2027,Agri03_No-till,DE7,0.0
2027,Agri03_No-till,DE8,0.0
2027,Agri03_No-till,DE9,0.0
2027,Agri03_No-till,DEA,0.0
2027,Agri03_No-till,DEB,0.0
2027,Agri03_No-till,DEC,0.0
2027,Agri03_No-till,DEE,0.0
2027,Agri03_No-till,DED,0.0
2027,Agri03_No-till,DEF,0.0
2027,Agri03_No-till,DEG,0.0
2027,Agri04_toGrassland,DE1,87876.26491719841
2027,Agri04_toGrassland,DE2,172149.27721040812
2027,Agri04_toGrassland,DE3,16627.338175365156
2027,Agri04_toGrassland,DE4,79174.36086723085
2027,Agri04_toGrassland,DE5,8055.870915150109
2027,Agri04_toGrassland,DE6,1476.3554018250397
2027,Agri04_toGrassland,DE7,42572.431074537344
2027,Agri04_toGrassland,DE8,84211.24487905142
2027,Agri04_toGrassland,DE9,144837.79353496365
2027,Agri04_toGrassland,DEA,90895.71651936929
2027,Agri04_toGrassland,DEB,48411.234818974735
2027,Agri04_toGrassland,DEC,15100.976487566848
2027,Agri04_toGrassland,DEE,68488.08528830876
2027,Agri04_toGrassland,DED,53765.6113280454
2027,Agri04_toGrassland,DEF,49093.188931478515
2027,Agri04_toGrassland,DEG,39249.064812500896
2027,Agri05_Agroforestry,DE1,1721624.0777684737
2027,Agri05_Agroforestry,DE2,2566435.8099324596
2027,Agri05_Agroforestry,DE3,21675.3239808602
2027,Agri05_Agroforestry,DE4,1692263.7508904254
2027,Agri05_Agroforestry,DE5,177942.38523065642
2027,Agri05_Agroforestry,DE6,50947.96486443726
2027,Agri05_Agroforestry,DE7,550437.1115684826
2027,Agri05_Agroforestry,DE8,1675498.9968801655
2027,Agri05_Agroforestry,DE9,2283262.0065483544
2027,Agri05_Agroforestry,DEA,1742508.824954307
2027,Agri05_Agroforestry,DEB,1061347.858456491
2027,Agri05_Agroforestry,DEC,720320.2313200805
2027,Agri05_Agroforestry,DEE,1276153.294428389
2027,Agri05_Agroforestry,DED,1120575.8982243384
2027,Agri05_Agroforestry,DEF,492439.71861988556
2027,Agri05_Agroforestry,DEG,393755.31987482193
2027,Agri06_Biochar,DE1,0.0
2027,Agri06_Biochar,DE2,0.0
2027,Agri06_Biochar,DE3,0.0
2027,Agri06_Biochar,DE4,0.0
2027,Agri06_Biochar,DE5,0.0
2027,Agri06_Biochar,DE6,0.0
2027,Agri06_Biochar,DE7,0.0
2027,Agri06_Biochar,DE8,0.0
2027,Agri06_Biochar,DE9,0.0
2027,Agri06_Biochar,DEA,0.0
2027,Agri06_Biochar,DEB,0.0
2027,Agri06_Biochar,DEC,0.0
2027,Agri06_Biochar,DEE,0.0
2027,Agri06_Biochar,DED,0.0
2027,Agri06_Biochar,DEF,0.0
2027,Agri06_Biochar,DEG,0.0
2028,Agri01_AGC,DE1,6109073.314588883
2028,Agri01_AGC,DE2,15204674.603705274
2028,Agri01_AGC,DE3,0.0
2028,Agri01_AGC,DE4,4770915.712146752
2028,Agri01_AGC,DE5,0.0
2028,Agri01_AGC,DE6,25496.18324506789
2028,Agri01_AGC,DE7,3733074.0194890513
2028,Agri01_AGC,DE8,5770042.983139049
2028,Agri01_AGC,DE9,12832243.884707274
2028,Agri01_AGC,DEA,6291348.752884318
2028,Agri01_AGC,DEB,2828038.5802411
2028,Agri01_AGC,DEC,0.0
2028,Agri01_AGC,DEE,4879342.256744246
2028,Agri01_AGC,DED,3216877.659006461
2028,Agri01_AGC,DEF,4259194.736595999
2028,Agri01_AGC,DEG,3405163.658179454
2028,Agri02_OFC,DE1,753408.0008015365
2028,Agri02_OFC,DE2,1298213.6788370202
2028,Agri02_OFC,DE3,292800.04593420296
2028,Agri02_OFC,DE4,709908.9104816345
2028,Agri02_OFC,DE5,137397.53591392125
2028,Agri02_OFC,DE6,17512.159732650573
2028,Agri02_OFC,DE7,302478.85053137783
2028,Agri02_OFC,DE8,727645.9547692015
2028,Agri02_OFC,DE9,1119582.6738758576
2028,Agri02_OFC,DEA,770859.5293788488
2028,Agri02_OFC,DEB,439940.2846228993
2028,Agri02_OFC,DEC,223031.60679713887
2028,Agri02_OFC,DEE,572717.2741042002
2028,Agri02_OFC,DED,475778.89538733213
2028,Agri02_OFC,DEF,317441.2628587784
2028,Agri02_OFC,DEG,253801.26033169194
2028,Agri03_No-till,DE1,0.0
2028,Agri03_No-till,DE2,0.0
2028,Agri03_No-till,DE3,0.0
2028,Agri03_No-till,DE4,0.0
2028,Agri03_No-till,DE5,0.0
2028,Agri03_No-till,DE6,0.0
2028,Agri03_No-till,DE7,0.0
2028,Agri03_No-till,DE8,0.0
2028,Agri03_No-till,DE9,0.0
2028,Agri03_No-till,DEA,0.0
2028,Agri03_No-till,DEB,0.0
2028,Agri03_No-till,DEC,0.0
2028,Agri03_No-till,DEE,0.0
2028,Agri03_No-till,DED,0.0
2028,Agri03_No-till,DEF,0.0
2028,Agri03_No-till,DEG,0.0
2028,Agri04_toGrassland,DE1,100282.88881804395
2028,Agri04_toGrassland,DE2,193166.78874403556
2028,Agri04_toGrassland,DE3,21753.85560516589
2028,Agri04_toGrassland,DE4,90927.79288165449
2028,Agri04_toGrassland,DE5,10457.099696992018
2028,Agri04_toGrassland,DE6,1774.5851008019508
2028,Agri04_toGrassland,DE7,47426.59341836626
2028,Agri04_toGrassland,DE8,96205.12190546544
2028,Agri04_toGrassland,DE9,163026.39866986262
2028,Agri04_toGrassland,DEA,103572.60264458033
2028,Agri04_toGrassland,DEB,55706.37925398115
2028,Agri04_toGrassland,DEC,18963.57318195137
2028,Agri04_toGrassland,DEE,77889.85940248432
2028,Agri04_toGrassland,DED,61630.493777571945
2028,Agri04_toGrassland,DEF,54110.65947463635
2028,Agri04_toGrassland,DEG,43260.67779432288
2028,Agri05_Agroforestry,DE1,2228545.0026712357
2028,Agri05_Agroforestry,DE2,3213520.0991723803
2028,Agri05_Agroforestry,DE3,22529.775004477757
2028,Agri05_Agroforestry,DE4,2209546.869369013
2028,Agri05_Agroforestry,DE5,184956.95411735642
2028,Agri05_Agroforestry,DE6,68915.57012116801
2028,Agri05_Agroforestry,DE7,674310.4166120039
2028,Agri05_Agroforestry,DE8,2172297.1439201864
2028,Agri05_Agroforestry,DE9,2880894.5820314633
2028,Agri05_Agroforestry,DEA,2250424.624116023
2028,Agri05_Agroforestry,DEB,1389060.9160459256
2028,Agri05_Agroforestry,DEC,824114.1246656158
2028,Agri05_Agroforestry,DEE,1643069.126562339
2028,Agri05_Agroforestry,DED,1459576.9163304192
2028,Agri05_Agroforestry,DEF,574218.4702414948
2028,Agri05_Agroforestry,DEG,459161.266989719
2028,Agri06_Biochar,DE1,0.0
2028,Agri06_Biochar,DE2,0.0
2028,Agri06_Biochar,DE3,0.0
2028,Agri06_Biochar,DE4,0.0
2028,Agri06_Biochar,DE5,0.0
2028,Agri06_Biochar,DE6,0.0
2028,Agri06_Biochar,DE7,0.0
2028,Agri06_Biochar,DE8,0.0
2028,Agri06_Biochar,DE9,0.0
2028,Agri06_Biochar,DEA,0.0
2028,Agri06_Biochar,DEB,0.0
2028,Agri06_Biochar,DEC,0.0
2028,Agri06_Biochar,DEE,0.0
2028,Agri06_Biochar,DED,0.0
2028,Agri06_Biochar,DEF,0.0
2028,Agri06_Biochar,DEG,0.0
2029,Agri01_AGC,DE1,6914945.429260154
2029,Agri01_AGC,DE2,16330127.860732388
2029,Agri01_AGC,DE3,0.0
2029,Agri01_AGC,DE4,5583747.891979147
2029,Agri01_AGC,DE5,0.0
2029,Agri01_AGC,DE6,50913.72986088963
2029,Agri01_AGC,DE7,3980315.5104372404
2029,Agri01_AGC,DE8,6555900.487613477
2029,Agri01_AGC,DE9,13824893.130455788
2029,Agri01_AGC,DEA,7111474.186045202
2029,Agri01_AGC,DEB,3339217.3427778683
2029,Agri01_AGC,DEC,0.0
2029,Agri01_AGC,DEE,5476997.633514988
2029,Agri01_AGC,DED,3758914.058340871
2029,Agri01_AGC,DEF,4491798.7005117545
2029,Agri01_AGC,DEG,3591147.914624651
2029,Agri02_OFC,DE1,1459584.4004005534
2029,Agri02_OFC,DE2,2477487.0812944286
2029,Agri02_OFC,DE3,598994.8525985811
2029,Agri02_OFC,DE4,1381886.833763123
2029,Agri02_OFC,DE5,280621.4525917957
2029,Agri02_OFC,DE6,34952.37139850477
2029,Agri02_OFC,DE7,572783.8792748728
2029,Agri02_OFC,DE8,1410871.452714729
2029,Agri02_OFC,DE9,2143157.207441079
2029,Agri02_OFC,DEA,1491610.724017446
2029,Agri02_OFC,DEB,857559.4963567875
2029,Agri02_OFC,DEC,451853.4560302247
2029,Agri02_OFC,DEE,1106473.5373342882
2029,Agri02_OFC,DED,924862.5279024704
2029,Agri02_OFC,DEF,593118.3543949238
2029,Agri02_OFC,DEG,474214.80438420747
2029,Agri03_No-till,DE1,0.0
2029,Agri03_No-till,DE2,0.0
2029,Agri03_No-till,DE3,0.0
2029,Agri03_No-till,DE4,0.0
2029,Agri03_No-till,DE5,0.0
2029,Agri03_No-till,DE6,0.0
2029,Agri03_No-till,DE7,0.0
2029,Agri03_No-till,DE8,0.0
2029,Agri03_No-till,DE9,0.0
2029,Agri03_No-till,DEA,0.0
2029,Agri03_No-till,DEB,0.0
2029,Agri03_No-till,DEC,0.0
2029,Agri03_No-till,DEE,0.0
2029,Agri03_No-till,DED,0.0
2029,Agri03_No-till,DEF,0.0
2029,Agri03_No-till,DEG,0.0
2029,Agri04_toGrassland,DE1,112588.98668777569
2029,Agri04_toGrassland,DE2,213296.56187027198
2029,Agri04_toGrassland,DE3,27445.39858912773
2029,Agri04_toGrassland,DE4,102711.57421360024
2029,Agri04_toGrassland,DE5,13114.732758790891
2029,Agri04_toGrassland,DE6,2089.997175947863
2029,Agri04_toGrassland,DE7,51989.03650819939
2029,Agri04_toGrassland,DE8,108124.66767054026
2029,Agri04_toGrassland,DE9,180574.34688193008
2029,Agri04_toGrassland,DEA,116112.71641775253
2029,Agri04_toGrassland,DEB,63042.8829746762
2029,Agri04_toGrassland,DEC,23172.60190670324
2029,Agri04_toGrassland,DEE,87157.05322126397
2029,Agri04_toGrassland,DED,69491.47636814618
2029,Agri04_toGrassland,DEF,58669.79288853796
2029,Agri04_toGrassland,DEG,46905.909732581946
2029,Agri05_Agroforestry,DE1,2816360.5404115594
2029,Agri05_Agroforestry,DE2,3944782.1443480747
2029,Agri05_Agroforestry,DE3,23384.226028095316
2029,Agri05_Agroforestry,DE4,2812718.7445363393
2029,Agri05_Agroforestry,DE5,191971.52300405642
2029,Agri05_Agroforestry,DE6,90271.78651900042
2029,Agri05_Agroforestry,DE7,811237.8692930056
2029,Agri05_Agroforestry,DE8,2748982.336409438
2029,Agri05_Agroforestry,DE9,3560776.117286925
2029,Agri05_Agroforestry,DEA,2838487.8851560727
2029,Agri05_Agroforestry,DEB,1771743.0409898644
2029,Agri05_Agroforestry,DEC,855368.9932676447
2029,Agri05_Agroforestry,DEE,2066984.0161999892
2029,Agri05_Agroforestry,DED,1854267.2276935289
2029,Agri05_Agroforestry,DEF,657937.0169438155
2029,Agri05_Agroforestry,DEG,526123.4976995068
2029,Agri06_Biochar,DE1,0.0
2029,Agri06_Biochar,DE2,0.0
2029,Agri06_Biochar,DE3,0.0
2029,Agri06_Biochar,DE4,0.0
2029,Agri06_Biochar,DE5,0.0
2029,Agri06_Biochar,DE6,0.0
2029,Agri06_Biochar,DE7,0.0
2029,Agri06_Biochar,DE8,0.0
2029,Agri06_Biochar,DE9,0.0
2029,Agri06_Biochar,DEA,0.0
2029,Agri06_Biochar,DEB,0.0
2029,Agri06_Biochar,DEC,0.0
2029,Agri06_Biochar,DEE,0.0
2029,Agri06_Biochar,DED,0.0
2029,Agri06_Biochar,DEF,0.0
2029,Agri06_Biochar,DEG,0.0
2030,Agri01_AGC,DE1,7648933.585413893
2030,Agri01_AGC,DE2,17284666.356540166
2030,Agri01_AGC,DE3,0.0
2030,Agri01_AGC,DE4,6337082.177753944
2030,Agri01_AGC,DE5,0.0
2030,Agri01_AGC,DE6,75945.7047602555
2030,Agri01_AGC,DE7,4182145.3315087757
2030,Agri01_AGC,DE8,7273830.570885387
2030,Agri01_AGC,DE9,14678371.556729209
2030,Agri01_AGC,DEA,7855817.149582196
2030,Agri01_AGC,DEB,3815009.416998208
2030,Agri01_AGC,DEC,367672.1985191172
2030,Agri01_AGC,DEE,6016179.092823448
2030,Agri01_AGC,DED,4259478.985058675
2030,Agri01_AGC,DEF,4666723.352963888
2030,Agri01_AGC,DEG,3731020.8751176056
2030,Agri02_OFC,DE1,2115606.208220876
2030,Agri02_OFC,DE2,3538098.6482483335
2030,Agri02_OFC,DE3,912954.7674761345
2030,Agri02_OFC,DE4,2012249.1722950186
2030,Agri02_OFC,DE5,427094.99961062963
2030,Agri02_OFC,DE6,52107.496972625
2030,Agri02_OFC,DE7,811611.3569150483
2030,Agri02_OFC,DE8,2046684.1663767942
2030,Agri02_OFC,DE9,3070034.4036738276
2030,Agri02_OFC,DEA,2159515.191579109
2030,Agri02_OFC,DEB,1250406.486163443
2030,Agri02_OFC,DEC,682801.8778263269
2030,Agri02_OFC,DEE,1599479.485387812
2030,Agri02_OFC,DED,1344961.8045294571
2030,Agri02_OFC,DEF,828894.0679221876
2030,Agri02_OFC,DEG,662729.4589105085
2030,Agri03_No-till,DE1,0.0
2030,Agri03_No-till,DE2,0.0
2030,Agri03_No-till,DE3,0.0
2030,Agri03_No-till,DE4,0.0
2030,Agri03_No-till,DE5,0.0
2030,Agri03_No-till,DE6,0.0
2030,Agri03_No-till,DE7,0.0
2030,Agri03_No-till,DE8,0.0
2030,Agri03_No-till,DE9,0.0
2030,Agri03_No-till,DEA,0.0
2030,Agri03_No-till,DEB,0.0
2030,Agri03_No-till,DEC,0.0
2030,Agri03_No-till,DEE,0.0
2030,Agri03_No-till,DED,0.0
2030,Agri03_No-till,DEF,0.0
2030,Agri03_No-till,DEG,0.0
2030,Agri04_toGrassland,DE1,124773.31053520423
2030,Agri04_toGrassland,DE2,232540.62064945156
2030,Agri04_toGrassland,DE3,33661.04369490864
2030,Agri04_toGrassland,DE4,114498.92054945958
2030,Agri04_toGrassland,DE5,16010.03902055925
2030,Agri04_toGrassland,DE6,2421.04227061657
2030,Agri04_toGrassland,DE7,56264.82171970162
2030,Agri04_toGrassland,DE8,119948.13015495036
2030,Agri04_toGrassland,DE9,197476.6282158253
2030,Agri04_toGrassland,DEA,128496.15174109786
2030,Agri04_toGrassland,DEB,70402.92793074097
2030,Agri04_toGrassland,DEC,27701.430477026744
2030,Agri04_toGrassland,DEE,96276.65981867141
2030,Agri04_toGrassland,DED,77331.91907751444
2030,Agri04_toGrassland,DEF,62784.130310209504
2030,Agri04_toGrassland,DEG,50195.58330251601
2030,Agri05_Agroforestry,DE1,3490287.6762620746
2030,Agri05_Agroforestry,DE2,4764910.313929239
2030,Agri05_Agroforestry,DE3,24238.67705171287
2030,Agri05_Agroforestry,DE4,3507448.0324498434
2030,Agri05_Agroforestry,DE5,198986.09189075642
2030,Agri05_Agroforestry,DE6,115255.37405815072
2030,Agri05_Agroforestry,DE7,961800.8994937881
2030,Agri05_Agroforestry,DE8,3410730.16054052
2030,Agri05_Agroforestry,DE9,4327701.908169411
2030,Agri05_Agroforestry,DEA,3511832.264781783
2030,Agri05_Agroforestry,DEB,2213042.927827076
2030,Agri05_Agroforestry,DEC,886623.8618696734
2030,Agri05_Agroforestry,DEE,2551513.630955557
2030,Agri05_Agroforestry,DED,2308300.034488412
2030,Agri05_Agroforestry,DEF,743289.4387212347
2030,Agri05_Agroforestry,DEG,594397.840941417
2030,Agri06_Biochar,DE1,0.0
2030,Agri06_Biochar,DE2,0.0
2030,Agri06_Biochar,DE3,0.0
2030,Agri06_Biochar,DE4,0.0
2030,Agri06_Biochar,DE5,0.0
2030,Agri06_Biochar,DE6,0.0
2030,Agri06_Biochar,DE7,0.0
2030,Agri06_Biochar,DE8,0.0
2030,Agri06_Biochar,DE9,0.0
2030,Agri06_Biochar,DEA,0.0
2030,Agri06_Biochar,DEB,0.0
2030,Agri06_Biochar,DEC,0.0
2030,Agri06_Biochar,DEE,0.0
2030,Agri06_Biochar,DED,0.0
2030,Agri06_Biochar,DEF,0.0
2030,Agri06_Biochar,DEG,0.0
2031,Agri01_AGC,DE1,8306828.4526517615
2031,Agri01_AGC,DE2,18068691.067325216
2031,Agri01_AGC,DE3,36253.22303731748
2031,Agri01_AGC,DE4,7025612.466674595
2031,Agri01_AGC,DE5,116557.69935002718
2031,Agri01_AGC,DE6,100285.17285595571
2031,Agri01_AGC,DE7,4339566.165839857
2031,Agri01_AGC,DE8,7919524.052131231
2031,Agri01_AGC,DE9,15391686.667007668
2031,Agri01_AGC,DEA,8520434.148706324
2031,Agri01_AGC,DEB,4251884.960472403
2031,Agri01_AGC,DEC,733560.1436660605
2031,Agri01_AGC,DEE,6494309.8993720235
2031,Agri01_AGC,DED,4715275.969819455
2031,Agri01_AGC,DEF,4786651.25905723
2031,Agri01_AGC,DEG,3826926.564261129
2031,Agri02_OFC,DE1,2718550.433686329
2031,Agri02_OFC,DE2,4480326.820574842
2031,Agri02_OFC,DE3,1229050.1380498628
2031,Agri02_OFC,DE4,2597311.3285278743
2031,Agri02_OFC,DE5,574241.4265474293
2031,Agri02_OFC,DE6,68764.39843007362
2031,Agri02_OFC,DE7,1019657.5541364668
2031,Agri02_OFC,DE8,2632091.7682956075
2031,Agri02_OFC,DE9,3899525.065552267
2031,Agri02_OFC,DEA,2771834.539727155
2031,Agri02_OFC,DEB,1616030.1050046426
2031,Agri02_OFC,DEC,912213.2023125149
2031,Agri02_OFC,DEE,2049945.8139623185
2031,Agri02_OFC,DED,1733787.6322523342
2031,Agri02_OFC,DEF,1026631.1967543213
2031,Agri02_OFC,DEG,820834.0506635569
2031,Agri03_No-till,DE1,0.0
2031,Agri03_No-till,DE2,0.0
2031,Agri03_No-till,DE3,0.0
2031,Agri03_No-till,DE4,0.0
2031,Agri03_No-till,DE5,0.0
2031,Agri03_No-till,DE6,0.0
2031,Agri03_No-till,DE7,0.0
2031,Agri03_No-till,DE8,0.0
2031,Agri03_No-till,DE9,0.0
2031,Agri03_No-till,DEA,0.0
2031,Agri03_No-till,DEB,0.0
2031,Agri03_No-till,DEC,0.0
2031,Agri03_No-till,DEE,0.0
2031,Agri03_No-till,DED,0.0
2031,Agri03_No-till,DEF,0.0
2031,Agri03_No-till,DEG,0.0
2031,Agri04_toGrassland,DE1,136814.6123691402
2031,Agri04_toGrassland,DE2,250900.9891419084
2031,Agri04_toGrassland,DE3,40359.86749016663
2031,Agri04_toGrassland,DE4,126263.04757562395
2031,Agri04_toGrassland,DE5,19124.287402309612
2031,Agri04_toGrassland,DE6,2766.1710281618657
2031,Agri04_toGrassland,DE7,60259.01042853787
2031,Agri04_toGrassland,DE8,131653.75733937018
2031,Agri04_toGrassland,DE9,213728.23271620768
2031,Agri04_toGrassland,DEA,140703.0025168282
2031,Agri04_toGrassland,DEB,77768.69607185654
2031,Agri04_toGrassland,DEC,32523.42670812618
2031,Agri04_toGrassland,DEE,105235.6722687304
2031,Agri04_toGrassland,DED,85135.1818834231
2031,Agri04_toGrassland,DEF,66467.21287667716
2031,Agri04_toGrassland,DEG,53140.52117936298
2031,Agri05_Agroforestry,DE1,4255543.395495411
2031,Agri05_Agroforestry,DE2,5678592.976385572
2031,Agri05_Agroforestry,DE3,25093.128075330427
2031,Agri05_Agroforestry,DE4,4299403.389166965
2031,Agri05_Agroforestry,DE5,206000.6607774564
2031,Agri05_Agroforestry,DE6,144105.0927388352
2031,Agri05_Agroforestry,DE7,1126580.9370966528
2031,Agri05_Agroforestry,DE8,4162716.2025060346
2031,Agri05_Agroforestry,DE9,5186467.250533594
2031,Agri05_Agroforestry,DEA,4275591.419700483
2031,Agri05_Agroforestry,DEB,2716609.2710963287
2031,Agri05_Agroforestry,DEC,917878.730471702
2031,Agri05_Agroforestry,DEE,3100273.638443261
2031,Agri05_Agroforestry,DED,2825328.5388898137
2031,Agri05_Agroforestry,DEF,829969.8155681397
2031,Agri05_Agroforestry,DEG,663740.1256526817
2031,Agri06_Biochar,DE1,0.0
2031,Agri06_Biochar,DE2,0.0
2031,Agri06_Biochar,DE3,0.0
2031,Agri06_Biochar,DE4,0.0
2031,Agri06_Biochar,DE5,0.0
2031,Agri06_Biochar,DE6,0.0
2031,Agri06_Biochar,DE7,0.0
2031,Agri06_Biochar,DE8,0.0
2031,Agri06_Biochar,DE9,0.0
2031,Agri06_Biochar,DEA,0.0
2031,Agri06_Biochar,DEB,0.0
2031,Agri06_Biochar,DEC,0.0
2031,Agri06_Biochar,DEE,0.0
2031,Agri06_Biochar,DED,0.0
2031,Agri06_Biochar,DEF,0.0
2031,Agri06_Biochar,DEG,0.0
2032,Agri01_AGC,DE1,8884420.700575422
2032,Agri01_AGC,DE2,18682602.96928414
2032,Agri01_AGC,DE3,34388.433761092994
2032,Agri01_AGC,DE4,7644032.655944554
2032,Agri01_AGC,DE5,110562.21730459381
2032,Agri01_AGC,DE6,123625.19906078055
2032,Agri01_AGC,DE7,4453580.696566687
2032,Agri01_AGC,DE8,8488671.75052746
2032,Agri01_AGC,DE9,15963845.964771299
2032,Agri01_AGC,DEA,9101381.688628612
2032,Agri01_AGC,DEB,4646314.130770736
2032,Agri01_AGC,DEC,933676.9113046412
2032,Agri01_AGC,DEE,6908813.317863114
2032,Agri01_AGC,DED,5123008.543282795
2032,Agri01_AGC,DEF,4854264.983896613
2032,Agri01_AGC,DEG,3881009.0066580316
2032,Agri02_OFC,DE1,3265494.0862207375
2032,Agri02_OFC,DE2,5304450.039150064
2032,Agri02_OFC,DE3,1541651.3118027668
2032,Agri02_OFC,DE4,3133388.704912245
2032,Agri02_OFC,DE5,719483.9829792009
2032,Agri02_OFC,DE6,84709.93774591305
2032,Agri02_OFC,DE7,1197618.7416236922
2032,Agri02_OFC,DE8,3164101.9310113816
2032,Agri02_OFC,DE9,4630939.99605456
2032,Agri02_OFC,DEA,3325830.3761249026
2032,Agri02_OFC,DEB,1951979.2038421647
2032,Agri02_OFC,DEC,1136423.7596158586
2032,Agri02_OFC,DEE,2456083.218755355
2032,Agri02_OFC,DED,2089050.9180551444
2032,Agri02_OFC,DEF,1188192.5342050765
2032,Agri02_OFC,DEG,950017.4063963146
2032,Agri03_No-till,DE1,0.0
2032,Agri03_No-till,DE2,0.0
2032,Agri03_No-till,DE3,0.0
2032,Agri03_No-till,DE4,0.0
2032,Agri03_No-till,DE5,0.0
2032,Agri03_No-till,DE6,0.0
2032,Agri03_No-till,DE7,0.0
2032,Agri03_No-till,DE8,0.0
2032,Agri03_No-till,DE9,0.0
2032,Agri03_No-till,DEA,0.0
2032,Agri03_No-till,DEB,0.0
2032,Agri03_No-till,DEC,0.0
2032,Agri03_No-till,DEE,0.0
2032,Agri03_No-till,DED,0.0
2032,Agri03_No-till,DEF,0.0
2032,Agri03_No-till,DEG,0.0
2032,Agri04_toGrassland,DE1,148691.64419839426
2032,Agri04_toGrassland,DE2,268379.6914079766
2032,Agri04_toGrassland,DE3,47500.94654255968
2032,Agri04_toGrassland,DE4,137977.1709784849
2032,Agri04_toGrassland,DE5,22438.7468240545
2032,Agri04_toGrassland,DE6,3123.834091937544
2032,Agri04_toGrassland,DE7,63976.66401037305
2032,Agri04_toGrassland,DE8,143219.79720447416
2032,Agri04_toGrassland,DE9,229324.15042773663
2032,Agri04_toGrassland,DEA,152713.36264715556
2032,Agri04_toGrassland,DEB,85122.36934770404
2032,Agri04_toGrassland,DEC,37611.95841520585
2032,Agri04_toGrassland,DEE,114021.08364546469
2032,Agri04_toGrassland,DED,92884.62476361851
2032,Agri04_toGrassland,DEF,69732.58172496714
2032,Agri04_toGrassland,DEG,55751.54603836078
2032,Agri05_Agroforestry,DE1,5117344.683384197
2032,Agri05_Agroforestry,DE2,6690518.500186771
2032,Agri05_Agroforestry,DE3,25947.579098947986
2032,Agri05_Agroforestry,DE4,5194253.470745146
2032,Agri05_Agroforestry,DE5,213015.22966415636
2032,Agri05_Agroforestry,DE6,172440.18141490183
2032,Agri05_Agroforestry,DE7,1306159.4119839005
2032,Agri05_Agroforestry,DE8,5010116.048498581
2032,Agri05_Agroforestry,DE9,6141867.440234146
2032,Agri05_Agroforestry,DEA,5134899.006619502
2032,Agri05_Agroforestry,DEB,3286090.7653363915
2032,Agri05_Agroforestry,DEC,949133.5990737306
2032,Agri05_Agroforestry,DEE,3716879.706277319
2032,Agri05_Agroforestry,DED,3409005.9430724797
2032,Agri05_Agroforestry,DEF,917672.2274789179
2032,Agri05_Agroforestry,DEG,733906.1807705327
2032,Agri06_Biochar,DE1,0.0
2032,Agri06_Biochar,DE2,0.0
2032,Agri06_Biochar,DE3,0.0
2032,Agri06_Biochar,DE4,0.0
2032,Agri06_Biochar,DE5,0.0
2032,Agri06_Biochar,DE6,0.0
2032,Agri06_Biochar,DE7,0.0
2032,Agri06_Biochar,DE8,0.0
2032,Agri06_Biochar,DE9,0.0
2032,Agri06_Biochar,DEA,0.0
2032,Agri06_Biochar,DEB,0.0
2032,Agri06_Biochar,DEC,0.0
2032,Agri06_Biochar,DEE,0.0
2032,Agri06_Biochar,DED,0.0
2032,Agri06_Biochar,DEF,0.0
2032,Agri06_Biochar,DEG,0.0
2033,Agri01_AGC,DE1,9377500.99878654
2033,Agri01_AGC,DE2,19126803.038613535
2033,Agri01_AGC,DE3,32523.64448486851
2033,Agri01_AGC,DE4,8187036.642767272
2033,Agri01_AGC,DE5,104566.73525916044
2033,Agri01_AGC,DE6,145658.84828752026
2033,Agri01_AGC,DE7,4525191.6068254635
2033,Agri01_AGC,DE8,8976964.485250525
2033,Agri01_AGC,DE9,16393856.953500235
2033,Agri01_AGC,DEA,9594716.27456008
2033,Agri01_AGC,DEB,4994767.085463491
2033,Agri01_AGC,DEC,883046.2049527519
2033,Agri01_AGC,DEE,7257112.612999114
2033,Agri01_AGC,DED,5479380.236108273
2033,Agri01_AGC,DEF,4872247.092586866
2033,Agri01_AGC,DEG,3895412.226911122
2033,Agri02_OFC,DE1,3753514.175247927
2033,Agri02_OFC,DE2,6010746.744850107
2033,Agri02_OFC,DE3,1845128.6362178456
2033,Agri02_OFC,DE4,3616796.7038986827
2033,Agri02_OFC,DE5,860245.9184829507
2033,Agri02_OFC,DE6,99730.97689520568
2033,Agri02_OFC,DE7,1346191.1900612868
2033,Agri02_OFC,DE8,3639722.3270643265
2033,Agri02_OFC,DE9,5263589.998158871
2033,Agri02_OFC,DEA,3818764.308435668
2033,Agri02_OFC,DEB,2255802.633637787
2033,Agri02_OFC,DEC,1351769.8798634273
2033,Agri02_OFC,DEE,2816102.39546447
2033,Agri02_OFC,DED,2408462.568921929
2033,Agri02_OFC,DEF,1315440.8735882046
2033,Agri02_OFC,DEG,1051768.3528617434
2033,Agri03_No-till,DE1,0.0
2033,Agri03_No-till,DE2,0.0
2033,Agri03_No-till,DE3,0.0
2033,Agri03_No-till,DE4,0.0
2033,Agri03_No-till,DE5,0.0
2033,Agri03_No-till,DE6,0.0
2033,Agri03_No-till,DE7,0.0
2033,Agri03_No-till,DE8,0.0
2033,Agri03_No-till,DE9,0.0
2033,Agri03_No-till,DEA,0.0
2033,Agri03_No-till,DEB,0.0
2033,Agri03_No-till,DEC,0.0
2033,Agri03_No-till,DEE,0.0
2033,Agri03_No-till,DED,0.0
2033,Agri03_No-till,DEF,0.0
2033,Agri03_No-till,DEG,0.0
2033,Agri04_toGrassland,DE1,160383.158031777
2033,Agri04_toGrassland,DE2,284978.7515079904
2033,Agri04_toGrassland,DE3,55043.35741974576
2033,Agri04_toGrassland,DE4,149614.50644443385
2033,Agri04_toGrassland,DE5,25934.686205806425
2033,Agri04_toGrassland,DE6,3492.482105297399
2033,Agri04_toGrassland,DE7,67422.84384087207
2033,Agri04_toGrassland,DE8,154624.49773093683
2033,Agri04_toGrassland,DE9,244259.37139507147
2033,Agri04_toGrassland,DEA,164507.3260342919
2033,Agri04_toGrassland,DEB,92446.12970796452
2033,Agri04_toGrassland,DEC,42940.39341347003
2033,Agri04_toGrassland,DEE,122619.88702289801
2033,Agri04_toGrassland,DED,100563.60769584705
2033,Agri04_toGrassland,DEF,72593.77799210556
2033,Agri04_toGrassland,DEG,58039.48055474732
2033,Agri05_Agroforestry,DE1,6080908.525201062
2033,Agri05_Agroforestry,DE2,7805375.253802535
2033,Agri05_Agroforestry,DE3,26802.030122565542
2033,Agri05_Agroforestry,DE4,6197666.9332418265
2033,Agri05_Agroforestry,DE5,220029.79855085633
2033,Agri05_Agroforestry,DE6,178118.6182725713
2033,Agri05_Agroforestry,DE7,1501117.7540378321
2033,Agri05_Agroforestry,DE8,5958105.284710762
2033,Agri05_Agroforestry,DE9,7198697.77312574
2033,Agri05_Agroforestry,DEA,6094888.682246168
2033,Agri05_Agroforestry,DEB,3925136.1050860323
2033,Agri05_Agroforestry,DEC,980388.4676757592
2033,Agri05_Agroforestry,DEE,4404947.502071951
2033,Agri05_Agroforestry,DED,4062985.449211154
2033,Agri05_Agroforestry,DEF,1006090.7544479567
2033,Agri05_Agroforestry,DEG,804651.8352322018
2033,Agri06_Biochar,DE1,0.0
2033,Agri06_Biochar,DE2,0.0
2033,Agri06_Biochar,DE3,0.0
2033,Agri06_Biochar,DE4,0.0
2033,Agri06_Biochar,DE5,0.0
2033,Agri06_Biochar,DE6,0.0
2033,Agri06_Biochar,DE7,0.0
2033,Agri06_Biochar,DE8,0.0
2033,Agri06_Biochar,DE9,0.0
2033,Agri06_Biochar,DEA,0.0
2033,Agri06_Biochar,DEB,0.0
2033,Agri06_Biochar,DEC,0.0
2033,Agri06_Biochar,DEE,0.0
2033,Agri06_Biochar,DED,0.0
2033,Agri06_Biochar,DEF,0.0
2033,Agri06_Biochar,DEG,0.0
2034,Agri01_AGC,DE1,9781860.016886774
2034,Agri01_AGC,DE2,19401692.251510013
2034,Agri01_AGC,DE3,30658.85520864402
2034,Agri01_AGC,DE4,8649318.324346198
2034,Agri01_AGC,DE5,98571.25321372705
2034,Agri01_AGC,DE6,161907.35355857792
2034,Agri01_AGC,DE7,4555401.5797523875
2034,Agri01_AGC,DE8,9380093.075476874
2034,Agri01_AGC,DE9,16680727.136674605
2034,Agri01_AGC,DEA,9996494.411711756
2034,Agri01_AGC,DEB,5293713.98212095
2034,Agri01_AGC,DEC,832415.4986008625
2034,Agri01_AGC,DEE,7536631.049482422
2034,Agri01_AGC,DED,5781094.578955471
2034,Agri01_AGC,DEF,4843280.150232817
2034,Agri01_AGC,DEG,3872280.2496232106
2034,Agri02_OFC,DE1,4179687.710191723
2034,Agri02_OFC,DE2,6599495.378551078
2034,Agri02_OFC,DE3,2133852.4587780996
2034,Agri02_OFC,DE4,4043850.727937742
2034,Agri02_OFC,DE5,993950.4826356848
2034,Agri02_OFC,DE6,113614.37785301387
2034,Agri02_OFC,DE7,1466071.1701338142
2034,Agri02_OFC,DE8,4055960.628994655
2034,Agri02_OFC,DE9,5796785.874843363
2034,Agri02_OFC,DEA,4247897.944322769
2034,Agri02_OFC,DEB,2525049.245353287
2034,Agri02_OFC,DEC,1554587.8931822903
2034,Agri02_OFC,DEE,3128214.039787211
2034,Agri02_OFC,DED,2689733.491836731
2034,Agri02_OFC,DEF,1410239.008217457
2034,Agri02_OFC,DEG,1127575.7168128055
2034,Agri03_No-till,DE1,0.0
2034,Agri03_No-till,DE2,0.0
2034,Agri03_No-till,DE3,0.0
2034,Agri03_No-till,DE4,0.0
2034,Agri03_No-till,DE5,0.0
2034,Agri03_No-till,DE6,0.0
2034,Agri03_No-till,DE7,0.0
2034,Agri03_No-till,DE8,0.0
2034,Agri03_No-till,DE9,0.0
2034,Agri03_No-till,DEA,0.0
2034,Agri03_No-till,DEB,0.0
2034,Agri03_No-till,DEC,0.0
2034,Agri03_No-till,DEE,0.0
2034,Agri03_No-till,DED,0.0
2034,Agri03_No-till,DEF,0.0
2034,Agri03_No-till,DEG,0.0
2034,Agri04_toGrassland,DE1,171867.9058780991
2034,Agri04_toGrassland,DE2,300700.19350228395
2034,Agri04_toGrassland,DE3,62946.17668938287
2034,Agri04_toGrassland,DE4,161148.2696598623
2034,Agri04_toGrassland,DE5,29593.37446757792
2034,Agri04_toGrassland,DE6,3870.565711595224
2034,Agri04_toGrassland,DE7,70602.61129569984
2034,Agri04_toGrassland,DE8,165846.1068994326
2034,Agri04_toGrassland,DE9,258528.8856628716
2034,Agri04_toGrassland,DEA,176064.9865804492
2034,Agri04_toGrassland,DEB,99722.15910231908
2034,Agri04_toGrassland,DEC,48482.099518123054
2034,Agri04_toGrassland,DEE,131019.07547505411
2034,Agri04_toGrassland,DED,108155.49065785507
2034,Agri04_toGrassland,DEF,75064.34281511867
2034,Agri04_toGrassland,DEG,60015.14740376053
2034,Agri05_Agroforestry,DE1,7151451.906218639
2034,Agri05_Agroforestry,DE2,9027851.605702564
2034,Agri05_Agroforestry,DE3,27656.4811461831
2034,Agri05_Agroforestry,DE4,7315312.432714446
2034,Agri05_Agroforestry,DE5,227044.36743755636
2034,Agri05_Agroforestry,DE6,183797.0551302408
2034,Agri05_Agroforestry,DE7,1712037.3931407488
2034,Agri05_Agroforestry,DE8,7011859.497335179
2034,Agri05_Agroforestry,DE9,8361753.545063048
2034,Agri05_Agroforestry,DEA,7160694.103287811
2034,Agri05_Agroforestry,DEB,4637393.984884022
2034,Agri05_Agroforestry,DEC,1011643.336277788
2034,Agri05_Agroforestry,DEE,5018790.874922164
2034,Agri05_Agroforestry,DED,4790920.259480583
2034,Agri05_Agroforestry,DEF,1094919.4764696436
2034,Agri05_Agroforestry,DEG,875732.9179749213
2034,Agri06_Biochar,DE1,0.0
2034,Agri06_Biochar,DE2,0.0
2034,Agri06_Biochar,DE3,0.0
2034,Agri06_Biochar,DE4,0.0
2034,Agri06_Biochar,DE5,0.0
2034,Agri06_Biochar,DE6,0.0
2034,Agri06_Biochar,DE7,0.0
2034,Agri06_Biochar,DE8,0.0
2034,Agri06_Biochar,DE9,0.0
2034,Agri06_Biochar,DEA,0.0
2034,Agri06_Biochar,DEB,0.0
2034,Agri06_Biochar,DEC,0.0
2034,Agri06_Biochar,DEE,0.0
2034,Agri06_Biochar,DED,0.0
2034,Agri06_Biochar,DEF,0.0
2034,Agri06_Biochar,DEG,0.0
2035,Agri01_AGC,DE1,10093288.424477786
2035,Agri01_AGC,DE2,19507671.58417017
2035,Agri01_AGC,DE3,28794.06593241953
2035,Agri01_AGC,DE4,9025571.597884785
2035,Agri01_AGC,DE5,92575.77116829366
2035,Agri01_AGC,DE6,152059.52673649887
2035,Agri01_AGC,DE7,4545213.298483659
2035,Agri01_AGC,DE8,9693748.340382958
2035,Agri01_AGC,DE9,16823464.01777454
2035,Agri01_AGC,DEA,10302772.605294658
2035,Agri01_AGC,DEB,5539624.978313395
2035,Agri01_AGC,DEC,781784.792248973
2035,Agri01_AGC,DEE,7744791.892015436
2035,Agri01_AGC,DED,6024855.102483969
2035,Agri01_AGC,DEF,4770046.721939299
2035,Agri01_AGC,DEG,3813757.0993971075
2035,Agri02_OFC,DE1,4541091.700475949
2035,Agri02_OFC,DE2,7070974.381129085
2035,Agri02_OFC,DE3,2402193.126966528
2035,Agri02_OFC,DE4,4410866.179479974
2035,Agri02_OFC,DE5,1118020.9250144095
2035,Agri02_OFC,DE6,126147.00259440001
2035,Agri02_OFC,DE7,1557954.9525258369
2035,Agri02_OFC,DE8,4409824.509342576
2035,Agri02_OFC,DE9,6229838.429086198
2035,Agri02_OFC,DEA,4610492.891449522
2035,Agri02_OFC,DEB,2757267.889950442
2035,Agri02_OFC,DEC,1741214.1296995168
2035,Agri02_OFC,DEE,3390628.847421123
2035,Agri02_OFC,DED,2930574.593783591
2035,Agri02_OFC,DEF,1474449.731406585
2035,Agri02_OFC,DEG,1178928.325002462
2035,Agri03_No-till,DE1,0.0
2035,Agri03_No-till,DE2,0.0
2035,Agri03_No-till,DE3,0.0
2035,Agri03_No-till,DE4,0.0
2035,Agri03_No-till,DE5,0.0
2035,Agri03_No-till,DE6,0.0
2035,Agri03_No-till,DE7,0.0
2035,Agri03_No-till,DE8,0.0
2035,Agri03_No-till,DE9,0.0
2035,Agri03_No-till,DEA,0.0
2035,Agri03_No-till,DEB,0.0
2035,Agri03_No-till,DEC,0.0
2035,Agri03_No-till,DEE,0.0
2035,Agri03_No-till,DED,0.0
2035,Agri03_No-till,DEF,0.0
2035,Agri03_No-till,DEG,0.0
2035,Agri04_toGrassland,DE1,183124.6397461711
2035,Agri04_toGrassland,DE2,315546.04145119124
2035,Agri04_toGrassland,DE3,71168.48091912897
2035,Agri04_toGrassland,DE4,172551.6763111617
2035,Agri04_toGrassland,DE5,33396.0805293815
2035,Agri04_toGrassland,DE6,4256.535554184813
2035,Agri04_toGrassland,DE7,73521.02775052127
2035,Agri04_toGrassland,DE8,176862.87269063597
2035,Agri04_toGrassland,DE9,272127.6832757963
2035,Agri04_toGrassland,DEA,187366.43818783935
2035,Agri04_toGrassland,DEB,106932.63948044882
2035,Agri04_toGrassland,DEC,54210.44454436917
2035,Agri04_toGrassland,DEE,139205.6420759567
2035,Agri04_toGrassland,DED,115643.63362738893
2035,Agri04_toGrassland,DEF,77157.8173310326
2035,Agri04_toGrassland,DEG,61689.36926063832
2035,Agri05_Agroforestry,DE1,8334191.811709551
2035,Agri05_Agroforestry,DE2,10362635.92435655
2035,Agri05_Agroforestry,DE3,28510.932169800653
2035,Agri05_Agroforestry,DE4,8552858.625220444
2035,Agri05_Agroforestry,DE5,234058.9363242563
2035,Agri05_Agroforestry,DE6,189475.4919879102
2035,Agri05_Agroforestry,DE7,1939499.7591749507
2035,Agri05_Agroforestry,DE8,8176554.272564428
2035,Agri05_Agroforestry,DE9,9635830.051900737
2035,Agri05_Agroforestry,DEA,8337448.926451757
2035,Agri05_Agroforestry,DEB,5426513.099269125
2035,Agri05_Agroforestry,DEC,1042898.2048798165
2035,Agri05_Agroforestry,DEE,5173847.151884263
2035,Agri05_Agroforestry,DED,5596463.576055508
2035,Agri05_Agroforestry,DEF,1183852.4735383652
2035,Agri05_Agroforestry,DEG,946905.2579359225
2035,Agri06_Biochar,DE1,0.0
2035,Agri06_Biochar,DE2,0.0
2035,Agri06_Biochar,DE3,0.0
2035,Agri06_Biochar,DE4,0.0
2035,Agri06_Biochar,DE5,0.0
2035,Agri06_Biochar,DE6,0.0
2035,Agri06_Biochar,DE7,0.0
2035,Agri06_Biochar,DE8,0.0
2035,Agri06_Biochar,DE9,0.0
2035,Agri06_Biochar,DEA,0.0
2035,Agri06_Biochar,DEB,0.0
2035,Agri06_Biochar,DEC,0.0
2035,Agri06_Biochar,DEE,0.0
2035,Agri06_Biochar,DED,0.0
2035,Agri06_Biochar,DEF,0.0
2035,Agri06_Biochar,DEG,0.0
2036,Agri01_AGC,DE1,10307576.891161244
2036,Agri01_AGC,DE2,19445142.012790617
2036,Agri01_AGC,DE3,26929.276656195045
2036,Agri01_AGC,DE4,9310490.360586489
2036,Agri01_AGC,DE5,86580.2891228603
2036,Agri01_AGC,DE6,142211.69991441982
2036,Agri01_AGC,DE7,4495629.446155477
2036,Agri01_AGC,DE8,9913621.099145228
2036,Agri01_AGC,DE9,16821075.10028018
2036,Agri01_AGC,DEA,10509607.360519817
2036,Agri01_AGC,DEB,5728970.231611112
2036,Agri01_AGC,DEC,731154.0858970837
2036,Agri01_AGC,DEE,7879018.405300553
2036,Agri01_AGC,DED,6207365.337353351
2036,Agri01_AGC,DEF,4655229.3728111405
2036,Agri01_AGC,DEG,3721986.8008356234
2036,Agri02_OFC,DE1,4834803.155524431
2036,Agri02_OFC,DE2,7425462.193460237
2036,Agri02_OFC,DE3,2644520.9882661323
2036,Agri02_OFC,DE4,4714158.460975936
2036,Agri02_OFC,DE5,1229880.495196131
2036,Agri02_OFC,DE6,137115.71309442655
2036,Agri02_OFC,DE7,1622538.8079219183
2036,Agri02_OFC,DE8,4698321.640648304
2036,Agri02_OFC,DE9,6562058.463865542
2036,Agri02_OFC,DEA,4903810.757479249
2036,Agri02_OFC,DEB,2950007.418391031
2036,Agri02_OFC,DEC,1907984.919542177
2036,Agri02_OFC,DEE,3601557.5140637564
2036,Agri02_OFC,DED,3128696.781746553
2036,Agri02_OFC,DEF,1509935.8364693406
2036,Agri02_OFC,DEG,1207315.0041836754
2036,Agri03_No-till,DE1,0.0
2036,Agri03_No-till,DE2,0.0
2036,Agri03_No-till,DE3,0.0
2036,Agri03_No-till,DE4,0.0
2036,Agri03_No-till,DE5,0.0
2036,Agri03_No-till,DE6,0.0
2036,Agri03_No-till,DE7,0.0
2036,Agri03_No-till,DE8,0.0
2036,Agri03_No-till,DE9,0.0
2036,Agri03_No-till,DEA,0.0
2036,Agri03_No-till,DEB,0.0
2036,Agri03_No-till,DEC,0.0
2036,Agri03_No-till,DEE,0.0
2036,Agri03_No-till,DED,0.0
2036,Agri03_No-till,DEF,0.0
2036,Agri03_No-till,DEG,0.0
2036,Agri04_toGrassland,DE1,194132.11164480372
2036,Agri04_toGrassland,DE2,329518.3194150466
2036,Agri04_toGrassland,DE3,79669.34667664209
2036,Agri04_toGrassland,DE4,183797.9420847236
2036,Agri04_toGrassland,DE5,37324.07331122969
2036,Agri04_toGrassland,DE6,4648.84227641996
2036,Agri04_toGrassland,DE7,76183.15458100128
2036,Agri04_toGrassland,DE8,187653.04308522143
2036,Agri04_toGrassland,DE9,285050.7542785051
2036,Agri04_toGrassland,DEA,198391.77475867435
2036,Agri04_toGrassland,DEB,114059.75279203484
2036,Agri04_toGrassland,DEC,60098.79630741271
2036,Agri04_toGrassland,DEE,147166.57989962958
2036,Agri04_toGrassland,DED,123011.39658219503
2036,Agri04_toGrassland,DEF,78887.74267687353
2036,Agri04_toGrassland,DEG,63072.968800618604
2036,Agri05_Agroforestry,DE1,9634345.226946434
2036,Agri05_Agroforestry,DE2,11814416.5782342
2036,Agri05_Agroforestry,DE3,29365.383193418213
2036,Agri05_Agroforestry,DE4,9915974.166817263
2036,Agri05_Agroforestry,DE5,241073.50521095633
2036,Agri05_Agroforestry,DE6,195153.9288455797
2036,Agri05_Agroforestry,DE7,2184086.2820227398
2036,Agri05_Agroforestry,DE8,9457365.196591116
2036,Agri05_Agroforestry,DE9,11025722.58949349
2036,Agri05_Agroforestry,DEA,9630286.80844534
2036,Agri05_Agroforestry,DEB,6296142.142780114
2036,Agri05_Agroforestry,DEC,1074153.0734818454
2036,Agri05_Agroforestry,DEE,5328903.428846366
2036,Agri05_Agroforestry,DED,5936798.697131595
2036,Agri05_Agroforestry,DEF,1272583.82564851
2036,Agri05_Agroforestry,DEG,1017924.6840524379
2036,Agri06_Biochar,DE1,0.0
2036,Agri06_Biochar,DE2,0.0
2036,Agri06_Biochar,DE3,0.0
2036,Agri06_Biochar,DE4,0.0
2036,Agri06_Biochar,DE5,0.0
2036,Agri06_Biochar,DE6,0.0
2036,Agri06_Biochar,DE7,0.0
2036,Agri06_Biochar,DE8,0.0
2036,Agri06_Biochar,DE9,0.0
2036,Agri06_Biochar,DEA,0.0
2036,Agri06_Biochar,DEB,0.0
2036,Agri06_Biochar,DEC,0.0
2036,Agri06_Biochar,DEE,0.0
2036,Agri06_Biochar,DED,0.0
2036,Agri06_Biochar,DEF,0.0
2036,Agri06_Biochar,DEG,0.0
2037,Agri01_AGC,DE1,10420516.086538807
2037,Agri01_AGC,DE2,19214504.51356795
2037,Agri01_AGC,DE3,25064.487379970557
2037,Agri01_AGC,DE4,9498768.509654758
2037,Agri01_AGC,DE5,80584.80707742693
2037,Agri01_AGC,DE6,132363.87309234077
2037,Agri01_AGC,DE7,4407652.705904044
2037,Agri01_AGC,DE8,10035402.170940137
2037,Agri01_AGC,DE9,16672567.887671653
2037,Agri01_AGC,DEA,10613055.182598254
2037,Agri01_AGC,DEB,5858219.899584383
2037,Agri01_AGC,DEC,680523.3795451944
2037,Agri01_AGC,DEE,7936733.85404017
2037,Agri01_AGC,DED,6325328.814223196
2037,Agri01_AGC,DEF,4501510.667953172
2037,Agri01_AGC,DEG,3599113.3785415674
2037,Agri02_OFC,DE1,5057899.084760993
2037,Agri02_OFC,DE2,7663237.256420642
2037,Agri02_OFC,DE3,2855206.390159912
2037,Agri02_OFC,DE4,4950042.974876178
2037,Agri02_OFC,DE5,1326952.4427578556
2037,Agri02_OFC,DE6,146307.37132815583
2037,Agri02_OFC,DE7,1660519.0070066217
2037,Agri02_OFC,DE8,4918459.695452047
2037,Agri02_OFC,DE9,6792756.782159557
2037,Agri02_OFC,DEA,5125113.150075262
2037,Agri02_OFC,DEB,3100816.6816368313
2037,Agri02_OFC,DEC,2051236.5928373407
2037,Agri02_OFC,DEE,3759210.7354126573
2037,Agri02_OFC,DED,3281810.9627096583
2037,Agri02_OFC,DEF,1518560.1167194752
2037,Agri02_OFC,DEG,1214224.5811094074
2037,Agri03_No-till,DE1,0.0
2037,Agri03_No-till,DE2,0.0
2037,Agri03_No-till,DE3,0.0
2037,Agri03_No-till,DE4,0.0
2037,Agri03_No-till,DE5,0.0
2037,Agri03_No-till,DE6,0.0
2037,Agri03_No-till,DE7,0.0
2037,Agri03_No-till,DE8,0.0
2037,Agri03_No-till,DE9,0.0
2037,Agri03_No-till,DEA,0.0
2037,Agri03_No-till,DEB,0.0
2037,Agri03_No-till,DEC,0.0
2037,Agri03_No-till,DEE,0.0
2037,Agri03_No-till,DED,0.0
2037,Agri03_No-till,DEF,0.0
2037,Agri03_No-till,DEG,0.0
2037,Agri04_toGrassland,DE1,204869.07358280753
2037,Agri04_toGrassland,DE2,342619.0514541841
2037,Agri04_toGrassland,DE3,88407.85052958019
2037,Agri04_toGrassland,DE4,194860.2826669394
2037,Agri04_toGrassland,DE5,41358.621733135
2037,Agri04_toGrassland,DE6,5045.93652165446
2037,Agri04_toGrassland,DE7,78594.05316280476
2037,Agri04_toGrassland,DE8,198194.86606386342
2037,Agri04_toGrassland,DE9,297293.08871565724
2037,Agri04_toGrassland,DEA,209121.09019516612
2037,Agri04_toGrassland,DEB,121085.6809867582
2037,Agri04_toGrassland,DEC,66120.52262245795
2037,Agri04_toGrassland,DEE,154888.8820200964
2037,Agri04_toGrassland,DED,130242.13950001968
2037,Agri04_toGrassland,DEF,80267.65998966765
2037,Agri04_toGrassland,DEG,64176.76869893931
2037,Agri05_Agroforestry,DE1,11057129.137201913
2037,Agri05_Agroforestry,DE2,13387881.935805203
2037,Agri05_Agroforestry,DE3,30219.83421703577
2037,Agri05_Agroforestry,DE4,10942700.257566225
2037,Agri05_Agroforestry,DE5,248088.0740976563
2037,Agri05_Agroforestry,DE6,200832.36570324918
2037,Agri05_Agroforestry,DE7,2446378.3915664167
2037,Agri05_Agroforestry,DE8,10422092.85411279
2037,Agri05_Agroforestry,DE9,12536226.45369597
2037,Agri05_Agroforestry,DEA,11044341.405975882
2037,Agri05_Agroforestry,DEB,7249929.809955756
2037,Agri05_Agroforestry,DEC,1105407.942083874
2037,Agri05_Agroforestry,DEE,5483959.705808466
2037,Agri05_Agroforestry,DED,6109543.036626964
2037,Agri05_Agroforestry,DEF,1360807.6127944642
2037,Agri05_Agroforestry,DEG,1088547.025261699
2037,Agri06_Biochar,DE1,0.0
2037,Agri06_Biochar,DE2,0.0
2037,Agri06_Biochar,DE3,0.0
2037,Agri06_Biochar,DE4,0.0
2037,Agri06_Biochar,DE5,0.0
2037,Agri06_Biochar,DE6,0.0
2037,Agri06_Biochar,DE7,0.0
2037,Agri06_Biochar,DE8,0.0
2037,Agri06_Biochar,DE9,0.0
2037,Agri06_Biochar,DEA,0.0
2037,Agri06_Biochar,DEB,0.0
2037,Agri06_Biochar,DEC,0.0
2037,Agri06_Biochar,DEE,0.0
2037,Agri06_Biochar,DED,0.0
2037,Agri06_Biochar,DEF,0.0
2037,Agri06_Biochar,DEG,0.0
2038,Agri01_AGC,DE1,10427896.680212133
2038,Agri01_AGC,DE2,18816160.062698774
2038,Agri01_AGC,DE3,23199.69810374607
2038,Agri01_AGC,DE4,9585099.942293044
2038,Agri01_AGC,DE5,74589.32503199353
2038,Agri01_AGC,DE6,122516.0462702617
2038,Agri01_AGC,DE7,4282285.760865559
2038,Agri01_AGC,DE8,10054782.37494413
2038,Agri01_AGC,DE9,16376949.883429086
2038,Agri01_AGC,DEA,10609172.576740988
2038,Agri01_AGC,DEB,5923844.139803488
2038,Agri01_AGC,DEC,629892.673193305
2038,Agri01_AGC,DEE,7915361.5029366845
2038,Agri01_AGC,DED,6375449.063753087
2038,Agri01_AGC,DEF,4311573.172470223
2038,Agri01_AGC,DEG,3447280.857117749
2038,Agri02_OFC,DE1,5207456.497609461
2038,Agri02_OFC,DE2,7784578.0108864065
2038,Agri02_OFC,DE3,3028619.680130866
2038,Agri02_OFC,DE4,5114835.123631255
2038,Agri02_OFC,DE5,1406660.0172765895
2038,Agri02_OFC,DE6,153508.83927065023
2038,Agri02_OFC,DE7,1672591.8204645093
2038,Agri02_OFC,DE8,5067246.346294017
2038,Agri02_OFC,DE9,6921244.186946404
2038,Agri02_OFC,DEA,5271661.67690088
2038,Agri02_OFC,DEB,3207244.5306496196
2038,Agri02_OFC,DEC,2167305.479712076
2038,Agri02_OFC,DEE,3861799.2071653726
2038,Agri02_OFC,DED,3387628.0436569485
2038,Agri02_OFC,DEF,1502185.3654707398
2038,Agri02_OFC,DEG,1201145.8825326196
2038,Agri03_No-till,DE1,0.0
2038,Agri03_No-till,DE2,0.0
2038,Agri03_No-till,DE3,0.0
2038,Agri03_No-till,DE4,0.0
2038,Agri03_No-till,DE5,0.0
2038,Agri03_No-till,DE6,0.0
2038,Agri03_No-till,DE7,0.0
2038,Agri03_No-till,DE8,0.0
2038,Agri03_No-till,DE9,0.0
2038,Agri03_No-till,DEA,0.0
2038,Agri03_No-till,DEB,0.0
2038,Agri03_No-till,DEC,0.0
2038,Agri03_No-till,DEE,0.0
2038,Agri03_No-till,DED,0.0
2038,Agri03_No-till,DEF,0.0
2038,Agri03_No-till,DEG,0.0
2038,Agri04_toGrassland,DE1,215314.27756899313
2038,Agri04_toGrassland,DE2,354850.26162893773
2038,Agri04_toGrassland,DE3,97343.06904560122
2038,Agri04_toGrassland,DE4,205711.91374420054
2038,Agri04_toGrassland,DE5,45480.99471510994
2038,Agri04_toGrassland,DE6,5446.268933242105
2038,Agri04_toGrassland,DE7,80758.78487159661
2038,Agri04_toGrassland,DE8,208466.58960723635
2038,Agri04_toGrassland,DE9,308849.67663191207
2038,Agri04_toGrassland,DEA,219534.4783995266
2038,Agri04_toGrassland,DEB,127992.60601429999
2038,Agri04_toGrassland,DEC,72248.99130470917
2038,Agri04_toGrassland,DEE,162359.54151138096
2038,Agri04_toGrassland,DED,137319.22235860923
2038,Agri04_toGrassland,DEF,81311.11040644113
2038,Agri04_toGrassland,DEG,65011.59163083833
2038,Agri05_Agroforestry,DE1,12607760.527748622
2038,Agri05_Agroforestry,DE2,15087720.365539264
2038,Agri05_Agroforestry,DE3,31074.28524065333
2038,Agri05_Agroforestry,DE4,11252099.752251301
2038,Agri05_Agroforestry,DE5,255102.6429843563
2038,Agri05_Agroforestry,DE6,206510.80256091867
2038,Agri05_Agroforestry,DE7,2726957.5176882828
2038,Agri05_Agroforestry,DE8,10716772.429238118
2038,Agri05_Agroforestry,DE9,14172136.940362854
2038,Agri05_Agroforestry,DEA,12584746.375750717
2038,Agri05_Agroforestry,DEB,8159299.428653531
2038,Agri05_Agroforestry,DEC,1136662.8106859028
2038,Agri05_Agroforestry,DEE,5639015.982770569
2038,Agri05_Agroforestry,DED,6282287.376122335
2038,Agri05_Agroforestry,DEF,1448217.9149706159
2038,Agri05_Agroforestry,DEG,1158528.1105009378
2038,Agri06_Biochar,DE1,0.0
2038,Agri06_Biochar,DE2,0.0
2038,Agri06_Biochar,DE3,0.0
2038,Agri06_Biochar,DE4,0.0
2038,Agri06_Biochar,DE5,0.0
2038,Agri06_Biochar,DE6,0.0
2038,Agri06_Biochar,DE7,0.0
2038,Agri06_Biochar,DE8,0.0
2038,Agri06_Biochar,DE9,0.0
2038,Agri06_Biochar,DEA,0.0
2038,Agri06_Biochar,DEB,0.0
2038,Agri06_Biochar,DEC,0.0
2038,Agri06_Biochar,DEE,0.0
2038,Agri06_Biochar,DED,0.0
2038,Agri06_Biochar,DEF,0.0
2038,Agri06_Biochar,DEG,0.0
2039,Agri01_AGC,DE1,10325509.341782887
2039,Agri01_AGC,DE2,18250509.63637969
2039,Agri01_AGC,DE3,21334.908827521576
2039,Agri01_AGC,DE4,9034672.898197776
2039,Agri01_AGC,DE5,68593.84298656015
2039,Agri01_AGC,DE6,112668.21944818262
2039,Agri01_AGC,DE7,4120531.294176221
2039,Agri01_AGC,DE8,9967452.530333662
2039,Agri01_AGC,DE9,15933228.591032613
2039,Agri01_AGC,DEA,10494016.048159046
2039,Agri01_AGC,DEB,5447686.175310532
2039,Agri01_AGC,DEC,579261.9668414156
2039,Agri01_AGC,DEE,7812324.616692494
2039,Agri01_AGC,DED,6217558.689152097
2039,Agri01_AGC,DEF,4088099.4514671247
2039,Agri01_AGC,DEG,3268633.2611669786
2039,Agri02_OFC,DE1,5280552.4034936605
2039,Agri02_OFC,DE2,7789762.897733641
2039,Agri02_OFC,DE3,3159131.205661995
2039,Agri02_OFC,DE4,5204850.30969172
2039,Agri02_OFC,DE5,1466426.468329339
2039,Agri02_OFC,DE6,158506.9788969722
2039,Agri02_OFC,DE7,1659453.5189801452
2039,Agri02_OFC,DE8,5141689.2657144265
2039,Agri02_OFC,DE9,6946831.481204251
2039,Agri02_OFC,DEA,5340717.945619424
2039,Agri02_OFC,DEB,3266839.8163911747
2039,Agri02_OFC,DEC,2252527.9102934534
2039,Agri02_OFC,DEE,3907533.6250194516
2039,Agri02_OFC,DED,3443858.931572467
2039,Agri02_OFC,DEF,1462674.3760368864
2039,Agri02_OFC,DEG,1169567.7352062745
2039,Agri03_No-till,DE1,0.0
2039,Agri03_No-till,DE2,0.0
2039,Agri03_No-till,DE3,0.0
2039,Agri03_No-till,DE4,0.0
2039,Agri03_No-till,DE5,0.0
2039,Agri03_No-till,DE6,0.0
2039,Agri03_No-till,DE7,0.0
2039,Agri03_No-till,DE8,0.0
2039,Agri03_No-till,DE9,0.0
2039,Agri03_No-till,DEA,0.0
2039,Agri03_No-till,DEB,0.0
2039,Agri03_No-till,DEC,0.0
2039,Agri03_No-till,DEE,0.0
2039,Agri03_No-till,DED,0.0
2039,Agri03_No-till,DEF,0.0
2039,Agri03_No-till,DEG,0.0
2039,Agri04_toGrassland,DE1,210681.8249126636
2039,Agri04_toGrassland,DE2,347215.714326075
2039,Agri04_toGrassland,DE3,95248.7482979626
2039,Agri04_toGrassland,DE4,201286.0544281243
2039,Agri04_toGrassland,DE5,44502.47830106021
2039,Agri04_toGrassland,DE6,5329.093317803421
2039,Agri04_toGrassland,DE7,79021.27237718947
2039,Agri04_toGrassland,DE8,203981.46387528133
2039,Agri04_toGrassland,DE9,302204.82464590494
2039,Agri04_toGrassland,DEA,214811.22878923573
2039,Agri04_toGrassland,DEB,125238.86532224815
2039,Agri04_toGrassland,DEC,70694.56567411259
2039,Agri04_toGrassland,DEE,158866.40163302876
2039,Agri04_toGrassland,DED,134364.82098977102
2039,Agri04_toGrassland,DEF,79561.71471543441
2039,Agri04_toGrassland,DEG,63612.87751051723
2039,Agri05_Agroforestry,DE1,14291456.383859186
2039,Agri05_Agroforestry,DE2,16918620.235906076
2039,Agri05_Agroforestry,DE3,31928.736264270887
2039,Agri05_Agroforestry,DE4,11561499.246936373
2039,Agri05_Agroforestry,DE5,262117.2118710563
2039,Agri05_Agroforestry,DE6,212189.2394185881
2039,Agri05_Agroforestry,DE7,3026405.0902706375
2039,Agri05_Agroforestry,DE8,11011452.004363444
2039,Agri05_Agroforestry,DE9,15938249.34534881
2039,Agri05_Agroforestry,DEA,14256635.374477169
2039,Agri05_Agroforestry,DEB,8383656.053265262
2039,Agri05_Agroforestry,DEC,1167917.6792879314
2039,Agri05_Agroforestry,DEE,5794072.259732669
2039,Agri05_Agroforestry,DED,6455031.715617705
2039,Agri05_Agroforestry,DEF,1534508.8121713519
2039,Agri05_Agroforestry,DEG,1227623.7687073862
2039,Agri06_Biochar,DE1,0.0
2039,Agri06_Biochar,DE2,0.0
2039,Agri06_Biochar,DE3,0.0
2039,Agri06_Biochar,DE4,0.0
2039,Agri06_Biochar,DE5,0.0
2039,Agri06_Biochar,DE6,0.0
2039,Agri06_Biochar,DE7,0.0
2039,Agri06_Biochar,DE8,0.0
2039,Agri06_Biochar,DE9,0.0
2039,Agri06_Biochar,DEA,0.0
2039,Agri06_Biochar,DEB,0.0
2039,Agri06_Biochar,DEC,0.0
2039,Agri06_Biochar,DEE,0.0
2039,Agri06_Biochar,DED,0.0
2039,Agri06_Biochar,DEF,0.0
2039,Agri06_Biochar,DEG,0.0
2040,Agri01_AGC,DE1,9562489.021635775
2040,Agri01_AGC,DE2,17517954.2108073
2040,Agri01_AGC,DE3,19470.119551297084
2040,Agri01_AGC,DE4,8244992.413928631
2040,Agri01_AGC,DE5,62598.36094112676
2040,Agri01_AGC,DE6,102820.39262610354
2040,Agri01_AGC,DE7,3923391.988972231
2040,Agri01_AGC,DE8,9096241.936461061
2040,Agri01_AGC,DE9,15340411.513962366
2040,Agri01_AGC,DEA,9991554.21877994
2040,Agri01_AGC,DEB,4971528.210817574
2040,Agri01_AGC,DEC,528631.2604895262
2040,Agri01_AGC,DEE,7625046.460009994
2040,Agri01_AGC,DED,5674109.600076512
2040,Agri01_AGC,DEF,3833772.0700487066
2040,Agri01_AGC,DEG,3065314.6152920653
2040,Agri02_OFC,DE1,5274263.811837415
2040,Agri02_OFC,DE2,7679070.35783845
2040,Agri02_OFC,DE3,3241111.3142362987
2040,Agri02_OFC,DE4,5216403.9355081245
2040,Agri02_OFC,DE5,1503675.04549311
2040,Agri02_OFC,DE6,161088.65218218404
2040,Agri02_OFC,DE7,1621800.3732380918
2040,Agri02_OFC,DE8,5138796.126253486
2040,Agri02_OFC,DE9,6868829.4679112565
2040,Agri02_OFC,DEA,5329543.563894206
2040,Agri02_OFC,DEB,3277151.3898232738
2040,Agri02_OFC,DEC,2303240.214708542
2040,Agri02_OFC,DEE,3894624.6846724395
2040,Agri02_OFC,DED,3448214.5334402546
2040,Agri02_OFC,DEF,1401889.941731666
2040,Agri02_OFC,DEG,1120978.9658833335
2040,Agri03_No-till,DE1,0.0
2040,Agri03_No-till,DE2,0.0
2040,Agri03_No-till,DE3,0.0
2040,Agri03_No-till,DE4,0.0
2040,Agri03_No-till,DE5,0.0
2040,Agri03_No-till,DE6,0.0
2040,Agri03_No-till,DE7,0.0
2040,Agri03_No-till,DE8,0.0
2040,Agri03_No-till,DE9,0.0
2040,Agri03_No-till,DEA,0.0
2040,Agri03_No-till,DEB,0.0
2040,Agri03_No-till,DEC,0.0
2040,Agri03_No-till,DEE,0.0
2040,Agri03_No-till,DED,0.0
2040,Agri03_No-till,DEF,0.0
2040,Agri03_No-till,DEG,0.0
2040,Agri04_toGrassland,DE1,206049.37225633406
2040,Agri04_toGrassland,DE2,339581.1670232122
2040,Agri04_toGrassland,DE3,93154.42755032396
2040,Agri04_toGrassland,DE4,196860.19511204807
2040,Agri04_toGrassland,DE5,43523.96188701047
2040,Agri04_toGrassland,DE6,5211.917702364736
2040,Agri04_toGrassland,DE7,77283.75988278232
2040,Agri04_toGrassland,DE8,199496.33814332628
2040,Agri04_toGrassland,DE9,295559.97265989776
2040,Agri04_toGrassland,DEA,210087.97917894484
2040,Agri04_toGrassland,DEB,122485.12463019628
2040,Agri04_toGrassland,DEC,69140.140043516
2040,Agri04_toGrassland,DEE,155373.26175467655
2040,Agri04_toGrassland,DED,131410.41962093278
2040,Agri04_toGrassland,DEF,77812.31902442768
2040,Agri04_toGrassland,DEG,62214.163390196125
2040,Agri05_Agroforestry,DE1,16113433.690806232
2040,Agri05_Agroforestry,DE2,18885269.915375337
2040,Agri05_Agroforestry,DE3,32783.18728788844
2040,Agri05_Agroforestry,DE4,11870898.741621446
2040,Agri05_Agroforestry,DE5,269131.7807577562
2040,Agri05_Agroforestry,DE6,217867.67627625755
2040,Agri05_Agroforestry,DE7,3345302.5391957825
2040,Agri05_Agroforestry,DE8,11306131.579488767
2040,Agri05_Agroforestry,DE9,17839358.96450851
2040,Agri05_Agroforestry,DEA,14649239.623011913
2040,Agri05_Agroforestry,DEB,8608012.677876994
2040,Agri05_Agroforestry,DEC,1199172.54788996
2040,Agri05_Agroforestry,DEE,5949128.53669477
2040,Agri05_Agroforestry,DED,6627776.055113073
2040,Agri05_Agroforestry,DEF,1619374.3843910594
2040,Agri05_Agroforestry,DEG,1295589.8288182758
2040,Agri06_Biochar,DE1,0.0
2040,Agri06_Biochar,DE2,0.0
2040,Agri06_Biochar,DE3,0.0
2040,Agri06_Biochar,DE4,0.0
2040,Agri06_Biochar,DE5,0.0
2040,Agri06_Biochar,DE6,0.0
2040,Agri06_Biochar,DE7,0.0
2040,Agri06_Biochar,DE8,0.0
2040,Agri06_Biochar,DE9,0.0
2040,Agri06_Biochar,DEA,0.0
2040,Agri06_Biochar,DEB,0.0
2040,Agri06_Biochar,DEC,0.0
2040,Agri06_Biochar,DEE,0.0
2040,Agri06_Biochar,DED,0.0
2040,Agri06_Biochar,DEF,0.0
2040,Agri06_Biochar,DEG,0.0
2041,Agri01_AGC,DE1,8646622.689403994
2041,Agri01_AGC,DE2,16618894.762178222
2041,Agri01_AGC,DE3,17605.3302750726
2041,Agri01_AGC,DE4,7455311.929659491
2041,Agri01_AGC,DE5,56602.8788956934
2041,Agri01_AGC,DE6,92972.5658040245
2041,Agri01_AGC,DE7,3691870.528389791
2041,Agri01_AGC,DE8,8225031.342588462
2041,Agri01_AGC,DE9,14597506.155698486
2041,Agri01_AGC,DEA,9034593.317183675
2041,Agri01_AGC,DEB,4495370.246324619
2041,Agri01_AGC,DEC,478000.5541376369
2041,Agri01_AGC,DEE,6894742.527777959
2041,Agri01_AGC,DED,5130660.511000931
2041,Agri01_AGC,DEF,3551273.5933198
2041,Agri01_AGC,DEG,2839468.944095822
2041,Agri02_OFC,DE1,4757018.063272157
2041,Agri02_OFC,DE2,6980114.359268864
2041,Agri02_OFC,DE3,2923256.3286451534
2041,Agri02_OFC,DE4,4704832.490715208
2041,Agri02_OFC,DE5,1356210.005394172
2041,Agri02_OFC,DE6,145290.7278735183
2041,Agri02_OFC,DE7,1462750.8114402508
2041,Agri02_OFC,DE8,4634835.660134472
2041,Agri02_OFC,DE9,6195205.05952977
2041,Agri02_OFC,DEA,4806876.543706368
2041,Agri02_OFC,DEB,2955761.962926122
2041,Agri02_OFC,DEC,2077362.0160661624
2041,Agri02_OFC,DEE,3512679.8043494476
2041,Agri02_OFC,DED,3110048.9863244845
2041,Agri02_OFC,DEF,1264406.9416038266
2041,Agri02_OFC,DEG,1011044.8357336626
2041,Agri03_No-till,DE1,0.0
2041,Agri03_No-till,DE2,0.0
2041,Agri03_No-till,DE3,0.0
2041,Agri03_No-till,DE4,0.0
2041,Agri03_No-till,DE5,0.0
2041,Agri03_No-till,DE6,0.0
2041,Agri03_No-till,DE7,0.0
2041,Agri03_No-till,DE8,0.0
2041,Agri03_No-till,DE9,0.0
2041,Agri03_No-till,DEA,0.0
2041,Agri03_No-till,DEB,0.0
2041,Agri03_No-till,DEC,0.0
2041,Agri03_No-till,DEE,0.0
2041,Agri03_No-till,DED,0.0
2041,Agri03_No-till,DEF,0.0
2041,Agri03_No-till,DEG,0.0
2041,Agri04_toGrassland,DE1,201416.91960000453
2041,Agri04_toGrassland,DE2,331946.61972034944
2041,Agri04_toGrassland,DE3,91060.10680268533
2041,Agri04_toGrassland,DE4,192434.33579597183
2041,Agri04_toGrassland,DE5,42545.44547296074
2041,Agri04_toGrassland,DE6,5094.742086926052
2041,Agri04_toGrassland,DE7,75546.24738837518
2041,Agri04_toGrassland,DE8,195011.21241137123
2041,Agri04_toGrassland,DE9,288915.1206738906
2041,Agri04_toGrassland,DEA,205364.729568654
2041,Agri04_toGrassland,DEB,119731.38393814444
2041,Agri04_toGrassland,DEC,67585.71441291942
2041,Agri04_toGrassland,DEE,151880.12187632438
2041,Agri04_toGrassland,DED,128456.01825209457
2041,Agri04_toGrassland,DEF,76062.92333342096
2041,Agri04_toGrassland,DEG,60815.449269875025
2041,Agri05_Agroforestry,DE1,18078909.4338624
2041,Agri05_Agroforestry,DE2,20992357.772416756
2041,Agri05_Agroforestry,DE3,33637.638311505994
2041,Agri05_Agroforestry,DE4,12180298.23630652
2041,Agri05_Agroforestry,DE5,276146.34964445623
2041,Agri05_Agroforestry,DE6,223546.11313392705
2041,Agri05_Agroforestry,DE7,3684231.29434602
2041,Agri05_Agroforestry,DE8,11600811.154614097
2041,Agri05_Agroforestry,DE9,19880261.093696635
2041,Agri05_Agroforestry,DEA,15031052.94949484
2041,Agri05_Agroforestry,DEB,8832369.302488727
2041,Agri05_Agroforestry,DEC,1230427.4164919888
2041,Agri05_Agroforestry,DEE,6104184.813656871
2041,Agri05_Agroforestry,DED,6800520.3946084445
2041,Agri05_Agroforestry,DEF,1702508.7116241262
2041,Agri05_Agroforestry,DEG,1362182.1197708396
2041,Agri06_Biochar,DE1,0.0
2041,Agri06_Biochar,DE2,0.0
2041,Agri06_Biochar,DE3,0.0
2041,Agri06_Biochar,DE4,0.0
2041,Agri06_Biochar,DE5,0.0
2041,Agri06_Biochar,DE6,0.0
2041,Agri06_Biochar,DE7,0.0
2041,Agri06_Biochar,DE8,0.0
2041,Agri06_Biochar,DE9,0.0
2041,Agri06_Biochar,DEA,0.0
2041,Agri06_Biochar,DEB,0.0
2041,Agri06_Biochar,DEC,0.0
2041,Agri06_Biochar,DEE,0.0
2041,Agri06_Biochar,DED,0.0
2041,Agri06_Biochar,DEF,0.0
2041,Agri06_Biochar,DEG,0.0
2042,Agri01_AGC,DE1,7730756.357172211
2042,Agri01_AGC,DE2,14858590.56731213
2042,Agri01_AGC,DE3,15740.540998848111
2042,Agri01_AGC,DE4,6665631.445390349
2042,Agri01_AGC,DE5,50607.39685026002
2042,Agri01_AGC,DE6,83124.73898194544
2042,Agri01_AGC,DE7,3300820.7461372893
2042,Agri01_AGC,DE8,7353820.748715862
2042,Agri01_AGC,DE9,13051311.195794206
2042,Agri01_AGC,DEA,8077632.415587408
2042,Agri01_AGC,DEB,4019212.2818316626
2042,Agri01_AGC,DEC,427369.84778574755
2042,Agri01_AGC,DEE,6164438.595545921
2042,Agri01_AGC,DED,4587211.421925348
2042,Agri01_AGC,DEF,3175116.0995215387
2042,Agri01_AGC,DEG,2538707.1205803854
2042,Agri02_OFC,DE1,4239772.314706899
2042,Agri02_OFC,DE2,6221144.258922502
2042,Agri02_OFC,DE3,2605401.343054008
2042,Agri02_OFC,DE4,4193261.045922294
2042,Agri02_OFC,DE5,1208744.9652952342
2042,Agri02_OFC,DE6,129492.8035648526
2042,Agri02_OFC,DE7,1303701.2496424098
2042,Agri02_OFC,DE8,4130875.194015458
2042,Agri02_OFC,DE9,5521580.651148286
2042,Agri02_OFC,DEA,4284209.52351853
2042,Agri02_OFC,DEB,2634372.53602897
2042,Agri02_OFC,DEC,1851483.8174237832
2042,Agri02_OFC,DEE,3130734.9240264567
2042,Agri02_OFC,DED,2771883.439208715
2042,Agri02_OFC,DEF,1126923.9414759874
2042,Agri02_OFC,DEG,901110.7055839918
2042,Agri03_No-till,DE1,0.0
2042,Agri03_No-till,DE2,0.0
2042,Agri03_No-till,DE3,0.0
2042,Agri03_No-till,DE4,0.0
2042,Agri03_No-till,DE5,0.0
2042,Agri03_No-till,DE6,0.0
2042,Agri03_No-till,DE7,0.0
2042,Agri03_No-till,DE8,0.0
2042,Agri03_No-till,DE9,0.0
2042,Agri03_No-till,DEA,0.0
2042,Agri03_No-till,DEB,0.0
2042,Agri03_No-till,DEC,0.0
2042,Agri03_No-till,DEE,0.0
2042,Agri03_No-till,DED,0.0
2042,Agri03_No-till,DEF,0.0
2042,Agri03_No-till,DEG,0.0
2042,Agri04_toGrassland,DE1,196784.466943675
2042,Agri04_toGrassland,DE2,324312.07241748663
2042,Agri04_toGrassland,DE3,88965.78605504672
2042,Agri04_toGrassland,DE4,188008.4764798956
2042,Agri04_toGrassland,DE5,41566.929058911
2042,Agri04_toGrassland,DE6,4977.566471487369
2042,Agri04_toGrassland,DE7,73808.73489396804
2042,Agri04_toGrassland,DE8,190526.0866794162
2042,Agri04_toGrassland,DE9,282270.26868788345
2042,Agri04_toGrassland,DEA,200641.47995836314
2042,Agri04_toGrassland,DEB,116977.64324609259
2042,Agri04_toGrassland,DEC,66031.28878232285
2042,Agri04_toGrassland,DEE,148386.9819979722
2042,Agri04_toGrassland,DED,125501.61688325636
2042,Agri04_toGrassland,DEF,74313.52764241424
2042,Agri04_toGrassland,DEG,59416.735149553926
2042,Agri05_Agroforestry,DE1,18538143.299468502
2042,Agri05_Agroforestry,DE2,21525597.99043325
2042,Agri05_Agroforestry,DE3,34492.08933512355
2042,Agri05_Agroforestry,DE4,12489697.730991593
2042,Agri05_Agroforestry,DE5,283160.9185311562
2042,Agri05_Agroforestry,DE6,229224.5499915965
2042,Agri05_Agroforestry,DE7,3777816.7943607755
2042,Agri05_Agroforestry,DE8,11895490.729739422
2042,Agri05_Agroforestry,DE9,20385252.237366877
2042,Agri05_Agroforestry,DEA,15412866.275977764
2042,Agri05_Agroforestry,DEB,9056725.92710046
2042,Agri05_Agroforestry,DEC,1261682.2850940174
2042,Agri05_Agroforestry,DEE,6259241.090618973
2042,Agri05_Agroforestry,DED,6973264.734103814
2042,Agri05_Agroforestry,DEF,1745755.217157407
2042,Agri05_Agroforestry,DEG,1396783.7733058797
2042,Agri06_Biochar,DE1,0.0
2042,Agri06_Biochar,DE2,0.0
2042,Agri06_Biochar,DE3,0.0
2042,Agri06_Biochar,DE4,0.0
2042,Agri06_Biochar,DE5,0.0
2042,Agri06_Biochar,DE6,0.0
2042,Agri06_Biochar,DE7,0.0
2042,Agri06_Biochar,DE8,0.0
2042,Agri06_Biochar,DE9,0.0
2042,Agri06_Biochar,DEA,0.0
2042,Agri06_Biochar,DEB,0.0
2042,Agri06_Biochar,DEC,0.0
2042,Agri06_Biochar,DEE,0.0
2042,Agri06_Biochar,DED,0.0
2042,Agri06_Biochar,DEF,0.0
2042,Agri06_Biochar,DEG,0.0
2043,Agri01_AGC,DE1,6814890.024940427
2043,Agri01_AGC,DE2,13098286.372446042
2043,Agri01_AGC,DE3,13875.751722623623
2043,Agri01_AGC,DE4,5875950.961121207
2043,Agri01_AGC,DE5,44611.91480482664
2043,Agri01_AGC,DE6,73276.91215986638
2043,Agri01_AGC,DE7,2909770.9638847876
2043,Agri01_AGC,DE8,6482610.154843261
2043,Agri01_AGC,DE9,11505116.235889925
2043,Agri01_AGC,DEA,7120671.51399114
2043,Agri01_AGC,DEB,3543054.3173387065
2043,Agri01_AGC,DEC,376739.1414338582
2043,Agri01_AGC,DEE,5434134.663313883
2043,Agri01_AGC,DED,4043762.3328497647
2043,Agri01_AGC,DEF,2798958.605723277
2043,Agri01_AGC,DEG,2237945.2970649484
2043,Agri02_OFC,DE1,3722526.5661416403
2043,Agri02_OFC,DE2,5462174.158576137
2043,Agri02_OFC,DE3,2287546.357462862
2043,Agri02_OFC,DE4,3681689.601129377
2043,Agri02_OFC,DE5,1061279.9251962958
2043,Agri02_OFC,DE6,113694.87925618683
2043,Agri02_OFC,DE7,1144651.6878445684
2043,Agri02_OFC,DE8,3626914.7278964426
2043,Agri02_OFC,DE9,4847956.242766798
2043,Agri02_OFC,DEA,3761542.5033306903
2043,Agri02_OFC,DEB,2312983.1091318172
2043,Agri02_OFC,DEC,1625605.6187814032
2043,Agri02_OFC,DEE,2748790.043703464
2043,Agri02_OFC,DED,2433717.892092944
2043,Agri02_OFC,DEF,989440.9413481479
2043,Agri02_OFC,DEG,791176.5754343207
2043,Agri03_No-till,DE1,0.0
2043,Agri03_No-till,DE2,0.0
2043,Agri03_No-till,DE3,0.0
2043,Agri03_No-till,DE4,0.0
2043,Agri03_No-till,DE5,0.0
2043,Agri03_No-till,DE6,0.0
2043,Agri03_No-till,DE7,0.0
2043,Agri03_No-till,DE8,0.0
2043,Agri03_No-till,DE9,0.0
2043,Agri03_No-till,DEA,0.0
2043,Agri03_No-till,DEB,0.0
2043,Agri03_No-till,DEC,0.0
2043,Agri03_No-till,DEE,0.0
2043,Agri03_No-till,DED,0.0
2043,Agri03_No-till,DEF,0.0
2043,Agri03_No-till,DEG,0.0
2043,Agri04_toGrassland,DE1,192152.01428734543
2043,Agri04_toGrassland,DE2,316677.52511462383
2043,Agri04_toGrassland,DE3,86871.46530740807
2043,Agri04_toGrassland,DE4,183582.61716381932
2043,Agri04_toGrassland,DE5,40588.41264486126
2043,Agri04_toGrassland,DE6,4860.390856048684
2043,Agri04_toGrassland,DE7,72071.2223995609
2043,Agri04_toGrassland,DE8,186040.96094746114
2043,Agri04_toGrassland,DE9,275625.41670187627
2043,Agri04_toGrassland,DEA,195918.23034807225
2043,Agri04_toGrassland,DEB,114223.90255404073
2043,Agri04_toGrassland,DEC,64476.86315172626
2043,Agri04_toGrassland,DEE,144893.84211962
2043,Agri04_toGrassland,DED,122547.21551441813
2043,Agri04_toGrassland,DEF,72564.1319514075
2043,Agri04_toGrassland,DEG,58018.02102923281
2043,Agri05_Agroforestry,DE1,18997377.165074605
2043,Agri05_Agroforestry,DE2,22058838.208449747
2043,Agri05_Agroforestry,DE3,35346.54035874111
2043,Agri05_Agroforestry,DE4,12799097.225676669
2043,Agri05_Agroforestry,DE5,290175.48741785623
2043,Agri05_Agroforestry,DE6,234902.986849266
2043,Agri05_Agroforestry,DE7,3871402.294375532
2043,Agri05_Agroforestry,DE8,12190170.30486475
2043,Agri05_Agroforestry,DE9,20890243.381037124
2043,Agri05_Agroforestry,DEA,15794679.60246069
2043,Agri05_Agroforestry,DEB,9281082.551712193
2043,Agri05_Agroforestry,DEC,1292937.1536960462
2043,Agri05_Agroforestry,DEE,6414297.367581074
2043,Agri05_Agroforestry,DED,7146009.073599185
2043,Agri05_Agroforestry,DEF,1789001.722690688
2043,Agri05_Agroforestry,DEG,1431385.4268409202
2043,Agri06_Biochar,DE1,0.0
2043,Agri06_Biochar,DE2,0.0
2043,Agri06_Biochar,DE3,0.0
2043,Agri06_Biochar,DE4,0.0
2043,Agri06_Biochar,DE5,0.0
2043,Agri06_Biochar,DE6,0.0
2043,Agri06_Biochar,DE7,0.0
2043,Agri06_Biochar,DE8,0.0
2043,Agri06_Biochar,DE9,0.0
2043,Agri06_Biochar,DEA,0.0
2043,Agri06_Biochar,DEB,0.0
2043,Agri06_Biochar,DEC,0.0
2043,Agri06_Biochar,DEE,0.0
2043,Agri06_Biochar,DED,0.0
2043,Agri06_Biochar,DEF,0.0
2043,Agri06_Biochar,DEG,0.0
2044,Agri01_AGC,DE1,5899023.692708644
2044,Agri01_AGC,DE2,11337982.177579952
2044,Agri01_AGC,DE3,12010.962446399135
2044,Agri01_AGC,DE4,5086270.476852066
2044,Agri01_AGC,DE5,38616.43275939326
2044,Agri01_AGC,DE6,63429.08533778732
2044,Agri01_AGC,DE7,2518721.181632286
2044,Agri01_AGC,DE8,5611399.560970661
2044,Agri01_AGC,DE9,9958921.275985645
2044,Agri01_AGC,DEA,6163710.612394872
2044,Agri01_AGC,DEB,3066896.3528457503
2044,Agri01_AGC,DEC,326108.43508196884
2044,Agri01_AGC,DEE,4703830.731081846
2044,Agri01_AGC,DED,3500313.2437741817
2044,Agri01_AGC,DEF,2422801.1119250157
2044,Agri01_AGC,DEG,1937183.4735495117
2044,Agri02_OFC,DE1,3205280.817576385
2044,Agri02_OFC,DE2,4703204.058229778
2044,Agri02_OFC,DE3,1969691.3718717182
2044,Agri02_OFC,DE4,3170118.1563364635
2044,Agri02_OFC,DE5,913814.8850973585
2044,Agri02_OFC,DE6,97896.95494752118
2044,Agri02_OFC,DE7,985602.1260467282
2044,Agri02_OFC,DE8,3122954.2617774312
2044,Agri02_OFC,DE9,4174331.8343853145
2044,Agri02_OFC,DEA,3238875.4831428546
2044,Agri02_OFC,DEB,1991593.6822346672
2044,Agri02_OFC,DEC,1399727.4201390247
2044,Agri02_OFC,DEE,2366845.163380474
2044,Agri02_OFC,DED,2095552.3449771758
2044,Agri02_OFC,DEF,851957.9412203094
2044,Agri02_OFC,DEG,681242.4452846503
2044,Agri03_No-till,DE1,0.0
2044,Agri03_No-till,DE2,0.0
2044,Agri03_No-till,DE3,0.0
2044,Agri03_No-till,DE4,0.0
2044,Agri03_No-till,DE5,0.0
2044,Agri03_No-till,DE6,0.0
2044,Agri03_No-till,DE7,0.0
2044,Agri03_No-till,DE8,0.0
2044,Agri03_No-till,DE9,0.0
2044,Agri03_No-till,DEA,0.0
2044,Agri03_No-till,DEB,0.0
2044,Agri03_No-till,DEC,0.0
2044,Agri03_No-till,DEE,0.0
2044,Agri03_No-till,DED,0.0
2044,Agri03_No-till,DEF,0.0
2044,Agri03_No-till,DEG,0.0
2044,Agri04_toGrassland,DE1,187519.5616310159
2044,Agri04_toGrassland,DE2,309042.9778117611
2044,Agri04_toGrassland,DE3,84777.14455976945
2044,Agri04_toGrassland,DE4,179156.7578477431
2044,Agri04_toGrassland,DE5,39609.89623081153
2044,Agri04_toGrassland,DE6,4743.21524061
2044,Agri04_toGrassland,DE7,70333.70990515375
2044,Agri04_toGrassland,DE8,181555.83521550611
2044,Agri04_toGrassland,DE9,268980.56471586914
2044,Agri04_toGrassland,DEA,191194.98073778138
2044,Agri04_toGrassland,DEB,111470.16186198888
2044,Agri04_toGrassland,DEC,62922.43752112968
2044,Agri04_toGrassland,DEE,141400.7022412678
2044,Agri04_toGrassland,DED,119592.81414557992
2044,Agri04_toGrassland,DEF,70814.73626040078
2044,Agri04_toGrassland,DEG,56619.30690891171
2044,Agri05_Agroforestry,DE1,19456611.030680705
2044,Agri05_Agroforestry,DE2,22592078.426466238
2044,Agri05_Agroforestry,DE3,36200.99138235867
2044,Agri05_Agroforestry,DE4,13108496.72036174
2044,Agri05_Agroforestry,DE5,297190.05630455614
2044,Agri05_Agroforestry,DE6,240581.42370693543
2044,Agri05_Agroforestry,DE7,3964987.794390287
2044,Agri05_Agroforestry,DE8,12484849.879990073
2044,Agri05_Agroforestry,DE9,21395234.524707362
2044,Agri05_Agroforestry,DEA,16176492.928943612
2044,Agri05_Agroforestry,DEB,9505439.176323922
2044,Agri05_Agroforestry,DEC,1324192.0222980748
2044,Agri05_Agroforestry,DEE,6569353.644543175
2044,Agri05_Agroforestry,DED,7318753.413094554
2044,Agri05_Agroforestry,DEF,1832248.2282239685
2044,Agri05_Agroforestry,DEG,1465987.08037596
2044,Agri06_Biochar,DE1,0.0
2044,Agri06_Biochar,DE2,0.0
2044,Agri06_Biochar,DE3,0.0
2044,Agri06_Biochar,DE4,0.0
2044,Agri06_Biochar,DE5,0.0
2044,Agri06_Biochar,DE6,0.0
2044,Agri06_Biochar,DE7,0.0
2044,Agri06_Biochar,DE8,0.0
2044,Agri06_Biochar,DE9,0.0
2044,Agri06_Biochar,DEA,0.0
2044,Agri06_Biochar,DEB,0.0
2044,Agri06_Biochar,DEC,0.0
2044,Agri06_Biochar,DEE,0.0
2044,Agri06_Biochar,DED,0.0
2044,Agri06_Biochar,DEF,0.0
2044,Agri06_Biochar,DEG,0.0
2045,Agri01_AGC,DE1,4983157.360476861
2045,Agri01_AGC,DE2,9577677.982713863
2045,Agri01_AGC,DE3,10146.173170174647
2045,Agri01_AGC,DE4,4296589.992582924
2045,Agri01_AGC,DE5,32620.950713959883
2045,Agri01_AGC,DE6,53581.258515708265
2045,Agri01_AGC,DE7,2127671.399379784
2045,Agri01_AGC,DE8,4740188.967098061
2045,Agri01_AGC,DE9,8412726.316081364
2045,Agri01_AGC,DEA,5206749.710798604
2045,Agri01_AGC,DEB,2590738.388352794
2045,Agri01_AGC,DEC,275477.7287300795
2045,Agri01_AGC,DEE,3973526.7988498085
2045,Agri01_AGC,DED,2956864.1546985987
2045,Agri01_AGC,DEF,2046643.6181267542
2045,Agri01_AGC,DEG,1636421.6500340751
2045,Agri02_OFC,DE1,2688035.0690111276
2045,Agri02_OFC,DE2,3944233.957883416
2045,Agri02_OFC,DE3,1651836.3862805732
2045,Agri02_OFC,DE4,2658546.7115435484
2045,Agri02_OFC,DE5,766349.8449984207
2045,Agri02_OFC,DE6,82099.03063885547
2045,Agri02_OFC,DE7,826552.5642488875
2045,Agri02_OFC,DE8,2618993.7956584175
2045,Agri02_OFC,DE9,3500707.4260038296
2045,Agri02_OFC,DEA,2716208.462955017
2045,Agri02_OFC,DEB,1670204.2553375156
2045,Agri02_OFC,DEC,1173849.2214966456
2045,Agri02_OFC,DEE,1984900.2830574827
2045,Agri02_OFC,DED,1757386.797861406
2045,Agri02_OFC,DEF,714474.9410924702
2045,Agri02_OFC,DEG,571308.3151349797
2045,Agri03_No-till,DE1,0.0
2045,Agri03_No-till,DE2,0.0
2045,Agri03_No-till,DE3,0.0
2045,Agri03_No-till,DE4,0.0
2045,Agri03_No-till,DE5,0.0
2045,Agri03_No-till,DE6,0.0
2045,Agri03_No-till,DE7,0.0
2045,Agri03_No-till,DE8,0.0
2045,Agri03_No-till,DE9,0.0
2045,Agri03_No-till,DEA,0.0
2045,Agri03_No-till,DEB,0.0
2045,Agri03_No-till,DEC,0.0
2045,Agri03_No-till,DEE,0.0
2045,Agri03_No-till,DED,0.0
2045,Agri03_No-till,DEF,0.0
2045,Agri03_No-till,DEG,0.0
2045,Agri04_toGrassland,DE1,182887.10897468636
2045,Agri04_toGrassland,DE2,301408.4305088983
2045,Agri04_toGrassland,DE3,82682.82381213081
2045,Agri04_toGrassland,DE4,174730.89853166684
2045,Agri04_toGrassland,DE5,38631.379816761786
2045,Agri04_toGrassland,DE6,4626.039625171316
2045,Agri04_toGrassland,DE7,68596.1974107466
2045,Agri04_toGrassland,DE8,177070.70948355107
2045,Agri04_toGrassland,DE9,262335.71272986196
2045,Agri04_toGrassland,DEA,186471.73112749052
2045,Agri04_toGrassland,DEB,108716.42116993702
2045,Agri04_toGrassland,DEC,61368.0118905331
2045,Agri04_toGrassland,DEE,137907.5623629156
2045,Agri04_toGrassland,DED,116638.41277674168
2045,Agri04_toGrassland,DEF,69065.34056939406
2045,Agri04_toGrassland,DEG,55220.592788590606
2045,Agri05_Agroforestry,DE1,19915844.89628681
2045,Agri05_Agroforestry,DE2,23125318.644482736
2045,Agri05_Agroforestry,DE3,37055.442405976224
2045,Agri05_Agroforestry,DE4,13417896.215046816
2045,Agri05_Agroforestry,DE5,304204.6251912562
2045,Agri05_Agroforestry,DE6,246259.8605646049
2045,Agri05_Agroforestry,DE7,4058573.294405043
2045,Agri05_Agroforestry,DE8,12779529.455115402
2045,Agri05_Agroforestry,DE9,21900225.668377604
2045,Agri05_Agroforestry,DEA,16558306.255426537
2045,Agri05_Agroforestry,DEB,9729795.800935656
2045,Agri05_Agroforestry,DEC,1355446.8909001036
2045,Agri05_Agroforestry,DEE,6724409.921505276
2045,Agri05_Agroforestry,DED,7491497.752589924
2045,Agri05_Agroforestry,DEF,1875494.7337572495
2045,Agri05_Agroforestry,DEG,1500588.7339110007
2045,Agri06_Biochar,DE1,0.0
2045,Agri06_Biochar,DE2,0.0
2045,Agri06_Biochar,DE3,0.0
2045,Agri06_Biochar,DE4,0.0
2045,Agri06_Biochar,DE5,0.0
2045,Agri06_Biochar,DE6,0.0
2045,Agri06_Biochar,DE7,0.0
2045,Agri06_Biochar,DE8,0.0
2045,Agri06_Biochar,DE9,0.0
2045,Agri06_Biochar,DEA,0.0
2045,Agri06_Biochar,DEB,0.0
2045,Agri06_Biochar,DEC,0.0
2045,Agri06_Biochar,DEE,0.0
2045,Agri06_Biochar,DED,0.0
2045,Agri06_Biochar,DEF,0.0
2045,Agri06_Biochar,DEG,0.0
2046,Agri01_AGC,DE1,4067291.028245078
2046,Agri01_AGC,DE2,7817373.787847773
2046,Agri01_AGC,DE3,8281.383893950158
2046,Agri01_AGC,DE4,3506909.5083137816
2046,Agri01_AGC,DE5,26625.468668526504
2046,Agri01_AGC,DE6,43733.4316936292
2046,Agri01_AGC,DE7,1736621.617127282
2046,Agri01_AGC,DE8,3868978.3732254608
2046,Agri01_AGC,DE9,6866531.356177084
2046,Agri01_AGC,DEA,4249788.809202337
2046,Agri01_AGC,DEB,2114580.423859838
2046,Agri01_AGC,DEC,224847.02237819013
2046,Agri01_AGC,DEE,3243222.866617771
2046,Agri01_AGC,DED,2413415.0656230156
2046,Agri01_AGC,DEF,1670486.1243284924
2046,Agri01_AGC,DEG,1335659.8265186385
2046,Agri02_OFC,DE1,2170789.3204458673
2046,Agri02_OFC,DE2,3185263.8575370503
2046,Agri02_OFC,DE3,1333981.4006894263
2046,Agri02_OFC,DE4,2146975.2667506305
2046,Agri02_OFC,DE5,618884.804899482
2046,Agri02_OFC,DE6,66301.10633018968
2046,Agri02_OFC,DE7,667503.0024510457
2046,Agri02_OFC,DE8,2115033.329539401
2046,Agri02_OFC,DE9,2827083.0176223405
2046,Agri02_OFC,DEA,2193541.4427671763
2046,Agri02_OFC,DEB,1348814.8284403624
2046,Agri02_OFC,DEC,947971.0228542651
2046,Agri02_OFC,DEE,1602955.4027344892
2046,Agri02_OFC,DED,1419221.2507456345
2046,Agri02_OFC,DEF,576991.9409646303
2046,Agri02_OFC,DEG,461374.18498530827
2046,Agri03_No-till,DE1,0.0
2046,Agri03_No-till,DE2,0.0
2046,Agri03_No-till,DE3,0.0
2046,Agri03_No-till,DE4,0.0
2046,Agri03_No-till,DE5,0.0
2046,Agri03_No-till,DE6,0.0
2046,Agri03_No-till,DE7,0.0
2046,Agri03_No-till,DE8,0.0
2046,Agri03_No-till,DE9,0.0
2046,Agri03_No-till,DEA,0.0
2046,Agri03_No-till,DEB,0.0
2046,Agri03_No-till,DEC,0.0
2046,Agri03_No-till,DEE,0.0
2046,Agri03_No-till,DED,0.0
2046,Agri03_No-till,DEF,0.0
2046,Agri03_No-till,DEG,0.0
2046,Agri04_toGrassland,DE1,178254.65631835684
2046,Agri04_toGrassland,DE2,293773.88320603553
2046,Agri04_toGrassland,DE3,80588.5030644922
2046,Agri04_toGrassland,DE4,170305.0392155906
2046,Agri04_toGrassland,DE5,37652.86340271206
2046,Agri04_toGrassland,DE6,4508.864009732632
2046,Agri04_toGrassland,DE7,66858.68491633947
2046,Agri04_toGrassland,DE8,172585.58375159602
2046,Agri04_toGrassland,DE9,255690.86074385484
2046,Agri04_toGrassland,DEA,181748.48151719966
2046,Agri04_toGrassland,DEB,105962.68047788518
2046,Agri04_toGrassland,DEC,59813.586259936514
2046,Agri04_toGrassland,DEE,134414.42248456343
2046,Agri04_toGrassland,DED,113684.01140790347
2046,Agri04_toGrassland,DEF,67315.94487838734
2046,Agri04_toGrassland,DEG,53821.878668269506
2046,Agri05_Agroforestry,DE1,20375078.761892915
2046,Agri05_Agroforestry,DE2,23658558.862499233
2046,Agri05_Agroforestry,DE3,37909.89342959379
2046,Agri05_Agroforestry,DE4,13727295.70973189
2046,Agri05_Agroforestry,DE5,311219.1940779562
2046,Agri05_Agroforestry,DE6,251938.2974222744
2046,Agri05_Agroforestry,DE7,4152158.7944197995
2046,Agri05_Agroforestry,DE8,13074209.03024073
2046,Agri05_Agroforestry,DE9,22405216.81204785
2046,Agri05_Agroforestry,DEA,16940119.581909463
2046,Agri05_Agroforestry,DEB,9954152.42554739
2046,Agri05_Agroforestry,DEC,1386701.7595021324
2046,Agri05_Agroforestry,DEE,6879466.1984673785
2046,Agri05_Agroforestry,DED,7664242.092085295
2046,Agri05_Agroforestry,DEF,1918741.2392905306
2046,Agri05_Agroforestry,DEG,1535190.387446041
2046,Agri06_Biochar,DE1,0.0
2046,Agri06_Biochar,DE2,0.0
2046,Agri06_Biochar,DE3,0.0
2046,Agri06_Biochar,DE4,0.0
2046,Agri06_Biochar,DE5,0.0
2046,Agri06_Biochar,DE6,0.0
2046,Agri06_Biochar,DE7,0.0
2046,Agri06_Biochar,DE8,0.0
2046,Agri06_Biochar,DE9,0.0
2046,Agri06_Biochar,DEA,0.0
2046,Agri06_Biochar,DEB,0.0
2046,Agri06_Biochar,DEC,0.0
2046,Agri06_Biochar,DEE,0.0
2046,Agri06_Biochar,DED,0.0
2046,Agri06_Biochar,DEF,0.0
2046,Agri06_Biochar,DEG,0.0
2047,Agri01_AGC,DE1,3151424.696013295
2047,Agri01_AGC,DE2,6057069.592981684
2047,Agri01_AGC,DE3,6416.59461772567
2047,Agri01_AGC,DE4,2717229.02404464
2047,Agri01_AGC,DE5,20629.986623093126
2047,Agri01_AGC,DE6,33885.604871550146
2047,Agri01_AGC,DE7,1345571.8348747804
2047,Agri01_AGC,DE8,2997767.7793528605
2047,Agri01_AGC,DE9,5320336.396272804
2047,Agri01_AGC,DEA,3292827.9076060685
2047,Agri01_AGC,DEB,1638422.4593668818
2047,Agri01_AGC,DEC,174216.31602630077
2047,Agri01_AGC,DEE,2512918.9343857337
2047,Agri01_AGC,DED,1869965.9765474324
2047,Agri01_AGC,DEF,1294328.630530231
2047,Agri01_AGC,DEG,1034898.0030032018
2047,Agri02_OFC,DE1,1653543.57188061
2047,Agri02_OFC,DE2,2426293.7571906885
2047,Agri02_OFC,DE3,1016126.4150982812
2047,Agri02_OFC,DE4,1635403.821957715
2047,Agri02_OFC,DE5,471419.76480054425
2047,Agri02_OFC,DE6,50503.18202152397
2047,Agri02_OFC,DE7,508453.44065320486
2047,Agri02_OFC,DE8,1611072.8634203875
2047,Agri02_OFC,DE9,2153458.609240855
2047,Agri02_OFC,DEA,1670874.4225793385
2047,Agri02_OFC,DEB,1027425.4015432107
2047,Agri02_OFC,DEC,722092.8242118859
2047,Agri02_OFC,DEE,1221010.522411498
2047,Agri02_OFC,DED,1081055.7036298648
2047,Agri02_OFC,DEF,439508.9408367912
2047,Agri02_OFC,DEG,351440.0548356375
2047,Agri03_No-till,DE1,0.0
2047,Agri03_No-till,DE2,0.0
2047,Agri03_No-till,DE3,0.0
2047,Agri03_No-till,DE4,0.0
2047,Agri03_No-till,DE5,0.0
2047,Agri03_No-till,DE6,0.0
2047,Agri03_No-till,DE7,0.0
2047,Agri03_No-till,DE8,0.0
2047,Agri03_No-till,DE9,0.0
2047,Agri03_No-till,DEA,0.0
2047,Agri03_No-till,DEB,0.0
2047,Agri03_No-till,DEC,0.0
2047,Agri03_No-till,DEE,0.0
2047,Agri03_No-till,DED,0.0
2047,Agri03_No-till,DEF,0.0
2047,Agri03_No-till,DEG,0.0
2047,Agri04_toGrassland,DE1,173622.20366202728
2047,Agri04_toGrassland,DE2,286139.33590317273
2047,Agri04_toGrassland,DE3,78494.18231685356
2047,Agri04_toGrassland,DE4,165879.17989951433
2047,Agri04_toGrassland,DE5,36674.34698866231
2047,Agri04_toGrassland,DE6,4391.688394293948
2047,Agri04_toGrassland,DE7,65121.17242193231
2047,Agri04_toGrassland,DE8,168100.45801964097
2047,Agri04_toGrassland,DE9,249046.00875784765
2047,Agri04_toGrassland,DEA,177025.23190690877
2047,Agri04_toGrassland,DEB,103208.93978583331
2047,Agri04_toGrassland,DEC,58259.16062933992
2047,Agri04_toGrassland,DEE,130921.28260621123
2047,Agri04_toGrassland,DED,110729.61003906524
2047,Agri04_toGrassland,DEF,65566.5491873806
2047,Agri04_toGrassland,DEG,52423.16454794839
2047,Agri05_Agroforestry,DE1,20834312.627499018
2047,Agri05_Agroforestry,DE2,24191799.08051573
2047,Agri05_Agroforestry,DE3,38764.34445321134
2047,Agri05_Agroforestry,DE4,14036695.204416964
2047,Agri05_Agroforestry,DE5,318233.76296465617
2047,Agri05_Agroforestry,DE6,257616.73427994386
2047,Agri05_Agroforestry,DE7,4245744.294434555
2047,Agri05_Agroforestry,DE8,13368888.605366055
2047,Agri05_Agroforestry,DE9,22910207.955718093
2047,Agri05_Agroforestry,DEA,17321932.90839239
2047,Agri05_Agroforestry,DEB,10178509.050159123
2047,Agri05_Agroforestry,DEC,1417956.628104161
2047,Agri05_Agroforestry,DEE,7034522.475429479
2047,Agri05_Agroforestry,DED,7836986.4315806655
2047,Agri05_Agroforestry,DEF,1961987.7448238113
2047,Agri05_Agroforestry,DEG,1569792.0409810813
2047,Agri06_Biochar,DE1,0.0
2047,Agri06_Biochar,DE2,0.0
2047,Agri06_Biochar,DE3,0.0
2047,Agri06_Biochar,DE4,0.0
2047,Agri06_Biochar,DE5,0.0
2047,Agri06_Biochar,DE6,0.0
2047,Agri06_Biochar,DE7,0.0
2047,Agri06_Biochar,DE8,0.0
2047,Agri06_Biochar,DE9,0.0
2047,Agri06_Biochar,DEA,0.0
2047,Agri06_Biochar,DEB,0.0
2047,Agri06_Biochar,DEC,0.0
2047,Agri06_Biochar,DEE,0.0
2047,Agri06_Biochar,DED,0.0
2047,Agri06_Biochar,DEF,0.0
2047,Agri06_Biochar,DEG,0.0
2048,Agri01_AGC,DE1,2235558.3637815113
2048,Agri01_AGC,DE2,4296765.398115594
2048,Agri01_AGC,DE3,4551.805341501182
2048,Agri01_AGC,DE4,1927548.5397754977
2048,Agri01_AGC,DE5,14634.504577659747
2048,Agri01_AGC,DE6,24037.778049471082
2048,Agri01_AGC,DE7,954522.0526222785
2048,Agri01_AGC,DE8,2126557.18548026
2048,Agri01_AGC,DE9,3774141.4363685227
2048,Agri01_AGC,DEA,2335867.0060098004
2048,Agri01_AGC,DEB,1162264.4948739253
2048,Agri01_AGC,DEC,123585.60967441142
2048,Agri01_AGC,DEE,1782615.0021536958
2048,Agri01_AGC,DED,1326516.887471849
2048,Agri01_AGC,DEF,918171.1367319692
2048,Agri01_AGC,DEG,734136.1794877651
2048,Agri02_OFC,DE1,1136297.8233153555
2048,Agri02_OFC,DE2,1667323.6568443305
2048,Agri02_OFC,DE3,698271.4295071379
2048,Agri02_OFC,DE4,1123832.3771648027
2048,Agri02_OFC,DE5,323954.7247016072
2048,Agri02_OFC,DE6,34705.25771285835
2048,Agri02_OFC,DE7,349403.87885536486
2048,Agri02_OFC,DE8,1107112.3973013766
2048,Agri02_OFC,DE9,1479834.2008593732
2048,Agri02_OFC,DEA,1148207.4023915036
2048,Agri02_OFC,DEB,706035.974646061
2048,Agri02_OFC,DEC,496214.6255695079
2048,Agri02_OFC,DEE,839065.6420885087
2048,Agri02_OFC,DED,742890.1565140971
2048,Agri02_OFC,DEF,302025.94070895284
2048,Agri02_OFC,DEG,241505.9246859674
2048,Agri03_No-till,DE1,0.0
2048,Agri03_No-till,DE2,0.0
2048,Agri03_No-till,DE3,0.0
2048,Agri03_No-till,DE4,0.0
2048,Agri03_No-till,DE5,0.0
2048,Agri03_No-till,DE6,0.0
2048,Agri03_No-till,DE7,0.0
2048,Agri03_No-till,DE8,0.0
2048,Agri03_No-till,DE9,0.0
2048,Agri03_No-till,DEA,0.0
2048,Agri03_No-till,DEB,0.0
2048,Agri03_No-till,DEC,0.0
2048,Agri03_No-till,DEE,0.0
2048,Agri03_No-till,DED,0.0
2048,Agri03_No-till,DEF,0.0
2048,Agri03_No-till,DEG,0.0
2048,Agri04_toGrassland,DE1,168989.75100569773
2048,Agri04_toGrassland,DE2,278504.7886003099
2048,Agri04_toGrassland,DE3,76399.86156921492
2048,Agri04_toGrassland,DE4,161453.3205834381
2048,Agri04_toGrassland,DE5,35695.83057461258
2048,Agri04_toGrassland,DE6,4274.512778855263
2048,Agri04_toGrassland,DE7,63383.65992752516
2048,Agri04_toGrassland,DE8,163615.3322876859
2048,Agri04_toGrassland,DE9,242401.15677184047
2048,Agri04_toGrassland,DEA,172301.98229661788
2048,Agri04_toGrassland,DEB,100455.19909378144
2048,Agri04_toGrassland,DEC,56704.73499874334
2048,Agri04_toGrassland,DEE,127428.14272785901
2048,Agri04_toGrassland,DED,107775.208670227
2048,Agri04_toGrassland,DEF,63817.15349637387
2048,Agri04_toGrassland,DEG,51024.450427627286
2048,Agri05_Agroforestry,DE1,21293546.49310512
2048,Agri05_Agroforestry,DE2,24725039.29853223
2048,Agri05_Agroforestry,DE3,39618.795476828906
2048,Agri05_Agroforestry,DE4,14346094.699102039
2048,Agri05_Agroforestry,DE5,325248.3318513562
2048,Agri05_Agroforestry,DE6,263295.17113761336
2048,Agri05_Agroforestry,DE7,4339329.794449311
2048,Agri05_Agroforestry,DE8,13663568.180491382
2048,Agri05_Agroforestry,DE9,23415199.09938834
2048,Agri05_Agroforestry,DEA,17703746.234875314
2048,Agri05_Agroforestry,DEB,10402865.674770856
2048,Agri05_Agroforestry,DEC,1449211.4967061898
2048,Agri05_Agroforestry,DEE,7189578.752391581
2048,Agri05_Agroforestry,DED,8009730.771076037
2048,Agri05_Agroforestry,DEF,2005234.2503570924
2048,Agri05_Agroforestry,DEG,1604393.6945161216
2048,Agri06_Biochar,DE1,0.0
2048,Agri06_Biochar,DE2,0.0
2048,Agri06_Biochar,DE3,0.0
2048,Agri06_Biochar,DE4,0.0
2048,Agri06_Biochar,DE5,0.0
2048,Agri06_Biochar,DE6,0.0
2048,Agri06_Biochar,DE7,0.0
2048,Agri06_Biochar,DE8,0.0
2048,Agri06_Biochar,DE9,0.0
2048,Agri06_Biochar,DEA,0.0
2048,Agri06_Biochar,DEB,0.0
2048,Agri06_Biochar,DEC,0.0
2048,Agri06_Biochar,DEE,0.0
2048,Agri06_Biochar,DED,0.0
2048,Agri06_Biochar,DEF,0.0
2048,Agri06_Biochar,DEG,0.0
2049,Agri01_AGC,DE1,1319692.0315497285
2049,Agri01_AGC,DE2,2536461.203249504
2049,Agri01_AGC,DE3,2687.016065276693
2049,Agri01_AGC,DE4,1137868.0555063558
2049,Agri01_AGC,DE5,8639.022532226369
2049,Agri01_AGC,DE6,14189.95122739202
2049,Agri01_AGC,DE7,563472.2703697766
2049,Agri01_AGC,DE8,1255346.5916076596
2049,Agri01_AGC,DE9,2227946.4764642427
2049,Agri01_AGC,DEA,1378906.1044135327
2049,Agri01_AGC,DEB,686106.5303809693
2049,Agri01_AGC,DEC,72954.90332252205
2049,Agri01_AGC,DEE,1052311.0699216584
2049,Agri01_AGC,DED,783067.7983962661
2049,Agri01_AGC,DEF,542013.6429337077
2049,Agri01_AGC,DEG,433374.35597232834
2049,Agri02_OFC,DE1,619052.0747500982
2049,Agri02_OFC,DE2,908353.5564979686
2049,Agri02_OFC,DE3,380416.4439159928
2049,Agri02_OFC,DE4,612260.9323718877
2049,Agri02_OFC,DE5,176489.68460266938
2049,Agri02_OFC,DE6,18907.33340419264
2049,Agri02_OFC,DE7,190354.317057524
2049,Agri02_OFC,DE8,603151.9311823631
2049,Agri02_OFC,DE9,806209.7924778879
2049,Agri02_OFC,DEA,625540.382203666
2049,Agri02_OFC,DEB,384646.54774890945
2049,Agri02_OFC,DEC,270336.4269271287
2049,Agri02_OFC,DEE,457120.7617655174
2049,Agri02_OFC,DED,404724.6093983275
2049,Agri02_OFC,DEF,164542.9405811137
2049,Agri02_OFC,DEG,131571.79453629666
2049,Agri03_No-till,DE1,0.0
2049,Agri03_No-till,DE2,0.0
2049,Agri03_No-till,DE3,0.0
2049,Agri03_No-till,DE4,0.0
2049,Agri03_No-till,DE5,0.0
2049,Agri03_No-till,DE6,0.0
2049,Agri03_No-till,DE7,0.0
2049,Agri03_No-till,DE8,0.0
2049,Agri03_No-till,DE9,0.0
2049,Agri03_No-till,DEA,0.0
2049,Agri03_No-till,DEB,0.0
2049,Agri03_No-till,DEC,0.0
2049,Agri03_No-till,DEE,0.0
2049,Agri03_No-till,DED,0.0
2049,Agri03_No-till,DEF,0.0
2049,Agri03_No-till,DEG,0.0
2049,Agri04_toGrassland,DE1,164357.2983493682
2049,Agri04_toGrassland,DE2,270870.2412974472
2049,Agri04_toGrassland,DE3,74305.5408215763
2049,Agri04_toGrassland,DE4,157027.46126736185
2049,Agri04_toGrassland,DE5,34717.31416056284
2049,Agri04_toGrassland,DE6,4157.33716341658
2049,Agri04_toGrassland,DE7,61646.14743311802
2049,Agri04_toGrassland,DE8,159130.20655573087
2049,Agri04_toGrassland,DE9,235756.30478583332
2049,Agri04_toGrassland,DEA,167578.73268632704
2049,Agri04_toGrassland,DEB,97701.4584017296
2049,Agri04_toGrassland,DEC,55150.30936814676
2049,Agri04_toGrassland,DEE,123935.00284950684
2049,Agri04_toGrassland,DED,104820.80730138879
2049,Agri04_toGrassland,DEF,62067.757805367146
2049,Agri04_toGrassland,DEG,49625.736307306186
2049,Agri05_Agroforestry,DE1,21752780.358711224
2049,Agri05_Agroforestry,DE2,25258279.516548723
2049,Agri05_Agroforestry,DE3,40473.24650044646
2049,Agri05_Agroforestry,DE4,14655494.193787113
2049,Agri05_Agroforestry,DE5,332262.90073805617
2049,Agri05_Agroforestry,DE6,268973.6079952828
2049,Agri05_Agroforestry,DE7,4432915.294464067
2049,Agri05_Agroforestry,DE8,13958247.75561671
2049,Agri05_Agroforestry,DE9,23920190.24305858
2049,Agri05_Agroforestry,DEA,18085559.56135824
2049,Agri05_Agroforestry,DEB,10627222.299382588
2049,Agri05_Agroforestry,DEC,1480466.3653082184
2049,Agri05_Agroforestry,DEE,7344635.029353682
2049,Agri05_Agroforestry,DED,8182475.110571406
2049,Agri05_Agroforestry,DEF,2048480.7558903731
2049,Agri05_Agroforestry,DEG,1638995.348051162
2049,Agri06_Biochar,DE1,0.0
2049,Agri06_Biochar,DE2,0.0
2049,Agri06_Biochar,DE3,0.0
2049,Agri06_Biochar,DE4,0.0
2049,Agri06_Biochar,DE5,0.0
2049,Agri06_Biochar,DE6,0.0
2049,Agri06_Biochar,DE7,0.0
2049,Agri06_Biochar,DE8,0.0
2049,Agri06_Biochar,DE9,0.0
2049,Agri06_Biochar,DEA,0.0
2049,Agri06_Biochar,DEB,0.0
2049,Agri06_Biochar,DEC,0.0
2049,Agri06_Biochar,DEE,0.0
2049,Agri06_Biochar,DED,0.0
2049,Agri06_Biochar,DEF,0.0
2049,Agri06_Biochar,DEG,0.0
2050,Agri01_AGC,DE1,403825.69931794616
2050,Agri01_AGC,DE2,776157.0083834162
2050,Agri01_AGC,DE3,822.2267890522068
2050,Agri01_AGC,DE4,348187.5712372148
2050,Agri01_AGC,DE5,2643.5404867929965
2050,Agri01_AGC,DE6,4342.124405312971
2050,Agri01_AGC,DE7,172422.48811727526
2050,Agri01_AGC,DE8,384135.99773506005
2050,Agri01_AGC,DE9,681751.5165599637
2050,Agri01_AGC,DEA,421945.2028172658
2050,Agri01_AGC,DEB,209948.56588801352
2050,Agri01_AGC,DEC,22324.196970632747
2050,Agri01_AGC,DEE,322007.1376896216
2050,Agri01_AGC,DED,239618.70932068347
2050,Agri01_AGC,DEF,165856.14913544647
2050,Agri01_AGC,DEG,132612.53245689193
2050,Agri02_OFC,DE1,101806.326184837
2050,Agri02_OFC,DE2,149383.45615160107
2050,Agri02_OFC,DE3,62561.45832484534
2050,Agri02_OFC,DE4,100689.48757896872
2050,Agri02_OFC,DE5,29024.644503730437
2050,Agri02_OFC,DE6,3109.409095526814
2050,Agri02_OFC,DE7,31304.755259681966
2050,Agri02_OFC,DE8,99191.46506334566
2050,Agri02_OFC,DE9,132585.3840963976
2050,Agri02_OFC,DEA,102873.36201582439
2050,Agri02_OFC,DEB,63257.12085175553
2050,Agri02_OFC,DEC,44458.22828474778
2050,Agri02_OFC,DEE,75175.88144252327
2050,Agri02_OFC,DED,66559.06228255531
2050,Agri02_OFC,DEF,27059.940453273568
2050,Agri02_OFC,DEG,21637.66438662509
2050,Agri03_No-till,DE1,0.0
2050,Agri03_No-till,DE2,0.0
2050,Agri03_No-till,DE3,0.0
2050,Agri03_No-till,DE4,0.0
2050,Agri03_No-till,DE5,0.0
2050,Agri03_No-till,DE6,0.0
2050,Agri03_No-till,DE7,0.0
2050,Agri03_No-till,DE8,0.0
2050,Agri03_No-till,DE9,0.0
2050,Agri03_No-till,DEA,0.0
2050,Agri03_No-till,DEB,0.0
2050,Agri03_No-till,DEC,0.0
2050,Agri03_No-till,DEE,0.0
2050,Agri03_No-till,DED,0.0
2050,Agri03_No-till,DEF,0.0
2050,Agri03_No-till,DEG,0.0
2050,Agri04_toGrassland,DE1,159724.84569303863
2050,Agri04_toGrassland,DE2,263235.6939945843
2050,Agri04_toGrassland,DE3,72211.22007393766
2050,Agri04_toGrassland,DE4,152601.6019512856
2050,Agri04_toGrassland,DE5,33738.7977465131
2050,Agri04_toGrassland,DE6,4040.1615479778948
2050,Agri04_toGrassland,DE7,59908.63493871087
2050,Agri04_toGrassland,DE8,154645.08082377582
2050,Agri04_toGrassland,DE9,229111.45279982613
2050,Agri04_toGrassland,DEA,162855.48307603615
2050,Agri04_toGrassland,DEB,94947.71770967773
2050,Agri04_toGrassland,DEC,53595.883737550175
2050,Agri04_toGrassland,DEE,120441.86297115464
2050,Agri04_toGrassland,DED,101866.40593255057
2050,Agri04_toGrassland,DEF,60318.36211436042
2050,Agri04_toGrassland,DEG,48227.02218698508
2050,Agri05_Agroforestry,DE1,22212014.224317323
2050,Agri05_Agroforestry,DE2,25791519.734565213
2050,Agri05_Agroforestry,DE3,41327.69752406401
2050,Agri05_Agroforestry,DE4,14964893.688472183
2050,Agri05_Agroforestry,DE5,339277.46962475614
2050,Agri05_Agroforestry,DE6,274652.04485295224
2050,Agri05_Agroforestry,DE7,4526500.794478822
2050,Agri05_Agroforestry,DE8,14252927.330742033
2050,Agri05_Agroforestry,DE9,24425181.38672882
2050,Agri05_Agroforestry,DEA,18467372.887841158
2050,Agri05_Agroforestry,DEB,10851578.92399432
2050,Agri05_Agroforestry,DEC,1511721.233910247
2050,Agri05_Agroforestry,DEE,7499691.3063157825
2050,Agri05_Agroforestry,DED,8355219.450066775
2050,Agri05_Agroforestry,DEF,2091727.2614236537
2050,Agri05_Agroforestry,DEG,1673597.0015862018
2050,Agri06_Biochar,DE1,0.0
2050,Agri06_Biochar,DE2,0.0
2050,Agri06_Biochar,DE3,0.0
2050,Agri06_Biochar,DE4,0.0
2050,Agri06_Biochar,DE5,0.0
2050,Agri06_Biochar,DE6,0.0
2050,Agri06_Biochar,DE7,0.0
2050,Agri06_Biochar,DE8,0.0
2050,Agri06_Biochar,DE9,0.0
2050,Agri06_Biochar,DEA,0.0
2050,Agri06_Biochar,DEB,0.0
2050,Agri06_Biochar,DEC,0.0
2050,Agri06_Biochar,DEE,0.0
2050,Agri06_Biochar,DED,0.0
2050,Agri06_Biochar,DEF,0.0
2050,Agri06_Biochar,DEG,0.0
