*,*,*,Value
2020,FM01_PSA,DE1,5903.950362
2020,FM01_PSA,DE2,5838.04653
2020,FM01_PSA,DE3,2.073036
2020,FM01_PSA,DE4,371.9514
2020,FM01_PSA,DE5,1.48626
2020,FM01_PSA,DE6,7.637333999999998
2020,FM01_PSA,DE7,5325.291798000001
2020,FM01_PSA,DE8,1128.386394
2020,FM01_PSA,DE9,2664.377868
2020,FM01_PSA,DEA,3229.4190059999996
2020,FM01_PSA,DEB,4237.396398
2020,FM01_PSA,DEC,493.35041399999994
2020,FM01_PSA,DEE,641.309046
2020,FM01_PSA,DED,403.05935999999997
2020,FM01_PSA,DEF,744.5540219999999
2020,FM01_PSA,DEG,2037.7920419999998
2020,FM02_TSA,DE1,5903.950362
2020,FM02_TSA,DE2,5838.04653
2020,FM02_TSA,DE3,2.073036
2020,FM02_TSA,DE4,371.9514
2020,FM02_TSA,DE5,1.48626
2020,FM02_TSA,DE6,7.637333999999998
2020,FM02_TSA,DE7,5325.291798000001
2020,FM02_TSA,DE8,1128.386394
2020,FM02_TSA,DE9,2664.377868
2020,FM02_TSA,DEA,3229.4190059999996
2020,FM02_TSA,DEB,4237.396398
2020,FM02_TSA,DEC,493.35041399999994
2020,FM02_TSA,DEE,641.309046
2020,FM02_TSA,DED,403.05935999999997
2020,FM02_TSA,DEF,744.5540219999999
2020,FM02_TSA,DEG,2037.7920419999998
2020,FM03_Beech,DE1,84.01052521139333
2020,FM03_Beech,DE2,83.07274369219236
2020,FM03_Beech,DE3,0.029498358296347407
2020,FM03_Beech,DE4,5.29269904913761
2020,FM03_Beech,DE5,0.021148803012359316
2020,FM03_Beech,DE6,0.10867578506156002
2020,FM03_Beech,DE7,75.77647734530618
2020,FM03_Beech,DE8,16.056424561336822
2020,FM03_Beech,DE9,37.91288380284868
2020,FM03_Beech,DEA,45.953161897826234
2020,FM03_Beech,DEB,60.296221190493526
2020,FM03_Beech,DEC,7.020151737752421
2020,FM03_Beech,DEE,9.12553569624297
2020,FM03_Beech,DED,5.735351154527214
2020,FM03_Beech,DEF,10.594664690792891
2020,FM03_Beech,DEG,28.996852822797784
2020,FM04_DouglasFir,DE1,8.15972168766576
2020,FM04_DouglasFir,DE2,5.230925429205276
2020,FM04_DouglasFir,DE3,0.0017922217177619257
2020,FM04_DouglasFir,DE4,0.794882859186073
2020,FM04_DouglasFir,DE5,0.0027144259522704555
2020,FM04_DouglasFir,DE6,0.013045258039776474
2020,FM04_DouglasFir,DE7,5.444636609578081
2020,FM04_DouglasFir,DE8,1.6200376085351413
2020,FM04_DouglasFir,DE9,4.399295233378551
2020,FM04_DouglasFir,DEA,3.394235595164952
2020,FM04_DouglasFir,DEB,10.321901004171357
2020,FM04_DouglasFir,DEC,1.0756089770405046
2020,FM04_DouglasFir,DEE,0.35633757155308543
2020,FM04_DouglasFir,DED,0.42324170154917057
2020,FM04_DouglasFir,DEF,0.5917105430187916
2020,FM04_DouglasFir,DEG,0.8798915025456688
2020,FM05_Oak,DE1,17.776364901767707
2020,FM05_Oak,DE2,26.12907622838123
2020,FM05_Oak,DE3,0.7017583067837722
2020,FM05_Oak,DE4,18.089853994984143
2020,FM05_Oak,DE5,0.03491196495175161
2020,FM05_Oak,DE6,0.15192982380900408
2020,FM05_Oak,DE7,18.082180982656716
2020,FM05_Oak,DE8,11.051283880019968
2020,FM05_Oak,DE9,27.04655983796029
2020,FM05_Oak,DEA,29.614758700450775
2020,FM05_Oak,DEB,23.86228383588217
2020,FM05_Oak,DEC,4.3415649587961935
2020,FM05_Oak,DEE,13.532967237707375
2020,FM05_Oak,DED,12.371850616553605
2020,FM05_Oak,DEF,4.876548984232422
2020,FM05_Oak,DEG,8.340593336476466
2020,FM06_ScotPine,DE1,3.622110371802307
2020,FM06_ScotPine,DE2,59.0773987723879
2020,FM06_ScotPine,DE3,1.7395037840608178
2020,FM06_ScotPine,DE4,171.7068779186855
2020,FM06_ScotPine,DE5,0.01776308777160903
2020,FM06_ScotPine,DE6,0.08773267695449544
2020,FM06_ScotPine,DE7,10.501861427984265
2020,FM06_ScotPine,DE8,45.16205246678283
2020,FM06_ScotPine,DE9,65.94389824872971
2020,FM06_ScotPine,DEA,9.431457714309001
2020,FM06_ScotPine,DEB,10.381093373445745
2020,FM06_ScotPine,DEC,0.284523538972083
2020,FM06_ScotPine,DEE,47.56544747898538
2020,FM06_ScotPine,DED,31.545800199839576
2020,FM06_ScotPine,DEF,1.4263672592301149
2020,FM06_ScotPine,DEG,12.788630061324625
2020,PC_Rewetting,DE1,31.550885661554855
2020,PC_Rewetting,DE2,148.3871256046256
2020,PC_Rewetting,DE3,0.4556129428430392
2020,PC_Rewetting,DE4,168.1804899523079
2020,PC_Rewetting,DE5,4.281466824735722
2020,PC_Rewetting,DE6,2.0861278709190394
2020,PC_Rewetting,DE7,4.933463529220449
2020,PC_Rewetting,DE8,187.23618902149596
2020,PC_Rewetting,DE9,437.1490762889551
2020,PC_Rewetting,DEA,29.988578613396363
2020,PC_Rewetting,DEB,4.168331990356727
2020,PC_Rewetting,DEC,0.5204856340013992
2020,PC_Rewetting,DEE,54.982875549611315
2020,PC_Rewetting,DED,20.068026951376982
2020,PC_Rewetting,DEF,105.2925630849319
2020,PC_Rewetting,DEG,0.7187004796677192
2021,FM01_PSA,DE1,6134.9745066000005
2021,FM01_PSA,DE2,6066.491829
2021,FM01_PSA,DE3,2.1541547999999997
2021,FM01_PSA,DE4,386.50602
2021,FM01_PSA,DE5,1.544418
2021,FM01_PSA,DE6,7.936186199999998
2021,FM01_PSA,DE7,5533.6727814000005
2021,FM01_PSA,DE8,1172.5406442
2021,FM01_PSA,DE9,2768.6361324
2021,FM01_PSA,DEA,3355.7875757999996
2021,FM01_PSA,DEB,4403.2075614
2021,FM01_PSA,DEC,512.6554302
2021,FM01_PSA,DEE,666.4037478
2021,FM01_PSA,DED,418.83124799999996
2021,FM01_PSA,DEF,773.6887446
2021,FM01_PSA,DEG,2117.5317305999997
2021,FM02_TSA,DE1,6134.9745066000005
2021,FM02_TSA,DE2,6066.491829
2021,FM02_TSA,DE3,2.1541547999999997
2021,FM02_TSA,DE4,386.50602
2021,FM02_TSA,DE5,1.544418
2021,FM02_TSA,DE6,7.936186199999998
2021,FM02_TSA,DE7,5533.6727814000005
2021,FM02_TSA,DE8,1172.5406442
2021,FM02_TSA,DE9,2768.6361324
2021,FM02_TSA,DEA,3355.7875757999996
2021,FM02_TSA,DEB,4403.2075614
2021,FM02_TSA,DEC,512.6554302
2021,FM02_TSA,DEE,666.4037478
2021,FM02_TSA,DED,418.83124799999996
2021,FM02_TSA,DEF,773.6887446
2021,FM02_TSA,DEG,2117.5317305999997
2021,FM03_Beech,DE1,84.01052521139333
2021,FM03_Beech,DE2,83.07274369219236
2021,FM03_Beech,DE3,0.029498358296347407
2021,FM03_Beech,DE4,5.29269904913761
2021,FM03_Beech,DE5,0.021148803012359316
2021,FM03_Beech,DE6,0.10867578506156002
2021,FM03_Beech,DE7,75.77647734530618
2021,FM03_Beech,DE8,16.056424561336822
2021,FM03_Beech,DE9,37.91288380284868
2021,FM03_Beech,DEA,45.953161897826234
2021,FM03_Beech,DEB,60.296221190493526
2021,FM03_Beech,DEC,7.020151737752421
2021,FM03_Beech,DEE,9.12553569624297
2021,FM03_Beech,DED,5.735351154527214
2021,FM03_Beech,DEF,10.594664690792891
2021,FM03_Beech,DEG,28.996852822797784
2021,FM04_DouglasFir,DE1,8.15972168766576
2021,FM04_DouglasFir,DE2,5.230925429205276
2021,FM04_DouglasFir,DE3,0.0017922217177619257
2021,FM04_DouglasFir,DE4,0.794882859186073
2021,FM04_DouglasFir,DE5,0.0027144259522704555
2021,FM04_DouglasFir,DE6,0.013045258039776474
2021,FM04_DouglasFir,DE7,5.444636609578081
2021,FM04_DouglasFir,DE8,1.6200376085351413
2021,FM04_DouglasFir,DE9,4.399295233378551
2021,FM04_DouglasFir,DEA,3.394235595164952
2021,FM04_DouglasFir,DEB,10.321901004171357
2021,FM04_DouglasFir,DEC,1.0756089770405046
2021,FM04_DouglasFir,DEE,0.35633757155308543
2021,FM04_DouglasFir,DED,0.42324170154917057
2021,FM04_DouglasFir,DEF,0.5917105430187916
2021,FM04_DouglasFir,DEG,0.8798915025456688
2021,FM05_Oak,DE1,17.776364901767707
2021,FM05_Oak,DE2,26.12907622838123
2021,FM05_Oak,DE3,0.7017583067837722
2021,FM05_Oak,DE4,18.089853994984143
2021,FM05_Oak,DE5,0.03491196495175161
2021,FM05_Oak,DE6,0.15192982380900408
2021,FM05_Oak,DE7,18.082180982656716
2021,FM05_Oak,DE8,11.051283880019968
2021,FM05_Oak,DE9,27.04655983796029
2021,FM05_Oak,DEA,29.614758700450775
2021,FM05_Oak,DEB,23.86228383588217
2021,FM05_Oak,DEC,4.3415649587961935
2021,FM05_Oak,DEE,13.532967237707375
2021,FM05_Oak,DED,12.371850616553605
2021,FM05_Oak,DEF,4.876548984232422
2021,FM05_Oak,DEG,8.340593336476466
2021,FM06_ScotPine,DE1,3.622110371802307
2021,FM06_ScotPine,DE2,59.0773987723879
2021,FM06_ScotPine,DE3,1.7395037840608178
2021,FM06_ScotPine,DE4,171.7068779186855
2021,FM06_ScotPine,DE5,0.01776308777160903
2021,FM06_ScotPine,DE6,0.08773267695449544
2021,FM06_ScotPine,DE7,10.501861427984265
2021,FM06_ScotPine,DE8,45.16205246678283
2021,FM06_ScotPine,DE9,65.94389824872971
2021,FM06_ScotPine,DEA,9.431457714309001
2021,FM06_ScotPine,DEB,10.381093373445745
2021,FM06_ScotPine,DEC,0.284523538972083
2021,FM06_ScotPine,DEE,47.56544747898538
2021,FM06_ScotPine,DED,31.545800199839576
2021,FM06_ScotPine,DEF,1.4263672592301149
2021,FM06_ScotPine,DEG,12.788630061324625
2021,PC_Rewetting,DE1,56.79159419079873
2021,PC_Rewetting,DE2,267.09682608832605
2021,PC_Rewetting,DE3,0.8201032971174707
2021,PC_Rewetting,DE4,302.7248819141542
2021,PC_Rewetting,DE5,7.706640284524299
2021,PC_Rewetting,DE6,3.7550301676542714
2021,PC_Rewetting,DE7,8.880234352596808
2021,PC_Rewetting,DE8,337.0251402386927
2021,PC_Rewetting,DE9,786.8683373201192
2021,PC_Rewetting,DEA,53.97944150411346
2021,PC_Rewetting,DEB,7.5029975826421085
2021,PC_Rewetting,DEC,0.9368741412025186
2021,PC_Rewetting,DEE,98.96917598930038
2021,PC_Rewetting,DED,36.12244851247857
2021,PC_Rewetting,DEF,189.5266135528774
2021,PC_Rewetting,DEG,1.2936608634018947
2022,FM01_PSA,DE1,6365.9986512
2022,FM01_PSA,DE2,6294.937128
2022,FM01_PSA,DE3,2.2352735999999997
2022,FM01_PSA,DE4,401.06064
2022,FM01_PSA,DE5,1.602576
2022,FM01_PSA,DE6,8.235038399999999
2022,FM01_PSA,DE7,5742.053764800001
2022,FM01_PSA,DE8,1216.6948944
2022,FM01_PSA,DE9,2872.8943968
2022,FM01_PSA,DEA,3482.1561455999995
2022,FM01_PSA,DEB,4569.0187248
2022,FM01_PSA,DEC,531.9604463999999
2022,FM01_PSA,DEE,691.4984496000001
2022,FM01_PSA,DED,434.60313599999995
2022,FM01_PSA,DEF,802.8234672
2022,FM01_PSA,DEG,2197.2714192
2022,FM02_TSA,DE1,6365.9986512
2022,FM02_TSA,DE2,6294.937128
2022,FM02_TSA,DE3,2.2352735999999997
2022,FM02_TSA,DE4,401.06064
2022,FM02_TSA,DE5,1.602576
2022,FM02_TSA,DE6,8.235038399999999
2022,FM02_TSA,DE7,5742.053764800001
2022,FM02_TSA,DE8,1216.6948944
2022,FM02_TSA,DE9,2872.8943968
2022,FM02_TSA,DEA,3482.1561455999995
2022,FM02_TSA,DEB,4569.0187248
2022,FM02_TSA,DEC,531.9604463999999
2022,FM02_TSA,DEE,691.4984496000001
2022,FM02_TSA,DED,434.60313599999995
2022,FM02_TSA,DEF,802.8234672
2022,FM02_TSA,DEG,2197.2714192
2022,FM03_Beech,DE1,84.01052521139333
2022,FM03_Beech,DE2,83.07274369219236
2022,FM03_Beech,DE3,0.029498358296347407
2022,FM03_Beech,DE4,5.29269904913761
2022,FM03_Beech,DE5,0.021148803012359316
2022,FM03_Beech,DE6,0.10867578506156002
2022,FM03_Beech,DE7,75.77647734530618
2022,FM03_Beech,DE8,16.056424561336822
2022,FM03_Beech,DE9,37.91288380284868
2022,FM03_Beech,DEA,45.953161897826234
2022,FM03_Beech,DEB,60.296221190493526
2022,FM03_Beech,DEC,7.020151737752421
2022,FM03_Beech,DEE,9.12553569624297
2022,FM03_Beech,DED,5.735351154527214
2022,FM03_Beech,DEF,10.594664690792891
2022,FM03_Beech,DEG,28.996852822797784
2022,FM04_DouglasFir,DE1,8.15972168766576
2022,FM04_DouglasFir,DE2,5.230925429205276
2022,FM04_DouglasFir,DE3,0.0017922217177619257
2022,FM04_DouglasFir,DE4,0.794882859186073
2022,FM04_DouglasFir,DE5,0.0027144259522704555
2022,FM04_DouglasFir,DE6,0.013045258039776474
2022,FM04_DouglasFir,DE7,5.444636609578081
2022,FM04_DouglasFir,DE8,1.6200376085351413
2022,FM04_DouglasFir,DE9,4.399295233378551
2022,FM04_DouglasFir,DEA,3.394235595164952
2022,FM04_DouglasFir,DEB,10.321901004171357
2022,FM04_DouglasFir,DEC,1.0756089770405046
2022,FM04_DouglasFir,DEE,0.35633757155308543
2022,FM04_DouglasFir,DED,0.42324170154917057
2022,FM04_DouglasFir,DEF,0.5917105430187916
2022,FM04_DouglasFir,DEG,0.8798915025456688
2022,FM05_Oak,DE1,17.776364901767707
2022,FM05_Oak,DE2,26.12907622838123
2022,FM05_Oak,DE3,0.7017583067837722
2022,FM05_Oak,DE4,18.089853994984143
2022,FM05_Oak,DE5,0.03491196495175161
2022,FM05_Oak,DE6,0.15192982380900408
2022,FM05_Oak,DE7,18.082180982656716
2022,FM05_Oak,DE8,11.051283880019968
2022,FM05_Oak,DE9,27.04655983796029
2022,FM05_Oak,DEA,29.614758700450775
2022,FM05_Oak,DEB,23.86228383588217
2022,FM05_Oak,DEC,4.3415649587961935
2022,FM05_Oak,DEE,13.532967237707375
2022,FM05_Oak,DED,12.371850616553605
2022,FM05_Oak,DEF,4.876548984232422
2022,FM05_Oak,DEG,8.340593336476466
2022,FM06_ScotPine,DE1,3.622110371802307
2022,FM06_ScotPine,DE2,59.0773987723879
2022,FM06_ScotPine,DE3,1.7395037840608178
2022,FM06_ScotPine,DE4,171.7068779186855
2022,FM06_ScotPine,DE5,0.01776308777160903
2022,FM06_ScotPine,DE6,0.08773267695449544
2022,FM06_ScotPine,DE7,10.501861427984265
2022,FM06_ScotPine,DE8,45.16205246678283
2022,FM06_ScotPine,DE9,65.94389824872971
2022,FM06_ScotPine,DEA,9.431457714309001
2022,FM06_ScotPine,DEB,10.381093373445745
2022,FM06_ScotPine,DEC,0.284523538972083
2022,FM06_ScotPine,DEE,47.56544747898538
2022,FM06_ScotPine,DED,31.545800199839576
2022,FM06_ScotPine,DEF,1.4263672592301149
2022,FM06_ScotPine,DEG,12.788630061324625
2022,PC_Rewetting,DE1,82.03230272004261
2022,PC_Rewetting,DE2,385.8065265720265
2022,PC_Rewetting,DE3,1.184593651391902
2022,PC_Rewetting,DE4,437.2692738760005
2022,PC_Rewetting,DE5,11.131813744312877
2022,PC_Rewetting,DE6,5.4239324643895035
2022,PC_Rewetting,DE7,12.827005175973168
2022,PC_Rewetting,DE8,486.81409145588947
2022,PC_Rewetting,DE9,1136.587598351283
2022,PC_Rewetting,DEA,77.97030439483053
2022,PC_Rewetting,DEB,10.837663174927492
2022,PC_Rewetting,DEC,1.353262648403638
2022,PC_Rewetting,DEE,142.9554764289894
2022,PC_Rewetting,DED,52.17687007358016
2022,PC_Rewetting,DEF,273.7606640208229
2022,PC_Rewetting,DEG,1.86862124713607
2023,FM01_PSA,DE1,6597.0227958
2023,FM01_PSA,DE2,6523.3824270000005
2023,FM01_PSA,DE3,2.3163924
2023,FM01_PSA,DE4,415.61526
2023,FM01_PSA,DE5,1.660734
2023,FM01_PSA,DE6,8.533890599999998
2023,FM01_PSA,DE7,5950.4347482
2023,FM01_PSA,DE8,1260.8491446
2023,FM01_PSA,DE9,2977.1526612000002
2023,FM01_PSA,DEA,3608.5247154
2023,FM01_PSA,DEB,4734.8298882
2023,FM01_PSA,DEC,551.2654626
2023,FM01_PSA,DEE,716.5931514
2023,FM01_PSA,DED,450.375024
2023,FM01_PSA,DEF,831.9581897999999
2023,FM01_PSA,DEG,2277.0111078
2023,FM02_TSA,DE1,6597.0227958
2023,FM02_TSA,DE2,6523.3824270000005
2023,FM02_TSA,DE3,2.3163924
2023,FM02_TSA,DE4,415.61526
2023,FM02_TSA,DE5,1.660734
2023,FM02_TSA,DE6,8.533890599999998
2023,FM02_TSA,DE7,5950.4347482
2023,FM02_TSA,DE8,1260.8491446
2023,FM02_TSA,DE9,2977.1526612000002
2023,FM02_TSA,DEA,3608.5247154
2023,FM02_TSA,DEB,4734.8298882
2023,FM02_TSA,DEC,551.2654626
2023,FM02_TSA,DEE,716.5931514
2023,FM02_TSA,DED,450.375024
2023,FM02_TSA,DEF,831.9581897999999
2023,FM02_TSA,DEG,2277.0111078
2023,FM03_Beech,DE1,84.01052521139333
2023,FM03_Beech,DE2,83.07274369219236
2023,FM03_Beech,DE3,0.029498358296347407
2023,FM03_Beech,DE4,5.29269904913761
2023,FM03_Beech,DE5,0.021148803012359316
2023,FM03_Beech,DE6,0.10867578506156002
2023,FM03_Beech,DE7,75.77647734530618
2023,FM03_Beech,DE8,16.056424561336822
2023,FM03_Beech,DE9,37.91288380284868
2023,FM03_Beech,DEA,45.953161897826234
2023,FM03_Beech,DEB,60.296221190493526
2023,FM03_Beech,DEC,7.020151737752421
2023,FM03_Beech,DEE,9.12553569624297
2023,FM03_Beech,DED,5.735351154527214
2023,FM03_Beech,DEF,10.594664690792891
2023,FM03_Beech,DEG,28.996852822797784
2023,FM04_DouglasFir,DE1,8.15972168766576
2023,FM04_DouglasFir,DE2,5.230925429205276
2023,FM04_DouglasFir,DE3,0.0017922217177619257
2023,FM04_DouglasFir,DE4,0.794882859186073
2023,FM04_DouglasFir,DE5,0.0027144259522704555
2023,FM04_DouglasFir,DE6,0.013045258039776474
2023,FM04_DouglasFir,DE7,5.444636609578081
2023,FM04_DouglasFir,DE8,1.6200376085351413
2023,FM04_DouglasFir,DE9,4.399295233378551
2023,FM04_DouglasFir,DEA,3.394235595164952
2023,FM04_DouglasFir,DEB,10.321901004171357
2023,FM04_DouglasFir,DEC,1.0756089770405046
2023,FM04_DouglasFir,DEE,0.35633757155308543
2023,FM04_DouglasFir,DED,0.42324170154917057
2023,FM04_DouglasFir,DEF,0.5917105430187916
2023,FM04_DouglasFir,DEG,0.8798915025456688
2023,FM05_Oak,DE1,17.776364901767707
2023,FM05_Oak,DE2,26.12907622838123
2023,FM05_Oak,DE3,0.7017583067837722
2023,FM05_Oak,DE4,18.089853994984143
2023,FM05_Oak,DE5,0.03491196495175161
2023,FM05_Oak,DE6,0.15192982380900408
2023,FM05_Oak,DE7,18.082180982656716
2023,FM05_Oak,DE8,11.051283880019968
2023,FM05_Oak,DE9,27.04655983796029
2023,FM05_Oak,DEA,29.614758700450775
2023,FM05_Oak,DEB,23.86228383588217
2023,FM05_Oak,DEC,4.3415649587961935
2023,FM05_Oak,DEE,13.532967237707375
2023,FM05_Oak,DED,12.371850616553605
2023,FM05_Oak,DEF,4.876548984232422
2023,FM05_Oak,DEG,8.340593336476466
2023,FM06_ScotPine,DE1,3.622110371802307
2023,FM06_ScotPine,DE2,59.0773987723879
2023,FM06_ScotPine,DE3,1.7395037840608178
2023,FM06_ScotPine,DE4,171.7068779186855
2023,FM06_ScotPine,DE5,0.01776308777160903
2023,FM06_ScotPine,DE6,0.08773267695449544
2023,FM06_ScotPine,DE7,10.501861427984265
2023,FM06_ScotPine,DE8,45.16205246678283
2023,FM06_ScotPine,DE9,65.94389824872971
2023,FM06_ScotPine,DEA,9.431457714309001
2023,FM06_ScotPine,DEB,10.381093373445745
2023,FM06_ScotPine,DEC,0.284523538972083
2023,FM06_ScotPine,DEE,47.56544747898538
2023,FM06_ScotPine,DED,31.545800199839576
2023,FM06_ScotPine,DEF,1.4263672592301149
2023,FM06_ScotPine,DEG,12.788630061324625
2023,PC_Rewetting,DE1,107.2730112492865
2023,PC_Rewetting,DE2,504.516227055727
2023,PC_Rewetting,DE3,1.5490840056663338
2023,PC_Rewetting,DE4,571.8136658378469
2023,PC_Rewetting,DE5,14.556987204101453
2023,PC_Rewetting,DE6,7.092834761124735
2023,PC_Rewetting,DE7,16.773775999349528
2023,PC_Rewetting,DE8,636.6030426730863
2023,PC_Rewetting,DE9,1486.306859382447
2023,PC_Rewetting,DEA,101.96116728554763
2023,PC_Rewetting,DEB,14.172328767212871
2023,PC_Rewetting,DEC,1.7696511556047574
2023,PC_Rewetting,DEE,186.9417768686785
2023,PC_Rewetting,DED,68.23129163468174
2023,PC_Rewetting,DEF,357.99471448876847
2023,PC_Rewetting,DEG,2.4435816308702454
2024,FM01_PSA,DE1,6828.0469404000005
2024,FM01_PSA,DE2,6751.827726
2024,FM01_PSA,DE3,2.3975112
2024,FM01_PSA,DE4,430.16988
2024,FM01_PSA,DE5,1.7188919999999999
2024,FM01_PSA,DE6,8.832742799999998
2024,FM01_PSA,DE7,6158.815731600001
2024,FM01_PSA,DE8,1305.0033948000003
2024,FM01_PSA,DE9,3081.4109256
2024,FM01_PSA,DEA,3734.8932851999994
2024,FM01_PSA,DEB,4900.6410516000005
2024,FM01_PSA,DEC,570.5704787999999
2024,FM01_PSA,DEE,741.6878532
2024,FM01_PSA,DED,466.146912
2024,FM01_PSA,DEF,861.0929123999999
2024,FM01_PSA,DEG,2356.7507963999997
2024,FM02_TSA,DE1,6828.0469404000005
2024,FM02_TSA,DE2,6751.827726
2024,FM02_TSA,DE3,2.3975112
2024,FM02_TSA,DE4,430.16988
2024,FM02_TSA,DE5,1.7188919999999999
2024,FM02_TSA,DE6,8.832742799999998
2024,FM02_TSA,DE7,6158.815731600001
2024,FM02_TSA,DE8,1305.0033948000003
2024,FM02_TSA,DE9,3081.4109256
2024,FM02_TSA,DEA,3734.8932851999994
2024,FM02_TSA,DEB,4900.6410516000005
2024,FM02_TSA,DEC,570.5704787999999
2024,FM02_TSA,DEE,741.6878532
2024,FM02_TSA,DED,466.146912
2024,FM02_TSA,DEF,861.0929123999999
2024,FM02_TSA,DEG,2356.7507963999997
2024,FM03_Beech,DE1,84.01052521139333
2024,FM03_Beech,DE2,83.07274369219236
2024,FM03_Beech,DE3,0.029498358296347407
2024,FM03_Beech,DE4,5.29269904913761
2024,FM03_Beech,DE5,0.021148803012359316
2024,FM03_Beech,DE6,0.10867578506156002
2024,FM03_Beech,DE7,75.77647734530618
2024,FM03_Beech,DE8,16.056424561336822
2024,FM03_Beech,DE9,37.91288380284868
2024,FM03_Beech,DEA,45.953161897826234
2024,FM03_Beech,DEB,60.296221190493526
2024,FM03_Beech,DEC,7.020151737752421
2024,FM03_Beech,DEE,9.12553569624297
2024,FM03_Beech,DED,5.735351154527214
2024,FM03_Beech,DEF,10.594664690792891
2024,FM03_Beech,DEG,28.996852822797784
2024,FM04_DouglasFir,DE1,8.15972168766576
2024,FM04_DouglasFir,DE2,5.230925429205276
2024,FM04_DouglasFir,DE3,0.0017922217177619257
2024,FM04_DouglasFir,DE4,0.794882859186073
2024,FM04_DouglasFir,DE5,0.0027144259522704555
2024,FM04_DouglasFir,DE6,0.013045258039776474
2024,FM04_DouglasFir,DE7,5.444636609578081
2024,FM04_DouglasFir,DE8,1.6200376085351413
2024,FM04_DouglasFir,DE9,4.399295233378551
2024,FM04_DouglasFir,DEA,3.394235595164952
2024,FM04_DouglasFir,DEB,10.321901004171357
2024,FM04_DouglasFir,DEC,1.0756089770405046
2024,FM04_DouglasFir,DEE,0.35633757155308543
2024,FM04_DouglasFir,DED,0.42324170154917057
2024,FM04_DouglasFir,DEF,0.5917105430187916
2024,FM04_DouglasFir,DEG,0.8798915025456688
2024,FM05_Oak,DE1,17.776364901767707
2024,FM05_Oak,DE2,26.12907622838123
2024,FM05_Oak,DE3,0.7017583067837722
2024,FM05_Oak,DE4,18.089853994984143
2024,FM05_Oak,DE5,0.03491196495175161
2024,FM05_Oak,DE6,0.15192982380900408
2024,FM05_Oak,DE7,18.082180982656716
2024,FM05_Oak,DE8,11.051283880019968
2024,FM05_Oak,DE9,27.04655983796029
2024,FM05_Oak,DEA,29.614758700450775
2024,FM05_Oak,DEB,23.86228383588217
2024,FM05_Oak,DEC,4.3415649587961935
2024,FM05_Oak,DEE,13.532967237707375
2024,FM05_Oak,DED,12.371850616553605
2024,FM05_Oak,DEF,4.876548984232422
2024,FM05_Oak,DEG,8.340593336476466
2024,FM06_ScotPine,DE1,3.622110371802307
2024,FM06_ScotPine,DE2,59.0773987723879
2024,FM06_ScotPine,DE3,1.7395037840608178
2024,FM06_ScotPine,DE4,171.7068779186855
2024,FM06_ScotPine,DE5,0.01776308777160903
2024,FM06_ScotPine,DE6,0.08773267695449544
2024,FM06_ScotPine,DE7,10.501861427984265
2024,FM06_ScotPine,DE8,45.16205246678283
2024,FM06_ScotPine,DE9,65.94389824872971
2024,FM06_ScotPine,DEA,9.431457714309001
2024,FM06_ScotPine,DEB,10.381093373445745
2024,FM06_ScotPine,DEC,0.284523538972083
2024,FM06_ScotPine,DEE,47.56544747898538
2024,FM06_ScotPine,DED,31.545800199839576
2024,FM06_ScotPine,DEF,1.4263672592301149
2024,FM06_ScotPine,DEG,12.788630061324625
2024,PC_Rewetting,DE1,132.51371977853037
2024,PC_Rewetting,DE2,623.2259275394274
2024,PC_Rewetting,DE3,1.9135743599407649
2024,PC_Rewetting,DE4,706.358057799693
2024,PC_Rewetting,DE5,17.98216066389003
2024,PC_Rewetting,DE6,8.761737057859966
2024,PC_Rewetting,DE7,20.72054682272589
2024,PC_Rewetting,DE8,786.3919938902831
2024,PC_Rewetting,DE9,1836.0261204136116
2024,PC_Rewetting,DEA,125.95203017626471
2024,PC_Rewetting,DEB,17.506994359498254
2024,PC_Rewetting,DEC,2.186039662805877
2024,PC_Rewetting,DEE,230.9280773083675
2024,PC_Rewetting,DED,84.28571319578333
2024,PC_Rewetting,DEF,442.228764956714
2024,PC_Rewetting,DEG,3.018542014604421
2025,FM01_PSA,DE1,7059.071085
2025,FM01_PSA,DE2,6980.2730249999995
2025,FM01_PSA,DE3,2.47863
2025,FM01_PSA,DE4,444.7245
2025,FM01_PSA,DE5,1.7770500000000002
2025,FM01_PSA,DE6,9.131594999999999
2025,FM01_PSA,DE7,6367.196715000001
2025,FM01_PSA,DE8,1349.1576450000002
2025,FM01_PSA,DE9,3185.66919
2025,FM01_PSA,DEA,3861.2618549999997
2025,FM01_PSA,DEB,5066.452215
2025,FM01_PSA,DEC,589.875495
2025,FM01_PSA,DEE,766.782555
2025,FM01_PSA,DED,481.9188
2025,FM01_PSA,DEF,890.2276350000001
2025,FM01_PSA,DEG,2436.490485
2025,FM02_TSA,DE1,7059.071085
2025,FM02_TSA,DE2,6980.2730249999995
2025,FM02_TSA,DE3,2.47863
2025,FM02_TSA,DE4,444.7245
2025,FM02_TSA,DE5,1.7770500000000002
2025,FM02_TSA,DE6,9.131594999999999
2025,FM02_TSA,DE7,6367.196715000001
2025,FM02_TSA,DE8,1349.1576450000002
2025,FM02_TSA,DE9,3185.66919
2025,FM02_TSA,DEA,3861.2618549999997
2025,FM02_TSA,DEB,5066.452215
2025,FM02_TSA,DEC,589.875495
2025,FM02_TSA,DEE,766.782555
2025,FM02_TSA,DED,481.9188
2025,FM02_TSA,DEF,890.2276350000001
2025,FM02_TSA,DEG,2436.490485
2025,FM03_Beech,DE1,84.01052521139333
2025,FM03_Beech,DE2,83.07274369219236
2025,FM03_Beech,DE3,0.029498358296347407
2025,FM03_Beech,DE4,5.29269904913761
2025,FM03_Beech,DE5,0.021148803012359316
2025,FM03_Beech,DE6,0.10867578506156002
2025,FM03_Beech,DE7,75.77647734530618
2025,FM03_Beech,DE8,16.056424561336822
2025,FM03_Beech,DE9,37.91288380284868
2025,FM03_Beech,DEA,45.953161897826234
2025,FM03_Beech,DEB,60.296221190493526
2025,FM03_Beech,DEC,7.020151737752421
2025,FM03_Beech,DEE,9.12553569624297
2025,FM03_Beech,DED,5.735351154527214
2025,FM03_Beech,DEF,10.594664690792891
2025,FM03_Beech,DEG,28.996852822797784
2025,FM04_DouglasFir,DE1,8.15972168766576
2025,FM04_DouglasFir,DE2,5.230925429205276
2025,FM04_DouglasFir,DE3,0.0017922217177619257
2025,FM04_DouglasFir,DE4,0.794882859186073
2025,FM04_DouglasFir,DE5,0.0027144259522704555
2025,FM04_DouglasFir,DE6,0.013045258039776474
2025,FM04_DouglasFir,DE7,5.444636609578081
2025,FM04_DouglasFir,DE8,1.6200376085351413
2025,FM04_DouglasFir,DE9,4.399295233378551
2025,FM04_DouglasFir,DEA,3.394235595164952
2025,FM04_DouglasFir,DEB,10.321901004171357
2025,FM04_DouglasFir,DEC,1.0756089770405046
2025,FM04_DouglasFir,DEE,0.35633757155308543
2025,FM04_DouglasFir,DED,0.42324170154917057
2025,FM04_DouglasFir,DEF,0.5917105430187916
2025,FM04_DouglasFir,DEG,0.8798915025456688
2025,FM05_Oak,DE1,17.776364901767707
2025,FM05_Oak,DE2,26.12907622838123
2025,FM05_Oak,DE3,0.7017583067837722
2025,FM05_Oak,DE4,18.089853994984143
2025,FM05_Oak,DE5,0.03491196495175161
2025,FM05_Oak,DE6,0.15192982380900408
2025,FM05_Oak,DE7,18.082180982656716
2025,FM05_Oak,DE8,11.051283880019968
2025,FM05_Oak,DE9,27.04655983796029
2025,FM05_Oak,DEA,29.614758700450775
2025,FM05_Oak,DEB,23.86228383588217
2025,FM05_Oak,DEC,4.3415649587961935
2025,FM05_Oak,DEE,13.532967237707375
2025,FM05_Oak,DED,12.371850616553605
2025,FM05_Oak,DEF,4.876548984232422
2025,FM05_Oak,DEG,8.340593336476466
2025,FM06_ScotPine,DE1,3.622110371802307
2025,FM06_ScotPine,DE2,59.0773987723879
2025,FM06_ScotPine,DE3,1.7395037840608178
2025,FM06_ScotPine,DE4,171.7068779186855
2025,FM06_ScotPine,DE5,0.01776308777160903
2025,FM06_ScotPine,DE6,0.08773267695449544
2025,FM06_ScotPine,DE7,10.501861427984265
2025,FM06_ScotPine,DE8,45.16205246678283
2025,FM06_ScotPine,DE9,65.94389824872971
2025,FM06_ScotPine,DEA,9.431457714309001
2025,FM06_ScotPine,DEB,10.381093373445745
2025,FM06_ScotPine,DEC,0.284523538972083
2025,FM06_ScotPine,DEE,47.56544747898538
2025,FM06_ScotPine,DED,31.545800199839576
2025,FM06_ScotPine,DEF,1.4263672592301149
2025,FM06_ScotPine,DEG,12.788630061324625
2025,PC_Rewetting,DE1,157.75442830777425
2025,PC_Rewetting,DE2,741.9356280231278
2025,PC_Rewetting,DE3,2.2780647142151964
2025,PC_Rewetting,DE4,840.9024497615394
2025,PC_Rewetting,DE5,21.40733412367861
2025,PC_Rewetting,DE6,10.430639354595199
2025,PC_Rewetting,DE7,24.667317646102248
2025,PC_Rewetting,DE8,936.1809451074797
2025,PC_Rewetting,DE9,2185.7453814447754
2025,PC_Rewetting,DEA,149.9428930669818
2025,PC_Rewetting,DEB,20.841659951783637
2025,PC_Rewetting,DEC,2.6024281700069958
2025,PC_Rewetting,DEE,274.91437774805655
2025,PC_Rewetting,DED,100.34013475688491
2025,PC_Rewetting,DEF,526.4628154246594
2025,PC_Rewetting,DEG,3.593502398338596
2026,FM01_PSA,DE1,7290.0952296
2026,FM01_PSA,DE2,7208.7183239999995
2026,FM01_PSA,DE3,2.5597488
2026,FM01_PSA,DE4,459.27912
2026,FM01_PSA,DE5,1.8352080000000002
2026,FM01_PSA,DE6,9.430447199999998
2026,FM01_PSA,DE7,6575.5776984
2026,FM01_PSA,DE8,1393.3118952000002
2026,FM01_PSA,DE9,3289.9274544
2026,FM01_PSA,DEA,3987.6304247999997
2026,FM01_PSA,DEB,5232.2633784
2026,FM01_PSA,DEC,609.1805112
2026,FM01_PSA,DEE,791.8772568
2026,FM01_PSA,DED,497.69068799999997
2026,FM01_PSA,DEF,919.3623576
2026,FM01_PSA,DEG,2516.2301736
2026,FM02_TSA,DE1,7290.0952296
2026,FM02_TSA,DE2,7208.7183239999995
2026,FM02_TSA,DE3,2.5597488
2026,FM02_TSA,DE4,459.27912
2026,FM02_TSA,DE5,1.8352080000000002
2026,FM02_TSA,DE6,9.430447199999998
2026,FM02_TSA,DE7,6575.5776984
2026,FM02_TSA,DE8,1393.3118952000002
2026,FM02_TSA,DE9,3289.9274544
2026,FM02_TSA,DEA,3987.6304247999997
2026,FM02_TSA,DEB,5232.2633784
2026,FM02_TSA,DEC,609.1805112
2026,FM02_TSA,DEE,791.8772568
2026,FM02_TSA,DED,497.69068799999997
2026,FM02_TSA,DEF,919.3623576
2026,FM02_TSA,DEG,2516.2301736
2026,FM03_Beech,DE1,84.01052521139333
2026,FM03_Beech,DE2,83.07274369219236
2026,FM03_Beech,DE3,0.029498358296347407
2026,FM03_Beech,DE4,5.29269904913761
2026,FM03_Beech,DE5,0.021148803012359316
2026,FM03_Beech,DE6,0.10867578506156002
2026,FM03_Beech,DE7,75.77647734530618
2026,FM03_Beech,DE8,16.056424561336822
2026,FM03_Beech,DE9,37.91288380284868
2026,FM03_Beech,DEA,45.953161897826234
2026,FM03_Beech,DEB,60.296221190493526
2026,FM03_Beech,DEC,7.020151737752421
2026,FM03_Beech,DEE,9.12553569624297
2026,FM03_Beech,DED,5.735351154527214
2026,FM03_Beech,DEF,10.594664690792891
2026,FM03_Beech,DEG,28.996852822797784
2026,FM04_DouglasFir,DE1,8.15972168766576
2026,FM04_DouglasFir,DE2,5.230925429205276
2026,FM04_DouglasFir,DE3,0.0017922217177619257
2026,FM04_DouglasFir,DE4,0.794882859186073
2026,FM04_DouglasFir,DE5,0.0027144259522704555
2026,FM04_DouglasFir,DE6,0.013045258039776474
2026,FM04_DouglasFir,DE7,5.444636609578081
2026,FM04_DouglasFir,DE8,1.6200376085351413
2026,FM04_DouglasFir,DE9,4.399295233378551
2026,FM04_DouglasFir,DEA,3.394235595164952
2026,FM04_DouglasFir,DEB,10.321901004171357
2026,FM04_DouglasFir,DEC,1.0756089770405046
2026,FM04_DouglasFir,DEE,0.35633757155308543
2026,FM04_DouglasFir,DED,0.42324170154917057
2026,FM04_DouglasFir,DEF,0.5917105430187916
2026,FM04_DouglasFir,DEG,0.8798915025456688
2026,FM05_Oak,DE1,17.776364901767707
2026,FM05_Oak,DE2,26.12907622838123
2026,FM05_Oak,DE3,0.7017583067837722
2026,FM05_Oak,DE4,18.089853994984143
2026,FM05_Oak,DE5,0.03491196495175161
2026,FM05_Oak,DE6,0.15192982380900408
2026,FM05_Oak,DE7,18.082180982656716
2026,FM05_Oak,DE8,11.051283880019968
2026,FM05_Oak,DE9,27.04655983796029
2026,FM05_Oak,DEA,29.614758700450775
2026,FM05_Oak,DEB,23.86228383588217
2026,FM05_Oak,DEC,4.3415649587961935
2026,FM05_Oak,DEE,13.532967237707375
2026,FM05_Oak,DED,12.371850616553605
2026,FM05_Oak,DEF,4.876548984232422
2026,FM05_Oak,DEG,8.340593336476466
2026,FM06_ScotPine,DE1,3.622110371802307
2026,FM06_ScotPine,DE2,59.0773987723879
2026,FM06_ScotPine,DE3,1.7395037840608178
2026,FM06_ScotPine,DE4,171.7068779186855
2026,FM06_ScotPine,DE5,0.01776308777160903
2026,FM06_ScotPine,DE6,0.08773267695449544
2026,FM06_ScotPine,DE7,10.501861427984265
2026,FM06_ScotPine,DE8,45.16205246678283
2026,FM06_ScotPine,DE9,65.94389824872971
2026,FM06_ScotPine,DEA,9.431457714309001
2026,FM06_ScotPine,DEB,10.381093373445745
2026,FM06_ScotPine,DEC,0.284523538972083
2026,FM06_ScotPine,DEE,47.56544747898538
2026,FM06_ScotPine,DED,31.545800199839576
2026,FM06_ScotPine,DEF,1.4263672592301149
2026,FM06_ScotPine,DEG,12.788630061324625
2026,PC_Rewetting,DE1,182.99513683701812
2026,PC_Rewetting,DE2,860.6453285068284
2026,PC_Rewetting,DE3,2.642555068489628
2026,PC_Rewetting,DE4,975.4468417233859
2026,PC_Rewetting,DE5,24.832507583467184
2026,PC_Rewetting,DE6,12.09954165133043
2026,PC_Rewetting,DE7,28.614088469478606
2026,PC_Rewetting,DE8,1085.9698963246767
2026,PC_Rewetting,DE9,2535.4646424759394
2026,PC_Rewetting,DEA,173.9337559576989
2026,PC_Rewetting,DEB,24.17632554406902
2026,PC_Rewetting,DEC,3.018816677208115
2026,PC_Rewetting,DEE,318.9006781877456
2026,PC_Rewetting,DED,116.3945563179865
2026,PC_Rewetting,DEF,610.696865892605
2026,PC_Rewetting,DEG,4.168462782072771
2027,FM01_PSA,DE1,7521.1193742
2027,FM01_PSA,DE2,7437.1636229999995
2027,FM01_PSA,DE3,2.6408676
2027,FM01_PSA,DE4,473.83374
2027,FM01_PSA,DE5,1.893366
2027,FM01_PSA,DE6,9.729299399999999
2027,FM01_PSA,DE7,6783.9586818
2027,FM01_PSA,DE8,1437.4661454
2027,FM01_PSA,DE9,3394.1857188
2027,FM01_PSA,DEA,4113.9989946
2027,FM01_PSA,DEB,5398.074541800001
2027,FM01_PSA,DEC,628.4855273999999
2027,FM01_PSA,DEE,816.9719586000001
2027,FM01_PSA,DED,513.462576
2027,FM01_PSA,DEF,948.4970802
2027,FM01_PSA,DEG,2595.9698621999996
2027,FM02_TSA,DE1,7521.1193742
2027,FM02_TSA,DE2,7437.1636229999995
2027,FM02_TSA,DE3,2.6408676
2027,FM02_TSA,DE4,473.83374
2027,FM02_TSA,DE5,1.893366
2027,FM02_TSA,DE6,9.729299399999999
2027,FM02_TSA,DE7,6783.9586818
2027,FM02_TSA,DE8,1437.4661454
2027,FM02_TSA,DE9,3394.1857188
2027,FM02_TSA,DEA,4113.9989946
2027,FM02_TSA,DEB,5398.074541800001
2027,FM02_TSA,DEC,628.4855273999999
2027,FM02_TSA,DEE,816.9719586000001
2027,FM02_TSA,DED,513.462576
2027,FM02_TSA,DEF,948.4970802
2027,FM02_TSA,DEG,2595.9698621999996
2027,FM03_Beech,DE1,84.01052521139333
2027,FM03_Beech,DE2,83.07274369219236
2027,FM03_Beech,DE3,0.029498358296347407
2027,FM03_Beech,DE4,5.29269904913761
2027,FM03_Beech,DE5,0.021148803012359316
2027,FM03_Beech,DE6,0.10867578506156002
2027,FM03_Beech,DE7,75.77647734530618
2027,FM03_Beech,DE8,16.056424561336822
2027,FM03_Beech,DE9,37.91288380284868
2027,FM03_Beech,DEA,45.953161897826234
2027,FM03_Beech,DEB,60.296221190493526
2027,FM03_Beech,DEC,7.020151737752421
2027,FM03_Beech,DEE,9.12553569624297
2027,FM03_Beech,DED,5.735351154527214
2027,FM03_Beech,DEF,10.594664690792891
2027,FM03_Beech,DEG,28.996852822797784
2027,FM04_DouglasFir,DE1,8.15972168766576
2027,FM04_DouglasFir,DE2,5.230925429205276
2027,FM04_DouglasFir,DE3,0.0017922217177619257
2027,FM04_DouglasFir,DE4,0.794882859186073
2027,FM04_DouglasFir,DE5,0.0027144259522704555
2027,FM04_DouglasFir,DE6,0.013045258039776474
2027,FM04_DouglasFir,DE7,5.444636609578081
2027,FM04_DouglasFir,DE8,1.6200376085351413
2027,FM04_DouglasFir,DE9,4.399295233378551
2027,FM04_DouglasFir,DEA,3.394235595164952
2027,FM04_DouglasFir,DEB,10.321901004171357
2027,FM04_DouglasFir,DEC,1.0756089770405046
2027,FM04_DouglasFir,DEE,0.35633757155308543
2027,FM04_DouglasFir,DED,0.42324170154917057
2027,FM04_DouglasFir,DEF,0.5917105430187916
2027,FM04_DouglasFir,DEG,0.8798915025456688
2027,FM05_Oak,DE1,17.776364901767707
2027,FM05_Oak,DE2,26.12907622838123
2027,FM05_Oak,DE3,0.7017583067837722
2027,FM05_Oak,DE4,18.089853994984143
2027,FM05_Oak,DE5,0.03491196495175161
2027,FM05_Oak,DE6,0.15192982380900408
2027,FM05_Oak,DE7,18.082180982656716
2027,FM05_Oak,DE8,11.051283880019968
2027,FM05_Oak,DE9,27.04655983796029
2027,FM05_Oak,DEA,29.614758700450775
2027,FM05_Oak,DEB,23.86228383588217
2027,FM05_Oak,DEC,4.3415649587961935
2027,FM05_Oak,DEE,13.532967237707375
2027,FM05_Oak,DED,12.371850616553605
2027,FM05_Oak,DEF,4.876548984232422
2027,FM05_Oak,DEG,8.340593336476466
2027,FM06_ScotPine,DE1,3.622110371802307
2027,FM06_ScotPine,DE2,59.0773987723879
2027,FM06_ScotPine,DE3,1.7395037840608178
2027,FM06_ScotPine,DE4,171.7068779186855
2027,FM06_ScotPine,DE5,0.01776308777160903
2027,FM06_ScotPine,DE6,0.08773267695449544
2027,FM06_ScotPine,DE7,10.501861427984265
2027,FM06_ScotPine,DE8,45.16205246678283
2027,FM06_ScotPine,DE9,65.94389824872971
2027,FM06_ScotPine,DEA,9.431457714309001
2027,FM06_ScotPine,DEB,10.381093373445745
2027,FM06_ScotPine,DEC,0.284523538972083
2027,FM06_ScotPine,DEE,47.56544747898538
2027,FM06_ScotPine,DED,31.545800199839576
2027,FM06_ScotPine,DEF,1.4263672592301149
2027,FM06_ScotPine,DEG,12.788630061324625
2027,PC_Rewetting,DE1,208.235845366262
2027,PC_Rewetting,DE2,979.3550289905289
2027,PC_Rewetting,DE3,3.0070454227640595
2027,PC_Rewetting,DE4,1109.9912336852321
2027,PC_Rewetting,DE5,28.257681043255765
2027,PC_Rewetting,DE6,13.768443948065661
2027,PC_Rewetting,DE7,32.560859292854964
2027,PC_Rewetting,DE8,1235.7588475418734
2027,PC_Rewetting,DE9,2885.183903507103
2027,PC_Rewetting,DEA,197.92461884841597
2027,PC_Rewetting,DEB,27.5109911363544
2027,PC_Rewetting,DEC,3.435205184409235
2027,PC_Rewetting,DEE,362.8869786274347
2027,PC_Rewetting,DED,132.4489778790881
2027,PC_Rewetting,DEF,694.9309163605504
2027,PC_Rewetting,DEG,4.743423165806948
2028,FM01_PSA,DE1,7752.1435188
2028,FM01_PSA,DE2,7665.608921999999
2028,FM01_PSA,DE3,2.7219864
2028,FM01_PSA,DE4,488.38836
2028,FM01_PSA,DE5,1.951524
2028,FM01_PSA,DE6,10.0281516
2028,FM01_PSA,DE7,6992.339665200001
2028,FM01_PSA,DE8,1481.6203956000002
2028,FM01_PSA,DE9,3498.4439832000003
2028,FM01_PSA,DEA,4240.3675643999995
2028,FM01_PSA,DEB,5563.8857052
2028,FM01_PSA,DEC,647.7905435999999
2028,FM01_PSA,DEE,842.0666603999999
2028,FM01_PSA,DED,529.234464
2028,FM01_PSA,DEF,977.6318028
2028,FM01_PSA,DEG,2675.7095507999998
2028,FM02_TSA,DE1,7752.1435188
2028,FM02_TSA,DE2,7665.608921999999
2028,FM02_TSA,DE3,2.7219864
2028,FM02_TSA,DE4,488.38836
2028,FM02_TSA,DE5,1.951524
2028,FM02_TSA,DE6,10.0281516
2028,FM02_TSA,DE7,6992.339665200001
2028,FM02_TSA,DE8,1481.6203956000002
2028,FM02_TSA,DE9,3498.4439832000003
2028,FM02_TSA,DEA,4240.3675643999995
2028,FM02_TSA,DEB,5563.8857052
2028,FM02_TSA,DEC,647.7905435999999
2028,FM02_TSA,DEE,842.0666603999999
2028,FM02_TSA,DED,529.234464
2028,FM02_TSA,DEF,977.6318028
2028,FM02_TSA,DEG,2675.7095507999998
2028,FM03_Beech,DE1,84.01052521139333
2028,FM03_Beech,DE2,83.07274369219236
2028,FM03_Beech,DE3,0.029498358296347407
2028,FM03_Beech,DE4,5.29269904913761
2028,FM03_Beech,DE5,0.021148803012359316
2028,FM03_Beech,DE6,0.10867578506156002
2028,FM03_Beech,DE7,75.77647734530618
2028,FM03_Beech,DE8,16.056424561336822
2028,FM03_Beech,DE9,37.91288380284868
2028,FM03_Beech,DEA,45.953161897826234
2028,FM03_Beech,DEB,60.296221190493526
2028,FM03_Beech,DEC,7.020151737752421
2028,FM03_Beech,DEE,9.12553569624297
2028,FM03_Beech,DED,5.735351154527214
2028,FM03_Beech,DEF,10.594664690792891
2028,FM03_Beech,DEG,28.996852822797784
2028,FM04_DouglasFir,DE1,8.15972168766576
2028,FM04_DouglasFir,DE2,5.230925429205276
2028,FM04_DouglasFir,DE3,0.0017922217177619257
2028,FM04_DouglasFir,DE4,0.794882859186073
2028,FM04_DouglasFir,DE5,0.0027144259522704555
2028,FM04_DouglasFir,DE6,0.013045258039776474
2028,FM04_DouglasFir,DE7,5.444636609578081
2028,FM04_DouglasFir,DE8,1.6200376085351413
2028,FM04_DouglasFir,DE9,4.399295233378551
2028,FM04_DouglasFir,DEA,3.394235595164952
2028,FM04_DouglasFir,DEB,10.321901004171357
2028,FM04_DouglasFir,DEC,1.0756089770405046
2028,FM04_DouglasFir,DEE,0.35633757155308543
2028,FM04_DouglasFir,DED,0.42324170154917057
2028,FM04_DouglasFir,DEF,0.5917105430187916
2028,FM04_DouglasFir,DEG,0.8798915025456688
2028,FM05_Oak,DE1,17.776364901767707
2028,FM05_Oak,DE2,26.12907622838123
2028,FM05_Oak,DE3,0.7017583067837722
2028,FM05_Oak,DE4,18.089853994984143
2028,FM05_Oak,DE5,0.03491196495175161
2028,FM05_Oak,DE6,0.15192982380900408
2028,FM05_Oak,DE7,18.082180982656716
2028,FM05_Oak,DE8,11.051283880019968
2028,FM05_Oak,DE9,27.04655983796029
2028,FM05_Oak,DEA,29.614758700450775
2028,FM05_Oak,DEB,23.86228383588217
2028,FM05_Oak,DEC,4.3415649587961935
2028,FM05_Oak,DEE,13.532967237707375
2028,FM05_Oak,DED,12.371850616553605
2028,FM05_Oak,DEF,4.876548984232422
2028,FM05_Oak,DEG,8.340593336476466
2028,FM06_ScotPine,DE1,3.622110371802307
2028,FM06_ScotPine,DE2,59.0773987723879
2028,FM06_ScotPine,DE3,1.7395037840608178
2028,FM06_ScotPine,DE4,171.7068779186855
2028,FM06_ScotPine,DE5,0.01776308777160903
2028,FM06_ScotPine,DE6,0.08773267695449544
2028,FM06_ScotPine,DE7,10.501861427984265
2028,FM06_ScotPine,DE8,45.16205246678283
2028,FM06_ScotPine,DE9,65.94389824872971
2028,FM06_ScotPine,DEA,9.431457714309001
2028,FM06_ScotPine,DEB,10.381093373445745
2028,FM06_ScotPine,DEC,0.284523538972083
2028,FM06_ScotPine,DEE,47.56544747898538
2028,FM06_ScotPine,DED,31.545800199839576
2028,FM06_ScotPine,DEF,1.4263672592301149
2028,FM06_ScotPine,DEG,12.788630061324625
2028,PC_Rewetting,DE1,233.47655389550587
2028,PC_Rewetting,DE2,1098.0647294742294
2028,PC_Rewetting,DE3,3.3715357770384906
2028,PC_Rewetting,DE4,1244.5356256470784
2028,PC_Rewetting,DE5,31.68285450304434
2028,PC_Rewetting,DE6,15.437346244800892
2028,PC_Rewetting,DE7,36.507630116231326
2028,PC_Rewetting,DE8,1385.5477987590702
2028,PC_Rewetting,DE9,3234.9031645382674
2028,PC_Rewetting,DEA,221.91548173913307
2028,PC_Rewetting,DEB,30.84565672863978
2028,PC_Rewetting,DEC,3.851593691610354
2028,PC_Rewetting,DEE,406.87327906712375
2028,PC_Rewetting,DED,148.5033994401897
2028,PC_Rewetting,DEF,779.164966828496
2028,PC_Rewetting,DEG,5.318383549541123
2029,FM01_PSA,DE1,7983.1676634
2029,FM01_PSA,DE2,7894.0542209999985
2029,FM01_PSA,DE3,2.8031051999999996
2029,FM01_PSA,DE4,502.94298
2029,FM01_PSA,DE5,2.009682
2029,FM01_PSA,DE6,10.327003799999998
2029,FM01_PSA,DE7,7200.7206486000005
2029,FM01_PSA,DE8,1525.7746458000001
2029,FM01_PSA,DE9,3602.7022476
2029,FM01_PSA,DEA,4366.7361341999995
2029,FM01_PSA,DEB,5729.696868600001
2029,FM01_PSA,DEC,667.0955598
2029,FM01_PSA,DEE,867.1613622
2029,FM01_PSA,DED,545.006352
2029,FM01_PSA,DEF,1006.7665254
2029,FM01_PSA,DEG,2755.4492393999994
2029,FM02_TSA,DE1,7983.1676634
2029,FM02_TSA,DE2,7894.0542209999985
2029,FM02_TSA,DE3,2.8031051999999996
2029,FM02_TSA,DE4,502.94298
2029,FM02_TSA,DE5,2.009682
2029,FM02_TSA,DE6,10.327003799999998
2029,FM02_TSA,DE7,7200.7206486000005
2029,FM02_TSA,DE8,1525.7746458000001
2029,FM02_TSA,DE9,3602.7022476
2029,FM02_TSA,DEA,4366.7361341999995
2029,FM02_TSA,DEB,5729.696868600001
2029,FM02_TSA,DEC,667.0955598
2029,FM02_TSA,DEE,867.1613622
2029,FM02_TSA,DED,545.006352
2029,FM02_TSA,DEF,1006.7665254
2029,FM02_TSA,DEG,2755.4492393999994
2029,FM03_Beech,DE1,84.01052521139333
2029,FM03_Beech,DE2,83.07274369219236
2029,FM03_Beech,DE3,0.029498358296347407
2029,FM03_Beech,DE4,5.29269904913761
2029,FM03_Beech,DE5,0.021148803012359316
2029,FM03_Beech,DE6,0.10867578506156002
2029,FM03_Beech,DE7,75.77647734530618
2029,FM03_Beech,DE8,16.056424561336822
2029,FM03_Beech,DE9,37.91288380284868
2029,FM03_Beech,DEA,45.953161897826234
2029,FM03_Beech,DEB,60.296221190493526
2029,FM03_Beech,DEC,7.020151737752421
2029,FM03_Beech,DEE,9.12553569624297
2029,FM03_Beech,DED,5.735351154527214
2029,FM03_Beech,DEF,10.594664690792891
2029,FM03_Beech,DEG,28.996852822797784
2029,FM04_DouglasFir,DE1,8.15972168766576
2029,FM04_DouglasFir,DE2,5.230925429205276
2029,FM04_DouglasFir,DE3,0.0017922217177619257
2029,FM04_DouglasFir,DE4,0.794882859186073
2029,FM04_DouglasFir,DE5,0.0027144259522704555
2029,FM04_DouglasFir,DE6,0.013045258039776474
2029,FM04_DouglasFir,DE7,5.444636609578081
2029,FM04_DouglasFir,DE8,1.6200376085351413
2029,FM04_DouglasFir,DE9,4.399295233378551
2029,FM04_DouglasFir,DEA,3.394235595164952
2029,FM04_DouglasFir,DEB,10.321901004171357
2029,FM04_DouglasFir,DEC,1.0756089770405046
2029,FM04_DouglasFir,DEE,0.35633757155308543
2029,FM04_DouglasFir,DED,0.42324170154917057
2029,FM04_DouglasFir,DEF,0.5917105430187916
2029,FM04_DouglasFir,DEG,0.8798915025456688
2029,FM05_Oak,DE1,17.776364901767707
2029,FM05_Oak,DE2,26.12907622838123
2029,FM05_Oak,DE3,0.7017583067837722
2029,FM05_Oak,DE4,18.089853994984143
2029,FM05_Oak,DE5,0.03491196495175161
2029,FM05_Oak,DE6,0.15192982380900408
2029,FM05_Oak,DE7,18.082180982656716
2029,FM05_Oak,DE8,11.051283880019968
2029,FM05_Oak,DE9,27.04655983796029
2029,FM05_Oak,DEA,29.614758700450775
2029,FM05_Oak,DEB,23.86228383588217
2029,FM05_Oak,DEC,4.3415649587961935
2029,FM05_Oak,DEE,13.532967237707375
2029,FM05_Oak,DED,12.371850616553605
2029,FM05_Oak,DEF,4.876548984232422
2029,FM05_Oak,DEG,8.340593336476466
2029,FM06_ScotPine,DE1,3.622110371802307
2029,FM06_ScotPine,DE2,59.0773987723879
2029,FM06_ScotPine,DE3,1.7395037840608178
2029,FM06_ScotPine,DE4,171.7068779186855
2029,FM06_ScotPine,DE5,0.01776308777160903
2029,FM06_ScotPine,DE6,0.08773267695449544
2029,FM06_ScotPine,DE7,10.501861427984265
2029,FM06_ScotPine,DE8,45.16205246678283
2029,FM06_ScotPine,DE9,65.94389824872971
2029,FM06_ScotPine,DEA,9.431457714309001
2029,FM06_ScotPine,DEB,10.381093373445745
2029,FM06_ScotPine,DEC,0.284523538972083
2029,FM06_ScotPine,DEE,47.56544747898538
2029,FM06_ScotPine,DED,31.545800199839576
2029,FM06_ScotPine,DEF,1.4263672592301149
2029,FM06_ScotPine,DEG,12.788630061324625
2029,PC_Rewetting,DE1,258.7172624247498
2029,PC_Rewetting,DE2,1216.7744299579297
2029,PC_Rewetting,DE3,3.736026131312922
2029,PC_Rewetting,DE4,1379.0800176089244
2029,PC_Rewetting,DE5,35.108027962832914
2029,PC_Rewetting,DE6,17.106248541536125
2029,PC_Rewetting,DE7,40.45440093960768
2029,PC_Rewetting,DE8,1535.336749976267
2029,PC_Rewetting,DE9,3584.6224255694315
2029,PC_Rewetting,DEA,245.9063446298502
2029,PC_Rewetting,DEB,34.180322320925164
2029,PC_Rewetting,DEC,4.267982198811473
2029,PC_Rewetting,DEE,450.8595795068128
2029,PC_Rewetting,DED,164.55782100129127
2029,PC_Rewetting,DEF,863.3990172964415
2029,PC_Rewetting,DEG,5.893343933275298
2030,FM01_PSA,DE1,8214.191808
2030,FM01_PSA,DE2,8122.4995199999985
2030,FM01_PSA,DE3,2.8842239999999997
2030,FM01_PSA,DE4,517.4976
2030,FM01_PSA,DE5,2.0678400000000003
2030,FM01_PSA,DE6,10.625855999999997
2030,FM01_PSA,DE7,7409.101632
2030,FM01_PSA,DE8,1569.9288960000001
2030,FM01_PSA,DE9,3706.9605119999997
2030,FM01_PSA,DEA,4493.104703999999
2030,FM01_PSA,DEB,5895.508032000001
2030,FM01_PSA,DEC,686.4005759999999
2030,FM01_PSA,DEE,892.256064
2030,FM01_PSA,DED,560.77824
2030,FM01_PSA,DEF,1035.901248
2030,FM01_PSA,DEG,2835.188928
2030,FM02_TSA,DE1,8214.191808
2030,FM02_TSA,DE2,8122.4995199999985
2030,FM02_TSA,DE3,2.8842239999999997
2030,FM02_TSA,DE4,517.4976
2030,FM02_TSA,DE5,2.0678400000000003
2030,FM02_TSA,DE6,10.625855999999997
2030,FM02_TSA,DE7,7409.101632
2030,FM02_TSA,DE8,1569.9288960000001
2030,FM02_TSA,DE9,3706.9605119999997
2030,FM02_TSA,DEA,4493.104703999999
2030,FM02_TSA,DEB,5895.508032000001
2030,FM02_TSA,DEC,686.4005759999999
2030,FM02_TSA,DEE,892.256064
2030,FM02_TSA,DED,560.77824
2030,FM02_TSA,DEF,1035.901248
2030,FM02_TSA,DEG,2835.188928
2030,FM03_Beech,DE1,84.01052521139333
2030,FM03_Beech,DE2,83.07274369219236
2030,FM03_Beech,DE3,0.029498358296347407
2030,FM03_Beech,DE4,5.29269904913761
2030,FM03_Beech,DE5,0.021148803012359316
2030,FM03_Beech,DE6,0.10867578506156002
2030,FM03_Beech,DE7,75.77647734530618
2030,FM03_Beech,DE8,16.056424561336822
2030,FM03_Beech,DE9,37.91288380284868
2030,FM03_Beech,DEA,45.953161897826234
2030,FM03_Beech,DEB,60.296221190493526
2030,FM03_Beech,DEC,7.020151737752421
2030,FM03_Beech,DEE,9.12553569624297
2030,FM03_Beech,DED,5.735351154527214
2030,FM03_Beech,DEF,10.594664690792891
2030,FM03_Beech,DEG,28.996852822797784
2030,FM04_DouglasFir,DE1,8.15972168766576
2030,FM04_DouglasFir,DE2,5.230925429205276
2030,FM04_DouglasFir,DE3,0.0017922217177619257
2030,FM04_DouglasFir,DE4,0.794882859186073
2030,FM04_DouglasFir,DE5,0.0027144259522704555
2030,FM04_DouglasFir,DE6,0.013045258039776474
2030,FM04_DouglasFir,DE7,5.444636609578081
2030,FM04_DouglasFir,DE8,1.6200376085351413
2030,FM04_DouglasFir,DE9,4.399295233378551
2030,FM04_DouglasFir,DEA,3.394235595164952
2030,FM04_DouglasFir,DEB,10.321901004171357
2030,FM04_DouglasFir,DEC,1.0756089770405046
2030,FM04_DouglasFir,DEE,0.35633757155308543
2030,FM04_DouglasFir,DED,0.42324170154917057
2030,FM04_DouglasFir,DEF,0.5917105430187916
2030,FM04_DouglasFir,DEG,0.8798915025456688
2030,FM05_Oak,DE1,17.776364901767707
2030,FM05_Oak,DE2,26.12907622838123
2030,FM05_Oak,DE3,0.7017583067837722
2030,FM05_Oak,DE4,18.089853994984143
2030,FM05_Oak,DE5,0.03491196495175161
2030,FM05_Oak,DE6,0.15192982380900408
2030,FM05_Oak,DE7,18.082180982656716
2030,FM05_Oak,DE8,11.051283880019968
2030,FM05_Oak,DE9,27.04655983796029
2030,FM05_Oak,DEA,29.614758700450775
2030,FM05_Oak,DEB,23.86228383588217
2030,FM05_Oak,DEC,4.3415649587961935
2030,FM05_Oak,DEE,13.532967237707375
2030,FM05_Oak,DED,12.371850616553605
2030,FM05_Oak,DEF,4.876548984232422
2030,FM05_Oak,DEG,8.340593336476466
2030,FM06_ScotPine,DE1,3.622110371802307
2030,FM06_ScotPine,DE2,59.0773987723879
2030,FM06_ScotPine,DE3,1.7395037840608178
2030,FM06_ScotPine,DE4,171.7068779186855
2030,FM06_ScotPine,DE5,0.01776308777160903
2030,FM06_ScotPine,DE6,0.08773267695449544
2030,FM06_ScotPine,DE7,10.501861427984265
2030,FM06_ScotPine,DE8,45.16205246678283
2030,FM06_ScotPine,DE9,65.94389824872971
2030,FM06_ScotPine,DEA,9.431457714309001
2030,FM06_ScotPine,DEB,10.381093373445745
2030,FM06_ScotPine,DEC,0.284523538972083
2030,FM06_ScotPine,DEE,47.56544747898538
2030,FM06_ScotPine,DED,31.545800199839576
2030,FM06_ScotPine,DEF,1.4263672592301149
2030,FM06_ScotPine,DEG,12.788630061324625
2030,PC_Rewetting,DE1,283.9579709539936
2030,PC_Rewetting,DE2,1335.4841304416302
2030,PC_Rewetting,DE3,4.100516485587353
2030,PC_Rewetting,DE4,1513.6244095707707
2030,PC_Rewetting,DE5,38.533201422621495
2030,PC_Rewetting,DE6,18.775150838271358
2030,PC_Rewetting,DE7,44.40117176298404
2030,PC_Rewetting,DE8,1685.1257011934636
2030,PC_Rewetting,DE9,3934.3416866005955
2030,PC_Rewetting,DEA,269.89720752056724
2030,PC_Rewetting,DEB,37.51498791321055
2030,PC_Rewetting,DEC,4.684370706012593
2030,PC_Rewetting,DEE,494.8458799465018
2030,PC_Rewetting,DED,180.61224256239285
2030,PC_Rewetting,DEF,947.6330677643869
2030,PC_Rewetting,DEG,6.468304317009473
2031,FM01_PSA,DE1,8445.2159526
2031,FM01_PSA,DE2,8350.944818999998
2031,FM01_PSA,DE3,2.9653427999999997
2031,FM01_PSA,DE4,532.0522199999999
2031,FM01_PSA,DE5,2.125998
2031,FM01_PSA,DE6,10.924708199999998
2031,FM01_PSA,DE7,7617.4826154
2031,FM01_PSA,DE8,1614.0831462
2031,FM01_PSA,DE9,3811.2187764
2031,FM01_PSA,DEA,4619.473273799999
2031,FM01_PSA,DEB,6061.3191954
2031,FM01_PSA,DEC,705.7055921999998
2031,FM01_PSA,DEE,917.3507658000001
2031,FM01_PSA,DED,576.550128
2031,FM01_PSA,DEF,1065.0359706000002
2031,FM01_PSA,DEG,2914.9286166
2031,FM02_TSA,DE1,8445.2159526
2031,FM02_TSA,DE2,8350.944818999998
2031,FM02_TSA,DE3,2.9653427999999997
2031,FM02_TSA,DE4,532.0522199999999
2031,FM02_TSA,DE5,2.125998
2031,FM02_TSA,DE6,10.924708199999998
2031,FM02_TSA,DE7,7617.4826154
2031,FM02_TSA,DE8,1614.0831462
2031,FM02_TSA,DE9,3811.2187764
2031,FM02_TSA,DEA,4619.473273799999
2031,FM02_TSA,DEB,6061.3191954
2031,FM02_TSA,DEC,705.7055921999998
2031,FM02_TSA,DEE,917.3507658000001
2031,FM02_TSA,DED,576.550128
2031,FM02_TSA,DEF,1065.0359706000002
2031,FM02_TSA,DEG,2914.9286166
2031,FM03_Beech,DE1,84.01052521139333
2031,FM03_Beech,DE2,83.07274369219236
2031,FM03_Beech,DE3,0.029498358296347407
2031,FM03_Beech,DE4,5.29269904913761
2031,FM03_Beech,DE5,0.021148803012359316
2031,FM03_Beech,DE6,0.10867578506156002
2031,FM03_Beech,DE7,75.77647734530618
2031,FM03_Beech,DE8,16.056424561336822
2031,FM03_Beech,DE9,37.91288380284868
2031,FM03_Beech,DEA,45.953161897826234
2031,FM03_Beech,DEB,60.296221190493526
2031,FM03_Beech,DEC,7.020151737752421
2031,FM03_Beech,DEE,9.12553569624297
2031,FM03_Beech,DED,5.735351154527214
2031,FM03_Beech,DEF,10.594664690792891
2031,FM03_Beech,DEG,28.996852822797784
2031,FM04_DouglasFir,DE1,8.15972168766576
2031,FM04_DouglasFir,DE2,5.230925429205276
2031,FM04_DouglasFir,DE3,0.0017922217177619257
2031,FM04_DouglasFir,DE4,0.794882859186073
2031,FM04_DouglasFir,DE5,0.0027144259522704555
2031,FM04_DouglasFir,DE6,0.013045258039776474
2031,FM04_DouglasFir,DE7,5.444636609578081
2031,FM04_DouglasFir,DE8,1.6200376085351413
2031,FM04_DouglasFir,DE9,4.399295233378551
2031,FM04_DouglasFir,DEA,3.394235595164952
2031,FM04_DouglasFir,DEB,10.321901004171357
2031,FM04_DouglasFir,DEC,1.0756089770405046
2031,FM04_DouglasFir,DEE,0.35633757155308543
2031,FM04_DouglasFir,DED,0.42324170154917057
2031,FM04_DouglasFir,DEF,0.5917105430187916
2031,FM04_DouglasFir,DEG,0.8798915025456688
2031,FM05_Oak,DE1,17.776364901767707
2031,FM05_Oak,DE2,26.12907622838123
2031,FM05_Oak,DE3,0.7017583067837722
2031,FM05_Oak,DE4,18.089853994984143
2031,FM05_Oak,DE5,0.03491196495175161
2031,FM05_Oak,DE6,0.15192982380900408
2031,FM05_Oak,DE7,18.082180982656716
2031,FM05_Oak,DE8,11.051283880019968
2031,FM05_Oak,DE9,27.04655983796029
2031,FM05_Oak,DEA,29.614758700450775
2031,FM05_Oak,DEB,23.86228383588217
2031,FM05_Oak,DEC,4.3415649587961935
2031,FM05_Oak,DEE,13.532967237707375
2031,FM05_Oak,DED,12.371850616553605
2031,FM05_Oak,DEF,4.876548984232422
2031,FM05_Oak,DEG,8.340593336476466
2031,FM06_ScotPine,DE1,3.622110371802307
2031,FM06_ScotPine,DE2,59.0773987723879
2031,FM06_ScotPine,DE3,1.7395037840608178
2031,FM06_ScotPine,DE4,171.7068779186855
2031,FM06_ScotPine,DE5,0.01776308777160903
2031,FM06_ScotPine,DE6,0.08773267695449544
2031,FM06_ScotPine,DE7,10.501861427984265
2031,FM06_ScotPine,DE8,45.16205246678283
2031,FM06_ScotPine,DE9,65.94389824872971
2031,FM06_ScotPine,DEA,9.431457714309001
2031,FM06_ScotPine,DEB,10.381093373445745
2031,FM06_ScotPine,DEC,0.284523538972083
2031,FM06_ScotPine,DEE,47.56544747898538
2031,FM06_ScotPine,DED,31.545800199839576
2031,FM06_ScotPine,DEF,1.4263672592301149
2031,FM06_ScotPine,DEG,12.788630061324625
2031,PC_Rewetting,DE1,309.1986794832375
2031,PC_Rewetting,DE2,1454.1938309253308
2031,PC_Rewetting,DE3,4.465006839861785
2031,PC_Rewetting,DE4,1648.168801532617
2031,PC_Rewetting,DE5,41.95837488241008
2031,PC_Rewetting,DE6,20.44405313500659
2031,PC_Rewetting,DE7,48.34794258636041
2031,PC_Rewetting,DE8,1834.9146524106602
2031,PC_Rewetting,DE9,4284.060947631759
2031,PC_Rewetting,DEA,293.88807041128433
2031,PC_Rewetting,DEB,40.84965350549593
2031,PC_Rewetting,DEC,5.1007592132137125
2031,PC_Rewetting,DEE,538.8321803861909
2031,PC_Rewetting,DED,196.6666641234944
2031,PC_Rewetting,DEF,1031.8671182323324
2031,PC_Rewetting,DEG,7.043264700743648
2032,FM01_PSA,DE1,8676.240097199998
2032,FM01_PSA,DE2,8579.390118
2032,FM01_PSA,DE3,3.0464615999999998
2032,FM01_PSA,DE4,546.60684
2032,FM01_PSA,DE5,2.184156
2032,FM01_PSA,DE6,11.223560399999998
2032,FM01_PSA,DE7,7825.8635988000015
2032,FM01_PSA,DE8,1658.2373964000003
2032,FM01_PSA,DE9,3915.4770407999995
2032,FM01_PSA,DEA,4745.8418436
2032,FM01_PSA,DEB,6227.130358800001
2032,FM01_PSA,DEC,725.0106083999999
2032,FM01_PSA,DEE,942.4454676
2032,FM01_PSA,DED,592.322016
2032,FM01_PSA,DEF,1094.1706932
2032,FM01_PSA,DEG,2994.6683052
2032,FM02_TSA,DE1,8676.240097199998
2032,FM02_TSA,DE2,8579.390118
2032,FM02_TSA,DE3,3.0464615999999998
2032,FM02_TSA,DE4,546.60684
2032,FM02_TSA,DE5,2.184156
2032,FM02_TSA,DE6,11.223560399999998
2032,FM02_TSA,DE7,7825.8635988000015
2032,FM02_TSA,DE8,1658.2373964000003
2032,FM02_TSA,DE9,3915.4770407999995
2032,FM02_TSA,DEA,4745.8418436
2032,FM02_TSA,DEB,6227.130358800001
2032,FM02_TSA,DEC,725.0106083999999
2032,FM02_TSA,DEE,942.4454676
2032,FM02_TSA,DED,592.322016
2032,FM02_TSA,DEF,1094.1706932
2032,FM02_TSA,DEG,2994.6683052
2032,FM03_Beech,DE1,84.01052521139333
2032,FM03_Beech,DE2,83.07274369219236
2032,FM03_Beech,DE3,0.029498358296347407
2032,FM03_Beech,DE4,5.29269904913761
2032,FM03_Beech,DE5,0.021148803012359316
2032,FM03_Beech,DE6,0.10867578506156002
2032,FM03_Beech,DE7,75.77647734530618
2032,FM03_Beech,DE8,16.056424561336822
2032,FM03_Beech,DE9,37.91288380284868
2032,FM03_Beech,DEA,45.953161897826234
2032,FM03_Beech,DEB,60.296221190493526
2032,FM03_Beech,DEC,7.020151737752421
2032,FM03_Beech,DEE,9.12553569624297
2032,FM03_Beech,DED,5.735351154527214
2032,FM03_Beech,DEF,10.594664690792891
2032,FM03_Beech,DEG,28.996852822797784
2032,FM04_DouglasFir,DE1,8.15972168766576
2032,FM04_DouglasFir,DE2,5.230925429205276
2032,FM04_DouglasFir,DE3,0.0017922217177619257
2032,FM04_DouglasFir,DE4,0.794882859186073
2032,FM04_DouglasFir,DE5,0.0027144259522704555
2032,FM04_DouglasFir,DE6,0.013045258039776474
2032,FM04_DouglasFir,DE7,5.444636609578081
2032,FM04_DouglasFir,DE8,1.6200376085351413
2032,FM04_DouglasFir,DE9,4.399295233378551
2032,FM04_DouglasFir,DEA,3.394235595164952
2032,FM04_DouglasFir,DEB,10.321901004171357
2032,FM04_DouglasFir,DEC,1.0756089770405046
2032,FM04_DouglasFir,DEE,0.35633757155308543
2032,FM04_DouglasFir,DED,0.42324170154917057
2032,FM04_DouglasFir,DEF,0.5917105430187916
2032,FM04_DouglasFir,DEG,0.8798915025456688
2032,FM05_Oak,DE1,17.776364901767707
2032,FM05_Oak,DE2,26.12907622838123
2032,FM05_Oak,DE3,0.7017583067837722
2032,FM05_Oak,DE4,18.089853994984143
2032,FM05_Oak,DE5,0.03491196495175161
2032,FM05_Oak,DE6,0.15192982380900408
2032,FM05_Oak,DE7,18.082180982656716
2032,FM05_Oak,DE8,11.051283880019968
2032,FM05_Oak,DE9,27.04655983796029
2032,FM05_Oak,DEA,29.614758700450775
2032,FM05_Oak,DEB,23.86228383588217
2032,FM05_Oak,DEC,4.3415649587961935
2032,FM05_Oak,DEE,13.532967237707375
2032,FM05_Oak,DED,12.371850616553605
2032,FM05_Oak,DEF,4.876548984232422
2032,FM05_Oak,DEG,8.340593336476466
2032,FM06_ScotPine,DE1,3.622110371802307
2032,FM06_ScotPine,DE2,59.0773987723879
2032,FM06_ScotPine,DE3,1.7395037840608178
2032,FM06_ScotPine,DE4,171.7068779186855
2032,FM06_ScotPine,DE5,0.01776308777160903
2032,FM06_ScotPine,DE6,0.08773267695449544
2032,FM06_ScotPine,DE7,10.501861427984265
2032,FM06_ScotPine,DE8,45.16205246678283
2032,FM06_ScotPine,DE9,65.94389824872971
2032,FM06_ScotPine,DEA,9.431457714309001
2032,FM06_ScotPine,DEB,10.381093373445745
2032,FM06_ScotPine,DEC,0.284523538972083
2032,FM06_ScotPine,DEE,47.56544747898538
2032,FM06_ScotPine,DED,31.545800199839576
2032,FM06_ScotPine,DEF,1.4263672592301149
2032,FM06_ScotPine,DEG,12.788630061324625
2032,PC_Rewetting,DE1,334.4393880124814
2032,PC_Rewetting,DE2,1572.903531409031
2032,PC_Rewetting,DE3,4.829497194136216
2032,PC_Rewetting,DE4,1782.7131934944637
2032,PC_Rewetting,DE5,45.383548342198644
2032,PC_Rewetting,DE6,22.112955431741824
2032,PC_Rewetting,DE7,52.294713409736765
2032,PC_Rewetting,DE8,1984.7036036278573
2032,PC_Rewetting,DE9,4633.7802086629235
2032,PC_Rewetting,DEA,317.8789333020014
2032,PC_Rewetting,DEB,44.18431909778131
2032,PC_Rewetting,DEC,5.517147720414831
2032,PC_Rewetting,DEE,582.81848082588
2032,PC_Rewetting,DED,212.721085684596
2032,PC_Rewetting,DEF,1116.101168700278
2032,PC_Rewetting,DEG,7.618225084477823
2033,FM01_PSA,DE1,8907.2642418
2033,FM01_PSA,DE2,8807.835416999998
2033,FM01_PSA,DE3,3.1275804
2033,FM01_PSA,DE4,561.1614599999999
2033,FM01_PSA,DE5,2.2423140000000004
2033,FM01_PSA,DE6,11.522412599999997
2033,FM01_PSA,DE7,8034.2445822
2033,FM01_PSA,DE8,1702.3916466000003
2033,FM01_PSA,DE9,4019.7353052
2033,FM01_PSA,DEA,4872.210413399999
2033,FM01_PSA,DEB,6392.941522200001
2033,FM01_PSA,DEC,744.3156245999999
2033,FM01_PSA,DEE,967.5401694
2033,FM01_PSA,DED,608.0939040000001
2033,FM01_PSA,DEF,1123.3054158
2033,FM01_PSA,DEG,3074.4079938
2033,FM02_TSA,DE1,8907.2642418
2033,FM02_TSA,DE2,8807.835416999998
2033,FM02_TSA,DE3,3.1275804
2033,FM02_TSA,DE4,561.1614599999999
2033,FM02_TSA,DE5,2.2423140000000004
2033,FM02_TSA,DE6,11.522412599999997
2033,FM02_TSA,DE7,8034.2445822
2033,FM02_TSA,DE8,1702.3916466000003
2033,FM02_TSA,DE9,4019.7353052
2033,FM02_TSA,DEA,4872.210413399999
2033,FM02_TSA,DEB,6392.941522200001
2033,FM02_TSA,DEC,744.3156245999999
2033,FM02_TSA,DEE,967.5401694
2033,FM02_TSA,DED,608.0939040000001
2033,FM02_TSA,DEF,1123.3054158
2033,FM02_TSA,DEG,3074.4079938
2033,FM03_Beech,DE1,84.01052521139333
2033,FM03_Beech,DE2,83.07274369219236
2033,FM03_Beech,DE3,0.029498358296347407
2033,FM03_Beech,DE4,5.29269904913761
2033,FM03_Beech,DE5,0.021148803012359316
2033,FM03_Beech,DE6,0.10867578506156002
2033,FM03_Beech,DE7,75.77647734530618
2033,FM03_Beech,DE8,16.056424561336822
2033,FM03_Beech,DE9,37.91288380284868
2033,FM03_Beech,DEA,45.953161897826234
2033,FM03_Beech,DEB,60.296221190493526
2033,FM03_Beech,DEC,7.020151737752421
2033,FM03_Beech,DEE,9.12553569624297
2033,FM03_Beech,DED,5.735351154527214
2033,FM03_Beech,DEF,10.594664690792891
2033,FM03_Beech,DEG,28.996852822797784
2033,FM04_DouglasFir,DE1,8.15972168766576
2033,FM04_DouglasFir,DE2,5.230925429205276
2033,FM04_DouglasFir,DE3,0.0017922217177619257
2033,FM04_DouglasFir,DE4,0.794882859186073
2033,FM04_DouglasFir,DE5,0.0027144259522704555
2033,FM04_DouglasFir,DE6,0.013045258039776474
2033,FM04_DouglasFir,DE7,5.444636609578081
2033,FM04_DouglasFir,DE8,1.6200376085351413
2033,FM04_DouglasFir,DE9,4.399295233378551
2033,FM04_DouglasFir,DEA,3.394235595164952
2033,FM04_DouglasFir,DEB,10.321901004171357
2033,FM04_DouglasFir,DEC,1.0756089770405046
2033,FM04_DouglasFir,DEE,0.35633757155308543
2033,FM04_DouglasFir,DED,0.42324170154917057
2033,FM04_DouglasFir,DEF,0.5917105430187916
2033,FM04_DouglasFir,DEG,0.8798915025456688
2033,FM05_Oak,DE1,17.776364901767707
2033,FM05_Oak,DE2,26.12907622838123
2033,FM05_Oak,DE3,0.7017583067837722
2033,FM05_Oak,DE4,18.089853994984143
2033,FM05_Oak,DE5,0.03491196495175161
2033,FM05_Oak,DE6,0.15192982380900408
2033,FM05_Oak,DE7,18.082180982656716
2033,FM05_Oak,DE8,11.051283880019968
2033,FM05_Oak,DE9,27.04655983796029
2033,FM05_Oak,DEA,29.614758700450775
2033,FM05_Oak,DEB,23.86228383588217
2033,FM05_Oak,DEC,4.3415649587961935
2033,FM05_Oak,DEE,13.532967237707375
2033,FM05_Oak,DED,12.371850616553605
2033,FM05_Oak,DEF,4.876548984232422
2033,FM05_Oak,DEG,8.340593336476466
2033,FM06_ScotPine,DE1,3.622110371802307
2033,FM06_ScotPine,DE2,59.0773987723879
2033,FM06_ScotPine,DE3,1.7395037840608178
2033,FM06_ScotPine,DE4,171.7068779186855
2033,FM06_ScotPine,DE5,0.01776308777160903
2033,FM06_ScotPine,DE6,0.08773267695449544
2033,FM06_ScotPine,DE7,10.501861427984265
2033,FM06_ScotPine,DE8,45.16205246678283
2033,FM06_ScotPine,DE9,65.94389824872971
2033,FM06_ScotPine,DEA,9.431457714309001
2033,FM06_ScotPine,DEB,10.381093373445745
2033,FM06_ScotPine,DEC,0.284523538972083
2033,FM06_ScotPine,DEE,47.56544747898538
2033,FM06_ScotPine,DED,31.545800199839576
2033,FM06_ScotPine,DEF,1.4263672592301149
2033,FM06_ScotPine,DEG,12.788630061324625
2033,PC_Rewetting,DE1,359.6800965417253
2033,PC_Rewetting,DE2,1691.613231892732
2033,PC_Rewetting,DE3,5.1939875484106475
2033,PC_Rewetting,DE4,1917.25758545631
2033,PC_Rewetting,DE5,48.808721801987225
2033,PC_Rewetting,DE6,23.781857728477053
2033,PC_Rewetting,DE7,56.24148423311312
2033,PC_Rewetting,DE8,2134.4925548450537
2033,PC_Rewetting,DE9,4983.499469694088
2033,PC_Rewetting,DEA,341.8697961927185
2033,PC_Rewetting,DEB,47.51898469006669
2033,PC_Rewetting,DEC,5.933536227615951
2033,PC_Rewetting,DEE,626.8047812655689
2033,PC_Rewetting,DED,228.77550724569758
2033,PC_Rewetting,DEF,1200.3352191682236
2033,PC_Rewetting,DEG,8.193185468211999
2034,FM01_PSA,DE1,9138.2883864
2034,FM01_PSA,DE2,9036.280716
2034,FM01_PSA,DE3,3.2086992000000003
2034,FM01_PSA,DE4,575.71608
2034,FM01_PSA,DE5,2.300472
2034,FM01_PSA,DE6,11.8212648
2034,FM01_PSA,DE7,8242.625565600001
2034,FM01_PSA,DE8,1746.5458968
2034,FM01_PSA,DE9,4123.993569599999
2034,FM01_PSA,DEA,4998.5789832
2034,FM01_PSA,DEB,6558.752685600001
2034,FM01_PSA,DEC,763.6206407999999
2034,FM01_PSA,DEE,992.6348712
2034,FM01_PSA,DED,623.8657919999999
2034,FM01_PSA,DEF,1152.4401384
2034,FM01_PSA,DEG,3154.1476823999997
2034,FM02_TSA,DE1,9138.2883864
2034,FM02_TSA,DE2,9036.280716
2034,FM02_TSA,DE3,3.2086992000000003
2034,FM02_TSA,DE4,575.71608
2034,FM02_TSA,DE5,2.300472
2034,FM02_TSA,DE6,11.8212648
2034,FM02_TSA,DE7,8242.625565600001
2034,FM02_TSA,DE8,1746.5458968
2034,FM02_TSA,DE9,4123.993569599999
2034,FM02_TSA,DEA,4998.5789832
2034,FM02_TSA,DEB,6558.752685600001
2034,FM02_TSA,DEC,763.6206407999999
2034,FM02_TSA,DEE,992.6348712
2034,FM02_TSA,DED,623.8657919999999
2034,FM02_TSA,DEF,1152.4401384
2034,FM02_TSA,DEG,3154.1476823999997
2034,FM03_Beech,DE1,84.01052521139333
2034,FM03_Beech,DE2,83.07274369219236
2034,FM03_Beech,DE3,0.029498358296347407
2034,FM03_Beech,DE4,5.29269904913761
2034,FM03_Beech,DE5,0.021148803012359316
2034,FM03_Beech,DE6,0.10867578506156002
2034,FM03_Beech,DE7,75.77647734530618
2034,FM03_Beech,DE8,16.056424561336822
2034,FM03_Beech,DE9,37.91288380284868
2034,FM03_Beech,DEA,45.953161897826234
2034,FM03_Beech,DEB,60.296221190493526
2034,FM03_Beech,DEC,7.020151737752421
2034,FM03_Beech,DEE,9.12553569624297
2034,FM03_Beech,DED,5.735351154527214
2034,FM03_Beech,DEF,10.594664690792891
2034,FM03_Beech,DEG,28.996852822797784
2034,FM04_DouglasFir,DE1,8.15972168766576
2034,FM04_DouglasFir,DE2,5.230925429205276
2034,FM04_DouglasFir,DE3,0.0017922217177619257
2034,FM04_DouglasFir,DE4,0.794882859186073
2034,FM04_DouglasFir,DE5,0.0027144259522704555
2034,FM04_DouglasFir,DE6,0.013045258039776474
2034,FM04_DouglasFir,DE7,5.444636609578081
2034,FM04_DouglasFir,DE8,1.6200376085351413
2034,FM04_DouglasFir,DE9,4.399295233378551
2034,FM04_DouglasFir,DEA,3.394235595164952
2034,FM04_DouglasFir,DEB,10.321901004171357
2034,FM04_DouglasFir,DEC,1.0756089770405046
2034,FM04_DouglasFir,DEE,0.35633757155308543
2034,FM04_DouglasFir,DED,0.42324170154917057
2034,FM04_DouglasFir,DEF,0.5917105430187916
2034,FM04_DouglasFir,DEG,0.8798915025456688
2034,FM05_Oak,DE1,17.776364901767707
2034,FM05_Oak,DE2,26.12907622838123
2034,FM05_Oak,DE3,0.7017583067837722
2034,FM05_Oak,DE4,18.089853994984143
2034,FM05_Oak,DE5,0.03491196495175161
2034,FM05_Oak,DE6,0.15192982380900408
2034,FM05_Oak,DE7,18.082180982656716
2034,FM05_Oak,DE8,11.051283880019968
2034,FM05_Oak,DE9,27.04655983796029
2034,FM05_Oak,DEA,29.614758700450775
2034,FM05_Oak,DEB,23.86228383588217
2034,FM05_Oak,DEC,4.3415649587961935
2034,FM05_Oak,DEE,13.532967237707375
2034,FM05_Oak,DED,12.371850616553605
2034,FM05_Oak,DEF,4.876548984232422
2034,FM05_Oak,DEG,8.340593336476466
2034,FM06_ScotPine,DE1,3.622110371802307
2034,FM06_ScotPine,DE2,59.0773987723879
2034,FM06_ScotPine,DE3,1.7395037840608178
2034,FM06_ScotPine,DE4,171.7068779186855
2034,FM06_ScotPine,DE5,0.01776308777160903
2034,FM06_ScotPine,DE6,0.08773267695449544
2034,FM06_ScotPine,DE7,10.501861427984265
2034,FM06_ScotPine,DE8,45.16205246678283
2034,FM06_ScotPine,DE9,65.94389824872971
2034,FM06_ScotPine,DEA,9.431457714309001
2034,FM06_ScotPine,DEB,10.381093373445745
2034,FM06_ScotPine,DEC,0.284523538972083
2034,FM06_ScotPine,DEE,47.56544747898538
2034,FM06_ScotPine,DED,31.545800199839576
2034,FM06_ScotPine,DEF,1.4263672592301149
2034,FM06_ScotPine,DEG,12.788630061324625
2034,PC_Rewetting,DE1,384.92080507096915
2034,PC_Rewetting,DE2,1810.3229323764324
2034,PC_Rewetting,DE3,5.558477902685079
2034,PC_Rewetting,DE4,2051.801977418156
2034,PC_Rewetting,DE5,52.23389526177581
2034,PC_Rewetting,DE6,25.450760025212286
2034,PC_Rewetting,DE7,60.18825505648948
2034,PC_Rewetting,DE8,2284.2815060622506
2034,PC_Rewetting,DE9,5333.218730725251
2034,PC_Rewetting,DEA,365.86065908343556
2034,PC_Rewetting,DEB,50.85365028235207
2034,PC_Rewetting,DEC,6.34992473481707
2034,PC_Rewetting,DEE,670.7910817052581
2034,PC_Rewetting,DED,244.8299288067992
2034,PC_Rewetting,DEF,1284.569269636169
2034,PC_Rewetting,DEG,8.768145851946175
2035,FM01_PSA,DE1,9369.312530999998
2035,FM01_PSA,DE2,9264.726015
2035,FM01_PSA,DE3,3.2898179999999995
2035,FM01_PSA,DE4,590.2706999999999
2035,FM01_PSA,DE5,2.3586300000000002
2035,FM01_PSA,DE6,12.120116999999999
2035,FM01_PSA,DE7,8451.006549000002
2035,FM01_PSA,DE8,1790.700147
2035,FM01_PSA,DE9,4228.251834
2035,FM01_PSA,DEA,5124.947553
2035,FM01_PSA,DEB,6724.563849000001
2035,FM01_PSA,DEC,782.9256569999999
2035,FM01_PSA,DEE,1017.7295730000001
2035,FM01_PSA,DED,639.63768
2035,FM01_PSA,DEF,1181.574861
2035,FM01_PSA,DEG,3233.887371
2035,FM02_TSA,DE1,9369.312530999998
2035,FM02_TSA,DE2,9264.726015
2035,FM02_TSA,DE3,3.2898179999999995
2035,FM02_TSA,DE4,590.2706999999999
2035,FM02_TSA,DE5,2.3586300000000002
2035,FM02_TSA,DE6,12.120116999999999
2035,FM02_TSA,DE7,8451.006549000002
2035,FM02_TSA,DE8,1790.700147
2035,FM02_TSA,DE9,4228.251834
2035,FM02_TSA,DEA,5124.947553
2035,FM02_TSA,DEB,6724.563849000001
2035,FM02_TSA,DEC,782.9256569999999
2035,FM02_TSA,DEE,1017.7295730000001
2035,FM02_TSA,DED,639.63768
2035,FM02_TSA,DEF,1181.574861
2035,FM02_TSA,DEG,3233.887371
2035,FM03_Beech,DE1,84.01052521139333
2035,FM03_Beech,DE2,83.07274369219236
2035,FM03_Beech,DE3,0.029498358296347407
2035,FM03_Beech,DE4,5.29269904913761
2035,FM03_Beech,DE5,0.021148803012359316
2035,FM03_Beech,DE6,0.10867578506156002
2035,FM03_Beech,DE7,75.77647734530618
2035,FM03_Beech,DE8,16.056424561336822
2035,FM03_Beech,DE9,37.91288380284868
2035,FM03_Beech,DEA,45.953161897826234
2035,FM03_Beech,DEB,60.296221190493526
2035,FM03_Beech,DEC,7.020151737752421
2035,FM03_Beech,DEE,9.12553569624297
2035,FM03_Beech,DED,5.735351154527214
2035,FM03_Beech,DEF,10.594664690792891
2035,FM03_Beech,DEG,28.996852822797784
2035,FM04_DouglasFir,DE1,8.15972168766576
2035,FM04_DouglasFir,DE2,5.230925429205276
2035,FM04_DouglasFir,DE3,0.0017922217177619257
2035,FM04_DouglasFir,DE4,0.794882859186073
2035,FM04_DouglasFir,DE5,0.0027144259522704555
2035,FM04_DouglasFir,DE6,0.013045258039776474
2035,FM04_DouglasFir,DE7,5.444636609578081
2035,FM04_DouglasFir,DE8,1.6200376085351413
2035,FM04_DouglasFir,DE9,4.399295233378551
2035,FM04_DouglasFir,DEA,3.394235595164952
2035,FM04_DouglasFir,DEB,10.321901004171357
2035,FM04_DouglasFir,DEC,1.0756089770405046
2035,FM04_DouglasFir,DEE,0.35633757155308543
2035,FM04_DouglasFir,DED,0.42324170154917057
2035,FM04_DouglasFir,DEF,0.5917105430187916
2035,FM04_DouglasFir,DEG,0.8798915025456688
2035,FM05_Oak,DE1,17.776364901767707
2035,FM05_Oak,DE2,26.12907622838123
2035,FM05_Oak,DE3,0.7017583067837722
2035,FM05_Oak,DE4,18.089853994984143
2035,FM05_Oak,DE5,0.03491196495175161
2035,FM05_Oak,DE6,0.15192982380900408
2035,FM05_Oak,DE7,18.082180982656716
2035,FM05_Oak,DE8,11.051283880019968
2035,FM05_Oak,DE9,27.04655983796029
2035,FM05_Oak,DEA,29.614758700450775
2035,FM05_Oak,DEB,23.86228383588217
2035,FM05_Oak,DEC,4.3415649587961935
2035,FM05_Oak,DEE,13.532967237707375
2035,FM05_Oak,DED,12.371850616553605
2035,FM05_Oak,DEF,4.876548984232422
2035,FM05_Oak,DEG,8.340593336476466
2035,FM06_ScotPine,DE1,3.622110371802307
2035,FM06_ScotPine,DE2,59.0773987723879
2035,FM06_ScotPine,DE3,1.7395037840608178
2035,FM06_ScotPine,DE4,171.7068779186855
2035,FM06_ScotPine,DE5,0.01776308777160903
2035,FM06_ScotPine,DE6,0.08773267695449544
2035,FM06_ScotPine,DE7,10.501861427984265
2035,FM06_ScotPine,DE8,45.16205246678283
2035,FM06_ScotPine,DE9,65.94389824872971
2035,FM06_ScotPine,DEA,9.431457714309001
2035,FM06_ScotPine,DEB,10.381093373445745
2035,FM06_ScotPine,DEC,0.284523538972083
2035,FM06_ScotPine,DEE,47.56544747898538
2035,FM06_ScotPine,DED,31.545800199839576
2035,FM06_ScotPine,DEF,1.4263672592301149
2035,FM06_ScotPine,DEG,12.788630061324625
2035,PC_Rewetting,DE1,410.161513600213
2035,PC_Rewetting,DE2,1929.0326328601327
2035,PC_Rewetting,DE3,5.92296825695951
2035,PC_Rewetting,DE4,2186.346369380002
2035,PC_Rewetting,DE5,55.65906872156438
2035,PC_Rewetting,DE6,27.11966232194752
2035,PC_Rewetting,DE7,64.13502587986585
2035,PC_Rewetting,DE8,2434.0704572794475
2035,PC_Rewetting,DE9,5682.937991756416
2035,PC_Rewetting,DEA,389.8515219741527
2035,PC_Rewetting,DEB,54.18831587463745
2035,PC_Rewetting,DEC,6.76631324201819
2035,PC_Rewetting,DEE,714.7773821449471
2035,PC_Rewetting,DED,260.88435036790077
2035,PC_Rewetting,DEF,1368.8033201041144
2035,PC_Rewetting,DEG,9.34310623568035
2036,FM01_PSA,DE1,9600.3366756
2036,FM01_PSA,DE2,9493.171314
2036,FM01_PSA,DE3,3.3709368
2036,FM01_PSA,DE4,604.82532
2036,FM01_PSA,DE5,2.416788
2036,FM01_PSA,DE6,12.4189692
2036,FM01_PSA,DE7,8659.3875324
2036,FM01_PSA,DE8,1834.8543972000002
2036,FM01_PSA,DE9,4332.510098399999
2036,FM01_PSA,DEA,5251.3161228
2036,FM01_PSA,DEB,6890.375012400001
2036,FM01_PSA,DEC,802.2306731999998
2036,FM01_PSA,DEE,1042.8242748
2036,FM01_PSA,DED,655.4095679999999
2036,FM01_PSA,DEF,1210.7095836
2036,FM01_PSA,DEG,3313.6270596
2036,FM02_TSA,DE1,9600.3366756
2036,FM02_TSA,DE2,9493.171314
2036,FM02_TSA,DE3,3.3709368
2036,FM02_TSA,DE4,604.82532
2036,FM02_TSA,DE5,2.416788
2036,FM02_TSA,DE6,12.4189692
2036,FM02_TSA,DE7,8659.3875324
2036,FM02_TSA,DE8,1834.8543972000002
2036,FM02_TSA,DE9,4332.510098399999
2036,FM02_TSA,DEA,5251.3161228
2036,FM02_TSA,DEB,6890.375012400001
2036,FM02_TSA,DEC,802.2306731999998
2036,FM02_TSA,DEE,1042.8242748
2036,FM02_TSA,DED,655.4095679999999
2036,FM02_TSA,DEF,1210.7095836
2036,FM02_TSA,DEG,3313.6270596
2036,FM03_Beech,DE1,84.01052521139333
2036,FM03_Beech,DE2,83.07274369219236
2036,FM03_Beech,DE3,0.029498358296347407
2036,FM03_Beech,DE4,5.29269904913761
2036,FM03_Beech,DE5,0.021148803012359316
2036,FM03_Beech,DE6,0.10867578506156002
2036,FM03_Beech,DE7,75.77647734530618
2036,FM03_Beech,DE8,16.056424561336822
2036,FM03_Beech,DE9,37.91288380284868
2036,FM03_Beech,DEA,45.953161897826234
2036,FM03_Beech,DEB,60.296221190493526
2036,FM03_Beech,DEC,7.020151737752421
2036,FM03_Beech,DEE,9.12553569624297
2036,FM03_Beech,DED,5.735351154527214
2036,FM03_Beech,DEF,10.594664690792891
2036,FM03_Beech,DEG,28.996852822797784
2036,FM04_DouglasFir,DE1,8.15972168766576
2036,FM04_DouglasFir,DE2,5.230925429205276
2036,FM04_DouglasFir,DE3,0.0017922217177619257
2036,FM04_DouglasFir,DE4,0.794882859186073
2036,FM04_DouglasFir,DE5,0.0027144259522704555
2036,FM04_DouglasFir,DE6,0.013045258039776474
2036,FM04_DouglasFir,DE7,5.444636609578081
2036,FM04_DouglasFir,DE8,1.6200376085351413
2036,FM04_DouglasFir,DE9,4.399295233378551
2036,FM04_DouglasFir,DEA,3.394235595164952
2036,FM04_DouglasFir,DEB,10.321901004171357
2036,FM04_DouglasFir,DEC,1.0756089770405046
2036,FM04_DouglasFir,DEE,0.35633757155308543
2036,FM04_DouglasFir,DED,0.42324170154917057
2036,FM04_DouglasFir,DEF,0.5917105430187916
2036,FM04_DouglasFir,DEG,0.8798915025456688
2036,FM05_Oak,DE1,17.776364901767707
2036,FM05_Oak,DE2,26.12907622838123
2036,FM05_Oak,DE3,0.7017583067837722
2036,FM05_Oak,DE4,18.089853994984143
2036,FM05_Oak,DE5,0.03491196495175161
2036,FM05_Oak,DE6,0.15192982380900408
2036,FM05_Oak,DE7,18.082180982656716
2036,FM05_Oak,DE8,11.051283880019968
2036,FM05_Oak,DE9,27.04655983796029
2036,FM05_Oak,DEA,29.614758700450775
2036,FM05_Oak,DEB,23.86228383588217
2036,FM05_Oak,DEC,4.3415649587961935
2036,FM05_Oak,DEE,13.532967237707375
2036,FM05_Oak,DED,12.371850616553605
2036,FM05_Oak,DEF,4.876548984232422
2036,FM05_Oak,DEG,8.340593336476466
2036,FM06_ScotPine,DE1,3.622110371802307
2036,FM06_ScotPine,DE2,59.0773987723879
2036,FM06_ScotPine,DE3,1.7395037840608178
2036,FM06_ScotPine,DE4,171.7068779186855
2036,FM06_ScotPine,DE5,0.01776308777160903
2036,FM06_ScotPine,DE6,0.08773267695449544
2036,FM06_ScotPine,DE7,10.501861427984265
2036,FM06_ScotPine,DE8,45.16205246678283
2036,FM06_ScotPine,DE9,65.94389824872971
2036,FM06_ScotPine,DEA,9.431457714309001
2036,FM06_ScotPine,DEB,10.381093373445745
2036,FM06_ScotPine,DEC,0.284523538972083
2036,FM06_ScotPine,DEE,47.56544747898538
2036,FM06_ScotPine,DED,31.545800199839576
2036,FM06_ScotPine,DEF,1.4263672592301149
2036,FM06_ScotPine,DEG,12.788630061324625
2036,PC_Rewetting,DE1,435.4022221294569
2036,PC_Rewetting,DE2,2047.742333343833
2036,PC_Rewetting,DE3,6.287458611233942
2036,PC_Rewetting,DE4,2320.8907613418487
2036,PC_Rewetting,DE5,59.084242181352955
2036,PC_Rewetting,DE6,28.78856461868275
2036,PC_Rewetting,DE7,68.0817967032422
2036,PC_Rewetting,DE8,2583.8594084966444
2036,PC_Rewetting,DE9,6032.657252787581
2036,PC_Rewetting,DEA,413.84238486486976
2036,PC_Rewetting,DEB,57.522981466922836
2036,PC_Rewetting,DEC,7.1827017492193095
2036,PC_Rewetting,DEE,758.7636825846362
2036,PC_Rewetting,DED,276.93877192900237
2036,PC_Rewetting,DEF,1453.0373705720601
2036,PC_Rewetting,DEG,9.918066619414525
2037,FM01_PSA,DE1,9831.3608202
2037,FM01_PSA,DE2,9721.616613
2037,FM01_PSA,DE3,3.4520555999999996
2037,FM01_PSA,DE4,619.3799399999999
2037,FM01_PSA,DE5,2.4749459999999996
2037,FM01_PSA,DE6,12.717821399999998
2037,FM01_PSA,DE7,8867.7685158
2037,FM01_PSA,DE8,1879.0086474000002
2037,FM01_PSA,DE9,4436.7683628
2037,FM01_PSA,DEA,5377.6846926
2037,FM01_PSA,DEB,7056.186175800001
2037,FM01_PSA,DEC,821.5356893999999
2037,FM01_PSA,DEE,1067.9189766000002
2037,FM01_PSA,DED,671.181456
2037,FM01_PSA,DEF,1239.8443062
2037,FM01_PSA,DEG,3393.3667481999996
2037,FM02_TSA,DE1,9831.3608202
2037,FM02_TSA,DE2,9721.616613
2037,FM02_TSA,DE3,3.4520555999999996
2037,FM02_TSA,DE4,619.3799399999999
2037,FM02_TSA,DE5,2.4749459999999996
2037,FM02_TSA,DE6,12.717821399999998
2037,FM02_TSA,DE7,8867.7685158
2037,FM02_TSA,DE8,1879.0086474000002
2037,FM02_TSA,DE9,4436.7683628
2037,FM02_TSA,DEA,5377.6846926
2037,FM02_TSA,DEB,7056.186175800001
2037,FM02_TSA,DEC,821.5356893999999
2037,FM02_TSA,DEE,1067.9189766000002
2037,FM02_TSA,DED,671.181456
2037,FM02_TSA,DEF,1239.8443062
2037,FM02_TSA,DEG,3393.3667481999996
2037,FM03_Beech,DE1,84.01052521139333
2037,FM03_Beech,DE2,83.07274369219236
2037,FM03_Beech,DE3,0.029498358296347407
2037,FM03_Beech,DE4,5.29269904913761
2037,FM03_Beech,DE5,0.021148803012359316
2037,FM03_Beech,DE6,0.10867578506156002
2037,FM03_Beech,DE7,75.77647734530618
2037,FM03_Beech,DE8,16.056424561336822
2037,FM03_Beech,DE9,37.91288380284868
2037,FM03_Beech,DEA,45.953161897826234
2037,FM03_Beech,DEB,60.296221190493526
2037,FM03_Beech,DEC,7.020151737752421
2037,FM03_Beech,DEE,9.12553569624297
2037,FM03_Beech,DED,5.735351154527214
2037,FM03_Beech,DEF,10.594664690792891
2037,FM03_Beech,DEG,28.996852822797784
2037,FM04_DouglasFir,DE1,8.15972168766576
2037,FM04_DouglasFir,DE2,5.230925429205276
2037,FM04_DouglasFir,DE3,0.0017922217177619257
2037,FM04_DouglasFir,DE4,0.794882859186073
2037,FM04_DouglasFir,DE5,0.0027144259522704555
2037,FM04_DouglasFir,DE6,0.013045258039776474
2037,FM04_DouglasFir,DE7,5.444636609578081
2037,FM04_DouglasFir,DE8,1.6200376085351413
2037,FM04_DouglasFir,DE9,4.399295233378551
2037,FM04_DouglasFir,DEA,3.394235595164952
2037,FM04_DouglasFir,DEB,10.321901004171357
2037,FM04_DouglasFir,DEC,1.0756089770405046
2037,FM04_DouglasFir,DEE,0.35633757155308543
2037,FM04_DouglasFir,DED,0.42324170154917057
2037,FM04_DouglasFir,DEF,0.5917105430187916
2037,FM04_DouglasFir,DEG,0.8798915025456688
2037,FM05_Oak,DE1,17.776364901767707
2037,FM05_Oak,DE2,26.12907622838123
2037,FM05_Oak,DE3,0.7017583067837722
2037,FM05_Oak,DE4,18.089853994984143
2037,FM05_Oak,DE5,0.03491196495175161
2037,FM05_Oak,DE6,0.15192982380900408
2037,FM05_Oak,DE7,18.082180982656716
2037,FM05_Oak,DE8,11.051283880019968
2037,FM05_Oak,DE9,27.04655983796029
2037,FM05_Oak,DEA,29.614758700450775
2037,FM05_Oak,DEB,23.86228383588217
2037,FM05_Oak,DEC,4.3415649587961935
2037,FM05_Oak,DEE,13.532967237707375
2037,FM05_Oak,DED,12.371850616553605
2037,FM05_Oak,DEF,4.876548984232422
2037,FM05_Oak,DEG,8.340593336476466
2037,FM06_ScotPine,DE1,3.622110371802307
2037,FM06_ScotPine,DE2,59.0773987723879
2037,FM06_ScotPine,DE3,1.7395037840608178
2037,FM06_ScotPine,DE4,171.7068779186855
2037,FM06_ScotPine,DE5,0.01776308777160903
2037,FM06_ScotPine,DE6,0.08773267695449544
2037,FM06_ScotPine,DE7,10.501861427984265
2037,FM06_ScotPine,DE8,45.16205246678283
2037,FM06_ScotPine,DE9,65.94389824872971
2037,FM06_ScotPine,DEA,9.431457714309001
2037,FM06_ScotPine,DEB,10.381093373445745
2037,FM06_ScotPine,DEC,0.284523538972083
2037,FM06_ScotPine,DEE,47.56544747898538
2037,FM06_ScotPine,DED,31.545800199839576
2037,FM06_ScotPine,DEF,1.4263672592301149
2037,FM06_ScotPine,DEG,12.788630061324625
2037,PC_Rewetting,DE1,460.6429306587008
2037,PC_Rewetting,DE2,2166.4520338275333
2037,PC_Rewetting,DE3,6.651948965508373
2037,PC_Rewetting,DE4,2455.435153303695
2037,PC_Rewetting,DE5,62.50941564114153
2037,PC_Rewetting,DE6,30.45746691541798
2037,PC_Rewetting,DE7,72.02856752661856
2037,PC_Rewetting,DE8,2733.648359713841
2037,PC_Rewetting,DE9,6382.376513818744
2037,PC_Rewetting,DEA,437.8332477555869
2037,PC_Rewetting,DEB,60.85764705920822
2037,PC_Rewetting,DEC,7.599090256420428
2037,PC_Rewetting,DEE,802.7499830243252
2037,PC_Rewetting,DED,292.993193490104
2037,PC_Rewetting,DEF,1537.2714210400056
2037,PC_Rewetting,DEG,10.4930270031487
2038,FM01_PSA,DE1,10062.384964799998
2038,FM01_PSA,DE2,9950.061912
2038,FM01_PSA,DE3,3.5331744
2038,FM01_PSA,DE4,633.93456
2038,FM01_PSA,DE5,2.5331040000000002
2038,FM01_PSA,DE6,13.016673599999997
2038,FM01_PSA,DE7,9076.1494992
2038,FM01_PSA,DE8,1923.1628976000002
2038,FM01_PSA,DE9,4541.0266272
2038,FM01_PSA,DEA,5504.0532624
2038,FM01_PSA,DEB,7221.997339200001
2038,FM01_PSA,DEC,840.8407055999999
2038,FM01_PSA,DEE,1093.0136784
2038,FM01_PSA,DED,686.953344
2038,FM01_PSA,DEF,1268.9790288
2038,FM01_PSA,DEG,3473.1064367999993
2038,FM02_TSA,DE1,10062.384964799998
2038,FM02_TSA,DE2,9950.061912
2038,FM02_TSA,DE3,3.5331744
2038,FM02_TSA,DE4,633.93456
2038,FM02_TSA,DE5,2.5331040000000002
2038,FM02_TSA,DE6,13.016673599999997
2038,FM02_TSA,DE7,9076.1494992
2038,FM02_TSA,DE8,1923.1628976000002
2038,FM02_TSA,DE9,4541.0266272
2038,FM02_TSA,DEA,5504.0532624
2038,FM02_TSA,DEB,7221.997339200001
2038,FM02_TSA,DEC,840.8407055999999
2038,FM02_TSA,DEE,1093.0136784
2038,FM02_TSA,DED,686.953344
2038,FM02_TSA,DEF,1268.9790288
2038,FM02_TSA,DEG,3473.1064367999993
2038,FM03_Beech,DE1,84.01052521139333
2038,FM03_Beech,DE2,83.07274369219236
2038,FM03_Beech,DE3,0.029498358296347407
2038,FM03_Beech,DE4,5.29269904913761
2038,FM03_Beech,DE5,0.021148803012359316
2038,FM03_Beech,DE6,0.10867578506156002
2038,FM03_Beech,DE7,75.77647734530618
2038,FM03_Beech,DE8,16.056424561336822
2038,FM03_Beech,DE9,37.91288380284868
2038,FM03_Beech,DEA,45.953161897826234
2038,FM03_Beech,DEB,60.296221190493526
2038,FM03_Beech,DEC,7.020151737752421
2038,FM03_Beech,DEE,9.12553569624297
2038,FM03_Beech,DED,5.735351154527214
2038,FM03_Beech,DEF,10.594664690792891
2038,FM03_Beech,DEG,28.996852822797784
2038,FM04_DouglasFir,DE1,8.15972168766576
2038,FM04_DouglasFir,DE2,5.230925429205276
2038,FM04_DouglasFir,DE3,0.0017922217177619257
2038,FM04_DouglasFir,DE4,0.794882859186073
2038,FM04_DouglasFir,DE5,0.0027144259522704555
2038,FM04_DouglasFir,DE6,0.013045258039776474
2038,FM04_DouglasFir,DE7,5.444636609578081
2038,FM04_DouglasFir,DE8,1.6200376085351413
2038,FM04_DouglasFir,DE9,4.399295233378551
2038,FM04_DouglasFir,DEA,3.394235595164952
2038,FM04_DouglasFir,DEB,10.321901004171357
2038,FM04_DouglasFir,DEC,1.0756089770405046
2038,FM04_DouglasFir,DEE,0.35633757155308543
2038,FM04_DouglasFir,DED,0.42324170154917057
2038,FM04_DouglasFir,DEF,0.5917105430187916
2038,FM04_DouglasFir,DEG,0.8798915025456688
2038,FM05_Oak,DE1,17.776364901767707
2038,FM05_Oak,DE2,26.12907622838123
2038,FM05_Oak,DE3,0.7017583067837722
2038,FM05_Oak,DE4,18.089853994984143
2038,FM05_Oak,DE5,0.03491196495175161
2038,FM05_Oak,DE6,0.15192982380900408
2038,FM05_Oak,DE7,18.082180982656716
2038,FM05_Oak,DE8,11.051283880019968
2038,FM05_Oak,DE9,27.04655983796029
2038,FM05_Oak,DEA,29.614758700450775
2038,FM05_Oak,DEB,23.86228383588217
2038,FM05_Oak,DEC,4.3415649587961935
2038,FM05_Oak,DEE,13.532967237707375
2038,FM05_Oak,DED,12.371850616553605
2038,FM05_Oak,DEF,4.876548984232422
2038,FM05_Oak,DEG,8.340593336476466
2038,FM06_ScotPine,DE1,3.622110371802307
2038,FM06_ScotPine,DE2,59.0773987723879
2038,FM06_ScotPine,DE3,1.7395037840608178
2038,FM06_ScotPine,DE4,171.7068779186855
2038,FM06_ScotPine,DE5,0.01776308777160903
2038,FM06_ScotPine,DE6,0.08773267695449544
2038,FM06_ScotPine,DE7,10.501861427984265
2038,FM06_ScotPine,DE8,45.16205246678283
2038,FM06_ScotPine,DE9,65.94389824872971
2038,FM06_ScotPine,DEA,9.431457714309001
2038,FM06_ScotPine,DEB,10.381093373445745
2038,FM06_ScotPine,DEC,0.284523538972083
2038,FM06_ScotPine,DEE,47.56544747898538
2038,FM06_ScotPine,DED,31.545800199839576
2038,FM06_ScotPine,DEF,1.4263672592301149
2038,FM06_ScotPine,DEG,12.788630061324625
2038,PC_Rewetting,DE1,485.8836391879447
2038,PC_Rewetting,DE2,2285.161734311234
2038,PC_Rewetting,DE3,7.016439319782805
2038,PC_Rewetting,DE4,2589.979545265541
2038,PC_Rewetting,DE5,65.93458910093011
2038,PC_Rewetting,DE6,32.126369212153215
2038,PC_Rewetting,DE7,75.97533834999493
2038,PC_Rewetting,DE8,2883.437310931038
2038,PC_Rewetting,DE9,6732.095774849909
2038,PC_Rewetting,DEA,461.824110646304
2038,PC_Rewetting,DEB,64.1923126514936
2038,PC_Rewetting,DEC,8.015478763621548
2038,PC_Rewetting,DEE,846.7362834640143
2038,PC_Rewetting,DED,309.0476150512056
2038,PC_Rewetting,DEF,1621.505471507951
2038,PC_Rewetting,DEG,11.067987386882878
2039,FM01_PSA,DE1,10293.4091094
2039,FM01_PSA,DE2,10178.507210999998
2039,FM01_PSA,DE3,3.6142931999999997
2039,FM01_PSA,DE4,648.4891800000001
2039,FM01_PSA,DE5,2.5912620000000004
2039,FM01_PSA,DE6,13.315525799999998
2039,FM01_PSA,DE7,9284.530482600001
2039,FM01_PSA,DE8,1967.3171478000004
2039,FM01_PSA,DE9,4645.284891599999
2039,FM01_PSA,DEA,5630.4218322
2039,FM01_PSA,DEB,7387.808502600001
2039,FM01_PSA,DEC,860.1457217999999
2039,FM01_PSA,DEE,1118.1083802
2039,FM01_PSA,DED,702.725232
2039,FM01_PSA,DEF,1298.1137514
2039,FM01_PSA,DEG,3552.8461254
2039,FM02_TSA,DE1,10293.4091094
2039,FM02_TSA,DE2,10178.507210999998
2039,FM02_TSA,DE3,3.6142931999999997
2039,FM02_TSA,DE4,648.4891800000001
2039,FM02_TSA,DE5,2.5912620000000004
2039,FM02_TSA,DE6,13.315525799999998
2039,FM02_TSA,DE7,9284.530482600001
2039,FM02_TSA,DE8,1967.3171478000004
2039,FM02_TSA,DE9,4645.284891599999
2039,FM02_TSA,DEA,5630.4218322
2039,FM02_TSA,DEB,7387.808502600001
2039,FM02_TSA,DEC,860.1457217999999
2039,FM02_TSA,DEE,1118.1083802
2039,FM02_TSA,DED,702.725232
2039,FM02_TSA,DEF,1298.1137514
2039,FM02_TSA,DEG,3552.8461254
2039,FM03_Beech,DE1,84.01052521139333
2039,FM03_Beech,DE2,83.07274369219236
2039,FM03_Beech,DE3,0.029498358296347407
2039,FM03_Beech,DE4,5.29269904913761
2039,FM03_Beech,DE5,0.021148803012359316
2039,FM03_Beech,DE6,0.10867578506156002
2039,FM03_Beech,DE7,75.77647734530618
2039,FM03_Beech,DE8,16.056424561336822
2039,FM03_Beech,DE9,37.91288380284868
2039,FM03_Beech,DEA,45.953161897826234
2039,FM03_Beech,DEB,60.296221190493526
2039,FM03_Beech,DEC,7.020151737752421
2039,FM03_Beech,DEE,9.12553569624297
2039,FM03_Beech,DED,5.735351154527214
2039,FM03_Beech,DEF,10.594664690792891
2039,FM03_Beech,DEG,28.996852822797784
2039,FM04_DouglasFir,DE1,8.15972168766576
2039,FM04_DouglasFir,DE2,5.230925429205276
2039,FM04_DouglasFir,DE3,0.0017922217177619257
2039,FM04_DouglasFir,DE4,0.794882859186073
2039,FM04_DouglasFir,DE5,0.0027144259522704555
2039,FM04_DouglasFir,DE6,0.013045258039776474
2039,FM04_DouglasFir,DE7,5.444636609578081
2039,FM04_DouglasFir,DE8,1.6200376085351413
2039,FM04_DouglasFir,DE9,4.399295233378551
2039,FM04_DouglasFir,DEA,3.394235595164952
2039,FM04_DouglasFir,DEB,10.321901004171357
2039,FM04_DouglasFir,DEC,1.0756089770405046
2039,FM04_DouglasFir,DEE,0.35633757155308543
2039,FM04_DouglasFir,DED,0.42324170154917057
2039,FM04_DouglasFir,DEF,0.5917105430187916
2039,FM04_DouglasFir,DEG,0.8798915025456688
2039,FM05_Oak,DE1,17.776364901767707
2039,FM05_Oak,DE2,26.12907622838123
2039,FM05_Oak,DE3,0.7017583067837722
2039,FM05_Oak,DE4,18.089853994984143
2039,FM05_Oak,DE5,0.03491196495175161
2039,FM05_Oak,DE6,0.15192982380900408
2039,FM05_Oak,DE7,18.082180982656716
2039,FM05_Oak,DE8,11.051283880019968
2039,FM05_Oak,DE9,27.04655983796029
2039,FM05_Oak,DEA,29.614758700450775
2039,FM05_Oak,DEB,23.86228383588217
2039,FM05_Oak,DEC,4.3415649587961935
2039,FM05_Oak,DEE,13.532967237707375
2039,FM05_Oak,DED,12.371850616553605
2039,FM05_Oak,DEF,4.876548984232422
2039,FM05_Oak,DEG,8.340593336476466
2039,FM06_ScotPine,DE1,3.622110371802307
2039,FM06_ScotPine,DE2,59.0773987723879
2039,FM06_ScotPine,DE3,1.7395037840608178
2039,FM06_ScotPine,DE4,171.7068779186855
2039,FM06_ScotPine,DE5,0.01776308777160903
2039,FM06_ScotPine,DE6,0.08773267695449544
2039,FM06_ScotPine,DE7,10.501861427984265
2039,FM06_ScotPine,DE8,45.16205246678283
2039,FM06_ScotPine,DE9,65.94389824872971
2039,FM06_ScotPine,DEA,9.431457714309001
2039,FM06_ScotPine,DEB,10.381093373445745
2039,FM06_ScotPine,DEC,0.284523538972083
2039,FM06_ScotPine,DEE,47.56544747898538
2039,FM06_ScotPine,DED,31.545800199839576
2039,FM06_ScotPine,DEF,1.4263672592301149
2039,FM06_ScotPine,DEG,12.788630061324625
2039,PC_Rewetting,DE1,511.1243477171885
2039,PC_Rewetting,DE2,2403.871434794934
2039,PC_Rewetting,DE3,7.380929674057235
2039,PC_Rewetting,DE4,2724.5239372273873
2039,PC_Rewetting,DE5,69.35976256071869
2039,PC_Rewetting,DE6,33.79527150888844
2039,PC_Rewetting,DE7,79.92210917337128
2039,PC_Rewetting,DE8,3033.226262148234
2039,PC_Rewetting,DE9,7081.815035881072
2039,PC_Rewetting,DEA,485.814973537021
2039,PC_Rewetting,DEB,67.52697824377898
2039,PC_Rewetting,DEC,8.431867270822668
2039,PC_Rewetting,DEE,890.7225839037031
2039,PC_Rewetting,DED,325.10203661230713
2039,PC_Rewetting,DEF,1705.7395219758967
2039,PC_Rewetting,DEG,11.642947770617052
2040,FM01_PSA,DE1,10524.433254
2040,FM01_PSA,DE2,10406.95251
2040,FM01_PSA,DE3,3.6954119999999997
2040,FM01_PSA,DE4,663.0438
2040,FM01_PSA,DE5,2.6494200000000006
2040,FM01_PSA,DE6,13.614377999999999
2040,FM01_PSA,DE7,9492.911466
2040,FM01_PSA,DE8,2011.4713980000001
2040,FM01_PSA,DE9,4749.543156
2040,FM01_PSA,DEA,5756.790402
2040,FM01_PSA,DEB,7553.619666000001
2040,FM01_PSA,DEC,879.4507379999999
2040,FM01_PSA,DEE,1143.203082
2040,FM01_PSA,DED,718.49712
2040,FM01_PSA,DEF,1327.248474
2040,FM01_PSA,DEG,3632.585814
2040,FM02_TSA,DE1,10524.433254
2040,FM02_TSA,DE2,10406.95251
2040,FM02_TSA,DE3,3.6954119999999997
2040,FM02_TSA,DE4,663.0438
2040,FM02_TSA,DE5,2.6494200000000006
2040,FM02_TSA,DE6,13.614377999999999
2040,FM02_TSA,DE7,9492.911466
2040,FM02_TSA,DE8,2011.4713980000001
2040,FM02_TSA,DE9,4749.543156
2040,FM02_TSA,DEA,5756.790402
2040,FM02_TSA,DEB,7553.619666000001
2040,FM02_TSA,DEC,879.4507379999999
2040,FM02_TSA,DEE,1143.203082
2040,FM02_TSA,DED,718.49712
2040,FM02_TSA,DEF,1327.248474
2040,FM02_TSA,DEG,3632.585814
2040,FM03_Beech,DE1,84.01052521139333
2040,FM03_Beech,DE2,83.07274369219236
2040,FM03_Beech,DE3,0.029498358296347407
2040,FM03_Beech,DE4,5.29269904913761
2040,FM03_Beech,DE5,0.021148803012359316
2040,FM03_Beech,DE6,0.10867578506156002
2040,FM03_Beech,DE7,75.77647734530618
2040,FM03_Beech,DE8,16.056424561336822
2040,FM03_Beech,DE9,37.91288380284868
2040,FM03_Beech,DEA,45.953161897826234
2040,FM03_Beech,DEB,60.296221190493526
2040,FM03_Beech,DEC,7.020151737752421
2040,FM03_Beech,DEE,9.12553569624297
2040,FM03_Beech,DED,5.735351154527214
2040,FM03_Beech,DEF,10.594664690792891
2040,FM03_Beech,DEG,28.996852822797784
2040,FM04_DouglasFir,DE1,8.15972168766576
2040,FM04_DouglasFir,DE2,5.230925429205276
2040,FM04_DouglasFir,DE3,0.0017922217177619257
2040,FM04_DouglasFir,DE4,0.794882859186073
2040,FM04_DouglasFir,DE5,0.0027144259522704555
2040,FM04_DouglasFir,DE6,0.013045258039776474
2040,FM04_DouglasFir,DE7,5.444636609578081
2040,FM04_DouglasFir,DE8,1.6200376085351413
2040,FM04_DouglasFir,DE9,4.399295233378551
2040,FM04_DouglasFir,DEA,3.394235595164952
2040,FM04_DouglasFir,DEB,10.321901004171357
2040,FM04_DouglasFir,DEC,1.0756089770405046
2040,FM04_DouglasFir,DEE,0.35633757155308543
2040,FM04_DouglasFir,DED,0.42324170154917057
2040,FM04_DouglasFir,DEF,0.5917105430187916
2040,FM04_DouglasFir,DEG,0.8798915025456688
2040,FM05_Oak,DE1,17.776364901767707
2040,FM05_Oak,DE2,26.12907622838123
2040,FM05_Oak,DE3,0.7017583067837722
2040,FM05_Oak,DE4,18.089853994984143
2040,FM05_Oak,DE5,0.03491196495175161
2040,FM05_Oak,DE6,0.15192982380900408
2040,FM05_Oak,DE7,18.082180982656716
2040,FM05_Oak,DE8,11.051283880019968
2040,FM05_Oak,DE9,27.04655983796029
2040,FM05_Oak,DEA,29.614758700450775
2040,FM05_Oak,DEB,23.86228383588217
2040,FM05_Oak,DEC,4.3415649587961935
2040,FM05_Oak,DEE,13.532967237707375
2040,FM05_Oak,DED,12.371850616553605
2040,FM05_Oak,DEF,4.876548984232422
2040,FM05_Oak,DEG,8.340593336476466
2040,FM06_ScotPine,DE1,3.622110371802307
2040,FM06_ScotPine,DE2,59.0773987723879
2040,FM06_ScotPine,DE3,1.7395037840608178
2040,FM06_ScotPine,DE4,171.7068779186855
2040,FM06_ScotPine,DE5,0.01776308777160903
2040,FM06_ScotPine,DE6,0.08773267695449544
2040,FM06_ScotPine,DE7,10.501861427984265
2040,FM06_ScotPine,DE8,45.16205246678283
2040,FM06_ScotPine,DE9,65.94389824872971
2040,FM06_ScotPine,DEA,9.431457714309001
2040,FM06_ScotPine,DEB,10.381093373445745
2040,FM06_ScotPine,DEC,0.284523538972083
2040,FM06_ScotPine,DEE,47.56544747898538
2040,FM06_ScotPine,DED,31.545800199839576
2040,FM06_ScotPine,DEF,1.4263672592301149
2040,FM06_ScotPine,DEG,12.788630061324625
2040,PC_Rewetting,DE1,536.3650562464323
2040,PC_Rewetting,DE2,2522.5811352786345
2040,PC_Rewetting,DE3,7.745420028331666
2040,PC_Rewetting,DE4,2859.0683291892337
2040,PC_Rewetting,DE5,72.78493602050727
2040,PC_Rewetting,DE6,35.46417380562368
2040,PC_Rewetting,DE7,83.86887999674764
2040,PC_Rewetting,DE8,3183.015213365431
2040,PC_Rewetting,DE9,7431.534296912236
2040,PC_Rewetting,DEA,509.80583642773814
2040,PC_Rewetting,DEB,70.86164383606436
2040,PC_Rewetting,DEC,8.848255778023786
2040,PC_Rewetting,DEE,934.7088843433922
2040,PC_Rewetting,DED,341.15645817340874
2040,PC_Rewetting,DEF,1789.973572443842
2040,PC_Rewetting,DEG,12.217908154351228
2041,FM01_PSA,DE1,10755.457398599998
2041,FM01_PSA,DE2,10635.397808999998
2041,FM01_PSA,DE3,3.7765307999999993
2041,FM01_PSA,DE4,677.5984199999999
2041,FM01_PSA,DE5,2.7075780000000003
2041,FM01_PSA,DE6,13.913230199999997
2041,FM01_PSA,DE7,9701.292449400002
2041,FM01_PSA,DE8,2055.6256482000003
2041,FM01_PSA,DE9,4853.8014204
2041,FM01_PSA,DEA,5883.1589718
2041,FM01_PSA,DEB,7719.430829400001
2041,FM01_PSA,DEC,898.7557541999998
2041,FM01_PSA,DEE,1168.2977838000002
2041,FM01_PSA,DED,734.269008
2041,FM01_PSA,DEF,1356.3831966
2041,FM01_PSA,DEG,3712.3255026
2041,FM02_TSA,DE1,10755.457398599998
2041,FM02_TSA,DE2,10635.397808999998
2041,FM02_TSA,DE3,3.7765307999999993
2041,FM02_TSA,DE4,677.5984199999999
2041,FM02_TSA,DE5,2.7075780000000003
2041,FM02_TSA,DE6,13.913230199999997
2041,FM02_TSA,DE7,9701.292449400002
2041,FM02_TSA,DE8,2055.6256482000003
2041,FM02_TSA,DE9,4853.8014204
2041,FM02_TSA,DEA,5883.1589718
2041,FM02_TSA,DEB,7719.430829400001
2041,FM02_TSA,DEC,898.7557541999998
2041,FM02_TSA,DEE,1168.2977838000002
2041,FM02_TSA,DED,734.269008
2041,FM02_TSA,DEF,1356.3831966
2041,FM02_TSA,DEG,3712.3255026
2041,FM03_Beech,DE1,84.01052521139333
2041,FM03_Beech,DE2,83.07274369219236
2041,FM03_Beech,DE3,0.029498358296347407
2041,FM03_Beech,DE4,5.29269904913761
2041,FM03_Beech,DE5,0.021148803012359316
2041,FM03_Beech,DE6,0.10867578506156002
2041,FM03_Beech,DE7,75.77647734530618
2041,FM03_Beech,DE8,16.056424561336822
2041,FM03_Beech,DE9,37.91288380284868
2041,FM03_Beech,DEA,45.953161897826234
2041,FM03_Beech,DEB,60.296221190493526
2041,FM03_Beech,DEC,7.020151737752421
2041,FM03_Beech,DEE,9.12553569624297
2041,FM03_Beech,DED,5.735351154527214
2041,FM03_Beech,DEF,10.594664690792891
2041,FM03_Beech,DEG,28.996852822797784
2041,FM04_DouglasFir,DE1,8.15972168766576
2041,FM04_DouglasFir,DE2,5.230925429205276
2041,FM04_DouglasFir,DE3,0.0017922217177619257
2041,FM04_DouglasFir,DE4,0.794882859186073
2041,FM04_DouglasFir,DE5,0.0027144259522704555
2041,FM04_DouglasFir,DE6,0.013045258039776474
2041,FM04_DouglasFir,DE7,5.444636609578081
2041,FM04_DouglasFir,DE8,1.6200376085351413
2041,FM04_DouglasFir,DE9,4.399295233378551
2041,FM04_DouglasFir,DEA,3.394235595164952
2041,FM04_DouglasFir,DEB,10.321901004171357
2041,FM04_DouglasFir,DEC,1.0756089770405046
2041,FM04_DouglasFir,DEE,0.35633757155308543
2041,FM04_DouglasFir,DED,0.42324170154917057
2041,FM04_DouglasFir,DEF,0.5917105430187916
2041,FM04_DouglasFir,DEG,0.8798915025456688
2041,FM05_Oak,DE1,17.776364901767707
2041,FM05_Oak,DE2,26.12907622838123
2041,FM05_Oak,DE3,0.7017583067837722
2041,FM05_Oak,DE4,18.089853994984143
2041,FM05_Oak,DE5,0.03491196495175161
2041,FM05_Oak,DE6,0.15192982380900408
2041,FM05_Oak,DE7,18.082180982656716
2041,FM05_Oak,DE8,11.051283880019968
2041,FM05_Oak,DE9,27.04655983796029
2041,FM05_Oak,DEA,29.614758700450775
2041,FM05_Oak,DEB,23.86228383588217
2041,FM05_Oak,DEC,4.3415649587961935
2041,FM05_Oak,DEE,13.532967237707375
2041,FM05_Oak,DED,12.371850616553605
2041,FM05_Oak,DEF,4.876548984232422
2041,FM05_Oak,DEG,8.340593336476466
2041,FM06_ScotPine,DE1,3.622110371802307
2041,FM06_ScotPine,DE2,59.0773987723879
2041,FM06_ScotPine,DE3,1.7395037840608178
2041,FM06_ScotPine,DE4,171.7068779186855
2041,FM06_ScotPine,DE5,0.01776308777160903
2041,FM06_ScotPine,DE6,0.08773267695449544
2041,FM06_ScotPine,DE7,10.501861427984265
2041,FM06_ScotPine,DE8,45.16205246678283
2041,FM06_ScotPine,DE9,65.94389824872971
2041,FM06_ScotPine,DEA,9.431457714309001
2041,FM06_ScotPine,DEB,10.381093373445745
2041,FM06_ScotPine,DEC,0.284523538972083
2041,FM06_ScotPine,DEE,47.56544747898538
2041,FM06_ScotPine,DED,31.545800199839576
2041,FM06_ScotPine,DEF,1.4263672592301149
2041,FM06_ScotPine,DEG,12.788630061324625
2041,PC_Rewetting,DE1,561.6057647756763
2041,PC_Rewetting,DE2,2641.2908357623355
2041,PC_Rewetting,DE3,8.109910382606099
2041,PC_Rewetting,DE4,2993.61272115108
2041,PC_Rewetting,DE5,76.21010948029584
2041,PC_Rewetting,DE6,37.13307610235891
2041,PC_Rewetting,DE7,87.815650820124
2041,PC_Rewetting,DE8,3332.8041645826283
2041,PC_Rewetting,DE9,7781.2535579434
2041,PC_Rewetting,DEA,533.7966993184552
2041,PC_Rewetting,DEB,74.19630942834975
2041,PC_Rewetting,DEC,9.264644285224906
2041,PC_Rewetting,DEE,978.6951847830813
2041,PC_Rewetting,DED,357.21087973451034
2041,PC_Rewetting,DEF,1874.2076229117874
2041,PC_Rewetting,DEG,12.792868538085402
2042,FM01_PSA,DE1,10986.4815432
2042,FM01_PSA,DE2,10863.843108
2042,FM01_PSA,DE3,3.8576496
2042,FM01_PSA,DE4,692.15304
2042,FM01_PSA,DE5,2.765736
2042,FM01_PSA,DE6,14.212082399999996
2042,FM01_PSA,DE7,9909.673432800002
2042,FM01_PSA,DE8,2099.7798984
2042,FM01_PSA,DE9,4958.0596848
2042,FM01_PSA,DEA,6009.5275416
2042,FM01_PSA,DEB,7885.241992800002
2042,FM01_PSA,DEC,918.0607703999999
2042,FM01_PSA,DEE,1193.3924856
2042,FM01_PSA,DED,750.040896
2042,FM01_PSA,DEF,1385.5179191999998
2042,FM01_PSA,DEG,3792.0651912000003
2042,FM02_TSA,DE1,10986.4815432
2042,FM02_TSA,DE2,10863.843108
2042,FM02_TSA,DE3,3.8576496
2042,FM02_TSA,DE4,692.15304
2042,FM02_TSA,DE5,2.765736
2042,FM02_TSA,DE6,14.212082399999996
2042,FM02_TSA,DE7,9909.673432800002
2042,FM02_TSA,DE8,2099.7798984
2042,FM02_TSA,DE9,4958.0596848
2042,FM02_TSA,DEA,6009.5275416
2042,FM02_TSA,DEB,7885.241992800002
2042,FM02_TSA,DEC,918.0607703999999
2042,FM02_TSA,DEE,1193.3924856
2042,FM02_TSA,DED,750.040896
2042,FM02_TSA,DEF,1385.5179191999998
2042,FM02_TSA,DEG,3792.0651912000003
2042,FM03_Beech,DE1,84.01052521139333
2042,FM03_Beech,DE2,83.07274369219236
2042,FM03_Beech,DE3,0.029498358296347407
2042,FM03_Beech,DE4,5.29269904913761
2042,FM03_Beech,DE5,0.021148803012359316
2042,FM03_Beech,DE6,0.10867578506156002
2042,FM03_Beech,DE7,75.77647734530618
2042,FM03_Beech,DE8,16.056424561336822
2042,FM03_Beech,DE9,37.91288380284868
2042,FM03_Beech,DEA,45.953161897826234
2042,FM03_Beech,DEB,60.296221190493526
2042,FM03_Beech,DEC,7.020151737752421
2042,FM03_Beech,DEE,9.12553569624297
2042,FM03_Beech,DED,5.735351154527214
2042,FM03_Beech,DEF,10.594664690792891
2042,FM03_Beech,DEG,28.996852822797784
2042,FM04_DouglasFir,DE1,8.15972168766576
2042,FM04_DouglasFir,DE2,5.230925429205276
2042,FM04_DouglasFir,DE3,0.0017922217177619257
2042,FM04_DouglasFir,DE4,0.794882859186073
2042,FM04_DouglasFir,DE5,0.0027144259522704555
2042,FM04_DouglasFir,DE6,0.013045258039776474
2042,FM04_DouglasFir,DE7,5.444636609578081
2042,FM04_DouglasFir,DE8,1.6200376085351413
2042,FM04_DouglasFir,DE9,4.399295233378551
2042,FM04_DouglasFir,DEA,3.394235595164952
2042,FM04_DouglasFir,DEB,10.321901004171357
2042,FM04_DouglasFir,DEC,1.0756089770405046
2042,FM04_DouglasFir,DEE,0.35633757155308543
2042,FM04_DouglasFir,DED,0.42324170154917057
2042,FM04_DouglasFir,DEF,0.5917105430187916
2042,FM04_DouglasFir,DEG,0.8798915025456688
2042,FM05_Oak,DE1,17.776364901767707
2042,FM05_Oak,DE2,26.12907622838123
2042,FM05_Oak,DE3,0.7017583067837722
2042,FM05_Oak,DE4,18.089853994984143
2042,FM05_Oak,DE5,0.03491196495175161
2042,FM05_Oak,DE6,0.15192982380900408
2042,FM05_Oak,DE7,18.082180982656716
2042,FM05_Oak,DE8,11.051283880019968
2042,FM05_Oak,DE9,27.04655983796029
2042,FM05_Oak,DEA,29.614758700450775
2042,FM05_Oak,DEB,23.86228383588217
2042,FM05_Oak,DEC,4.3415649587961935
2042,FM05_Oak,DEE,13.532967237707375
2042,FM05_Oak,DED,12.371850616553605
2042,FM05_Oak,DEF,4.876548984232422
2042,FM05_Oak,DEG,8.340593336476466
2042,FM06_ScotPine,DE1,3.622110371802307
2042,FM06_ScotPine,DE2,59.0773987723879
2042,FM06_ScotPine,DE3,1.7395037840608178
2042,FM06_ScotPine,DE4,171.7068779186855
2042,FM06_ScotPine,DE5,0.01776308777160903
2042,FM06_ScotPine,DE6,0.08773267695449544
2042,FM06_ScotPine,DE7,10.501861427984265
2042,FM06_ScotPine,DE8,45.16205246678283
2042,FM06_ScotPine,DE9,65.94389824872971
2042,FM06_ScotPine,DEA,9.431457714309001
2042,FM06_ScotPine,DEB,10.381093373445745
2042,FM06_ScotPine,DEC,0.284523538972083
2042,FM06_ScotPine,DEE,47.56544747898538
2042,FM06_ScotPine,DED,31.545800199839576
2042,FM06_ScotPine,DEF,1.4263672592301149
2042,FM06_ScotPine,DEG,12.788630061324625
2042,PC_Rewetting,DE1,586.8464733049202
2042,PC_Rewetting,DE2,2760.0005362460365
2042,PC_Rewetting,DE3,8.47440073688053
2042,PC_Rewetting,DE4,3128.1571131129263
2042,PC_Rewetting,DE5,79.63528294008442
2042,PC_Rewetting,DE6,38.80197839909414
2042,PC_Rewetting,DE7,91.76242164350036
2042,PC_Rewetting,DE8,3482.593115799825
2042,PC_Rewetting,DE9,8130.972818974563
2042,PC_Rewetting,DEA,557.7875622091723
2042,PC_Rewetting,DEB,77.53097502063513
2042,PC_Rewetting,DEC,9.681032792426025
2042,PC_Rewetting,DEE,1022.6814852227703
2042,PC_Rewetting,DED,373.2653012956119
2042,PC_Rewetting,DEF,1958.4416733797327
2042,PC_Rewetting,DEG,13.367828921819578
2043,FM01_PSA,DE1,11217.505687799998
2043,FM01_PSA,DE2,11092.288406999998
2043,FM01_PSA,DE3,3.9387684000000003
2043,FM01_PSA,DE4,706.7076600000001
2043,FM01_PSA,DE5,2.823894
2043,FM01_PSA,DE6,14.510934599999997
2043,FM01_PSA,DE7,10118.0544162
2043,FM01_PSA,DE8,2143.9341486000003
2043,FM01_PSA,DE9,5062.3179492
2043,FM01_PSA,DEA,6135.896111399999
2043,FM01_PSA,DEB,8051.0531562000015
2043,FM01_PSA,DEC,937.3657866
2043,FM01_PSA,DEE,1218.4871874
2043,FM01_PSA,DED,765.812784
2043,FM01_PSA,DEF,1414.6526417999999
2043,FM01_PSA,DEG,3871.8048798
2043,FM02_TSA,DE1,11217.505687799998
2043,FM02_TSA,DE2,11092.288406999998
2043,FM02_TSA,DE3,3.9387684000000003
2043,FM02_TSA,DE4,706.7076600000001
2043,FM02_TSA,DE5,2.823894
2043,FM02_TSA,DE6,14.510934599999997
2043,FM02_TSA,DE7,10118.0544162
2043,FM02_TSA,DE8,2143.9341486000003
2043,FM02_TSA,DE9,5062.3179492
2043,FM02_TSA,DEA,6135.896111399999
2043,FM02_TSA,DEB,8051.0531562000015
2043,FM02_TSA,DEC,937.3657866
2043,FM02_TSA,DEE,1218.4871874
2043,FM02_TSA,DED,765.812784
2043,FM02_TSA,DEF,1414.6526417999999
2043,FM02_TSA,DEG,3871.8048798
2043,FM03_Beech,DE1,84.01052521139333
2043,FM03_Beech,DE2,83.07274369219236
2043,FM03_Beech,DE3,0.029498358296347407
2043,FM03_Beech,DE4,5.29269904913761
2043,FM03_Beech,DE5,0.021148803012359316
2043,FM03_Beech,DE6,0.10867578506156002
2043,FM03_Beech,DE7,75.77647734530618
2043,FM03_Beech,DE8,16.056424561336822
2043,FM03_Beech,DE9,37.91288380284868
2043,FM03_Beech,DEA,45.953161897826234
2043,FM03_Beech,DEB,60.296221190493526
2043,FM03_Beech,DEC,7.020151737752421
2043,FM03_Beech,DEE,9.12553569624297
2043,FM03_Beech,DED,5.735351154527214
2043,FM03_Beech,DEF,10.594664690792891
2043,FM03_Beech,DEG,28.996852822797784
2043,FM04_DouglasFir,DE1,8.15972168766576
2043,FM04_DouglasFir,DE2,5.230925429205276
2043,FM04_DouglasFir,DE3,0.0017922217177619257
2043,FM04_DouglasFir,DE4,0.794882859186073
2043,FM04_DouglasFir,DE5,0.0027144259522704555
2043,FM04_DouglasFir,DE6,0.013045258039776474
2043,FM04_DouglasFir,DE7,5.444636609578081
2043,FM04_DouglasFir,DE8,1.6200376085351413
2043,FM04_DouglasFir,DE9,4.399295233378551
2043,FM04_DouglasFir,DEA,3.394235595164952
2043,FM04_DouglasFir,DEB,10.321901004171357
2043,FM04_DouglasFir,DEC,1.0756089770405046
2043,FM04_DouglasFir,DEE,0.35633757155308543
2043,FM04_DouglasFir,DED,0.42324170154917057
2043,FM04_DouglasFir,DEF,0.5917105430187916
2043,FM04_DouglasFir,DEG,0.8798915025456688
2043,FM05_Oak,DE1,17.776364901767707
2043,FM05_Oak,DE2,26.12907622838123
2043,FM05_Oak,DE3,0.7017583067837722
2043,FM05_Oak,DE4,18.089853994984143
2043,FM05_Oak,DE5,0.03491196495175161
2043,FM05_Oak,DE6,0.15192982380900408
2043,FM05_Oak,DE7,18.082180982656716
2043,FM05_Oak,DE8,11.051283880019968
2043,FM05_Oak,DE9,27.04655983796029
2043,FM05_Oak,DEA,29.614758700450775
2043,FM05_Oak,DEB,23.86228383588217
2043,FM05_Oak,DEC,4.3415649587961935
2043,FM05_Oak,DEE,13.532967237707375
2043,FM05_Oak,DED,12.371850616553605
2043,FM05_Oak,DEF,4.876548984232422
2043,FM05_Oak,DEG,8.340593336476466
2043,FM06_ScotPine,DE1,3.622110371802307
2043,FM06_ScotPine,DE2,59.0773987723879
2043,FM06_ScotPine,DE3,1.7395037840608178
2043,FM06_ScotPine,DE4,171.7068779186855
2043,FM06_ScotPine,DE5,0.01776308777160903
2043,FM06_ScotPine,DE6,0.08773267695449544
2043,FM06_ScotPine,DE7,10.501861427984265
2043,FM06_ScotPine,DE8,45.16205246678283
2043,FM06_ScotPine,DE9,65.94389824872971
2043,FM06_ScotPine,DEA,9.431457714309001
2043,FM06_ScotPine,DEB,10.381093373445745
2043,FM06_ScotPine,DEC,0.284523538972083
2043,FM06_ScotPine,DEE,47.56544747898538
2043,FM06_ScotPine,DED,31.545800199839576
2043,FM06_ScotPine,DEF,1.4263672592301149
2043,FM06_ScotPine,DEG,12.788630061324625
2043,PC_Rewetting,DE1,612.087181834164
2043,PC_Rewetting,DE2,2878.7102367297366
2043,PC_Rewetting,DE3,8.838891091154961
2043,PC_Rewetting,DE4,3262.7015050747727
2043,PC_Rewetting,DE5,83.06045639987302
2043,PC_Rewetting,DE6,40.47088069582937
2043,PC_Rewetting,DE7,95.70919246687673
2043,PC_Rewetting,DE8,3632.3820670170217
2043,PC_Rewetting,DE9,8480.692080005729
2043,PC_Rewetting,DEA,581.7784250998894
2043,PC_Rewetting,DEB,80.8656406129205
2043,PC_Rewetting,DEC,10.097421299627145
2043,PC_Rewetting,DEE,1066.6677856624594
2043,PC_Rewetting,DED,389.31972285671355
2043,PC_Rewetting,DEF,2042.6757238476785
2043,PC_Rewetting,DEG,13.942789305553756
2044,FM01_PSA,DE1,11448.529832399998
2044,FM01_PSA,DE2,11320.733706
2044,FM01_PSA,DE3,4.019887199999999
2044,FM01_PSA,DE4,721.26228
2044,FM01_PSA,DE5,2.8820520000000003
2044,FM01_PSA,DE6,14.809786799999998
2044,FM01_PSA,DE7,10326.4353996
2044,FM01_PSA,DE8,2188.0883988
2044,FM01_PSA,DE9,5166.576213599999
2044,FM01_PSA,DEA,6262.2646812
2044,FM01_PSA,DEB,8216.864319600001
2044,FM01_PSA,DEC,956.6708027999998
2044,FM01_PSA,DEE,1243.5818892
2044,FM01_PSA,DED,781.5846720000001
2044,FM01_PSA,DEF,1443.7873644
2044,FM01_PSA,DEG,3951.5445683999997
2044,FM02_TSA,DE1,11448.529832399998
2044,FM02_TSA,DE2,11320.733706
2044,FM02_TSA,DE3,4.019887199999999
2044,FM02_TSA,DE4,721.26228
2044,FM02_TSA,DE5,2.8820520000000003
2044,FM02_TSA,DE6,14.809786799999998
2044,FM02_TSA,DE7,10326.4353996
2044,FM02_TSA,DE8,2188.0883988
2044,FM02_TSA,DE9,5166.576213599999
2044,FM02_TSA,DEA,6262.2646812
2044,FM02_TSA,DEB,8216.864319600001
2044,FM02_TSA,DEC,956.6708027999998
2044,FM02_TSA,DEE,1243.5818892
2044,FM02_TSA,DED,781.5846720000001
2044,FM02_TSA,DEF,1443.7873644
2044,FM02_TSA,DEG,3951.5445683999997
2044,FM03_Beech,DE1,84.01052521139333
2044,FM03_Beech,DE2,83.07274369219236
2044,FM03_Beech,DE3,0.029498358296347407
2044,FM03_Beech,DE4,5.29269904913761
2044,FM03_Beech,DE5,0.021148803012359316
2044,FM03_Beech,DE6,0.10867578506156002
2044,FM03_Beech,DE7,75.77647734530618
2044,FM03_Beech,DE8,16.056424561336822
2044,FM03_Beech,DE9,37.91288380284868
2044,FM03_Beech,DEA,45.953161897826234
2044,FM03_Beech,DEB,60.296221190493526
2044,FM03_Beech,DEC,7.020151737752421
2044,FM03_Beech,DEE,9.12553569624297
2044,FM03_Beech,DED,5.735351154527214
2044,FM03_Beech,DEF,10.594664690792891
2044,FM03_Beech,DEG,28.996852822797784
2044,FM04_DouglasFir,DE1,8.15972168766576
2044,FM04_DouglasFir,DE2,5.230925429205276
2044,FM04_DouglasFir,DE3,0.0017922217177619257
2044,FM04_DouglasFir,DE4,0.794882859186073
2044,FM04_DouglasFir,DE5,0.0027144259522704555
2044,FM04_DouglasFir,DE6,0.013045258039776474
2044,FM04_DouglasFir,DE7,5.444636609578081
2044,FM04_DouglasFir,DE8,1.6200376085351413
2044,FM04_DouglasFir,DE9,4.399295233378551
2044,FM04_DouglasFir,DEA,3.394235595164952
2044,FM04_DouglasFir,DEB,10.321901004171357
2044,FM04_DouglasFir,DEC,1.0756089770405046
2044,FM04_DouglasFir,DEE,0.35633757155308543
2044,FM04_DouglasFir,DED,0.42324170154917057
2044,FM04_DouglasFir,DEF,0.5917105430187916
2044,FM04_DouglasFir,DEG,0.8798915025456688
2044,FM05_Oak,DE1,17.776364901767707
2044,FM05_Oak,DE2,26.12907622838123
2044,FM05_Oak,DE3,0.7017583067837722
2044,FM05_Oak,DE4,18.089853994984143
2044,FM05_Oak,DE5,0.03491196495175161
2044,FM05_Oak,DE6,0.15192982380900408
2044,FM05_Oak,DE7,18.082180982656716
2044,FM05_Oak,DE8,11.051283880019968
2044,FM05_Oak,DE9,27.04655983796029
2044,FM05_Oak,DEA,29.614758700450775
2044,FM05_Oak,DEB,23.86228383588217
2044,FM05_Oak,DEC,4.3415649587961935
2044,FM05_Oak,DEE,13.532967237707375
2044,FM05_Oak,DED,12.371850616553605
2044,FM05_Oak,DEF,4.876548984232422
2044,FM05_Oak,DEG,8.340593336476466
2044,FM06_ScotPine,DE1,3.622110371802307
2044,FM06_ScotPine,DE2,59.0773987723879
2044,FM06_ScotPine,DE3,1.7395037840608178
2044,FM06_ScotPine,DE4,171.7068779186855
2044,FM06_ScotPine,DE5,0.01776308777160903
2044,FM06_ScotPine,DE6,0.08773267695449544
2044,FM06_ScotPine,DE7,10.501861427984265
2044,FM06_ScotPine,DE8,45.16205246678283
2044,FM06_ScotPine,DE9,65.94389824872971
2044,FM06_ScotPine,DEA,9.431457714309001
2044,FM06_ScotPine,DEB,10.381093373445745
2044,FM06_ScotPine,DEC,0.284523538972083
2044,FM06_ScotPine,DEE,47.56544747898538
2044,FM06_ScotPine,DED,31.545800199839576
2044,FM06_ScotPine,DEF,1.4263672592301149
2044,FM06_ScotPine,DEG,12.788630061324625
2044,PC_Rewetting,DE1,637.3278903634081
2044,PC_Rewetting,DE2,2997.419937213437
2044,PC_Rewetting,DE3,9.203381445429393
2044,PC_Rewetting,DE4,3397.2458970366197
2044,PC_Rewetting,DE5,86.48562985966159
2044,PC_Rewetting,DE6,42.1397829925646
2044,PC_Rewetting,DE7,99.65596329025307
2044,PC_Rewetting,DE8,3782.1710182342185
2044,PC_Rewetting,DE9,8830.411341036892
2044,PC_Rewetting,DEA,605.7692879906065
2044,PC_Rewetting,DEB,84.20030620520589
2044,PC_Rewetting,DEC,10.513809806828265
2044,PC_Rewetting,DEE,1110.6540861021485
2044,PC_Rewetting,DED,405.37414441781505
2044,PC_Rewetting,DEF,2126.9097743156244
2044,PC_Rewetting,DEG,14.517749689287928
2045,FM01_PSA,DE1,11679.553977
2045,FM01_PSA,DE2,11549.179004999998
2045,FM01_PSA,DE3,4.101006
2045,FM01_PSA,DE4,735.8168999999999
2045,FM01_PSA,DE5,2.940210000000001
2045,FM01_PSA,DE6,15.108638999999997
2045,FM01_PSA,DE7,10534.816383000001
2045,FM01_PSA,DE8,2232.2426490000003
2045,FM01_PSA,DE9,5270.834477999999
2045,FM01_PSA,DEA,6388.633251
2045,FM01_PSA,DEB,8382.675483
2045,FM01_PSA,DEC,975.9758189999999
2045,FM01_PSA,DEE,1268.6765910000001
2045,FM01_PSA,DED,797.35656
2045,FM01_PSA,DEF,1472.922087
2045,FM01_PSA,DEG,4031.284257
2045,FM02_TSA,DE1,11679.553977
2045,FM02_TSA,DE2,11549.179004999998
2045,FM02_TSA,DE3,4.101006
2045,FM02_TSA,DE4,735.8168999999999
2045,FM02_TSA,DE5,2.940210000000001
2045,FM02_TSA,DE6,15.108638999999997
2045,FM02_TSA,DE7,10534.816383000001
2045,FM02_TSA,DE8,2232.2426490000003
2045,FM02_TSA,DE9,5270.834477999999
2045,FM02_TSA,DEA,6388.633251
2045,FM02_TSA,DEB,8382.675483
2045,FM02_TSA,DEC,975.9758189999999
2045,FM02_TSA,DEE,1268.6765910000001
2045,FM02_TSA,DED,797.35656
2045,FM02_TSA,DEF,1472.922087
2045,FM02_TSA,DEG,4031.284257
2045,FM03_Beech,DE1,84.01052521139333
2045,FM03_Beech,DE2,83.07274369219236
2045,FM03_Beech,DE3,0.029498358296347407
2045,FM03_Beech,DE4,5.29269904913761
2045,FM03_Beech,DE5,0.021148803012359316
2045,FM03_Beech,DE6,0.10867578506156002
2045,FM03_Beech,DE7,75.77647734530618
2045,FM03_Beech,DE8,16.056424561336822
2045,FM03_Beech,DE9,37.91288380284868
2045,FM03_Beech,DEA,45.953161897826234
2045,FM03_Beech,DEB,60.296221190493526
2045,FM03_Beech,DEC,7.020151737752421
2045,FM03_Beech,DEE,9.12553569624297
2045,FM03_Beech,DED,5.735351154527214
2045,FM03_Beech,DEF,10.594664690792891
2045,FM03_Beech,DEG,28.996852822797784
2045,FM04_DouglasFir,DE1,8.15972168766576
2045,FM04_DouglasFir,DE2,5.230925429205276
2045,FM04_DouglasFir,DE3,0.0017922217177619257
2045,FM04_DouglasFir,DE4,0.794882859186073
2045,FM04_DouglasFir,DE5,0.0027144259522704555
2045,FM04_DouglasFir,DE6,0.013045258039776474
2045,FM04_DouglasFir,DE7,5.444636609578081
2045,FM04_DouglasFir,DE8,1.6200376085351413
2045,FM04_DouglasFir,DE9,4.399295233378551
2045,FM04_DouglasFir,DEA,3.394235595164952
2045,FM04_DouglasFir,DEB,10.321901004171357
2045,FM04_DouglasFir,DEC,1.0756089770405046
2045,FM04_DouglasFir,DEE,0.35633757155308543
2045,FM04_DouglasFir,DED,0.42324170154917057
2045,FM04_DouglasFir,DEF,0.5917105430187916
2045,FM04_DouglasFir,DEG,0.8798915025456688
2045,FM05_Oak,DE1,17.776364901767707
2045,FM05_Oak,DE2,26.12907622838123
2045,FM05_Oak,DE3,0.7017583067837722
2045,FM05_Oak,DE4,18.089853994984143
2045,FM05_Oak,DE5,0.03491196495175161
2045,FM05_Oak,DE6,0.15192982380900408
2045,FM05_Oak,DE7,18.082180982656716
2045,FM05_Oak,DE8,11.051283880019968
2045,FM05_Oak,DE9,27.04655983796029
2045,FM05_Oak,DEA,29.614758700450775
2045,FM05_Oak,DEB,23.86228383588217
2045,FM05_Oak,DEC,4.3415649587961935
2045,FM05_Oak,DEE,13.532967237707375
2045,FM05_Oak,DED,12.371850616553605
2045,FM05_Oak,DEF,4.876548984232422
2045,FM05_Oak,DEG,8.340593336476466
2045,FM06_ScotPine,DE1,3.622110371802307
2045,FM06_ScotPine,DE2,59.0773987723879
2045,FM06_ScotPine,DE3,1.7395037840608178
2045,FM06_ScotPine,DE4,171.7068779186855
2045,FM06_ScotPine,DE5,0.01776308777160903
2045,FM06_ScotPine,DE6,0.08773267695449544
2045,FM06_ScotPine,DE7,10.501861427984265
2045,FM06_ScotPine,DE8,45.16205246678283
2045,FM06_ScotPine,DE9,65.94389824872971
2045,FM06_ScotPine,DEA,9.431457714309001
2045,FM06_ScotPine,DEB,10.381093373445745
2045,FM06_ScotPine,DEC,0.284523538972083
2045,FM06_ScotPine,DEE,47.56544747898538
2045,FM06_ScotPine,DED,31.545800199839576
2045,FM06_ScotPine,DEF,1.4263672592301149
2045,FM06_ScotPine,DEG,12.788630061324625
2045,PC_Rewetting,DE1,662.568598892652
2045,PC_Rewetting,DE2,3116.1296376971372
2045,PC_Rewetting,DE3,9.567871799703823
2045,PC_Rewetting,DE4,3531.7902889984657
2045,PC_Rewetting,DE5,89.91080331945017
2045,PC_Rewetting,DE6,43.80868528929983
2045,PC_Rewetting,DE7,103.60273411362944
2045,PC_Rewetting,DE8,3931.9599694514145
2045,PC_Rewetting,DE9,9180.130602068055
2045,PC_Rewetting,DEA,629.7601508813236
2045,PC_Rewetting,DEB,87.53497179749127
2045,PC_Rewetting,DEC,10.930198314029385
2045,PC_Rewetting,DEE,1154.6403865418374
2045,PC_Rewetting,DED,421.4285659789167
2045,PC_Rewetting,DEF,2211.1438247835695
2045,PC_Rewetting,DEG,15.092710073022106
2046,FM01_PSA,DE1,11910.578121599998
2046,FM01_PSA,DE2,11777.624303999999
2046,FM01_PSA,DE3,4.1821247999999995
2046,FM01_PSA,DE4,750.37152
2046,FM01_PSA,DE5,2.9983680000000006
2046,FM01_PSA,DE6,15.407491199999999
2046,FM01_PSA,DE7,10743.1973664
2046,FM01_PSA,DE8,2276.3968992
2046,FM01_PSA,DE9,5375.092742400001
2046,FM01_PSA,DEA,6515.0018208
2046,FM01_PSA,DEB,8548.4866464
2046,FM01_PSA,DEC,995.2808351999998
2046,FM01_PSA,DEE,1293.7712928000003
2046,FM01_PSA,DED,813.128448
2046,FM01_PSA,DEF,1502.0568096000002
2046,FM01_PSA,DEG,4111.0239456
2046,FM02_TSA,DE1,11910.578121599998
2046,FM02_TSA,DE2,11777.624303999999
2046,FM02_TSA,DE3,4.1821247999999995
2046,FM02_TSA,DE4,750.37152
2046,FM02_TSA,DE5,2.9983680000000006
2046,FM02_TSA,DE6,15.407491199999999
2046,FM02_TSA,DE7,10743.1973664
2046,FM02_TSA,DE8,2276.3968992
2046,FM02_TSA,DE9,5375.092742400001
2046,FM02_TSA,DEA,6515.0018208
2046,FM02_TSA,DEB,8548.4866464
2046,FM02_TSA,DEC,995.2808351999998
2046,FM02_TSA,DEE,1293.7712928000003
2046,FM02_TSA,DED,813.128448
2046,FM02_TSA,DEF,1502.0568096000002
2046,FM02_TSA,DEG,4111.0239456
2046,FM03_Beech,DE1,84.01052521139333
2046,FM03_Beech,DE2,83.07274369219236
2046,FM03_Beech,DE3,0.029498358296347407
2046,FM03_Beech,DE4,5.29269904913761
2046,FM03_Beech,DE5,0.021148803012359316
2046,FM03_Beech,DE6,0.10867578506156002
2046,FM03_Beech,DE7,75.77647734530618
2046,FM03_Beech,DE8,16.056424561336822
2046,FM03_Beech,DE9,37.91288380284868
2046,FM03_Beech,DEA,45.953161897826234
2046,FM03_Beech,DEB,60.296221190493526
2046,FM03_Beech,DEC,7.020151737752421
2046,FM03_Beech,DEE,9.12553569624297
2046,FM03_Beech,DED,5.735351154527214
2046,FM03_Beech,DEF,10.594664690792891
2046,FM03_Beech,DEG,28.996852822797784
2046,FM04_DouglasFir,DE1,8.15972168766576
2046,FM04_DouglasFir,DE2,5.230925429205276
2046,FM04_DouglasFir,DE3,0.0017922217177619257
2046,FM04_DouglasFir,DE4,0.794882859186073
2046,FM04_DouglasFir,DE5,0.0027144259522704555
2046,FM04_DouglasFir,DE6,0.013045258039776474
2046,FM04_DouglasFir,DE7,5.444636609578081
2046,FM04_DouglasFir,DE8,1.6200376085351413
2046,FM04_DouglasFir,DE9,4.399295233378551
2046,FM04_DouglasFir,DEA,3.394235595164952
2046,FM04_DouglasFir,DEB,10.321901004171357
2046,FM04_DouglasFir,DEC,1.0756089770405046
2046,FM04_DouglasFir,DEE,0.35633757155308543
2046,FM04_DouglasFir,DED,0.42324170154917057
2046,FM04_DouglasFir,DEF,0.5917105430187916
2046,FM04_DouglasFir,DEG,0.8798915025456688
2046,FM05_Oak,DE1,17.776364901767707
2046,FM05_Oak,DE2,26.12907622838123
2046,FM05_Oak,DE3,0.7017583067837722
2046,FM05_Oak,DE4,18.089853994984143
2046,FM05_Oak,DE5,0.03491196495175161
2046,FM05_Oak,DE6,0.15192982380900408
2046,FM05_Oak,DE7,18.082180982656716
2046,FM05_Oak,DE8,11.051283880019968
2046,FM05_Oak,DE9,27.04655983796029
2046,FM05_Oak,DEA,29.614758700450775
2046,FM05_Oak,DEB,23.86228383588217
2046,FM05_Oak,DEC,4.3415649587961935
2046,FM05_Oak,DEE,13.532967237707375
2046,FM05_Oak,DED,12.371850616553605
2046,FM05_Oak,DEF,4.876548984232422
2046,FM05_Oak,DEG,8.340593336476466
2046,FM06_ScotPine,DE1,3.622110371802307
2046,FM06_ScotPine,DE2,59.0773987723879
2046,FM06_ScotPine,DE3,1.7395037840608178
2046,FM06_ScotPine,DE4,171.7068779186855
2046,FM06_ScotPine,DE5,0.01776308777160903
2046,FM06_ScotPine,DE6,0.08773267695449544
2046,FM06_ScotPine,DE7,10.501861427984265
2046,FM06_ScotPine,DE8,45.16205246678283
2046,FM06_ScotPine,DE9,65.94389824872971
2046,FM06_ScotPine,DEA,9.431457714309001
2046,FM06_ScotPine,DEB,10.381093373445745
2046,FM06_ScotPine,DEC,0.284523538972083
2046,FM06_ScotPine,DEE,47.56544747898538
2046,FM06_ScotPine,DED,31.545800199839576
2046,FM06_ScotPine,DEF,1.4263672592301149
2046,FM06_ScotPine,DEG,12.788630061324625
2046,PC_Rewetting,DE1,687.8093074218958
2046,PC_Rewetting,DE2,3234.8393381808382
2046,PC_Rewetting,DE3,9.932362153978255
2046,PC_Rewetting,DE4,3666.334680960312
2046,PC_Rewetting,DE5,93.33597677923873
2046,PC_Rewetting,DE6,45.477587586035064
2046,PC_Rewetting,DE7,107.54950493700578
2046,PC_Rewetting,DE8,4081.748920668612
2046,PC_Rewetting,DE9,9529.84986309922
2046,PC_Rewetting,DEA,653.7510137720407
2046,PC_Rewetting,DEB,90.86963738977664
2046,PC_Rewetting,DEC,11.346586821230503
2046,PC_Rewetting,DEE,1198.6266869815265
2046,PC_Rewetting,DED,437.48298754001826
2046,PC_Rewetting,DEF,2295.377875251515
2046,PC_Rewetting,DEG,15.66767045675628
2047,FM01_PSA,DE1,12141.602266199998
2047,FM01_PSA,DE2,12006.069603
2047,FM01_PSA,DE3,4.2632436
2047,FM01_PSA,DE4,764.9261400000001
2047,FM01_PSA,DE5,3.0565260000000003
2047,FM01_PSA,DE6,15.7063434
2047,FM01_PSA,DE7,10951.5783498
2047,FM01_PSA,DE8,2320.5511494
2047,FM01_PSA,DE9,5479.3510068000005
2047,FM01_PSA,DEA,6641.370390599999
2047,FM01_PSA,DEB,8714.2978098
2047,FM01_PSA,DEC,1014.5858513999999
2047,FM01_PSA,DEE,1318.8659946
2047,FM01_PSA,DED,828.9003359999999
2047,FM01_PSA,DEF,1531.1915321999998
2047,FM01_PSA,DEG,4190.7636342000005
2047,FM02_TSA,DE1,12141.602266199998
2047,FM02_TSA,DE2,12006.069603
2047,FM02_TSA,DE3,4.2632436
2047,FM02_TSA,DE4,764.9261400000001
2047,FM02_TSA,DE5,3.0565260000000003
2047,FM02_TSA,DE6,15.7063434
2047,FM02_TSA,DE7,10951.5783498
2047,FM02_TSA,DE8,2320.5511494
2047,FM02_TSA,DE9,5479.3510068000005
2047,FM02_TSA,DEA,6641.370390599999
2047,FM02_TSA,DEB,8714.2978098
2047,FM02_TSA,DEC,1014.5858513999999
2047,FM02_TSA,DEE,1318.8659946
2047,FM02_TSA,DED,828.9003359999999
2047,FM02_TSA,DEF,1531.1915321999998
2047,FM02_TSA,DEG,4190.7636342000005
2047,FM03_Beech,DE1,84.01052521139333
2047,FM03_Beech,DE2,83.07274369219236
2047,FM03_Beech,DE3,0.029498358296347407
2047,FM03_Beech,DE4,5.29269904913761
2047,FM03_Beech,DE5,0.021148803012359316
2047,FM03_Beech,DE6,0.10867578506156002
2047,FM03_Beech,DE7,75.77647734530618
2047,FM03_Beech,DE8,16.056424561336822
2047,FM03_Beech,DE9,37.91288380284868
2047,FM03_Beech,DEA,45.953161897826234
2047,FM03_Beech,DEB,60.296221190493526
2047,FM03_Beech,DEC,7.020151737752421
2047,FM03_Beech,DEE,9.12553569624297
2047,FM03_Beech,DED,5.735351154527214
2047,FM03_Beech,DEF,10.594664690792891
2047,FM03_Beech,DEG,28.996852822797784
2047,FM04_DouglasFir,DE1,8.15972168766576
2047,FM04_DouglasFir,DE2,5.230925429205276
2047,FM04_DouglasFir,DE3,0.0017922217177619257
2047,FM04_DouglasFir,DE4,0.794882859186073
2047,FM04_DouglasFir,DE5,0.0027144259522704555
2047,FM04_DouglasFir,DE6,0.013045258039776474
2047,FM04_DouglasFir,DE7,5.444636609578081
2047,FM04_DouglasFir,DE8,1.6200376085351413
2047,FM04_DouglasFir,DE9,4.399295233378551
2047,FM04_DouglasFir,DEA,3.394235595164952
2047,FM04_DouglasFir,DEB,10.321901004171357
2047,FM04_DouglasFir,DEC,1.0756089770405046
2047,FM04_DouglasFir,DEE,0.35633757155308543
2047,FM04_DouglasFir,DED,0.42324170154917057
2047,FM04_DouglasFir,DEF,0.5917105430187916
2047,FM04_DouglasFir,DEG,0.8798915025456688
2047,FM05_Oak,DE1,17.776364901767707
2047,FM05_Oak,DE2,26.12907622838123
2047,FM05_Oak,DE3,0.7017583067837722
2047,FM05_Oak,DE4,18.089853994984143
2047,FM05_Oak,DE5,0.03491196495175161
2047,FM05_Oak,DE6,0.15192982380900408
2047,FM05_Oak,DE7,18.082180982656716
2047,FM05_Oak,DE8,11.051283880019968
2047,FM05_Oak,DE9,27.04655983796029
2047,FM05_Oak,DEA,29.614758700450775
2047,FM05_Oak,DEB,23.86228383588217
2047,FM05_Oak,DEC,4.3415649587961935
2047,FM05_Oak,DEE,13.532967237707375
2047,FM05_Oak,DED,12.371850616553605
2047,FM05_Oak,DEF,4.876548984232422
2047,FM05_Oak,DEG,8.340593336476466
2047,FM06_ScotPine,DE1,3.622110371802307
2047,FM06_ScotPine,DE2,59.0773987723879
2047,FM06_ScotPine,DE3,1.7395037840608178
2047,FM06_ScotPine,DE4,171.7068779186855
2047,FM06_ScotPine,DE5,0.01776308777160903
2047,FM06_ScotPine,DE6,0.08773267695449544
2047,FM06_ScotPine,DE7,10.501861427984265
2047,FM06_ScotPine,DE8,45.16205246678283
2047,FM06_ScotPine,DE9,65.94389824872971
2047,FM06_ScotPine,DEA,9.431457714309001
2047,FM06_ScotPine,DEB,10.381093373445745
2047,FM06_ScotPine,DEC,0.284523538972083
2047,FM06_ScotPine,DEE,47.56544747898538
2047,FM06_ScotPine,DED,31.545800199839576
2047,FM06_ScotPine,DEF,1.4263672592301149
2047,FM06_ScotPine,DEG,12.788630061324625
2047,PC_Rewetting,DE1,713.0500159511397
2047,PC_Rewetting,DE2,3353.5490386645383
2047,PC_Rewetting,DE3,10.296852508252686
2047,PC_Rewetting,DE4,3800.879072922158
2047,PC_Rewetting,DE5,96.76115023902732
2047,PC_Rewetting,DE6,47.1464898827703
2047,PC_Rewetting,DE7,111.49627576038216
2047,PC_Rewetting,DE8,4231.537871885809
2047,PC_Rewetting,DE9,9879.569124130385
2047,PC_Rewetting,DEA,677.7418766627578
2047,PC_Rewetting,DEB,94.20430298206203
2047,PC_Rewetting,DEC,11.76297532843162
2047,PC_Rewetting,DEE,1242.6129874212156
2047,PC_Rewetting,DED,453.5374091011199
2047,PC_Rewetting,DEF,2379.6119257194605
2047,PC_Rewetting,DEG,16.242630840490452
2048,FM01_PSA,DE1,12372.6264108
2048,FM01_PSA,DE2,12234.514901999999
2048,FM01_PSA,DE3,4.3443624
2048,FM01_PSA,DE4,779.48076
2048,FM01_PSA,DE5,3.1146840000000005
2048,FM01_PSA,DE6,16.005195599999997
2048,FM01_PSA,DE7,11159.959333200002
2048,FM01_PSA,DE8,2364.7053996
2048,FM01_PSA,DE9,5583.6092712
2048,FM01_PSA,DEA,6767.7389604
2048,FM01_PSA,DEB,8880.1089732
2048,FM01_PSA,DEC,1033.8908675999999
2048,FM01_PSA,DEE,1343.9606964
2048,FM01_PSA,DED,844.672224
2048,FM01_PSA,DEF,1560.3262547999998
2048,FM01_PSA,DEG,4270.5033228
2048,FM02_TSA,DE1,12372.6264108
2048,FM02_TSA,DE2,12234.514901999999
2048,FM02_TSA,DE3,4.3443624
2048,FM02_TSA,DE4,779.48076
2048,FM02_TSA,DE5,3.1146840000000005
2048,FM02_TSA,DE6,16.005195599999997
2048,FM02_TSA,DE7,11159.959333200002
2048,FM02_TSA,DE8,2364.7053996
2048,FM02_TSA,DE9,5583.6092712
2048,FM02_TSA,DEA,6767.7389604
2048,FM02_TSA,DEB,8880.1089732
2048,FM02_TSA,DEC,1033.8908675999999
2048,FM02_TSA,DEE,1343.9606964
2048,FM02_TSA,DED,844.672224
2048,FM02_TSA,DEF,1560.3262547999998
2048,FM02_TSA,DEG,4270.5033228
2048,FM03_Beech,DE1,84.01052521139333
2048,FM03_Beech,DE2,83.07274369219236
2048,FM03_Beech,DE3,0.029498358296347407
2048,FM03_Beech,DE4,5.29269904913761
2048,FM03_Beech,DE5,0.021148803012359316
2048,FM03_Beech,DE6,0.10867578506156002
2048,FM03_Beech,DE7,75.77647734530618
2048,FM03_Beech,DE8,16.056424561336822
2048,FM03_Beech,DE9,37.91288380284868
2048,FM03_Beech,DEA,45.953161897826234
2048,FM03_Beech,DEB,60.296221190493526
2048,FM03_Beech,DEC,7.020151737752421
2048,FM03_Beech,DEE,9.12553569624297
2048,FM03_Beech,DED,5.735351154527214
2048,FM03_Beech,DEF,10.594664690792891
2048,FM03_Beech,DEG,28.996852822797784
2048,FM04_DouglasFir,DE1,8.15972168766576
2048,FM04_DouglasFir,DE2,5.230925429205276
2048,FM04_DouglasFir,DE3,0.0017922217177619257
2048,FM04_DouglasFir,DE4,0.794882859186073
2048,FM04_DouglasFir,DE5,0.0027144259522704555
2048,FM04_DouglasFir,DE6,0.013045258039776474
2048,FM04_DouglasFir,DE7,5.444636609578081
2048,FM04_DouglasFir,DE8,1.6200376085351413
2048,FM04_DouglasFir,DE9,4.399295233378551
2048,FM04_DouglasFir,DEA,3.394235595164952
2048,FM04_DouglasFir,DEB,10.321901004171357
2048,FM04_DouglasFir,DEC,1.0756089770405046
2048,FM04_DouglasFir,DEE,0.35633757155308543
2048,FM04_DouglasFir,DED,0.42324170154917057
2048,FM04_DouglasFir,DEF,0.5917105430187916
2048,FM04_DouglasFir,DEG,0.8798915025456688
2048,FM05_Oak,DE1,17.776364901767707
2048,FM05_Oak,DE2,26.12907622838123
2048,FM05_Oak,DE3,0.7017583067837722
2048,FM05_Oak,DE4,18.089853994984143
2048,FM05_Oak,DE5,0.03491196495175161
2048,FM05_Oak,DE6,0.15192982380900408
2048,FM05_Oak,DE7,18.082180982656716
2048,FM05_Oak,DE8,11.051283880019968
2048,FM05_Oak,DE9,27.04655983796029
2048,FM05_Oak,DEA,29.614758700450775
2048,FM05_Oak,DEB,23.86228383588217
2048,FM05_Oak,DEC,4.3415649587961935
2048,FM05_Oak,DEE,13.532967237707375
2048,FM05_Oak,DED,12.371850616553605
2048,FM05_Oak,DEF,4.876548984232422
2048,FM05_Oak,DEG,8.340593336476466
2048,FM06_ScotPine,DE1,3.622110371802307
2048,FM06_ScotPine,DE2,59.0773987723879
2048,FM06_ScotPine,DE3,1.7395037840608178
2048,FM06_ScotPine,DE4,171.7068779186855
2048,FM06_ScotPine,DE5,0.01776308777160903
2048,FM06_ScotPine,DE6,0.08773267695449544
2048,FM06_ScotPine,DE7,10.501861427984265
2048,FM06_ScotPine,DE8,45.16205246678283
2048,FM06_ScotPine,DE9,65.94389824872971
2048,FM06_ScotPine,DEA,9.431457714309001
2048,FM06_ScotPine,DEB,10.381093373445745
2048,FM06_ScotPine,DEC,0.284523538972083
2048,FM06_ScotPine,DEE,47.56544747898538
2048,FM06_ScotPine,DED,31.545800199839576
2048,FM06_ScotPine,DEF,1.4263672592301149
2048,FM06_ScotPine,DEG,12.788630061324625
2048,PC_Rewetting,DE1,738.2907244803836
2048,PC_Rewetting,DE2,3472.258739148239
2048,PC_Rewetting,DE3,10.66134286252712
2048,PC_Rewetting,DE4,3935.4234648840043
2048,PC_Rewetting,DE5,100.1863236988159
2048,PC_Rewetting,DE6,48.81539217950553
2048,PC_Rewetting,DE7,115.4430465837585
2048,PC_Rewetting,DE8,4381.326823103005
2048,PC_Rewetting,DE9,10229.288385161548
2048,PC_Rewetting,DEA,701.7327395534749
2048,PC_Rewetting,DEB,97.53896857434741
2048,PC_Rewetting,DEC,12.179363835632742
2048,PC_Rewetting,DEE,1286.5992878609047
2048,PC_Rewetting,DED,469.5918306622214
2048,PC_Rewetting,DEF,2463.8459761874064
2048,PC_Rewetting,DEG,16.817591224224632
2049,FM01_PSA,DE1,12603.650555399998
2049,FM01_PSA,DE2,12462.960201
2049,FM01_PSA,DE3,4.425481199999999
2049,FM01_PSA,DE4,794.0353799999999
2049,FM01_PSA,DE5,3.172842
2049,FM01_PSA,DE6,16.304047799999996
2049,FM01_PSA,DE7,11368.3403166
2049,FM01_PSA,DE8,2408.8596498
2049,FM01_PSA,DE9,5687.867535599999
2049,FM01_PSA,DEA,6894.1075302
2049,FM01_PSA,DEB,9045.920136600002
2049,FM01_PSA,DEC,1053.1958837999998
2049,FM01_PSA,DEE,1369.0553982
2049,FM01_PSA,DED,860.4441119999999
2049,FM01_PSA,DEF,1589.4609774
2049,FM01_PSA,DEG,4350.2430114
2049,FM02_TSA,DE1,12603.650555399998
2049,FM02_TSA,DE2,12462.960201
2049,FM02_TSA,DE3,4.425481199999999
2049,FM02_TSA,DE4,794.0353799999999
2049,FM02_TSA,DE5,3.172842
2049,FM02_TSA,DE6,16.304047799999996
2049,FM02_TSA,DE7,11368.3403166
2049,FM02_TSA,DE8,2408.8596498
2049,FM02_TSA,DE9,5687.867535599999
2049,FM02_TSA,DEA,6894.1075302
2049,FM02_TSA,DEB,9045.920136600002
2049,FM02_TSA,DEC,1053.1958837999998
2049,FM02_TSA,DEE,1369.0553982
2049,FM02_TSA,DED,860.4441119999999
2049,FM02_TSA,DEF,1589.4609774
2049,FM02_TSA,DEG,4350.2430114
2049,FM03_Beech,DE1,84.01052521139333
2049,FM03_Beech,DE2,83.07274369219236
2049,FM03_Beech,DE3,0.029498358296347407
2049,FM03_Beech,DE4,5.29269904913761
2049,FM03_Beech,DE5,0.021148803012359316
2049,FM03_Beech,DE6,0.10867578506156002
2049,FM03_Beech,DE7,75.77647734530618
2049,FM03_Beech,DE8,16.056424561336822
2049,FM03_Beech,DE9,37.91288380284868
2049,FM03_Beech,DEA,45.953161897826234
2049,FM03_Beech,DEB,60.296221190493526
2049,FM03_Beech,DEC,7.020151737752421
2049,FM03_Beech,DEE,9.12553569624297
2049,FM03_Beech,DED,5.735351154527214
2049,FM03_Beech,DEF,10.594664690792891
2049,FM03_Beech,DEG,28.996852822797784
2049,FM04_DouglasFir,DE1,8.15972168766576
2049,FM04_DouglasFir,DE2,5.230925429205276
2049,FM04_DouglasFir,DE3,0.0017922217177619257
2049,FM04_DouglasFir,DE4,0.794882859186073
2049,FM04_DouglasFir,DE5,0.0027144259522704555
2049,FM04_DouglasFir,DE6,0.013045258039776474
2049,FM04_DouglasFir,DE7,5.444636609578081
2049,FM04_DouglasFir,DE8,1.6200376085351413
2049,FM04_DouglasFir,DE9,4.399295233378551
2049,FM04_DouglasFir,DEA,3.394235595164952
2049,FM04_DouglasFir,DEB,10.321901004171357
2049,FM04_DouglasFir,DEC,1.0756089770405046
2049,FM04_DouglasFir,DEE,0.35633757155308543
2049,FM04_DouglasFir,DED,0.42324170154917057
2049,FM04_DouglasFir,DEF,0.5917105430187916
2049,FM04_DouglasFir,DEG,0.8798915025456688
2049,FM05_Oak,DE1,17.776364901767707
2049,FM05_Oak,DE2,26.12907622838123
2049,FM05_Oak,DE3,0.7017583067837722
2049,FM05_Oak,DE4,18.089853994984143
2049,FM05_Oak,DE5,0.03491196495175161
2049,FM05_Oak,DE6,0.15192982380900408
2049,FM05_Oak,DE7,18.082180982656716
2049,FM05_Oak,DE8,11.051283880019968
2049,FM05_Oak,DE9,27.04655983796029
2049,FM05_Oak,DEA,29.614758700450775
2049,FM05_Oak,DEB,23.86228383588217
2049,FM05_Oak,DEC,4.3415649587961935
2049,FM05_Oak,DEE,13.532967237707375
2049,FM05_Oak,DED,12.371850616553605
2049,FM05_Oak,DEF,4.876548984232422
2049,FM05_Oak,DEG,8.340593336476466
2049,FM06_ScotPine,DE1,3.622110371802307
2049,FM06_ScotPine,DE2,59.0773987723879
2049,FM06_ScotPine,DE3,1.7395037840608178
2049,FM06_ScotPine,DE4,171.7068779186855
2049,FM06_ScotPine,DE5,0.01776308777160903
2049,FM06_ScotPine,DE6,0.08773267695449544
2049,FM06_ScotPine,DE7,10.501861427984265
2049,FM06_ScotPine,DE8,45.16205246678283
2049,FM06_ScotPine,DE9,65.94389824872971
2049,FM06_ScotPine,DEA,9.431457714309001
2049,FM06_ScotPine,DEB,10.381093373445745
2049,FM06_ScotPine,DEC,0.284523538972083
2049,FM06_ScotPine,DEE,47.56544747898538
2049,FM06_ScotPine,DED,31.545800199839576
2049,FM06_ScotPine,DEF,1.4263672592301149
2049,FM06_ScotPine,DEG,12.788630061324625
2049,PC_Rewetting,DE1,763.5314330096274
2049,PC_Rewetting,DE2,3590.968439631939
2049,PC_Rewetting,DE3,11.025833216801551
2049,PC_Rewetting,DE4,4069.9678568458507
2049,PC_Rewetting,DE5,103.61149715860446
2049,PC_Rewetting,DE6,50.484294476240756
2049,PC_Rewetting,DE7,119.38981740713487
2049,PC_Rewetting,DE8,4531.115774320202
2049,PC_Rewetting,DE9,10579.007646192715
2049,PC_Rewetting,DEA,725.7236024441919
2049,PC_Rewetting,DEB,100.87363416663281
2049,PC_Rewetting,DEC,12.59575234283386
2049,PC_Rewetting,DEE,1330.5855883005938
2049,PC_Rewetting,DED,485.6462522233231
2049,PC_Rewetting,DEF,2548.0800266553515
2049,PC_Rewetting,DEG,17.392551607958808
2050,FM01_PSA,DE1,12834.674699999998
2050,FM01_PSA,DE2,12691.405499999999
2050,FM01_PSA,DE3,4.5066
2050,FM01_PSA,DE4,808.59
2050,FM01_PSA,DE5,3.2310000000000003
2050,FM01_PSA,DE6,16.602899999999998
2050,FM01_PSA,DE7,11576.721300000001
2050,FM01_PSA,DE8,2453.0139
2050,FM01_PSA,DE9,5792.1258
2050,FM01_PSA,DEA,7020.4761
2050,FM01_PSA,DEB,9211.731300000001
2050,FM01_PSA,DEC,1072.5008999999998
2050,FM01_PSA,DEE,1394.1501
2050,FM01_PSA,DED,876.216
2050,FM01_PSA,DEF,1618.5957
2050,FM01_PSA,DEG,4429.9827
2050,FM02_TSA,DE1,12834.674699999998
2050,FM02_TSA,DE2,12691.405499999999
2050,FM02_TSA,DE3,4.5066
2050,FM02_TSA,DE4,808.59
2050,FM02_TSA,DE5,3.2310000000000003
2050,FM02_TSA,DE6,16.602899999999998
2050,FM02_TSA,DE7,11576.721300000001
2050,FM02_TSA,DE8,2453.0139
2050,FM02_TSA,DE9,5792.1258
2050,FM02_TSA,DEA,7020.4761
2050,FM02_TSA,DEB,9211.731300000001
2050,FM02_TSA,DEC,1072.5008999999998
2050,FM02_TSA,DEE,1394.1501
2050,FM02_TSA,DED,876.216
2050,FM02_TSA,DEF,1618.5957
2050,FM02_TSA,DEG,4429.9827
2050,FM03_Beech,DE1,84.01052521139333
2050,FM03_Beech,DE2,83.07274369219236
2050,FM03_Beech,DE3,0.029498358296347407
2050,FM03_Beech,DE4,5.29269904913761
2050,FM03_Beech,DE5,0.021148803012359316
2050,FM03_Beech,DE6,0.10867578506156002
2050,FM03_Beech,DE7,75.77647734530618
2050,FM03_Beech,DE8,16.056424561336822
2050,FM03_Beech,DE9,37.91288380284868
2050,FM03_Beech,DEA,45.953161897826234
2050,FM03_Beech,DEB,60.296221190493526
2050,FM03_Beech,DEC,7.020151737752421
2050,FM03_Beech,DEE,9.12553569624297
2050,FM03_Beech,DED,5.735351154527214
2050,FM03_Beech,DEF,10.594664690792891
2050,FM03_Beech,DEG,28.996852822797784
2050,FM04_DouglasFir,DE1,8.15972168766576
2050,FM04_DouglasFir,DE2,5.230925429205276
2050,FM04_DouglasFir,DE3,0.0017922217177619257
2050,FM04_DouglasFir,DE4,0.794882859186073
2050,FM04_DouglasFir,DE5,0.0027144259522704555
2050,FM04_DouglasFir,DE6,0.013045258039776474
2050,FM04_DouglasFir,DE7,5.444636609578081
2050,FM04_DouglasFir,DE8,1.6200376085351413
2050,FM04_DouglasFir,DE9,4.399295233378551
2050,FM04_DouglasFir,DEA,3.394235595164952
2050,FM04_DouglasFir,DEB,10.321901004171357
2050,FM04_DouglasFir,DEC,1.0756089770405046
2050,FM04_DouglasFir,DEE,0.35633757155308543
2050,FM04_DouglasFir,DED,0.42324170154917057
2050,FM04_DouglasFir,DEF,0.5917105430187916
2050,FM04_DouglasFir,DEG,0.8798915025456688
2050,FM05_Oak,DE1,17.776364901767707
2050,FM05_Oak,DE2,26.12907622838123
2050,FM05_Oak,DE3,0.7017583067837722
2050,FM05_Oak,DE4,18.089853994984143
2050,FM05_Oak,DE5,0.03491196495175161
2050,FM05_Oak,DE6,0.15192982380900408
2050,FM05_Oak,DE7,18.082180982656716
2050,FM05_Oak,DE8,11.051283880019968
2050,FM05_Oak,DE9,27.04655983796029
2050,FM05_Oak,DEA,29.614758700450775
2050,FM05_Oak,DEB,23.86228383588217
2050,FM05_Oak,DEC,4.3415649587961935
2050,FM05_Oak,DEE,13.532967237707375
2050,FM05_Oak,DED,12.371850616553605
2050,FM05_Oak,DEF,4.876548984232422
2050,FM05_Oak,DEG,8.340593336476466
2050,FM06_ScotPine,DE1,3.622110371802307
2050,FM06_ScotPine,DE2,59.0773987723879
2050,FM06_ScotPine,DE3,1.7395037840608178
2050,FM06_ScotPine,DE4,171.7068779186855
2050,FM06_ScotPine,DE5,0.01776308777160903
2050,FM06_ScotPine,DE6,0.08773267695449544
2050,FM06_ScotPine,DE7,10.501861427984265
2050,FM06_ScotPine,DE8,45.16205246678283
2050,FM06_ScotPine,DE9,65.94389824872971
2050,FM06_ScotPine,DEA,9.431457714309001
2050,FM06_ScotPine,DEB,10.381093373445745
2050,FM06_ScotPine,DEC,0.284523538972083
2050,FM06_ScotPine,DEE,47.56544747898538
2050,FM06_ScotPine,DED,31.545800199839576
2050,FM06_ScotPine,DEF,1.4263672592301149
2050,FM06_ScotPine,DEG,12.788630061324625
2050,PC_Rewetting,DE1,788.7721415388713
2050,PC_Rewetting,DE2,3709.6781401156395
2050,PC_Rewetting,DE3,11.390323571075982
2050,PC_Rewetting,DE4,4204.512248807697
2050,PC_Rewetting,DE5,107.03667061839305
2050,PC_Rewetting,DE6,52.15319677297599
2050,PC_Rewetting,DE7,123.33658823051124
2050,PC_Rewetting,DE8,4680.904725537399
2050,PC_Rewetting,DE9,10928.726907223878
2050,PC_Rewetting,DEA,749.714465334909
2050,PC_Rewetting,DEB,104.20829975891819
2050,PC_Rewetting,DEC,13.01214085003498
2050,PC_Rewetting,DEE,1374.5718887402827
2050,PC_Rewetting,DED,501.7006737844246
2050,PC_Rewetting,DEF,2632.314077123297
2050,PC_Rewetting,DEG,17.96751199169298
