year,techAgri,r,costTechAgri
2020,Agri01_AGC,DE1,0.0
2020,Agri01_AGC,DE2,0.0
2020,Agri01_AGC,DE3,0.0
2020,Agri01_AGC,DE4,0.0
2020,Agri01_AGC,DE5,0.0
2020,Agri01_AGC,DE6,0.0
2020,Agri01_AGC,DE7,0.0
2020,Agri01_AGC,DE8,0.0
2020,Agri01_AGC,DE9,0.0
2020,Agri01_AGC,DEA,0.0
2020,Agri01_AGC,DEB,0.0
2020,Agri01_AGC,DEC,0.0
2020,Agri01_AGC,DEE,0.0
2020,Agri01_AGC,DED,0.0
2020,Agri01_AGC,DEF,0.0
2020,Agri01_AGC,DEG,0.0
2020,Agri02_OFC,DE1,0.0
2020,Agri02_OFC,DE2,0.0
2020,Agri02_OFC,DE3,0.0
2020,Agri02_OFC,DE4,0.0
2020,Agri02_OFC,DE5,0.0
2020,Agri02_OFC,DE6,0.0
2020,Agri02_OFC,DE7,0.0
2020,Agri02_OFC,DE8,0.0
2020,Agri02_OFC,DE9,0.0
2020,Agri02_OFC,DEA,0.0
2020,Agri02_OFC,DEB,0.0
2020,Agri02_OFC,DEC,0.0
2020,Agri02_OFC,DEE,0.0
2020,Agri02_OFC,DED,0.0
2020,Agri02_OFC,DEF,0.0
2020,Agri02_OFC,DEG,0.0
2020,Agri03_No-till,DE1,0.0
2020,Agri03_No-till,DE2,0.0
2020,Agri03_No-till,DE3,0.0
2020,Agri03_No-till,DE4,0.0
2020,Agri03_No-till,DE5,0.0
2020,Agri03_No-till,DE6,0.0
2020,Agri03_No-till,DE7,0.0
2020,Agri03_No-till,DE8,0.0
2020,Agri03_No-till,DE9,0.0
2020,Agri03_No-till,DEA,0.0
2020,Agri03_No-till,DEB,0.0
2020,Agri03_No-till,DEC,0.0
2020,Agri03_No-till,DEE,0.0
2020,Agri03_No-till,DED,0.0
2020,Agri03_No-till,DEF,0.0
2020,Agri03_No-till,DEG,0.0
2020,Agri04_toGrassland,DE1,0.0
2020,Agri04_toGrassland,DE2,0.0
2020,Agri04_toGrassland,DE3,0.0
2020,Agri04_toGrassland,DE4,0.0
2020,Agri04_toGrassland,DE5,0.0
2020,Agri04_toGrassland,DE6,0.0
2020,Agri04_toGrassland,DE7,0.0
2020,Agri04_toGrassland,DE8,0.0
2020,Agri04_toGrassland,DE9,0.0
2020,Agri04_toGrassland,DEA,0.0
2020,Agri04_toGrassland,DEB,0.0
2020,Agri04_toGrassland,DEC,0.0
2020,Agri04_toGrassland,DEE,0.0
2020,Agri04_toGrassland,DED,0.0
2020,Agri04_toGrassland,DEF,0.0
2020,Agri04_toGrassland,DEG,0.0
2020,Agri05_Agroforestry,DE1,0.0
2020,Agri05_Agroforestry,DE2,0.0
2020,Agri05_Agroforestry,DE3,0.0
2020,Agri05_Agroforestry,DE4,0.0
2020,Agri05_Agroforestry,DE5,0.0
2020,Agri05_Agroforestry,DE6,0.0
2020,Agri05_Agroforestry,DE7,0.0
2020,Agri05_Agroforestry,DE8,0.0
2020,Agri05_Agroforestry,DE9,0.0
2020,Agri05_Agroforestry,DEA,0.0
2020,Agri05_Agroforestry,DEB,0.0
2020,Agri05_Agroforestry,DEC,0.0
2020,Agri05_Agroforestry,DEE,0.0
2020,Agri05_Agroforestry,DED,0.0
2020,Agri05_Agroforestry,DEF,0.0
2020,Agri05_Agroforestry,DEG,0.0
2020,Agri06_Biochar,DE1,0.0
2020,Agri06_Biochar,DE2,0.0
2020,Agri06_Biochar,DE3,0.0
2020,Agri06_Biochar,DE4,0.0
2020,Agri06_Biochar,DE5,0.0
2020,Agri06_Biochar,DE6,0.0
2020,Agri06_Biochar,DE7,0.0
2020,Agri06_Biochar,DE8,0.0
2020,Agri06_Biochar,DE9,0.0
2020,Agri06_Biochar,DEA,0.0
2020,Agri06_Biochar,DEB,0.0
2020,Agri06_Biochar,DEC,0.0
2020,Agri06_Biochar,DEE,0.0
2020,Agri06_Biochar,DED,0.0
2020,Agri06_Biochar,DEF,0.0
2020,Agri06_Biochar,DEG,0.0
2021,Agri01_AGC,DE1,0.0
2021,Agri01_AGC,DE2,2507206.489859491
2021,Agri01_AGC,DE3,0.0
2021,Agri01_AGC,DE4,0.0
2021,Agri01_AGC,DE5,0.0
2021,Agri01_AGC,DE6,0.0
2021,Agri01_AGC,DE7,646631.4428646218
2021,Agri01_AGC,DE8,0.0
2021,Agri01_AGC,DE9,2070285.926834005
2021,Agri01_AGC,DEA,0.0
2021,Agri01_AGC,DEB,0.0
2021,Agri01_AGC,DEC,0.0
2021,Agri01_AGC,DEE,0.0
2021,Agri01_AGC,DED,0.0
2021,Agri01_AGC,DEF,790610.7993986052
2021,Agri01_AGC,DEG,632059.5097642854
2021,Agri02_OFC,DE1,0.0
2021,Agri02_OFC,DE2,0.0
2021,Agri02_OFC,DE3,0.0
2021,Agri02_OFC,DE4,0.0
2021,Agri02_OFC,DE5,0.0
2021,Agri02_OFC,DE6,0.0
2021,Agri02_OFC,DE7,0.0
2021,Agri02_OFC,DE8,0.0
2021,Agri02_OFC,DE9,0.0
2021,Agri02_OFC,DEA,0.0
2021,Agri02_OFC,DEB,0.0
2021,Agri02_OFC,DEC,0.0
2021,Agri02_OFC,DEE,0.0
2021,Agri02_OFC,DED,0.0
2021,Agri02_OFC,DEF,0.0
2021,Agri02_OFC,DEG,0.0
2021,Agri03_No-till,DE1,0.0
2021,Agri03_No-till,DE2,0.0
2021,Agri03_No-till,DE3,0.0
2021,Agri03_No-till,DE4,0.0
2021,Agri03_No-till,DE5,0.0
2021,Agri03_No-till,DE6,0.0
2021,Agri03_No-till,DE7,0.0
2021,Agri03_No-till,DE8,0.0
2021,Agri03_No-till,DE9,0.0
2021,Agri03_No-till,DEA,0.0
2021,Agri03_No-till,DEB,0.0
2021,Agri03_No-till,DEC,0.0
2021,Agri03_No-till,DEE,0.0
2021,Agri03_No-till,DED,0.0
2021,Agri03_No-till,DEF,0.0
2021,Agri03_No-till,DEG,0.0
2021,Agri04_toGrassland,DE1,12515.362365339839
2021,Agri04_toGrassland,DE2,27288.354074720446
2021,Agri04_toGrassland,DE3,25.482445096631064
2021,Agri04_toGrassland,DE4,10791.026010730327
2021,Agri04_toGrassland,DE5,81.9285824937366
2021,Agri04_toGrassland,DE6,134.57107970013377
2021,Agri04_toGrassland,DE7,7037.915640417018
2021,Agri04_toGrassland,DE8,11905.139314673599
2021,Agri04_toGrassland,DE9,22532.92484518225
2021,Agri04_toGrassland,DEA,13076.921851417725
2021,Agri04_toGrassland,DEB,6506.7240262565065
2021,Agri04_toGrassland,DEC,691.8713075333843
2021,Agri04_toGrassland,DEE,9979.642254611697
2021,Agri04_toGrassland,DED,7426.26083909097
2021,Agri04_toGrassland,DEF,8604.982284684496
2021,Agri04_toGrassland,DEG,6879.315193424156
2021,Agri05_Agroforestry,DE1,86734.2226734532
2021,Agri05_Agroforestry,DE2,189114.31484106046
2021,Agri05_Agroforestry,DE3,176.5989671538551
2021,Agri05_Agroforestry,DE4,74784.19126574727
2021,Agri05_Agroforestry,DE5,567.7831540069177
2021,Agri05_Agroforestry,DE6,932.6072750752098
2021,Agri05_Agroforestry,DE7,48774.308285586194
2021,Agri05_Agroforestry,DE8,82505.24228823186
2021,Agri05_Agroforestry,DE9,156158.14100746214
2021,Agri05_Agroforestry,DEA,90625.95381859026
2021,Agri05_Agroforestry,DEB,45093.033193427276
2021,Agri05_Agroforestry,DEC,4794.820820782868
2021,Agri05_Agroforestry,DEE,69161.12280616254
2021,Agri05_Agroforestry,DED,51465.62619973901
2021,Agri05_Agroforestry,DEF,59634.425899475675
2021,Agri05_Agroforestry,DEG,47675.17219315596
2021,Agri06_Biochar,DE1,0.0
2021,Agri06_Biochar,DE2,0.0
2021,Agri06_Biochar,DE3,0.0
2021,Agri06_Biochar,DE4,0.0
2021,Agri06_Biochar,DE5,0.0
2021,Agri06_Biochar,DE6,0.0
2021,Agri06_Biochar,DE7,0.0
2021,Agri06_Biochar,DE8,0.0
2021,Agri06_Biochar,DE9,0.0
2021,Agri06_Biochar,DEA,0.0
2021,Agri06_Biochar,DEB,0.0
2021,Agri06_Biochar,DEC,0.0
2021,Agri06_Biochar,DEE,0.0
2021,Agri06_Biochar,DED,0.0
2021,Agri06_Biochar,DEF,0.0
2021,Agri06_Biochar,DEG,0.0
2022,Agri01_AGC,DE1,0.0
2022,Agri01_AGC,DE2,4840290.408926825
2022,Agri01_AGC,DE3,0.0
2022,Agri01_AGC,DE4,0.0
2022,Agri01_AGC,DE5,0.0
2022,Agri01_AGC,DE6,0.0
2022,Agri01_AGC,DE7,1239829.7507629888
2022,Agri01_AGC,DE8,0.0
2022,Agri01_AGC,DE9,4009341.006351861
2022,Agri01_AGC,DEA,0.0
2022,Agri01_AGC,DEB,0.0
2022,Agri01_AGC,DEC,0.0
2022,Agri01_AGC,DEE,209754.90607763204
2022,Agri01_AGC,DED,0.0
2022,Agri01_AGC,DEF,1502081.766494949
2022,Agri01_AGC,DEG,1200855.52675385
2022,Agri02_OFC,DE1,0.0
2022,Agri02_OFC,DE2,0.0
2022,Agri02_OFC,DE3,0.0
2022,Agri02_OFC,DE4,0.0
2022,Agri02_OFC,DE5,0.0
2022,Agri02_OFC,DE6,0.0
2022,Agri02_OFC,DE7,0.0
2022,Agri02_OFC,DE8,0.0
2022,Agri02_OFC,DE9,0.0
2022,Agri02_OFC,DEA,0.0
2022,Agri02_OFC,DEB,0.0
2022,Agri02_OFC,DEC,0.0
2022,Agri02_OFC,DEE,0.0
2022,Agri02_OFC,DED,0.0
2022,Agri02_OFC,DEF,0.0
2022,Agri02_OFC,DEG,0.0
2022,Agri03_No-till,DE1,0.0
2022,Agri03_No-till,DE2,0.0
2022,Agri03_No-till,DE3,0.0
2022,Agri03_No-till,DE4,0.0
2022,Agri03_No-till,DE5,0.0
2022,Agri03_No-till,DE6,0.0
2022,Agri03_No-till,DE7,0.0
2022,Agri03_No-till,DE8,0.0
2022,Agri03_No-till,DE9,0.0
2022,Agri03_No-till,DEA,0.0
2022,Agri03_No-till,DEB,0.0
2022,Agri03_No-till,DEC,0.0
2022,Agri03_No-till,DEE,0.0
2022,Agri03_No-till,DED,0.0
2022,Agri03_No-till,DEF,0.0
2022,Agri03_No-till,DEG,0.0
2022,Agri04_toGrassland,DE1,25078.934637891467
2022,Agri04_toGrassland,DE2,53674.801319710896
2022,Agri04_toGrassland,DE3,902.454470748465
2022,Agri04_toGrassland,DE4,21799.891534242408
2022,Agri04_toGrassland,DE5,551.3790048567943
2022,Agri04_toGrassland,DE6,297.17003209271115
2022,Agri04_toGrassland,DE7,13748.682397183862
2022,Agri04_toGrassland,DE8,23888.21150328672
2022,Agri04_toGrassland,DE9,44460.26245491735
2022,Agri04_toGrassland,DEA,26156.41403531291
2022,Agri04_toGrassland,DEB,13179.533690434015
2022,Agri04_toGrassland,DEC,1916.5999390040463
2022,Agri04_toGrassland,DEE,19915.752695661304
2022,Agri04_toGrassland,DED,14965.10197500508
2022,Agri04_toGrassland,DEF,16656.839480929506
2022,Agri04_toGrassland,DEG,13316.490616619962
2022,Agri05_Agroforestry,DE1,217844.1612760621
2022,Agri05_Agroforestry,DE2,429587.80633000674
2022,Agri05_Agroforestry,DE3,22623.989521604137
2022,Agri05_Agroforestry,DE4,195776.54681815108
2022,Agri05_Agroforestry,DE5,18881.520486814017
2022,Agri05_Agroforestry,DE6,3582.505689738084
2022,Agri05_Agroforestry,DE7,106532.75503254603
2022,Agri05_Agroforestry,DE8,208668.42667748814
2022,Agri05_Agroforestry,DE9,360998.1708045716
2022,Agri05_Agroforestry,DEA,225463.77256421247
2022,Agri05_Agroforestry,DEB,119614.27196997828
2022,Agri05_Agroforestry,DEC,35944.15087036967
2022,Agri05_Agroforestry,DEE,170011.62981649712
2022,Agri05_Agroforestry,DED,133048.13043329187
2022,Agri05_Agroforestry,DEF,123350.0869189513
2022,Agri05_Agroforestry,DEG,98615.82542057923
2022,Agri06_Biochar,DE1,0.0
2022,Agri06_Biochar,DE2,0.0
2022,Agri06_Biochar,DE3,0.0
2022,Agri06_Biochar,DE4,0.0
2022,Agri06_Biochar,DE5,0.0
2022,Agri06_Biochar,DE6,0.0
2022,Agri06_Biochar,DE7,0.0
2022,Agri06_Biochar,DE8,0.0
2022,Agri06_Biochar,DE9,0.0
2022,Agri06_Biochar,DEA,0.0
2022,Agri06_Biochar,DEB,0.0
2022,Agri06_Biochar,DEC,0.0
2022,Agri06_Biochar,DEE,0.0
2022,Agri06_Biochar,DED,0.0
2022,Agri06_Biochar,DEF,0.0
2022,Agri06_Biochar,DEG,0.0
2023,Agri01_AGC,DE1,1148779.9274113711
2023,Agri01_AGC,DE2,6999652.733398602
2023,Agri01_AGC,DE3,0.0
2023,Agri01_AGC,DE4,0.0
2023,Agri01_AGC,DE5,0.0
2023,Agri01_AGC,DE6,0.0
2023,Agri01_AGC,DE7,1780597.6068313012
2023,Agri01_AGC,DE8,972665.4715533941
2023,Agri01_AGC,DE9,5816172.7420337
2023,Agri01_AGC,DEA,1192006.860335721
2023,Agri01_AGC,DEB,0.0
2023,Agri01_AGC,DEC,0.0
2023,Agri01_AGC,DEE,1104142.3463724074
2023,Agri01_AGC,DED,0.0
2023,Agri01_AGC,DEF,2137095.4663938605
2023,Agri01_AGC,DEG,1708532.0755715033
2023,Agri02_OFC,DE1,0.0
2023,Agri02_OFC,DE2,0.0
2023,Agri02_OFC,DE3,0.0
2023,Agri02_OFC,DE4,0.0
2023,Agri02_OFC,DE5,0.0
2023,Agri02_OFC,DE6,0.0
2023,Agri02_OFC,DE7,0.0
2023,Agri02_OFC,DE8,0.0
2023,Agri02_OFC,DE9,0.0
2023,Agri02_OFC,DEA,0.0
2023,Agri02_OFC,DEB,0.0
2023,Agri02_OFC,DEC,0.0
2023,Agri02_OFC,DEE,0.0
2023,Agri02_OFC,DED,0.0
2023,Agri02_OFC,DEF,0.0
2023,Agri02_OFC,DEG,0.0
2023,Agri03_No-till,DE1,0.0
2023,Agri03_No-till,DE2,0.0
2023,Agri03_No-till,DE3,0.0
2023,Agri03_No-till,DE4,0.0
2023,Agri03_No-till,DE5,0.0
2023,Agri03_No-till,DE6,0.0
2023,Agri03_No-till,DE7,0.0
2023,Agri03_No-till,DE8,0.0
2023,Agri03_No-till,DE9,0.0
2023,Agri03_No-till,DEA,0.0
2023,Agri03_No-till,DEB,0.0
2023,Agri03_No-till,DEC,0.0
2023,Agri03_No-till,DEE,0.0
2023,Agri03_No-till,DED,0.0
2023,Agri03_No-till,DEF,0.0
2023,Agri03_No-till,DEG,0.0
2023,Agri04_toGrassland,DE1,37669.46882646551
2023,Agri04_toGrassland,DE2,79161.36579530548
2023,Agri04_toGrassland,DE3,2589.992644613487
2023,Agri04_toGrassland,DE4,32999.81225692772
2023,Agri04_toGrassland,DE5,1389.6201871016933
2023,Agri04_toGrassland,DE6,486.2475005315262
2023,Agri04_toGrassland,DE7,20137.361645965444
2023,Agri04_toGrassland,DE8,35927.46454651381
2023,Agri04_toGrassland,DE9,65777.0028738647
2023,Agri04_toGrassland,DEA,39218.57045389752
2023,Agri04_toGrassland,DEB,20000.610942213614
2023,Agri04_toGrassland,DEC,3647.5537096162807
2023,Agri04_toGrassland,DEE,29795.324397172553
2023,Agri04_toGrassland,DED,22599.883385488687
2023,Agri04_toGrassland,DEF,24169.112725761206
2023,Agri04_toGrassland,DEG,19322.34894482534
2023,Agri05_Agroforestry,DE1,398546.8010804562
2023,Agri05_Agroforestry,DE2,726108.8429365371
2023,Agri05_Agroforestry,DE3,23734.775852306964
2023,Agri05_Agroforestry,DE4,368645.72271465167
2023,Agri05_Agroforestry,DE5,57546.433575104005
2023,Agri05_Agroforestry,DE6,8188.455244204906
2023,Agri05_Agroforestry,DE7,173856.77012318047
2023,Agri05_Agroforestry,DE8,383665.13936036977
2023,Agri05_Agroforestry,DE9,619315.3852460006
2023,Agri05_Agroforestry,DEA,409647.11294419534
2023,Agri05_Agroforestry,DEB,227212.41086842166
2023,Agri05_Agroforestry,DEC,97256.89848503805
2023,Agri05_Agroforestry,DEE,306167.188645222
2023,Agri05_Agroforestry,DED,248400.71487540356
2023,Agri05_Agroforestry,DEF,190841.06305281425
2023,Agri05_Agroforestry,DEG,152577.78861950175
2023,Agri06_Biochar,DE1,0.0
2023,Agri06_Biochar,DE2,0.0
2023,Agri06_Biochar,DE3,0.0
2023,Agri06_Biochar,DE4,0.0
2023,Agri06_Biochar,DE5,0.0
2023,Agri06_Biochar,DE6,0.0
2023,Agri06_Biochar,DE7,0.0
2023,Agri06_Biochar,DE8,0.0
2023,Agri06_Biochar,DE9,0.0
2023,Agri06_Biochar,DEA,0.0
2023,Agri06_Biochar,DEB,0.0
2023,Agri06_Biochar,DEC,0.0
2023,Agri06_Biochar,DEE,0.0
2023,Agri06_Biochar,DED,0.0
2023,Agri06_Biochar,DEF,0.0
2023,Agri06_Biochar,DEG,0.0
2024,Agri01_AGC,DE1,2250931.878695236
2024,Agri01_AGC,DE2,8985694.43947143
2024,Agri01_AGC,DE3,0.0
2024,Agri01_AGC,DE4,1030730.1081721599
2024,Agri01_AGC,DE5,0.0
2024,Agri01_AGC,DE6,0.0
2024,Agri01_AGC,DE7,2269937.6942057596
2024,Agri01_AGC,DE8,2033522.369687162
2024,Agri01_AGC,DE9,7489788.637359656
2024,Agri01_AGC,DEA,2331892.2197814095
2024,Agri01_AGC,DEB,500053.49552408507
2024,Agri01_AGC,DEC,0.0
2024,Agri01_AGC,DEE,1955516.2809905172
2024,Agri01_AGC,DED,699946.7223111516
2024,Agri01_AGC,DEF,2698334.4642001707
2024,Agri01_AGC,DEG,2157233.180820056
2024,Agri02_OFC,DE1,0.0
2024,Agri02_OFC,DE2,0.0
2024,Agri02_OFC,DE3,0.0
2024,Agri02_OFC,DE4,0.0
2024,Agri02_OFC,DE5,0.0
2024,Agri02_OFC,DE6,0.0
2024,Agri02_OFC,DE7,0.0
2024,Agri02_OFC,DE8,0.0
2024,Agri02_OFC,DE9,0.0
2024,Agri02_OFC,DEA,0.0
2024,Agri02_OFC,DEB,0.0
2024,Agri02_OFC,DEC,0.0
2024,Agri02_OFC,DEE,0.0
2024,Agri02_OFC,DED,0.0
2024,Agri02_OFC,DEF,0.0
2024,Agri02_OFC,DEG,0.0
2024,Agri03_No-till,DE1,0.0
2024,Agri03_No-till,DE2,0.0
2024,Agri03_No-till,DE3,0.0
2024,Agri03_No-till,DE4,0.0
2024,Agri03_No-till,DE5,0.0
2024,Agri03_No-till,DE6,0.0
2024,Agri03_No-till,DE7,0.0
2024,Agri03_No-till,DE8,0.0
2024,Agri03_No-till,DE9,0.0
2024,Agri03_No-till,DEA,0.0
2024,Agri03_No-till,DEB,0.0
2024,Agri03_No-till,DEC,0.0
2024,Agri03_No-till,DEE,0.0
2024,Agri03_No-till,DED,0.0
2024,Agri03_No-till,DEF,0.0
2024,Agri03_No-till,DEG,0.0
2024,Agri04_toGrassland,DE1,50265.7169398726
2024,Agri04_toGrassland,DE2,103750.07156183835
2024,Agri04_toGrassland,DE3,5047.173534349681
2024,Agri04_toGrassland,DE4,44364.00386517774
2024,Agri04_toGrassland,DE5,2577.9210492409543
2024,Agri04_toGrassland,DE6,700.2541283703727
2024,Agri04_toGrassland,DE7,26209.014762426672
2024,Agri04_toGrassland,DE8,48001.146425029365
2024,Agri04_toGrassland,DE9,86478.13614668362
2024,Agri04_toGrassland,DEA,52243.48500938351
2024,Agri04_toGrassland,DEB,26952.137731276398
2024,Agri04_toGrassland,DEC,5858.100434574383
2024,Agri04_toGrassland,DEE,39605.35043316918
2024,Agri04_toGrassland,DED,30313.965048288163
2024,Agri04_toGrassland,DEF,31155.34315620578
2024,Agri04_toGrassland,DEG,24907.7128532782
2024,Agri05_Agroforestry,DE1,634059.127359265
2024,Agri05_Agroforestry,DE2,1083365.7931303491
2024,Agri05_Agroforestry,DE3,24845.562183009784
2024,Agri05_Agroforestry,DE4,599060.3750126892
2024,Agri05_Agroforestry,DE5,119167.74399555956
2024,Agri05_Agroforestry,DE6,14989.215938691952
2024,Agri05_Agroforestry,DE7,251327.78343979036
2024,Agri05_Agroforestry,DE8,612670.9665294774
2024,Agri05_Agroforestry,DE9,935905.0801864212
2024,Agri05_Agroforestry,DEA,648309.6316658676
2024,Agri05_Agroforestry,DEB,371536.144427526
2024,Agri05_Agroforestry,DEC,192541.97200106565
2024,Agri05_Agroforestry,DEE,481243.46690655535
2024,Agri05_Agroforestry,DED,401176.5817008191
2024,Agri05_Agroforestry,DEF,261801.43429545182
2024,Agri05_Agroforestry,DEG,209316.89072715538
2024,Agri06_Biochar,DE1,0.0
2024,Agri06_Biochar,DE2,0.0
2024,Agri06_Biochar,DE3,0.0
2024,Agri06_Biochar,DE4,0.0
2024,Agri06_Biochar,DE5,0.0
2024,Agri06_Biochar,DE6,0.0
2024,Agri06_Biochar,DE7,0.0
2024,Agri06_Biochar,DE8,0.0
2024,Agri06_Biochar,DE9,0.0
2024,Agri06_Biochar,DEA,0.0
2024,Agri06_Biochar,DEB,0.0
2024,Agri06_Biochar,DEC,0.0
2024,Agri06_Biochar,DEE,0.0
2024,Agri06_Biochar,DED,0.0
2024,Agri06_Biochar,DEF,0.0
2024,Agri06_Biochar,DEG,0.0
2025,Agri01_AGC,DE1,3302246.523453257
2025,Agri01_AGC,DE2,10798816.503341904
2025,Agri01_AGC,DE3,0.0
2025,Agri01_AGC,DE4,2028492.8362694627
2025,Agri01_AGC,DE5,0.0
2025,Agri01_AGC,DE6,0.0
2025,Agri01_AGC,DE7,2708852.696022563
2025,Agri01_AGC,DE8,3047997.7507361607
2025,Agri01_AGC,DE9,9029196.195809858
2025,Agri01_AGC,DEA,3415712.583548089
2025,Agri01_AGC,DEB,1117480.5870293963
2025,Agri01_AGC,DEC,0.0
2025,Agri01_AGC,DEE,2761299.974634358
2025,Agri01_AGC,DED,1374904.3187077919
2025,Agri01_AGC,DEF,3188481.325018709
2025,Agri01_AGC,DEG,2549102.867102317
2025,Agri02_OFC,DE1,781584.3820463852
2025,Agri02_OFC,DE2,1480688.8880197683
2025,Agri02_OFC,DE3,190523.91825664372
2025,Agri02_OFC,DE4,713016.1183826012
2025,Agri02_OFC,DE5,91041.50059906334
2025,Agri02_OFC,DE6,14508.605142453589
2025,Agri02_OFC,DE7,360904.02949562896
2025,Agri02_OFC,DE8,750593.4110554125
2025,Agri02_OFC,DE9,1253533.7023018654
2025,Agri02_OFC,DEA,806045.8520757755
2025,Agri02_OFC,DEB,437639.01054395677
2025,Agri02_OFC,DEC,160862.48108691763
2025,Agri02_OFC,DEE,605037.7891030584
2025,Agri02_OFC,DED,482404.66685526684
2025,Agri02_OFC,DEF,407281.3440158271
2025,Agri02_OFC,DEG,325617.3410133732
2025,Agri03_No-till,DE1,0.0
2025,Agri03_No-till,DE2,0.0
2025,Agri03_No-till,DE3,0.0
2025,Agri03_No-till,DE4,0.0
2025,Agri03_No-till,DE5,0.0
2025,Agri03_No-till,DE6,0.0
2025,Agri03_No-till,DE7,0.0
2025,Agri03_No-till,DE8,0.0
2025,Agri03_No-till,DE9,0.0
2025,Agri03_No-till,DEA,0.0
2025,Agri03_No-till,DEB,0.0
2025,Agri03_No-till,DEC,0.0
2025,Agri03_No-till,DEE,0.0
2025,Agri03_No-till,DED,0.0
2025,Agri03_No-till,DEF,0.0
2025,Agri03_No-till,DEG,0.0
2025,Agri04_toGrassland,DE1,62846.43098692336
2025,Agri04_toGrassland,DE2,127442.94267964367
2025,Agri04_toGrassland,DE3,8233.073707615036
2025,Agri04_toGrassland,DE4,55865.68204538396
2025,Agri04_toGrassland,DE5,4097.550511287098
2025,Agri04_toGrassland,DE6,937.6405589630446
2025,Agri04_toGrassland,DE7,31968.703122232462
2025,Agri04_toGrassland,DE8,60087.50511950785
2025,Agri04_toGrassland,DE9,106558.65231803352
2025,Agri04_toGrassland,DEA,65211.25160398285
2025,Agri04_toGrassland,DEB,34016.296007303456
2025,Agri04_toGrassland,DEC,8521.60792908265
2025,Agri04_toGrassland,DEE,49332.823877674935
2025,Agri04_toGrassland,DED,38090.706941149874
2025,Agri04_toGrassland,DEF,37629.07190928941
2025,Agri04_toGrassland,DEG,30083.405017216475
2025,Agri05_Agroforestry,DE1,929598.1253851178
2025,Agri05_Agroforestry,DE2,1506047.0253811418
2025,Agri05_Agroforestry,DE3,25956.34851371261
2025,Agri05_Agroforestry,DE4,892689.1597697039
2025,Agri05_Agroforestry,DE5,206350.6733248634
2025,Agri05_Agroforestry,DE6,24223.54777341551
2025,Agri05_Agroforestry,DE7,339527.22486467677
2025,Agri05_Agroforestry,DE8,900861.4943774123
2025,Agri05_Agroforestry,DE9,1315562.5514805056
2025,Agri05_Agroforestry,DEA,946584.9854365578
2025,Agri05_Agroforestry,DEB,556234.16718606
2025,Agri05_Agroforestry,DEC,325608.27975473023
2025,Agri05_Agroforestry,DEE,698856.1322147155
2025,Agri05_Agroforestry,DED,595028.9330842835
2025,Agri05_Agroforestry,DEF,335925.28064125136
2025,Agri05_Agroforestry,DEG,268588.960680772
2025,Agri06_Biochar,DE1,0.0
2025,Agri06_Biochar,DE2,0.0
2025,Agri06_Biochar,DE3,0.0
2025,Agri06_Biochar,DE4,0.0
2025,Agri06_Biochar,DE5,0.0
2025,Agri06_Biochar,DE6,0.0
2025,Agri06_Biochar,DE7,0.0
2025,Agri06_Biochar,DE8,0.0
2025,Agri06_Biochar,DE9,0.0
2025,Agri06_Biochar,DEA,0.0
2025,Agri06_Biochar,DEB,0.0
2025,Agri06_Biochar,DEC,0.0
2025,Agri06_Biochar,DEE,0.0
2025,Agri06_Biochar,DED,0.0
2025,Agri06_Biochar,DEF,0.0
2025,Agri06_Biochar,DEG,0.0
2026,Agri01_AGC,DE1,4298514.531287098
2026,Agri01_AGC,DE2,12439419.901206639
2026,Agri01_AGC,DE3,0.0
2026,Agri01_AGC,DE4,2987982.081495362
2026,Agri01_AGC,DE5,0.0
2026,Agri01_AGC,DE6,0.0
2026,Agri01_AGC,DE7,3098345.2954179137
2026,Agri01_AGC,DE8,4011782.4338768423
2026,Agri01_AGC,DE9,10433402.920864442
2026,Agri01_AGC,DEA,4439524.456846786
2026,Agri01_AGC,DEB,1713640.3599371475
2026,Agri01_AGC,DEC,0.0
2026,Agri01_AGC,DEE,3518916.692006329
2026,Agri01_AGC,DED,2021576.3198495035
2026,Agri01_AGC,DEF,3610218.6139543075
2026,Agri01_AGC,DEG,2886285.1590210977
2026,Agri02_OFC,DE1,1524706.134618776
2026,Agri02_OFC,DE2,2841602.1770316013
2026,Agri02_OFC,DE3,411331.5547944627
2026,Agri02_OFC,DE4,1399155.042213396
2026,Agri02_OFC,DE5,195639.63323106125
2026,Agri02_OFC,DE6,29584.676292923632
2026,Agri02_OFC,DE7,687545.425149686
2026,Agri02_OFC,DE8,1465743.3476665176
2026,Agri02_OFC,DE9,2413126.855358605
2026,Agri02_OFC,DEA,1570198.5464213467
2026,Agri02_OFC,DEB,860310.3953135696
2026,Agri02_OFC,DEC,338506.2142285738
2026,Agri02_OFC,DEE,1176482.4802393627
2026,Agri02_OFC,DED,944981.3498862135
2026,Agri02_OFC,DEF,767210.1367677668
2026,Agri02_OFC,DEG,613380.4854886844
2026,Agri03_No-till,DE1,0.0
2026,Agri03_No-till,DE2,0.0
2026,Agri03_No-till,DE3,0.0
2026,Agri03_No-till,DE4,0.0
2026,Agri03_No-till,DE5,0.0
2026,Agri03_No-till,DE6,0.0
2026,Agri03_No-till,DE7,0.0
2026,Agri03_No-till,DE8,0.0
2026,Agri03_No-till,DE9,0.0
2026,Agri03_No-till,DEA,0.0
2026,Agri03_No-till,DEB,0.0
2026,Agri03_No-till,DEC,0.0
2026,Agri03_No-till,DEE,0.0
2026,Agri03_No-till,DED,0.0
2026,Agri03_No-till,DEF,0.0
2026,Agri03_No-till,DEG,0.0
2026,Agri04_toGrassland,DE1,75390.36297642843
2026,Agri04_toGrassland,DE2,150242.00320905552
2026,Agri04_toGrassland,DE3,12106.769732067532
2026,Agri04_toGrassland,DE4,67478.06248393783
2026,Agri04_toGrassland,DE5,5929.777493252643
2026,Agri04_toGrassland,DE6,1196.8574356633355
2026,Agri04_toGrassland,DE7,37421.48810104772
2026,Agri04_toGrassland,DE8,72164.7886106237
2026,Agri04_toGrassland,DE9,126013.54143257375
2026,Agri04_toGrassland,DEA,78101.96413990745
2026,Agri04_toGrassland,DEB,41175.26771997587
2026,Agri04_toGrassland,DEC,11611.44400834537
2026,Agri04_toGrassland,DEE,58964.73780471355
2026,Agri04_toGrassland,DED,45913.469041820164
2026,Agri04_toGrassland,DEF,43603.84012203826
2026,Agri04_toGrassland,DEG,34860.24811187806
2026,Agri05_Agroforestry,DE1,1290380.780430644
2026,Agri05_Agroforestry,DE2,1998840.9081586122
2026,Agri05_Agroforestry,DE3,27067.134844415432
2026,Agri05_Agroforestry,DE4,1255200.7330431356
2026,Agri05_Agroforestry,DE5,222206.16124714338
2026,Agri05_Agroforestry,DE6,36130.210748591846
2026,Agri05_Agroforestry,DE7,439036.52428014047
2026,Agri05_Agroforestry,DE8,1253412.3090967743
2026,Agri05_Agroforestry,DE9,1763083.0949829258
2026,Agri05_Agroforestry,DEA,1309606.8309635946
2026,Agri05_Agroforestry,DEB,784955.1736827921
2026,Agri05_Agroforestry,DEC,500264.73008230916
2026,Agri05_Agroforestry,DEE,962620.8521839206
2026,Agri05_Agroforestry,DED,833610.9712005416
2026,Agri05_Agroforestry,DEF,412906.6820846001
2026,Agri05_Agroforestry,DEG,330149.8274175835
2026,Agri06_Biochar,DE1,0.0
2026,Agri06_Biochar,DE2,0.0
2026,Agri06_Biochar,DE3,0.0
2026,Agri06_Biochar,DE4,0.0
2026,Agri06_Biochar,DE5,0.0
2026,Agri06_Biochar,DE6,0.0
2026,Agri06_Biochar,DE7,0.0
2026,Agri06_Biochar,DE8,0.0
2026,Agri06_Biochar,DE9,0.0
2026,Agri06_Biochar,DEA,0.0
2026,Agri06_Biochar,DEB,0.0
2026,Agri06_Biochar,DEC,0.0
2026,Agri06_Biochar,DEE,0.0
2026,Agri06_Biochar,DED,0.0
2026,Agri06_Biochar,DEF,0.0
2026,Agri06_Biochar,DEG,0.0
2027,Agri01_AGC,DE1,5235526.571798418
2027,Agri01_AGC,DE2,13907905.609262224
2027,Agri01_AGC,DE3,0.0
2027,Agri01_AGC,DE4,3903891.741053307
2027,Agri01_AGC,DE5,0.0
2027,Agri01_AGC,DE6,0.0
2027,Agri01_AGC,DE7,3439418.175528009
2027,Agri01_AGC,DE8,4920567.238285654
2027,Agri01_AGC,DE9,11701416.316003535
2027,Agri01_AGC,DEA,5399384.3448885195
2027,Agri01_AGC,DEB,2285002.9718176206
2027,Agri01_AGC,DEC,0.0
2027,Agri01_AGC,DEE,4225789.697808825
2027,Agri01_AGC,DED,2636666.256395865
2027,Agri01_AGC,DEF,3966228.896111794
2027,Agri01_AGC,DEG,3170924.0811792063
2027,Agri02_OFC,DE1,2226442.267140997
2027,Agri02_OFC,DE2,4083018.307911606
2027,Agri02_OFC,DE3,656793.2570964571
2027,Agri02_OFC,DE4,2054732.1739429377
2027,Agri02_OFC,DE5,311217.647473
2027,Agri02_OFC,DE6,45015.07542647252
2027,Agri02_OFC,DE7,980620.4576467342
2027,Agri02_OFC,DE8,2142457.482373526
2027,Agri02_OFC,DE9,3478090.262148381
2027,Agri02_OFC,DEA,2289719.6907000314
2027,Agri02_OFC,DEB,1265563.005270616
2027,Agri02_OFC,DEC,529267.5295520378
2027,Agri02_OFC,DEE,1712544.7691064598
2027,Agri02_OFC,DED,1385440.956076882
2027,Agri02_OFC,DEF,1081649.1715695704
2027,Agri02_OFC,DEG,864778.2601788957
2027,Agri03_No-till,DE1,0.0
2027,Agri03_No-till,DE2,0.0
2027,Agri03_No-till,DE3,0.0
2027,Agri03_No-till,DE4,0.0
2027,Agri03_No-till,DE5,0.0
2027,Agri03_No-till,DE6,0.0
2027,Agri03_No-till,DE7,0.0
2027,Agri03_No-till,DE8,0.0
2027,Agri03_No-till,DE9,0.0
2027,Agri03_No-till,DEA,0.0
2027,Agri03_No-till,DEB,0.0
2027,Agri03_No-till,DEC,0.0
2027,Agri03_No-till,DEE,0.0
2027,Agri03_No-till,DED,0.0
2027,Agri03_No-till,DEF,0.0
2027,Agri03_No-till,DEG,0.0
2027,Agri04_toGrassland,DE1,87876.26491719841
2027,Agri04_toGrassland,DE2,172149.27721040812
2027,Agri04_toGrassland,DE3,16627.338175365156
2027,Agri04_toGrassland,DE4,79174.36086723085
2027,Agri04_toGrassland,DE5,8055.870915150109
2027,Agri04_toGrassland,DE6,1476.3554018250397
2027,Agri04_toGrassland,DE7,42572.431074537344
2027,Agri04_toGrassland,DE8,84211.24487905142
2027,Agri04_toGrassland,DE9,144837.79353496365
2027,Agri04_toGrassland,DEA,90895.71651936929
2027,Agri04_toGrassland,DEB,48411.234818974735
2027,Agri04_toGrassland,DEC,15100.976487566848
2027,Agri04_toGrassland,DEE,68488.08528830876
2027,Agri04_toGrassland,DED,53765.6113280454
2027,Agri04_toGrassland,DEF,49093.188931478515
2027,Agri04_toGrassland,DEG,39249.064812500896
2027,Agri05_Agroforestry,DE1,1721624.0777684737
2027,Agri05_Agroforestry,DE2,2566435.8099324596
2027,Agri05_Agroforestry,DE3,28177.921175118256
2027,Agri05_Agroforestry,DE4,1692263.7508904254
2027,Agri05_Agroforestry,DE5,231325.10079985336
2027,Agri05_Agroforestry,DE6,50947.96486443726
2027,Agri05_Agroforestry,DE7,550437.1115684826
2027,Agri05_Agroforestry,DE8,1675498.9968801655
2027,Agri05_Agroforestry,DE9,2283262.0065483544
2027,Agri05_Agroforestry,DEA,1742508.824954307
2027,Agri05_Agroforestry,DEB,1061347.858456491
2027,Agri05_Agroforestry,DEC,720320.2313200805
2027,Agri05_Agroforestry,DEE,1276153.294428389
2027,Agri05_Agroforestry,DED,1120575.8982243384
2027,Agri05_Agroforestry,DEF,492439.71861988556
2027,Agri05_Agroforestry,DEG,393755.31987482193
2027,Agri06_Biochar,DE1,0.0
2027,Agri06_Biochar,DE2,0.0
2027,Agri06_Biochar,DE3,0.0
2027,Agri06_Biochar,DE4,0.0
2027,Agri06_Biochar,DE5,0.0
2027,Agri06_Biochar,DE6,0.0
2027,Agri06_Biochar,DE7,0.0
2027,Agri06_Biochar,DE8,0.0
2027,Agri06_Biochar,DE9,0.0
2027,Agri06_Biochar,DEA,0.0
2027,Agri06_Biochar,DEB,0.0
2027,Agri06_Biochar,DEC,0.0
2027,Agri06_Biochar,DEE,0.0
2027,Agri06_Biochar,DED,0.0
2027,Agri06_Biochar,DEF,0.0
2027,Agri06_Biochar,DEG,0.0
2028,Agri01_AGC,DE1,6109073.314588883
2028,Agri01_AGC,DE2,15204674.603705274
2028,Agri01_AGC,DE3,0.0
2028,Agri01_AGC,DE4,4770915.712146752
2028,Agri01_AGC,DE5,0.0
2028,Agri01_AGC,DE6,25496.18324506789
2028,Agri01_AGC,DE7,3733074.0194890513
2028,Agri01_AGC,DE8,5770042.983139049
2028,Agri01_AGC,DE9,12832243.884707274
2028,Agri01_AGC,DEA,6291348.752884318
2028,Agri01_AGC,DEB,2828038.5802411
2028,Agri01_AGC,DEC,0.0
2028,Agri01_AGC,DEE,4879342.256744246
2028,Agri01_AGC,DED,3216877.659006461
2028,Agri01_AGC,DEF,4259194.736595999
2028,Agri01_AGC,DEG,3405163.658179454
2028,Agri02_OFC,DE1,2883869.7890368737
2028,Agri02_OFC,DE2,5205215.721535891
2028,Agri02_OFC,DE3,921279.3726456267
2028,Agri02_OFC,DE4,2676062.9160217796
2028,Agri02_OFC,DE5,435198.79290188575
2028,Agri02_OFC,DE6,60586.66451816265
2028,Agri02_OFC,DE7,1240825.3976713365
2028,Agri02_OFC,DE8,2777743.4877166497
2028,Agri02_OFC,DE9,4447734.725649358
2028,Agri02_OFC,DEA,2961870.8925751466
2028,Agri02_OFC,DEB,1650945.6913768738
2028,Agri02_OFC,DEC,729482.7571843794
2028,Agri02_OFC,DEE,2211435.3514018976
2028,Agri02_OFC,DED,1801494.3924113149
2028,Agri02_OFC,DEF,1352461.2417349897
2028,Agri02_OFC,DEG,1081299.4918369686
2028,Agri03_No-till,DE1,0.0
2028,Agri03_No-till,DE2,0.0
2028,Agri03_No-till,DE3,0.0
2028,Agri03_No-till,DE4,0.0
2028,Agri03_No-till,DE5,0.0
2028,Agri03_No-till,DE6,0.0
2028,Agri03_No-till,DE7,0.0
2028,Agri03_No-till,DE8,0.0
2028,Agri03_No-till,DE9,0.0
2028,Agri03_No-till,DEA,0.0
2028,Agri03_No-till,DEB,0.0
2028,Agri03_No-till,DEC,0.0
2028,Agri03_No-till,DEE,0.0
2028,Agri03_No-till,DED,0.0
2028,Agri03_No-till,DEF,0.0
2028,Agri03_No-till,DEG,0.0
2028,Agri04_toGrassland,DE1,100282.88881804395
2028,Agri04_toGrassland,DE2,193166.78874403556
2028,Agri04_toGrassland,DE3,21753.85560516589
2028,Agri04_toGrassland,DE4,90927.79288165449
2028,Agri04_toGrassland,DE5,10457.099696992018
2028,Agri04_toGrassland,DE6,1774.5851008019508
2028,Agri04_toGrassland,DE7,47426.59341836626
2028,Agri04_toGrassland,DE8,96205.12190546544
2028,Agri04_toGrassland,DE9,163026.39866986262
2028,Agri04_toGrassland,DEA,103572.60264458033
2028,Agri04_toGrassland,DEB,55706.37925398115
2028,Agri04_toGrassland,DEC,18963.57318195137
2028,Agri04_toGrassland,DEE,77889.85940248432
2028,Agri04_toGrassland,DED,61630.493777571945
2028,Agri04_toGrassland,DEF,54110.65947463635
2028,Agri04_toGrassland,DEG,43260.67779432288
2028,Agri05_Agroforestry,DE1,2228545.0026712357
2028,Agri05_Agroforestry,DE2,3213520.0991723803
2028,Agri05_Agroforestry,DE3,29288.70750582108
2028,Agri05_Agroforestry,DE4,2209546.869369013
2028,Agri05_Agroforestry,DE5,240444.04035256334
2028,Agri05_Agroforestry,DE6,68915.57012116801
2028,Agri05_Agroforestry,DE7,674310.4166120039
2028,Agri05_Agroforestry,DE8,2172297.1439201864
2028,Agri05_Agroforestry,DE9,2880894.5820314633
2028,Agri05_Agroforestry,DEA,2250424.624116023
2028,Agri05_Agroforestry,DEB,1389060.9160459256
2028,Agri05_Agroforestry,DEC,989583.6918043215
2028,Agri05_Agroforestry,DEE,1643069.126562339
2028,Agri05_Agroforestry,DED,1459576.9163304192
2028,Agri05_Agroforestry,DEF,574218.4702414948
2028,Agri05_Agroforestry,DEG,459161.266989719
2028,Agri06_Biochar,DE1,0.0
2028,Agri06_Biochar,DE2,0.0
2028,Agri06_Biochar,DE3,0.0
2028,Agri06_Biochar,DE4,0.0
2028,Agri06_Biochar,DE5,0.0
2028,Agri06_Biochar,DE6,0.0
2028,Agri06_Biochar,DE7,0.0
2028,Agri06_Biochar,DE8,0.0
2028,Agri06_Biochar,DE9,0.0
2028,Agri06_Biochar,DEA,0.0
2028,Agri06_Biochar,DEB,0.0
2028,Agri06_Biochar,DEC,0.0
2028,Agri06_Biochar,DEE,0.0
2028,Agri06_Biochar,DED,0.0
2028,Agri06_Biochar,DEF,0.0
2028,Agri06_Biochar,DEG,0.0
2029,Agri01_AGC,DE1,6914945.429260154
2029,Agri01_AGC,DE2,16330127.860732388
2029,Agri01_AGC,DE3,0.0
2029,Agri01_AGC,DE4,5583747.891979147
2029,Agri01_AGC,DE5,0.0
2029,Agri01_AGC,DE6,50913.72986088963
2029,Agri01_AGC,DE7,3980315.5104372404
2029,Agri01_AGC,DE8,6555900.487613477
2029,Agri01_AGC,DE9,13824893.130455788
2029,Agri01_AGC,DEA,7111474.186045202
2029,Agri01_AGC,DEB,3339217.3427778683
2029,Agri01_AGC,DEC,0.0
2029,Agri01_AGC,DEE,5476997.633514988
2029,Agri01_AGC,DED,3758914.058340871
2029,Agri01_AGC,DEF,4491798.7005117545
2029,Agri01_AGC,DEG,3591147.914624651
2029,Agri02_OFC,DE1,3494065.7097302307
2029,Agri02_OFC,DE2,6208472.858780565
2029,Agri02_OFC,DE3,1199160.2489249713
2029,Agri02_OFC,DE4,3259462.6709004752
2029,Agri02_OFC,DE5,565006.3190947246
2029,Agri02_OFC,DE6,76086.3055430564
2029,Agri02_OFC,DE7,1468856.515908056
2029,Agri02_OFC,DE8,3368609.036236099
2029,Agri02_OFC,DE9,5321371.048839699
2029,Agri02_OFC,DEA,3583913.7597100106
2029,Agri02_OFC,DEB,2014007.3045941205
2029,Agri02_OFC,DEC,935488.2272526678
2029,Agri02_OFC,DEE,2671364.9228232233
2029,Agri02_OFC,DED,2190852.5658735535
2029,Agri02_OFC,DEF,1581509.1405777754
2029,Agri02_OFC,DEG,1264433.0072158652
2029,Agri03_No-till,DE1,0.0
2029,Agri03_No-till,DE2,0.0
2029,Agri03_No-till,DE3,0.0
2029,Agri03_No-till,DE4,0.0
2029,Agri03_No-till,DE5,0.0
2029,Agri03_No-till,DE6,0.0
2029,Agri03_No-till,DE7,0.0
2029,Agri03_No-till,DE8,0.0
2029,Agri03_No-till,DE9,0.0
2029,Agri03_No-till,DEA,0.0
2029,Agri03_No-till,DEB,0.0
2029,Agri03_No-till,DEC,0.0
2029,Agri03_No-till,DEE,0.0
2029,Agri03_No-till,DED,0.0
2029,Agri03_No-till,DEF,0.0
2029,Agri03_No-till,DEG,0.0
2029,Agri04_toGrassland,DE1,112588.98668777569
2029,Agri04_toGrassland,DE2,213296.56187027198
2029,Agri04_toGrassland,DE3,27445.39858912773
2029,Agri04_toGrassland,DE4,102711.57421360024
2029,Agri04_toGrassland,DE5,13114.732758790891
2029,Agri04_toGrassland,DE6,2089.997175947863
2029,Agri04_toGrassland,DE7,51989.03650819939
2029,Agri04_toGrassland,DE8,108124.66767054026
2029,Agri04_toGrassland,DE9,180574.34688193008
2029,Agri04_toGrassland,DEA,116112.71641775253
2029,Agri04_toGrassland,DEB,63042.8829746762
2029,Agri04_toGrassland,DEC,23172.60190670324
2029,Agri04_toGrassland,DEE,87157.05322126397
2029,Agri04_toGrassland,DED,69491.47636814618
2029,Agri04_toGrassland,DEF,58669.79288853796
2029,Agri04_toGrassland,DEG,46905.909732581946
2029,Agri05_Agroforestry,DE1,2816360.5404115594
2029,Agri05_Agroforestry,DE2,3944782.1443480747
2029,Agri05_Agroforestry,DE3,30399.493836523907
2029,Agri05_Agroforestry,DE4,2812718.7445363393
2029,Agri05_Agroforestry,DE5,249562.97990527336
2029,Agri05_Agroforestry,DE6,90271.78651900042
2029,Agri05_Agroforestry,DE7,811237.8692930056
2029,Agri05_Agroforestry,DE8,2748982.336409438
2029,Agri05_Agroforestry,DE9,3560776.117286925
2029,Agri05_Agroforestry,DEA,2838487.8851560727
2029,Agri05_Agroforestry,DEB,1771743.0409898644
2029,Agri05_Agroforestry,DEC,1111979.691247938
2029,Agri05_Agroforestry,DEE,2066984.0161999892
2029,Agri05_Agroforestry,DED,1854267.2276935289
2029,Agri05_Agroforestry,DEF,657937.0169438155
2029,Agri05_Agroforestry,DEG,526123.4976995068
2029,Agri06_Biochar,DE1,0.0
2029,Agri06_Biochar,DE2,0.0
2029,Agri06_Biochar,DE3,0.0
2029,Agri06_Biochar,DE4,0.0
2029,Agri06_Biochar,DE5,0.0
2029,Agri06_Biochar,DE6,0.0
2029,Agri06_Biochar,DE7,0.0
2029,Agri06_Biochar,DE8,0.0
2029,Agri06_Biochar,DE9,0.0
2029,Agri06_Biochar,DEA,0.0
2029,Agri06_Biochar,DEB,0.0
2029,Agri06_Biochar,DEC,0.0
2029,Agri06_Biochar,DEE,0.0
2029,Agri06_Biochar,DED,0.0
2029,Agri06_Biochar,DEF,0.0
2029,Agri06_Biochar,DEG,0.0
2030,Agri01_AGC,DE1,7648933.585413893
2030,Agri01_AGC,DE2,17284666.356540166
2030,Agri01_AGC,DE3,0.0
2030,Agri01_AGC,DE4,6337082.177753944
2030,Agri01_AGC,DE5,0.0
2030,Agri01_AGC,DE6,75945.7047602555
2030,Agri01_AGC,DE7,4182145.3315087757
2030,Agri01_AGC,DE8,7273830.570885387
2030,Agri01_AGC,DE9,14678371.556729209
2030,Agri01_AGC,DEA,7855817.149582196
2030,Agri01_AGC,DEB,3815009.416998208
2030,Agri01_AGC,DEC,367672.1985191172
2030,Agri01_AGC,DEE,6016179.092823448
2030,Agri01_AGC,DED,4259478.985058675
2030,Agri01_AGC,DEF,4666723.352963888
2030,Agri01_AGC,DEG,3731020.8751176056
2030,Agri02_OFC,DE1,4054107.0386448936
2030,Agri02_OFC,DE2,7093068.160521735
2030,Agri02_OFC,DE3,1484806.2334174914
2030,Agri02_OFC,DE4,3801246.8410295784
2030,Agri02_OFC,DE5,698063.4756285232
2030,Agri02_OFC,DE6,91300.86047621618
2030,Agri02_OFC,DE7,1665410.0830414558
2030,Agri02_OFC,DE8,3912061.8004720863
2030,Agri02_OFC,DE9,6098310.034697566
2030,Agri02_OFC,DEA,4153109.8997679404
2030,Agri02_OFC,DEB,2352296.695884134
2030,Agri02_OFC,DEC,1143620.2698839728
2030,Agri02_OFC,DEE,3090544.1790679847
2030,Agri02_OFC,DED,2551226.3834476406
2030,Agri02_OFC,DEF,1770655.66141168
2030,Agri02_OFC,DEG,1415667.6330685471
2030,Agri03_No-till,DE1,0.0
2030,Agri03_No-till,DE2,0.0
2030,Agri03_No-till,DE3,0.0
2030,Agri03_No-till,DE4,0.0
2030,Agri03_No-till,DE5,0.0
2030,Agri03_No-till,DE6,0.0
2030,Agri03_No-till,DE7,0.0
2030,Agri03_No-till,DE8,0.0
2030,Agri03_No-till,DE9,0.0
2030,Agri03_No-till,DEA,0.0
2030,Agri03_No-till,DEB,0.0
2030,Agri03_No-till,DEC,0.0
2030,Agri03_No-till,DEE,0.0
2030,Agri03_No-till,DED,0.0
2030,Agri03_No-till,DEF,0.0
2030,Agri03_No-till,DEG,0.0
2030,Agri04_toGrassland,DE1,124773.31053520423
2030,Agri04_toGrassland,DE2,232540.62064945156
2030,Agri04_toGrassland,DE3,33661.04369490864
2030,Agri04_toGrassland,DE4,114498.92054945958
2030,Agri04_toGrassland,DE5,16010.03902055925
2030,Agri04_toGrassland,DE6,2421.04227061657
2030,Agri04_toGrassland,DE7,56264.82171970162
2030,Agri04_toGrassland,DE8,119948.13015495036
2030,Agri04_toGrassland,DE9,197476.6282158253
2030,Agri04_toGrassland,DEA,128496.15174109786
2030,Agri04_toGrassland,DEB,70402.92793074097
2030,Agri04_toGrassland,DEC,27701.430477026744
2030,Agri04_toGrassland,DEE,96276.65981867141
2030,Agri04_toGrassland,DED,77331.91907751444
2030,Agri04_toGrassland,DEF,62784.130310209504
2030,Agri04_toGrassland,DEG,50195.58330251601
2030,Agri05_Agroforestry,DE1,3490287.6762620746
2030,Agri05_Agroforestry,DE2,4764910.313929239
2030,Agri05_Agroforestry,DE3,31510.28016722673
2030,Agri05_Agroforestry,DE4,3507448.0324498434
2030,Agri05_Agroforestry,DE5,258681.91945798334
2030,Agri05_Agroforestry,DE6,115255.37405815072
2030,Agri05_Agroforestry,DE7,961800.8994937881
2030,Agri05_Agroforestry,DE8,3410730.16054052
2030,Agri05_Agroforestry,DE9,4327701.908169411
2030,Agri05_Agroforestry,DEA,3511832.264781783
2030,Agri05_Agroforestry,DEB,2213042.927827076
2030,Agri05_Agroforestry,DEC,1152611.0204305754
2030,Agri05_Agroforestry,DEE,2551513.630955557
2030,Agri05_Agroforestry,DED,2308300.034488412
2030,Agri05_Agroforestry,DEF,743289.4387212347
2030,Agri05_Agroforestry,DEG,594397.840941417
2030,Agri06_Biochar,DE1,0.0
2030,Agri06_Biochar,DE2,0.0
2030,Agri06_Biochar,DE3,0.0
2030,Agri06_Biochar,DE4,0.0
2030,Agri06_Biochar,DE5,0.0
2030,Agri06_Biochar,DE6,0.0
2030,Agri06_Biochar,DE7,0.0
2030,Agri06_Biochar,DE8,0.0
2030,Agri06_Biochar,DE9,0.0
2030,Agri06_Biochar,DEA,0.0
2030,Agri06_Biochar,DEB,0.0
2030,Agri06_Biochar,DEC,0.0
2030,Agri06_Biochar,DEE,0.0
2030,Agri06_Biochar,DED,0.0
2030,Agri06_Biochar,DEF,0.0
2030,Agri06_Biochar,DEG,0.0
2031,Agri01_AGC,DE1,8306828.4526517615
2031,Agri01_AGC,DE2,18068691.067325216
2031,Agri01_AGC,DE3,36253.22303731748
2031,Agri01_AGC,DE4,7025612.466674595
2031,Agri01_AGC,DE5,116557.69935002718
2031,Agri01_AGC,DE6,100285.17285595571
2031,Agri01_AGC,DE7,4339566.165839857
2031,Agri01_AGC,DE8,7919524.052131231
2031,Agri01_AGC,DE9,15391686.667007668
2031,Agri01_AGC,DEA,8520434.148706324
2031,Agri01_AGC,DEB,4251884.960472403
2031,Agri01_AGC,DEC,733560.1436660605
2031,Agri01_AGC,DEE,6494309.8993720235
2031,Agri01_AGC,DED,4715275.969819455
2031,Agri01_AGC,DEF,4786651.25905723
2031,Agri01_AGC,DEG,3826926.564261129
2031,Agri02_OFC,DE1,4561070.785204686
2031,Agri02_OFC,DE2,7859280.067635509
2031,Agri02_OFC,DE3,1772587.6736061864
2031,Agri02_OFC,DE4,4297730.828859641
2031,Agri02_OFC,DE5,831793.5120802872
2031,Agri02_OFC,DE6,106017.19129270434
2031,Agri02_OFC,DE7,1831182.3697560988
2031,Agri02_OFC,DE8,4405109.452964821
2031,Agri02_OFC,DE9,6777862.486201124
2031,Agri02_OFC,DEA,4666720.920412253
2031,Agri02_OFC,DEB,2663362.716208692
2031,Agri02_OFC,DEC,1350215.2152053635
2031,Agri02_OFC,DEE,3467183.8158337288
2031,Agri02_OFC,DED,2880326.752117618
2031,Agri02_OFC,DEF,1921763.597550454
2031,Agri02_OFC,DEG,1536492.1961479767
2031,Agri03_No-till,DE1,0.0
2031,Agri03_No-till,DE2,0.0
2031,Agri03_No-till,DE3,0.0
2031,Agri03_No-till,DE4,0.0
2031,Agri03_No-till,DE5,0.0
2031,Agri03_No-till,DE6,0.0
2031,Agri03_No-till,DE7,0.0
2031,Agri03_No-till,DE8,0.0
2031,Agri03_No-till,DE9,0.0
2031,Agri03_No-till,DEA,0.0
2031,Agri03_No-till,DEB,0.0
2031,Agri03_No-till,DEC,0.0
2031,Agri03_No-till,DEE,0.0
2031,Agri03_No-till,DED,0.0
2031,Agri03_No-till,DEF,0.0
2031,Agri03_No-till,DEG,0.0
2031,Agri04_toGrassland,DE1,136814.6123691402
2031,Agri04_toGrassland,DE2,250900.9891419084
2031,Agri04_toGrassland,DE3,40359.86749016663
2031,Agri04_toGrassland,DE4,126263.04757562395
2031,Agri04_toGrassland,DE5,19124.287402309612
2031,Agri04_toGrassland,DE6,2766.1710281618657
2031,Agri04_toGrassland,DE7,60259.01042853787
2031,Agri04_toGrassland,DE8,131653.75733937018
2031,Agri04_toGrassland,DE9,213728.23271620768
2031,Agri04_toGrassland,DEA,140703.0025168282
2031,Agri04_toGrassland,DEB,77768.69607185654
2031,Agri04_toGrassland,DEC,32523.42670812618
2031,Agri04_toGrassland,DEE,105235.6722687304
2031,Agri04_toGrassland,DED,85135.1818834231
2031,Agri04_toGrassland,DEF,66467.21287667716
2031,Agri04_toGrassland,DEG,53140.52117936298
2031,Agri05_Agroforestry,DE1,4255543.395495411
2031,Agri05_Agroforestry,DE2,5678592.976385572
2031,Agri05_Agroforestry,DE3,32621.066497929554
2031,Agri05_Agroforestry,DE4,4299403.389166965
2031,Agri05_Agroforestry,DE5,267800.8590106933
2031,Agri05_Agroforestry,DE6,144105.0927388352
2031,Agri05_Agroforestry,DE7,1126580.9370966528
2031,Agri05_Agroforestry,DE8,4162716.2025060346
2031,Agri05_Agroforestry,DE9,5186467.250533594
2031,Agri05_Agroforestry,DEA,4275591.419700483
2031,Agri05_Agroforestry,DEB,2716609.2710963287
2031,Agri05_Agroforestry,DEC,1193242.3496132125
2031,Agri05_Agroforestry,DEE,3100273.638443261
2031,Agri05_Agroforestry,DED,2825328.5388898137
2031,Agri05_Agroforestry,DEF,829969.8155681397
2031,Agri05_Agroforestry,DEG,663740.1256526817
2031,Agri06_Biochar,DE1,0.0
2031,Agri06_Biochar,DE2,0.0
2031,Agri06_Biochar,DE3,0.0
2031,Agri06_Biochar,DE4,0.0
2031,Agri06_Biochar,DE5,0.0
2031,Agri06_Biochar,DE6,0.0
2031,Agri06_Biochar,DE7,0.0
2031,Agri06_Biochar,DE8,0.0
2031,Agri06_Biochar,DE9,0.0
2031,Agri06_Biochar,DEA,0.0
2031,Agri06_Biochar,DEB,0.0
2031,Agri06_Biochar,DEC,0.0
2031,Agri06_Biochar,DEE,0.0
2031,Agri06_Biochar,DED,0.0
2031,Agri06_Biochar,DEF,0.0
2031,Agri06_Biochar,DEG,0.0
2032,Agri01_AGC,DE1,8884420.700575422
2032,Agri01_AGC,DE2,18682602.96928414
2032,Agri01_AGC,DE3,34388.433761092994
2032,Agri01_AGC,DE4,7644032.655944554
2032,Agri01_AGC,DE5,110562.21730459381
2032,Agri01_AGC,DE6,123625.19906078055
2032,Agri01_AGC,DE7,4453580.696566687
2032,Agri01_AGC,DE8,8488671.75052746
2032,Agri01_AGC,DE9,15963845.964771299
2032,Agri01_AGC,DEA,9101381.688628612
2032,Agri01_AGC,DEB,4646314.130770736
2032,Agri01_AGC,DEC,933676.9113046412
2032,Agri01_AGC,DEE,6908813.317863114
2032,Agri01_AGC,DED,5123008.543282795
2032,Agri01_AGC,DEF,4854264.983896613
2032,Agri01_AGC,DEG,3881009.0066580316
2032,Agri02_OFC,DE1,5012033.958833436
2032,Agri02_OFC,DE2,8507387.020997996
2032,Agri02_OFC,DE3,2056874.9169740567
2032,Agri02_OFC,DE4,4745230.03684122
2032,Agri02_OFC,DE5,963619.6780270233
2032,Agri02_OFC,DE6,120022.15996758334
2032,Agri02_OFC,DE7,1966869.6467365485
2032,Agri02_OFC,DE8,4844759.666254517
2032,Agri02_OFC,DE9,7359339.206328537
2032,Agri02_OFC,DEA,5122008.429306267
2032,Agri02_OFC,DEB,2944754.216529573
2032,Agri02_OFC,DEC,1551609.3933439096
2032,Agri02_OFC,DEE,3799494.5288180034
2032,Agri02_OFC,DED,3175864.5788675286
2032,Agri02_OFC,DEF,2036695.7423078497
2032,Agri02_OFC,DEG,1628395.5232071155
2032,Agri03_No-till,DE1,0.0
2032,Agri03_No-till,DE2,0.0
2032,Agri03_No-till,DE3,0.0
2032,Agri03_No-till,DE4,0.0
2032,Agri03_No-till,DE5,0.0
2032,Agri03_No-till,DE6,0.0
2032,Agri03_No-till,DE7,0.0
2032,Agri03_No-till,DE8,0.0
2032,Agri03_No-till,DE9,0.0
2032,Agri03_No-till,DEA,0.0
2032,Agri03_No-till,DEB,0.0
2032,Agri03_No-till,DEC,0.0
2032,Agri03_No-till,DEE,0.0
2032,Agri03_No-till,DED,0.0
2032,Agri03_No-till,DEF,0.0
2032,Agri03_No-till,DEG,0.0
2032,Agri04_toGrassland,DE1,148691.64419839426
2032,Agri04_toGrassland,DE2,268379.6914079766
2032,Agri04_toGrassland,DE3,47500.94654255968
2032,Agri04_toGrassland,DE4,137977.1709784849
2032,Agri04_toGrassland,DE5,22438.7468240545
2032,Agri04_toGrassland,DE6,3123.834091937544
2032,Agri04_toGrassland,DE7,63976.66401037305
2032,Agri04_toGrassland,DE8,143219.79720447416
2032,Agri04_toGrassland,DE9,229324.15042773663
2032,Agri04_toGrassland,DEA,152713.36264715556
2032,Agri04_toGrassland,DEB,85122.36934770404
2032,Agri04_toGrassland,DEC,37611.95841520585
2032,Agri04_toGrassland,DEE,114021.08364546469
2032,Agri04_toGrassland,DED,92884.62476361851
2032,Agri04_toGrassland,DEF,69732.58172496714
2032,Agri04_toGrassland,DEG,55751.54603836078
2032,Agri05_Agroforestry,DE1,5117344.683384197
2032,Agri05_Agroforestry,DE2,6690518.500186771
2032,Agri05_Agroforestry,DE3,33731.85282863238
2032,Agri05_Agroforestry,DE4,5194253.470745146
2032,Agri05_Agroforestry,DE5,276919.79856340325
2032,Agri05_Agroforestry,DE6,177059.70256127018
2032,Agri05_Agroforestry,DE7,1306159.4119839005
2032,Agri05_Agroforestry,DE8,5010116.048498581
2032,Agri05_Agroforestry,DE9,6141867.440234146
2032,Agri05_Agroforestry,DEA,5134899.006619502
2032,Agri05_Agroforestry,DEB,3286090.7653363915
2032,Agri05_Agroforestry,DEC,1233873.6787958497
2032,Agri05_Agroforestry,DEE,3716879.706277319
2032,Agri05_Agroforestry,DED,3409005.9430724797
2032,Agri05_Agroforestry,DEF,917672.2274789179
2032,Agri05_Agroforestry,DEG,733906.1807705327
2032,Agri06_Biochar,DE1,0.0
2032,Agri06_Biochar,DE2,0.0
2032,Agri06_Biochar,DE3,0.0
2032,Agri06_Biochar,DE4,0.0
2032,Agri06_Biochar,DE5,0.0
2032,Agri06_Biochar,DE6,0.0
2032,Agri06_Biochar,DE7,0.0
2032,Agri06_Biochar,DE8,0.0
2032,Agri06_Biochar,DE9,0.0
2032,Agri06_Biochar,DEA,0.0
2032,Agri06_Biochar,DEB,0.0
2032,Agri06_Biochar,DEC,0.0
2032,Agri06_Biochar,DEE,0.0
2032,Agri06_Biochar,DED,0.0
2032,Agri06_Biochar,DEF,0.0
2032,Agri06_Biochar,DEG,0.0
2033,Agri01_AGC,DE1,9377500.99878654
2033,Agri01_AGC,DE2,19126803.038613535
2033,Agri01_AGC,DE3,32523.64448486851
2033,Agri01_AGC,DE4,8187036.642767272
2033,Agri01_AGC,DE5,104566.73525916044
2033,Agri01_AGC,DE6,145658.84828752026
2033,Agri01_AGC,DE7,4525191.6068254635
2033,Agri01_AGC,DE8,8976964.485250525
2033,Agri01_AGC,DE9,16393856.953500235
2033,Agri01_AGC,DEA,9594716.27456008
2033,Agri01_AGC,DEB,4994767.085463491
2033,Agri01_AGC,DEC,883046.2049527519
2033,Agri01_AGC,DEE,7257112.612999114
2033,Agri01_AGC,DED,5479380.236108273
2033,Agri01_AGC,DEF,4872247.092586866
2033,Agri01_AGC,DEG,3895412.226911122
2033,Agri02_OFC,DE1,5404073.568954966
2033,Agri02_OFC,DE2,9037667.461485304
2033,Agri02_OFC,DE3,2332038.311004102
2033,Agri02_OFC,DE4,5140059.867424865
2033,Agri02_OFC,DE5,1090965.2230457375
2033,Agri02_OFC,DE6,133102.62847591552
2033,Agri02_OFC,DE7,2073168.184667368
2033,Agri02_OFC,DE8,5228020.112881384
2033,Agri02_OFC,DE9,7842050.998057967
2033,Agri02_OFC,DEA,5516234.034113298
2033,Agri02_OFC,DEB,3194020.0478085536
2033,Agri02_OFC,DEC,1744139.1344266809
2033,Agri02_OFC,DEE,4085687.013718356
2033,Agri02_OFC,DED,3435550.770681414
2033,Agri02_OFC,DEF,2117314.8889976186
2033,Agri02_OFC,DEG,1692866.4409989254
2033,Agri03_No-till,DE1,0.0
2033,Agri03_No-till,DE2,0.0
2033,Agri03_No-till,DE3,0.0
2033,Agri03_No-till,DE4,0.0
2033,Agri03_No-till,DE5,0.0
2033,Agri03_No-till,DE6,0.0
2033,Agri03_No-till,DE7,0.0
2033,Agri03_No-till,DE8,0.0
2033,Agri03_No-till,DE9,0.0
2033,Agri03_No-till,DEA,0.0
2033,Agri03_No-till,DEB,0.0
2033,Agri03_No-till,DEC,0.0
2033,Agri03_No-till,DEE,0.0
2033,Agri03_No-till,DED,0.0
2033,Agri03_No-till,DEF,0.0
2033,Agri03_No-till,DEG,0.0
2033,Agri04_toGrassland,DE1,160383.158031777
2033,Agri04_toGrassland,DE2,284978.7515079904
2033,Agri04_toGrassland,DE3,55043.35741974576
2033,Agri04_toGrassland,DE4,149614.50644443385
2033,Agri04_toGrassland,DE5,25934.686205806425
2033,Agri04_toGrassland,DE6,3492.482105297399
2033,Agri04_toGrassland,DE7,67422.84384087207
2033,Agri04_toGrassland,DE8,154624.49773093683
2033,Agri04_toGrassland,DE9,244259.37139507147
2033,Agri04_toGrassland,DEA,164507.3260342919
2033,Agri04_toGrassland,DEB,92446.12970796452
2033,Agri04_toGrassland,DEC,42940.39341347003
2033,Agri04_toGrassland,DEE,122619.88702289801
2033,Agri04_toGrassland,DED,100563.60769584705
2033,Agri04_toGrassland,DEF,72593.77799210556
2033,Agri04_toGrassland,DEG,58039.48055474732
2033,Agri05_Agroforestry,DE1,6080908.525201062
2033,Agri05_Agroforestry,DE2,7805375.253802535
2033,Agri05_Agroforestry,DE3,34842.639159335195
2033,Agri05_Agroforestry,DE4,6197666.9332418265
2033,Agri05_Agroforestry,DE5,286038.73811611324
2033,Agri05_Agroforestry,DE6,214357.9635256719
2033,Agri05_Agroforestry,DE7,1501117.7540378321
2033,Agri05_Agroforestry,DE8,5958105.284710762
2033,Agri05_Agroforestry,DE9,7198697.77312574
2033,Agri05_Agroforestry,DEA,6094888.682246168
2033,Agri05_Agroforestry,DEB,3925136.1050860323
2033,Agri05_Agroforestry,DEC,1274505.0079784868
2033,Agri05_Agroforestry,DEE,4404947.502071951
2033,Agri05_Agroforestry,DED,4062985.449211154
2033,Agri05_Agroforestry,DEF,1006090.7544479567
2033,Agri05_Agroforestry,DEG,804651.8352322018
2033,Agri06_Biochar,DE1,0.0
2033,Agri06_Biochar,DE2,0.0
2033,Agri06_Biochar,DE3,0.0
2033,Agri06_Biochar,DE4,0.0
2033,Agri06_Biochar,DE5,0.0
2033,Agri06_Biochar,DE6,0.0
2033,Agri06_Biochar,DE7,0.0
2033,Agri06_Biochar,DE8,0.0
2033,Agri06_Biochar,DE9,0.0
2033,Agri06_Biochar,DEA,0.0
2033,Agri06_Biochar,DEB,0.0
2033,Agri06_Biochar,DEC,0.0
2033,Agri06_Biochar,DEE,0.0
2033,Agri06_Biochar,DED,0.0
2033,Agri06_Biochar,DEF,0.0
2033,Agri06_Biochar,DEG,0.0
2034,Agri01_AGC,DE1,9781860.016886774
2034,Agri01_AGC,DE2,19401692.251510013
2034,Agri01_AGC,DE3,30658.85520864402
2034,Agri01_AGC,DE4,8649318.324346198
2034,Agri01_AGC,DE5,98571.25321372705
2034,Agri01_AGC,DE6,161907.35355857792
2034,Agri01_AGC,DE7,4555401.5797523875
2034,Agri01_AGC,DE8,9380093.075476874
2034,Agri01_AGC,DE9,16680727.136674605
2034,Agri01_AGC,DEA,9996494.411711756
2034,Agri01_AGC,DEB,5293713.98212095
2034,Agri01_AGC,DEC,832415.4986008625
2034,Agri01_AGC,DEE,7536631.049482422
2034,Agri01_AGC,DED,5781094.578955471
2034,Agri01_AGC,DEF,4843280.150232817
2034,Agri01_AGC,DEG,3872280.2496232106
2034,Agri02_OFC,DE1,5734266.624993102
2034,Agri02_OFC,DE2,9450399.82997354
2034,Agri02_OFC,DE3,2592448.203179323
2034,Agri02_OFC,DE4,5478535.723061131
2034,Agri02_OFC,DE5,1211253.3967134363
2034,Agri02_OFC,DE6,145045.4587927633
2034,Agri02_OFC,DE7,2150774.25423312
2034,Agri02_OFC,DE8,5551898.465385634
2034,Agri02_OFC,DE9,8225308.664367578
2034,Agri02_OFC,DEA,5846659.342496666
2034,Agri02_OFC,DEB,3408709.0610074126
2034,Agri02_OFC,DEC,1924140.7685807466
2034,Agri02_OFC,DEE,4323971.966232334
2034,Agri02_OFC,DED,3657096.2345433165
2034,Agri02_OFC,DEF,2165483.8309335113
2034,Agri02_OFC,DEG,1731393.7762763682
2034,Agri03_No-till,DE1,0.0
2034,Agri03_No-till,DE2,0.0
2034,Agri03_No-till,DE3,0.0
2034,Agri03_No-till,DE4,0.0
2034,Agri03_No-till,DE5,0.0
2034,Agri03_No-till,DE6,0.0
2034,Agri03_No-till,DE7,0.0
2034,Agri03_No-till,DE8,0.0
2034,Agri03_No-till,DE9,0.0
2034,Agri03_No-till,DEA,0.0
2034,Agri03_No-till,DEB,0.0
2034,Agri03_No-till,DEC,0.0
2034,Agri03_No-till,DEE,0.0
2034,Agri03_No-till,DED,0.0
2034,Agri03_No-till,DEF,0.0
2034,Agri03_No-till,DEG,0.0
2034,Agri04_toGrassland,DE1,171867.9058780991
2034,Agri04_toGrassland,DE2,300700.19350228395
2034,Agri04_toGrassland,DE3,62946.17668938287
2034,Agri04_toGrassland,DE4,161148.2696598623
2034,Agri04_toGrassland,DE5,29593.37446757792
2034,Agri04_toGrassland,DE6,3870.565711595224
2034,Agri04_toGrassland,DE7,70602.61129569984
2034,Agri04_toGrassland,DE8,165846.1068994326
2034,Agri04_toGrassland,DE9,258528.8856628716
2034,Agri04_toGrassland,DEA,176064.9865804492
2034,Agri04_toGrassland,DEB,99722.15910231908
2034,Agri04_toGrassland,DEC,48482.099518123054
2034,Agri04_toGrassland,DEE,131019.07547505411
2034,Agri04_toGrassland,DED,108155.49065785507
2034,Agri04_toGrassland,DEF,75064.34281511867
2034,Agri04_toGrassland,DEG,60015.14740376053
2034,Agri05_Agroforestry,DE1,7151451.906218639
2034,Agri05_Agroforestry,DE2,9027851.605702564
2034,Agri05_Agroforestry,DE3,35953.425490038026
2034,Agri05_Agroforestry,DE4,7315312.432714446
2034,Agri05_Agroforestry,DE5,295157.6776688233
2034,Agri05_Agroforestry,DE6,238936.17166931304
2034,Agri05_Agroforestry,DE7,1712037.3931407488
2034,Agri05_Agroforestry,DE8,7011859.497335179
2034,Agri05_Agroforestry,DE9,8361753.545063048
2034,Agri05_Agroforestry,DEA,7160694.103287811
2034,Agri05_Agroforestry,DEB,4637393.984884022
2034,Agri05_Agroforestry,DEC,1315136.3371611245
2034,Agri05_Agroforestry,DEE,5168092.693441374
2034,Agri05_Agroforestry,DED,4790920.259480583
2034,Agri05_Agroforestry,DEF,1094919.4764696436
2034,Agri05_Agroforestry,DEG,875732.9179749213
2034,Agri06_Biochar,DE1,0.0
2034,Agri06_Biochar,DE2,0.0
2034,Agri06_Biochar,DE3,0.0
2034,Agri06_Biochar,DE4,0.0
2034,Agri06_Biochar,DE5,0.0
2034,Agri06_Biochar,DE6,0.0
2034,Agri06_Biochar,DE7,0.0
2034,Agri06_Biochar,DE8,0.0
2034,Agri06_Biochar,DE9,0.0
2034,Agri06_Biochar,DEA,0.0
2034,Agri06_Biochar,DEB,0.0
2034,Agri06_Biochar,DEC,0.0
2034,Agri06_Biochar,DEE,0.0
2034,Agri06_Biochar,DED,0.0
2034,Agri06_Biochar,DEF,0.0
2034,Agri06_Biochar,DEG,0.0
2035,Agri01_AGC,DE1,10093288.424477786
2035,Agri01_AGC,DE2,19507671.58417017
2035,Agri01_AGC,DE3,28794.06593241953
2035,Agri01_AGC,DE4,9025571.597884785
2035,Agri01_AGC,DE5,92575.77116829366
2035,Agri01_AGC,DE6,152059.52673649887
2035,Agri01_AGC,DE7,4545213.298483659
2035,Agri01_AGC,DE8,9693748.340382958
2035,Agri01_AGC,DE9,16823464.01777454
2035,Agri01_AGC,DEA,10302772.605294658
2035,Agri01_AGC,DEB,5539624.978313395
2035,Agri01_AGC,DEC,781784.792248973
2035,Agri01_AGC,DEE,7744791.892015436
2035,Agri01_AGC,DED,6024855.102483969
2035,Agri01_AGC,DEF,4770046.721939299
2035,Agri01_AGC,DEG,3813757.0993971075
2035,Agri02_OFC,DE1,5999690.1363716675
2035,Agri02_OFC,DE2,9745862.567338811
2035,Agri02_OFC,DE3,2832474.9409827185
2035,Agri02_OFC,DE4,5756973.006200572
2035,Agri02_OFC,DE5,1321907.4486071253
2035,Agri02_OFC,DE6,155637.51289318898
2035,Agri02_OFC,DE7,2200384.126118367
2035,Agri02_OFC,DE8,5813402.396307478
2035,Agri02_OFC,DE9,8508423.008235533
2035,Agri02_OFC,DEA,6110545.962119686
2035,Agri02_OFC,DEB,3586370.107087926
2035,Agri02_OFC,DEC,2087950.625933176
2035,Agri02_OFC,DEE,4512560.082057484
2035,Agri02_OFC,DED,3838211.877437277
2035,Agri02_OFC,DEF,2183065.36142928
2035,Agri02_OFC,DEG,1745466.3557924058
2035,Agri03_No-till,DE1,0.0
2035,Agri03_No-till,DE2,0.0
2035,Agri03_No-till,DE3,0.0
2035,Agri03_No-till,DE4,0.0
2035,Agri03_No-till,DE5,0.0
2035,Agri03_No-till,DE6,0.0
2035,Agri03_No-till,DE7,0.0
2035,Agri03_No-till,DE8,0.0
2035,Agri03_No-till,DE9,0.0
2035,Agri03_No-till,DEA,0.0
2035,Agri03_No-till,DEB,0.0
2035,Agri03_No-till,DEC,0.0
2035,Agri03_No-till,DEE,0.0
2035,Agri03_No-till,DED,0.0
2035,Agri03_No-till,DEF,0.0
2035,Agri03_No-till,DEG,0.0
2035,Agri04_toGrassland,DE1,183124.6397461711
2035,Agri04_toGrassland,DE2,315546.04145119124
2035,Agri04_toGrassland,DE3,71168.48091912897
2035,Agri04_toGrassland,DE4,172551.6763111617
2035,Agri04_toGrassland,DE5,33396.0805293815
2035,Agri04_toGrassland,DE6,4256.535554184813
2035,Agri04_toGrassland,DE7,73521.02775052127
2035,Agri04_toGrassland,DE8,176862.87269063597
2035,Agri04_toGrassland,DE9,272127.6832757963
2035,Agri04_toGrassland,DEA,187366.43818783935
2035,Agri04_toGrassland,DEB,106932.63948044882
2035,Agri04_toGrassland,DEC,54210.44454436917
2035,Agri04_toGrassland,DEE,139205.6420759567
2035,Agri04_toGrassland,DED,115643.63362738893
2035,Agri04_toGrassland,DEF,77157.8173310326
2035,Agri04_toGrassland,DEG,61689.36926063832
2035,Agri05_Agroforestry,DE1,8334191.811709551
2035,Agri05_Agroforestry,DE2,10362635.92435655
2035,Agri05_Agroforestry,DE3,37064.21182074084
2035,Agri05_Agroforestry,DE4,8552858.625220444
2035,Agri05_Agroforestry,DE5,304276.6172215332
2035,Agri05_Agroforestry,DE6,246318.13958428332
2035,Agri05_Agroforestry,DE7,1939499.7591749507
2035,Agri05_Agroforestry,DE8,8176554.272564428
2035,Agri05_Agroforestry,DE9,9635830.051900737
2035,Agri05_Agroforestry,DEA,8337448.926451757
2035,Agri05_Agroforestry,DEB,5426513.099269125
2035,Agri05_Agroforestry,DEC,1355767.6663437614
2035,Agri05_Agroforestry,DEE,6009930.947999805
2035,Agri05_Agroforestry,DED,5596463.576055508
2035,Agri05_Agroforestry,DEF,1183852.4735383652
2035,Agri05_Agroforestry,DEG,946905.2579359225
2035,Agri06_Biochar,DE1,0.0
2035,Agri06_Biochar,DE2,0.0
2035,Agri06_Biochar,DE3,0.0
2035,Agri06_Biochar,DE4,0.0
2035,Agri06_Biochar,DE5,0.0
2035,Agri06_Biochar,DE6,0.0
2035,Agri06_Biochar,DE7,0.0
2035,Agri06_Biochar,DE8,0.0
2035,Agri06_Biochar,DE9,0.0
2035,Agri06_Biochar,DEA,0.0
2035,Agri06_Biochar,DEB,0.0
2035,Agri06_Biochar,DEC,0.0
2035,Agri06_Biochar,DEE,0.0
2035,Agri06_Biochar,DED,0.0
2035,Agri06_Biochar,DEF,0.0
2035,Agri06_Biochar,DEG,0.0
2036,Agri01_AGC,DE1,10307576.891161244
2036,Agri01_AGC,DE2,19445142.012790617
2036,Agri01_AGC,DE3,26929.276656195045
2036,Agri01_AGC,DE4,9310490.360586489
2036,Agri01_AGC,DE5,86580.2891228603
2036,Agri01_AGC,DE6,142211.69991441982
2036,Agri01_AGC,DE7,4495629.446155477
2036,Agri01_AGC,DE8,9913621.099145228
2036,Agri01_AGC,DE9,16821075.10028018
2036,Agri01_AGC,DEA,10509607.360519817
2036,Agri01_AGC,DEB,5728970.231611112
2036,Agri01_AGC,DEC,731154.0858970837
2036,Agri01_AGC,DEE,7879018.405300553
2036,Agri01_AGC,DED,6207365.337353351
2036,Agri01_AGC,DEF,4655229.3728111405
2036,Agri01_AGC,DEG,3721986.8008356234
2036,Agri02_OFC,DE1,6197421.112514489
2036,Agri02_OFC,DE2,9924334.11445723
2036,Agri02_OFC,DE3,3046488.8718972895
2036,Agri02_OFC,DE4,5971687.11929374
2036,Agri02_OFC,DE5,1420350.6283038117
2036,Agri02_OFC,DE6,164665.6527522551
2036,Agri02_OFC,DE7,2222694.071007673
2036,Agri02_OFC,DE8,6009539.578187127
2036,Agri02_OFC,DE9,8690704.832639996
2036,Agri02_OFC,DEA,6305155.5006456785
2036,Agri02_OFC,DEB,3724552.037011874
2036,Agri02_OFC,DEC,2231905.0366110387
2036,Agri02_OFC,DEE,4649662.056891355
2036,Agri02_OFC,DED,3976608.6063473397
2036,Agri02_OFC,DEF,2171922.273798676
2036,Agri02_OFC,DEG,1736573.0063000005
2036,Agri03_No-till,DE1,0.0
2036,Agri03_No-till,DE2,0.0
2036,Agri03_No-till,DE3,0.0
2036,Agri03_No-till,DE4,0.0
2036,Agri03_No-till,DE5,0.0
2036,Agri03_No-till,DE6,0.0
2036,Agri03_No-till,DE7,0.0
2036,Agri03_No-till,DE8,0.0
2036,Agri03_No-till,DE9,0.0
2036,Agri03_No-till,DEA,0.0
2036,Agri03_No-till,DEB,0.0
2036,Agri03_No-till,DEC,0.0
2036,Agri03_No-till,DEE,0.0
2036,Agri03_No-till,DED,0.0
2036,Agri03_No-till,DEF,0.0
2036,Agri03_No-till,DEG,0.0
2036,Agri04_toGrassland,DE1,194132.11164480372
2036,Agri04_toGrassland,DE2,329518.3194150466
2036,Agri04_toGrassland,DE3,79669.34667664209
2036,Agri04_toGrassland,DE4,183797.9420847236
2036,Agri04_toGrassland,DE5,37324.07331122969
2036,Agri04_toGrassland,DE6,4648.84227641996
2036,Agri04_toGrassland,DE7,76183.15458100128
2036,Agri04_toGrassland,DE8,187653.04308522143
2036,Agri04_toGrassland,DE9,285050.7542785051
2036,Agri04_toGrassland,DEA,198391.77475867435
2036,Agri04_toGrassland,DEB,114059.75279203484
2036,Agri04_toGrassland,DEC,60098.79630741271
2036,Agri04_toGrassland,DEE,147166.57989962958
2036,Agri04_toGrassland,DED,123011.39658219503
2036,Agri04_toGrassland,DEF,78887.74267687353
2036,Agri04_toGrassland,DEG,63072.968800618604
2036,Agri05_Agroforestry,DE1,9634345.226946434
2036,Agri05_Agroforestry,DE2,11814416.5782342
2036,Agri05_Agroforestry,DE3,38174.99815144367
2036,Agri05_Agroforestry,DE4,9915974.166817263
2036,Agri05_Agroforestry,DE5,313395.5567742432
2036,Agri05_Agroforestry,DE6,253700.10749925365
2036,Agri05_Agroforestry,DE7,2184086.2820227398
2036,Agri05_Agroforestry,DE8,9457365.196591116
2036,Agri05_Agroforestry,DE9,11025722.58949349
2036,Agri05_Agroforestry,DEA,9630286.80844534
2036,Agri05_Agroforestry,DEB,6296142.142780114
2036,Agri05_Agroforestry,DEC,1396398.9955263988
2036,Agri05_Agroforestry,DEE,6927574.457500275
2036,Agri05_Agroforestry,DED,6483268.601110679
2036,Agri05_Agroforestry,DEF,1272583.82564851
2036,Agri05_Agroforestry,DEG,1017924.6840524379
2036,Agri06_Biochar,DE1,0.0
2036,Agri06_Biochar,DE2,0.0
2036,Agri06_Biochar,DE3,0.0
2036,Agri06_Biochar,DE4,0.0
2036,Agri06_Biochar,DE5,0.0
2036,Agri06_Biochar,DE6,0.0
2036,Agri06_Biochar,DE7,0.0
2036,Agri06_Biochar,DE8,0.0
2036,Agri06_Biochar,DE9,0.0
2036,Agri06_Biochar,DEA,0.0
2036,Agri06_Biochar,DEB,0.0
2036,Agri06_Biochar,DEC,0.0
2036,Agri06_Biochar,DEE,0.0
2036,Agri06_Biochar,DED,0.0
2036,Agri06_Biochar,DEF,0.0
2036,Agri06_Biochar,DEG,0.0
2037,Agri01_AGC,DE1,10420516.086538807
2037,Agri01_AGC,DE2,19214504.51356795
2037,Agri01_AGC,DE3,25064.487379970557
2037,Agri01_AGC,DE4,9498768.509654758
2037,Agri01_AGC,DE5,80584.80707742693
2037,Agri01_AGC,DE6,132363.87309234077
2037,Agri01_AGC,DE7,4407652.705904044
2037,Agri01_AGC,DE8,10035402.170940137
2037,Agri01_AGC,DE9,16672567.887671653
2037,Agri01_AGC,DEA,10613055.182598254
2037,Agri01_AGC,DEB,5858219.899584383
2037,Agri01_AGC,DEC,680523.3795451944
2037,Agri01_AGC,DEE,7936733.85404017
2037,Agri01_AGC,DED,6325328.814223196
2037,Agri01_AGC,DEF,4501510.667953172
2037,Agri01_AGC,DEG,3599113.3785415674
2037,Agri02_OFC,DE1,6324536.562845393
2037,Agri02_OFC,DE2,9986092.9122049
2037,Agri02_OFC,DE3,3228860.3434060356
2037,Agri02_OFC,DE4,6118993.46479119
2037,Agri02_OFC,DE5,1504006.1853805007
2037,Agri02_OFC,DE6,171916.74034502392
2037,Agri02_OFC,DE7,2218400.359585601
2037,Agri02_OFC,DE8,6137317.683564792
2037,Agri02_OFC,DE9,8771464.94055913
2037,Agri02_OFC,DEA,6427749.565737959
2037,Agri02_OFC,DEB,3820803.7017410323
2037,Agri02_OFC,DEC,2352340.3307414046
2037,Agri02_OFC,DEE,4733488.586431494
2037,Agri02_OFC,DED,4069997.328257546
2037,Agri02_OFC,DEF,2133917.3613554514
2037,Agri02_OFC,DEG,1706202.5545521136
2037,Agri03_No-till,DE1,0.0
2037,Agri03_No-till,DE2,0.0
2037,Agri03_No-till,DE3,0.0
2037,Agri03_No-till,DE4,0.0
2037,Agri03_No-till,DE5,0.0
2037,Agri03_No-till,DE6,0.0
2037,Agri03_No-till,DE7,0.0
2037,Agri03_No-till,DE8,0.0
2037,Agri03_No-till,DE9,0.0
2037,Agri03_No-till,DEA,0.0
2037,Agri03_No-till,DEB,0.0
2037,Agri03_No-till,DEC,0.0
2037,Agri03_No-till,DEE,0.0
2037,Agri03_No-till,DED,0.0
2037,Agri03_No-till,DEF,0.0
2037,Agri03_No-till,DEG,0.0
2037,Agri04_toGrassland,DE1,204869.07358280753
2037,Agri04_toGrassland,DE2,342619.0514541841
2037,Agri04_toGrassland,DE3,88407.85052958019
2037,Agri04_toGrassland,DE4,194860.2826669394
2037,Agri04_toGrassland,DE5,41358.621733135
2037,Agri04_toGrassland,DE6,5045.93652165446
2037,Agri04_toGrassland,DE7,78594.05316280476
2037,Agri04_toGrassland,DE8,198194.86606386342
2037,Agri04_toGrassland,DE9,297293.08871565724
2037,Agri04_toGrassland,DEA,209121.09019516612
2037,Agri04_toGrassland,DEB,121085.6809867582
2037,Agri04_toGrassland,DEC,66120.52262245795
2037,Agri04_toGrassland,DEE,154888.8820200964
2037,Agri04_toGrassland,DED,130242.13950001968
2037,Agri04_toGrassland,DEF,80267.65998966765
2037,Agri04_toGrassland,DEG,64176.76869893931
2037,Agri05_Agroforestry,DE1,11057129.137201913
2037,Agri05_Agroforestry,DE2,13387881.935805203
2037,Agri05_Agroforestry,DE3,39285.7844821465
2037,Agri05_Agroforestry,DE4,11410327.713562341
2037,Agri05_Agroforestry,DE5,322514.4963269532
2037,Agri05_Agroforestry,DE6,261082.07541422395
2037,Agri05_Agroforestry,DE7,2446378.3915664167
2037,Agri05_Agroforestry,DE8,10859467.85560784
2037,Agri05_Agroforestry,DE9,12536226.45369597
2037,Agri05_Agroforestry,DEA,11044341.405975882
2037,Agri05_Agroforestry,DEB,7249929.809955756
2037,Agri05_Agroforestry,DEC,1437030.3247090362
2037,Agri05_Agroforestry,DEE,7129147.617551007
2037,Agri05_Agroforestry,DED,7454988.536820837
2037,Agri05_Agroforestry,DEF,1360807.6127944642
2037,Agri05_Agroforestry,DEG,1088547.025261699
2037,Agri06_Biochar,DE1,0.0
2037,Agri06_Biochar,DE2,0.0
2037,Agri06_Biochar,DE3,0.0
2037,Agri06_Biochar,DE4,0.0
2037,Agri06_Biochar,DE5,0.0
2037,Agri06_Biochar,DE6,0.0
2037,Agri06_Biochar,DE7,0.0
2037,Agri06_Biochar,DE8,0.0
2037,Agri06_Biochar,DE9,0.0
2037,Agri06_Biochar,DEA,0.0
2037,Agri06_Biochar,DEB,0.0
2037,Agri06_Biochar,DEC,0.0
2037,Agri06_Biochar,DEE,0.0
2037,Agri06_Biochar,DED,0.0
2037,Agri06_Biochar,DEF,0.0
2037,Agri06_Biochar,DEG,0.0
2038,Agri01_AGC,DE1,10427896.680212133
2038,Agri01_AGC,DE2,18816160.062698774
2038,Agri01_AGC,DE3,23199.69810374607
2038,Agri01_AGC,DE4,9585099.942293044
2038,Agri01_AGC,DE5,74589.32503199353
2038,Agri01_AGC,DE6,122516.0462702617
2038,Agri01_AGC,DE7,4282285.760865559
2038,Agri01_AGC,DE8,10054782.37494413
2038,Agri01_AGC,DE9,16376949.883429086
2038,Agri01_AGC,DEA,10609172.576740988
2038,Agri01_AGC,DEB,5923844.139803488
2038,Agri01_AGC,DEC,629892.673193305
2038,Agri01_AGC,DEE,7915361.5029366845
2038,Agri01_AGC,DED,6375449.063753087
2038,Agri01_AGC,DEF,4311573.172470223
2038,Agri01_AGC,DEG,3447280.857117749
2038,Agri02_OFC,DE1,6378113.496788201
2038,Agri02_OFC,DE2,9931417.40145793
2038,Agri02_OFC,DE3,3373959.702991956
2038,Agri02_OFC,DE4,6195207.445143473
2038,Agri02_OFC,DE5,1570297.3694141991
2038,Agri02_OFC,DE6,177177.63764655788
2038,Agri02_OFC,DE7,2188199.262536713
2038,Agri02_OFC,DE8,6193744.384980684
2038,Agri02_OFC,DE9,8750014.134971095
2038,Agri02_OFC,DEA,6475589.765059844
2038,Agri02_OFC,DEB,3872673.9522371786
2038,Agri02_OFC,DEC,2445592.8384513427
2038,Agri02_OFC,DEE,4762250.366375446
2038,Agri02_OFC,DED,4116088.9501519366
2038,Agri02_OFC,DEF,2070913.4174133565
2038,Agri02_OFC,DEG,1655843.827301707
2038,Agri03_No-till,DE1,0.0
2038,Agri03_No-till,DE2,0.0
2038,Agri03_No-till,DE3,0.0
2038,Agri03_No-till,DE4,0.0
2038,Agri03_No-till,DE5,0.0
2038,Agri03_No-till,DE6,0.0
2038,Agri03_No-till,DE7,0.0
2038,Agri03_No-till,DE8,0.0
2038,Agri03_No-till,DE9,0.0
2038,Agri03_No-till,DEA,0.0
2038,Agri03_No-till,DEB,0.0
2038,Agri03_No-till,DEC,0.0
2038,Agri03_No-till,DEE,0.0
2038,Agri03_No-till,DED,0.0
2038,Agri03_No-till,DEF,0.0
2038,Agri03_No-till,DEG,0.0
2038,Agri04_toGrassland,DE1,215314.27756899313
2038,Agri04_toGrassland,DE2,354850.26162893773
2038,Agri04_toGrassland,DE3,97343.06904560122
2038,Agri04_toGrassland,DE4,205711.91374420054
2038,Agri04_toGrassland,DE5,45480.99471510994
2038,Agri04_toGrassland,DE6,5446.268933242105
2038,Agri04_toGrassland,DE7,80758.78487159661
2038,Agri04_toGrassland,DE8,208466.58960723635
2038,Agri04_toGrassland,DE9,308849.67663191207
2038,Agri04_toGrassland,DEA,219534.4783995266
2038,Agri04_toGrassland,DEB,127992.60601429999
2038,Agri04_toGrassland,DEC,72248.99130470917
2038,Agri04_toGrassland,DEE,162359.54151138096
2038,Agri04_toGrassland,DED,137319.22235860923
2038,Agri04_toGrassland,DEF,81311.11040644113
2038,Agri04_toGrassland,DEG,65011.59163083833
2038,Agri05_Agroforestry,DE1,12607760.527748622
2038,Agri05_Agroforestry,DE2,15087720.365539264
2038,Agri05_Agroforestry,DE3,40396.57081284932
2038,Agri05_Agroforestry,DE4,13041587.921513122
2038,Agri05_Agroforestry,DE5,331633.4358796632
2038,Agri05_Agroforestry,DE6,268464.0433291943
2038,Agri05_Agroforestry,DE7,2726957.5176882828
2038,Agri05_Agroforestry,DE8,12388037.835807204
2038,Agri05_Agroforestry,DE9,14172136.940362854
2038,Agri05_Agroforestry,DEA,12584746.375750717
2038,Agri05_Agroforestry,DEB,8291524.795334821
2038,Agri05_Agroforestry,DEC,1477661.6538916735
2038,Agri05_Agroforestry,DEE,7330720.777601739
2038,Agri05_Agroforestry,DED,8166973.588959036
2038,Agri05_Agroforestry,DEF,1448217.9149706159
2038,Agri05_Agroforestry,DEG,1158528.1105009378
2038,Agri06_Biochar,DE1,0.0
2038,Agri06_Biochar,DE2,0.0
2038,Agri06_Biochar,DE3,0.0
2038,Agri06_Biochar,DE4,0.0
2038,Agri06_Biochar,DE5,0.0
2038,Agri06_Biochar,DE6,0.0
2038,Agri06_Biochar,DE7,0.0
2038,Agri06_Biochar,DE8,0.0
2038,Agri06_Biochar,DE9,0.0
2038,Agri06_Biochar,DEA,0.0
2038,Agri06_Biochar,DEB,0.0
2038,Agri06_Biochar,DEC,0.0
2038,Agri06_Biochar,DEE,0.0
2038,Agri06_Biochar,DED,0.0
2038,Agri06_Biochar,DEF,0.0
2038,Agri06_Biochar,DEG,0.0
2039,Agri01_AGC,DE1,10325509.341782887
2039,Agri01_AGC,DE2,18250509.63637969
2039,Agri01_AGC,DE3,21334.908827521576
2039,Agri01_AGC,DE4,9034672.898197776
2039,Agri01_AGC,DE5,68593.84298656015
2039,Agri01_AGC,DE6,112668.21944818262
2039,Agri01_AGC,DE7,4120531.294176221
2039,Agri01_AGC,DE8,9967452.530333662
2039,Agri01_AGC,DE9,15933228.591032613
2039,Agri01_AGC,DEA,10494016.048159046
2039,Agri01_AGC,DEB,5447686.175310532
2039,Agri01_AGC,DEC,579261.9668414156
2039,Agri01_AGC,DEE,7812324.616692494
2039,Agri01_AGC,DED,6217558.689152097
2039,Agri01_AGC,DEF,4088099.4514671247
2039,Agri01_AGC,DEG,3268633.2611669786
2039,Agri02_OFC,DE1,6355228.92376674
2039,Agri02_OFC,DE2,9760586.023092432
2039,Agri02_OFC,DE3,3476157.2981380518
2039,Agri02_OFC,DE4,6196644.462801146
2039,Agri02_OFC,DE5,1616647.4299819132
2039,Agri02_OFC,DE6,180235.2066319194
2039,Agri02_OFC,DE7,2132787.0505455737
2039,Agri02_OFC,DE8,6175827.354975016
2039,Agri02_OFC,DE9,8625663.218854062
2039,Agri02_OFC,DEA,6445937.706274654
2039,Agri02_OFC,DEB,3877711.6394620924
2039,Agri02_OFC,DEC,2507998.8898679228
2039,Agri02_OFC,DEE,4734158.092420763
2039,Agri02_OFC,DED,4112594.379014556
2039,Agri02_OFC,DEF,1984773.2352861438
2039,Agri02_OFC,DEG,1586985.6513017428
2039,Agri03_No-till,DE1,0.0
2039,Agri03_No-till,DE2,0.0
2039,Agri03_No-till,DE3,0.0
2039,Agri03_No-till,DE4,0.0
2039,Agri03_No-till,DE5,0.0
2039,Agri03_No-till,DE6,0.0
2039,Agri03_No-till,DE7,0.0
2039,Agri03_No-till,DE8,0.0
2039,Agri03_No-till,DE9,0.0
2039,Agri03_No-till,DEA,0.0
2039,Agri03_No-till,DEB,0.0
2039,Agri03_No-till,DEC,0.0
2039,Agri03_No-till,DEE,0.0
2039,Agri03_No-till,DED,0.0
2039,Agri03_No-till,DEF,0.0
2039,Agri03_No-till,DEG,0.0
2039,Agri04_toGrassland,DE1,225446.47561217126
2039,Agri04_toGrassland,DE2,366213.9739996419
2039,Agri04_toGrassland,DE3,106434.07879236323
2039,Agri04_toGrassland,DE4,216326.05100289866
2039,Agri04_toGrassland,DE5,49672.46117716707
2039,Agri04_toGrassland,DE6,5848.29015453669
2039,Agri04_toGrassland,DE7,82682.41108304178
2039,Agri04_toGrassland,DE8,218446.46169601483
2039,Agri04_toGrassland,DE9,319715.50807192904
2039,Agri04_toGrassland,DEA,229612.0332739678
2039,Agri04_toGrassland,DEB,134762.70982434135
2039,Agri04_toGrassland,DEC,78457.5701693707
2039,Agri04_toGrassland,DEE,169565.551447507
2039,Agri04_toGrassland,DED,144226.0051357101
2039,Agri04_toGrassland,DEF,82031.63506422017
2039,Agri04_toGrassland,DEG,65588.26027155362
2039,Agri05_Agroforestry,DE1,14291456.383859186
2039,Agri05_Agroforestry,DE2,16918620.235906076
2039,Agri05_Agroforestry,DE3,41507.357143552144
2039,Agri05_Agroforestry,DE4,14815423.446727041
2039,Agri05_Agroforestry,DE5,340752.3754323732
2039,Agri05_Agroforestry,DE6,275846.0112441646
2039,Agri05_Agroforestry,DE7,3026405.0902706375
2039,Agri05_Agroforestry,DE8,14048250.723381806
2039,Agri05_Agroforestry,DE9,15938249.34534881
2039,Agri05_Agroforestry,DEA,14256635.374477169
2039,Agri05_Agroforestry,DEB,9424575.793456074
2039,Agri05_Agroforestry,DEC,1518292.9830743107
2039,Agri05_Agroforestry,DEE,7532293.937652471
2039,Agri05_Agroforestry,DED,8391541.230303017
2039,Agri05_Agroforestry,DEF,1534508.8121713519
2039,Agri05_Agroforestry,DEG,1227623.7687073862
2039,Agri06_Biochar,DE1,0.0
2039,Agri06_Biochar,DE2,0.0
2039,Agri06_Biochar,DE3,0.0
2039,Agri06_Biochar,DE4,0.0
2039,Agri06_Biochar,DE5,0.0
2039,Agri06_Biochar,DE6,0.0
2039,Agri06_Biochar,DE7,0.0
2039,Agri06_Biochar,DE8,0.0
2039,Agri06_Biochar,DE9,0.0
2039,Agri06_Biochar,DEA,0.0
2039,Agri06_Biochar,DEB,0.0
2039,Agri06_Biochar,DEC,0.0
2039,Agri06_Biochar,DEE,0.0
2039,Agri06_Biochar,DED,0.0
2039,Agri06_Biochar,DEF,0.0
2039,Agri06_Biochar,DEG,0.0
2040,Agri01_AGC,DE1,9562489.021635775
2040,Agri01_AGC,DE2,17517954.2108073
2040,Agri01_AGC,DE3,19470.119551297084
2040,Agri01_AGC,DE4,8244992.413928631
2040,Agri01_AGC,DE5,62598.36094112676
2040,Agri01_AGC,DE6,102820.39262610354
2040,Agri01_AGC,DE7,3923391.988972231
2040,Agri01_AGC,DE8,9096241.936461061
2040,Agri01_AGC,DE9,15340411.513962366
2040,Agri01_AGC,DEA,9991554.21877994
2040,Agri01_AGC,DEB,4971528.210817574
2040,Agri01_AGC,DEC,528631.2604895262
2040,Agri01_AGC,DEE,7625046.460009994
2040,Agri01_AGC,DED,5674109.600076512
2040,Agri01_AGC,DEF,3833772.0700487066
2040,Agri01_AGC,DEG,3065314.6152920653
2040,Agri02_OFC,DE1,6252959.853204835
2040,Agri02_OFC,DE2,9473877.217984505
2040,Agri02_OFC,DE3,3529823.476327322
2040,Agri02_OFC,DE4,6119619.920214759
2040,Agri02_OFC,DE5,1640479.6166606485
2040,Agri02_OFC,DE6,180876.30927617082
2040,Agri02_OFC,DE7,2052859.9942967447
2040,Agri02_OFC,DE8,6080574.266087997
2040,Agri02_OFC,DE9,8397722.995186187
2040,Agri02_OFC,DEA,6336054.997045702
2040,Agri02_OFC,DEB,3833465.6143775494
2040,Agri02_OFC,DEC,2535894.8151182136
2040,Agri02_OFC,DEE,4647422.460264988
2040,Agri02_OFC,DED,4057224.5218294435
2040,Agri02_OFC,DEF,1877359.608287564
2040,Agri02_OFC,DEG,1501116.8533051824
2040,Agri03_No-till,DE1,0.0
2040,Agri03_No-till,DE2,0.0
2040,Agri03_No-till,DE3,0.0
2040,Agri03_No-till,DE4,0.0
2040,Agri03_No-till,DE5,0.0
2040,Agri03_No-till,DE6,0.0
2040,Agri03_No-till,DE7,0.0
2040,Agri03_No-till,DE8,0.0
2040,Agri03_No-till,DE9,0.0
2040,Agri03_No-till,DEA,0.0
2040,Agri03_No-till,DEB,0.0
2040,Agri03_No-till,DEC,0.0
2040,Agri03_No-till,DEE,0.0
2040,Agri03_No-till,DED,0.0
2040,Agri03_No-till,DEF,0.0
2040,Agri03_No-till,DEG,0.0
2040,Agri04_toGrassland,DE1,235244.41972115243
2040,Agri04_toGrassland,DE2,376712.21262663056
2040,Agri04_toGrassland,DE3,115639.95633752417
2040,Agri04_toGrassland,DE4,226675.91012942512
2040,Agri04_toGrassland,DE5,53914.29003931887
2040,Agri04_toGrassland,DE6,6250.450828892009
2040,Agri04_toGrassland,DE7,84369.99317280517
2040,Agri04_toGrassland,DE8,228112.7303108732
2040,Agri04_toGrassland,DE9,329885.57308036747
2040,Agri04_toGrassland,DEA,239333.84872070162
2040,Agri04_toGrassland,DEB,141378.1743665633
2040,Agri04_toGrassland,DEC,84719.6270316468
2040,Agri04_toGrassland,DEE,176493.9049024982
2040,Agri04_toGrassland,DED,150945.8478090686
2040,Agri04_toGrassland,DEF,82442.77510003092
2040,Agri04_toGrassland,DEG,65917.59729632309
2040,Agri05_Agroforestry,DE1,16113433.690806232
2040,Agri05_Agroforestry,DE2,18885269.915375337
2040,Agri05_Agroforestry,DE3,42618.14347425496
2040,Agri05_Agroforestry,DE4,15432168.36410788
2040,Agri05_Agroforestry,DE5,349871.31498508307
2040,Agri05_Agroforestry,DE6,283227.97915913485
2040,Agri05_Agroforestry,DE7,3345302.5391957825
2040,Agri05_Agroforestry,DE8,14697971.0533354
2040,Agri05_Agroforestry,DE9,17839358.96450851
2040,Agri05_Agroforestry,DEA,16065142.058862567
2040,Agri05_Agroforestry,DEB,10652731.498858284
2040,Agri05_Agroforestry,DEC,1558924.3122569479
2040,Agri05_Agroforestry,DEE,7733867.097703201
2040,Agri05_Agroforestry,DED,8616108.871646997
2040,Agri05_Agroforestry,DEF,1619374.3843910594
2040,Agri05_Agroforestry,DEG,1295589.8288182758
2040,Agri06_Biochar,DE1,0.0
2040,Agri06_Biochar,DE2,0.0
2040,Agri06_Biochar,DE3,0.0
2040,Agri06_Biochar,DE4,0.0
2040,Agri06_Biochar,DE5,0.0
2040,Agri06_Biochar,DE6,0.0
2040,Agri06_Biochar,DE7,0.0
2040,Agri06_Biochar,DE8,0.0
2040,Agri06_Biochar,DE9,0.0
2040,Agri06_Biochar,DEA,0.0
2040,Agri06_Biochar,DEB,0.0
2040,Agri06_Biochar,DEC,0.0
2040,Agri06_Biochar,DEE,0.0
2040,Agri06_Biochar,DED,0.0
2040,Agri06_Biochar,DEF,0.0
2040,Agri06_Biochar,DEG,0.0
2041,Agri01_AGC,DE1,8646622.689403994
2041,Agri01_AGC,DE2,16618894.762178222
2041,Agri01_AGC,DE3,17605.3302750726
2041,Agri01_AGC,DE4,7455311.929659491
2041,Agri01_AGC,DE5,56602.8788956934
2041,Agri01_AGC,DE6,92972.5658040245
2041,Agri01_AGC,DE7,3691870.528389791
2041,Agri01_AGC,DE8,8225031.342588462
2041,Agri01_AGC,DE9,14597506.155698486
2041,Agri01_AGC,DEA,9034593.317183675
2041,Agri01_AGC,DEB,4495370.246324619
2041,Agri01_AGC,DEC,478000.5541376369
2041,Agri01_AGC,DEE,6894742.527777959
2041,Agri01_AGC,DED,5130660.511000931
2041,Agri01_AGC,DEF,3551273.5933198
2041,Agri01_AGC,DEG,2839468.944095822
2041,Agri02_OFC,DE1,6068383.294526311
2041,Agri02_OFC,DE2,9071569.427010266
2041,Agri02_OFC,DE3,3529328.585042768
2041,Agri02_OFC,DE4,5960449.219834868
2041,Agri02_OFC,DE5,1639217.179027412
2041,Agri02_OFC,DE6,178887.80755437454
2041,Agri02_OFC,DE7,1949114.3644747897
2041,Agri02_OFC,DE8,5904992.79085984
2041,Agri02_OFC,DE9,8065504.266945638
2041,Agri02_OFC,DEA,6143203.24503631
2041,Agri02_OFC,DEB,3737484.7279453287
2041,Agri02_OFC,DEC,2525616.944329286
2041,Agri02_OFC,DEE,4500254.165605672
2041,Agri02_OFC,DED,3947690.285580644
2041,Agri02_OFC,DEF,1750535.329731369
2041,Agri02_OFC,DEG,1399726.2600649884
2041,Agri03_No-till,DE1,0.0
2041,Agri03_No-till,DE2,0.0
2041,Agri03_No-till,DE3,0.0
2041,Agri03_No-till,DE4,0.0
2041,Agri03_No-till,DE5,0.0
2041,Agri03_No-till,DE6,0.0
2041,Agri03_No-till,DE7,0.0
2041,Agri03_No-till,DE8,0.0
2041,Agri03_No-till,DE9,0.0
2041,Agri03_No-till,DEA,0.0
2041,Agri03_No-till,DEB,0.0
2041,Agri03_No-till,DEC,0.0
2041,Agri03_No-till,DEE,0.0
2041,Agri03_No-till,DED,0.0
2041,Agri03_No-till,DEF,0.0
2041,Agri03_No-till,DEG,0.0
2041,Agri04_toGrassland,DE1,244686.86190474735
2041,Agri04_toGrassland,DE2,386347.0015702379
2041,Agri04_toGrassland,DE3,124919.77824874205
2041,Agri04_toGrassland,DE4,236734.70681017145
2041,Agri04_toGrassland,DE5,58187.75022157789
2041,Agri04_toGrassland,DE6,6651.201599661856
2041,Agri04_toGrassland,DE7,85826.59251655168
2041,Agri04_toGrassland,DE8,237443.643432486
2041,Agri04_toGrassland,DE9,339354.8617018868
2041,Agri04_toGrassland,DEA,248680.0186419401
2041,Agri04_toGrassland,DEB,147821.181590647
2041,Agri04_toGrassland,DEC,91008.52970674181
2041,Agri04_toGrassland,DEE,183131.59495037838
2041,Agri04_toGrassland,DED,157462.11035643113
2041,Agri04_toGrassland,DEF,82558.07165089958
2041,Agri04_toGrassland,DEG,66010.42538038464
2041,Agri05_Agroforestry,DE1,18078909.4338624
2041,Agri05_Agroforestry,DE2,20992357.772416756
2041,Agri05_Agroforestry,DE3,43728.92980495779
2041,Agri05_Agroforestry,DE4,15834387.707198478
2041,Agri05_Agroforestry,DE5,358990.2545377931
2041,Agri05_Agroforestry,DE6,290609.9470741052
2041,Agri05_Agroforestry,DE7,3684231.29434602
2041,Agri05_Agroforestry,DE8,15081054.500998326
2041,Agri05_Agroforestry,DE9,19880261.093696635
2041,Agri05_Agroforestry,DEA,18015400.085614245
2041,Agri05_Agroforestry,DEB,11482080.093235346
2041,Agri05_Agroforestry,DEC,1599555.6414395852
2041,Agri05_Agroforestry,DEE,7935440.257753934
2041,Agri05_Agroforestry,DED,8840676.51299098
2041,Agri05_Agroforestry,DEF,1702508.7116241262
2041,Agri05_Agroforestry,DEG,1362182.1197708396
2041,Agri06_Biochar,DE1,0.0
2041,Agri06_Biochar,DE2,0.0
2041,Agri06_Biochar,DE3,0.0
2041,Agri06_Biochar,DE4,0.0
2041,Agri06_Biochar,DE5,0.0
2041,Agri06_Biochar,DE6,0.0
2041,Agri06_Biochar,DE7,0.0
2041,Agri06_Biochar,DE8,0.0
2041,Agri06_Biochar,DE9,0.0
2041,Agri06_Biochar,DEA,0.0
2041,Agri06_Biochar,DEB,0.0
2041,Agri06_Biochar,DEC,0.0
2041,Agri06_Biochar,DEE,0.0
2041,Agri06_Biochar,DED,0.0
2041,Agri06_Biochar,DEF,0.0
2041,Agri06_Biochar,DEG,0.0
2042,Agri01_AGC,DE1,7730756.357172211
2042,Agri01_AGC,DE2,15553732.266689043
2042,Agri01_AGC,DE3,15740.540998848111
2042,Agri01_AGC,DE4,6665631.445390349
2042,Agri01_AGC,DE5,50607.39685026002
2042,Agri01_AGC,DE6,83124.73898194544
2042,Agri01_AGC,DE7,3426969.5955650993
2042,Agri01_AGC,DE8,7353820.748715862
2042,Agri01_AGC,DE9,13703520.019721093
2042,Agri01_AGC,DEA,8077632.415587408
2042,Agri01_AGC,DEB,4019212.2818316626
2042,Agri01_AGC,DEC,427369.84778574755
2042,Agri01_AGC,DEE,6164438.595545921
2042,Agri01_AGC,DED,4587211.421925348
2042,Agri01_AGC,DEF,3243286.5863852343
2042,Agri01_AGC,DEG,2593240.272181056
2042,Agri02_OFC,DE1,5798576.257154994
2042,Agri02_OFC,DE2,8553941.09104582
2042,Agri02_OFC,DE3,3469042.971767389
2042,Agri02_OFC,DE4,5715447.7641120255
2042,Agri02_OFC,DE5,1610283.3666592103
2042,Agri02_OFC,DE6,174056.563441593
2042,Agri02_OFC,DE7,1822246.431764272
2042,Agri02_OFC,DE8,5646090.601830757
2042,Agri02_OFC,DE9,7628317.837110578
2042,Agri02_OFC,DEA,5864644.057909795
2042,Agri02_OFC,DEB,3587317.831127209
2042,Agri02_OFC,DEC,2473501.607628209
2042,Agri02_OFC,DEE,4290863.904140361
2042,Agri02_OFC,DED,3781702.5772521994
2042,Agri02_OFC,DEF,1606163.1929313107
2042,Agri02_OFC,DEG,1284302.6983341225
2042,Agri03_No-till,DE1,0.0
2042,Agri03_No-till,DE2,0.0
2042,Agri03_No-till,DE3,0.0
2042,Agri03_No-till,DE4,0.0
2042,Agri03_No-till,DE5,0.0
2042,Agri03_No-till,DE6,0.0
2042,Agri03_No-till,DE7,0.0
2042,Agri03_No-till,DE8,0.0
2042,Agri03_No-till,DE9,0.0
2042,Agri03_No-till,DEA,0.0
2042,Agri03_No-till,DEB,0.0
2042,Agri03_No-till,DEC,0.0
2042,Agri03_No-till,DEE,0.0
2042,Agri03_No-till,DED,0.0
2042,Agri03_No-till,DEF,0.0
2042,Agri03_No-till,DEG,0.0
2042,Agri04_toGrassland,DE1,253752.55417176662
2042,Agri04_toGrassland,DE2,395120.3648907981
2042,Agri04_toGrassland,DE3,134232.62109367482
2042,Agri04_toGrassland,DE4,246475.6567315291
2042,Agri04_toGrassland,DE5,62474.110643956636
2042,Agri04_toGrassland,DE6,7048.993110200024
2042,Agri04_toGrassland,DE7,87057.27048994624
2042,Agri04_toGrassland,DE8,246417.44904152764
2042,Agri04_toGrassland,DE9,348118.36398114637
2042,Agri04_toGrassland,DEA,257630.63693989514
2042,Agri04_toGrassland,DEB,154073.9134462735
2042,Agri04_toGrassland,DEC,97297.64600986001
2042,Agri04_toGrassland,DEE,189465.61466517125
2042,Agri04_toGrassland,DED,163758.15275554408
2042,Agri04_toGrassland,DEF,82391.06585385234
2042,Agri04_toGrassland,DEG,65877.56719897619
2042,Agri05_Agroforestry,DE1,20193100.598300308
2042,Agri05_Agroforestry,DE2,23244572.175500017
2042,Agri05_Agroforestry,DE3,44839.716135660616
2042,Agri05_Agroforestry,DE4,16236607.050289074
2042,Agri05_Agroforestry,DE5,368109.1940905031
2042,Agri05_Agroforestry,DE6,297991.91498907545
2042,Agri05_Agroforestry,DE7,4043772.785603649
2042,Agri05_Agroforestry,DE8,15464137.948661251
2042,Agri05_Agroforestry,DE9,22065751.02876785
2042,Agri05_Agroforestry,DEA,20036726.158771094
2042,Agri05_Agroforestry,DEB,11773743.705230597
2042,Agri05_Agroforestry,DEC,1640186.9706222224
2042,Agri05_Agroforestry,DEE,8137013.417804665
2042,Agri05_Agroforestry,DED,9065244.154334959
2042,Agri05_Agroforestry,DEF,1783605.8738649397
2042,Agri05_Agroforestry,DEG,1427156.470502308
2042,Agri06_Biochar,DE1,0.0
2042,Agri06_Biochar,DE2,0.0
2042,Agri06_Biochar,DE3,0.0
2042,Agri06_Biochar,DE4,0.0
2042,Agri06_Biochar,DE5,0.0
2042,Agri06_Biochar,DE6,0.0
2042,Agri06_Biochar,DE7,0.0
2042,Agri06_Biochar,DE8,0.0
2042,Agri06_Biochar,DE9,0.0
2042,Agri06_Biochar,DEA,0.0
2042,Agri06_Biochar,DEB,0.0
2042,Agri06_Biochar,DEC,0.0
2042,Agri06_Biochar,DEE,0.0
2042,Agri06_Biochar,DED,0.0
2042,Agri06_Biochar,DEF,0.0
2042,Agri06_Biochar,DEG,0.0
2043,Agri01_AGC,DE1,6814890.024940427
2043,Agri01_AGC,DE2,14322867.700536372
2043,Agri01_AGC,DE3,13875.751722623623
2043,Agri01_AGC,DE4,5875950.961121207
2043,Agri01_AGC,DE5,44611.91480482664
2043,Agri01_AGC,DE6,73276.91215986638
2043,Agri01_AGC,DE7,3129691.873634356
2043,Agri01_AGC,DE8,6482610.154843261
2043,Agri01_AGC,DE9,12269673.084770896
2043,Agri01_AGC,DEA,7120671.51399114
2043,Agri01_AGC,DEB,3543054.3173387065
2043,Agri01_AGC,DEC,376739.1414338582
2043,Agri01_AGC,DEE,5434134.663313883
2043,Agri01_AGC,DED,4043762.3328497647
2043,Agri01_AGC,DEF,2912493.614349839
2043,Agri01_AGC,DEG,2328772.6241505775
2043,Agri02_OFC,DE1,5440615.750514705
2043,Agri02_OFC,DE2,7921270.650967271
2043,Agri02_OFC,DE3,3343336.983984183
2043,Agri02_OFC,DE4,5380930.9554967815
2043,Agri02_OFC,DE5,1551101.4291330478
2043,Agri02_OFC,DE6,166169.43891288846
2043,Agri02_OFC,DE7,1672952.4668497539
2043,Agri02_OFC,DE8,5300875.371540955
2043,Agri02_OFC,DE9,7085474.508659165
2043,Agri02_OFC,DEA,5497639.04332947
2043,Agri02_OFC,DEB,3380513.7748849643
2043,Agri02_OFC,DEC,2375885.13514205
2043,Agri02_OFC,DEE,4017462.3715666
2043,Agri02_OFC,DED,3556972.3038281486
2043,Agri02_OFC,DEF,1446105.9912011393
2043,Agri02_OFC,DEG,1156334.9948655458
2043,Agri03_No-till,DE1,0.0
2043,Agri03_No-till,DE2,0.0
2043,Agri03_No-till,DE3,0.0
2043,Agri03_No-till,DE4,0.0
2043,Agri03_No-till,DE5,0.0
2043,Agri03_No-till,DE6,0.0
2043,Agri03_No-till,DE7,0.0
2043,Agri03_No-till,DE8,0.0
2043,Agri03_No-till,DE9,0.0
2043,Agri03_No-till,DEA,0.0
2043,Agri03_No-till,DEB,0.0
2043,Agri03_No-till,DEC,0.0
2043,Agri03_No-till,DEE,0.0
2043,Agri03_No-till,DED,0.0
2043,Agri03_No-till,DEF,0.0
2043,Agri03_No-till,DEG,0.0
2043,Agri04_toGrassland,DE1,247779.0303876975
2043,Agri04_toGrassland,DE2,385818.9377388665
2043,Agri04_toGrassland,DE3,131072.6853944336
2043,Agri04_toGrassland,DE4,240673.4365233998
2043,Agri04_toGrassland,DE5,61003.42363141281
2043,Agri04_toGrassland,DE6,6883.054571630608
2043,Agri04_toGrassland,DE7,85007.87761764506
2043,Agri04_toGrassland,DE8,240616.59908569697
2043,Agri04_toGrassland,DE9,339923.398875475
2043,Agri04_toGrassland,DEA,251565.82020420383
2043,Agri04_toGrassland,DEB,150446.89897353278
2043,Agri04_toGrassland,DEC,95007.1870843494
2043,Agri04_toGrassland,DEE,185005.45323286674
2043,Agri04_toGrassland,DED,159903.1640894662
2043,Agri04_toGrassland,DEF,80451.51890789473
2043,Agri04_toGrassland,DEG,64326.760288739846
2043,Agri05_Agroforestry,DE1,22461224.169392597
2043,Agri05_Agroforestry,DE2,25646601.493094828
2043,Agri05_Agroforestry,DE3,45950.50246636344
2043,Agri05_Agroforestry,DE4,16638826.393379671
2043,Agri05_Agroforestry,DE5,377228.13364321314
2043,Agri05_Agroforestry,DE6,305373.8829040458
2043,Agri05_Agroforestry,DE7,4424508.442850972
2043,Agri05_Agroforestry,DE8,15847221.396324176
2043,Agri05_Agroforestry,DE9,24400624.06557683
2043,Agri05_Agroforestry,DEA,20533083.4831989
2043,Agri05_Agroforestry,DEB,12065407.31722585
2043,Agri05_Agroforestry,DEC,1680818.29980486
2043,Agri05_Agroforestry,DEE,8338586.577855397
2043,Agri05_Agroforestry,DED,9289811.795678942
2043,Agri05_Agroforestry,DEF,1862359.9511078873
2043,Agri05_Agroforestry,DEG,1490268.7099499141
2043,Agri06_Biochar,DE1,0.0
2043,Agri06_Biochar,DE2,0.0
2043,Agri06_Biochar,DE3,0.0
2043,Agri06_Biochar,DE4,0.0
2043,Agri06_Biochar,DE5,0.0
2043,Agri06_Biochar,DE6,0.0
2043,Agri06_Biochar,DE7,0.0
2043,Agri06_Biochar,DE8,0.0
2043,Agri06_Biochar,DE9,0.0
2043,Agri06_Biochar,DEA,0.0
2043,Agri06_Biochar,DEB,0.0
2043,Agri06_Biochar,DEC,0.0
2043,Agri06_Biochar,DEE,0.0
2043,Agri06_Biochar,DED,0.0
2043,Agri06_Biochar,DEF,0.0
2043,Agri06_Biochar,DEG,0.0
2044,Agri01_AGC,DE1,5899023.692708644
2044,Agri01_AGC,DE2,12862164.316360753
2044,Agri01_AGC,DE3,12010.962446399135
2044,Agri01_AGC,DE4,5086270.476852066
2044,Agri01_AGC,DE5,38616.43275939326
2044,Agri01_AGC,DE6,63429.08533778732
2044,Agri01_AGC,DE7,2801040.0457337615
2044,Agri01_AGC,DE8,5611399.560970661
2044,Agri01_AGC,DE9,10620727.84211742
2044,Agri01_AGC,DEA,6163710.612394872
2044,Agri01_AGC,DEB,3066896.3528457503
2044,Agri01_AGC,DEC,326108.43508196884
2044,Agri01_AGC,DEE,4703830.731081846
2044,Agri01_AGC,DED,3500313.2437741817
2044,Agri01_AGC,DEF,2561577.242318444
2044,Agri01_AGC,DEG,2048210.0246071967
2044,Agri02_OFC,DE1,4991578.784029277
2044,Agri02_OFC,DE2,7173836.547650739
2044,Agri02_OFC,DE3,3146580.9691761555
2044,Agri02_OFC,DE4,4953214.196439699
2044,Agri02_OFC,DE5,1459094.6160259338
2044,Agri02_OFC,DE6,155013.2959433236
2044,Agri02_OFC,DE7,1501928.7404158004
2044,Agri02_OFC,DE8,4866354.772530654
2044,Agri02_OFC,DE9,6436285.084569575
2044,Agri02_OFC,DEA,5039449.808958661
2044,Agri02_OFC,DEB,3114621.4101803787
2044,Agri02_OFC,DEC,2229103.856997884
2044,Agri02_OFC,DEE,3678260.2635819437
2044,Agri02_OFC,DED,3271210.3722925405
2044,Agri02_OFC,DEF,1272226.5178546086
2044,Agri02_OFC,DEG,1017311.9764122219
2044,Agri03_No-till,DE1,0.0
2044,Agri03_No-till,DE2,0.0
2044,Agri03_No-till,DE3,0.0
2044,Agri03_No-till,DE4,0.0
2044,Agri03_No-till,DE5,0.0
2044,Agri03_No-till,DE6,0.0
2044,Agri03_No-till,DE7,0.0
2044,Agri03_No-till,DE8,0.0
2044,Agri03_No-till,DE9,0.0
2044,Agri03_No-till,DEA,0.0
2044,Agri03_No-till,DEB,0.0
2044,Agri03_No-till,DEC,0.0
2044,Agri03_No-till,DEE,0.0
2044,Agri03_No-till,DED,0.0
2044,Agri03_No-till,DEF,0.0
2044,Agri03_No-till,DEG,0.0
2044,Agri04_toGrassland,DE1,241805.5066036284
2044,Agri04_toGrassland,DE2,376517.510586935
2044,Agri04_toGrassland,DE3,127912.7496951924
2044,Agri04_toGrassland,DE4,234871.21631527055
2044,Agri04_toGrassland,DE5,59532.736618868985
2044,Agri04_toGrassland,DE6,6717.116033061194
2044,Agri04_toGrassland,DE7,82958.48474534391
2044,Agri04_toGrassland,DE8,234815.74912986634
2044,Agri04_toGrassland,DE9,331728.43376980367
2044,Agri04_toGrassland,DEA,245501.00346851256
2044,Agri04_toGrassland,DEB,146819.88450079205
2044,Agri04_toGrassland,DEC,92716.7281588388
2044,Agri04_toGrassland,DEE,180545.29180056223
2044,Agri04_toGrassland,DED,156048.17542338837
2044,Agri04_toGrassland,DEF,78511.97196193713
2044,Agri04_toGrassland,DEG,62775.95337850352
2044,Agri05_Agroforestry,DE1,23004191.48071801
2044,Agri05_Agroforestry,DE2,26266570.652047243
2044,Agri05_Agroforestry,DE3,47061.288797066256
2044,Agri05_Agroforestry,DE4,17041045.736470263
2044,Agri05_Agroforestry,DE5,386347.073195923
2044,Agri05_Agroforestry,DE6,312755.85081901605
2044,Agri05_Agroforestry,DE7,4531464.476726677
2044,Agri05_Agroforestry,DE8,16230304.843987098
2044,Agri05_Agroforestry,DE9,24990473.538768146
2044,Agri05_Agroforestry,DEA,21029440.8076267
2044,Agri05_Agroforestry,DEB,12357070.9292211
2044,Agri05_Agroforestry,DEC,1721449.628987497
2044,Agri05_Agroforestry,DEE,8540159.737906128
2044,Agri05_Agroforestry,DED,9514379.43702292
2044,Agri05_Agroforestry,DEF,1907379.784744164
2044,Agri05_Agroforestry,DEG,1526293.7809118312
2044,Agri06_Biochar,DE1,0.0
2044,Agri06_Biochar,DE2,0.0
2044,Agri06_Biochar,DE3,0.0
2044,Agri06_Biochar,DE4,0.0
2044,Agri06_Biochar,DE5,0.0
2044,Agri06_Biochar,DE6,0.0
2044,Agri06_Biochar,DE7,0.0
2044,Agri06_Biochar,DE8,0.0
2044,Agri06_Biochar,DE9,0.0
2044,Agri06_Biochar,DEA,0.0
2044,Agri06_Biochar,DEB,0.0
2044,Agri06_Biochar,DEC,0.0
2044,Agri06_Biochar,DEE,0.0
2044,Agri06_Biochar,DED,0.0
2044,Agri06_Biochar,DEF,0.0
2044,Agri06_Biochar,DEG,0.0
2045,Agri01_AGC,DE1,4983157.360476861
2045,Agri01_AGC,DE2,10865219.758984543
2045,Agri01_AGC,DE3,10146.173170174647
2045,Agri01_AGC,DE4,4296589.992582924
2045,Agri01_AGC,DE5,32620.950713959883
2045,Agri01_AGC,DE6,53581.258515708265
2045,Agri01_AGC,DE7,2366158.2065081615
2045,Agri01_AGC,DE8,4740188.967098061
2045,Agri01_AGC,DE9,8971782.599463943
2045,Agri01_AGC,DEA,5206749.710798604
2045,Agri01_AGC,DEB,2590738.388352794
2045,Agri01_AGC,DEC,275477.7287300795
2045,Agri01_AGC,DEE,3973526.7988498085
2045,Agri01_AGC,DED,2956864.1546985987
2045,Agri01_AGC,DEF,2163873.7449498205
2045,Agri01_AGC,DEG,1730210.5215375598
2045,Agri02_OFC,DE1,4186072.7920082984
2045,Agri02_OFC,DE2,6016173.095878629
2045,Agri02_OFC,DE3,2638807.7906459323
2045,Agri02_OFC,DE4,4153899.2126191105
2045,Agri02_OFC,DE5,1223636.1554893835
2045,Agri02_OFC,DE6,129998.33692378947
2045,Agri02_OFC,DE7,1259558.0091625375
2045,Agri02_OFC,DE8,4081056.5536354403
2045,Agri02_OFC,DE9,5397642.517499629
2045,Agri02_OFC,DEA,4226218.726521764
2045,Agri02_OFC,DEB,2612005.6412368403
2045,Agri02_OFC,DEC,1869386.7030998399
2045,Agri02_OFC,DEE,3084688.407717885
2045,Agri02_OFC,DED,2743325.374368933
2045,Agri02_OFC,DEF,1066923.5210114636
2045,Agri02_OFC,DEG,853145.3012559348
2045,Agri03_No-till,DE1,0.0
2045,Agri03_No-till,DE2,0.0
2045,Agri03_No-till,DE3,0.0
2045,Agri03_No-till,DE4,0.0
2045,Agri03_No-till,DE5,0.0
2045,Agri03_No-till,DE6,0.0
2045,Agri03_No-till,DE7,0.0
2045,Agri03_No-till,DE8,0.0
2045,Agri03_No-till,DE9,0.0
2045,Agri03_No-till,DEA,0.0
2045,Agri03_No-till,DEB,0.0
2045,Agri03_No-till,DEC,0.0
2045,Agri03_No-till,DEE,0.0
2045,Agri03_No-till,DED,0.0
2045,Agri03_No-till,DEF,0.0
2045,Agri03_No-till,DEG,0.0
2045,Agri04_toGrassland,DE1,235831.98281955926
2045,Agri04_toGrassland,DE2,367216.0834350034
2045,Agri04_toGrassland,DE3,124752.81399595118
2045,Agri04_toGrassland,DE4,229068.99610714125
2045,Agri04_toGrassland,DE5,58062.049606325156
2045,Agri04_toGrassland,DE6,6551.177494491779
2045,Agri04_toGrassland,DE7,80909.09187304275
2045,Agri04_toGrassland,DE8,229014.89917403567
2045,Agri04_toGrassland,DE9,323533.4686641323
2045,Agri04_toGrassland,DEA,239436.18673282125
2045,Agri04_toGrassland,DEB,143192.87002805131
2045,Agri04_toGrassland,DEC,90426.26923332819
2045,Agri04_toGrassland,DEE,176085.1303682577
2045,Agri04_toGrassland,DED,152193.1867573105
2045,Agri04_toGrassland,DEF,76572.42501597952
2045,Agri04_toGrassland,DEG,61225.14646826717
2045,Agri05_Agroforestry,DE1,23547158.792043425
2045,Agri05_Agroforestry,DE2,26886539.810999665
2045,Agri05_Agroforestry,DE3,48172.07512776909
2045,Agri05_Agroforestry,DE4,17443265.07956086
2045,Agri05_Agroforestry,DE5,395466.01274863305
2045,Agri05_Agroforestry,DE6,320137.8187339864
2045,Agri05_Agroforestry,DE7,4638420.510602384
2045,Agri05_Agroforestry,DE8,16613388.291650023
2045,Agri05_Agroforestry,DE9,25580323.011959475
2045,Agri05_Agroforestry,DEA,21525798.1320545
2045,Agri05_Agroforestry,DEB,12648734.541216353
2045,Agri05_Agroforestry,DEC,1762080.9581701343
2045,Agri05_Agroforestry,DEE,8741732.89795686
2045,Agri05_Agroforestry,DED,9738947.078366904
2045,Agri05_Agroforestry,DEF,1952399.6183804413
2045,Agri05_Agroforestry,DEG,1562318.8518737485
2045,Agri06_Biochar,DE1,0.0
2045,Agri06_Biochar,DE2,0.0
2045,Agri06_Biochar,DE3,0.0
2045,Agri06_Biochar,DE4,0.0
2045,Agri06_Biochar,DE5,0.0
2045,Agri06_Biochar,DE6,0.0
2045,Agri06_Biochar,DE7,0.0
2045,Agri06_Biochar,DE8,0.0
2045,Agri06_Biochar,DE9,0.0
2045,Agri06_Biochar,DEA,0.0
2045,Agri06_Biochar,DEB,0.0
2045,Agri06_Biochar,DEC,0.0
2045,Agri06_Biochar,DEE,0.0
2045,Agri06_Biochar,DED,0.0
2045,Agri06_Biochar,DEF,0.0
2045,Agri06_Biochar,DEG,0.0
2046,Agri01_AGC,DE1,4067291.028245078
2046,Agri01_AGC,DE2,8868275.201608332
2046,Agri01_AGC,DE3,8281.383893950158
2046,Agri01_AGC,DE4,3506909.5083137816
2046,Agri01_AGC,DE5,26625.468668526504
2046,Agri01_AGC,DE6,43733.4316936292
2046,Agri01_AGC,DE7,1931276.3672825615
2046,Agri01_AGC,DE8,3868978.3732254608
2046,Agri01_AGC,DE9,7322837.356810466
2046,Agri01_AGC,DEA,4249788.809202337
2046,Agri01_AGC,DEB,2114580.423859838
2046,Agri01_AGC,DEC,224847.02237819013
2046,Agri01_AGC,DEE,3243222.866617771
2046,Agri01_AGC,DED,2413415.0656230156
2046,Agri01_AGC,DEF,1766170.2475811974
2046,Agri01_AGC,DEG,1412211.0184679227
2046,Agri02_OFC,DE1,3380566.7999873147
2046,Agri02_OFC,DE2,4858509.644106513
2046,Agri02_OFC,DE3,2131034.6121157063
2046,Agri02_OFC,DE4,3354584.228798517
2046,Agri02_OFC,DE5,988177.6949528318
2046,Agri02_OFC,DE6,104983.37790425518
2046,Agri02_OFC,DE7,1017187.2779092733
2046,Agri02_OFC,DE8,3295758.334740222
2046,Agri02_OFC,DE9,4358999.950429678
2046,Agri02_OFC,DEA,3412987.6440848624
2046,Agri02_OFC,DEB,2109389.8722932995
2046,Agri02_OFC,DEC,1509669.549201794
2046,Agri02_OFC,DEE,2491116.5518538225
2046,Agri02_OFC,DED,2215440.3764453223
2046,Agri02_OFC,DEF,861620.5241683174
2046,Agri02_OFC,DEG,688978.6260996466
2046,Agri03_No-till,DE1,0.0
2046,Agri03_No-till,DE2,0.0
2046,Agri03_No-till,DE3,0.0
2046,Agri03_No-till,DE4,0.0
2046,Agri03_No-till,DE5,0.0
2046,Agri03_No-till,DE6,0.0
2046,Agri03_No-till,DE7,0.0
2046,Agri03_No-till,DE8,0.0
2046,Agri03_No-till,DE9,0.0
2046,Agri03_No-till,DEA,0.0
2046,Agri03_No-till,DEB,0.0
2046,Agri03_No-till,DEC,0.0
2046,Agri03_No-till,DEE,0.0
2046,Agri03_No-till,DED,0.0
2046,Agri03_No-till,DEF,0.0
2046,Agri03_No-till,DEG,0.0
2046,Agri04_toGrassland,DE1,229858.45903549014
2046,Agri04_toGrassland,DE2,357914.6562830719
2046,Agri04_toGrassland,DE3,121592.87829670997
2046,Agri04_toGrassland,DE4,223266.775899012
2046,Agri04_toGrassland,DE5,56591.362593781334
2046,Agri04_toGrassland,DE6,6385.238955922365
2046,Agri04_toGrassland,DE7,78859.69900074159
2046,Agri04_toGrassland,DE8,223214.04921820507
2046,Agri04_toGrassland,DE9,315338.5035584609
2046,Agri04_toGrassland,DEA,233371.36999712998
2046,Agri04_toGrassland,DEB,139565.8555553106
2046,Agri04_toGrassland,DEC,88135.81030781758
2046,Agri04_toGrassland,DEE,171624.9689359532
2046,Agri04_toGrassland,DED,148338.19809123265
2046,Agri04_toGrassland,DEF,74632.87807002192
2046,Agri04_toGrassland,DEG,59674.33955803084
2046,Agri05_Agroforestry,DE1,24090126.10336884
2046,Agri05_Agroforestry,DE2,27506508.969952084
2046,Agri05_Agroforestry,DE3,49282.86145847192
2046,Agri05_Agroforestry,DE4,17845484.42265146
2046,Agri05_Agroforestry,DE5,404584.9523013431
2046,Agri05_Agroforestry,DE6,327519.78664895677
2046,Agri05_Agroforestry,DE7,4745376.544478091
2046,Agri05_Agroforestry,DE8,16996471.73931295
2046,Agri05_Agroforestry,DE9,26170172.4851508
2046,Agri05_Agroforestry,DEA,22022155.456482306
2046,Agri05_Agroforestry,DEB,12940398.153211607
2046,Agri05_Agroforestry,DEC,1802712.287352772
2046,Agri05_Agroforestry,DEE,8943306.058007592
2046,Agri05_Agroforestry,DED,9963514.719710885
2046,Agri05_Agroforestry,DEF,1997419.4520167185
2046,Agri05_Agroforestry,DEG,1598343.922835666
2046,Agri06_Biochar,DE1,0.0
2046,Agri06_Biochar,DE2,0.0
2046,Agri06_Biochar,DE3,0.0
2046,Agri06_Biochar,DE4,0.0
2046,Agri06_Biochar,DE5,0.0
2046,Agri06_Biochar,DE6,0.0
2046,Agri06_Biochar,DE7,0.0
2046,Agri06_Biochar,DE8,0.0
2046,Agri06_Biochar,DE9,0.0
2046,Agri06_Biochar,DEA,0.0
2046,Agri06_Biochar,DEB,0.0
2046,Agri06_Biochar,DEC,0.0
2046,Agri06_Biochar,DEE,0.0
2046,Agri06_Biochar,DED,0.0
2046,Agri06_Biochar,DEF,0.0
2046,Agri06_Biochar,DEG,0.0
2047,Agri01_AGC,DE1,3151424.696013295
2047,Agri01_AGC,DE2,6871330.644232121
2047,Agri01_AGC,DE3,6416.59461772567
2047,Agri01_AGC,DE4,2717229.02404464
2047,Agri01_AGC,DE5,20629.986623093126
2047,Agri01_AGC,DE6,33885.604871550146
2047,Agri01_AGC,DE7,1496394.5280569613
2047,Agri01_AGC,DE8,2997767.7793528605
2047,Agri01_AGC,DE9,5673892.11415699
2047,Agri01_AGC,DEA,3292827.9076060685
2047,Agri01_AGC,DEB,1638422.4593668818
2047,Agri01_AGC,DEC,174216.31602630077
2047,Agri01_AGC,DEE,2512918.9343857337
2047,Agri01_AGC,DED,1869965.9765474324
2047,Agri01_AGC,DEF,1368466.7502125741
2047,Agri01_AGC,DEG,1094211.5153982858
2047,Agri02_OFC,DE1,2575060.807966336
2047,Agri02_OFC,DE2,3700846.1923344033
2047,Agri02_OFC,DE3,1623261.433585483
2047,Agri02_OFC,DE4,2555269.244977928
2047,Agri02_OFC,DE5,752719.2344162816
2047,Agri02_OFC,DE6,79968.41888472102
2047,Agri02_OFC,DE7,774816.5466560103
2047,Agri02_OFC,DE8,2510460.115845008
2047,Agri02_OFC,DE9,3320357.3833597326
2047,Agri02_OFC,DEA,2599756.5616479656
2047,Agri02_OFC,DEB,1606774.1033497613
2047,Agri02_OFC,DEC,1149952.39530375
2047,Agri02_OFC,DEE,1897544.6959897634
2047,Agri02_OFC,DED,1687555.3785217148
2047,Agri02_OFC,DEF,656317.5273251724
2047,Agri02_OFC,DEG,524811.9509433593
2047,Agri03_No-till,DE1,0.0
2047,Agri03_No-till,DE2,0.0
2047,Agri03_No-till,DE3,0.0
2047,Agri03_No-till,DE4,0.0
2047,Agri03_No-till,DE5,0.0
2047,Agri03_No-till,DE6,0.0
2047,Agri03_No-till,DE7,0.0
2047,Agri03_No-till,DE8,0.0
2047,Agri03_No-till,DE9,0.0
2047,Agri03_No-till,DEA,0.0
2047,Agri03_No-till,DEB,0.0
2047,Agri03_No-till,DEC,0.0
2047,Agri03_No-till,DEE,0.0
2047,Agri03_No-till,DED,0.0
2047,Agri03_No-till,DEF,0.0
2047,Agri03_No-till,DEG,0.0
2047,Agri04_toGrassland,DE1,223884.935251421
2047,Agri04_toGrassland,DE2,348613.2291311403
2047,Agri04_toGrassland,DE3,118432.94259746875
2047,Agri04_toGrassland,DE4,217464.55569088267
2047,Agri04_toGrassland,DE5,55120.675581237505
2047,Agri04_toGrassland,DE6,6219.30041735295
2047,Agri04_toGrassland,DE7,76810.30612844042
2047,Agri04_toGrassland,DE8,217413.1992623744
2047,Agri04_toGrassland,DE9,307143.53845278954
2047,Agri04_toGrassland,DEA,227306.55326143868
2047,Agri04_toGrassland,DEB,135938.84108256988
2047,Agri04_toGrassland,DEC,85845.35138230697
2047,Agri04_toGrassland,DEE,167164.80750364868
2047,Agri04_toGrassland,DED,144483.2094251548
2047,Agri04_toGrassland,DEF,72693.33112406431
2047,Agri04_toGrassland,DEG,58123.5326477945
2047,Agri05_Agroforestry,DE1,24633093.414694257
2047,Agri05_Agroforestry,DE2,28126478.128904503
2047,Agri05_Agroforestry,DE3,50393.64778917474
2047,Agri05_Agroforestry,DE4,18247703.765742056
2047,Agri05_Agroforestry,DE5,413703.8918540531
2047,Agri05_Agroforestry,DE6,334901.75456392707
2047,Agri05_Agroforestry,DE7,4852332.578353797
2047,Agri05_Agroforestry,DE8,17379555.186975874
2047,Agri05_Agroforestry,DE9,26760021.958342124
2047,Agri05_Agroforestry,DEA,22518512.78091011
2047,Agri05_Agroforestry,DEB,13232061.765206859
2047,Agri05_Agroforestry,DEC,1843343.6165354091
2047,Agri05_Agroforestry,DEE,9144879.218058323
2047,Agri05_Agroforestry,DED,10188082.361054866
2047,Agri05_Agroforestry,DEF,2042439.2856529956
2047,Agri05_Agroforestry,DEG,1634368.9937975833
2047,Agri06_Biochar,DE1,0.0
2047,Agri06_Biochar,DE2,0.0
2047,Agri06_Biochar,DE3,0.0
2047,Agri06_Biochar,DE4,0.0
2047,Agri06_Biochar,DE5,0.0
2047,Agri06_Biochar,DE6,0.0
2047,Agri06_Biochar,DE7,0.0
2047,Agri06_Biochar,DE8,0.0
2047,Agri06_Biochar,DE9,0.0
2047,Agri06_Biochar,DEA,0.0
2047,Agri06_Biochar,DEB,0.0
2047,Agri06_Biochar,DEC,0.0
2047,Agri06_Biochar,DEE,0.0
2047,Agri06_Biochar,DED,0.0
2047,Agri06_Biochar,DEF,0.0
2047,Agri06_Biochar,DEG,0.0
2048,Agri01_AGC,DE1,2235558.3637815113
2048,Agri01_AGC,DE2,4874386.08685591
2048,Agri01_AGC,DE3,4551.805341501182
2048,Agri01_AGC,DE4,1927548.5397754977
2048,Agri01_AGC,DE5,14634.504577659747
2048,Agri01_AGC,DE6,24037.778049471082
2048,Agri01_AGC,DE7,1061512.6888313612
2048,Agri01_AGC,DE8,2126557.18548026
2048,Agri01_AGC,DE9,4024946.8715035133
2048,Agri01_AGC,DEA,2335867.0060098004
2048,Agri01_AGC,DEB,1162264.4948739253
2048,Agri01_AGC,DEC,123585.60967441142
2048,Agri01_AGC,DEE,1782615.0021536958
2048,Agri01_AGC,DED,1326516.887471849
2048,Agri01_AGC,DEF,970763.2528439506
2048,Agri01_AGC,DEG,776212.0123286488
2048,Agri02_OFC,DE1,1769554.8159453613
2048,Agri02_OFC,DE2,2543182.7405622997
2048,Agri02_OFC,DE3,1115488.2550552627
2048,Agri02_OFC,DE4,1755954.2611573439
2048,Agri02_OFC,DE5,517260.77387973265
2048,Agri02_OFC,DE6,54953.459865187004
2048,Agri02_OFC,DE7,532445.8154027488
2048,Agri02_OFC,DE8,1725161.8969497976
2048,Agri02_OFC,DE9,2281714.816289793
2048,Agri02_OFC,DEA,1786525.479211073
2048,Agri02_OFC,DEB,1104158.334406226
2048,Agri02_OFC,DEC,790235.2414057078
2048,Agri02_OFC,DEE,1303972.8401257077
2048,Agri02_OFC,DED,1159670.3805981101
2048,Agri02_OFC,DEF,451014.5304820286
2048,Agri02_OFC,DEG,360645.27578707295
2048,Agri03_No-till,DE1,0.0
2048,Agri03_No-till,DE2,0.0
2048,Agri03_No-till,DE3,0.0
2048,Agri03_No-till,DE4,0.0
2048,Agri03_No-till,DE5,0.0
2048,Agri03_No-till,DE6,0.0
2048,Agri03_No-till,DE7,0.0
2048,Agri03_No-till,DE8,0.0
2048,Agri03_No-till,DE9,0.0
2048,Agri03_No-till,DEA,0.0
2048,Agri03_No-till,DEB,0.0
2048,Agri03_No-till,DEC,0.0
2048,Agri03_No-till,DEE,0.0
2048,Agri03_No-till,DED,0.0
2048,Agri03_No-till,DEF,0.0
2048,Agri03_No-till,DEG,0.0
2048,Agri04_toGrassland,DE1,217911.4114673519
2048,Agri04_toGrassland,DE2,339311.8019792087
2048,Agri04_toGrassland,DE3,115273.00689822753
2048,Agri04_toGrassland,DE4,211662.33548275338
2048,Agri04_toGrassland,DE5,53649.98856869367
2048,Agri04_toGrassland,DE6,6053.361878783534
2048,Agri04_toGrassland,DE7,74760.91325613926
2048,Agri04_toGrassland,DE8,211612.34930654374
2048,Agri04_toGrassland,DE9,298948.57334711816
2048,Agri04_toGrassland,DEA,221241.73652574737
2048,Agri04_toGrassland,DEB,132311.82660982915
2048,Agri04_toGrassland,DEC,83554.89245679635
2048,Agri04_toGrassland,DEE,162704.64607134415
2048,Agri04_toGrassland,DED,140628.22075907694
2048,Agri04_toGrassland,DEF,70753.7841781067
2048,Agri04_toGrassland,DEG,56572.72573755816
2048,Agri05_Agroforestry,DE1,25176060.726019673
2048,Agri05_Agroforestry,DE2,28746447.287856925
2048,Agri05_Agroforestry,DE3,51504.434119877566
2048,Agri05_Agroforestry,DE4,18649923.108832654
2048,Agri05_Agroforestry,DE5,422822.83140676306
2048,Agri05_Agroforestry,DE6,342283.72247889737
2048,Agri05_Agroforestry,DE7,4959288.612229504
2048,Agri05_Agroforestry,DE8,17762638.6346388
2048,Agri05_Agroforestry,DE9,27349871.43153345
2048,Agri05_Agroforestry,DEA,23014870.10533791
2048,Agri05_Agroforestry,DEB,13523725.377202112
2048,Agri05_Agroforestry,DEC,1883974.9457180467
2048,Agri05_Agroforestry,DEE,9346452.378109057
2048,Agri05_Agroforestry,DED,10412650.002398849
2048,Agri05_Agroforestry,DEF,2087459.1192892727
2048,Agri05_Agroforestry,DEG,1670394.0647595006
2048,Agri06_Biochar,DE1,0.0
2048,Agri06_Biochar,DE2,0.0
2048,Agri06_Biochar,DE3,0.0
2048,Agri06_Biochar,DE4,0.0
2048,Agri06_Biochar,DE5,0.0
2048,Agri06_Biochar,DE6,0.0
2048,Agri06_Biochar,DE7,0.0
2048,Agri06_Biochar,DE8,0.0
2048,Agri06_Biochar,DE9,0.0
2048,Agri06_Biochar,DEA,0.0
2048,Agri06_Biochar,DEB,0.0
2048,Agri06_Biochar,DEC,0.0
2048,Agri06_Biochar,DEE,0.0
2048,Agri06_Biochar,DED,0.0
2048,Agri06_Biochar,DEF,0.0
2048,Agri06_Biochar,DEG,0.0
2049,Agri01_AGC,DE1,1319692.0315497285
2049,Agri01_AGC,DE2,2877441.5294796997
2049,Agri01_AGC,DE3,2687.016065276693
2049,Agri01_AGC,DE4,1137868.0555063558
2049,Agri01_AGC,DE5,8639.022532226369
2049,Agri01_AGC,DE6,14189.95122739202
2049,Agri01_AGC,DE7,626630.8496057611
2049,Agri01_AGC,DE8,1255346.5916076596
2049,Agri01_AGC,DE9,2376001.628850037
2049,Agri01_AGC,DEA,1378906.1044135327
2049,Agri01_AGC,DEB,686106.5303809693
2049,Agri01_AGC,DEC,72954.90332252205
2049,Agri01_AGC,DEE,1052311.0699216584
2049,Agri01_AGC,DED,783067.7983962661
2049,Agri01_AGC,DEF,573059.7554753274
2049,Agri01_AGC,DEG,458212.50925901195
2049,Agri02_OFC,DE1,964048.8239243823
2049,Agri02_OFC,DE2,1385519.2887901901
2049,Agri02_OFC,DE3,607715.0765250395
2049,Agri02_OFC,DE4,956639.2773367551
2049,Agri02_OFC,DE5,281802.3133431824
2049,Agri02_OFC,DE6,29938.500845652852
2049,Agri02_OFC,DE7,290075.0841494859
2049,Agri02_OFC,DE8,939863.6780545836
2049,Agri02_OFC,DE9,1243072.249219847
2049,Agri02_OFC,DEA,973294.3967741759
2049,Agri02_OFC,DEB,601542.5654626878
2049,Agri02_OFC,DEC,430518.0875076638
2049,Agri02_OFC,DEE,710400.9842616486
2049,Agri02_OFC,DED,631785.3826745024
2049,Agri02_OFC,DEF,245711.53363888361
2049,Agri02_OFC,DEG,196478.60063078575
2049,Agri03_No-till,DE1,0.0
2049,Agri03_No-till,DE2,0.0
2049,Agri03_No-till,DE3,0.0
2049,Agri03_No-till,DE4,0.0
2049,Agri03_No-till,DE5,0.0
2049,Agri03_No-till,DE6,0.0
2049,Agri03_No-till,DE7,0.0
2049,Agri03_No-till,DE8,0.0
2049,Agri03_No-till,DE9,0.0
2049,Agri03_No-till,DEA,0.0
2049,Agri03_No-till,DEB,0.0
2049,Agri03_No-till,DEC,0.0
2049,Agri03_No-till,DEE,0.0
2049,Agri03_No-till,DED,0.0
2049,Agri03_No-till,DEF,0.0
2049,Agri03_No-till,DEG,0.0
2049,Agri04_toGrassland,DE1,211937.88768328278
2049,Agri04_toGrassland,DE2,330010.3748272772
2049,Agri04_toGrassland,DE3,112113.07119898633
2049,Agri04_toGrassland,DE4,205860.1152746241
2049,Agri04_toGrassland,DE5,52179.301556149854
2049,Agri04_toGrassland,DE6,5887.42334021412
2049,Agri04_toGrassland,DE7,72711.52038383811
2049,Agri04_toGrassland,DE8,205811.4993507131
2049,Agri04_toGrassland,DE9,290753.60824144684
2049,Agri04_toGrassland,DEA,215176.91979005613
2049,Agri04_toGrassland,DEB,128684.81213708843
2049,Agri04_toGrassland,DEC,81264.43353128576
2049,Agri04_toGrassland,DEE,158244.48463903964
2049,Agri04_toGrassland,DED,136773.2320929991
2049,Agri04_toGrassland,DEF,68814.23723214908
2049,Agri04_toGrassland,DEG,55021.91882732183
2049,Agri05_Agroforestry,DE1,25719028.037345085
2049,Agri05_Agroforestry,DE2,29366416.446809344
2049,Agri05_Agroforestry,DE3,52615.22045058039
2049,Agri05_Agroforestry,DE4,19052142.451923247
2049,Agri05_Agroforestry,DE5,431941.77095947304
2049,Agri05_Agroforestry,DE6,349665.69039386767
2049,Agri05_Agroforestry,DE7,5066244.64610521
2049,Agri05_Agroforestry,DE8,18145722.082301725
2049,Agri05_Agroforestry,DE9,27939720.904724773
2049,Agri05_Agroforestry,DEA,23511227.429765712
2049,Agri05_Agroforestry,DEB,13815388.989197364
2049,Agri05_Agroforestry,DEC,1924606.274900684
2049,Agri05_Agroforestry,DEE,9548025.538159788
2049,Agri05_Agroforestry,DED,10637217.64374283
2049,Agri05_Agroforestry,DEF,2132478.95292555
2049,Agri05_Agroforestry,DEG,1706419.1357214178
2049,Agri06_Biochar,DE1,0.0
2049,Agri06_Biochar,DE2,0.0
2049,Agri06_Biochar,DE3,0.0
2049,Agri06_Biochar,DE4,0.0
2049,Agri06_Biochar,DE5,0.0
2049,Agri06_Biochar,DE6,0.0
2049,Agri06_Biochar,DE7,0.0
2049,Agri06_Biochar,DE8,0.0
2049,Agri06_Biochar,DE9,0.0
2049,Agri06_Biochar,DEA,0.0
2049,Agri06_Biochar,DEB,0.0
2049,Agri06_Biochar,DEC,0.0
2049,Agri06_Biochar,DEE,0.0
2049,Agri06_Biochar,DED,0.0
2049,Agri06_Biochar,DEF,0.0
2049,Agri06_Biochar,DEG,0.0
2050,Agri01_AGC,DE1,403825.69931794616
2050,Agri01_AGC,DE2,880496.9721034907
2050,Agri01_AGC,DE3,822.2267890522068
2050,Agri01_AGC,DE4,348187.5712372148
2050,Agri01_AGC,DE5,2643.5404867929965
2050,Agri01_AGC,DE6,4342.124405312971
2050,Agri01_AGC,DE7,191749.01038016146
2050,Agri01_AGC,DE8,384135.99773506005
2050,Agri01_AGC,DE9,727056.3861965624
2050,Agri01_AGC,DEA,421945.2028172658
2050,Agri01_AGC,DEB,209948.56588801352
2050,Agri01_AGC,DEC,22324.196970632747
2050,Agri01_AGC,DEE,322007.1376896216
2050,Agri01_AGC,DED,239618.70932068347
2050,Agri01_AGC,DEF,175356.25810670442
2050,Agri01_AGC,DEG,140213.00618937533
2050,Agri02_OFC,DE1,158542.8319033973
2050,Agri02_OFC,DE2,227855.83701807162
2050,Agri02_OFC,DE3,99941.89799481249
2050,Agri02_OFC,DE4,157324.29351616025
2050,Agri02_OFC,DE5,46343.85280663033
2050,Agri02_OFC,DE6,4923.541826118513
2050,Agri02_OFC,DE7,47704.35289622122
2050,Agri02_OFC,DE8,154565.45915936353
2050,Agri02_OFC,DE9,204429.68214989358
2050,Agri02_OFC,DEA,160063.3143372729
2050,Agri02_OFC,DEB,98926.7965191459
2050,Agri02_OFC,DEC,70800.93360961709
2050,Agri02_OFC,DEE,116829.12839758507
2050,Agri02_OFC,DED,103900.38475089088
2050,Agri02_OFC,DEF,40408.5367957371
2050,Agri02_OFC,DEG,32311.925474497286
2050,Agri03_No-till,DE1,0.0
2050,Agri03_No-till,DE2,0.0
2050,Agri03_No-till,DE3,0.0
2050,Agri03_No-till,DE4,0.0
2050,Agri03_No-till,DE5,0.0
2050,Agri03_No-till,DE6,0.0
2050,Agri03_No-till,DE7,0.0
2050,Agri03_No-till,DE8,0.0
2050,Agri03_No-till,DE9,0.0
2050,Agri03_No-till,DEA,0.0
2050,Agri03_No-till,DEB,0.0
2050,Agri03_No-till,DEC,0.0
2050,Agri03_No-till,DEE,0.0
2050,Agri03_No-till,DED,0.0
2050,Agri03_No-till,DEF,0.0
2050,Agri03_No-till,DEG,0.0
2050,Agri04_toGrassland,DE1,205964.36389921364
2050,Agri04_toGrassland,DE2,320708.94767534564
2050,Agri04_toGrassland,DE3,108953.13549974511
2050,Agri04_toGrassland,DE4,200057.89506649482
2050,Agri04_toGrassland,DE5,50708.61454360602
2050,Agri04_toGrassland,DE6,5721.484801644705
2050,Agri04_toGrassland,DE7,70662.12751153694
2050,Agri04_toGrassland,DE8,200010.64939488244
2050,Agri04_toGrassland,DE9,282558.64313577546
2050,Agri04_toGrassland,DEA,209112.10305436482
2050,Agri04_toGrassland,DEB,125057.7976643477
2050,Agri04_toGrassland,DEC,78973.97460577515
2050,Agri04_toGrassland,DEE,153784.3232067351
2050,Agri04_toGrassland,DED,132918.24342692122
2050,Agri04_toGrassland,DEF,66874.69028619147
2050,Agri04_toGrassland,DEG,53471.11191708549
2050,Agri05_Agroforestry,DE1,26261995.348670498
2050,Agri05_Agroforestry,DE2,29986385.605761755
2050,Agri05_Agroforestry,DE3,53726.006781283206
2050,Agri05_Agroforestry,DE4,19454361.79501384
2050,Agri05_Agroforestry,DE5,441060.71051218297
2050,Agri05_Agroforestry,DE6,357047.6583088379
2050,Agri05_Agroforestry,DE7,5173200.679980916
2050,Agri05_Agroforestry,DE8,18528805.529964644
2050,Agri05_Agroforestry,DE9,28529570.377916094
2050,Agri05_Agroforestry,DEA,24007584.75419351
2050,Agri05_Agroforestry,DEB,14107052.601192614
2050,Agri05_Agroforestry,DEC,1965237.6040833208
2050,Agri05_Agroforestry,DEE,9749598.698210517
2050,Agri05_Agroforestry,DED,10861785.285086809
2050,Agri05_Agroforestry,DEF,2177498.7865618262
2050,Agri05_Agroforestry,DEG,1742444.2066833347
2050,Agri06_Biochar,DE1,0.0
2050,Agri06_Biochar,DE2,0.0
2050,Agri06_Biochar,DE3,0.0
2050,Agri06_Biochar,DE4,0.0
2050,Agri06_Biochar,DE5,0.0
2050,Agri06_Biochar,DE6,0.0
2050,Agri06_Biochar,DE7,0.0
2050,Agri06_Biochar,DE8,0.0
2050,Agri06_Biochar,DE9,0.0
2050,Agri06_Biochar,DEA,0.0
2050,Agri06_Biochar,DEB,0.0
2050,Agri06_Biochar,DEC,0.0
2050,Agri06_Biochar,DEE,0.0
2050,Agri06_Biochar,DED,0.0
2050,Agri06_Biochar,DEF,0.0
2050,Agri06_Biochar,DEG,0.0
