year,techAgri,r,costTechAgri
2020,Agri01_AGC,DE1,0.0
2020,Agri01_AGC,DE2,0.0
2020,Agri01_AGC,DE3,0.0
2020,Agri01_AGC,DE4,0.0
2020,Agri01_AGC,DE5,0.0
2020,Agri01_AGC,DE6,0.0
2020,Agri01_AGC,DE7,0.0
2020,Agri01_AGC,DE8,0.0
2020,Agri01_AGC,DE9,0.0
2020,Agri01_AGC,DEA,0.0
2020,Agri01_AGC,DEB,0.0
2020,Agri01_AGC,DEC,0.0
2020,Agri01_AGC,DEE,0.0
2020,Agri01_AGC,DED,0.0
2020,Agri01_AGC,DEF,0.0
2020,Agri01_AGC,DEG,0.0
2020,Agri02_OFC,DE1,0.0
2020,Agri02_OFC,DE2,0.0
2020,Agri02_OFC,DE3,0.0
2020,Agri02_OFC,DE4,0.0
2020,Agri02_OFC,DE5,0.0
2020,Agri02_OFC,DE6,0.0
2020,Agri02_OFC,DE7,0.0
2020,Agri02_OFC,DE8,0.0
2020,Agri02_OFC,DE9,0.0
2020,Agri02_OFC,DEA,0.0
2020,Agri02_OFC,DEB,0.0
2020,Agri02_OFC,DEC,0.0
2020,Agri02_OFC,DEE,0.0
2020,Agri02_OFC,DED,0.0
2020,Agri02_OFC,DEF,0.0
2020,Agri02_OFC,DEG,0.0
2020,Agri03_No-till,DE1,0.0
2020,Agri03_No-till,DE2,0.0
2020,Agri03_No-till,DE3,0.0
2020,Agri03_No-till,DE4,0.0
2020,Agri03_No-till,DE5,0.0
2020,Agri03_No-till,DE6,0.0
2020,Agri03_No-till,DE7,0.0
2020,Agri03_No-till,DE8,0.0
2020,Agri03_No-till,DE9,0.0
2020,Agri03_No-till,DEA,0.0
2020,Agri03_No-till,DEB,0.0
2020,Agri03_No-till,DEC,0.0
2020,Agri03_No-till,DEE,0.0
2020,Agri03_No-till,DED,0.0
2020,Agri03_No-till,DEF,0.0
2020,Agri03_No-till,DEG,0.0
2020,Agri04_toGrassland,DE1,0.0
2020,Agri04_toGrassland,DE2,0.0
2020,Agri04_toGrassland,DE3,0.0
2020,Agri04_toGrassland,DE4,0.0
2020,Agri04_toGrassland,DE5,0.0
2020,Agri04_toGrassland,DE6,0.0
2020,Agri04_toGrassland,DE7,0.0
2020,Agri04_toGrassland,DE8,0.0
2020,Agri04_toGrassland,DE9,0.0
2020,Agri04_toGrassland,DEA,0.0
2020,Agri04_toGrassland,DEB,0.0
2020,Agri04_toGrassland,DEC,0.0
2020,Agri04_toGrassland,DEE,0.0
2020,Agri04_toGrassland,DED,0.0
2020,Agri04_toGrassland,DEF,0.0
2020,Agri04_toGrassland,DEG,0.0
2020,Agri05_Agroforestry,DE1,0.0
2020,Agri05_Agroforestry,DE2,0.0
2020,Agri05_Agroforestry,DE3,0.0
2020,Agri05_Agroforestry,DE4,0.0
2020,Agri05_Agroforestry,DE5,0.0
2020,Agri05_Agroforestry,DE6,0.0
2020,Agri05_Agroforestry,DE7,0.0
2020,Agri05_Agroforestry,DE8,0.0
2020,Agri05_Agroforestry,DE9,0.0
2020,Agri05_Agroforestry,DEA,0.0
2020,Agri05_Agroforestry,DEB,0.0
2020,Agri05_Agroforestry,DEC,0.0
2020,Agri05_Agroforestry,DEE,0.0
2020,Agri05_Agroforestry,DED,0.0
2020,Agri05_Agroforestry,DEF,0.0
2020,Agri05_Agroforestry,DEG,0.0
2020,Agri06_Biochar,DE1,0.0
2020,Agri06_Biochar,DE2,0.0
2020,Agri06_Biochar,DE3,0.0
2020,Agri06_Biochar,DE4,0.0
2020,Agri06_Biochar,DE5,0.0
2020,Agri06_Biochar,DE6,0.0
2020,Agri06_Biochar,DE7,0.0
2020,Agri06_Biochar,DE8,0.0
2020,Agri06_Biochar,DE9,0.0
2020,Agri06_Biochar,DEA,0.0
2020,Agri06_Biochar,DEB,0.0
2020,Agri06_Biochar,DEC,0.0
2020,Agri06_Biochar,DEE,0.0
2020,Agri06_Biochar,DED,0.0
2020,Agri06_Biochar,DEF,0.0
2020,Agri06_Biochar,DEG,0.0
2021,Agri01_AGC,DE1,0.0
2021,Agri01_AGC,DE2,2959511.776933659
2021,Agri01_AGC,DE3,0.0
2021,Agri01_AGC,DE4,0.0
2021,Agri01_AGC,DE5,0.0
2021,Agri01_AGC,DE6,0.0
2021,Agri01_AGC,DE7,763285.1056478802
2021,Agri01_AGC,DE8,0.0
2021,Agri01_AGC,DE9,2443769.831829298
2021,Agri01_AGC,DEA,0.0
2021,Agri01_AGC,DEB,0.0
2021,Agri01_AGC,DEC,0.0
2021,Agri01_AGC,DEE,0.0
2021,Agri01_AGC,DED,0.0
2021,Agri01_AGC,DEF,933238.638801639
2021,Agri01_AGC,DEG,746084.3653827448
2021,Agri02_OFC,DE1,0.0
2021,Agri02_OFC,DE2,0.0
2021,Agri02_OFC,DE3,0.0
2021,Agri02_OFC,DE4,0.0
2021,Agri02_OFC,DE5,0.0
2021,Agri02_OFC,DE6,0.0
2021,Agri02_OFC,DE7,0.0
2021,Agri02_OFC,DE8,0.0
2021,Agri02_OFC,DE9,0.0
2021,Agri02_OFC,DEA,0.0
2021,Agri02_OFC,DEB,0.0
2021,Agri02_OFC,DEC,0.0
2021,Agri02_OFC,DEE,0.0
2021,Agri02_OFC,DED,0.0
2021,Agri02_OFC,DEF,0.0
2021,Agri02_OFC,DEG,0.0
2021,Agri03_No-till,DE1,0.0
2021,Agri03_No-till,DE2,0.0
2021,Agri03_No-till,DE3,0.0
2021,Agri03_No-till,DE4,0.0
2021,Agri03_No-till,DE5,0.0
2021,Agri03_No-till,DE6,0.0
2021,Agri03_No-till,DE7,0.0
2021,Agri03_No-till,DE8,0.0
2021,Agri03_No-till,DE9,0.0
2021,Agri03_No-till,DEA,0.0
2021,Agri03_No-till,DEB,0.0
2021,Agri03_No-till,DEC,0.0
2021,Agri03_No-till,DEE,0.0
2021,Agri03_No-till,DED,0.0
2021,Agri03_No-till,DEF,0.0
2021,Agri03_No-till,DEG,0.0
2021,Agri04_toGrassland,DE1,14799.615305850082
2021,Agri04_toGrassland,DE2,32268.913264080544
2021,Agri04_toGrassland,DE3,30.133397138145504
2021,Agri04_toGrassland,DE4,12760.560106235036
2021,Agri04_toGrassland,DE5,96.88185352258324
2021,Agri04_toGrassland,DE6,159.13244480802467
2021,Agri04_toGrassland,DE7,8322.447324550085
2021,Agri04_toGrassland,DE8,14078.016830552768
2021,Agri04_toGrassland,DE9,26645.54246929898
2021,Agri04_toGrassland,DEA,15463.668341047829
2021,Agri04_toGrassland,DEB,7694.304781507094
2021,Agri04_toGrassland,DEC,818.1488393022287
2021,Agri04_toGrassland,DEE,11801.085893228872
2021,Agri04_toGrassland,DED,8781.671706431765
2021,Agri04_toGrassland,DEF,10175.528587144303
2021,Agri04_toGrassland,DEG,8134.899770247492
2021,Agri05_Agroforestry,DE1,102744.25974330142
2021,Agri05_Agroforestry,DE2,224022.41798327057
2021,Agri05_Agroforestry,DE3,209.1968959007913
2021,Agri05_Agroforestry,DE4,88588.40415309803
2021,Agri05_Agroforestry,DE5,672.5887205191121
2021,Agri05_Agroforestry,DE6,1104.7547456506763
2021,Agri05_Agroforestry,DE7,57777.42677375642
2021,Agri05_Agroforestry,DE8,97734.66323392384
2021,Agri05_Agroforestry,DE9,184982.95258962968
2021,Agri05_Agroforestry,DEA,107354.3550817063
2021,Agri05_Agroforestry,DEB,53416.63500555986
2021,Agri05_Agroforestry,DEC,5679.883910274409
2021,Agri05_Agroforestry,DEE,81927.3885982452
2021,Agri05_Agroforestry,DED,60965.5278289141
2021,Agri05_Agroforestry,DEF,70642.18431202605
2021,Agri05_Agroforestry,DEG,56475.40410389218
2021,Agri06_Biochar,DE1,0.0
2021,Agri06_Biochar,DE2,0.0
2021,Agri06_Biochar,DE3,0.0
2021,Agri06_Biochar,DE4,0.0
2021,Agri06_Biochar,DE5,0.0
2021,Agri06_Biochar,DE6,0.0
2021,Agri06_Biochar,DE7,0.0
2021,Agri06_Biochar,DE8,0.0
2021,Agri06_Biochar,DE9,0.0
2021,Agri06_Biochar,DEA,0.0
2021,Agri06_Biochar,DEB,0.0
2021,Agri06_Biochar,DEC,0.0
2021,Agri06_Biochar,DEE,0.0
2021,Agri06_Biochar,DED,0.0
2021,Agri06_Biochar,DEF,0.0
2021,Agri06_Biochar,DEG,0.0
2022,Agri01_AGC,DE1,0.0
2022,Agri01_AGC,DE2,5713488.907649074
2022,Agri01_AGC,DE3,0.0
2022,Agri01_AGC,DE4,0.0
2022,Agri01_AGC,DE5,0.0
2022,Agri01_AGC,DE6,0.0
2022,Agri01_AGC,DE7,1463497.627186432
2022,Agri01_AGC,DE8,0.0
2022,Agri01_AGC,DE9,4732634.497410844
2022,Agri01_AGC,DEA,0.0
2022,Agri01_AGC,DEB,0.0
2022,Agri01_AGC,DEC,0.0
2022,Agri01_AGC,DEE,247595.12920738923
2022,Agri01_AGC,DED,0.0
2022,Agri01_AGC,DEF,1773060.4542700616
2022,Agri01_AGC,DEG,1417492.3717683346
2022,Agri02_OFC,DE1,0.0
2022,Agri02_OFC,DE2,0.0
2022,Agri02_OFC,DE3,0.0
2022,Agri02_OFC,DE4,0.0
2022,Agri02_OFC,DE5,0.0
2022,Agri02_OFC,DE6,0.0
2022,Agri02_OFC,DE7,0.0
2022,Agri02_OFC,DE8,0.0
2022,Agri02_OFC,DE9,0.0
2022,Agri02_OFC,DEA,0.0
2022,Agri02_OFC,DEB,0.0
2022,Agri02_OFC,DEC,0.0
2022,Agri02_OFC,DEE,0.0
2022,Agri02_OFC,DED,0.0
2022,Agri02_OFC,DEF,0.0
2022,Agri02_OFC,DEG,0.0
2022,Agri03_No-till,DE1,0.0
2022,Agri03_No-till,DE2,0.0
2022,Agri03_No-till,DE3,0.0
2022,Agri03_No-till,DE4,0.0
2022,Agri03_No-till,DE5,0.0
2022,Agri03_No-till,DE6,0.0
2022,Agri03_No-till,DE7,0.0
2022,Agri03_No-till,DE8,0.0
2022,Agri03_No-till,DE9,0.0
2022,Agri03_No-till,DEA,0.0
2022,Agri03_No-till,DEB,0.0
2022,Agri03_No-till,DEC,0.0
2022,Agri03_No-till,DEE,0.0
2022,Agri03_No-till,DED,0.0
2022,Agri03_No-till,DEF,0.0
2022,Agri03_No-till,DEG,0.0
2022,Agri04_toGrassland,DE1,29656.23959472739
2022,Agri04_toGrassland,DE2,63471.30733901732
2022,Agri04_toGrassland,DE3,1067.1667833693728
2022,Agri04_toGrassland,DE4,25778.718905458158
2022,Agri04_toGrassland,DE5,652.014454028269
2022,Agri04_toGrassland,DE6,351.40829542252146
2022,Agri04_toGrassland,DE7,16258.035884293695
2022,Agri04_toGrassland,DE8,28248.19052563056
2022,Agri04_toGrassland,DE9,52574.968388623216
2022,Agri04_toGrassland,DEA,30930.37614118316
2022,Agri04_toGrassland,DEB,15585.008474791988
2022,Agri04_toGrassland,DEC,2266.4099499851286
2022,Agri04_toGrassland,DEE,23550.694723670564
2022,Agri04_toGrassland,DED,17696.471406713325
2022,Agri04_toGrassland,DEF,19696.97794861719
2022,Agri04_toGrassland,DEG,15746.962221064416
2022,Agri05_Agroforestry,DE1,258055.42956182983
2022,Agri05_Agroforestry,DE2,508884.2650069028
2022,Agri05_Agroforestry,DE3,20615.454574362888
2022,Agri05_Agroforestry,DE4,231914.41345663098
2022,Agri05_Agroforestry,DE5,22366.80961042905
2022,Agri05_Agroforestry,DE6,4243.790787220187
2022,Agri05_Agroforestry,DE7,126197.34998309435
2022,Agri05_Agroforestry,DE8,247185.97077298627
2022,Agri05_Agroforestry,DE9,427633.8529906938
2022,Agri05_Agroforestry,DEA,267081.52442037436
2022,Agri05_Agroforestry,DEB,141693.5489761512
2022,Agri05_Agroforestry,DEC,42578.9850816062
2022,Agri05_Agroforestry,DEE,201393.61966743655
2022,Agri05_Agroforestry,DED,157607.1272704534
2022,Agri05_Agroforestry,DEF,146118.94796675834
2022,Agri05_Agroforestry,DEG,116819.0556103667
2022,Agri06_Biochar,DE1,0.0
2022,Agri06_Biochar,DE2,0.0
2022,Agri06_Biochar,DE3,0.0
2022,Agri06_Biochar,DE4,0.0
2022,Agri06_Biochar,DE5,0.0
2022,Agri06_Biochar,DE6,0.0
2022,Agri06_Biochar,DE7,0.0
2022,Agri06_Biochar,DE8,0.0
2022,Agri06_Biochar,DE9,0.0
2022,Agri06_Biochar,DEA,0.0
2022,Agri06_Biochar,DEB,0.0
2022,Agri06_Biochar,DEC,0.0
2022,Agri06_Biochar,DEE,0.0
2022,Agri06_Biochar,DED,0.0
2022,Agri06_Biochar,DEF,0.0
2022,Agri06_Biochar,DEG,0.0
2023,Agri01_AGC,DE1,1356022.2255445262
2023,Agri01_AGC,DE2,8262404.705286154
2023,Agri01_AGC,DE3,0.0
2023,Agri01_AGC,DE4,622922.8912925819
2023,Agri01_AGC,DE5,0.0
2023,Agri01_AGC,DE6,0.0
2023,Agri01_AGC,DE7,2101821.133883731
2023,Agri01_AGC,DE8,1296493.5500717124
2023,Agri01_AGC,DE9,6865422.451779758
2023,Agri01_AGC,DEA,1407047.3874479255
2023,Agri01_AGC,DEB,0.0
2023,Agri01_AGC,DEC,0.0
2023,Agri01_AGC,DEE,1303331.9316604964
2023,Agri01_AGC,DED,821873.9614609096
2023,Agri01_AGC,DEF,2522631.9518575487
2023,Agri01_AGC,DEG,2016754.8302757242
2023,Agri02_OFC,DE1,0.0
2023,Agri02_OFC,DE2,0.0
2023,Agri02_OFC,DE3,0.0
2023,Agri02_OFC,DE4,0.0
2023,Agri02_OFC,DE5,0.0
2023,Agri02_OFC,DE6,0.0
2023,Agri02_OFC,DE7,0.0
2023,Agri02_OFC,DE8,0.0
2023,Agri02_OFC,DE9,0.0
2023,Agri02_OFC,DEA,0.0
2023,Agri02_OFC,DEB,0.0
2023,Agri02_OFC,DEC,0.0
2023,Agri02_OFC,DEE,0.0
2023,Agri02_OFC,DED,0.0
2023,Agri02_OFC,DEF,0.0
2023,Agri02_OFC,DEG,0.0
2023,Agri03_No-till,DE1,0.0
2023,Agri03_No-till,DE2,0.0
2023,Agri03_No-till,DE3,0.0
2023,Agri03_No-till,DE4,0.0
2023,Agri03_No-till,DE5,0.0
2023,Agri03_No-till,DE6,0.0
2023,Agri03_No-till,DE7,0.0
2023,Agri03_No-till,DE8,0.0
2023,Agri03_No-till,DE9,0.0
2023,Agri03_No-till,DEA,0.0
2023,Agri03_No-till,DEB,0.0
2023,Agri03_No-till,DEC,0.0
2023,Agri03_No-till,DEE,0.0
2023,Agri03_No-till,DED,0.0
2023,Agri03_No-till,DEF,0.0
2023,Agri03_No-till,DEG,0.0
2023,Agri04_toGrassland,DE1,44544.74677867336
2023,Agri04_toGrassland,DE2,93609.57570838886
2023,Agri04_toGrassland,DE3,3062.7075482380624
2023,Agri04_toGrassland,DE4,39022.803520283465
2023,Agri04_toGrassland,DE5,1643.2480011368843
2023,Agri04_toGrassland,DE6,574.9954129356379
2023,Agri04_toGrassland,DE7,23812.750836557672
2023,Agri04_toGrassland,DE8,42484.79897597708
2023,Agri04_toGrassland,DE9,77782.35340599819
2023,Agri04_toGrassland,DEA,46376.58412276432
2023,Agri04_toGrassland,DEB,23651.040951597708
2023,Agri04_toGrassland,DEC,4313.290349406638
2023,Agri04_toGrassland,DEE,35233.445594221084
2023,Agri04_toGrassland,DED,26724.722009535144
2023,Agri04_toGrassland,DEF,28580.360694596548
2023,Agri04_toGrassland,DEG,22848.985338272174
2023,Agri05_Agroforestry,DE1,472113.484019329
2023,Agri05_Agroforestry,DE2,860139.3228766845
2023,Agri05_Agroforestry,DE3,21627.626416139963
2023,Agri05_Agroforestry,DE4,436693.0459554812
2023,Agri05_Agroforestry,DE5,68168.77509586293
2023,Agri05_Agroforestry,DE6,9699.940191710391
2023,Agri05_Agroforestry,DE7,205948.52408972784
2023,Agri05_Agroforestry,DE8,454484.8563559777
2023,Agri05_Agroforestry,DE9,733633.1478325853
2023,Agri05_Agroforestry,DEA,485262.77261851926
2023,Agri05_Agroforestry,DEB,269152.93916978844
2023,Agri05_Agroforestry,DEC,115209.28800383523
2023,Agri05_Agroforestry,DEE,362681.76718979335
2023,Agri05_Agroforestry,DED,294252.33527101955
2023,Agri05_Agroforestry,DEF,226067.90200689132
2023,Agri05_Agroforestry,DEG,180741.71257637543
2023,Agri06_Biochar,DE1,0.0
2023,Agri06_Biochar,DE2,0.0
2023,Agri06_Biochar,DE3,0.0
2023,Agri06_Biochar,DE4,0.0
2023,Agri06_Biochar,DE5,0.0
2023,Agri06_Biochar,DE6,0.0
2023,Agri06_Biochar,DE7,0.0
2023,Agri06_Biochar,DE8,0.0
2023,Agri06_Biochar,DE9,0.0
2023,Agri06_Biochar,DEA,0.0
2023,Agri06_Biochar,DEB,0.0
2023,Agri06_Biochar,DEC,0.0
2023,Agri06_Biochar,DEE,0.0
2023,Agri06_Biochar,DED,0.0
2023,Agri06_Biochar,DEF,0.0
2023,Agri06_Biochar,DEG,0.0
2024,Agri01_AGC,DE1,2657004.6906855647
2024,Agri01_AGC,DE2,10606732.482984807
2024,Agri01_AGC,DE3,0.0
2024,Agri01_AGC,DE4,1816898.3549379476
2024,Agri01_AGC,DE5,0.0
2024,Agri01_AGC,DE6,0.0
2024,Agri01_AGC,DE7,2679439.1950078527
2024,Agri01_AGC,DE8,2543324.8265525606
2024,Agri01_AGC,DE9,8840962.149971157
2024,Agri01_AGC,DEA,2752570.446389445
2024,Agri01_AGC,DEB,743937.6276829541
2024,Agri01_AGC,DEC,0.0
2024,Agri01_AGC,DEE,2308295.502179113
2024,Agri01_AGC,DED,1618141.8657966242
2024,Agri01_AGC,DEF,3185119.637016382
2024,Agri01_AGC,DEG,2546402.552023868
2024,Agri02_OFC,DE1,0.0
2024,Agri02_OFC,DE2,0.0
2024,Agri02_OFC,DE3,0.0
2024,Agri02_OFC,DE4,0.0
2024,Agri02_OFC,DE5,0.0
2024,Agri02_OFC,DE6,0.0
2024,Agri02_OFC,DE7,0.0
2024,Agri02_OFC,DE8,0.0
2024,Agri02_OFC,DE9,0.0
2024,Agri02_OFC,DEA,0.0
2024,Agri02_OFC,DEB,0.0
2024,Agri02_OFC,DEC,0.0
2024,Agri02_OFC,DEE,0.0
2024,Agri02_OFC,DED,0.0
2024,Agri02_OFC,DEF,0.0
2024,Agri02_OFC,DEG,0.0
2024,Agri03_No-till,DE1,0.0
2024,Agri03_No-till,DE2,0.0
2024,Agri03_No-till,DE3,0.0
2024,Agri03_No-till,DE4,0.0
2024,Agri03_No-till,DE5,0.0
2024,Agri03_No-till,DE6,0.0
2024,Agri03_No-till,DE7,0.0
2024,Agri03_No-till,DE8,0.0
2024,Agri03_No-till,DE9,0.0
2024,Agri03_No-till,DEA,0.0
2024,Agri03_No-till,DEB,0.0
2024,Agri03_No-till,DEC,0.0
2024,Agri03_No-till,DEE,0.0
2024,Agri03_No-till,DED,0.0
2024,Agri03_No-till,DEF,0.0
2024,Agri03_No-till,DEG,0.0
2024,Agri04_toGrassland,DE1,59440.01076972943
2024,Agri04_toGrassland,DE2,122686.11185577376
2024,Agri04_toGrassland,DE3,5968.363081288597
2024,Agri04_toGrassland,DE4,52461.141073325096
2024,Agri04_toGrassland,DE5,3048.432694468257
2024,Agri04_toGrassland,DE6,828.0616584395215
2024,Agri04_toGrassland,DE7,30992.577338668863
2024,Agri04_toGrassland,DE8,56762.12007233606
2024,Agri04_toGrassland,DE9,102261.77316944941
2024,Agri04_toGrassland,DEA,61778.75300814967
2024,Agri04_toGrassland,DEB,31871.332083667294
2024,Agri04_toGrassland,DEC,6927.297054924699
2024,Agri04_toGrassland,DEE,46833.95760777646
2024,Agri04_toGrassland,DED,35846.74642358771
2024,Agri04_toGrassland,DEF,36841.689435260276
2024,Agri04_toGrassland,DEG,29453.76710769217
2024,Agri05_Agroforestry,DE1,751098.3976795425
2024,Agri05_Agroforestry,DE2,1283341.373398403
2024,Agri05_Agroforestry,DE3,22639.79825791704
2024,Agri05_Agroforestry,DE4,709639.3196945308
2024,Agri05_Agroforestry,DE5,141164.59760295384
2024,Agri05_Agroforestry,DE6,17756.035026123147
2024,Agri05_Agroforestry,DE7,297719.703555371
2024,Agri05_Agroforestry,DE8,725762.2537216883
2024,Agri05_Agroforestry,DE9,1108661.2837446965
2024,Agri05_Agroforestry,DEA,767979.3642786557
2024,Agri05_Agroforestry,DEB,440117.0028444859
2024,Agri05_Agroforestry,DEC,228082.77716680136
2024,Agri05_Agroforestry,DEE,570074.9051475348
2024,Agri05_Agroforestry,DED,475228.68877701415
2024,Agri05_Agroforestry,DEF,310126.6574751194
2024,Agri05_Agroforestry,DEG,247954.13305887015
2024,Agri06_Biochar,DE1,0.0
2024,Agri06_Biochar,DE2,0.0
2024,Agri06_Biochar,DE3,0.0
2024,Agri06_Biochar,DE4,0.0
2024,Agri06_Biochar,DE5,0.0
2024,Agri06_Biochar,DE6,0.0
2024,Agri06_Biochar,DE7,0.0
2024,Agri06_Biochar,DE8,0.0
2024,Agri06_Biochar,DE9,0.0
2024,Agri06_Biochar,DEA,0.0
2024,Agri06_Biochar,DEB,0.0
2024,Agri06_Biochar,DEC,0.0
2024,Agri06_Biochar,DEE,0.0
2024,Agri06_Biochar,DED,0.0
2024,Agri06_Biochar,DEF,0.0
2024,Agri06_Biochar,DEG,0.0
2025,Agri01_AGC,DE1,3897978.693029726
2025,Agri01_AGC,DE2,12746945.553884944
2025,Agri01_AGC,DE3,0.0
2025,Agri01_AGC,DE4,2971959.054290543
2025,Agri01_AGC,DE5,0.0
2025,Agri01_AGC,DE6,0.0
2025,Agri01_AGC,DE7,3197535.3798268726
2025,Agri01_AGC,DE8,3735407.263398697
2025,Agri01_AGC,DE9,10658082.047020156
2025,Agri01_AGC,DEA,4031914.267339657
2025,Agri01_AGC,DEB,1466937.9014526468
2025,Agri01_AGC,DEC,0.0
2025,Agri01_AGC,DEE,3259444.257036435
2025,Agri01_AGC,DED,2384912.5537130325
2025,Agri01_AGC,DEF,3763690.015198843
2025,Agri01_AGC,DEG,3008966.3481317204
2025,Agri02_OFC,DE1,0.0
2025,Agri02_OFC,DE2,0.0
2025,Agri02_OFC,DE3,0.0
2025,Agri02_OFC,DE4,0.0
2025,Agri02_OFC,DE5,0.0
2025,Agri02_OFC,DE6,0.0
2025,Agri02_OFC,DE7,0.0
2025,Agri02_OFC,DE8,0.0
2025,Agri02_OFC,DE9,0.0
2025,Agri02_OFC,DEA,0.0
2025,Agri02_OFC,DEB,0.0
2025,Agri02_OFC,DEC,0.0
2025,Agri02_OFC,DEE,0.0
2025,Agri02_OFC,DED,0.0
2025,Agri02_OFC,DEF,0.0
2025,Agri02_OFC,DEG,0.0
2025,Agri03_No-till,DE1,0.0
2025,Agri03_No-till,DE2,0.0
2025,Agri03_No-till,DE3,0.0
2025,Agri03_No-till,DE4,0.0
2025,Agri03_No-till,DE5,0.0
2025,Agri03_No-till,DE6,0.0
2025,Agri03_No-till,DE7,0.0
2025,Agri03_No-till,DE8,0.0
2025,Agri03_No-till,DE9,0.0
2025,Agri03_No-till,DEA,0.0
2025,Agri03_No-till,DEB,0.0
2025,Agri03_No-till,DEC,0.0
2025,Agri03_No-till,DEE,0.0
2025,Agri03_No-till,DED,0.0
2025,Agri03_No-till,DEF,0.0
2025,Agri03_No-till,DEG,0.0
2025,Agri04_toGrassland,DE1,74316.90547993704
2025,Agri04_toGrassland,DE2,150703.30926475054
2025,Agri04_toGrassland,DE3,9735.740772065355
2025,Agri04_toGrassland,DE4,66062.05868719713
2025,Agri04_toGrassland,DE5,4845.418733642213
2025,Agri04_toGrassland,DE6,1108.7748930263194
2025,Agri04_toGrassland,DE7,37803.500547954114
2025,Agri04_toGrassland,DE8,71054.43170545118
2025,Agri04_toGrassland,DE9,126007.30332700233
2025,Agri04_toGrassland,DEA,77113.34351969753
2025,Agri04_toGrassland,DEB,40224.81174274377
2025,Agri04_toGrassland,DEC,10076.937083897248
2025,Agri04_toGrassland,DEE,58336.8498672327
2025,Agri04_toGrassland,DED,45042.867557561476
2025,Agri04_toGrassland,DEF,44496.97678078626
2025,Agri04_toGrassland,DEG,35574.1055151458
2025,Agri05_Agroforestry,DE1,1101190.145106214
2025,Agri05_Agroforestry,DE2,1784044.198377847
2025,Agri05_Agroforestry,DE3,23651.970099694114
2025,Agri05_Agroforestry,DE4,1057468.2527186624
2025,Agri05_Agroforestry,DE5,194169.55329757027
2025,Agri05_Agroforestry,DE6,28694.907357460317
2025,Agri05_Agroforestry,DE7,402199.64284173807
2025,Agri05_Agroforestry,DE8,1067149.0966089086
2025,Agri05_Agroforestry,DE9,1558398.7073564206
2025,Agri05_Agroforestry,DEA,1121312.564003299
2025,Agri05_Agroforestry,DEB,658907.9372582581
2025,Agri05_Agroforestry,DEC,385711.4370603445
2025,Agri05_Agroforestry,DEE,827856.1075228804
2025,Agri05_Agroforestry,DED,704863.7247348389
2025,Agri05_Agroforestry,DEF,397932.82541413716
2025,Agri05_Agroforestry,DEG,318167.0751148027
2025,Agri06_Biochar,DE1,0.0
2025,Agri06_Biochar,DE2,0.0
2025,Agri06_Biochar,DE3,0.0
2025,Agri06_Biochar,DE4,0.0
2025,Agri06_Biochar,DE5,0.0
2025,Agri06_Biochar,DE6,0.0
2025,Agri06_Biochar,DE7,0.0
2025,Agri06_Biochar,DE8,0.0
2025,Agri06_Biochar,DE9,0.0
2025,Agri06_Biochar,DEA,0.0
2025,Agri06_Biochar,DEB,0.0
2025,Agri06_Biochar,DEC,0.0
2025,Agri06_Biochar,DEE,0.0
2025,Agri06_Biochar,DED,0.0
2025,Agri06_Biochar,DEF,0.0
2025,Agri06_Biochar,DEG,0.0
2026,Agri01_AGC,DE1,5073975.530183624
2026,Agri01_AGC,DE2,14683517.23112648
2026,Agri01_AGC,DE3,0.0
2026,Agri01_AGC,DE4,4081841.654527521
2026,Agri01_AGC,DE5,0.0
2026,Agri01_AGC,DE6,0.0
2026,Agri01_AGC,DE7,3657293.257608867
2026,Agri01_AGC,DE8,4867654.294566277
2026,Agri01_AGC,DE9,12315610.597961878
2026,Agri01_AGC,DEA,5240423.940813663
2026,Agri01_AGC,DEB,2164834.1879329616
2026,Agri01_AGC,DEC,0.0
2026,Agri01_AGC,DEE,4153736.6125056576
2026,Agri01_AGC,DED,3118294.865916026
2026,Agri01_AGC,DEF,4261509.591857216
2026,Agri01_AGC,DEG,3406977.029718237
2026,Agri02_OFC,DE1,0.0
2026,Agri02_OFC,DE2,0.0
2026,Agri02_OFC,DE3,0.0
2026,Agri02_OFC,DE4,0.0
2026,Agri02_OFC,DE5,0.0
2026,Agri02_OFC,DE6,0.0
2026,Agri02_OFC,DE7,0.0
2026,Agri02_OFC,DE8,0.0
2026,Agri02_OFC,DE9,0.0
2026,Agri02_OFC,DEA,0.0
2026,Agri02_OFC,DEB,0.0
2026,Agri02_OFC,DEC,0.0
2026,Agri02_OFC,DEE,0.0
2026,Agri02_OFC,DED,0.0
2026,Agri02_OFC,DEF,0.0
2026,Agri02_OFC,DEG,0.0
2026,Agri03_No-till,DE1,0.0
2026,Agri03_No-till,DE2,0.0
2026,Agri03_No-till,DE3,0.0
2026,Agri03_No-till,DE4,0.0
2026,Agri03_No-till,DE5,0.0
2026,Agri03_No-till,DE6,0.0
2026,Agri03_No-till,DE7,0.0
2026,Agri03_No-till,DE8,0.0
2026,Agri03_No-till,DE9,0.0
2026,Agri03_No-till,DEA,0.0
2026,Agri03_No-till,DEB,0.0
2026,Agri03_No-till,DEC,0.0
2026,Agri03_No-till,DEE,0.0
2026,Agri03_No-till,DED,0.0
2026,Agri03_No-till,DEF,0.0
2026,Agri03_No-till,DEG,0.0
2026,Agri04_toGrassland,DE1,89150.30482133762
2026,Agri04_toGrassland,DE2,177663.56141889773
2026,Agri04_toGrassland,DE3,14316.448010112721
2026,Agri04_toGrassland,DE4,79793.88348451369
2026,Agri04_toGrassland,DE5,7012.056318278578
2026,Agri04_toGrassland,DE6,1415.302977788179
2026,Agri04_toGrassland,DE7,44251.50562174028
2026,Agri04_toGrassland,DE8,85336.01176606618
2026,Agri04_toGrassland,DE9,149013.01952668244
2026,Agri04_toGrassland,DEA,92356.81637976626
2026,Agri04_toGrassland,DEB,48690.40980057015
2026,Agri04_toGrassland,DEC,13730.717453682226
2026,Agri04_toGrassland,DEE,69726.74147548583
2026,Agri04_toGrassland,DED,54293.40832014692
2026,Agri04_toGrassland,DEF,51562.23534135238
2026,Agri04_toGrassland,DEG,41222.79854645447
2026,Agri05_Agroforestry,DE1,1528568.7008630873
2026,Agri05_Agroforestry,DE2,2367801.579620803
2026,Agri05_Agroforestry,DE3,24664.14194147119
2026,Agri05_Agroforestry,DE4,1486894.8630727578
2026,Agri05_Agroforestry,DE5,202478.9226037988
2026,Agri05_Agroforestry,DE6,42799.38925272375
2026,Agri05_Agroforestry,DE7,520077.0964105429
2026,Agri05_Agroforestry,DE8,1484776.3187564285
2026,Agri05_Agroforestry,DE9,2088525.8652971494
2026,Agri05_Agroforestry,DEA,1551343.6363949636
2026,Agri05_Agroforestry,DEB,929847.9396691193
2026,Agri05_Agroforestry,DEC,592607.2521743044
2026,Agri05_Agroforestry,DEE,1140308.4482980492
2026,Agri05_Agroforestry,DED,987484.9800908952
2026,Agri05_Agroforestry,DEF,489124.0168666389
2026,Agri05_Agroforestry,DEG,391091.2968011249
2026,Agri06_Biochar,DE1,0.0
2026,Agri06_Biochar,DE2,0.0
2026,Agri06_Biochar,DE3,0.0
2026,Agri06_Biochar,DE4,0.0
2026,Agri06_Biochar,DE5,0.0
2026,Agri06_Biochar,DE6,0.0
2026,Agri06_Biochar,DE7,0.0
2026,Agri06_Biochar,DE8,0.0
2026,Agri06_Biochar,DE9,0.0
2026,Agri06_Biochar,DEA,0.0
2026,Agri06_Biochar,DEB,0.0
2026,Agri06_Biochar,DEC,0.0
2026,Agri06_Biochar,DEE,0.0
2026,Agri06_Biochar,DED,0.0
2026,Agri06_Biochar,DEF,0.0
2026,Agri06_Biochar,DEG,0.0
2027,Agri01_AGC,DE1,6180026.499753865
2027,Agri01_AGC,DE2,16416920.827849315
2027,Agri01_AGC,DE3,0.0
2027,Agri01_AGC,DE4,5140282.820826036
2027,Agri01_AGC,DE5,0.0
2027,Agri01_AGC,DE6,0.0
2027,Agri01_AGC,DE7,4059896.39762191
2027,Agri01_AGC,DE8,5934979.354011454
2027,Agri01_AGC,DE9,13812376.25783144
2027,Agri01_AGC,DEA,6373444.557326561
2027,Agri01_AGC,DEB,2833459.8537477795
2027,Agri01_AGC,DEC,0.0
2027,Agri01_AGC,DEE,4988130.984859976
2027,Agri01_AGC,DED,3814397.643111493
2027,Agri01_AGC,DEF,4681744.872443779
2027,Agri01_AGC,DEG,3742965.4079023716
2027,Agri02_OFC,DE1,906872.656123904
2027,Agri02_OFC,DE2,1611387.6325325894
2027,Agri02_OFC,DE3,311237.8902985065
2027,Agri02_OFC,DE4,845982.2497512356
2027,Agri02_OFC,DE5,146645.43368412595
2027,Agri02_OFC,DE6,19747.937141060196
2027,Agri02_OFC,DE7,381236.6225217007
2027,Agri02_OFC,DE8,874310.8109350002
2027,Agri02_OFC,DE9,1381143.4295134342
2027,Agri02_OFC,DEA,930192.4063809783
2027,Agri02_OFC,DEB,522728.62204163603
2027,Agri02_OFC,DEC,242802.73008568285
2027,Agri02_OFC,DEE,693343.5156329579
2027,Agri02_OFC,DED,568628.1972479041
2027,Agri02_OFC,DEF,410475.2211745707
2027,Agri02_OFC,DEG,328179.20869413746
2027,Agri03_No-till,DE1,0.0
2027,Agri03_No-till,DE2,0.0
2027,Agri03_No-till,DE3,0.0
2027,Agri03_No-till,DE4,0.0
2027,Agri03_No-till,DE5,0.0
2027,Agri03_No-till,DE6,0.0
2027,Agri03_No-till,DE7,0.0
2027,Agri03_No-till,DE8,0.0
2027,Agri03_No-till,DE9,0.0
2027,Agri03_No-till,DEA,0.0
2027,Agri03_No-till,DEB,0.0
2027,Agri03_No-till,DEC,0.0
2027,Agri03_No-till,DEE,0.0
2027,Agri03_No-till,DED,0.0
2027,Agri03_No-till,DEF,0.0
2027,Agri03_No-till,DEG,0.0
2027,Agri04_toGrassland,DE1,103915.08270597263
2027,Agri04_toGrassland,DE2,203569.261801794
2027,Agri04_toGrassland,DE3,19662.092184975074
2027,Agri04_toGrassland,DE4,93624.9425878889
2027,Agri04_toGrassland,DE5,9526.195647997183
2027,Agri04_toGrassland,DE6,1745.8137738172488
2027,Agri04_toGrassland,DE7,50342.5777173542
2027,Agri04_toGrassland,DE8,99581.13814492477
2027,Agri04_toGrassland,DE9,171272.99741651528
2027,Agri04_toGrassland,DEA,107485.63231071421
2027,Agri04_toGrassland,DEB,57247.05612888951
2027,Agri04_toGrassland,DEC,17857.145181637577
2027,Agri04_toGrassland,DEE,80988.25153543187
2027,Agri04_toGrassland,DED,63578.69162003452
2027,Agri04_toGrassland,DEF,58053.47772713656
2027,Agri04_toGrassland,DEG,46412.64418743959
2027,Agri05_Agroforestry,DE1,2039414.039513906
2027,Agri05_Agroforestry,DE2,3040167.29893306
2027,Agri05_Agroforestry,DE3,25676.313783248264
2027,Agri05_Agroforestry,DE4,2004634.1688016998
2027,Agri05_Agroforestry,DE5,210788.29191002736
2027,Agri05_Agroforestry,DE6,60352.312778915315
2027,Agri05_Agroforestry,DE7,652040.8187234997
2027,Agri05_Agroforestry,DE8,1984774.8539030387
2027,Agri05_Agroforestry,DE9,2704723.204196277
2027,Agri05_Agroforestry,DEA,2064153.846056165
2027,Agri05_Agroforestry,DEB,1257259.207335084
2027,Agri05_Agroforestry,DEC,853282.206998521
2027,Agri05_Agroforestry,DEE,1511715.0014552607
2027,Agri05_Agroforestry,DED,1327419.9917915848
2027,Agri05_Agroforestry,DEF,583337.8428753192
2027,Agri05_Agroforestry,DEG,466437.55617478845
2027,Agri06_Biochar,DE1,0.0
2027,Agri06_Biochar,DE2,0.0
2027,Agri06_Biochar,DE3,0.0
2027,Agri06_Biochar,DE4,0.0
2027,Agri06_Biochar,DE5,0.0
2027,Agri06_Biochar,DE6,0.0
2027,Agri06_Biochar,DE7,0.0
2027,Agri06_Biochar,DE8,0.0
2027,Agri06_Biochar,DE9,0.0
2027,Agri06_Biochar,DEA,0.0
2027,Agri06_Biochar,DEB,0.0
2027,Agri06_Biochar,DEC,0.0
2027,Agri06_Biochar,DEE,0.0
2027,Agri06_Biochar,DED,0.0
2027,Agri06_Biochar,DEF,0.0
2027,Agri06_Biochar,DEG,0.0
2028,Agri01_AGC,DE1,7211162.899347063
2028,Agri01_AGC,DE2,17947629.657193363
2028,Agri01_AGC,DE3,0.0
2028,Agri01_AGC,DE4,6141019.218363238
2028,Agri01_AGC,DE5,0.0
2028,Agri01_AGC,DE6,30095.74795128492
2028,Agri01_AGC,DE7,4406528.369134078
2028,Agri01_AGC,DE8,6932295.875690377
2028,Agri01_AGC,DE9,15147207.481663952
2028,Agri01_AGC,DEA,7426321.207393448
2028,Agri01_AGC,DEB,3468648.265520983
2028,Agri01_AGC,DEC,0.0
2028,Agri01_AGC,DEE,5759585.790372585
2028,Agri01_AGC,DED,4469329.726005323
2028,Agri01_AGC,DEF,5027562.362410816
2028,Agri01_AGC,DEG,4019462.293803078
2028,Agri02_OFC,DE1,1761202.2183268412
2028,Agri02_OFC,DE2,3081400.4810366314
2028,Agri02_OFC,DE3,645035.7642640091
2028,Agri02_OFC,DE4,1651353.628558103
2028,Agri02_OFC,DE5,303255.66890331625
2028,Agri02_OFC,DE6,39663.30352728164
2028,Agri02_OFC,DE7,723494.4476594069
2028,Agri02_OFC,DE8,1699494.3289721648
2028,Agri02_OFC,DE9,2649253.475247218
2028,Agri02_OFC,DEA,1804211.4573450831
2028,Agri02_OFC,DEB,1021894.616857184
2028,Agri02_OFC,DEC,496816.32404960686
2028,Agri02_OFC,DEE,1342607.1912080094
2028,Agri02_OFC,DED,1108314.4877900989
2028,Agri02_OFC,DEF,769215.6741410557
2028,Agri02_OFC,DEG,615000.282924751
2028,Agri03_No-till,DE1,0.0
2028,Agri03_No-till,DE2,0.0
2028,Agri03_No-till,DE3,0.0
2028,Agri03_No-till,DE4,0.0
2028,Agri03_No-till,DE5,0.0
2028,Agri03_No-till,DE6,0.0
2028,Agri03_No-till,DE7,0.0
2028,Agri03_No-till,DE8,0.0
2028,Agri03_No-till,DE9,0.0
2028,Agri03_No-till,DEA,0.0
2028,Agri03_No-till,DEB,0.0
2028,Agri03_No-till,DEC,0.0
2028,Agri03_No-till,DEE,0.0
2028,Agri03_No-till,DED,0.0
2028,Agri03_No-till,DEF,0.0
2028,Agri03_No-till,DEG,0.0
2028,Agri04_toGrassland,DE1,118586.11304588347
2028,Agri04_toGrassland,DE2,228422.8038970178
2028,Agri04_toGrassland,DE3,25724.28068619679
2028,Agri04_toGrassland,DE4,107523.56311993684
2028,Agri04_toGrassland,DE5,12365.68692241785
2028,Agri04_toGrassland,DE6,2098.4751422056747
2028,Agri04_toGrassland,DE7,56082.70199212272
2028,Agri04_toGrassland,DE8,113764.08873277064
2028,Agri04_toGrassland,DE9,192781.31264452625
2028,Agri04_toGrassland,DEA,122476.25203489968
2028,Agri04_toGrassland,DEB,65873.68059944485
2028,Agri04_toGrassland,DEC,22424.727285121233
2028,Agri04_toGrassland,DEE,92105.99914996685
2028,Agri04_toGrassland,DED,72879.04036591474
2028,Agri04_toGrassland,DEF,63986.716548316654
2028,Agri04_toGrassland,DEG,51156.44042392255
2028,Agri05_Agroforestry,DE1,2639906.135622414
2028,Agri05_Agroforestry,DE2,3806695.138120404
2028,Agri05_Agroforestry,DE3,26688.48562502534
2028,Agri05_Agroforestry,DE4,2617401.1879503704
2028,Agri05_Agroforestry,DE5,219097.66121625592
2028,Agri05_Agroforestry,DE6,81636.51000303688
2028,Agri05_Agroforestry,DE7,798779.5642423226
2028,Agri05_Agroforestry,DE8,2573275.63578753
2028,Agri05_Agroforestry,DE9,3412671.170683195
2028,Agri05_Agroforestry,DEA,2665824.4575894177
2028,Agri05_Agroforestry,DEB,1645463.9375141663
2028,Agri05_Agroforestry,DEC,976235.1361763394
2028,Agri05_Agroforestry,DEE,1946358.8409767344
2028,Agri05_Agroforestry,DED,1728996.2967833092
2028,Agri05_Agroforestry,DEF,680211.9144828722
2028,Agri05_Agroforestry,DEG,543916.6112927453
2028,Agri06_Biochar,DE1,0.0
2028,Agri06_Biochar,DE2,0.0
2028,Agri06_Biochar,DE3,0.0
2028,Agri06_Biochar,DE4,0.0
2028,Agri06_Biochar,DE5,0.0
2028,Agri06_Biochar,DE6,0.0
2028,Agri06_Biochar,DE7,0.0
2028,Agri06_Biochar,DE8,0.0
2028,Agri06_Biochar,DE9,0.0
2028,Agri06_Biochar,DEA,0.0
2028,Agri06_Biochar,DEB,0.0
2028,Agri06_Biochar,DEC,0.0
2028,Agri06_Biochar,DEE,0.0
2028,Agri06_Biochar,DED,0.0
2028,Agri06_Biochar,DEF,0.0
2028,Agri06_Biochar,DEG,0.0
2029,Agri01_AGC,DE1,8162416.026569832
2029,Agri01_AGC,DE2,19276117.032298535
2029,Agri01_AGC,DE3,0.0
2029,Agri01_AGC,DE4,7077787.512316283
2029,Agri01_AGC,DE5,0.0
2029,Agri01_AGC,DE6,60098.67306117502
2029,Agri01_AGC,DE7,4698372.741413446
2029,Agri01_AGC,DE8,7854517.293559205
2029,Agri01_AGC,DE9,16318932.724494545
2029,Agri01_AGC,DEA,8394398.981529428
2029,Agri01_AGC,DEB,4066232.7898764564
2029,Agri01_AGC,DEC,0.0
2029,Agri01_AGC,DEE,6465059.445316683
2029,Agri01_AGC,DED,5079199.955303408
2029,Agri01_AGC,DEF,5302128.567210609
2029,Agri01_AGC,DEG,4238998.498539313
2029,Agri02_OFC,DE1,2559522.4761769553
2029,Agri02_OFC,DE2,4410368.732915835
2029,Agri02_OFC,DE3,994717.7330170834
2029,Agri02_OFC,DE4,2411744.7790346486
2029,Agri02_OFC,DE5,466775.08198595524
2029,Agri02_OFC,DE6,59493.35074014886
2029,Agri02_OFC,DE7,1027599.1437303204
2029,Agri02_OFC,DE8,2472002.120961832
2029,Agri02_OFC,DE9,3803512.85714367
2029,Agri02_OFC,DEA,2618809.8471495956
2029,Agri02_OFC,DEB,1494591.3044061495
2029,Agri02_OFC,DEC,757696.2414625498
2029,Agri02_OFC,DEE,1945669.1912018107
2029,Agri02_OFC,DED,1616344.3647253043
2029,Agri02_OFC,DEF,1078430.3409157312
2029,Agri02_OFC,DEG,862228.738757614
2029,Agri03_No-till,DE1,0.0
2029,Agri03_No-till,DE2,0.0
2029,Agri03_No-till,DE3,0.0
2029,Agri03_No-till,DE4,0.0
2029,Agri03_No-till,DE5,0.0
2029,Agri03_No-till,DE6,0.0
2029,Agri03_No-till,DE7,0.0
2029,Agri03_No-till,DE8,0.0
2029,Agri03_No-till,DE9,0.0
2029,Agri03_No-till,DEA,0.0
2029,Agri03_No-till,DEB,0.0
2029,Agri03_No-till,DEC,0.0
2029,Agri03_No-till,DEE,0.0
2029,Agri03_No-till,DED,0.0
2029,Agri03_No-till,DEF,0.0
2029,Agri03_No-till,DEG,0.0
2029,Agri04_toGrassland,DE1,133138.2697531116
2029,Agri04_toGrassland,DE2,252226.58118814768
2029,Agri04_toGrassland,DE3,32454.62090332226
2029,Agri04_toGrassland,DE4,121458.07220327166
2029,Agri04_toGrassland,DE5,15508.38034116041
2029,Agri04_toGrassland,DE6,2471.4549440456053
2029,Agri04_toGrassland,DE7,61477.863603372694
2029,Agri04_toGrassland,DE8,127859.14142034753
2029,Agri04_toGrassland,DE9,213532.04085874092
2029,Agri04_toGrassland,DEA,137305.13627468102
2029,Agri04_toGrassland,DEB,74549.2130839792
2029,Agri04_toGrassland,DEC,27401.97078149114
2029,Agri04_toGrassland,DEE,103064.60342198674
2029,Agri04_toGrassland,DED,82174.77746647804
2029,Agri04_toGrassland,DEF,69377.96441507057
2029,Agri04_toGrassland,DEG,55466.98524172475
2029,Agri05_Agroforestry,DE1,3336224.963752354
2029,Agri05_Agroforestry,DE2,4672938.878988625
2029,Agri05_Agroforestry,DE3,27700.657466802415
2029,Agri05_Agroforestry,DE4,3331910.9385636523
2029,Agri05_Agroforestry,DE5,227407.03052248445
2029,Agri05_Agroforestry,DE6,106934.81299209027
2029,Agri05_Agroforestry,DE7,960982.0874287257
2029,Agri05_Agroforestry,DE8,3256409.5981486915
2029,Agri05_Agroforestry,DE9,4218050.211387297
2029,Agri05_Agroforestry,DEA,3362436.735597237
2029,Agri05_Agroforestry,DEB,2098784.3274643812
2029,Agri05_Agroforestry,DEC,1013259.2569778793
2029,Agri05_Agroforestry,DEE,2448523.040844689
2029,Agri05_Agroforestry,DED,2196541.43201247
2029,Agri05_Agroforestry,DEF,779383.8427319927
2029,Agri05_Agroforestry,DEG,623239.2202119473
2029,Agri06_Biochar,DE1,0.0
2029,Agri06_Biochar,DE2,0.0
2029,Agri06_Biochar,DE3,0.0
2029,Agri06_Biochar,DE4,0.0
2029,Agri06_Biochar,DE5,0.0
2029,Agri06_Biochar,DE6,0.0
2029,Agri06_Biochar,DE7,0.0
2029,Agri06_Biochar,DE8,0.0
2029,Agri06_Biochar,DE9,0.0
2029,Agri06_Biochar,DEA,0.0
2029,Agri06_Biochar,DEB,0.0
2029,Agri06_Biochar,DEC,0.0
2029,Agri06_Biochar,DEE,0.0
2029,Agri06_Biochar,DED,0.0
2029,Agri06_Biochar,DEF,0.0
2029,Agri06_Biochar,DEG,0.0
2030,Agri01_AGC,DE1,9028817.179028776
2030,Agri01_AGC,DE2,20402856.26630474
2030,Agri01_AGC,DE3,0.0
2030,Agri01_AGC,DE4,7944324.3678623205
2030,Agri01_AGC,DE5,0.0
2030,Agri01_AGC,DE6,89646.46851169362
2030,Agri01_AGC,DE7,4936613.08372809
2030,Agri01_AGC,DE8,8696557.041574085
2030,Agri01_AGC,DE9,17326380.44135832
2030,Agri01_AGC,DEA,9273022.970249593
2030,Agri01_AGC,DEB,4622046.793438079
2030,Agri01_AGC,DEC,434001.03101575753
2030,Agri01_AGC,DEE,7101510.3659654595
2030,Agri01_AGC,DED,5640117.171711636
2030,Agri01_AGC,DEF,5508609.992295436
2030,Agri01_AGC,DEG,4404104.833230029
2030,Agri02_OFC,DE1,3298367.219242392
2030,Agri02_OFC,DE2,5598622.575573915
2030,Agri02_OFC,DE3,1353607.9076783059
2030,Agri02_OFC,DE4,3122786.34379492
2030,Agri02_OFC,DE5,634148.0492604276
2030,Agri02_OFC,DE6,78985.3303611464
2030,Agri02_OFC,DE7,1294376.3790516434
2030,Agri02_OFC,DE8,3188285.75375434
2030,Agri02_OFC,DE9,4843104.29514511
2030,Agri02_OFC,DEA,3370740.2700517992
2030,Agri02_OFC,DEB,1937912.0046480398
2030,Agri02_OFC,DEC,1021097.9418952903
2030,Agri02_OFC,DEE,2500407.6800910197
2030,Agri02_OFC,DED,2090003.321152242
2030,Agri02_OFC,DEF,1340328.203514874
2030,Agri02_OFC,DEG,1071630.0922585004
2030,Agri03_No-till,DE1,0.0
2030,Agri03_No-till,DE2,0.0
2030,Agri03_No-till,DE3,0.0
2030,Agri03_No-till,DE4,0.0
2030,Agri03_No-till,DE5,0.0
2030,Agri03_No-till,DE6,0.0
2030,Agri03_No-till,DE7,0.0
2030,Agri03_No-till,DE8,0.0
2030,Agri03_No-till,DE9,0.0
2030,Agri03_No-till,DEA,0.0
2030,Agri03_No-till,DEB,0.0
2030,Agri03_No-till,DEC,0.0
2030,Agri03_No-till,DEE,0.0
2030,Agri03_No-till,DED,0.0
2030,Agri03_No-till,DEF,0.0
2030,Agri03_No-till,DEG,0.0
2030,Agri04_toGrassland,DE1,147546.4267396985
2030,Agri04_toGrassland,DE2,274982.9871587623
2030,Agri04_toGrassland,DE3,39804.72022589586
2030,Agri04_toGrassland,DE4,135396.7969605075
2030,Agri04_toGrassland,DE5,18932.12610384469
2030,Agri04_toGrassland,DE6,2862.9210404291885
2030,Agri04_toGrassland,DE7,66534.04770843098
2030,Agri04_toGrassland,DE8,141840.57409839917
2030,Agri04_toGrassland,DE9,233519.25770718476
2030,Agri04_toGrassland,DEA,151948.74575241664
2030,Agri04_toGrassland,DEB,83252.58345423562
2030,Agri04_toGrassland,DEC,32757.382688105237
2030,Agri04_toGrassland,DEE,113848.68345438763
2030,Agri04_toGrassland,DED,91446.22583041494
2030,Agri04_toGrassland,DEF,74243.23393757622
2030,Agri04_toGrassland,DEG,59357.07662666762
2030,Agri05_Agroforestry,DE1,4134550.49846747
2030,Agri05_Agroforestry,DE2,5644452.3033435065
2030,Agri05_Agroforestry,DE3,28712.829308579487
2030,Agri05_Agroforestry,DE4,4154878.4386864267
2030,Agri05_Agroforestry,DE5,235716.39982871298
2030,Agri05_Agroforestry,DE6,136530.05381307736
2030,Agri05_Agroforestry,DE7,1139337.1427444227
2030,Agri05_Agroforestry,DE8,4040307.6747253137
2030,Agri05_Agroforestry,DE9,5126540.772937974
2030,Agri05_Agroforestry,DEA,4160071.9446821366
2030,Agri05_Agroforestry,DEB,2621542.574443742
2030,Agri05_Agroforestry,DEC,1050283.377779419
2030,Agri05_Agroforestry,DEE,3022490.675041344
2030,Agri05_Agroforestry,DED,2734382.934425469
2030,Agri05_Agroforestry,DEF,880491.2386653747
2030,Agri05_Agroforestry,DEG,704116.140989346
2030,Agri06_Biochar,DE1,0.0
2030,Agri06_Biochar,DE2,0.0
2030,Agri06_Biochar,DE3,0.0
2030,Agri06_Biochar,DE4,0.0
2030,Agri06_Biochar,DE5,0.0
2030,Agri06_Biochar,DE6,0.0
2030,Agri06_Biochar,DE7,0.0
2030,Agri06_Biochar,DE8,0.0
2030,Agri06_Biochar,DE9,0.0
2030,Agri06_Biochar,DEA,0.0
2030,Agri06_Biochar,DEB,0.0
2030,Agri06_Biochar,DEC,0.0
2030,Agri06_Biochar,DEE,0.0
2030,Agri06_Biochar,DED,0.0
2030,Agri06_Biochar,DEF,0.0
2030,Agri06_Biochar,DEG,0.0
2031,Agri01_AGC,DE1,9805397.654330513
2031,Agri01_AGC,DE2,21328320.67235188
2031,Agri01_AGC,DE3,42793.380188145806
2031,Agri01_AGC,DE4,8734366.450178508
2031,Agri01_AGC,DE5,137584.95174365558
2031,Agri01_AGC,DE6,118376.8274848641
2031,Agri01_AGC,DE7,5122432.965346085
2031,Agri01_AGC,DE8,9453328.553691175
2031,Agri01_AGC,DE9,18168379.08729041
2031,Agri01_AGC,DEA,10057538.26406905
2031,Agri01_AGC,DEB,5131923.642829736
2031,Agri01_AGC,DEC,865895.925624586
2031,Agri01_AGC,DEE,7665896.968592116
2031,Agri01_AGC,DED,6148190.215935898
2031,Agri01_AGC,DEF,5650173.143117582
2031,Agri01_AGC,DEG,4517312.108994182
2031,Agri02_OFC,DE1,3974270.2370912945
2031,Agri02_OFC,DE2,6646492.196414581
2031,Agri02_OFC,DE3,1715030.3993682528
2031,Agri02_OFC,DE4,3780108.965452964
2031,Agri02_OFC,DE5,802318.9470551178
2031,Agri02_OFC,DE6,97886.49397175877
2031,Agri02_OFC,DE7,1524651.821940578
2031,Agri02_OFC,DE8,3844796.794200028
2031,Agri02_OFC,DE9,5767210.509193862
2031,Agri02_OFC,DEA,4056755.420308976
2031,Agri02_OFC,DEB,2348950.037542361
2031,Agri02_OFC,DEC,1282676.884918606
2031,Agri02_OFC,DEE,3004700.8223522925
2031,Agri02_OFC,DED,2526576.8501696326
2031,Agri02_OFC,DEF,1557118.2439547607
2031,Agri02_OFC,DEG,1244969.8594931841
2031,Agri03_No-till,DE1,0.0
2031,Agri03_No-till,DE2,0.0
2031,Agri03_No-till,DE3,0.0
2031,Agri03_No-till,DE4,0.0
2031,Agri03_No-till,DE5,0.0
2031,Agri03_No-till,DE6,0.0
2031,Agri03_No-till,DE7,0.0
2031,Agri03_No-till,DE8,0.0
2031,Agri03_No-till,DE9,0.0
2031,Agri03_No-till,DEA,0.0
2031,Agri03_No-till,DEB,0.0
2031,Agri03_No-till,DEC,0.0
2031,Agri03_No-till,DEE,0.0
2031,Agri03_No-till,DED,0.0
2031,Agri03_No-till,DEF,0.0
2031,Agri03_No-till,DEG,0.0
2031,Agri04_toGrassland,DE1,161785.45791768553
2031,Agri04_toGrassland,DE2,296694.4152924401
2031,Agri04_toGrassland,DE3,47726.18604346197
2031,Agri04_toGrassland,DE4,149308.06451425835
2031,Agri04_toGrassland,DE5,22614.774410090515
2031,Agri04_toGrassland,DE6,3271.04129244857
2031,Agri04_toGrassland,DE7,71257.2394646244
2031,Agri04_toGrassland,DE8,155682.6646576692
2031,Agri04_toGrassland,DE9,252737.03883788316
2031,Agri04_toGrassland,DEA,166383.54119046478
2031,Agri04_toGrassland,DEB,91962.7215819571
2031,Agri04_toGrassland,DEC,38459.47002232145
2031,Agri04_toGrassland,DEE,124442.85835006546
2031,Agri04_toGrassland,DED,100673.70836641584
2031,Agri04_toGrassland,DEF,78598.53772601146
2031,Agri04_toGrassland,DEG,62839.51256457253
2031,Agri05_Agroforestry,DE1,5041062.714331507
2031,Agri05_Agroforestry,DE2,6726789.192990841
2031,Agri05_Agroforestry,DE3,29725.001150356562
2031,Agri05_Agroforestry,DE4,5093018.706363577
2031,Agri05_Agroforestry,DE5,244025.7691349415
2031,Agri05_Agroforestry,DE6,170705.06453300003
2031,Agri05_Agroforestry,DE7,1334533.4846511283
2031,Agri05_Agroforestry,DE8,4931100.799256188
2031,Agri05_Agroforestry,DE9,6143823.30196462
2031,Agri05_Agroforestry,DEA,5064811.349446633
2031,Agri05_Agroforestry,DEB,3218060.8757102643
2031,Agri05_Agroforestry,DEC,1087307.498580959
2031,Agri05_Agroforestry,DEE,3672544.817548919
2031,Agri05_Agroforestry,DED,3346848.340968707
2031,Agri05_Agroforestry,DEF,983171.7133257132
2031,Agri05_Agroforestry,DEG,786258.1316818935
2031,Agri06_Biochar,DE1,0.0
2031,Agri06_Biochar,DE2,0.0
2031,Agri06_Biochar,DE3,0.0
2031,Agri06_Biochar,DE4,0.0
2031,Agri06_Biochar,DE5,0.0
2031,Agri06_Biochar,DE6,0.0
2031,Agri06_Biochar,DE7,0.0
2031,Agri06_Biochar,DE8,0.0
2031,Agri06_Biochar,DE9,0.0
2031,Agri06_Biochar,DEA,0.0
2031,Agri06_Biochar,DEB,0.0
2031,Agri06_Biochar,DEC,0.0
2031,Agri06_Biochar,DEE,0.0
2031,Agri06_Biochar,DED,0.0
2031,Agri06_Biochar,DEF,0.0
2031,Agri06_Biochar,DEG,0.0
2032,Agri01_AGC,DE1,10487188.750081647
2032,Agri01_AGC,DE2,22052983.563579872
2032,Agri01_AGC,DE3,40592.17903187595
2032,Agri01_AGC,DE4,9441650.424441993
2032,Agri01_AGC,DE5,130507.87221565514
2032,Agri01_AGC,DE6,145927.44316270974
2032,Agri01_AGC,DE7,5257015.955535507
2032,Agri01_AGC,DE8,10119745.263866626
2032,Agri01_AGC,DE9,18843757.11732592
2032,Agri01_AGC,DEA,10743289.953502893
2032,Agri01_AGC,DEB,5591696.704675307
2032,Agri01_AGC,DEC,1102114.176089256
2032,Agri01_AGC,DEE,8155177.669469843
2032,Agri01_AGC,DED,6599527.9286820805
2032,Agri01_AGC,DEF,5729984.525129327
2032,Agri01_AGC,DEG,4581151.136950725
2032,Agri02_OFC,DE1,4583765.319291808
2032,Agri02_OFC,DE2,7554307.782841545
2032,Agri02_OFC,DE3,2072309.3192074995
2032,Agri02_OFC,DE4,4379343.286622827
2032,Agri02_OFC,DE5,968232.1516984099
2032,Agri02_OFC,DE6,115944.09315347053
2032,Agri02_OFC,DE7,1719251.1407143257
2032,Agri02_OFC,DE8,4437986.809149233
2032,Agri02_OFC,DE9,6575014.219232242
2032,Agri02_OFC,DEA,4673607.992178408
2032,Agri02_OFC,DEB,2724798.7230486185
2032,Agri02_OFC,DEC,1538088.5301032753
2032,Agri02_OFC,DEE,3456426.782462286
2032,Agri02_OFC,DED,2923350.444876197
2032,Agri02_OFC,DEF,1731009.4442516672
2032,Agri02_OFC,DEG,1384013.5565274386
2032,Agri03_No-till,DE1,0.0
2032,Agri03_No-till,DE2,0.0
2032,Agri03_No-till,DE3,0.0
2032,Agri03_No-till,DE4,0.0
2032,Agri03_No-till,DE5,0.0
2032,Agri03_No-till,DE6,0.0
2032,Agri03_No-till,DE7,0.0
2032,Agri03_No-till,DE8,0.0
2032,Agri03_No-till,DE9,0.0
2032,Agri03_No-till,DEA,0.0
2032,Agri03_No-till,DEB,0.0
2032,Agri03_No-till,DEC,0.0
2032,Agri03_No-till,DEE,0.0
2032,Agri03_No-till,DED,0.0
2032,Agri03_No-till,DEF,0.0
2032,Agri03_No-till,DEG,0.0
2032,Agri04_toGrassland,DE1,175830.2371991142
2032,Agri04_toGrassland,DE2,317363.25907275965
2032,Agri04_toGrassland,DE3,56170.62574556497
2032,Agri04_toGrassland,DE4,163160.20198713845
2032,Agri04_toGrassland,DE5,26534.17545951771
2032,Agri04_toGrassland,DE6,3693.9835611958983
2032,Agri04_toGrassland,DE7,75653.42402927982
2032,Agri04_toGrassland,DE8,169359.6909889014
2032,Agri04_toGrassland,DE9,271179.4598988617
2032,Agri04_toGrassland,DEA,180585.9833111838
2032,Agri04_toGrassland,DEB,100658.55733888669
2032,Agri04_toGrassland,DEC,44476.739801497744
2032,Agri04_toGrassland,DEE,134831.7472119163
2032,Agri04_toGrassland,DED,109837.54798317126
2032,Agri04_toGrassland,DEF,82459.88839055419
2032,Agri04_toGrassland,DEG,65927.0910412609
2032,Agri05_Agroforestry,DE1,6061941.585908206
2032,Agri05_Agroforestry,DE2,7925503.329736415
2032,Agri05_Agroforestry,DE3,30737.172992133637
2032,Agri05_Agroforestry,DE4,6153046.759639986
2032,Agri05_Agroforestry,DE5,252335.13844117007
2032,Agri05_Agroforestry,DE6,204270.45107879222
2032,Agri05_Agroforestry,DE7,1547259.8676105563
2032,Agri05_Agroforestry,DE8,5934919.905480104
2032,Agri05_Agroforestry,DE9,7275578.245096629
2032,Agri05_Agroforestry,DEA,6082736.21449324
2032,Agri05_Agroforestry,DEB,3892661.4285219624
2032,Agri05_Agroforestry,DEC,1124331.6193824988
2032,Agri05_Agroforestry,DEE,4402968.542349634
2032,Agri05_Agroforestry,DED,4038265.1885885876
2032,Agri05_Agroforestry,DEF,1087062.8777557022
2032,Agri05_Agroforestry,DEG,869375.9503465416
2032,Agri06_Biochar,DE1,0.0
2032,Agri06_Biochar,DE2,0.0
2032,Agri06_Biochar,DE3,0.0
2032,Agri06_Biochar,DE4,0.0
2032,Agri06_Biochar,DE5,0.0
2032,Agri06_Biochar,DE6,0.0
2032,Agri06_Biochar,DE7,0.0
2032,Agri06_Biochar,DE8,0.0
2032,Agri06_Biochar,DE9,0.0
2032,Agri06_Biochar,DEA,0.0
2032,Agri06_Biochar,DEB,0.0
2032,Agri06_Biochar,DEC,0.0
2032,Agri06_Biochar,DEE,0.0
2032,Agri06_Biochar,DED,0.0
2032,Agri06_Biochar,DEF,0.0
2032,Agri06_Biochar,DEG,0.0
2033,Agri01_AGC,DE1,11069221.763888799
2033,Agri01_AGC,DE2,22577318.253128633
2033,Agri01_AGC,DE3,38390.97787560612
2033,Agri01_AGC,DE4,10059912.955829937
2033,Agri01_AGC,DE5,123430.79268765476
2033,Agri01_AGC,DE6,171936.00872725403
2033,Agri01_AGC,DE7,5341545.623564432
2033,Agri01_AGC,DE8,10690720.606056593
2033,Agri01_AGC,DE9,19351342.986499984
2033,Agri01_AGC,DEA,11325623.129066229
2033,Agri01_AGC,DEB,5997199.345598678
2033,Agri01_AGC,DEC,1042349.5845692001
2033,Agri01_AGC,DEE,8566310.88487184
2033,Agri01_AGC,DED,6990239.150656081
2033,Agri01_AGC,DEF,5751210.6437829565
2033,Agri01_AGC,DEG,4598152.728218615
2033,Agri02_OFC,DE1,5123386.255412076
2033,Agri02_OFC,DE2,8322399.522258517
2033,Agri02_OFC,DE3,2418768.778316622
2033,Agri02_OFC,DE4,4916119.949918556
2033,Agri02_OFC,DE5,1128832.039518689
2033,Agri02_OFC,DE6,132905.37948776616
2033,Agri02_OFC,DE7,1879000.0036900889
2033,Agri02_OFC,DE8,4964307.365452294
2033,Agri02_OFC,DE9,7265698.145202571
2033,Agri02_OFC,DEA,5218050.679917377
2033,Agri02_OFC,DEB,3062551.38112632
2033,Agri02_OFC,DEC,1782988.3370200759
2033,Agri02_OFC,DEE,3853463.7248976575
2033,Agri02_OFC,DED,3277609.5983706554
2033,Agri02_OFC,DEF,1864210.7864218708
2033,Agri02_OFC,DEG,1490526.6994270375
2033,Agri03_No-till,DE1,0.0
2033,Agri03_No-till,DE2,0.0
2033,Agri03_No-till,DE3,0.0
2033,Agri03_No-till,DE4,0.0
2033,Agri03_No-till,DE5,0.0
2033,Agri03_No-till,DE6,0.0
2033,Agri03_No-till,DE7,0.0
2033,Agri03_No-till,DE8,0.0
2033,Agri03_No-till,DE9,0.0
2033,Agri03_No-till,DEA,0.0
2033,Agri03_No-till,DEB,0.0
2033,Agri03_No-till,DEC,0.0
2033,Agri03_No-till,DEE,0.0
2033,Agri03_No-till,DED,0.0
2033,Agri03_No-till,DEF,0.0
2033,Agri03_No-till,DEG,0.0
2033,Agri04_toGrassland,DE1,189655.63849602587
2033,Agri04_toGrassland,DE2,336991.91198329953
2033,Agri04_toGrassland,DE3,65089.64672174924
2033,Agri04_toGrassland,DE4,176921.53650176188
2033,Agri04_toGrassland,DE5,30668.17945174611
2033,Agri04_toGrassland,DE6,4129.915707763321
2033,Agri04_toGrassland,DE7,79728.58655972408
2033,Agri04_toGrassland,DE8,182845.93098283943
2033,Agri04_toGrassland,DE9,288840.5965381459
2033,Agri04_toGrassland,DEA,194532.5328369321
2033,Agri04_toGrassland,DEB,109319.02059676744
2033,Agri04_toGrassland,DEC,50777.69904299203
2033,Agri04_toGrassland,DEE,144999.96914283614
2033,Agri04_toGrassland,DED,118918.06758937165
2033,Agri04_toGrassland,DEF,85843.29854138232
2033,Agri04_toGrassland,DEG,68632.61004255411
2033,Agri05_Agroforestry,DE1,7203367.087761313
2033,Agri05_Agroforestry,DE2,9246148.495386014
2033,Agri05_Agroforestry,DE3,31749.344833910705
2033,Agri05_Agroforestry,DE4,7341677.616560534
2033,Agri05_Agroforestry,DE5,260644.50774739857
2033,Agri05_Agroforestry,DE6,210997.05533553267
2033,Agri05_Agroforestry,DE7,1778205.0460844205
2033,Agri05_Agroforestry,DE8,7057895.927135851
2033,Agri05_Agroforestry,DE9,8527486.04896339
2033,Agri05_Agroforestry,DEA,7219927.804424473
2033,Agri05_Agroforestry,DEB,4649666.430136849
2033,Agri05_Agroforestry,DEC,1161355.7401840386
2033,Agri05_Agroforestry,DEE,5218044.923425705
2033,Agri05_Agroforestry,DED,4812961.0142315095
2033,Agri05_Agroforestry,DEF,1191802.3429980364
2033,Agri05_Agroforestry,DEG,953180.3550402418
2033,Agri06_Biochar,DE1,0.0
2033,Agri06_Biochar,DE2,0.0
2033,Agri06_Biochar,DE3,0.0
2033,Agri06_Biochar,DE4,0.0
2033,Agri06_Biochar,DE5,0.0
2033,Agri06_Biochar,DE6,0.0
2033,Agri06_Biochar,DE7,0.0
2033,Agri06_Biochar,DE8,0.0
2033,Agri06_Biochar,DE9,0.0
2033,Agri06_Biochar,DEA,0.0
2033,Agri06_Biochar,DEB,0.0
2033,Agri06_Biochar,DEC,0.0
2033,Agri06_Biochar,DEE,0.0
2033,Agri06_Biochar,DED,0.0
2033,Agri06_Biochar,DEF,0.0
2033,Agri06_Biochar,DEG,0.0
2034,Agri01_AGC,DE1,11546527.99335857
2034,Agri01_AGC,DE2,22901798.054138057
2034,Agri01_AGC,DE3,36189.776719336274
2034,Agri01_AGC,DE4,10582890.709519485
2034,Agri01_AGC,DE5,116353.71315965433
2034,Agri01_AGC,DE6,191115.77828423164
2034,Agri01_AGC,DE7,5377205.538700935
2034,Agri01_AGC,DE8,11161168.014217228
2034,Agri01_AGC,DE9,19689965.149847705
2034,Agri01_AGC,DEA,11799882.881274147
2034,Agri01_AGC,DEB,6344264.932223728
2034,Agri01_AGC,DEC,982584.9930491438
2034,Agri01_AGC,DEE,8896255.0310713
2034,Agri01_AGC,DED,7316432.72256378
2034,Agri01_AGC,DEF,5717018.0045307465
2034,Agri01_AGC,DEG,4570847.693916804
2034,Agri02_OFC,DE1,5589666.835020244
2034,Agri02_OFC,DE2,8951097.602069214
2034,Agri02_OFC,DE3,2747732.8878161972
2034,Agri02_OFC,DE4,5386069.5979542
2034,Agri02_OFC,DE5,1281062.9868443392
2034,Agri02_OFC,DE6,148517.60455613025
2034,Agri02_OFC,DE7,2004724.0791850698
2034,Agri02_OFC,DE8,5420210.029959552
2034,Agri02_OFC,DE9,7838445.007047172
2034,Agri02_OFC,DEA,5686836.177783168
2034,Agri02_OFC,DEB,3359301.331734971
2034,Agri02_OFC,DEC,2013031.7652397866
2034,Agri02_OFC,DEE,4193689.8141350644
2034,Agri02_OFC,DED,3586639.80375173
2034,Agri02_OFC,DEF,1958931.2524816478
2034,Agri02_OFC,DEG,1566274.804257755
2034,Agri03_No-till,DE1,0.0
2034,Agri03_No-till,DE2,0.0
2034,Agri03_No-till,DE3,0.0
2034,Agri03_No-till,DE4,0.0
2034,Agri03_No-till,DE5,0.0
2034,Agri03_No-till,DE6,0.0
2034,Agri03_No-till,DE7,0.0
2034,Agri03_No-till,DE8,0.0
2034,Agri03_No-till,DE9,0.0
2034,Agri03_No-till,DEA,0.0
2034,Agri03_No-till,DEB,0.0
2034,Agri03_No-till,DEC,0.0
2034,Agri03_No-till,DEE,0.0
2034,Agri03_No-till,DED,0.0
2034,Agri03_No-till,DEF,0.0
2034,Agri03_No-till,DEG,0.0
2034,Agri04_toGrassland,DE1,203236.53572046204
2034,Agri04_toGrassland,DE2,355582.7675076384
2034,Agri04_toGrassland,DE3,74434.85636155917
2034,Agri04_toGrassland,DE4,190560.3951807427
2034,Agri04_toGrassland,DE5,34994.63658639553
2034,Agri04_toGrassland,DE6,4577.005593242985
2034,Agri04_toGrassland,DE7,83488.71221328402
2034,Agri04_toGrassland,DE8,196115.66253022704
2034,Agri04_toGrassland,DE9,305714.52440376114
2034,Agri04_toGrassland,DEA,208199.650490068
2034,Agri04_toGrassland,DEB,117923.04122734234
2034,Agri04_toGrassland,DEC,57330.85476416228
2034,Agri04_toGrassland,DEE,154932.14324572103
2034,Agri04_toGrassland,DED,127895.5900937075
2034,Agri04_toGrassland,DEF,88764.78078867373
2034,Agri04_toGrassland,DEG,70968.86755427357
2034,Agri05_Agroforestry,DE1,8471519.194454573
2034,Agri05_Agroforestry,DE2,10694278.47174543
2034,Agri05_Agroforestry,DE3,32761.516675687788
2034,Agri05_Agroforestry,DE4,8665626.295170106
2034,Agri05_Agroforestry,DE5,268953.87705362716
2034,Agri05_Agroforestry,DE6,217723.6595922732
2034,Agri05_Agroforestry,DE7,2028057.774534436
2034,Agri05_Agroforestry,DE8,8306159.797962223
2034,Agri05_Agroforestry,DE9,9905227.160194302
2034,Agri05_Agroforestry,DEA,8482467.383842848
2034,Agri05_Agroforestry,DEB,5493398.077812942
2034,Agri05_Agroforestry,DEC,1198379.8609855787
2034,Agri05_Agroforestry,DEE,5945195.994800096
2034,Agri05_Agroforestry,DED,5675263.354843878
2034,Agri05_Agroforestry,DEF,1297027.7200954105
2034,Agri05_Agroforestry,DEG,1037382.1038199464
2034,Agri06_Biochar,DE1,0.0
2034,Agri06_Biochar,DE2,0.0
2034,Agri06_Biochar,DE3,0.0
2034,Agri06_Biochar,DE4,0.0
2034,Agri06_Biochar,DE5,0.0
2034,Agri06_Biochar,DE6,0.0
2034,Agri06_Biochar,DE7,0.0
2034,Agri06_Biochar,DE8,0.0
2034,Agri06_Biochar,DE9,0.0
2034,Agri06_Biochar,DEA,0.0
2034,Agri06_Biochar,DEB,0.0
2034,Agri06_Biochar,DEC,0.0
2034,Agri06_Biochar,DEE,0.0
2034,Agri06_Biochar,DED,0.0
2034,Agri06_Biochar,DEF,0.0
2034,Agri06_Biochar,DEG,0.0
2035,Agri01_AGC,DE1,11914138.736097572
2035,Agri01_AGC,DE2,23026896.27974806
2035,Agri01_AGC,DE3,33988.57556306643
2035,Agri01_AGC,DE4,11004320.350687794
2035,Agri01_AGC,DE5,109276.63363165391
2035,Agri01_AGC,DE6,179491.38293625234
2035,Agri01_AGC,DE7,5365179.270213091
2035,Agri01_AGC,DE8,11526000.922304684
2035,Agri01_AGC,DE9,19858452.062404204
2035,Agri01_AGC,DEA,12161414.30064175
2035,Agri01_AGC,DEB,6628726.83117434
2035,Agri01_AGC,DEC,922820.4015290876
2035,Agri01_AGC,DEE,9141968.524341417
2035,Agri01_AGC,DED,7574217.485111074
2035,Agri01_AGC,DEF,5630573.112824981
2035,Agri01_AGC,DEG,4501766.845164249
2035,Agri02_OFC,DE1,5979140.847684454
2035,Agri02_OFC,DE2,9440732.20967734
2035,Agri02_OFC,DE3,3052525.7588268
2035,Agri02_OFC,DE4,5784822.873343802
2035,Agri02_OFC,DE5,1421869.370003745
2035,Agri02_OFC,DE6,162528.01994004732
2035,Agri02_OFC,DE7,2097249.0355164697
2035,Agri02_OFC,DE8,5802146.369521341
2035,Agri02_OFC,DE9,8292437.524708361
2035,Agri02_OFC,DEA,6076717.180033061
2035,Agri02_OFC,DEB,3612141.894834079
2035,Agri02_OFC,DEC,2223874.2743331846
2035,Agri02_OFC,DEE,4474983.214651163
2035,Agri02_OFC,DED,3847726.5541181397
2035,Agri02_OFC,DEF,2017379.8244472744
2035,Agri02_OFC,DEG,1613023.3870853642
2035,Agri03_No-till,DE1,0.0
2035,Agri03_No-till,DE2,0.0
2035,Agri03_No-till,DE3,0.0
2035,Agri03_No-till,DE4,0.0
2035,Agri03_No-till,DE5,0.0
2035,Agri03_No-till,DE6,0.0
2035,Agri03_No-till,DE7,0.0
2035,Agri03_No-till,DE8,0.0
2035,Agri03_No-till,DE9,0.0
2035,Agri03_No-till,DEA,0.0
2035,Agri03_No-till,DEB,0.0
2035,Agri03_No-till,DEC,0.0
2035,Agri03_No-till,DEE,0.0
2035,Agri03_No-till,DED,0.0
2035,Agri03_No-till,DEF,0.0
2035,Agri03_No-till,DEG,0.0
2035,Agri04_toGrassland,DE1,216547.80278446415
2035,Agri04_toGrassland,DE2,373138.21912935463
2035,Agri04_toGrassland,DE3,84157.86205453913
2035,Agri04_toGrassland,DE4,204045.10514669507
2035,Agri04_toGrassland,DE5,39491.39706308581
2035,Agri04_toGrassland,DE6,5033.421078727038
2035,Agri04_toGrassland,DE7,86939.7861472865
2035,Agri04_toGrassland,DE8,209143.16352180793
2035,Agri04_toGrassland,DE9,321795.319143733
2035,Agri04_toGrassland,DEA,221563.79699294985
2035,Agri04_toGrassland,DEB,126449.54910235449
2035,Agri04_toGrassland,DEC,64104.71398236641
2035,Agri04_toGrassland,DEE,164612.88862346698
2035,Agri04_toGrassland,DED,136750.43840486926
2035,Agri04_toGrassland,DEF,91240.3477426063
2035,Agri04_toGrassland,DEG,72948.66156224073
2035,Agri05_Agroforestry,DE1,9872577.880551722
2035,Agri05_Agroforestry,DE2,12275447.040620442
2035,Agri05_Agroforestry,DE3,33773.68851746485
2035,Agri05_Agroforestry,DE4,10131607.813513577
2035,Agri05_Agroforestry,DE5,277263.24635985564
2035,Agri05_Agroforestry,DE6,224450.26384901363
2035,Agri05_Agroforestry,DE7,2297506.8074223152
2035,Agri05_Agroforestry,DE8,9685842.451698003
2035,Agri05_Agroforestry,DE9,11414482.02541875
2035,Agri05_Agroforestry,DEA,9876436.217350876
2035,Agri05_Agroforestry,DEB,6428178.56880825
2035,Agri05_Agroforestry,DEC,1235403.9817871181
2035,Agri05_Agroforestry,DEE,6128873.693221429
2035,Agri05_Agroforestry,DED,6629499.747372089
2035,Agri05_Agroforestry,DEF,1402376.6200905177
2035,Agri05_Agroforestry,DEG,1121691.9547426065
2035,Agri06_Biochar,DE1,0.0
2035,Agri06_Biochar,DE2,0.0
2035,Agri06_Biochar,DE3,0.0
2035,Agri06_Biochar,DE4,0.0
2035,Agri06_Biochar,DE5,0.0
2035,Agri06_Biochar,DE6,0.0
2035,Agri06_Biochar,DE7,0.0
2035,Agri06_Biochar,DE8,0.0
2035,Agri06_Biochar,DE9,0.0
2035,Agri06_Biochar,DEA,0.0
2035,Agri06_Biochar,DEB,0.0
2035,Agri06_Biochar,DEC,0.0
2035,Agri06_Biochar,DEE,0.0
2035,Agri06_Biochar,DED,0.0
2035,Agri06_Biochar,DEF,0.0
2035,Agri06_Biochar,DEG,0.0
2036,Agri01_AGC,DE1,12167085.289712423
2036,Agri01_AGC,DE2,22953086.243098553
2036,Agri01_AGC,DE3,31787.37440679659
2036,Agri01_AGC,DE4,11317938.544512017
2036,Agri01_AGC,DE5,102199.5541036535
2036,Agri01_AGC,DE6,167866.98758827307
2036,Agri01_AGC,DE7,5306650.387368976
2036,Agri01_AGC,DE8,11780132.764275117
2036,Agri01_AGC,DE9,19855632.1792046
2036,Agri01_AGC,DEA,12405562.47768414
2036,Agri01_AGC,DEB,6846418.409074398
2036,Agri01_AGC,DEC,863055.8100090314
2036,Agri01_AGC,DEE,9300409.780955391
2036,Agri01_AGC,DED,7759702.279003848
2036,Agri01_AGC,DEF,5495042.474117943
2036,Agri01_AGC,DEG,4393440.993079904
2036,Agri02_OFC,DE1,6288342.082972853
2036,Agri02_OFC,DE2,9791633.532486614
2036,Agri02_OFC,DE3,3326471.502469008
2036,Agri02_OFC,DE4,6108010.418701414
2036,Agri02_OFC,DE5,1548195.5653252911
2036,Agri02_OFC,DE6,174683.8772210019
2036,Agri02_OFC,DE7,2157400.5410014912
2036,Agri02_OFC,DE8,6106567.950988003
2036,Agri02_OFC,DE9,8626858.418128463
2036,Agri02_OFC,DEA,6384446.380924339
2036,Agri02_OFC,DEB,3818166.390383149
2036,Agri02_OFC,DEC,2411171.3238710486
2036,Agri02_OFC,DEE,4695222.09092261
2036,Agri02_OFC,DED,4058155.342568607
2036,Agri02_OFC,DEF,2041765.4843350276
2036,Agri02_OFC,DEG,1632537.9639756395
2036,Agri03_No-till,DE1,0.0
2036,Agri03_No-till,DE2,0.0
2036,Agri03_No-till,DE3,0.0
2036,Agri03_No-till,DE4,0.0
2036,Agri03_No-till,DE5,0.0
2036,Agri03_No-till,DE6,0.0
2036,Agri03_No-till,DE7,0.0
2036,Agri03_No-till,DE8,0.0
2036,Agri03_No-till,DE9,0.0
2036,Agri03_No-till,DEA,0.0
2036,Agri03_No-till,DEB,0.0
2036,Agri03_No-till,DEC,0.0
2036,Agri03_No-till,DEE,0.0
2036,Agri03_No-till,DED,0.0
2036,Agri03_No-till,DEF,0.0
2036,Agri03_No-till,DEG,0.0
2036,Agri04_toGrassland,DE1,229564.31360007366
2036,Agri04_toGrassland,DE2,389660.660332027
2036,Agri04_toGrassland,DE3,94210.27119023354
2036,Agri04_toGrassland,DE4,217343.99352223316
2036,Agri04_toGrassland,DE5,44136.311081436776
2036,Agri04_toGrassland,DE6,5497.330025307629
2036,Agri04_toGrassland,DE7,90087.79351905838
2036,Agri04_toGrassland,DE8,221902.71184832588
2036,Agri04_toGrassland,DE9,337077.056406087
2036,Agri04_toGrassland,DEA,234601.43306793598
2036,Agri04_toGrassland,DEB,134877.4740935469
2036,Agri04_toGrassland,DEC,71067.78371496238
2036,Agri04_toGrassland,DEE,174026.82437897005
2036,Agri04_toGrassland,DED,145462.9354315475
2036,Agri04_toGrassland,DEF,93286.01201335796
2036,Agri04_toGrassland,DEG,74584.79005227693
2036,Agri05_Agroforestry,DE1,11412723.120616516
2036,Agri05_Agroforestry,DE2,13995207.98381685
2036,Agri05_Agroforestry,DE3,34785.86035924193
2036,Agri05_Agroforestry,DE4,11746337.189635843
2036,Agri05_Agroforestry,DE5,285572.6156660842
2036,Agri05_Agroforestry,DE6,231176.86810575417
2036,Agri05_Agroforestry,DE7,2587240.899209774
2036,Agri05_Agroforestry,DE8,11203074.82208199
2036,Agri05_Agroforestry,DE9,13060931.091266133
2036,Agri05_Agroforestry,DEA,11407915.56955108
2036,Agri05_Agroforestry,DEB,7458330.100380793
2036,Agri05_Agroforestry,DEC,1272428.1025886582
2036,Agri05_Agroforestry,DEE,6312551.391642765
2036,Agri05_Agroforestry,DED,7032656.413815725
2036,Agri05_Agroforestry,DEF,1507486.6540260543
2036,Agri05_Agroforestry,DEG,1205820.665865175
2036,Agri06_Biochar,DE1,0.0
2036,Agri06_Biochar,DE2,0.0
2036,Agri06_Biochar,DE3,0.0
2036,Agri06_Biochar,DE4,0.0
2036,Agri06_Biochar,DE5,0.0
2036,Agri06_Biochar,DE6,0.0
2036,Agri06_Biochar,DE7,0.0
2036,Agri06_Biochar,DE8,0.0
2036,Agri06_Biochar,DE9,0.0
2036,Agri06_Biochar,DEA,0.0
2036,Agri06_Biochar,DEB,0.0
2036,Agri06_Biochar,DEC,0.0
2036,Agri06_Biochar,DEE,0.0
2036,Agri06_Biochar,DED,0.0
2036,Agri06_Biochar,DEF,0.0
2036,Agri06_Biochar,DEG,0.0
2037,Agri01_AGC,DE1,12300398.951809732
2037,Agri01_AGC,DE2,22680841.25732945
2037,Agri01_AGC,DE3,29586.173250526746
2037,Agri01_AGC,DE4,11517481.956169304
2037,Agri01_AGC,DE5,95122.47457565309
2037,Agri01_AGC,DE6,156242.5922402938
2037,Agri01_AGC,DE7,5202802.459436665
2037,Agri01_AGC,DE8,11918476.974084677
2037,Agri01_AGC,DE9,19680333.955284018
2037,Agri01_AGC,DEA,12527672.502916418
2037,Agri01_AGC,DEB,6993173.032547783
2037,Agri01_AGC,DEC,803291.2184889753
2037,Agri01_AGC,DEE,9368537.217186414
2037,Agri01_AGC,DED,7868995.944947996
2037,Agri01_AGC,DEF,5313592.593861912
2037,Agri01_AGC,DEG,4248400.948782722
2037,Agri02_OFC,DE1,6513804.330453587
2037,Agri02_OFC,DE2,10004131.757900743
2037,Agri02_OFC,DE3,3562894.229863396
2037,Agri02_OFC,DE4,6351262.876641079
2037,Agri02_OFC,DE5,1656985.9491373617
2037,Agri02_OFC,DE6,184732.4279804785
2037,Agri02_OFC,DE7,2186004.2639573365
2037,Agri02_OFC,DE8,6329926.341209875
2037,Agri02_OFC,DE9,8840890.407249793
2037,Agri02_OFC,DEA,6606776.474714287
2037,Agri02_OFC,DEB,3974468.1383416886
2037,Agri02_OFC,DEC,2570578.373424157
2037,Agri02_OFC,DEE,4852284.607426062
2037,Agri02_OFC,DED,4215211.662201853
2037,Agri02_OFC,DEF,2034297.2141611837
2037,Agri02_OFC,DEG,1626584.0509943543
2037,Agri03_No-till,DE1,0.0
2037,Agri03_No-till,DE2,0.0
2037,Agri03_No-till,DE3,0.0
2037,Agri03_No-till,DE4,0.0
2037,Agri03_No-till,DE5,0.0
2037,Agri03_No-till,DE6,0.0
2037,Agri03_No-till,DE7,0.0
2037,Agri03_No-till,DE8,0.0
2037,Agri03_No-till,DE9,0.0
2037,Agri03_No-till,DEA,0.0
2037,Agri03_No-till,DEB,0.0
2037,Agri03_No-till,DEC,0.0
2037,Agri03_No-till,DEE,0.0
2037,Agri03_No-till,DED,0.0
2037,Agri03_No-till,DEF,0.0
2037,Agri03_No-till,DEG,0.0
2037,Agri04_toGrassland,DE1,242260.94207933193
2037,Agri04_toGrassland,DE2,405152.4845992339
2037,Agri04_toGrassland,DE3,104543.69115818673
2037,Agri04_toGrassland,DE4,230425.38742997096
2037,Agri04_toGrassland,DE5,48907.228841068245
2037,Agri04_toGrassland,DE6,5966.900294076903
2037,Agri04_toGrassland,DE7,92938.71948592647
2037,Agri04_toGrassland,DE8,234368.58540052452
2037,Agri04_toGrassland,DE9,351553.8118388485
2037,Agri04_toGrassland,DEA,247289.0194373847
2037,Agri04_toGrassland,DEB,143185.74607266253
2037,Agri04_toGrassland,DEC,78188.57097930812
2037,Agri04_toGrassland,DEE,183158.56961512615
2037,Agri04_toGrassland,DED,154013.40408243253
2037,Agri04_toGrassland,DEF,94917.78621110656
2037,Agri04_toGrassland,DEG,75890.0510102036
2037,Agri05_Agroforestry,DE1,13098134.889212688
2037,Agri05_Agroforestry,DE2,15859115.083140435
2037,Agri05_Agroforestry,DE3,35798.03220101901
2037,Agri05_Agroforestry,DE4,12962583.890206357
2037,Agri05_Agroforestry,DE5,293881.9849723128
2037,Agri05_Agroforestry,DE6,237903.47236249465
2037,Agri05_Agroforestry,DE7,2897948.8043585257
2037,Agri05_Agroforestry,DE8,12345878.965253165
2037,Agri05_Agroforestry,DE9,14850254.80436584
2037,Agri05_Agroforestry,DEA,13082986.705045966
2037,Agri05_Agroforestry,DEB,8588174.869788583
2037,Agri05_Agroforestry,DEC,1309452.2233901983
2037,Agri05_Agroforestry,DEE,6496229.090064099
2037,Agri05_Agroforestry,DED,7237287.16669765
2037,Agri05_Agroforestry,DEF,1611995.4329447134
2037,Agri05_Agroforestry,DEG,1289478.9952446027
2037,Agri06_Biochar,DE1,0.0
2037,Agri06_Biochar,DE2,0.0
2037,Agri06_Biochar,DE3,0.0
2037,Agri06_Biochar,DE4,0.0
2037,Agri06_Biochar,DE5,0.0
2037,Agri06_Biochar,DE6,0.0
2037,Agri06_Biochar,DE7,0.0
2037,Agri06_Biochar,DE8,0.0
2037,Agri06_Biochar,DE9,0.0
2037,Agri06_Biochar,DEA,0.0
2037,Agri06_Biochar,DEB,0.0
2037,Agri06_Biochar,DEC,0.0
2037,Agri06_Biochar,DEE,0.0
2037,Agri06_Biochar,DED,0.0
2037,Agri06_Biochar,DEF,0.0
2037,Agri06_Biochar,DEG,0.0
2038,Agri01_AGC,DE1,12309111.019996103
2038,Agri01_AGC,DE2,22210634.635580648
2038,Agri01_AGC,DE3,27384.9720942569
2038,Agri01_AGC,DE4,11596687.25083681
2038,Agri01_AGC,DE5,88045.39504765267
2038,Agri01_AGC,DE6,144618.19689231447
2038,Agri01_AGC,DE7,5054819.055684234
2038,Agri01_AGC,DE8,11935946.985689515
2038,Agri01_AGC,DE9,19331385.845677562
2038,Agri01_AGC,DEA,12523089.466853675
2038,Agri01_AGC,DEB,6992517.994579048
2038,Agri01_AGC,DEC,743526.6269689191
2038,Agri01_AGC,DEE,9343309.24930768
2038,Agri01_AGC,DED,7898207.3236494055
2038,Agri01_AGC,DEF,5089389.977509172
2038,Agri01_AGC,DEG,4069177.523391658
2038,Agri02_OFC,DE1,6652061.379694794
2038,Agri02_OFC,DE2,10078557.073323436
2038,Agri02_OFC,DE3,3755118.0521305385
2038,Agri02_OFC,DE4,6510210.889776843
2038,Agri02_OFC,DE5,1745184.897768341
2038,Agri02_OFC,DE6,192420.9237999616
2038,Agri02_OFC,DE7,2183885.8727012067
2038,Agri02_OFC,DE8,6468673.107037294
2038,Agri02_OFC,DE9,8933716.212014673
2038,Agri02_OFC,DEA,6740460.155660181
2038,Agri02_OFC,DEB,4078140.4586692015
2038,Agri02_OFC,DEC,2697750.882563286
2038,Agri02_OFC,DEE,4944048.928638176
2038,Agri02_OFC,DED,4316181.006116595
2038,Agri02_OFC,DEF,1997183.9959420185
2038,Agri02_OFC,DEG,1596927.1642072818
2038,Agri03_No-till,DE1,0.0
2038,Agri03_No-till,DE2,0.0
2038,Agri03_No-till,DE3,0.0
2038,Agri03_No-till,DE4,0.0
2038,Agri03_No-till,DE5,0.0
2038,Agri03_No-till,DE6,0.0
2038,Agri03_No-till,DE7,0.0
2038,Agri03_No-till,DE8,0.0
2038,Agri03_No-till,DE9,0.0
2038,Agri03_No-till,DEA,0.0
2038,Agri03_No-till,DEB,0.0
2038,Agri03_No-till,DEC,0.0
2038,Agri03_No-till,DEE,0.0
2038,Agri03_No-till,DED,0.0
2038,Agri03_No-till,DEF,0.0
2038,Agri03_No-till,DEG,0.0
2038,Agri04_toGrassland,DE1,254612.56213428042
2038,Agri04_toGrassland,DE2,419616.0854145538
2038,Agri04_toGrassland,DE3,115109.72934794307
2038,Agri04_toGrassland,DE4,243257.6139925226
2038,Agri04_toGrassland,DE5,53782.000541600035
2038,Agri04_toGrassland,DE6,6440.299746127008
2038,Agri04_toGrassland,DE7,95498.54920521763
2038,Agri04_toGrassland,DE8,246515.06206914753
2038,Agri04_toGrassland,DE9,365219.661090043
2038,Agri04_toGrassland,DEA,259603.01682365432
2038,Agri04_toGrassland,DEB,151353.29491144448
2038,Agri04_toGrassland,DEC,85435.58279276152
2038,Agri04_toGrassland,DEE,191992.74343483135
2038,Agri04_toGrassland,DED,162382.16726621488
2038,Agri04_toGrassland,DEF,96151.68294602999
2038,Agri04_toGrassland,DEG,76877.24242184212
2038,Agri05_Agroforestry,DE1,14934993.16090399
2038,Agri05_Agroforestry,DE2,17872722.120396987
2038,Agri05_Agroforestry,DE3,36810.20404279609
2038,Agri05_Agroforestry,DE4,13329094.606121257
2038,Agri05_Agroforestry,DE5,302191.3542785414
2038,Agri05_Agroforestry,DE6,244630.0766192352
2038,Agri05_Agroforestry,DE7,3230319.277330285
2038,Agri05_Agroforestry,DE8,12694952.651215756
2038,Agri05_Agroforestry,DE9,16788133.61134727
2038,Agri05_Agroforestry,DEA,14907730.888438057
2038,Agri05_Agroforestry,DEB,9665402.582521036
2038,Agri05_Agroforestry,DEC,1346476.3441917384
2038,Agri05_Agroforestry,DEE,6679906.788485435
2038,Agri05_Agroforestry,DED,7441917.919579578
2038,Agri05_Agroforestry,DEF,1715540.56788919
2038,Agri05_Agroforestry,DEG,1372377.7009378423
2038,Agri06_Biochar,DE1,0.0
2038,Agri06_Biochar,DE2,0.0
2038,Agri06_Biochar,DE3,0.0
2038,Agri06_Biochar,DE4,0.0
2038,Agri06_Biochar,DE5,0.0
2038,Agri06_Biochar,DE6,0.0
2038,Agri06_Biochar,DE7,0.0
2038,Agri06_Biochar,DE8,0.0
2038,Agri06_Biochar,DE9,0.0
2038,Agri06_Biochar,DEA,0.0
2038,Agri06_Biochar,DEB,0.0
2038,Agri06_Biochar,DEC,0.0
2038,Agri06_Biochar,DEE,0.0
2038,Agri06_Biochar,DED,0.0
2038,Agri06_Biochar,DEF,0.0
2038,Agri06_Biochar,DEG,0.0
2039,Agri01_AGC,DE1,12188252.791878155
2039,Agri01_AGC,DE2,21542939.690992065
2039,Agri01_AGC,DE3,25183.770937987054
2039,Agri01_AGC,DE4,10664546.757956954
2039,Agri01_AGC,DE5,80968.31551965224
2039,Agri01_AGC,DE6,132993.80154433518
2039,Agri01_AGC,DE7,4863883.745379758
2039,Agri01_AGC,DE8,11765601.783841444
2039,Agri01_AGC,DE9,18807616.305420358
2039,Agri01_AGC,DEA,12387158.460011015
2039,Agri01_AGC,DEB,6430460.138835129
2039,Agri01_AGC,DEC,683762.0354488628
2039,Agri01_AGC,DEE,9221684.293592386
2039,Agri01_AGC,DED,7339219.262053306
2039,Agri01_AGC,DEF,4825601.130512002
2039,Agri01_AGC,DEG,3858301.5280256676
2039,Agri02_OFC,DE1,6699647.020264625
2039,Agri02_OFC,DE2,10015239.666158414
2039,Agri02_OFC,DE3,3896467.0803910145
2039,Agri02_OFC,DE4,6580485.100722757
2039,Agri02_OFC,DE5,1809736.7875466142
2039,Agri02_OFC,DE6,197496.6162609359
2039,Agri02_OFC,DE7,2151871.0355503047
2039,Agri02_OFC,DE8,6519259.815320601
2039,Agri02_OFC,DE9,8904518.552365426
2039,Agri02_OFC,DEA,6782250.118019311
2039,Agri02_OFC,DEB,4126276.6713251974
2039,Agri02_OFC,DEC,2788344.3108592164
2039,Agri02_OFC,DEE,4968393.2190356115
2039,Agri02_OFC,DED,4358348.8674115585
2039,Agri02_OFC,DEF,1932634.81169381
2039,Agri02_OFC,DEG,1545332.8196801967
2039,Agri03_No-till,DE1,0.0
2039,Agri03_No-till,DE2,0.0
2039,Agri03_No-till,DE3,0.0
2039,Agri03_No-till,DE4,0.0
2039,Agri03_No-till,DE5,0.0
2039,Agri03_No-till,DE6,0.0
2039,Agri03_No-till,DE7,0.0
2039,Agri03_No-till,DE8,0.0
2039,Agri03_No-till,DE9,0.0
2039,Agri03_No-till,DEA,0.0
2039,Agri03_No-till,DEB,0.0
2039,Agri03_No-till,DEC,0.0
2039,Agri03_No-till,DEE,0.0
2039,Agri03_No-till,DED,0.0
2039,Agri03_No-till,DEF,0.0
2039,Agri03_No-till,DEG,0.0
2039,Agri04_toGrassland,DE1,266594.04767696065
2039,Agri04_toGrassland,DE2,433053.8562615655
2039,Agri04_toGrassland,DE3,125859.993149047
2039,Agri04_toGrassland,DE4,255809.00033250224
2039,Agri04_toGrassland,DE5,58738.476382652
2039,Agri04_toGrassland,DE6,6915.696242550092
2039,Agri04_toGrassland,DE7,97773.26783425872
2039,Agri04_toGrassland,DE8,258316.41974493876
2039,Agri04_toGrassland,DE9,378068.6798076961
2039,Agri04_toGrassland,DEA,271519.8859491033
2039,Agri04_toGrassland,DEB,159359.0504816358
2039,Agri04_toGrassland,DEC,92777.3261726806
2039,Agri04_toGrassland,DEE,200513.9649409817
2039,Agri04_toGrassland,DED,170549.54789158504
2039,Agri04_toGrassland,DEF,97003.71482830618
2039,Agri04_toGrassland,DEG,77559.16227301394
2039,Agri05_Agroforestry,DE1,16929477.910254154
2039,Agri05_Agroforestry,DE2,20041582.877392285
2039,Agri05_Agroforestry,DE3,37822.37588457316
2039,Agri05_Agroforestry,DE4,13695605.322036153
2039,Agri05_Agroforestry,DE5,310500.7235847699
2039,Agri05_Agroforestry,DE6,251356.68087597564
2039,Agri05_Agroforestry,DE7,3585041.072586764
2039,Agri05_Agroforestry,DE8,13044026.337178344
2039,Agri05_Agroforestry,DE9,18880247.958839804
2039,Agri05_Agroforestry,DEA,16888229.38432986
2039,Agri05_Agroforestry,DEB,9931172.59352378
2039,Agri05_Agroforestry,DEC,1383500.464993278
2039,Agri05_Agroforestry,DEE,6863584.486906769
2039,Agri05_Agroforestry,DED,7646548.672461503
2039,Agri05_Agroforestry,DEF,1817759.6699021778
2039,Agri05_Agroforestry,DEG,1454227.5410018445
2039,Agri06_Biochar,DE1,0.0
2039,Agri06_Biochar,DE2,0.0
2039,Agri06_Biochar,DE3,0.0
2039,Agri06_Biochar,DE4,0.0
2039,Agri06_Biochar,DE5,0.0
2039,Agri06_Biochar,DE6,0.0
2039,Agri06_Biochar,DE7,0.0
2039,Agri06_Biochar,DE8,0.0
2039,Agri06_Biochar,DE9,0.0
2039,Agri06_Biochar,DEA,0.0
2039,Agri06_Biochar,DEB,0.0
2039,Agri06_Biochar,DEC,0.0
2039,Agri06_Biochar,DEE,0.0
2039,Agri06_Biochar,DED,0.0
2039,Agri06_Biochar,DEF,0.0
2039,Agri06_Biochar,DEG,0.0
2040,Agri01_AGC,DE1,11287582.012407722
2040,Agri01_AGC,DE2,20678229.7367036
2040,Agri01_AGC,DE3,22982.569781717204
2040,Agri01_AGC,DE4,9732406.265077094
2040,Agri01_AGC,DE5,73891.2359916518
2040,Agri01_AGC,DE6,121369.40619635586
2040,Agri01_AGC,DE7,4631180.097791311
2040,Agri01_AGC,DE8,10737222.979309939
2040,Agri01_AGC,DE9,18107853.789547518
2040,Agri01_AGC,DEA,11794051.467219833
2040,Agri01_AGC,DEB,5868402.283091208
2040,Agri01_AGC,DEC,623997.4439288065
2040,Agri01_AGC,DEE,9000620.766313728
2040,Agri01_AGC,DED,6697730.822314465
2040,Agri01_AGC,DEF,4525392.558322684
2040,Agri01_AGC,DEG,3618303.7738037044
2040,Agri02_OFC,DE1,6653095.041731221
2040,Agri02_OFC,DE2,9814509.723809378
2040,Agri02_OFC,DE3,3980265.4257653984
2040,Agri02_OFC,DE4,6557716.152092865
2040,Agri02_OFC,DE5,1847585.9948005653
2040,Agri02_OFC,DE6,199706.75694488574
2040,Agri02_OFC,DE7,2090785.420821832
2040,Agri02_OFC,DE8,6478138.032910133
2040,Agri02_OFC,DE9,8752480.148244368
2040,Agri02_OFC,DEA,6728899.056048954
2040,Agri02_OFC,DEB,4115970.0962691805
2040,Agri02_OFC,DEC,2838014.1178827244
2040,Agri02_OFC,DEE,4923195.643095022
2040,Agri02_OFC,DED,4339000.739185462
2040,Agri02_OFC,DEF,1842858.6434328333
2040,Agri02_OFC,DEG,1473566.5334788722
2040,Agri03_No-till,DE1,0.0
2040,Agri03_No-till,DE2,0.0
2040,Agri03_No-till,DE3,0.0
2040,Agri03_No-till,DE4,0.0
2040,Agri03_No-till,DE5,0.0
2040,Agri03_No-till,DE6,0.0
2040,Agri03_No-till,DE7,0.0
2040,Agri03_No-till,DE8,0.0
2040,Agri03_No-till,DE9,0.0
2040,Agri03_No-till,DEA,0.0
2040,Agri03_No-till,DEB,0.0
2040,Agri03_No-till,DEC,0.0
2040,Agri03_No-till,DEE,0.0
2040,Agri03_No-till,DED,0.0
2040,Agri03_No-till,DEF,0.0
2040,Agri03_No-till,DEG,0.0
2040,Agri04_toGrassland,DE1,260732.20219107336
2040,Agri04_toGrassland,DE2,423531.90776124154
2040,Agri04_toGrassland,DE3,123092.59515526838
2040,Agri04_toGrassland,DE4,250184.29547913128
2040,Agri04_toGrassland,DE5,57446.940147571615
2040,Agri04_toGrassland,DE6,6763.634547420718
2040,Agri04_toGrassland,DE7,95623.43818243853
2040,Agri04_toGrassland,DE8,252636.5819833424
2040,Agri04_toGrassland,DE9,369755.74032762373
2040,Agri04_toGrassland,DEA,265549.7315827614
2040,Agri04_toGrassland,DEB,155855.07828555367
2040,Agri04_toGrassland,DEC,90737.34682821673
2040,Agri04_toGrassland,DEE,196105.0822577836
2040,Agri04_toGrassland,DED,166799.5200641078
2040,Agri04_toGrassland,DEF,94870.80603744822
2040,Agri04_toGrassland,DEG,75853.79852156903
2040,Agri05_Agroforestry,DE1,19087769.111826934
2040,Agri05_Agroforestry,DE2,22371251.135932125
2040,Agri05_Agroforestry,DE3,38834.54772635023
2040,Agri05_Agroforestry,DE4,14062116.037951048
2040,Agri05_Agroforestry,DE5,318810.0928909984
2040,Agri05_Agroforestry,DE6,258083.28513271612
2040,Agri05_Agroforestry,DE7,3962802.9445896787
2040,Agri05_Agroforestry,DE8,13393100.02314093
2040,Agri05_Agroforestry,DE9,21132278.29347284
2040,Agri05_Agroforestry,DEA,17353303.395999346
2040,Agri05_Agroforestry,DEB,10196942.604526524
2040,Agri05_Agroforestry,DEC,1420524.5857948177
2040,Agri05_Agroforestry,DEE,7047262.185328103
2040,Agri05_Agroforestry,DED,7851179.425343428
2040,Agri05_Agroforestry,DEF,1918290.350026372
2040,Agri05_Agroforestry,DEG,1534739.2734935614
2040,Agri06_Biochar,DE1,0.0
2040,Agri06_Biochar,DE2,0.0
2040,Agri06_Biochar,DE3,0.0
2040,Agri06_Biochar,DE4,0.0
2040,Agri06_Biochar,DE5,0.0
2040,Agri06_Biochar,DE6,0.0
2040,Agri06_Biochar,DE7,0.0
2040,Agri06_Biochar,DE8,0.0
2040,Agri06_Biochar,DE9,0.0
2040,Agri06_Biochar,DEA,0.0
2040,Agri06_Biochar,DEB,0.0
2040,Agri06_Biochar,DEC,0.0
2040,Agri06_Biochar,DEE,0.0
2040,Agri06_Biochar,DED,0.0
2040,Agri06_Biochar,DEF,0.0
2040,Agri06_Biochar,DEG,0.0
2041,Agri01_AGC,DE1,10206491.481053485
2041,Agri01_AGC,DE2,19616978.08585519
2041,Agri01_AGC,DE3,20781.36862544737
2041,Agri01_AGC,DE4,8800265.772197241
2041,Agri01_AGC,DE5,66814.15646365141
2041,Agri01_AGC,DE6,109745.01084837661
2041,Agri01_AGC,DE7,4357891.682186974
2041,Agri01_AGC,DE8,9708844.17477844
2041,Agri01_AGC,DE9,17230926.753094178
2041,Agri01_AGC,DEA,10664452.820361705
2041,Agri01_AGC,DEB,5306344.427347291
2041,Agri01_AGC,DEC,564232.8524087504
2041,Agri01_AGC,DEE,8138568.479466465
2041,Agri01_AGC,DED,6056242.382575627
2041,Agri01_AGC,DEF,4191930.7663935036
2041,Agri01_AGC,DEG,3351715.0718447254
2041,Agri02_OFC,DE1,6508939.233662727
2041,Agri02_OFC,DE2,9476697.433680048
2041,Agri02_OFC,DE3,3999837.1993742664
2041,Agri02_OFC,DE4,6437534.686501216
2041,Agri02_OFC,DE5,1855676.895858579
2041,Agri02_OFC,DE6,198798.5974332958
2041,Agri02_OFC,DE7,2001454.696832991
2041,Agri02_OFC,DE8,6341759.326656228
2041,Agri02_OFC,DE9,8476783.719593821
2041,Agri02_OFC,DEA,6577159.664006395
2041,Agri02_OFC,DEB,4044314.053460658
2041,Agri02_OFC,DEC,2842415.763204589
2041,Agri02_OFC,DEE,4806334.365293066
2041,Agri02_OFC,DED,4255422.114537027
2041,Agri02_OFC,DEF,1730064.473175366
2041,Agri02_OFC,DEG,1383393.821669082
2041,Agri03_No-till,DE1,0.0
2041,Agri03_No-till,DE2,0.0
2041,Agri03_No-till,DE3,0.0
2041,Agri03_No-till,DE4,0.0
2041,Agri03_No-till,DE5,0.0
2041,Agri03_No-till,DE6,0.0
2041,Agri03_No-till,DE7,0.0
2041,Agri03_No-till,DE8,0.0
2041,Agri03_No-till,DE9,0.0
2041,Agri03_No-till,DEA,0.0
2041,Agri03_No-till,DEB,0.0
2041,Agri03_No-till,DEC,0.0
2041,Agri03_No-till,DEE,0.0
2041,Agri03_No-till,DED,0.0
2041,Agri03_No-till,DEF,0.0
2041,Agri03_No-till,DEG,0.0
2041,Agri04_toGrassland,DE1,254870.35670518616
2041,Agri04_toGrassland,DE2,414009.9592609177
2041,Agri04_toGrassland,DE3,120325.19716148979
2041,Agri04_toGrassland,DE4,244559.59062576038
2041,Agri04_toGrassland,DE5,56155.40391249123
2041,Agri04_toGrassland,DE6,6611.572852291346
2041,Agri04_toGrassland,DE7,93473.60853061837
2041,Agri04_toGrassland,DE8,246956.74422174605
2041,Agri04_toGrassland,DE9,361442.80084755144
2041,Agri04_toGrassland,DEA,259579.5772164195
2041,Agri04_toGrassland,DEB,152351.1060894716
2041,Agri04_toGrassland,DEC,88697.36748375287
2041,Agri04_toGrassland,DEE,191696.19957458548
2041,Agri04_toGrassland,DED,163049.49223663058
2041,Agri04_toGrassland,DEF,92737.89724659025
2041,Agri04_toGrassland,DEG,74148.43477012413
2041,Agri05_Agroforestry,DE1,21416046.740186073
2041,Agri05_Agroforestry,DE2,24867280.677822296
2041,Agri05_Agroforestry,DE3,39846.71956812731
2041,Agri05_Agroforestry,DE4,14428626.753865944
2041,Agri05_Agroforestry,DE5,327119.46219722694
2041,Agri05_Agroforestry,DE6,264809.8893894566
2041,Agri05_Agroforestry,DE7,4364293.647800744
2041,Agri05_Agroforestry,DE8,13742173.70910352
2041,Agri05_Agroforestry,DE9,23549905.061875775
2041,Agri05_Agroforestry,DEA,17805594.618315477
2041,Agri05_Agroforestry,DEB,10462712.615529269
2041,Agri05_Agroforestry,DEC,1457548.7065963577
2041,Agri05_Agroforestry,DEE,7230939.883749437
2041,Agri05_Agroforestry,DED,8055810.178225354
2041,Agri05_Agroforestry,DEF,2016770.2193044666
2041,Agri05_Agroforestry,DEG,1613623.6564699458
2041,Agri06_Biochar,DE1,0.0
2041,Agri06_Biochar,DE2,0.0
2041,Agri06_Biochar,DE3,0.0
2041,Agri06_Biochar,DE4,0.0
2041,Agri06_Biochar,DE5,0.0
2041,Agri06_Biochar,DE6,0.0
2041,Agri06_Biochar,DE7,0.0
2041,Agri06_Biochar,DE8,0.0
2041,Agri06_Biochar,DE9,0.0
2041,Agri06_Biochar,DEA,0.0
2041,Agri06_Biochar,DEB,0.0
2041,Agri06_Biochar,DEC,0.0
2041,Agri06_Biochar,DEE,0.0
2041,Agri06_Biochar,DED,0.0
2041,Agri06_Biochar,DEF,0.0
2041,Agri06_Biochar,DEG,0.0
2042,Agri01_AGC,DE1,9125400.949699244
2042,Agri01_AGC,DE2,17539111.337838005
2042,Agri01_AGC,DE3,18580.167469177526
2042,Agri01_AGC,DE4,7868125.279317384
2042,Agri01_AGC,DE5,59737.07693565099
2042,Agri01_AGC,DE6,98120.61550039733
2042,Agri01_AGC,DE7,3896295.7025082204
2042,Agri01_AGC,DE8,8680465.370246937
2042,Agri01_AGC,DE9,15405794.993193287
2042,Agri01_AGC,DEA,9534854.173503572
2042,Agri01_AGC,DEB,4744286.571603373
2042,Agri01_AGC,DEC,504468.26088869426
2042,Agri01_AGC,DEE,7276516.192619202
2042,Agri01_AGC,DED,5414753.942836788
2042,Agri01_AGC,DEF,3747913.6751086954
2042,Agri01_AGC,DEG,2996695.187225704
2042,Agri02_OFC,DE1,5801201.507738302
2042,Agri02_OFC,DE2,8446265.891732411
2042,Agri02_OFC,DE3,3564922.1414931547
2042,Agri02_OFC,DE4,5737561.004765035
2042,Agri02_OFC,DE5,1653903.2274959686
2042,Agri02_OFC,DE6,177182.59178113786
2042,Agri02_OFC,DE7,1783830.1431497266
2042,Agri02_OFC,DE8,5652199.605312506
2042,Agri02_OFC,DE9,7555075.9854316525
2042,Agri02_OFC,DEA,5862004.113072434
2042,Agri02_OFC,DEB,3604562.8853567657
2042,Agri02_OFC,DEC,2533350.8301693895
2042,Agri02_OFC,DEE,4283726.297893617
2042,Agri02_OFC,DED,3792716.4935327605
2042,Agri02_OFC,DEF,1541949.0442257002
2042,Agri02_OFC,DEG,1232972.9985121533
2042,Agri03_No-till,DE1,0.0
2042,Agri03_No-till,DE2,0.0
2042,Agri03_No-till,DE3,0.0
2042,Agri03_No-till,DE4,0.0
2042,Agri03_No-till,DE5,0.0
2042,Agri03_No-till,DE6,0.0
2042,Agri03_No-till,DE7,0.0
2042,Agri03_No-till,DE8,0.0
2042,Agri03_No-till,DE9,0.0
2042,Agri03_No-till,DEA,0.0
2042,Agri03_No-till,DEB,0.0
2042,Agri03_No-till,DEC,0.0
2042,Agri03_No-till,DEE,0.0
2042,Agri03_No-till,DED,0.0
2042,Agri03_No-till,DEF,0.0
2042,Agri03_No-till,DEG,0.0
2042,Agri04_toGrassland,DE1,249008.51121929896
2042,Agri04_toGrassland,DE2,404488.01076059387
2042,Agri04_toGrassland,DE3,117557.7991677112
2042,Agri04_toGrassland,DE4,238934.88577238948
2042,Agri04_toGrassland,DE5,54863.86767741086
2042,Agri04_toGrassland,DE6,6459.511157161974
2042,Agri04_toGrassland,DE7,91323.7788787982
2042,Agri04_toGrassland,DE8,241276.90646014974
2042,Agri04_toGrassland,DE9,353129.8613674792
2042,Agri04_toGrassland,DEA,253609.42285007765
2042,Agri04_toGrassland,DEB,148847.13389338955
2042,Agri04_toGrassland,DEC,86657.38813928902
2042,Agri04_toGrassland,DEE,187287.3168913874
2042,Agri04_toGrassland,DED,159299.46440915336
2042,Agri04_toGrassland,DEF,90604.98845573228
2042,Agri04_toGrassland,DEG,72443.07101867924
2042,Agri05_Agroforestry,DE1,21960049.350878697
2042,Agri05_Agroforestry,DE2,25498950.27462875
2042,Agri05_Agroforestry,DE3,40858.89140990438
2042,Agri05_Agroforestry,DE4,14795137.469780842
2042,Agri05_Agroforestry,DE5,335428.8315034555
2042,Agri05_Agroforestry,DE6,271536.4936461971
2042,Agri05_Agroforestry,DE7,4475153.843757348
2042,Agri05_Agroforestry,DE8,14091247.395066109
2042,Agri05_Agroforestry,DE9,24148111.163620237
2042,Agri05_Agroforestry,DEA,18257885.840631608
2042,Agri05_Agroforestry,DEB,10728482.626532014
2042,Agri05_Agroforestry,DEC,1494572.8273978976
2042,Agri05_Agroforestry,DEE,7414617.582170771
2042,Agri05_Agroforestry,DED,8260440.93110728
2042,Agri05_Agroforestry,DEF,2067999.481071535
2042,Agri05_Agroforestry,DEG,1654612.336240982
2042,Agri06_Biochar,DE1,0.0
2042,Agri06_Biochar,DE2,0.0
2042,Agri06_Biochar,DE3,0.0
2042,Agri06_Biochar,DE4,0.0
2042,Agri06_Biochar,DE5,0.0
2042,Agri06_Biochar,DE6,0.0
2042,Agri06_Biochar,DE7,0.0
2042,Agri06_Biochar,DE8,0.0
2042,Agri06_Biochar,DE9,0.0
2042,Agri06_Biochar,DEA,0.0
2042,Agri06_Biochar,DEB,0.0
2042,Agri06_Biochar,DEC,0.0
2042,Agri06_Biochar,DEE,0.0
2042,Agri06_Biochar,DED,0.0
2042,Agri06_Biochar,DEF,0.0
2042,Agri06_Biochar,DEG,0.0
2043,Agri01_AGC,DE1,8044310.418345003
2043,Agri01_AGC,DE2,15461244.589820825
2043,Agri01_AGC,DE3,16378.966312907682
2043,Agri01_AGC,DE4,6935984.786437527
2043,Agri01_AGC,DE5,52659.997407650575
2043,Agri01_AGC,DE6,86496.22015241803
2043,Agri01_AGC,DE7,3434699.722829466
2043,Agri01_AGC,DE8,7652086.565715435
2043,Agri01_AGC,DE9,13580663.233292399
2043,Agri01_AGC,DEA,8405255.52664544
2043,Agri01_AGC,DEB,4182228.715859453
2043,Agri01_AGC,DEC,444703.6693686381
2043,Agri01_AGC,DEE,6414463.905771937
2043,Agri01_AGC,DED,4773265.503097949
2043,Agri01_AGC,DEF,3303896.583823887
2043,Agri01_AGC,DEG,2641675.302606683
2043,Agri02_OFC,DE1,5093463.781813874
2043,Agri02_OFC,DE2,7415834.34978477
2043,Agri02_OFC,DE3,3130007.083612041
2043,Agri02_OFC,DE4,5037587.32302885
2043,Agri02_OFC,DE5,1452129.5591333574
2043,Agri02_OFC,DE6,155566.58612897986
2043,Agri02_OFC,DE7,1566205.5894664612
2043,Agri02_OFC,DE8,4962639.883968781
2043,Agri02_OFC,DE9,6633368.251269479
2043,Agri02_OFC,DEA,5146848.56213847
2043,Agri02_OFC,DEB,3164811.717252871
2043,Agri02_OFC,DEC,2224285.8971341886
2043,Agri02_OFC,DEE,3761118.230494166
2043,Agri02_OFC,DED,3330010.8725284925
2043,Agri02_OFC,DEF,1353833.6152760338
2043,Agri02_OFC,DEG,1082552.1753552242
2043,Agri03_No-till,DE1,0.0
2043,Agri03_No-till,DE2,0.0
2043,Agri03_No-till,DE3,0.0
2043,Agri03_No-till,DE4,0.0
2043,Agri03_No-till,DE5,0.0
2043,Agri03_No-till,DE6,0.0
2043,Agri03_No-till,DE7,0.0
2043,Agri03_No-till,DE8,0.0
2043,Agri03_No-till,DE9,0.0
2043,Agri03_No-till,DEA,0.0
2043,Agri03_No-till,DEB,0.0
2043,Agri03_No-till,DEC,0.0
2043,Agri03_No-till,DEE,0.0
2043,Agri03_No-till,DED,0.0
2043,Agri03_No-till,DEF,0.0
2043,Agri03_No-till,DEG,0.0
2043,Agri04_toGrassland,DE1,243146.66573341173
2043,Agri04_toGrassland,DE2,394966.06226026994
2043,Agri04_toGrassland,DE3,114790.4011739326
2043,Agri04_toGrassland,DE4,233310.18091901852
2043,Agri04_toGrassland,DE5,53572.33144233047
2043,Agri04_toGrassland,DE6,6307.4494620326
2043,Agri04_toGrassland,DE7,89173.94922697802
2043,Agri04_toGrassland,DE8,235597.06869855334
2043,Agri04_toGrassland,DE9,344816.92188740685
2043,Agri04_toGrassland,DEA,247639.26848373574
2043,Agri04_toGrassland,DEB,145343.16169730746
2043,Agri04_toGrassland,DEC,84617.40879482514
2043,Agri04_toGrassland,DEE,182878.43420818928
2043,Agri04_toGrassland,DED,155549.43658167613
2043,Agri04_toGrassland,DEF,88472.07966487431
2043,Agri04_toGrassland,DEG,70737.70726723435
2043,Agri05_Agroforestry,DE1,22504051.96157132
2043,Agri05_Agroforestry,DE2,26130619.87143521
2043,Agri05_Agroforestry,DE3,41871.06325168146
2043,Agri05_Agroforestry,DE4,15161648.185695741
2043,Agri05_Agroforestry,DE5,343738.2008096841
2043,Agri05_Agroforestry,DE6,278263.0979029376
2043,Agri05_Agroforestry,DE7,4586014.039713954
2043,Agri05_Agroforestry,DE8,14440321.081028698
2043,Agri05_Agroforestry,DE9,24746317.2653647
2043,Agri05_Agroforestry,DEA,18710177.06294774
2043,Agri05_Agroforestry,DEB,10994252.637534762
2043,Agri05_Agroforestry,DEC,1531596.9481994377
2043,Agri05_Agroforestry,DEE,7598295.280592107
2043,Agri05_Agroforestry,DED,8465071.683989206
2043,Agri05_Agroforestry,DEF,2119228.7428386034
2043,Agri05_Agroforestry,DEG,1695601.016012018
2043,Agri06_Biochar,DE1,0.0
2043,Agri06_Biochar,DE2,0.0
2043,Agri06_Biochar,DE3,0.0
2043,Agri06_Biochar,DE4,0.0
2043,Agri06_Biochar,DE5,0.0
2043,Agri06_Biochar,DE6,0.0
2043,Agri06_Biochar,DE7,0.0
2043,Agri06_Biochar,DE8,0.0
2043,Agri06_Biochar,DE9,0.0
2043,Agri06_Biochar,DEA,0.0
2043,Agri06_Biochar,DEB,0.0
2043,Agri06_Biochar,DEC,0.0
2043,Agri06_Biochar,DEE,0.0
2043,Agri06_Biochar,DED,0.0
2043,Agri06_Biochar,DEF,0.0
2043,Agri06_Biochar,DEG,0.0
2044,Agri01_AGC,DE1,6963219.886990763
2044,Agri01_AGC,DE2,13383377.841803642
2044,Agri01_AGC,DE3,14177.765156637837
2044,Agri01_AGC,DE4,6003844.293557671
2044,Agri01_AGC,DE5,45582.91787965016
2044,Agri01_AGC,DE6,74871.82480443874
2044,Agri01_AGC,DE7,2973103.743150712
2044,Agri01_AGC,DE8,6623707.761183932
2044,Agri01_AGC,DE9,11755531.473391509
2044,Agri01_AGC,DEA,7275656.87978731
2044,Agri01_AGC,DEB,3620170.8601155346
2044,Agri01_AGC,DEC,384939.0778485819
2044,Agri01_AGC,DEE,5552411.618924674
2044,Agri01_AGC,DED,4131777.063359109
2044,Agri01_AGC,DEF,2859879.4925390794
2044,Agri01_AGC,DEG,2286655.417987662
2044,Agri02_OFC,DE1,4385726.055889452
2044,Agri02_OFC,DE2,6385402.807837137
2044,Agri02_OFC,DE3,2695092.0257309307
2044,Agri02_OFC,DE4,4337613.641292672
2044,Agri02_OFC,DE5,1250355.8907707476
2044,Agri02_OFC,DE6,133950.58047682198
2044,Agri02_OFC,DE7,1348581.0357831975
2044,Agri02_OFC,DE8,4273080.16262506
2044,Agri02_OFC,DE9,5711660.517107313
2044,Agri02_OFC,DEA,4431693.011204512
2044,Agri02_OFC,DEB,2725060.54914898
2044,Agri02_OFC,DEC,1915220.9640989897
2044,Agri02_OFC,DEE,3238510.1630947185
2044,Agri02_OFC,DED,2867305.251524228
2044,Agri02_OFC,DEF,1165718.1863263687
2044,Agri02_OFC,DEG,932131.352198296
2044,Agri03_No-till,DE1,0.0
2044,Agri03_No-till,DE2,0.0
2044,Agri03_No-till,DE3,0.0
2044,Agri03_No-till,DE4,0.0
2044,Agri03_No-till,DE5,0.0
2044,Agri03_No-till,DE6,0.0
2044,Agri03_No-till,DE7,0.0
2044,Agri03_No-till,DE8,0.0
2044,Agri03_No-till,DE9,0.0
2044,Agri03_No-till,DEA,0.0
2044,Agri03_No-till,DEB,0.0
2044,Agri03_No-till,DEC,0.0
2044,Agri03_No-till,DEE,0.0
2044,Agri03_No-till,DED,0.0
2044,Agri03_No-till,DEF,0.0
2044,Agri03_No-till,DEG,0.0
2044,Agri04_toGrassland,DE1,237284.8202475245
2044,Agri04_toGrassland,DE2,385444.113759946
2044,Agri04_toGrassland,DE3,112023.00318015399
2044,Agri04_toGrassland,DE4,227685.4760656476
2044,Agri04_toGrassland,DE5,52280.795207250085
2044,Agri04_toGrassland,DE6,6155.387766903228
2044,Agri04_toGrassland,DE7,87024.11957515783
2044,Agri04_toGrassland,DE8,229917.230936957
2044,Agri04_toGrassland,DE9,336503.98240733455
2044,Agri04_toGrassland,DEA,241669.11411739385
2044,Agri04_toGrassland,DEB,141839.18950122537
2044,Agri04_toGrassland,DEC,82577.42945036128
2044,Agri04_toGrassland,DEE,178469.55152499117
2044,Agri04_toGrassland,DED,151799.4087541989
2044,Agri04_toGrassland,DEF,86339.17087401634
2044,Agri04_toGrassland,DEG,69032.34351578944
2044,Agri05_Agroforestry,DE1,23048054.572263937
2044,Agri05_Agroforestry,DE2,26762289.468241658
2044,Agri05_Agroforestry,DE3,42883.23509345853
2044,Agri05_Agroforestry,DE4,15528158.901610633
2044,Agri05_Agroforestry,DE5,352047.57011591253
2044,Agri05_Agroforestry,DE6,284989.70215967804
2044,Agri05_Agroforestry,DE7,4696874.235670557
2044,Agri05_Agroforestry,DE8,14789394.766991284
2044,Agri05_Agroforestry,DE9,25344523.36710915
2044,Agri05_Agroforestry,DEA,19162468.285263866
2044,Agri05_Agroforestry,DEB,11260022.648537504
2044,Agri05_Agroforestry,DEC,1568621.069000977
2044,Agri05_Agroforestry,DEE,7781972.97901344
2044,Agri05_Agroforestry,DED,8669702.436871132
2044,Agri05_Agroforestry,DEF,2170458.0046056714
2044,Agri05_Agroforestry,DEG,1736589.6957830535
2044,Agri06_Biochar,DE1,0.0
2044,Agri06_Biochar,DE2,0.0
2044,Agri06_Biochar,DE3,0.0
2044,Agri06_Biochar,DE4,0.0
2044,Agri06_Biochar,DE5,0.0
2044,Agri06_Biochar,DE6,0.0
2044,Agri06_Biochar,DE7,0.0
2044,Agri06_Biochar,DE8,0.0
2044,Agri06_Biochar,DE9,0.0
2044,Agri06_Biochar,DEA,0.0
2044,Agri06_Biochar,DEB,0.0
2044,Agri06_Biochar,DEC,0.0
2044,Agri06_Biochar,DEE,0.0
2044,Agri06_Biochar,DED,0.0
2044,Agri06_Biochar,DEF,0.0
2044,Agri06_Biochar,DEG,0.0
2045,Agri01_AGC,DE1,5882129.355636522
2045,Agri01_AGC,DE2,11305511.09378646
2045,Agri01_AGC,DE3,11976.564000367995
2045,Agri01_AGC,DE4,5071703.8006778145
2045,Agri01_AGC,DE5,38505.83835164974
2045,Agri01_AGC,DE6,63247.42945645945
2045,Agri01_AGC,DE7,2511507.7634719578
2045,Agri01_AGC,DE8,5595328.95665243
2045,Agri01_AGC,DE9,9930399.713490618
2045,Agri01_AGC,DEA,6146058.232929178
2045,Agri01_AGC,DEB,3058113.0043716156
2045,Agri01_AGC,DEC,325174.4863285257
2045,Agri01_AGC,DEE,4690359.33207741
2045,Agri01_AGC,DED,3490288.6236202694
2045,Agri01_AGC,DEF,2415862.401254271
2045,Agri01_AGC,DEG,1931635.5333686408
2045,Agri02_OFC,DE1,3677988.3299650266
2045,Agri02_OFC,DE2,5354971.2658895
2045,Agri02_OFC,DE3,2260176.967849819
2045,Agri02_OFC,DE4,3637639.9595564906
2045,Agri02_OFC,DE5,1048582.222408137
2045,Agri02_OFC,DE6,112334.57482466407
2045,Agri02_OFC,DE7,1130956.4820999329
2045,Agri02_OFC,DE8,3583520.441281338
2045,Agri02_OFC,DE9,4789952.782945143
2045,Agri02_OFC,DEA,3716537.4602705506
2045,Agri02_OFC,DEB,2285309.3810450877
2045,Agri02_OFC,DEC,1606156.0310637902
2045,Agri02_OFC,DEE,2715902.0956952693
2045,Agri02_OFC,DED,2404599.630519962
2045,Agri02_OFC,DEF,977602.7573767032
2045,Agri02_OFC,DEG,781710.5290413674
2045,Agri03_No-till,DE1,0.0
2045,Agri03_No-till,DE2,0.0
2045,Agri03_No-till,DE3,0.0
2045,Agri03_No-till,DE4,0.0
2045,Agri03_No-till,DE5,0.0
2045,Agri03_No-till,DE6,0.0
2045,Agri03_No-till,DE7,0.0
2045,Agri03_No-till,DE8,0.0
2045,Agri03_No-till,DE9,0.0
2045,Agri03_No-till,DEA,0.0
2045,Agri03_No-till,DEB,0.0
2045,Agri03_No-till,DEC,0.0
2045,Agri03_No-till,DEE,0.0
2045,Agri03_No-till,DED,0.0
2045,Agri03_No-till,DEF,0.0
2045,Agri03_No-till,DEG,0.0
2045,Agri04_toGrassland,DE1,231422.97476163728
2045,Agri04_toGrassland,DE2,375922.1652596221
2045,Agri04_toGrassland,DE3,109255.60518637538
2045,Agri04_toGrassland,DE4,222060.77121227665
2045,Agri04_toGrassland,DE5,50989.2589721697
2045,Agri04_toGrassland,DE6,6003.326071773854
2045,Agri04_toGrassland,DE7,84874.28992333765
2045,Agri04_toGrassland,DE8,224237.39317536063
2045,Agri04_toGrassland,DE9,328191.0429272622
2045,Agri04_toGrassland,DEA,235698.95975105194
2045,Agri04_toGrassland,DEB,138335.21730514328
2045,Agri04_toGrassland,DEC,80537.45010589741
2045,Agri04_toGrassland,DEE,174060.66884179306
2045,Agri04_toGrassland,DED,148049.38092672164
2045,Agri04_toGrassland,DEF,84206.26208315836
2045,Agri04_toGrassland,DEG,67326.97976434455
2045,Agri05_Agroforestry,DE1,23592057.18295656
2045,Agri05_Agroforestry,DE2,27393959.065048113
2045,Agri05_Agroforestry,DE3,43895.4069352356
2045,Agri05_Agroforestry,DE4,15894669.617525531
2045,Agri05_Agroforestry,DE5,360356.9394221411
2045,Agri05_Agroforestry,DE6,291716.3064164186
2045,Agri05_Agroforestry,DE7,4807734.431627162
2045,Agri05_Agroforestry,DE8,15138468.452953873
2045,Agri05_Agroforestry,DE9,25942729.468853608
2045,Agri05_Agroforestry,DEA,19614759.507579993
2045,Agri05_Agroforestry,DEB,11525792.659540249
2045,Agri05_Agroforestry,DEC,1605645.1898025172
2045,Agri05_Agroforestry,DEE,7965650.677434774
2045,Agri05_Agroforestry,DED,8874333.189753057
2045,Agri05_Agroforestry,DEF,2221687.26637274
2045,Agri05_Agroforestry,DEG,1777578.3755540897
2045,Agri06_Biochar,DE1,0.0
2045,Agri06_Biochar,DE2,0.0
2045,Agri06_Biochar,DE3,0.0
2045,Agri06_Biochar,DE4,0.0
2045,Agri06_Biochar,DE5,0.0
2045,Agri06_Biochar,DE6,0.0
2045,Agri06_Biochar,DE7,0.0
2045,Agri06_Biochar,DE8,0.0
2045,Agri06_Biochar,DE9,0.0
2045,Agri06_Biochar,DEA,0.0
2045,Agri06_Biochar,DEB,0.0
2045,Agri06_Biochar,DEC,0.0
2045,Agri06_Biochar,DEE,0.0
2045,Agri06_Biochar,DED,0.0
2045,Agri06_Biochar,DEF,0.0
2045,Agri06_Biochar,DEG,0.0
2046,Agri01_AGC,DE1,4801038.824282283
2046,Agri01_AGC,DE2,9227644.345769279
2046,Agri01_AGC,DE3,9775.362844098152
2046,Agri01_AGC,DE4,4139563.3077979586
2046,Agri01_AGC,DE5,31428.75882364933
2046,Agri01_AGC,DE6,51623.03410848018
2046,Agri01_AGC,DE7,2049911.783793204
2046,Agri01_AGC,DE8,4566950.152120927
2046,Agri01_AGC,DE9,8105267.95358973
2046,Agri01_AGC,DEA,5016459.586071047
2046,Agri01_AGC,DEB,2496055.148627697
2046,Agri01_AGC,DEC,265409.8948084695
2046,Agri01_AGC,DEE,3828307.045230146
2046,Agri01_AGC,DED,2848800.1838814304
2046,Agri01_AGC,DEF,1971845.3099694632
2046,Agri01_AGC,DEG,1576615.6487496197
2046,Agri02_OFC,DE1,2970250.6040405976
2046,Agri02_OFC,DE2,4324539.723941858
2046,Agri02_OFC,DE3,1825261.9099687047
2046,Agri02_OFC,DE4,2937666.2778203054
2046,Agri02_OFC,DE5,846808.5540455255
2046,Agri02_OFC,DE6,90718.56917250602
2046,Agri02_OFC,DE7,913331.9284166672
2046,Agri02_OFC,DE8,2893960.719937612
2046,Agri02_OFC,DE9,3868245.048782968
2046,Agri02_OFC,DEA,3001381.9093365856
2046,Agri02_OFC,DEB,1845558.2129411923
2046,Agri02_OFC,DEC,1297091.0980285886
2046,Agri02_OFC,DEE,2193294.028295817
2046,Agri02_OFC,DED,1941894.0095156936
2046,Agri02_OFC,DEF,789487.3284270364
2046,Agri02_OFC,DEG,631289.7058844379
2046,Agri03_No-till,DE1,0.0
2046,Agri03_No-till,DE2,0.0
2046,Agri03_No-till,DE3,0.0
2046,Agri03_No-till,DE4,0.0
2046,Agri03_No-till,DE5,0.0
2046,Agri03_No-till,DE6,0.0
2046,Agri03_No-till,DE7,0.0
2046,Agri03_No-till,DE8,0.0
2046,Agri03_No-till,DE9,0.0
2046,Agri03_No-till,DEA,0.0
2046,Agri03_No-till,DEB,0.0
2046,Agri03_No-till,DEC,0.0
2046,Agri03_No-till,DEE,0.0
2046,Agri03_No-till,DED,0.0
2046,Agri03_No-till,DEF,0.0
2046,Agri03_No-till,DEG,0.0
2046,Agri04_toGrassland,DE1,225561.12927575005
2046,Agri04_toGrassland,DE2,366400.21675929823
2046,Agri04_toGrassland,DE3,106488.20719259678
2046,Agri04_toGrassland,DE4,216436.06635890572
2046,Agri04_toGrassland,DE5,49697.722737089316
2046,Agri04_toGrassland,DE6,5851.264376644482
2046,Agri04_toGrassland,DE7,82724.46027151748
2046,Agri04_toGrassland,DE8,218557.5554137643
2046,Agri04_toGrassland,DE9,319878.1034471899
2046,Agri04_toGrassland,DEA,229728.80538471005
2046,Agri04_toGrassland,DEB,134831.2451090612
2046,Agri04_toGrassland,DEC,78497.47076143355
2046,Agri04_toGrassland,DEE,169651.78615859494
2046,Agri04_toGrassland,DED,144299.3530992444
2046,Agri04_toGrassland,DEF,82073.3532923004
2046,Agri04_toGrassland,DEG,65621.61601289964
2046,Agri05_Agroforestry,DE1,24136059.79364919
2046,Agri05_Agroforestry,DE2,28025628.661854576
2046,Agri05_Agroforestry,DE3,44907.57877701269
2046,Agri05_Agroforestry,DE4,16261180.333440432
2046,Agri05_Agroforestry,DE5,368666.30872836977
2046,Agri05_Agroforestry,DE6,298442.9106731591
2046,Agri05_Agroforestry,DE7,4918594.627583767
2046,Agri05_Agroforestry,DE8,15487542.138916465
2046,Agri05_Agroforestry,DE9,26540935.570598073
2046,Agri05_Agroforestry,DEA,20067050.72989613
2046,Agri05_Agroforestry,DEB,11791562.670542998
2046,Agri05_Agroforestry,DEC,1642669.3106040575
2046,Agri05_Agroforestry,DEE,8149328.375856111
2046,Agri05_Agroforestry,DED,9078963.942634985
2046,Agri05_Agroforestry,DEF,2272916.5281398087
2046,Agri05_Agroforestry,DEG,1818567.055325126
2046,Agri06_Biochar,DE1,0.0
2046,Agri06_Biochar,DE2,0.0
2046,Agri06_Biochar,DE3,0.0
2046,Agri06_Biochar,DE4,0.0
2046,Agri06_Biochar,DE5,0.0
2046,Agri06_Biochar,DE6,0.0
2046,Agri06_Biochar,DE7,0.0
2046,Agri06_Biochar,DE8,0.0
2046,Agri06_Biochar,DE9,0.0
2046,Agri06_Biochar,DEA,0.0
2046,Agri06_Biochar,DEB,0.0
2046,Agri06_Biochar,DEC,0.0
2046,Agri06_Biochar,DEE,0.0
2046,Agri06_Biochar,DED,0.0
2046,Agri06_Biochar,DEF,0.0
2046,Agri06_Biochar,DEG,0.0
2047,Agri01_AGC,DE1,3719948.292928042
2047,Agri01_AGC,DE2,7149777.597752095
2047,Agri01_AGC,DE3,7574.161687828308
2047,Agri01_AGC,DE4,3207422.814918102
2047,Agri01_AGC,DE5,24351.67929564891
2047,Agri01_AGC,DE6,39998.638760500886
2047,Agri01_AGC,DE7,1588315.80411445
2047,Agri01_AGC,DE8,3538571.3475894253
2047,Agri01_AGC,DE9,6280136.193688841
2047,Agri01_AGC,DEA,3886860.939212915
2047,Agri01_AGC,DEB,1933997.2928837782
2047,Agri01_AGC,DEC,205645.30328841336
2047,Agri01_AGC,DEE,2966254.758382882
2047,Agri01_AGC,DED,2207311.744142591
2047,Agri01_AGC,DEF,1527828.218684655
2047,Agri01_AGC,DEG,1221595.7641305984
2047,Agri02_OFC,DE1,2262512.8781161723
2047,Agri02_OFC,DE2,3294108.181994221
2047,Agri02_OFC,DE3,1390346.8520875927
2047,Agri02_OFC,DE4,2237692.596084124
2047,Agri02_OFC,DE5,645034.885682915
2047,Agri02_OFC,DE6,69102.56352034808
2047,Agri02_OFC,DE7,695707.3747334026
2047,Agri02_OFC,DE8,2204400.998593889
2047,Agri02_OFC,DE9,2946537.314620798
2047,Agri02_OFC,DEA,2286226.3584026243
2047,Agri02_OFC,DEB,1405807.0448372995
2047,Agri02_OFC,DEC,988026.1649933887
2047,Agri02_OFC,DEE,1670685.9608963677
2047,Agri02_OFC,DED,1479188.3885114274
2047,Agri02_OFC,DEF,601371.8994773708
2047,Agri02_OFC,DEG,480868.88272750913
2047,Agri03_No-till,DE1,0.0
2047,Agri03_No-till,DE2,0.0
2047,Agri03_No-till,DE3,0.0
2047,Agri03_No-till,DE4,0.0
2047,Agri03_No-till,DE5,0.0
2047,Agri03_No-till,DE6,0.0
2047,Agri03_No-till,DE7,0.0
2047,Agri03_No-till,DE8,0.0
2047,Agri03_No-till,DE9,0.0
2047,Agri03_No-till,DEA,0.0
2047,Agri03_No-till,DEB,0.0
2047,Agri03_No-till,DEC,0.0
2047,Agri03_No-till,DEE,0.0
2047,Agri03_No-till,DED,0.0
2047,Agri03_No-till,DEF,0.0
2047,Agri03_No-till,DEG,0.0
2047,Agri04_toGrassland,DE1,219699.28378986276
2047,Agri04_toGrassland,DE2,356878.26825897425
2047,Agri04_toGrassland,DE3,103720.80919881815
2047,Agri04_toGrassland,DE4,210811.36150553473
2047,Agri04_toGrassland,DE5,48406.18650200892
2047,Agri04_toGrassland,DE6,5699.202681515107
2047,Agri04_toGrassland,DE7,80574.63061969727
2047,Agri04_toGrassland,DE8,212877.7176521679
2047,Agri04_toGrassland,DE9,311565.16396711755
2047,Agri04_toGrassland,DEA,223758.6510183681
2047,Agri04_toGrassland,DEB,131327.27291297907
2047,Agri04_toGrassland,DEC,76457.49141696966
2047,Agri04_toGrassland,DEE,165242.9034753968
2047,Agri04_toGrassland,DED,140549.32527176713
2047,Agri04_toGrassland,DEF,79940.4445014424
2047,Agri04_toGrassland,DEG,63916.252261454734
2047,Agri05_Agroforestry,DE1,24680062.40434181
2047,Agri05_Agroforestry,DE2,28657298.258661028
2047,Agri05_Agroforestry,DE3,45919.75061878976
2047,Agri05_Agroforestry,DE4,16627691.049355328
2047,Agri05_Agroforestry,DE5,376975.67803459824
2047,Agri05_Agroforestry,DE6,305169.5149298996
2047,Agri05_Agroforestry,DE7,5029454.823540372
2047,Agri05_Agroforestry,DE8,15836615.824879052
2047,Agri05_Agroforestry,DE9,27139141.672342528
2047,Agri05_Agroforestry,DEA,20519341.952212255
2047,Agri05_Agroforestry,DEB,12057332.681545742
2047,Agri05_Agroforestry,DEC,1679693.4314055971
2047,Agri05_Agroforestry,DEE,8333006.074277445
2047,Agri05_Agroforestry,DED,9283594.69551691
2047,Agri05_Agroforestry,DEF,2324145.7899068766
2047,Agri05_Agroforestry,DEG,1859555.735096162
2047,Agri06_Biochar,DE1,0.0
2047,Agri06_Biochar,DE2,0.0
2047,Agri06_Biochar,DE3,0.0
2047,Agri06_Biochar,DE4,0.0
2047,Agri06_Biochar,DE5,0.0
2047,Agri06_Biochar,DE6,0.0
2047,Agri06_Biochar,DE7,0.0
2047,Agri06_Biochar,DE8,0.0
2047,Agri06_Biochar,DE9,0.0
2047,Agri06_Biochar,DEA,0.0
2047,Agri06_Biochar,DEB,0.0
2047,Agri06_Biochar,DEC,0.0
2047,Agri06_Biochar,DEE,0.0
2047,Agri06_Biochar,DED,0.0
2047,Agri06_Biochar,DEF,0.0
2047,Agri06_Biochar,DEG,0.0
2048,Agri01_AGC,DE1,2638857.7615738013
2048,Agri01_AGC,DE2,5071910.849734914
2048,Agri01_AGC,DE3,5372.960531558464
2048,Agri01_AGC,DE4,2275282.322038246
2048,Agri01_AGC,DE5,17274.599767648495
2048,Agri01_AGC,DE6,28374.243412521595
2048,Agri01_AGC,DE7,1126719.8244356958
2048,Agri01_AGC,DE8,2510192.5430579227
2048,Agri01_AGC,DE9,4455004.433787951
2048,Agri01_AGC,DEA,2757262.2923547835
2048,Agri01_AGC,DEB,1371939.4371398592
2048,Agri01_AGC,DEC,145880.71176835717
2048,Agri01_AGC,DEE,2104202.471535618
2048,Agri01_AGC,DED,1565823.3044037514
2048,Agri01_AGC,DEF,1083811.127399847
2048,Agri01_AGC,DEG,866575.8795115773
2048,Agri02_OFC,DE1,1554775.1521917507
2048,Agri02_OFC,DE2,2263676.64004659
2048,Agri02_OFC,DE3,955431.794206483
2048,Agri02_OFC,DE4,1537718.9143479462
2048,Agri02_OFC,DE5,443261.2173203056
2048,Agri02_OFC,DE6,47486.557868190255
2048,Agri02_OFC,DE7,478082.8210501392
2048,Agri02_OFC,DE8,1514841.2772501705
2048,Agri02_OFC,DE9,2024829.5804586334
2048,Agri02_OFC,DEA,1571070.807468667
2048,Agri02_OFC,DEB,966055.8767334092
2048,Agri02_OFC,DEC,678961.2319581906
2048,Agri02_OFC,DEE,1148077.893496921
2048,Agri02_OFC,DED,1016482.7675071638
2048,Agri02_OFC,DEF,413256.470527706
2048,Agri02_OFC,DEG,330448.0595705813
2048,Agri03_No-till,DE1,0.0
2048,Agri03_No-till,DE2,0.0
2048,Agri03_No-till,DE3,0.0
2048,Agri03_No-till,DE4,0.0
2048,Agri03_No-till,DE5,0.0
2048,Agri03_No-till,DE6,0.0
2048,Agri03_No-till,DE7,0.0
2048,Agri03_No-till,DE8,0.0
2048,Agri03_No-till,DE9,0.0
2048,Agri03_No-till,DEA,0.0
2048,Agri03_No-till,DEB,0.0
2048,Agri03_No-till,DEC,0.0
2048,Agri03_No-till,DEE,0.0
2048,Agri03_No-till,DED,0.0
2048,Agri03_No-till,DEF,0.0
2048,Agri03_No-till,DEG,0.0
2048,Agri04_toGrassland,DE1,213837.43830397556
2048,Agri04_toGrassland,DE2,347356.3197586503
2048,Agri04_toGrassland,DE3,100953.41120503955
2048,Agri04_toGrassland,DE4,205186.65665216383
2048,Agri04_toGrassland,DE5,47114.65026692854
2048,Agri04_toGrassland,DE6,5547.140986385734
2048,Agri04_toGrassland,DE7,78424.8009678771
2048,Agri04_toGrassland,DE8,207197.87989057155
2048,Agri04_toGrassland,DE9,303252.22448704526
2048,Agri04_toGrassland,DEA,217788.49665202622
2048,Agri04_toGrassland,DEB,127823.300716897
2048,Agri04_toGrassland,DEC,74417.5120725058
2048,Agri04_toGrassland,DEE,160834.0207921987
2048,Agri04_toGrassland,DED,136799.2974442899
2048,Agri04_toGrassland,DEF,77807.53571058443
2048,Agri04_toGrassland,DEG,62210.88851000984
2048,Agri05_Agroforestry,DE1,25224065.015034437
2048,Agri05_Agroforestry,DE2,29288967.855467487
2048,Agri05_Agroforestry,DE3,46931.92246056684
2048,Agri05_Agroforestry,DE4,16994201.765270226
2048,Agri05_Agroforestry,DE5,385285.04734082683
2048,Agri05_Agroforestry,DE6,311896.11918664014
2048,Agri05_Agroforestry,DE7,5140315.019496977
2048,Agri05_Agroforestry,DE8,16185689.510841643
2048,Agri05_Agroforestry,DE9,27737347.77408699
2048,Agri05_Agroforestry,DEA,20971633.17452839
2048,Agri05_Agroforestry,DEB,12323102.692548487
2048,Agri05_Agroforestry,DEC,1716717.5522071372
2048,Agri05_Agroforestry,DEE,8516683.77269878
2048,Agri05_Agroforestry,DED,9488225.448398838
2048,Agri05_Agroforestry,DEF,2375375.0516739455
2048,Agri05_Agroforestry,DEG,1900544.414867198
2048,Agri06_Biochar,DE1,0.0
2048,Agri06_Biochar,DE2,0.0
2048,Agri06_Biochar,DE3,0.0
2048,Agri06_Biochar,DE4,0.0
2048,Agri06_Biochar,DE5,0.0
2048,Agri06_Biochar,DE6,0.0
2048,Agri06_Biochar,DE7,0.0
2048,Agri06_Biochar,DE8,0.0
2048,Agri06_Biochar,DE9,0.0
2048,Agri06_Biochar,DEA,0.0
2048,Agri06_Biochar,DEB,0.0
2048,Agri06_Biochar,DEC,0.0
2048,Agri06_Biochar,DEE,0.0
2048,Agri06_Biochar,DED,0.0
2048,Agri06_Biochar,DEF,0.0
2048,Agri06_Biochar,DEG,0.0
2049,Agri01_AGC,DE1,1557767.230219561
2049,Agri01_AGC,DE2,2994044.1017177314
2049,Agri01_AGC,DE3,3171.759375288621
2049,Agri01_AGC,DE4,1343141.8291583897
2049,Agri01_AGC,DE5,10197.52023964808
2049,Agri01_AGC,DE6,16749.84806454231
2049,Agri01_AGC,DE7,665123.8447569418
2049,Agri01_AGC,DE8,1481813.7385264207
2049,Agri01_AGC,DE9,2629872.673887062
2049,Agri01_AGC,DEA,1627663.645496652
2049,Agri01_AGC,DEB,809881.5813959406
2049,Agri01_AGC,DEC,86116.12024830098
2049,Agri01_AGC,DEE,1242150.1846883541
2049,Agri01_AGC,DED,924334.864664912
2049,Agri01_AGC,DEF,639794.0361150388
2049,Agri01_AGC,DEG,511555.99489255616
2049,Agri02_OFC,DE1,847037.4262673255
2049,Agri02_OFC,DE2,1233245.0980989533
2049,Agri02_OFC,DE3,520516.73632537125
2049,Agri02_OFC,DE4,837745.2326117648
2049,Agri02_OFC,DE5,241487.54895769514
2049,Agri02_OFC,DE6,25870.552216032323
2049,Agri02_OFC,DE7,260458.26736687467
2049,Agri02_OFC,DE8,825281.5559064479
2049,Agri02_OFC,DE9,1103121.8462964636
2049,Agri02_OFC,DEA,855915.2565347058
2049,Agri02_OFC,DEB,526304.7086295165
2049,Agri02_OFC,DEC,369896.2989229908
2049,Agri02_OFC,DEE,625469.8260974719
2049,Agri02_OFC,DED,553777.1465028977
2049,Agri02_OFC,DEF,225141.04157804037
2049,Agri02_OFC,DEG,180027.2364136526
2049,Agri03_No-till,DE1,0.0
2049,Agri03_No-till,DE2,0.0
2049,Agri03_No-till,DE3,0.0
2049,Agri03_No-till,DE4,0.0
2049,Agri03_No-till,DE5,0.0
2049,Agri03_No-till,DE6,0.0
2049,Agri03_No-till,DE7,0.0
2049,Agri03_No-till,DE8,0.0
2049,Agri03_No-till,DE9,0.0
2049,Agri03_No-till,DEA,0.0
2049,Agri03_No-till,DEB,0.0
2049,Agri03_No-till,DEC,0.0
2049,Agri03_No-till,DEE,0.0
2049,Agri03_No-till,DED,0.0
2049,Agri03_No-till,DEF,0.0
2049,Agri03_No-till,DEG,0.0
2049,Agri04_toGrassland,DE1,207975.59281808833
2049,Agri04_toGrassland,DE2,337834.37125832646
2049,Agri04_toGrassland,DE3,98186.01321126096
2049,Agri04_toGrassland,DE4,199561.9517987929
2049,Agri04_toGrassland,DE5,45823.114031848156
2049,Agri04_toGrassland,DE6,5395.079291256362
2049,Agri04_toGrassland,DE7,76274.97131605694
2049,Agri04_toGrassland,DE8,201518.0421289752
2049,Agri04_toGrassland,DE9,294939.28500697296
2049,Agri04_toGrassland,DEA,211818.34228568434
2049,Agri04_toGrassland,DEB,124319.32852081493
2049,Agri04_toGrassland,DEC,72377.53272804194
2049,Agri04_toGrassland,DEE,156425.1381090006
2049,Agri04_toGrassland,DED,133049.26961681267
2049,Agri04_toGrassland,DEF,75674.62691972646
2049,Agri04_toGrassland,DEG,60505.52475856494
2049,Agri05_Agroforestry,DE1,25768067.625727057
2049,Agri05_Agroforestry,DE2,29920637.45227394
2049,Agri05_Agroforestry,DE3,47944.09430234391
2049,Agri05_Agroforestry,DE4,17360712.481185123
2049,Agri05_Agroforestry,DE5,393594.41664705536
2049,Agri05_Agroforestry,DE6,318622.72344338056
2049,Agri05_Agroforestry,DE7,5251175.215453581
2049,Agri05_Agroforestry,DE8,16534763.19680423
2049,Agri05_Agroforestry,DE9,28335553.875831448
2049,Agri05_Agroforestry,DEA,21423924.396844517
2049,Agri05_Agroforestry,DEB,12588872.703551233
2049,Agri05_Agroforestry,DEC,1753741.6730086769
2049,Agri05_Agroforestry,DEE,8700361.471120114
2049,Agri05_Agroforestry,DED,9692856.201280763
2049,Agri05_Agroforestry,DEF,2426604.3134410135
2049,Agri05_Agroforestry,DEG,1941533.0946382338
2049,Agri06_Biochar,DE1,0.0
2049,Agri06_Biochar,DE2,0.0
2049,Agri06_Biochar,DE3,0.0
2049,Agri06_Biochar,DE4,0.0
2049,Agri06_Biochar,DE5,0.0
2049,Agri06_Biochar,DE6,0.0
2049,Agri06_Biochar,DE7,0.0
2049,Agri06_Biochar,DE8,0.0
2049,Agri06_Biochar,DE9,0.0
2049,Agri06_Biochar,DEA,0.0
2049,Agri06_Biochar,DEB,0.0
2049,Agri06_Biochar,DEC,0.0
2049,Agri06_Biochar,DEE,0.0
2049,Agri06_Biochar,DED,0.0
2049,Agri06_Biochar,DEF,0.0
2049,Agri06_Biochar,DEG,0.0
2050,Agri01_AGC,DE1,476676.69886532146
2050,Agri01_AGC,DE2,916177.3537005514
2050,Agri01_AGC,DE3,970.5582190187795
2050,Agri01_AGC,DE4,411001.3362785344
2050,Agri01_AGC,DE5,3120.4407116476714
2050,Agri01_AGC,DE6,5125.452716563034
2050,Agri01_AGC,DE7,203527.86507818807
2050,Agri01_AGC,DE8,453434.9339949193
2050,Agri01_AGC,DE9,804740.9139861744
2050,Agri01_AGC,DEA,498064.9986385214
2050,Agri01_AGC,DEB,247823.7256520223
2050,Agri01_AGC,DEC,26351.52872824486
2050,Agri01_AGC,DEE,380097.8978410911
2050,Agri01_AGC,DED,282846.4249260731
2050,Agri01_AGC,DEF,195776.94483023116
2050,Agri01_AGC,DEG,156536.11027353536
2050,Agri02_OFC,DE1,139299.70034289508
2050,Agri02_OFC,DE2,202813.55615130896
2050,Agri02_OFC,DE3,85601.67844425618
2050,Agri02_OFC,DE4,137771.55087557837
2050,Agri02_OFC,DE5,39713.88059508318
2050,Agri02_OFC,DE6,4254.546563874233
2050,Agri02_OFC,DE7,42833.713683608534
2050,Agri02_OFC,DE8,135721.83456272038
2050,Agri02_OFC,DE9,181414.11213428713
2050,Agri02_OFC,DEA,140759.70560073934
2050,Agri02_OFC,DEB,86553.54052562064
2050,Agri02_OFC,DEC,60831.36588778876
2050,Agri02_OFC,DEE,102861.75869801882
2050,Agri02_OFC,DED,91071.52549862822
2050,Agri02_OFC,DEF,37025.6126283733
2050,Agri02_OFC,DEG,29606.41325672284
2050,Agri03_No-till,DE1,0.0
2050,Agri03_No-till,DE2,0.0
2050,Agri03_No-till,DE3,0.0
2050,Agri03_No-till,DE4,0.0
2050,Agri03_No-till,DE5,0.0
2050,Agri03_No-till,DE6,0.0
2050,Agri03_No-till,DE7,0.0
2050,Agri03_No-till,DE8,0.0
2050,Agri03_No-till,DE9,0.0
2050,Agri03_No-till,DEA,0.0
2050,Agri03_No-till,DEB,0.0
2050,Agri03_No-till,DEC,0.0
2050,Agri03_No-till,DEE,0.0
2050,Agri03_No-till,DED,0.0
2050,Agri03_No-till,DEF,0.0
2050,Agri03_No-till,DEG,0.0
2050,Agri04_toGrassland,DE1,202113.74733220108
2050,Agri04_toGrassland,DE2,328312.42275800253
2050,Agri04_toGrassland,DE3,95418.61521748234
2050,Agri04_toGrassland,DE4,193937.24694542194
2050,Agri04_toGrassland,DE5,44531.57779676777
2050,Agri04_toGrassland,DE6,5243.017596126988
2050,Agri04_toGrassland,DE7,74125.14166423674
2050,Agri04_toGrassland,DE8,195838.20436737884
2050,Agri04_toGrassland,DE9,286626.3455269006
2050,Agri04_toGrassland,DEA,205848.18791934242
2050,Agri04_toGrassland,DEB,120815.35632473283
2050,Agri04_toGrassland,DEC,70337.55338357807
2050,Agri04_toGrassland,DEE,152016.25542580246
2050,Agri04_toGrassland,DED,129299.24178933543
2050,Agri04_toGrassland,DEF,73541.7181288685
2050,Agri04_toGrassland,DEG,58800.16100712004
2050,Agri05_Agroforestry,DE1,26312070.236419674
2050,Agri05_Agroforestry,DE2,30552307.04908039
2050,Agri05_Agroforestry,DE3,48956.26614412098
2050,Agri05_Agroforestry,DE4,17727223.197100017
2050,Agri05_Agroforestry,DE5,401903.7859532839
2050,Agri05_Agroforestry,DE6,325349.32770012104
2050,Agri05_Agroforestry,DE7,5362035.4114101855
2050,Agri05_Agroforestry,DE8,16883836.882766817
2050,Agri05_Agroforestry,DE9,28933759.977575902
2050,Agri05_Agroforestry,DEA,21876215.619160645
2050,Agri05_Agroforestry,DEB,12854642.714553976
2050,Agri05_Agroforestry,DEC,1790765.7938102167
2050,Agri05_Agroforestry,DEE,8884039.169541448
2050,Agri05_Agroforestry,DED,9897486.954162687
2050,Agri05_Agroforestry,DEF,2477833.5752080814
2050,Agri05_Agroforestry,DEG,1982521.7744092697
2050,Agri06_Biochar,DE1,0.0
2050,Agri06_Biochar,DE2,0.0
2050,Agri06_Biochar,DE3,0.0
2050,Agri06_Biochar,DE4,0.0
2050,Agri06_Biochar,DE5,0.0
2050,Agri06_Biochar,DE6,0.0
2050,Agri06_Biochar,DE7,0.0
2050,Agri06_Biochar,DE8,0.0
2050,Agri06_Biochar,DE9,0.0
2050,Agri06_Biochar,DEA,0.0
2050,Agri06_Biochar,DEB,0.0
2050,Agri06_Biochar,DEC,0.0
2050,Agri06_Biochar,DEE,0.0
2050,Agri06_Biochar,DED,0.0
2050,Agri06_Biochar,DEF,0.0
2050,Agri06_Biochar,DEG,0.0
