year,techAgri,r,ghgAbateTechAgri
2020,Agri01_AGC,DE1,0.0
2020,Agri01_AGC,DE2,0.0
2020,Agri01_AGC,DE3,0.0
2020,Agri01_AGC,DE4,0.0
2020,Agri01_AGC,DE5,0.0
2020,Agri01_AGC,DE6,0.0
2020,Agri01_AGC,DE7,0.0
2020,Agri01_AGC,DE8,0.0
2020,Agri01_AGC,DE9,0.0
2020,Agri01_AGC,DEA,0.0
2020,Agri01_AGC,DEB,0.0
2020,Agri01_AGC,DEC,0.0
2020,Agri01_AGC,DEE,0.0
2020,Agri01_AGC,DED,0.0
2020,Agri01_AGC,DEF,0.0
2020,Agri01_AGC,DEG,0.0
2020,Agri02_OFC,DE1,0.0
2020,Agri02_OFC,DE2,0.0
2020,Agri02_OFC,DE3,0.0
2020,Agri02_OFC,DE4,0.0
2020,Agri02_OFC,DE5,0.0
2020,Agri02_OFC,DE6,0.0
2020,Agri02_OFC,DE7,0.0
2020,Agri02_OFC,DE8,0.0
2020,Agri02_OFC,DE9,0.0
2020,Agri02_OFC,DEA,0.0
2020,Agri02_OFC,DEB,0.0
2020,Agri02_OFC,DEC,0.0
2020,Agri02_OFC,DEE,0.0
2020,Agri02_OFC,DED,0.0
2020,Agri02_OFC,DEF,0.0
2020,Agri02_OFC,DEG,0.0
2020,Agri03_No-till,DE1,0.0
2020,Agri03_No-till,DE2,0.0
2020,Agri03_No-till,DE3,0.0
2020,Agri03_No-till,DE4,0.0
2020,Agri03_No-till,DE5,0.0
2020,Agri03_No-till,DE6,0.0
2020,Agri03_No-till,DE7,0.0
2020,Agri03_No-till,DE8,0.0
2020,Agri03_No-till,DE9,0.0
2020,Agri03_No-till,DEA,0.0
2020,Agri03_No-till,DEB,0.0
2020,Agri03_No-till,DEC,0.0
2020,Agri03_No-till,DEE,0.0
2020,Agri03_No-till,DED,0.0
2020,Agri03_No-till,DEF,0.0
2020,Agri03_No-till,DEG,0.0
2020,Agri04_toGrassland,DE1,0.0
2020,Agri04_toGrassland,DE2,0.0
2020,Agri04_toGrassland,DE3,0.0
2020,Agri04_toGrassland,DE4,0.0
2020,Agri04_toGrassland,DE5,0.0
2020,Agri04_toGrassland,DE6,0.0
2020,Agri04_toGrassland,DE7,0.0
2020,Agri04_toGrassland,DE8,0.0
2020,Agri04_toGrassland,DE9,0.0
2020,Agri04_toGrassland,DEA,0.0
2020,Agri04_toGrassland,DEB,0.0
2020,Agri04_toGrassland,DEC,0.0
2020,Agri04_toGrassland,DEE,0.0
2020,Agri04_toGrassland,DED,0.0
2020,Agri04_toGrassland,DEF,0.0
2020,Agri04_toGrassland,DEG,0.0
2020,Agri05_Agroforestry,DE1,0.0
2020,Agri05_Agroforestry,DE2,0.0
2020,Agri05_Agroforestry,DE3,0.0
2020,Agri05_Agroforestry,DE4,0.0
2020,Agri05_Agroforestry,DE5,0.0
2020,Agri05_Agroforestry,DE6,0.0
2020,Agri05_Agroforestry,DE7,0.0
2020,Agri05_Agroforestry,DE8,0.0
2020,Agri05_Agroforestry,DE9,0.0
2020,Agri05_Agroforestry,DEA,0.0
2020,Agri05_Agroforestry,DEB,0.0
2020,Agri05_Agroforestry,DEC,0.0
2020,Agri05_Agroforestry,DEE,0.0
2020,Agri05_Agroforestry,DED,0.0
2020,Agri05_Agroforestry,DEF,0.0
2020,Agri05_Agroforestry,DEG,0.0
2020,Agri06_Biochar,DE1,0.0
2020,Agri06_Biochar,DE2,0.0
2020,Agri06_Biochar,DE3,0.0
2020,Agri06_Biochar,DE4,0.0
2020,Agri06_Biochar,DE5,0.0
2020,Agri06_Biochar,DE6,0.0
2020,Agri06_Biochar,DE7,0.0
2020,Agri06_Biochar,DE8,0.0
2020,Agri06_Biochar,DE9,0.0
2020,Agri06_Biochar,DEA,0.0
2020,Agri06_Biochar,DEB,0.0
2020,Agri06_Biochar,DEC,0.0
2020,Agri06_Biochar,DEE,0.0
2020,Agri06_Biochar,DED,0.0
2020,Agri06_Biochar,DEF,0.0
2020,Agri06_Biochar,DEG,0.0
2021,Agri01_AGC,DE1,0.0
2021,Agri01_AGC,DE2,21203.663744442256
2021,Agri01_AGC,DE3,0.0
2021,Agri01_AGC,DE4,0.0
2021,Agri01_AGC,DE5,0.0
2021,Agri01_AGC,DE6,0.0
2021,Agri01_AGC,DE7,5468.618455057267
2021,Agri01_AGC,DE8,0.0
2021,Agri01_AGC,DE9,17508.58847286221
2021,Agri01_AGC,DEA,0.0
2021,Agri01_AGC,DEB,0.0
2021,Agri01_AGC,DEC,0.0
2021,Agri01_AGC,DEE,0.0
2021,Agri01_AGC,DED,0.0
2021,Agri01_AGC,DEF,6686.264418576945
2021,Agri01_AGC,DEG,5345.3823471356745
2021,Agri02_OFC,DE1,0.0
2021,Agri02_OFC,DE2,0.0
2021,Agri02_OFC,DE3,0.0
2021,Agri02_OFC,DE4,0.0
2021,Agri02_OFC,DE5,0.0
2021,Agri02_OFC,DE6,0.0
2021,Agri02_OFC,DE7,0.0
2021,Agri02_OFC,DE8,0.0
2021,Agri02_OFC,DE9,0.0
2021,Agri02_OFC,DEA,0.0
2021,Agri02_OFC,DEB,0.0
2021,Agri02_OFC,DEC,0.0
2021,Agri02_OFC,DEE,0.0
2021,Agri02_OFC,DED,0.0
2021,Agri02_OFC,DEF,0.0
2021,Agri02_OFC,DEG,0.0
2021,Agri03_No-till,DE1,0.0
2021,Agri03_No-till,DE2,0.0
2021,Agri03_No-till,DE3,0.0
2021,Agri03_No-till,DE4,0.0
2021,Agri03_No-till,DE5,0.0
2021,Agri03_No-till,DE6,0.0
2021,Agri03_No-till,DE7,0.0
2021,Agri03_No-till,DE8,0.0
2021,Agri03_No-till,DE9,0.0
2021,Agri03_No-till,DEA,0.0
2021,Agri03_No-till,DEB,0.0
2021,Agri03_No-till,DEC,0.0
2021,Agri03_No-till,DEE,0.0
2021,Agri03_No-till,DED,0.0
2021,Agri03_No-till,DEF,0.0
2021,Agri03_No-till,DEG,0.0
2021,Agri04_toGrassland,DE1,169.6147654112929
2021,Agri04_toGrassland,DE2,369.82610968278794
2021,Agri04_toGrassland,DE3,0.3453514825220856
2021,Agri04_toGrassland,DE4,146.24565329615086
2021,Agri04_toGrassland,DE5,1.1103391891104508
2021,Agri04_toGrassland,DE6,1.823777965685998
2021,Agri04_toGrassland,DE7,95.38152995391815
2021,Agri04_toGrassland,DE8,161.3447020630706
2021,Agri04_toGrassland,DE9,305.3780346169067
2021,Agri04_toGrassland,DEA,177.22531456801326
2021,Agri04_toGrassland,DEB,88.1825421504328
2021,Agri04_toGrassland,DEC,9.37660341717904
2021,Agri04_toGrassland,DEE,135.24935439283433
2021,Agri04_toGrassland,DED,100.6445880938968
2021,Agri04_toGrassland,DEF,116.61924033675075
2021,Agri04_toGrassland,DEG,93.23209337944706
2021,Agri05_Agroforestry,DE1,8225.748331084493
2021,Agri05_Agroforestry,DE2,17935.328313770267
2021,Agri05_Agroforestry,DE3,16.748390826147162
2021,Agri05_Agroforestry,DE4,7092.424622420756
2021,Agri05_Agroforestry,DE5,53.84773377256285
2021,Agri05_Agroforestry,DE6,88.44712617520409
2021,Agri05_Agroforestry,DE7,4625.684909755446
2021,Agri05_Agroforestry,DE8,7824.677943022196
2021,Agri05_Agroforestry,DE9,14809.812415261797
2021,Agri05_Agroforestry,DEA,8594.83448860578
2021,Agri05_Agroforestry,DEB,4276.558100150022
2021,Agri05_Agroforestry,DEC,454.73387722509193
2021,Agri05_Agroforestry,DEE,6559.14093610532
2021,Agri05_Agroforestry,DED,4880.925611273096
2021,Agri05_Agroforestry,DEF,5655.642769344067
2021,Agri05_Agroforestry,DEG,4521.444431207756
2021,Agri06_Biochar,DE1,0.0
2021,Agri06_Biochar,DE2,0.0
2021,Agri06_Biochar,DE3,0.0
2021,Agri06_Biochar,DE4,0.0
2021,Agri06_Biochar,DE5,0.0
2021,Agri06_Biochar,DE6,0.0
2021,Agri06_Biochar,DE7,0.0
2021,Agri06_Biochar,DE8,0.0
2021,Agri06_Biochar,DE9,0.0
2021,Agri06_Biochar,DEA,0.0
2021,Agri06_Biochar,DEB,0.0
2021,Agri06_Biochar,DEC,0.0
2021,Agri06_Biochar,DEE,0.0
2021,Agri06_Biochar,DED,0.0
2021,Agri06_Biochar,DEF,0.0
2021,Agri06_Biochar,DEG,0.0
2022,Agri01_AGC,DE1,0.0
2022,Agri01_AGC,DE2,42374.04854384182
2022,Agri01_AGC,DE3,0.0
2022,Agri01_AGC,DE4,0.0
2022,Agri01_AGC,DE5,0.0
2022,Agri01_AGC,DE6,0.0
2022,Agri01_AGC,DE7,10854.019409256574
2022,Agri01_AGC,DE8,0.0
2022,Agri01_AGC,DE9,35099.549010249844
2022,Agri01_AGC,DEA,0.0
2022,Agri01_AGC,DEB,0.0
2022,Agri01_AGC,DEC,0.0
2022,Agri01_AGC,DEE,1836.287458300094
2022,Agri01_AGC,DED,0.0
2022,Agri01_AGC,DEF,13149.889843983303
2022,Agri01_AGC,DEG,10512.821770148803
2022,Agri02_OFC,DE1,0.0
2022,Agri02_OFC,DE2,0.0
2022,Agri02_OFC,DE3,0.0
2022,Agri02_OFC,DE4,0.0
2022,Agri02_OFC,DE5,0.0
2022,Agri02_OFC,DE6,0.0
2022,Agri02_OFC,DE7,0.0
2022,Agri02_OFC,DE8,0.0
2022,Agri02_OFC,DE9,0.0
2022,Agri02_OFC,DEA,0.0
2022,Agri02_OFC,DEB,0.0
2022,Agri02_OFC,DEC,0.0
2022,Agri02_OFC,DEE,0.0
2022,Agri02_OFC,DED,0.0
2022,Agri02_OFC,DEF,0.0
2022,Agri02_OFC,DEG,0.0
2022,Agri03_No-till,DE1,0.0
2022,Agri03_No-till,DE2,0.0
2022,Agri03_No-till,DE3,0.0
2022,Agri03_No-till,DE4,0.0
2022,Agri03_No-till,DE5,0.0
2022,Agri03_No-till,DE6,0.0
2022,Agri03_No-till,DE7,0.0
2022,Agri03_No-till,DE8,0.0
2022,Agri03_No-till,DE9,0.0
2022,Agri03_No-till,DEA,0.0
2022,Agri03_No-till,DEB,0.0
2022,Agri03_No-till,DEC,0.0
2022,Agri03_No-till,DEE,0.0
2022,Agri03_No-till,DED,0.0
2022,Agri03_No-till,DEF,0.0
2022,Agri03_No-till,DEG,0.0
2022,Agri04_toGrassland,DE1,345.3228037982477
2022,Agri04_toGrassland,DE2,739.0717808655213
2022,Agri04_toGrassland,DE3,12.42628973833176
2022,Agri04_toGrassland,DE4,300.1722272415953
2022,Agri04_toGrassland,DE5,7.592178322637241
2022,Agri04_toGrassland,DE6,4.0918639554976775
2022,Agri04_toGrassland,DE7,189.3116124141035
2022,Agri04_toGrassland,DE8,328.92721693117653
2022,Agri04_toGrassland,DE9,612.1927709537207
2022,Agri04_toGrassland,DEA,360.15908819089697
2022,Agri04_toGrassland,DEB,181.47475530550633
2022,Agri04_toGrassland,DEC,26.390501600353193
2022,Agri04_toGrassland,DEE,274.2286967097615
2022,Agri04_toGrassland,DED,206.06102483027703
2022,Agri04_toGrassland,DEF,229.35529738497414
2022,Agri04_toGrassland,DEG,183.3605750356102
2022,Agri05_Agroforestry,DE1,19645.66526042959
2022,Agri05_Agroforestry,DE2,38741.17255971161
2022,Agri05_Agroforestry,DE3,1569.4470000000003
2022,Agri05_Agroforestry,DE4,17655.5592865222
2022,Agri05_Agroforestry,DE5,1702.7770169236692
2022,Agri05_Agroforestry,DE6,323.0782370383991
2022,Agri05_Agroforestry,DE7,9607.357995647713
2022,Agri05_Agroforestry,DE8,18818.17734711486
2022,Agri05_Agroforestry,DE9,32555.60847585274
2022,Agri05_Agroforestry,DEA,20332.81855342924
2022,Agri05_Agroforestry,DEB,10787.077944743607
2022,Agri05_Agroforestry,DEC,3241.522526623056
2022,Agri05_Agroforestry,DEE,15332.022442971893
2022,Agri05_Agroforestry,DED,11998.572827049864
2022,Agri05_Agroforestry,DEF,11123.981947736034
2022,Agri05_Agroforestry,DEG,8893.391882734622
2022,Agri06_Biochar,DE1,0.0
2022,Agri06_Biochar,DE2,0.0
2022,Agri06_Biochar,DE3,0.0
2022,Agri06_Biochar,DE4,0.0
2022,Agri06_Biochar,DE5,0.0
2022,Agri06_Biochar,DE6,0.0
2022,Agri06_Biochar,DE7,0.0
2022,Agri06_Biochar,DE8,0.0
2022,Agri06_Biochar,DE9,0.0
2022,Agri06_Biochar,DEA,0.0
2022,Agri06_Biochar,DEB,0.0
2022,Agri06_Biochar,DEC,0.0
2022,Agri06_Biochar,DEE,0.0
2022,Agri06_Biochar,DED,0.0
2022,Agri06_Biochar,DEF,0.0
2022,Agri06_Biochar,DEG,0.0
2023,Agri01_AGC,DE1,10423.422720851182
2023,Agri01_AGC,DE2,63511.15439819869
2023,Agri01_AGC,DE3,0.0
2023,Agri01_AGC,DE4,4788.261207024151
2023,Agri01_AGC,DE5,0.0
2023,Agri01_AGC,DE6,0.0
2023,Agri01_AGC,DE7,16156.20286259792
2023,Agri01_AGC,DE8,9965.839845897684
2023,Agri01_AGC,DE9,52772.88161216291
2023,Agri01_AGC,DEA,10815.641094488406
2023,Agri01_AGC,DEB,0.0
2023,Agri01_AGC,DEC,0.0
2023,Agri01_AGC,DEE,10018.40487077975
2023,Agri01_AGC,DED,6317.551115452804
2023,Agri01_AGC,DEF,19390.87627621907
2023,Agri01_AGC,DEG,15502.318269039384
2023,Agri02_OFC,DE1,0.0
2023,Agri02_OFC,DE2,0.0
2023,Agri02_OFC,DE3,0.0
2023,Agri02_OFC,DE4,0.0
2023,Agri02_OFC,DE5,0.0
2023,Agri02_OFC,DE6,0.0
2023,Agri02_OFC,DE7,0.0
2023,Agri02_OFC,DE8,0.0
2023,Agri02_OFC,DE9,0.0
2023,Agri02_OFC,DEA,0.0
2023,Agri02_OFC,DEB,0.0
2023,Agri02_OFC,DEC,0.0
2023,Agri02_OFC,DEE,0.0
2023,Agri02_OFC,DED,0.0
2023,Agri02_OFC,DEF,0.0
2023,Agri02_OFC,DEG,0.0
2023,Agri03_No-till,DE1,0.0
2023,Agri03_No-till,DE2,0.0
2023,Agri03_No-till,DE3,0.0
2023,Agri03_No-till,DE4,0.0
2023,Agri03_No-till,DE5,0.0
2023,Agri03_No-till,DE6,0.0
2023,Agri03_No-till,DE7,0.0
2023,Agri03_No-till,DE8,0.0
2023,Agri03_No-till,DE9,0.0
2023,Agri03_No-till,DEA,0.0
2023,Agri03_No-till,DEB,0.0
2023,Agri03_No-till,DEC,0.0
2023,Agri03_No-till,DEE,0.0
2023,Agri03_No-till,DED,0.0
2023,Agri03_No-till,DEF,0.0
2023,Agri03_No-till,DEG,0.0
2023,Agri04_toGrassland,DE1,527.1241151608644
2023,Agri04_toGrassland,DE2,1107.7370135482
2023,Agri04_toGrassland,DE3,36.242814767429024
2023,Agri04_toGrassland,DE4,461.7797218363333
2023,Agri04_toGrassland,DE5,19.44551740058037
2023,Agri04_toGrassland,DE6,6.804257969435039
2023,Agri04_toGrassland,DE7,281.79024738055614
2023,Agri04_toGrassland,DE8,502.74754460431757
2023,Agri04_toGrassland,DE9,920.4442090104423
2023,Agri04_toGrassland,DEA,548.8013208686511
2023,Agri04_toGrassland,DEB,279.87663946522065
2023,Agri04_toGrassland,DEC,51.041694549522454
2023,Agri04_toGrassland,DEE,416.9380269507814
2023,Agri04_toGrassland,DED,316.2493102091407
2023,Agri04_toGrassland,DEF,338.20817114467013
2023,Agri04_toGrassland,DEG,270.3854449684895
2023,Agri05_Agroforestry,DE1,34259.75078803529
2023,Agri05_Agroforestry,DE2,62417.53273782403
2023,Agri05_Agroforestry,DE3,1569.4470000000003
2023,Agri05_Agroforestry,DE4,31689.403992304324
2023,Agri05_Agroforestry,DE5,4946.78784945332
2023,Agri05_Agroforestry,DE6,703.893332589585
2023,Agri05_Agroforestry,DE7,14945.019257676797
2023,Agri05_Agroforestry,DE8,32980.49821227799
2023,Agri05_Agroforestry,DE9,53237.38818177283
2023,Agri05_Agroforestry,DEA,35213.952194470374
2023,Agri05_Agroforestry,DEB,19531.559533780757
2023,Agri05_Agroforestry,DEC,8360.365948193892
2023,Agri05_Agroforestry,DEE,26318.644520599715
2023,Agri05_Agroforestry,DED,21352.9416473303
2023,Agri05_Agroforestry,DEF,16405.017535175903
2023,Agri05_Agroforestry,DEG,13115.8423545806
2023,Agri06_Biochar,DE1,0.0
2023,Agri06_Biochar,DE2,0.0
2023,Agri06_Biochar,DE3,0.0
2023,Agri06_Biochar,DE4,0.0
2023,Agri06_Biochar,DE5,0.0
2023,Agri06_Biochar,DE6,0.0
2023,Agri06_Biochar,DE7,0.0
2023,Agri06_Biochar,DE8,0.0
2023,Agri06_Biochar,DE9,0.0
2023,Agri06_Biochar,DEA,0.0
2023,Agri06_Biochar,DEB,0.0
2023,Agri06_Biochar,DEC,0.0
2023,Agri06_Biochar,DEE,0.0
2023,Agri06_Biochar,DED,0.0
2023,Agri06_Biochar,DEF,0.0
2023,Agri06_Biochar,DEG,0.0
2024,Agri01_AGC,DE1,21196.198037142018
2024,Agri01_AGC,DE2,84614.98130751286
2024,Agri01_AGC,DE3,0.0
2024,Agri01_AGC,DE4,14494.267729232171
2024,Agri01_AGC,DE5,0.0
2024,Agri01_AGC,DE6,0.0
2024,Agri01_AGC,DE7,21375.168815081306
2024,Agri01_AGC,DE8,20289.319354749918
2024,Agri01_AGC,DE9,70528.58627860142
2024,Agri01_AGC,DEA,21958.571807338834
2024,Agri01_AGC,DEB,5934.746498163264
2024,Agri01_AGC,DEC,0.0
2024,Agri01_AGC,DEE,18414.377951214086
2024,Agri01_AGC,DED,12908.692092209285
2024,Agri01_AGC,DEF,25409.223715284246
2024,Agri01_AGC,DEG,20313.87184380742
2024,Agri02_OFC,DE1,0.0
2024,Agri02_OFC,DE2,0.0
2024,Agri02_OFC,DE3,0.0
2024,Agri02_OFC,DE4,0.0
2024,Agri02_OFC,DE5,0.0
2024,Agri02_OFC,DE6,0.0
2024,Agri02_OFC,DE7,0.0
2024,Agri02_OFC,DE8,0.0
2024,Agri02_OFC,DE9,0.0
2024,Agri02_OFC,DEA,0.0
2024,Agri02_OFC,DEB,0.0
2024,Agri02_OFC,DEC,0.0
2024,Agri02_OFC,DEE,0.0
2024,Agri02_OFC,DED,0.0
2024,Agri02_OFC,DEF,0.0
2024,Agri02_OFC,DEG,0.0
2024,Agri03_No-till,DE1,0.0
2024,Agri03_No-till,DE2,0.0
2024,Agri03_No-till,DE3,0.0
2024,Agri03_No-till,DE4,0.0
2024,Agri03_No-till,DE5,0.0
2024,Agri03_No-till,DE6,0.0
2024,Agri03_No-till,DE7,0.0
2024,Agri03_No-till,DE8,0.0
2024,Agri03_No-till,DE9,0.0
2024,Agri03_No-till,DEA,0.0
2024,Agri03_No-till,DEB,0.0
2024,Agri03_No-till,DEC,0.0
2024,Agri03_No-till,DEE,0.0
2024,Agri03_No-till,DED,0.0
2024,Agri03_No-till,DEF,0.0
2024,Agri03_No-till,DEG,0.0
2024,Agri04_toGrassland,DE1,715.0186994991429
2024,Agri04_toGrassland,DE2,1475.821807730824
2024,Agri04_toGrassland,DE3,71.79492656981387
2024,Agri04_toGrassland,DE4,631.068137080365
2024,Agri04_toGrassland,DE5,36.67035642293985
2024,Agri04_toGrassland,DE6,9.960960007498082
2024,Agri04_toGrassland,DE7,372.8174348532759
2024,Agri04_toGrassland,DE8,682.805685082494
2024,Agri04_toGrassland,DE9,1230.1323487870714
2024,Agri04_toGrassland,DEA,743.152012601276
2024,Agri04_toGrassland,DEB,383.38819462957565
2024,Agri04_toGrassland,DEC,83.33018226468683
2024,Agri04_toGrassland,DEE,563.3773451158941
2024,Agri04_toGrassland,DED,431.2094442304878
2024,Agri04_toGrassland,DEF,443.1778616158388
2024,Agri04_toGrassland,DEG,354.3067031780848
2024,Agri05_Agroforestry,DE1,52068.004913901605
2024,Agri05_Agroforestry,DE2,88964.40884810753
2024,Agri05_Agroforestry,DE3,1569.4470000000003
2024,Agri05_Agroforestry,DE4,49193.958739767135
2024,Agri05_Agroforestry,DE5,9785.880231361514
2024,Agri05_Agroforestry,DE6,1230.8924128287617
2024,Agri05_Agroforestry,DE7,20638.6686958427
2024,Agri05_Agroforestry,DE8,50311.64053851159
2024,Agri05_Agroforestry,DE9,76855.15153302207
2024,Agri05_Agroforestry,DEA,53238.2354117292
2024,Agri05_Agroforestry,DEB,30510.002867261468
2024,Agri05_Agroforestry,DEC,15811.2641419376
2024,Agri05_Agroforestry,DEE,39519.007168988785
2024,Agri05_Agroforestry,DED,32944.0320721144
2024,Agri05_Agroforestry,DEF,21498.74953166367
2024,Agri05_Agroforestry,DEG,17188.795846745692
2024,Agri06_Biochar,DE1,0.0
2024,Agri06_Biochar,DE2,0.0
2024,Agri06_Biochar,DE3,0.0
2024,Agri06_Biochar,DE4,0.0
2024,Agri06_Biochar,DE5,0.0
2024,Agri06_Biochar,DE6,0.0
2024,Agri06_Biochar,DE7,0.0
2024,Agri06_Biochar,DE8,0.0
2024,Agri06_Biochar,DE9,0.0
2024,Agri06_Biochar,DEA,0.0
2024,Agri06_Biochar,DEB,0.0
2024,Agri06_Biochar,DEC,0.0
2024,Agri06_Biochar,DEE,0.0
2024,Agri06_Biochar,DED,0.0
2024,Agri06_Biochar,DEF,0.0
2024,Agri06_Biochar,DEG,0.0
2025,Agri01_AGC,DE1,32318.325948872505
2025,Agri01_AGC,DE2,105685.52927178434
2025,Agri01_AGC,DE3,0.0
2025,Agri01_AGC,DE4,24640.65326858167
2025,Agri01_AGC,DE5,0.0
2025,Agri01_AGC,DE6,0.0
2025,Agri01_AGC,DE7,26510.917266706736
2025,Agri01_AGC,DE8,30970.438526556696
2025,Agri01_AGC,DE9,88366.66300956532
2025,Agri01_AGC,DEA,33428.79213855128
2025,Agri01_AGC,DEB,12162.451613878053
2025,Agri01_AGC,DEC,0.0
2025,Agri01_AGC,DEE,27024.206699603103
2025,Agri01_AGC,DED,19773.42293026944
2025,Agri01_AGC,DEF,31204.932161178833
2025,Agri01_AGC,DEG,24947.482494452906
2025,Agri02_OFC,DE1,0.0
2025,Agri02_OFC,DE2,0.0
2025,Agri02_OFC,DE3,0.0
2025,Agri02_OFC,DE4,0.0
2025,Agri02_OFC,DE5,0.0
2025,Agri02_OFC,DE6,0.0
2025,Agri02_OFC,DE7,0.0
2025,Agri02_OFC,DE8,0.0
2025,Agri02_OFC,DE9,0.0
2025,Agri02_OFC,DEA,0.0
2025,Agri02_OFC,DEB,0.0
2025,Agri02_OFC,DEC,0.0
2025,Agri02_OFC,DEE,0.0
2025,Agri02_OFC,DED,0.0
2025,Agri02_OFC,DEF,0.0
2025,Agri02_OFC,DEG,0.0
2025,Agri03_No-till,DE1,0.0
2025,Agri03_No-till,DE2,0.0
2025,Agri03_No-till,DE3,0.0
2025,Agri03_No-till,DE4,0.0
2025,Agri03_No-till,DE5,0.0
2025,Agri03_No-till,DE6,0.0
2025,Agri03_No-till,DE7,0.0
2025,Agri03_No-till,DE8,0.0
2025,Agri03_No-till,DE9,0.0
2025,Agri03_No-till,DEA,0.0
2025,Agri03_No-till,DEB,0.0
2025,Agri03_No-till,DEC,0.0
2025,Agri03_No-till,DEE,0.0
2025,Agri03_No-till,DED,0.0
2025,Agri03_No-till,DEF,0.0
2025,Agri03_No-till,DEG,0.0
2025,Agri04_toGrassland,DE1,909.0065568130834
2025,Agri04_toGrassland,DE2,1843.3261634133935
2025,Agri04_toGrassland,DE3,119.08262514548632
2025,Agri04_toGrassland,DE4,808.0374729736901
2025,Agri04_toGrassland,DE5,59.26669538971566
2025,Agri04_toGrassland,DE6,13.561970069686806
2025,Agri04_toGrassland,DE7,462.3931748322629
2025,Agri04_toGrassland,DE8,869.1016383657058
2025,Agri04_toGrassland,DE9,1541.2571902836075
2025,Agri04_toGrassland,DEA,943.2111633887713
2025,Agri04_toGrassland,DEB,492.0094207985714
2025,Agri04_toGrassland,DEC,123.25596474584631
2025,Agri04_toGrassland,DEE,713.5466512050995
2025,Agri04_toGrassland,DED,550.9414268943184
2025,Agri04_toGrassland,DEF,544.2643687984801
2025,Agri04_toGrassland,DEG,435.1243496643962
2025,Agri05_Agroforestry,DE1,73070.42763802852
2025,Agri05_Agroforestry,DE2,118381.80089056211
2025,Agri05_Agroforestry,DE3,1569.4470000000003
2025,Agri05_Agroforestry,DE4,70169.22352891062
2025,Agri05_Agroforestry,DE5,12884.289200000001
2025,Agri05_Agroforestry,DE6,1904.0754777559296
2025,Agri05_Agroforestry,DE7,26688.306310145428
2025,Agri05_Agroforestry,DE8,70811.60432581566
2025,Agri05_Agroforestry,DE9,103408.89852960045
2025,Agri05_Agroforestry,DEA,74405.66820520569
2025,Agri05_Agroforestry,DEB,43722.40794518575
2025,Agri05_Agroforestry,DEC,25594.21710785418
2025,Agri05_Agroforestry,DEE,54933.11038813911
2025,Agri05_Agroforestry,DED,46771.84410140218
2025,Agri05_Agroforestry,DEF,26405.17793719934
2025,Agri05_Agroforestry,DEG,21112.25235922989
2025,Agri06_Biochar,DE1,0.0
2025,Agri06_Biochar,DE2,0.0
2025,Agri06_Biochar,DE3,0.0
2025,Agri06_Biochar,DE4,0.0
2025,Agri06_Biochar,DE5,0.0
2025,Agri06_Biochar,DE6,0.0
2025,Agri06_Biochar,DE7,0.0
2025,Agri06_Biochar,DE8,0.0
2025,Agri06_Biochar,DE9,0.0
2025,Agri06_Biochar,DEA,0.0
2025,Agri06_Biochar,DEB,0.0
2025,Agri06_Biochar,DEC,0.0
2025,Agri06_Biochar,DEE,0.0
2025,Agri06_Biochar,DED,0.0
2025,Agri06_Biochar,DEF,0.0
2025,Agri06_Biochar,DEG,0.0
2026,Agri01_AGC,DE1,43789.80645604264
2026,Agri01_AGC,DE2,126722.79829101314
2026,Agri01_AGC,DE3,0.0
2026,Agri01_AGC,DE4,35227.417825072655
2026,Agri01_AGC,DE5,0.0
2026,Agri01_AGC,DE6,0.0
2026,Agri01_AGC,DE7,31563.4482174742
2026,Agri01_AGC,DE8,42009.19736131803
2026,Agri01_AGC,DE9,106287.11180505466
2026,Agri01_AGC,DEA,45226.302088125754
2026,Agri01_AGC,DEB,18683.11534714437
2026,Agri01_AGC,DEC,0.0
2026,Agri01_AGC,DEE,35847.8911159468
2026,Agri01_AGC,DED,26911.74362963327
2026,Agri01_AGC,DEF,36778.00161390283
2026,Agri01_AGC,DEG,29403.15022097585
2026,Agri02_OFC,DE1,0.0
2026,Agri02_OFC,DE2,0.0
2026,Agri02_OFC,DE3,0.0
2026,Agri02_OFC,DE4,0.0
2026,Agri02_OFC,DE5,0.0
2026,Agri02_OFC,DE6,0.0
2026,Agri02_OFC,DE7,0.0
2026,Agri02_OFC,DE8,0.0
2026,Agri02_OFC,DE9,0.0
2026,Agri02_OFC,DEA,0.0
2026,Agri02_OFC,DEB,0.0
2026,Agri02_OFC,DEC,0.0
2026,Agri02_OFC,DEE,0.0
2026,Agri02_OFC,DED,0.0
2026,Agri02_OFC,DEF,0.0
2026,Agri02_OFC,DEG,0.0
2026,Agri03_No-till,DE1,0.0
2026,Agri03_No-till,DE2,0.0
2026,Agri03_No-till,DE3,0.0
2026,Agri03_No-till,DE4,0.0
2026,Agri03_No-till,DE5,0.0
2026,Agri03_No-till,DE6,0.0
2026,Agri03_No-till,DE7,0.0
2026,Agri03_No-till,DE8,0.0
2026,Agri03_No-till,DE9,0.0
2026,Agri03_No-till,DEA,0.0
2026,Agri03_No-till,DEB,0.0
2026,Agri03_No-till,DEC,0.0
2026,Agri03_No-till,DEE,0.0
2026,Agri03_No-till,DED,0.0
2026,Agri03_No-till,DEF,0.0
2026,Agri03_No-till,DEG,0.0
2026,Agri04_toGrassland,DE1,1109.0876871026858
2026,Agri04_toGrassland,DE2,2210.2500805959085
2026,Agri04_toGrassland,DE3,178.10591049444633
2026,Agri04_toGrassland,DE4,992.6877295163089
2026,Agri04_toGrassland,DE5,87.23453430090781
2026,Agri04_toGrassland,DE6,17.60728815600121
2026,Agri04_toGrassland,DE7,550.5174673175172
2026,Agri04_toGrassland,DE8,1061.6354044539526
2026,Agri04_toGrassland,DE9,1853.8187335000512
2026,Agri04_toGrassland,DEA,1148.978773231137
2026,Agri04_toGrassland,DEB,605.7403179722079
2026,Agri04_toGrassland,DEC,170.8190419930009
2026,Agri04_toGrassland,DEE,867.4459452183978
2026,Agri04_toGrassland,DED,675.4452582006323
2026,Agri04_toGrassland,DEF,641.467692692594
2026,Agri04_toGrassland,DEG,512.8383844274238
2026,Agri05_Agroforestry,DE1,97267.01896041603
2026,Agri05_Agroforestry,DE2,150669.70886518777
2026,Agri05_Agroforestry,DE3,1569.4470000000003
2026,Agri05_Agroforestry,DE4,94615.1983597348
2026,Agri05_Agroforestry,DE5,12884.289200000001
2026,Agri05_Agroforestry,DE6,2723.442527371088
2026,Agri05_Agroforestry,DE7,33093.93210058497
2026,Agri05_Agroforestry,DE8,94480.38957419018
2026,Agri05_Agroforestry,DE9,132898.629171508
2026,Agri05_Agroforestry,DEA,98716.25057489987
2026,Agri05_Agroforestry,DEB,59168.77476755359
2026,Agri05_Agroforestry,DEC,37709.22484594363
2026,Agri05_Agroforestry,DEE,72560.95417805068
2026,Agri05_Agroforestry,DED,62836.37773519363
2026,Agri05_Agroforestry,DEF,31124.30275178291
2026,Agri05_Agroforestry,DEG,24886.211892033203
2026,Agri06_Biochar,DE1,0.0
2026,Agri06_Biochar,DE2,0.0
2026,Agri06_Biochar,DE3,0.0
2026,Agri06_Biochar,DE4,0.0
2026,Agri06_Biochar,DE5,0.0
2026,Agri06_Biochar,DE6,0.0
2026,Agri06_Biochar,DE7,0.0
2026,Agri06_Biochar,DE8,0.0
2026,Agri06_Biochar,DE9,0.0
2026,Agri06_Biochar,DEA,0.0
2026,Agri06_Biochar,DEB,0.0
2026,Agri06_Biochar,DEC,0.0
2026,Agri06_Biochar,DEE,0.0
2026,Agri06_Biochar,DED,0.0
2026,Agri06_Biochar,DEF,0.0
2026,Agri06_Biochar,DEG,0.0
2027,Agri01_AGC,DE1,55610.63955865244
2027,Agri01_AGC,DE2,147726.78836519923
2027,Agri01_AGC,DE3,0.0
2027,Agri01_AGC,DE4,46254.561398705126
2027,Agri01_AGC,DE5,0.0
2027,Agri01_AGC,DE6,0.0
2027,Agri01_AGC,DE7,36532.76166738371
2027,Agri01_AGC,DE8,53405.59585903391
2027,Agri01_AGC,DE9,124289.93266506944
2027,Agri01_AGC,DEA,57351.10165606225
2027,Agri01_AGC,DEB,25496.73769796221
2027,Agri01_AGC,DEC,0.0
2027,Agri01_AGC,DEE,44885.43120024518
2027,Agri01_AGC,DED,34323.65419030078
2027,Agri01_AGC,DEF,42128.43207345624
2027,Agri01_AGC,DEG,33680.87502337625
2027,Agri02_OFC,DE1,5592.182658011709
2027,Agri02_OFC,DE2,9936.537300064005
2027,Agri02_OFC,DE3,1919.2321224929049
2027,Agri02_OFC,DE4,5216.705161521839
2027,Agri02_OFC,DE5,904.2813735613736
2027,Agri02_OFC,DE6,121.7746183722776
2027,Agri02_OFC,DE7,2350.8756325028367
2027,Agri02_OFC,DE8,5391.391747900321
2027,Agri02_OFC,DE9,8516.748501122063
2027,Agri02_OFC,DEA,5735.982674580912
2027,Agri02_OFC,DEB,3223.3786246480504
2027,Agri02_OFC,DEC,1497.230297257458
2027,Agri02_OFC,DEE,4275.466415251305
2027,Agri02_OFC,DED,3506.415947193066
2027,Agri02_OFC,DEF,2531.17391719255
2027,Agri02_OFC,DEG,2023.6998736111593
2027,Agri03_No-till,DE1,0.0
2027,Agri03_No-till,DE2,0.0
2027,Agri03_No-till,DE3,0.0
2027,Agri03_No-till,DE4,0.0
2027,Agri03_No-till,DE5,0.0
2027,Agri03_No-till,DE6,0.0
2027,Agri03_No-till,DE7,0.0
2027,Agri03_No-till,DE8,0.0
2027,Agri03_No-till,DE9,0.0
2027,Agri03_No-till,DEA,0.0
2027,Agri03_No-till,DEB,0.0
2027,Agri03_No-till,DEC,0.0
2027,Agri03_No-till,DEE,0.0
2027,Agri03_No-till,DED,0.0
2027,Agri03_No-till,DEF,0.0
2027,Agri03_No-till,DEG,0.0
2027,Agri04_toGrassland,DE1,1315.2620903679501
2027,Agri04_toGrassland,DE2,2576.5935592783685
2027,Agri04_toGrassland,DE3,248.86478261669393
2027,Agri04_toGrassland,DE4,1185.0189067082213
2027,Agri04_toGrassland,DE5,120.57387315651629
2027,Agri04_toGrassland,DE6,22.0969142664413
2027,Agri04_toGrassland,DE7,637.1903123090386
2027,Agri04_toGrassland,DE8,1260.406983347235
2027,Agri04_toGrassland,DE9,2167.816978436402
2027,Agri04_toGrassland,DEA,1360.4548421283732
2027,Agri04_toGrassland,DEB,724.5808861504851
2027,Agri04_toGrassland,DEC,226.0194140061506
2027,Agri04_toGrassland,DEE,1025.075227155789
2027,Agri04_toGrassland,DED,804.7209381494298
2027,Agri04_toGrassland,DEF,734.7878332981805
2027,Agri04_toGrassland,DEG,587.4488074671673
2027,Agri05_Agroforestry,DE1,124657.77888106417
2027,Agri05_Agroforestry,DE2,185828.13277198453
2027,Agri05_Agroforestry,DE3,1569.4470000000003
2027,Agri05_Agroforestry,DE4,122531.88323223966
2027,Agri05_Agroforestry,DE5,12884.289200000001
2027,Agri05_Agroforestry,DE6,3688.9935616742378
2027,Agri05_Agroforestry,DE7,39855.54606716133
2027,Agri05_Agroforestry,DE8,121317.99628363516
2027,Agri05_Agroforestry,DE9,165324.34345874467
2027,Agri05_Agroforestry,DEA,126169.98252081173
2027,Agri05_Agroforestry,DEB,76849.10333436499
2027,Agri05_Agroforestry,DEC,52156.287356205954
2027,Agri05_Agroforestry,DEE,92402.5385387235
2027,Agri05_Agroforestry,DED,81137.63297348874
2027,Agri05_Agroforestry,DEF,35656.12397541438
2027,Agri05_Agroforestry,DEG,28510.674445155626
2027,Agri06_Biochar,DE1,0.0
2027,Agri06_Biochar,DE2,0.0
2027,Agri06_Biochar,DE3,0.0
2027,Agri06_Biochar,DE4,0.0
2027,Agri06_Biochar,DE5,0.0
2027,Agri06_Biochar,DE6,0.0
2027,Agri06_Biochar,DE7,0.0
2027,Agri06_Biochar,DE8,0.0
2027,Agri06_Biochar,DE9,0.0
2027,Agri06_Biochar,DEA,0.0
2027,Agri06_Biochar,DEB,0.0
2027,Agri06_Biochar,DEC,0.0
2027,Agri06_Biochar,DEE,0.0
2027,Agri06_Biochar,DED,0.0
2027,Agri06_Biochar,DEF,0.0
2027,Agri06_Biochar,DEG,0.0
2028,Agri01_AGC,DE1,67780.8252567019
2028,Agri01_AGC,DE2,168697.49949434266
2028,Agri01_AGC,DE3,0.0
2028,Agri01_AGC,DE4,57722.08398947907
2028,Agri01_AGC,DE5,0.0
2028,Agri01_AGC,DE6,282.8828943859376
2028,Agri01_AGC,DE7,41418.857616435256
2028,Agri01_AGC,DE8,65159.63401970433
2028,Agri01_AGC,DE9,142375.12558960964
2028,Agri01_AGC,DEA,69803.19084236077
2028,Agri01_AGC,DEB,32603.318666331576
2028,Agri01_AGC,DEC,0.0
2028,Agri01_AGC,DEE,54136.82695249824
2028,Agri01_AGC,DED,42009.15461227197
2028,Agri01_AGC,DEF,47256.22353983907
2028,Agri01_AGC,DEG,37780.656901654096
2028,Agri02_OFC,DE1,11349.636537500834
2028,Agri02_OFC,DE2,19857.33104485325
2028,Agri02_OFC,DE3,4156.775072109844
2028,Agri02_OFC,DE4,10641.744192681608
2028,Agri02_OFC,DE5,1954.2569184696551
2028,Agri02_OFC,DE6,255.60044963995193
2028,Agri02_OFC,DE7,4662.382849843953
2028,Agri02_OFC,DE8,10951.975151213663
2028,Agri02_OFC,DE9,17072.46545960624
2028,Agri02_OFC,DEA,11626.799049296487
2028,Agri02_OFC,DEB,6585.34968913226
2028,Agri02_OFC,DEC,3201.6111751307444
2028,Agri02_OFC,DEE,8652.103361147327
2028,Agri02_OFC,DED,7142.261390979944
2028,Agri02_OFC,DEF,4957.022100928049
2028,Agri02_OFC,DEG,3963.2187655811604
2028,Agri03_No-till,DE1,0.0
2028,Agri03_No-till,DE2,0.0
2028,Agri03_No-till,DE3,0.0
2028,Agri03_No-till,DE4,0.0
2028,Agri03_No-till,DE5,0.0
2028,Agri03_No-till,DE6,0.0
2028,Agri03_No-till,DE7,0.0
2028,Agri03_No-till,DE8,0.0
2028,Agri03_No-till,DE9,0.0
2028,Agri03_No-till,DEA,0.0
2028,Agri03_No-till,DEB,0.0
2028,Agri03_No-till,DEC,0.0
2028,Agri03_No-till,DEE,0.0
2028,Agri03_No-till,DED,0.0
2028,Agri03_No-till,DEF,0.0
2028,Agri03_No-till,DEG,0.0
2028,Agri04_toGrassland,DE1,1527.5297666088761
2028,Agri04_toGrassland,DE2,2942.3565994607743
2028,Agri04_toGrassland,DE3,331.3592415122291
2028,Agri04_toGrassland,DE4,1385.031004549427
2028,Agri04_toGrassland,DE5,159.28471195654112
2028,Agri04_toGrassland,DE6,27.03084840100707
2028,Agri04_toGrassland,DE7,722.4117098068272
2028,Agri04_toGrassland,DE8,1465.4163750455523
2028,Agri04_toGrassland,DE9,2483.2519250926603
2028,Agri04_toGrassland,DEA,1577.6393700804801
2028,Agri04_toGrassland,DEB,848.531125333403
2028,Agri04_toGrassland,DEC,288.8570807852954
2028,Agri04_toGrassland,DEE,1186.4344970172729
2028,Agri04_toGrassland,DED,938.7684667407107
2028,Agri04_toGrassland,DEF,824.2247906152397
2028,Agri04_toGrassland,DEG,658.9556187836271
2028,Agri05_Agroforestry,DE1,155242.7073999729
2028,Agri05_Agroforestry,DE2,223857.07261095234
2028,Agri05_Agroforestry,DE3,1569.4470000000003
2028,Agri05_Agroforestry,DE4,153919.2781464252
2028,Agri05_Agroforestry,DE5,12884.289200000001
2028,Agri05_Agroforestry,DE6,4800.728580665378
2028,Agri05_Agroforestry,DE7,46973.14820987452
2028,Agri05_Agroforestry,DE8,151324.42445415063
2028,Agri05_Agroforestry,DE9,200686.04139131046
2028,Agri05_Agroforestry,DEA,156766.86404294128
2028,Agri05_Agroforestry,DEB,96763.39364561996
2028,Agri05_Agroforestry,DEC,57408.62660000002
2028,Agri05_Agroforestry,DEE,114457.86347015758
2028,Agri05_Agroforestry,DED,101675.60981628753
2028,Agri05_Agroforestry,DEF,40000.641608093756
2028,Agri05_Agroforestry,DEG,31985.640018597158
2028,Agri06_Biochar,DE1,0.0
2028,Agri06_Biochar,DE2,0.0
2028,Agri06_Biochar,DE3,0.0
2028,Agri06_Biochar,DE4,0.0
2028,Agri06_Biochar,DE5,0.0
2028,Agri06_Biochar,DE6,0.0
2028,Agri06_Biochar,DE7,0.0
2028,Agri06_Biochar,DE8,0.0
2028,Agri06_Biochar,DE9,0.0
2028,Agri06_Biochar,DEA,0.0
2028,Agri06_Biochar,DEB,0.0
2028,Agri06_Biochar,DEC,0.0
2028,Agri06_Biochar,DEE,0.0
2028,Agri06_Biochar,DED,0.0
2028,Agri06_Biochar,DEF,0.0
2028,Agri06_Biochar,DEG,0.0
2029,Agri01_AGC,DE1,80300.36355019099
2029,Agri01_AGC,DE2,189634.93167844336
2029,Agri01_AGC,DE3,0.0
2029,Agri01_AGC,DE4,69629.9855973945
2029,Agri01_AGC,DE5,0.0
2029,Agri01_AGC,DE6,591.2398093882108
2029,Agri01_AGC,DE7,46221.73606462884
2029,Agri01_AGC,DE8,77271.3118433293
2029,Agri01_AGC,DE9,160542.69057867528
2029,Agri01_AGC,DEA,82582.56964702132
2029,Agri01_AGC,DEB,40002.85825225247
2029,Agri01_AGC,DEC,0.0
2029,Agri01_AGC,DEE,63602.078372705975
2029,Agri01_AGC,DED,49968.24489554682
2029,Agri01_AGC,DEF,52161.37601305131
2029,Agri01_AGC,DEG,41702.49585580939
2029,Agri02_OFC,DE1,17272.361638467377
2029,Agri02_OFC,DE2,29762.38123436773
2029,Agri02_OFC,DE3,6712.628848850816
2029,Agri02_OFC,DE4,16275.117093479304
2029,Agri02_OFC,DE5,3149.9266347248445
2029,Agri02_OFC,DE6,401.4774938030231
2029,Agri02_OFC,DE7,6934.521652023348
2029,Agri02_OFC,DE8,16681.750209940023
2029,Agri02_OFC,DE9,25667.15087545253
2029,Agri02_OFC,DEA,17672.449124146722
2029,Agri02_OFC,DEB,10085.913193452629
2029,Agri02_OFC,DEC,5113.142633619859
2029,Agri02_OFC,DEE,13129.910837688067
2029,Agri02_OFC,DED,10907.536331360632
2029,Agri02_OFC,DEF,7277.5445512065
2029,Agri02_OFC,DEG,5818.556675910002
2029,Agri03_No-till,DE1,0.0
2029,Agri03_No-till,DE2,0.0
2029,Agri03_No-till,DE3,0.0
2029,Agri03_No-till,DE4,0.0
2029,Agri03_No-till,DE5,0.0
2029,Agri03_No-till,DE6,0.0
2029,Agri03_No-till,DE7,0.0
2029,Agri03_No-till,DE8,0.0
2029,Agri03_No-till,DE9,0.0
2029,Agri03_No-till,DEA,0.0
2029,Agri03_No-till,DEB,0.0
2029,Agri03_No-till,DEC,0.0
2029,Agri03_No-till,DEE,0.0
2029,Agri03_No-till,DED,0.0
2029,Agri03_No-till,DEF,0.0
2029,Agri03_No-till,DEG,0.0
2029,Agri04_toGrassland,DE1,1745.8907158254642
2029,Agri04_toGrassland,DE2,3307.5392011431254
2029,Agri04_toGrassland,DE3,425.58928718105193
2029,Agri04_toGrassland,DE4,1592.7240230399266
2029,Agri04_toGrassland,DE5,203.36705070098228
2029,Agri04_toGrassland,DE6,32.40909055969852
2029,Agri04_toGrassland,DE7,806.181659810883
2029,Agri04_toGrassland,DE8,1676.6635795489049
2029,Agri04_toGrassland,DE9,2800.1235734688266
2029,Agri04_toGrassland,DEA,1800.5323570874573
2029,Agri04_toGrassland,DEB,977.5910355209617
2029,Agri04_toGrassland,DEC,359.33204233043534
2029,Agri04_toGrassland,DEE,1351.5237548028495
2029,Agri04_toGrassland,DED,1077.587843974475
2029,Agri04_toGrassland,DEF,909.7785646437716
2029,Agri04_toGrassland,DEG,727.3588183768028
2029,Agri05_Agroforestry,DE1,189021.8045171422
2029,Agri05_Agroforestry,DE2,264756.52838209126
2029,Agri05_Agroforestry,DE3,1569.4470000000003
2029,Agri05_Agroforestry,DE4,188777.38310229147
2029,Agri05_Agroforestry,DE5,12884.289200000001
2029,Agri05_Agroforestry,DE6,6058.64758434451
2029,Agri05_Agroforestry,DE7,54446.73852872452
2029,Agri05_Agroforestry,DE8,184499.67408573657
2029,Agri05_Agroforestry,DE9,238983.72296920544
2029,Agri05_Agroforestry,DEA,190506.8951412885
2029,Agri05_Agroforestry,DEB,118911.64570131848
2029,Agri05_Agroforestry,DEC,57408.62660000002
2029,Agri05_Agroforestry,DEE,138726.9289723529
2029,Agri05_Agroforestry,DED,124450.30826358998
2029,Agri05_Agroforestry,DEF,44157.85564982103
2029,Agri05_Agroforestry,DEG,35311.108612357806
2029,Agri06_Biochar,DE1,0.0
2029,Agri06_Biochar,DE2,0.0
2029,Agri06_Biochar,DE3,0.0
2029,Agri06_Biochar,DE4,0.0
2029,Agri06_Biochar,DE5,0.0
2029,Agri06_Biochar,DE6,0.0
2029,Agri06_Biochar,DE7,0.0
2029,Agri06_Biochar,DE8,0.0
2029,Agri06_Biochar,DE9,0.0
2029,Agri06_Biochar,DEA,0.0
2029,Agri06_Biochar,DEB,0.0
2029,Agri06_Biochar,DEC,0.0
2029,Agri06_Biochar,DEE,0.0
2029,Agri06_Biochar,DED,0.0
2029,Agri06_Biochar,DEF,0.0
2029,Agri06_Biochar,DEG,0.0
2030,Agri01_AGC,DE1,93169.25443911976
2030,Agri01_AGC,DE2,210539.0849175014
2030,Agri01_AGC,DE3,0.0
2030,Agri01_AGC,DE4,81978.2662224514
2030,Agri01_AGC,DE5,0.0
2030,Agri01_AGC,DE6,925.0707450068195
2030,Agri01_AGC,DE7,50941.39701196447
2030,Agri01_AGC,DE8,89740.62932990883
2030,Agri01_AGC,DE9,178792.62763226635
2030,Agri01_AGC,DEA,95689.23807004387
2030,Agri01_AGC,DEB,47695.35645572489
2030,Agri01_AGC,DEC,4478.499418447305
2030,Agri01_AGC,DEE,73281.1854608684
2030,Agri01_AGC,DED,58200.92504012536
2030,Agri01_AGC,DEF,56843.88949309295
2030,Agri01_AGC,DEG,45446.39188584215
2030,Agri02_OFC,DE1,23360.35796091134
2030,Agri02_OFC,DE2,39651.68786860745
2030,Agri02_OFC,DE3,9586.793452715821
2030,Agri02_OFC,DE4,22116.82386391493
2030,Agri02_OFC,DE5,4491.290522326942
2030,Agri02_OFC,DE6,559.405750861491
2030,Agri02_OFC,DE7,9167.292039041022
2030,Agri02_OFC,DE8,22580.716924079406
2030,Agri02_OFC,DE9,34300.80474866093
2030,Agri02_OFC,DEA,23872.93289913162
2030,Agri02_OFC,DEB,13725.069137609156
2030,Agri02_OFC,DEC,7231.824672724802
2030,Agri02_OFC,DEE,17708.888844873523
2030,Agri02_OFC,DED,14802.24076833513
2030,Agri02_OFC,DEF,9492.7412680279
2030,Agri02_OFC,DEG,7589.713604597684
2030,Agri03_No-till,DE1,0.0
2030,Agri03_No-till,DE2,0.0
2030,Agri03_No-till,DE3,0.0
2030,Agri03_No-till,DE4,0.0
2030,Agri03_No-till,DE5,0.0
2030,Agri03_No-till,DE6,0.0
2030,Agri03_No-till,DE7,0.0
2030,Agri03_No-till,DE8,0.0
2030,Agri03_No-till,DE9,0.0
2030,Agri03_No-till,DEA,0.0
2030,Agri03_No-till,DEB,0.0
2030,Agri03_No-till,DEC,0.0
2030,Agri03_No-till,DEE,0.0
2030,Agri03_No-till,DED,0.0
2030,Agri03_No-till,DEF,0.0
2030,Agri03_No-till,DEG,0.0
2030,Agri04_toGrassland,DE1,1970.3449380177142
2030,Agri04_toGrassland,DE2,3672.1413643254223
2030,Agri04_toGrassland,DE3,531.5549196231623
2030,Agri04_toGrassland,DE4,1808.0979621797196
2030,Agri04_toGrassland,DE5,252.8208893898398
2030,Agri04_toGrassland,DE6,38.23164074251566
2030,Agri04_toGrassland,DE7,888.5001623212062
2030,Agri04_toGrassland,DE8,1894.148596857293
2030,Agri04_toGrassland,DE9,3118.4319235648995
2030,Agri04_toGrassland,DEA,2029.1338031493053
2030,Agri04_toGrassland,DEB,1111.7606167131612
2030,Agri04_toGrassland,DEC,437.4442986415704
2030,Agri04_toGrassland,DEE,1520.3430005125188
2030,Agri04_toGrassland,DED,1221.1790698507227
2030,Agri04_toGrassland,DEF,991.4491553837761
2030,Agri04_toGrassland,DEG,792.6584062466948
2030,Agri05_Agroforestry,DE1,225995.07023257215
2030,Agri05_Agroforestry,DE2,308526.50008540123
2030,Agri05_Agroforestry,DE3,1569.4470000000003
2030,Agri05_Agroforestry,DE4,227106.1980998384
2030,Agri05_Agroforestry,DE5,12884.289200000001
2030,Agri05_Agroforestry,DE6,7462.750572711631
2030,Agri05_Agroforestry,DE7,62276.31702371134
2030,Agri05_Agroforestry,DE8,220843.74517839297
2030,Agri05_Agroforestry,DE9,280217.38819242956
2030,Agri05_Agroforestry,DEA,227390.0758158534
2030,Agri05_Agroforestry,DEB,143293.8595014606
2030,Agri05_Agroforestry,DEC,57408.62660000002
2030,Agri05_Agroforestry,DEE,165209.73504530947
2030,Agri05_Agroforestry,DED,149461.72831539612
2030,Agri05_Agroforestry,DEF,48127.7661005962
2030,Agri05_Agroforestry,DEG,38487.08022643756
2030,Agri06_Biochar,DE1,0.0
2030,Agri06_Biochar,DE2,0.0
2030,Agri06_Biochar,DE3,0.0
2030,Agri06_Biochar,DE4,0.0
2030,Agri06_Biochar,DE5,0.0
2030,Agri06_Biochar,DE6,0.0
2030,Agri06_Biochar,DE7,0.0
2030,Agri06_Biochar,DE8,0.0
2030,Agri06_Biochar,DE9,0.0
2030,Agri06_Biochar,DEA,0.0
2030,Agri06_Biochar,DEB,0.0
2030,Agri06_Biochar,DEC,0.0
2030,Agri06_Biochar,DEE,0.0
2030,Agri06_Biochar,DED,0.0
2030,Agri06_Biochar,DEF,0.0
2030,Agri06_Biochar,DEG,0.0
2031,Agri01_AGC,DE1,106387.49792348816
2031,Agri01_AGC,DE2,231409.95921151672
2031,Agri01_AGC,DE3,464.30352000000016
2031,Agri01_AGC,DE4,94766.92586464979
2031,Agri01_AGC,DE5,1492.7817600000003
2031,Agri01_AGC,DE6,1284.3757012417636
2031,Agri01_AGC,DE7,55577.84045844213
2031,Agri01_AGC,DE8,102567.58647944288
2031,Agri01_AGC,DE9,197124.93675038283
2031,Agri01_AGC,DEA,109123.19611142843
2031,Agri01_AGC,DEB,55680.81327674884
2031,Agri01_AGC,DEC,9394.876601323545
2031,Agri01_AGC,DEE,83174.1482169855
2031,Agri01_AGC,DED,66707.19504600758
2031,Agri01_AGC,DEF,61303.763979964
2031,Agri01_AGC,DEG,49012.34499175236
2031,Agri02_OFC,DE1,29613.62550483272
2031,Agri02_OFC,DE2,49525.25094757241
2031,Agri02_OFC,DE3,12779.268883704864
2031,Agri02_OFC,DE4,28166.86450398849
2031,Agri02_OFC,DE5,5978.348581275948
2031,Agri02_OFC,DE6,729.3852208153556
2031,Agri02_OFC,DE7,11360.694010896974
2031,Agri02_OFC,DE8,28648.875293631805
2031,Agri02_OFC,DE9,42973.42707923145
2031,Agri02_OFC,DEA,30228.25037425118
2031,Agri02_OFC,DEB,17502.817521601843
2031,Agri02_OFC,DEC,9557.657292445574
2031,Agri02_OFC,DEE,22389.0373827037
2031,Agri02_OFC,DED,18826.37470190344
2031,Agri02_OFC,DEF,11602.61225139225
2031,Agri02_OFC,DEG,9276.689551644207
2031,Agri03_No-till,DE1,0.0
2031,Agri03_No-till,DE2,0.0
2031,Agri03_No-till,DE3,0.0
2031,Agri03_No-till,DE4,0.0
2031,Agri03_No-till,DE5,0.0
2031,Agri03_No-till,DE6,0.0
2031,Agri03_No-till,DE7,0.0
2031,Agri03_No-till,DE8,0.0
2031,Agri03_No-till,DE9,0.0
2031,Agri03_No-till,DEA,0.0
2031,Agri03_No-till,DEB,0.0
2031,Agri03_No-till,DEC,0.0
2031,Agri03_No-till,DEE,0.0
2031,Agri03_No-till,DED,0.0
2031,Agri03_No-till,DEF,0.0
2031,Agri03_No-till,DEG,0.0
2031,Agri04_toGrassland,DE1,2200.892433185626
2031,Agri04_toGrassland,DE2,4036.163089007664
2031,Agri04_toGrassland,DE3,649.2561388385602
2031,Agri04_toGrassland,DE4,2031.1528219688062
2031,Agri04_toGrassland,DE5,307.6462280231137
2031,Agri04_toGrassland,DE6,44.49849894945847
2031,Agri04_toGrassland,DE7,969.3672173377965
2031,Agri04_toGrassland,DE8,2117.871426970716
2031,Agri04_toGrassland,DE9,3438.1769753808803
2031,Agri04_toGrassland,DEA,2263.4437082660234
2031,Agri04_toGrassland,DEB,1251.0398689100011
2031,Agri04_toGrassland,DEC,523.1938497187004
2031,Agri04_toGrassland,DEE,1692.8922341462808
2031,Agri04_toGrassland,DED,1369.5421443694538
2031,Agri04_toGrassland,DEF,1069.2365628352532
2031,Agri04_toGrassland,DEG,854.8543823933028
2031,Agri05_Agroforestry,DE1,266162.50454626273
2031,Agri05_Agroforestry,DE2,355166.9877208823
2031,Agri05_Agroforestry,DE3,1569.4470000000003
2031,Agri05_Agroforestry,DE4,268905.723139066
2031,Agri05_Agroforestry,DE5,12884.289200000001
2031,Agri05_Agroforestry,DE6,9013.037545766745
2031,Agri05_Agroforestry,DE7,70461.88369483498
2031,Agri05_Agroforestry,DE8,260356.63773211985
2031,Agri05_Agroforestry,DE9,324387.0370609828
2031,Agri05_Agroforestry,DEA,267416.406066636
2031,Agri05_Agroforestry,DEB,169910.03504604625
2031,Agri05_Agroforestry,DEC,57408.62660000002
2031,Agri05_Agroforestry,DEE,193906.2816890273
2031,Agri05_Agroforestry,DED,176709.8699717059
2031,Agri05_Agroforestry,DEF,51910.37296041927
2031,Agri05_Agroforestry,DEG,41513.55486083643
2031,Agri06_Biochar,DE1,0.0
2031,Agri06_Biochar,DE2,0.0
2031,Agri06_Biochar,DE3,0.0
2031,Agri06_Biochar,DE4,0.0
2031,Agri06_Biochar,DE5,0.0
2031,Agri06_Biochar,DE6,0.0
2031,Agri06_Biochar,DE7,0.0
2031,Agri06_Biochar,DE8,0.0
2031,Agri06_Biochar,DE9,0.0
2031,Agri06_Biochar,DEA,0.0
2031,Agri06_Biochar,DEB,0.0
2031,Agri06_Biochar,DEC,0.0
2031,Agri06_Biochar,DEE,0.0
2031,Agri06_Biochar,DED,0.0
2031,Agri06_Biochar,DEF,0.0
2031,Agri06_Biochar,DEG,0.0
2032,Agri01_AGC,DE1,119955.09400329622
2032,Agri01_AGC,DE2,252247.55456048937
2032,Agri01_AGC,DE3,464.30352000000016
2032,Agri01_AGC,DE4,107995.96452398966
2032,Agri01_AGC,DE5,1492.7817600000003
2032,Agri01_AGC,DE6,1669.1546780930432
2032,Agri01_AGC,DE7,60131.06640406184
2032,Agri01_AGC,DE8,115752.1832919315
2032,Agri01_AGC,DE9,215539.6179330247
2032,Agri01_AGC,DEA,122884.44377117505
2032,Agri01_AGC,DEB,63959.228715324316
2032,Agri01_AGC,DEC,12606.258240000001
2032,Agri01_AGC,DEE,93280.96664105728
2032,Agri01_AGC,DED,75487.05491319345
2032,Agri01_AGC,DEF,65540.99947366447
2032,Agri01_AGC,DEG,52400.355173540025
2032,Agri02_OFC,DE1,36032.164270231515
2032,Agri02_OFC,DE2,59383.07047126261
2032,Agri02_OFC,DE3,16290.05514181794
2032,Agri02_OFC,DE4,34425.23901369998
2032,Agri02_OFC,DE5,7611.100811571861
2032,Agri02_OFC,DE6,911.4159036646171
2032,Agri02_OFC,DE7,13514.727567591206
2032,Agri02_OFC,DE8,34886.22531859722
2032,Agri02_OFC,DE9,51685.01786716408
2032,Agri02_OFC,DEA,36738.401549505405
2032,Agri02_OFC,DEB,21419.15834543069
2032,Agri02_OFC,DEC,12090.640492782175
2032,Agri02_OFC,DEE,27170.356451178588
2032,Agri02_OFC,DED,22979.938132065567
2032,Agri02_OFC,DEF,13607.157501299547
2032,Agri02_OFC,DEG,10879.484517049574
2032,Agri03_No-till,DE1,0.0
2032,Agri03_No-till,DE2,0.0
2032,Agri03_No-till,DE3,0.0
2032,Agri03_No-till,DE4,0.0
2032,Agri03_No-till,DE5,0.0
2032,Agri03_No-till,DE6,0.0
2032,Agri03_No-till,DE7,0.0
2032,Agri03_No-till,DE8,0.0
2032,Agri03_No-till,DE9,0.0
2032,Agri03_No-till,DEA,0.0
2032,Agri03_No-till,DEB,0.0
2032,Agri03_No-till,DEC,0.0
2032,Agri03_No-till,DEE,0.0
2032,Agri03_No-till,DED,0.0
2032,Agri03_No-till,DEF,0.0
2032,Agri03_No-till,DEG,0.0
2032,Agri04_toGrassland,DE1,2437.5332013292
2032,Agri04_toGrassland,DE2,4399.6043751898505
2032,Agri04_toGrassland,DE3,778.6929448272457
2032,Agri04_toGrassland,DE4,2261.888602407186
2032,Agri04_toGrassland,DE5,367.84306660080387
2032,Agri04_toGrassland,DE6,51.20966518052697
2032,Agri04_toGrassland,DE7,1048.782824860654
2032,Agri04_toGrassland,DE8,2347.832069889175
2032,Agri04_toGrassland,DE9,3759.3587289167685
2032,Agri04_toGrassland,DEA,2503.4620724376123
2032,Agri04_toGrassland,DEB,1395.4287921114822
2032,Agri04_toGrassland,DEC,616.5806955618258
2032,Agri04_toGrassland,DEE,1869.1714557041357
2032,Agri04_toGrassland,DED,1522.6770675306684
2032,Agri04_toGrassland,DEF,1143.1407869982029
2032,Agri04_toGrassland,DEG,913.946746816627
2032,Agri05_Agroforestry,DE1,309524.1074582138
2032,Agri05_Agroforestry,DE2,404677.9912885344
2032,Agri05_Agroforestry,DE3,1569.4470000000003
2032,Agri05_Agroforestry,DE4,314175.9582199743
2032,Agri05_Agroforestry,DE5,12884.289200000001
2032,Agri05_Agroforestry,DE6,10430.0954
2032,Agri05_Agroforestry,DE7,79003.43854209543
2032,Agri05_Agroforestry,DE8,303038.3517469172
2032,Agri05_Agroforestry,DE9,371492.6695748652
2032,Agri05_Agroforestry,DEA,310585.8858936362
2032,Agri05_Agroforestry,DEB,198760.1723350755
2032,Agri05_Agroforestry,DEC,57408.62660000002
2032,Agri05_Agroforestry,DEE,224816.56890350638
2032,Agri05_Agroforestry,DED,206194.7332325194
2032,Agri05_Agroforestry,DEF,55505.67622929025
2032,Agri05_Agroforestry,DEG,44390.532515554405
2032,Agri06_Biochar,DE1,0.0
2032,Agri06_Biochar,DE2,0.0
2032,Agri06_Biochar,DE3,0.0
2032,Agri06_Biochar,DE4,0.0
2032,Agri06_Biochar,DE5,0.0
2032,Agri06_Biochar,DE6,0.0
2032,Agri06_Biochar,DE7,0.0
2032,Agri06_Biochar,DE8,0.0
2032,Agri06_Biochar,DE9,0.0
2032,Agri06_Biochar,DEA,0.0
2032,Agri06_Biochar,DEB,0.0
2032,Agri06_Biochar,DEC,0.0
2032,Agri06_Biochar,DEE,0.0
2032,Agri06_Biochar,DED,0.0
2032,Agri06_Biochar,DEF,0.0
2032,Agri06_Biochar,DEG,0.0
2033,Agri01_AGC,DE1,133872.04267854395
2033,Agri01_AGC,DE2,273051.8709644193
2033,Agri01_AGC,DE3,464.30352000000016
2033,Agri01_AGC,DE4,121665.38220047102
2033,Agri01_AGC,DE5,1492.7817600000003
2033,Agri01_AGC,DE6,2079.4076755606584
2033,Agri01_AGC,DE7,64601.0748488236
2033,Agri01_AGC,DE8,129294.41976737465
2033,Agri01_AGC,DE9,234036.67118019203
2033,Agri01_AGC,DEA,136972.98104928367
2033,Agri01_AGC,DEB,72530.60277145132
2033,Agri01_AGC,DEC,12606.258240000001
2033,Agri01_AGC,DEE,103601.64073308374
2033,Agri01_AGC,DED,84540.50464168302
2033,Agri01_AGC,DEF,69555.59597419435
2033,Agri01_AGC,DEG,55610.422431205145
2033,Agri02_OFC,DE1,42615.97425710773
2033,Agri02_OFC,DE2,69225.14643967804
2033,Agri02_OFC,DE3,20119.15222705505
2033,Agri02_OFC,DE4,40891.9473930494
2033,Agri02_OFC,DE5,9389.547213214682
2033,Agri02_OFC,DE6,1105.4977994092753
2033,Agri02_OFC,DE7,15629.392709123716
2033,Agri02_OFC,DE8,41292.76699897567
2033,Agri02_OFC,DE9,60435.57711245882
2033,Agri02_OFC,DEA,43403.386424894285
2033,Agri02_OFC,DEB,25474.091609095696
2033,Agri02_OFC,DEC,14830.774273734603
2033,Agri02_OFC,DEE,32052.846050298198
2033,Agri02_OFC,DED,27262.9310588215
2033,Agri02_OFC,DEF,15506.377017749797
2033,Agri02_OFC,DEG,12398.09850081378
2033,Agri03_No-till,DE1,0.0
2033,Agri03_No-till,DE2,0.0
2033,Agri03_No-till,DE3,0.0
2033,Agri03_No-till,DE4,0.0
2033,Agri03_No-till,DE5,0.0
2033,Agri03_No-till,DE6,0.0
2033,Agri03_No-till,DE7,0.0
2033,Agri03_No-till,DE8,0.0
2033,Agri03_No-till,DE9,0.0
2033,Agri03_No-till,DEA,0.0
2033,Agri03_No-till,DEB,0.0
2033,Agri03_No-till,DEC,0.0
2033,Agri03_No-till,DEE,0.0
2033,Agri03_No-till,DED,0.0
2033,Agri03_No-till,DEF,0.0
2033,Agri03_No-till,DEG,0.0
2033,Agri04_toGrassland,DE1,2680.2672424484354
2033,Agri04_toGrassland,DE2,4762.465222871983
2033,Agri04_toGrassland,DE3,919.8653375892188
2033,Agri04_toGrassland,DE4,2500.3053034948603
2033,Agri04_toGrassland,DE5,433.4114051229104
2033,Agri04_toGrassland,DE6,58.36513943572115
2033,Agri04_toGrassland,DE7,1126.746984889779
2033,Agri04_toGrassland,DE8,2584.0305256126685
2033,Agri04_toGrassland,DE9,4081.977184172564
2033,Agri04_toGrassland,DEA,2749.1888956640714
2033,Agri04_toGrassland,DEB,1544.9273863176038
2033,Agri04_toGrassland,DEC,717.6048361709461
2033,Agri04_toGrassland,DEE,2049.1806651860834
2033,Agri04_toGrassland,DED,1680.5838393343665
2033,Agri04_toGrassland,DEF,1213.1618278726253
2033,Agri04_toGrassland,DEG,969.935499516667
2033,Agri05_Agroforestry,DE1,356079.87896842556
2033,Agri05_Agroforestry,DE2,457059.5107883576
2033,Agri05_Agroforestry,DE3,1569.4470000000003
2033,Agri05_Agroforestry,DE4,362916.90334256325
2033,Agri05_Agroforestry,DE5,12884.289200000001
2033,Agri05_Agroforestry,DE6,10430.0954
2033,Agri05_Agroforestry,DE7,87900.98156549271
2033,Agri05_Agroforestry,DE8,348888.887222785
2033,Agri05_Agroforestry,DE9,421534.28573407675
2033,Agri05_Agroforestry,DEA,356898.5152968542
2033,Agri05_Agroforestry,DEB,229844.2713685483
2033,Agri05_Agroforestry,DEC,57408.62660000002
2033,Agri05_Agroforestry,DEE,257940.5966887467
2033,Agri05_Agroforestry,DED,237916.31809783654
2033,Agri05_Agroforestry,DEF,58913.67590720912
2033,Agri05_Agroforestry,DEG,47118.0131905915
2033,Agri06_Biochar,DE1,0.0
2033,Agri06_Biochar,DE2,0.0
2033,Agri06_Biochar,DE3,0.0
2033,Agri06_Biochar,DE4,0.0
2033,Agri06_Biochar,DE5,0.0
2033,Agri06_Biochar,DE6,0.0
2033,Agri06_Biochar,DE7,0.0
2033,Agri06_Biochar,DE8,0.0
2033,Agri06_Biochar,DE9,0.0
2033,Agri06_Biochar,DEA,0.0
2033,Agri06_Biochar,DEB,0.0
2033,Agri06_Biochar,DEC,0.0
2033,Agri06_Biochar,DEE,0.0
2033,Agri06_Biochar,DED,0.0
2033,Agri06_Biochar,DEF,0.0
2033,Agri06_Biochar,DEG,0.0
2034,Agri01_AGC,DE1,148138.34394923132
2034,Agri01_AGC,DE2,293822.90842330654
2034,Agri01_AGC,DE3,464.30352000000016
2034,Agri01_AGC,DE4,135775.17889409387
2034,Agri01_AGC,DE5,1492.7817600000003
2034,Agri01_AGC,DE6,2451.9556799999996
2034,Agri01_AGC,DE7,68987.86579272739
2034,Agri01_AGC,DE8,143194.29590577236
2034,Agri01_AGC,DE9,252616.0964918848
2034,Agri01_AGC,DEA,151388.80794575432
2034,Agri01_AGC,DEB,81394.93544512984
2034,Agri01_AGC,DEC,12606.258240000001
2034,Agri01_AGC,DEE,114136.17049306487
2034,Agri01_AGC,DED,93867.54423147626
2034,Agri01_AGC,DEF,73347.55348155364
2034,Agri01_AGC,DEG,58642.54676474771
2034,Agri02_OFC,DE1,49365.055465461366
2034,Agri02_OFC,DE2,79051.47885281872
2034,Agri02_OFC,DE3,24266.560139416193
2034,Agri02_OFC,DE4,47566.989642036744
2034,Agri02_OFC,DE5,11313.687786204413
2034,Agri02_OFC,DE6,1311.6309080493302
2034,Agri02_OFC,DE7,17704.689435494507
2034,Agri02_OFC,DE8,47868.50033476713
2034,Agri02_OFC,DE9,69225.10481511569
2034,Agri02_OFC,DEA,50223.20500041782
2034,Agri02_OFC,DEB,29667.61731259686
2034,Agri02_OFC,DEC,17778.058635302863
2034,Agri02_OFC,DEE,37036.506180062526
2034,Agri02_OFC,DED,31675.353482171246
2034,Agri02_OFC,DEF,17300.270800742997
2034,Agri02_OFC,DEG,13832.531502936827
2034,Agri03_No-till,DE1,0.0
2034,Agri03_No-till,DE2,0.0
2034,Agri03_No-till,DE3,0.0
2034,Agri03_No-till,DE4,0.0
2034,Agri03_No-till,DE5,0.0
2034,Agri03_No-till,DE6,0.0
2034,Agri03_No-till,DE7,0.0
2034,Agri03_No-till,DE8,0.0
2034,Agri03_No-till,DE9,0.0
2034,Agri03_No-till,DEA,0.0
2034,Agri03_No-till,DEB,0.0
2034,Agri03_No-till,DEC,0.0
2034,Agri03_No-till,DEE,0.0
2034,Agri03_No-till,DED,0.0
2034,Agri03_No-till,DEF,0.0
2034,Agri03_No-till,DEG,0.0
2034,Agri04_toGrassland,DE1,2929.094556543333
2034,Agri04_toGrassland,DE2,5124.745632054061
2034,Agri04_toGrassland,DE3,1072.7733171244795
2034,Agri04_toGrassland,DE4,2746.402925231828
2034,Agri04_toGrassland,DE5,504.3512435894333
2034,Agri04_toGrassland,DE6,65.96492171504102
2034,Agri04_toGrassland,DE7,1203.259697425171
2034,Agri04_toGrassland,DE8,2826.466794141197
2034,Agri04_toGrassland,DE9,4406.032341148267
2034,Agri04_toGrassland,DEA,3000.6241779454017
2034,Agri04_toGrassland,DEB,1699.535651528366
2034,Agri04_toGrassland,DEC,826.2662715460616
2034,Agri04_toGrassland,DEE,2232.919862592124
2034,Agri04_toGrassland,DED,1843.262459780548
2034,Agri04_toGrassland,DEF,1279.2996854585203
2034,Agri04_toGrassland,DEG,1022.8206404934234
2034,Agri05_Agroforestry,DE1,405829.8190768979
2034,Agri05_Agroforestry,DE2,512311.5462203519
2034,Agri05_Agroforestry,DE3,1569.4470000000003
2034,Agri05_Agroforestry,DE4,415128.5585068329
2034,Agri05_Agroforestry,DE5,12884.289200000001
2034,Agri05_Agroforestry,DE6,10430.0954
2034,Agri05_Agroforestry,DE7,97154.51276502681
2034,Agri05_Agroforestry,DE8,397908.2441597232
2034,Agri05_Agroforestry,DE9,474511.8855386175
2034,Agri05_Agroforestry,DEA,406354.2942762898
2034,Agri05_Agroforestry,DEB,263162.3321464647
2034,Agri05_Agroforestry,DEC,57408.62660000002
2034,Agri05_Agroforestry,DEE,284805.80160000006
2034,Agri05_Agroforestry,DED,271874.62456765736
2034,Agri05_Agroforestry,DEF,62134.371994175905
2034,Agri05_Agroforestry,DEG,49695.9968859477
2034,Agri06_Biochar,DE1,0.0
2034,Agri06_Biochar,DE2,0.0
2034,Agri06_Biochar,DE3,0.0
2034,Agri06_Biochar,DE4,0.0
2034,Agri06_Biochar,DE5,0.0
2034,Agri06_Biochar,DE6,0.0
2034,Agri06_Biochar,DE7,0.0
2034,Agri06_Biochar,DE8,0.0
2034,Agri06_Biochar,DE9,0.0
2034,Agri06_Biochar,DEA,0.0
2034,Agri06_Biochar,DEB,0.0
2034,Agri06_Biochar,DEC,0.0
2034,Agri06_Biochar,DEE,0.0
2034,Agri06_Biochar,DED,0.0
2034,Agri06_Biochar,DEF,0.0
2034,Agri06_Biochar,DEG,0.0
2035,Agri01_AGC,DE1,162753.99781535834
2035,Agri01_AGC,DE2,314560.6669371511
2035,Agri01_AGC,DE3,464.30352000000016
2035,Agri01_AGC,DE4,150325.35460485818
2035,Agri01_AGC,DE5,1492.7817600000003
2035,Agri01_AGC,DE6,2451.9556799999996
2035,Agri01_AGC,DE7,73291.43923577321
2035,Agri01_AGC,DE8,157451.81170712464
2035,Agri01_AGC,DE9,271277.893868103
2035,Agri01_AGC,DEA,166131.92446058698
2035,Agri01_AGC,DEB,90552.2267363599
2035,Agri01_AGC,DEC,12606.258240000001
2035,Agri01_AGC,DEE,124884.55592100069
2035,Agri01_AGC,DED,103468.17368257318
2035,Agri01_AGC,DEF,76916.87199574235
2035,Agri01_AGC,DEG,61496.728174167736
2035,Agri02_OFC,DE1,56279.40789529241
2035,Agri02_OFC,DE2,88862.06771068463
2035,Agri02_OFC,DE3,28732.27887890137
2035,Agri02_OFC,DE4,54450.365760662025
2035,Agri02_OFC,DE5,13383.52253054105
2035,Agri02_OFC,DE6,1529.815229584782
2035,Agri02_OFC,DE7,19740.617746703574
2035,Agri02_OFC,DE8,54613.42532597161
2035,Agri02_OFC,DE9,78053.60097513466
2035,Agri02_OFC,DEA,57197.85727607603
2035,Agri02_OFC,DEB,33999.73545593419
2035,Agri02_OFC,DEC,20932.49357748695
2035,Agri02_OFC,DEE,42121.33684047157
2035,Agri02_OFC,DED,36217.2054021148
2035,Agri02_OFC,DEF,18988.838850279146
2035,Agri02_OFC,DEG,15182.783523418715
2035,Agri03_No-till,DE1,0.0
2035,Agri03_No-till,DE2,0.0
2035,Agri03_No-till,DE3,0.0
2035,Agri03_No-till,DE4,0.0
2035,Agri03_No-till,DE5,0.0
2035,Agri03_No-till,DE6,0.0
2035,Agri03_No-till,DE7,0.0
2035,Agri03_No-till,DE8,0.0
2035,Agri03_No-till,DE9,0.0
2035,Agri03_No-till,DEA,0.0
2035,Agri03_No-till,DEB,0.0
2035,Agri03_No-till,DEC,0.0
2035,Agri03_No-till,DEE,0.0
2035,Agri03_No-till,DED,0.0
2035,Agri03_No-till,DEF,0.0
2035,Agri03_No-till,DEG,0.0
2035,Agri04_toGrassland,DE1,3184.0151436138926
2035,Agri04_toGrassland,DE2,5486.445602736085
2035,Agri04_toGrassland,DE3,1237.4168834330278
2035,Agri04_toGrassland,DE4,3000.181467618089
2035,Agri04_toGrassland,DE5,580.6625820003725
2035,Agri04_toGrassland,DE6,74.00901201848654
2035,Agri04_toGrassland,DE7,1278.32096246683
2035,Agri04_toGrassland,DE8,3075.1408754747617
2035,Agri04_toGrassland,DE9,4731.524199843877
2035,Agri04_toGrassland,DEA,3257.767919281602
2035,Agri04_toGrassland,DEB,1859.2535877437692
2035,Agri04_toGrassland,DEC,942.5650016871722
2035,Agri04_toGrassland,DEE,2420.3890479222573
2035,Agri04_toGrassland,DED,2010.7129288692126
2035,Agri04_toGrassland,DEF,1341.554359755888
2035,Agri04_toGrassland,DEG,1072.6021697468957
2035,Agri05_Agroforestry,DE1,458773.92778363085
2035,Agri05_Agroforestry,DE2,570434.0975845173
2035,Agri05_Agroforestry,DE3,1569.4470000000003
2035,Agri05_Agroforestry,DE4,470810.92371278326
2035,Agri05_Agroforestry,DE5,12884.289200000001
2035,Agri05_Agroforestry,DE6,10430.0954
2035,Agri05_Agroforestry,DE7,106764.03214069773
2035,Agri05_Agroforestry,DE8,450096.4225577319
2035,Agri05_Agroforestry,DE9,530425.4689884873
2035,Agri05_Agroforestry,DEA,458953.22283194313
2035,Agri05_Agroforestry,DEB,298714.3546688246
2035,Agri05_Agroforestry,DEC,57408.62660000002
2035,Agri05_Agroforestry,DEE,284805.80160000006
2035,Agri05_Agroforestry,DED,308069.6526419818
2035,Agri05_Agroforestry,DEF,65167.76449019058
2035,Agri05_Agroforestry,DEG,52124.48360162301
2035,Agri06_Biochar,DE1,0.0
2035,Agri06_Biochar,DE2,0.0
2035,Agri06_Biochar,DE3,0.0
2035,Agri06_Biochar,DE4,0.0
2035,Agri06_Biochar,DE5,0.0
2035,Agri06_Biochar,DE6,0.0
2035,Agri06_Biochar,DE7,0.0
2035,Agri06_Biochar,DE8,0.0
2035,Agri06_Biochar,DE9,0.0
2035,Agri06_Biochar,DEA,0.0
2035,Agri06_Biochar,DEB,0.0
2035,Agri06_Biochar,DEC,0.0
2035,Agri06_Biochar,DEE,0.0
2035,Agri06_Biochar,DED,0.0
2035,Agri06_Biochar,DEF,0.0
2035,Agri06_Biochar,DEG,0.0
2036,Agri01_AGC,DE1,177719.004276925
2036,Agri01_AGC,DE2,335265.14650595293
2036,Agri01_AGC,DE3,464.30352000000016
2036,Agri01_AGC,DE4,165315.909332764
2036,Agri01_AGC,DE5,1492.7817600000003
2036,Agri01_AGC,DE6,2451.9556799999996
2036,Agri01_AGC,DE7,77511.79517796109
2036,Agri01_AGC,DE8,172066.96717143143
2036,Agri01_AGC,DE9,290022.0633088466
2036,Agri01_AGC,DEA,181202.33059378166
2036,Agri01_AGC,DEB,100002.47664514148
2036,Agri01_AGC,DEC,12606.258240000001
2036,Agri01_AGC,DEE,135846.79701689119
2036,Agri01_AGC,DED,113342.39299497376
2036,Agri01_AGC,DEF,80263.55151676045
2036,Agri01_AGC,DEG,64172.966659465215
2036,Agri02_OFC,DE1,63359.03154660087
2036,Agri02_OFC,DE2,98656.91301327579
2036,Agri02_OFC,DE3,33516.308445510585
2036,Agri02_OFC,DE4,61542.075748925236
2036,Agri02_OFC,DE5,15599.051446224596
2036,Agri02_OFC,DE6,1760.0507640156302
2036,Agri02_OFC,DE7,21737.17764275092
2036,Agri02_OFC,DE8,61527.54197258911
2036,Agri02_OFC,DE9,86921.06559251575
2036,Agri02_OFC,DEA,64327.34325186889
2036,Agri02_OFC,DEB,38470.44603910767
2036,Agri02_OFC,DEC,24294.07910028686
2036,Agri02_OFC,DEE,47307.33803152533
2036,Agri02_OFC,DED,40888.48681865216
2036,Agri02_OFC,DEF,20572.081166358243
2036,Agri02_OFC,DEG,16448.854562259447
2036,Agri03_No-till,DE1,0.0
2036,Agri03_No-till,DE2,0.0
2036,Agri03_No-till,DE3,0.0
2036,Agri03_No-till,DE4,0.0
2036,Agri03_No-till,DE5,0.0
2036,Agri03_No-till,DE6,0.0
2036,Agri03_No-till,DE7,0.0
2036,Agri03_No-till,DE8,0.0
2036,Agri03_No-till,DE9,0.0
2036,Agri03_No-till,DEA,0.0
2036,Agri03_No-till,DEB,0.0
2036,Agri03_No-till,DEC,0.0
2036,Agri03_No-till,DEE,0.0
2036,Agri03_No-till,DED,0.0
2036,Agri03_No-till,DEF,0.0
2036,Agri03_No-till,DEG,0.0
2036,Agri04_toGrassland,DE1,3445.029003660114
2036,Agri04_toGrassland,DE2,5847.565134918053
2036,Agri04_toGrassland,DE3,1413.7960365148638
2036,Agri04_toGrassland,DE4,3261.6409306536434
2036,Agri04_toGrassland,DE5,662.3454203557282
2036,Agri04_toGrassland,DE6,82.49741034605778
2036,Agri04_toGrassland,DE7,1351.9307800147565
2036,Agri04_toGrassland,DE8,3330.052769613361
2036,Agri04_toGrassland,DE9,5058.452760259395
2036,Agri04_toGrassland,DEA,3520.620119672673
2036,Agri04_toGrassland,DEB,2024.081194963813
2036,Agri04_toGrassland,DEC,1066.501026594278
2036,Agri04_toGrassland,DEE,2611.5882211764833
2036,Agri04_toGrassland,DED,2182.935246600361
2036,Agri04_toGrassland,DEF,1399.9258507647282
2036,Agri04_toGrassland,DEG,1119.2800872770842
2036,Agri05_Agroforestry,DE1,514912.20508862444
2036,Agri05_Agroforestry,DE2,631427.1648808537
2036,Agri05_Agroforestry,DE3,1569.4470000000003
2036,Agri05_Agroforestry,DE4,529963.9989604143
2036,Agri05_Agroforestry,DE5,12884.289200000001
2036,Agri05_Agroforestry,DE6,10430.0954
2036,Agri05_Agroforestry,DE7,116729.53969250547
2036,Agri05_Agroforestry,DE8,505453.4224168111
2036,Agri05_Agroforestry,DE9,589275.0360836863
2036,Agri05_Agroforestry,DEA,514695.30096381414
2036,Agri05_Agroforestry,DEB,336500.33893562807
2036,Agri05_Agroforestry,DEC,57408.62660000002
2036,Agri05_Agroforestry,DEE,284805.80160000006
2036,Agri05_Agroforestry,DED,317295.05600000004
2036,Agri05_Agroforestry,DEF,68013.85339525316
2036,Agri05_Agroforestry,DEG,54403.47333761743
2036,Agri06_Biochar,DE1,0.0
2036,Agri06_Biochar,DE2,0.0
2036,Agri06_Biochar,DE3,0.0
2036,Agri06_Biochar,DE4,0.0
2036,Agri06_Biochar,DE5,0.0
2036,Agri06_Biochar,DE6,0.0
2036,Agri06_Biochar,DE7,0.0
2036,Agri06_Biochar,DE8,0.0
2036,Agri06_Biochar,DE9,0.0
2036,Agri06_Biochar,DEA,0.0
2036,Agri06_Biochar,DEB,0.0
2036,Agri06_Biochar,DEC,0.0
2036,Agri06_Biochar,DEE,0.0
2036,Agri06_Biochar,DED,0.0
2036,Agri06_Biochar,DEF,0.0
2036,Agri06_Biochar,DEG,0.0
2037,Agri01_AGC,DE1,193033.36333393134
2037,Agri01_AGC,DE2,355936.3471297121
2037,Agri01_AGC,DE3,464.30352000000016
2037,Agri01_AGC,DE4,180746.84307781127
2037,Agri01_AGC,DE5,1492.7817600000003
2037,Agri01_AGC,DE6,2451.9556799999996
2037,Agri01_AGC,DE7,81648.93361929101
2037,Agri01_AGC,DE8,187039.76229869277
2037,Agri01_AGC,DE9,308848.6048141156
2037,Agri01_AGC,DEA,196600.02634533838
2037,Agri01_AGC,DEB,109745.68517147459
2037,Agri01_AGC,DEC,12606.258240000001
2037,Agri01_AGC,DEE,147022.89378073637
2037,Agri01_AGC,DED,123490.20216867802
2037,Agri01_AGC,DEF,83387.59204460797
2037,Agri01_AGC,DEG,66671.26222064014
2037,Agri02_OFC,DE1,70603.92641938676
2037,Agri02_OFC,DE2,108436.01476059217
2037,Agri02_OFC,DE3,38618.648839243826
2037,Agri02_OFC,DE4,68842.11960682637
2037,Agri02_OFC,DE5,17960.27453325505
2037,Agri02_OFC,DE6,2002.3375113418756
2037,Agri02_OFC,DE7,23694.36912363655
2037,Agri02_OFC,DE8,68610.85027461963
2037,Agri02_OFC,DE9,95827.49866725896
2037,Agri02_OFC,DEA,71611.66292779642
2037,Agri02_OFC,DEB,43079.74906211732
2037,Agri02_OFC,DEC,27862.815203702605
2037,Agri02_OFC,DEE,52594.50975322381
2037,Agri02_OFC,DED,45689.197731783344
2037,Agri02_OFC,DEF,22049.99774898029
2037,Agri02_OFC,DEG,17630.74461945902
2037,Agri03_No-till,DE1,0.0
2037,Agri03_No-till,DE2,0.0
2037,Agri03_No-till,DE3,0.0
2037,Agri03_No-till,DE4,0.0
2037,Agri03_No-till,DE5,0.0
2037,Agri03_No-till,DE6,0.0
2037,Agri03_No-till,DE7,0.0
2037,Agri03_No-till,DE8,0.0
2037,Agri03_No-till,DE9,0.0
2037,Agri03_No-till,DEA,0.0
2037,Agri03_No-till,DEB,0.0
2037,Agri03_No-till,DEC,0.0
2037,Agri03_No-till,DEE,0.0
2037,Agri03_No-till,DED,0.0
2037,Agri03_No-till,DEF,0.0
2037,Agri03_No-till,DEG,0.0
2037,Agri04_toGrassland,DE1,3712.136136681997
2037,Agri04_toGrassland,DE2,6208.104228599967
2037,Agri04_toGrassland,DE3,1601.9107763699872
2037,Agri04_toGrassland,DE4,3530.7813143384915
2037,Agri04_toGrassland,DE5,749.3997586555
2037,Agri04_toGrassland,DE6,91.43011669775468
2037,Agri04_toGrassland,DE7,1424.08915006895
2037,Agri04_toGrassland,DE8,3591.202476556996
2037,Agri04_toGrassland,DE9,5386.81802239482
2037,Agri04_toGrassland,DEA,3789.1807791186143
2037,Agri04_toGrassland,DEB,2194.018473188498
2037,Agri04_toGrassland,DEC,1198.0743462673788
2037,Agri04_toGrassland,DEE,2806.517382354802
2037,Agri04_toGrassland,DED,2359.9294129739933
2037,Agri04_toGrassland,DEF,1454.414158485041
2037,Agri04_toGrassland,DEG,1162.8543930839887
2037,Agri05_Agroforestry,DE1,574244.6509918786
2037,Agri05_Agroforestry,DE2,695290.7481093613
2037,Agri05_Agroforestry,DE3,1569.4470000000003
2037,Agri05_Agroforestry,DE4,568301.8632000001
2037,Agri05_Agroforestry,DE5,12884.289200000001
2037,Agri05_Agroforestry,DE6,10430.0954
2037,Agri05_Agroforestry,DE7,127051.03542045002
2037,Agri05_Agroforestry,DE8,541264.4638
2037,Agri05_Agroforestry,DE9,651060.5868242144
2037,Agri05_Agroforestry,DEA,573580.5286719027
2037,Agri05_Agroforestry,DEB,376520.2849468751
2037,Agri05_Agroforestry,DEC,57408.62660000002
2037,Agri05_Agroforestry,DEE,284805.80160000006
2037,Agri05_Agroforestry,DED,317295.05600000004
2037,Agri05_Agroforestry,DEF,70672.63870936364
2037,Agri05_Agroforestry,DEG,56532.96609393097
2037,Agri06_Biochar,DE1,0.0
2037,Agri06_Biochar,DE2,0.0
2037,Agri06_Biochar,DE3,0.0
2037,Agri06_Biochar,DE4,0.0
2037,Agri06_Biochar,DE5,0.0
2037,Agri06_Biochar,DE6,0.0
2037,Agri06_Biochar,DE7,0.0
2037,Agri06_Biochar,DE8,0.0
2037,Agri06_Biochar,DE9,0.0
2037,Agri06_Biochar,DEA,0.0
2037,Agri06_Biochar,DEB,0.0
2037,Agri06_Biochar,DEC,0.0
2037,Agri06_Biochar,DEE,0.0
2037,Agri06_Biochar,DED,0.0
2037,Agri06_Biochar,DEF,0.0
2037,Agri06_Biochar,DEG,0.0
2038,Agri01_AGC,DE1,208697.07498637732
2038,Agri01_AGC,DE2,376574.2688084286
2038,Agri01_AGC,DE3,464.30352000000016
2038,Agri01_AGC,DE4,196618.15584000002
2038,Agri01_AGC,DE5,1492.7817600000003
2038,Agri01_AGC,DE6,2451.9556799999996
2038,Agri01_AGC,DE7,85702.85455976296
2038,Agri01_AGC,DE8,202370.19708890867
2038,Agri01_AGC,DE9,327757.5183839101
2038,Agri01_AGC,DEA,212325.01171525713
2038,Agri01_AGC,DEB,118555.92576000004
2038,Agri01_AGC,DEC,12606.258240000001
2038,Agri01_AGC,DEE,158412.84621253624
2038,Agri01_AGC,DED,133911.60120368598
2038,Agri01_AGC,DEF,86288.9935792849
2038,Agri01_AGC,DEG,68991.61485769253
2038,Agri02_OFC,DE1,78014.09251365006
2038,Agri02_OFC,DE2,118199.3729526338
2038,Agri02_OFC,DE3,44039.30006010111
2038,Agri02_OFC,DE4,76350.49733436544
2038,Agri02_OFC,DE5,20467.191791632413
2038,Agri02_OFC,DE6,2256.6754715635175
2038,Agri02_OFC,DE7,25612.192189360452
2038,Agri02_OFC,DE8,75863.35023206318
2038,Agri02_OFC,DE9,104772.90019936426
2038,Agri02_OFC,DEA,79050.8163038586
2038,Agri02_OFC,DEB,47827.64452496312
2038,Agri02_OFC,DEC,31638.701887734176
2038,Agri02_OFC,DEE,57982.85200556701
2038,Agri02_OFC,DED,50619.33814150833
2038,Agri02_OFC,DEF,23422.588598145292
2038,Agri02_OFC,DEG,18728.45369501743
2038,Agri03_No-till,DE1,0.0
2038,Agri03_No-till,DE2,0.0
2038,Agri03_No-till,DE3,0.0
2038,Agri03_No-till,DE4,0.0
2038,Agri03_No-till,DE5,0.0
2038,Agri03_No-till,DE6,0.0
2038,Agri03_No-till,DE7,0.0
2038,Agri03_No-till,DE8,0.0
2038,Agri03_No-till,DE9,0.0
2038,Agri03_No-till,DEA,0.0
2038,Agri03_No-till,DEB,0.0
2038,Agri03_No-till,DEC,0.0
2038,Agri03_No-till,DEE,0.0
2038,Agri03_No-till,DED,0.0
2038,Agri03_No-till,DEF,0.0
2038,Agri03_No-till,DEG,0.0
2038,Agri04_toGrassland,DE1,3985.336542679542
2038,Agri04_toGrassland,DE2,6568.062883781827
2038,Agri04_toGrassland,DE3,1801.7611029983982
2038,Agri04_toGrassland,DE4,3807.602618672633
2038,Agri04_toGrassland,DE5,841.8255968996882
2038,Agri04_toGrassland,DE6,100.80713107357727
2038,Agri04_toGrassland,DE7,1494.7960726294107
2038,Agri04_toGrassland,DE8,3858.589996305666
2038,Agri04_toGrassland,DE9,5716.619986250153
2038,Agri04_toGrassland,DEA,4063.449897619427
2038,Agri04_toGrassland,DEB,2369.065422417823
2038,Agri04_toGrassland,DEC,1337.2849607064745
2038,Agri04_toGrassland,DEE,3005.176531457214
2038,Agri04_toGrassland,DED,2541.6954279901083
2038,Agri04_toGrassland,DEF,1505.0192829168268
2038,Agri04_toGrassland,DEG,1203.3250871676094
2038,Agri05_Agroforestry,DE1,636771.2654933934
2038,Agri05_Agroforestry,DE2,762024.8472700398
2038,Agri05_Agroforestry,DE3,1569.4470000000003
2038,Agri05_Agroforestry,DE4,568301.8632000001
2038,Agri05_Agroforestry,DE5,12884.289200000001
2038,Agri05_Agroforestry,DE6,10430.0954
2038,Agri05_Agroforestry,DE7,137728.5193245314
2038,Agri05_Agroforestry,DE8,541264.4638
2038,Agri05_Agroforestry,DE9,715782.1212100717
2038,Agri05_Agroforestry,DEA,635608.905956209
2038,Agri05_Agroforestry,DEB,412095.97940000007
2038,Agri05_Agroforestry,DEC,57408.62660000002
2038,Agri05_Agroforestry,DEE,284805.80160000006
2038,Agri05_Agroforestry,DED,317295.05600000004
2038,Agri05_Agroforestry,DEF,73144.12043252203
2038,Agri05_Agroforestry,DEG,58512.96187056361
2038,Agri06_Biochar,DE1,0.0
2038,Agri06_Biochar,DE2,0.0
2038,Agri06_Biochar,DE3,0.0
2038,Agri06_Biochar,DE4,0.0
2038,Agri06_Biochar,DE5,0.0
2038,Agri06_Biochar,DE6,0.0
2038,Agri06_Biochar,DE7,0.0
2038,Agri06_Biochar,DE8,0.0
2038,Agri06_Biochar,DE9,0.0
2038,Agri06_Biochar,DEA,0.0
2038,Agri06_Biochar,DEB,0.0
2038,Agri06_Biochar,DEC,0.0
2038,Agri06_Biochar,DEE,0.0
2038,Agri06_Biochar,DED,0.0
2038,Agri06_Biochar,DEF,0.0
2038,Agri06_Biochar,DEG,0.0
2039,Agri01_AGC,DE1,224710.13923426296
2039,Agri01_AGC,DE2,397178.91154210246
2039,Agri01_AGC,DE3,464.30352000000016
2039,Agri01_AGC,DE4,196618.15584000002
2039,Agri01_AGC,DE5,1492.7817600000003
2039,Agri01_AGC,DE6,2451.9556799999996
2039,Agri01_AGC,DE7,89673.55799937695
2039,Agri01_AGC,DE8,216917.88479999997
2039,Agri01_AGC,DE9,346748.80401823
2039,Agri01_AGC,DEA,228377.2867035379
2039,Agri01_AGC,DEB,118555.92576000004
2039,Agri01_AGC,DEC,12606.258240000001
2039,Agri01_AGC,DEE,170016.65431229078
2039,Agri01_AGC,DED,135310.36896
2039,Agri01_AGC,DEF,88967.75612079124
2039,Agri01_AGC,DEG,71134.02457062236
2039,Agri02_OFC,DE1,85589.52982939077
2039,Agri02_OFC,DE2,127946.98758940067
2039,Agri02_OFC,DE3,49778.262108082425
2039,Agri02_OFC,DE4,84067.20893154244
2039,Agri02_OFC,DE5,23119.80322135668
2039,Agri02_OFC,DE6,2523.0646446805563
2039,Agri02_OFC,DE7,27490.646839922632
2039,Agri02_OFC,DE8,83285.04184491973
2039,Agri02_OFC,DE9,113757.27018883168
2039,Agri02_OFC,DEA,86644.80338005545
2039,Agri02_OFC,DEB,52714.13242764508
2039,Agri02_OFC,DEC,35621.739152381575
2039,Agri02_OFC,DEE,63472.36478855492
2039,Agri02_OFC,DED,55678.90804782713
2039,Agri02_OFC,DEF,24689.85371385324
2039,Agri02_OFC,DEG,19741.981788934685
2039,Agri03_No-till,DE1,0.0
2039,Agri03_No-till,DE2,0.0
2039,Agri03_No-till,DE3,0.0
2039,Agri03_No-till,DE4,0.0
2039,Agri03_No-till,DE5,0.0
2039,Agri03_No-till,DE6,0.0
2039,Agri03_No-till,DE7,0.0
2039,Agri03_No-till,DE8,0.0
2039,Agri03_No-till,DE9,0.0
2039,Agri03_No-till,DEA,0.0
2039,Agri03_No-till,DEB,0.0
2039,Agri03_No-till,DEC,0.0
2039,Agri03_No-till,DEE,0.0
2039,Agri03_No-till,DED,0.0
2039,Agri03_No-till,DEF,0.0
2039,Agri03_No-till,DEG,0.0
2039,Agri04_toGrassland,DE1,4264.630221652749
2039,Agri04_toGrassland,DE2,6927.441100463632
2039,Agri04_toGrassland,DE3,2013.347016400097
2039,Agri04_toGrassland,DE4,4092.104843656068
2039,Agri04_toGrassland,DE5,939.6229350882928
2039,Agri04_toGrassland,DE6,110.62845347352554
2039,Agri04_toGrassland,DE7,1564.0515476961386
2039,Agri04_toGrassland,DE8,4132.215328859372
2039,Agri04_toGrassland,DE9,6047.858651825392
2039,Agri04_toGrassland,DEA,4343.427475175109
2039,Agri04_toGrassland,DEB,2549.2220426517893
2039,Agri04_toGrassland,DEC,1484.1328699115656
2039,Agri04_toGrassland,DEE,3207.5656684837186
2039,Agri04_toGrassland,DED,2728.233291648707
2039,Agri04_toGrassland,DEF,1551.741224060085
2039,Agri04_toGrassland,DEG,1240.6921695279461
2039,Agri05_Agroforestry,DE1,702492.0485931687
2039,Agri05_Agroforestry,DE2,831629.4623628895
2039,Agri05_Agroforestry,DE3,1569.4470000000003
2039,Agri05_Agroforestry,DE4,568301.8632000001
2039,Agri05_Agroforestry,DE5,12884.289200000001
2039,Agri05_Agroforestry,DE6,10430.0954
2039,Agri05_Agroforestry,DE7,148761.9914047496
2039,Agri05_Agroforestry,DE8,541264.4638
2039,Agri05_Agroforestry,DE9,783439.6392412583
2039,Agri05_Agroforestry,DEA,700780.4328167331
2039,Agri05_Agroforestry,DEB,412095.97940000007
2039,Agri05_Agroforestry,DEC,57408.62660000002
2039,Agri05_Agroforestry,DEE,284805.80160000006
2039,Agri05_Agroforestry,DED,317295.05600000004
2039,Agri05_Agroforestry,DEF,75428.2985647283
2039,Agri05_Agroforestry,DEG,60343.46066751537
2039,Agri06_Biochar,DE1,0.0
2039,Agri06_Biochar,DE2,0.0
2039,Agri06_Biochar,DE3,0.0
2039,Agri06_Biochar,DE4,0.0
2039,Agri06_Biochar,DE5,0.0
2039,Agri06_Biochar,DE6,0.0
2039,Agri06_Biochar,DE7,0.0
2039,Agri06_Biochar,DE8,0.0
2039,Agri06_Biochar,DE9,0.0
2039,Agri06_Biochar,DEA,0.0
2039,Agri06_Biochar,DEB,0.0
2039,Agri06_Biochar,DEC,0.0
2039,Agri06_Biochar,DEE,0.0
2039,Agri06_Biochar,DED,0.0
2039,Agri06_Biochar,DEF,0.0
2039,Agri06_Biochar,DEG,0.0
2040,Agri01_AGC,DE1,228036.46896000006
2040,Agri01_AGC,DE2,417750.2753307335
2040,Agri01_AGC,DE3,464.30352000000016
2040,Agri01_AGC,DE4,196618.15584000002
2040,Agri01_AGC,DE5,1492.7817600000003
2040,Agri01_AGC,DE6,2451.9556799999996
2040,Agri01_AGC,DE7,93561.04393813298
2040,Agri01_AGC,DE8,216917.88479999997
2040,Agri01_AGC,DE9,365822.4617170753
2040,Agri01_AGC,DEA,238268.37744000004
2040,Agri01_AGC,DEB,118555.92576000004
2040,Agri01_AGC,DEC,12606.258240000001
2040,Agri01_AGC,DEE,181834.31808
2040,Agri01_AGC,DED,135310.36896
2040,Agri01_AGC,DEF,91423.879669127
2040,Agri01_AGC,DEG,73098.49135942965
2040,Agri02_OFC,DE1,93330.2383666089
2040,Agri02_OFC,DE2,137678.85867089278
2040,Agri02_OFC,DE3,55835.534983187776
2040,Agri02_OFC,DE4,91992.25439835736
2040,Agri02_OFC,DE5,25918.108822427857
2040,Agri02_OFC,DE6,2801.5050306929916
2040,Agri02_OFC,DE7,29329.733075323096
2040,Agri02_OFC,DE8,90875.92511318931
2040,Agri02_OFC,DE9,122780.60863566124
2040,Agri02_OFC,DEA,94393.62415638696
2040,Agri02_OFC,DEB,57739.212770163205
2040,Agri02_OFC,DEC,39811.926997644805
2040,Agri02_OFC,DEE,69063.04810218756
2040,Agri02_OFC,DED,60867.90745073973
2040,Agri02_OFC,DEF,25851.79309610414
2040,Agri02_OFC,DEG,20671.328901210778
2040,Agri03_No-till,DE1,0.0
2040,Agri03_No-till,DE2,0.0
2040,Agri03_No-till,DE3,0.0
2040,Agri03_No-till,DE4,0.0
2040,Agri03_No-till,DE5,0.0
2040,Agri03_No-till,DE6,0.0
2040,Agri03_No-till,DE7,0.0
2040,Agri03_No-till,DE8,0.0
2040,Agri03_No-till,DE9,0.0
2040,Agri03_No-till,DEA,0.0
2040,Agri03_No-till,DEB,0.0
2040,Agri03_No-till,DEC,0.0
2040,Agri03_No-till,DEE,0.0
2040,Agri03_No-till,DED,0.0
2040,Agri03_No-till,DEF,0.0
2040,Agri03_No-till,DEG,0.0
2040,Agri04_toGrassland,DE1,4264.630221652749
2040,Agri04_toGrassland,DE2,6927.441100463632
2040,Agri04_toGrassland,DE3,2013.347016400097
2040,Agri04_toGrassland,DE4,4092.104843656068
2040,Agri04_toGrassland,DE5,939.6229350882928
2040,Agri04_toGrassland,DE6,110.62845347352554
2040,Agri04_toGrassland,DE7,1564.0515476961386
2040,Agri04_toGrassland,DE8,4132.215328859372
2040,Agri04_toGrassland,DE9,6047.858651825392
2040,Agri04_toGrassland,DEA,4343.427475175109
2040,Agri04_toGrassland,DEB,2549.2220426517893
2040,Agri04_toGrassland,DEC,1484.1328699115656
2040,Agri04_toGrassland,DEE,3207.5656684837186
2040,Agri04_toGrassland,DED,2728.233291648707
2040,Agri04_toGrassland,DEF,1551.741224060085
2040,Agri04_toGrassland,DEG,1240.6921695279461
2040,Agri05_Agroforestry,DE1,771407.0002912047
2040,Agri05_Agroforestry,DE2,904104.5933879104
2040,Agri05_Agroforestry,DE3,1569.4470000000003
2040,Agri05_Agroforestry,DE4,568301.8632000001
2040,Agri05_Agroforestry,DE5,12884.289200000001
2040,Agri05_Agroforestry,DE6,10430.0954
2040,Agri05_Agroforestry,DE7,160151.45166110463
2040,Agri05_Agroforestry,DE8,541264.4638
2040,Agri05_Agroforestry,DE9,854033.1409177738
2040,Agri05_Agroforestry,DEA,701310.8572000001
2040,Agri05_Agroforestry,DEB,412095.97940000007
2040,Agri05_Agroforestry,DEC,57408.62660000002
2040,Agri05_Agroforestry,DEE,284805.80160000006
2040,Agri05_Agroforestry,DED,317295.05600000004
2040,Agri05_Agroforestry,DEF,77525.17310598248
2040,Agri05_Agroforestry,DEG,62024.46248478623
2040,Agri06_Biochar,DE1,0.0
2040,Agri06_Biochar,DE2,0.0
2040,Agri06_Biochar,DE3,0.0
2040,Agri06_Biochar,DE4,0.0
2040,Agri06_Biochar,DE5,0.0
2040,Agri06_Biochar,DE6,0.0
2040,Agri06_Biochar,DE7,0.0
2040,Agri06_Biochar,DE8,0.0
2040,Agri06_Biochar,DE9,0.0
2040,Agri06_Biochar,DEA,0.0
2040,Agri06_Biochar,DEB,0.0
2040,Agri06_Biochar,DEC,0.0
2040,Agri06_Biochar,DEE,0.0
2040,Agri06_Biochar,DED,0.0
2040,Agri06_Biochar,DEF,0.0
2040,Agri06_Biochar,DEG,0.0
2041,Agri01_AGC,DE1,228036.46896000006
2041,Agri01_AGC,DE2,438288.36017432186
2041,Agri01_AGC,DE3,464.30352000000016
2041,Agri01_AGC,DE4,196618.15584000002
2041,Agri01_AGC,DE5,1492.7817600000003
2041,Agri01_AGC,DE6,2451.9556799999996
2041,Agri01_AGC,DE7,97365.31237603106
2041,Agri01_AGC,DE8,216917.88479999997
2041,Agri01_AGC,DE9,384978.49148044613
2041,Agri01_AGC,DEA,238268.37744000004
2041,Agri01_AGC,DEB,118555.92576000004
2041,Agri01_AGC,DEC,12606.258240000001
2041,Agri01_AGC,DEE,181834.31808
2041,Agri01_AGC,DED,135310.36896
2041,Agri01_AGC,DEF,93657.36422429216
2041,Agri01_AGC,DEG,74885.0152241144
2041,Agri02_OFC,DE1,101236.21812530445
2041,Agri02_OFC,DE2,147394.98619711012
2041,Agri02_OFC,DE3,62211.118685417154
2041,Agri02_OFC,DE4,100125.63373481021
2041,Agri02_OFC,DE5,28862.108594845944
2041,Agri02_OFC,DE6,3091.996629600824
2041,Agri02_OFC,DE7,31129.45089556184
2041,Agri02_OFC,DE8,98636.00003687192
2041,Agri02_OFC,DE9,131842.9155398529
2041,Agri02_OFC,DEA,102297.27863285314
2041,Agri02_OFC,DEB,62902.88555251749
2041,Agri02_OFC,DEC,44209.265423523866
2041,Agri02_OFC,DEE,74754.9019464649
2041,Agri02_OFC,DED,66186.33635024616
2041,Agri02_OFC,DEF,26908.406744897988
2041,Agri02_OFC,DEG,21516.495031845712
2041,Agri03_No-till,DE1,0.0
2041,Agri03_No-till,DE2,0.0
2041,Agri03_No-till,DE3,0.0
2041,Agri03_No-till,DE4,0.0
2041,Agri03_No-till,DE5,0.0
2041,Agri03_No-till,DE6,0.0
2041,Agri03_No-till,DE7,0.0
2041,Agri03_No-till,DE8,0.0
2041,Agri03_No-till,DE9,0.0
2041,Agri03_No-till,DEA,0.0
2041,Agri03_No-till,DEB,0.0
2041,Agri03_No-till,DEC,0.0
2041,Agri03_No-till,DEE,0.0
2041,Agri03_No-till,DED,0.0
2041,Agri03_No-till,DEF,0.0
2041,Agri03_No-till,DEG,0.0
2041,Agri04_toGrassland,DE1,4264.630221652749
2041,Agri04_toGrassland,DE2,6927.441100463632
2041,Agri04_toGrassland,DE3,2013.347016400097
2041,Agri04_toGrassland,DE4,4092.104843656068
2041,Agri04_toGrassland,DE5,939.6229350882928
2041,Agri04_toGrassland,DE6,110.62845347352554
2041,Agri04_toGrassland,DE7,1564.0515476961386
2041,Agri04_toGrassland,DE8,4132.215328859372
2041,Agri04_toGrassland,DE9,6047.858651825392
2041,Agri04_toGrassland,DEA,4343.427475175109
2041,Agri04_toGrassland,DEB,2549.2220426517893
2041,Agri04_toGrassland,DEC,1484.1328699115656
2041,Agri04_toGrassland,DEE,3207.5656684837186
2041,Agri04_toGrassland,DED,2728.233291648707
2041,Agri04_toGrassland,DEF,1551.741224060085
2041,Agri04_toGrassland,DEG,1240.6921695279461
2041,Agri05_Agroforestry,DE1,843516.1205875013
2041,Agri05_Agroforestry,DE2,979450.2403451022
2041,Agri05_Agroforestry,DE3,1569.4470000000003
2041,Agri05_Agroforestry,DE4,568301.8632000001
2041,Agri05_Agroforestry,DE5,12884.289200000001
2041,Agri05_Agroforestry,DE6,10430.0954
2041,Agri05_Agroforestry,DE7,171896.90009359646
2041,Agri05_Agroforestry,DE8,541264.4638
2041,Agri05_Agroforestry,DE9,927562.6262396185
2041,Agri05_Agroforestry,DEA,701310.8572000001
2041,Agri05_Agroforestry,DEB,412095.97940000007
2041,Agri05_Agroforestry,DEC,57408.62660000002
2041,Agri05_Agroforestry,DEE,284805.80160000006
2041,Agri05_Agroforestry,DED,317295.05600000004
2041,Agri05_Agroforestry,DEF,79434.74405628456
2041,Agri05_Agroforestry,DEG,63555.96732237621
2041,Agri06_Biochar,DE1,0.0
2041,Agri06_Biochar,DE2,0.0
2041,Agri06_Biochar,DE3,0.0
2041,Agri06_Biochar,DE4,0.0
2041,Agri06_Biochar,DE5,0.0
2041,Agri06_Biochar,DE6,0.0
2041,Agri06_Biochar,DE7,0.0
2041,Agri06_Biochar,DE8,0.0
2041,Agri06_Biochar,DE9,0.0
2041,Agri06_Biochar,DEA,0.0
2041,Agri06_Biochar,DEB,0.0
2041,Agri06_Biochar,DEC,0.0
2041,Agri06_Biochar,DEE,0.0
2041,Agri06_Biochar,DED,0.0
2041,Agri06_Biochar,DEF,0.0
2041,Agri06_Biochar,DEG,0.0
2042,Agri01_AGC,DE1,228036.46896000006
2042,Agri01_AGC,DE2,438288.36017432186
2042,Agri01_AGC,DE3,464.30352000000016
2042,Agri01_AGC,DE4,196618.15584000002
2042,Agri01_AGC,DE5,1492.7817600000003
2042,Agri01_AGC,DE6,2451.9556799999996
2042,Agri01_AGC,DE7,97365.31237603106
2042,Agri01_AGC,DE8,216917.88479999997
2042,Agri01_AGC,DE9,384978.49148044613
2042,Agri01_AGC,DEA,238268.37744000004
2042,Agri01_AGC,DEB,118555.92576000004
2042,Agri01_AGC,DEC,12606.258240000001
2042,Agri01_AGC,DEE,181834.31808
2042,Agri01_AGC,DED,135310.36896
2042,Agri01_AGC,DEF,93657.36422429216
2042,Agri01_AGC,DEG,74885.0152241144
2042,Agri02_OFC,DE1,101236.21812530445
2042,Agri02_OFC,DE2,147394.98619711012
2042,Agri02_OFC,DE3,62211.118685417154
2042,Agri02_OFC,DE4,100125.63373481021
2042,Agri02_OFC,DE5,28862.108594845944
2042,Agri02_OFC,DE6,3091.996629600824
2042,Agri02_OFC,DE7,31129.45089556184
2042,Agri02_OFC,DE8,98636.00003687192
2042,Agri02_OFC,DE9,131842.9155398529
2042,Agri02_OFC,DEA,102297.27863285314
2042,Agri02_OFC,DEB,62902.88555251749
2042,Agri02_OFC,DEC,44209.265423523866
2042,Agri02_OFC,DEE,74754.9019464649
2042,Agri02_OFC,DED,66186.33635024616
2042,Agri02_OFC,DEF,26908.406744897988
2042,Agri02_OFC,DEG,21516.495031845712
2042,Agri03_No-till,DE1,0.0
2042,Agri03_No-till,DE2,0.0
2042,Agri03_No-till,DE3,0.0
2042,Agri03_No-till,DE4,0.0
2042,Agri03_No-till,DE5,0.0
2042,Agri03_No-till,DE6,0.0
2042,Agri03_No-till,DE7,0.0
2042,Agri03_No-till,DE8,0.0
2042,Agri03_No-till,DE9,0.0
2042,Agri03_No-till,DEA,0.0
2042,Agri03_No-till,DEB,0.0
2042,Agri03_No-till,DEC,0.0
2042,Agri03_No-till,DEE,0.0
2042,Agri03_No-till,DED,0.0
2042,Agri03_No-till,DEF,0.0
2042,Agri03_No-till,DEG,0.0
2042,Agri04_toGrassland,DE1,4264.630221652749
2042,Agri04_toGrassland,DE2,6927.441100463632
2042,Agri04_toGrassland,DE3,2013.347016400097
2042,Agri04_toGrassland,DE4,4092.104843656068
2042,Agri04_toGrassland,DE5,939.6229350882928
2042,Agri04_toGrassland,DE6,110.62845347352554
2042,Agri04_toGrassland,DE7,1564.0515476961386
2042,Agri04_toGrassland,DE8,4132.215328859372
2042,Agri04_toGrassland,DE9,6047.858651825392
2042,Agri04_toGrassland,DEA,4343.427475175109
2042,Agri04_toGrassland,DEB,2549.2220426517893
2042,Agri04_toGrassland,DEC,1484.1328699115656
2042,Agri04_toGrassland,DEE,3207.5656684837186
2042,Agri04_toGrassland,DED,2728.233291648707
2042,Agri04_toGrassland,DEF,1551.741224060085
2042,Agri04_toGrassland,DEG,1240.6921695279461
2042,Agri05_Agroforestry,DE1,843516.1205875013
2042,Agri05_Agroforestry,DE2,979450.2403451022
2042,Agri05_Agroforestry,DE3,1569.4470000000003
2042,Agri05_Agroforestry,DE4,568301.8632000001
2042,Agri05_Agroforestry,DE5,12884.289200000001
2042,Agri05_Agroforestry,DE6,10430.0954
2042,Agri05_Agroforestry,DE7,171896.90009359646
2042,Agri05_Agroforestry,DE8,541264.4638
2042,Agri05_Agroforestry,DE9,927562.6262396185
2042,Agri05_Agroforestry,DEA,701310.8572000001
2042,Agri05_Agroforestry,DEB,412095.97940000007
2042,Agri05_Agroforestry,DEC,57408.62660000002
2042,Agri05_Agroforestry,DEE,284805.80160000006
2042,Agri05_Agroforestry,DED,317295.05600000004
2042,Agri05_Agroforestry,DEF,79434.74405628456
2042,Agri05_Agroforestry,DEG,63555.96732237621
2042,Agri06_Biochar,DE1,0.0
2042,Agri06_Biochar,DE2,0.0
2042,Agri06_Biochar,DE3,0.0
2042,Agri06_Biochar,DE4,0.0
2042,Agri06_Biochar,DE5,0.0
2042,Agri06_Biochar,DE6,0.0
2042,Agri06_Biochar,DE7,0.0
2042,Agri06_Biochar,DE8,0.0
2042,Agri06_Biochar,DE9,0.0
2042,Agri06_Biochar,DEA,0.0
2042,Agri06_Biochar,DEB,0.0
2042,Agri06_Biochar,DEC,0.0
2042,Agri06_Biochar,DEE,0.0
2042,Agri06_Biochar,DED,0.0
2042,Agri06_Biochar,DEF,0.0
2042,Agri06_Biochar,DEG,0.0
2043,Agri01_AGC,DE1,228036.46896000006
2043,Agri01_AGC,DE2,438288.36017432186
2043,Agri01_AGC,DE3,464.30352000000016
2043,Agri01_AGC,DE4,196618.15584000002
2043,Agri01_AGC,DE5,1492.7817600000003
2043,Agri01_AGC,DE6,2451.9556799999996
2043,Agri01_AGC,DE7,97365.31237603106
2043,Agri01_AGC,DE8,216917.88479999997
2043,Agri01_AGC,DE9,384978.49148044613
2043,Agri01_AGC,DEA,238268.37744000004
2043,Agri01_AGC,DEB,118555.92576000004
2043,Agri01_AGC,DEC,12606.258240000001
2043,Agri01_AGC,DEE,181834.31808
2043,Agri01_AGC,DED,135310.36896
2043,Agri01_AGC,DEF,93657.36422429216
2043,Agri01_AGC,DEG,74885.0152241144
2043,Agri02_OFC,DE1,101236.21812530445
2043,Agri02_OFC,DE2,147394.98619711012
2043,Agri02_OFC,DE3,62211.118685417154
2043,Agri02_OFC,DE4,100125.63373481021
2043,Agri02_OFC,DE5,28862.108594845944
2043,Agri02_OFC,DE6,3091.996629600824
2043,Agri02_OFC,DE7,31129.45089556184
2043,Agri02_OFC,DE8,98636.00003687192
2043,Agri02_OFC,DE9,131842.9155398529
2043,Agri02_OFC,DEA,102297.27863285314
2043,Agri02_OFC,DEB,62902.88555251749
2043,Agri02_OFC,DEC,44209.265423523866
2043,Agri02_OFC,DEE,74754.9019464649
2043,Agri02_OFC,DED,66186.33635024616
2043,Agri02_OFC,DEF,26908.406744897988
2043,Agri02_OFC,DEG,21516.495031845712
2043,Agri03_No-till,DE1,0.0
2043,Agri03_No-till,DE2,0.0
2043,Agri03_No-till,DE3,0.0
2043,Agri03_No-till,DE4,0.0
2043,Agri03_No-till,DE5,0.0
2043,Agri03_No-till,DE6,0.0
2043,Agri03_No-till,DE7,0.0
2043,Agri03_No-till,DE8,0.0
2043,Agri03_No-till,DE9,0.0
2043,Agri03_No-till,DEA,0.0
2043,Agri03_No-till,DEB,0.0
2043,Agri03_No-till,DEC,0.0
2043,Agri03_No-till,DEE,0.0
2043,Agri03_No-till,DED,0.0
2043,Agri03_No-till,DEF,0.0
2043,Agri03_No-till,DEG,0.0
2043,Agri04_toGrassland,DE1,4264.630221652749
2043,Agri04_toGrassland,DE2,6927.441100463632
2043,Agri04_toGrassland,DE3,2013.347016400097
2043,Agri04_toGrassland,DE4,4092.104843656068
2043,Agri04_toGrassland,DE5,939.6229350882928
2043,Agri04_toGrassland,DE6,110.62845347352554
2043,Agri04_toGrassland,DE7,1564.0515476961386
2043,Agri04_toGrassland,DE8,4132.215328859372
2043,Agri04_toGrassland,DE9,6047.858651825392
2043,Agri04_toGrassland,DEA,4343.427475175109
2043,Agri04_toGrassland,DEB,2549.2220426517893
2043,Agri04_toGrassland,DEC,1484.1328699115656
2043,Agri04_toGrassland,DEE,3207.5656684837186
2043,Agri04_toGrassland,DED,2728.233291648707
2043,Agri04_toGrassland,DEF,1551.741224060085
2043,Agri04_toGrassland,DEG,1240.6921695279461
2043,Agri05_Agroforestry,DE1,843516.1205875013
2043,Agri05_Agroforestry,DE2,979450.2403451022
2043,Agri05_Agroforestry,DE3,1569.4470000000003
2043,Agri05_Agroforestry,DE4,568301.8632000001
2043,Agri05_Agroforestry,DE5,12884.289200000001
2043,Agri05_Agroforestry,DE6,10430.0954
2043,Agri05_Agroforestry,DE7,171896.90009359646
2043,Agri05_Agroforestry,DE8,541264.4638
2043,Agri05_Agroforestry,DE9,927562.6262396185
2043,Agri05_Agroforestry,DEA,701310.8572000001
2043,Agri05_Agroforestry,DEB,412095.97940000007
2043,Agri05_Agroforestry,DEC,57408.62660000002
2043,Agri05_Agroforestry,DEE,284805.80160000006
2043,Agri05_Agroforestry,DED,317295.05600000004
2043,Agri05_Agroforestry,DEF,79434.74405628456
2043,Agri05_Agroforestry,DEG,63555.96732237621
2043,Agri06_Biochar,DE1,0.0
2043,Agri06_Biochar,DE2,0.0
2043,Agri06_Biochar,DE3,0.0
2043,Agri06_Biochar,DE4,0.0
2043,Agri06_Biochar,DE5,0.0
2043,Agri06_Biochar,DE6,0.0
2043,Agri06_Biochar,DE7,0.0
2043,Agri06_Biochar,DE8,0.0
2043,Agri06_Biochar,DE9,0.0
2043,Agri06_Biochar,DEA,0.0
2043,Agri06_Biochar,DEB,0.0
2043,Agri06_Biochar,DEC,0.0
2043,Agri06_Biochar,DEE,0.0
2043,Agri06_Biochar,DED,0.0
2043,Agri06_Biochar,DEF,0.0
2043,Agri06_Biochar,DEG,0.0
2044,Agri01_AGC,DE1,228036.46896000006
2044,Agri01_AGC,DE2,438288.36017432186
2044,Agri01_AGC,DE3,464.30352000000016
2044,Agri01_AGC,DE4,196618.15584000002
2044,Agri01_AGC,DE5,1492.7817600000003
2044,Agri01_AGC,DE6,2451.9556799999996
2044,Agri01_AGC,DE7,97365.31237603106
2044,Agri01_AGC,DE8,216917.88479999997
2044,Agri01_AGC,DE9,384978.49148044613
2044,Agri01_AGC,DEA,238268.37744000004
2044,Agri01_AGC,DEB,118555.92576000004
2044,Agri01_AGC,DEC,12606.258240000001
2044,Agri01_AGC,DEE,181834.31808
2044,Agri01_AGC,DED,135310.36896
2044,Agri01_AGC,DEF,93657.36422429216
2044,Agri01_AGC,DEG,74885.0152241144
2044,Agri02_OFC,DE1,101236.21812530445
2044,Agri02_OFC,DE2,147394.98619711012
2044,Agri02_OFC,DE3,62211.118685417154
2044,Agri02_OFC,DE4,100125.63373481021
2044,Agri02_OFC,DE5,28862.108594845944
2044,Agri02_OFC,DE6,3091.996629600824
2044,Agri02_OFC,DE7,31129.45089556184
2044,Agri02_OFC,DE8,98636.00003687192
2044,Agri02_OFC,DE9,131842.9155398529
2044,Agri02_OFC,DEA,102297.27863285314
2044,Agri02_OFC,DEB,62902.88555251749
2044,Agri02_OFC,DEC,44209.265423523866
2044,Agri02_OFC,DEE,74754.9019464649
2044,Agri02_OFC,DED,66186.33635024616
2044,Agri02_OFC,DEF,26908.406744897988
2044,Agri02_OFC,DEG,21516.495031845712
2044,Agri03_No-till,DE1,0.0
2044,Agri03_No-till,DE2,0.0
2044,Agri03_No-till,DE3,0.0
2044,Agri03_No-till,DE4,0.0
2044,Agri03_No-till,DE5,0.0
2044,Agri03_No-till,DE6,0.0
2044,Agri03_No-till,DE7,0.0
2044,Agri03_No-till,DE8,0.0
2044,Agri03_No-till,DE9,0.0
2044,Agri03_No-till,DEA,0.0
2044,Agri03_No-till,DEB,0.0
2044,Agri03_No-till,DEC,0.0
2044,Agri03_No-till,DEE,0.0
2044,Agri03_No-till,DED,0.0
2044,Agri03_No-till,DEF,0.0
2044,Agri03_No-till,DEG,0.0
2044,Agri04_toGrassland,DE1,4264.630221652749
2044,Agri04_toGrassland,DE2,6927.441100463632
2044,Agri04_toGrassland,DE3,2013.347016400097
2044,Agri04_toGrassland,DE4,4092.104843656068
2044,Agri04_toGrassland,DE5,939.6229350882928
2044,Agri04_toGrassland,DE6,110.62845347352554
2044,Agri04_toGrassland,DE7,1564.0515476961386
2044,Agri04_toGrassland,DE8,4132.215328859372
2044,Agri04_toGrassland,DE9,6047.858651825392
2044,Agri04_toGrassland,DEA,4343.427475175109
2044,Agri04_toGrassland,DEB,2549.2220426517893
2044,Agri04_toGrassland,DEC,1484.1328699115656
2044,Agri04_toGrassland,DEE,3207.5656684837186
2044,Agri04_toGrassland,DED,2728.233291648707
2044,Agri04_toGrassland,DEF,1551.741224060085
2044,Agri04_toGrassland,DEG,1240.6921695279461
2044,Agri05_Agroforestry,DE1,843516.1205875013
2044,Agri05_Agroforestry,DE2,979450.2403451022
2044,Agri05_Agroforestry,DE3,1569.4470000000003
2044,Agri05_Agroforestry,DE4,568301.8632000001
2044,Agri05_Agroforestry,DE5,12884.289200000001
2044,Agri05_Agroforestry,DE6,10430.0954
2044,Agri05_Agroforestry,DE7,171896.90009359646
2044,Agri05_Agroforestry,DE8,541264.4638
2044,Agri05_Agroforestry,DE9,927562.6262396185
2044,Agri05_Agroforestry,DEA,701310.8572000001
2044,Agri05_Agroforestry,DEB,412095.97940000007
2044,Agri05_Agroforestry,DEC,57408.62660000002
2044,Agri05_Agroforestry,DEE,284805.80160000006
2044,Agri05_Agroforestry,DED,317295.05600000004
2044,Agri05_Agroforestry,DEF,79434.74405628456
2044,Agri05_Agroforestry,DEG,63555.96732237621
2044,Agri06_Biochar,DE1,0.0
2044,Agri06_Biochar,DE2,0.0
2044,Agri06_Biochar,DE3,0.0
2044,Agri06_Biochar,DE4,0.0
2044,Agri06_Biochar,DE5,0.0
2044,Agri06_Biochar,DE6,0.0
2044,Agri06_Biochar,DE7,0.0
2044,Agri06_Biochar,DE8,0.0
2044,Agri06_Biochar,DE9,0.0
2044,Agri06_Biochar,DEA,0.0
2044,Agri06_Biochar,DEB,0.0
2044,Agri06_Biochar,DEC,0.0
2044,Agri06_Biochar,DEE,0.0
2044,Agri06_Biochar,DED,0.0
2044,Agri06_Biochar,DEF,0.0
2044,Agri06_Biochar,DEG,0.0
2045,Agri01_AGC,DE1,228036.46896000006
2045,Agri01_AGC,DE2,438288.36017432186
2045,Agri01_AGC,DE3,464.30352000000016
2045,Agri01_AGC,DE4,196618.15584000002
2045,Agri01_AGC,DE5,1492.7817600000003
2045,Agri01_AGC,DE6,2451.9556799999996
2045,Agri01_AGC,DE7,97365.31237603106
2045,Agri01_AGC,DE8,216917.88479999997
2045,Agri01_AGC,DE9,384978.49148044613
2045,Agri01_AGC,DEA,238268.37744000004
2045,Agri01_AGC,DEB,118555.92576000004
2045,Agri01_AGC,DEC,12606.258240000001
2045,Agri01_AGC,DEE,181834.31808
2045,Agri01_AGC,DED,135310.36896
2045,Agri01_AGC,DEF,93657.36422429216
2045,Agri01_AGC,DEG,74885.0152241144
2045,Agri02_OFC,DE1,101236.21812530445
2045,Agri02_OFC,DE2,147394.98619711012
2045,Agri02_OFC,DE3,62211.118685417154
2045,Agri02_OFC,DE4,100125.63373481021
2045,Agri02_OFC,DE5,28862.108594845944
2045,Agri02_OFC,DE6,3091.996629600824
2045,Agri02_OFC,DE7,31129.45089556184
2045,Agri02_OFC,DE8,98636.00003687192
2045,Agri02_OFC,DE9,131842.9155398529
2045,Agri02_OFC,DEA,102297.27863285314
2045,Agri02_OFC,DEB,62902.88555251749
2045,Agri02_OFC,DEC,44209.265423523866
2045,Agri02_OFC,DEE,74754.9019464649
2045,Agri02_OFC,DED,66186.33635024616
2045,Agri02_OFC,DEF,26908.406744897988
2045,Agri02_OFC,DEG,21516.495031845712
2045,Agri03_No-till,DE1,0.0
2045,Agri03_No-till,DE2,0.0
2045,Agri03_No-till,DE3,0.0
2045,Agri03_No-till,DE4,0.0
2045,Agri03_No-till,DE5,0.0
2045,Agri03_No-till,DE6,0.0
2045,Agri03_No-till,DE7,0.0
2045,Agri03_No-till,DE8,0.0
2045,Agri03_No-till,DE9,0.0
2045,Agri03_No-till,DEA,0.0
2045,Agri03_No-till,DEB,0.0
2045,Agri03_No-till,DEC,0.0
2045,Agri03_No-till,DEE,0.0
2045,Agri03_No-till,DED,0.0
2045,Agri03_No-till,DEF,0.0
2045,Agri03_No-till,DEG,0.0
2045,Agri04_toGrassland,DE1,4264.630221652749
2045,Agri04_toGrassland,DE2,6927.441100463632
2045,Agri04_toGrassland,DE3,2013.347016400097
2045,Agri04_toGrassland,DE4,4092.104843656068
2045,Agri04_toGrassland,DE5,939.6229350882928
2045,Agri04_toGrassland,DE6,110.62845347352554
2045,Agri04_toGrassland,DE7,1564.0515476961386
2045,Agri04_toGrassland,DE8,4132.215328859372
2045,Agri04_toGrassland,DE9,6047.858651825392
2045,Agri04_toGrassland,DEA,4343.427475175109
2045,Agri04_toGrassland,DEB,2549.2220426517893
2045,Agri04_toGrassland,DEC,1484.1328699115656
2045,Agri04_toGrassland,DEE,3207.5656684837186
2045,Agri04_toGrassland,DED,2728.233291648707
2045,Agri04_toGrassland,DEF,1551.741224060085
2045,Agri04_toGrassland,DEG,1240.6921695279461
2045,Agri05_Agroforestry,DE1,843516.1205875013
2045,Agri05_Agroforestry,DE2,979450.2403451022
2045,Agri05_Agroforestry,DE3,1569.4470000000003
2045,Agri05_Agroforestry,DE4,568301.8632000001
2045,Agri05_Agroforestry,DE5,12884.289200000001
2045,Agri05_Agroforestry,DE6,10430.0954
2045,Agri05_Agroforestry,DE7,171896.90009359646
2045,Agri05_Agroforestry,DE8,541264.4638
2045,Agri05_Agroforestry,DE9,927562.6262396185
2045,Agri05_Agroforestry,DEA,701310.8572000001
2045,Agri05_Agroforestry,DEB,412095.97940000007
2045,Agri05_Agroforestry,DEC,57408.62660000002
2045,Agri05_Agroforestry,DEE,284805.80160000006
2045,Agri05_Agroforestry,DED,317295.05600000004
2045,Agri05_Agroforestry,DEF,79434.74405628456
2045,Agri05_Agroforestry,DEG,63555.96732237621
2045,Agri06_Biochar,DE1,0.0
2045,Agri06_Biochar,DE2,0.0
2045,Agri06_Biochar,DE3,0.0
2045,Agri06_Biochar,DE4,0.0
2045,Agri06_Biochar,DE5,0.0
2045,Agri06_Biochar,DE6,0.0
2045,Agri06_Biochar,DE7,0.0
2045,Agri06_Biochar,DE8,0.0
2045,Agri06_Biochar,DE9,0.0
2045,Agri06_Biochar,DEA,0.0
2045,Agri06_Biochar,DEB,0.0
2045,Agri06_Biochar,DEC,0.0
2045,Agri06_Biochar,DEE,0.0
2045,Agri06_Biochar,DED,0.0
2045,Agri06_Biochar,DEF,0.0
2045,Agri06_Biochar,DEG,0.0
2046,Agri01_AGC,DE1,228036.46896000006
2046,Agri01_AGC,DE2,438288.36017432186
2046,Agri01_AGC,DE3,464.30352000000016
2046,Agri01_AGC,DE4,196618.15584000002
2046,Agri01_AGC,DE5,1492.7817600000003
2046,Agri01_AGC,DE6,2451.9556799999996
2046,Agri01_AGC,DE7,97365.31237603106
2046,Agri01_AGC,DE8,216917.88479999997
2046,Agri01_AGC,DE9,384978.49148044613
2046,Agri01_AGC,DEA,238268.37744000004
2046,Agri01_AGC,DEB,118555.92576000004
2046,Agri01_AGC,DEC,12606.258240000001
2046,Agri01_AGC,DEE,181834.31808
2046,Agri01_AGC,DED,135310.36896
2046,Agri01_AGC,DEF,93657.36422429216
2046,Agri01_AGC,DEG,74885.0152241144
2046,Agri02_OFC,DE1,101236.21812530445
2046,Agri02_OFC,DE2,147394.98619711012
2046,Agri02_OFC,DE3,62211.118685417154
2046,Agri02_OFC,DE4,100125.63373481021
2046,Agri02_OFC,DE5,28862.108594845944
2046,Agri02_OFC,DE6,3091.996629600824
2046,Agri02_OFC,DE7,31129.45089556184
2046,Agri02_OFC,DE8,98636.00003687192
2046,Agri02_OFC,DE9,131842.9155398529
2046,Agri02_OFC,DEA,102297.27863285314
2046,Agri02_OFC,DEB,62902.88555251749
2046,Agri02_OFC,DEC,44209.265423523866
2046,Agri02_OFC,DEE,74754.9019464649
2046,Agri02_OFC,DED,66186.33635024616
2046,Agri02_OFC,DEF,26908.406744897988
2046,Agri02_OFC,DEG,21516.495031845712
2046,Agri03_No-till,DE1,0.0
2046,Agri03_No-till,DE2,0.0
2046,Agri03_No-till,DE3,0.0
2046,Agri03_No-till,DE4,0.0
2046,Agri03_No-till,DE5,0.0
2046,Agri03_No-till,DE6,0.0
2046,Agri03_No-till,DE7,0.0
2046,Agri03_No-till,DE8,0.0
2046,Agri03_No-till,DE9,0.0
2046,Agri03_No-till,DEA,0.0
2046,Agri03_No-till,DEB,0.0
2046,Agri03_No-till,DEC,0.0
2046,Agri03_No-till,DEE,0.0
2046,Agri03_No-till,DED,0.0
2046,Agri03_No-till,DEF,0.0
2046,Agri03_No-till,DEG,0.0
2046,Agri04_toGrassland,DE1,4264.630221652749
2046,Agri04_toGrassland,DE2,6927.441100463632
2046,Agri04_toGrassland,DE3,2013.347016400097
2046,Agri04_toGrassland,DE4,4092.104843656068
2046,Agri04_toGrassland,DE5,939.6229350882928
2046,Agri04_toGrassland,DE6,110.62845347352554
2046,Agri04_toGrassland,DE7,1564.0515476961386
2046,Agri04_toGrassland,DE8,4132.215328859372
2046,Agri04_toGrassland,DE9,6047.858651825392
2046,Agri04_toGrassland,DEA,4343.427475175109
2046,Agri04_toGrassland,DEB,2549.2220426517893
2046,Agri04_toGrassland,DEC,1484.1328699115656
2046,Agri04_toGrassland,DEE,3207.5656684837186
2046,Agri04_toGrassland,DED,2728.233291648707
2046,Agri04_toGrassland,DEF,1551.741224060085
2046,Agri04_toGrassland,DEG,1240.6921695279461
2046,Agri05_Agroforestry,DE1,843516.1205875013
2046,Agri05_Agroforestry,DE2,979450.2403451022
2046,Agri05_Agroforestry,DE3,1569.4470000000003
2046,Agri05_Agroforestry,DE4,568301.8632000001
2046,Agri05_Agroforestry,DE5,12884.289200000001
2046,Agri05_Agroforestry,DE6,10430.0954
2046,Agri05_Agroforestry,DE7,171896.90009359646
2046,Agri05_Agroforestry,DE8,541264.4638
2046,Agri05_Agroforestry,DE9,927562.6262396185
2046,Agri05_Agroforestry,DEA,701310.8572000001
2046,Agri05_Agroforestry,DEB,412095.97940000007
2046,Agri05_Agroforestry,DEC,57408.62660000002
2046,Agri05_Agroforestry,DEE,284805.80160000006
2046,Agri05_Agroforestry,DED,317295.05600000004
2046,Agri05_Agroforestry,DEF,79434.74405628456
2046,Agri05_Agroforestry,DEG,63555.96732237621
2046,Agri06_Biochar,DE1,0.0
2046,Agri06_Biochar,DE2,0.0
2046,Agri06_Biochar,DE3,0.0
2046,Agri06_Biochar,DE4,0.0
2046,Agri06_Biochar,DE5,0.0
2046,Agri06_Biochar,DE6,0.0
2046,Agri06_Biochar,DE7,0.0
2046,Agri06_Biochar,DE8,0.0
2046,Agri06_Biochar,DE9,0.0
2046,Agri06_Biochar,DEA,0.0
2046,Agri06_Biochar,DEB,0.0
2046,Agri06_Biochar,DEC,0.0
2046,Agri06_Biochar,DEE,0.0
2046,Agri06_Biochar,DED,0.0
2046,Agri06_Biochar,DEF,0.0
2046,Agri06_Biochar,DEG,0.0
2047,Agri01_AGC,DE1,228036.46896000006
2047,Agri01_AGC,DE2,438288.36017432186
2047,Agri01_AGC,DE3,464.30352000000016
2047,Agri01_AGC,DE4,196618.15584000002
2047,Agri01_AGC,DE5,1492.7817600000003
2047,Agri01_AGC,DE6,2451.9556799999996
2047,Agri01_AGC,DE7,97365.31237603106
2047,Agri01_AGC,DE8,216917.88479999997
2047,Agri01_AGC,DE9,384978.49148044613
2047,Agri01_AGC,DEA,238268.37744000004
2047,Agri01_AGC,DEB,118555.92576000004
2047,Agri01_AGC,DEC,12606.258240000001
2047,Agri01_AGC,DEE,181834.31808
2047,Agri01_AGC,DED,135310.36896
2047,Agri01_AGC,DEF,93657.36422429216
2047,Agri01_AGC,DEG,74885.0152241144
2047,Agri02_OFC,DE1,101236.21812530445
2047,Agri02_OFC,DE2,147394.98619711012
2047,Agri02_OFC,DE3,62211.118685417154
2047,Agri02_OFC,DE4,100125.63373481021
2047,Agri02_OFC,DE5,28862.108594845944
2047,Agri02_OFC,DE6,3091.996629600824
2047,Agri02_OFC,DE7,31129.45089556184
2047,Agri02_OFC,DE8,98636.00003687192
2047,Agri02_OFC,DE9,131842.9155398529
2047,Agri02_OFC,DEA,102297.27863285314
2047,Agri02_OFC,DEB,62902.88555251749
2047,Agri02_OFC,DEC,44209.265423523866
2047,Agri02_OFC,DEE,74754.9019464649
2047,Agri02_OFC,DED,66186.33635024616
2047,Agri02_OFC,DEF,26908.406744897988
2047,Agri02_OFC,DEG,21516.495031845712
2047,Agri03_No-till,DE1,0.0
2047,Agri03_No-till,DE2,0.0
2047,Agri03_No-till,DE3,0.0
2047,Agri03_No-till,DE4,0.0
2047,Agri03_No-till,DE5,0.0
2047,Agri03_No-till,DE6,0.0
2047,Agri03_No-till,DE7,0.0
2047,Agri03_No-till,DE8,0.0
2047,Agri03_No-till,DE9,0.0
2047,Agri03_No-till,DEA,0.0
2047,Agri03_No-till,DEB,0.0
2047,Agri03_No-till,DEC,0.0
2047,Agri03_No-till,DEE,0.0
2047,Agri03_No-till,DED,0.0
2047,Agri03_No-till,DEF,0.0
2047,Agri03_No-till,DEG,0.0
2047,Agri04_toGrassland,DE1,4264.630221652749
2047,Agri04_toGrassland,DE2,6927.441100463632
2047,Agri04_toGrassland,DE3,2013.347016400097
2047,Agri04_toGrassland,DE4,4092.104843656068
2047,Agri04_toGrassland,DE5,939.6229350882928
2047,Agri04_toGrassland,DE6,110.62845347352554
2047,Agri04_toGrassland,DE7,1564.0515476961386
2047,Agri04_toGrassland,DE8,4132.215328859372
2047,Agri04_toGrassland,DE9,6047.858651825392
2047,Agri04_toGrassland,DEA,4343.427475175109
2047,Agri04_toGrassland,DEB,2549.2220426517893
2047,Agri04_toGrassland,DEC,1484.1328699115656
2047,Agri04_toGrassland,DEE,3207.5656684837186
2047,Agri04_toGrassland,DED,2728.233291648707
2047,Agri04_toGrassland,DEF,1551.741224060085
2047,Agri04_toGrassland,DEG,1240.6921695279461
2047,Agri05_Agroforestry,DE1,843516.1205875013
2047,Agri05_Agroforestry,DE2,979450.2403451022
2047,Agri05_Agroforestry,DE3,1569.4470000000003
2047,Agri05_Agroforestry,DE4,568301.8632000001
2047,Agri05_Agroforestry,DE5,12884.289200000001
2047,Agri05_Agroforestry,DE6,10430.0954
2047,Agri05_Agroforestry,DE7,171896.90009359646
2047,Agri05_Agroforestry,DE8,541264.4638
2047,Agri05_Agroforestry,DE9,927562.6262396185
2047,Agri05_Agroforestry,DEA,701310.8572000001
2047,Agri05_Agroforestry,DEB,412095.97940000007
2047,Agri05_Agroforestry,DEC,57408.62660000002
2047,Agri05_Agroforestry,DEE,284805.80160000006
2047,Agri05_Agroforestry,DED,317295.05600000004
2047,Agri05_Agroforestry,DEF,79434.74405628456
2047,Agri05_Agroforestry,DEG,63555.96732237621
2047,Agri06_Biochar,DE1,0.0
2047,Agri06_Biochar,DE2,0.0
2047,Agri06_Biochar,DE3,0.0
2047,Agri06_Biochar,DE4,0.0
2047,Agri06_Biochar,DE5,0.0
2047,Agri06_Biochar,DE6,0.0
2047,Agri06_Biochar,DE7,0.0
2047,Agri06_Biochar,DE8,0.0
2047,Agri06_Biochar,DE9,0.0
2047,Agri06_Biochar,DEA,0.0
2047,Agri06_Biochar,DEB,0.0
2047,Agri06_Biochar,DEC,0.0
2047,Agri06_Biochar,DEE,0.0
2047,Agri06_Biochar,DED,0.0
2047,Agri06_Biochar,DEF,0.0
2047,Agri06_Biochar,DEG,0.0
2048,Agri01_AGC,DE1,228036.46896000006
2048,Agri01_AGC,DE2,438288.36017432186
2048,Agri01_AGC,DE3,464.30352000000016
2048,Agri01_AGC,DE4,196618.15584000002
2048,Agri01_AGC,DE5,1492.7817600000003
2048,Agri01_AGC,DE6,2451.9556799999996
2048,Agri01_AGC,DE7,97365.31237603106
2048,Agri01_AGC,DE8,216917.88479999997
2048,Agri01_AGC,DE9,384978.49148044613
2048,Agri01_AGC,DEA,238268.37744000004
2048,Agri01_AGC,DEB,118555.92576000004
2048,Agri01_AGC,DEC,12606.258240000001
2048,Agri01_AGC,DEE,181834.31808
2048,Agri01_AGC,DED,135310.36896
2048,Agri01_AGC,DEF,93657.36422429216
2048,Agri01_AGC,DEG,74885.0152241144
2048,Agri02_OFC,DE1,101236.21812530445
2048,Agri02_OFC,DE2,147394.98619711012
2048,Agri02_OFC,DE3,62211.118685417154
2048,Agri02_OFC,DE4,100125.63373481021
2048,Agri02_OFC,DE5,28862.108594845944
2048,Agri02_OFC,DE6,3091.996629600824
2048,Agri02_OFC,DE7,31129.45089556184
2048,Agri02_OFC,DE8,98636.00003687192
2048,Agri02_OFC,DE9,131842.9155398529
2048,Agri02_OFC,DEA,102297.27863285314
2048,Agri02_OFC,DEB,62902.88555251749
2048,Agri02_OFC,DEC,44209.265423523866
2048,Agri02_OFC,DEE,74754.9019464649
2048,Agri02_OFC,DED,66186.33635024616
2048,Agri02_OFC,DEF,26908.406744897988
2048,Agri02_OFC,DEG,21516.495031845712
2048,Agri03_No-till,DE1,0.0
2048,Agri03_No-till,DE2,0.0
2048,Agri03_No-till,DE3,0.0
2048,Agri03_No-till,DE4,0.0
2048,Agri03_No-till,DE5,0.0
2048,Agri03_No-till,DE6,0.0
2048,Agri03_No-till,DE7,0.0
2048,Agri03_No-till,DE8,0.0
2048,Agri03_No-till,DE9,0.0
2048,Agri03_No-till,DEA,0.0
2048,Agri03_No-till,DEB,0.0
2048,Agri03_No-till,DEC,0.0
2048,Agri03_No-till,DEE,0.0
2048,Agri03_No-till,DED,0.0
2048,Agri03_No-till,DEF,0.0
2048,Agri03_No-till,DEG,0.0
2048,Agri04_toGrassland,DE1,4264.630221652749
2048,Agri04_toGrassland,DE2,6927.441100463632
2048,Agri04_toGrassland,DE3,2013.347016400097
2048,Agri04_toGrassland,DE4,4092.104843656068
2048,Agri04_toGrassland,DE5,939.6229350882928
2048,Agri04_toGrassland,DE6,110.62845347352554
2048,Agri04_toGrassland,DE7,1564.0515476961386
2048,Agri04_toGrassland,DE8,4132.215328859372
2048,Agri04_toGrassland,DE9,6047.858651825392
2048,Agri04_toGrassland,DEA,4343.427475175109
2048,Agri04_toGrassland,DEB,2549.2220426517893
2048,Agri04_toGrassland,DEC,1484.1328699115656
2048,Agri04_toGrassland,DEE,3207.5656684837186
2048,Agri04_toGrassland,DED,2728.233291648707
2048,Agri04_toGrassland,DEF,1551.741224060085
2048,Agri04_toGrassland,DEG,1240.6921695279461
2048,Agri05_Agroforestry,DE1,843516.1205875013
2048,Agri05_Agroforestry,DE2,979450.2403451022
2048,Agri05_Agroforestry,DE3,1569.4470000000003
2048,Agri05_Agroforestry,DE4,568301.8632000001
2048,Agri05_Agroforestry,DE5,12884.289200000001
2048,Agri05_Agroforestry,DE6,10430.0954
2048,Agri05_Agroforestry,DE7,171896.90009359646
2048,Agri05_Agroforestry,DE8,541264.4638
2048,Agri05_Agroforestry,DE9,927562.6262396185
2048,Agri05_Agroforestry,DEA,701310.8572000001
2048,Agri05_Agroforestry,DEB,412095.97940000007
2048,Agri05_Agroforestry,DEC,57408.62660000002
2048,Agri05_Agroforestry,DEE,284805.80160000006
2048,Agri05_Agroforestry,DED,317295.05600000004
2048,Agri05_Agroforestry,DEF,79434.74405628456
2048,Agri05_Agroforestry,DEG,63555.96732237621
2048,Agri06_Biochar,DE1,0.0
2048,Agri06_Biochar,DE2,0.0
2048,Agri06_Biochar,DE3,0.0
2048,Agri06_Biochar,DE4,0.0
2048,Agri06_Biochar,DE5,0.0
2048,Agri06_Biochar,DE6,0.0
2048,Agri06_Biochar,DE7,0.0
2048,Agri06_Biochar,DE8,0.0
2048,Agri06_Biochar,DE9,0.0
2048,Agri06_Biochar,DEA,0.0
2048,Agri06_Biochar,DEB,0.0
2048,Agri06_Biochar,DEC,0.0
2048,Agri06_Biochar,DEE,0.0
2048,Agri06_Biochar,DED,0.0
2048,Agri06_Biochar,DEF,0.0
2048,Agri06_Biochar,DEG,0.0
2049,Agri01_AGC,DE1,228036.46896000006
2049,Agri01_AGC,DE2,438288.36017432186
2049,Agri01_AGC,DE3,464.30352000000016
2049,Agri01_AGC,DE4,196618.15584000002
2049,Agri01_AGC,DE5,1492.7817600000003
2049,Agri01_AGC,DE6,2451.9556799999996
2049,Agri01_AGC,DE7,97365.31237603106
2049,Agri01_AGC,DE8,216917.88479999997
2049,Agri01_AGC,DE9,384978.49148044613
2049,Agri01_AGC,DEA,238268.37744000004
2049,Agri01_AGC,DEB,118555.92576000004
2049,Agri01_AGC,DEC,12606.258240000001
2049,Agri01_AGC,DEE,181834.31808
2049,Agri01_AGC,DED,135310.36896
2049,Agri01_AGC,DEF,93657.36422429216
2049,Agri01_AGC,DEG,74885.0152241144
2049,Agri02_OFC,DE1,101236.21812530445
2049,Agri02_OFC,DE2,147394.98619711012
2049,Agri02_OFC,DE3,62211.118685417154
2049,Agri02_OFC,DE4,100125.63373481021
2049,Agri02_OFC,DE5,28862.108594845944
2049,Agri02_OFC,DE6,3091.996629600824
2049,Agri02_OFC,DE7,31129.45089556184
2049,Agri02_OFC,DE8,98636.00003687192
2049,Agri02_OFC,DE9,131842.9155398529
2049,Agri02_OFC,DEA,102297.27863285314
2049,Agri02_OFC,DEB,62902.88555251749
2049,Agri02_OFC,DEC,44209.265423523866
2049,Agri02_OFC,DEE,74754.9019464649
2049,Agri02_OFC,DED,66186.33635024616
2049,Agri02_OFC,DEF,26908.406744897988
2049,Agri02_OFC,DEG,21516.495031845712
2049,Agri03_No-till,DE1,0.0
2049,Agri03_No-till,DE2,0.0
2049,Agri03_No-till,DE3,0.0
2049,Agri03_No-till,DE4,0.0
2049,Agri03_No-till,DE5,0.0
2049,Agri03_No-till,DE6,0.0
2049,Agri03_No-till,DE7,0.0
2049,Agri03_No-till,DE8,0.0
2049,Agri03_No-till,DE9,0.0
2049,Agri03_No-till,DEA,0.0
2049,Agri03_No-till,DEB,0.0
2049,Agri03_No-till,DEC,0.0
2049,Agri03_No-till,DEE,0.0
2049,Agri03_No-till,DED,0.0
2049,Agri03_No-till,DEF,0.0
2049,Agri03_No-till,DEG,0.0
2049,Agri04_toGrassland,DE1,4264.630221652749
2049,Agri04_toGrassland,DE2,6927.441100463632
2049,Agri04_toGrassland,DE3,2013.347016400097
2049,Agri04_toGrassland,DE4,4092.104843656068
2049,Agri04_toGrassland,DE5,939.6229350882928
2049,Agri04_toGrassland,DE6,110.62845347352554
2049,Agri04_toGrassland,DE7,1564.0515476961386
2049,Agri04_toGrassland,DE8,4132.215328859372
2049,Agri04_toGrassland,DE9,6047.858651825392
2049,Agri04_toGrassland,DEA,4343.427475175109
2049,Agri04_toGrassland,DEB,2549.2220426517893
2049,Agri04_toGrassland,DEC,1484.1328699115656
2049,Agri04_toGrassland,DEE,3207.5656684837186
2049,Agri04_toGrassland,DED,2728.233291648707
2049,Agri04_toGrassland,DEF,1551.741224060085
2049,Agri04_toGrassland,DEG,1240.6921695279461
2049,Agri05_Agroforestry,DE1,843516.1205875013
2049,Agri05_Agroforestry,DE2,979450.2403451022
2049,Agri05_Agroforestry,DE3,1569.4470000000003
2049,Agri05_Agroforestry,DE4,568301.8632000001
2049,Agri05_Agroforestry,DE5,12884.289200000001
2049,Agri05_Agroforestry,DE6,10430.0954
2049,Agri05_Agroforestry,DE7,171896.90009359646
2049,Agri05_Agroforestry,DE8,541264.4638
2049,Agri05_Agroforestry,DE9,927562.6262396185
2049,Agri05_Agroforestry,DEA,701310.8572000001
2049,Agri05_Agroforestry,DEB,412095.97940000007
2049,Agri05_Agroforestry,DEC,57408.62660000002
2049,Agri05_Agroforestry,DEE,284805.80160000006
2049,Agri05_Agroforestry,DED,317295.05600000004
2049,Agri05_Agroforestry,DEF,79434.74405628456
2049,Agri05_Agroforestry,DEG,63555.96732237621
2049,Agri06_Biochar,DE1,0.0
2049,Agri06_Biochar,DE2,0.0
2049,Agri06_Biochar,DE3,0.0
2049,Agri06_Biochar,DE4,0.0
2049,Agri06_Biochar,DE5,0.0
2049,Agri06_Biochar,DE6,0.0
2049,Agri06_Biochar,DE7,0.0
2049,Agri06_Biochar,DE8,0.0
2049,Agri06_Biochar,DE9,0.0
2049,Agri06_Biochar,DEA,0.0
2049,Agri06_Biochar,DEB,0.0
2049,Agri06_Biochar,DEC,0.0
2049,Agri06_Biochar,DEE,0.0
2049,Agri06_Biochar,DED,0.0
2049,Agri06_Biochar,DEF,0.0
2049,Agri06_Biochar,DEG,0.0
2050,Agri01_AGC,DE1,228036.46896000006
2050,Agri01_AGC,DE2,438288.36017432186
2050,Agri01_AGC,DE3,464.30352000000016
2050,Agri01_AGC,DE4,196618.15584000002
2050,Agri01_AGC,DE5,1492.7817600000003
2050,Agri01_AGC,DE6,2451.9556799999996
2050,Agri01_AGC,DE7,97365.31237603106
2050,Agri01_AGC,DE8,216917.88479999997
2050,Agri01_AGC,DE9,384978.49148044613
2050,Agri01_AGC,DEA,238268.37744000004
2050,Agri01_AGC,DEB,118555.92576000004
2050,Agri01_AGC,DEC,12606.258240000001
2050,Agri01_AGC,DEE,181834.31808
2050,Agri01_AGC,DED,135310.36896
2050,Agri01_AGC,DEF,93657.36422429216
2050,Agri01_AGC,DEG,74885.0152241144
2050,Agri02_OFC,DE1,101236.21812530445
2050,Agri02_OFC,DE2,147394.98619711012
2050,Agri02_OFC,DE3,62211.118685417154
2050,Agri02_OFC,DE4,100125.63373481021
2050,Agri02_OFC,DE5,28862.108594845944
2050,Agri02_OFC,DE6,3091.996629600824
2050,Agri02_OFC,DE7,31129.45089556184
2050,Agri02_OFC,DE8,98636.00003687192
2050,Agri02_OFC,DE9,131842.9155398529
2050,Agri02_OFC,DEA,102297.27863285314
2050,Agri02_OFC,DEB,62902.88555251749
2050,Agri02_OFC,DEC,44209.265423523866
2050,Agri02_OFC,DEE,74754.9019464649
2050,Agri02_OFC,DED,66186.33635024616
2050,Agri02_OFC,DEF,26908.406744897988
2050,Agri02_OFC,DEG,21516.495031845712
2050,Agri03_No-till,DE1,0.0
2050,Agri03_No-till,DE2,0.0
2050,Agri03_No-till,DE3,0.0
2050,Agri03_No-till,DE4,0.0
2050,Agri03_No-till,DE5,0.0
2050,Agri03_No-till,DE6,0.0
2050,Agri03_No-till,DE7,0.0
2050,Agri03_No-till,DE8,0.0
2050,Agri03_No-till,DE9,0.0
2050,Agri03_No-till,DEA,0.0
2050,Agri03_No-till,DEB,0.0
2050,Agri03_No-till,DEC,0.0
2050,Agri03_No-till,DEE,0.0
2050,Agri03_No-till,DED,0.0
2050,Agri03_No-till,DEF,0.0
2050,Agri03_No-till,DEG,0.0
2050,Agri04_toGrassland,DE1,4264.630221652749
2050,Agri04_toGrassland,DE2,6927.441100463632
2050,Agri04_toGrassland,DE3,2013.347016400097
2050,Agri04_toGrassland,DE4,4092.104843656068
2050,Agri04_toGrassland,DE5,939.6229350882928
2050,Agri04_toGrassland,DE6,110.62845347352554
2050,Agri04_toGrassland,DE7,1564.0515476961386
2050,Agri04_toGrassland,DE8,4132.215328859372
2050,Agri04_toGrassland,DE9,6047.858651825392
2050,Agri04_toGrassland,DEA,4343.427475175109
2050,Agri04_toGrassland,DEB,2549.2220426517893
2050,Agri04_toGrassland,DEC,1484.1328699115656
2050,Agri04_toGrassland,DEE,3207.5656684837186
2050,Agri04_toGrassland,DED,2728.233291648707
2050,Agri04_toGrassland,DEF,1551.741224060085
2050,Agri04_toGrassland,DEG,1240.6921695279461
2050,Agri05_Agroforestry,DE1,843516.1205875013
2050,Agri05_Agroforestry,DE2,979450.2403451022
2050,Agri05_Agroforestry,DE3,1569.4470000000003
2050,Agri05_Agroforestry,DE4,568301.8632000001
2050,Agri05_Agroforestry,DE5,12884.289200000001
2050,Agri05_Agroforestry,DE6,10430.0954
2050,Agri05_Agroforestry,DE7,171896.90009359646
2050,Agri05_Agroforestry,DE8,541264.4638
2050,Agri05_Agroforestry,DE9,927562.6262396185
2050,Agri05_Agroforestry,DEA,701310.8572000001
2050,Agri05_Agroforestry,DEB,412095.97940000007
2050,Agri05_Agroforestry,DEC,57408.62660000002
2050,Agri05_Agroforestry,DEE,284805.80160000006
2050,Agri05_Agroforestry,DED,317295.05600000004
2050,Agri05_Agroforestry,DEF,79434.74405628456
2050,Agri05_Agroforestry,DEG,63555.96732237621
2050,Agri06_Biochar,DE1,0.0
2050,Agri06_Biochar,DE2,0.0
2050,Agri06_Biochar,DE3,0.0
2050,Agri06_Biochar,DE4,0.0
2050,Agri06_Biochar,DE5,0.0
2050,Agri06_Biochar,DE6,0.0
2050,Agri06_Biochar,DE7,0.0
2050,Agri06_Biochar,DE8,0.0
2050,Agri06_Biochar,DE9,0.0
2050,Agri06_Biochar,DEA,0.0
2050,Agri06_Biochar,DEB,0.0
2050,Agri06_Biochar,DEC,0.0
2050,Agri06_Biochar,DEE,0.0
2050,Agri06_Biochar,DED,0.0
2050,Agri06_Biochar,DEF,0.0
2050,Agri06_Biochar,DEG,0.0
