year,techAgri,r,capAgri
2020,Agri01_AGC,DE1,0.0
2020,Agri01_AGC,DE2,0.0
2020,Agri01_AGC,DE3,0.0
2020,Agri01_AGC,DE4,0.0
2020,Agri01_AGC,DE5,0.0
2020,Agri01_AGC,DE6,0.0
2020,Agri01_AGC,DE7,0.0
2020,Agri01_AGC,DE8,0.0
2020,Agri01_AGC,DE9,0.0
2020,Agri01_AGC,DEA,0.0
2020,Agri01_AGC,DEB,0.0
2020,Agri01_AGC,DEC,0.0
2020,Agri01_AGC,DEE,0.0
2020,Agri01_AGC,DED,0.0
2020,Agri01_AGC,DEF,0.0
2020,Agri01_AGC,DEG,0.0
2020,Agri02_OFC,DE1,0.0
2020,Agri02_OFC,DE2,0.0
2020,Agri02_OFC,DE3,0.0
2020,Agri02_OFC,DE4,0.0
2020,Agri02_OFC,DE5,0.0
2020,Agri02_OFC,DE6,0.0
2020,Agri02_OFC,DE7,0.0
2020,Agri02_OFC,DE8,0.0
2020,Agri02_OFC,DE9,0.0
2020,Agri02_OFC,DEA,0.0
2020,Agri02_OFC,DEB,0.0
2020,Agri02_OFC,DEC,0.0
2020,Agri02_OFC,DEE,0.0
2020,Agri02_OFC,DED,0.0
2020,Agri02_OFC,DEF,0.0
2020,Agri02_OFC,DEG,0.0
2020,Agri03_No-till,DE1,0.0
2020,Agri03_No-till,DE2,0.0
2020,Agri03_No-till,DE3,0.0
2020,Agri03_No-till,DE4,0.0
2020,Agri03_No-till,DE5,0.0
2020,Agri03_No-till,DE6,0.0
2020,Agri03_No-till,DE7,0.0
2020,Agri03_No-till,DE8,0.0
2020,Agri03_No-till,DE9,0.0
2020,Agri03_No-till,DEA,0.0
2020,Agri03_No-till,DEB,0.0
2020,Agri03_No-till,DEC,0.0
2020,Agri03_No-till,DEE,0.0
2020,Agri03_No-till,DED,0.0
2020,Agri03_No-till,DEF,0.0
2020,Agri03_No-till,DEG,0.0
2020,Agri04_toGrassland,DE1,0.0
2020,Agri04_toGrassland,DE2,0.0
2020,Agri04_toGrassland,DE3,0.0
2020,Agri04_toGrassland,DE4,0.0
2020,Agri04_toGrassland,DE5,0.0
2020,Agri04_toGrassland,DE6,0.0
2020,Agri04_toGrassland,DE7,0.0
2020,Agri04_toGrassland,DE8,0.0
2020,Agri04_toGrassland,DE9,0.0
2020,Agri04_toGrassland,DEA,0.0
2020,Agri04_toGrassland,DEB,0.0
2020,Agri04_toGrassland,DEC,0.0
2020,Agri04_toGrassland,DEE,0.0
2020,Agri04_toGrassland,DED,0.0
2020,Agri04_toGrassland,DEF,0.0
2020,Agri04_toGrassland,DEG,0.0
2020,Agri05_Agroforestry,DE1,0.0
2020,Agri05_Agroforestry,DE2,0.0
2020,Agri05_Agroforestry,DE3,0.0
2020,Agri05_Agroforestry,DE4,0.0
2020,Agri05_Agroforestry,DE5,0.0
2020,Agri05_Agroforestry,DE6,0.0
2020,Agri05_Agroforestry,DE7,0.0
2020,Agri05_Agroforestry,DE8,0.0
2020,Agri05_Agroforestry,DE9,0.0
2020,Agri05_Agroforestry,DEA,0.0
2020,Agri05_Agroforestry,DEB,0.0
2020,Agri05_Agroforestry,DEC,0.0
2020,Agri05_Agroforestry,DEE,0.0
2020,Agri05_Agroforestry,DED,0.0
2020,Agri05_Agroforestry,DEF,0.0
2020,Agri05_Agroforestry,DEG,0.0
2020,Agri06_Biochar,DE1,0.0
2020,Agri06_Biochar,DE2,0.0
2020,Agri06_Biochar,DE3,0.0
2020,Agri06_Biochar,DE4,0.0
2020,Agri06_Biochar,DE5,0.0
2020,Agri06_Biochar,DE6,0.0
2020,Agri06_Biochar,DE7,0.0
2020,Agri06_Biochar,DE8,0.0
2020,Agri06_Biochar,DE9,0.0
2020,Agri06_Biochar,DEA,0.0
2020,Agri06_Biochar,DEB,0.0
2020,Agri06_Biochar,DEC,0.0
2020,Agri06_Biochar,DEE,0.0
2020,Agri06_Biochar,DED,0.0
2020,Agri06_Biochar,DEF,0.0
2020,Agri06_Biochar,DEG,0.0
2021,Agri01_AGC,DE1,4051.9656374882816
2021,Agri01_AGC,DE2,8834.859893517605
2021,Agri01_AGC,DE3,0.0
2021,Agri01_AGC,DE4,3493.695612826489
2021,Agri01_AGC,DE5,0.0
2021,Agri01_AGC,DE6,0.0
2021,Agri01_AGC,DE7,2278.5910229405276
2021,Agri01_AGC,DE8,3854.400216661912
2021,Agri01_AGC,DE9,7295.245197025922
2021,Agri01_AGC,DEA,4233.775774068485
2021,Agri01_AGC,DEB,2106.612768961952
2021,Agri01_AGC,DEC,0.0
2021,Agri01_AGC,DEE,3231.0025319042893
2021,Agri01_AGC,DED,2404.321413685605
2021,Agri01_AGC,DEF,2785.9435077403937
2021,Agri01_AGC,DEG,2227.2426446398645
2021,Agri02_OFC,DE1,0.0
2021,Agri02_OFC,DE2,0.0
2021,Agri02_OFC,DE3,0.0
2021,Agri02_OFC,DE4,0.0
2021,Agri02_OFC,DE5,0.0
2021,Agri02_OFC,DE6,0.0
2021,Agri02_OFC,DE7,0.0
2021,Agri02_OFC,DE8,0.0
2021,Agri02_OFC,DE9,0.0
2021,Agri02_OFC,DEA,0.0
2021,Agri02_OFC,DEB,0.0
2021,Agri02_OFC,DEC,0.0
2021,Agri02_OFC,DEE,0.0
2021,Agri02_OFC,DED,0.0
2021,Agri02_OFC,DEF,0.0
2021,Agri02_OFC,DEG,0.0
2021,Agri03_No-till,DE1,0.0
2021,Agri03_No-till,DE2,0.0
2021,Agri03_No-till,DE3,0.0
2021,Agri03_No-till,DE4,0.0
2021,Agri03_No-till,DE5,0.0
2021,Agri03_No-till,DE6,0.0
2021,Agri03_No-till,DE7,0.0
2021,Agri03_No-till,DE8,0.0
2021,Agri03_No-till,DE9,0.0
2021,Agri03_No-till,DEA,0.0
2021,Agri03_No-till,DEB,0.0
2021,Agri03_No-till,DEC,0.0
2021,Agri03_No-till,DEE,0.0
2021,Agri03_No-till,DED,0.0
2021,Agri03_No-till,DEF,0.0
2021,Agri03_No-till,DEG,0.0
2021,Agri04_toGrassland,DE1,27.357220227627888
2021,Agri04_toGrassland,DE2,59.64937252948192
2021,Agri04_toGrassland,DE3,0.055701852019691224
2021,Agri04_toGrassland,DE4,23.588008596153365
2021,Agri04_toGrassland,DE5,0.1790869659855566
2021,Agri04_toGrassland,DE6,0.29415773640096743
2021,Agri04_toGrassland,DE7,15.384117734502928
2021,Agri04_toGrassland,DE8,26.023339042430745
2021,Agri04_toGrassland,DE9,49.254521712404305
2021,Agri04_toGrassland,DEA,28.58472815613117
2021,Agri04_toGrassland,DEB,14.222990669424645
2021,Agri04_toGrassland,DEC,1.512355389867587
2021,Agri04_toGrassland,DEE,21.81441199884425
2021,Agri04_toGrassland,DED,16.232998079660774
2021,Agri04_toGrassland,DEF,18.809554893024316
2021,Agri04_toGrassland,DEG,15.037434416039849
2021,Agri05_Agroforestry,DE1,297.31620473799364
2021,Agri05_Agroforestry,DE2,648.2648788109734
2021,Agri05_Agroforestry,DE3,0.6053635238366443
2021,Agri05_Agroforestry,DE4,256.3526971959309
2021,Agri05_Agroforestry,DE5,1.9463036303335965
2021,Agri05_Agroforestry,DE6,3.1968840786218347
2021,Agri05_Agroforestry,DE7,167.1934304730884
2021,Agri05_Agroforestry,DE8,282.8196846875492
2021,Agri05_Agroforestry,DE9,535.2944246480166
2021,Agri05_Agroforestry,DEA,310.6566682628595
2021,Agri05_Agroforestry,DEB,154.57438916204896
2021,Agri05_Agroforestry,DEC,16.436164237051514
2021,Agri05_Agroforestry,DEE,237.07738323272238
2021,Agri05_Agroforestry,DED,176.41899799782274
2021,Agri05_Agroforestry,DEF,204.42082298833975
2021,Agri05_Agroforestry,DEG,163.42570233281043
2021,Agri06_Biochar,DE1,0.0
2021,Agri06_Biochar,DE2,0.0
2021,Agri06_Biochar,DE3,0.0
2021,Agri06_Biochar,DE4,0.0
2021,Agri06_Biochar,DE5,0.0
2021,Agri06_Biochar,DE6,0.0
2021,Agri06_Biochar,DE7,0.0
2021,Agri06_Biochar,DE8,0.0
2021,Agri06_Biochar,DE9,0.0
2021,Agri06_Biochar,DEA,0.0
2021,Agri06_Biochar,DEB,0.0
2021,Agri06_Biochar,DEC,0.0
2021,Agri06_Biochar,DEE,0.0
2021,Agri06_Biochar,DED,0.0
2021,Agri06_Biochar,DEF,0.0
2021,Agri06_Biochar,DEG,0.0
2022,Agri01_AGC,DE1,8249.494856409752
2022,Agri01_AGC,DE2,17655.85355993409
2022,Agri01_AGC,DE3,0.0
2022,Agri01_AGC,DE4,7170.882482795263
2022,Agri01_AGC,DE5,0.0
2022,Agri01_AGC,DE6,0.0
2022,Agri01_AGC,DE7,4522.508087190239
2022,Agri01_AGC,DE8,7857.816959554886
2022,Agri01_AGC,DE9,14624.812087604105
2022,Agri01_AGC,DEA,8603.92222245448
2022,Agri01_AGC,DEB,4335.291628570374
2022,Agri01_AGC,DEC,0.0
2022,Agri01_AGC,DEE,6551.1115921230285
2022,Agri01_AGC,DED,4922.638602914409
2022,Agri01_AGC,DEF,5479.120768326376
2022,Agri01_AGC,DEG,4380.342404228668
2022,Agri02_OFC,DE1,0.0
2022,Agri02_OFC,DE2,0.0
2022,Agri02_OFC,DE3,0.0
2022,Agri02_OFC,DE4,0.0
2022,Agri02_OFC,DE5,0.0
2022,Agri02_OFC,DE6,0.0
2022,Agri02_OFC,DE7,0.0
2022,Agri02_OFC,DE8,0.0
2022,Agri02_OFC,DE9,0.0
2022,Agri02_OFC,DEA,0.0
2022,Agri02_OFC,DEB,0.0
2022,Agri02_OFC,DEC,0.0
2022,Agri02_OFC,DEE,0.0
2022,Agri02_OFC,DED,0.0
2022,Agri02_OFC,DEF,0.0
2022,Agri02_OFC,DEG,0.0
2022,Agri03_No-till,DE1,0.0
2022,Agri03_No-till,DE2,0.0
2022,Agri03_No-till,DE3,0.0
2022,Agri03_No-till,DE4,0.0
2022,Agri03_No-till,DE5,0.0
2022,Agri03_No-till,DE6,0.0
2022,Agri03_No-till,DE7,0.0
2022,Agri03_No-till,DE8,0.0
2022,Agri03_No-till,DE9,0.0
2022,Agri03_No-till,DEA,0.0
2022,Agri03_No-till,DEB,0.0
2022,Agri03_No-till,DEC,0.0
2022,Agri03_No-till,DEE,0.0
2022,Agri03_No-till,DED,0.0
2022,Agri03_No-till,DEF,0.0
2022,Agri03_No-till,DEG,0.0
2022,Agri04_toGrassland,DE1,55.69722641907221
2022,Agri04_toGrassland,DE2,119.20512594605181
2022,Agri04_toGrassland,DE3,2.00424028037609
2022,Agri04_toGrassland,DE4,48.41487536154763
2022,Agri04_toGrassland,DE5,1.2245448907479421
2022,Agri04_toGrassland,DE6,0.6599780573383351
2022,Agri04_toGrassland,DE7,30.534131034532827
2022,Agri04_toGrassland,DE8,53.05277692438331
2022,Agri04_toGrassland,DE9,98.74076950866464
2022,Agri04_toGrassland,DEA,58.090175514660814
2022,Agri04_toGrassland,DEB,29.270121823468763
2022,Agri04_toGrassland,DEC,4.256532516185999
2022,Agri04_toGrassland,DEE,44.23043495318734
2022,Agri04_toGrassland,DED,33.235649166173715
2022,Agri04_toGrassland,DEF,36.99278990080228
2022,Agri04_toGrassland,DEG,29.574286296066163
2022,Agri05_Agroforestry,DE1,710.0842865215513
2022,Agri05_Agroforestry,DE2,1400.283345531745
2022,Agri05_Agroforestry,DE3,94.54500000000002
2022,Agri05_Agroforestry,DE4,638.1527452959829
2022,Agri05_Agroforestry,DE5,61.546157238204906
2022,Agri05_Agroforestry,DE6,11.677526639942133
2022,Agri05_Agroforestry,DE7,347.2539034571462
2022,Agri05_Agroforestry,DE8,680.1750848354767
2022,Agri05_Agroforestry,DE9,1176.7087400910627
2022,Agri05_Agroforestry,DEA,734.921152533587
2022,Agri05_Agroforestry,DEB,389.8943835449496
2022,Agri05_Agroforestry,DEC,117.1634648177008
2022,Agri05_Agroforestry,DEE,554.1694858905503
2022,Agri05_Agroforestry,DED,433.6833551945733
2022,Agri05_Agroforestry,DEF,402.0716366651578
2022,Agri05_Agroforestry,DEG,321.44789937595016
2022,Agri06_Biochar,DE1,0.0
2022,Agri06_Biochar,DE2,0.0
2022,Agri06_Biochar,DE3,0.0
2022,Agri06_Biochar,DE4,0.0
2022,Agri06_Biochar,DE5,0.0
2022,Agri06_Biochar,DE6,0.0
2022,Agri06_Biochar,DE7,0.0
2022,Agri06_Biochar,DE8,0.0
2022,Agri06_Biochar,DE9,0.0
2022,Agri06_Biochar,DEA,0.0
2022,Agri06_Biochar,DEB,0.0
2022,Agri06_Biochar,DEC,0.0
2022,Agri06_Biochar,DEE,0.0
2022,Agri06_Biochar,DED,0.0
2022,Agri06_Biochar,DEF,0.0
2022,Agri06_Biochar,DEG,0.0
2023,Agri01_AGC,DE1,12592.587656764412
2023,Agri01_AGC,DE2,26462.980999249452
2023,Agri01_AGC,DE3,0.0
2023,Agri01_AGC,DE4,11031.56060990632
2023,Agri01_AGC,DE5,0.0
2023,Agri01_AGC,DE6,0.0
2023,Agri01_AGC,DE7,6731.751192749134
2023,Agri01_AGC,DE8,12010.25022867892
2023,Agri01_AGC,DE9,21988.70067173455
2023,Agri01_AGC,DEA,13110.439345157982
2023,Agri01_AGC,DEB,6686.036578825265
2023,Agri01_AGC,DEC,0.0
2023,Agri01_AGC,DEE,9960.327180656219
2023,Agri01_AGC,DED,7554.95156768641
2023,Agri01_AGC,DEF,8079.531781757945
2023,Agri01_AGC,DEG,6459.29927876641
2023,Agri02_OFC,DE1,0.0
2023,Agri02_OFC,DE2,0.0
2023,Agri02_OFC,DE3,0.0
2023,Agri02_OFC,DE4,0.0
2023,Agri02_OFC,DE5,0.0
2023,Agri02_OFC,DE6,0.0
2023,Agri02_OFC,DE7,0.0
2023,Agri02_OFC,DE8,0.0
2023,Agri02_OFC,DE9,0.0
2023,Agri02_OFC,DEA,0.0
2023,Agri02_OFC,DEB,0.0
2023,Agri02_OFC,DEC,0.0
2023,Agri02_OFC,DEE,0.0
2023,Agri02_OFC,DED,0.0
2023,Agri02_OFC,DEF,0.0
2023,Agri02_OFC,DEG,0.0
2023,Agri03_No-till,DE1,0.0
2023,Agri03_No-till,DE2,0.0
2023,Agri03_No-till,DE3,0.0
2023,Agri03_No-till,DE4,0.0
2023,Agri03_No-till,DE5,0.0
2023,Agri03_No-till,DE6,0.0
2023,Agri03_No-till,DE7,0.0
2023,Agri03_No-till,DE8,0.0
2023,Agri03_No-till,DE9,0.0
2023,Agri03_No-till,DEA,0.0
2023,Agri03_No-till,DEB,0.0
2023,Agri03_No-till,DEC,0.0
2023,Agri03_No-till,DEE,0.0
2023,Agri03_No-till,DED,0.0
2023,Agri03_No-till,DEF,0.0
2023,Agri03_No-till,DEG,0.0
2023,Agri04_toGrassland,DE1,85.02001857433297
2023,Agri04_toGrassland,DE2,178.66726024970967
2023,Agri04_toGrassland,DE3,5.845615285069197
2023,Agri04_toGrassland,DE4,74.48060029618279
2023,Agri04_toGrassland,DE5,3.136373774287157
2023,Agri04_toGrassland,DE6,1.0974609628121033
2023,Agri04_toGrassland,DE7,45.45003990008969
2023,Agri04_toGrassland,DE8,81.08831364585768
2023,Agri04_toGrassland,DE9,148.45874338878102
2023,Agri04_toGrassland,DEA,88.51634207558892
2023,Agri04_toGrassland,DEB,45.141393462132356
2023,Agri04_toGrassland,DEC,8.232531378955235
2023,Agri04_toGrassland,DEE,67.24806886302926
2023,Agri04_toGrassland,DED,51.00795325953882
2023,Agri04_toGrassland,DEF,54.5497050233339
2023,Agri04_toGrassland,DEG,43.61055564007894
2023,Agri05_Agroforestry,DE1,1238.304245350673
2023,Agri05_Agroforestry,DE2,2256.0554001623145
2023,Agri05_Agroforestry,DE3,94.54500000000002
2023,Agri05_Agroforestry,DE4,1145.4001443001562
2023,Agri05_Agroforestry,DE5,178.79956082361394
2023,Agri05_Agroforestry,DE6,25.4419276839609
2023,Agri05_Agroforestry,DE7,540.1814189521733
2023,Agri05_Agroforestry,DE8,1192.0662004437827
2023,Agri05_Agroforestry,DE9,1924.2429463291382
2023,Agri05_Agroforestry,DEA,1272.7934528121823
2023,Agri05_Agroforestry,DEB,705.959983148702
2023,Agri05_Agroforestry,DEC,302.18190174194785
2023,Agri05_Agroforestry,DEE,951.2763079734835
2023,Agri05_Agroforestry,DED,771.7930715902517
2023,Agri05_Agroforestry,DEF,592.9524410304542
2023,Agri05_Agroforestry,DEG,474.0665911294192
2023,Agri06_Biochar,DE1,0.0
2023,Agri06_Biochar,DE2,0.0
2023,Agri06_Biochar,DE3,0.0
2023,Agri06_Biochar,DE4,0.0
2023,Agri06_Biochar,DE5,0.0
2023,Agri06_Biochar,DE6,0.0
2023,Agri06_Biochar,DE7,0.0
2023,Agri06_Biochar,DE8,0.0
2023,Agri06_Biochar,DE9,0.0
2023,Agri06_Biochar,DEA,0.0
2023,Agri06_Biochar,DEB,0.0
2023,Agri06_Biochar,DEC,0.0
2023,Agri06_Biochar,DEE,0.0
2023,Agri06_Biochar,DED,0.0
2023,Agri06_Biochar,DEF,0.0
2023,Agri06_Biochar,DEG,0.0
2024,Agri01_AGC,DE1,17081.24403855226
2024,Agri01_AGC,DE2,35256.242211463694
2024,Agri01_AGC,DE3,0.0
2024,Agri01_AGC,DE4,15075.729994159661
2024,Agri01_AGC,DE5,0.0
2024,Agri01_AGC,DE6,0.0
2024,Agri01_AGC,DE7,8906.320339617212
2024,Agri01_AGC,DE8,16311.700024034017
2024,Agri01_AGC,DE9,29386.910949417255
2024,Agri01_AGC,DEA,17753.327142178994
2024,Agri01_AGC,DEB,9158.847619726625
2024,Agri01_AGC,DEC,0.0
2024,Agri01_AGC,DEE,13458.64929750386
2024,Agri01_AGC,DED,10301.26030800161
2024,Agri01_AGC,DEF,10587.176548035102
2024,Agri01_AGC,DEG,8464.113268253092
2024,Agri02_OFC,DE1,3185.230620987161
2024,Agri02_OFC,DE2,6239.854978680181
2024,Agri02_OFC,DE3,602.6872757005016
2024,Agri02_OFC,DE4,2869.8147203800304
2024,Agri02_OFC,DE5,291.99928720040606
2024,Agri02_OFC,DE6,53.51311230380457
2024,Agri02_OFC,DE7,1543.1130487425003
2024,Agri02_OFC,DE8,3052.385488538289
2024,Agri02_OFC,DE9,5249.901955647326
2024,Agri02_OFC,DEA,3294.6759838605794
2024,Agri02_OFC,DEB,1754.7508157122327
2024,Agri02_OFC,DEC,547.361597131233
2024,Agri02_OFC,DEE,2482.4717645732203
2024,Agri02_OFC,DED,1948.8296608822704
2024,Agri02_OFC,DEF,1779.4694484773129
2024,Agri02_OFC,DEG,1422.6517615841474
2024,Agri03_No-till,DE1,0.0
2024,Agri03_No-till,DE2,0.0
2024,Agri03_No-till,DE3,0.0
2024,Agri03_No-till,DE4,0.0
2024,Agri03_No-till,DE5,0.0
2024,Agri03_No-till,DE6,0.0
2024,Agri03_No-till,DE7,0.0
2024,Agri03_No-till,DE8,0.0
2024,Agri03_No-till,DE9,0.0
2024,Agri03_No-till,DEA,0.0
2024,Agri03_No-till,DEB,0.0
2024,Agri03_No-till,DEC,0.0
2024,Agri03_No-till,DEE,0.0
2024,Agri03_No-till,DED,0.0
2024,Agri03_No-till,DEF,0.0
2024,Agri03_No-till,DEG,0.0
2024,Agri04_toGrassland,DE1,115.32559669341015
2024,Agri04_toGrassland,DE2,238.0357754404555
2024,Agri04_toGrassland,DE3,11.579826866099012
2024,Agri04_toGrassland,DE4,101.78518340005886
2024,Agri04_toGrassland,DE5,5.914573616603201
2024,Agri04_toGrassland,DE6,1.6066064528222714
2024,Agri04_toGrassland,DE7,60.131844331173525
2024,Agri04_toGrassland,DE8,110.12994920685387
2024,Agri04_toGrassland,DE9,198.4084433527534
2024,Agri04_toGrassland,DEA,119.86322783891549
2024,Agri04_toGrassland,DEB,61.83680558541542
2024,Agri04_toGrassland,DEC,13.440351978175295
2024,Agri04_toGrassland,DEE,90.86731372837002
2024,Agri04_toGrassland,DED,69.5499103597561
2024,Agri04_toGrassland,DEF,71.48030026061917
2024,Agri04_toGrassland,DEG,57.14624244807819
2024,Agri05_Agroforestry,DE1,1881.9760812253587
2024,Agri05_Agroforestry,DE2,3215.5810427026818
2024,Agri05_Agroforestry,DE3,94.54500000000002
2024,Agri05_Agroforestry,DE4,1778.0948942084506
2024,Agri05_Agroforestry,DE5,353.7065143865607
2024,Agri05_Agroforestry,DE6,44.490087210678126
2024,Agri05_Agroforestry,DE7,745.9759769581699
2024,Agri05_Agroforestry,DE8,1818.4930315124668
2024,Agri05_Agroforestry,DE9,2777.897043362243
2024,Agri05_Agroforestry,DEA,1924.2735690986456
2024,Agri05_Agroforestry,DEB,1102.771187973306
2024,Agri05_Agroforestry,DEC,571.4914750097927
2024,Agri05_Agroforestry,DEE,1428.3978494815224
2024,Agri05_Agroforestry,DED,1190.7481471848578
2024,Agri05_Agroforestry,DEF,777.063236084229
2024,Agri05_Agroforestry,DEG,621.2817775932176
2024,Agri06_Biochar,DE1,0.0
2024,Agri06_Biochar,DE2,0.0
2024,Agri06_Biochar,DE3,0.0
2024,Agri06_Biochar,DE4,0.0
2024,Agri06_Biochar,DE5,0.0
2024,Agri06_Biochar,DE6,0.0
2024,Agri06_Biochar,DE7,0.0
2024,Agri06_Biochar,DE8,0.0
2024,Agri06_Biochar,DE9,0.0
2024,Agri06_Biochar,DEA,0.0
2024,Agri06_Biochar,DEB,0.0
2024,Agri06_Biochar,DEC,0.0
2024,Agri06_Biochar,DEE,0.0
2024,Agri06_Biochar,DED,0.0
2024,Agri06_Biochar,DEF,0.0
2024,Agri06_Biochar,DEG,0.0
2025,Agri01_AGC,DE1,21715.464001773296
2025,Agri01_AGC,DE2,44035.63719657681
2025,Agri01_AGC,DE3,0.0
2025,Agri01_AGC,DE4,19303.390635555286
2025,Agri01_AGC,DE5,0.0
2025,Agri01_AGC,DE6,55.93261725650558
2025,Agri01_AGC,DE7,11046.215527794473
2025,Agri01_AGC,DE8,20762.166345620175
2025,Agri01_AGC,DE9,36819.44292065222
2025,Agri01_AGC,DEA,22532.585613517516
2025,Agri01_AGC,DEB,11753.724751274454
2025,Agri01_AGC,DEC,0.0
2025,Agri01_AGC,DEE,17046.07794266595
2025,Agri01_AGC,DED,13161.564823860008
2025,Agri01_AGC,DEF,13002.055067157848
2025,Agri01_AGC,DEG,10394.784372688711
2025,Agri02_OFC,DE1,6473.755755397708
2025,Agri02_OFC,DE2,12469.870235313636
2025,Agri02_OFC,DE3,1404.3188183535244
2025,Agri02_OFC,DE4,5869.838109283767
2025,Agri02_OFC,DE5,675.0574314926296
2025,Agri02_OFC,DE6,114.55823266723212
2025,Agri02_OFC,DE7,3061.6208380089247
2025,Agri02_OFC,DE8,6210.515761709715
2025,Agri02_OFC,DE9,10524.159197145971
2025,Agri02_OFC,DEA,6686.123030305323
2025,Agri02_OFC,DEB,3596.1219063220647
2025,Agri02_OFC,DEC,1224.1923071473586
2025,Agri02_OFC,DEE,5028.175110799389
2025,Agri02_OFC,DED,3978.5527571356724
2025,Agri02_OFC,DEF,3493.1103135439694
2025,Agri02_OFC,DEG,2792.6904096425706
2025,Agri03_No-till,DE1,0.0
2025,Agri03_No-till,DE2,0.0
2025,Agri03_No-till,DE3,0.0
2025,Agri03_No-till,DE4,0.0
2025,Agri03_No-till,DE5,0.0
2025,Agri03_No-till,DE6,0.0
2025,Agri03_No-till,DE7,0.0
2025,Agri03_No-till,DE8,0.0
2025,Agri03_No-till,DE9,0.0
2025,Agri03_No-till,DEA,0.0
2025,Agri03_No-till,DEB,0.0
2025,Agri03_No-till,DEC,0.0
2025,Agri03_No-till,DEE,0.0
2025,Agri03_No-till,DED,0.0
2025,Agri03_No-till,DEF,0.0
2025,Agri03_No-till,DEG,0.0
2025,Agri04_toGrassland,DE1,146.61396077630377
2025,Agri04_toGrassland,DE2,297.31067151828927
2025,Agri04_toGrassland,DE3,19.206875023465535
2025,Agri04_toGrassland,DE4,130.32862467317582
2025,Agri04_toGrassland,DE5,9.559144417696075
2025,Agri04_toGrassland,DE6,2.18741452736884
2025,Agri04_toGrassland,DE7,74.57954432778433
2025,Agri04_toGrassland,DE8,140.17768360737188
2025,Agri04_toGrassland,DE9,248.58986940058185
2025,Agri04_toGrassland,DEA,152.13083280464053
2025,Agri04_toGrassland,DEB,79.35635819331796
2025,Agri04_toGrassland,DEC,19.879994313846183
2025,Agri04_toGrassland,DEE,115.08816954920961
2025,Agri04_toGrassland,DED,88.86152046682554
2025,Agri04_toGrassland,DEF,87.7845756126581
2025,Agri04_toGrassland,DEG,70.1813467200639
2025,Agri05_Agroforestry,DE1,2641.0997941456085
2025,Agri05_Agroforestry,DE2,4278.860273152847
2025,Agri05_Agroforestry,DE3,94.54500000000002
2025,Agri05_Agroforestry,DE4,2536.236995020866
2025,Agri05_Agroforestry,DE5,586.2670179270451
2025,Agri05_Agroforestry,DE6,68.82200522009381
2025,Agri05_Agroforestry,DE7,964.6375774751358
2025,Agri05_Agroforestry,DE8,2559.4555780415294
2025,Agri05_Agroforestry,DE9,3737.671031190377
2025,Agri05_Agroforestry,DEA,2689.3615013929766
2025,Agri05_Agroforestry,DEB,1580.3279980187617
2025,Agri05_Agroforestry,DEC,925.0921846212352
2025,Agri05_Agroforestry,DEE,1985.5341104146667
2025,Agri05_Agroforestry,DED,1690.5485819783917
2025,Agri05_Agroforestry,DEF,954.404021826482
2025,Agri05_Agroforestry,DEG,763.0934587673453
2025,Agri06_Biochar,DE1,0.0
2025,Agri06_Biochar,DE2,0.0
2025,Agri06_Biochar,DE3,0.0
2025,Agri06_Biochar,DE4,0.0
2025,Agri06_Biochar,DE5,0.0
2025,Agri06_Biochar,DE6,0.0
2025,Agri06_Biochar,DE7,0.0
2025,Agri06_Biochar,DE8,0.0
2025,Agri06_Biochar,DE9,0.0
2025,Agri06_Biochar,DEA,0.0
2025,Agri06_Biochar,DEB,0.0
2025,Agri06_Biochar,DEC,0.0
2025,Agri06_Biochar,DEE,0.0
2025,Agri06_Biochar,DED,0.0
2025,Agri06_Biochar,DEF,0.0
2025,Agri06_Biochar,DEG,0.0
2026,Agri01_AGC,DE1,26495.247546427523
2026,Agri01_AGC,DE2,52801.16595458881
2026,Agri01_AGC,DE3,0.0
2026,Agri01_AGC,DE4,23714.542534093198
2026,Agri01_AGC,DE5,0.0
2026,Agri01_AGC,DE6,152.57213940370002
2026,Agri01_AGC,DE7,13151.436757280917
2026,Agri01_AGC,DE8,25361.649193437395
2026,Agri01_AGC,DE9,44286.29658543944
2026,Agri01_AGC,DEA,27448.21475917355
2026,Agri01_AGC,DEB,14470.667973468753
2026,Agri01_AGC,DEC,0.0
2026,Agri01_AGC,DEE,20722.61311614249
2026,Agri01_AGC,DED,16135.865115261604
2026,Agri01_AGC,DEF,15324.167339126181
2026,Agri01_AGC,DEG,12251.312592073271
2026,Agri02_OFC,DE1,9865.57540323164
2026,Agri02_OFC,DE2,18690.045769900367
2026,Agri02_OFC,DE3,2404.894627959068
2026,Agri02_OFC,DE4,9000.07016671121
2026,Agri02_OFC,DE5,1149.1744328766706
2026,Agri02_OFC,DE6,183.13536109028263
2026,Agri02_OFC,DE7,4555.523367799274
2026,Agri02_OFC,DE8,9474.39081951428
2026,Agri02_OFC,DE9,15822.771724495939
2026,Agri02_OFC,DEA,10174.341139334229
2026,Agri02_OFC,DEB,5524.113271829497
2026,Agri02_OFC,DEC,2030.492130048377
2026,Agri02_OFC,DEE,7637.110038678506
2026,Agri02_OFC,DED,6089.169288760208
2026,Agri02_OFC,DEF,5140.92259519997
2026,Agri02_OFC,DEG,4110.11594417527
2026,Agri03_No-till,DE1,0.0
2026,Agri03_No-till,DE2,0.0
2026,Agri03_No-till,DE3,0.0
2026,Agri03_No-till,DE4,0.0
2026,Agri03_No-till,DE5,0.0
2026,Agri03_No-till,DE6,0.0
2026,Agri03_No-till,DE7,0.0
2026,Agri03_No-till,DE8,0.0
2026,Agri03_No-till,DE9,0.0
2026,Agri03_No-till,DEA,0.0
2026,Agri03_No-till,DEB,0.0
2026,Agri03_No-till,DEC,0.0
2026,Agri03_No-till,DEE,0.0
2026,Agri03_No-till,DED,0.0
2026,Agri03_No-till,DEF,0.0
2026,Agri03_No-till,DEG,0.0
2026,Agri04_toGrassland,DE1,178.88511082301383
2026,Agri04_toGrassland,DE2,356.49194848321105
2026,Agri04_toGrassland,DE3,28.726759757168765
2026,Agri04_toGrassland,DE4,160.1109241155337
2026,Agri04_toGrassland,DE5,14.070086177565777
2026,Agri04_toGrassland,DE6,2.839885186451809
2026,Agri04_toGrassland,DE7,88.79313988992212
2026,Agri04_toGrassland,DE8,171.2315168474117
2026,Agri04_toGrassland,DE9,299.0030215322663
2026,Agri04_toGrassland,DEA,185.31915697276406
2026,Agri04_toGrassland,DEB,97.70005128583998
2026,Agri04_toGrassland,DEC,27.55145838596789
2026,Agri04_toGrassland,DEE,139.91063632554804
2026,Agri04_toGrassland,DED,108.94278358074715
2026,Agri04_toGrassland,DEF,103.46253107945067
2026,Agri04_toGrassland,DEG,82.71586845603608
2026,Agri05_Agroforestry,DE1,3515.6753841114223
2026,Agri05_Agroforestry,DE2,5445.893091512811
2026,Agri05_Agroforestry,DE3,94.54500000000002
2026,Agri05_Agroforestry,DE4,3419.8264467374024
2026,Agri05_Agroforestry,DE5,776.162
2026,Agri05_Agroforestry,DE6,98.43768171220798
2026,Agri05_Agroforestry,DE7,1196.1662205030711
2026,Agri05_Agroforestry,DE8,3414.9538400309702
2026,Agri05_Agroforestry,DE9,4803.564909813541
2026,Agri05_Agroforestry,DEA,3568.057249695176
2026,Agri05_Agroforestry,DEB,2138.630413285069
2026,Agri05_Agroforestry,DEC,1362.9840305762755
2026,Agri05_Agroforestry,DEE,2622.6850907729163
2026,Agri05_Agroforestry,DED,2271.1943759708533
2026,Agri05_Agroforestry,DEF,1124.9747982572135
2026,Agri05_Agroforestry,DEG,899.5016346518023
2026,Agri06_Biochar,DE1,0.0
2026,Agri06_Biochar,DE2,0.0
2026,Agri06_Biochar,DE3,0.0
2026,Agri06_Biochar,DE4,0.0
2026,Agri06_Biochar,DE5,0.0
2026,Agri06_Biochar,DE6,0.0
2026,Agri06_Biochar,DE7,0.0
2026,Agri06_Biochar,DE8,0.0
2026,Agri06_Biochar,DE9,0.0
2026,Agri06_Biochar,DEA,0.0
2026,Agri06_Biochar,DEB,0.0
2026,Agri06_Biochar,DEC,0.0
2026,Agri06_Biochar,DEE,0.0
2026,Agri06_Biochar,DED,0.0
2026,Agri06_Biochar,DEF,0.0
2026,Agri06_Biochar,DEG,0.0
2027,Agri01_AGC,DE1,31420.594672514937
2027,Agri01_AGC,DE2,61552.82848549969
2027,Agri01_AGC,DE3,0.0
2027,Agri01_AGC,DE4,28309.185689773392
2027,Agri01_AGC,DE5,0.0
2027,Agri01_AGC,DE6,259.8258368077009
2027,Agri01_AGC,DE7,15221.984028076546
2027,Agri01_AGC,DE8,30110.148567485678
2027,Agri01_AGC,DE9,51787.47194377893
2027,Agri01_AGC,DEA,32500.214579147087
2027,Agri01_AGC,DEB,17309.67728630952
2027,Agri01_AGC,DEC,0.0
2027,Agri01_AGC,DEE,24488.25481793348
2027,Agri01_AGC,DED,19224.1611822064
2027,Agri01_AGC,DEF,17553.513363940103
2027,Agri01_AGC,DEG,14033.697926406769
2027,Agri02_OFC,DE1,13360.689564488957
2027,Agri02_OFC,DE2,24900.381582440372
2027,Agri02_OFC,DE3,3604.414704517134
2027,Agri02_OFC,DE4,12260.51089266236
2027,Agri02_OFC,DE5,1714.350291352529
2027,Agri02_OFC,DE6,259.2444975729561
2027,Agri02_OFC,DE7,6024.820638113547
2027,Agri02_OFC,DE8,12844.01066195198
2027,Agri02_OFC,DE9,21145.739537697227
2027,Agri02_OFC,DEA,13759.330310947298
2027,Agri02_OFC,DEB,7538.724912234527
2027,Agri02_OFC,DEC,2966.2610658342883
2027,Agri02_OFC,DEE,10309.276548210571
2027,Agri02_OFC,DED,8280.679255755873
2027,Agri02_OFC,DEF,6722.906293445314
2027,Agri02_OFC,DEG,5374.928365182244
2027,Agri03_No-till,DE1,0.0
2027,Agri03_No-till,DE2,0.0
2027,Agri03_No-till,DE3,0.0
2027,Agri03_No-till,DE4,0.0
2027,Agri03_No-till,DE5,0.0
2027,Agri03_No-till,DE6,0.0
2027,Agri03_No-till,DE7,0.0
2027,Agri03_No-till,DE8,0.0
2027,Agri03_No-till,DE9,0.0
2027,Agri03_No-till,DEA,0.0
2027,Agri03_No-till,DEB,0.0
2027,Agri03_No-till,DEC,0.0
2027,Agri03_No-till,DEE,0.0
2027,Agri03_No-till,DED,0.0
2027,Agri03_No-till,DEF,0.0
2027,Agri03_No-till,DEG,0.0
2027,Agri04_toGrassland,DE1,212.13904683354033
2027,Agri04_toGrassland,DE2,415.5796063352208
2027,Agri04_toGrassland,DE3,40.1394810672087
2027,Agri04_toGrassland,DE4,191.13208172713246
2027,Agri04_toGrassland,DE5,19.44739889621231
2027,Agri04_toGrassland,DE6,3.5640184300711777
2027,Agri04_toGrassland,DE7,102.77263101758686
2027,Agri04_toGrassland,DE8,203.29144892697335
2027,Agri04_toGrassland,DE9,349.6478997478068
2027,Agri04_toGrassland,DEA,219.42820034328605
2027,Agri04_toGrassland,DEB,116.86788486298147
2027,Agri04_toGrassland,DEC,36.454744194540424
2027,Agri04_toGrassland,DEE,165.3347140573853
2027,Agri04_toGrassland,DED,129.79369970152092
2027,Agri04_toGrassland,DEF,118.51416666099689
2027,Agri04_toGrassland,DEG,94.74980765599473
2027,Agri05_Agroforestry,DE1,4505.7028511228
2027,Agri05_Agroforestry,DE2,6716.679497782573
2027,Agri05_Agroforestry,DE3,94.54500000000002
2027,Agri05_Agroforestry,DE4,4428.86324935806
2027,Agri05_Agroforestry,DE5,776.162
2027,Agri05_Agroforestry,DE6,133.3371166870206
2027,Agri05_Agroforestry,DE7,1440.5619060419758
2027,Agri05_Agroforestry,DE8,4384.987817480789
2027,Agri05_Agroforestry,DE9,5975.578679231734
2027,Agri05_Agroforestry,DEA,4560.360814005243
2027,Agri05_Agroforestry,DEB,2777.6784337722283
2027,Agri05_Agroforestry,DEC,1885.1670128749138
2027,Agri05_Agroforestry,DEE,3339.8507905562715
2027,Agri05_Agroforestry,DED,2932.6855291622433
2027,Agri05_Agroforestry,DEF,1288.7755653764232
2027,Agri05_Agroforestry,DEG,1030.5063052465887
2027,Agri06_Biochar,DE1,0.0
2027,Agri06_Biochar,DE2,0.0
2027,Agri06_Biochar,DE3,0.0
2027,Agri06_Biochar,DE4,0.0
2027,Agri06_Biochar,DE5,0.0
2027,Agri06_Biochar,DE6,0.0
2027,Agri06_Biochar,DE7,0.0
2027,Agri06_Biochar,DE8,0.0
2027,Agri06_Biochar,DE9,0.0
2027,Agri06_Biochar,DEA,0.0
2027,Agri06_Biochar,DEB,0.0
2027,Agri06_Biochar,DEC,0.0
2027,Agri06_Biochar,DEE,0.0
2027,Agri06_Biochar,DED,0.0
2027,Agri06_Biochar,DEF,0.0
2027,Agri06_Biochar,DEG,0.0
2028,Agri01_AGC,DE1,36491.50538003554
2028,Agri01_AGC,DE2,70290.62478930944
2028,Agri01_AGC,DE3,0.0
2028,Agri01_AGC,DE4,33087.32010259587
2028,Agri01_AGC,DE5,0.0
2028,Agri01_AGC,DE6,377.69370946850825
2028,Agri01_AGC,DE7,17257.857340181356
2028,Agri01_AGC,DE8,35007.66446776502
2028,Agri01_AGC,DE9,59322.96899567068
2028,Agri01_AGC,DEA,37688.58507343814
2028,Agri01_AGC,DEB,20270.75268979676
2028,Agri01_AGC,DEC,0.0
2028,Agri01_AGC,DEE,28343.00304803892
2028,Agri01_AGC,DED,22426.453024694394
2028,Agri01_AGC,DEF,19690.093141599613
2028,Agri01_AGC,DEG,15741.940375689206
2028,Agri02_OFC,DE1,16959.09823916966
2028,Agri02_OFC,DE2,31100.87767293365
2028,Agri02_OFC,DE3,5002.879048027721
2028,Agri02_OFC,DE4,15651.160287137216
2028,Agri02_OFC,DE5,2370.585006920205
2028,Agri02_OFC,DE6,342.8856421152526
2028,Agri02_OFC,DE7,7469.512648951744
2028,Agri02_OFC,DE8,16319.375289022817
2028,Agri02_OFC,DE9,26493.062636749837
2028,Agri02_OFC,DEA,17441.090545144532
2028,Agri02_OFC,DEB,9639.956827537158
2028,Agri02_OFC,DEC,4031.4991145050926
2028,Agri02_OFC,DEE,13044.674639395585
2028,Agri02_OFC,DED,10553.082658122672
2028,Agri02_OFC,DEF,8239.061408280002
2028,Agri02_OFC,DEG,6587.127672663495
2028,Agri03_No-till,DE1,0.0
2028,Agri03_No-till,DE2,0.0
2028,Agri03_No-till,DE3,0.0
2028,Agri03_No-till,DE4,0.0
2028,Agri03_No-till,DE5,0.0
2028,Agri03_No-till,DE6,0.0
2028,Agri03_No-till,DE7,0.0
2028,Agri03_No-till,DE8,0.0
2028,Agri03_No-till,DE9,0.0
2028,Agri03_No-till,DEA,0.0
2028,Agri03_No-till,DEB,0.0
2028,Agri03_No-till,DEC,0.0
2028,Agri03_No-till,DEE,0.0
2028,Agri03_No-till,DED,0.0
2028,Agri03_No-till,DEF,0.0
2028,Agri03_No-till,DEG,0.0
2028,Agri04_toGrassland,DE1,246.37576880788328
2028,Agri04_toGrassland,DE2,474.57364507431845
2028,Agri04_toGrassland,DE3,53.44503895358534
2028,Agri04_toGrassland,DE4,223.39209750797212
2028,Agri04_toGrassland,DE5,25.69108257363567
2028,Agri04_toGrassland,DE6,4.3598142582269475
2028,Agri04_toGrassland,DE7,116.51801771077858
2028,Agri04_toGrassland,DE8,236.3574798460568
2028,Agri04_toGrassland,DE9,400.5245040472033
2028,Agri04_toGrassland,DEA,254.4579629162065
2028,Agri04_toGrassland,DEB,136.85985892474244
2028,Agri04_toGrassland,DEC,46.589851739563784
2028,Agri04_toGrassland,DEE,191.3604027447214
2028,Agri04_toGrassland,DED,151.41426882914686
2028,Agri04_toGrassland,DEF,132.93948235729675
2028,Agri04_toGrassland,DEG,106.28316431993984
2028,Agri05_Agroforestry,DE1,5611.182195179742
2028,Agri05_Agroforestry,DE2,8091.219491962132
2028,Agri05_Agroforestry,DE3,94.54500000000002
2028,Agri05_Agroforestry,DE4,5563.347402882839
2028,Agri05_Agroforestry,DE5,776.162
2028,Agri05_Agroforestry,DE6,173.5203101445317
2028,Agri05_Agroforestry,DE7,1697.82463409185
2028,Agri05_Agroforestry,DE8,5469.557510390987
2028,Agri05_Agroforestry,DE9,7253.712339444956
2028,Agri05_Agroforestry,DEA,5666.272194323178
2028,Agri05_Agroforestry,DEB,3497.4720594802393
2028,Agri05_Agroforestry,DEC,2491.64113151715
2028,Agri05_Agroforestry,DEE,4137.031209764732
2028,Agri05_Agroforestry,DED,3675.022041552561
2028,Agri05_Agroforestry,DEF,1445.8063231841113
2028,Agri05_Agroforestry,DEG,1156.1074705517044
2028,Agri06_Biochar,DE1,0.0
2028,Agri06_Biochar,DE2,0.0
2028,Agri06_Biochar,DE3,0.0
2028,Agri06_Biochar,DE4,0.0
2028,Agri06_Biochar,DE5,0.0
2028,Agri06_Biochar,DE6,0.0
2028,Agri06_Biochar,DE7,0.0
2028,Agri06_Biochar,DE8,0.0
2028,Agri06_Biochar,DE9,0.0
2028,Agri06_Biochar,DEA,0.0
2028,Agri06_Biochar,DEB,0.0
2028,Agri06_Biochar,DEC,0.0
2028,Agri06_Biochar,DEE,0.0
2028,Agri06_Biochar,DED,0.0
2028,Agri06_Biochar,DEF,0.0
2028,Agri06_Biochar,DEG,0.0
2029,Agri01_AGC,DE1,41707.979668989334
2029,Agri01_AGC,DE2,79014.55486601806
2029,Agri01_AGC,DE3,0.0
2029,Agri01_AGC,DE4,38048.94577256063
2029,Agri01_AGC,DE5,0.0
2029,Agri01_AGC,DE6,506.1757573861221
2029,Agri01_AGC,DE7,19259.05669359535
2029,Agri01_AGC,DE8,40054.196894275425
2029,Agri01_AGC,DE9,66892.78774111469
2029,Agri01_AGC,DEA,43013.32624204669
2029,Agri01_AGC,DEB,23353.894183930464
2029,Agri01_AGC,DEC,1683.5923558409877
2029,Agri01_AGC,DEE,32286.85780645881
2029,Agri01_AGC,DED,25742.740642725585
2029,Agri01_AGC,DEF,21733.90667210471
2029,Agri01_AGC,DEG,17376.03993992058
2029,Agri02_OFC,DE1,20660.80142727375
2029,Agri02_OFC,DE2,37291.534041380204
2029,Agri02_OFC,DE3,6600.287658490829
2029,Agri02_OFC,DE4,19172.01835013578
2029,Agri02_OFC,DE5,3117.8785795796985
2029,Agri02_OFC,DE6,434.0587947171721
2029,Agri02_OFC,DE7,8889.599400313866
2029,Agri02_OFC,DE8,19900.484700726793
2029,Agri02_OFC,DE9,31864.74102165377
2029,Agri02_OFC,DEA,21219.62184192593
2029,Agri02_OFC,DEB,11827.809017737389
2029,Agri02_OFC,DEC,5226.20627606079
2029,Agri02_OFC,DEE,15843.304312233548
2029,Agri02_OFC,DED,12906.379495860603
2029,Agri02_OFC,DEF,9689.387939704033
2029,Agri02_OFC,DEG,7746.713866619021
2029,Agri03_No-till,DE1,0.0
2029,Agri03_No-till,DE2,0.0
2029,Agri03_No-till,DE3,0.0
2029,Agri03_No-till,DE4,0.0
2029,Agri03_No-till,DE5,0.0
2029,Agri03_No-till,DE6,0.0
2029,Agri03_No-till,DE7,0.0
2029,Agri03_No-till,DE8,0.0
2029,Agri03_No-till,DE9,0.0
2029,Agri03_No-till,DEA,0.0
2029,Agri03_No-till,DEB,0.0
2029,Agri03_No-till,DEC,0.0
2029,Agri03_No-till,DEE,0.0
2029,Agri03_No-till,DED,0.0
2029,Agri03_No-till,DEF,0.0
2029,Agri03_No-till,DEG,0.0
2029,Agri04_toGrassland,DE1,281.59527674604266
2029,Agri04_toGrassland,DE2,533.4740647005041
2029,Agri04_toGrassland,DE3,68.64343341629869
2029,Agri04_toGrassland,DE4,256.8909714580527
2029,Agri04_toGrassland,DE5,32.80113720983586
2029,Agri04_toGrassland,DE6,5.227272670919117
2029,Agri04_toGrassland,DE7,130.02929996949726
2029,Agri04_toGrassland,DE8,270.42960960466206
2029,Agri04_toGrassland,DE9,451.6328344304559
2029,Agri04_toGrassland,DEA,290.4084446915254
2029,Agri04_toGrassland,DEB,157.6759734711229
2029,Agri04_toGrassland,DEC,57.95678102103797
2029,Agri04_toGrassland,DEE,217.98770238755634
2029,Agri04_toGrassland,DED,173.80449096362497
2029,Agri04_toGrassland,DEF,146.73847816835027
2029,Agri04_toGrassland,DEG,117.31593844787143
2029,Agri05_Agroforestry,DE1,6832.113416282247
2029,Agri05_Agroforestry,DE2,9569.51307405149
2029,Agri05_Agroforestry,DE3,94.54500000000002
2029,Agri05_Agroforestry,DE4,6823.278907311738
2029,Agri05_Agroforestry,DE5,776.162
2029,Agri05_Agroforestry,DE6,218.98726208474125
2029,Agri05_Agroforestry,DE7,1967.9544046526935
2029,Agri05_Agroforestry,DE8,6668.662918761563
2029,Agri05_Agroforestry,DE9,8637.965890453208
2029,Agri05_Agroforestry,DEA,6885.791390648981
2029,Agri05_Agroforestry,DEB,4298.011290409102
2029,Agri05_Agroforestry,DEC,3182.406386502984
2029,Agri05_Agroforestry,DEE,5014.226348398298
2029,Agri05_Agroforestry,DED,4498.203913141806
2029,Agri05_Agroforestry,DEF,1596.0670716802779
2029,Agri05_Agroforestry,DEG,1276.3051305671493
2029,Agri06_Biochar,DE1,0.0
2029,Agri06_Biochar,DE2,0.0
2029,Agri06_Biochar,DE3,0.0
2029,Agri06_Biochar,DE4,0.0
2029,Agri06_Biochar,DE5,0.0
2029,Agri06_Biochar,DE6,0.0
2029,Agri06_Biochar,DE7,0.0
2029,Agri06_Biochar,DE8,0.0
2029,Agri06_Biochar,DE9,0.0
2029,Agri06_Biochar,DEA,0.0
2029,Agri06_Biochar,DEB,0.0
2029,Agri06_Biochar,DEC,0.0
2029,Agri06_Biochar,DEE,0.0
2029,Agri06_Biochar,DED,0.0
2029,Agri06_Biochar,DEF,0.0
2029,Agri06_Biochar,DEG,0.0
2030,Agri01_AGC,DE1,47070.01753937631
2030,Agri01_AGC,DE2,87724.61871562558
2030,Agri01_AGC,DE3,0.0
2030,Agri01_AGC,DE4,43194.06269966768
2030,Agri01_AGC,DE5,0.0
2030,Agri01_AGC,DE6,645.2719805605424
2030,Agri01_AGC,DE7,21225.58208831853
2030,Agri01_AGC,DE8,45249.74584701689
2030,Agri01_AGC,DE9,74496.92818011096
2030,Agri01_AGC,DEA,48474.43808497276
2030,Agri01_AGC,DEB,26559.10176871064
2030,Agri01_AGC,DEC,3549.6337801940317
2030,Agri01_AGC,DEE,36319.81909319315
2030,Agri01_AGC,DED,29173.024036299976
2030,Agri01_AGC,DEF,23684.953955455396
2030,Agri01_AGC,DEG,18935.996619100897
2030,Agri02_OFC,DE1,24465.799128801224
2030,Agri02_OFC,DE2,43472.35068778003
2030,Agri02_OFC,DE3,8396.64053590646
2030,Agri02_OFC,DE4,22823.085081658046
2030,Agri02_OFC,DE5,3956.2310093310093
2030,Agri02_OFC,DE6,532.7639553787145
2030,Agri02_OFC,DE7,10285.080892199912
2030,Agri02_OFC,DE8,23587.338897063906
2030,Agri02_OFC,DE9,37260.77469240902
2030,Agri02_OFC,DEA,25094.92420129149
2030,Agri02_OFC,DEB,14102.281482835218
2030,Agri02_OFC,DEC,6550.382550501379
2030,Agri02_OFC,DEE,18705.165566724456
2030,Agri02_OFC,DED,15340.569768969664
2030,Agri02_OFC,DEF,11073.885887717408
2030,Agri02_OFC,DEG,8853.686947048824
2030,Agri03_No-till,DE1,0.0
2030,Agri03_No-till,DE2,0.0
2030,Agri03_No-till,DE3,0.0
2030,Agri03_No-till,DE4,0.0
2030,Agri03_No-till,DE5,0.0
2030,Agri03_No-till,DE6,0.0
2030,Agri03_No-till,DE7,0.0
2030,Agri03_No-till,DE8,0.0
2030,Agri03_No-till,DE9,0.0
2030,Agri03_No-till,DEA,0.0
2030,Agri03_No-till,DEB,0.0
2030,Agri03_No-till,DEC,0.0
2030,Agri03_No-till,DEE,0.0
2030,Agri03_No-till,DED,0.0
2030,Agri03_No-till,DEF,0.0
2030,Agri03_No-till,DEG,0.0
2030,Agri04_toGrassland,DE1,317.79757064801845
2030,Agri04_toGrassland,DE2,592.2808652137777
2030,Agri04_toGrassland,DE3,85.73466445534875
2030,Agri04_toGrassland,DE4,291.62870357737415
2030,Agri04_toGrassland,DE5,40.777562804812874
2030,Agri04_toGrassland,DE6,6.166393668147687
2030,Agri04_toGrassland,DE7,143.3064777937429
2030,Agri04_toGrassland,DE8,305.5078382027892
2030,Agri04_toGrassland,DE9,502.97289089756447
2030,Agri04_toGrassland,DEA,327.27964566924277
2030,Agri04_toGrassland,DEB,179.3162285021228
2030,Agri04_toGrassland,DEC,70.55553203896298
2030,Agri04_toGrassland,DEE,245.2166129858901
2030,Agri04_toGrassland,DED,196.96436610495525
2030,Agri04_toGrassland,DEF,159.91115409415744
2030,Agri04_toGrassland,DEG,127.84813003978948
2030,Agri05_Agroforestry,DE1,8168.496514430317
2030,Agri05_Agroforestry,DE2,11151.560244050646
2030,Agri05_Agroforestry,DE3,94.54500000000002
2030,Agri05_Agroforestry,DE4,8208.65776264476
2030,Agri05_Agroforestry,DE5,776.162
2030,Agri05_Agroforestry,DE6,269.73797250764926
2030,Agri05_Agroforestry,DE7,2250.951217724506
2030,Agri05_Agroforestry,DE8,7982.304042592516
2030,Agri05_Agroforestry,DE9,10128.33933225649
2030,Agri05_Agroforestry,DEA,8218.918402982652
2030,Agri05_Agroforestry,DEB,5179.2961265588165
2030,Agri05_Agroforestry,DEC,3458.3510000000006
2030,Agri05_Agroforestry,DEE,5971.43620645697
2030,Agri05_Agroforestry,DED,5402.231143929979
2030,Agri05_Agroforestry,DEF,1739.5578108649227
2030,Agri05_Agroforestry,DEG,1391.0992852929235
2030,Agri06_Biochar,DE1,0.0
2030,Agri06_Biochar,DE2,0.0
2030,Agri06_Biochar,DE3,0.0
2030,Agri06_Biochar,DE4,0.0
2030,Agri06_Biochar,DE5,0.0
2030,Agri06_Biochar,DE6,0.0
2030,Agri06_Biochar,DE7,0.0
2030,Agri06_Biochar,DE8,0.0
2030,Agri06_Biochar,DE9,0.0
2030,Agri06_Biochar,DEA,0.0
2030,Agri06_Biochar,DEB,0.0
2030,Agri06_Biochar,DEC,0.0
2030,Agri06_Biochar,DEE,0.0
2030,Agri06_Biochar,DED,0.0
2030,Agri06_Biochar,DEF,0.0
2030,Agri06_Biochar,DEG,0.0
2031,Agri01_AGC,DE1,52577.61899119648
2031,Agri01_AGC,DE2,96420.81633813196
2031,Agri01_AGC,DE3,322.4330000000001
2031,Agri01_AGC,DE4,48522.67088391701
2031,Agri01_AGC,DE5,1036.6540000000002
2031,Agri01_AGC,DE6,794.9823789917691
2031,Agri01_AGC,DE7,23157.43352435089
2031,Agri01_AGC,DE8,50594.311325989416
2031,Agri01_AGC,DE9,82135.3903126595
2031,Agri01_AGC,DEA,54071.920602216334
2031,Agri01_AGC,DEB,29886.375444137284
2031,Agri01_AGC,DEC,5598.124273059131
2031,Agri01_AGC,DEE,40441.88690824194
2031,Agri01_AGC,DED,32717.303205417564
2031,Agri01_AGC,DEF,25543.23499165167
2031,Agri01_AGC,DEG,20421.810413230152
2031,Agri02_OFC,DE1,28374.091343752083
2031,Agri02_OFC,DE2,49643.32761213313
2031,Agri02_OFC,DE3,10391.93768027461
2031,Agri02_OFC,DE4,26604.36048170402
2031,Agri02_OFC,DE5,4885.642296174137
2031,Agri02_OFC,DE6,639.0011240998799
2031,Agri02_OFC,DE7,11655.957124609882
2031,Agri02_OFC,DE8,27379.937878034158
2031,Agri02_OFC,DE9,42681.163649015594
2031,Agri02_OFC,DEA,29066.997623241215
2031,Agri02_OFC,DEB,16463.374222830647
2031,Agri02_OFC,DEC,8004.0279378268615
2031,Agri02_OFC,DEE,21630.258402868316
2031,Agri02_OFC,DED,17855.653477449858
2031,Agri02_OFC,DEF,12392.555252320126
2031,Agri02_OFC,DEG,9908.046913952901
2031,Agri03_No-till,DE1,0.0
2031,Agri03_No-till,DE2,0.0
2031,Agri03_No-till,DE3,0.0
2031,Agri03_No-till,DE4,0.0
2031,Agri03_No-till,DE5,0.0
2031,Agri03_No-till,DE6,0.0
2031,Agri03_No-till,DE7,0.0
2031,Agri03_No-till,DE8,0.0
2031,Agri03_No-till,DE9,0.0
2031,Agri03_No-till,DEA,0.0
2031,Agri03_No-till,DEB,0.0
2031,Agri03_No-till,DEC,0.0
2031,Agri03_No-till,DEE,0.0
2031,Agri03_No-till,DED,0.0
2031,Agri03_No-till,DEF,0.0
2031,Agri03_No-till,DEG,0.0
2031,Agri04_toGrassland,DE1,354.98265051381065
2031,Agri04_toGrassland,DE2,650.9940466141393
2031,Agri04_toGrassland,DE3,104.71873207073551
2031,Agri04_toGrassland,DE4,327.6052938659365
2031,Agri04_toGrassland,DE5,49.620359358566716
2031,Agri04_toGrassland,DE6,7.177177249912657
2031,Agri04_toGrassland,DE7,156.34955118351556
2031,Agri04_toGrassland,DE8,341.5921656404381
2031,Agri04_toGrassland,DE9,554.5446734485291
2031,Agri04_toGrassland,DEA,365.07156584935865
2031,Agri04_toGrassland,DEB,201.78062401774218
2031,Agri04_toGrassland,DEC,84.3861047933388
2031,Agri04_toGrassland,DEE,273.0471345397227
2031,Agri04_toGrassland,DED,220.8938942531377
2031,Agri04_toGrassland,DEF,172.45751013471826
2031,Agri04_toGrassland,DEG,137.879739095694
2031,Agri05_Agroforestry,DE1,9620.33148962395
2031,Agri05_Agroforestry,DE2,12837.3610019596
2031,Agri05_Agroforestry,DE3,94.54500000000002
2031,Agri05_Agroforestry,DE4,9719.483968881901
2031,Agri05_Agroforestry,DE5,776.162
2031,Agri05_Agroforestry,DE6,325.77244141325576
2031,Agri05_Agroforestry,DE7,2546.815073307288
2031,Agri05_Agroforestry,DE8,9410.480881883848
2031,Agri05_Agroforestry,DE9,11724.8326648548
2031,Agri05_Agroforestry,DEA,9665.653231324191
2031,Agri05_Agroforestry,DEB,6141.326567929383
2031,Agri05_Agroforestry,DEC,3458.3510000000006
2031,Agri05_Agroforestry,DEE,7008.660783940746
2031,Agri05_Agroforestry,DED,6387.10373391708
2031,Agri05_Agroforestry,DEF,1876.2785407380459
2031,Agri05_Agroforestry,DEG,1500.489934729027
2031,Agri06_Biochar,DE1,0.0
2031,Agri06_Biochar,DE2,0.0
2031,Agri06_Biochar,DE3,0.0
2031,Agri06_Biochar,DE4,0.0
2031,Agri06_Biochar,DE5,0.0
2031,Agri06_Biochar,DE6,0.0
2031,Agri06_Biochar,DE7,0.0
2031,Agri06_Biochar,DE8,0.0
2031,Agri06_Biochar,DE9,0.0
2031,Agri06_Biochar,DEA,0.0
2031,Agri06_Biochar,DEB,0.0
2031,Agri06_Biochar,DEC,0.0
2031,Agri06_Biochar,DEE,0.0
2031,Agri06_Biochar,DED,0.0
2031,Agri06_Biochar,DEF,0.0
2031,Agri06_Biochar,DEG,0.0
2032,Agri01_AGC,DE1,58230.784024449844
2032,Agri01_AGC,DE2,105103.14773353722
2032,Agri01_AGC,DE3,322.4330000000001
2032,Agri01_AGC,DE4,54034.77032530862
2032,Agri01_AGC,DE5,1036.6540000000002
2032,Agri01_AGC,DE6,955.3069526798023
2032,Agri01_AGC,DE7,25054.611001692436
2032,Agri01_AGC,DE8,56087.893331193
2032,Agri01_AGC,DE9,89808.1741387603
2032,Agri01_AGC,DEA,59805.77379377742
2032,Agri01_AGC,DEB,33335.7152102104
2032,Agri01_AGC,DEC,7829.063834436287
2032,Agri01_AGC,DEE,44653.061251605184
2032,Agri01_AGC,DED,36375.57815007835
2032,Agri01_AGC,DEF,27308.74978069353
2032,Agri01_AGC,DEG,21833.481322308344
2032,Agri02_OFC,DE1,32385.67807212633
2032,Agri02_OFC,DE2,55804.4648144395
2032,Agri02_OFC,DE3,12586.179091595282
2032,Agri02_OFC,DE4,30515.8445502737
2032,Agri02_OFC,DE5,5906.112440109083
2032,Agri02_OFC,DE6,752.7703008806683
2032,Agri02_OFC,DE7,13002.228097543777
2032,Agri02_OFC,DE8,31278.281643637543
2032,Agri02_OFC,DE9,48125.90789147349
2032,Agri02_OFC,DEA,33135.842107775105
2032,Agri02_OFC,DEB,18911.087237723677
2032,Agri02_OFC,DEC,9587.142438037237
2032,Agri02_OFC,DEE,24618.582820665124
2032,Agri02_OFC,DED,20451.630621301185
2032,Agri02_OFC,DEF,13645.396033512188
2032,Agri02_OFC,DEG,10909.793767331255
2032,Agri03_No-till,DE1,0.0
2032,Agri03_No-till,DE2,0.0
2032,Agri03_No-till,DE3,0.0
2032,Agri03_No-till,DE4,0.0
2032,Agri03_No-till,DE5,0.0
2032,Agri03_No-till,DE6,0.0
2032,Agri03_No-till,DE7,0.0
2032,Agri03_No-till,DE8,0.0
2032,Agri03_No-till,DE9,0.0
2032,Agri03_No-till,DEA,0.0
2032,Agri03_No-till,DEB,0.0
2032,Agri03_No-till,DEC,0.0
2032,Agri03_No-till,DEE,0.0
2032,Agri03_No-till,DED,0.0
2032,Agri03_No-till,DEF,0.0
2032,Agri03_No-till,DEG,0.0
2032,Agri04_toGrassland,DE1,393.1505163434193
2032,Agri04_toGrassland,DE2,709.6136089015888
2032,Agri04_toGrassland,DE3,125.59563626245898
2032,Agri04_toGrassland,DE4,364.82074232373975
2032,Agri04_toGrassland,DE5,59.32952687109739
2032,Agri04_toGrassland,DE6,8.259623416214028
2032,Agri04_toGrassland,DE7,169.15852013881516
2032,Agri04_toGrassland,DE8,378.6825919176088
2032,Agri04_toGrassland,DE9,606.3481820833498
2032,Agri04_toGrassland,DEA,403.784205231873
2032,Agri04_toGrassland,DEB,225.06916001798103
2032,Agri04_toGrassland,DEC,99.44849928416545
2032,Agri04_toGrassland,DEE,301.47926704905416
2032,Agri04_toGrassland,DED,245.5930754081723
2032,Agri04_toGrassland,DEF,184.37754629003274
2032,Agri04_toGrassland,DEG,147.41076561558498
2032,Agri05_Agroforestry,DE1,11187.618341863148
2032,Agri05_Agroforestry,DE2,14626.915347778351
2032,Agri05_Agroforestry,DE3,94.54500000000002
2032,Agri05_Agroforestry,DE4,11355.757526023164
2032,Agri05_Agroforestry,DE5,776.162
2032,Agri05_Agroforestry,DE6,387.0906688015607
2032,Agri05_Agroforestry,DE7,2855.5459714010394
2032,Agri05_Agroforestry,DE8,10953.193436635558
2032,Agri05_Agroforestry,DE9,13427.445888248141
2032,Agri05_Agroforestry,DEA,11225.995875673598
2032,Agri05_Agroforestry,DEB,7184.102614520801
2032,Agri05_Agroforestry,DEC,3458.3510000000006
2032,Agri05_Agroforestry,DEE,8125.9000808496285
2032,Agri05_Agroforestry,DED,7452.821683103109
2032,Agri05_Agroforestry,DEF,2006.2292612996473
2032,Agri05_Agroforestry,DEG,1604.47707887546
2032,Agri06_Biochar,DE1,0.0
2032,Agri06_Biochar,DE2,0.0
2032,Agri06_Biochar,DE3,0.0
2032,Agri06_Biochar,DE4,0.0
2032,Agri06_Biochar,DE5,0.0
2032,Agri06_Biochar,DE6,0.0
2032,Agri06_Biochar,DE7,0.0
2032,Agri06_Biochar,DE8,0.0
2032,Agri06_Biochar,DE9,0.0
2032,Agri06_Biochar,DEA,0.0
2032,Agri06_Biochar,DEB,0.0
2032,Agri06_Biochar,DEC,0.0
2032,Agri06_Biochar,DEE,0.0
2032,Agri06_Biochar,DED,0.0
2032,Agri06_Biochar,DEF,0.0
2032,Agri06_Biochar,DEG,0.0
2033,Agri01_AGC,DE1,64029.51263913639
2033,Agri01_AGC,DE2,113771.61290184136
2033,Agri01_AGC,DE3,322.4330000000001
2033,Agri01_AGC,DE4,59730.36102384252
2033,Agri01_AGC,DE5,1036.6540000000002
2033,Agri01_AGC,DE6,1126.245701624642
2033,Agri01_AGC,DE7,26917.114520343162
2033,Agri01_AGC,DE8,61730.49186262765
2033,Agri01_AGC,DE9,97515.27965841335
2033,Agri01_AGC,DEA,65675.99765965602
2033,Agri01_AGC,DEB,36907.12106692998
2033,Agri01_AGC,DEC,8754.346000000001
2033,Agri01_AGC,DEE,48953.34212328288
2033,Agri01_AGC,DED,40147.84887028233
2033,Agri01_AGC,DEF,28981.49832258098
2033,Agri01_AGC,DEG,23171.009346335475
2033,Agri02_OFC,DE1,36500.559313923965
2033,Agri02_OFC,DE2,61955.76229469915
2033,Agri02_OFC,DE3,14979.364769868476
2033,Agri02_OFC,DE4,34557.537287367086
2033,Agri02_OFC,DE5,7017.641441135846
2033,Agri02_OFC,DE6,874.0714857210796
2033,Agri02_OFC,DE7,14323.893811001595
2033,Agri02_OFC,DE8,35282.37019387407
2033,Agri02_OFC,DE9,53595.007419782705
2033,Agri02_OFC,DEA,37301.45765489316
2033,Agri02_OFC,DEB,21445.420527514307
2033,Agri02_OFC,DEC,11299.726051132506
2033,Agri02_OFC,DEE,27670.13882011488
2033,Agri02_OFC,DED,23128.501200523642
2033,Agri02_OFC,DEF,14832.408231293593
2033,Agri02_OFC,DEG,11858.927507183884
2033,Agri03_No-till,DE1,0.0
2033,Agri03_No-till,DE2,0.0
2033,Agri03_No-till,DE3,0.0
2033,Agri03_No-till,DE4,0.0
2033,Agri03_No-till,DE5,0.0
2033,Agri03_No-till,DE6,0.0
2033,Agri03_No-till,DE7,0.0
2033,Agri03_No-till,DE8,0.0
2033,Agri03_No-till,DE9,0.0
2033,Agri03_No-till,DEA,0.0
2033,Agri03_No-till,DEB,0.0
2033,Agri03_No-till,DEC,0.0
2033,Agri03_No-till,DEE,0.0
2033,Agri03_No-till,DED,0.0
2033,Agri03_No-till,DEF,0.0
2033,Agri03_No-till,DEG,0.0
2033,Agri04_toGrassland,DE1,432.3011681368444
2033,Agri04_toGrassland,DE2,768.1395520761264
2033,Agri04_toGrassland,DE3,148.36537703051917
2033,Agri04_toGrassland,DE4,403.2750489507839
2033,Agri04_toGrassland,DE5,69.9050653424049
2033,Agri04_toGrassland,DE6,9.4137321670518
2033,Agri04_toGrassland,DE7,181.73338465964173
2033,Agri04_toGrassland,DE8,416.77911703430135
2033,Agri04_toGrassland,DE9,658.3834168020264
2033,Agri04_toGrassland,DEA,443.4175638167858
2033,Agri04_toGrassland,DEB,249.18183650283936
2033,Agri04_toGrassland,DEC,115.74271551144292
2033,Agri04_toGrassland,DEE,330.5130105138844
2033,Agri04_toGrassland,DED,271.0619095700591
2033,Agri04_toGrassland,DEF,195.67126256010087
2033,Agri04_toGrassland,DEG,156.44120959946244
2033,Agri05_Agroforestry,DE1,12870.35707114791
2033,Agri05_Agroforestry,DE2,16520.2232815069
2033,Agri05_Agroforestry,DE3,94.54500000000002
2033,Agri05_Agroforestry,DE4,13117.47843406855
2033,Agri05_Agroforestry,DE5,776.162
2033,Agri05_Agroforestry,DE6,453.6926546725641
2033,Agri05_Agroforestry,DE7,3177.1439120057603
2033,Agri05_Agroforestry,DE8,12610.441706847647
2033,Agri05_Agroforestry,DE9,15236.179002436511
2033,Agri05_Agroforestry,DEA,12899.946336030873
2033,Agri05_Agroforestry,DEB,8307.62426633307
2033,Agri05_Agroforestry,DEC,3458.3510000000006
2033,Agri05_Agroforestry,DEE,9323.154097183617
2033,Agri05_Agroforestry,DED,8599.384991488065
2033,Agri05_Agroforestry,DEF,2129.409972549727
2033,Agri05_Agroforestry,DEG,1703.0607177322222
2033,Agri06_Biochar,DE1,0.0
2033,Agri06_Biochar,DE2,0.0
2033,Agri06_Biochar,DE3,0.0
2033,Agri06_Biochar,DE4,0.0
2033,Agri06_Biochar,DE5,0.0
2033,Agri06_Biochar,DE6,0.0
2033,Agri06_Biochar,DE7,0.0
2033,Agri06_Biochar,DE8,0.0
2033,Agri06_Biochar,DE9,0.0
2033,Agri06_Biochar,DEA,0.0
2033,Agri06_Biochar,DEB,0.0
2033,Agri06_Biochar,DEC,0.0
2033,Agri06_Biochar,DEE,0.0
2033,Agri06_Biochar,DED,0.0
2033,Agri06_Biochar,DEF,0.0
2033,Agri06_Biochar,DEG,0.0
2034,Agri01_AGC,DE1,69973.80483525613
2034,Agri01_AGC,DE2,122426.21184304438
2034,Agri01_AGC,DE3,322.4330000000001
2034,Agri01_AGC,DE4,65609.4429795187
2034,Agri01_AGC,DE5,1036.6540000000002
2034,Agri01_AGC,DE6,1307.7986258262881
2034,Agri01_AGC,DE7,28744.944080303074
2034,Agri01_AGC,DE8,67522.10692029336
2034,Agri01_AGC,DE9,105256.70687161866
2034,Agri01_AGC,DEA,71682.59219985212
2034,Agri01_AGC,DEB,40600.593014296035
2034,Agri01_AGC,DEC,8754.346000000001
2034,Agri01_AGC,DEE,53342.72952327502
2034,Agri01_AGC,DED,44034.11536602952
2034,Agri01_AGC,DEF,30561.480617314017
2034,Agri01_AGC,DEG,24434.394485311546
2034,Agri02_OFC,DE1,40718.73506914498
2034,Agri02_OFC,DE2,68097.22005291207
2034,Agri02_OFC,DE3,17571.49471509419
2034,Agri02_OFC,DE4,38729.43869298418
2034,Agri02_OFC,DE5,8220.229299254428
2034,Agri02_OFC,DE6,1002.9046786211139
2034,Agri02_OFC,DE7,15620.954264983338
2034,Agri02_OFC,DE8,39392.20352874373
2034,Agri02_OFC,DE9,59088.46223394324
2034,Agri02_OFC,DEA,41563.84426459538
2034,Agri02_OFC,DEB,24066.374092202535
2034,Agri02_OFC,DEC,13141.778777112666
2034,Agri02_OFC,DEE,30784.926401217584
2034,Agri02_OFC,DED,25886.265215117233
2034,Agri02_OFC,DEF,15953.591845664343
2034,Agri02_OFC,DEG,12755.448133510788
2034,Agri03_No-till,DE1,0.0
2034,Agri03_No-till,DE2,0.0
2034,Agri03_No-till,DE3,0.0
2034,Agri03_No-till,DE4,0.0
2034,Agri03_No-till,DE5,0.0
2034,Agri03_No-till,DE6,0.0
2034,Agri03_No-till,DE7,0.0
2034,Agri03_No-till,DE8,0.0
2034,Agri03_No-till,DE9,0.0
2034,Agri03_No-till,DEA,0.0
2034,Agri03_No-till,DEB,0.0
2034,Agri03_No-till,DEC,0.0
2034,Agri03_No-till,DEE,0.0
2034,Agri03_No-till,DED,0.0
2034,Agri03_No-till,DEF,0.0
2034,Agri03_No-till,DEG,0.0
2034,Agri04_toGrassland,DE1,472.43460589408596
2034,Agri04_toGrassland,DE2,826.5718761377519
2034,Agri04_toGrassland,DE3,173.02795437491605
2034,Agri04_toGrassland,DE4,442.96821374706894
2034,Agri04_toGrassland,DE5,81.34697477248923
2034,Agri04_toGrassland,DE6,10.63950350242597
2034,Agri04_toGrassland,DE7,194.07414474599528
2034,Agri04_toGrassland,DE8,455.8817409905157
2034,Agri04_toGrassland,DE9,710.6503776045591
2034,Agri04_toGrassland,DEA,483.97164160409704
2034,Agri04_toGrassland,DEB,274.1186534723172
2034,Agri04_toGrassland,DEC,133.26875347517122
2034,Agri04_toGrassland,DEE,360.14836493421353
2034,Agri04_toGrassland,DED,297.30039673879804
2034,Agri04_toGrassland,DEF,206.33865894492266
2034,Agri04_toGrassland,DEG,164.97107104732635
2034,Agri05_Agroforestry,DE1,14668.547677478236
2034,Agri05_Agroforestry,DE2,18517.28480314525
2034,Agri05_Agroforestry,DE3,94.54500000000002
2034,Agri05_Agroforestry,DE4,15004.646693018054
2034,Agri05_Agroforestry,DE5,776.162
2034,Agri05_Agroforestry,DE6,525.578399026266
2034,Agri05_Agroforestry,DE7,3511.6088951214506
2034,Agri05_Agroforestry,DE8,14382.225692520115
2034,Agri05_Agroforestry,DE9,17151.032007419908
2034,Agri05_Agroforestry,DEA,14687.504612396016
2034,Agri05_Agroforestry,DEB,9511.891523366192
2034,Agri05_Agroforestry,DEC,3458.3510000000006
2034,Agri05_Agroforestry,DEE,10600.42283294271
2034,Agri05_Agroforestry,DED,9826.79365907195
2034,Agri05_Agroforestry,DEF,2245.8206744882855
2034,Agri05_Agroforestry,DEG,1796.2408512993138
2034,Agri06_Biochar,DE1,0.0
2034,Agri06_Biochar,DE2,0.0
2034,Agri06_Biochar,DE3,0.0
2034,Agri06_Biochar,DE4,0.0
2034,Agri06_Biochar,DE5,0.0
2034,Agri06_Biochar,DE6,0.0
2034,Agri06_Biochar,DE7,0.0
2034,Agri06_Biochar,DE8,0.0
2034,Agri06_Biochar,DE9,0.0
2034,Agri06_Biochar,DEA,0.0
2034,Agri06_Biochar,DEB,0.0
2034,Agri06_Biochar,DEC,0.0
2034,Agri06_Biochar,DEE,0.0
2034,Agri06_Biochar,DED,0.0
2034,Agri06_Biochar,DEF,0.0
2034,Agri06_Biochar,DEG,0.0
2035,Agri01_AGC,DE1,76063.66061280906
2035,Agri01_AGC,DE2,131066.94455714629
2035,Agri01_AGC,DE3,322.4330000000001
2035,Agri01_AGC,DE4,71672.01619233716
2035,Agri01_AGC,DE5,1036.6540000000002
2035,Agri01_AGC,DE6,1499.9657252847408
2035,Agri01_AGC,DE7,30538.09968157217
2035,Agri01_AGC,DE8,73462.73850419013
2035,Agri01_AGC,DE9,113032.45577837624
2035,Agri01_AGC,DEA,77825.55741436573
2035,Agri01_AGC,DEB,44416.131052308556
2035,Agri01_AGC,DEC,8754.346000000001
2035,Agri01_AGC,DEE,57821.22345158161
2035,Agri01_AGC,DED,48034.3776373199
2035,Agri01_AGC,DEF,32048.696664892643
2035,Agri01_AGC,DEG,25623.636739236557
2035,Agri02_OFC,DE1,45040.20533778939
2035,Agri02_OFC,DE2,74228.83808907827
2035,Agri02_OFC,DE3,20362.568927272427
2035,Agri02_OFC,DE4,43031.54876712498
2035,Agri02_OFC,DE5,9513.876014464826
2035,Agri02_OFC,DE6,1139.2698795807712
2035,Agri02_OFC,DE7,16893.409459489005
2035,Agri02_OFC,DE8,43607.78164824653
2035,Agri02_OFC,DE9,64606.272333955094
2035,Agri02_OFC,DEA,45923.00193688176
2035,Agri02_OFC,DEB,26773.947931788363
2035,Agri02_OFC,DEC,15113.30061597772
2035,Agri02_OFC,DEE,33962.94556397323
2035,Agri02_OFC,DED,28724.922665081955
2035,Agri02_OFC,DEF,17008.946876624435
2035,Agri02_OFC,DEG,13599.35564631197
2035,Agri03_No-till,DE1,0.0
2035,Agri03_No-till,DE2,0.0
2035,Agri03_No-till,DE3,0.0
2035,Agri03_No-till,DE4,0.0
2035,Agri03_No-till,DE5,0.0
2035,Agri03_No-till,DE6,0.0
2035,Agri03_No-till,DE7,0.0
2035,Agri03_No-till,DE8,0.0
2035,Agri03_No-till,DE9,0.0
2035,Agri03_No-till,DEA,0.0
2035,Agri03_No-till,DEB,0.0
2035,Agri03_No-till,DEC,0.0
2035,Agri03_No-till,DEE,0.0
2035,Agri03_No-till,DED,0.0
2035,Agri03_No-till,DEF,0.0
2035,Agri03_No-till,DEG,0.0
2035,Agri04_toGrassland,DE1,513.5508296151439
2035,Agri04_toGrassland,DE2,884.9105810864654
2035,Agri04_toGrassland,DE3,199.58336829564965
2035,Agri04_toGrassland,DE4,483.9002367125949
2035,Agri04_toGrassland,DE5,93.6552551613504
2035,Agri04_toGrassland,DE6,11.936937422336541
2035,Agri04_toGrassland,DE7,206.1808003978758
2035,Agri04_toGrassland,DE8,495.9904637862519
2035,Agri04_toGrassland,DE9,763.1490644909479
2035,Agri04_toGrassland,DEA,525.4464385938068
2035,Agri04_toGrassland,DEB,299.87961092641444
2035,Agri04_toGrassland,DEC,152.02661317535035
2035,Agri04_toGrassland,DEE,390.38533031004147
2035,Agri04_toGrassland,DED,324.30853691438915
2035,Agri04_toGrassland,DEF,216.3797354444981
2035,Agri04_toGrassland,DEG,173.00034995917673
2035,Agri05_Agroforestry,DE1,16582.190160854127
2035,Agri05_Agroforestry,DE2,20618.099912693393
2035,Agri05_Agroforestry,DE3,94.54500000000002
2035,Agri05_Agroforestry,DE4,17017.26230287168
2035,Agri05_Agroforestry,DE5,776.162
2035,Agri05_Agroforestry,DE6,602.7479018626664
2035,Agri05_Agroforestry,DE7,3858.9409207481103
2035,Agri05_Agroforestry,DE8,16268.54539365296
2035,Agri05_Agroforestry,DE9,19172.004903198336
2035,Agri05_Agroforestry,DEA,16588.67070476903
2035,Agri05_Agroforestry,DEB,10796.904385620164
2035,Agri05_Agroforestry,DEC,3458.3510000000006
2035,Agri05_Agroforestry,DEE,11957.706288126908
2035,Agri05_Agroforestry,DED,11135.04768585476
2035,Agri05_Agroforestry,DEF,2355.461367115322
2035,Agri05_Agroforestry,DEG,1884.0174795767348
2035,Agri06_Biochar,DE1,0.0
2035,Agri06_Biochar,DE2,0.0
2035,Agri06_Biochar,DE3,0.0
2035,Agri06_Biochar,DE4,0.0
2035,Agri06_Biochar,DE5,0.0
2035,Agri06_Biochar,DE6,0.0
2035,Agri06_Biochar,DE7,0.0
2035,Agri06_Biochar,DE8,0.0
2035,Agri06_Biochar,DE9,0.0
2035,Agri06_Biochar,DEA,0.0
2035,Agri06_Biochar,DEB,0.0
2035,Agri06_Biochar,DEC,0.0
2035,Agri06_Biochar,DEE,0.0
2035,Agri06_Biochar,DED,0.0
2035,Agri06_Biochar,DEF,0.0
2035,Agri06_Biochar,DEG,0.0
2036,Agri01_AGC,DE1,82299.07997179517
2036,Agri01_AGC,DE2,139693.81104414706
2036,Agri01_AGC,DE3,322.4330000000001
2036,Agri01_AGC,DE4,77918.08066229791
2036,Agri01_AGC,DE5,1036.6540000000002
2036,Agri01_AGC,DE6,1702.7469999999998
2036,Agri01_AGC,DE7,32296.581324150447
2036,Agri01_AGC,DE8,79552.38661431796
2036,Agri01_AGC,DE9,120842.52637868609
2036,Agri01_AGC,DEA,84104.89330319685
2036,Agri01_AGC,DEB,48353.735180967546
2036,Agri01_AGC,DEC,8754.346000000001
2036,Agri01_AGC,DEE,62388.82390820265
2036,Agri01_AGC,DED,52148.63568415348
2036,Agri01_AGC,DEF,33443.14646531686
2036,Agri01_AGC,DEG,26738.736108110505
2036,Agri02_OFC,DE1,49464.97011985718
2036,Agri02_OFC,DE2,80350.61640319774
2036,Agri02_OFC,DE3,23352.587406403185
2036,Agri02_OFC,DE4,47463.86750978949
2036,Agri02_OFC,DE5,10898.581586767043
2036,Agri02_OFC,DE6,1283.1670886000516
2036,Agri02_OFC,DE7,18141.259394518598
2036,Agri02_OFC,DE8,47929.104552382465
2036,Agri02_OFC,DE9,70148.43771981828
2036,Agri02_OFC,DEA,50378.9306717523
2036,Agri02_OFC,DEB,29568.14204627179
2036,Agri02_OFC,DEC,17214.291567727665
2036,Agri02_OFC,DEE,37204.196308381834
2036,Agri02_OFC,DED,31644.47355041781
2036,Agri02_OFC,DEF,17998.473324173872
2036,Agri02_OFC,DEG,14390.650045587425
2036,Agri03_No-till,DE1,0.0
2036,Agri03_No-till,DE2,0.0
2036,Agri03_No-till,DE3,0.0
2036,Agri03_No-till,DE4,0.0
2036,Agri03_No-till,DE5,0.0
2036,Agri03_No-till,DE6,0.0
2036,Agri03_No-till,DE7,0.0
2036,Agri03_No-till,DE8,0.0
2036,Agri03_No-till,DE9,0.0
2036,Agri03_No-till,DEA,0.0
2036,Agri03_No-till,DEB,0.0
2036,Agri03_No-till,DEC,0.0
2036,Agri03_No-till,DEE,0.0
2036,Agri03_No-till,DED,0.0
2036,Agri03_No-till,DEF,0.0
2036,Agri03_No-till,DEG,0.0
2036,Agri04_toGrassland,DE1,555.6498393000184
2036,Agri04_toGrassland,DE2,943.1556669222668
2036,Agri04_toGrassland,DE3,228.03161879271994
2036,Agri04_toGrassland,DE4,526.0711178473617
2036,Agri04_toGrassland,DE5,106.82990650898839
2036,Agri04_toGrassland,DE6,13.306033926783513
2036,Agri04_toGrassland,DE7,218.05335161528328
2036,Agri04_toGrassland,DE8,537.1052854215098
2036,Agri04_toGrassland,DE9,815.8794774611927
2036,Agri04_toGrassland,DEA,567.8419547859149
2036,Agri04_toGrassland,DEB,326.46470886513123
2036,Agri04_toGrassland,DEC,172.0162946119803
2036,Agri04_toGrassland,DEE,421.2239066413683
2036,Agri04_toGrassland,DED,352.08633009683246
2036,Agri04_toGrassland,DEF,225.7944920588272
2036,Agri04_toGrassland,DEG,180.5290463350136
2036,Agri05_Agroforestry,DE1,18611.284521275582
2036,Agri05_Agroforestry,DE2,22822.668610151337
2036,Agri05_Agroforestry,DE3,94.54500000000002
2036,Agri05_Agroforestry,DE4,19155.325263629427
2036,Agri05_Agroforestry,DE5,776.162
2036,Agri05_Agroforestry,DE6,628.319
2036,Agri05_Agroforestry,DE7,4219.1399888857395
2036,Agri05_Agroforestry,DE8,18269.40081024618
2036,Agri05_Agroforestry,DE9,21299.097689771792
2036,Agri05_Agroforestry,DEA,18603.444613149906
2036,Agri05_Agroforestry,DEB,12162.66285309499
2036,Agri05_Agroforestry,DEC,3458.3510000000006
2036,Agri05_Agroforestry,DEE,13395.004462736213
2036,Agri05_Agroforestry,DED,12524.147071836502
2036,Agri05_Agroforestry,DEF,2458.3320504308367
2036,Agri05_Agroforestry,DEG,1966.3906025644849
2036,Agri06_Biochar,DE1,0.0
2036,Agri06_Biochar,DE2,0.0
2036,Agri06_Biochar,DE3,0.0
2036,Agri06_Biochar,DE4,0.0
2036,Agri06_Biochar,DE5,0.0
2036,Agri06_Biochar,DE6,0.0
2036,Agri06_Biochar,DE7,0.0
2036,Agri06_Biochar,DE8,0.0
2036,Agri06_Biochar,DE9,0.0
2036,Agri06_Biochar,DEA,0.0
2036,Agri06_Biochar,DEB,0.0
2036,Agri06_Biochar,DEC,0.0
2036,Agri06_Biochar,DEE,0.0
2036,Agri06_Biochar,DED,0.0
2036,Agri06_Biochar,DEF,0.0
2036,Agri06_Biochar,DEG,0.0
2037,Agri01_AGC,DE1,88680.06291221447
2037,Agri01_AGC,DE2,148306.8113040467
2037,Agri01_AGC,DE3,322.4330000000001
2037,Agri01_AGC,DE4,84347.63638940096
2037,Agri01_AGC,DE5,1036.6540000000002
2037,Agri01_AGC,DE6,1702.7469999999998
2037,Agri01_AGC,DE7,34020.389008037906
2037,Agri01_AGC,DE8,85791.05125067686
2037,Agri01_AGC,DE9,128686.91867254818
2037,Agri01_AGC,DEA,90520.59986634548
2037,Agri01_AGC,DEB,52413.405400273004
2037,Agri01_AGC,DEC,8754.346000000001
2037,Agri01_AGC,DEE,67045.53089313814
2037,Agri01_AGC,DED,56376.88950653026
2037,Agri01_AGC,DEF,34744.83001858666
2037,Agri01_AGC,DEG,27779.69259193339
2037,Agri02_OFC,DE1,53993.029415348356
2037,Agri02_OFC,DE2,86462.55499527048
2037,Agri02_OFC,DE3,26541.550152486463
2037,Agri02_OFC,DE4,52026.3949209777
2037,Agri02_OFC,DE5,12374.346016161076
2037,Agri02_OFC,DE6,1434.5963056789549
2037,Agri02_OFC,DE7,19364.504070072115
2037,Agri02_OFC,DE8,52356.17224115154
2037,Agri02_OFC,DE9,75714.95839153278
2037,Agri02_OFC,DEA,54931.630469207004
2037,Agri02_OFC,DEB,32448.956435652817
2037,Agri02_OFC,DEC,19444.751632362502
2037,Agri02_OFC,DEE,40508.678634443386
2037,Agri02_OFC,DED,34644.917871124795
2037,Agri02_OFC,DEF,18922.17118831265
2037,Agri02_OFC,DEG,15129.331331337156
2037,Agri03_No-till,DE1,0.0
2037,Agri03_No-till,DE2,0.0
2037,Agri03_No-till,DE3,0.0
2037,Agri03_No-till,DE4,0.0
2037,Agri03_No-till,DE5,0.0
2037,Agri03_No-till,DE6,0.0
2037,Agri03_No-till,DE7,0.0
2037,Agri03_No-till,DE8,0.0
2037,Agri03_No-till,DE9,0.0
2037,Agri03_No-till,DEA,0.0
2037,Agri03_No-till,DEB,0.0
2037,Agri03_No-till,DEC,0.0
2037,Agri03_No-till,DEE,0.0
2037,Agri03_No-till,DED,0.0
2037,Agri03_No-till,DEF,0.0
2037,Agri03_No-till,DEG,0.0
2037,Agri04_toGrassland,DE1,598.7316349487091
2037,Agri04_toGrassland,DE2,1001.3071336451562
2037,Agri04_toGrassland,DE3,258.372705866127
2037,Agri04_toGrassland,DE4,569.4808571513695
2037,Agri04_toGrassland,DE5,120.8709288154032
2037,Agri04_toGrassland,DE6,14.746793015766885
2037,Agri04_toGrassland,DE7,229.6917983982177
2037,Agri04_toGrassland,DE8,579.2262058962897
2037,Agri04_toGrassland,DE9,868.8416165152935
2037,Agri04_toGrassland,DEA,611.1581901804216
2037,Agri04_toGrassland,DEB,353.87394728846743
2037,Agri04_toGrassland,DEC,193.23779778506108
2037,Agri04_toGrassland,DEE,452.6640939281939
2037,Agri04_toGrassland,DED,380.6337762861279
2037,Agri04_toGrassland,DEF,234.58292878790994
2037,Agri04_toGrassland,DEG,187.5571601748369
2037,Agri05_Agroforestry,DE1,20755.8307587426
2037,Agri05_Agroforestry,DE2,25130.99089551908
2037,Agri05_Agroforestry,DE3,94.54500000000002
2037,Agri05_Agroforestry,DE4,21418.835575291298
2037,Agri05_Agroforestry,DE5,776.162
2037,Agri05_Agroforestry,DE6,628.319
2037,Agri05_Agroforestry,DE7,4592.206099534338
2037,Agri05_Agroforestry,DE8,20384.791942299784
2037,Agri05_Agroforestry,DE9,23532.31036714028
2037,Agri05_Agroforestry,DEA,20731.826337538652
2037,Agri05_Agroforestry,DEB,13609.166925790665
2037,Agri05_Agroforestry,DEC,3458.3510000000006
2037,Agri05_Agroforestry,DEE,14912.317356770624
2037,Agri05_Agroforestry,DED,13994.09181701717
2037,Agri05_Agroforestry,DEF,2554.43272443483
2037,Agri05_Agroforestry,DEG,2043.3602202625643
2037,Agri06_Biochar,DE1,0.0
2037,Agri06_Biochar,DE2,0.0
2037,Agri06_Biochar,DE3,0.0
2037,Agri06_Biochar,DE4,0.0
2037,Agri06_Biochar,DE5,0.0
2037,Agri06_Biochar,DE6,0.0
2037,Agri06_Biochar,DE7,0.0
2037,Agri06_Biochar,DE8,0.0
2037,Agri06_Biochar,DE9,0.0
2037,Agri06_Biochar,DEA,0.0
2037,Agri06_Biochar,DEB,0.0
2037,Agri06_Biochar,DEC,0.0
2037,Agri06_Biochar,DEE,0.0
2037,Agri06_Biochar,DED,0.0
2037,Agri06_Biochar,DEF,0.0
2037,Agri06_Biochar,DEG,0.0
2038,Agri01_AGC,DE1,95206.60943406697
2038,Agri01_AGC,DE2,156905.94533684524
2038,Agri01_AGC,DE3,322.4330000000001
2038,Agri01_AGC,DE4,90960.68337364627
2038,Agri01_AGC,DE5,1036.6540000000002
2038,Agri01_AGC,DE6,1702.7469999999998
2038,Agri01_AGC,DE7,35709.52273323455
2038,Agri01_AGC,DE8,92178.73241326681
2038,Agri01_AGC,DE9,136565.63265996255
2038,Agri01_AGC,DEA,97072.67710381161
2038,Agri01_AGC,DEB,56595.14171022493
2038,Agri01_AGC,DEC,8754.346000000001
2038,Agri01_AGC,DEE,71791.34440638809
2038,Agri01_AGC,DED,60719.13910445023
2038,Agri01_AGC,DEF,35953.74732470205
2038,Agri01_AGC,DEG,28746.50619070522
2038,Agri02_OFC,DE1,58624.383224262914
2038,Agri02_OFC,DE2,92564.6538652965
2038,Agri02_OFC,DE3,29929.457165522264
2038,Agri02_OFC,DE4,56719.13100068962
2038,Agri02_OFC,DE5,13941.169302646927
2038,Agri02_OFC,DE6,1593.5575308174812
2038,Agri02_OFC,DE7,20563.143486149555
2038,Agri02_OFC,DE8,56888.98471455375
2038,Agri02_OFC,DE9,81305.8343490986
2038,Agri02_OFC,DEA,59581.101329245874
2038,Agri02_OFC,DEB,35416.39109993145
2038,Agri02_OFC,DEC,21804.680809882233
2038,Agri02_OFC,DEE,43876.39254215788
2038,Agri02_OFC,DED,37726.25562720291
2038,Agri02_OFC,DEF,19780.040469040774
2038,Agri02_OFC,DEG,15815.399503561164
2038,Agri03_No-till,DE1,0.0
2038,Agri03_No-till,DE2,0.0
2038,Agri03_No-till,DE3,0.0
2038,Agri03_No-till,DE4,0.0
2038,Agri03_No-till,DE5,0.0
2038,Agri03_No-till,DE6,0.0
2038,Agri03_No-till,DE7,0.0
2038,Agri03_No-till,DE8,0.0
2038,Agri03_No-till,DE9,0.0
2038,Agri03_No-till,DEA,0.0
2038,Agri03_No-till,DEB,0.0
2038,Agri03_No-till,DEC,0.0
2038,Agri03_No-till,DEE,0.0
2038,Agri03_No-till,DED,0.0
2038,Agri03_No-till,DEF,0.0
2038,Agri03_No-till,DEG,0.0
2038,Agri04_toGrassland,DE1,642.7962165612164
2038,Agri04_toGrassland,DE2,1059.3649812551337
2038,Agri04_toGrassland,DE3,290.6066295158707
2038,Agri04_toGrassland,DE4,614.1294546246181
2038,Agri04_toGrassland,DE5,135.77832208059485
2038,Agri04_toGrassland,DE6,16.259214689286658
2038,Agri04_toGrassland,DE7,241.09614074667914
2038,Agri04_toGrassland,DE8,622.3532252105913
2038,Agri04_toGrassland,DE9,922.0354816532504
2038,Agri04_toGrassland,DEA,655.3951447773267
2038,Agri04_toGrassland,DEB,382.1073261964231
2038,Agri04_toGrassland,DEC,215.69112269459268
2038,Agri04_toGrassland,DEE,484.7058921705183
2038,Agri04_toGrassland,DED,409.95087548227553
2038,Agri04_toGrassland,DEF,242.7450456317463
2038,Agri04_toGrassland,DEG,194.08469147864668
2038,Agri05_Agroforestry,DE1,23015.82887325518
2038,Agri05_Agroforestry,DE2,27543.06676879662
2038,Agri05_Agroforestry,DE3,94.54500000000002
2038,Agri05_Agroforestry,DE4,23807.793237857288
2038,Agri05_Agroforestry,DE5,776.162
2038,Agri05_Agroforestry,DE6,628.319
2038,Agri05_Agroforestry,DE7,4978.139252693906
2038,Agri05_Agroforestry,DE8,22614.718789813764
2038,Agri05_Agroforestry,DE9,25871.642935303797
2038,Agri05_Agroforestry,DEA,22973.815877935267
2038,Agri05_Agroforestry,DEB,15136.416603707194
2038,Agri05_Agroforestry,DEC,3458.3510000000006
2038,Agri05_Agroforestry,DEE,16509.64497023014
2038,Agri05_Agroforestry,DED,15544.881921396765
2038,Agri05_Agroforestry,DEF,2643.7633891273017
2038,Agri05_Agroforestry,DEG,2114.9263326709734
2038,Agri06_Biochar,DE1,0.0
2038,Agri06_Biochar,DE2,0.0
2038,Agri06_Biochar,DE3,0.0
2038,Agri06_Biochar,DE4,0.0
2038,Agri06_Biochar,DE5,0.0
2038,Agri06_Biochar,DE6,0.0
2038,Agri06_Biochar,DE7,0.0
2038,Agri06_Biochar,DE8,0.0
2038,Agri06_Biochar,DE9,0.0
2038,Agri06_Biochar,DEA,0.0
2038,Agri06_Biochar,DEB,0.0
2038,Agri06_Biochar,DEC,0.0
2038,Agri06_Biochar,DEE,0.0
2038,Agri06_Biochar,DED,0.0
2038,Agri06_Biochar,DEF,0.0
2038,Agri06_Biochar,DEG,0.0
2039,Agri01_AGC,DE1,101878.71953735265
2039,Agri01_AGC,DE2,165491.21314254263
2039,Agri01_AGC,DE3,322.4330000000001
2039,Agri01_AGC,DE4,97757.22161503388
2039,Agri01_AGC,DE5,1036.6540000000002
2039,Agri01_AGC,DE6,1702.7469999999998
2039,Agri01_AGC,DE7,37363.98249974038
2039,Agri01_AGC,DE8,98715.43010208783
2039,Agri01_AGC,DE9,144478.66834092917
2039,Agri01_AGC,DEA,103761.12501559526
2039,Agri01_AGC,DEB,60898.94411082333
2039,Agri01_AGC,DEC,8754.346000000001
2039,Agri01_AGC,DEE,76626.26444795248
2039,Agri01_AGC,DED,65175.38447791341
2039,Agri01_AGC,DEF,37069.89838366303
2039,Agri01_AGC,DEG,29639.176904425985
2039,Agri02_OFC,DE1,63359.03154660086
2039,Agri02_OFC,DE2,98656.91301327579
2039,Agri02_OFC,DE3,33516.308445510585
2039,Agri02_OFC,DE4,61542.07574892524
2039,Agri02_OFC,DE5,15599.051446224596
2039,Agri02_OFC,DE6,1760.0507640156304
2039,Agri02_OFC,DE7,21737.177642750918
2039,Agri02_OFC,DE8,61527.5419725891
2039,Agri02_OFC,DE9,86921.06559251575
2039,Agri02_OFC,DEA,64327.34325186891
2039,Agri02_OFC,DEB,38470.44603910767
2039,Agri02_OFC,DEC,24294.079100286857
2039,Agri02_OFC,DEE,47307.33803152533
2039,Agri02_OFC,DED,40888.48681865216
2039,Agri02_OFC,DEF,20572.081166358243
2039,Agri02_OFC,DEG,16448.854562259447
2039,Agri03_No-till,DE1,0.0
2039,Agri03_No-till,DE2,0.0
2039,Agri03_No-till,DE3,0.0
2039,Agri03_No-till,DE4,0.0
2039,Agri03_No-till,DE5,0.0
2039,Agri03_No-till,DE6,0.0
2039,Agri03_No-till,DE7,0.0
2039,Agri03_No-till,DE8,0.0
2039,Agri03_No-till,DE9,0.0
2039,Agri03_No-till,DEA,0.0
2039,Agri03_No-till,DEB,0.0
2039,Agri03_No-till,DEC,0.0
2039,Agri03_No-till,DEE,0.0
2039,Agri03_No-till,DED,0.0
2039,Agri03_No-till,DEF,0.0
2039,Agri03_No-till,DEG,0.0
2039,Agri04_toGrassland,DE1,687.8435841375401
2039,Agri04_toGrassland,DE2,1117.329209752199
2039,Agri04_toGrassland,DE3,324.7333897419511
2039,Agri04_toGrassland,DE4,660.0169102671077
2039,Agri04_toGrassland,DE5,151.55208630456332
2039,Agri04_toGrassland,DE6,17.84329894734283
2039,Agri04_toGrassland,DE7,252.26637866066753
2039,Agri04_toGrassland,DE8,666.4863433644148
2039,Agri04_toGrassland,DE9,975.4610728750632
2039,Agri04_toGrassland,DEA,700.5528185766303
2039,Agri04_toGrassland,DEB,411.1648455889983
2039,Agri04_toGrassland,DEC,239.3762693405751
2039,Agri04_toGrassland,DEE,517.3493013683416
2039,Agri04_toGrassland,DED,440.0376276852753
2039,Agri04_toGrassland,DEF,250.28084259033633
2039,Agri04_toGrassland,DEG,200.11164024644293
2039,Agri05_Agroforestry,DE1,25391.27886481333
2039,Agri05_Agroforestry,DE2,30058.89622998396
2039,Agri05_Agroforestry,DE3,94.54500000000002
2039,Agri05_Agroforestry,DE4,26322.198251327398
2039,Agri05_Agroforestry,DE5,776.162
2039,Agri05_Agroforestry,DE6,628.319
2039,Agri05_Agroforestry,DE7,5376.939448364444
2039,Agri05_Agroforestry,DE8,24959.181352788124
2039,Agri05_Agroforestry,DE9,28317.095394262342
2039,Agri05_Agroforestry,DEA,25329.41323433975
2039,Agri05_Agroforestry,DEB,16744.411886844573
2039,Agri05_Agroforestry,DEC,3458.3510000000006
2039,Agri05_Agroforestry,DEE,17156.976000000002
2039,Agri05_Agroforestry,DED,17176.51738497529
2039,Agri05_Agroforestry,DEF,2726.3240445082515
2039,Agri05_Agroforestry,DEG,2181.0889397897113
2039,Agri06_Biochar,DE1,0.0
2039,Agri06_Biochar,DE2,0.0
2039,Agri06_Biochar,DE3,0.0
2039,Agri06_Biochar,DE4,0.0
2039,Agri06_Biochar,DE5,0.0
2039,Agri06_Biochar,DE6,0.0
2039,Agri06_Biochar,DE7,0.0
2039,Agri06_Biochar,DE8,0.0
2039,Agri06_Biochar,DE9,0.0
2039,Agri06_Biochar,DEA,0.0
2039,Agri06_Biochar,DEB,0.0
2039,Agri06_Biochar,DEC,0.0
2039,Agri06_Biochar,DEE,0.0
2039,Agri06_Biochar,DED,0.0
2039,Agri06_Biochar,DEF,0.0
2039,Agri06_Biochar,DEG,0.0
2040,Agri01_AGC,DE1,108696.39322207152
2040,Agri01_AGC,DE2,174062.61472113893
2040,Agri01_AGC,DE3,322.4330000000001
2040,Agri01_AGC,DE4,104737.25111356376
2040,Agri01_AGC,DE5,1036.6540000000002
2040,Agri01_AGC,DE6,1702.7469999999998
2040,Agri01_AGC,DE7,38983.76830755539
2040,Agri01_AGC,DE8,105401.14431713992
2040,Agri01_AGC,DE9,152426.02571544805
2040,Agri01_AGC,DEA,110585.94360169642
2040,Agri01_AGC,DEB,65324.812602068196
2040,Agri01_AGC,DEC,8754.346000000001
2040,Agri01_AGC,DEE,81550.29101783132
2040,Agri01_AGC,DED,69745.62562691978
2040,Agri01_AGC,DEF,38093.283195469594
2040,Agri01_AGC,DEG,30457.70473309569
2040,Agri02_OFC,DE1,68196.9743823622
2040,Agri02_OFC,DE2,104739.33243920835
2040,Agri02_OFC,DE3,37302.103992451426
2040,Agri02_OFC,DE4,66495.22916568458
2040,Agri02_OFC,DE5,17347.99244689408
2040,Agri02_OFC,DE6,1934.0760052734026
2040,Agri02_OFC,DE7,22886.606539876208
2040,Agri02_OFC,DE8,66271.84401525758
2040,Agri02_OFC,DE9,92560.65212178421
2040,Agri02_OFC,DEA,69170.3562370761
2040,Agri02_OFC,DEB,41611.121253181496
2040,Agri02_OFC,DEC,26912.946503576375
2040,Agri02_OFC,DEE,50801.51510254572
2040,Agri02_OFC,DED,44131.61144547255
2040,Agri02_OFC,DEF,21298.293280265054
2040,Agri02_OFC,DEG,17029.696507432007
2040,Agri03_No-till,DE1,0.0
2040,Agri03_No-till,DE2,0.0
2040,Agri03_No-till,DE3,0.0
2040,Agri03_No-till,DE4,0.0
2040,Agri03_No-till,DE5,0.0
2040,Agri03_No-till,DE6,0.0
2040,Agri03_No-till,DE7,0.0
2040,Agri03_No-till,DE8,0.0
2040,Agri03_No-till,DE9,0.0
2040,Agri03_No-till,DEA,0.0
2040,Agri03_No-till,DEB,0.0
2040,Agri03_No-till,DEC,0.0
2040,Agri03_No-till,DEE,0.0
2040,Agri03_No-till,DED,0.0
2040,Agri03_No-till,DEF,0.0
2040,Agri03_No-till,DEG,0.0
2040,Agri04_toGrassland,DE1,733.8737376776803
2040,Agri04_toGrassland,DE2,1175.1998191363523
2040,Agri04_toGrassland,DE3,360.75298654436824
2040,Agri04_toGrassland,DE4,707.1432240788382
2040,Agri04_toGrassland,DE5,168.19222148730861
2040,Agri04_toGrassland,DE6,19.499045789935405
2040,Agri04_toGrassland,DE7,263.2025121401829
2040,Agri04_toGrassland,DE8,711.62556035776
2040,Agri04_toGrassland,DE9,1029.1183901807321
2040,Agri04_toGrassland,DEA,746.6312115783325
2040,Agri04_toGrassland,DEB,441.0465054661929
2040,Agri04_toGrassland,DEC,264.29323772300836
2040,Agri04_toGrassland,DEE,550.5943215216637
2040,Agri04_toGrassland,DED,470.8940328951273
2040,Agri04_toGrassland,DEF,257.19031966368004
2040,Agri04_toGrassland,DEG,205.63800647822563
2040,Agri05_Agroforestry,DE1,27882.180733417037
2040,Agri05_Agroforestry,DE2,32678.479279081093
2040,Agri05_Agroforestry,DE3,94.54500000000002
2040,Agri05_Agroforestry,DE4,28962.05061570163
2040,Agri05_Agroforestry,DE5,776.162
2040,Agri05_Agroforestry,DE6,628.319
2040,Agri05_Agroforestry,DE7,5788.606686545951
2040,Agri05_Agroforestry,DE8,27418.17963122286
2040,Agri05_Agroforestry,DE9,30868.66774401592
2040,Agri05_Agroforestry,DEA,27798.618406752103
2040,Agri05_Agroforestry,DEB,18433.152775202805
2040,Agri05_Agroforestry,DEC,3458.3510000000006
2040,Agri05_Agroforestry,DEE,17156.976000000002
2040,Agri05_Agroforestry,DED,18888.998207752742
2040,Agri05_Agroforestry,DEF,2802.1146905776795
2040,Agri05_Agroforestry,DEG,2241.8480416187786
2040,Agri06_Biochar,DE1,0.0
2040,Agri06_Biochar,DE2,0.0
2040,Agri06_Biochar,DE3,0.0
2040,Agri06_Biochar,DE4,0.0
2040,Agri06_Biochar,DE5,0.0
2040,Agri06_Biochar,DE6,0.0
2040,Agri06_Biochar,DE7,0.0
2040,Agri06_Biochar,DE8,0.0
2040,Agri06_Biochar,DE9,0.0
2040,Agri06_Biochar,DEA,0.0
2040,Agri06_Biochar,DEB,0.0
2040,Agri06_Biochar,DEC,0.0
2040,Agri06_Biochar,DEE,0.0
2040,Agri06_Biochar,DED,0.0
2040,Agri06_Biochar,DEF,0.0
2040,Agri06_Biochar,DEG,0.0
2041,Agri01_AGC,DE1,115659.63048822359
2041,Agri01_AGC,DE2,182620.1500726341
2041,Agri01_AGC,DE3,322.4330000000001
2041,Agri01_AGC,DE4,111900.77186923593
2041,Agri01_AGC,DE5,1036.6540000000002
2041,Agri01_AGC,DE6,1702.7469999999998
2041,Agri01_AGC,DE7,40568.88015667958
2041,Agri01_AGC,DE8,112235.87505842306
2041,Agri01_AGC,DE9,160407.7047835192
2041,Agri01_AGC,DEA,117547.13286211509
2041,Agri01_AGC,DEB,69872.74718395954
2041,Agri01_AGC,DEC,8754.346000000001
2041,Agri01_AGC,DEE,86563.42411602462
2041,Agri01_AGC,DED,74429.86255146934
2041,Agri01_AGC,DEF,39023.90176012175
2041,Agri01_AGC,DEG,31202.08967671433
2041,Agri02_OFC,DE1,73138.21173154692
2041,Agri02_OFC,DE2,110811.91214309419
2041,Agri02_OFC,DE3,41286.84380634479
2041,Agri02_OFC,DE4,71578.59125096761
2041,Agri02_OFC,DE5,19187.992304655385
2041,Agri02_OFC,DE6,2115.6332545907976
2041,Agri02_OFC,DE7,24011.43017752542
2041,Agri02_OFC,DE8,71121.8908425592
2041,Agri02_OFC,DE9,98224.593936904
2041,Agri02_OFC,DEA,74110.14028486746
2041,Agri02_OFC,DEB,44838.41674215292
2041,Agri02_OFC,DEC,29661.283019750786
2041,Agri02_OFC,DEE,54358.92375521907
2041,Agri02_OFC,DED,47455.62950766406
2041,Agri02_OFC,DEF,21958.676810761208
2041,Agri02_OFC,DEG,17557.92533907884
2041,Agri03_No-till,DE1,0.0
2041,Agri03_No-till,DE2,0.0
2041,Agri03_No-till,DE3,0.0
2041,Agri03_No-till,DE4,0.0
2041,Agri03_No-till,DE5,0.0
2041,Agri03_No-till,DE6,0.0
2041,Agri03_No-till,DE7,0.0
2041,Agri03_No-till,DE8,0.0
2041,Agri03_No-till,DE9,0.0
2041,Agri03_No-till,DEA,0.0
2041,Agri03_No-till,DEB,0.0
2041,Agri03_No-till,DEC,0.0
2041,Agri03_No-till,DEE,0.0
2041,Agri03_No-till,DED,0.0
2041,Agri03_No-till,DEF,0.0
2041,Agri03_No-till,DEG,0.0
2041,Agri04_toGrassland,DE1,780.8866771816369
2041,Agri04_toGrassland,DE2,1232.9768094075935
2041,Agri04_toGrassland,DE3,398.6654199231221
2041,Agri04_toGrassland,DE4,755.5083960598096
2041,Agri04_toGrassland,DE5,185.69872762883074
2041,Agri04_toGrassland,DE6,21.226455217064377
2041,Agri04_toGrassland,DE7,273.9045411852252
2041,Agri04_toGrassland,DE8,757.7708761906272
2041,Agri04_toGrassland,DE9,1083.007433570257
2041,Agri04_toGrassland,DEA,793.630323782433
2041,Agri04_toGrassland,DEB,471.752305828007
2041,Agri04_toGrassland,DEC,290.4420278418924
2041,Agri04_toGrassland,DEE,584.4409526304846
2041,Agri04_toGrassland,DED,502.5200911118314
2041,Agri04_toGrassland,DEF,263.4734768517774
2041,Agri04_toGrassland,DEG,210.6637901739948
2041,Agri05_Agroforestry,DE1,30488.53447906631
2041,Agri05_Agroforestry,DE2,35401.81591608803
2041,Agri05_Agroforestry,DE3,94.54500000000002
2041,Agri05_Agroforestry,DE4,31727.350330979985
2041,Agri05_Agroforestry,DE5,776.162
2041,Agri05_Agroforestry,DE6,628.319
2041,Agri05_Agroforestry,DE7,6213.140967238427
2041,Agri05_Agroforestry,DE8,29991.713625117976
2041,Agri05_Agroforestry,DE9,33526.35998456452
2041,Agri05_Agroforestry,DEA,30381.43139517232
2041,Agri05_Agroforestry,DEB,20202.639268781888
2041,Agri05_Agroforestry,DEC,3458.3510000000006
2041,Agri05_Agroforestry,DEE,17156.976000000002
2041,Agri05_Agroforestry,DED,19114.16
2041,Agri05_Agroforestry,DEF,2871.135327335586
2041,Agri05_Agroforestry,DEG,2297.203638158175
2041,Agri06_Biochar,DE1,0.0
2041,Agri06_Biochar,DE2,0.0
2041,Agri06_Biochar,DE3,0.0
2041,Agri06_Biochar,DE4,0.0
2041,Agri06_Biochar,DE5,0.0
2041,Agri06_Biochar,DE6,0.0
2041,Agri06_Biochar,DE7,0.0
2041,Agri06_Biochar,DE8,0.0
2041,Agri06_Biochar,DE9,0.0
2041,Agri06_Biochar,DEA,0.0
2041,Agri06_Biochar,DEB,0.0
2041,Agri06_Biochar,DEC,0.0
2041,Agri06_Biochar,DEE,0.0
2041,Agri06_Biochar,DED,0.0
2041,Agri06_Biochar,DEF,0.0
2041,Agri06_Biochar,DEG,0.0
2042,Agri01_AGC,DE1,122768.43133580883
2042,Agri01_AGC,DE2,191163.81919702815
2042,Agri01_AGC,DE3,322.4330000000001
2042,Agri01_AGC,DE4,119247.7838820504
2042,Agri01_AGC,DE5,1036.6540000000002
2042,Agri01_AGC,DE6,1702.7469999999998
2042,Agri01_AGC,DE7,42119.31804711296
2042,Agri01_AGC,DE8,119219.62232593726
2042,Agri01_AGC,DE9,168423.7055451426
2042,Agri01_AGC,DEA,124644.69279685126
2042,Agri01_AGC,DEB,74542.74785649734
2042,Agri01_AGC,DEC,8754.346000000001
2042,Agri01_AGC,DEE,91665.66374253236
2042,Agri01_AGC,DED,79228.0952515621
2042,Agri01_AGC,DEF,39861.75407761949
2042,Agri01_AGC,DEG,31872.331735281914
2042,Agri02_OFC,DE1,78182.74359415502
2042,Agri02_OFC,DE2,116874.6521249333
2042,Agri02_OFC,DE3,45470.52788719068
2042,Agri02_OFC,DE4,76792.16200477435
2042,Agri02_OFC,DE5,21119.051019508504
2042,Agri02_OFC,DE6,2304.722511967816
2042,Agri02_OFC,DE7,25111.648555698557
2042,Agri02_OFC,DE8,76077.68245449396
2042,Agri02_OFC,DE9,103912.8910378751
2042,Agri02_OFC,DEA,79146.69539524299
2042,Agri02_OFC,DEB,48152.33250602194
2042,Agri02_OFC,DEC,32539.088648810088
2042,Agri02_OFC,DEE,57979.56398954536
2042,Agri02_OFC,DED,50860.5410052267
2042,Agri02_OFC,DEF,22553.23175784671
2042,Agri02_OFC,DEG,18033.54105719995
2042,Agri03_No-till,DE1,0.0
2042,Agri03_No-till,DE2,0.0
2042,Agri03_No-till,DE3,0.0
2042,Agri03_No-till,DE4,0.0
2042,Agri03_No-till,DE5,0.0
2042,Agri03_No-till,DE6,0.0
2042,Agri03_No-till,DE7,0.0
2042,Agri03_No-till,DE8,0.0
2042,Agri03_No-till,DE9,0.0
2042,Agri03_No-till,DEA,0.0
2042,Agri03_No-till,DEB,0.0
2042,Agri03_No-till,DEC,0.0
2042,Agri03_No-till,DEE,0.0
2042,Agri03_No-till,DED,0.0
2042,Agri03_No-till,DEF,0.0
2042,Agri03_No-till,DEG,0.0
2042,Agri04_toGrassland,DE1,828.8824026494099
2042,Agri04_toGrassland,DE2,1290.6601805659227
2042,Agri04_toGrassland,DE3,438.4706898782126
2042,Agri04_toGrassland,DE4,805.1124262100218
2042,Agri04_toGrassland,DE5,204.07160472912972
2042,Agri04_toGrassland,DE6,23.02552722872975
2042,Agri04_toGrassland,DE7,284.3724657957945
2042,Agri04_toGrassland,DE8,804.9222908630161
2042,Agri04_toGrassland,DE9,1137.128203043638
2042,Agri04_toGrassland,DEA,841.5501551889321
2042,Agri04_toGrassland,DEB,503.2822466744406
2042,Agri04_toGrassland,DEC,317.8226396972273
2042,Agri04_toGrassland,DEE,618.8891946948045
2042,Agri04_toGrassland,DED,534.9158023353876
2042,Agri04_toGrassland,DEF,269.13031415462837
2042,Agri04_toGrassland,DEG,215.18899133375047
2042,Agri05_Agroforestry,DE1,33210.34010176115
2042,Agri05_Agroforestry,DE2,38228.906141004765
2042,Agri05_Agroforestry,DE3,94.54500000000002
2042,Agri05_Agroforestry,DE4,34235.052
2042,Agri05_Agroforestry,DE5,776.162
2042,Agri05_Agroforestry,DE6,628.319
2042,Agri05_Agroforestry,DE7,6650.542290441872
2042,Agri05_Agroforestry,DE8,32606.293
2042,Agri05_Agroforestry,DE9,36290.17211590816
2042,Agri05_Agroforestry,DEA,33077.852199600406
2042,Agri05_Agroforestry,DEB,22052.87136758182
2042,Agri05_Agroforestry,DEC,3458.3510000000006
2042,Agri05_Agroforestry,DEE,17156.976000000002
2042,Agri05_Agroforestry,DED,19114.16
2042,Agri05_Agroforestry,DEF,2933.385954781971
2042,Agri05_Agroforestry,DEG,2347.155729407901
2042,Agri06_Biochar,DE1,0.0
2042,Agri06_Biochar,DE2,0.0
2042,Agri06_Biochar,DE3,0.0
2042,Agri06_Biochar,DE4,0.0
2042,Agri06_Biochar,DE5,0.0
2042,Agri06_Biochar,DE6,0.0
2042,Agri06_Biochar,DE7,0.0
2042,Agri06_Biochar,DE8,0.0
2042,Agri06_Biochar,DE9,0.0
2042,Agri06_Biochar,DEA,0.0
2042,Agri06_Biochar,DEB,0.0
2042,Agri06_Biochar,DEC,0.0
2042,Agri06_Biochar,DEE,0.0
2042,Agri06_Biochar,DED,0.0
2042,Agri06_Biochar,DEF,0.0
2042,Agri06_Biochar,DEG,0.0
2043,Agri01_AGC,DE1,130022.79576482726
2043,Agri01_AGC,DE2,199693.62209432106
2043,Agri01_AGC,DE3,322.4330000000001
2043,Agri01_AGC,DE4,126778.28715200713
2043,Agri01_AGC,DE5,1036.6540000000002
2043,Agri01_AGC,DE6,1702.7469999999998
2043,Agri01_AGC,DE7,43635.08197885552
2043,Agri01_AGC,DE8,126352.38611968253
2043,Agri01_AGC,DE9,176474.02800031827
2043,Agri01_AGC,DEA,131878.62340590495
2043,Agri01_AGC,DEB,79334.81461968162
2043,Agri01_AGC,DEC,8754.346000000001
2043,Agri01_AGC,DEE,96857.00989735455
2043,Agri01_AGC,DED,84140.32372719808
2043,Agri01_AGC,DEF,40606.840147962816
2043,Agri01_AGC,DEG,32468.430908798437
2043,Agri02_OFC,DE1,83330.56997018651
2043,Agri02_OFC,DE2,122927.55238472568
2043,Agri02_OFC,DE3,49853.15623498908
2043,Agri02_OFC,DE4,82135.9414271048
2043,Agri02_OFC,DE5,23141.168591453443
2043,Agri02_OFC,DE6,2501.3437774044573
2043,Agri02_OFC,DE7,26187.26167439562
2043,Agri02_OFC,DE8,81139.21885106186
2043,Agri02_OFC,DE9,109625.54342469753
2043,Agri02_OFC,DEA,84280.02156820268
2043,Agri02_OFC,DEB,51552.868544788565
2043,Agri02_OFC,DEC,35546.36339075428
2043,Agri02_OFC,DEE,61663.4358055246
2043,Agri02_OFC,DED,54346.345938160484
2043,Agri02_OFC,DEF,23081.95812152155
2043,Agri02_OFC,DEG,18456.543661795335
2043,Agri03_No-till,DE1,0.0
2043,Agri03_No-till,DE2,0.0
2043,Agri03_No-till,DE3,0.0
2043,Agri03_No-till,DE4,0.0
2043,Agri03_No-till,DE5,0.0
2043,Agri03_No-till,DE6,0.0
2043,Agri03_No-till,DE7,0.0
2043,Agri03_No-till,DE8,0.0
2043,Agri03_No-till,DE9,0.0
2043,Agri03_No-till,DEA,0.0
2043,Agri03_No-till,DEB,0.0
2043,Agri03_No-till,DEC,0.0
2043,Agri03_No-till,DEE,0.0
2043,Agri03_No-till,DED,0.0
2043,Agri03_No-till,DEF,0.0
2043,Agri03_No-till,DEG,0.0
2043,Agri04_toGrassland,DE1,828.8824026494099
2043,Agri04_toGrassland,DE2,1290.6601805659227
2043,Agri04_toGrassland,DE3,438.4706898782126
2043,Agri04_toGrassland,DE4,805.1124262100218
2043,Agri04_toGrassland,DE5,204.07160472912972
2043,Agri04_toGrassland,DE6,23.02552722872975
2043,Agri04_toGrassland,DE7,284.3724657957945
2043,Agri04_toGrassland,DE8,804.9222908630161
2043,Agri04_toGrassland,DE9,1137.128203043638
2043,Agri04_toGrassland,DEA,841.5501551889321
2043,Agri04_toGrassland,DEB,503.2822466744406
2043,Agri04_toGrassland,DEC,317.8226396972273
2043,Agri04_toGrassland,DEE,618.8891946948045
2043,Agri04_toGrassland,DED,534.9158023353876
2043,Agri04_toGrassland,DEF,269.13031415462837
2043,Agri04_toGrassland,DEG,215.18899133375047
2043,Agri05_Agroforestry,DE1,36047.59760150155
2043,Agri05_Agroforestry,DE2,41159.7499538313
2043,Agri05_Agroforestry,DE3,94.54500000000002
2043,Agri05_Agroforestry,DE4,34235.052
2043,Agri05_Agroforestry,DE5,776.162
2043,Agri05_Agroforestry,DE6,628.319
2043,Agri05_Agroforestry,DE7,7100.810656156286
2043,Agri05_Agroforestry,DE8,32606.293
2043,Agri05_Agroforestry,DE9,39160.10413804682
2043,Agri05_Agroforestry,DEA,35887.880820036364
2043,Agri05_Agroforestry,DEB,23983.849071602606
2043,Agri05_Agroforestry,DEC,3458.3510000000006
2043,Agri05_Agroforestry,DEE,17156.976000000002
2043,Agri05_Agroforestry,DED,19114.16
2043,Agri05_Agroforestry,DEF,2988.8665729168342
2043,Agri05_Agroforestry,DEG,2391.7043153679565
2043,Agri06_Biochar,DE1,0.0
2043,Agri06_Biochar,DE2,0.0
2043,Agri06_Biochar,DE3,0.0
2043,Agri06_Biochar,DE4,0.0
2043,Agri06_Biochar,DE5,0.0
2043,Agri06_Biochar,DE6,0.0
2043,Agri06_Biochar,DE7,0.0
2043,Agri06_Biochar,DE8,0.0
2043,Agri06_Biochar,DE9,0.0
2043,Agri06_Biochar,DEA,0.0
2043,Agri06_Biochar,DEB,0.0
2043,Agri06_Biochar,DEC,0.0
2043,Agri06_Biochar,DEE,0.0
2043,Agri06_Biochar,DED,0.0
2043,Agri06_Biochar,DEF,0.0
2043,Agri06_Biochar,DEG,0.0
2044,Agri01_AGC,DE1,137422.7237752789
2044,Agri01_AGC,DE2,208209.55876451285
2044,Agri01_AGC,DE3,322.4330000000001
2044,Agri01_AGC,DE4,134492.28167910615
2044,Agri01_AGC,DE5,1036.6540000000002
2044,Agri01_AGC,DE6,1702.7469999999998
2044,Agri01_AGC,DE7,45116.171951907265
2044,Agri01_AGC,DE8,133634.16643965885
2044,Agri01_AGC,DE9,184558.6721490462
2044,Agri01_AGC,DEA,139248.92468927614
2044,Agri01_AGC,DEB,82330.50400000003
2044,Agri01_AGC,DEC,8754.346000000001
2044,Agri01_AGC,DEE,102137.46258049119
2044,Agri01_AGC,DED,89166.54797837725
2044,Agri01_AGC,DEF,41259.159971151734
2044,Agri01_AGC,DEG,32990.387197263895
2044,Agri02_OFC,DE1,88581.69085964139
2044,Agri02_OFC,DE2,128970.61292247135
2044,Agri02_OFC,DE3,54434.72884974001
2044,Agri02_OFC,DE4,87609.92951795895
2044,Agri02_OFC,DE5,25254.345020490196
2044,Agri02_OFC,DE6,2705.4970509007217
2044,Agri02_OFC,DE7,27238.269533616607
2044,Agri02_OFC,DE8,86306.50003226289
2044,Agri02_OFC,DE9,115362.55109737128
2044,Agri02_OFC,DEA,89510.11880374653
2044,Agri02_OFC,DEB,55040.02485845279
2044,Agri02_OFC,DEC,38683.10724558337
2044,Agri02_OFC,DEE,65410.53920315678
2044,Agri02_OFC,DED,57913.044306465395
2044,Agri02_OFC,DEF,23544.855901785737
2044,Agri02_OFC,DEG,18826.933152864996
2044,Agri03_No-till,DE1,0.0
2044,Agri03_No-till,DE2,0.0
2044,Agri03_No-till,DE3,0.0
2044,Agri03_No-till,DE4,0.0
2044,Agri03_No-till,DE5,0.0
2044,Agri03_No-till,DE6,0.0
2044,Agri03_No-till,DE7,0.0
2044,Agri03_No-till,DE8,0.0
2044,Agri03_No-till,DE9,0.0
2044,Agri03_No-till,DEA,0.0
2044,Agri03_No-till,DEB,0.0
2044,Agri03_No-till,DEC,0.0
2044,Agri03_No-till,DEE,0.0
2044,Agri03_No-till,DED,0.0
2044,Agri03_No-till,DEF,0.0
2044,Agri03_No-till,DEG,0.0
2044,Agri04_toGrassland,DE1,828.8824026494099
2044,Agri04_toGrassland,DE2,1290.6601805659227
2044,Agri04_toGrassland,DE3,438.4706898782126
2044,Agri04_toGrassland,DE4,805.1124262100218
2044,Agri04_toGrassland,DE5,204.07160472912972
2044,Agri04_toGrassland,DE6,23.02552722872975
2044,Agri04_toGrassland,DE7,284.3724657957945
2044,Agri04_toGrassland,DE8,804.9222908630161
2044,Agri04_toGrassland,DE9,1137.128203043638
2044,Agri04_toGrassland,DEA,841.5501551889321
2044,Agri04_toGrassland,DEB,503.2822466744406
2044,Agri04_toGrassland,DEC,317.8226396972273
2044,Agri04_toGrassland,DEE,618.8891946948045
2044,Agri04_toGrassland,DED,534.9158023353876
2044,Agri04_toGrassland,DEF,269.13031415462837
2044,Agri04_toGrassland,DEG,215.18899133375047
2044,Agri05_Agroforestry,DE1,36047.59760150155
2044,Agri05_Agroforestry,DE2,41159.7499538313
2044,Agri05_Agroforestry,DE3,94.54500000000002
2044,Agri05_Agroforestry,DE4,34235.052
2044,Agri05_Agroforestry,DE5,776.162
2044,Agri05_Agroforestry,DE6,628.319
2044,Agri05_Agroforestry,DE7,7100.810656156286
2044,Agri05_Agroforestry,DE8,32606.293
2044,Agri05_Agroforestry,DE9,39160.10413804682
2044,Agri05_Agroforestry,DEA,35887.880820036364
2044,Agri05_Agroforestry,DEB,23983.849071602606
2044,Agri05_Agroforestry,DEC,3458.3510000000006
2044,Agri05_Agroforestry,DEE,17156.976000000002
2044,Agri05_Agroforestry,DED,19114.16
2044,Agri05_Agroforestry,DEF,2988.8665729168342
2044,Agri05_Agroforestry,DEG,2391.7043153679565
2044,Agri06_Biochar,DE1,0.0
2044,Agri06_Biochar,DE2,0.0
2044,Agri06_Biochar,DE3,0.0
2044,Agri06_Biochar,DE4,0.0
2044,Agri06_Biochar,DE5,0.0
2044,Agri06_Biochar,DE6,0.0
2044,Agri06_Biochar,DE7,0.0
2044,Agri06_Biochar,DE8,0.0
2044,Agri06_Biochar,DE9,0.0
2044,Agri06_Biochar,DEA,0.0
2044,Agri06_Biochar,DEB,0.0
2044,Agri06_Biochar,DEC,0.0
2044,Agri06_Biochar,DEE,0.0
2044,Agri06_Biochar,DED,0.0
2044,Agri06_Biochar,DEF,0.0
2044,Agri06_Biochar,DEG,0.0
2045,Agri01_AGC,DE1,137422.7237752789
2045,Agri01_AGC,DE2,208209.55876451285
2045,Agri01_AGC,DE3,322.4330000000001
2045,Agri01_AGC,DE4,134492.28167910615
2045,Agri01_AGC,DE5,1036.6540000000002
2045,Agri01_AGC,DE6,1702.7469999999998
2045,Agri01_AGC,DE7,45116.171951907265
2045,Agri01_AGC,DE8,133634.16643965885
2045,Agri01_AGC,DE9,184558.6721490462
2045,Agri01_AGC,DEA,139248.92468927614
2045,Agri01_AGC,DEB,82330.50400000003
2045,Agri01_AGC,DEC,8754.346000000001
2045,Agri01_AGC,DEE,102137.46258049119
2045,Agri01_AGC,DED,89166.54797837725
2045,Agri01_AGC,DEF,41259.159971151734
2045,Agri01_AGC,DEG,32990.387197263895
2045,Agri02_OFC,DE1,88581.69085964139
2045,Agri02_OFC,DE2,128970.61292247135
2045,Agri02_OFC,DE3,54434.72884974001
2045,Agri02_OFC,DE4,87609.92951795895
2045,Agri02_OFC,DE5,25254.345020490196
2045,Agri02_OFC,DE6,2705.4970509007217
2045,Agri02_OFC,DE7,27238.269533616607
2045,Agri02_OFC,DE8,86306.50003226289
2045,Agri02_OFC,DE9,115362.55109737128
2045,Agri02_OFC,DEA,89510.11880374653
2045,Agri02_OFC,DEB,55040.02485845279
2045,Agri02_OFC,DEC,38683.10724558337
2045,Agri02_OFC,DEE,65410.53920315678
2045,Agri02_OFC,DED,57913.044306465395
2045,Agri02_OFC,DEF,23544.855901785737
2045,Agri02_OFC,DEG,18826.933152864996
2045,Agri03_No-till,DE1,0.0
2045,Agri03_No-till,DE2,0.0
2045,Agri03_No-till,DE3,0.0
2045,Agri03_No-till,DE4,0.0
2045,Agri03_No-till,DE5,0.0
2045,Agri03_No-till,DE6,0.0
2045,Agri03_No-till,DE7,0.0
2045,Agri03_No-till,DE8,0.0
2045,Agri03_No-till,DE9,0.0
2045,Agri03_No-till,DEA,0.0
2045,Agri03_No-till,DEB,0.0
2045,Agri03_No-till,DEC,0.0
2045,Agri03_No-till,DEE,0.0
2045,Agri03_No-till,DED,0.0
2045,Agri03_No-till,DEF,0.0
2045,Agri03_No-till,DEG,0.0
2045,Agri04_toGrassland,DE1,828.8824026494099
2045,Agri04_toGrassland,DE2,1290.6601805659227
2045,Agri04_toGrassland,DE3,438.4706898782126
2045,Agri04_toGrassland,DE4,805.1124262100218
2045,Agri04_toGrassland,DE5,204.07160472912972
2045,Agri04_toGrassland,DE6,23.02552722872975
2045,Agri04_toGrassland,DE7,284.3724657957945
2045,Agri04_toGrassland,DE8,804.9222908630161
2045,Agri04_toGrassland,DE9,1137.128203043638
2045,Agri04_toGrassland,DEA,841.5501551889321
2045,Agri04_toGrassland,DEB,503.2822466744406
2045,Agri04_toGrassland,DEC,317.8226396972273
2045,Agri04_toGrassland,DEE,618.8891946948045
2045,Agri04_toGrassland,DED,534.9158023353876
2045,Agri04_toGrassland,DEF,269.13031415462837
2045,Agri04_toGrassland,DEG,215.18899133375047
2045,Agri05_Agroforestry,DE1,36047.59760150155
2045,Agri05_Agroforestry,DE2,41159.7499538313
2045,Agri05_Agroforestry,DE3,94.54500000000002
2045,Agri05_Agroforestry,DE4,34235.052
2045,Agri05_Agroforestry,DE5,776.162
2045,Agri05_Agroforestry,DE6,628.319
2045,Agri05_Agroforestry,DE7,7100.810656156286
2045,Agri05_Agroforestry,DE8,32606.293
2045,Agri05_Agroforestry,DE9,39160.10413804682
2045,Agri05_Agroforestry,DEA,35887.880820036364
2045,Agri05_Agroforestry,DEB,23983.849071602606
2045,Agri05_Agroforestry,DEC,3458.3510000000006
2045,Agri05_Agroforestry,DEE,17156.976000000002
2045,Agri05_Agroforestry,DED,19114.16
2045,Agri05_Agroforestry,DEF,2988.8665729168342
2045,Agri05_Agroforestry,DEG,2391.7043153679565
2045,Agri06_Biochar,DE1,0.0
2045,Agri06_Biochar,DE2,0.0
2045,Agri06_Biochar,DE3,0.0
2045,Agri06_Biochar,DE4,0.0
2045,Agri06_Biochar,DE5,0.0
2045,Agri06_Biochar,DE6,0.0
2045,Agri06_Biochar,DE7,0.0
2045,Agri06_Biochar,DE8,0.0
2045,Agri06_Biochar,DE9,0.0
2045,Agri06_Biochar,DEA,0.0
2045,Agri06_Biochar,DEB,0.0
2045,Agri06_Biochar,DEC,0.0
2045,Agri06_Biochar,DEE,0.0
2045,Agri06_Biochar,DED,0.0
2045,Agri06_Biochar,DEF,0.0
2045,Agri06_Biochar,DEG,0.0
2046,Agri01_AGC,DE1,137422.7237752789
2046,Agri01_AGC,DE2,208209.55876451285
2046,Agri01_AGC,DE3,322.4330000000001
2046,Agri01_AGC,DE4,134492.28167910615
2046,Agri01_AGC,DE5,1036.6540000000002
2046,Agri01_AGC,DE6,1702.7469999999998
2046,Agri01_AGC,DE7,45116.171951907265
2046,Agri01_AGC,DE8,133634.16643965885
2046,Agri01_AGC,DE9,184558.6721490462
2046,Agri01_AGC,DEA,139248.92468927614
2046,Agri01_AGC,DEB,82330.50400000003
2046,Agri01_AGC,DEC,8754.346000000001
2046,Agri01_AGC,DEE,102137.46258049119
2046,Agri01_AGC,DED,89166.54797837725
2046,Agri01_AGC,DEF,41259.159971151734
2046,Agri01_AGC,DEG,32990.387197263895
2046,Agri02_OFC,DE1,88581.69085964139
2046,Agri02_OFC,DE2,128970.61292247135
2046,Agri02_OFC,DE3,54434.72884974001
2046,Agri02_OFC,DE4,87609.92951795895
2046,Agri02_OFC,DE5,25254.345020490196
2046,Agri02_OFC,DE6,2705.4970509007217
2046,Agri02_OFC,DE7,27238.269533616607
2046,Agri02_OFC,DE8,86306.50003226289
2046,Agri02_OFC,DE9,115362.55109737128
2046,Agri02_OFC,DEA,89510.11880374653
2046,Agri02_OFC,DEB,55040.02485845279
2046,Agri02_OFC,DEC,38683.10724558337
2046,Agri02_OFC,DEE,65410.53920315678
2046,Agri02_OFC,DED,57913.044306465395
2046,Agri02_OFC,DEF,23544.855901785737
2046,Agri02_OFC,DEG,18826.933152864996
2046,Agri03_No-till,DE1,0.0
2046,Agri03_No-till,DE2,0.0
2046,Agri03_No-till,DE3,0.0
2046,Agri03_No-till,DE4,0.0
2046,Agri03_No-till,DE5,0.0
2046,Agri03_No-till,DE6,0.0
2046,Agri03_No-till,DE7,0.0
2046,Agri03_No-till,DE8,0.0
2046,Agri03_No-till,DE9,0.0
2046,Agri03_No-till,DEA,0.0
2046,Agri03_No-till,DEB,0.0
2046,Agri03_No-till,DEC,0.0
2046,Agri03_No-till,DEE,0.0
2046,Agri03_No-till,DED,0.0
2046,Agri03_No-till,DEF,0.0
2046,Agri03_No-till,DEG,0.0
2046,Agri04_toGrassland,DE1,828.8824026494099
2046,Agri04_toGrassland,DE2,1290.6601805659227
2046,Agri04_toGrassland,DE3,438.4706898782126
2046,Agri04_toGrassland,DE4,805.1124262100218
2046,Agri04_toGrassland,DE5,204.07160472912972
2046,Agri04_toGrassland,DE6,23.02552722872975
2046,Agri04_toGrassland,DE7,284.3724657957945
2046,Agri04_toGrassland,DE8,804.9222908630161
2046,Agri04_toGrassland,DE9,1137.128203043638
2046,Agri04_toGrassland,DEA,841.5501551889321
2046,Agri04_toGrassland,DEB,503.2822466744406
2046,Agri04_toGrassland,DEC,317.8226396972273
2046,Agri04_toGrassland,DEE,618.8891946948045
2046,Agri04_toGrassland,DED,534.9158023353876
2046,Agri04_toGrassland,DEF,269.13031415462837
2046,Agri04_toGrassland,DEG,215.18899133375047
2046,Agri05_Agroforestry,DE1,36047.59760150155
2046,Agri05_Agroforestry,DE2,41159.7499538313
2046,Agri05_Agroforestry,DE3,94.54500000000002
2046,Agri05_Agroforestry,DE4,34235.052
2046,Agri05_Agroforestry,DE5,776.162
2046,Agri05_Agroforestry,DE6,628.319
2046,Agri05_Agroforestry,DE7,7100.810656156286
2046,Agri05_Agroforestry,DE8,32606.293
2046,Agri05_Agroforestry,DE9,39160.10413804682
2046,Agri05_Agroforestry,DEA,35887.880820036364
2046,Agri05_Agroforestry,DEB,23983.849071602606
2046,Agri05_Agroforestry,DEC,3458.3510000000006
2046,Agri05_Agroforestry,DEE,17156.976000000002
2046,Agri05_Agroforestry,DED,19114.16
2046,Agri05_Agroforestry,DEF,2988.8665729168342
2046,Agri05_Agroforestry,DEG,2391.7043153679565
2046,Agri06_Biochar,DE1,0.0
2046,Agri06_Biochar,DE2,0.0
2046,Agri06_Biochar,DE3,0.0
2046,Agri06_Biochar,DE4,0.0
2046,Agri06_Biochar,DE5,0.0
2046,Agri06_Biochar,DE6,0.0
2046,Agri06_Biochar,DE7,0.0
2046,Agri06_Biochar,DE8,0.0
2046,Agri06_Biochar,DE9,0.0
2046,Agri06_Biochar,DEA,0.0
2046,Agri06_Biochar,DEB,0.0
2046,Agri06_Biochar,DEC,0.0
2046,Agri06_Biochar,DEE,0.0
2046,Agri06_Biochar,DED,0.0
2046,Agri06_Biochar,DEF,0.0
2046,Agri06_Biochar,DEG,0.0
2047,Agri01_AGC,DE1,137422.7237752789
2047,Agri01_AGC,DE2,208209.55876451285
2047,Agri01_AGC,DE3,322.4330000000001
2047,Agri01_AGC,DE4,134492.28167910615
2047,Agri01_AGC,DE5,1036.6540000000002
2047,Agri01_AGC,DE6,1702.7469999999998
2047,Agri01_AGC,DE7,45116.171951907265
2047,Agri01_AGC,DE8,133634.16643965885
2047,Agri01_AGC,DE9,184558.6721490462
2047,Agri01_AGC,DEA,139248.92468927614
2047,Agri01_AGC,DEB,82330.50400000003
2047,Agri01_AGC,DEC,8754.346000000001
2047,Agri01_AGC,DEE,102137.46258049119
2047,Agri01_AGC,DED,89166.54797837725
2047,Agri01_AGC,DEF,41259.159971151734
2047,Agri01_AGC,DEG,32990.387197263895
2047,Agri02_OFC,DE1,88581.69085964139
2047,Agri02_OFC,DE2,128970.61292247135
2047,Agri02_OFC,DE3,54434.72884974001
2047,Agri02_OFC,DE4,87609.92951795895
2047,Agri02_OFC,DE5,25254.345020490196
2047,Agri02_OFC,DE6,2705.4970509007217
2047,Agri02_OFC,DE7,27238.269533616607
2047,Agri02_OFC,DE8,86306.50003226289
2047,Agri02_OFC,DE9,115362.55109737128
2047,Agri02_OFC,DEA,89510.11880374653
2047,Agri02_OFC,DEB,55040.02485845279
2047,Agri02_OFC,DEC,38683.10724558337
2047,Agri02_OFC,DEE,65410.53920315678
2047,Agri02_OFC,DED,57913.044306465395
2047,Agri02_OFC,DEF,23544.855901785737
2047,Agri02_OFC,DEG,18826.933152864996
2047,Agri03_No-till,DE1,0.0
2047,Agri03_No-till,DE2,0.0
2047,Agri03_No-till,DE3,0.0
2047,Agri03_No-till,DE4,0.0
2047,Agri03_No-till,DE5,0.0
2047,Agri03_No-till,DE6,0.0
2047,Agri03_No-till,DE7,0.0
2047,Agri03_No-till,DE8,0.0
2047,Agri03_No-till,DE9,0.0
2047,Agri03_No-till,DEA,0.0
2047,Agri03_No-till,DEB,0.0
2047,Agri03_No-till,DEC,0.0
2047,Agri03_No-till,DEE,0.0
2047,Agri03_No-till,DED,0.0
2047,Agri03_No-till,DEF,0.0
2047,Agri03_No-till,DEG,0.0
2047,Agri04_toGrassland,DE1,828.8824026494099
2047,Agri04_toGrassland,DE2,1290.6601805659227
2047,Agri04_toGrassland,DE3,438.4706898782126
2047,Agri04_toGrassland,DE4,805.1124262100218
2047,Agri04_toGrassland,DE5,204.07160472912972
2047,Agri04_toGrassland,DE6,23.02552722872975
2047,Agri04_toGrassland,DE7,284.3724657957945
2047,Agri04_toGrassland,DE8,804.9222908630161
2047,Agri04_toGrassland,DE9,1137.128203043638
2047,Agri04_toGrassland,DEA,841.5501551889321
2047,Agri04_toGrassland,DEB,503.2822466744406
2047,Agri04_toGrassland,DEC,317.8226396972273
2047,Agri04_toGrassland,DEE,618.8891946948045
2047,Agri04_toGrassland,DED,534.9158023353876
2047,Agri04_toGrassland,DEF,269.13031415462837
2047,Agri04_toGrassland,DEG,215.18899133375047
2047,Agri05_Agroforestry,DE1,36047.59760150155
2047,Agri05_Agroforestry,DE2,41159.7499538313
2047,Agri05_Agroforestry,DE3,94.54500000000002
2047,Agri05_Agroforestry,DE4,34235.052
2047,Agri05_Agroforestry,DE5,776.162
2047,Agri05_Agroforestry,DE6,628.319
2047,Agri05_Agroforestry,DE7,7100.810656156286
2047,Agri05_Agroforestry,DE8,32606.293
2047,Agri05_Agroforestry,DE9,39160.10413804682
2047,Agri05_Agroforestry,DEA,35887.880820036364
2047,Agri05_Agroforestry,DEB,23983.849071602606
2047,Agri05_Agroforestry,DEC,3458.3510000000006
2047,Agri05_Agroforestry,DEE,17156.976000000002
2047,Agri05_Agroforestry,DED,19114.16
2047,Agri05_Agroforestry,DEF,2988.8665729168342
2047,Agri05_Agroforestry,DEG,2391.7043153679565
2047,Agri06_Biochar,DE1,0.0
2047,Agri06_Biochar,DE2,0.0
2047,Agri06_Biochar,DE3,0.0
2047,Agri06_Biochar,DE4,0.0
2047,Agri06_Biochar,DE5,0.0
2047,Agri06_Biochar,DE6,0.0
2047,Agri06_Biochar,DE7,0.0
2047,Agri06_Biochar,DE8,0.0
2047,Agri06_Biochar,DE9,0.0
2047,Agri06_Biochar,DEA,0.0
2047,Agri06_Biochar,DEB,0.0
2047,Agri06_Biochar,DEC,0.0
2047,Agri06_Biochar,DEE,0.0
2047,Agri06_Biochar,DED,0.0
2047,Agri06_Biochar,DEF,0.0
2047,Agri06_Biochar,DEG,0.0
2048,Agri01_AGC,DE1,137422.7237752789
2048,Agri01_AGC,DE2,208209.55876451285
2048,Agri01_AGC,DE3,322.4330000000001
2048,Agri01_AGC,DE4,134492.28167910615
2048,Agri01_AGC,DE5,1036.6540000000002
2048,Agri01_AGC,DE6,1702.7469999999998
2048,Agri01_AGC,DE7,45116.171951907265
2048,Agri01_AGC,DE8,133634.16643965885
2048,Agri01_AGC,DE9,184558.6721490462
2048,Agri01_AGC,DEA,139248.92468927614
2048,Agri01_AGC,DEB,82330.50400000003
2048,Agri01_AGC,DEC,8754.346000000001
2048,Agri01_AGC,DEE,102137.46258049119
2048,Agri01_AGC,DED,89166.54797837725
2048,Agri01_AGC,DEF,41259.159971151734
2048,Agri01_AGC,DEG,32990.387197263895
2048,Agri02_OFC,DE1,88581.69085964139
2048,Agri02_OFC,DE2,128970.61292247135
2048,Agri02_OFC,DE3,54434.72884974001
2048,Agri02_OFC,DE4,87609.92951795895
2048,Agri02_OFC,DE5,25254.345020490196
2048,Agri02_OFC,DE6,2705.4970509007217
2048,Agri02_OFC,DE7,27238.269533616607
2048,Agri02_OFC,DE8,86306.50003226289
2048,Agri02_OFC,DE9,115362.55109737128
2048,Agri02_OFC,DEA,89510.11880374653
2048,Agri02_OFC,DEB,55040.02485845279
2048,Agri02_OFC,DEC,38683.10724558337
2048,Agri02_OFC,DEE,65410.53920315678
2048,Agri02_OFC,DED,57913.044306465395
2048,Agri02_OFC,DEF,23544.855901785737
2048,Agri02_OFC,DEG,18826.933152864996
2048,Agri03_No-till,DE1,0.0
2048,Agri03_No-till,DE2,0.0
2048,Agri03_No-till,DE3,0.0
2048,Agri03_No-till,DE4,0.0
2048,Agri03_No-till,DE5,0.0
2048,Agri03_No-till,DE6,0.0
2048,Agri03_No-till,DE7,0.0
2048,Agri03_No-till,DE8,0.0
2048,Agri03_No-till,DE9,0.0
2048,Agri03_No-till,DEA,0.0
2048,Agri03_No-till,DEB,0.0
2048,Agri03_No-till,DEC,0.0
2048,Agri03_No-till,DEE,0.0
2048,Agri03_No-till,DED,0.0
2048,Agri03_No-till,DEF,0.0
2048,Agri03_No-till,DEG,0.0
2048,Agri04_toGrassland,DE1,828.8824026494099
2048,Agri04_toGrassland,DE2,1290.6601805659227
2048,Agri04_toGrassland,DE3,438.4706898782126
2048,Agri04_toGrassland,DE4,805.1124262100218
2048,Agri04_toGrassland,DE5,204.07160472912972
2048,Agri04_toGrassland,DE6,23.02552722872975
2048,Agri04_toGrassland,DE7,284.3724657957945
2048,Agri04_toGrassland,DE8,804.9222908630161
2048,Agri04_toGrassland,DE9,1137.128203043638
2048,Agri04_toGrassland,DEA,841.5501551889321
2048,Agri04_toGrassland,DEB,503.2822466744406
2048,Agri04_toGrassland,DEC,317.8226396972273
2048,Agri04_toGrassland,DEE,618.8891946948045
2048,Agri04_toGrassland,DED,534.9158023353876
2048,Agri04_toGrassland,DEF,269.13031415462837
2048,Agri04_toGrassland,DEG,215.18899133375047
2048,Agri05_Agroforestry,DE1,36047.59760150155
2048,Agri05_Agroforestry,DE2,41159.7499538313
2048,Agri05_Agroforestry,DE3,94.54500000000002
2048,Agri05_Agroforestry,DE4,34235.052
2048,Agri05_Agroforestry,DE5,776.162
2048,Agri05_Agroforestry,DE6,628.319
2048,Agri05_Agroforestry,DE7,7100.810656156286
2048,Agri05_Agroforestry,DE8,32606.293
2048,Agri05_Agroforestry,DE9,39160.10413804682
2048,Agri05_Agroforestry,DEA,35887.880820036364
2048,Agri05_Agroforestry,DEB,23983.849071602606
2048,Agri05_Agroforestry,DEC,3458.3510000000006
2048,Agri05_Agroforestry,DEE,17156.976000000002
2048,Agri05_Agroforestry,DED,19114.16
2048,Agri05_Agroforestry,DEF,2988.8665729168342
2048,Agri05_Agroforestry,DEG,2391.7043153679565
2048,Agri06_Biochar,DE1,0.0
2048,Agri06_Biochar,DE2,0.0
2048,Agri06_Biochar,DE3,0.0
2048,Agri06_Biochar,DE4,0.0
2048,Agri06_Biochar,DE5,0.0
2048,Agri06_Biochar,DE6,0.0
2048,Agri06_Biochar,DE7,0.0
2048,Agri06_Biochar,DE8,0.0
2048,Agri06_Biochar,DE9,0.0
2048,Agri06_Biochar,DEA,0.0
2048,Agri06_Biochar,DEB,0.0
2048,Agri06_Biochar,DEC,0.0
2048,Agri06_Biochar,DEE,0.0
2048,Agri06_Biochar,DED,0.0
2048,Agri06_Biochar,DEF,0.0
2048,Agri06_Biochar,DEG,0.0
2049,Agri01_AGC,DE1,137422.7237752789
2049,Agri01_AGC,DE2,208209.55876451285
2049,Agri01_AGC,DE3,322.4330000000001
2049,Agri01_AGC,DE4,134492.28167910615
2049,Agri01_AGC,DE5,1036.6540000000002
2049,Agri01_AGC,DE6,1702.7469999999998
2049,Agri01_AGC,DE7,45116.171951907265
2049,Agri01_AGC,DE8,133634.16643965885
2049,Agri01_AGC,DE9,184558.6721490462
2049,Agri01_AGC,DEA,139248.92468927614
2049,Agri01_AGC,DEB,82330.50400000003
2049,Agri01_AGC,DEC,8754.346000000001
2049,Agri01_AGC,DEE,102137.46258049119
2049,Agri01_AGC,DED,89166.54797837725
2049,Agri01_AGC,DEF,41259.159971151734
2049,Agri01_AGC,DEG,32990.387197263895
2049,Agri02_OFC,DE1,88581.69085964139
2049,Agri02_OFC,DE2,128970.61292247135
2049,Agri02_OFC,DE3,54434.72884974001
2049,Agri02_OFC,DE4,87609.92951795895
2049,Agri02_OFC,DE5,25254.345020490196
2049,Agri02_OFC,DE6,2705.4970509007217
2049,Agri02_OFC,DE7,27238.269533616607
2049,Agri02_OFC,DE8,86306.50003226289
2049,Agri02_OFC,DE9,115362.55109737128
2049,Agri02_OFC,DEA,89510.11880374653
2049,Agri02_OFC,DEB,55040.02485845279
2049,Agri02_OFC,DEC,38683.10724558337
2049,Agri02_OFC,DEE,65410.53920315678
2049,Agri02_OFC,DED,57913.044306465395
2049,Agri02_OFC,DEF,23544.855901785737
2049,Agri02_OFC,DEG,18826.933152864996
2049,Agri03_No-till,DE1,0.0
2049,Agri03_No-till,DE2,0.0
2049,Agri03_No-till,DE3,0.0
2049,Agri03_No-till,DE4,0.0
2049,Agri03_No-till,DE5,0.0
2049,Agri03_No-till,DE6,0.0
2049,Agri03_No-till,DE7,0.0
2049,Agri03_No-till,DE8,0.0
2049,Agri03_No-till,DE9,0.0
2049,Agri03_No-till,DEA,0.0
2049,Agri03_No-till,DEB,0.0
2049,Agri03_No-till,DEC,0.0
2049,Agri03_No-till,DEE,0.0
2049,Agri03_No-till,DED,0.0
2049,Agri03_No-till,DEF,0.0
2049,Agri03_No-till,DEG,0.0
2049,Agri04_toGrassland,DE1,828.8824026494099
2049,Agri04_toGrassland,DE2,1290.6601805659227
2049,Agri04_toGrassland,DE3,438.4706898782126
2049,Agri04_toGrassland,DE4,805.1124262100218
2049,Agri04_toGrassland,DE5,204.07160472912972
2049,Agri04_toGrassland,DE6,23.02552722872975
2049,Agri04_toGrassland,DE7,284.3724657957945
2049,Agri04_toGrassland,DE8,804.9222908630161
2049,Agri04_toGrassland,DE9,1137.128203043638
2049,Agri04_toGrassland,DEA,841.5501551889321
2049,Agri04_toGrassland,DEB,503.2822466744406
2049,Agri04_toGrassland,DEC,317.8226396972273
2049,Agri04_toGrassland,DEE,618.8891946948045
2049,Agri04_toGrassland,DED,534.9158023353876
2049,Agri04_toGrassland,DEF,269.13031415462837
2049,Agri04_toGrassland,DEG,215.18899133375047
2049,Agri05_Agroforestry,DE1,36047.59760150155
2049,Agri05_Agroforestry,DE2,41159.7499538313
2049,Agri05_Agroforestry,DE3,94.54500000000002
2049,Agri05_Agroforestry,DE4,34235.052
2049,Agri05_Agroforestry,DE5,776.162
2049,Agri05_Agroforestry,DE6,628.319
2049,Agri05_Agroforestry,DE7,7100.810656156286
2049,Agri05_Agroforestry,DE8,32606.293
2049,Agri05_Agroforestry,DE9,39160.10413804682
2049,Agri05_Agroforestry,DEA,35887.880820036364
2049,Agri05_Agroforestry,DEB,23983.849071602606
2049,Agri05_Agroforestry,DEC,3458.3510000000006
2049,Agri05_Agroforestry,DEE,17156.976000000002
2049,Agri05_Agroforestry,DED,19114.16
2049,Agri05_Agroforestry,DEF,2988.8665729168342
2049,Agri05_Agroforestry,DEG,2391.7043153679565
2049,Agri06_Biochar,DE1,0.0
2049,Agri06_Biochar,DE2,0.0
2049,Agri06_Biochar,DE3,0.0
2049,Agri06_Biochar,DE4,0.0
2049,Agri06_Biochar,DE5,0.0
2049,Agri06_Biochar,DE6,0.0
2049,Agri06_Biochar,DE7,0.0
2049,Agri06_Biochar,DE8,0.0
2049,Agri06_Biochar,DE9,0.0
2049,Agri06_Biochar,DEA,0.0
2049,Agri06_Biochar,DEB,0.0
2049,Agri06_Biochar,DEC,0.0
2049,Agri06_Biochar,DEE,0.0
2049,Agri06_Biochar,DED,0.0
2049,Agri06_Biochar,DEF,0.0
2049,Agri06_Biochar,DEG,0.0
2050,Agri01_AGC,DE1,137422.7237752789
2050,Agri01_AGC,DE2,208209.55876451285
2050,Agri01_AGC,DE3,322.4330000000001
2050,Agri01_AGC,DE4,134492.28167910615
2050,Agri01_AGC,DE5,1036.6540000000002
2050,Agri01_AGC,DE6,1702.7469999999998
2050,Agri01_AGC,DE7,45116.171951907265
2050,Agri01_AGC,DE8,133634.16643965885
2050,Agri01_AGC,DE9,184558.6721490462
2050,Agri01_AGC,DEA,139248.92468927614
2050,Agri01_AGC,DEB,82330.50400000003
2050,Agri01_AGC,DEC,8754.346000000001
2050,Agri01_AGC,DEE,102137.46258049119
2050,Agri01_AGC,DED,89166.54797837725
2050,Agri01_AGC,DEF,41259.159971151734
2050,Agri01_AGC,DEG,32990.387197263895
2050,Agri02_OFC,DE1,88581.69085964139
2050,Agri02_OFC,DE2,128970.61292247135
2050,Agri02_OFC,DE3,54434.72884974001
2050,Agri02_OFC,DE4,87609.92951795895
2050,Agri02_OFC,DE5,25254.345020490196
2050,Agri02_OFC,DE6,2705.4970509007217
2050,Agri02_OFC,DE7,27238.269533616607
2050,Agri02_OFC,DE8,86306.50003226289
2050,Agri02_OFC,DE9,115362.55109737128
2050,Agri02_OFC,DEA,89510.11880374653
2050,Agri02_OFC,DEB,55040.02485845279
2050,Agri02_OFC,DEC,38683.10724558337
2050,Agri02_OFC,DEE,65410.53920315678
2050,Agri02_OFC,DED,57913.044306465395
2050,Agri02_OFC,DEF,23544.855901785737
2050,Agri02_OFC,DEG,18826.933152864996
2050,Agri03_No-till,DE1,0.0
2050,Agri03_No-till,DE2,0.0
2050,Agri03_No-till,DE3,0.0
2050,Agri03_No-till,DE4,0.0
2050,Agri03_No-till,DE5,0.0
2050,Agri03_No-till,DE6,0.0
2050,Agri03_No-till,DE7,0.0
2050,Agri03_No-till,DE8,0.0
2050,Agri03_No-till,DE9,0.0
2050,Agri03_No-till,DEA,0.0
2050,Agri03_No-till,DEB,0.0
2050,Agri03_No-till,DEC,0.0
2050,Agri03_No-till,DEE,0.0
2050,Agri03_No-till,DED,0.0
2050,Agri03_No-till,DEF,0.0
2050,Agri03_No-till,DEG,0.0
2050,Agri04_toGrassland,DE1,828.8824026494099
2050,Agri04_toGrassland,DE2,1290.6601805659227
2050,Agri04_toGrassland,DE3,438.4706898782126
2050,Agri04_toGrassland,DE4,805.1124262100218
2050,Agri04_toGrassland,DE5,204.07160472912972
2050,Agri04_toGrassland,DE6,23.02552722872975
2050,Agri04_toGrassland,DE7,284.3724657957945
2050,Agri04_toGrassland,DE8,804.9222908630161
2050,Agri04_toGrassland,DE9,1137.128203043638
2050,Agri04_toGrassland,DEA,841.5501551889321
2050,Agri04_toGrassland,DEB,503.2822466744406
2050,Agri04_toGrassland,DEC,317.8226396972273
2050,Agri04_toGrassland,DEE,618.8891946948045
2050,Agri04_toGrassland,DED,534.9158023353876
2050,Agri04_toGrassland,DEF,269.13031415462837
2050,Agri04_toGrassland,DEG,215.18899133375047
2050,Agri05_Agroforestry,DE1,36047.59760150155
2050,Agri05_Agroforestry,DE2,41159.7499538313
2050,Agri05_Agroforestry,DE3,94.54500000000002
2050,Agri05_Agroforestry,DE4,34235.052
2050,Agri05_Agroforestry,DE5,776.162
2050,Agri05_Agroforestry,DE6,628.319
2050,Agri05_Agroforestry,DE7,7100.810656156286
2050,Agri05_Agroforestry,DE8,32606.293
2050,Agri05_Agroforestry,DE9,39160.10413804682
2050,Agri05_Agroforestry,DEA,35887.880820036364
2050,Agri05_Agroforestry,DEB,23983.849071602606
2050,Agri05_Agroforestry,DEC,3458.3510000000006
2050,Agri05_Agroforestry,DEE,17156.976000000002
2050,Agri05_Agroforestry,DED,19114.16
2050,Agri05_Agroforestry,DEF,2988.8665729168342
2050,Agri05_Agroforestry,DEG,2391.7043153679565
2050,Agri06_Biochar,DE1,0.0
2050,Agri06_Biochar,DE2,0.0
2050,Agri06_Biochar,DE3,0.0
2050,Agri06_Biochar,DE4,0.0
2050,Agri06_Biochar,DE5,0.0
2050,Agri06_Biochar,DE6,0.0
2050,Agri06_Biochar,DE7,0.0
2050,Agri06_Biochar,DE8,0.0
2050,Agri06_Biochar,DE9,0.0
2050,Agri06_Biochar,DEA,0.0
2050,Agri06_Biochar,DEB,0.0
2050,Agri06_Biochar,DEC,0.0
2050,Agri06_Biochar,DEE,0.0
2050,Agri06_Biochar,DED,0.0
2050,Agri06_Biochar,DEF,0.0
2050,Agri06_Biochar,DEG,0.0
