year,techAgri,r,costTechAgri
2020,Agri01_AGC,DE1,0.0
2020,Agri01_AGC,DE2,0.0
2020,Agri01_AGC,DE3,0.0
2020,Agri01_AGC,DE4,0.0
2020,Agri01_AGC,DE5,0.0
2020,Agri01_AGC,DE6,0.0
2020,Agri01_AGC,DE7,0.0
2020,Agri01_AGC,DE8,0.0
2020,Agri01_AGC,DE9,0.0
2020,Agri01_AGC,DEA,0.0
2020,Agri01_AGC,DEB,0.0
2020,Agri01_AGC,DEC,0.0
2020,Agri01_AGC,DEE,0.0
2020,Agri01_AGC,DED,0.0
2020,Agri01_AGC,DEF,0.0
2020,Agri01_AGC,DEG,0.0
2020,Agri02_OFC,DE1,0.0
2020,Agri02_OFC,DE2,0.0
2020,Agri02_OFC,DE3,0.0
2020,Agri02_OFC,DE4,0.0
2020,Agri02_OFC,DE5,0.0
2020,Agri02_OFC,DE6,0.0
2020,Agri02_OFC,DE7,0.0
2020,Agri02_OFC,DE8,0.0
2020,Agri02_OFC,DE9,0.0
2020,Agri02_OFC,DEA,0.0
2020,Agri02_OFC,DEB,0.0
2020,Agri02_OFC,DEC,0.0
2020,Agri02_OFC,DEE,0.0
2020,Agri02_OFC,DED,0.0
2020,Agri02_OFC,DEF,0.0
2020,Agri02_OFC,DEG,0.0
2020,Agri03_No-till,DE1,0.0
2020,Agri03_No-till,DE2,0.0
2020,Agri03_No-till,DE3,0.0
2020,Agri03_No-till,DE4,0.0
2020,Agri03_No-till,DE5,0.0
2020,Agri03_No-till,DE6,0.0
2020,Agri03_No-till,DE7,0.0
2020,Agri03_No-till,DE8,0.0
2020,Agri03_No-till,DE9,0.0
2020,Agri03_No-till,DEA,0.0
2020,Agri03_No-till,DEB,0.0
2020,Agri03_No-till,DEC,0.0
2020,Agri03_No-till,DEE,0.0
2020,Agri03_No-till,DED,0.0
2020,Agri03_No-till,DEF,0.0
2020,Agri03_No-till,DEG,0.0
2020,Agri04_toGrassland,DE1,0.0
2020,Agri04_toGrassland,DE2,0.0
2020,Agri04_toGrassland,DE3,0.0
2020,Agri04_toGrassland,DE4,0.0
2020,Agri04_toGrassland,DE5,0.0
2020,Agri04_toGrassland,DE6,0.0
2020,Agri04_toGrassland,DE7,0.0
2020,Agri04_toGrassland,DE8,0.0
2020,Agri04_toGrassland,DE9,0.0
2020,Agri04_toGrassland,DEA,0.0
2020,Agri04_toGrassland,DEB,0.0
2020,Agri04_toGrassland,DEC,0.0
2020,Agri04_toGrassland,DEE,0.0
2020,Agri04_toGrassland,DED,0.0
2020,Agri04_toGrassland,DEF,0.0
2020,Agri04_toGrassland,DEG,0.0
2020,Agri05_Agroforestry,DE1,0.0
2020,Agri05_Agroforestry,DE2,0.0
2020,Agri05_Agroforestry,DE3,0.0
2020,Agri05_Agroforestry,DE4,0.0
2020,Agri05_Agroforestry,DE5,0.0
2020,Agri05_Agroforestry,DE6,0.0
2020,Agri05_Agroforestry,DE7,0.0
2020,Agri05_Agroforestry,DE8,0.0
2020,Agri05_Agroforestry,DE9,0.0
2020,Agri05_Agroforestry,DEA,0.0
2020,Agri05_Agroforestry,DEB,0.0
2020,Agri05_Agroforestry,DEC,0.0
2020,Agri05_Agroforestry,DEE,0.0
2020,Agri05_Agroforestry,DED,0.0
2020,Agri05_Agroforestry,DEF,0.0
2020,Agri05_Agroforestry,DEG,0.0
2020,Agri06_Biochar,DE1,0.0
2020,Agri06_Biochar,DE2,0.0
2020,Agri06_Biochar,DE3,0.0
2020,Agri06_Biochar,DE4,0.0
2020,Agri06_Biochar,DE5,0.0
2020,Agri06_Biochar,DE6,0.0
2020,Agri06_Biochar,DE7,0.0
2020,Agri06_Biochar,DE8,0.0
2020,Agri06_Biochar,DE9,0.0
2020,Agri06_Biochar,DEA,0.0
2020,Agri06_Biochar,DEB,0.0
2020,Agri06_Biochar,DEC,0.0
2020,Agri06_Biochar,DEE,0.0
2020,Agri06_Biochar,DED,0.0
2020,Agri06_Biochar,DEF,0.0
2020,Agri06_Biochar,DEG,0.0
2021,Agri01_AGC,DE1,1149889.7170347103
2021,Agri01_AGC,DE2,2507206.489859491
2021,Agri01_AGC,DE3,0.0
2021,Agri01_AGC,DE4,991460.6931683484
2021,Agri01_AGC,DE5,0.0
2021,Agri01_AGC,DE6,12364.156645275085
2021,Agri01_AGC,DE7,646631.4428646218
2021,Agri01_AGC,DE8,1093823.4849452644
2021,Agri01_AGC,DE9,2070285.926834005
2021,Agri01_AGC,DEA,1201484.8254857888
2021,Agri01_AGC,DEB,597826.4816443356
2021,Agri01_AGC,DEC,0.0
2021,Agri01_AGC,DEE,916912.1654873858
2021,Agri01_AGC,DED,682311.9239869
2021,Agri01_AGC,DEF,790610.7993986052
2021,Agri01_AGC,DEG,632059.5097642854
2021,Agri02_OFC,DE1,791871.6449952174
2021,Agri02_OFC,DE2,1726587.9484404414
2021,Agri02_OFC,DE3,1612.3245278980478
2021,Agri02_OFC,DE4,682769.4851223888
2021,Agri02_OFC,DE5,5183.782897977634
2021,Agri02_OFC,DE6,8514.57745610659
2021,Agri02_OFC,DE7,445302.7945038857
2021,Agri02_OFC,DE8,753261.6298123327
2021,Agri02_OFC,DE9,1425702.5679994014
2021,Agri02_OFC,DEA,827402.6205293076
2021,Agri02_OFC,DEB,411693.2540819592
2021,Agri02_OFC,DEC,43776.06132593798
2021,Agri02_OFC,DEE,631431.6356119793
2021,Agri02_OFC,DED,469874.16066357325
2021,Agri02_OFC,DEF,544454.1898202392
2021,Agri02_OFC,DEG,435267.83161659236
2021,Agri03_No-till,DE1,0.0
2021,Agri03_No-till,DE2,0.0
2021,Agri03_No-till,DE3,0.0
2021,Agri03_No-till,DE4,0.0
2021,Agri03_No-till,DE5,0.0
2021,Agri03_No-till,DE6,0.0
2021,Agri03_No-till,DE7,0.0
2021,Agri03_No-till,DE8,0.0
2021,Agri03_No-till,DE9,0.0
2021,Agri03_No-till,DEA,0.0
2021,Agri03_No-till,DEB,0.0
2021,Agri03_No-till,DEC,0.0
2021,Agri03_No-till,DEE,0.0
2021,Agri03_No-till,DED,0.0
2021,Agri03_No-till,DEF,0.0
2021,Agri03_No-till,DEG,0.0
2021,Agri04_toGrassland,DE1,12515.362365339839
2021,Agri04_toGrassland,DE2,27288.354074720446
2021,Agri04_toGrassland,DE3,25.482445096631064
2021,Agri04_toGrassland,DE4,10791.026010730327
2021,Agri04_toGrassland,DE5,81.9285824937366
2021,Agri04_toGrassland,DE6,134.57107970013377
2021,Agri04_toGrassland,DE7,7037.915640417018
2021,Agri04_toGrassland,DE8,11905.139314673599
2021,Agri04_toGrassland,DE9,22532.92484518225
2021,Agri04_toGrassland,DEA,13076.921851417725
2021,Agri04_toGrassland,DEB,6506.7240262565065
2021,Agri04_toGrassland,DEC,691.8713075333843
2021,Agri04_toGrassland,DEE,9979.642254611697
2021,Agri04_toGrassland,DED,7426.26083909097
2021,Agri04_toGrassland,DEF,8604.982284684496
2021,Agri04_toGrassland,DEG,6879.315193424156
2021,Agri05_Agroforestry,DE1,86734.2226734532
2021,Agri05_Agroforestry,DE2,189114.31484106046
2021,Agri05_Agroforestry,DE3,176.5989671538551
2021,Agri05_Agroforestry,DE4,74784.19126574727
2021,Agri05_Agroforestry,DE5,567.7831540069177
2021,Agri05_Agroforestry,DE6,932.6072750752098
2021,Agri05_Agroforestry,DE7,48774.308285586194
2021,Agri05_Agroforestry,DE8,82505.24228823186
2021,Agri05_Agroforestry,DE9,156158.14100746214
2021,Agri05_Agroforestry,DEA,90625.95381859026
2021,Agri05_Agroforestry,DEB,45093.033193427276
2021,Agri05_Agroforestry,DEC,4794.820820782868
2021,Agri05_Agroforestry,DEE,69161.12280616254
2021,Agri05_Agroforestry,DED,51465.62619973901
2021,Agri05_Agroforestry,DEF,59634.425899475675
2021,Agri05_Agroforestry,DEG,47675.17219315596
2021,Agri06_Biochar,DE1,0.0
2021,Agri06_Biochar,DE2,0.0
2021,Agri06_Biochar,DE3,0.0
2021,Agri06_Biochar,DE4,0.0
2021,Agri06_Biochar,DE5,0.0
2021,Agri06_Biochar,DE6,0.0
2021,Agri06_Biochar,DE7,0.0
2021,Agri06_Biochar,DE8,0.0
2021,Agri06_Biochar,DE9,0.0
2021,Agri06_Biochar,DEA,0.0
2021,Agri06_Biochar,DEB,0.0
2021,Agri06_Biochar,DEC,0.0
2021,Agri06_Biochar,DEE,0.0
2021,Agri06_Biochar,DED,0.0
2021,Agri06_Biochar,DEF,0.0
2021,Agri06_Biochar,DEG,0.0
2022,Agri01_AGC,DE1,2261570.11873859
2022,Agri01_AGC,DE2,4840290.408926825
2022,Agri01_AGC,DE3,0.0
2022,Agri01_AGC,DE4,1965872.3146514846
2022,Agri01_AGC,DE5,0.0
2022,Agri01_AGC,DE6,26798.222271772247
2022,Agri01_AGC,DE7,1239829.7507629888
2022,Agri01_AGC,DE8,2154192.9952764083
2022,Agri01_AGC,DE9,4009341.006351861
2022,Agri01_AGC,DEA,2358735.139659498
2022,Agri01_AGC,DEB,1188505.0144099782
2022,Agri01_AGC,DEC,0.0
2022,Agri01_AGC,DEE,1795964.295893311
2022,Agri01_AGC,DED,1349524.1300805456
2022,Agri01_AGC,DEF,1502081.766494949
2022,Agri01_AGC,DEG,1200855.52675385
2022,Agri02_OFC,DE1,1556972.62282114
2022,Agri02_OFC,DE2,3332286.534368515
2022,Agri02_OFC,DE3,56026.97740497145
2022,Agri02_OFC,DE4,1353400.1658907572
2022,Agri02_OFC,DE5,34231.199520864924
2022,Agri02_OFC,DE6,18449.173019980073
2022,Agri02_OFC,DE7,853557.8724279472
2022,Agri02_OFC,DE8,1483049.0950195126
2022,Agri02_OFC,DE9,2760221.374841023
2022,Agri02_OFC,DEA,1623865.652675141
2022,Agri02_OFC,DEB,818223.4785424633
2022,Agri02_OFC,DEC,118988.05419833645
2022,Agri02_OFC,DEE,1236427.3904670144
2022,Agri02_OFC,DED,929076.7095666578
2022,Agri02_OFC,DEF,1034104.6551215851
2022,Agri02_OFC,DEG,826726.1596832754
2022,Agri03_No-till,DE1,0.0
2022,Agri03_No-till,DE2,0.0
2022,Agri03_No-till,DE3,0.0
2022,Agri03_No-till,DE4,0.0
2022,Agri03_No-till,DE5,0.0
2022,Agri03_No-till,DE6,0.0
2022,Agri03_No-till,DE7,0.0
2022,Agri03_No-till,DE8,0.0
2022,Agri03_No-till,DE9,0.0
2022,Agri03_No-till,DEA,0.0
2022,Agri03_No-till,DEB,0.0
2022,Agri03_No-till,DEC,0.0
2022,Agri03_No-till,DEE,0.0
2022,Agri03_No-till,DED,0.0
2022,Agri03_No-till,DEF,0.0
2022,Agri03_No-till,DEG,0.0
2022,Agri04_toGrassland,DE1,25078.934637891467
2022,Agri04_toGrassland,DE2,53674.801319710896
2022,Agri04_toGrassland,DE3,902.454470748465
2022,Agri04_toGrassland,DE4,21799.891534242408
2022,Agri04_toGrassland,DE5,551.3790048567943
2022,Agri04_toGrassland,DE6,297.17003209271115
2022,Agri04_toGrassland,DE7,13748.682397183862
2022,Agri04_toGrassland,DE8,23888.21150328672
2022,Agri04_toGrassland,DE9,44460.26245491735
2022,Agri04_toGrassland,DEA,26156.41403531291
2022,Agri04_toGrassland,DEB,13179.533690434015
2022,Agri04_toGrassland,DEC,1916.5999390040463
2022,Agri04_toGrassland,DEE,19915.752695661304
2022,Agri04_toGrassland,DED,14965.10197500508
2022,Agri04_toGrassland,DEF,16656.839480929506
2022,Agri04_toGrassland,DEG,13316.490616619962
2022,Agri05_Agroforestry,DE1,217844.1612760621
2022,Agri05_Agroforestry,DE2,429587.80633000674
2022,Agri05_Agroforestry,DE3,17403.068862772416
2022,Agri05_Agroforestry,DE4,195776.54681815108
2022,Agri05_Agroforestry,DE5,18881.520486814017
2022,Agri05_Agroforestry,DE6,3582.505689738084
2022,Agri05_Agroforestry,DE7,106532.75503254603
2022,Agri05_Agroforestry,DE8,208668.42667748814
2022,Agri05_Agroforestry,DE9,360998.1708045716
2022,Agri05_Agroforestry,DEA,225463.77256421247
2022,Agri05_Agroforestry,DEB,119614.27196997828
2022,Agri05_Agroforestry,DEC,35944.15087036967
2022,Agri05_Agroforestry,DEE,170011.62981649712
2022,Agri05_Agroforestry,DED,133048.13043329187
2022,Agri05_Agroforestry,DEF,123350.0869189513
2022,Agri05_Agroforestry,DEG,98615.82542057923
2022,Agri06_Biochar,DE1,0.0
2022,Agri06_Biochar,DE2,0.0
2022,Agri06_Biochar,DE3,0.0
2022,Agri06_Biochar,DE4,0.0
2022,Agri06_Biochar,DE5,0.0
2022,Agri06_Biochar,DE6,0.0
2022,Agri06_Biochar,DE7,0.0
2022,Agri06_Biochar,DE8,0.0
2022,Agri06_Biochar,DE9,0.0
2022,Agri06_Biochar,DEA,0.0
2022,Agri06_Biochar,DEB,0.0
2022,Agri06_Biochar,DEC,0.0
2022,Agri06_Biochar,DEE,0.0
2022,Agri06_Biochar,DED,0.0
2022,Agri06_Biochar,DEF,0.0
2022,Agri06_Biochar,DEG,0.0
2023,Agri01_AGC,DE1,3330831.8747133007
2023,Agri01_AGC,DE2,6999652.733398602
2023,Agri01_AGC,DE3,0.0
2023,Agri01_AGC,DE4,2917928.7616528603
2023,Agri01_AGC,DE5,0.0
2023,Agri01_AGC,DE6,42995.26179228173
2023,Agri01_AGC,DE7,1780597.6068313012
2023,Agri01_AGC,DE8,3176799.3501698817
2023,Agri01_AGC,DE9,5816172.7420337
2023,Agri01_AGC,DEA,3467807.44773215
2023,Agri01_AGC,DEB,1768505.755867211
2023,Agri01_AGC,DEC,0.0
2023,Agri01_AGC,DEE,2634579.6559201726
2023,Agri01_AGC,DED,1998340.1489405176
2023,Agri01_AGC,DEF,2137095.4663938605
2023,Agri01_AGC,DEG,1708532.0755715033
2023,Agri02_OFC,DE1,2292379.942901593
2023,Agri02_OFC,DE2,4817374.198660329
2023,Agri02_OFC,DE3,157614.3061142202
2023,Agri02_OFC,DE4,2008207.444755659
2023,Agri02_OFC,DE5,84565.49944566812
2023,Agri02_OFC,DE6,29590.648666682842
2023,Agri02_OFC,DE7,1225461.5044567478
2023,Agri02_OFC,DE8,2186370.068161751
2023,Agri02_OFC,DE9,4002867.223503028
2023,Agri02_OFC,DEA,2386650.704100818
2023,Agri02_OFC,DEB,1217139.5243432901
2023,Agri02_OFC,DEC,221972.3087442649
2023,Agri02_OFC,DEE,1813197.960262653
2023,Agri02_OFC,DED,1375318.5536932955
2023,Agri02_OFC,DEF,1470814.1892177889
2023,Agri02_OFC,DEG,1175863.8109530108
2023,Agri03_No-till,DE1,0.0
2023,Agri03_No-till,DE2,0.0
2023,Agri03_No-till,DE3,0.0
2023,Agri03_No-till,DE4,0.0
2023,Agri03_No-till,DE5,0.0
2023,Agri03_No-till,DE6,0.0
2023,Agri03_No-till,DE7,0.0
2023,Agri03_No-till,DE8,0.0
2023,Agri03_No-till,DE9,0.0
2023,Agri03_No-till,DEA,0.0
2023,Agri03_No-till,DEB,0.0
2023,Agri03_No-till,DEC,0.0
2023,Agri03_No-till,DEE,0.0
2023,Agri03_No-till,DED,0.0
2023,Agri03_No-till,DEF,0.0
2023,Agri03_No-till,DEG,0.0
2023,Agri04_toGrassland,DE1,37669.46882646551
2023,Agri04_toGrassland,DE2,79161.36579530548
2023,Agri04_toGrassland,DE3,2589.992644613487
2023,Agri04_toGrassland,DE4,32999.81225692772
2023,Agri04_toGrassland,DE5,1389.6201871016933
2023,Agri04_toGrassland,DE6,486.2475005315262
2023,Agri04_toGrassland,DE7,20137.361645965444
2023,Agri04_toGrassland,DE8,35927.46454651381
2023,Agri04_toGrassland,DE9,65777.0028738647
2023,Agri04_toGrassland,DEA,39218.57045389752
2023,Agri04_toGrassland,DEB,20000.610942213614
2023,Agri04_toGrassland,DEC,3647.5537096162807
2023,Agri04_toGrassland,DEE,29795.324397172553
2023,Agri04_toGrassland,DED,22599.883385488687
2023,Agri04_toGrassland,DEF,24169.112725761206
2023,Agri04_toGrassland,DEG,19322.34894482534
2023,Agri05_Agroforestry,DE1,398546.8010804562
2023,Agri05_Agroforestry,DE2,726108.8429365371
2023,Agri05_Agroforestry,DE3,18257.519886389975
2023,Agri05_Agroforestry,DE4,368645.72271465167
2023,Agri05_Agroforestry,DE5,57546.433575104005
2023,Agri05_Agroforestry,DE6,8188.455244204906
2023,Agri05_Agroforestry,DE7,173856.77012318047
2023,Agri05_Agroforestry,DE8,383665.13936036977
2023,Agri05_Agroforestry,DE9,619315.3852460006
2023,Agri05_Agroforestry,DEA,409647.11294419534
2023,Agri05_Agroforestry,DEB,227212.41086842166
2023,Agri05_Agroforestry,DEC,97256.89848503805
2023,Agri05_Agroforestry,DEE,306167.188645222
2023,Agri05_Agroforestry,DED,248400.71487540356
2023,Agri05_Agroforestry,DEF,190841.06305281425
2023,Agri05_Agroforestry,DEG,152577.78861950175
2023,Agri06_Biochar,DE1,0.0
2023,Agri06_Biochar,DE2,0.0
2023,Agri06_Biochar,DE3,0.0
2023,Agri06_Biochar,DE4,0.0
2023,Agri06_Biochar,DE5,0.0
2023,Agri06_Biochar,DE6,0.0
2023,Agri06_Biochar,DE7,0.0
2023,Agri06_Biochar,DE8,0.0
2023,Agri06_Biochar,DE9,0.0
2023,Agri06_Biochar,DEA,0.0
2023,Agri06_Biochar,DEB,0.0
2023,Agri06_Biochar,DEC,0.0
2023,Agri06_Biochar,DEE,0.0
2023,Agri06_Biochar,DED,0.0
2023,Agri06_Biochar,DEF,0.0
2023,Agri06_Biochar,DEG,0.0
2024,Agri01_AGC,DE1,4353465.654560506
2024,Agri01_AGC,DE2,8985694.43947143
2024,Agri01_AGC,DE3,0.0
2024,Agri01_AGC,DE4,3842323.9313759278
2024,Agri01_AGC,DE5,0.0
2024,Agri01_AGC,DE6,60648.340119593806
2024,Agri01_AGC,DE7,2269937.6942057596
2024,Agri01_AGC,DE8,4157333.3688021367
2024,Agri01_AGC,DE9,7489788.637359656
2024,Agri01_AGC,DEA,4524758.254914772
2024,Agri01_AGC,DEB,2334298.8635863173
2024,Agri01_AGC,DEC,196591.81277934596
2024,Agri01_AGC,DEE,3430181.510270369
2024,Agri01_AGC,DED,2625463.5112263975
2024,Agri01_AGC,DEF,2698334.4642001707
2024,Agri01_AGC,DEG,2157233.180820056
2024,Agri02_OFC,DE1,2995170.614660402
2024,Agri02_OFC,DE2,6182129.3821919905
2024,Agri02_OFC,DE3,300744.6581386443
2024,Agri02_OFC,DE4,2643506.7241676473
2024,Agri02_OFC,DE5,153609.9322493934
2024,Agri02_OFC,DE6,41725.86637127728
2024,Agri02_OFC,DE7,1561709.9612748504
2024,Agri02_OFC,DE8,2860232.221779259
2024,Agri02_OFC,DE9,5152950.91696358
2024,Agri02_OFC,DEA,3113019.382469656
2024,Agri02_OFC,DEB,1605990.2424462175
2024,Agri02_OFC,DEC,349065.15509079286
2024,Agri02_OFC,DEE,2359954.040696442
2024,Agri02_OFC,DED,1806310.6000275288
2024,Agri02_OFC,DEF,1856445.5854226022
2024,Agri02_OFC,DEG,1484169.6121787606
2024,Agri03_No-till,DE1,0.0
2024,Agri03_No-till,DE2,0.0
2024,Agri03_No-till,DE3,0.0
2024,Agri03_No-till,DE4,0.0
2024,Agri03_No-till,DE5,0.0
2024,Agri03_No-till,DE6,0.0
2024,Agri03_No-till,DE7,0.0
2024,Agri03_No-till,DE8,0.0
2024,Agri03_No-till,DE9,0.0
2024,Agri03_No-till,DEA,0.0
2024,Agri03_No-till,DEB,0.0
2024,Agri03_No-till,DEC,0.0
2024,Agri03_No-till,DEE,0.0
2024,Agri03_No-till,DED,0.0
2024,Agri03_No-till,DEF,0.0
2024,Agri03_No-till,DEG,0.0
2024,Agri04_toGrassland,DE1,50265.7169398726
2024,Agri04_toGrassland,DE2,103750.07156183835
2024,Agri04_toGrassland,DE3,5047.173534349681
2024,Agri04_toGrassland,DE4,44364.00386517774
2024,Agri04_toGrassland,DE5,2577.9210492409543
2024,Agri04_toGrassland,DE6,700.2541283703727
2024,Agri04_toGrassland,DE7,26209.014762426672
2024,Agri04_toGrassland,DE8,48001.146425029365
2024,Agri04_toGrassland,DE9,86478.13614668362
2024,Agri04_toGrassland,DEA,52243.48500938351
2024,Agri04_toGrassland,DEB,26952.137731276398
2024,Agri04_toGrassland,DEC,5858.100434574383
2024,Agri04_toGrassland,DEE,39605.35043316918
2024,Agri04_toGrassland,DED,30313.965048288163
2024,Agri04_toGrassland,DEF,31155.34315620578
2024,Agri04_toGrassland,DEG,24907.7128532782
2024,Agri05_Agroforestry,DE1,634059.127359265
2024,Agri05_Agroforestry,DE2,1083365.7931303491
2024,Agri05_Agroforestry,DE3,19111.97091000753
2024,Agri05_Agroforestry,DE4,599060.3750126892
2024,Agri05_Agroforestry,DE5,119167.74399555956
2024,Agri05_Agroforestry,DE6,14989.215938691952
2024,Agri05_Agroforestry,DE7,251327.78343979036
2024,Agri05_Agroforestry,DE8,612670.9665294774
2024,Agri05_Agroforestry,DE9,935905.0801864212
2024,Agri05_Agroforestry,DEA,648309.6316658676
2024,Agri05_Agroforestry,DEB,371536.144427526
2024,Agri05_Agroforestry,DEC,192541.97200106565
2024,Agri05_Agroforestry,DEE,481243.46690655535
2024,Agri05_Agroforestry,DED,401176.5817008191
2024,Agri05_Agroforestry,DEF,261801.43429545182
2024,Agri05_Agroforestry,DEG,209316.89072715538
2024,Agri06_Biochar,DE1,0.0
2024,Agri06_Biochar,DE2,0.0
2024,Agri06_Biochar,DE3,0.0
2024,Agri06_Biochar,DE4,0.0
2024,Agri06_Biochar,DE5,0.0
2024,Agri06_Biochar,DE6,0.0
2024,Agri06_Biochar,DE7,0.0
2024,Agri06_Biochar,DE8,0.0
2024,Agri06_Biochar,DE9,0.0
2024,Agri06_Biochar,DEA,0.0
2024,Agri06_Biochar,DEB,0.0
2024,Agri06_Biochar,DEC,0.0
2024,Agri06_Biochar,DEE,0.0
2024,Agri06_Biochar,DED,0.0
2024,Agri06_Biochar,DEF,0.0
2024,Agri06_Biochar,DEG,0.0
2025,Agri01_AGC,DE1,5325262.127881867
2025,Agri01_AGC,DE2,10798816.503341904
2025,Agri01_AGC,DE3,0.0
2025,Agri01_AGC,DE4,4733751.721024138
2025,Agri01_AGC,DE5,0.0
2025,Agri01_AGC,DE6,79450.5221664987
2025,Agri01_AGC,DE7,2708852.696022563
2025,Agri01_AGC,DE8,5091485.870349621
2025,Agri01_AGC,DE9,9029196.195809858
2025,Agri01_AGC,DEA,5525644.066418383
2025,Agri01_AGC,DEB,2882354.4951375793
2025,Agri01_AGC,DEC,423055.1642194455
2025,Agri01_AGC,DEE,4180193.123646296
2025,Agri01_AGC,DED,3227597.747597766
2025,Agri01_AGC,DEF,3188481.325018709
2025,Agri01_AGC,DEG,2549102.867102317
2025,Agri02_OFC,DE1,3662421.64752139
2025,Agri02_OFC,DE2,7426830.525839607
2025,Agri02_OFC,DE3,479788.3809612436
2025,Agri02_OFC,DE4,3255613.4065772756
2025,Agri02_OFC,DE5,238787.74750904698
2025,Agri02_OFC,DE6,54641.68810882578
2025,Agri02_OFC,DE7,1862999.5135668176
2025,Agri02_OFC,DE8,3501643.2284122477
2025,Agri02_OFC,DE9,6209783.258200841
2025,Agri02_OFC,DEA,3800233.2954449714
2025,Agri02_OFC,DEB,1982324.4838130225
2025,Agri02_OFC,DEC,496602.92336498963
2025,Agri02_OFC,DEE,2874906.3274659286
2025,Agri02_OFC,DED,2219763.7555533997
2025,Agri02_OFC,DEF,2192861.6370497765
2025,Agri02_OFC,DEG,1753132.3901134862
2025,Agri03_No-till,DE1,0.0
2025,Agri03_No-till,DE2,0.0
2025,Agri03_No-till,DE3,0.0
2025,Agri03_No-till,DE4,0.0
2025,Agri03_No-till,DE5,0.0
2025,Agri03_No-till,DE6,0.0
2025,Agri03_No-till,DE7,0.0
2025,Agri03_No-till,DE8,0.0
2025,Agri03_No-till,DE9,0.0
2025,Agri03_No-till,DEA,0.0
2025,Agri03_No-till,DEB,0.0
2025,Agri03_No-till,DEC,0.0
2025,Agri03_No-till,DEE,0.0
2025,Agri03_No-till,DED,0.0
2025,Agri03_No-till,DEF,0.0
2025,Agri03_No-till,DEG,0.0
2025,Agri04_toGrassland,DE1,62846.43098692336
2025,Agri04_toGrassland,DE2,127442.94267964367
2025,Agri04_toGrassland,DE3,8233.073707615036
2025,Agri04_toGrassland,DE4,55865.68204538396
2025,Agri04_toGrassland,DE5,4097.550511287098
2025,Agri04_toGrassland,DE6,937.6405589630446
2025,Agri04_toGrassland,DE7,31968.703122232462
2025,Agri04_toGrassland,DE8,60087.50511950785
2025,Agri04_toGrassland,DE9,106558.65231803352
2025,Agri04_toGrassland,DEA,65211.25160398285
2025,Agri04_toGrassland,DEB,34016.296007303456
2025,Agri04_toGrassland,DEC,8521.60792908265
2025,Agri04_toGrassland,DEE,49332.823877674935
2025,Agri04_toGrassland,DED,38090.706941149874
2025,Agri04_toGrassland,DEF,37629.07190928941
2025,Agri04_toGrassland,DEG,30083.405017216475
2025,Agri05_Agroforestry,DE1,929598.1253851178
2025,Agri05_Agroforestry,DE2,1506047.0253811418
2025,Agri05_Agroforestry,DE3,19966.42193362509
2025,Agri05_Agroforestry,DE4,892689.1597697039
2025,Agri05_Agroforestry,DE5,163913.24745725648
2025,Agri05_Agroforestry,DE6,24223.54777341551
2025,Agri05_Agroforestry,DE7,339527.22486467677
2025,Agri05_Agroforestry,DE8,900861.4943774123
2025,Agri05_Agroforestry,DE9,1315562.5514805056
2025,Agri05_Agroforestry,DEA,946584.9854365578
2025,Agri05_Agroforestry,DEB,556234.16718606
2025,Agri05_Agroforestry,DEC,325608.27975473023
2025,Agri05_Agroforestry,DEE,698856.1322147155
2025,Agri05_Agroforestry,DED,595028.9330842835
2025,Agri05_Agroforestry,DEF,335925.28064125136
2025,Agri05_Agroforestry,DEG,268588.960680772
2025,Agri06_Biochar,DE1,0.0
2025,Agri06_Biochar,DE2,0.0
2025,Agri06_Biochar,DE3,0.0
2025,Agri06_Biochar,DE4,0.0
2025,Agri06_Biochar,DE5,0.0
2025,Agri06_Biochar,DE6,0.0
2025,Agri06_Biochar,DE7,0.0
2025,Agri06_Biochar,DE8,0.0
2025,Agri06_Biochar,DE9,0.0
2025,Agri06_Biochar,DEA,0.0
2025,Agri06_Biochar,DEB,0.0
2025,Agri06_Biochar,DEC,0.0
2025,Agri06_Biochar,DEE,0.0
2025,Agri06_Biochar,DED,0.0
2025,Agri06_Biochar,DEF,0.0
2025,Agri06_Biochar,DEG,0.0
2026,Agri01_AGC,DE1,6242011.964279048
2026,Agri01_AGC,DE2,12439419.901206639
2026,Agri01_AGC,DE3,45577.16941843993
2026,Agri01_AGC,DE4,5586906.027800945
2026,Agri01_AGC,DE5,146535.1095771941
2026,Agri01_AGC,DE6,99094.87284578673
2026,Agri01_AGC,DE7,3098345.2954179137
2026,Agri01_AGC,DE8,5974947.673988788
2026,Agri01_AGC,DE9,10433402.920864442
2026,Agri01_AGC,DEA,6466521.387454012
2026,Agri01_AGC,DEB,3409142.8080912824
2026,Agri01_AGC,DEC,674114.0889814775
2026,Agri01_AGC,DEE,4882037.760750354
2026,Agri01_AGC,DED,3801446.388714207
2026,Agri01_AGC,DEF,3610218.6139543075
2026,Agri01_AGC,DEG,2886285.1590210977
2026,Agri02_OFC,DE1,4291210.050908385
2026,Agri02_OFC,DE2,8551756.07047929
2026,Agri02_OFC,DE3,689115.8220650182
2026,Agri02_OFC,DE4,3840842.8944350975
2026,Agri02_OFC,DE5,337522.19480163517
2026,Agri02_OFC,DE6,68124.97585439075
2026,Agri02_OFC,DE7,2130026.432017213
2026,Agri02_OFC,DE8,4107610.7606009287
2026,Agri02_OFC,DE9,7172675.050192977
2026,Agri02_OFC,DEA,4445554.050690083
2026,Agri02_OFC,DEB,2343691.099405484
2026,Agri02_OFC,DEC,660921.9436939249
2026,Agri02_OFC,DEE,3356265.5162686617
2026,Agri02_OFC,DED,2613388.92725495
2026,Agri02_OFC,DEF,2481925.137413063
2026,Agri02_OFC,DEG,1984240.9715101502
2026,Agri03_No-till,DE1,0.0
2026,Agri03_No-till,DE2,0.0
2026,Agri03_No-till,DE3,0.0
2026,Agri03_No-till,DE4,0.0
2026,Agri03_No-till,DE5,0.0
2026,Agri03_No-till,DE6,0.0
2026,Agri03_No-till,DE7,0.0
2026,Agri03_No-till,DE8,0.0
2026,Agri03_No-till,DE9,0.0
2026,Agri03_No-till,DEA,0.0
2026,Agri03_No-till,DEB,0.0
2026,Agri03_No-till,DEC,0.0
2026,Agri03_No-till,DEE,0.0
2026,Agri03_No-till,DED,0.0
2026,Agri03_No-till,DEF,0.0
2026,Agri03_No-till,DEG,0.0
2026,Agri04_toGrassland,DE1,75390.36297642843
2026,Agri04_toGrassland,DE2,150242.00320905552
2026,Agri04_toGrassland,DE3,12106.769732067532
2026,Agri04_toGrassland,DE4,67478.06248393783
2026,Agri04_toGrassland,DE5,5929.777493252643
2026,Agri04_toGrassland,DE6,1196.8574356633355
2026,Agri04_toGrassland,DE7,37421.48810104772
2026,Agri04_toGrassland,DE8,72164.7886106237
2026,Agri04_toGrassland,DE9,126013.54143257375
2026,Agri04_toGrassland,DEA,78101.96413990745
2026,Agri04_toGrassland,DEB,41175.26771997587
2026,Agri04_toGrassland,DEC,11611.44400834537
2026,Agri04_toGrassland,DEE,58964.73780471355
2026,Agri04_toGrassland,DED,45913.469041820164
2026,Agri04_toGrassland,DEF,43603.84012203826
2026,Agri04_toGrassland,DEG,34860.24811187806
2026,Agri05_Agroforestry,DE1,1290380.780430644
2026,Agri05_Agroforestry,DE2,1998840.9081586122
2026,Agri05_Agroforestry,DE3,20820.872957242642
2026,Agri05_Agroforestry,DE4,1255200.7330431356
2026,Agri05_Agroforestry,DE5,170927.81634395642
2026,Agri05_Agroforestry,DE6,36130.210748591846
2026,Agri05_Agroforestry,DE7,439036.52428014047
2026,Agri05_Agroforestry,DE8,1253412.3090967743
2026,Agri05_Agroforestry,DE9,1763083.0949829258
2026,Agri05_Agroforestry,DEA,1309606.8309635946
2026,Agri05_Agroforestry,DEB,784955.1736827921
2026,Agri05_Agroforestry,DEC,500264.73008230916
2026,Agri05_Agroforestry,DEE,962620.8521839206
2026,Agri05_Agroforestry,DED,833610.9712005416
2026,Agri05_Agroforestry,DEF,412906.6820846001
2026,Agri05_Agroforestry,DEG,330149.8274175835
2026,Agri06_Biochar,DE1,0.0
2026,Agri06_Biochar,DE2,0.0
2026,Agri06_Biochar,DE3,0.0
2026,Agri06_Biochar,DE4,0.0
2026,Agri06_Biochar,DE5,0.0
2026,Agri06_Biochar,DE6,0.0
2026,Agri06_Biochar,DE7,0.0
2026,Agri06_Biochar,DE8,0.0
2026,Agri06_Biochar,DE9,0.0
2026,Agri06_Biochar,DEA,0.0
2026,Agri06_Biochar,DEB,0.0
2026,Agri06_Biochar,DEC,0.0
2026,Agri06_Biochar,DEE,0.0
2026,Agri06_Biochar,DED,0.0
2026,Agri06_Biochar,DEF,0.0
2026,Agri06_Biochar,DEG,0.0
2027,Agri01_AGC,DE1,7099505.8333537085
2027,Agri01_AGC,DE2,13907905.609262224
2027,Agri01_AGC,DE3,43712.380142215436
2027,Agri01_AGC,DE4,6396480.748909797
2027,Agri01_AGC,DE5,140539.6275317607
2027,Agri01_AGC,DE6,119274.45707024806
2027,Agri01_AGC,DE7,3439418.175528009
2027,Agri01_AGC,DE8,6803409.598896085
2027,Agri01_AGC,DE9,11701416.316003535
2027,Agri01_AGC,DEA,7343446.723232678
2027,Agri01_AGC,DEB,3911133.9600177063
2027,Agri01_AGC,DEC,944492.6217266204
2027,Agri01_AGC,DEE,5533138.686284938
2027,Agri01_AGC,DED,4343712.965235298
2027,Agri01_AGC,DEF,3966228.896111794
2027,Agri01_AGC,DEG,3170924.0811792063
2027,Agri02_OFC,DE1,4878612.834245209
2027,Agri02_OFC,DE2,9557184.456987144
2027,Agri02_OFC,DE3,923097.3289329682
2027,Agri02_OFC,DE4,4395510.590191666
2027,Agri02_OFC,DE5,447236.5237041642
2027,Agri02_OFC,DE6,81962.59158303455
2027,Agri02_OFC,DE7,2363486.9873106
2027,Agri02_OFC,DE8,4675142.490885514
2027,Agri02_OFC,DE9,8040937.095918151
2027,Agri02_OFC,DEA,5046243.255868308
2027,Agri02_OFC,DEB,2687638.9401853783
2027,Agri02_OFC,DEC,838358.5462046682
2027,Agri02_OFC,DEE,3802242.302802188
2027,Agri02_OFC,DED,2984897.0221162234
2027,Agri02_OFC,DEF,2725498.879826214
2027,Agri02_OFC,DEG,2178984.1831217143
2027,Agri03_No-till,DE1,0.0
2027,Agri03_No-till,DE2,0.0
2027,Agri03_No-till,DE3,0.0
2027,Agri03_No-till,DE4,0.0
2027,Agri03_No-till,DE5,0.0
2027,Agri03_No-till,DE6,0.0
2027,Agri03_No-till,DE7,0.0
2027,Agri03_No-till,DE8,0.0
2027,Agri03_No-till,DE9,0.0
2027,Agri03_No-till,DEA,0.0
2027,Agri03_No-till,DEB,0.0
2027,Agri03_No-till,DEC,0.0
2027,Agri03_No-till,DEE,0.0
2027,Agri03_No-till,DED,0.0
2027,Agri03_No-till,DEF,0.0
2027,Agri03_No-till,DEG,0.0
2027,Agri04_toGrassland,DE1,87876.26491719841
2027,Agri04_toGrassland,DE2,172149.27721040812
2027,Agri04_toGrassland,DE3,16627.338175365156
2027,Agri04_toGrassland,DE4,79174.36086723085
2027,Agri04_toGrassland,DE5,8055.870915150109
2027,Agri04_toGrassland,DE6,1476.3554018250397
2027,Agri04_toGrassland,DE7,42572.431074537344
2027,Agri04_toGrassland,DE8,84211.24487905142
2027,Agri04_toGrassland,DE9,144837.79353496365
2027,Agri04_toGrassland,DEA,90895.71651936929
2027,Agri04_toGrassland,DEB,48411.234818974735
2027,Agri04_toGrassland,DEC,15100.976487566848
2027,Agri04_toGrassland,DEE,68488.08528830876
2027,Agri04_toGrassland,DED,53765.6113280454
2027,Agri04_toGrassland,DEF,49093.188931478515
2027,Agri04_toGrassland,DEG,39249.064812500896
2027,Agri05_Agroforestry,DE1,1721624.0777684737
2027,Agri05_Agroforestry,DE2,2566435.8099324596
2027,Agri05_Agroforestry,DE3,21675.3239808602
2027,Agri05_Agroforestry,DE4,1692263.7508904254
2027,Agri05_Agroforestry,DE5,177942.38523065642
2027,Agri05_Agroforestry,DE6,50947.96486443726
2027,Agri05_Agroforestry,DE7,550437.1115684826
2027,Agri05_Agroforestry,DE8,1675498.9968801655
2027,Agri05_Agroforestry,DE9,2283262.0065483544
2027,Agri05_Agroforestry,DEA,1742508.824954307
2027,Agri05_Agroforestry,DEB,1061347.858456491
2027,Agri05_Agroforestry,DEC,720320.2313200805
2027,Agri05_Agroforestry,DEE,1276153.294428389
2027,Agri05_Agroforestry,DED,1120575.8982243384
2027,Agri05_Agroforestry,DEF,492439.71861988556
2027,Agri05_Agroforestry,DEG,393755.31987482193
2027,Agri06_Biochar,DE1,0.0
2027,Agri06_Biochar,DE2,0.0
2027,Agri06_Biochar,DE3,0.0
2027,Agri06_Biochar,DE4,0.0
2027,Agri06_Biochar,DE5,0.0
2027,Agri06_Biochar,DE6,0.0
2027,Agri06_Biochar,DE7,0.0
2027,Agri06_Biochar,DE8,0.0
2027,Agri06_Biochar,DE9,0.0
2027,Agri06_Biochar,DEA,0.0
2027,Agri06_Biochar,DEB,0.0
2027,Agri06_Biochar,DEC,0.0
2027,Agri06_Biochar,DEE,0.0
2027,Agri06_Biochar,DED,0.0
2027,Agri06_Biochar,DEF,0.0
2027,Agri06_Biochar,DEG,0.0
2028,Agri01_AGC,DE1,7893534.404707513
2028,Agri01_AGC,DE2,15204674.603705274
2028,Agri01_AGC,DE3,41847.59086599095
2028,Agri01_AGC,DE4,7157169.7815541485
2028,Agri01_AGC,DE5,134544.14548632732
2028,Agri01_AGC,DE6,139682.33975267303
2028,Agri01_AGC,DE7,3733074.0194890513
2028,Agri01_AGC,DE8,7572562.464247967
2028,Agri01_AGC,DE9,12832243.884707274
2028,Agri01_AGC,DEA,8152476.578965409
2028,Agri01_AGC,DEB,4384798.108487138
2028,Agri01_AGC,DEC,1136199.7367121987
2028,Agri01_AGC,DEE,6130919.164952445
2028,Agri01_AGC,DED,4851101.007820622
2028,Agri01_AGC,DEF,4259194.736595999
2028,Agri01_AGC,DEG,3405163.658179454
2028,Agri02_OFC,DE1,5421707.006955689
2028,Agri02_OFC,DE2,10443394.12623928
2028,Agri02_OFC,DE3,1176103.2490480933
2028,Agri02_OFC,DE4,4915931.896297536
2028,Agri02_OFC,DE5,565353.9837936403
2028,Agri02_OFC,DE6,95941.3972698196
2028,Agri02_OFC,DE7,2564077.450131541
2028,Agri02_OFC,DE8,5201246.091806213
2028,Agri02_OFC,DE9,8813880.198354524
2028,Agri02_OFC,DEA,5599562.518642965
2028,Agri02_OFC,DEB,3011716.857114485
2028,Agri02_OFC,DEC,1025249.061024289
2028,Agri02_OFC,DEE,4211047.382764054
2028,Agri02_OFC,DED,3331998.9471212598
2028,Agri02_OFC,DEF,2925445.6576029807
2028,Agri02_OFC,DEG,2338850.85170114
2028,Agri03_No-till,DE1,0.0
2028,Agri03_No-till,DE2,0.0
2028,Agri03_No-till,DE3,0.0
2028,Agri03_No-till,DE4,0.0
2028,Agri03_No-till,DE5,0.0
2028,Agri03_No-till,DE6,0.0
2028,Agri03_No-till,DE7,0.0
2028,Agri03_No-till,DE8,0.0
2028,Agri03_No-till,DE9,0.0
2028,Agri03_No-till,DEA,0.0
2028,Agri03_No-till,DEB,0.0
2028,Agri03_No-till,DEC,0.0
2028,Agri03_No-till,DEE,0.0
2028,Agri03_No-till,DED,0.0
2028,Agri03_No-till,DEF,0.0
2028,Agri03_No-till,DEG,0.0
2028,Agri04_toGrassland,DE1,100282.88881804395
2028,Agri04_toGrassland,DE2,193166.78874403556
2028,Agri04_toGrassland,DE3,21753.85560516589
2028,Agri04_toGrassland,DE4,90927.79288165449
2028,Agri04_toGrassland,DE5,10457.099696992018
2028,Agri04_toGrassland,DE6,1774.5851008019508
2028,Agri04_toGrassland,DE7,47426.59341836626
2028,Agri04_toGrassland,DE8,96205.12190546544
2028,Agri04_toGrassland,DE9,163026.39866986262
2028,Agri04_toGrassland,DEA,103572.60264458033
2028,Agri04_toGrassland,DEB,55706.37925398115
2028,Agri04_toGrassland,DEC,18963.57318195137
2028,Agri04_toGrassland,DEE,77889.85940248432
2028,Agri04_toGrassland,DED,61630.493777571945
2028,Agri04_toGrassland,DEF,54110.65947463635
2028,Agri04_toGrassland,DEG,43260.67779432288
2028,Agri05_Agroforestry,DE1,2228545.0026712357
2028,Agri05_Agroforestry,DE2,3213520.0991723803
2028,Agri05_Agroforestry,DE3,22529.775004477757
2028,Agri05_Agroforestry,DE4,2209546.869369013
2028,Agri05_Agroforestry,DE5,184956.95411735642
2028,Agri05_Agroforestry,DE6,68915.57012116801
2028,Agri05_Agroforestry,DE7,674310.4166120039
2028,Agri05_Agroforestry,DE8,2172297.1439201864
2028,Agri05_Agroforestry,DE9,2880894.5820314633
2028,Agri05_Agroforestry,DEA,2250424.624116023
2028,Agri05_Agroforestry,DEB,1389060.9160459256
2028,Agri05_Agroforestry,DEC,824114.1246656158
2028,Agri05_Agroforestry,DEE,1643069.126562339
2028,Agri05_Agroforestry,DED,1459576.9163304192
2028,Agri05_Agroforestry,DEF,574218.4702414948
2028,Agri05_Agroforestry,DEG,459161.266989719
2028,Agri06_Biochar,DE1,0.0
2028,Agri06_Biochar,DE2,0.0
2028,Agri06_Biochar,DE3,0.0
2028,Agri06_Biochar,DE4,0.0
2028,Agri06_Biochar,DE5,0.0
2028,Agri06_Biochar,DE6,0.0
2028,Agri06_Biochar,DE7,0.0
2028,Agri06_Biochar,DE8,0.0
2028,Agri06_Biochar,DE9,0.0
2028,Agri06_Biochar,DEA,0.0
2028,Agri06_Biochar,DEB,0.0
2028,Agri06_Biochar,DEC,0.0
2028,Agri06_Biochar,DEE,0.0
2028,Agri06_Biochar,DED,0.0
2028,Agri06_Biochar,DEF,0.0
2028,Agri06_Biochar,DEG,0.0
2029,Agri01_AGC,DE1,8619888.347942123
2029,Agri01_AGC,DE2,16330127.860732388
2029,Agri01_AGC,DE3,39982.801589766466
2029,Agri01_AGC,DE4,7863667.022937451
2029,Agri01_AGC,DE5,128548.66344089396
2029,Agri01_AGC,DE6,160011.58580585185
2029,Agri01_AGC,DE7,3980315.5104372404
2029,Agri01_AGC,DE8,8278097.0892208805
2029,Agri01_AGC,DE9,13824893.130455788
2029,Agri01_AGC,DEA,8889667.459863225
2029,Agri01_AGC,DEB,4826605.411069858
2029,Agri01_AGC,DEC,1085569.0303603094
2029,Agri01_AGC,DEE,6672802.461455273
2029,Agri01_AGC,DED,5320314.04712976
2029,Agri01_AGC,DEF,4491798.7005117545
2029,Agri01_AGC,DEG,3591147.914624651
2029,Agri02_OFC,DE1,5917569.578463649
2029,Agri02_OFC,DE2,11210663.519111803
2029,Agri02_OFC,DE3,1442503.9298933935
2029,Agri02_OFC,DE4,5398422.215203258
2029,Agri02_OFC,DE5,689297.8246470694
2029,Agri02_OFC,DE6,109848.25488980828
2029,Agri02_OFC,DE7,2732494.0911645987
2029,Agri02_OFC,DE8,5682929.235903239
2029,Agri02_OFC,DE9,9490815.16048026
2029,Agri02_OFC,DEA,6102773.446677369
2029,Agri02_OFC,DEB,3313473.70115458
2029,Agri02_OFC,DEC,1217929.8182798568
2029,Agri02_OFC,DEE,4580891.4518518085
2029,Agri02_OFC,DED,3652405.6092541027
2029,Agri02_OFC,DEF,3083628.2640571133
2029,Agri02_OFC,DEG,2465329.8040013886
2029,Agri03_No-till,DE1,0.0
2029,Agri03_No-till,DE2,0.0
2029,Agri03_No-till,DE3,0.0
2029,Agri03_No-till,DE4,0.0
2029,Agri03_No-till,DE5,0.0
2029,Agri03_No-till,DE6,0.0
2029,Agri03_No-till,DE7,0.0
2029,Agri03_No-till,DE8,0.0
2029,Agri03_No-till,DE9,0.0
2029,Agri03_No-till,DEA,0.0
2029,Agri03_No-till,DEB,0.0
2029,Agri03_No-till,DEC,0.0
2029,Agri03_No-till,DEE,0.0
2029,Agri03_No-till,DED,0.0
2029,Agri03_No-till,DEF,0.0
2029,Agri03_No-till,DEG,0.0
2029,Agri04_toGrassland,DE1,112588.98668777569
2029,Agri04_toGrassland,DE2,213296.56187027198
2029,Agri04_toGrassland,DE3,27445.39858912773
2029,Agri04_toGrassland,DE4,102711.57421360024
2029,Agri04_toGrassland,DE5,13114.732758790891
2029,Agri04_toGrassland,DE6,2089.997175947863
2029,Agri04_toGrassland,DE7,51989.03650819939
2029,Agri04_toGrassland,DE8,108124.66767054026
2029,Agri04_toGrassland,DE9,180574.34688193008
2029,Agri04_toGrassland,DEA,116112.71641775253
2029,Agri04_toGrassland,DEB,63042.8829746762
2029,Agri04_toGrassland,DEC,23172.60190670324
2029,Agri04_toGrassland,DEE,87157.05322126397
2029,Agri04_toGrassland,DED,69491.47636814618
2029,Agri04_toGrassland,DEF,58669.79288853796
2029,Agri04_toGrassland,DEG,46905.909732581946
2029,Agri05_Agroforestry,DE1,2816360.5404115594
2029,Agri05_Agroforestry,DE2,3944782.1443480747
2029,Agri05_Agroforestry,DE3,23384.226028095316
2029,Agri05_Agroforestry,DE4,2812718.7445363393
2029,Agri05_Agroforestry,DE5,191971.52300405642
2029,Agri05_Agroforestry,DE6,90271.78651900042
2029,Agri05_Agroforestry,DE7,811237.8692930056
2029,Agri05_Agroforestry,DE8,2748982.336409438
2029,Agri05_Agroforestry,DE9,3560776.117286925
2029,Agri05_Agroforestry,DEA,2838487.8851560727
2029,Agri05_Agroforestry,DEB,1771743.0409898644
2029,Agri05_Agroforestry,DEC,855368.9932676447
2029,Agri05_Agroforestry,DEE,2066984.0161999892
2029,Agri05_Agroforestry,DED,1854267.2276935289
2029,Agri05_Agroforestry,DEF,657937.0169438155
2029,Agri05_Agroforestry,DEG,526123.4976995068
2029,Agri06_Biochar,DE1,0.0
2029,Agri06_Biochar,DE2,0.0
2029,Agri06_Biochar,DE3,0.0
2029,Agri06_Biochar,DE4,0.0
2029,Agri06_Biochar,DE5,0.0
2029,Agri06_Biochar,DE6,0.0
2029,Agri06_Biochar,DE7,0.0
2029,Agri06_Biochar,DE8,0.0
2029,Agri06_Biochar,DE9,0.0
2029,Agri06_Biochar,DEA,0.0
2029,Agri06_Biochar,DEB,0.0
2029,Agri06_Biochar,DEC,0.0
2029,Agri06_Biochar,DEE,0.0
2029,Agri06_Biochar,DED,0.0
2029,Agri06_Biochar,DEF,0.0
2029,Agri06_Biochar,DEG,0.0
2030,Agri01_AGC,DE1,9274358.332659202
2030,Agri01_AGC,DE2,17284666.356540166
2030,Agri01_AGC,DE3,38118.01231354197
2030,Agri01_AGC,DE4,8510666.370263156
2030,Agri01_AGC,DE5,122553.18139546056
2030,Agri01_AGC,DE6,179955.26014257476
2030,Agri01_AGC,DE7,4182145.3315087757
2030,Agri01_AGC,DE8,8915704.292991277
2030,Agri01_AGC,DE9,14678371.556729209
2030,Agri01_AGC,DEA,9551075.871137151
2030,Agri01_AGC,DEB,5233026.025336149
2030,Agri01_AGC,DEC,1034938.3240084199
2030,Agri01_AGC,DEE,7156211.84049582
2030,Agri01_AGC,DED,5748055.613822293
2030,Agri01_AGC,DEF,4666723.352963888
2030,Agri01_AGC,DEG,3731020.8751176056
2030,Agri02_OFC,DE1,6363277.558192916
2030,Agri02_OFC,DE2,11859271.076480823
2030,Agri02_OFC,DE3,1716669.718951869
2030,Agri02_OFC,DE4,5839296.949359389
2030,Agri02_OFC,DE5,816491.2958414581
2030,Agri02_OFC,DE6,123470.02641806297
2030,Agri02_OFC,DE7,2869433.1810943373
2030,Agri02_OFC,DE8,6117199.595716802
2030,Agri02_OFC,DE9,10071052.785273526
2030,Agri02_OFC,DEA,6553137.64763484
2030,Agri02_OFC,DEB,3590458.3232674426
2030,Agri02_OFC,DEC,1412737.1480984408
2030,Agri02_OFC,DEE,4909985.205762998
2030,Agri02_OFC,DED,3943827.9154987936
2030,Agri02_OFC,DEF,3201909.4925023653
2030,Agri02_OFC,DEG,2559909.8667754233
2030,Agri03_No-till,DE1,0.0
2030,Agri03_No-till,DE2,0.0
2030,Agri03_No-till,DE3,0.0
2030,Agri03_No-till,DE4,0.0
2030,Agri03_No-till,DE5,0.0
2030,Agri03_No-till,DE6,0.0
2030,Agri03_No-till,DE7,0.0
2030,Agri03_No-till,DE8,0.0
2030,Agri03_No-till,DE9,0.0
2030,Agri03_No-till,DEA,0.0
2030,Agri03_No-till,DEB,0.0
2030,Agri03_No-till,DEC,0.0
2030,Agri03_No-till,DEE,0.0
2030,Agri03_No-till,DED,0.0
2030,Agri03_No-till,DEF,0.0
2030,Agri03_No-till,DEG,0.0
2030,Agri04_toGrassland,DE1,124773.31053520423
2030,Agri04_toGrassland,DE2,232540.62064945156
2030,Agri04_toGrassland,DE3,33661.04369490864
2030,Agri04_toGrassland,DE4,114498.92054945958
2030,Agri04_toGrassland,DE5,16010.03902055925
2030,Agri04_toGrassland,DE6,2421.04227061657
2030,Agri04_toGrassland,DE7,56264.82171970162
2030,Agri04_toGrassland,DE8,119948.13015495036
2030,Agri04_toGrassland,DE9,197476.6282158253
2030,Agri04_toGrassland,DEA,128496.15174109786
2030,Agri04_toGrassland,DEB,70402.92793074097
2030,Agri04_toGrassland,DEC,27701.430477026744
2030,Agri04_toGrassland,DEE,96276.65981867141
2030,Agri04_toGrassland,DED,77331.91907751444
2030,Agri04_toGrassland,DEF,62784.130310209504
2030,Agri04_toGrassland,DEG,50195.58330251601
2030,Agri05_Agroforestry,DE1,3490287.6762620746
2030,Agri05_Agroforestry,DE2,4764910.313929239
2030,Agri05_Agroforestry,DE3,24238.67705171287
2030,Agri05_Agroforestry,DE4,3507448.0324498434
2030,Agri05_Agroforestry,DE5,198986.09189075642
2030,Agri05_Agroforestry,DE6,115255.37405815072
2030,Agri05_Agroforestry,DE7,961800.8994937881
2030,Agri05_Agroforestry,DE8,3410730.16054052
2030,Agri05_Agroforestry,DE9,4327701.908169411
2030,Agri05_Agroforestry,DEA,3511832.264781783
2030,Agri05_Agroforestry,DEB,2213042.927827076
2030,Agri05_Agroforestry,DEC,886623.8618696734
2030,Agri05_Agroforestry,DEE,2551513.630955557
2030,Agri05_Agroforestry,DED,2308300.034488412
2030,Agri05_Agroforestry,DEF,743289.4387212347
2030,Agri05_Agroforestry,DEG,594397.840941417
2030,Agri06_Biochar,DE1,0.0
2030,Agri06_Biochar,DE2,0.0
2030,Agri06_Biochar,DE3,0.0
2030,Agri06_Biochar,DE4,0.0
2030,Agri06_Biochar,DE5,0.0
2030,Agri06_Biochar,DE6,0.0
2030,Agri06_Biochar,DE7,0.0
2030,Agri06_Biochar,DE8,0.0
2030,Agri06_Biochar,DE9,0.0
2030,Agri06_Biochar,DEA,0.0
2030,Agri06_Biochar,DEB,0.0
2030,Agri06_Biochar,DEC,0.0
2030,Agri06_Biochar,DEE,0.0
2030,Agri06_Biochar,DED,0.0
2030,Agri06_Biochar,DEF,0.0
2030,Agri06_Biochar,DEG,0.0
2031,Agri01_AGC,DE1,9852735.02846041
2031,Agri01_AGC,DE2,18068691.067325216
2031,Agri01_AGC,DE3,36253.22303731748
2031,Agri01_AGC,DE4,9092861.720734714
2031,Agri01_AGC,DE5,116557.69935002718
2031,Agri01_AGC,DE6,191450.8340248151
2031,Agri01_AGC,DE7,4339566.165839857
2031,Agri01_AGC,DE8,9481074.894735606
2031,Agri01_AGC,DE9,15391686.667007668
2031,Agri01_AGC,DEA,10132758.317998212
2031,Agri01_AGC,DEB,5600530.108856295
2031,Agri01_AGC,DEC,984307.6176565305
2031,Agri01_AGC,DEE,7578570.566776481
2031,Agri01_AGC,DED,6131029.2385578025
2031,Agri01_AGC,DEF,4786651.25905723
2031,Agri01_AGC,DEG,3826926.564261129
2031,Agri02_OFC,DE1,6755907.955567312
2031,Agri02_OFC,DE2,12389495.239222445
2031,Agri02_OFC,DE3,1992970.9637065197
2031,Agri02_OFC,DE4,6234871.50121648
2031,Agri02_OFC,DE5,944357.6469538126
2031,Agri02_OFC,DE6,136593.57382964605
2031,Agri02_OFC,DE7,2975590.9906053185
2031,Agri02_OFC,DE8,6501064.843787114
2031,Agri02_OFC,DE9,10553903.87571248
2031,Agri02_OFC,DEA,6947916.729178692
2031,Agri02_OFC,DEB,3840219.5744148483
2031,Agri02_OFC,DEC,1606007.3806071107
2031,Agri02_OFC,DEE,5196539.340195171
2031,Agri02_OFC,DED,4203976.772839376
2031,Agri02_OFC,DEF,3282152.1362524866
2031,Agri02_OFC,DEG,2624079.866776205
2031,Agri03_No-till,DE1,0.0
2031,Agri03_No-till,DE2,0.0
2031,Agri03_No-till,DE3,0.0
2031,Agri03_No-till,DE4,0.0
2031,Agri03_No-till,DE5,0.0
2031,Agri03_No-till,DE6,0.0
2031,Agri03_No-till,DE7,0.0
2031,Agri03_No-till,DE8,0.0
2031,Agri03_No-till,DE9,0.0
2031,Agri03_No-till,DEA,0.0
2031,Agri03_No-till,DEB,0.0
2031,Agri03_No-till,DEC,0.0
2031,Agri03_No-till,DEE,0.0
2031,Agri03_No-till,DED,0.0
2031,Agri03_No-till,DEF,0.0
2031,Agri03_No-till,DEG,0.0
2031,Agri04_toGrassland,DE1,136814.6123691402
2031,Agri04_toGrassland,DE2,250900.9891419084
2031,Agri04_toGrassland,DE3,40359.86749016663
2031,Agri04_toGrassland,DE4,126263.04757562395
2031,Agri04_toGrassland,DE5,19124.287402309612
2031,Agri04_toGrassland,DE6,2766.1710281618657
2031,Agri04_toGrassland,DE7,60259.01042853787
2031,Agri04_toGrassland,DE8,131653.75733937018
2031,Agri04_toGrassland,DE9,213728.23271620768
2031,Agri04_toGrassland,DEA,140703.0025168282
2031,Agri04_toGrassland,DEB,77768.69607185654
2031,Agri04_toGrassland,DEC,32523.42670812618
2031,Agri04_toGrassland,DEE,105235.6722687304
2031,Agri04_toGrassland,DED,85135.1818834231
2031,Agri04_toGrassland,DEF,66467.21287667716
2031,Agri04_toGrassland,DEG,53140.52117936298
2031,Agri05_Agroforestry,DE1,4255543.395495411
2031,Agri05_Agroforestry,DE2,5678592.976385572
2031,Agri05_Agroforestry,DE3,25093.128075330427
2031,Agri05_Agroforestry,DE4,4299403.389166965
2031,Agri05_Agroforestry,DE5,206000.6607774564
2031,Agri05_Agroforestry,DE6,144105.0927388352
2031,Agri05_Agroforestry,DE7,1126580.9370966528
2031,Agri05_Agroforestry,DE8,4162716.2025060346
2031,Agri05_Agroforestry,DE9,5186467.250533594
2031,Agri05_Agroforestry,DEA,4275591.419700483
2031,Agri05_Agroforestry,DEB,2716609.2710963287
2031,Agri05_Agroforestry,DEC,917878.730471702
2031,Agri05_Agroforestry,DEE,3100273.638443261
2031,Agri05_Agroforestry,DED,2825328.5388898137
2031,Agri05_Agroforestry,DEF,829969.8155681397
2031,Agri05_Agroforestry,DEG,663740.1256526817
2031,Agri06_Biochar,DE1,0.0
2031,Agri06_Biochar,DE2,0.0
2031,Agri06_Biochar,DE3,0.0
2031,Agri06_Biochar,DE4,0.0
2031,Agri06_Biochar,DE5,0.0
2031,Agri06_Biochar,DE6,0.0
2031,Agri06_Biochar,DE7,0.0
2031,Agri06_Biochar,DE8,0.0
2031,Agri06_Biochar,DE9,0.0
2031,Agri06_Biochar,DEA,0.0
2031,Agri06_Biochar,DEB,0.0
2031,Agri06_Biochar,DEC,0.0
2031,Agri06_Biochar,DEE,0.0
2031,Agri06_Biochar,DED,0.0
2031,Agri06_Biochar,DEF,0.0
2031,Agri06_Biochar,DEG,0.0
2032,Agri01_AGC,DE1,10350809.104947412
2032,Agri01_AGC,DE2,18682602.96928414
2032,Agri01_AGC,DE3,34388.433761092994
2032,Agri01_AGC,DE4,9604946.971555581
2032,Agri01_AGC,DE5,110562.21730459381
2032,Agri01_AGC,DE6,181603.00720273604
2032,Agri01_AGC,DE7,4453580.696566687
2032,Agri01_AGC,DE8,9969899.713630322
2032,Agri01_AGC,DE9,15963845.964771299
2032,Agri01_AGC,DEA,10630771.305657431
2032,Agri01_AGC,DEB,5925587.81920058
2032,Agri01_AGC,DEC,933676.9113046412
2032,Agri01_AGC,DEE,7937301.904999658
2032,Agri01_AGC,DED,6465938.45199587
2032,Agri01_AGC,DEF,4854264.983896613
2032,Agri01_AGC,DEG,3881009.0066580316
2032,Agri02_OFC,DE1,7092537.780010665
2032,Agri02_OFC,DE2,12801614.44821278
2032,Agri02_OFC,DE3,2265778.0116403457
2032,Agri02_OFC,DE4,6581461.273225085
2032,Agri02_OFC,DE5,1070320.127561139
2032,Agri02_OFC,DE6,149005.75909961996
2032,Agri02_OFC,DE7,3051663.7903821063
2032,Agri02_OFC,DE8,6831532.652654386
2032,Agri02_OFC,DE9,10938679.23477529
2032,Agri02_OFC,DEA,7284372.298972247
2032,Agri02_OFC,DEB,4060306.305558578
2032,Agri02_OFC,DEC,1794076.8459329363
2032,Agri02_OFC,DEE,5438764.5508458745
2032,Agri02_OFC,DED,4430563.08825989
2032,Agri02_OFC,DEF,3326218.98862123
2032,Agri02_OFC,DEG,2659328.6307566967
2032,Agri03_No-till,DE1,0.0
2032,Agri03_No-till,DE2,0.0
2032,Agri03_No-till,DE3,0.0
2032,Agri03_No-till,DE4,0.0
2032,Agri03_No-till,DE5,0.0
2032,Agri03_No-till,DE6,0.0
2032,Agri03_No-till,DE7,0.0
2032,Agri03_No-till,DE8,0.0
2032,Agri03_No-till,DE9,0.0
2032,Agri03_No-till,DEA,0.0
2032,Agri03_No-till,DEB,0.0
2032,Agri03_No-till,DEC,0.0
2032,Agri03_No-till,DEE,0.0
2032,Agri03_No-till,DED,0.0
2032,Agri03_No-till,DEF,0.0
2032,Agri03_No-till,DEG,0.0
2032,Agri04_toGrassland,DE1,148691.64419839426
2032,Agri04_toGrassland,DE2,268379.6914079766
2032,Agri04_toGrassland,DE3,47500.94654255968
2032,Agri04_toGrassland,DE4,137977.1709784849
2032,Agri04_toGrassland,DE5,22438.7468240545
2032,Agri04_toGrassland,DE6,3123.834091937544
2032,Agri04_toGrassland,DE7,63976.66401037305
2032,Agri04_toGrassland,DE8,143219.79720447416
2032,Agri04_toGrassland,DE9,229324.15042773663
2032,Agri04_toGrassland,DEA,152713.36264715556
2032,Agri04_toGrassland,DEB,85122.36934770404
2032,Agri04_toGrassland,DEC,37611.95841520585
2032,Agri04_toGrassland,DEE,114021.08364546469
2032,Agri04_toGrassland,DED,92884.62476361851
2032,Agri04_toGrassland,DEF,69732.58172496714
2032,Agri04_toGrassland,DEG,55751.54603836078
2032,Agri05_Agroforestry,DE1,5117344.683384197
2032,Agri05_Agroforestry,DE2,6690518.500186771
2032,Agri05_Agroforestry,DE3,25947.579098947986
2032,Agri05_Agroforestry,DE4,5194253.470745146
2032,Agri05_Agroforestry,DE5,213015.22966415636
2032,Agri05_Agroforestry,DE6,172440.18141490183
2032,Agri05_Agroforestry,DE7,1306159.4119839005
2032,Agri05_Agroforestry,DE8,5010116.048498581
2032,Agri05_Agroforestry,DE9,6141867.440234146
2032,Agri05_Agroforestry,DEA,5134899.006619502
2032,Agri05_Agroforestry,DEB,3286090.7653363915
2032,Agri05_Agroforestry,DEC,949133.5990737306
2032,Agri05_Agroforestry,DEE,3716879.706277319
2032,Agri05_Agroforestry,DED,3409005.9430724797
2032,Agri05_Agroforestry,DEF,917672.2274789179
2032,Agri05_Agroforestry,DEG,733906.1807705327
2032,Agri06_Biochar,DE1,0.0
2032,Agri06_Biochar,DE2,0.0
2032,Agri06_Biochar,DE3,0.0
2032,Agri06_Biochar,DE4,0.0
2032,Agri06_Biochar,DE5,0.0
2032,Agri06_Biochar,DE6,0.0
2032,Agri06_Biochar,DE7,0.0
2032,Agri06_Biochar,DE8,0.0
2032,Agri06_Biochar,DE9,0.0
2032,Agri06_Biochar,DEA,0.0
2032,Agri06_Biochar,DEB,0.0
2032,Agri06_Biochar,DEC,0.0
2032,Agri06_Biochar,DEE,0.0
2032,Agri06_Biochar,DED,0.0
2032,Agri06_Biochar,DEF,0.0
2032,Agri06_Biochar,DEG,0.0
2033,Agri01_AGC,DE1,10764371.231721869
2033,Agri01_AGC,DE2,19126803.038613535
2033,Agri01_AGC,DE3,32523.64448486851
2033,Agri01_AGC,DE4,10041616.019929206
2033,Agri01_AGC,DE5,104566.73525916044
2033,Agri01_AGC,DE6,171755.180380657
2033,Agri01_AGC,DE7,4525191.6068254635
2033,Agri01_AGC,DE8,10377869.568851873
2033,Agri01_AGC,DE9,16393856.953500235
2033,Agri01_AGC,DEA,11041171.339325832
2033,Agri01_AGC,DEB,6204669.313939285
2033,Agri01_AGC,DEC,883046.2049527519
2033,Agri01_AGC,DEE,8229829.119867746
2033,Agri01_AGC,DED,6749486.784796076
2033,Agri01_AGC,DEF,4872247.092586866
2033,Agri01_AGC,DEG,3895412.226911122
2033,Agri02_OFC,DE1,7370244.0409467975
2033,Agri02_OFC,DE2,13095907.144327937
2033,Agri02_OFC,DE3,2529461.210236347
2033,Agri02_OFC,DE4,6875381.667835757
2033,Agri02_OFC,DE5,1191801.9872404435
2033,Agri02_OFC,DE6,160493.44420304705
2033,Agri02_OFC,DE7,3098347.8511092644
2033,Agri02_OFC,DE8,7105610.69485883
2033,Agri02_OFC,DE9,11224689.665440116
2033,Agri02_OFC,DEA,7559765.96467882
2033,Agri02_OFC,DEB,4248267.367660408
2033,Agri02_OFC,DEC,1973281.8742029867
2033,Agri02_OFC,DEE,5634871.533412656
2033,Agri02_OFC,DED,4621297.768744379
2033,Agri02_OFC,DEF,3335972.842922346
2033,Agri02_OFC,DEG,2667144.985469859
2033,Agri03_No-till,DE1,0.0
2033,Agri03_No-till,DE2,0.0
2033,Agri03_No-till,DE3,0.0
2033,Agri03_No-till,DE4,0.0
2033,Agri03_No-till,DE5,0.0
2033,Agri03_No-till,DE6,0.0
2033,Agri03_No-till,DE7,0.0
2033,Agri03_No-till,DE8,0.0
2033,Agri03_No-till,DE9,0.0
2033,Agri03_No-till,DEA,0.0
2033,Agri03_No-till,DEB,0.0
2033,Agri03_No-till,DEC,0.0
2033,Agri03_No-till,DEE,0.0
2033,Agri03_No-till,DED,0.0
2033,Agri03_No-till,DEF,0.0
2033,Agri03_No-till,DEG,0.0
2033,Agri04_toGrassland,DE1,160383.158031777
2033,Agri04_toGrassland,DE2,284978.7515079904
2033,Agri04_toGrassland,DE3,55043.35741974576
2033,Agri04_toGrassland,DE4,149614.50644443385
2033,Agri04_toGrassland,DE5,25934.686205806425
2033,Agri04_toGrassland,DE6,3492.482105297399
2033,Agri04_toGrassland,DE7,67422.84384087207
2033,Agri04_toGrassland,DE8,154624.49773093683
2033,Agri04_toGrassland,DE9,244259.37139507147
2033,Agri04_toGrassland,DEA,164507.3260342919
2033,Agri04_toGrassland,DEB,92446.12970796452
2033,Agri04_toGrassland,DEC,42940.39341347003
2033,Agri04_toGrassland,DEE,122619.88702289801
2033,Agri04_toGrassland,DED,100563.60769584705
2033,Agri04_toGrassland,DEF,72593.77799210556
2033,Agri04_toGrassland,DEG,58039.48055474732
2033,Agri05_Agroforestry,DE1,6080908.525201062
2033,Agri05_Agroforestry,DE2,7805375.253802535
2033,Agri05_Agroforestry,DE3,26802.030122565542
2033,Agri05_Agroforestry,DE4,6197666.9332418265
2033,Agri05_Agroforestry,DE5,220029.79855085633
2033,Agri05_Agroforestry,DE6,178118.6182725713
2033,Agri05_Agroforestry,DE7,1501117.7540378321
2033,Agri05_Agroforestry,DE8,5958105.284710762
2033,Agri05_Agroforestry,DE9,7198697.77312574
2033,Agri05_Agroforestry,DEA,6094888.682246168
2033,Agri05_Agroforestry,DEB,3925136.1050860323
2033,Agri05_Agroforestry,DEC,980388.4676757592
2033,Agri05_Agroforestry,DEE,4404947.502071951
2033,Agri05_Agroforestry,DED,4062985.449211154
2033,Agri05_Agroforestry,DEF,1006090.7544479567
2033,Agri05_Agroforestry,DEG,804651.8352322018
2033,Agri06_Biochar,DE1,0.0
2033,Agri06_Biochar,DE2,0.0
2033,Agri06_Biochar,DE3,0.0
2033,Agri06_Biochar,DE4,0.0
2033,Agri06_Biochar,DE5,0.0
2033,Agri06_Biochar,DE6,0.0
2033,Agri06_Biochar,DE7,0.0
2033,Agri06_Biochar,DE8,0.0
2033,Agri06_Biochar,DE9,0.0
2033,Agri06_Biochar,DEA,0.0
2033,Agri06_Biochar,DEB,0.0
2033,Agri06_Biochar,DEC,0.0
2033,Agri06_Biochar,DEE,0.0
2033,Agri06_Biochar,DED,0.0
2033,Agri06_Biochar,DEF,0.0
2033,Agri06_Biochar,DEG,0.0
2034,Agri01_AGC,DE1,11089212.078385442
2034,Agri01_AGC,DE2,19401692.251510013
2034,Agri01_AGC,DE3,30658.85520864402
2034,Agri01_AGC,DE4,10397562.763059039
2034,Agri01_AGC,DE5,98571.25321372705
2034,Agri01_AGC,DE6,161907.35355857792
2034,Agri01_AGC,DE7,4555401.5797523875
2034,Agri01_AGC,DE8,10700675.279576708
2034,Agri01_AGC,DE9,16680727.136674605
2034,Agri01_AGC,DEA,11360014.92421444
2034,Agri01_AGC,DEB,6434244.7506426945
2034,Agri01_AGC,DEC,832415.4986008625
2034,Agri01_AGC,DEE,8453575.47608314
2034,Agri01_AGC,DED,6978377.767618002
2034,Agri01_AGC,DEF,4843280.150232817
2034,Agri01_AGC,DEG,3872280.2496232106
2034,Agri02_OFC,DE1,7586103.747799537
2034,Agri02_OFC,DE2,13272651.768444022
2034,Agri02_OFC,DE3,2778390.906977523
2034,Agri02_OFC,DE4,7112948.087499051
2034,Agri02_OFC,DE5,1306226.4755687325
2034,Agri02_OFC,DE6,170843.49111498974
2034,Agri02_OFC,DE7,3116339.443471355
2034,Agri02_OFC,DE8,7320306.642940658
2034,Agri02_OFC,DE9,11411245.970685124
2034,Agri02_OFC,DEA,7771359.333961728
2034,Agri02_OFC,DEB,4401651.611682115
2034,Agri02_OFC,DEC,2139958.795544332
2034,Agri02_OFC,DEE,5783070.9835930625
2034,Agri02_OFC,DED,4773891.721276886
2034,Agri02_OFC,DEF,3313276.4924695864
2034,Agri02_OFC,DEG,2649017.7576686544
2034,Agri03_No-till,DE1,0.0
2034,Agri03_No-till,DE2,0.0
2034,Agri03_No-till,DE3,0.0
2034,Agri03_No-till,DE4,0.0
2034,Agri03_No-till,DE5,0.0
2034,Agri03_No-till,DE6,0.0
2034,Agri03_No-till,DE7,0.0
2034,Agri03_No-till,DE8,0.0
2034,Agri03_No-till,DE9,0.0
2034,Agri03_No-till,DEA,0.0
2034,Agri03_No-till,DEB,0.0
2034,Agri03_No-till,DEC,0.0
2034,Agri03_No-till,DEE,0.0
2034,Agri03_No-till,DED,0.0
2034,Agri03_No-till,DEF,0.0
2034,Agri03_No-till,DEG,0.0
2034,Agri04_toGrassland,DE1,171867.9058780991
2034,Agri04_toGrassland,DE2,300700.19350228395
2034,Agri04_toGrassland,DE3,62946.17668938287
2034,Agri04_toGrassland,DE4,161148.2696598623
2034,Agri04_toGrassland,DE5,29593.37446757792
2034,Agri04_toGrassland,DE6,3870.565711595224
2034,Agri04_toGrassland,DE7,70602.61129569984
2034,Agri04_toGrassland,DE8,165846.1068994326
2034,Agri04_toGrassland,DE9,258528.8856628716
2034,Agri04_toGrassland,DEA,176064.9865804492
2034,Agri04_toGrassland,DEB,99722.15910231908
2034,Agri04_toGrassland,DEC,48482.099518123054
2034,Agri04_toGrassland,DEE,131019.07547505411
2034,Agri04_toGrassland,DED,108155.49065785507
2034,Agri04_toGrassland,DEF,75064.34281511867
2034,Agri04_toGrassland,DEG,60015.14740376053
2034,Agri05_Agroforestry,DE1,7151451.906218639
2034,Agri05_Agroforestry,DE2,9027851.605702564
2034,Agri05_Agroforestry,DE3,27656.4811461831
2034,Agri05_Agroforestry,DE4,7315312.432714446
2034,Agri05_Agroforestry,DE5,227044.36743755636
2034,Agri05_Agroforestry,DE6,183797.0551302408
2034,Agri05_Agroforestry,DE7,1712037.3931407488
2034,Agri05_Agroforestry,DE8,7011859.497335179
2034,Agri05_Agroforestry,DE9,8361753.545063048
2034,Agri05_Agroforestry,DEA,7160694.103287811
2034,Agri05_Agroforestry,DEB,4637393.984884022
2034,Agri05_Agroforestry,DEC,1011643.336277788
2034,Agri05_Agroforestry,DEE,5018790.874922164
2034,Agri05_Agroforestry,DED,4790920.259480583
2034,Agri05_Agroforestry,DEF,1094919.4764696436
2034,Agri05_Agroforestry,DEG,875732.9179749213
2034,Agri06_Biochar,DE1,0.0
2034,Agri06_Biochar,DE2,0.0
2034,Agri06_Biochar,DE3,0.0
2034,Agri06_Biochar,DE4,0.0
2034,Agri06_Biochar,DE5,0.0
2034,Agri06_Biochar,DE6,0.0
2034,Agri06_Biochar,DE7,0.0
2034,Agri06_Biochar,DE8,0.0
2034,Agri06_Biochar,DE9,0.0
2034,Agri06_Biochar,DEA,0.0
2034,Agri06_Biochar,DEB,0.0
2034,Agri06_Biochar,DEC,0.0
2034,Agri06_Biochar,DEE,0.0
2034,Agri06_Biochar,DED,0.0
2034,Agri06_Biochar,DEF,0.0
2034,Agri06_Biochar,DEG,0.0
2035,Agri01_AGC,DE1,11321122.314539796
2035,Agri01_AGC,DE2,19507671.58417017
2035,Agri01_AGC,DE3,28794.06593241953
2035,Agri01_AGC,DE4,10667481.098148534
2035,Agri01_AGC,DE5,92575.77116829366
2035,Agri01_AGC,DE6,152059.52673649887
2035,Agri01_AGC,DE7,4545213.298483659
2035,Agri01_AGC,DE8,10934007.664981278
2035,Agri01_AGC,DE9,16823464.01777454
2035,Agri01_AGC,DEA,11583358.565534273
2035,Agri01_AGC,DEB,6610784.286881091
2035,Agri01_AGC,DEC,781784.792248973
2035,Agri01_AGC,DEE,8605964.23834824
2035,Agri01_AGC,DED,7149314.931121229
2035,Agri01_AGC,DEF,4770046.721939299
2035,Agri01_AGC,DEG,3813757.0993971075
2035,Agri02_OFC,DE1,7737193.909992706
2035,Agri02_OFC,DE2,13332126.761437142
2035,Agri02_OFC,DE3,3006937.449346874
2035,Agri02_OFC,DE4,7290475.934665518
2035,Agri02_OFC,DE5,1411016.8421230118
2035,Agri02_OFC,DE6,179842.76181051036
2035,Agri02_OFC,DE7,3106334.8381529404
2035,Agri02_OFC,DE8,7472628.169440078
2035,Agri02_OFC,DE9,11497658.953488473
2035,Agri02_OFC,DEA,7916414.014484289
2035,Agri02_OFC,DEB,4518007.888585477
2035,Agri02_OFC,DEC,2290443.94008404
2035,Agri02_OFC,DEE,5881573.597084641
2035,Agri02_OFC,DED,4886055.852841451
2035,Agri02_OFC,DEF,3259992.7305767024
2035,Agri02_OFC,DEG,2606435.774106045
2035,Agri03_No-till,DE1,0.0
2035,Agri03_No-till,DE2,0.0
2035,Agri03_No-till,DE3,0.0
2035,Agri03_No-till,DE4,0.0
2035,Agri03_No-till,DE5,0.0
2035,Agri03_No-till,DE6,0.0
2035,Agri03_No-till,DE7,0.0
2035,Agri03_No-till,DE8,0.0
2035,Agri03_No-till,DE9,0.0
2035,Agri03_No-till,DEA,0.0
2035,Agri03_No-till,DEB,0.0
2035,Agri03_No-till,DEC,0.0
2035,Agri03_No-till,DEE,0.0
2035,Agri03_No-till,DED,0.0
2035,Agri03_No-till,DEF,0.0
2035,Agri03_No-till,DEG,0.0
2035,Agri04_toGrassland,DE1,183124.6397461711
2035,Agri04_toGrassland,DE2,315546.04145119124
2035,Agri04_toGrassland,DE3,71168.48091912897
2035,Agri04_toGrassland,DE4,172551.6763111617
2035,Agri04_toGrassland,DE5,33396.0805293815
2035,Agri04_toGrassland,DE6,4256.535554184813
2035,Agri04_toGrassland,DE7,73521.02775052127
2035,Agri04_toGrassland,DE8,176862.87269063597
2035,Agri04_toGrassland,DE9,272127.6832757963
2035,Agri04_toGrassland,DEA,187366.43818783935
2035,Agri04_toGrassland,DEB,106932.63948044882
2035,Agri04_toGrassland,DEC,54210.44454436917
2035,Agri04_toGrassland,DEE,139205.6420759567
2035,Agri04_toGrassland,DED,115643.63362738893
2035,Agri04_toGrassland,DEF,77157.8173310326
2035,Agri04_toGrassland,DEG,61689.36926063832
2035,Agri05_Agroforestry,DE1,8334191.811709551
2035,Agri05_Agroforestry,DE2,10362635.92435655
2035,Agri05_Agroforestry,DE3,28510.932169800653
2035,Agri05_Agroforestry,DE4,8552858.625220444
2035,Agri05_Agroforestry,DE5,234058.9363242563
2035,Agri05_Agroforestry,DE6,189475.4919879102
2035,Agri05_Agroforestry,DE7,1939499.7591749507
2035,Agri05_Agroforestry,DE8,8176554.272564428
2035,Agri05_Agroforestry,DE9,9635830.051900737
2035,Agri05_Agroforestry,DEA,8337448.926451757
2035,Agri05_Agroforestry,DEB,5426513.099269125
2035,Agri05_Agroforestry,DEC,1042898.2048798165
2035,Agri05_Agroforestry,DEE,5173847.151884263
2035,Agri05_Agroforestry,DED,5596463.576055508
2035,Agri05_Agroforestry,DEF,1183852.4735383652
2035,Agri05_Agroforestry,DEG,946905.2579359225
2035,Agri06_Biochar,DE1,0.0
2035,Agri06_Biochar,DE2,0.0
2035,Agri06_Biochar,DE3,0.0
2035,Agri06_Biochar,DE4,0.0
2035,Agri06_Biochar,DE5,0.0
2035,Agri06_Biochar,DE6,0.0
2035,Agri06_Biochar,DE7,0.0
2035,Agri06_Biochar,DE8,0.0
2035,Agri06_Biochar,DE9,0.0
2035,Agri06_Biochar,DEA,0.0
2035,Agri06_Biochar,DEB,0.0
2035,Agri06_Biochar,DEC,0.0
2035,Agri06_Biochar,DEE,0.0
2035,Agri06_Biochar,DED,0.0
2035,Agri06_Biochar,DEF,0.0
2035,Agri06_Biochar,DEG,0.0
2036,Agri01_AGC,DE1,11455892.609786592
2036,Agri01_AGC,DE2,19445142.012790617
2036,Agri01_AGC,DE3,26929.276656195045
2036,Agri01_AGC,DE4,10846064.922401145
2036,Agri01_AGC,DE5,86580.2891228603
2036,Agri01_AGC,DE6,142211.69991441982
2036,Agri01_AGC,DE7,4495629.446155477
2036,Agri01_AGC,DE8,11073557.544242036
2036,Agri01_AGC,DE9,16821075.10028018
2036,Agri01_AGC,DEA,11707258.768496364
2036,Agri01_AGC,DEB,6730758.08022476
2036,Agri01_AGC,DEC,731154.0858970837
2036,Agri01_AGC,DEE,8684418.671365445
2036,Agri01_AGC,DED,7259001.80596534
2036,Agri01_AGC,DEF,4655229.3728111405
2036,Agri01_AGC,DEG,3721986.8008356234
2036,Agri02_OFC,DE1,7820591.536950132
2036,Agri02_OFC,DE2,13274610.564183408
2036,Agri02_OFC,DE3,3209471.184827401
2036,Agri02_OFC,DE4,7404280.611785714
2036,Agri02_OFC,DE5,1503596.3364802883
2036,Agri02_OFC,DE6,187278.1182646714
2036,Agri02_OFC,DE7,3069030.305838585
2036,Agri02_OFC,DE8,7559582.946897303
2036,Agri02_OFC,DE9,11483239.416828332
2036,Agri02_OFC,DEA,7992191.613909821
2036,Agri02_OFC,DEB,4594885.049332273
2036,Agri02_OFC,DEC,2421073.6379491827
2036,Agri02_OFC,DEE,5928590.0695849415
2036,Agri02_OFC,DED,4955501.070422118
2036,Agri02_OFC,DEF,3177984.3505574455
2036,Agri02_OFC,DEG,2540887.861534992
2036,Agri03_No-till,DE1,0.0
2036,Agri03_No-till,DE2,0.0
2036,Agri03_No-till,DE3,0.0
2036,Agri03_No-till,DE4,0.0
2036,Agri03_No-till,DE5,0.0
2036,Agri03_No-till,DE6,0.0
2036,Agri03_No-till,DE7,0.0
2036,Agri03_No-till,DE8,0.0
2036,Agri03_No-till,DE9,0.0
2036,Agri03_No-till,DEA,0.0
2036,Agri03_No-till,DEB,0.0
2036,Agri03_No-till,DEC,0.0
2036,Agri03_No-till,DEE,0.0
2036,Agri03_No-till,DED,0.0
2036,Agri03_No-till,DEF,0.0
2036,Agri03_No-till,DEG,0.0
2036,Agri04_toGrassland,DE1,194132.11164480372
2036,Agri04_toGrassland,DE2,329518.3194150466
2036,Agri04_toGrassland,DE3,79669.34667664209
2036,Agri04_toGrassland,DE4,183797.9420847236
2036,Agri04_toGrassland,DE5,37324.07331122969
2036,Agri04_toGrassland,DE6,4648.84227641996
2036,Agri04_toGrassland,DE7,76183.15458100128
2036,Agri04_toGrassland,DE8,187653.04308522143
2036,Agri04_toGrassland,DE9,285050.7542785051
2036,Agri04_toGrassland,DEA,198391.77475867435
2036,Agri04_toGrassland,DEB,114059.75279203484
2036,Agri04_toGrassland,DEC,60098.79630741271
2036,Agri04_toGrassland,DEE,147166.57989962958
2036,Agri04_toGrassland,DED,123011.39658219503
2036,Agri04_toGrassland,DEF,78887.74267687353
2036,Agri04_toGrassland,DEG,63072.968800618604
2036,Agri05_Agroforestry,DE1,9634345.226946434
2036,Agri05_Agroforestry,DE2,11814416.5782342
2036,Agri05_Agroforestry,DE3,29365.383193418213
2036,Agri05_Agroforestry,DE4,9915974.166817263
2036,Agri05_Agroforestry,DE5,241073.50521095633
2036,Agri05_Agroforestry,DE6,195153.9288455797
2036,Agri05_Agroforestry,DE7,2184086.2820227398
2036,Agri05_Agroforestry,DE8,9457365.196591116
2036,Agri05_Agroforestry,DE9,11025722.58949349
2036,Agri05_Agroforestry,DEA,9630286.80844534
2036,Agri05_Agroforestry,DEB,6296142.142780114
2036,Agri05_Agroforestry,DEC,1074153.0734818454
2036,Agri05_Agroforestry,DEE,5328903.428846366
2036,Agri05_Agroforestry,DED,5936798.697131595
2036,Agri05_Agroforestry,DEF,1272583.82564851
2036,Agri05_Agroforestry,DEG,1017924.6840524379
2036,Agri06_Biochar,DE1,0.0
2036,Agri06_Biochar,DE2,0.0
2036,Agri06_Biochar,DE3,0.0
2036,Agri06_Biochar,DE4,0.0
2036,Agri06_Biochar,DE5,0.0
2036,Agri06_Biochar,DE6,0.0
2036,Agri06_Biochar,DE7,0.0
2036,Agri06_Biochar,DE8,0.0
2036,Agri06_Biochar,DE9,0.0
2036,Agri06_Biochar,DEA,0.0
2036,Agri06_Biochar,DEB,0.0
2036,Agri06_Biochar,DEC,0.0
2036,Agri06_Biochar,DEE,0.0
2036,Agri06_Biochar,DED,0.0
2036,Agri06_Biochar,DEF,0.0
2036,Agri06_Biochar,DEG,0.0
2037,Agri01_AGC,DE1,11489313.633727495
2037,Agri01_AGC,DE2,19214504.51356795
2037,Agri01_AGC,DE3,25064.487379970557
2037,Agri01_AGC,DE4,10614033.86673606
2037,Agri01_AGC,DE5,80584.80707742693
2037,Agri01_AGC,DE6,132363.87309234077
2037,Agri01_AGC,DE7,4407652.705904044
2037,Agri01_AGC,DE8,11115015.736535432
2037,Agri01_AGC,DE9,16672567.887671653
2037,Agri01_AGC,DEA,11727772.038311733
2037,Agri01_AGC,DEB,6400002.104296445
2037,Agri01_AGC,DEC,680523.3795451944
2037,Agri01_AGC,DEE,8686362.03983715
2037,Agri01_AGC,DED,7304141.922809914
2037,Agri01_AGC,DEF,4501510.667953172
2037,Agri01_AGC,DEG,3599113.3785415674
2037,Agri02_OFC,DE1,7833373.638095639
2037,Agri02_OFC,DE2,13100381.617558928
2037,Agri02_OFC,DE3,3380362.4609021023
2037,Agri02_OFC,DE4,7450677.521310191
2037,Agri02_OFC,DE5,1581388.2082175678
2037,Agri02_OFC,DE6,192936.42245253513
2037,Agri02_OFC,DE7,3005122.1172128515
2037,Agri02_OFC,DE8,7578178.647852546
2037,Agri02_OFC,DE9,11367298.163682863
2037,Agri02_OFC,DEA,7995953.739901642
2037,Agri02_OFC,DEB,4629831.94488428
2037,Agri02_OFC,DEC,2528184.2192668277
2037,Agri02_OFC,DEE,5922331.09679151
2037,Agri02_OFC,DED,4979938.281002928
2037,Agri02_OFC,DEF,3069114.145725568
2037,Agri02_OFC,DEG,2453862.846708458
2037,Agri03_No-till,DE1,0.0
2037,Agri03_No-till,DE2,0.0
2037,Agri03_No-till,DE3,0.0
2037,Agri03_No-till,DE4,0.0
2037,Agri03_No-till,DE5,0.0
2037,Agri03_No-till,DE6,0.0
2037,Agri03_No-till,DE7,0.0
2037,Agri03_No-till,DE8,0.0
2037,Agri03_No-till,DE9,0.0
2037,Agri03_No-till,DEA,0.0
2037,Agri03_No-till,DEB,0.0
2037,Agri03_No-till,DEC,0.0
2037,Agri03_No-till,DEE,0.0
2037,Agri03_No-till,DED,0.0
2037,Agri03_No-till,DEF,0.0
2037,Agri03_No-till,DEG,0.0
2037,Agri04_toGrassland,DE1,204869.07358280753
2037,Agri04_toGrassland,DE2,342619.0514541841
2037,Agri04_toGrassland,DE3,88407.85052958019
2037,Agri04_toGrassland,DE4,194860.2826669394
2037,Agri04_toGrassland,DE5,41358.621733135
2037,Agri04_toGrassland,DE6,5045.93652165446
2037,Agri04_toGrassland,DE7,78594.05316280476
2037,Agri04_toGrassland,DE8,198194.86606386342
2037,Agri04_toGrassland,DE9,297293.08871565724
2037,Agri04_toGrassland,DEA,209121.09019516612
2037,Agri04_toGrassland,DEB,121085.6809867582
2037,Agri04_toGrassland,DEC,66120.52262245795
2037,Agri04_toGrassland,DEE,154888.8820200964
2037,Agri04_toGrassland,DED,130242.13950001968
2037,Agri04_toGrassland,DEF,80267.65998966765
2037,Agri04_toGrassland,DEG,64176.76869893931
2037,Agri05_Agroforestry,DE1,11057129.137201913
2037,Agri05_Agroforestry,DE2,13387881.935805203
2037,Agri05_Agroforestry,DE3,30219.83421703577
2037,Agri05_Agroforestry,DE4,10942700.257566225
2037,Agri05_Agroforestry,DE5,248088.0740976563
2037,Agri05_Agroforestry,DE6,200832.36570324918
2037,Agri05_Agroforestry,DE7,2446378.3915664167
2037,Agri05_Agroforestry,DE8,10422092.85411279
2037,Agri05_Agroforestry,DE9,12536226.45369597
2037,Agri05_Agroforestry,DEA,11044341.405975882
2037,Agri05_Agroforestry,DEB,7249929.809955756
2037,Agri05_Agroforestry,DEC,1105407.942083874
2037,Agri05_Agroforestry,DEE,5483959.705808466
2037,Agri05_Agroforestry,DED,6109543.036626964
2037,Agri05_Agroforestry,DEF,1360807.6127944642
2037,Agri05_Agroforestry,DEG,1088547.025261699
2037,Agri06_Biochar,DE1,0.0
2037,Agri06_Biochar,DE2,0.0
2037,Agri06_Biochar,DE3,0.0
2037,Agri06_Biochar,DE4,0.0
2037,Agri06_Biochar,DE5,0.0
2037,Agri06_Biochar,DE6,0.0
2037,Agri06_Biochar,DE7,0.0
2037,Agri06_Biochar,DE8,0.0
2037,Agri06_Biochar,DE9,0.0
2037,Agri06_Biochar,DEA,0.0
2037,Agri06_Biochar,DEB,0.0
2037,Agri06_Biochar,DEC,0.0
2037,Agri06_Biochar,DEE,0.0
2037,Agri06_Biochar,DED,0.0
2037,Agri06_Biochar,DEF,0.0
2037,Agri06_Biochar,DEG,0.0
2038,Agri01_AGC,DE1,11394221.686099345
2038,Agri01_AGC,DE2,18816160.062698774
2038,Agri01_AGC,DE3,23199.69810374607
2038,Agri01_AGC,DE4,9824353.382466918
2038,Agri01_AGC,DE5,74589.32503199353
2038,Agri01_AGC,DE6,122516.0462702617
2038,Agri01_AGC,DE7,4282285.760865559
2038,Agri01_AGC,DE8,10838663.124206264
2038,Agri01_AGC,DE9,16376949.883429086
2038,Agri01_AGC,DEA,11640954.880191399
2038,Agri01_AGC,DEB,5923844.139803488
2038,Agri01_AGC,DEC,629892.673193305
2038,Agri01_AGC,DEE,8609217.60846575
2038,Agri01_AGC,DED,6761007.778227681
2038,Agri01_AGC,DEF,4311573.172470223
2038,Agri01_AGC,DEG,3447280.857117749
2038,Agri02_OFC,DE1,7772617.222853051
2038,Agri02_OFC,DE2,12809718.362439808
2038,Agri02_OFC,DE3,3513981.6250539785
2038,Agri02_OFC,DE4,7425982.065689501
2038,Agri02_OFC,DE5,1641815.7069118563
2038,Agri02_OFC,DE6,196604.536349164
2038,Agri02_OFC,DE7,2915306.542960302
2038,Agri02_OFC,DE8,7525422.944846014
2038,Agri02_OFC,DE9,11149145.997030227
2038,Agri02_OFC,DEA,7924962.000123067
2038,Agri02_OFC,DEB,4620397.426203275
2038,Agri02_OFC,DEC,2608112.014164045
2038,Agri02_OFC,DEE,5861007.374401892
2038,Agri02_OFC,DED,4957078.391567922
2038,Agri02_OFC,DEF,2935244.90939482
2038,Agri02_OFC,DEG,2346849.5563794035
2038,Agri03_No-till,DE1,0.0
2038,Agri03_No-till,DE2,0.0
2038,Agri03_No-till,DE3,0.0
2038,Agri03_No-till,DE4,0.0
2038,Agri03_No-till,DE5,0.0
2038,Agri03_No-till,DE6,0.0
2038,Agri03_No-till,DE7,0.0
2038,Agri03_No-till,DE8,0.0
2038,Agri03_No-till,DE9,0.0
2038,Agri03_No-till,DEA,0.0
2038,Agri03_No-till,DEB,0.0
2038,Agri03_No-till,DEC,0.0
2038,Agri03_No-till,DEE,0.0
2038,Agri03_No-till,DED,0.0
2038,Agri03_No-till,DEF,0.0
2038,Agri03_No-till,DEG,0.0
2038,Agri04_toGrassland,DE1,215314.27756899313
2038,Agri04_toGrassland,DE2,354850.26162893773
2038,Agri04_toGrassland,DE3,97343.06904560122
2038,Agri04_toGrassland,DE4,205711.91374420054
2038,Agri04_toGrassland,DE5,45480.99471510994
2038,Agri04_toGrassland,DE6,5446.268933242105
2038,Agri04_toGrassland,DE7,80758.78487159661
2038,Agri04_toGrassland,DE8,208466.58960723635
2038,Agri04_toGrassland,DE9,308849.67663191207
2038,Agri04_toGrassland,DEA,219534.4783995266
2038,Agri04_toGrassland,DEB,127992.60601429999
2038,Agri04_toGrassland,DEC,72248.99130470917
2038,Agri04_toGrassland,DEE,162359.54151138096
2038,Agri04_toGrassland,DED,137319.22235860923
2038,Agri04_toGrassland,DEF,81311.11040644113
2038,Agri04_toGrassland,DEG,65011.59163083833
2038,Agri05_Agroforestry,DE1,12607760.527748622
2038,Agri05_Agroforestry,DE2,15087720.365539264
2038,Agri05_Agroforestry,DE3,31074.28524065333
2038,Agri05_Agroforestry,DE4,11252099.752251301
2038,Agri05_Agroforestry,DE5,255102.6429843563
2038,Agri05_Agroforestry,DE6,206510.80256091867
2038,Agri05_Agroforestry,DE7,2726957.5176882828
2038,Agri05_Agroforestry,DE8,10716772.429238118
2038,Agri05_Agroforestry,DE9,14172136.940362854
2038,Agri05_Agroforestry,DEA,12584746.375750717
2038,Agri05_Agroforestry,DEB,8159299.428653531
2038,Agri05_Agroforestry,DEC,1136662.8106859028
2038,Agri05_Agroforestry,DEE,5639015.982770569
2038,Agri05_Agroforestry,DED,6282287.376122335
2038,Agri05_Agroforestry,DEF,1448217.9149706159
2038,Agri05_Agroforestry,DEG,1158528.1105009378
2038,Agri06_Biochar,DE1,0.0
2038,Agri06_Biochar,DE2,0.0
2038,Agri06_Biochar,DE3,0.0
2038,Agri06_Biochar,DE4,0.0
2038,Agri06_Biochar,DE5,0.0
2038,Agri06_Biochar,DE6,0.0
2038,Agri06_Biochar,DE7,0.0
2038,Agri06_Biochar,DE8,0.0
2038,Agri06_Biochar,DE9,0.0
2038,Agri06_Biochar,DEA,0.0
2038,Agri06_Biochar,DEB,0.0
2038,Agri06_Biochar,DEC,0.0
2038,Agri06_Biochar,DEE,0.0
2038,Agri06_Biochar,DED,0.0
2038,Agri06_Biochar,DEF,0.0
2038,Agri06_Biochar,DEG,0.0
2039,Agri01_AGC,DE1,10478355.35386756
2039,Agri01_AGC,DE2,18250509.63637969
2039,Agri01_AGC,DE3,21334.908827521576
2039,Agri01_AGC,DE4,9034672.898197776
2039,Agri01_AGC,DE5,68593.84298656015
2039,Agri01_AGC,DE6,112668.21944818262
2039,Agri01_AGC,DE7,4120531.294176221
2039,Agri01_AGC,DE8,9967452.530333662
2039,Agri01_AGC,DE9,15933228.591032613
2039,Agri01_AGC,DEA,10948515.12037621
2039,Agri01_AGC,DEB,5447686.175310532
2039,Agri01_AGC,DEC,579261.9668414156
2039,Agri01_AGC,DEE,8355350.392242033
2039,Agri01_AGC,DED,6217558.689152097
2039,Agri01_AGC,DEF,4088099.4514671247
2039,Agri01_AGC,DEG,3268633.2611669786
2039,Agri02_OFC,DE1,7635399.300646193
2039,Agri02_OFC,DE2,12402899.239702158
2039,Agri02_OFC,DE3,3604699.02476603
2039,Agri02_OFC,DE4,7326509.647374202
2039,Agri02_OFC,DE5,1682302.0821401607
2039,Agri02_OFC,DE6,198069.32192962043
2039,Agri02_OFC,DE7,2800279.8537655007
2039,Agri02_OFC,DE8,7398323.510417922
2039,Agri02_OFC,DE9,10828093.71984859
2039,Agri02_OFC,DEA,7776478.002237417
2039,Agri02_OFC,DEB,4564130.344251038
2039,Agri02_OFC,DEC,2657193.3527679043
2039,Agri02_OFC,DEE,5742829.5981136365
2039,Agri02_OFC,DED,4884632.309101146
2039,Agri02_OFC,DEF,2778239.4348789547
2039,Agri02_OFC,DEG,2221336.817300792
2039,Agri03_No-till,DE1,0.0
2039,Agri03_No-till,DE2,0.0
2039,Agri03_No-till,DE3,0.0
2039,Agri03_No-till,DE4,0.0
2039,Agri03_No-till,DE5,0.0
2039,Agri03_No-till,DE6,0.0
2039,Agri03_No-till,DE7,0.0
2039,Agri03_No-till,DE8,0.0
2039,Agri03_No-till,DE9,0.0
2039,Agri03_No-till,DEA,0.0
2039,Agri03_No-till,DEB,0.0
2039,Agri03_No-till,DEC,0.0
2039,Agri03_No-till,DEE,0.0
2039,Agri03_No-till,DED,0.0
2039,Agri03_No-till,DEF,0.0
2039,Agri03_No-till,DEG,0.0
2039,Agri04_toGrassland,DE1,225446.47561217126
2039,Agri04_toGrassland,DE2,366213.9739996419
2039,Agri04_toGrassland,DE3,106434.07879236323
2039,Agri04_toGrassland,DE4,216326.05100289866
2039,Agri04_toGrassland,DE5,49672.46117716707
2039,Agri04_toGrassland,DE6,5848.29015453669
2039,Agri04_toGrassland,DE7,82682.41108304178
2039,Agri04_toGrassland,DE8,218446.46169601483
2039,Agri04_toGrassland,DE9,319715.50807192904
2039,Agri04_toGrassland,DEA,229612.0332739678
2039,Agri04_toGrassland,DEB,134762.70982434135
2039,Agri04_toGrassland,DEC,78457.5701693707
2039,Agri04_toGrassland,DEE,169565.551447507
2039,Agri04_toGrassland,DED,144226.0051357101
2039,Agri04_toGrassland,DEF,82031.63506422017
2039,Agri04_toGrassland,DEG,65588.26027155362
2039,Agri05_Agroforestry,DE1,14291456.383859186
2039,Agri05_Agroforestry,DE2,16918620.235906076
2039,Agri05_Agroforestry,DE3,31928.736264270887
2039,Agri05_Agroforestry,DE4,11561499.246936373
2039,Agri05_Agroforestry,DE5,262117.2118710563
2039,Agri05_Agroforestry,DE6,212189.2394185881
2039,Agri05_Agroforestry,DE7,3026405.0902706375
2039,Agri05_Agroforestry,DE8,11011452.004363444
2039,Agri05_Agroforestry,DE9,15938249.34534881
2039,Agri05_Agroforestry,DEA,14256635.374477169
2039,Agri05_Agroforestry,DEB,8383656.053265262
2039,Agri05_Agroforestry,DEC,1167917.6792879314
2039,Agri05_Agroforestry,DEE,5794072.259732669
2039,Agri05_Agroforestry,DED,6455031.715617705
2039,Agri05_Agroforestry,DEF,1534508.8121713519
2039,Agri05_Agroforestry,DEG,1227623.7687073862
2039,Agri06_Biochar,DE1,0.0
2039,Agri06_Biochar,DE2,0.0
2039,Agri06_Biochar,DE3,0.0
2039,Agri06_Biochar,DE4,0.0
2039,Agri06_Biochar,DE5,0.0
2039,Agri06_Biochar,DE6,0.0
2039,Agri06_Biochar,DE7,0.0
2039,Agri06_Biochar,DE8,0.0
2039,Agri06_Biochar,DE9,0.0
2039,Agri06_Biochar,DEA,0.0
2039,Agri06_Biochar,DEB,0.0
2039,Agri06_Biochar,DEC,0.0
2039,Agri06_Biochar,DEE,0.0
2039,Agri06_Biochar,DED,0.0
2039,Agri06_Biochar,DEF,0.0
2039,Agri06_Biochar,DEG,0.0
2040,Agri01_AGC,DE1,9562489.021635775
2040,Agri01_AGC,DE2,17517954.2108073
2040,Agri01_AGC,DE3,19470.119551297084
2040,Agri01_AGC,DE4,8244992.413928631
2040,Agri01_AGC,DE5,62598.36094112676
2040,Agri01_AGC,DE6,102820.39262610354
2040,Agri01_AGC,DE7,3923391.988972231
2040,Agri01_AGC,DE8,9096241.936461061
2040,Agri01_AGC,DE9,15340411.513962366
2040,Agri01_AGC,DEA,9991554.21877994
2040,Agri01_AGC,DEB,4971528.210817574
2040,Agri01_AGC,DEC,528631.2604895262
2040,Agri01_AGC,DEE,7625046.460009994
2040,Agri01_AGC,DED,5674109.600076512
2040,Agri01_AGC,DEF,3833772.0700487066
2040,Agri01_AGC,DEG,3065314.6152920653
2040,Agri02_OFC,DE1,7418796.880898891
2040,Agri02_OFC,DE2,11880202.69022208
2040,Agri02_OFC,DE3,3646885.007521256
2040,Agri02_OFC,DE4,7148575.668814842
2040,Agri02_OFC,DE5,1700270.5834794864
2040,Agri02_OFC,DE6,197117.64116896677
2040,Agri02_OFC,DE7,2660738.32031301
2040,Agri02_OFC,DE8,7193888.01710848
2040,Agri02_OFC,DE9,10403452.13511611
2040,Agri02_OFC,DEA,7547763.353908006
2040,Agri02_OFC,DEB,4458579.549989343
2040,Agri02_OFC,DEC,2671764.5652054744
2040,Agri02_OFC,DEE,5566008.46362429
2040,Agri02_OFC,DED,4760310.940586638
2040,Agri02_OFC,DEF,2599960.515491722
2040,Agri02_OFC,DEG,2078813.456225584
2040,Agri03_No-till,DE1,0.0
2040,Agri03_No-till,DE2,0.0
2040,Agri03_No-till,DE3,0.0
2040,Agri03_No-till,DE4,0.0
2040,Agri03_No-till,DE5,0.0
2040,Agri03_No-till,DE6,0.0
2040,Agri03_No-till,DE7,0.0
2040,Agri03_No-till,DE8,0.0
2040,Agri03_No-till,DE9,0.0
2040,Agri03_No-till,DEA,0.0
2040,Agri03_No-till,DEB,0.0
2040,Agri03_No-till,DEC,0.0
2040,Agri03_No-till,DEE,0.0
2040,Agri03_No-till,DED,0.0
2040,Agri03_No-till,DEF,0.0
2040,Agri03_No-till,DEG,0.0
2040,Agri04_toGrassland,DE1,235244.41972115243
2040,Agri04_toGrassland,DE2,376712.21262663056
2040,Agri04_toGrassland,DE3,115639.95633752417
2040,Agri04_toGrassland,DE4,226675.91012942512
2040,Agri04_toGrassland,DE5,53914.29003931887
2040,Agri04_toGrassland,DE6,6250.450828892009
2040,Agri04_toGrassland,DE7,84369.99317280517
2040,Agri04_toGrassland,DE8,228112.7303108732
2040,Agri04_toGrassland,DE9,329885.57308036747
2040,Agri04_toGrassland,DEA,239333.84872070162
2040,Agri04_toGrassland,DEB,141378.1743665633
2040,Agri04_toGrassland,DEC,84719.6270316468
2040,Agri04_toGrassland,DEE,176493.9049024982
2040,Agri04_toGrassland,DED,150945.8478090686
2040,Agri04_toGrassland,DEF,82442.77510003092
2040,Agri04_toGrassland,DEG,65917.59729632309
2040,Agri05_Agroforestry,DE1,16113433.690806232
2040,Agri05_Agroforestry,DE2,18885269.915375337
2040,Agri05_Agroforestry,DE3,32783.18728788844
2040,Agri05_Agroforestry,DE4,11870898.741621446
2040,Agri05_Agroforestry,DE5,269131.7807577562
2040,Agri05_Agroforestry,DE6,217867.67627625755
2040,Agri05_Agroforestry,DE7,3345302.5391957825
2040,Agri05_Agroforestry,DE8,11306131.579488767
2040,Agri05_Agroforestry,DE9,17839358.96450851
2040,Agri05_Agroforestry,DEA,14649239.623011913
2040,Agri05_Agroforestry,DEB,8608012.677876994
2040,Agri05_Agroforestry,DEC,1199172.54788996
2040,Agri05_Agroforestry,DEE,5949128.53669477
2040,Agri05_Agroforestry,DED,6627776.055113073
2040,Agri05_Agroforestry,DEF,1619374.3843910594
2040,Agri05_Agroforestry,DEG,1295589.8288182758
2040,Agri06_Biochar,DE1,0.0
2040,Agri06_Biochar,DE2,0.0
2040,Agri06_Biochar,DE3,0.0
2040,Agri06_Biochar,DE4,0.0
2040,Agri06_Biochar,DE5,0.0
2040,Agri06_Biochar,DE6,0.0
2040,Agri06_Biochar,DE7,0.0
2040,Agri06_Biochar,DE8,0.0
2040,Agri06_Biochar,DE9,0.0
2040,Agri06_Biochar,DEA,0.0
2040,Agri06_Biochar,DEB,0.0
2040,Agri06_Biochar,DEC,0.0
2040,Agri06_Biochar,DEE,0.0
2040,Agri06_Biochar,DED,0.0
2040,Agri06_Biochar,DEF,0.0
2040,Agri06_Biochar,DEG,0.0
2041,Agri01_AGC,DE1,8646622.689403994
2041,Agri01_AGC,DE2,16618894.762178222
2041,Agri01_AGC,DE3,17605.3302750726
2041,Agri01_AGC,DE4,7455311.929659491
2041,Agri01_AGC,DE5,56602.8788956934
2041,Agri01_AGC,DE6,92972.5658040245
2041,Agri01_AGC,DE7,3691870.528389791
2041,Agri01_AGC,DE8,8225031.342588462
2041,Agri01_AGC,DE9,14597506.155698486
2041,Agri01_AGC,DEA,9034593.317183675
2041,Agri01_AGC,DEB,4495370.246324619
2041,Agri01_AGC,DEC,478000.5541376369
2041,Agri01_AGC,DEE,6894742.527777959
2041,Agri01_AGC,DED,5130660.511000931
2041,Agri01_AGC,DEF,3551273.5933198
2041,Agri01_AGC,DEG,2839468.944095822
2041,Agri02_OFC,DE1,7119886.973034971
2041,Agri02_OFC,DE2,11241907.15487569
2041,Agri02_OFC,DE3,3634909.920802657
2041,Agri02_OFC,DE4,6888495.532461977
2041,Agri02_OFC,DE5,1693144.4605068404
2041,Agri02_OFC,DE6,193536.35604226543
2041,Agri02_OFC,DE7,2497378.2132873936
2041,Agri02_OFC,DE8,6909124.137457899
2041,Agri02_OFC,DE9,9874532.045810957
2041,Agri02_OFC,DEA,7236079.662798154
2041,Agri02_OFC,DEB,4301293.894379971
2041,Agri02_OFC,DEC,2648161.981603826
2041,Agri02_OFC,DEE,5328754.666631402
2041,Agri02_OFC,DED,4581825.1930084415
2041,Agri02_OFC,DEF,2402270.944546874
2041,Agri02_OFC,DEG,1920768.2999067428
2041,Agri03_No-till,DE1,0.0
2041,Agri03_No-till,DE2,0.0
2041,Agri03_No-till,DE3,0.0
2041,Agri03_No-till,DE4,0.0
2041,Agri03_No-till,DE5,0.0
2041,Agri03_No-till,DE6,0.0
2041,Agri03_No-till,DE7,0.0
2041,Agri03_No-till,DE8,0.0
2041,Agri03_No-till,DE9,0.0
2041,Agri03_No-till,DEA,0.0
2041,Agri03_No-till,DEB,0.0
2041,Agri03_No-till,DEC,0.0
2041,Agri03_No-till,DEE,0.0
2041,Agri03_No-till,DED,0.0
2041,Agri03_No-till,DEF,0.0
2041,Agri03_No-till,DEG,0.0
2041,Agri04_toGrassland,DE1,229955.5968284127
2041,Agri04_toGrassland,DE2,368242.8760256773
2041,Agri04_toGrassland,DE3,113040.11040231226
2041,Agri04_toGrassland,DE4,221579.72657639472
2041,Agri04_toGrassland,DE5,52702.175712680415
2041,Agri04_toGrassland,DE6,6109.926656318764
2041,Agri04_toGrassland,DE7,82473.16623900775
2041,Agri04_toGrassland,DE8,222984.24381319736
2041,Agri04_toGrassland,DE9,322469.0045047553
2041,Agri04_toGrassland,DEA,233953.08627956925
2041,Agri04_toGrassland,DEB,138199.67548437964
2041,Agri04_toGrassland,DEC,82814.93954345702
2041,Agri04_toGrassland,DEE,172525.92553115403
2041,Agri04_toGrassland,DED,147552.24613977966
2041,Agri04_toGrassland,DEF,80589.27635686465
2041,Agri04_toGrassland,DEG,64435.62166421909
2041,Agri05_Agroforestry,DE1,18078909.4338624
2041,Agri05_Agroforestry,DE2,20992357.772416756
2041,Agri05_Agroforestry,DE3,33637.638311505994
2041,Agri05_Agroforestry,DE4,12180298.23630652
2041,Agri05_Agroforestry,DE5,276146.34964445623
2041,Agri05_Agroforestry,DE6,223546.11313392705
2041,Agri05_Agroforestry,DE7,3684231.29434602
2041,Agri05_Agroforestry,DE8,11600811.154614097
2041,Agri05_Agroforestry,DE9,19880261.093696635
2041,Agri05_Agroforestry,DEA,15031052.94949484
2041,Agri05_Agroforestry,DEB,8832369.302488727
2041,Agri05_Agroforestry,DEC,1230427.4164919888
2041,Agri05_Agroforestry,DEE,6104184.813656871
2041,Agri05_Agroforestry,DED,6800520.3946084445
2041,Agri05_Agroforestry,DEF,1702508.7116241262
2041,Agri05_Agroforestry,DEG,1362182.1197708396
2041,Agri06_Biochar,DE1,0.0
2041,Agri06_Biochar,DE2,0.0
2041,Agri06_Biochar,DE3,0.0
2041,Agri06_Biochar,DE4,0.0
2041,Agri06_Biochar,DE5,0.0
2041,Agri06_Biochar,DE6,0.0
2041,Agri06_Biochar,DE7,0.0
2041,Agri06_Biochar,DE8,0.0
2041,Agri06_Biochar,DE9,0.0
2041,Agri06_Biochar,DEA,0.0
2041,Agri06_Biochar,DEB,0.0
2041,Agri06_Biochar,DEC,0.0
2041,Agri06_Biochar,DEE,0.0
2041,Agri06_Biochar,DED,0.0
2041,Agri06_Biochar,DEF,0.0
2041,Agri06_Biochar,DEG,0.0
2042,Agri01_AGC,DE1,7730756.357172211
2042,Agri01_AGC,DE2,14858590.56731213
2042,Agri01_AGC,DE3,15740.540998848111
2042,Agri01_AGC,DE4,6665631.445390349
2042,Agri01_AGC,DE5,50607.39685026002
2042,Agri01_AGC,DE6,83124.73898194544
2042,Agri01_AGC,DE7,3300820.7461372893
2042,Agri01_AGC,DE8,7353820.748715862
2042,Agri01_AGC,DE9,13051311.195794206
2042,Agri01_AGC,DEA,8077632.415587408
2042,Agri01_AGC,DEB,4019212.2818316626
2042,Agri01_AGC,DEC,427369.84778574755
2042,Agri01_AGC,DEE,6164438.595545921
2042,Agri01_AGC,DED,4587211.421925348
2042,Agri01_AGC,DEF,3175116.0995215387
2042,Agri01_AGC,DEG,2538707.1205803854
2042,Agri02_OFC,DE1,6345718.95052923
2042,Agri02_OFC,DE2,10019538.729050329
2042,Agri02_OFC,DE3,3239674.5700124227
2042,Agri02_OFC,DE4,6139487.439411799
2042,Agri02_OFC,DE5,1509043.4623068098
2042,Agri02_OFC,DE6,172492.530682726
2042,Agri02_OFC,DE7,2225830.3136996725
2042,Agri02_OFC,DE8,6157873.030382748
2042,Agri02_OFC,DE9,8800842.67742251
2042,Agri02_OFC,DEA,6449277.638488133
2042,Agri02_OFC,DEB,3833600.4884257005
2042,Agri02_OFC,DEC,2360218.881897677
2042,Agri02_OFC,DEE,4749342.173384228
2042,Agri02_OFC,DED,4083628.724079621
2042,Agri02_OFC,DEF,2141064.3616746604
2042,Agri02_OFC,DEG,1711917.0355450755
2042,Agri03_No-till,DE1,0.0
2042,Agri03_No-till,DE2,0.0
2042,Agri03_No-till,DE3,0.0
2042,Agri03_No-till,DE4,0.0
2042,Agri03_No-till,DE5,0.0
2042,Agri03_No-till,DE6,0.0
2042,Agri03_No-till,DE7,0.0
2042,Agri03_No-till,DE8,0.0
2042,Agri03_No-till,DE9,0.0
2042,Agri03_No-till,DEA,0.0
2042,Agri03_No-till,DEB,0.0
2042,Agri03_No-till,DEC,0.0
2042,Agri03_No-till,DEE,0.0
2042,Agri03_No-till,DED,0.0
2042,Agri03_No-till,DEF,0.0
2042,Agri03_No-till,DEG,0.0
2042,Agri04_toGrassland,DE1,224666.77393567297
2042,Agri04_toGrassland,DE2,359773.53942472406
2042,Agri04_toGrassland,DE3,110440.26446710037
2042,Agri04_toGrassland,DE4,216483.54302336433
2042,Agri04_toGrassland,DE5,51490.061386041954
2042,Agri04_toGrassland,DE6,5969.402483745519
2042,Agri04_toGrassland,DE7,80576.33930521033
2042,Agri04_toGrassland,DE8,217855.75731552157
2042,Agri04_toGrassland,DE9,315052.4359291432
2042,Agri04_toGrassland,DEA,228572.3238384369
2042,Agri04_toGrassland,DEB,135021.17660219598
2042,Agri04_toGrassland,DEC,80910.25205526724
2042,Agri04_toGrassland,DEE,168557.9461598099
2042,Agri04_toGrassland,DED,144158.64447049072
2042,Agri04_toGrassland,DEF,78735.77761369837
2042,Agri04_toGrassland,DEG,62953.646032115095
2042,Agri05_Agroforestry,DE1,18538143.299468502
2042,Agri05_Agroforestry,DE2,21525597.99043325
2042,Agri05_Agroforestry,DE3,34492.08933512355
2042,Agri05_Agroforestry,DE4,12489697.730991593
2042,Agri05_Agroforestry,DE5,283160.9185311562
2042,Agri05_Agroforestry,DE6,229224.5499915965
2042,Agri05_Agroforestry,DE7,3777816.7943607755
2042,Agri05_Agroforestry,DE8,11895490.729739422
2042,Agri05_Agroforestry,DE9,20385252.237366877
2042,Agri05_Agroforestry,DEA,15412866.275977764
2042,Agri05_Agroforestry,DEB,9056725.92710046
2042,Agri05_Agroforestry,DEC,1261682.2850940174
2042,Agri05_Agroforestry,DEE,6259241.090618973
2042,Agri05_Agroforestry,DED,6973264.734103814
2042,Agri05_Agroforestry,DEF,1745755.217157407
2042,Agri05_Agroforestry,DEG,1396783.7733058797
2042,Agri06_Biochar,DE1,0.0
2042,Agri06_Biochar,DE2,0.0
2042,Agri06_Biochar,DE3,0.0
2042,Agri06_Biochar,DE4,0.0
2042,Agri06_Biochar,DE5,0.0
2042,Agri06_Biochar,DE6,0.0
2042,Agri06_Biochar,DE7,0.0
2042,Agri06_Biochar,DE8,0.0
2042,Agri06_Biochar,DE9,0.0
2042,Agri06_Biochar,DEA,0.0
2042,Agri06_Biochar,DEB,0.0
2042,Agri06_Biochar,DEC,0.0
2042,Agri06_Biochar,DEE,0.0
2042,Agri06_Biochar,DED,0.0
2042,Agri06_Biochar,DEF,0.0
2042,Agri06_Biochar,DEG,0.0
2043,Agri01_AGC,DE1,6814890.024940427
2043,Agri01_AGC,DE2,13098286.372446042
2043,Agri01_AGC,DE3,13875.751722623623
2043,Agri01_AGC,DE4,5875950.961121207
2043,Agri01_AGC,DE5,44611.91480482664
2043,Agri01_AGC,DE6,73276.91215986638
2043,Agri01_AGC,DE7,2909770.9638847876
2043,Agri01_AGC,DE8,6482610.154843261
2043,Agri01_AGC,DE9,11505116.235889925
2043,Agri01_AGC,DEA,7120671.51399114
2043,Agri01_AGC,DEB,3543054.3173387065
2043,Agri01_AGC,DEC,376739.1414338582
2043,Agri01_AGC,DEE,5434134.663313883
2043,Agri01_AGC,DED,4043762.3328497647
2043,Agri01_AGC,DEF,2798958.605723277
2043,Agri01_AGC,DEG,2237945.2970649484
2043,Agri02_OFC,DE1,5571550.9280234855
2043,Agri02_OFC,DE2,8797170.303224962
2043,Agri02_OFC,DE3,2844439.2192221875
2043,Agri02_OFC,DE4,5390479.346361619
2043,Agri02_OFC,DE5,1324942.4641067788
2043,Agri02_OFC,DE6,151448.7053231865
2043,Agri02_OFC,DE7,1954282.4141119504
2043,Agri02_OFC,DE8,5406621.923307594
2043,Agri02_OFC,DE9,7727153.309034062
2043,Agri02_OFC,DEA,5662475.61417811
2043,Agri02_OFC,DEB,3365907.0824714294
2043,Agri02_OFC,DEC,2072275.782191527
2043,Agri02_OFC,DEE,4169929.6801370503
2043,Agri02_OFC,DED,3585432.2551507987
2043,Agri02_OFC,DEF,1879857.7788024459
2043,Agri02_OFC,DEG,1503065.7711834074
2043,Agri03_No-till,DE1,0.0
2043,Agri03_No-till,DE2,0.0
2043,Agri03_No-till,DE3,0.0
2043,Agri03_No-till,DE4,0.0
2043,Agri03_No-till,DE5,0.0
2043,Agri03_No-till,DE6,0.0
2043,Agri03_No-till,DE7,0.0
2043,Agri03_No-till,DE8,0.0
2043,Agri03_No-till,DE9,0.0
2043,Agri03_No-till,DEA,0.0
2043,Agri03_No-till,DEB,0.0
2043,Agri03_No-till,DEC,0.0
2043,Agri03_No-till,DEE,0.0
2043,Agri03_No-till,DED,0.0
2043,Agri03_No-till,DEF,0.0
2043,Agri03_No-till,DEG,0.0
2043,Agri04_toGrassland,DE1,219377.9510429332
2043,Agri04_toGrassland,DE2,351304.2028237708
2043,Agri04_toGrassland,DE3,107840.41853188844
2043,Agri04_toGrassland,DE4,211387.35947033387
2043,Agri04_toGrassland,DE5,50277.947059403494
2043,Agri04_toGrassland,DE6,5828.878311172273
2043,Agri04_toGrassland,DE7,78679.5123714129
2043,Agri04_toGrassland,DE8,212727.27081784574
2043,Agri04_toGrassland,DE9,307635.867353531
2043,Agri04_toGrassland,DEA,223191.5613973045
2043,Agri04_toGrassland,DEB,131842.67772001226
2043,Agri04_toGrassland,DEC,79005.56456707744
2043,Agri04_toGrassland,DEE,164589.96678846568
2043,Agri04_toGrassland,DED,140765.04280120178
2043,Agri04_toGrassland,DEF,76882.27887053207
2043,Agri04_toGrassland,DEG,61471.67040001109
2043,Agri05_Agroforestry,DE1,18997377.165074605
2043,Agri05_Agroforestry,DE2,22058838.208449747
2043,Agri05_Agroforestry,DE3,35346.54035874111
2043,Agri05_Agroforestry,DE4,12799097.225676669
2043,Agri05_Agroforestry,DE5,290175.48741785623
2043,Agri05_Agroforestry,DE6,234902.986849266
2043,Agri05_Agroforestry,DE7,3871402.294375532
2043,Agri05_Agroforestry,DE8,12190170.30486475
2043,Agri05_Agroforestry,DE9,20890243.381037124
2043,Agri05_Agroforestry,DEA,15794679.60246069
2043,Agri05_Agroforestry,DEB,9281082.551712193
2043,Agri05_Agroforestry,DEC,1292937.1536960462
2043,Agri05_Agroforestry,DEE,6414297.367581074
2043,Agri05_Agroforestry,DED,7146009.073599185
2043,Agri05_Agroforestry,DEF,1789001.722690688
2043,Agri05_Agroforestry,DEG,1431385.4268409202
2043,Agri06_Biochar,DE1,0.0
2043,Agri06_Biochar,DE2,0.0
2043,Agri06_Biochar,DE3,0.0
2043,Agri06_Biochar,DE4,0.0
2043,Agri06_Biochar,DE5,0.0
2043,Agri06_Biochar,DE6,0.0
2043,Agri06_Biochar,DE7,0.0
2043,Agri06_Biochar,DE8,0.0
2043,Agri06_Biochar,DE9,0.0
2043,Agri06_Biochar,DEA,0.0
2043,Agri06_Biochar,DEB,0.0
2043,Agri06_Biochar,DEC,0.0
2043,Agri06_Biochar,DEE,0.0
2043,Agri06_Biochar,DED,0.0
2043,Agri06_Biochar,DEF,0.0
2043,Agri06_Biochar,DEG,0.0
2044,Agri01_AGC,DE1,5899023.692708644
2044,Agri01_AGC,DE2,11337982.177579952
2044,Agri01_AGC,DE3,12010.962446399135
2044,Agri01_AGC,DE4,5086270.476852066
2044,Agri01_AGC,DE5,38616.43275939326
2044,Agri01_AGC,DE6,63429.08533778732
2044,Agri01_AGC,DE7,2518721.181632286
2044,Agri01_AGC,DE8,5611399.560970661
2044,Agri01_AGC,DE9,9958921.275985645
2044,Agri01_AGC,DEA,6163710.612394872
2044,Agri01_AGC,DEB,3066896.3528457503
2044,Agri01_AGC,DEC,326108.43508196884
2044,Agri01_AGC,DEE,4703830.731081846
2044,Agri01_AGC,DED,3500313.2437741817
2044,Agri01_AGC,DEF,2422801.1119250157
2044,Agri01_AGC,DEG,1937183.4735495117
2044,Agri02_OFC,DE1,4797382.905517747
2044,Agri02_OFC,DE2,7574801.877399605
2044,Agri02_OFC,DE3,2449203.868431955
2044,Agri02_OFC,DE4,4641471.253311445
2044,Agri02_OFC,DE5,1140841.4659067492
2044,Agri02_OFC,DE6,130404.87996364714
2044,Agri02_OFC,DE7,1682734.5145242305
2044,Agri02_OFC,DE8,4655370.816232446
2044,Agri02_OFC,DE9,6653463.940645619
2044,Agri02_OFC,DEA,4875673.589868093
2044,Agri02_OFC,DEB,2898213.676517161
2044,Agri02_OFC,DEC,1784332.6824853793
2044,Agri02_OFC,DEE,3590517.1868898775
2044,Agri02_OFC,DED,3087235.7862219797
2044,Agri02_OFC,DEF,1618651.1959302332
2044,Agri02_OFC,DEG,1294214.506821741
2044,Agri03_No-till,DE1,0.0
2044,Agri03_No-till,DE2,0.0
2044,Agri03_No-till,DE3,0.0
2044,Agri03_No-till,DE4,0.0
2044,Agri03_No-till,DE5,0.0
2044,Agri03_No-till,DE6,0.0
2044,Agri03_No-till,DE7,0.0
2044,Agri03_No-till,DE8,0.0
2044,Agri03_No-till,DE9,0.0
2044,Agri03_No-till,DEA,0.0
2044,Agri03_No-till,DEB,0.0
2044,Agri03_No-till,DEC,0.0
2044,Agri03_No-till,DEE,0.0
2044,Agri03_No-till,DED,0.0
2044,Agri03_No-till,DEF,0.0
2044,Agri03_No-till,DEG,0.0
2044,Agri04_toGrassland,DE1,214089.12815019346
2044,Agri04_toGrassland,DE2,342834.86622281757
2044,Agri04_toGrassland,DE3,105240.57259667655
2044,Agri04_toGrassland,DE4,206291.17591730348
2044,Agri04_toGrassland,DE5,49065.83273276503
2044,Agri04_toGrassland,DE6,5688.354138599028
2044,Agri04_toGrassland,DE7,76782.68543761548
2044,Agri04_toGrassland,DE8,207598.7843201699
2044,Agri04_toGrassland,DE9,300219.29877791886
2044,Agri04_toGrassland,DEA,217810.79895617213
2044,Agri04_toGrassland,DEB,128664.1788378286
2044,Agri04_toGrassland,DEC,77100.87707888766
2044,Agri04_toGrassland,DEE,160621.9874171215
2044,Agri04_toGrassland,DED,137371.44113191284
2044,Agri04_toGrassland,DEF,75028.7801273658
2044,Agri04_toGrassland,DEG,59989.694767907095
2044,Agri05_Agroforestry,DE1,19456611.030680705
2044,Agri05_Agroforestry,DE2,22592078.426466238
2044,Agri05_Agroforestry,DE3,36200.99138235867
2044,Agri05_Agroforestry,DE4,13108496.72036174
2044,Agri05_Agroforestry,DE5,297190.05630455614
2044,Agri05_Agroforestry,DE6,240581.42370693543
2044,Agri05_Agroforestry,DE7,3964987.794390287
2044,Agri05_Agroforestry,DE8,12484849.879990073
2044,Agri05_Agroforestry,DE9,21395234.524707362
2044,Agri05_Agroforestry,DEA,16176492.928943612
2044,Agri05_Agroforestry,DEB,9505439.176323922
2044,Agri05_Agroforestry,DEC,1324192.0222980748
2044,Agri05_Agroforestry,DEE,6569353.644543175
2044,Agri05_Agroforestry,DED,7318753.413094554
2044,Agri05_Agroforestry,DEF,1832248.2282239685
2044,Agri05_Agroforestry,DEG,1465987.08037596
2044,Agri06_Biochar,DE1,0.0
2044,Agri06_Biochar,DE2,0.0
2044,Agri06_Biochar,DE3,0.0
2044,Agri06_Biochar,DE4,0.0
2044,Agri06_Biochar,DE5,0.0
2044,Agri06_Biochar,DE6,0.0
2044,Agri06_Biochar,DE7,0.0
2044,Agri06_Biochar,DE8,0.0
2044,Agri06_Biochar,DE9,0.0
2044,Agri06_Biochar,DEA,0.0
2044,Agri06_Biochar,DEB,0.0
2044,Agri06_Biochar,DEC,0.0
2044,Agri06_Biochar,DEE,0.0
2044,Agri06_Biochar,DED,0.0
2044,Agri06_Biochar,DEF,0.0
2044,Agri06_Biochar,DEG,0.0
2045,Agri01_AGC,DE1,4983157.360476861
2045,Agri01_AGC,DE2,9577677.982713863
2045,Agri01_AGC,DE3,10146.173170174647
2045,Agri01_AGC,DE4,4296589.992582924
2045,Agri01_AGC,DE5,32620.950713959883
2045,Agri01_AGC,DE6,53581.258515708265
2045,Agri01_AGC,DE7,2127671.399379784
2045,Agri01_AGC,DE8,4740188.967098061
2045,Agri01_AGC,DE9,8412726.316081364
2045,Agri01_AGC,DEA,5206749.710798604
2045,Agri01_AGC,DEB,2590738.388352794
2045,Agri01_AGC,DEC,275477.7287300795
2045,Agri01_AGC,DEE,3973526.7988498085
2045,Agri01_AGC,DED,2956864.1546985987
2045,Agri01_AGC,DEF,2046643.6181267542
2045,Agri01_AGC,DEG,1636421.6500340751
2045,Agri02_OFC,DE1,4023214.883012005
2045,Agri02_OFC,DE2,6352433.451574243
2045,Agri02_OFC,DE3,2053968.5176417208
2045,Agri02_OFC,DE4,3892463.1602612673
2045,Agri02_OFC,DE5,956740.4677067188
2045,Agri02_OFC,DE6,109361.05460410772
2045,Agri02_OFC,DE7,1411186.6149365094
2045,Agri02_OFC,DE8,3904119.709157295
2045,Agri02_OFC,DE9,5579774.572257173
2045,Agri02_OFC,DEA,4088871.565558072
2045,Agri02_OFC,DEB,2430520.2705628914
2045,Agri02_OFC,DEC,1496389.5827792303
2045,Agri02_OFC,DEE,3011104.6936427024
2045,Agri02_OFC,DED,2589039.317293159
2045,Agri02_OFC,DEF,1357444.6130580197
2045,Agri02_OFC,DEG,1085363.2424600737
2045,Agri03_No-till,DE1,0.0
2045,Agri03_No-till,DE2,0.0
2045,Agri03_No-till,DE3,0.0
2045,Agri03_No-till,DE4,0.0
2045,Agri03_No-till,DE5,0.0
2045,Agri03_No-till,DE6,0.0
2045,Agri03_No-till,DE7,0.0
2045,Agri03_No-till,DE8,0.0
2045,Agri03_No-till,DE9,0.0
2045,Agri03_No-till,DEA,0.0
2045,Agri03_No-till,DEB,0.0
2045,Agri03_No-till,DEC,0.0
2045,Agri03_No-till,DEE,0.0
2045,Agri03_No-till,DED,0.0
2045,Agri03_No-till,DEF,0.0
2045,Agri03_No-till,DEG,0.0
2045,Agri04_toGrassland,DE1,208800.3052574537
2045,Agri04_toGrassland,DE2,334365.52962186426
2045,Agri04_toGrassland,DE3,102640.72666146462
2045,Agri04_toGrassland,DE4,201194.99236427306
2045,Agri04_toGrassland,DE5,47853.718406126565
2045,Agri04_toGrassland,DE6,5547.829966025783
2045,Agri04_toGrassland,DE7,74885.85850381805
2045,Agri04_toGrassland,DE8,202470.2978224941
2045,Agri04_toGrassland,DE9,292802.73020230664
2045,Agri04_toGrassland,DEA,212430.03651503974
2045,Agri04_toGrassland,DEB,125485.67995564491
2045,Agri04_toGrassland,DEC,75196.18959069786
2045,Agri04_toGrassland,DEE,156654.00804577733
2045,Agri04_toGrassland,DED,133977.83946262387
2045,Agri04_toGrassland,DEF,73175.28138419951
2045,Agri04_toGrassland,DEG,58507.71913580309
2045,Agri05_Agroforestry,DE1,19915844.89628681
2045,Agri05_Agroforestry,DE2,23125318.644482736
2045,Agri05_Agroforestry,DE3,37055.442405976224
2045,Agri05_Agroforestry,DE4,13417896.215046816
2045,Agri05_Agroforestry,DE5,304204.6251912562
2045,Agri05_Agroforestry,DE6,246259.8605646049
2045,Agri05_Agroforestry,DE7,4058573.294405043
2045,Agri05_Agroforestry,DE8,12779529.455115402
2045,Agri05_Agroforestry,DE9,21900225.668377604
2045,Agri05_Agroforestry,DEA,16558306.255426537
2045,Agri05_Agroforestry,DEB,9729795.800935656
2045,Agri05_Agroforestry,DEC,1355446.8909001036
2045,Agri05_Agroforestry,DEE,6724409.921505276
2045,Agri05_Agroforestry,DED,7491497.752589924
2045,Agri05_Agroforestry,DEF,1875494.7337572495
2045,Agri05_Agroforestry,DEG,1500588.7339110007
2045,Agri06_Biochar,DE1,0.0
2045,Agri06_Biochar,DE2,0.0
2045,Agri06_Biochar,DE3,0.0
2045,Agri06_Biochar,DE4,0.0
2045,Agri06_Biochar,DE5,0.0
2045,Agri06_Biochar,DE6,0.0
2045,Agri06_Biochar,DE7,0.0
2045,Agri06_Biochar,DE8,0.0
2045,Agri06_Biochar,DE9,0.0
2045,Agri06_Biochar,DEA,0.0
2045,Agri06_Biochar,DEB,0.0
2045,Agri06_Biochar,DEC,0.0
2045,Agri06_Biochar,DEE,0.0
2045,Agri06_Biochar,DED,0.0
2045,Agri06_Biochar,DEF,0.0
2045,Agri06_Biochar,DEG,0.0
2046,Agri01_AGC,DE1,4067291.028245078
2046,Agri01_AGC,DE2,7817373.787847773
2046,Agri01_AGC,DE3,8281.383893950158
2046,Agri01_AGC,DE4,3506909.5083137816
2046,Agri01_AGC,DE5,26625.468668526504
2046,Agri01_AGC,DE6,43733.4316936292
2046,Agri01_AGC,DE7,1736621.617127282
2046,Agri01_AGC,DE8,3868978.3732254608
2046,Agri01_AGC,DE9,6866531.356177084
2046,Agri01_AGC,DEA,4249788.809202337
2046,Agri01_AGC,DEB,2114580.423859838
2046,Agri01_AGC,DEC,224847.02237819013
2046,Agri01_AGC,DEE,3243222.866617771
2046,Agri01_AGC,DED,2413415.0656230156
2046,Agri01_AGC,DEF,1670486.1243284924
2046,Agri01_AGC,DEG,1335659.8265186385
2046,Agri02_OFC,DE1,3249046.8605062594
2046,Agri02_OFC,DE2,5130065.025748874
2046,Agri02_OFC,DE3,1658733.1668514847
2046,Agri02_OFC,DE4,3143455.067211086
2046,Agri02_OFC,DE5,772639.4695066874
2046,Agri02_OFC,DE6,88317.22924456818
2046,Agri02_OFC,DE7,1139638.715348787
2046,Agri02_OFC,DE8,3152868.6020821393
2046,Agri02_OFC,DE9,4506085.203868722
2046,Agri02_OFC,DEA,3302069.5412480473
2046,Agri02_OFC,DEB,1962826.8646086194
2046,Agri02_OFC,DEC,1208446.4830730797
2046,Agri02_OFC,DEE,2431692.2003955245
2046,Agri02_OFC,DED,2090842.8483643355
2046,Agri02_OFC,DEF,1096238.0301858047
2046,Agri02_OFC,DEG,876511.9780984051
2046,Agri03_No-till,DE1,0.0
2046,Agri03_No-till,DE2,0.0
2046,Agri03_No-till,DE3,0.0
2046,Agri03_No-till,DE4,0.0
2046,Agri03_No-till,DE5,0.0
2046,Agri03_No-till,DE6,0.0
2046,Agri03_No-till,DE7,0.0
2046,Agri03_No-till,DE8,0.0
2046,Agri03_No-till,DE9,0.0
2046,Agri03_No-till,DEA,0.0
2046,Agri03_No-till,DEB,0.0
2046,Agri03_No-till,DEC,0.0
2046,Agri03_No-till,DEE,0.0
2046,Agri03_No-till,DED,0.0
2046,Agri03_No-till,DEF,0.0
2046,Agri03_No-till,DEG,0.0
2046,Agri04_toGrassland,DE1,203511.48236471397
2046,Agri04_toGrassland,DE2,325896.193020911
2046,Agri04_toGrassland,DE3,100040.88072625273
2046,Agri04_toGrassland,DE4,196098.80881124263
2046,Agri04_toGrassland,DE5,46641.60407948811
2046,Agri04_toGrassland,DE6,5407.305793452538
2046,Agri04_toGrassland,DE7,72989.03157002063
2046,Agri04_toGrassland,DE8,197341.81132481826
2046,Agri04_toGrassland,DE9,285386.1616266945
2046,Agri04_toGrassland,DEA,207049.27407390738
2046,Agri04_toGrassland,DEB,122307.18107346124
2046,Agri04_toGrassland,DEC,73291.50210250806
2046,Agri04_toGrassland,DEE,152686.02867443315
2046,Agri04_toGrassland,DED,130584.23779333495
2046,Agri04_toGrassland,DEF,71321.78264103323
2046,Agri04_toGrassland,DEG,57025.7435036991
2046,Agri05_Agroforestry,DE1,20375078.761892915
2046,Agri05_Agroforestry,DE2,23658558.862499233
2046,Agri05_Agroforestry,DE3,37909.89342959379
2046,Agri05_Agroforestry,DE4,13727295.70973189
2046,Agri05_Agroforestry,DE5,311219.1940779562
2046,Agri05_Agroforestry,DE6,251938.2974222744
2046,Agri05_Agroforestry,DE7,4152158.7944197995
2046,Agri05_Agroforestry,DE8,13074209.03024073
2046,Agri05_Agroforestry,DE9,22405216.81204785
2046,Agri05_Agroforestry,DEA,16940119.581909463
2046,Agri05_Agroforestry,DEB,9954152.42554739
2046,Agri05_Agroforestry,DEC,1386701.7595021324
2046,Agri05_Agroforestry,DEE,6879466.1984673785
2046,Agri05_Agroforestry,DED,7664242.092085295
2046,Agri05_Agroforestry,DEF,1918741.2392905306
2046,Agri05_Agroforestry,DEG,1535190.387446041
2046,Agri06_Biochar,DE1,0.0
2046,Agri06_Biochar,DE2,0.0
2046,Agri06_Biochar,DE3,0.0
2046,Agri06_Biochar,DE4,0.0
2046,Agri06_Biochar,DE5,0.0
2046,Agri06_Biochar,DE6,0.0
2046,Agri06_Biochar,DE7,0.0
2046,Agri06_Biochar,DE8,0.0
2046,Agri06_Biochar,DE9,0.0
2046,Agri06_Biochar,DEA,0.0
2046,Agri06_Biochar,DEB,0.0
2046,Agri06_Biochar,DEC,0.0
2046,Agri06_Biochar,DEE,0.0
2046,Agri06_Biochar,DED,0.0
2046,Agri06_Biochar,DEF,0.0
2046,Agri06_Biochar,DEG,0.0
2047,Agri01_AGC,DE1,3151424.696013295
2047,Agri01_AGC,DE2,6057069.592981684
2047,Agri01_AGC,DE3,6416.59461772567
2047,Agri01_AGC,DE4,2717229.02404464
2047,Agri01_AGC,DE5,20629.986623093126
2047,Agri01_AGC,DE6,33885.604871550146
2047,Agri01_AGC,DE7,1345571.8348747804
2047,Agri01_AGC,DE8,2997767.7793528605
2047,Agri01_AGC,DE9,5320336.396272804
2047,Agri01_AGC,DEA,3292827.9076060685
2047,Agri01_AGC,DEB,1638422.4593668818
2047,Agri01_AGC,DEC,174216.31602630077
2047,Agri01_AGC,DEE,2512918.9343857337
2047,Agri01_AGC,DED,1869965.9765474324
2047,Agri01_AGC,DEF,1294328.630530231
2047,Agri01_AGC,DEG,1034898.0030032018
2047,Agri02_OFC,DE1,2474878.8380005183
2047,Agri02_OFC,DE2,3907696.599923512
2047,Agri02_OFC,DE3,1263497.8160612506
2047,Agri02_OFC,DE4,2394446.9741609087
2047,Agri02_OFC,DE5,588538.471306657
2047,Agri02_OFC,DE6,67273.40388502875
2047,Agri02_OFC,DE7,868090.8157610659
2047,Agri02_OFC,DE8,2401617.4950069883
2047,Agri02_OFC,DE9,3432395.8354802756
2047,Agri02_OFC,DEA,2515267.516938027
2047,Agri02_OFC,DEB,1495133.4586543497
2047,Agri02_OFC,DEC,920503.3833669309
2047,Agri02_OFC,DEE,1852279.7071483494
2047,Agri02_OFC,DED,1592646.3794355148
2047,Agri02_OFC,DEF,835031.447313591
2047,Agri02_OFC,DEG,667660.7137367377
2047,Agri03_No-till,DE1,0.0
2047,Agri03_No-till,DE2,0.0
2047,Agri03_No-till,DE3,0.0
2047,Agri03_No-till,DE4,0.0
2047,Agri03_No-till,DE5,0.0
2047,Agri03_No-till,DE6,0.0
2047,Agri03_No-till,DE7,0.0
2047,Agri03_No-till,DE8,0.0
2047,Agri03_No-till,DE9,0.0
2047,Agri03_No-till,DEA,0.0
2047,Agri03_No-till,DEB,0.0
2047,Agri03_No-till,DEC,0.0
2047,Agri03_No-till,DEE,0.0
2047,Agri03_No-till,DED,0.0
2047,Agri03_No-till,DEF,0.0
2047,Agri03_No-till,DEG,0.0
2047,Agri04_toGrassland,DE1,198222.6594719742
2047,Agri04_toGrassland,DE2,317426.85641995777
2047,Agri04_toGrassland,DE3,97441.0347910408
2047,Agri04_toGrassland,DE4,191002.6252582122
2047,Agri04_toGrassland,DE5,45429.489752849644
2047,Agri04_toGrassland,DE6,5266.781620879292
2047,Agri04_toGrassland,DE7,71092.20463622319
2047,Agri04_toGrassland,DE8,192213.32482714244
2047,Agri04_toGrassland,DE9,277969.59305108234
2047,Agri04_toGrassland,DEA,201668.511632775
2047,Agri04_toGrassland,DEB,119128.68219127755
2047,Agri04_toGrassland,DEC,71386.81461431827
2047,Agri04_toGrassland,DEE,148718.04930308898
2047,Agri04_toGrassland,DED,127190.636124046
2047,Agri04_toGrassland,DEF,69468.28389786693
2047,Agri04_toGrassland,DEG,55543.7678715951
2047,Agri05_Agroforestry,DE1,20834312.627499018
2047,Agri05_Agroforestry,DE2,24191799.08051573
2047,Agri05_Agroforestry,DE3,38764.34445321134
2047,Agri05_Agroforestry,DE4,14036695.204416964
2047,Agri05_Agroforestry,DE5,318233.76296465617
2047,Agri05_Agroforestry,DE6,257616.73427994386
2047,Agri05_Agroforestry,DE7,4245744.294434555
2047,Agri05_Agroforestry,DE8,13368888.605366055
2047,Agri05_Agroforestry,DE9,22910207.955718093
2047,Agri05_Agroforestry,DEA,17321932.90839239
2047,Agri05_Agroforestry,DEB,10178509.050159123
2047,Agri05_Agroforestry,DEC,1417956.628104161
2047,Agri05_Agroforestry,DEE,7034522.475429479
2047,Agri05_Agroforestry,DED,7836986.4315806655
2047,Agri05_Agroforestry,DEF,1961987.7448238113
2047,Agri05_Agroforestry,DEG,1569792.0409810813
2047,Agri06_Biochar,DE1,0.0
2047,Agri06_Biochar,DE2,0.0
2047,Agri06_Biochar,DE3,0.0
2047,Agri06_Biochar,DE4,0.0
2047,Agri06_Biochar,DE5,0.0
2047,Agri06_Biochar,DE6,0.0
2047,Agri06_Biochar,DE7,0.0
2047,Agri06_Biochar,DE8,0.0
2047,Agri06_Biochar,DE9,0.0
2047,Agri06_Biochar,DEA,0.0
2047,Agri06_Biochar,DEB,0.0
2047,Agri06_Biochar,DEC,0.0
2047,Agri06_Biochar,DEE,0.0
2047,Agri06_Biochar,DED,0.0
2047,Agri06_Biochar,DEF,0.0
2047,Agri06_Biochar,DEG,0.0
2048,Agri01_AGC,DE1,2235558.3637815113
2048,Agri01_AGC,DE2,4296765.398115594
2048,Agri01_AGC,DE3,4551.805341501182
2048,Agri01_AGC,DE4,1927548.5397754977
2048,Agri01_AGC,DE5,14634.504577659747
2048,Agri01_AGC,DE6,24037.778049471082
2048,Agri01_AGC,DE7,954522.0526222785
2048,Agri01_AGC,DE8,2126557.18548026
2048,Agri01_AGC,DE9,3774141.4363685227
2048,Agri01_AGC,DEA,2335867.0060098004
2048,Agri01_AGC,DEB,1162264.4948739253
2048,Agri01_AGC,DEC,123585.60967441142
2048,Agri01_AGC,DEE,1782615.0021536958
2048,Agri01_AGC,DED,1326516.887471849
2048,Agri01_AGC,DEF,918171.1367319692
2048,Agri01_AGC,DEG,734136.1794877651
2048,Agri02_OFC,DE1,1700710.815494781
2048,Agri02_OFC,DE2,2685328.1740981564
2048,Agri02_OFC,DE3,868262.4652710188
2048,Agri02_OFC,DE4,1645438.8811107352
2048,Agri02_OFC,DE5,404437.4731066276
2048,Agri02_OFC,DE6,46229.578525489436
2048,Agri02_OFC,DE7,596542.9161733463
2048,Agri02_OFC,DE8,1650366.3879318414
2048,Agri02_OFC,DE9,2358706.4670918356
2048,Agri02_OFC,DEA,1728465.4926280107
2048,Agri02_OFC,DEB,1027440.0527000824
2048,Agri02_OFC,DEC,632560.2836607834
2048,Agri02_OFC,DEE,1272867.2139011775
2048,Agri02_OFC,DED,1094449.9105066967
2048,Agri02_OFC,DEF,573824.8644413789
2048,Agri02_OFC,DEG,458809.4493750716
2048,Agri03_No-till,DE1,0.0
2048,Agri03_No-till,DE2,0.0
2048,Agri03_No-till,DE3,0.0
2048,Agri03_No-till,DE4,0.0
2048,Agri03_No-till,DE5,0.0
2048,Agri03_No-till,DE6,0.0
2048,Agri03_No-till,DE7,0.0
2048,Agri03_No-till,DE8,0.0
2048,Agri03_No-till,DE9,0.0
2048,Agri03_No-till,DEA,0.0
2048,Agri03_No-till,DEB,0.0
2048,Agri03_No-till,DEC,0.0
2048,Agri03_No-till,DEE,0.0
2048,Agri03_No-till,DED,0.0
2048,Agri03_No-till,DEF,0.0
2048,Agri03_No-till,DEG,0.0
2048,Agri04_toGrassland,DE1,192933.83657923443
2048,Agri04_toGrassland,DE2,308957.51981900446
2048,Agri04_toGrassland,DE3,94841.18885582888
2048,Agri04_toGrassland,DE4,185906.4417051818
2048,Agri04_toGrassland,DE5,44217.37542621118
2048,Agri04_toGrassland,DE6,5126.257448306045
2048,Agri04_toGrassland,DE7,69195.37770242576
2048,Agri04_toGrassland,DE8,187084.83832946658
2048,Agri04_toGrassland,DE9,270553.0244754701
2048,Agri04_toGrassland,DEA,196287.74919164256
2048,Agri04_toGrassland,DEB,115950.18330909385
2048,Agri04_toGrassland,DEC,69482.12712612847
2048,Agri04_toGrassland,DEE,144750.06993174477
2048,Agri04_toGrassland,DED,123797.03445475704
2048,Agri04_toGrassland,DEF,67614.78515470064
2048,Agri04_toGrassland,DEG,54061.79223949109
2048,Agri05_Agroforestry,DE1,21293546.49310512
2048,Agri05_Agroforestry,DE2,24725039.29853223
2048,Agri05_Agroforestry,DE3,39618.795476828906
2048,Agri05_Agroforestry,DE4,14346094.699102039
2048,Agri05_Agroforestry,DE5,325248.3318513562
2048,Agri05_Agroforestry,DE6,263295.17113761336
2048,Agri05_Agroforestry,DE7,4339329.794449311
2048,Agri05_Agroforestry,DE8,13663568.180491382
2048,Agri05_Agroforestry,DE9,23415199.09938834
2048,Agri05_Agroforestry,DEA,17703746.234875314
2048,Agri05_Agroforestry,DEB,10402865.674770856
2048,Agri05_Agroforestry,DEC,1449211.4967061898
2048,Agri05_Agroforestry,DEE,7189578.752391581
2048,Agri05_Agroforestry,DED,8009730.771076037
2048,Agri05_Agroforestry,DEF,2005234.2503570924
2048,Agri05_Agroforestry,DEG,1604393.6945161216
2048,Agri06_Biochar,DE1,0.0
2048,Agri06_Biochar,DE2,0.0
2048,Agri06_Biochar,DE3,0.0
2048,Agri06_Biochar,DE4,0.0
2048,Agri06_Biochar,DE5,0.0
2048,Agri06_Biochar,DE6,0.0
2048,Agri06_Biochar,DE7,0.0
2048,Agri06_Biochar,DE8,0.0
2048,Agri06_Biochar,DE9,0.0
2048,Agri06_Biochar,DEA,0.0
2048,Agri06_Biochar,DEB,0.0
2048,Agri06_Biochar,DEC,0.0
2048,Agri06_Biochar,DEE,0.0
2048,Agri06_Biochar,DED,0.0
2048,Agri06_Biochar,DEF,0.0
2048,Agri06_Biochar,DEG,0.0
2049,Agri01_AGC,DE1,1319692.0315497285
2049,Agri01_AGC,DE2,2536461.203249504
2049,Agri01_AGC,DE3,2687.016065276693
2049,Agri01_AGC,DE4,1137868.0555063558
2049,Agri01_AGC,DE5,8639.022532226369
2049,Agri01_AGC,DE6,14189.95122739202
2049,Agri01_AGC,DE7,563472.2703697766
2049,Agri01_AGC,DE8,1255346.5916076596
2049,Agri01_AGC,DE9,2227946.4764642427
2049,Agri01_AGC,DEA,1378906.1044135327
2049,Agri01_AGC,DEB,686106.5303809693
2049,Agri01_AGC,DEC,72954.90332252205
2049,Agri01_AGC,DEE,1052311.0699216584
2049,Agri01_AGC,DED,783067.7983962661
2049,Agri01_AGC,DEF,542013.6429337077
2049,Agri01_AGC,DEG,433374.35597232834
2049,Agri02_OFC,DE1,926542.7929890394
2049,Agri02_OFC,DE2,1462959.7482727943
2049,Agri02_OFC,DE3,473027.11448078486
2049,Agri02_OFC,DE4,896430.788060558
2049,Agri02_OFC,DE5,220336.4749065972
2049,Agri02_OFC,DE6,25185.75316595001
2049,Agri02_OFC,DE7,324995.0165856254
2049,Agri02_OFC,DE8,899115.2808566905
2049,Agri02_OFC,DE9,1285017.0987033898
2049,Agri02_OFC,DEA,941663.4683179903
2049,Agri02_OFC,DEB,559746.6467458127
2049,Agri02_OFC,DEC,344617.18395463447
2049,Agri02_OFC,DEE,693454.7206540025
2049,Agri02_OFC,DED,596253.4415778759
2049,Agri02_OFC,DEF,312618.2815691653
2049,Agri02_OFC,DEG,249958.1850134043
2049,Agri03_No-till,DE1,0.0
2049,Agri03_No-till,DE2,0.0
2049,Agri03_No-till,DE3,0.0
2049,Agri03_No-till,DE4,0.0
2049,Agri03_No-till,DE5,0.0
2049,Agri03_No-till,DE6,0.0
2049,Agri03_No-till,DE7,0.0
2049,Agri03_No-till,DE8,0.0
2049,Agri03_No-till,DE9,0.0
2049,Agri03_No-till,DEA,0.0
2049,Agri03_No-till,DEB,0.0
2049,Agri03_No-till,DEC,0.0
2049,Agri03_No-till,DEE,0.0
2049,Agri03_No-till,DED,0.0
2049,Agri03_No-till,DEF,0.0
2049,Agri03_No-till,DEG,0.0
2049,Agri04_toGrassland,DE1,187645.0136864947
2049,Agri04_toGrassland,DE2,300488.1832180512
2049,Agri04_toGrassland,DE3,92241.34292061698
2049,Agri04_toGrassland,DE4,180810.25815215136
2049,Agri04_toGrassland,DE5,43005.26109957272
2049,Agri04_toGrassland,DE6,4985.7332757328
2049,Agri04_toGrassland,DE7,67298.55076862834
2049,Agri04_toGrassland,DE8,181956.3518317908
2049,Agri04_toGrassland,DE9,263136.455899858
2049,Agri04_toGrassland,DEA,190906.9867505102
2049,Agri04_toGrassland,DEB,112771.68442691017
2049,Agri04_toGrassland,DEC,67577.43963793869
2049,Agri04_toGrassland,DEE,140782.0905604006
2049,Agri04_toGrassland,DED,120403.4327854681
2049,Agri04_toGrassland,DEF,65761.28641153437
2049,Agri04_toGrassland,DEG,52579.816607387096
2049,Agri05_Agroforestry,DE1,21752780.358711224
2049,Agri05_Agroforestry,DE2,25258279.516548723
2049,Agri05_Agroforestry,DE3,40473.24650044646
2049,Agri05_Agroforestry,DE4,14655494.193787113
2049,Agri05_Agroforestry,DE5,332262.90073805617
2049,Agri05_Agroforestry,DE6,268973.6079952828
2049,Agri05_Agroforestry,DE7,4432915.294464067
2049,Agri05_Agroforestry,DE8,13958247.75561671
2049,Agri05_Agroforestry,DE9,23920190.24305858
2049,Agri05_Agroforestry,DEA,18085559.56135824
2049,Agri05_Agroforestry,DEB,10627222.299382588
2049,Agri05_Agroforestry,DEC,1480466.3653082184
2049,Agri05_Agroforestry,DEE,7344635.029353682
2049,Agri05_Agroforestry,DED,8182475.110571406
2049,Agri05_Agroforestry,DEF,2048480.7558903731
2049,Agri05_Agroforestry,DEG,1638995.348051162
2049,Agri06_Biochar,DE1,0.0
2049,Agri06_Biochar,DE2,0.0
2049,Agri06_Biochar,DE3,0.0
2049,Agri06_Biochar,DE4,0.0
2049,Agri06_Biochar,DE5,0.0
2049,Agri06_Biochar,DE6,0.0
2049,Agri06_Biochar,DE7,0.0
2049,Agri06_Biochar,DE8,0.0
2049,Agri06_Biochar,DE9,0.0
2049,Agri06_Biochar,DEA,0.0
2049,Agri06_Biochar,DEB,0.0
2049,Agri06_Biochar,DEC,0.0
2049,Agri06_Biochar,DEE,0.0
2049,Agri06_Biochar,DED,0.0
2049,Agri06_Biochar,DEF,0.0
2049,Agri06_Biochar,DEG,0.0
2050,Agri01_AGC,DE1,403825.69931794616
2050,Agri01_AGC,DE2,776157.0083834162
2050,Agri01_AGC,DE3,822.2267890522068
2050,Agri01_AGC,DE4,348187.5712372148
2050,Agri01_AGC,DE5,2643.5404867929965
2050,Agri01_AGC,DE6,4342.124405312971
2050,Agri01_AGC,DE7,172422.48811727526
2050,Agri01_AGC,DE8,384135.99773506005
2050,Agri01_AGC,DE9,681751.5165599637
2050,Agri01_AGC,DEA,421945.2028172658
2050,Agri01_AGC,DEB,209948.56588801352
2050,Agri01_AGC,DEC,22324.196970632747
2050,Agri01_AGC,DEE,322007.1376896216
2050,Agri01_AGC,DED,239618.70932068347
2050,Agri01_AGC,DEF,165856.14913544647
2050,Agri01_AGC,DEG,132612.53245689193
2050,Agri02_OFC,DE1,152374.7704832922
2050,Agri02_OFC,DE2,240591.32244742307
2050,Agri02_OFC,DE3,77791.76369054787
2050,Agri02_OFC,DE4,147422.6950103751
2050,Agri02_OFC,DE5,36235.47670656544
2050,Agri02_OFC,DE6,4141.927806410427
2050,Agri02_OFC,DE7,53447.11699790235
2050,Agri02_OFC,DE8,147864.17378153378
2050,Agri02_OFC,DE9,211327.7303149357
2050,Agri02_OFC,DEA,154861.44400796396
2050,Agri02_OFC,DEB,92053.24079153957
2050,Agri02_OFC,DEC,56674.08424848338
2050,Agri02_OFC,DEE,114042.22740682319
2050,Agri02_OFC,DED,98056.97264905137
2050,Agri02_OFC,DEF,51411.698696949745
2050,Agri02_OFC,DEG,41106.920651735425
2050,Agri03_No-till,DE1,0.0
2050,Agri03_No-till,DE2,0.0
2050,Agri03_No-till,DE3,0.0
2050,Agri03_No-till,DE4,0.0
2050,Agri03_No-till,DE5,0.0
2050,Agri03_No-till,DE6,0.0
2050,Agri03_No-till,DE7,0.0
2050,Agri03_No-till,DE8,0.0
2050,Agri03_No-till,DE9,0.0
2050,Agri03_No-till,DEA,0.0
2050,Agri03_No-till,DEB,0.0
2050,Agri03_No-till,DEC,0.0
2050,Agri03_No-till,DEE,0.0
2050,Agri03_No-till,DED,0.0
2050,Agri03_No-till,DEF,0.0
2050,Agri03_No-till,DEG,0.0
2050,Agri04_toGrassland,DE1,182356.19079375494
2050,Agri04_toGrassland,DE2,292018.8466170979
2050,Agri04_toGrassland,DE3,89641.49698540506
2050,Agri04_toGrassland,DE4,175714.07459912094
2050,Agri04_toGrassland,DE5,41793.146772934255
2050,Agri04_toGrassland,DE6,4845.209103159555
2050,Agri04_toGrassland,DE7,65401.72383483091
2050,Agri04_toGrassland,DE8,176827.86533411493
2050,Agri04_toGrassland,DE9,255719.8873242458
2050,Agri04_toGrassland,DEA,185526.2243093778
2050,Agri04_toGrassland,DEB,109593.18554472648
2050,Agri04_toGrassland,DEC,65672.75214974889
2050,Agri04_toGrassland,DEE,136814.11118905642
2050,Agri04_toGrassland,DED,117009.83111617915
2050,Agri04_toGrassland,DEF,63907.78766836807
2050,Agri04_toGrassland,DEG,51097.84097528309
2050,Agri05_Agroforestry,DE1,22212014.224317323
2050,Agri05_Agroforestry,DE2,25791519.734565213
2050,Agri05_Agroforestry,DE3,41327.69752406401
2050,Agri05_Agroforestry,DE4,14964893.688472183
2050,Agri05_Agroforestry,DE5,339277.46962475614
2050,Agri05_Agroforestry,DE6,274652.04485295224
2050,Agri05_Agroforestry,DE7,4526500.794478822
2050,Agri05_Agroforestry,DE8,14252927.330742033
2050,Agri05_Agroforestry,DE9,24425181.38672882
2050,Agri05_Agroforestry,DEA,18467372.887841158
2050,Agri05_Agroforestry,DEB,10851578.92399432
2050,Agri05_Agroforestry,DEC,1511721.233910247
2050,Agri05_Agroforestry,DEE,7499691.3063157825
2050,Agri05_Agroforestry,DED,8355219.450066775
2050,Agri05_Agroforestry,DEF,2091727.2614236537
2050,Agri05_Agroforestry,DEG,1673597.0015862018
2050,Agri06_Biochar,DE1,0.0
2050,Agri06_Biochar,DE2,0.0
2050,Agri06_Biochar,DE3,0.0
2050,Agri06_Biochar,DE4,0.0
2050,Agri06_Biochar,DE5,0.0
2050,Agri06_Biochar,DE6,0.0
2050,Agri06_Biochar,DE7,0.0
2050,Agri06_Biochar,DE8,0.0
2050,Agri06_Biochar,DE9,0.0
2050,Agri06_Biochar,DEA,0.0
2050,Agri06_Biochar,DEB,0.0
2050,Agri06_Biochar,DEC,0.0
2050,Agri06_Biochar,DEE,0.0
2050,Agri06_Biochar,DED,0.0
2050,Agri06_Biochar,DEF,0.0
2050,Agri06_Biochar,DEG,0.0
