year,techAgri,r,capAgri
2020,Agri01_AGC,DE1,0.0
2020,Agri01_AGC,DE2,0.0
2020,Agri01_AGC,DE3,0.0
2020,Agri01_AGC,DE4,0.0
2020,Agri01_AGC,DE5,0.0
2020,Agri01_AGC,DE6,0.0
2020,Agri01_AGC,DE7,0.0
2020,Agri01_AGC,DE8,0.0
2020,Agri01_AGC,DE9,0.0
2020,Agri01_AGC,DEA,0.0
2020,Agri01_AGC,DEB,0.0
2020,Agri01_AGC,DEC,0.0
2020,Agri01_AGC,DEE,0.0
2020,Agri01_AGC,DED,0.0
2020,Agri01_AGC,DEF,0.0
2020,Agri01_AGC,DEG,0.0
2020,Agri02_OFC,DE1,0.0
2020,Agri02_OFC,DE2,0.0
2020,Agri02_OFC,DE3,0.0
2020,Agri02_OFC,DE4,0.0
2020,Agri02_OFC,DE5,0.0
2020,Agri02_OFC,DE6,0.0
2020,Agri02_OFC,DE7,0.0
2020,Agri02_OFC,DE8,0.0
2020,Agri02_OFC,DE9,0.0
2020,Agri02_OFC,DEA,0.0
2020,Agri02_OFC,DEB,0.0
2020,Agri02_OFC,DEC,0.0
2020,Agri02_OFC,DEE,0.0
2020,Agri02_OFC,DED,0.0
2020,Agri02_OFC,DEF,0.0
2020,Agri02_OFC,DEG,0.0
2020,Agri03_No-till,DE1,0.0
2020,Agri03_No-till,DE2,0.0
2020,Agri03_No-till,DE3,0.0
2020,Agri03_No-till,DE4,0.0
2020,Agri03_No-till,DE5,0.0
2020,Agri03_No-till,DE6,0.0
2020,Agri03_No-till,DE7,0.0
2020,Agri03_No-till,DE8,0.0
2020,Agri03_No-till,DE9,0.0
2020,Agri03_No-till,DEA,0.0
2020,Agri03_No-till,DEB,0.0
2020,Agri03_No-till,DEC,0.0
2020,Agri03_No-till,DEE,0.0
2020,Agri03_No-till,DED,0.0
2020,Agri03_No-till,DEF,0.0
2020,Agri03_No-till,DEG,0.0
2020,Agri04_toGrassland,DE1,0.0
2020,Agri04_toGrassland,DE2,0.0
2020,Agri04_toGrassland,DE3,0.0
2020,Agri04_toGrassland,DE4,0.0
2020,Agri04_toGrassland,DE5,0.0
2020,Agri04_toGrassland,DE6,0.0
2020,Agri04_toGrassland,DE7,0.0
2020,Agri04_toGrassland,DE8,0.0
2020,Agri04_toGrassland,DE9,0.0
2020,Agri04_toGrassland,DEA,0.0
2020,Agri04_toGrassland,DEB,0.0
2020,Agri04_toGrassland,DEC,0.0
2020,Agri04_toGrassland,DEE,0.0
2020,Agri04_toGrassland,DED,0.0
2020,Agri04_toGrassland,DEF,0.0
2020,Agri04_toGrassland,DEG,0.0
2020,Agri05_Agroforestry,DE1,0.0
2020,Agri05_Agroforestry,DE2,0.0
2020,Agri05_Agroforestry,DE3,0.0
2020,Agri05_Agroforestry,DE4,0.0
2020,Agri05_Agroforestry,DE5,0.0
2020,Agri05_Agroforestry,DE6,0.0
2020,Agri05_Agroforestry,DE7,0.0
2020,Agri05_Agroforestry,DE8,0.0
2020,Agri05_Agroforestry,DE9,0.0
2020,Agri05_Agroforestry,DEA,0.0
2020,Agri05_Agroforestry,DEB,0.0
2020,Agri05_Agroforestry,DEC,0.0
2020,Agri05_Agroforestry,DEE,0.0
2020,Agri05_Agroforestry,DED,0.0
2020,Agri05_Agroforestry,DEF,0.0
2020,Agri05_Agroforestry,DEG,0.0
2020,Agri06_Biochar,DE1,0.0
2020,Agri06_Biochar,DE2,0.0
2020,Agri06_Biochar,DE3,0.0
2020,Agri06_Biochar,DE4,0.0
2020,Agri06_Biochar,DE5,0.0
2020,Agri06_Biochar,DE6,0.0
2020,Agri06_Biochar,DE7,0.0
2020,Agri06_Biochar,DE8,0.0
2020,Agri06_Biochar,DE9,0.0
2020,Agri06_Biochar,DEA,0.0
2020,Agri06_Biochar,DEB,0.0
2020,Agri06_Biochar,DEC,0.0
2020,Agri06_Biochar,DEE,0.0
2020,Agri06_Biochar,DED,0.0
2020,Agri06_Biochar,DEF,0.0
2020,Agri06_Biochar,DEG,0.0
2021,Agri01_AGC,DE1,0.0
2021,Agri01_AGC,DE2,0.0
2021,Agri01_AGC,DE3,0.0
2021,Agri01_AGC,DE4,0.0
2021,Agri01_AGC,DE5,0.0
2021,Agri01_AGC,DE6,0.0
2021,Agri01_AGC,DE7,3797.65170490088
2021,Agri01_AGC,DE8,0.0
2021,Agri01_AGC,DE9,0.0
2021,Agri01_AGC,DEA,0.0
2021,Agri01_AGC,DEB,0.0
2021,Agri01_AGC,DEC,0.0
2021,Agri01_AGC,DEE,0.0
2021,Agri01_AGC,DED,0.0
2021,Agri01_AGC,DEF,4643.239179567323
2021,Agri01_AGC,DEG,3712.0710743997743
2021,Agri02_OFC,DE1,0.0
2021,Agri02_OFC,DE2,0.0
2021,Agri02_OFC,DE3,0.0
2021,Agri02_OFC,DE4,0.0
2021,Agri02_OFC,DE5,0.0
2021,Agri02_OFC,DE6,0.0
2021,Agri02_OFC,DE7,0.0
2021,Agri02_OFC,DE8,0.0
2021,Agri02_OFC,DE9,0.0
2021,Agri02_OFC,DEA,0.0
2021,Agri02_OFC,DEB,0.0
2021,Agri02_OFC,DEC,0.0
2021,Agri02_OFC,DEE,0.0
2021,Agri02_OFC,DED,0.0
2021,Agri02_OFC,DEF,0.0
2021,Agri02_OFC,DEG,0.0
2021,Agri03_No-till,DE1,0.0
2021,Agri03_No-till,DE2,0.0
2021,Agri03_No-till,DE3,0.0
2021,Agri03_No-till,DE4,0.0
2021,Agri03_No-till,DE5,0.0
2021,Agri03_No-till,DE6,0.0
2021,Agri03_No-till,DE7,0.0
2021,Agri03_No-till,DE8,0.0
2021,Agri03_No-till,DE9,0.0
2021,Agri03_No-till,DEA,0.0
2021,Agri03_No-till,DEB,0.0
2021,Agri03_No-till,DEC,0.0
2021,Agri03_No-till,DEE,0.0
2021,Agri03_No-till,DED,0.0
2021,Agri03_No-till,DEF,0.0
2021,Agri03_No-till,DEG,0.0
2021,Agri04_toGrassland,DE1,45.59536704604648
2021,Agri04_toGrassland,DE2,99.41562088246988
2021,Agri04_toGrassland,DE3,0.09283642003281871
2021,Agri04_toGrassland,DE4,39.31334766025561
2021,Agri04_toGrassland,DE5,0.29847827664259435
2021,Agri04_toGrassland,DE6,0.4902628940016124
2021,Agri04_toGrassland,DE7,25.640196224171547
2021,Agri04_toGrassland,DE8,43.372231737384574
2021,Agri04_toGrassland,DE9,82.09086952067385
2021,Agri04_toGrassland,DEA,47.64121359355195
2021,Agri04_toGrassland,DEB,23.704984449041074
2021,Agri04_toGrassland,DEC,2.5205923164459785
2021,Agri04_toGrassland,DEE,36.35735333140708
2021,Agri04_toGrassland,DED,27.054996799434626
2021,Agri04_toGrassland,DEF,31.349258155040527
2021,Agri04_toGrassland,DEG,25.06239069339975
2021,Agri05_Agroforestry,DE1,495.52700789665613
2021,Agri05_Agroforestry,DE2,1080.4414646849557
2021,Agri05_Agroforestry,DE3,1.0089392063944072
2021,Agri05_Agroforestry,DE4,427.25449532655153
2021,Agri05_Agroforestry,DE5,3.243839383889328
2021,Agri05_Agroforestry,DE6,5.328140131036391
2021,Agri05_Agroforestry,DE7,278.65571745514734
2021,Agri05_Agroforestry,DE8,471.3661411459154
2021,Agri05_Agroforestry,DE9,892.1573744133611
2021,Agri05_Agroforestry,DEA,517.7611137714325
2021,Agri05_Agroforestry,DEB,257.6239819367483
2021,Agri05_Agroforestry,DEC,27.393607061752522
2021,Agri05_Agroforestry,DEE,395.1289720545373
2021,Agri05_Agroforestry,DED,294.0316633297046
2021,Agri05_Agroforestry,DEF,340.7013716472329
2021,Agri05_Agroforestry,DEG,272.37617055468405
2021,Agri06_Biochar,DE1,0.0
2021,Agri06_Biochar,DE2,0.0
2021,Agri06_Biochar,DE3,0.0
2021,Agri06_Biochar,DE4,0.0
2021,Agri06_Biochar,DE5,0.0
2021,Agri06_Biochar,DE6,0.0
2021,Agri06_Biochar,DE7,0.0
2021,Agri06_Biochar,DE8,0.0
2021,Agri06_Biochar,DE9,0.0
2021,Agri06_Biochar,DEA,0.0
2021,Agri06_Biochar,DEB,0.0
2021,Agri06_Biochar,DEC,0.0
2021,Agri06_Biochar,DEE,0.0
2021,Agri06_Biochar,DED,0.0
2021,Agri06_Biochar,DEF,0.0
2021,Agri06_Biochar,DEG,0.0
2022,Agri01_AGC,DE1,0.0
2022,Agri01_AGC,DE2,0.0
2022,Agri01_AGC,DE3,0.0
2022,Agri01_AGC,DE4,0.0
2022,Agri01_AGC,DE5,0.0
2022,Agri01_AGC,DE6,0.0
2022,Agri01_AGC,DE7,7537.513478650399
2022,Agri01_AGC,DE8,0.0
2022,Agri01_AGC,DE9,0.0
2022,Agri01_AGC,DEA,0.0
2022,Agri01_AGC,DEB,0.0
2022,Agri01_AGC,DEC,0.0
2022,Agri01_AGC,DEE,0.0
2022,Agri01_AGC,DED,0.0
2022,Agri01_AGC,DEF,9131.867947210627
2022,Agri01_AGC,DEG,7300.5706737144465
2022,Agri02_OFC,DE1,0.0
2022,Agri02_OFC,DE2,0.0
2022,Agri02_OFC,DE3,0.0
2022,Agri02_OFC,DE4,0.0
2022,Agri02_OFC,DE5,0.0
2022,Agri02_OFC,DE6,0.0
2022,Agri02_OFC,DE7,0.0
2022,Agri02_OFC,DE8,0.0
2022,Agri02_OFC,DE9,0.0
2022,Agri02_OFC,DEA,0.0
2022,Agri02_OFC,DEB,0.0
2022,Agri02_OFC,DEC,0.0
2022,Agri02_OFC,DEE,0.0
2022,Agri02_OFC,DED,0.0
2022,Agri02_OFC,DEF,0.0
2022,Agri02_OFC,DEG,0.0
2022,Agri03_No-till,DE1,0.0
2022,Agri03_No-till,DE2,0.0
2022,Agri03_No-till,DE3,0.0
2022,Agri03_No-till,DE4,0.0
2022,Agri03_No-till,DE5,0.0
2022,Agri03_No-till,DE6,0.0
2022,Agri03_No-till,DE7,0.0
2022,Agri03_No-till,DE8,0.0
2022,Agri03_No-till,DE9,0.0
2022,Agri03_No-till,DEA,0.0
2022,Agri03_No-till,DEB,0.0
2022,Agri03_No-till,DEC,0.0
2022,Agri03_No-till,DEE,0.0
2022,Agri03_No-till,DED,0.0
2022,Agri03_No-till,DEF,0.0
2022,Agri03_No-till,DEG,0.0
2022,Agri04_toGrassland,DE1,92.82871069845369
2022,Agri04_toGrassland,DE2,198.67520991008638
2022,Agri04_toGrassland,DE3,3.340400467293484
2022,Agri04_toGrassland,DE4,80.69145893591272
2022,Agri04_toGrassland,DE5,2.0409081512465703
2022,Agri04_toGrassland,DE6,1.099963428897225
2022,Agri04_toGrassland,DE7,50.890218390888045
2022,Agri04_toGrassland,DE8,88.42129487397219
2022,Agri04_toGrassland,DE9,164.56794918110774
2022,Agri04_toGrassland,DEA,96.81695919110135
2022,Agri04_toGrassland,DEB,48.78353637244794
2022,Agri04_toGrassland,DEC,7.094220860309998
2022,Agri04_toGrassland,DEE,73.71739158864557
2022,Agri04_toGrassland,DED,55.39274861028953
2022,Agri04_toGrassland,DEF,61.65464983467047
2022,Agri04_toGrassland,DEG,49.29047716011027
2022,Agri05_Agroforestry,DE1,1183.4738108692522
2022,Agri05_Agroforestry,DE2,2333.8055758862415
2022,Agri05_Agroforestry,DE3,94.54500000000002
2022,Agri05_Agroforestry,DE4,1063.5879088266383
2022,Agri05_Agroforestry,DE5,102.5769287303415
2022,Agri05_Agroforestry,DE6,19.462544399903557
2022,Agri05_Agroforestry,DE7,578.7565057619104
2022,Agri05_Agroforestry,DE8,1133.6251413924613
2022,Agri05_Agroforestry,DE9,1961.1812334851047
2022,Agri05_Agroforestry,DEA,1224.8685875559781
2022,Agri05_Agroforestry,DEB,649.8239725749161
2022,Agri05_Agroforestry,DEC,195.27244136283468
2022,Agri05_Agroforestry,DEE,923.6158098175838
2022,Agri05_Agroforestry,DED,722.8055919909556
2022,Agri05_Agroforestry,DEF,670.1193944419297
2022,Agri05_Agroforestry,DEG,535.746498959917
2022,Agri06_Biochar,DE1,0.0
2022,Agri06_Biochar,DE2,0.0
2022,Agri06_Biochar,DE3,0.0
2022,Agri06_Biochar,DE4,0.0
2022,Agri06_Biochar,DE5,0.0
2022,Agri06_Biochar,DE6,0.0
2022,Agri06_Biochar,DE7,0.0
2022,Agri06_Biochar,DE8,0.0
2022,Agri06_Biochar,DE9,0.0
2022,Agri06_Biochar,DEA,0.0
2022,Agri06_Biochar,DEB,0.0
2022,Agri06_Biochar,DEC,0.0
2022,Agri06_Biochar,DEE,0.0
2022,Agri06_Biochar,DED,0.0
2022,Agri06_Biochar,DEF,0.0
2022,Agri06_Biochar,DEG,0.0
2023,Agri01_AGC,DE1,0.0
2023,Agri01_AGC,DE2,14678.545732192271
2023,Agri01_AGC,DE3,0.0
2023,Agri01_AGC,DE4,0.0
2023,Agri01_AGC,DE5,0.0
2023,Agri01_AGC,DE6,0.0
2023,Agri01_AGC,DE7,11219.585321248556
2023,Agri01_AGC,DE8,0.0
2023,Agri01_AGC,DE9,12273.147640217407
2023,Agri01_AGC,DEA,0.0
2023,Agri01_AGC,DEB,0.0
2023,Agri01_AGC,DEC,0.0
2023,Agri01_AGC,DEE,0.0
2023,Agri01_AGC,DED,0.0
2023,Agri01_AGC,DEF,13465.88630292991
2023,Agri01_AGC,DEG,10765.498797944017
2023,Agri02_OFC,DE1,0.0
2023,Agri02_OFC,DE2,0.0
2023,Agri02_OFC,DE3,0.0
2023,Agri02_OFC,DE4,0.0
2023,Agri02_OFC,DE5,0.0
2023,Agri02_OFC,DE6,0.0
2023,Agri02_OFC,DE7,0.0
2023,Agri02_OFC,DE8,0.0
2023,Agri02_OFC,DE9,0.0
2023,Agri02_OFC,DEA,0.0
2023,Agri02_OFC,DEB,0.0
2023,Agri02_OFC,DEC,0.0
2023,Agri02_OFC,DEE,0.0
2023,Agri02_OFC,DED,0.0
2023,Agri02_OFC,DEF,0.0
2023,Agri02_OFC,DEG,0.0
2023,Agri03_No-till,DE1,0.0
2023,Agri03_No-till,DE2,0.0
2023,Agri03_No-till,DE3,0.0
2023,Agri03_No-till,DE4,0.0
2023,Agri03_No-till,DE5,0.0
2023,Agri03_No-till,DE6,0.0
2023,Agri03_No-till,DE7,0.0
2023,Agri03_No-till,DE8,0.0
2023,Agri03_No-till,DE9,0.0
2023,Agri03_No-till,DEA,0.0
2023,Agri03_No-till,DEB,0.0
2023,Agri03_No-till,DEC,0.0
2023,Agri03_No-till,DEE,0.0
2023,Agri03_No-till,DED,0.0
2023,Agri03_No-till,DEF,0.0
2023,Agri03_No-till,DEG,0.0
2023,Agri04_toGrassland,DE1,141.70003095722163
2023,Agri04_toGrassland,DE2,297.77876708284947
2023,Agri04_toGrassland,DE3,9.742692141781996
2023,Agri04_toGrassland,DE4,124.13433382697133
2023,Agri04_toGrassland,DE5,5.227289623811928
2023,Agri04_toGrassland,DE6,1.8291016046868385
2023,Agri04_toGrassland,DE7,75.7500665001495
2023,Agri04_toGrassland,DE8,135.1471894097628
2023,Agri04_toGrassland,DE9,247.4312389813017
2023,Agri04_toGrassland,DEA,147.52723679264818
2023,Agri04_toGrassland,DEB,75.2356557702206
2023,Agri04_toGrassland,DEC,13.720885631592058
2023,Agri04_toGrassland,DEE,112.08011477171544
2023,Agri04_toGrassland,DED,85.0132554325647
2023,Agri04_toGrassland,DEF,90.91617503888983
2023,Agri04_toGrassland,DEG,72.68425940013158
2023,Agri05_Agroforestry,DE1,2063.8404089177884
2023,Agri05_Agroforestry,DE2,3760.0923336038572
2023,Agri05_Agroforestry,DE3,94.54500000000002
2023,Agri05_Agroforestry,DE4,1909.0002405002604
2023,Agri05_Agroforestry,DE5,297.9992680393566
2023,Agri05_Agroforestry,DE6,42.4032128066015
2023,Agri05_Agroforestry,DE7,900.3023649202889
2023,Agri05_Agroforestry,DE8,1986.7770007396377
2023,Agri05_Agroforestry,DE9,3207.0715772152307
2023,Agri05_Agroforestry,DEA,2121.322421353637
2023,Agri05_Agroforestry,DEB,1176.5999719145034
2023,Agri05_Agroforestry,DEC,503.6365029032464
2023,Agri05_Agroforestry,DEE,1585.4605132891393
2023,Agri05_Agroforestry,DED,1286.3217859837528
2023,Agri05_Agroforestry,DEF,988.2540683840904
2023,Agri05_Agroforestry,DEG,790.1109852156987
2023,Agri06_Biochar,DE1,0.0
2023,Agri06_Biochar,DE2,0.0
2023,Agri06_Biochar,DE3,0.0
2023,Agri06_Biochar,DE4,0.0
2023,Agri06_Biochar,DE5,0.0
2023,Agri06_Biochar,DE6,0.0
2023,Agri06_Biochar,DE7,0.0
2023,Agri06_Biochar,DE8,0.0
2023,Agri06_Biochar,DE9,0.0
2023,Agri06_Biochar,DEA,0.0
2023,Agri06_Biochar,DEB,0.0
2023,Agri06_Biochar,DEC,0.0
2023,Agri06_Biochar,DEE,0.0
2023,Agri06_Biochar,DED,0.0
2023,Agri06_Biochar,DEF,0.0
2023,Agri06_Biochar,DEG,0.0
2024,Agri01_AGC,DE1,0.0
2024,Agri01_AGC,DE2,29333.98108588267
2024,Agri01_AGC,DE3,0.0
2024,Agri01_AGC,DE4,0.0
2024,Agri01_AGC,DE5,0.0
2024,Agri01_AGC,DE6,0.0
2024,Agri01_AGC,DE7,14843.867232695353
2024,Agri01_AGC,DE8,0.0
2024,Agri01_AGC,DE9,24603.498103021913
2024,Agri01_AGC,DEA,0.0
2024,Agri01_AGC,DEB,0.0
2024,Agri01_AGC,DEC,0.0
2024,Agri01_AGC,DEE,4432.54063579872
2024,Agri01_AGC,DED,0.0
2024,Agri01_AGC,DEF,17645.29424672517
2024,Agri01_AGC,DEG,14106.855447088486
2024,Agri02_OFC,DE1,0.0
2024,Agri02_OFC,DE2,0.0
2024,Agri02_OFC,DE3,0.0
2024,Agri02_OFC,DE4,0.0
2024,Agri02_OFC,DE5,0.0
2024,Agri02_OFC,DE6,0.0
2024,Agri02_OFC,DE7,0.0
2024,Agri02_OFC,DE8,0.0
2024,Agri02_OFC,DE9,0.0
2024,Agri02_OFC,DEA,0.0
2024,Agri02_OFC,DEB,0.0
2024,Agri02_OFC,DEC,0.0
2024,Agri02_OFC,DEE,0.0
2024,Agri02_OFC,DED,0.0
2024,Agri02_OFC,DEF,0.0
2024,Agri02_OFC,DEG,0.0
2024,Agri03_No-till,DE1,0.0
2024,Agri03_No-till,DE2,0.0
2024,Agri03_No-till,DE3,0.0
2024,Agri03_No-till,DE4,0.0
2024,Agri03_No-till,DE5,0.0
2024,Agri03_No-till,DE6,0.0
2024,Agri03_No-till,DE7,0.0
2024,Agri03_No-till,DE8,0.0
2024,Agri03_No-till,DE9,0.0
2024,Agri03_No-till,DEA,0.0
2024,Agri03_No-till,DEB,0.0
2024,Agri03_No-till,DEC,0.0
2024,Agri03_No-till,DEE,0.0
2024,Agri03_No-till,DED,0.0
2024,Agri03_No-till,DEF,0.0
2024,Agri03_No-till,DEG,0.0
2024,Agri04_toGrassland,DE1,192.20932782235028
2024,Agri04_toGrassland,DE2,396.7262924007592
2024,Agri04_toGrassland,DE3,19.299711443498353
2024,Agri04_toGrassland,DE4,169.64197233343145
2024,Agri04_toGrassland,DE5,9.85762269433867
2024,Agri04_toGrassland,DE6,2.6776774213704524
2024,Agri04_toGrassland,DE7,100.2197405519559
2024,Agri04_toGrassland,DE8,183.54991534475647
2024,Agri04_toGrassland,DE9,330.68073892125574
2024,Agri04_toGrassland,DEA,199.7720463981925
2024,Agri04_toGrassland,DEB,103.06134264235905
2024,Agri04_toGrassland,DEC,22.40058663029216
2024,Agri04_toGrassland,DEE,151.4455228806167
2024,Agri04_toGrassland,DED,115.91651726626017
2024,Agri04_toGrassland,DEF,119.13383376769862
2024,Agri04_toGrassland,DEG,95.24373741346366
2024,Agri05_Agroforestry,DE1,3136.626802042265
2024,Agri05_Agroforestry,DE2,5359.301737837803
2024,Agri05_Agroforestry,DE3,94.54500000000002
2024,Agri05_Agroforestry,DE4,2963.4914903474173
2024,Agri05_Agroforestry,DE5,589.5108573109345
2024,Agri05_Agroforestry,DE6,74.15014535113022
2024,Agri05_Agroforestry,DE7,1243.293294930283
2024,Agri05_Agroforestry,DE8,3030.8217191874446
2024,Agri05_Agroforestry,DE9,4629.828405603739
2024,Agri05_Agroforestry,DEA,3207.122615164409
2024,Agri05_Agroforestry,DEB,1837.95197995551
2024,Agri05_Agroforestry,DEC,952.4857916829878
2024,Agri05_Agroforestry,DEE,2380.663082469204
2024,Agri05_Agroforestry,DED,1984.5802453080964
2024,Agri05_Agroforestry,DEF,1295.105393473715
2024,Agri05_Agroforestry,DEG,1035.4696293220295
2024,Agri06_Biochar,DE1,0.0
2024,Agri06_Biochar,DE2,0.0
2024,Agri06_Biochar,DE3,0.0
2024,Agri06_Biochar,DE4,0.0
2024,Agri06_Biochar,DE5,0.0
2024,Agri06_Biochar,DE6,0.0
2024,Agri06_Biochar,DE7,0.0
2024,Agri06_Biochar,DE8,0.0
2024,Agri06_Biochar,DE9,0.0
2024,Agri06_Biochar,DEA,0.0
2024,Agri06_Biochar,DEB,0.0
2024,Agri06_Biochar,DEC,0.0
2024,Agri06_Biochar,DEE,0.0
2024,Agri06_Biochar,DED,0.0
2024,Agri06_Biochar,DEF,0.0
2024,Agri06_Biochar,DEG,0.0
2025,Agri01_AGC,DE1,7723.699938701729
2025,Agri01_AGC,DE2,43966.3060610712
2025,Agri01_AGC,DE3,0.0
2025,Agri01_AGC,DE4,0.0
2025,Agri01_AGC,DE5,0.0
2025,Agri01_AGC,DE6,0.0
2025,Agri01_AGC,DE7,18410.35921299079
2025,Agri01_AGC,DE8,7417.443869310264
2025,Agri01_AGC,DE9,36991.05138841353
2025,Agri01_AGC,DEA,7965.430785564202
2025,Agri01_AGC,DEB,0.0
2025,Agri01_AGC,DEC,0.0
2025,Agri01_AGC,DEE,10411.588377735538
2025,Agri01_AGC,DED,0.0
2025,Agri01_AGC,DEF,21670.091778596412
2025,Agri01_AGC,DEG,17324.640621147853
2025,Agri02_OFC,DE1,0.0
2025,Agri02_OFC,DE2,0.0
2025,Agri02_OFC,DE3,0.0
2025,Agri02_OFC,DE4,0.0
2025,Agri02_OFC,DE5,0.0
2025,Agri02_OFC,DE6,0.0
2025,Agri02_OFC,DE7,0.0
2025,Agri02_OFC,DE8,0.0
2025,Agri02_OFC,DE9,0.0
2025,Agri02_OFC,DEA,0.0
2025,Agri02_OFC,DEB,0.0
2025,Agri02_OFC,DEC,0.0
2025,Agri02_OFC,DEE,0.0
2025,Agri02_OFC,DED,0.0
2025,Agri02_OFC,DEF,0.0
2025,Agri02_OFC,DEG,0.0
2025,Agri03_No-till,DE1,0.0
2025,Agri03_No-till,DE2,0.0
2025,Agri03_No-till,DE3,0.0
2025,Agri03_No-till,DE4,0.0
2025,Agri03_No-till,DE5,0.0
2025,Agri03_No-till,DE6,0.0
2025,Agri03_No-till,DE7,0.0
2025,Agri03_No-till,DE8,0.0
2025,Agri03_No-till,DE9,0.0
2025,Agri03_No-till,DEA,0.0
2025,Agri03_No-till,DEB,0.0
2025,Agri03_No-till,DEC,0.0
2025,Agri03_No-till,DEE,0.0
2025,Agri03_No-till,DED,0.0
2025,Agri03_No-till,DEF,0.0
2025,Agri03_No-till,DEG,0.0
2025,Agri04_toGrassland,DE1,244.35660129383965
2025,Agri04_toGrassland,DE2,495.5177858638155
2025,Agri04_toGrassland,DE3,32.01145837244256
2025,Agri04_toGrassland,DE4,217.21437445529307
2025,Agri04_toGrassland,DE5,15.931907362826792
2025,Agri04_toGrassland,DE6,3.6456908789480664
2025,Agri04_toGrassland,DE7,124.29924054630725
2025,Agri04_toGrassland,DE8,233.62947267895316
2025,Agri04_toGrassland,DE9,414.3164490009698
2025,Agri04_toGrassland,DEA,253.55138800773423
2025,Agri04_toGrassland,DEB,132.26059698886328
2025,Agri04_toGrassland,DEC,33.1333238564103
2025,Agri04_toGrassland,DEE,191.81361591534935
2025,Agri04_toGrassland,DED,148.10253411137592
2025,Agri04_toGrassland,DEF,146.3076260210968
2025,Agri04_toGrassland,DEG,116.96891120010652
2025,Agri05_Agroforestry,DE1,4401.832990242681
2025,Agri05_Agroforestry,DE2,7131.433788588079
2025,Agri05_Agroforestry,DE3,94.54500000000002
2025,Agri05_Agroforestry,DE4,4227.061658368109
2025,Agri05_Agroforestry,DE5,776.162
2025,Agri05_Agroforestry,DE6,114.70334203348972
2025,Agri05_Agroforestry,DE7,1607.729295791893
2025,Agri05_Agroforestry,DE8,4265.759296735882
2025,Agri05_Agroforestry,DE9,6229.451718650629
2025,Agri05_Agroforestry,DEA,4482.269168988294
2025,Agri05_Agroforestry,DEB,2633.8799966979363
2025,Agri05_Agroforestry,DEC,1541.820307702059
2025,Agri05_Agroforestry,DEE,3309.2235173577774
2025,Agri05_Agroforestry,DED,2817.5809699639867
2025,Agri05_Agroforestry,DEF,1590.6733697108034
2025,Agri05_Agroforestry,DEG,1271.8224312789089
2025,Agri06_Biochar,DE1,0.0
2025,Agri06_Biochar,DE2,0.0
2025,Agri06_Biochar,DE3,0.0
2025,Agri06_Biochar,DE4,0.0
2025,Agri06_Biochar,DE5,0.0
2025,Agri06_Biochar,DE6,0.0
2025,Agri06_Biochar,DE7,0.0
2025,Agri06_Biochar,DE8,0.0
2025,Agri06_Biochar,DE9,0.0
2025,Agri06_Biochar,DEA,0.0
2025,Agri06_Biochar,DEB,0.0
2025,Agri06_Biochar,DEC,0.0
2025,Agri06_Biochar,DEE,0.0
2025,Agri06_Biochar,DED,0.0
2025,Agri06_Biochar,DEF,0.0
2025,Agri06_Biochar,DEG,0.0
2026,Agri01_AGC,DE1,15690.005846458771
2026,Agri01_AGC,DE2,58575.52065775786
2026,Agri01_AGC,DE3,0.0
2026,Agri01_AGC,DE4,7351.919830896517
2026,Agri01_AGC,DE5,0.0
2026,Agri01_AGC,DE6,0.0
2026,Agri01_AGC,DE7,21919.061262134863
2026,Agri01_AGC,DE8,15083.248615672297
2026,Agri01_AGC,DE9,49435.80749639224
2026,Agri01_AGC,DEA,16158.146028324252
2026,Agri01_AGC,DEB,4528.238703657164
2026,Agri01_AGC,DEC,0.0
2026,Agri01_AGC,DEE,16539.147000196437
2026,Agri01_AGC,DED,4957.167152335995
2026,Agri01_AGC,DEF,25540.278898543635
2026,Agri01_AGC,DEG,20418.85432012212
2026,Agri02_OFC,DE1,5653.0327463898875
2026,Agri02_OFC,DE2,10366.959224311217
2026,Agri02_OFC,DE3,1667.6263493425733
2026,Agri02_OFC,DE4,5217.053429045738
2026,Agri02_OFC,DE5,790.1950023067351
2026,Agri02_OFC,DE6,114.29521403841756
2026,Agri02_OFC,DE7,2489.8375496505814
2026,Agri02_OFC,DE8,5439.791763007606
2026,Agri02_OFC,DE9,8831.020878916614
2026,Agri02_OFC,DEA,5813.696848381511
2026,Agri02_OFC,DEB,3213.3189425123865
2026,Agri02_OFC,DEC,1343.8330381683643
2026,Agri02_OFC,DEE,4348.2248797985285
2026,Agri02_OFC,DED,3517.6942193742243
2026,Agri02_OFC,DEF,2746.3538027600007
2026,Agri02_OFC,DEG,2195.7092242211647
2026,Agri03_No-till,DE1,0.0
2026,Agri03_No-till,DE2,0.0
2026,Agri03_No-till,DE3,0.0
2026,Agri03_No-till,DE4,0.0
2026,Agri03_No-till,DE5,0.0
2026,Agri03_No-till,DE6,0.0
2026,Agri03_No-till,DE7,0.0
2026,Agri03_No-till,DE8,0.0
2026,Agri03_No-till,DE9,0.0
2026,Agri03_No-till,DEA,0.0
2026,Agri03_No-till,DEB,0.0
2026,Agri03_No-till,DEC,0.0
2026,Agri03_No-till,DEE,0.0
2026,Agri03_No-till,DED,0.0
2026,Agri03_No-till,DEF,0.0
2026,Agri03_No-till,DEG,0.0
2026,Agri04_toGrassland,DE1,298.14185137168977
2026,Agri04_toGrassland,DE2,594.1532474720184
2026,Agri04_toGrassland,DE3,47.87793292861461
2026,Agri04_toGrassland,DE4,266.8515401925562
2026,Agri04_toGrassland,DE5,23.450143629276294
2026,Agri04_toGrassland,DE6,4.733141977419681
2026,Agri04_toGrassland,DE7,147.98856648320356
2026,Agri04_toGrassland,DE8,285.3858614123529
2026,Agri04_toGrassland,DE9,498.3383692204439
2026,Agri04_toGrassland,DEA,308.8652616212734
2026,Agri04_toGrassland,DEB,162.8334188097333
2026,Agri04_toGrassland,DEC,45.91909730994648
2026,Agri04_toGrassland,DEE,233.1843938759134
2026,Agri04_toGrassland,DED,181.57130596791194
2026,Agri04_toGrassland,DEF,172.43755179908442
2026,Agri04_toGrassland,DEG,137.85978076006015
2026,Agri05_Agroforestry,DE1,5859.4589735190375
2026,Agri05_Agroforestry,DE2,9076.488485854685
2026,Agri05_Agroforestry,DE3,94.54500000000002
2026,Agri05_Agroforestry,DE4,5699.710744562337
2026,Agri05_Agroforestry,DE5,776.162
2026,Agri05_Agroforestry,DE6,164.06280285367998
2026,Agri05_Agroforestry,DE7,1993.6103675051186
2026,Agri05_Agroforestry,DE8,5691.58973338495
2026,Agri05_Agroforestry,DE9,8005.9415163559015
2026,Agri05_Agroforestry,DEA,5946.762082825293
2026,Agri05_Agroforestry,DEB,3564.384022141782
2026,Agri05_Agroforestry,DEC,2271.6400509604596
2026,Agri05_Agroforestry,DEE,4371.14181795486
2026,Agri05_Agroforestry,DED,3785.323959951423
2026,Agri05_Agroforestry,DEF,1874.957997095356
2026,Agri05_Agroforestry,DEG,1499.1693910863373
2026,Agri06_Biochar,DE1,0.0
2026,Agri06_Biochar,DE2,0.0
2026,Agri06_Biochar,DE3,0.0
2026,Agri06_Biochar,DE4,0.0
2026,Agri06_Biochar,DE5,0.0
2026,Agri06_Biochar,DE6,0.0
2026,Agri06_Biochar,DE7,0.0
2026,Agri06_Biochar,DE8,0.0
2026,Agri06_Biochar,DE9,0.0
2026,Agri06_Biochar,DEA,0.0
2026,Agri06_Biochar,DEB,0.0
2026,Agri06_Biochar,DEC,0.0
2026,Agri06_Biochar,DEE,0.0
2026,Agri06_Biochar,DED,0.0
2026,Agri06_Biochar,DEF,0.0
2026,Agri06_Biochar,DEG,0.0
2027,Agri01_AGC,DE1,23898.91772327113
2027,Agri01_AGC,DE2,73161.62487594265
2027,Agri01_AGC,DE3,0.0
2027,Agri01_AGC,DE4,15009.658423696841
2027,Agri01_AGC,DE5,0.0
2027,Agri01_AGC,DE6,0.0
2027,Agri01_AGC,DE7,25369.973380127576
2027,Agri01_AGC,DE8,22997.4142390861
2027,Agri01_AGC,DE9,61937.76642695806
2027,Agri01_AGC,DEA,24578.14572828015
2027,Agri01_AGC,DEB,9259.920891725109
2027,Agri01_AGC,DEC,0.0
2027,Agri01_AGC,DEE,22815.216503181422
2027,Agri01_AGC,DED,10104.327263910653
2027,Agri01_AGC,DEF,29255.855606566838
2027,Agri01_AGC,DEG,23389.496544011283
2027,Agri02_OFC,DE1,11478.223015152085
2027,Agri02_OFC,DE2,20717.518911877887
2027,Agri02_OFC,DE3,3666.826476939349
2027,Agri02_OFC,DE4,10651.121305630986
2027,Agri02_OFC,DE5,1732.154766433166
2027,Agri02_OFC,DE6,241.1437748428734
2027,Agri02_OFC,DE7,4938.666333507703
2027,Agri02_OFC,DE8,11055.824833737108
2027,Agri02_OFC,DE9,17702.633900918765
2027,Agri02_OFC,DEA,11788.67880106996
2027,Agri02_OFC,DEB,6571.005009854105
2027,Agri02_OFC,DEC,2903.447931144883
2027,Agri02_OFC,DEE,8801.835729018638
2027,Agri02_OFC,DED,7170.210831033668
2027,Agri02_OFC,DEF,5382.993299835574
2027,Agri02_OFC,DEG,4303.729925899455
2027,Agri03_No-till,DE1,0.0
2027,Agri03_No-till,DE2,0.0
2027,Agri03_No-till,DE3,0.0
2027,Agri03_No-till,DE4,0.0
2027,Agri03_No-till,DE5,0.0
2027,Agri03_No-till,DE6,0.0
2027,Agri03_No-till,DE7,0.0
2027,Agri03_No-till,DE8,0.0
2027,Agri03_No-till,DE9,0.0
2027,Agri03_No-till,DEA,0.0
2027,Agri03_No-till,DEB,0.0
2027,Agri03_No-till,DEC,0.0
2027,Agri03_No-till,DEE,0.0
2027,Agri03_No-till,DED,0.0
2027,Agri03_No-till,DEF,0.0
2027,Agri03_No-till,DEG,0.0
2027,Agri04_toGrassland,DE1,353.5650780559006
2027,Agri04_toGrassland,DE2,692.632677225368
2027,Agri04_toGrassland,DE3,66.8991351120145
2027,Agri04_toGrassland,DE4,318.55346954522076
2027,Agri04_toGrassland,DE5,32.41233149368718
2027,Agri04_toGrassland,DE6,5.940030716785296
2027,Agri04_toGrassland,DE7,171.2877183626448
2027,Agri04_toGrassland,DE8,338.8190815449556
2027,Agri04_toGrassland,DE9,582.746499579678
2027,Agri04_toGrassland,DEA,365.71366723881005
2027,Agri04_toGrassland,DEB,194.7798081049691
2027,Agri04_toGrassland,DEC,60.75790699090071
2027,Agri04_toGrassland,DEE,275.55785676230886
2027,Agri04_toGrassland,DED,216.32283283586824
2027,Agri04_toGrassland,DEF,197.52361110166146
2027,Agri04_toGrassland,DEG,157.91634609332456
2027,Agri05_Agroforestry,DE1,7509.5047518713345
2027,Agri05_Agroforestry,DE2,11194.465829637622
2027,Agri05_Agroforestry,DE3,94.54500000000002
2027,Agri05_Agroforestry,DE4,7381.4387489301
2027,Agri05_Agroforestry,DE5,776.162
2027,Agri05_Agroforestry,DE6,222.22852781170104
2027,Agri05_Agroforestry,DE7,2400.9365100699597
2027,Agri05_Agroforestry,DE8,7308.313029134648
2027,Agri05_Agroforestry,DE9,9959.297798719557
2027,Agri05_Agroforestry,DEA,7600.6013566754045
2027,Agri05_Agroforestry,DEB,4629.464056287047
2027,Agri05_Agroforestry,DEC,3141.94502145819
2027,Agri05_Agroforestry,DEE,5566.417984260452
2027,Agri05_Agroforestry,DED,4887.809215270406
2027,Agri05_Agroforestry,DEF,2147.9592756273723
2027,Agri05_Agroforestry,DEG,1717.5105087443146
2027,Agri06_Biochar,DE1,0.0
2027,Agri06_Biochar,DE2,0.0
2027,Agri06_Biochar,DE3,0.0
2027,Agri06_Biochar,DE4,0.0
2027,Agri06_Biochar,DE5,0.0
2027,Agri06_Biochar,DE6,0.0
2027,Agri06_Biochar,DE7,0.0
2027,Agri06_Biochar,DE8,0.0
2027,Agri06_Biochar,DE9,0.0
2027,Agri06_Biochar,DEA,0.0
2027,Agri06_Biochar,DEB,0.0
2027,Agri06_Biochar,DEC,0.0
2027,Agri06_Biochar,DEE,0.0
2027,Agri06_Biochar,DED,0.0
2027,Agri06_Biochar,DEF,0.0
2027,Agri06_Biochar,DEG,0.0
2028,Agri01_AGC,DE1,32350.435569138805
2028,Agri01_AGC,DE2,87724.61871562558
2028,Agri01_AGC,DE3,0.0
2028,Agri01_AGC,DE4,22973.215778400972
2028,Agri01_AGC,DE5,0.0
2028,Agri01_AGC,DE6,0.0
2028,Agri01_AGC,DE7,28763.09556696893
2028,Agri01_AGC,DE8,31159.940739551672
2028,Agri01_AGC,DE9,74496.92818011098
2028,Agri01_AGC,DEA,33225.4298854319
2028,Agri01_AGC,DEB,14195.046564203836
2028,Agri01_AGC,DEC,0.0
2028,Agri01_AGC,DEE,29239.796886690492
2028,Agri01_AGC,DED,15441.480334723976
2028,Agri01_AGC,DEF,32816.82190266602
2028,Agri01_AGC,DEG,26236.567292815344
2028,Agri02_OFC,DE1,17475.570806286592
2028,Agri02_OFC,DE2,31051.679062700015
2028,Agri02_OFC,DE3,5997.600382790328
2028,Agri02_OFC,DE4,16302.203629755746
2028,Agri02_OFC,DE5,2825.8792923792926
2028,Agri02_OFC,DE6,380.54568241336756
2028,Agri02_OFC,DE7,7346.486351571365
2028,Agri02_OFC,DE8,16848.099212188506
2028,Agri02_OFC,DE9,26614.839066006447
2028,Agri02_OFC,DEA,17924.94585806535
2028,Agri02_OFC,DEB,10073.058202025157
2028,Agri02_OFC,DEC,4678.844678929557
2028,Agri02_OFC,DEE,13360.832547660328
2028,Agri02_OFC,DED,10957.549834978332
2028,Agri02_OFC,DEF,7909.91849122672
2028,Agri02_OFC,DEG,6324.062105034873
2028,Agri03_No-till,DE1,0.0
2028,Agri03_No-till,DE2,0.0
2028,Agri03_No-till,DE3,0.0
2028,Agri03_No-till,DE4,0.0
2028,Agri03_No-till,DE5,0.0
2028,Agri03_No-till,DE6,0.0
2028,Agri03_No-till,DE7,0.0
2028,Agri03_No-till,DE8,0.0
2028,Agri03_No-till,DE9,0.0
2028,Agri03_No-till,DEA,0.0
2028,Agri03_No-till,DEB,0.0
2028,Agri03_No-till,DEC,0.0
2028,Agri03_No-till,DEE,0.0
2028,Agri03_No-till,DED,0.0
2028,Agri03_No-till,DEF,0.0
2028,Agri03_No-till,DEG,0.0
2028,Agri04_toGrassland,DE1,410.6262813464721
2028,Agri04_toGrassland,DE2,790.9560751238641
2028,Agri04_toGrassland,DE3,89.07506492264224
2028,Agri04_toGrassland,DE4,372.32016251328685
2028,Agri04_toGrassland,DE5,42.81847095605944
2028,Agri04_toGrassland,DE6,7.266357097044912
2028,Agri04_toGrassland,DE7,194.19669618463098
2028,Agri04_toGrassland,DE8,393.9291330767614
2028,Agri04_toGrassland,DE9,667.5408400786722
2028,Agri04_toGrassland,DEA,424.09660486034414
2028,Agri04_toGrassland,DEB,228.09976487457072
2028,Agri04_toGrassland,DEC,77.64975289927297
2028,Agri04_toGrassland,DEE,318.9340045745357
2028,Agri04_toGrassland,DED,252.35711471524482
2028,Agri04_toGrassland,DEF,221.5658039288279
2028,Agri04_toGrassland,DEG,177.13860719989975
2028,Agri05_Agroforestry,DE1,9351.970325299571
2028,Agri05_Agroforestry,DE2,13485.365819936887
2028,Agri05_Agroforestry,DE3,94.54500000000002
2028,Agri05_Agroforestry,DE4,9272.245671471397
2028,Agri05_Agroforestry,DE5,776.162
2028,Agri05_Agroforestry,DE6,289.20051690755287
2028,Agri05_Agroforestry,DE7,2829.7077234864164
2028,Agri05_Agroforestry,DE8,9115.929183984977
2028,Agri05_Agroforestry,DE9,12089.520565741594
2028,Agri05_Agroforestry,DEA,9443.78699053863
2028,Agri05_Agroforestry,DEB,5829.120099133732
2028,Agri05_Agroforestry,DEC,3458.3510000000006
2028,Agri05_Agroforestry,DEE,6895.052016274552
2028,Agri05_Agroforestry,DED,6125.036735920935
2028,Agri05_Agroforestry,DEF,2409.6772053068526
2028,Agri05_Agroforestry,DEG,1926.8457842528408
2028,Agri06_Biochar,DE1,0.0
2028,Agri06_Biochar,DE2,0.0
2028,Agri06_Biochar,DE3,0.0
2028,Agri06_Biochar,DE4,0.0
2028,Agri06_Biochar,DE5,0.0
2028,Agri06_Biochar,DE6,0.0
2028,Agri06_Biochar,DE7,0.0
2028,Agri06_Biochar,DE8,0.0
2028,Agri06_Biochar,DE9,0.0
2028,Agri06_Biochar,DEA,0.0
2028,Agri06_Biochar,DEB,0.0
2028,Agri06_Biochar,DEC,0.0
2028,Agri06_Biochar,DEE,0.0
2028,Agri06_Biochar,DED,0.0
2028,Agri06_Biochar,DEF,0.0
2028,Agri06_Biochar,DEG,0.0
2029,Agri01_AGC,DE1,41044.559384061795
2029,Agri01_AGC,DE2,102264.50217680662
2029,Agri01_AGC,DE3,0.0
2029,Agri01_AGC,DE4,31242.59189500891
2029,Agri01_AGC,DE5,0.0
2029,Agri01_AGC,DE6,0.0
2029,Agri01_AGC,DE7,32098.42782265892
2029,Agri01_AGC,DE8,39570.82811706902
2029,Agri01_AGC,DE9,87113.292755851
2029,Agri01_AGC,DEA,42099.998499779496
2029,Agri01_AGC,DEB,19333.615721093345
2029,Agri01_AGC,DEC,0.0
2029,Agri01_AGC,DEE,35812.888150723644
2029,Agri01_AGC,DED,20968.626364775962
2029,Agri01_AGC,DEF,36223.17778684119
2029,Agri01_AGC,DEG,28960.066566534304
2029,Agri02_OFC,DE1,23645.076119793408
2029,Agri02_OFC,DE2,41369.439676777605
2029,Agri02_OFC,DE3,8659.948066895508
2029,Agri02_OFC,DE4,22170.300401420016
2029,Agri02_OFC,DE5,4071.3685801451147
2029,Agri02_OFC,DE6,532.5009367499
2029,Agri02_OFC,DE7,9713.297603841569
2029,Agri02_OFC,DE8,22816.6148983618
2029,Agri02_OFC,DE9,35567.63637417967
2029,Agri02_OFC,DEA,24222.498019367682
2029,Agri02_OFC,DEB,13719.47851902554
2029,Agri02_OFC,DEC,6670.023281522384
2029,Agri02_OFC,DEE,18025.2153357236
2029,Agri02_OFC,DED,14879.711231208217
2029,Agri02_OFC,DEF,10327.129376933439
2029,Agri02_OFC,DEG,8256.705761627416
2029,Agri03_No-till,DE1,0.0
2029,Agri03_No-till,DE2,0.0
2029,Agri03_No-till,DE3,0.0
2029,Agri03_No-till,DE4,0.0
2029,Agri03_No-till,DE5,0.0
2029,Agri03_No-till,DE6,0.0
2029,Agri03_No-till,DE7,0.0
2029,Agri03_No-till,DE8,0.0
2029,Agri03_No-till,DE9,0.0
2029,Agri03_No-till,DEA,0.0
2029,Agri03_No-till,DEB,0.0
2029,Agri03_No-till,DEC,0.0
2029,Agri03_No-till,DEE,0.0
2029,Agri03_No-till,DED,0.0
2029,Agri03_No-till,DEF,0.0
2029,Agri03_No-till,DEG,0.0
2029,Agri04_toGrassland,DE1,469.3254612434044
2029,Agri04_toGrassland,DE2,889.1234411675069
2029,Agri04_toGrassland,DE3,114.40572236049783
2029,Agri04_toGrassland,DE4,428.1516190967545
2029,Agri04_toGrassland,DE5,54.66856201639309
2029,Agri04_toGrassland,DE6,8.712121118198528
2029,Agri04_toGrassland,DE7,216.71549994916214
2029,Agri04_toGrassland,DE8,450.7160160077702
2029,Agri04_toGrassland,DE9,752.7213907174265
2029,Agri04_toGrassland,DEA,484.01407448587565
2029,Agri04_toGrassland,DEB,262.7932891185381
2029,Agri04_toGrassland,DEC,96.59463503506328
2029,Agri04_toGrassland,DEE,363.31283731259396
2029,Agri04_toGrassland,DED,289.6741516060417
2029,Agri04_toGrassland,DEF,244.56413028058378
2029,Agri04_toGrassland,DEG,195.52656407978571
2029,Agri05_Agroforestry,DE1,11386.855693803747
2029,Agri05_Agroforestry,DE2,15949.188456752483
2029,Agri05_Agroforestry,DE3,94.54500000000002
2029,Agri05_Agroforestry,DE4,11372.131512186232
2029,Agri05_Agroforestry,DE5,776.162
2029,Agri05_Agroforestry,DE6,364.9787701412355
2029,Agri05_Agroforestry,DE7,3279.9240077544887
2029,Agri05_Agroforestry,DE8,11114.438197935937
2029,Agri05_Agroforestry,DE9,14396.609817422013
2029,Agri05_Agroforestry,DEA,11476.31898441497
2029,Agri05_Agroforestry,DEB,7163.352150681836
2029,Agri05_Agroforestry,DEC,3458.3510000000006
2029,Agri05_Agroforestry,DEE,8357.043913997162
2029,Agri05_Agroforestry,DED,7497.00652190301
2029,Agri05_Agroforestry,DEF,2660.1117861337966
2029,Agri05_Agroforestry,DEG,2127.1752176119157
2029,Agri06_Biochar,DE1,0.0
2029,Agri06_Biochar,DE2,0.0
2029,Agri06_Biochar,DE3,0.0
2029,Agri06_Biochar,DE4,0.0
2029,Agri06_Biochar,DE5,0.0
2029,Agri06_Biochar,DE6,0.0
2029,Agri06_Biochar,DE7,0.0
2029,Agri06_Biochar,DE8,0.0
2029,Agri06_Biochar,DE9,0.0
2029,Agri06_Biochar,DEA,0.0
2029,Agri06_Biochar,DEB,0.0
2029,Agri06_Biochar,DEC,0.0
2029,Agri06_Biochar,DEE,0.0
2029,Agri06_Biochar,DED,0.0
2029,Agri06_Biochar,DEF,0.0
2029,Agri06_Biochar,DEG,0.0
2030,Agri01_AGC,DE1,49981.28916804009
2030,Agri01_AGC,DE2,116781.2752594858
2030,Agri01_AGC,DE3,0.0
2030,Agri01_AGC,DE4,39817.78677352065
2030,Agri01_AGC,DE5,0.0
2030,Agri01_AGC,DE6,0.0
2030,Agri01_AGC,DE7,35375.97014719755
2030,Agri01_AGC,DE8,48230.076371638126
2030,Agri01_AGC,DE9,99786.86015417812
2030,Agri01_AGC,DEA,51201.85157132294
2030,Agri01_AGC,DEB,24675.62836239364
2030,Agri01_AGC,DEC,0.0
2030,Agri01_AGC,DEE,42534.49029528088
2030,Agri01_AGC,DED,26685.765354066614
2030,Agri01_AGC,DEF,39474.92325909233
2030,Agri01_AGC,DEG,31559.99436516816
2030,Agri02_OFC,DE1,29986.738955672532
2030,Agri02_OFC,DE2,51670.80075411065
2030,Agri02_OFC,DE3,11653.869529254891
2030,Agri02_OFC,DE4,28255.411620623796
2030,Agri02_OFC,DE5,5468.622629730633
2030,Agri02_OFC,DE6,697.0095378524708
2030,Agri02_OFC,DE7,12039.100090318312
2030,Agri02_OFC,DE8,28961.37189225699
2030,Agri02_OFC,DE9,44561.025825438424
2030,Agri02_OFC,DEA,30681.33528497695
2030,Agri02_OFC,DEB,17510.265960855257
2030,Agri02_OFC,DEC,8876.983738923367
2030,Agri02_OFC,DEE,22794.984093208448
2030,Agri02_OFC,DED,18936.69501972332
2030,Agri02_OFC,DEF,12634.62595695573
2030,Agri02_OFC,DEG,10101.660895677085
2030,Agri03_No-till,DE1,0.0
2030,Agri03_No-till,DE2,0.0
2030,Agri03_No-till,DE3,0.0
2030,Agri03_No-till,DE4,0.0
2030,Agri03_No-till,DE5,0.0
2030,Agri03_No-till,DE6,0.0
2030,Agri03_No-till,DE7,0.0
2030,Agri03_No-till,DE8,0.0
2030,Agri03_No-till,DE9,0.0
2030,Agri03_No-till,DEA,0.0
2030,Agri03_No-till,DEB,0.0
2030,Agri03_No-till,DEC,0.0
2030,Agri03_No-till,DEE,0.0
2030,Agri03_No-till,DED,0.0
2030,Agri03_No-till,DEF,0.0
2030,Agri03_No-till,DEG,0.0
2030,Agri04_toGrassland,DE1,529.6626177466974
2030,Agri04_toGrassland,DE2,987.1347753562964
2030,Agri04_toGrassland,DE3,142.89110742558125
2030,Agri04_toGrassland,DE4,486.0478392956236
2030,Agri04_toGrassland,DE5,67.96260467468812
2030,Agri04_toGrassland,DE6,10.277322780246145
2030,Agri04_toGrassland,DE7,238.84412965623824
2030,Agri04_toGrassland,DE8,509.179730337982
2030,Agri04_toGrassland,DE9,838.2881514959408
2030,Agri04_toGrassland,DEA,545.4660761154047
2030,Agri04_toGrassland,DEB,298.8603808368713
2030,Agri04_toGrassland,DEC,117.59255339827162
2030,Agri04_toGrassland,DEE,408.69435497648357
2030,Agri04_toGrassland,DED,328.2739435082588
2030,Agri04_toGrassland,DEF,266.51859015692906
2030,Agri04_toGrassland,DEG,213.08021673298248
2030,Agri05_Agroforestry,DE1,13614.160857383864
2030,Agri05_Agroforestry,DE2,18585.93374008441
2030,Agri05_Agroforestry,DE3,94.54500000000002
2030,Agri05_Agroforestry,DE4,13681.0962710746
2030,Agri05_Agroforestry,DE5,776.162
2030,Agri05_Agroforestry,DE6,449.56328751274884
2030,Agri05_Agroforestry,DE7,3751.5853628741766
2030,Agri05_Agroforestry,DE8,13303.840070987528
2030,Agri05_Agroforestry,DE9,16880.565553760815
2030,Agri05_Agroforestry,DEA,13698.19733830442
2030,Agri05_Agroforestry,DEB,8632.16021093136
2030,Agri05_Agroforestry,DEC,3458.3510000000006
2030,Agri05_Agroforestry,DEE,9952.393677428281
2030,Agri05_Agroforestry,DED,9003.718573216633
2030,Agri05_Agroforestry,DEF,2899.2630181082045
2030,Agri05_Agroforestry,DEG,2318.4988088215396
2030,Agri06_Biochar,DE1,0.0
2030,Agri06_Biochar,DE2,0.0
2030,Agri06_Biochar,DE3,0.0
2030,Agri06_Biochar,DE4,0.0
2030,Agri06_Biochar,DE5,0.0
2030,Agri06_Biochar,DE6,0.0
2030,Agri06_Biochar,DE7,0.0
2030,Agri06_Biochar,DE8,0.0
2030,Agri06_Biochar,DE9,0.0
2030,Agri06_Biochar,DEA,0.0
2030,Agri06_Biochar,DEB,0.0
2030,Agri06_Biochar,DEC,0.0
2030,Agri06_Biochar,DEE,0.0
2030,Agri06_Biochar,DED,0.0
2030,Agri06_Biochar,DEF,0.0
2030,Agri06_Biochar,DEG,0.0
2031,Agri01_AGC,DE1,59160.624921073715
2031,Agri01_AGC,DE2,131274.9379636631
2031,Agri01_AGC,DE3,0.0
2031,Agri01_AGC,DE4,48698.8004139362
2031,Agri01_AGC,DE5,0.0
2031,Agri01_AGC,DE6,249.5173307187112
2031,Agri01_AGC,DE7,38595.722540584815
2031,Agri01_AGC,DE8,57137.685503259
2031,Agri01_AGC,DE9,112517.63037509235
2031,Agri01_AGC,DEA,60530.98910006224
2031,Agri01_AGC,DEB,30221.084488104716
2031,Agri01_AGC,DEC,0.0
2031,Agri01_AGC,DEE,49404.6033203622
2031,Agri01_AGC,DED,32592.897302595928
2031,Agri01_AGC,DEF,42572.05831941945
2031,Agri01_AGC,DEG,34036.35068871692
2031,Agri02_OFC,DE1,36500.559313923965
2031,Agri02_OFC,DE2,61955.76229469915
2031,Agri02_OFC,DE3,14979.364769868476
2031,Agri02_OFC,DE4,34557.537287367086
2031,Agri02_OFC,DE5,7017.641441135847
2031,Agri02_OFC,DE6,874.0714857210799
2031,Agri02_OFC,DE7,14323.893811001595
2031,Agri02_OFC,DE8,35282.37019387407
2031,Agri02_OFC,DE9,53595.00741978271
2031,Agri02_OFC,DEA,37301.45765489316
2031,Agri02_OFC,DEB,21445.420527514307
2031,Agri02_OFC,DEC,11299.726051132504
2031,Agri02_OFC,DEE,27670.13882011488
2031,Agri02_OFC,DED,23128.501200523642
2031,Agri02_OFC,DEF,14832.408231293593
2031,Agri02_OFC,DEG,11858.927507183882
2031,Agri03_No-till,DE1,0.0
2031,Agri03_No-till,DE2,0.0
2031,Agri03_No-till,DE3,0.0
2031,Agri03_No-till,DE4,0.0
2031,Agri03_No-till,DE5,0.0
2031,Agri03_No-till,DE6,0.0
2031,Agri03_No-till,DE7,0.0
2031,Agri03_No-till,DE8,0.0
2031,Agri03_No-till,DE9,0.0
2031,Agri03_No-till,DEA,0.0
2031,Agri03_No-till,DEB,0.0
2031,Agri03_No-till,DEC,0.0
2031,Agri03_No-till,DEE,0.0
2031,Agri03_No-till,DED,0.0
2031,Agri03_No-till,DEF,0.0
2031,Agri03_No-till,DEG,0.0
2031,Agri04_toGrassland,DE1,591.6377508563511
2031,Agri04_toGrassland,DE2,1084.9900776902323
2031,Agri04_toGrassland,DE3,174.53122011789253
2031,Agri04_toGrassland,DE4,546.0088231098941
2031,Agri04_toGrassland,DE5,82.70059893094454
2031,Agri04_toGrassland,DE6,11.961962083187762
2031,Agri04_toGrassland,DE7,260.5825853058593
2031,Agri04_toGrassland,DE8,569.3202760673969
2031,Agri04_toGrassland,DE9,924.2411224142152
2031,Agri04_toGrassland,DEA,608.4526097489311
2031,Agri04_toGrassland,DEB,336.30104002957023
2031,Agri04_toGrassland,DEC,140.643507988898
2031,Agri04_toGrassland,DEE,455.07855756620455
2031,Agri04_toGrassland,DED,368.1564904218962
2031,Agri04_toGrassland,DEF,287.4291835578638
2031,Agri04_toGrassland,DEG,229.79956515949002
2031,Agri05_Agroforestry,DE1,16033.885816039921
2031,Agri05_Agroforestry,DE2,21395.601669932665
2031,Agri05_Agroforestry,DE3,94.54500000000002
2031,Agri05_Agroforestry,DE4,16199.139948136504
2031,Agri05_Agroforestry,DE5,776.162
2031,Agri05_Agroforestry,DE6,542.954069022093
2031,Agri05_Agroforestry,DE7,4244.69178884548
2031,Agri05_Agroforestry,DE8,15684.134803139748
2031,Agri05_Agroforestry,DE9,19541.387774757997
2031,Agri05_Agroforestry,DEA,16109.422052206985
2031,Agri05_Agroforestry,DEB,10235.544279882304
2031,Agri05_Agroforestry,DEC,3458.3510000000006
2031,Agri05_Agroforestry,DEE,11681.101306567909
2031,Agri05_Agroforestry,DED,10645.1728898618
2031,Agri05_Agroforestry,DEF,3127.1309012300762
2031,Agri05_Agroforestry,DEG,2500.8165578817125
2031,Agri06_Biochar,DE1,0.0
2031,Agri06_Biochar,DE2,0.0
2031,Agri06_Biochar,DE3,0.0
2031,Agri06_Biochar,DE4,0.0
2031,Agri06_Biochar,DE5,0.0
2031,Agri06_Biochar,DE6,0.0
2031,Agri06_Biochar,DE7,0.0
2031,Agri06_Biochar,DE8,0.0
2031,Agri06_Biochar,DE9,0.0
2031,Agri06_Biochar,DEA,0.0
2031,Agri06_Biochar,DEB,0.0
2031,Agri06_Biochar,DEC,0.0
2031,Agri06_Biochar,DEE,0.0
2031,Agri06_Biochar,DED,0.0
2031,Agri06_Biochar,DEF,0.0
2031,Agri06_Biochar,DEG,0.0
2032,Agri01_AGC,DE1,68582.56664316265
2032,Agri01_AGC,DE2,145745.49028933854
2032,Agri01_AGC,DE3,0.0
2032,Agri01_AGC,DE4,57885.63281625556
2032,Agri01_AGC,DE5,0.0
2032,Agri01_AGC,DE6,516.7249535320998
2032,Agri01_AGC,DE7,41757.68500282073
2032,Agri01_AGC,DE8,66293.65551193165
2032,Agri01_AGC,DE9,125305.60341859367
2032,Agri01_AGC,DEA,70087.41108599737
2032,Agri01_AGC,DEB,35969.984098226574
2032,Agri01_AGC,DEC,405.6354528492011
2032,Agri01_AGC,DEE,56423.2272259676
2032,Agri01_AGC,DED,38690.0222103639
2032,Agri01_AGC,DEF,45514.58296782255
2032,Agri01_AGC,DEG,36389.13553718058
2032,Agri02_OFC,DE1,43186.53719454771
2032,Agri02_OFC,DE2,72224.3242985431
2032,Agri02_OFC,DE3,18636.433788736264
2032,Agri02_OFC,DE4,41076.67740164989
2032,Agri02_OFC,DE5,8718.425014360757
2032,Agri02_OFC,DE6,1063.6867803557273
2032,Agri02_OFC,DE7,16567.678765891418
2032,Agri02_OFC,DE8,41779.609803213054
2032,Agri02_OFC,DE9,62669.58115721254
2032,Agri02_OFC,DEA,44082.865129116304
2032,Agri02_OFC,DEB,25524.94221900269
2032,Agri02_OFC,DEC,13938.250218149795
2032,Agri02_OFC,DEE,32650.67951644289
2032,Agri02_OFC,DED,27455.129773609187
2032,Agri02_OFC,DEF,16920.47619994703
2032,Agri02_OFC,DEG,13528.505596147805
2032,Agri03_No-till,DE1,0.0
2032,Agri03_No-till,DE2,0.0
2032,Agri03_No-till,DE3,0.0
2032,Agri03_No-till,DE4,0.0
2032,Agri03_No-till,DE5,0.0
2032,Agri03_No-till,DE6,0.0
2032,Agri03_No-till,DE7,0.0
2032,Agri03_No-till,DE8,0.0
2032,Agri03_No-till,DE9,0.0
2032,Agri03_No-till,DEA,0.0
2032,Agri03_No-till,DEB,0.0
2032,Agri03_No-till,DEC,0.0
2032,Agri03_No-till,DEE,0.0
2032,Agri03_No-till,DED,0.0
2032,Agri03_No-till,DEF,0.0
2032,Agri03_No-till,DEG,0.0
2032,Agri04_toGrassland,DE1,655.2508605723656
2032,Agri04_toGrassland,DE2,1182.6893481693148
2032,Agri04_toGrassland,DE3,209.32606043743166
2032,Agri04_toGrassland,DE4,608.0345705395663
2032,Agri04_toGrassland,DE5,98.88254478516234
2032,Agri04_toGrassland,DE6,13.76603902702338
2032,Agri04_toGrassland,DE7,281.93086689802533
2032,Agri04_toGrassland,DE8,631.1376531960148
2032,Agri04_toGrassland,DE9,1010.5803034722496
2032,Agri04_toGrassland,DEA,672.9736753864549
2032,Agri04_toGrassland,DEB,375.115266696635
2032,Agri04_toGrassland,DEC,165.74749880694242
2032,Agri04_toGrassland,DEE,502.46544508175697
2032,Agri04_toGrassland,DED,409.3217923469539
2032,Agri04_toGrassland,DEF,307.2959104833879
2032,Agri04_toGrassland,DEG,245.68460935930833
2032,Agri05_Agroforestry,DE1,18646.030569771916
2032,Agri05_Agroforestry,DE2,24378.19224629725
2032,Agri05_Agroforestry,DE3,94.54500000000002
2032,Agri05_Agroforestry,DE4,18926.262543371944
2032,Agri05_Agroforestry,DE5,776.162
2032,Agri05_Agroforestry,DE6,628.319
2032,Agri05_Agroforestry,DE7,4759.243285668399
2032,Agri05_Agroforestry,DE8,18255.3223943926
2032,Agri05_Agroforestry,DE9,22379.076480413565
2032,Agri05_Agroforestry,DEA,18709.993126122663
2032,Agri05_Agroforestry,DEB,11973.504357534668
2032,Agri05_Agroforestry,DEC,3458.3510000000006
2032,Agri05_Agroforestry,DEE,13543.166801416046
2032,Agri05_Agroforestry,DED,12421.369471838516
2032,Agri05_Agroforestry,DEF,3343.7154354994123
2032,Agri05_Agroforestry,DEG,2674.128464792434
2032,Agri06_Biochar,DE1,0.0
2032,Agri06_Biochar,DE2,0.0
2032,Agri06_Biochar,DE3,0.0
2032,Agri06_Biochar,DE4,0.0
2032,Agri06_Biochar,DE5,0.0
2032,Agri06_Biochar,DE6,0.0
2032,Agri06_Biochar,DE7,0.0
2032,Agri06_Biochar,DE8,0.0
2032,Agri06_Biochar,DE9,0.0
2032,Agri06_Biochar,DEA,0.0
2032,Agri06_Biochar,DEB,0.0
2032,Agri06_Biochar,DEC,0.0
2032,Agri06_Biochar,DEE,0.0
2032,Agri06_Biochar,DED,0.0
2032,Agri06_Biochar,DEF,0.0
2032,Agri06_Biochar,DEG,0.0
2033,Agri01_AGC,DE1,78247.1143343069
2033,Agri01_AGC,DE2,160192.9322365121
2033,Agri01_AGC,DE3,322.4330000000001
2033,Agri01_AGC,DE4,67378.28398047872
2033,Agri01_AGC,DE5,1036.6540000000002
2033,Agri01_AGC,DE6,801.6228684401658
2033,Agri01_AGC,DE7,44861.85753390528
2033,Agri01_AGC,DE8,75697.98639765606
2033,Agri01_AGC,DE9,138150.7792846821
2033,Agri01_AGC,DEA,79871.11752912836
2033,Agri01_AGC,DEB,41922.327192759214
2033,Agri01_AGC,DEC,4427.949835997888
2033,Agri01_AGC,DEE,63590.36201209709
2033,Agri01_AGC,DED,44977.140077370546
2033,Agri01_AGC,DEF,48302.49720430163
2033,Agri01_AGC,DEG,38618.34891055913
2033,Agri02_OFC,DE1,50044.672597543766
2033,Agri02_OFC,DE2,82476.4867656425
2033,Agri02_OFC,DE3,22625.076585858253
2033,Agri02_OFC,DE4,47812.8319634722
2033,Agri02_OFC,DE5,10570.973349405362
2033,Agri02_OFC,DE6,1265.8554217564129
2033,Agri02_OFC,DE7,18770.454954987785
2033,Agri02_OFC,DE8,48453.09072027393
2033,Agri02_OFC,DE9,71784.7470377279
2033,Agri02_OFC,DEA,51025.55770764639
2033,Agri02_OFC,DEB,29748.831035320403
2033,Agri02_OFC,DEC,16792.55623997524
2033,Agri02_OFC,DEE,37736.60618219248
2033,Agri02_OFC,DED,31916.580738979952
2033,Agri02_OFC,DEF,18898.829862916038
2033,Agri02_OFC,DEG,15110.395162568853
2033,Agri03_No-till,DE1,0.0
2033,Agri03_No-till,DE2,0.0
2033,Agri03_No-till,DE3,0.0
2033,Agri03_No-till,DE4,0.0
2033,Agri03_No-till,DE5,0.0
2033,Agri03_No-till,DE6,0.0
2033,Agri03_No-till,DE7,0.0
2033,Agri03_No-till,DE8,0.0
2033,Agri03_No-till,DE9,0.0
2033,Agri03_No-till,DEA,0.0
2033,Agri03_No-till,DEB,0.0
2033,Agri03_No-till,DEC,0.0
2033,Agri03_No-till,DEE,0.0
2033,Agri03_No-till,DED,0.0
2033,Agri03_No-till,DEF,0.0
2033,Agri03_No-till,DEG,0.0
2033,Agri04_toGrassland,DE1,720.5019468947407
2033,Agri04_toGrassland,DE2,1280.232586793544
2033,Agri04_toGrassland,DE3,247.27562838419863
2033,Agri04_toGrassland,DE4,672.1250815846399
2033,Agri04_toGrassland,DE5,116.50844223734151
2033,Agri04_toGrassland,DE6,15.689553611752999
2033,Agri04_toGrassland,DE7,302.8889744327363
2033,Agri04_toGrassland,DE8,694.6318617238356
2033,Agri04_toGrassland,DE9,1097.3056946700442
2033,Agri04_toGrassland,DEA,739.0292730279763
2033,Agri04_toGrassland,DEB,415.30306083806556
2033,Agri04_toGrassland,DEC,192.90452585240487
2033,Agri04_toGrassland,DEE,550.8550175231408
2033,Agri04_toGrassland,DED,451.7698492834319
2033,Agri04_toGrassland,DEF,326.1187709335014
2033,Agri04_toGrassland,DEG,260.7353493324374
2033,Agri05_Agroforestry,DE1,21450.59511857985
2033,Agri05_Agroforestry,DE2,27533.705469178167
2033,Agri05_Agroforestry,DE3,94.54500000000002
2033,Agri05_Agroforestry,DE4,21862.46405678092
2033,Agri05_Agroforestry,DE5,776.162
2033,Agri05_Agroforestry,DE6,628.319
2033,Agri05_Agroforestry,DE7,5295.239853342934
2033,Agri05_Agroforestry,DE8,21017.40284474608
2033,Agri05_Agroforestry,DE9,25393.631670727515
2033,Agri05_Agroforestry,DEA,21499.910560051456
2033,Agri05_Agroforestry,DEB,13846.04044388845
2033,Agri05_Agroforestry,DEC,3458.3510000000006
2033,Agri05_Agroforestry,DEE,15538.590161972692
2033,Agri05_Agroforestry,DED,14332.308319146778
2033,Agri05_Agroforestry,DEF,3549.016620916212
2033,Agri05_Agroforestry,DEG,2838.4345295537046
2033,Agri06_Biochar,DE1,0.0
2033,Agri06_Biochar,DE2,0.0
2033,Agri06_Biochar,DE3,0.0
2033,Agri06_Biochar,DE4,0.0
2033,Agri06_Biochar,DE5,0.0
2033,Agri06_Biochar,DE6,0.0
2033,Agri06_Biochar,DE7,0.0
2033,Agri06_Biochar,DE8,0.0
2033,Agri06_Biochar,DE9,0.0
2033,Agri06_Biochar,DEA,0.0
2033,Agri06_Biochar,DEB,0.0
2033,Agri06_Biochar,DEC,0.0
2033,Agri06_Biochar,DEE,0.0
2033,Agri06_Biochar,DED,0.0
2033,Agri06_Biochar,DEF,0.0
2033,Agri06_Biochar,DEG,0.0
2034,Agri01_AGC,DE1,88154.26799450646
2034,Agri01_AGC,DE2,174617.26380518381
2034,Agri01_AGC,DE3,322.4330000000001
2034,Agri01_AGC,DE4,77176.75390660569
2034,Agri01_AGC,DE5,1036.6540000000002
2034,Agri01_AGC,DE6,1104.2110754429093
2034,Agri01_AGC,DE7,47908.240133838466
2034,Agri01_AGC,DE8,85350.67816043225
2034,Agri01_AGC,DE9,151053.15797335762
2034,Agri01_AGC,DEA,89882.1084294552
2034,Agri01_AGC,DEB,48078.113771702636
2034,Agri01_AGC,DEC,8754.346000000001
2034,Agri01_AGC,DEE,70906.00767875066
2034,Agri01_AGC,DED,51454.25090361585
2034,Agri01_AGC,DEF,50935.801028856695
2034,Agri01_AGC,DEG,40723.99080885258
2034,Agri02_OFC,DE1,57074.96552291213
2034,Agri02_OFC,DE2,92712.24969599737
2034,Agri02_OFC,DE3,26945.293161234444
2034,Agri02_OFC,DE4,54766.00097283402
2034,Agri02_OFC,DE5,12575.286446269663
2034,Agri02_OFC,DE6,1480.5774099231367
2034,Agri02_OFC,DE7,20932.22237829069
2034,Agri02_OFC,DE8,55302.81294505671
2034,Agri02_OFC,DE9,80940.50506132879
2034,Agri02_OFC,DEA,58129.53539048341
2034,Agri02_OFC,DEB,34117.08697646745
2034,Agri02_OFC,DEC,19862.644116608844
2034,Agri02_OFC,DEE,42927.91881736366
2034,Agri02_OFC,DED,36512.854096635936
2034,Agri02_OFC,DEF,20767.46922020062
2034,Agri02_OFC,DEG,16604.596206447026
2034,Agri03_No-till,DE1,0.0
2034,Agri03_No-till,DE2,0.0
2034,Agri03_No-till,DE3,0.0
2034,Agri03_No-till,DE4,0.0
2034,Agri03_No-till,DE5,0.0
2034,Agri03_No-till,DE6,0.0
2034,Agri03_No-till,DE7,0.0
2034,Agri03_No-till,DE8,0.0
2034,Agri03_No-till,DE9,0.0
2034,Agri03_No-till,DEA,0.0
2034,Agri03_No-till,DEB,0.0
2034,Agri03_No-till,DEC,0.0
2034,Agri03_No-till,DEE,0.0
2034,Agri03_No-till,DED,0.0
2034,Agri03_No-till,DEF,0.0
2034,Agri03_No-till,DEG,0.0
2034,Agri04_toGrassland,DE1,787.3910098234767
2034,Agri04_toGrassland,DE2,1377.6197935629198
2034,Agri04_toGrassland,DE3,288.37992395819344
2034,Agri04_toGrassland,DE4,738.2803562451151
2034,Agri04_toGrassland,DE5,135.57829128748207
2034,Agri04_toGrassland,DE6,17.732505837376618
2034,Agri04_toGrassland,DE7,323.4569079099922
2034,Agri04_toGrassland,DE8,759.8029016508596
2034,Agri04_toGrassland,DE9,1184.4172960075987
2034,Agri04_toGrassland,DEA,806.6194026734951
2034,Agri04_toGrassland,DEB,456.8644224538619
2034,Agri04_toGrassland,DEC,222.1145891252854
2034,Agri04_toGrassland,DEE,600.2472748903559
2034,Agri04_toGrassland,DED,495.5006612313301
2034,Agri04_toGrassland,DEF,343.8977649082044
2034,Agri04_toGrassland,DEG,274.95178507887726
2034,Agri05_Agroforestry,DE1,24447.579462463727
2034,Agri05_Agroforestry,DE2,30862.141338575413
2034,Agri05_Agroforestry,DE3,94.54500000000002
2034,Agri05_Agroforestry,DE4,25007.744488363427
2034,Agri05_Agroforestry,DE5,776.162
2034,Agri05_Agroforestry,DE6,628.319
2034,Agri05_Agroforestry,DE7,5852.681491869084
2034,Agri05_Agroforestry,DE8,23970.376154200192
2034,Agri05_Agroforestry,DE9,28585.053345699846
2034,Agri05_Agroforestry,DEA,24479.17435399336
2034,Agri05_Agroforestry,DEB,15853.152538943652
2034,Agri05_Agroforestry,DEC,3458.3510000000006
2034,Agri05_Agroforestry,DEE,17156.976000000002
2034,Agri05_Agroforestry,DED,16377.989431786586
2034,Agri05_Agroforestry,DEF,3743.034457480476
2034,Agri05_Agroforestry,DEG,2993.734752165524
2034,Agri06_Biochar,DE1,0.0
2034,Agri06_Biochar,DE2,0.0
2034,Agri06_Biochar,DE3,0.0
2034,Agri06_Biochar,DE4,0.0
2034,Agri06_Biochar,DE5,0.0
2034,Agri06_Biochar,DE6,0.0
2034,Agri06_Biochar,DE7,0.0
2034,Agri06_Biochar,DE8,0.0
2034,Agri06_Biochar,DE9,0.0
2034,Agri06_Biochar,DEA,0.0
2034,Agri06_Biochar,DEB,0.0
2034,Agri06_Biochar,DEC,0.0
2034,Agri06_Biochar,DEE,0.0
2034,Agri06_Biochar,DED,0.0
2034,Agri06_Biochar,DEF,0.0
2034,Agri06_Biochar,DEG,0.0
2035,Agri01_AGC,DE1,98304.02762376133
2035,Agri01_AGC,DE2,189018.48499535365
2035,Agri01_AGC,DE3,322.4330000000001
2035,Agri01_AGC,DE4,87281.04259463647
2035,Agri01_AGC,DE5,1036.6540000000002
2035,Agri01_AGC,DE6,1424.4895745403303
2035,Agri01_AGC,DE7,50896.832802620294
2035,Agri01_AGC,DE8,95251.73080026021
2035,Agri01_AGC,DE9,164012.73948462025
2035,Agri01_AGC,DEA,100120.38378697788
2035,Agri01_AGC,DEB,54437.34383505684
2035,Agri01_AGC,DEC,8754.346000000001
2035,Agri01_AGC,DEE,78370.16422592831
2035,Agri01_AGC,DED,58121.35468909982
2035,Agri01_AGC,DEF,53414.49444148774
2035,Agri01_AGC,DEG,42706.06123206093
2035,Agri02_OFC,DE1,64277.4159706528
2035,Agri02_OFC,DE2,102931.6130896077
2035,Agri02_OFC,DE3,31597.083514864837
2035,Agri02_OFC,DE4,61936.18442973535
2035,Agri02_OFC,DE5,14731.36430495366
2035,Agri02_OFC,DE6,1707.852744855899
2035,Agri02_OFC,DE7,23052.981035800138
2035,Agri02_OFC,DE8,62328.776477561376
2035,Agri02_OFC,DE9,90136.85522801522
2035,Agri02_OFC,DEA,65394.79817762738
2035,Agri02_OFC,DEB,38629.71004244383
2035,Agri02_OFC,DEC,23148.5138480506
2035,Agri02_OFC,DEE,48224.61742195641
2035,Agri02_OFC,DED,41243.94984657714
2035,Agri02_OFC,DEF,22526.394271800775
2035,Agri02_OFC,DEG,18011.108727782328
2035,Agri03_No-till,DE1,0.0
2035,Agri03_No-till,DE2,0.0
2035,Agri03_No-till,DE3,0.0
2035,Agri03_No-till,DE4,0.0
2035,Agri03_No-till,DE5,0.0
2035,Agri03_No-till,DE6,0.0
2035,Agri03_No-till,DE7,0.0
2035,Agri03_No-till,DE8,0.0
2035,Agri03_No-till,DE9,0.0
2035,Agri03_No-till,DEA,0.0
2035,Agri03_No-till,DEB,0.0
2035,Agri03_No-till,DEC,0.0
2035,Agri03_No-till,DEE,0.0
2035,Agri03_No-till,DED,0.0
2035,Agri03_No-till,DEF,0.0
2035,Agri03_No-till,DEG,0.0
2035,Agri04_toGrassland,DE1,855.9180493585733
2035,Agri04_toGrassland,DE2,1474.8509684774422
2035,Agri04_toGrassland,DE3,332.6389471594161
2035,Agri04_toGrassland,DE4,806.5003945209917
2035,Agri04_toGrassland,DE5,156.09209193558402
2035,Agri04_toGrassland,DE6,19.894895703894235
2035,Agri04_toGrassland,DE7,343.63466732979305
2035,Agri04_toGrassland,DE8,826.6507729770865
2035,Agri04_toGrassland,DE9,1271.9151074849133
2035,Agri04_toGrassland,DEA,875.7440643230113
2035,Agri04_toGrassland,DEB,499.79935154402403
2035,Agri04_toGrassland,DEC,253.37768862558394
2035,Agri04_toGrassland,DEE,650.6422171834025
2035,Agri04_toGrassland,DED,540.5142281906486
2035,Agri04_toGrassland,DEF,360.6328924074968
2035,Agri04_toGrassland,DEG,288.3339165986279
2035,Agri05_Agroforestry,DE1,27636.983601423544
2035,Agri05_Agroforestry,DE2,34363.49985448899
2035,Agri05_Agroforestry,DE3,94.54500000000002
2035,Agri05_Agroforestry,DE4,28362.10383811947
2035,Agri05_Agroforestry,DE5,776.162
2035,Agri05_Agroforestry,DE6,628.319
2035,Agri05_Agroforestry,DE7,6431.568201246851
2035,Agri05_Agroforestry,DE8,27114.242322754933
2035,Agri05_Agroforestry,DE9,31953.341505330558
2035,Agri05_Agroforestry,DEA,27647.784507948378
2035,Agri05_Agroforestry,DEB,17994.840642700274
2035,Agri05_Agroforestry,DEC,3458.3510000000006
2035,Agri05_Agroforestry,DEE,17156.976000000002
2035,Agri05_Agroforestry,DED,18558.412809757938
2035,Agri05_Agroforestry,DEF,3925.7689451922033
2035,Agri05_Agroforestry,DEG,3140.029132627892
2035,Agri06_Biochar,DE1,0.0
2035,Agri06_Biochar,DE2,0.0
2035,Agri06_Biochar,DE3,0.0
2035,Agri06_Biochar,DE4,0.0
2035,Agri06_Biochar,DE5,0.0
2035,Agri06_Biochar,DE6,0.0
2035,Agri06_Biochar,DE7,0.0
2035,Agri06_Biochar,DE8,0.0
2035,Agri06_Biochar,DE9,0.0
2035,Agri06_Biochar,DEA,0.0
2035,Agri06_Biochar,DEB,0.0
2035,Agri06_Biochar,DEC,0.0
2035,Agri06_Biochar,DEE,0.0
2035,Agri06_Biochar,DED,0.0
2035,Agri06_Biochar,DEF,0.0
2035,Agri06_Biochar,DEG,0.0
2036,Agri01_AGC,DE1,108696.39322207152
2036,Agri01_AGC,DE2,203396.5958070216
2036,Agri01_AGC,DE3,322.4330000000001
2036,Agri01_AGC,DE4,97691.15004457106
2036,Agri01_AGC,DE5,1036.6540000000002
2036,Agri01_AGC,DE6,1702.7469999999998
2036,Agri01_AGC,DE7,53827.63554025076
2036,Agri01_AGC,DE8,105401.14431713993
2036,Agri01_AGC,DE9,177029.52381846998
2036,Agri01_AGC,DEA,110585.94360169642
2036,Agri01_AGC,DEB,61000.017382821825
2036,Agri01_AGC,DEC,8754.346000000001
2036,Agri01_AGC,DEE,85982.83165363006
2036,Agri01_AGC,DED,64978.451433822454
2036,Agri01_AGC,DEF,55738.57744219476
2036,Agri01_AGC,DEG,44564.56018018418
2036,Agri02_OFC,DE1,71652.02394076578
2036,Agri02_OFC,DE2,113134.57694647348
2036,Agri02_OFC,DE3,36580.44764674943
2036,Agri02_OFC,DE4,69323.38233417619
2036,Agri02_OFC,DE5,17039.206925457354
2036,Agri02_OFC,DE6,1947.6814265546993
2036,Agri02_OFC,DE7,25132.730927516124
2036,Agri02_OFC,DE8,69530.98131778794
2036,Agri02_OFC,DE9,99373.79753778719
2036,Agri02_OFC,DEA,72821.34606907828
2036,Agri02_OFC,DEB,43286.70023324955
2036,Agri02_OFC,DEC,26650.16543430051
2036,Agri02_OFC,DEE,53626.70199597075
2036,Agri02_OFC,DED,46109.86798880356
2036,Agri02_OFC,DEF,24175.6050177165
2036,Agri02_OFC,DEG,19329.932726574756
2036,Agri03_No-till,DE1,0.0
2036,Agri03_No-till,DE2,0.0
2036,Agri03_No-till,DE3,0.0
2036,Agri03_No-till,DE4,0.0
2036,Agri03_No-till,DE5,0.0
2036,Agri03_No-till,DE6,0.0
2036,Agri03_No-till,DE7,0.0
2036,Agri03_No-till,DE8,0.0
2036,Agri03_No-till,DE9,0.0
2036,Agri03_No-till,DEA,0.0
2036,Agri03_No-till,DEB,0.0
2036,Agri03_No-till,DEC,0.0
2036,Agri03_No-till,DEE,0.0
2036,Agri03_No-till,DED,0.0
2036,Agri03_No-till,DEF,0.0
2036,Agri03_No-till,DEG,0.0
2036,Agri04_toGrassland,DE1,926.0830655000307
2036,Agri04_toGrassland,DE2,1571.9261115371112
2036,Agri04_toGrassland,DE3,380.0526979878666
2036,Agri04_toGrassland,DE4,876.7851964122698
2036,Agri04_toGrassland,DE5,178.04984418164736
2036,Agri04_toGrassland,DE6,22.176723211305855
2036,Agri04_toGrassland,DE7,363.42225269213884
2036,Agri04_toGrassland,DE8,895.1754757025165
2036,Agri04_toGrassland,DE9,1359.799129101988
2036,Agri04_toGrassland,DEA,946.4032579765251
2036,Agri04_toGrassland,DEB,544.1078481085519
2036,Agri04_toGrassland,DEC,286.69382435330056
2036,Agri04_toGrassland,DEE,702.0398444022806
2036,Agri04_toGrassland,DED,586.8105501613875
2036,Agri04_toGrassland,DEF,376.3241534313786
2036,Agri04_toGrassland,DEG,300.8817438916893
2036,Agri05_Agroforestry,DE1,31018.807535459302
2036,Agri05_Agroforestry,DE2,38037.781016918896
2036,Agri05_Agroforestry,DE3,94.54500000000002
2036,Agri05_Agroforestry,DE4,31925.54210604905
2036,Agri05_Agroforestry,DE5,776.162
2036,Agri05_Agroforestry,DE6,628.319
2036,Agri05_Agroforestry,DE7,7031.899981476232
2036,Agri05_Agroforestry,DE8,30449.001350410304
2036,Agri05_Agroforestry,DE9,35498.496149619656
2036,Agri05_Agroforestry,DEA,31005.74102191651
2036,Agri05_Agroforestry,DEB,20271.104755158314
2036,Agri05_Agroforestry,DEC,3458.3510000000006
2036,Agri05_Agroforestry,DEE,17156.976000000002
2036,Agri05_Agroforestry,DED,19114.16
2036,Agri05_Agroforestry,DEF,4097.220084051395
2036,Agri05_Agroforestry,DEG,3277.317670940809
2036,Agri06_Biochar,DE1,0.0
2036,Agri06_Biochar,DE2,0.0
2036,Agri06_Biochar,DE3,0.0
2036,Agri06_Biochar,DE4,0.0
2036,Agri06_Biochar,DE5,0.0
2036,Agri06_Biochar,DE6,0.0
2036,Agri06_Biochar,DE7,0.0
2036,Agri06_Biochar,DE8,0.0
2036,Agri06_Biochar,DE9,0.0
2036,Agri06_Biochar,DEA,0.0
2036,Agri06_Biochar,DEB,0.0
2036,Agri06_Biochar,DEC,0.0
2036,Agri06_Biochar,DEE,0.0
2036,Agri06_Biochar,DED,0.0
2036,Agri06_Biochar,DEF,0.0
2036,Agri06_Biochar,DEG,0.0
2037,Agri01_AGC,DE1,119331.36478943702
2037,Agri01_AGC,DE2,217751.5962401877
2037,Agri01_AGC,DE3,322.4330000000001
2037,Agri01_AGC,DE4,108407.07625640945
2037,Agri01_AGC,DE5,1036.6540000000002
2037,Agri01_AGC,DE6,1702.7469999999998
2037,Agri01_AGC,DE7,56700.64834672987
2037,Agri01_AGC,DE8,115798.91871107143
2037,Agri01_AGC,DE9,190103.51097490682
2037,Agri01_AGC,DEA,121278.7878736108
2037,Agri01_AGC,DEB,67766.13441499759
2037,Agri01_AGC,DEC,8754.346000000001
2037,Agri01_AGC,DEE,93744.00996185587
2037,Agri01_AGC,DED,72025.54113778374
2037,Agri01_AGC,DEF,57908.050030977756
2037,Agri01_AGC,DEG,46299.48765322232
2037,Agri02_OFC,DE1,79198.78943325108
2037,Agri02_OFC,DE2,123321.14126659471
2037,Agri02_OFC,DE3,41895.38555688823
2037,Agri02_OFC,DE4,76927.59468615655
2037,Agri02_OFC,DE5,19498.814307780744
2037,Agri02_OFC,DE6,2200.063455019538
2037,Agri02_OFC,DE7,27171.47205343865
2037,Agri02_OFC,DE8,76909.4274657364
2037,Agri02_OFC,DE9,108651.3319906447
2037,Agri02_OFC,DEA,80409.17906483612
2037,Agri02_OFC,DEB,48088.05754888459
2037,Agri02_OFC,DEC,30367.598875358577
2037,Agri02_OFC,DEE,59134.17253940666
2037,Agri02_OFC,DED,51110.608523315204
2037,Agri02_OFC,DEF,25715.101457947803
2037,Agri02_OFC,DEG,20561.06820282431
2037,Agri03_No-till,DE1,0.0
2037,Agri03_No-till,DE2,0.0
2037,Agri03_No-till,DE3,0.0
2037,Agri03_No-till,DE4,0.0
2037,Agri03_No-till,DE5,0.0
2037,Agri03_No-till,DE6,0.0
2037,Agri03_No-till,DE7,0.0
2037,Agri03_No-till,DE8,0.0
2037,Agri03_No-till,DE9,0.0
2037,Agri03_No-till,DEA,0.0
2037,Agri03_No-till,DEB,0.0
2037,Agri03_No-till,DEC,0.0
2037,Agri03_No-till,DEE,0.0
2037,Agri03_No-till,DED,0.0
2037,Agri03_No-till,DEF,0.0
2037,Agri03_No-till,DEG,0.0
2037,Agri04_toGrassland,DE1,997.8860582478487
2037,Agri04_toGrassland,DE2,1668.8452227419268
2037,Agri04_toGrassland,DE3,430.621176443545
2037,Agri04_toGrassland,DE4,949.1347619189494
2037,Agri04_toGrassland,DE5,201.45154802567205
2037,Agri04_toGrassland,DE6,24.577988359611474
2037,Agri04_toGrassland,DE7,382.8196639970296
2037,Agri04_toGrassland,DE8,965.3770098271494
2037,Agri04_toGrassland,DE9,1448.0693608588226
2037,Agri04_toGrassland,DEA,1018.5969836340362
2037,Agri04_toGrassland,DEB,589.7899121474456
2037,Agri04_toGrassland,DEC,322.0629963084352
2037,Agri04_toGrassland,DEE,754.4401565469899
2037,Agri04_toGrassland,DED,634.3896271435466
2037,Agri04_toGrassland,DEF,390.9715479798498
2037,Agri04_toGrassland,DEG,312.59526695806153
2037,Agri05_Agroforestry,DE1,34593.051264571
2037,Agri05_Agroforestry,DE2,41884.98482586513
2037,Agri05_Agroforestry,DE3,94.54500000000002
2037,Agri05_Agroforestry,DE4,34235.052
2037,Agri05_Agroforestry,DE5,776.162
2037,Agri05_Agroforestry,DE6,628.319
2037,Agri05_Agroforestry,DE7,7653.676832557229
2037,Agri05_Agroforestry,DE8,32606.293
2037,Agri05_Agroforestry,DE9,39220.51727856713
2037,Agri05_Agroforestry,DEA,34553.043895897754
2037,Agri05_Agroforestry,DEB,22681.944876317775
2037,Agri05_Agroforestry,DEC,3458.3510000000006
2037,Agri05_Agroforestry,DEE,17156.976000000002
2037,Agri05_Agroforestry,DED,19114.16
2037,Agri05_Agroforestry,DEF,4257.38787405805
2037,Agri05_Agroforestry,DEG,3405.600367104275
2037,Agri06_Biochar,DE1,0.0
2037,Agri06_Biochar,DE2,0.0
2037,Agri06_Biochar,DE3,0.0
2037,Agri06_Biochar,DE4,0.0
2037,Agri06_Biochar,DE5,0.0
2037,Agri06_Biochar,DE6,0.0
2037,Agri06_Biochar,DE7,0.0
2037,Agri06_Biochar,DE8,0.0
2037,Agri06_Biochar,DE9,0.0
2037,Agri06_Biochar,DEA,0.0
2037,Agri06_Biochar,DEB,0.0
2037,Agri06_Biochar,DEC,0.0
2037,Agri06_Biochar,DEE,0.0
2037,Agri06_Biochar,DED,0.0
2037,Agri06_Biochar,DEF,0.0
2037,Agri06_Biochar,DEG,0.0
2038,Agri01_AGC,DE1,130208.94232585785
2038,Agri01_AGC,DE2,232083.48629485193
2038,Agri01_AGC,DE3,322.4330000000001
2038,Agri01_AGC,DE4,119428.82123015165
2038,Agri01_AGC,DE5,1036.6540000000002
2038,Agri01_AGC,DE6,1702.7469999999998
2038,Agri01_AGC,DE7,59515.87122205761
2038,Agri01_AGC,DE8,126445.0539820547
2038,Agri01_AGC,DE9,203234.70095393076
2038,Agri01_AGC,DEA,132198.91660272103
2038,Agri01_AGC,DEB,74735.69493158415
2038,Agri01_AGC,DEC,8754.346000000001
2038,Agri01_AGC,DEE,101653.69915060578
2038,Agri01_AGC,DED,79262.62380098371
2038,Agri01_AGC,DEF,59922.912207836736
2038,Agri01_AGC,DEG,47910.84365117537
2038,Agri02_OFC,DE1,86917.71244810868
2038,Agri02_OFC,DE2,133491.3060499714
2038,Agri02_OFC,DE3,47541.89724528123
2038,Agri02_OFC,DE4,84748.82148567641
2038,Agri02_OFC,DE5,22110.18645192383
2038,Agri02_OFC,DE6,2464.9988302504153
2038,Agri02_OFC,DE7,29169.204413567717
2038,Agri02_OFC,DE8,84464.11492140676
2038,Agri02_OFC,DE9,117969.45858658773
2038,Agri02_OFC,DEA,88158.2971649009
2038,Agri02_OFC,DEB,53033.78198934897
2038,Agri02_OFC,DEC,34300.814171224796
2038,Agri02_OFC,DEE,64747.02905226416
2038,Agri02_OFC,DED,56246.171450112066
2038,Agri02_OFC,DEF,27144.883592494676
2038,Agri02_OFC,DEG,21704.51515653099
2038,Agri03_No-till,DE1,0.0
2038,Agri03_No-till,DE2,0.0
2038,Agri03_No-till,DE3,0.0
2038,Agri03_No-till,DE4,0.0
2038,Agri03_No-till,DE5,0.0
2038,Agri03_No-till,DE6,0.0
2038,Agri03_No-till,DE7,0.0
2038,Agri03_No-till,DE8,0.0
2038,Agri03_No-till,DE9,0.0
2038,Agri03_No-till,DEA,0.0
2038,Agri03_No-till,DEB,0.0
2038,Agri03_No-till,DEC,0.0
2038,Agri03_No-till,DEE,0.0
2038,Agri03_No-till,DED,0.0
2038,Agri03_No-till,DEF,0.0
2038,Agri03_No-till,DEG,0.0
2038,Agri04_toGrassland,DE1,1071.3270276020276
2038,Agri04_toGrassland,DE2,1765.608302091889
2038,Agri04_toGrassland,DE3,484.34438252645117
2038,Agri04_toGrassland,DE4,1023.5490910410305
2038,Agri04_toGrassland,DE5,226.29720346765814
2038,Agri04_toGrassland,DE6,27.098691148811096
2038,Agri04_toGrassland,DE7,401.82690124446526
2038,Agri04_toGrassland,DE8,1037.2553753509856
2038,Agri04_toGrassland,DE9,1536.7258027554174
2038,Agri04_toGrassland,DEA,1092.3252412955449
2038,Agri04_toGrassland,DEB,636.8455436607052
2038,Agri04_toGrassland,DEC,359.4852044909878
2038,Agri04_toGrassland,DEE,807.8431536175307
2038,Agri04_toGrassland,DED,683.251459137126
2038,Agri04_toGrassland,DEF,404.57507605291045
2038,Agri04_toGrassland,DEG,323.4744857977445
2038,Agri05_Agroforestry,DE1,38359.71478875863
2038,Agri05_Agroforestry,DE2,45905.1112813277
2038,Agri05_Agroforestry,DE3,94.54500000000002
2038,Agri05_Agroforestry,DE4,34235.052
2038,Agri05_Agroforestry,DE5,776.162
2038,Agri05_Agroforestry,DE6,628.319
2038,Agri05_Agroforestry,DE7,8296.898754489843
2038,Agri05_Agroforestry,DE8,32606.293
2038,Agri05_Agroforestry,DE9,43119.40489217299
2038,Agri05_Agroforestry,DEA,38289.69312989211
2038,Agri05_Agroforestry,DEB,24825.059
2038,Agri05_Agroforestry,DEC,3458.3510000000006
2038,Agri05_Agroforestry,DEE,17156.976000000002
2038,Agri05_Agroforestry,DED,19114.16
2038,Agri05_Agroforestry,DEF,4406.27231521217
2038,Agri05_Agroforestry,DEG,3524.8772211182895
2038,Agri06_Biochar,DE1,0.0
2038,Agri06_Biochar,DE2,0.0
2038,Agri06_Biochar,DE3,0.0
2038,Agri06_Biochar,DE4,0.0
2038,Agri06_Biochar,DE5,0.0
2038,Agri06_Biochar,DE6,0.0
2038,Agri06_Biochar,DE7,0.0
2038,Agri06_Biochar,DE8,0.0
2038,Agri06_Biochar,DE9,0.0
2038,Agri06_Biochar,DEA,0.0
2038,Agri06_Biochar,DEB,0.0
2038,Agri06_Biochar,DEC,0.0
2038,Agri06_Biochar,DEE,0.0
2038,Agri06_Biochar,DED,0.0
2038,Agri06_Biochar,DEF,0.0
2038,Agri06_Biochar,DEG,0.0
2039,Agri01_AGC,DE1,141329.12583133398
2039,Agri01_AGC,DE2,246392.26597101428
2039,Agri01_AGC,DE3,322.4330000000001
2039,Agri01_AGC,DE4,130756.38496579765
2039,Agri01_AGC,DE5,1036.6540000000002
2039,Agri01_AGC,DE6,1702.7469999999998
2039,Agri01_AGC,DE7,62273.304166234
2039,Agri01_AGC,DE8,137339.55013008974
2039,Agri01_AGC,DE9,216423.0937555418
2039,Agri01_AGC,DEA,143346.3297890271
2039,Agri01_AGC,DEB,81908.69893258148
2039,Agri01_AGC,DEC,8754.346000000001
2039,Agri01_AGC,DEE,109711.89921987976
2039,Agri01_AGC,DED,86689.69942342234
2039,Agri01_AGC,DEF,61783.1639727717
2039,Agri01_AGC,DEG,49398.62817404331
2039,Agri02_OFC,DE1,94808.79298533859
2039,Agri02_OFC,DE2,143645.07129660356
2039,Agri02_OFC,DE3,53519.98271192843
2039,Agri02_OFC,DE4,92787.06273273578
2039,Agri02_OFC,DE5,24873.32335788661
2039,Agri02_OFC,DE6,2742.4875522473308
2039,Agri02_OFC,DE7,31125.928007903327
2039,Agri02_OFC,DE8,92195.043684799
2039,Agri02_OFC,DE9,127328.1773256163
2039,Agri02_OFC,DEA,96068.70036927261
2039,Agri02_OFC,DEB,58123.87355464268
2039,Agri02_OFC,DEC,38449.81132189917
2039,Agri02_OFC,DEE,70465.27153454324
2039,Agri02_OFC,DED,61516.55676919415
2039,Agri02_OFC,DEF,28464.951421357124
2039,Agri02_OFC,DEG,22760.273587694795
2039,Agri03_No-till,DE1,0.0
2039,Agri03_No-till,DE2,0.0
2039,Agri03_No-till,DE3,0.0
2039,Agri03_No-till,DE4,0.0
2039,Agri03_No-till,DE5,0.0
2039,Agri03_No-till,DE6,0.0
2039,Agri03_No-till,DE7,0.0
2039,Agri03_No-till,DE8,0.0
2039,Agri03_No-till,DE9,0.0
2039,Agri03_No-till,DEA,0.0
2039,Agri03_No-till,DEB,0.0
2039,Agri03_No-till,DEC,0.0
2039,Agri03_No-till,DEE,0.0
2039,Agri03_No-till,DED,0.0
2039,Agri03_No-till,DEF,0.0
2039,Agri03_No-till,DEG,0.0
2039,Agri04_toGrassland,DE1,1146.4059735625672
2039,Agri04_toGrassland,DE2,1862.215349586998
2039,Agri04_toGrassland,DE3,541.2223162365852
2039,Agri04_toGrassland,DE4,1100.028183778513
2039,Agri04_toGrassland,DE5,252.5868105076056
2039,Agri04_toGrassland,DE6,29.738831578904716
2039,Agri04_toGrassland,DE7,420.4439644344459
2039,Agri04_toGrassland,DE8,1110.8105722740247
2039,Agri04_toGrassland,DE9,1625.7684547917722
2039,Agri04_toGrassland,DEA,1167.588030961051
2039,Agri04_toGrassland,DEB,685.2747426483305
2039,Agri04_toGrassland,DEC,398.9604489009585
2039,Agri04_toGrassland,DEE,862.2488356139029
2039,Agri04_toGrassland,DED,733.3960461421256
2039,Agri04_toGrassland,DEF,417.1347376505605
2039,Agri04_toGrassland,DEG,333.5194004107382
2039,Agri05_Agroforestry,DE1,42318.79810802221
2039,Agri05_Agroforestry,DE2,50098.1603833066
2039,Agri05_Agroforestry,DE3,94.54500000000002
2039,Agri05_Agroforestry,DE4,34235.052
2039,Agri05_Agroforestry,DE5,776.162
2039,Agri05_Agroforestry,DE6,628.319
2039,Agri05_Agroforestry,DE7,8961.565747274071
2039,Agri05_Agroforestry,DE8,32606.293
2039,Agri05_Agroforestry,DE9,47195.15899043724
2039,Agri05_Agroforestry,DEA,42215.688723899584
2039,Agri05_Agroforestry,DEB,24825.059
2039,Agri05_Agroforestry,DEC,3458.3510000000006
2039,Agri05_Agroforestry,DEE,17156.976000000002
2039,Agri05_Agroforestry,DED,19114.16
2039,Agri05_Agroforestry,DEF,4543.873407513753
2039,Agri05_Agroforestry,DEG,3635.148232982853
2039,Agri06_Biochar,DE1,0.0
2039,Agri06_Biochar,DE2,0.0
2039,Agri06_Biochar,DE3,0.0
2039,Agri06_Biochar,DE4,0.0
2039,Agri06_Biochar,DE5,0.0
2039,Agri06_Biochar,DE6,0.0
2039,Agri06_Biochar,DE7,0.0
2039,Agri06_Biochar,DE8,0.0
2039,Agri06_Biochar,DE9,0.0
2039,Agri06_Biochar,DEA,0.0
2039,Agri06_Biochar,DEB,0.0
2039,Agri06_Biochar,DEC,0.0
2039,Agri06_Biochar,DEE,0.0
2039,Agri06_Biochar,DED,0.0
2039,Agri06_Biochar,DEF,0.0
2039,Agri06_Biochar,DEG,0.0
2040,Agri01_AGC,DE1,152691.91530586543
2040,Agri01_AGC,DE2,260677.93526867474
2040,Agri01_AGC,DE3,322.4330000000001
2040,Agri01_AGC,DE4,136540.38600000003
2040,Agri01_AGC,DE5,1036.6540000000002
2040,Agri01_AGC,DE6,1702.7469999999998
2040,Agri01_AGC,DE7,64972.94717925902
2040,Agri01_AGC,DE8,148482.40715517654
2040,Agri01_AGC,DE9,229668.68937973995
2040,Agri01_AGC,DEA,154721.02743252902
2040,Agri01_AGC,DEB,82330.50400000003
2040,Agri01_AGC,DEC,8754.346000000001
2040,Agri01_AGC,DEE,117918.61016967784
2040,Agri01_AGC,DED,93965.534
2040,Agri01_AGC,DEF,63488.80532578264
2040,Agri01_AGC,DEG,50762.84122182615
2040,Agri02_OFC,DE1,102872.03104494081
2040,Agri02_OFC,DE2,153782.43700649118
2040,Agri02_OFC,DE3,59829.64195682984
2040,Agri02_OFC,DE4,101042.31842733466
2040,Agri02_OFC,DE5,27788.225025669086
2040,Agri02_OFC,DE6,3032.5296210102842
2040,Agri02_OFC,DE7,33041.64283644548
2040,Agri02_OFC,DE8,100102.21375591315
2040,Agri02_OFC,DE9,136727.4882077304
2040,Agri02_OFC,DEA,104140.38867795127
2040,Agri02_OFC,DEB,63358.33224476573
2040,Agri02_OFC,DEC,42814.5903273817
2040,Agri02_OFC,DEE,76288.8999862439
2040,Agri02_OFC,DED,66921.76448056145
2040,Agri02_OFC,DEF,29675.304944535143
2040,Agri02_OFC,DEG,23728.343496315727
2040,Agri03_No-till,DE1,0.0
2040,Agri03_No-till,DE2,0.0
2040,Agri03_No-till,DE3,0.0
2040,Agri03_No-till,DE4,0.0
2040,Agri03_No-till,DE5,0.0
2040,Agri03_No-till,DE6,0.0
2040,Agri03_No-till,DE7,0.0
2040,Agri03_No-till,DE8,0.0
2040,Agri03_No-till,DE9,0.0
2040,Agri03_No-till,DEA,0.0
2040,Agri03_No-till,DEB,0.0
2040,Agri03_No-till,DEC,0.0
2040,Agri03_No-till,DEE,0.0
2040,Agri03_No-till,DED,0.0
2040,Agri03_No-till,DEF,0.0
2040,Agri03_No-till,DEG,0.0
2040,Agri04_toGrassland,DE1,1223.1228961294673
2040,Agri04_toGrassland,DE2,1958.6663652272534
2040,Agri04_toGrassland,DE3,601.2549775739471
2040,Agri04_toGrassland,DE4,1178.5720401313972
2040,Agri04_toGrassland,DE5,280.32036914551446
2040,Agri04_toGrassland,DE6,32.49840964989234
2040,Agri04_toGrassland,DE7,438.6708535669715
2040,Agri04_toGrassland,DE8,1186.0426005962668
2040,Agri04_toGrassland,DE9,1715.197316967887
2040,Agri04_toGrassland,DEA,1244.3853526305543
2040,Agri04_toGrassland,DEB,735.0775091103216
2040,Agri04_toGrassland,DEC,440.48872953834723
2040,Agri04_toGrassland,DEE,917.6572025361064
2040,Agri04_toGrassland,DED,784.8233881585454
2040,Agri04_toGrassland,DEF,428.6505327728
2040,Agri04_toGrassland,DEG,342.7300107970428
2040,Agri05_Agroforestry,DE1,46470.301222361726
2040,Agri05_Agroforestry,DE2,54464.13213180182
2040,Agri05_Agroforestry,DE3,94.54500000000002
2040,Agri05_Agroforestry,DE4,34235.052
2040,Agri05_Agroforestry,DE5,776.162
2040,Agri05_Agroforestry,DE6,628.319
2040,Agri05_Agroforestry,DE7,9647.677810909916
2040,Agri05_Agroforestry,DE8,32606.293
2040,Agri05_Agroforestry,DE9,51447.77957335986
2040,Agri05_Agroforestry,DEA,42247.642
2040,Agri05_Agroforestry,DEB,24825.059
2040,Agri05_Agroforestry,DEC,3458.3510000000006
2040,Agri05_Agroforestry,DEE,17156.976000000002
2040,Agri05_Agroforestry,DED,19114.16
2040,Agri05_Agroforestry,DEF,4670.1911509628
2040,Agri05_Agroforestry,DEG,3736.4134026979655
2040,Agri06_Biochar,DE1,0.0
2040,Agri06_Biochar,DE2,0.0
2040,Agri06_Biochar,DE3,0.0
2040,Agri06_Biochar,DE4,0.0
2040,Agri06_Biochar,DE5,0.0
2040,Agri06_Biochar,DE6,0.0
2040,Agri06_Biochar,DE7,0.0
2040,Agri06_Biochar,DE8,0.0
2040,Agri06_Biochar,DE9,0.0
2040,Agri06_Biochar,DEA,0.0
2040,Agri06_Biochar,DEB,0.0
2040,Agri06_Biochar,DEC,0.0
2040,Agri06_Biochar,DEE,0.0
2040,Agri06_Biochar,DED,0.0
2040,Agri06_Biochar,DEF,0.0
2040,Agri06_Biochar,DEG,0.0
2041,Agri01_AGC,DE1,158358.65900000004
2041,Agri01_AGC,DE2,274940.49418783333
2041,Agri01_AGC,DE3,322.4330000000001
2041,Agri01_AGC,DE4,136540.38600000003
2041,Agri01_AGC,DE5,1036.6540000000002
2041,Agri01_AGC,DE6,1702.7469999999998
2041,Agri01_AGC,DE7,67614.80026113268
2041,Agri01_AGC,DE8,150637.41999999998
2041,Agri01_AGC,DE9,242971.4878265252
2041,Agri01_AGC,DEA,165464.15100000004
2041,Agri01_AGC,DEB,82330.50400000003
2041,Agri01_AGC,DEC,8754.346000000001
2041,Agri01_AGC,DEE,126273.832
2041,Agri01_AGC,DED,93965.534
2041,Agri01_AGC,DEF,65039.83626686956
2041,Agri01_AGC,DEG,52003.48279452389
2041,Agri02_OFC,DE1,111107.42662691534
2041,Agri02_OFC,DE2,163903.40317963425
2041,Agri02_OFC,DE3,66470.87497998544
2041,Agri02_OFC,DE4,109514.58856947305
2041,Agri02_OFC,DE5,30854.89145527126
2041,Agri02_OFC,DE6,3335.125036539276
2041,Agri02_OFC,DE7,34916.34889919416
2041,Agri02_OFC,DE8,108185.62513474919
2041,Agri02_OFC,DE9,146167.39123293004
2041,Agri02_OFC,DEA,112373.36209093686
2041,Agri02_OFC,DEB,68737.1580597181
2041,Agri02_OFC,DEC,47395.15118767239
2041,Agri02_OFC,DEE,82217.91440736613
2041,Agri02_OFC,DED,72461.79458421397
2041,Agri02_OFC,DEF,30775.944162028733
2041,Agri02_OFC,DEG,24608.724882393784
2041,Agri03_No-till,DE1,0.0
2041,Agri03_No-till,DE2,0.0
2041,Agri03_No-till,DE3,0.0
2041,Agri03_No-till,DE4,0.0
2041,Agri03_No-till,DE5,0.0
2041,Agri03_No-till,DE6,0.0
2041,Agri03_No-till,DE7,0.0
2041,Agri03_No-till,DE8,0.0
2041,Agri03_No-till,DE9,0.0
2041,Agri03_No-till,DEA,0.0
2041,Agri03_No-till,DEB,0.0
2041,Agri03_No-till,DEC,0.0
2041,Agri03_No-till,DEE,0.0
2041,Agri03_No-till,DED,0.0
2041,Agri03_No-till,DEF,0.0
2041,Agri03_No-till,DEG,0.0
2041,Agri04_toGrassland,DE1,1301.4777953027283
2041,Agri04_toGrassland,DE2,2054.9613490126553
2041,Agri04_toGrassland,DE3,664.4423665385369
2041,Agri04_toGrassland,DE4,1259.1806600996829
2041,Agri04_toGrassland,DE5,309.4978793813847
2041,Agri04_toGrassland,DE6,35.37742536177396
2041,Agri04_toGrassland,DE7,456.5075686420421
2041,Agri04_toGrassland,DE8,1262.951460317712
2041,Agri04_toGrassland,DE9,1805.0123892837619
2041,Agri04_toGrassland,DEA,1322.7172063040553
2041,Agri04_toGrassland,DEB,786.2538430466784
2041,Agri04_toGrassland,DEC,484.07004640315404
2041,Agri04_toGrassland,DEE,974.0682543841414
2041,Agri04_toGrassland,DED,837.5334851863856
2041,Agri04_toGrassland,DEF,439.12246141962885
2041,Agri04_toGrassland,DEG,351.1063169566581
2041,Agri05_Agroforestry,DE1,50814.224131777184
2041,Agri05_Agroforestry,DE2,59003.02652681338
2041,Agri05_Agroforestry,DE3,94.54500000000002
2041,Agri05_Agroforestry,DE4,34235.052
2041,Agri05_Agroforestry,DE5,776.162
2041,Agri05_Agroforestry,DE6,628.319
2041,Agri05_Agroforestry,DE7,10355.234945397377
2041,Agri05_Agroforestry,DE8,32606.293
2041,Agri05_Agroforestry,DE9,55877.26664094087
2041,Agri05_Agroforestry,DEA,42247.642
2041,Agri05_Agroforestry,DEB,24825.059
2041,Agri05_Agroforestry,DEC,3458.3510000000006
2041,Agri05_Agroforestry,DEE,17156.976000000002
2041,Agri05_Agroforestry,DED,19114.16
2041,Agri05_Agroforestry,DEF,4785.22554555931
2041,Agri05_Agroforestry,DEG,3828.672730263627
2041,Agri06_Biochar,DE1,0.0
2041,Agri06_Biochar,DE2,0.0
2041,Agri06_Biochar,DE3,0.0
2041,Agri06_Biochar,DE4,0.0
2041,Agri06_Biochar,DE5,0.0
2041,Agri06_Biochar,DE6,0.0
2041,Agri06_Biochar,DE7,0.0
2041,Agri06_Biochar,DE8,0.0
2041,Agri06_Biochar,DE9,0.0
2041,Agri06_Biochar,DEA,0.0
2041,Agri06_Biochar,DEB,0.0
2041,Agri06_Biochar,DEC,0.0
2041,Agri06_Biochar,DEE,0.0
2041,Agri06_Biochar,DED,0.0
2041,Agri06_Biochar,DEF,0.0
2041,Agri06_Biochar,DEG,0.0
2042,Agri01_AGC,DE1,158358.65900000004
2042,Agri01_AGC,DE2,289179.9427284901
2042,Agri01_AGC,DE3,322.4330000000001
2042,Agri01_AGC,DE4,136540.38600000003
2042,Agri01_AGC,DE5,1036.6540000000002
2042,Agri01_AGC,DE6,1702.7469999999998
2042,Agri01_AGC,DE7,70198.86341185498
2042,Agri01_AGC,DE8,150637.41999999998
2042,Agri01_AGC,DE9,256331.48909589756
2042,Agri01_AGC,DEA,165464.15100000004
2042,Agri01_AGC,DEB,82330.50400000003
2042,Agri01_AGC,DEC,8754.346000000001
2042,Agri01_AGC,DEE,126273.832
2042,Agri01_AGC,DED,93965.534
2042,Agri01_AGC,DEF,66436.25679603247
2042,Agri01_AGC,DEG,53120.552892136526
2042,Agri02_OFC,DE1,119514.97973126218
2042,Agri02_OFC,DE2,174007.96981603277
2042,Agri02_OFC,DE3,73443.68178139525
2042,Agri02_OFC,DE4,118203.87315915096
2042,Agri02_OFC,DE5,34073.32264669313
2042,Agri02_OFC,DE6,3650.2737988343065
2042,Agri02_OFC,DE7,36750.04619614939
2042,Agri02_OFC,DE8,116445.27782130713
2042,Agri02_OFC,DE9,155647.88640121522
2042,Agri02_OFC,DEA,120767.62060822941
2042,Agri02_OFC,DEB,74260.35099949982
2042,Agri02_OFC,DEC,52191.493902771224
2042,Agri02_OFC,DEE,88252.31479790994
2042,Agri02_OFC,DED,78136.64708015171
2042,Agri02_OFC,DEF,31766.869073837897
2042,Agri02_OFC,DEG,25401.417745928968
2042,Agri03_No-till,DE1,0.0
2042,Agri03_No-till,DE2,0.0
2042,Agri03_No-till,DE3,0.0
2042,Agri03_No-till,DE4,0.0
2042,Agri03_No-till,DE5,0.0
2042,Agri03_No-till,DE6,0.0
2042,Agri03_No-till,DE7,0.0
2042,Agri03_No-till,DE8,0.0
2042,Agri03_No-till,DE9,0.0
2042,Agri03_No-till,DEA,0.0
2042,Agri03_No-till,DEB,0.0
2042,Agri03_No-till,DEC,0.0
2042,Agri03_No-till,DEE,0.0
2042,Agri03_No-till,DED,0.0
2042,Agri03_No-till,DEF,0.0
2042,Agri03_No-till,DEG,0.0
2042,Agri04_toGrassland,DE1,1381.47067108235
2042,Agri04_toGrassland,DE2,2151.100300943204
2042,Agri04_toGrassland,DE3,730.7844831303545
2042,Agri04_toGrassland,DE4,1341.85404368337
2042,Agri04_toGrassland,DE5,340.1193412152163
2042,Agri04_toGrassland,DE6,38.37587871454958
2042,Agri04_toGrassland,DE7,473.9541096596576
2042,Agri04_toGrassland,DE8,1341.53715143836
2042,Agri04_toGrassland,DE9,1895.213671739397
2042,Agri04_toGrassland,DEA,1402.5835919815536
2042,Agri04_toGrassland,DEB,838.8037444574011
2042,Agri04_toGrassland,DEC,529.7043994953789
2042,Agri04_toGrassland,DEE,1031.4819911580078
2042,Agri04_toGrassland,DED,891.5263372256461
2042,Agri04_toGrassland,DEF,448.5505235910472
2042,Agri04_toGrassland,DEG,358.6483188895842
2042,Agri05_Agroforestry,DE1,52145.628000000004
2042,Agri05_Agroforestry,DE2,63714.84356834127
2042,Agri05_Agroforestry,DE3,94.54500000000002
2042,Agri05_Agroforestry,DE4,34235.052
2042,Agri05_Agroforestry,DE5,776.162
2042,Agri05_Agroforestry,DE6,628.319
2042,Agri05_Agroforestry,DE7,11084.237150736451
2042,Agri05_Agroforestry,DE8,32606.293
2042,Agri05_Agroforestry,DE9,60483.620193180264
2042,Agri05_Agroforestry,DEA,42247.642
2042,Agri05_Agroforestry,DEB,24825.059
2042,Agri05_Agroforestry,DEC,3458.3510000000006
2042,Agri05_Agroforestry,DEE,17156.976000000002
2042,Agri05_Agroforestry,DED,19114.16
2042,Agri05_Agroforestry,DEF,4888.976591303285
2042,Agri05_Agroforestry,DEG,3911.926215679837
2042,Agri06_Biochar,DE1,0.0
2042,Agri06_Biochar,DE2,0.0
2042,Agri06_Biochar,DE3,0.0
2042,Agri06_Biochar,DE4,0.0
2042,Agri06_Biochar,DE5,0.0
2042,Agri06_Biochar,DE6,0.0
2042,Agri06_Biochar,DE7,0.0
2042,Agri06_Biochar,DE8,0.0
2042,Agri06_Biochar,DE9,0.0
2042,Agri06_Biochar,DEA,0.0
2042,Agri06_Biochar,DEB,0.0
2042,Agri06_Biochar,DEC,0.0
2042,Agri06_Biochar,DEE,0.0
2042,Agri06_Biochar,DED,0.0
2042,Agri06_Biochar,DEF,0.0
2042,Agri06_Biochar,DEG,0.0
2043,Agri01_AGC,DE1,158358.65900000004
2043,Agri01_AGC,DE2,303396.280890645
2043,Agri01_AGC,DE3,322.4330000000001
2043,Agri01_AGC,DE4,136540.38600000003
2043,Agri01_AGC,DE5,1036.6540000000002
2043,Agri01_AGC,DE6,1702.7469999999998
2043,Agri01_AGC,DE7,72725.13663142592
2043,Agri01_AGC,DE8,150637.41999999998
2043,Agri01_AGC,DE9,269748.693187857
2043,Agri01_AGC,DEA,165464.15100000004
2043,Agri01_AGC,DEB,82330.50400000003
2043,Agri01_AGC,DEC,8754.346000000001
2043,Agri01_AGC,DEE,126273.832
2043,Agri01_AGC,DED,93965.534
2043,Agri01_AGC,DEF,67678.06691327135
2043,Agri01_AGC,DEG,54114.05151466406
2043,Agri02_OFC,DE1,128094.69035798134
2043,Agri02_OFC,DE2,184096.13691568674
2043,Agri02_OFC,DE3,80748.06236105926
2043,Agri02_OFC,DE4,127110.17219636837
2043,Agri02_OFC,DE5,37443.518599934694
2043,Agri02_OFC,DE6,3977.9759078953753
2043,Agri02_OFC,DE7,38542.734727311166
2043,Agri02_OFC,DE8,124881.17181558696
2043,Agri02_OFC,DE9,165168.97371258592
2043,Agri02_OFC,DEA,129323.1642298289
2043,Agri02_OFC,DEB,79927.91106411086
2043,Agri02_OFC,DEC,57203.618472678216
2043,Agri02_OFC,DEE,94392.10115787534
2043,Agri02_OFC,DED,83946.32196837467
2043,Agri02_OFC,DEF,32648.079679962633
2043,Agri02_OFC,DEG,26106.422086921277
2043,Agri03_No-till,DE1,0.0
2043,Agri03_No-till,DE2,0.0
2043,Agri03_No-till,DE3,0.0
2043,Agri03_No-till,DE4,0.0
2043,Agri03_No-till,DE5,0.0
2043,Agri03_No-till,DE6,0.0
2043,Agri03_No-till,DE7,0.0
2043,Agri03_No-till,DE8,0.0
2043,Agri03_No-till,DE9,0.0
2043,Agri03_No-till,DEA,0.0
2043,Agri03_No-till,DEB,0.0
2043,Agri03_No-till,DEC,0.0
2043,Agri03_No-till,DEE,0.0
2043,Agri03_No-till,DED,0.0
2043,Agri03_No-till,DEF,0.0
2043,Agri03_No-till,DEG,0.0
2043,Agri04_toGrassland,DE1,1463.1015234683325
2043,Agri04_toGrassland,DE2,2247.083221018899
2043,Agri04_toGrassland,DE3,800.2813273493999
2043,Agri04_toGrassland,DE4,1426.5921908824587
2043,Agri04_toGrassland,DE5,372.1847546470093
2043,Agri04_toGrassland,DE6,41.493769708219205
2043,Agri04_toGrassland,DE7,491.01047661981806
2043,Agri04_toGrassland,DE8,1421.7996739582113
2043,Agri04_toGrassland,DE9,1985.8011643347918
2043,Agri04_toGrassland,DEA,1483.9845096630495
2043,Agri04_toGrassland,DEB,892.7272133424896
2043,Agri04_toGrassland,DEC,577.3917888150218
2043,Agri04_toGrassland,DEE,1089.8984128577056
2043,Agri04_toGrassland,DED,946.8019442763268
2043,Agri04_toGrassland,DEF,456.9347192870549
2043,Agri04_toGrassland,DEG,365.356016595821
2043,Agri05_Agroforestry,DE1,52145.628000000004
2043,Agri05_Agroforestry,DE2,68599.5832563855
2043,Agri05_Agroforestry,DE3,94.54500000000002
2043,Agri05_Agroforestry,DE4,34235.052
2043,Agri05_Agroforestry,DE5,776.162
2043,Agri05_Agroforestry,DE6,628.319
2043,Agri05_Agroforestry,DE7,11834.684426927142
2043,Agri05_Agroforestry,DE8,32606.293
2043,Agri05_Agroforestry,DE9,65266.840230078036
2043,Agri05_Agroforestry,DEA,42247.642
2043,Agri05_Agroforestry,DEB,24825.059
2043,Agri05_Agroforestry,DEC,3458.3510000000006
2043,Agri05_Agroforestry,DEE,17156.976000000002
2043,Agri05_Agroforestry,DED,19114.16
2043,Agri05_Agroforestry,DEF,4981.444288194724
2043,Agri05_Agroforestry,DEG,3986.173858946596
2043,Agri06_Biochar,DE1,0.0
2043,Agri06_Biochar,DE2,0.0
2043,Agri06_Biochar,DE3,0.0
2043,Agri06_Biochar,DE4,0.0
2043,Agri06_Biochar,DE5,0.0
2043,Agri06_Biochar,DE6,0.0
2043,Agri06_Biochar,DE7,0.0
2043,Agri06_Biochar,DE8,0.0
2043,Agri06_Biochar,DE9,0.0
2043,Agri06_Biochar,DEA,0.0
2043,Agri06_Biochar,DEB,0.0
2043,Agri06_Biochar,DEC,0.0
2043,Agri06_Biochar,DEE,0.0
2043,Agri06_Biochar,DED,0.0
2043,Agri06_Biochar,DEF,0.0
2043,Agri06_Biochar,DEG,0.0
2044,Agri01_AGC,DE1,158358.65900000004
2044,Agri01_AGC,DE2,303396.280890645
2044,Agri01_AGC,DE3,322.4330000000001
2044,Agri01_AGC,DE4,136540.38600000003
2044,Agri01_AGC,DE5,1036.6540000000002
2044,Agri01_AGC,DE6,1702.7469999999998
2044,Agri01_AGC,DE7,75193.6199198455
2044,Agri01_AGC,DE8,150637.41999999998
2044,Agri01_AGC,DE9,269748.693187857
2044,Agri01_AGC,DEA,165464.15100000004
2044,Agri01_AGC,DEB,82330.50400000003
2044,Agri01_AGC,DEC,8754.346000000001
2044,Agri01_AGC,DEE,126273.832
2044,Agri01_AGC,DED,93965.534
2044,Agri01_AGC,DEF,68765.26661858622
2044,Agri01_AGC,DEG,54983.97866210649
2044,Agri02_OFC,DE1,136846.5585070728
2044,Agri02_OFC,DE2,194167.90447859617
2044,Agri02_OFC,DE3,88384.01671897747
2044,Agri02_OFC,DE4,136233.48568112528
2044,Agri02_OFC,DE5,40965.47931499595
2044,Agri02_OFC,DE6,4318.2313637224825
2044,Agri02_OFC,DE7,40294.414492679476
2044,Agri02_OFC,DE8,133493.3071175887
2044,Agri02_OFC,DE9,174730.65316704218
2044,Agri02_OFC,DEA,138039.9929557353
2044,Agri02_OFC,DEB,85739.83825355124
2044,Agri02_OFC,DEC,62431.52489739336
2044,Agri02_OFC,DEE,100637.27348726231
2044,Agri02_OFC,DED,89890.81924888285
2044,Agri02_OFC,DEF,33419.575980402944
2044,Agri02_OFC,DEG,26723.73790537071
2044,Agri03_No-till,DE1,0.0
2044,Agri03_No-till,DE2,0.0
2044,Agri03_No-till,DE3,0.0
2044,Agri03_No-till,DE4,0.0
2044,Agri03_No-till,DE5,0.0
2044,Agri03_No-till,DE6,0.0
2044,Agri03_No-till,DE7,0.0
2044,Agri03_No-till,DE8,0.0
2044,Agri03_No-till,DE9,0.0
2044,Agri03_No-till,DEA,0.0
2044,Agri03_No-till,DEB,0.0
2044,Agri03_No-till,DEC,0.0
2044,Agri03_No-till,DEE,0.0
2044,Agri03_No-till,DED,0.0
2044,Agri03_No-till,DEF,0.0
2044,Agri03_No-till,DEG,0.0
2044,Agri04_toGrassland,DE1,1546.3703524606756
2044,Agri04_toGrassland,DE2,2342.910109239741
2044,Agri04_toGrassland,DE3,872.9328991956733
2044,Agri04_toGrassland,DE4,1513.3951016969488
2044,Agri04_toGrassland,DE5,405.69411967676365
2044,Agri04_toGrassland,DE6,44.73109834278283
2044,Agri04_toGrassland,DE7,507.67666952252347
2044,Agri04_toGrassland,DE8,1503.7390278772655
2044,Agri04_toGrassland,DE9,2076.774867069947
2044,Agri04_toGrassland,DEA,1566.9199593485428
2044,Agri04_toGrassland,DEB,948.0242497019437
2044,Agri04_toGrassland,DEC,627.1322143620827
2044,Agri04_toGrassland,DEE,1149.3175194832347
2044,Agri04_toGrassland,DED,1003.3603063384278
2044,Agri04_toGrassland,DEF,464.27504850765206
2044,Agri04_toGrassland,DEG,371.22941007536866
2044,Agri05_Agroforestry,DE1,52145.628000000004
2044,Agri05_Agroforestry,DE2,73657.24559094604
2044,Agri05_Agroforestry,DE3,94.54500000000002
2044,Agri05_Agroforestry,DE4,34235.052
2044,Agri05_Agroforestry,DE5,776.162
2044,Agri05_Agroforestry,DE6,628.319
2044,Agri05_Agroforestry,DE7,12606.57677396945
2044,Agri05_Agroforestry,DE8,32606.293
2044,Agri05_Agroforestry,DE9,65266.840230078036
2044,Agri05_Agroforestry,DEA,42247.642
2044,Agri05_Agroforestry,DEB,24825.059
2044,Agri05_Agroforestry,DEC,3458.3510000000006
2044,Agri05_Agroforestry,DEE,17156.976000000002
2044,Agri05_Agroforestry,DED,19114.16
2044,Agri05_Agroforestry,DEF,5062.628636233627
2044,Agri05_Agroforestry,DEG,4051.4156600639035
2044,Agri06_Biochar,DE1,0.0
2044,Agri06_Biochar,DE2,0.0
2044,Agri06_Biochar,DE3,0.0
2044,Agri06_Biochar,DE4,0.0
2044,Agri06_Biochar,DE5,0.0
2044,Agri06_Biochar,DE6,0.0
2044,Agri06_Biochar,DE7,0.0
2044,Agri06_Biochar,DE8,0.0
2044,Agri06_Biochar,DE9,0.0
2044,Agri06_Biochar,DEA,0.0
2044,Agri06_Biochar,DEB,0.0
2044,Agri06_Biochar,DEC,0.0
2044,Agri06_Biochar,DEE,0.0
2044,Agri06_Biochar,DED,0.0
2044,Agri06_Biochar,DEF,0.0
2044,Agri06_Biochar,DEG,0.0
2045,Agri01_AGC,DE1,158358.65900000004
2045,Agri01_AGC,DE2,317566.3982957961
2045,Agri01_AGC,DE3,322.4330000000001
2045,Agri01_AGC,DE4,136540.38600000003
2045,Agri01_AGC,DE5,1036.6540000000002
2045,Agri01_AGC,DE6,1702.7469999999998
2045,Agri01_AGC,DE7,77604.31327711372
2045,Agri01_AGC,DE8,150637.41999999998
2045,Agri01_AGC,DE9,271523.48844027927
2045,Agri01_AGC,DEA,165464.15100000004
2045,Agri01_AGC,DEB,82330.50400000003
2045,Agri01_AGC,DEC,8754.346000000001
2045,Agri01_AGC,DEE,126273.832
2045,Agri01_AGC,DED,93965.534
2045,Agri01_AGC,DEF,69697.85591197707
2045,Agri01_AGC,DEG,55730.33433446383
2045,Agri02_OFC,DE1,145770.58417853658
2045,Agri02_OFC,DE2,204223.27250476106
2045,Agri02_OFC,DE3,96351.54485514988
2045,Agri02_OFC,DE4,145573.81361342172
2045,Agri02_OFC,DE5,44639.20479187691
2045,Agri02_OFC,DE6,4671.040166315628
2045,Agri02_OFC,DE7,42005.08549225433
2045,Agri02_OFC,DE8,142281.6837273123
2045,Agri02_OFC,DE9,184332.92476458396
2045,Agri02_OFC,DEA,146918.10678594865
2045,Agri02_OFC,DEB,91696.13256782094
2045,Agri02_OFC,DEC,67875.21317691666
2045,Agri02_OFC,DEE,106987.83178607088
2045,Agri02_OFC,DED,95970.13892167625
2045,Agri02_OFC,DEF,34081.357975158826
2045,Agri02_OFC,DEG,27253.365201277273
2045,Agri03_No-till,DE1,0.0
2045,Agri03_No-till,DE2,0.0
2045,Agri03_No-till,DE3,0.0
2045,Agri03_No-till,DE4,0.0
2045,Agri03_No-till,DE5,0.0
2045,Agri03_No-till,DE6,0.0
2045,Agri03_No-till,DE7,0.0
2045,Agri03_No-till,DE8,0.0
2045,Agri03_No-till,DE9,0.0
2045,Agri03_No-till,DEA,0.0
2045,Agri03_No-till,DEB,0.0
2045,Agri03_No-till,DEC,0.0
2045,Agri03_No-till,DEE,0.0
2045,Agri03_No-till,DED,0.0
2045,Agri03_No-till,DEF,0.0
2045,Agri03_No-till,DEG,0.0
2045,Agri04_toGrassland,DE1,1631.2771580593794
2045,Agri04_toGrassland,DE2,2438.5809656057295
2045,Agri04_toGrassland,DE3,948.7391986691744
2045,Agri04_toGrassland,DE4,1602.2627761268404
2045,Agri04_toGrassland,DE5,440.6474363044794
2045,Agri04_toGrassland,DE6,48.08786461824045
2045,Agri04_toGrassland,DE7,523.9526883677738
2045,Agri04_toGrassland,DE8,1587.3552131955228
2045,Agri04_toGrassland,DE9,2168.134779944862
2045,Agri04_toGrassland,DEA,1651.3899410380334
2045,Agri04_toGrassland,DEB,1004.6948535357637
2045,Agri04_toGrassland,DEC,678.9256761365616
2045,Agri04_toGrassland,DEE,1209.7393110345952
2045,Agri04_toGrassland,DED,1061.201423411949
2045,Agri04_toGrassland,DEF,470.5715112528386
2045,Agri04_toGrassland,DEG,376.2684993282271
2045,Agri05_Agroforestry,DE1,52145.628000000004
2045,Agri05_Agroforestry,DE2,78887.83057202291
2045,Agri05_Agroforestry,DE3,94.54500000000002
2045,Agri05_Agroforestry,DE4,34235.052
2045,Agri05_Agroforestry,DE5,776.162
2045,Agri05_Agroforestry,DE6,628.319
2045,Agri05_Agroforestry,DE7,13399.914191863372
2045,Agri05_Agroforestry,DE8,32606.293
2045,Agri05_Agroforestry,DE9,66249.95527080832
2045,Agri05_Agroforestry,DEA,42247.642
2045,Agri05_Agroforestry,DEB,24825.059
2045,Agri05_Agroforestry,DEC,3458.3510000000006
2045,Agri05_Agroforestry,DEE,17156.976000000002
2045,Agri05_Agroforestry,DED,19114.16
2045,Agri05_Agroforestry,DEF,5132.529635419994
2045,Agri05_Agroforestry,DEG,4107.651619031761
2045,Agri06_Biochar,DE1,0.0
2045,Agri06_Biochar,DE2,0.0
2045,Agri06_Biochar,DE3,0.0
2045,Agri06_Biochar,DE4,0.0
2045,Agri06_Biochar,DE5,0.0
2045,Agri06_Biochar,DE6,0.0
2045,Agri06_Biochar,DE7,0.0
2045,Agri06_Biochar,DE8,0.0
2045,Agri06_Biochar,DE9,0.0
2045,Agri06_Biochar,DEA,0.0
2045,Agri06_Biochar,DEB,0.0
2045,Agri06_Biochar,DEC,0.0
2045,Agri06_Biochar,DEE,0.0
2045,Agri06_Biochar,DED,0.0
2045,Agri06_Biochar,DEF,0.0
2045,Agri06_Biochar,DEG,0.0
2046,Agri01_AGC,DE1,158358.65900000004
2046,Agri01_AGC,DE2,331713.4053224454
2046,Agri01_AGC,DE3,322.4330000000001
2046,Agri01_AGC,DE4,136540.38600000003
2046,Agri01_AGC,DE5,1036.6540000000002
2046,Agri01_AGC,DE6,1702.7469999999998
2046,Agri01_AGC,DE7,79957.21670323057
2046,Agri01_AGC,DE8,150637.41999999998
2046,Agri01_AGC,DE9,285112.30100000004
2046,Agri01_AGC,DEA,165464.15100000004
2046,Agri01_AGC,DEB,82330.50400000003
2046,Agri01_AGC,DEC,8754.346000000001
2046,Agri01_AGC,DEE,126273.832
2046,Agri01_AGC,DED,93965.534
2046,Agri01_AGC,DEF,70475.83479344388
2046,Agri01_AGC,DEG,56353.11853173606
2046,Agri02_OFC,DE1,154866.76737237265
2046,Agri02_OFC,DE2,214262.2409941814
2046,Agri02_OFC,DE3,104650.6467695765
2046,Agri02_OFC,DE4,155131.15599325768
2046,Agri02_OFC,DE5,48464.69503057756
2046,Agri02_OFC,DE6,5036.402315674812
2046,Agri02_OFC,DE7,43674.74772603572
2046,Agri02_OFC,DE8,151246.30164475783
2046,Agri02_OFC,DE9,193975.7885052113
2046,Agri02_OFC,DEA,155957.50572046894
2046,Agri02_OFC,DEB,97796.79400691998
2046,Agri02_OFC,DEC,73534.68331124811
2046,Agri02_OFC,DEE,113443.77605430102
2046,Agri02_OFC,DED,102184.28098675486
2046,Agri02_OFC,DEF,34633.42566423028
2046,Agri02_OFC,DEG,27695.303974640963
2046,Agri03_No-till,DE1,0.0
2046,Agri03_No-till,DE2,0.0
2046,Agri03_No-till,DE3,0.0
2046,Agri03_No-till,DE4,0.0
2046,Agri03_No-till,DE5,0.0
2046,Agri03_No-till,DE6,0.0
2046,Agri03_No-till,DE7,0.0
2046,Agri03_No-till,DE8,0.0
2046,Agri03_No-till,DE9,0.0
2046,Agri03_No-till,DEA,0.0
2046,Agri03_No-till,DEB,0.0
2046,Agri03_No-till,DEC,0.0
2046,Agri03_No-till,DEE,0.0
2046,Agri03_No-till,DED,0.0
2046,Agri03_No-till,DEF,0.0
2046,Agri03_No-till,DEG,0.0
2046,Agri04_toGrassland,DE1,1717.821940264444
2046,Agri04_toGrassland,DE2,2534.0957901168645
2046,Agri04_toGrassland,DE3,1027.7002257699032
2046,Agri04_toGrassland,DE4,1693.1952141721335
2046,Agri04_toGrassland,DE5,477.04470453015654
2046,Agri04_toGrassland,DE6,51.564068534592074
2046,Agri04_toGrassland,DE7,539.8385331555692
2046,Agri04_toGrassland,DE8,1672.648229912983
2046,Agri04_toGrassland,DE9,2259.8809029595373
2046,Agri04_toGrassland,DEA,1737.3944547315216
2046,Agri04_toGrassland,DEB,1062.7390248439497
2046,Agri04_toGrassland,DEC,732.7721741384586
2046,Agri04_toGrassland,DEE,1271.1637875117872
2046,Agri04_toGrassland,DED,1120.3252954968907
2046,Agri04_toGrassland,DEF,475.8241075226146
2046,Agri04_toGrassland,DEG,380.4732843543963
2046,Agri05_Agroforestry,DE1,52145.628000000004
2046,Agri05_Agroforestry,DE2,84291.33819961612
2046,Agri05_Agroforestry,DE3,94.54500000000002
2046,Agri05_Agroforestry,DE4,34235.052
2046,Agri05_Agroforestry,DE5,776.162
2046,Agri05_Agroforestry,DE6,628.319
2046,Agri05_Agroforestry,DE7,14214.696680608911
2046,Agri05_Agroforestry,DE8,32606.293
2046,Agri05_Agroforestry,DE9,71563.77476168124
2046,Agri05_Agroforestry,DEA,42247.642
2046,Agri05_Agroforestry,DEB,24825.059
2046,Agri05_Agroforestry,DEC,3458.3510000000006
2046,Agri05_Agroforestry,DEE,17156.976000000002
2046,Agri05_Agroforestry,DED,19114.16
2046,Agri05_Agroforestry,DEF,5191.147285753824
2046,Agri05_Agroforestry,DEG,4154.8817358501665
2046,Agri06_Biochar,DE1,0.0
2046,Agri06_Biochar,DE2,0.0
2046,Agri06_Biochar,DE3,0.0
2046,Agri06_Biochar,DE4,0.0
2046,Agri06_Biochar,DE5,0.0
2046,Agri06_Biochar,DE6,0.0
2046,Agri06_Biochar,DE7,0.0
2046,Agri06_Biochar,DE8,0.0
2046,Agri06_Biochar,DE9,0.0
2046,Agri06_Biochar,DEA,0.0
2046,Agri06_Biochar,DEB,0.0
2046,Agri06_Biochar,DEC,0.0
2046,Agri06_Biochar,DEE,0.0
2046,Agri06_Biochar,DED,0.0
2046,Agri06_Biochar,DEF,0.0
2046,Agri06_Biochar,DEG,0.0
2047,Agri01_AGC,DE1,158358.65900000004
2047,Agri01_AGC,DE2,345283.42300000007
2047,Agri01_AGC,DE3,322.4330000000001
2047,Agri01_AGC,DE4,136540.38600000003
2047,Agri01_AGC,DE5,1036.6540000000002
2047,Agri01_AGC,DE6,1702.7469999999998
2047,Agri01_AGC,DE7,82252.33019819607
2047,Agri01_AGC,DE8,150637.41999999998
2047,Agri01_AGC,DE9,285112.30100000004
2047,Agri01_AGC,DEA,165464.15100000004
2047,Agri01_AGC,DEB,82330.50400000003
2047,Agri01_AGC,DEC,8754.346000000001
2047,Agri01_AGC,DEE,126273.832
2047,Agri01_AGC,DED,93965.534
2047,Agri01_AGC,DEF,71099.20326298667
2047,Agri01_AGC,DEG,56852.331253923185
2047,Agri02_OFC,DE1,164135.10808858104
2047,Agri02_OFC,DE2,224284.8099468572
2047,Agri02_OFC,DE3,113281.32246225732
2047,Agri02_OFC,DE4,164905.51282063313
2047,Agri02_OFC,DE5,52441.950031097906
2047,Agri02_OFC,DE6,5414.317811800033
2047,Agri02_OFC,DE7,45303.40119402365
2047,Agri02_OFC,DE8,160387.16086992522
2047,Agri02_OFC,DE9,203659.24438892415
2047,Agri02_OFC,DEA,165158.18975929616
2047,Agri02_OFC,DEB,104041.82257084835
2047,Agri02_OFC,DEC,79409.93530038772
2047,Agri02_OFC,DEE,120005.10629195275
2047,Agri02_OFC,DED,108533.24544411871
2047,Agri02_OFC,DEF,35075.77904761731
2047,Agri02_OFC,DEG,28049.554225461776
2047,Agri03_No-till,DE1,0.0
2047,Agri03_No-till,DE2,0.0
2047,Agri03_No-till,DE3,0.0
2047,Agri03_No-till,DE4,0.0
2047,Agri03_No-till,DE5,0.0
2047,Agri03_No-till,DE6,0.0
2047,Agri03_No-till,DE7,0.0
2047,Agri03_No-till,DE8,0.0
2047,Agri03_No-till,DE9,0.0
2047,Agri03_No-till,DEA,0.0
2047,Agri03_No-till,DEB,0.0
2047,Agri03_No-till,DEC,0.0
2047,Agri03_No-till,DEE,0.0
2047,Agri03_No-till,DED,0.0
2047,Agri03_No-till,DEF,0.0
2047,Agri03_No-till,DEG,0.0
2047,Agri04_toGrassland,DE1,1806.0046990758694
2047,Agri04_toGrassland,DE2,2629.4545827731463
2047,Agri04_toGrassland,DE3,1109.81598049786
2047,Agri04_toGrassland,DE4,1786.1924158328281
2047,Agri04_toGrassland,DE5,514.8859243537951
2047,Agri04_toGrassland,DE6,55.159710091837695
2047,Agri04_toGrassland,DE7,555.3342038859095
2047,Agri04_toGrassland,DE8,1759.6180780296463
2047,Agri04_toGrassland,DE9,2352.0132361139727
2047,Agri04_toGrassland,DEA,1824.9335004290072
2047,Agri04_toGrassland,DEB,1122.1567636265013
2047,Agri04_toGrassland,DEC,788.6717083677736
2047,Agri04_toGrassland,DEE,1333.5909489148105
2047,Agri04_toGrassland,DED,1180.7319225932526
2047,Agri04_toGrassland,DEF,480.03283731698
2047,Agri04_toGrassland,DEG,383.8437651538763
2047,Agri05_Agroforestry,DE1,52145.628000000004
2047,Agri05_Agroforestry,DE2,89867.76847372565
2047,Agri05_Agroforestry,DE3,94.54500000000002
2047,Agri05_Agroforestry,DE4,34235.052
2047,Agri05_Agroforestry,DE5,776.162
2047,Agri05_Agroforestry,DE6,628.319
2047,Agri05_Agroforestry,DE7,15050.924240206064
2047,Agri05_Agroforestry,DE8,32606.293
2047,Agri05_Agroforestry,DE9,77016.738
2047,Agri05_Agroforestry,DEA,42247.642
2047,Agri05_Agroforestry,DEB,24825.059
2047,Agri05_Agroforestry,DEC,3458.3510000000006
2047,Agri05_Agroforestry,DEE,17156.976000000002
2047,Agri05_Agroforestry,DED,19114.16
2047,Agri05_Agroforestry,DEF,5238.481587235118
2047,Agri05_Agroforestry,DEG,4193.106010519121
2047,Agri06_Biochar,DE1,0.0
2047,Agri06_Biochar,DE2,0.0
2047,Agri06_Biochar,DE3,0.0
2047,Agri06_Biochar,DE4,0.0
2047,Agri06_Biochar,DE5,0.0
2047,Agri06_Biochar,DE6,0.0
2047,Agri06_Biochar,DE7,0.0
2047,Agri06_Biochar,DE8,0.0
2047,Agri06_Biochar,DE9,0.0
2047,Agri06_Biochar,DEA,0.0
2047,Agri06_Biochar,DEB,0.0
2047,Agri06_Biochar,DEC,0.0
2047,Agri06_Biochar,DEE,0.0
2047,Agri06_Biochar,DED,0.0
2047,Agri06_Biochar,DEF,0.0
2047,Agri06_Biochar,DEG,0.0
2048,Agri01_AGC,DE1,158358.65900000004
2048,Agri01_AGC,DE2,345283.42300000007
2048,Agri01_AGC,DE3,322.4330000000001
2048,Agri01_AGC,DE4,136540.38600000003
2048,Agri01_AGC,DE5,1036.6540000000002
2048,Agri01_AGC,DE6,1702.7469999999998
2048,Agri01_AGC,DE7,84489.6537620102
2048,Agri01_AGC,DE8,150637.41999999998
2048,Agri01_AGC,DE9,285112.30100000004
2048,Agri01_AGC,DEA,165464.15100000004
2048,Agri01_AGC,DEB,82330.50400000003
2048,Agri01_AGC,DEC,8754.346000000001
2048,Agri01_AGC,DEE,126273.832
2048,Agri01_AGC,DED,93965.534
2048,Agri01_AGC,DEF,71567.96132060545
2048,Agri01_AGC,DEG,57227.97250102521
2048,Agri02_OFC,DE1,173575.60632716175
2048,Agri02_OFC,DE2,234290.97936278844
2048,Agri02_OFC,DE3,122243.57193319235
2048,Agri02_OFC,DE4,174896.8840955481
2048,Agri02_OFC,DE5,56570.96979343795
2048,Agri02_OFC,DE6,5804.786654691294
2048,Agri02_OFC,DE7,46891.04589621812
2048,Agri02_OFC,DE8,169704.26140281453
2048,Agri02_OFC,DE9,213383.29241572254
2048,Agri02_OFC,DEA,174520.15890243032
2048,Agri02_OFC,DEB,110431.21825960606
2048,Agri02_OFC,DEC,85500.96914433548
2048,Agri02_OFC,DEE,126671.82249902605
2048,Agri02_OFC,DED,115017.03229376778
2048,Agri02_OFC,DEF,35408.41812531991
2048,Agri02_OFC,DEG,28316.115953739718
2048,Agri03_No-till,DE1,0.0
2048,Agri03_No-till,DE2,0.0
2048,Agri03_No-till,DE3,0.0
2048,Agri03_No-till,DE4,0.0
2048,Agri03_No-till,DE5,0.0
2048,Agri03_No-till,DE6,0.0
2048,Agri03_No-till,DE7,0.0
2048,Agri03_No-till,DE8,0.0
2048,Agri03_No-till,DE9,0.0
2048,Agri03_No-till,DEA,0.0
2048,Agri03_No-till,DEB,0.0
2048,Agri03_No-till,DEC,0.0
2048,Agri03_No-till,DEE,0.0
2048,Agri03_No-till,DED,0.0
2048,Agri03_No-till,DEF,0.0
2048,Agri03_No-till,DEG,0.0
2048,Agri04_toGrassland,DE1,1895.8254344936554
2048,Agri04_toGrassland,DE2,2724.6573435745745
2048,Agri04_toGrassland,DE3,1195.0864628530446
2048,Agri04_toGrassland,DE4,1881.2543811089242
2048,Agri04_toGrassland,DE5,554.171095775395
2048,Agri04_toGrassland,DE6,58.87478928997732
2048,Agri04_toGrassland,DE7,570.4397005587947
2048,Agri04_toGrassland,DE8,1848.2647575455126
2048,Agri04_toGrassland,DE9,2444.531779408168
2048,Agri04_toGrassland,DEA,1914.0070781304903
2048,Agri04_toGrassland,DEB,1182.9480698834186
2048,Agri04_toGrassland,DEC,846.6242788245066
2048,Agri04_toGrassland,DEE,1397.0207952436651
2048,Agri04_toGrassland,DED,1242.4213047010348
2048,Agri04_toGrassland,DEF,483.19770063593484
2048,Agri04_toGrassland,DEG,386.379941726667
2048,Agri05_Agroforestry,DE1,52145.628000000004
2048,Agri05_Agroforestry,DE2,95617.12139435152
2048,Agri05_Agroforestry,DE3,94.54500000000002
2048,Agri05_Agroforestry,DE4,34235.052
2048,Agri05_Agroforestry,DE5,776.162
2048,Agri05_Agroforestry,DE6,628.319
2048,Agri05_Agroforestry,DE7,15908.596870654834
2048,Agri05_Agroforestry,DE8,32606.293
2048,Agri05_Agroforestry,DE9,77016.738
2048,Agri05_Agroforestry,DEA,42247.642
2048,Agri05_Agroforestry,DEB,24825.059
2048,Agri05_Agroforestry,DEC,3458.3510000000006
2048,Agri05_Agroforestry,DEE,17156.976000000002
2048,Agri05_Agroforestry,DED,19114.16
2048,Agri05_Agroforestry,DEF,5274.532539863876
2048,Agri05_Agroforestry,DEG,4222.324443038624
2048,Agri06_Biochar,DE1,0.0
2048,Agri06_Biochar,DE2,0.0
2048,Agri06_Biochar,DE3,0.0
2048,Agri06_Biochar,DE4,0.0
2048,Agri06_Biochar,DE5,0.0
2048,Agri06_Biochar,DE6,0.0
2048,Agri06_Biochar,DE7,0.0
2048,Agri06_Biochar,DE8,0.0
2048,Agri06_Biochar,DE9,0.0
2048,Agri06_Biochar,DEA,0.0
2048,Agri06_Biochar,DEB,0.0
2048,Agri06_Biochar,DEC,0.0
2048,Agri06_Biochar,DEE,0.0
2048,Agri06_Biochar,DED,0.0
2048,Agri06_Biochar,DEF,0.0
2048,Agri06_Biochar,DEG,0.0
2049,Agri01_AGC,DE1,158358.65900000004
2049,Agri01_AGC,DE2,345283.42300000007
2049,Agri01_AGC,DE3,322.4330000000001
2049,Agri01_AGC,DE4,136540.38600000003
2049,Agri01_AGC,DE5,1036.6540000000002
2049,Agri01_AGC,DE6,1702.7469999999998
2049,Agri01_AGC,DE7,84489.6537620102
2049,Agri01_AGC,DE8,150637.41999999998
2049,Agri01_AGC,DE9,285112.30100000004
2049,Agri01_AGC,DEA,165464.15100000004
2049,Agri01_AGC,DEB,82330.50400000003
2049,Agri01_AGC,DEC,8754.346000000001
2049,Agri01_AGC,DEE,126273.832
2049,Agri01_AGC,DED,93965.534
2049,Agri01_AGC,DEF,71567.96132060545
2049,Agri01_AGC,DEG,57227.97250102521
2049,Agri02_OFC,DE1,173575.60632716175
2049,Agri02_OFC,DE2,234290.97936278844
2049,Agri02_OFC,DE3,122243.57193319235
2049,Agri02_OFC,DE4,174896.8840955481
2049,Agri02_OFC,DE5,56570.96979343795
2049,Agri02_OFC,DE6,5804.786654691294
2049,Agri02_OFC,DE7,46891.04589621812
2049,Agri02_OFC,DE8,169704.26140281453
2049,Agri02_OFC,DE9,213383.29241572254
2049,Agri02_OFC,DEA,174520.15890243032
2049,Agri02_OFC,DEB,110431.21825960606
2049,Agri02_OFC,DEC,85500.96914433548
2049,Agri02_OFC,DEE,126671.82249902605
2049,Agri02_OFC,DED,115017.03229376778
2049,Agri02_OFC,DEF,35408.41812531991
2049,Agri02_OFC,DEG,28316.115953739718
2049,Agri03_No-till,DE1,0.0
2049,Agri03_No-till,DE2,0.0
2049,Agri03_No-till,DE3,0.0
2049,Agri03_No-till,DE4,0.0
2049,Agri03_No-till,DE5,0.0
2049,Agri03_No-till,DE6,0.0
2049,Agri03_No-till,DE7,0.0
2049,Agri03_No-till,DE8,0.0
2049,Agri03_No-till,DE9,0.0
2049,Agri03_No-till,DEA,0.0
2049,Agri03_No-till,DEB,0.0
2049,Agri03_No-till,DEC,0.0
2049,Agri03_No-till,DEE,0.0
2049,Agri03_No-till,DED,0.0
2049,Agri03_No-till,DEF,0.0
2049,Agri03_No-till,DEG,0.0
2049,Agri04_toGrassland,DE1,1895.8254344936554
2049,Agri04_toGrassland,DE2,2724.6573435745745
2049,Agri04_toGrassland,DE3,1195.0864628530446
2049,Agri04_toGrassland,DE4,1881.2543811089242
2049,Agri04_toGrassland,DE5,554.171095775395
2049,Agri04_toGrassland,DE6,58.87478928997732
2049,Agri04_toGrassland,DE7,570.4397005587947
2049,Agri04_toGrassland,DE8,1848.2647575455126
2049,Agri04_toGrassland,DE9,2444.531779408168
2049,Agri04_toGrassland,DEA,1914.0070781304903
2049,Agri04_toGrassland,DEB,1182.9480698834186
2049,Agri04_toGrassland,DEC,846.6242788245066
2049,Agri04_toGrassland,DEE,1397.0207952436651
2049,Agri04_toGrassland,DED,1242.4213047010348
2049,Agri04_toGrassland,DEF,483.19770063593484
2049,Agri04_toGrassland,DEG,386.379941726667
2049,Agri05_Agroforestry,DE1,52145.628000000004
2049,Agri05_Agroforestry,DE2,95617.12139435152
2049,Agri05_Agroforestry,DE3,94.54500000000002
2049,Agri05_Agroforestry,DE4,34235.052
2049,Agri05_Agroforestry,DE5,776.162
2049,Agri05_Agroforestry,DE6,628.319
2049,Agri05_Agroforestry,DE7,15908.596870654834
2049,Agri05_Agroforestry,DE8,32606.293
2049,Agri05_Agroforestry,DE9,77016.738
2049,Agri05_Agroforestry,DEA,42247.642
2049,Agri05_Agroforestry,DEB,24825.059
2049,Agri05_Agroforestry,DEC,3458.3510000000006
2049,Agri05_Agroforestry,DEE,17156.976000000002
2049,Agri05_Agroforestry,DED,19114.16
2049,Agri05_Agroforestry,DEF,5274.532539863876
2049,Agri05_Agroforestry,DEG,4222.324443038624
2049,Agri06_Biochar,DE1,0.0
2049,Agri06_Biochar,DE2,0.0
2049,Agri06_Biochar,DE3,0.0
2049,Agri06_Biochar,DE4,0.0
2049,Agri06_Biochar,DE5,0.0
2049,Agri06_Biochar,DE6,0.0
2049,Agri06_Biochar,DE7,0.0
2049,Agri06_Biochar,DE8,0.0
2049,Agri06_Biochar,DE9,0.0
2049,Agri06_Biochar,DEA,0.0
2049,Agri06_Biochar,DEB,0.0
2049,Agri06_Biochar,DEC,0.0
2049,Agri06_Biochar,DEE,0.0
2049,Agri06_Biochar,DED,0.0
2049,Agri06_Biochar,DEF,0.0
2049,Agri06_Biochar,DEG,0.0
2050,Agri01_AGC,DE1,158358.65900000004
2050,Agri01_AGC,DE2,345283.42300000007
2050,Agri01_AGC,DE3,322.4330000000001
2050,Agri01_AGC,DE4,136540.38600000003
2050,Agri01_AGC,DE5,1036.6540000000002
2050,Agri01_AGC,DE6,1702.7469999999998
2050,Agri01_AGC,DE7,84489.6537620102
2050,Agri01_AGC,DE8,150637.41999999998
2050,Agri01_AGC,DE9,285112.30100000004
2050,Agri01_AGC,DEA,165464.15100000004
2050,Agri01_AGC,DEB,82330.50400000003
2050,Agri01_AGC,DEC,8754.346000000001
2050,Agri01_AGC,DEE,126273.832
2050,Agri01_AGC,DED,93965.534
2050,Agri01_AGC,DEF,71567.96132060545
2050,Agri01_AGC,DEG,57227.97250102521
2050,Agri02_OFC,DE1,173575.60632716175
2050,Agri02_OFC,DE2,234290.97936278844
2050,Agri02_OFC,DE3,122243.57193319235
2050,Agri02_OFC,DE4,174896.8840955481
2050,Agri02_OFC,DE5,56570.96979343795
2050,Agri02_OFC,DE6,5804.786654691294
2050,Agri02_OFC,DE7,46891.04589621812
2050,Agri02_OFC,DE8,169704.26140281453
2050,Agri02_OFC,DE9,213383.29241572254
2050,Agri02_OFC,DEA,174520.15890243032
2050,Agri02_OFC,DEB,110431.21825960606
2050,Agri02_OFC,DEC,85500.96914433548
2050,Agri02_OFC,DEE,126671.82249902605
2050,Agri02_OFC,DED,115017.03229376778
2050,Agri02_OFC,DEF,35408.41812531991
2050,Agri02_OFC,DEG,28316.115953739718
2050,Agri03_No-till,DE1,0.0
2050,Agri03_No-till,DE2,0.0
2050,Agri03_No-till,DE3,0.0
2050,Agri03_No-till,DE4,0.0
2050,Agri03_No-till,DE5,0.0
2050,Agri03_No-till,DE6,0.0
2050,Agri03_No-till,DE7,0.0
2050,Agri03_No-till,DE8,0.0
2050,Agri03_No-till,DE9,0.0
2050,Agri03_No-till,DEA,0.0
2050,Agri03_No-till,DEB,0.0
2050,Agri03_No-till,DEC,0.0
2050,Agri03_No-till,DEE,0.0
2050,Agri03_No-till,DED,0.0
2050,Agri03_No-till,DEF,0.0
2050,Agri03_No-till,DEG,0.0
2050,Agri04_toGrassland,DE1,1895.8254344936554
2050,Agri04_toGrassland,DE2,2724.6573435745745
2050,Agri04_toGrassland,DE3,1195.0864628530446
2050,Agri04_toGrassland,DE4,1881.2543811089242
2050,Agri04_toGrassland,DE5,554.171095775395
2050,Agri04_toGrassland,DE6,58.87478928997732
2050,Agri04_toGrassland,DE7,570.4397005587947
2050,Agri04_toGrassland,DE8,1848.2647575455126
2050,Agri04_toGrassland,DE9,2444.531779408168
2050,Agri04_toGrassland,DEA,1914.0070781304903
2050,Agri04_toGrassland,DEB,1182.9480698834186
2050,Agri04_toGrassland,DEC,846.6242788245066
2050,Agri04_toGrassland,DEE,1397.0207952436651
2050,Agri04_toGrassland,DED,1242.4213047010348
2050,Agri04_toGrassland,DEF,483.19770063593484
2050,Agri04_toGrassland,DEG,386.379941726667
2050,Agri05_Agroforestry,DE1,52145.628000000004
2050,Agri05_Agroforestry,DE2,95617.12139435152
2050,Agri05_Agroforestry,DE3,94.54500000000002
2050,Agri05_Agroforestry,DE4,34235.052
2050,Agri05_Agroforestry,DE5,776.162
2050,Agri05_Agroforestry,DE6,628.319
2050,Agri05_Agroforestry,DE7,15908.596870654834
2050,Agri05_Agroforestry,DE8,32606.293
2050,Agri05_Agroforestry,DE9,77016.738
2050,Agri05_Agroforestry,DEA,42247.642
2050,Agri05_Agroforestry,DEB,24825.059
2050,Agri05_Agroforestry,DEC,3458.3510000000006
2050,Agri05_Agroforestry,DEE,17156.976000000002
2050,Agri05_Agroforestry,DED,19114.16
2050,Agri05_Agroforestry,DEF,5274.532539863876
2050,Agri05_Agroforestry,DEG,4222.324443038624
2050,Agri06_Biochar,DE1,0.0
2050,Agri06_Biochar,DE2,0.0
2050,Agri06_Biochar,DE3,0.0
2050,Agri06_Biochar,DE4,0.0
2050,Agri06_Biochar,DE5,0.0
2050,Agri06_Biochar,DE6,0.0
2050,Agri06_Biochar,DE7,0.0
2050,Agri06_Biochar,DE8,0.0
2050,Agri06_Biochar,DE9,0.0
2050,Agri06_Biochar,DEA,0.0
2050,Agri06_Biochar,DEB,0.0
2050,Agri06_Biochar,DEC,0.0
2050,Agri06_Biochar,DEE,0.0
2050,Agri06_Biochar,DED,0.0
2050,Agri06_Biochar,DEF,0.0
2050,Agri06_Biochar,DEG,0.0
