year,techAgri,r,costTechAgri
2020,Agri01_AGC,DE1,0.0
2020,Agri01_AGC,DE2,0.0
2020,Agri01_AGC,DE3,0.0
2020,Agri01_AGC,DE4,0.0
2020,Agri01_AGC,DE5,0.0
2020,Agri01_AGC,DE6,0.0
2020,Agri01_AGC,DE7,0.0
2020,Agri01_AGC,DE8,0.0
2020,Agri01_AGC,DE9,0.0
2020,Agri01_AGC,DEA,0.0
2020,Agri01_AGC,DEB,0.0
2020,Agri01_AGC,DEC,0.0
2020,Agri01_AGC,DEE,0.0
2020,Agri01_AGC,DED,0.0
2020,Agri01_AGC,DEF,0.0
2020,Agri01_AGC,DEG,0.0
2020,Agri02_OFC,DE1,0.0
2020,Agri02_OFC,DE2,0.0
2020,Agri02_OFC,DE3,0.0
2020,Agri02_OFC,DE4,0.0
2020,Agri02_OFC,DE5,0.0
2020,Agri02_OFC,DE6,0.0
2020,Agri02_OFC,DE7,0.0
2020,Agri02_OFC,DE8,0.0
2020,Agri02_OFC,DE9,0.0
2020,Agri02_OFC,DEA,0.0
2020,Agri02_OFC,DEB,0.0
2020,Agri02_OFC,DEC,0.0
2020,Agri02_OFC,DEE,0.0
2020,Agri02_OFC,DED,0.0
2020,Agri02_OFC,DEF,0.0
2020,Agri02_OFC,DEG,0.0
2020,Agri03_No-till,DE1,0.0
2020,Agri03_No-till,DE2,0.0
2020,Agri03_No-till,DE3,0.0
2020,Agri03_No-till,DE4,0.0
2020,Agri03_No-till,DE5,0.0
2020,Agri03_No-till,DE6,0.0
2020,Agri03_No-till,DE7,0.0
2020,Agri03_No-till,DE8,0.0
2020,Agri03_No-till,DE9,0.0
2020,Agri03_No-till,DEA,0.0
2020,Agri03_No-till,DEB,0.0
2020,Agri03_No-till,DEC,0.0
2020,Agri03_No-till,DEE,0.0
2020,Agri03_No-till,DED,0.0
2020,Agri03_No-till,DEF,0.0
2020,Agri03_No-till,DEG,0.0
2020,Agri04_toGrassland,DE1,0.0
2020,Agri04_toGrassland,DE2,0.0
2020,Agri04_toGrassland,DE3,0.0
2020,Agri04_toGrassland,DE4,0.0
2020,Agri04_toGrassland,DE5,0.0
2020,Agri04_toGrassland,DE6,0.0
2020,Agri04_toGrassland,DE7,0.0
2020,Agri04_toGrassland,DE8,0.0
2020,Agri04_toGrassland,DE9,0.0
2020,Agri04_toGrassland,DEA,0.0
2020,Agri04_toGrassland,DEB,0.0
2020,Agri04_toGrassland,DEC,0.0
2020,Agri04_toGrassland,DEE,0.0
2020,Agri04_toGrassland,DED,0.0
2020,Agri04_toGrassland,DEF,0.0
2020,Agri04_toGrassland,DEG,0.0
2020,Agri05_Agroforestry,DE1,0.0
2020,Agri05_Agroforestry,DE2,0.0
2020,Agri05_Agroforestry,DE3,0.0
2020,Agri05_Agroforestry,DE4,0.0
2020,Agri05_Agroforestry,DE5,0.0
2020,Agri05_Agroforestry,DE6,0.0
2020,Agri05_Agroforestry,DE7,0.0
2020,Agri05_Agroforestry,DE8,0.0
2020,Agri05_Agroforestry,DE9,0.0
2020,Agri05_Agroforestry,DEA,0.0
2020,Agri05_Agroforestry,DEB,0.0
2020,Agri05_Agroforestry,DEC,0.0
2020,Agri05_Agroforestry,DEE,0.0
2020,Agri05_Agroforestry,DED,0.0
2020,Agri05_Agroforestry,DEF,0.0
2020,Agri05_Agroforestry,DEG,0.0
2020,Agri06_Biochar,DE1,0.0
2020,Agri06_Biochar,DE2,0.0
2020,Agri06_Biochar,DE3,0.0
2020,Agri06_Biochar,DE4,0.0
2020,Agri06_Biochar,DE5,0.0
2020,Agri06_Biochar,DE6,0.0
2020,Agri06_Biochar,DE7,0.0
2020,Agri06_Biochar,DE8,0.0
2020,Agri06_Biochar,DE9,0.0
2020,Agri06_Biochar,DEA,0.0
2020,Agri06_Biochar,DEB,0.0
2020,Agri06_Biochar,DEC,0.0
2020,Agri06_Biochar,DEE,0.0
2020,Agri06_Biochar,DED,0.0
2020,Agri06_Biochar,DEF,0.0
2020,Agri06_Biochar,DEG,0.0
2021,Agri01_AGC,DE1,0.0
2021,Agri01_AGC,DE2,0.0
2021,Agri01_AGC,DE3,0.0
2021,Agri01_AGC,DE4,0.0
2021,Agri01_AGC,DE5,0.0
2021,Agri01_AGC,DE6,0.0
2021,Agri01_AGC,DE7,0.0
2021,Agri01_AGC,DE8,0.0
2021,Agri01_AGC,DE9,0.0
2021,Agri01_AGC,DEA,0.0
2021,Agri01_AGC,DEB,0.0
2021,Agri01_AGC,DEC,0.0
2021,Agri01_AGC,DEE,0.0
2021,Agri01_AGC,DED,0.0
2021,Agri01_AGC,DEF,0.0
2021,Agri01_AGC,DEG,0.0
2021,Agri02_OFC,DE1,0.0
2021,Agri02_OFC,DE2,0.0
2021,Agri02_OFC,DE3,0.0
2021,Agri02_OFC,DE4,0.0
2021,Agri02_OFC,DE5,0.0
2021,Agri02_OFC,DE6,0.0
2021,Agri02_OFC,DE7,0.0
2021,Agri02_OFC,DE8,0.0
2021,Agri02_OFC,DE9,0.0
2021,Agri02_OFC,DEA,0.0
2021,Agri02_OFC,DEB,0.0
2021,Agri02_OFC,DEC,0.0
2021,Agri02_OFC,DEE,0.0
2021,Agri02_OFC,DED,0.0
2021,Agri02_OFC,DEF,0.0
2021,Agri02_OFC,DEG,0.0
2021,Agri03_No-till,DE1,0.0
2021,Agri03_No-till,DE2,0.0
2021,Agri03_No-till,DE3,0.0
2021,Agri03_No-till,DE4,0.0
2021,Agri03_No-till,DE5,0.0
2021,Agri03_No-till,DE6,0.0
2021,Agri03_No-till,DE7,0.0
2021,Agri03_No-till,DE8,0.0
2021,Agri03_No-till,DE9,0.0
2021,Agri03_No-till,DEA,0.0
2021,Agri03_No-till,DEB,0.0
2021,Agri03_No-till,DEC,0.0
2021,Agri03_No-till,DEE,0.0
2021,Agri03_No-till,DED,0.0
2021,Agri03_No-till,DEF,0.0
2021,Agri03_No-till,DEG,0.0
2021,Agri04_toGrassland,DE1,0.0
2021,Agri04_toGrassland,DE2,0.0
2021,Agri04_toGrassland,DE3,0.0
2021,Agri04_toGrassland,DE4,0.0
2021,Agri04_toGrassland,DE5,0.0
2021,Agri04_toGrassland,DE6,0.0
2021,Agri04_toGrassland,DE7,0.0
2021,Agri04_toGrassland,DE8,0.0
2021,Agri04_toGrassland,DE9,0.0
2021,Agri04_toGrassland,DEA,0.0
2021,Agri04_toGrassland,DEB,0.0
2021,Agri04_toGrassland,DEC,0.0
2021,Agri04_toGrassland,DEE,0.0
2021,Agri04_toGrassland,DED,0.0
2021,Agri04_toGrassland,DEF,0.0
2021,Agri04_toGrassland,DEG,0.0
2021,Agri05_Agroforestry,DE1,104081.06720814384
2021,Agri05_Agroforestry,DE2,226937.1778092725
2021,Agri05_Agroforestry,DE3,211.9187605846261
2021,Agri05_Agroforestry,DE4,89741.02951889673
2021,Agri05_Agroforestry,DE5,681.3397848083011
2021,Agri05_Agroforestry,DE6,1119.1287300902518
2021,Agri05_Agroforestry,DE7,58529.169942703425
2021,Agri05_Agroforestry,DE8,99006.29074587823
2021,Agri05_Agroforestry,DE9,187389.76920895453
2021,Agri05_Agroforestry,DEA,108751.1445823083
2021,Agri05_Agroforestry,DEB,54111.63983211272
2021,Agri05_Agroforestry,DEC,5753.7849849394415
2021,Agri05_Agroforestry,DEE,82993.34736739504
2021,Agri05_Agroforestry,DED,61758.75143968681
2021,Agri05_Agroforestry,DEF,71561.3110793708
2021,Agri05_Agroforestry,DEG,57210.20663178715
2021,Agri06_Biochar,DE1,0.0
2021,Agri06_Biochar,DE2,0.0
2021,Agri06_Biochar,DE3,0.0
2021,Agri06_Biochar,DE4,0.0
2021,Agri06_Biochar,DE5,0.0
2021,Agri06_Biochar,DE6,0.0
2021,Agri06_Biochar,DE7,0.0
2021,Agri06_Biochar,DE8,0.0
2021,Agri06_Biochar,DE9,0.0
2021,Agri06_Biochar,DEA,0.0
2021,Agri06_Biochar,DEB,0.0
2021,Agri06_Biochar,DEC,0.0
2021,Agri06_Biochar,DEE,0.0
2021,Agri06_Biochar,DED,0.0
2021,Agri06_Biochar,DEF,0.0
2021,Agri06_Biochar,DEG,0.0
2022,Agri01_AGC,DE1,0.0
2022,Agri01_AGC,DE2,0.0
2022,Agri01_AGC,DE3,0.0
2022,Agri01_AGC,DE4,0.0
2022,Agri01_AGC,DE5,0.0
2022,Agri01_AGC,DE6,0.0
2022,Agri01_AGC,DE7,0.0
2022,Agri01_AGC,DE8,0.0
2022,Agri01_AGC,DE9,0.0
2022,Agri01_AGC,DEA,0.0
2022,Agri01_AGC,DEB,0.0
2022,Agri01_AGC,DEC,0.0
2022,Agri01_AGC,DEE,0.0
2022,Agri01_AGC,DED,0.0
2022,Agri01_AGC,DEF,0.0
2022,Agri01_AGC,DEG,0.0
2022,Agri02_OFC,DE1,0.0
2022,Agri02_OFC,DE2,0.0
2022,Agri02_OFC,DE3,0.0
2022,Agri02_OFC,DE4,0.0
2022,Agri02_OFC,DE5,0.0
2022,Agri02_OFC,DE6,0.0
2022,Agri02_OFC,DE7,0.0
2022,Agri02_OFC,DE8,0.0
2022,Agri02_OFC,DE9,0.0
2022,Agri02_OFC,DEA,0.0
2022,Agri02_OFC,DEB,0.0
2022,Agri02_OFC,DEC,0.0
2022,Agri02_OFC,DEE,0.0
2022,Agri02_OFC,DED,0.0
2022,Agri02_OFC,DEF,0.0
2022,Agri02_OFC,DEG,0.0
2022,Agri03_No-till,DE1,0.0
2022,Agri03_No-till,DE2,0.0
2022,Agri03_No-till,DE3,0.0
2022,Agri03_No-till,DE4,0.0
2022,Agri03_No-till,DE5,0.0
2022,Agri03_No-till,DE6,0.0
2022,Agri03_No-till,DE7,0.0
2022,Agri03_No-till,DE8,0.0
2022,Agri03_No-till,DE9,0.0
2022,Agri03_No-till,DEA,0.0
2022,Agri03_No-till,DEB,0.0
2022,Agri03_No-till,DEC,0.0
2022,Agri03_No-till,DEE,0.0
2022,Agri03_No-till,DED,0.0
2022,Agri03_No-till,DEF,0.0
2022,Agri03_No-till,DEG,0.0
2022,Agri04_toGrassland,DE1,15312.873734106724
2022,Agri04_toGrassland,DE2,32179.58831931547
2022,Agri04_toGrassland,DE3,1052.8481439952589
2022,Agri04_toGrassland,DE4,13414.62924968394
2022,Agri04_toGrassland,DE5,564.889262481554
2022,Agri04_toGrassland,DE6,197.66263796990444
2022,Agri04_toGrassland,DE7,8185.962951674718
2022,Agri04_toGrassland,DE8,14604.738142759266
2022,Agri04_toGrassland,DE9,26738.76141592446
2022,Agri04_toGrassland,DEA,15942.5931955476
2022,Agri04_toGrassland,DEB,8130.372938732173
2022,Agri04_toGrassland,DEC,1482.7533048325033
2022,Agri04_toGrassland,DEE,12111.984972830383
2022,Agri04_toGrassland,DED,9186.993378690444
2022,Agri04_toGrassland,DEF,9824.894880783468
2022,Agri04_toGrassland,DEG,7854.655211665296
2022,Agri05_Agroforestry,DE1,261412.9935312745
2022,Agri05_Agroforestry,DE2,515505.36759600806
2022,Agri05_Agroforestry,DE3,20883.6826353269
2022,Agri05_Agroforestry,DE4,234931.85618178127
2022,Agri05_Agroforestry,DE5,22657.82458417682
2022,Agri05_Agroforestry,DE6,4299.006827685701
2022,Agri05_Agroforestry,DE7,127839.30603905523
2022,Agri05_Agroforestry,DE8,250402.11201298574
2022,Agri05_Agroforestry,DE9,433197.8049654859
2022,Agri05_Agroforestry,DEA,270556.52707705495
2022,Agri05_Agroforestry,DEB,143537.12636397392
2022,Agri05_Agroforestry,DEC,43132.98104444359
2022,Agri05_Agroforestry,DEE,204013.95577979652
2022,Agri05_Agroforestry,DED,159657.75651995023
2022,Agri05_Agroforestry,DEF,148020.10430274156
2022,Agri05_Agroforestry,DEG,118338.99050469507
2022,Agri06_Biochar,DE1,0.0
2022,Agri06_Biochar,DE2,0.0
2022,Agri06_Biochar,DE3,0.0
2022,Agri06_Biochar,DE4,0.0
2022,Agri06_Biochar,DE5,0.0
2022,Agri06_Biochar,DE6,0.0
2022,Agri06_Biochar,DE7,0.0
2022,Agri06_Biochar,DE8,0.0
2022,Agri06_Biochar,DE9,0.0
2022,Agri06_Biochar,DEA,0.0
2022,Agri06_Biochar,DEB,0.0
2022,Agri06_Biochar,DEC,0.0
2022,Agri06_Biochar,DEE,0.0
2022,Agri06_Biochar,DED,0.0
2022,Agri06_Biochar,DEF,0.0
2022,Agri06_Biochar,DEG,0.0
2023,Agri01_AGC,DE1,1219608.6876285363
2023,Agri01_AGC,DE2,2795459.830730727
2023,Agri01_AGC,DE3,0.0
2023,Agri01_AGC,DE4,0.0
2023,Agri01_AGC,DE5,0.0
2023,Agri01_AGC,DE6,0.0
2023,Agri01_AGC,DE7,701233.2228030964
2023,Agri01_AGC,DE8,396624.62148496346
2023,Agri01_AGC,DE9,2337363.1046848428
2023,Agri01_AGC,DEA,1430408.2324028648
2023,Agri01_AGC,DEB,0.0
2023,Agri01_AGC,DEC,0.0
2023,Agri01_AGC,DEE,1082115.0593894897
2023,Agri01_AGC,DED,0.0
2023,Agri01_AGC,DEF,825393.3625380616
2023,Agri01_AGC,DEG,659879.2253928753
2023,Agri02_OFC,DE1,0.0
2023,Agri02_OFC,DE2,0.0
2023,Agri02_OFC,DE3,0.0
2023,Agri02_OFC,DE4,0.0
2023,Agri02_OFC,DE5,0.0
2023,Agri02_OFC,DE6,0.0
2023,Agri02_OFC,DE7,0.0
2023,Agri02_OFC,DE8,0.0
2023,Agri02_OFC,DE9,0.0
2023,Agri02_OFC,DEA,0.0
2023,Agri02_OFC,DEB,0.0
2023,Agri02_OFC,DEC,0.0
2023,Agri02_OFC,DEE,0.0
2023,Agri02_OFC,DED,0.0
2023,Agri02_OFC,DEF,0.0
2023,Agri02_OFC,DEG,0.0
2023,Agri03_No-till,DE1,0.0
2023,Agri03_No-till,DE2,0.0
2023,Agri03_No-till,DE3,0.0
2023,Agri03_No-till,DE4,0.0
2023,Agri03_No-till,DE5,0.0
2023,Agri03_No-till,DE6,0.0
2023,Agri03_No-till,DE7,0.0
2023,Agri03_No-till,DE8,0.0
2023,Agri03_No-till,DE9,0.0
2023,Agri03_No-till,DEA,0.0
2023,Agri03_No-till,DEB,0.0
2023,Agri03_No-till,DEC,0.0
2023,Agri03_No-till,DEE,0.0
2023,Agri03_No-till,DED,0.0
2023,Agri03_No-till,DEF,0.0
2023,Agri03_No-till,DEG,0.0
2023,Agri04_toGrassland,DE1,30658.10176744034
2023,Agri04_toGrassland,DE2,63279.317315355904
2023,Agri04_toGrassland,DE3,3078.3756658463426
2023,Agri04_toGrassland,DE4,27058.524738375752
2023,Agri04_toGrassland,DE5,1572.3274368213174
2023,Agri04_toGrassland,DE6,427.0994951952939
2023,Agri04_toGrassland,DE7,15985.420893767117
2023,Agri04_toGrassland,DE8,29276.893311055308
2023,Agri04_toGrassland,DE9,52744.80620290358
2023,Agri04_toGrassland,DEA,31864.383472722504
2023,Agri04_toGrassland,DEB,16438.666982586852
2023,Agri04_toGrassland,DEC,3572.976776634893
2023,Agri04_toGrassland,DEE,24156.123458214734
2023,Agri04_toGrassland,DED,18489.115086864287
2023,Agri04_toGrassland,DEF,19002.28901987096
2023,Agri04_toGrassland,DEG,15191.729909342073
2023,Agri05_Agroforestry,DE1,478256.1612965474
2023,Agri05_Agroforestry,DE2,871330.6115238444
2023,Agri05_Agroforestry,DE3,21909.023863667968
2023,Agri05_Agroforestry,DE4,442374.86725758197
2023,Agri05_Agroforestry,DE5,69055.72029012481
2023,Agri05_Agroforestry,DE6,9826.146293045886
2023,Agri05_Agroforestry,DE7,208628.12414781653
2023,Agri05_Agroforestry,DE8,460398.16723244364
2023,Agri05_Agroforestry,DE9,743178.4622952007
2023,Agri05_Agroforestry,DEA,491576.53553303436
2023,Agri05_Agroforestry,DEB,272654.893042106
2023,Agri05_Agroforestry,DEC,116708.27818204564
2023,Agri05_Agroforestry,DEE,367400.62637426634
2023,Agri05_Agroforestry,DED,298080.85785048426
2023,Agri05_Agroforestry,DEF,229009.2756633771
2023,Agri05_Agroforestry,DEG,183093.34634340208
2023,Agri06_Biochar,DE1,0.0
2023,Agri06_Biochar,DE2,0.0
2023,Agri06_Biochar,DE3,0.0
2023,Agri06_Biochar,DE4,0.0
2023,Agri06_Biochar,DE5,0.0
2023,Agri06_Biochar,DE6,0.0
2023,Agri06_Biochar,DE7,0.0
2023,Agri06_Biochar,DE8,0.0
2023,Agri06_Biochar,DE9,0.0
2023,Agri06_Biochar,DEA,0.0
2023,Agri06_Biochar,DEB,0.0
2023,Agri06_Biochar,DEC,0.0
2023,Agri06_Biochar,DEE,0.0
2023,Agri06_Biochar,DED,0.0
2023,Agri06_Biochar,DEF,0.0
2023,Agri06_Biochar,DEG,0.0
2024,Agri01_AGC,DE1,2547982.643049041
2024,Agri01_AGC,DE2,5382934.919382712
2024,Agri01_AGC,DE3,0.0
2024,Agri01_AGC,DE4,453880.2867372077
2024,Agri01_AGC,DE5,0.0
2024,Agri01_AGC,DE6,0.0
2024,Agri01_AGC,DE7,1340753.1231735675
2024,Agri01_AGC,DE8,1697734.0964367464
2024,Agri01_AGC,DE9,4514867.200942624
2024,Agri01_AGC,DEA,2798270.663737691
2024,Agri01_AGC,DEB,0.0
2024,Agri01_AGC,DEC,0.0
2024,Agri01_AGC,DEE,2112613.9119669804
2024,Agri01_AGC,DED,839936.0667733818
2024,Agri01_AGC,DEF,1562257.0825650012
2024,Agri01_AGC,DEG,1248987.9185028295
2024,Agri02_OFC,DE1,0.0
2024,Agri02_OFC,DE2,0.0
2024,Agri02_OFC,DE3,0.0
2024,Agri02_OFC,DE4,0.0
2024,Agri02_OFC,DE5,0.0
2024,Agri02_OFC,DE6,0.0
2024,Agri02_OFC,DE7,0.0
2024,Agri02_OFC,DE8,0.0
2024,Agri02_OFC,DE9,0.0
2024,Agri02_OFC,DEA,0.0
2024,Agri02_OFC,DEB,0.0
2024,Agri02_OFC,DEC,0.0
2024,Agri02_OFC,DEE,0.0
2024,Agri02_OFC,DED,0.0
2024,Agri02_OFC,DEF,0.0
2024,Agri02_OFC,DEG,0.0
2024,Agri03_No-till,DE1,0.0
2024,Agri03_No-till,DE2,0.0
2024,Agri03_No-till,DE3,0.0
2024,Agri03_No-till,DE4,0.0
2024,Agri03_No-till,DE5,0.0
2024,Agri03_No-till,DE6,0.0
2024,Agri03_No-till,DE7,0.0
2024,Agri03_No-till,DE8,0.0
2024,Agri03_No-till,DE9,0.0
2024,Agri03_No-till,DEA,0.0
2024,Agri03_No-till,DEB,0.0
2024,Agri03_No-till,DEC,0.0
2024,Agri03_No-till,DEE,0.0
2024,Agri03_No-till,DED,0.0
2024,Agri03_No-till,DEF,0.0
2024,Agri03_No-till,DEG,0.0
2024,Agri04_toGrassland,DE1,46010.18651057363
2024,Agri04_toGrassland,DE2,93301.6158605223
2024,Agri04_toGrassland,DE3,6027.474446742836
2024,Agri04_toGrassland,DE4,40899.545289745234
2024,Agri04_toGrassland,DE5,2999.837227034316
2024,Agri04_toGrassland,DE6,686.4513437007214
2024,Agri04_toGrassland,DE7,23404.447477075104
2024,Agri04_toGrassland,DE8,43990.3630816975
2024,Agri04_toGrassland,DE9,78012.12241452864
2024,Agri04_toGrassland,DEA,47741.483514179075
2024,Agri04_toGrassland,DEB,24903.50047118136
2024,Agri04_toGrassland,DEC,6238.711793652326
2024,Agri04_toGrassland,DEE,36116.80714498156
2024,Agri04_toGrassland,DED,27886.397097817175
2024,Agri04_toGrassland,DEF,27548.43178169391
2024,Agri04_toGrassland,DEG,22024.211303315842
2024,Agri05_Agroforestry,DE1,760870.9528311179
2024,Agri05_Agroforestry,DE2,1300038.951756419
2024,Agri05_Agroforestry,DE3,22934.365092009033
2024,Agri05_Agroforestry,DE4,718872.4500152268
2024,Agri05_Agroforestry,DE5,143001.29279467146
2024,Agri05_Agroforestry,DE6,17987.05912643034
2024,Agri05_Agroforestry,DE7,301593.3401277484
2024,Agri05_Agroforestry,DE8,735205.1598353728
2024,Agri05_Agroforestry,DE9,1123086.0962237052
2024,Agri05_Agroforestry,DEA,777971.557999041
2024,Agri05_Agroforestry,DEB,445843.37331303116
2024,Agri05_Agroforestry,DEC,231050.36640127876
2024,Agri05_Agroforestry,DEE,577492.1602878664
2024,Agri05_Agroforestry,DED,481411.89804098284
2024,Agri05_Agroforestry,DEF,314161.7211545421
2024,Agri05_Agroforestry,DEG,251180.26887258643
2024,Agri06_Biochar,DE1,0.0
2024,Agri06_Biochar,DE2,0.0
2024,Agri06_Biochar,DE3,0.0
2024,Agri06_Biochar,DE4,0.0
2024,Agri06_Biochar,DE5,0.0
2024,Agri06_Biochar,DE6,0.0
2024,Agri06_Biochar,DE7,0.0
2024,Agri06_Biochar,DE8,0.0
2024,Agri06_Biochar,DE9,0.0
2024,Agri06_Biochar,DEA,0.0
2024,Agri06_Biochar,DEB,0.0
2024,Agri06_Biochar,DEC,0.0
2024,Agri06_Biochar,DEE,0.0
2024,Agri06_Biochar,DED,0.0
2024,Agri06_Biochar,DEF,0.0
2024,Agri06_Biochar,DEG,0.0
2025,Agri01_AGC,DE1,3815351.8306385325
2025,Agri01_AGC,DE2,7762906.437391876
2025,Agri01_AGC,DE3,0.0
2025,Agri01_AGC,DE4,1680808.5913589138
2025,Agri01_AGC,DE5,0.0
2025,Agri01_AGC,DE6,0.0
2025,Agri01_AGC,DE7,1919762.9208748534
2025,Agri01_AGC,DE8,2943185.7508868063
2025,Agri01_AGC,DE9,6531321.292949502
2025,Agri01_AGC,DEA,4098855.1002577064
2025,Agri01_AGC,DEB,763607.0358345537
2025,Agri01_AGC,DEC,0.0
2025,Agri01_AGC,DEE,3088404.475375349
2025,Agri01_AGC,DED,1649885.1824493504
2025,Agri01_AGC,DEF,2213810.238206615
2025,Agri01_AGC,DEG,1769898.908853234
2025,Agri02_OFC,DE1,0.0
2025,Agri02_OFC,DE2,0.0
2025,Agri02_OFC,DE3,0.0
2025,Agri02_OFC,DE4,0.0
2025,Agri02_OFC,DE5,0.0
2025,Agri02_OFC,DE6,0.0
2025,Agri02_OFC,DE7,0.0
2025,Agri02_OFC,DE8,0.0
2025,Agri02_OFC,DE9,0.0
2025,Agri02_OFC,DEA,0.0
2025,Agri02_OFC,DEB,0.0
2025,Agri02_OFC,DEC,0.0
2025,Agri02_OFC,DEE,0.0
2025,Agri02_OFC,DED,0.0
2025,Agri02_OFC,DEF,0.0
2025,Agri02_OFC,DEG,0.0
2025,Agri03_No-till,DE1,0.0
2025,Agri03_No-till,DE2,0.0
2025,Agri03_No-till,DE3,0.0
2025,Agri03_No-till,DE4,0.0
2025,Agri03_No-till,DE5,0.0
2025,Agri03_No-till,DE6,0.0
2025,Agri03_No-till,DE7,0.0
2025,Agri03_No-till,DE8,0.0
2025,Agri03_No-till,DE9,0.0
2025,Agri03_No-till,DEA,0.0
2025,Agri03_No-till,DEB,0.0
2025,Agri03_No-till,DEC,0.0
2025,Agri03_No-till,DEE,0.0
2025,Agri03_No-till,DED,0.0
2025,Agri03_No-till,DEF,0.0
2025,Agri03_No-till,DEG,0.0
2025,Agri04_toGrassland,DE1,61343.6303740793
2025,Agri04_toGrassland,DE2,122248.91282721558
2025,Agri04_toGrassland,DE3,9851.036367874316
2025,Agri04_toGrassland,DE4,54905.549727462116
2025,Agri04_toGrassland,DE5,4824.941337135571
2025,Agri04_toGrassland,DE6,973.858955510739
2025,Agri04_toGrassland,DE7,30449.116352396548
2025,Agri04_toGrassland,DE8,58719.04503149518
2025,Agri04_toGrassland,DE9,102534.69810439083
2025,Agri04_toGrassland,DEA,63550.00600257162
2025,Agri04_toGrassland,DEB,33503.49174413298
2025,Agri04_toGrassland,DEC,9447.999734129953
2025,Agri04_toGrassland,DEE,47978.427721959306
2025,Agri04_toGrassland,DED,37358.87138484472
2025,Agri04_toGrassland,DEF,35479.57253068371
2025,Agri04_toGrassland,DEG,28365.086603872085
2025,Agri05_Agroforestry,DE1,1115517.7504621414
2025,Agri05_Agroforestry,DE2,1807256.4304573701
2025,Agri05_Agroforestry,DE3,23959.706320350106
2025,Agri05_Agroforestry,DE4,1071226.9917236445
2025,Agri05_Agroforestry,DE5,196695.89694870778
2025,Agri05_Agroforestry,DE6,29068.25732809861
2025,Agri05_Agroforestry,DE7,407432.66983761213
2025,Agri05_Agroforestry,DE8,1081033.7932528947
2025,Agri05_Agroforestry,DE9,1578675.0617766068
2025,Agri05_Agroforestry,DEA,1135901.9825238693
2025,Agri05_Agroforestry,DEB,667481.000623272
2025,Agri05_Agroforestry,DEC,390729.93570567627
2025,Agri05_Agroforestry,DEE,838627.3586576587
2025,Agri05_Agroforestry,DED,714034.7197011402
2025,Agri05_Agroforestry,DEF,403110.3367695016
2025,Agri05_Agroforestry,DEG,322306.7528169264
2025,Agri06_Biochar,DE1,0.0
2025,Agri06_Biochar,DE2,0.0
2025,Agri06_Biochar,DE3,0.0
2025,Agri06_Biochar,DE4,0.0
2025,Agri06_Biochar,DE5,0.0
2025,Agri06_Biochar,DE6,0.0
2025,Agri06_Biochar,DE7,0.0
2025,Agri06_Biochar,DE8,0.0
2025,Agri06_Biochar,DE9,0.0
2025,Agri06_Biochar,DEA,0.0
2025,Agri06_Biochar,DEB,0.0
2025,Agri06_Biochar,DEC,0.0
2025,Agri06_Biochar,DEE,0.0
2025,Agri06_Biochar,DED,0.0
2025,Agri06_Biochar,DEF,0.0
2025,Agri06_Biochar,DEG,0.0
2026,Agri01_AGC,DE1,5016665.053919008
2026,Agri01_AGC,DE2,9935855.556194149
2026,Agri01_AGC,DE3,0.0
2026,Agri01_AGC,DE4,2861808.7165349345
2026,Agri01_AGC,DE5,0.0
2026,Agri01_AGC,DE6,0.0
2026,Agri01_AGC,DE7,2439465.8356703953
2026,Agri01_AGC,DE8,4127808.5678468845
2026,Agri01_AGC,DE9,8385534.384881638
2026,Agri01_AGC,DEA,5327429.3482161425
2026,Agri01_AGC,DEB,1501693.2893520351
2026,Agri01_AGC,DEC,0.0
2026,Agri01_AGC,DEE,4006394.667257473
2026,Agri01_AGC,DED,2425891.583819404
2026,Agri01_AGC,DEF,2783271.9075887003
2026,Agri01_AGC,DEG,2225185.025967462
2026,Agri02_OFC,DE1,0.0
2026,Agri02_OFC,DE2,0.0
2026,Agri02_OFC,DE3,0.0
2026,Agri02_OFC,DE4,0.0
2026,Agri02_OFC,DE5,0.0
2026,Agri02_OFC,DE6,0.0
2026,Agri02_OFC,DE7,0.0
2026,Agri02_OFC,DE8,0.0
2026,Agri02_OFC,DE9,0.0
2026,Agri02_OFC,DEA,0.0
2026,Agri02_OFC,DEB,0.0
2026,Agri02_OFC,DEC,0.0
2026,Agri02_OFC,DEE,0.0
2026,Agri02_OFC,DED,0.0
2026,Agri02_OFC,DEF,0.0
2026,Agri02_OFC,DEG,0.0
2026,Agri03_No-till,DE1,0.0
2026,Agri03_No-till,DE2,0.0
2026,Agri03_No-till,DE3,0.0
2026,Agri03_No-till,DE4,0.0
2026,Agri03_No-till,DE5,0.0
2026,Agri03_No-till,DE6,0.0
2026,Agri03_No-till,DE7,0.0
2026,Agri03_No-till,DE8,0.0
2026,Agri03_No-till,DE9,0.0
2026,Agri03_No-till,DEA,0.0
2026,Agri03_No-till,DEB,0.0
2026,Agri03_No-till,DEC,0.0
2026,Agri03_No-till,DEE,0.0
2026,Agri03_No-till,DED,0.0
2026,Agri03_No-till,DEF,0.0
2026,Agri03_No-till,DEG,0.0
2026,Agri04_toGrassland,DE1,76632.93576853015
2026,Agri04_toGrassland,DE2,150123.63708783675
2026,Agri04_toGrassland,DE3,14499.953310430366
2026,Agri04_toGrassland,DE4,69044.39687519621
2026,Agri04_toGrassland,DE5,7025.162471140109
2026,Agri04_toGrassland,DE6,1287.4631026498996
2026,Agri04_toGrassland,DE7,37125.50117052935
2026,Agri04_toGrassland,DE8,73436.83673725773
2026,Agri04_toGrassland,DE9,126306.52132608142
2026,Agri04_toGrassland,DEA,79266.06362055452
2026,Agri04_toGrassland,DEB,42217.25914105905
2026,Agri04_toGrassland,DEC,13168.881976312929
2026,Agri04_toGrassland,DEE,59725.3768779765
2026,Agri04_toGrassland,DED,46886.569921242575
2026,Agri04_toGrassland,DEF,42811.96063127179
2026,Agri04_toGrassland,DEG,34227.34302129632
2026,Agri05_Agroforestry,DE1,1548456.9365167727
2026,Agri05_Agroforestry,DE2,2398609.0897903345
2026,Agri05_Agroforestry,DE3,24985.047548691167
2026,Agri05_Agroforestry,DE4,1506240.8796517628
2026,Agri05_Agroforestry,DE5,205113.3796127477
2026,Agri05_Agroforestry,DE6,43356.25289831021
2026,Agri05_Agroforestry,DE7,526843.8291361685
2026,Agri05_Agroforestry,DE8,1504094.7709161292
2026,Agri05_Agroforestry,DE9,2115699.7139795106
2026,Agri05_Agroforestry,DEA,1571528.1971563133
2026,Agri05_Agroforestry,DEB,941946.2084193504
2026,Agri05_Agroforestry,DEC,600317.6760987709
2026,Agri05_Agroforestry,DEE,1155145.0226207045
2026,Agri05_Agroforestry,DED,1000333.1654406498
2026,Agri05_Agroforestry,DEF,495488.0185015201
2026,Agri05_Agroforestry,DEG,396179.7929011002
2026,Agri06_Biochar,DE1,0.0
2026,Agri06_Biochar,DE2,0.0
2026,Agri06_Biochar,DE3,0.0
2026,Agri06_Biochar,DE4,0.0
2026,Agri06_Biochar,DE5,0.0
2026,Agri06_Biochar,DE6,0.0
2026,Agri06_Biochar,DE7,0.0
2026,Agri06_Biochar,DE8,0.0
2026,Agri06_Biochar,DE9,0.0
2026,Agri06_Biochar,DEA,0.0
2026,Agri06_Biochar,DEB,0.0
2026,Agri06_Biochar,DEC,0.0
2026,Agri06_Biochar,DEE,0.0
2026,Agri06_Biochar,DED,0.0
2026,Agri06_Biochar,DEF,0.0
2026,Agri06_Biochar,DEG,0.0
2027,Agri01_AGC,DE1,6146871.116412459
2027,Agri01_AGC,DE2,11902263.44722545
2027,Agri01_AGC,DE3,0.0
2027,Agri01_AGC,DE4,3990513.3389094113
2027,Agri01_AGC,DE5,0.0
2027,Agri01_AGC,DE6,0.0
2027,Agri01_AGC,DE7,2901065.0873236316
2027,Agri01_AGC,DE8,5246431.53032872
2027,Agri01_AGC,DE9,10076315.480915185
2027,Agri01_AGC,DEA,6479261.213866224
2027,Agri01_AGC,DEB,2210022.949636783
2027,Agri01_AGC,DEC,0.0
2027,Agri01_AGC,DEE,4863492.405256228
2027,Agri01_AGC,DED,3163999.507675038
2027,Agri01_AGC,DEF,3273861.1688370514
2027,Agri01_AGC,DEG,2617419.0993688838
2027,Agri02_OFC,DE1,0.0
2027,Agri02_OFC,DE2,0.0
2027,Agri02_OFC,DE3,0.0
2027,Agri02_OFC,DE4,0.0
2027,Agri02_OFC,DE5,0.0
2027,Agri02_OFC,DE6,0.0
2027,Agri02_OFC,DE7,0.0
2027,Agri02_OFC,DE8,0.0
2027,Agri02_OFC,DE9,0.0
2027,Agri02_OFC,DEA,0.0
2027,Agri02_OFC,DEB,0.0
2027,Agri02_OFC,DEC,0.0
2027,Agri02_OFC,DEE,0.0
2027,Agri02_OFC,DED,0.0
2027,Agri02_OFC,DEF,0.0
2027,Agri02_OFC,DEG,0.0
2027,Agri03_No-till,DE1,0.0
2027,Agri03_No-till,DE2,0.0
2027,Agri03_No-till,DE3,0.0
2027,Agri03_No-till,DE4,0.0
2027,Agri03_No-till,DE5,0.0
2027,Agri03_No-till,DE6,0.0
2027,Agri03_No-till,DE7,0.0
2027,Agri03_No-till,DE8,0.0
2027,Agri03_No-till,DE9,0.0
2027,Agri03_No-till,DEA,0.0
2027,Agri03_No-till,DEB,0.0
2027,Agri03_No-till,DEC,0.0
2027,Agri03_No-till,DEE,0.0
2027,Agri03_No-till,DED,0.0
2027,Agri03_No-till,DEF,0.0
2027,Agri03_No-till,DEG,0.0
2027,Agri04_toGrassland,DE1,91852.60510449891
2027,Agri04_toGrassland,DE2,176928.2175147868
2027,Agri04_toGrassland,DE3,19925.117155600576
2027,Agri04_toGrassland,DE4,83283.94555661728
2027,Agri04_toGrassland,DE5,9578.023333062956
2027,Agri04_toGrassland,DE6,1625.4045571427564
2027,Agri04_toGrassland,DE7,43439.675582271426
2027,Agri04_toGrassland,DE8,88117.63577579452
2027,Agri04_toGrassland,DE9,149321.58013319166
2027,Agri04_toGrassland,DEA,94865.76905078211
2027,Agri04_toGrassland,DEB,51023.421001576855
2027,Agri04_toGrassland,DEC,17369.399898446412
2027,Agri04_toGrassland,DEE,71342.04630186161
2027,Agri04_toGrassland,DED,56449.524680306386
2027,Agri04_toGrassland,DEF,49561.84544788956
2027,Agri04_toGrassland,DEG,39623.96776587405
2027,Agri05_Agroforestry,DE1,2065948.8933221684
2027,Agri05_Agroforestry,DE2,3079722.9719189513
2027,Agri05_Agroforestry,DE3,26010.38877703224
2027,Agri05_Agroforestry,DE4,2030716.5010685106
2027,Agri05_Agroforestry,DE5,213530.86227678772
2027,Agri05_Agroforestry,DE6,61137.55783732471
2027,Agri05_Agroforestry,DE7,660524.5338821791
2027,Agri05_Agroforestry,DE8,2010598.7962561988
2027,Agri05_Agroforestry,DE9,2739914.4078580257
2027,Agri05_Agroforestry,DEA,2091010.5899451682
2027,Agri05_Agroforestry,DEB,1273617.4301477894
2027,Agri05_Agroforestry,DEC,864384.2775840965
2027,Agri05_Agroforestry,DEE,1531383.9533140669
2027,Agri05_Agroforestry,DED,1344691.0778692062
2027,Agri05_Agroforestry,DEF,590927.6623438627
2027,Agri05_Agroforestry,DEG,472506.3838497863
2027,Agri06_Biochar,DE1,0.0
2027,Agri06_Biochar,DE2,0.0
2027,Agri06_Biochar,DE3,0.0
2027,Agri06_Biochar,DE4,0.0
2027,Agri06_Biochar,DE5,0.0
2027,Agri06_Biochar,DE6,0.0
2027,Agri06_Biochar,DE7,0.0
2027,Agri06_Biochar,DE8,0.0
2027,Agri06_Biochar,DE9,0.0
2027,Agri06_Biochar,DEA,0.0
2027,Agri06_Biochar,DEB,0.0
2027,Agri06_Biochar,DEC,0.0
2027,Agri06_Biochar,DEE,0.0
2027,Agri06_Biochar,DED,0.0
2027,Agri06_Biochar,DEF,0.0
2027,Agri06_Biochar,DEG,0.0
2028,Agri01_AGC,DE1,7200918.821640884
2028,Agri01_AGC,DE2,13662611.281921703
2028,Agri01_AGC,DE3,0.0
2028,Agri01_AGC,DE4,5060555.135126487
2028,Agri01_AGC,DE5,0.0
2028,Agri01_AGC,DE6,0.0
2028,Agri01_AGC,DE7,3305763.8955980036
2028,Agri01_AGC,DE8,6293883.621344055
2028,Agri01_AGC,DE9,11602473.585226307
2028,Agri01_AGC,DEA,7549618.503461181
2028,Agri01_AGC,DEB,2884360.2057731384
2028,Agri01_AGC,DEC,0.0
2028,Agri01_AGC,DEE,5656605.607014491
2028,Agri01_AGC,DED,3860253.190807753
2028,Agri01_AGC,DEF,3688797.100077465
2028,Agri01_AGC,DEG,2949173.958580872
2028,Agri02_OFC,DE1,0.0
2028,Agri02_OFC,DE2,0.0
2028,Agri02_OFC,DE3,0.0
2028,Agri02_OFC,DE4,0.0
2028,Agri02_OFC,DE5,0.0
2028,Agri02_OFC,DE6,0.0
2028,Agri02_OFC,DE7,0.0
2028,Agri02_OFC,DE8,0.0
2028,Agri02_OFC,DE9,0.0
2028,Agri02_OFC,DEA,0.0
2028,Agri02_OFC,DEB,0.0
2028,Agri02_OFC,DEC,0.0
2028,Agri02_OFC,DEE,0.0
2028,Agri02_OFC,DED,0.0
2028,Agri02_OFC,DEF,0.0
2028,Agri02_OFC,DEG,0.0
2028,Agri03_No-till,DE1,0.0
2028,Agri03_No-till,DE2,0.0
2028,Agri03_No-till,DE3,0.0
2028,Agri03_No-till,DE4,0.0
2028,Agri03_No-till,DE5,0.0
2028,Agri03_No-till,DE6,0.0
2028,Agri03_No-till,DE7,0.0
2028,Agri03_No-till,DE8,0.0
2028,Agri03_No-till,DE9,0.0
2028,Agri03_No-till,DEA,0.0
2028,Agri03_No-till,DEB,0.0
2028,Agri03_No-till,DEC,0.0
2028,Agri03_No-till,DEE,0.0
2028,Agri03_No-till,DED,0.0
2028,Agri03_No-till,DEF,0.0
2028,Agri03_No-till,DEG,0.0
2028,Agri04_toGrassland,DE1,106977.14079255833
2028,Agri04_toGrassland,DE2,202665.08298046666
2028,Agri04_toGrassland,DE3,26077.419784574515
2028,Agri04_toGrassland,DE4,97592.05459539511
2028,Agri04_toGrassland,DE5,12461.046626919133
2028,Agri04_toGrassland,DE6,1985.824091013861
2028,Agri04_toGrassland,DE7,49397.713238420634
2028,Agri04_toGrassland,DE8,102735.33972391489
2028,Agri04_toGrassland,DE9,171573.86257931276
2028,Agri04_toGrassland,DEA,110325.23497590874
2028,Agri04_toGrassland,DEB,59900.595665303714
2028,Agri04_toGrassland,DEC,22017.594878775548
2028,Agri04_toGrassland,DEE,82812.82768244314
2028,Agri04_toGrassland,DED,66027.76763533175
2028,Agri04_toGrassland,DEF,55745.47634496842
2028,Agri04_toGrassland,DEG,44567.94804789076
2028,Agri05_Agroforestry,DE1,2674254.0032054824
2028,Agri05_Agroforestry,DE2,3856224.119006857
2028,Agri05_Agroforestry,DE3,27035.73000537331
2028,Agri05_Agroforestry,DE4,2651456.243242815
2028,Agri05_Agroforestry,DE5,221948.3449408277
2028,Agri05_Agroforestry,DE6,82698.68414540162
2028,Agri05_Agroforestry,DE7,809172.4999344046
2028,Agri05_Agroforestry,DE8,2606756.5727042235
2028,Agri05_Agroforestry,DE9,3457073.4984377557
2028,Agri05_Agroforestry,DEA,2700509.548939228
2028,Agri05_Agroforestry,DEB,1666873.0992551106
2028,Agri05_Agroforestry,DEC,988936.949598739
2028,Agri05_Agroforestry,DEE,1971682.9518748068
2028,Agri05_Agroforestry,DED,1751492.299596503
2028,Agri05_Agroforestry,DEF,689062.1642897938
2028,Agri05_Agroforestry,DEG,550993.5203876628
2028,Agri06_Biochar,DE1,0.0
2028,Agri06_Biochar,DE2,0.0
2028,Agri06_Biochar,DE3,0.0
2028,Agri06_Biochar,DE4,0.0
2028,Agri06_Biochar,DE5,0.0
2028,Agri06_Biochar,DE6,0.0
2028,Agri06_Biochar,DE7,0.0
2028,Agri06_Biochar,DE8,0.0
2028,Agri06_Biochar,DE9,0.0
2028,Agri06_Biochar,DEA,0.0
2028,Agri06_Biochar,DEB,0.0
2028,Agri06_Biochar,DEC,0.0
2028,Agri06_Biochar,DEE,0.0
2028,Agri06_Biochar,DED,0.0
2028,Agri06_Biochar,DEF,0.0
2028,Agri06_Biochar,DEG,0.0
2029,Agri01_AGC,DE1,8173756.973126275
2029,Agri01_AGC,DE2,15217380.23171883
2029,Agri01_AGC,DE3,0.0
2029,Agri01_AGC,DE4,6065566.781830304
2029,Agri01_AGC,DE5,0.0
2029,Agri01_AGC,DE6,7293.038545803171
2029,Agri01_AGC,DE7,3654765.480256952
2029,Agri01_AGC,DE8,7264993.82390463
2029,Agri01_AGC,DE9,12962817.70199116
2029,Agri01_AGC,DEA,8533769.023254244
2029,Agri01_AGC,DEB,3520469.246845441
2029,Agri01_AGC,DEC,0.0
2029,Agri01_AGC,DEE,6382642.190175141
2029,Agri01_AGC,DED,4510696.870009044
2029,Agri01_AGC,DEF,4031298.779435738
2029,Agri01_AGC,DEG,3223022.4331267993
2029,Agri02_OFC,DE1,888142.2635420243
2029,Agri02_OFC,DE2,1485311.8363330977
2029,Agri02_OFC,DE3,383263.0621648671
2029,Agri02_OFC,DE4,844752.4533384603
2029,Agri02_OFC,DE5,179296.65654585857
2029,Agri02_OFC,DE6,21874.992675359306
2029,Agri02_OFC,DE7,340718.5821472538
2029,Agri02_OFC,DE8,859208.4392728953
2029,Agri02_OFC,DE9,1288816.0820456874
2029,Agri02_OFC,DEA,906575.478437156
2029,Agri02_OFC,DEB,524927.0127179004
2029,Agri02_OFC,DEC,286643.70664396626
2029,Agri02_OFC,DEE,671469.6360415728
2029,Agri02_OFC,DED,564621.817052092
2029,Agri02_OFC,DEF,347973.952269717
2029,Agri02_OFC,DEG,278217.2029300967
2029,Agri03_No-till,DE1,0.0
2029,Agri03_No-till,DE2,0.0
2029,Agri03_No-till,DE3,0.0
2029,Agri03_No-till,DE4,0.0
2029,Agri03_No-till,DE5,0.0
2029,Agri03_No-till,DE6,0.0
2029,Agri03_No-till,DE7,0.0
2029,Agri03_No-till,DE8,0.0
2029,Agri03_No-till,DE9,0.0
2029,Agri03_No-till,DEA,0.0
2029,Agri03_No-till,DEB,0.0
2029,Agri03_No-till,DEC,0.0
2029,Agri03_No-till,DEE,0.0
2029,Agri03_No-till,DED,0.0
2029,Agri03_No-till,DEF,0.0
2029,Agri03_No-till,DEG,0.0
2029,Agri04_toGrassland,DE1,121981.04524328116
2029,Agri04_toGrassland,DE2,227336.6623572773
2029,Agri04_toGrassland,DE3,32907.75307854178
2029,Agri04_toGrassland,DE4,111936.58281519945
2029,Agri04_toGrassland,DE5,15651.755056723663
2029,Agri04_toGrassland,DE6,2366.862476287767
2029,Agri04_toGrassland,DE7,55005.68778977488
2029,Agri04_toGrassland,DE8,117263.84615842819
2029,Agri04_toGrassland,DE9,193057.356718036
2029,Agri04_toGrassland,DEA,125620.57407858873
2029,Agri04_toGrassland,DEB,68827.40147185694
2029,Agri04_toGrassland,DEC,27081.508295545496
2029,Agri04_toGrassland,DEE,94122.11270854955
2029,Agri04_toGrassland,DED,75601.33075961433
2029,Agri04_toGrassland,DEF,61379.10268693979
2029,Agri04_toGrassland,DEG,49072.27107763196
2029,Agri05_Agroforestry,DE1,3379632.6484938716
2029,Agri05_Agroforestry,DE2,4733738.57321769
2029,Agri05_Agroforestry,DE3,28061.07123371438
2029,Agri05_Agroforestry,DE4,3375262.493443607
2029,Agri05_Agroforestry,DE5,230365.82760486772
2029,Agri05_Agroforestry,DE6,108326.14382280051
2029,Agri05_Agroforestry,DE7,973485.4431516066
2029,Agri05_Agroforestry,DE8,3298778.8036913252
2029,Agri05_Agroforestry,DE9,4272931.34074431
2029,Agri05_Agroforestry,DEA,3406185.462187287
2029,Agri05_Agroforestry,DEB,2126091.6491878373
2029,Agri05_Agroforestry,DEC,1026442.7919211736
2029,Agri05_Agroforestry,DEE,2480380.8194399867
2029,Agri05_Agroforestry,DED,2225120.6732322345
2029,Agri05_Agroforestry,DEF,789524.4203325786
2029,Agri05_Agroforestry,DEG,631348.1972394082
2029,Agri06_Biochar,DE1,0.0
2029,Agri06_Biochar,DE2,0.0
2029,Agri06_Biochar,DE3,0.0
2029,Agri06_Biochar,DE4,0.0
2029,Agri06_Biochar,DE5,0.0
2029,Agri06_Biochar,DE6,0.0
2029,Agri06_Biochar,DE7,0.0
2029,Agri06_Biochar,DE8,0.0
2029,Agri06_Biochar,DE9,0.0
2029,Agri06_Biochar,DEA,0.0
2029,Agri06_Biochar,DEB,0.0
2029,Agri06_Biochar,DEC,0.0
2029,Agri06_Biochar,DEE,0.0
2029,Agri06_Biochar,DED,0.0
2029,Agri06_Biochar,DEF,0.0
2029,Agri06_Biochar,DEG,0.0
2030,Agri01_AGC,DE1,9060334.374390626
2030,Agri01_AGC,DE2,16567051.468052758
2030,Agri01_AGC,DE3,0.0
2030,Agri01_AGC,DE4,6999180.955665003
2030,Agri01_AGC,DE5,0.0
2030,Agri01_AGC,DE6,39840.78918096669
2030,Agri01_AGC,DE7,3949273.061063915
2030,Agri01_AGC,DE8,8154591.121022183
2030,Agri01_AGC,DE9,14156156.835385898
2030,Agri01_AGC,DEA,9426980.579498634
2030,Agri01_AGC,DEB,4114114.2619380285
2030,Agri01_AGC,DEC,0.0
2030,Agri01_AGC,DEE,7038510.072381051
2030,Agri01_AGC,DED,5111374.7820704095
2030,Agri01_AGC,DEF,4304585.285037666
2030,Agri01_AGC,DEG,3441537.352530036
2030,Agri02_OFC,DE1,1716099.0169496154
2030,Agri02_OFC,DE2,2828229.470061991
2030,Agri02_OFC,DE3,775844.2541855446
2030,Agri02_OFC,DE4,1639566.2049774092
2030,Agri02_OFC,DE5,362492.8695008685
2030,Agri02_OFC,DE6,43407.882040637836
2030,Agri02_OFC,DE7,643664.102970524
2030,Agri02_OFC,DE8,1661521.5374056357
2030,Agri02_OFC,DE9,2461595.359292407
2030,Agri02_OFC,DEA,1749734.884381991
2030,Agri02_OFC,DEB,1020127.3591231211
2030,Agri02_OFC,DEC,575839.3003635524
2030,Agri02_OFC,DEE,1294038.8938712678
2030,Agri02_OFC,DED,1094462.407038402
2030,Agri02_OFC,DEF,648066.2509287762
2030,Agri02_OFC,DEG,518155.7384287361
2030,Agri03_No-till,DE1,0.0
2030,Agri03_No-till,DE2,0.0
2030,Agri03_No-till,DE3,0.0
2030,Agri03_No-till,DE4,0.0
2030,Agri03_No-till,DE5,0.0
2030,Agri03_No-till,DE6,0.0
2030,Agri03_No-till,DE7,0.0
2030,Agri03_No-till,DE8,0.0
2030,Agri03_No-till,DE9,0.0
2030,Agri03_No-till,DEA,0.0
2030,Agri03_No-till,DEB,0.0
2030,Agri03_No-till,DEC,0.0
2030,Agri03_No-till,DEE,0.0
2030,Agri03_No-till,DED,0.0
2030,Agri03_No-till,DEF,0.0
2030,Agri03_No-till,DEG,0.0
2030,Agri04_toGrassland,DE1,136838.8208672402
2030,Agri04_toGrassland,DE2,250945.38451761974
2030,Agri04_toGrassland,DE3,40367.008918691936
2030,Agri04_toGrassland,DE4,126285.38903970011
2030,Agri04_toGrassland,DE5,19127.671326491578
2030,Agri04_toGrassland,DE6,2766.6604849890273
2030,Agri04_toGrassland,DE7,60269.67288713207
2030,Agri04_toGrassland,DE8,131677.05265614385
2030,Agri04_toGrassland,DE9,213766.05060295263
2030,Agri04_toGrassland,DEA,140727.89904147648
2030,Agri04_toGrassland,DEB,77782.45676085383
2030,Agri04_toGrassland,DEC,32529.181527001416
2030,Agri04_toGrassland,DEE,105254.29306900935
2030,Agri04_toGrassland,DED,85150.24602644976
2030,Agri04_toGrassland,DEF,66478.9738382351
2030,Agri04_toGrassland,DEG,53149.92406538316
2030,Agri05_Agroforestry,DE1,4188345.211514489
2030,Agri05_Agroforestry,DE2,5717892.3767150855
2030,Agri05_Agroforestry,DE3,29086.412462055443
2030,Agri05_Agroforestry,DE4,4208937.638939811
2030,Agri05_Agroforestry,DE5,238783.31026890763
2030,Agri05_Agroforestry,DE6,138306.44886978084
2030,Agri05_Agroforestry,DE7,1154161.0793925456
2030,Agri05_Agroforestry,DE8,4092876.1926486236
2030,Agri05_Agroforestry,DE9,5193242.289803293
2030,Agri05_Agroforestry,DEA,4214198.7177381385
2030,Agri05_Agroforestry,DEB,2655651.5133924903
2030,Agri05_Agroforestry,DEC,1063948.6342436078
2030,Agri05_Agroforestry,DEE,3061816.357146668
2030,Agri05_Agroforestry,DED,2769960.041386094
2030,Agri05_Agroforestry,DEF,891947.3264654813
2030,Agri05_Agroforestry,DEG,713277.4091297003
2030,Agri06_Biochar,DE1,0.0
2030,Agri06_Biochar,DE2,0.0
2030,Agri06_Biochar,DE3,0.0
2030,Agri06_Biochar,DE4,0.0
2030,Agri06_Biochar,DE5,0.0
2030,Agri06_Biochar,DE6,0.0
2030,Agri06_Biochar,DE7,0.0
2030,Agri06_Biochar,DE8,0.0
2030,Agri06_Biochar,DE9,0.0
2030,Agri06_Biochar,DEA,0.0
2030,Agri06_Biochar,DEB,0.0
2030,Agri06_Biochar,DEC,0.0
2030,Agri06_Biochar,DEE,0.0
2030,Agri06_Biochar,DED,0.0
2030,Agri06_Biochar,DEF,0.0
2030,Agri06_Biochar,DEG,0.0
2031,Agri01_AGC,DE1,9855599.828955935
2031,Agri01_AGC,DE2,17712106.16235941
2031,Agri01_AGC,DE3,0.0
2031,Agri01_AGC,DE4,7855030.333274728
2031,Agri01_AGC,DE5,0.0
2031,Agri01_AGC,DE6,71557.53165173145
2031,Agri01_AGC,DE7,4190489.8577823355
2031,Agri01_AGC,DE8,8957504.495708458
2031,Agri01_AGC,DE9,15181299.989586687
2031,Agri01_AGC,DEA,10224520.97844759
2031,Agri01_AGC,DEB,4661059.440135243
2031,Agri01_AGC,DEC,0.0
2031,Agri01_AGC,DEE,7621117.1712751025
2031,Agri01_AGC,DED,5658331.163783347
2031,Agri01_AGC,DEF,4511875.695009045
2031,Agri01_AGC,DEG,3607291.546313956
2031,Agri02_OFC,DE1,2480362.6715313634
2031,Agri02_OFC,DE2,4029087.0302380095
2031,Agri02_OFC,DE3,1170987.993041632
2031,Agri02_OFC,DE4,2380019.737857511
2031,Agri02_OFC,DE5,546496.5383574374
2031,Agri02_OFC,DE6,64342.902465910454
2031,Agri02_OFC,DE7,909672.0872912862
2031,Agri02_OFC,DE8,2403348.5014464743
2031,Agri02_OFC,DE9,3517510.795313956
2031,Agri02_OFC,DEA,2526192.147030486
2031,Agri02_OFC,DEB,1482659.6603697955
2031,Agri02_OFC,DEC,863190.3773112415
2031,Agri02_OFC,DEE,1865560.608326143
2031,Agri02_OFC,DED,1586774.858339781
2031,Agri02_OFC,DEF,902512.2479536792
2031,Agri02_OFC,DEG,721602.1985994724
2031,Agri03_No-till,DE1,0.0
2031,Agri03_No-till,DE2,0.0
2031,Agri03_No-till,DE3,0.0
2031,Agri03_No-till,DE4,0.0
2031,Agri03_No-till,DE5,0.0
2031,Agri03_No-till,DE6,0.0
2031,Agri03_No-till,DE7,0.0
2031,Agri03_No-till,DE8,0.0
2031,Agri03_No-till,DE9,0.0
2031,Agri03_No-till,DEA,0.0
2031,Agri03_No-till,DEB,0.0
2031,Agri03_No-till,DEC,0.0
2031,Agri03_No-till,DEE,0.0
2031,Agri03_No-till,DED,0.0
2031,Agri03_No-till,DEF,0.0
2031,Agri03_No-till,DEG,0.0
2031,Agri04_toGrassland,DE1,151524.97007500814
2031,Agri04_toGrassland,DE2,273493.6783338949
2031,Agri04_toGrassland,DE3,48406.07918621458
2031,Agri04_toGrassland,DE4,140606.3320925668
2031,Agri04_toGrassland,DE5,22866.318140237894
2031,Agri04_toGrassland,DE6,3183.3588891421937
2031,Agri04_toGrassland,DE7,65195.742181290065
2031,Agri04_toGrassland,DE8,145948.85679387112
2031,Agri04_toGrassland,DE9,233693.9322876538
2031,Agri04_toGrassland,DEA,155623.32254722627
2031,Agri04_toGrassland,DEB,86744.37987191169
2031,Agri04_toGrassland,DEC,38328.65595138844
2031,Agri04_toGrassland,DEE,116193.760452651
2031,Agri04_toGrassland,DED,94654.54540913364
2031,Agri04_toGrassland,DEF,71061.33916328575
2031,Agri04_toGrassland,DEG,56813.894221429844
2031,Agri05_Agroforestry,DE1,5106652.074594493
2031,Agri05_Agroforestry,DE2,6814311.571662686
2031,Agri05_Agroforestry,DE3,30111.753690396512
2031,Agri05_Agroforestry,DE4,5159284.067000358
2031,Agri05_Agroforestry,DE5,247200.79293294766
2031,Agri05_Agroforestry,DE6,172926.11128660224
2031,Agri05_Agroforestry,DE7,1351897.1245159833
2031,Agri05_Agroforestry,DE8,4995259.443007241
2031,Agri05_Agroforestry,DE9,6223760.700640312
2031,Agri05_Agroforestry,DEA,5130709.703640579
2031,Agri05_Agroforestry,DEB,3259931.125315594
2031,Agri05_Agroforestry,DEC,1101454.4765660423
2031,Agri05_Agroforestry,DEE,3720328.366131913
2031,Agri05_Agroforestry,DED,3390394.2466677767
2031,Agri05_Agroforestry,DEF,995963.7786817675
2031,Agri05_Agroforestry,DEG,796488.150783218
2031,Agri06_Biochar,DE1,0.0
2031,Agri06_Biochar,DE2,0.0
2031,Agri06_Biochar,DE3,0.0
2031,Agri06_Biochar,DE4,0.0
2031,Agri06_Biochar,DE5,0.0
2031,Agri06_Biochar,DE6,0.0
2031,Agri06_Biochar,DE7,0.0
2031,Agri06_Biochar,DE8,0.0
2031,Agri06_Biochar,DE9,0.0
2031,Agri06_Biochar,DEA,0.0
2031,Agri06_Biochar,DEB,0.0
2031,Agri06_Biochar,DEC,0.0
2031,Agri06_Biochar,DEE,0.0
2031,Agri06_Biochar,DED,0.0
2031,Agri06_Biochar,DEF,0.0
2031,Agri06_Biochar,DEG,0.0
2032,Agri01_AGC,DE1,10554502.140344195
2032,Agri01_AGC,DE2,18653025.48607471
2032,Agri01_AGC,DE3,0.0
2032,Agri01_AGC,DE4,8626747.59130362
2032,Agri01_AGC,DE5,0.0
2032,Agri01_AGC,DE6,102074.94385344574
2032,Agri01_AGC,DE7,4379619.090175652
2032,Agri01_AGC,DE8,9668562.930975195
2032,Agri01_AGC,DE9,16037056.168769678
2032,Agri01_AGC,DEA,10921658.026354333
2032,Agri01_AGC,DEB,5157068.970521423
2032,Agri01_AGC,DEC,475872.6143503931
2032,Agri01_AGC,DEE,8127371.404500169
2032,Agri01_AGC,DED,6147610.251939353
2032,Agri01_AGC,DEF,4656389.087475671
2032,Agri01_AGC,DEG,3722857.8440019293
2032,Agri02_OFC,DE1,3177425.638595857
2032,Agri02_OFC,DE2,5088218.645912483
2032,Agri02_OFC,DE3,1561938.6957127298
2032,Agri02_OFC,DE4,3061691.534919429
2032,Agri02_OFC,DE5,728215.5626079723
2032,Agri02_OFC,DE6,84424.28832125202
2032,Agri02_OFC,DE7,1139578.059931016
2032,Agri02_OFC,DE8,3081098.538443665
2032,Agri02_OFC,DE9,4455735.35368413
2032,Agri02_OFC,DEA,3232661.1955786212
2032,Agri02_OFC,DEB,1909582.5376120564
2032,Agri02_OFC,DEC,1144300.533639517
2032,Agri02_OFC,DEE,2383887.614243254
2032,Agri02_OFC,DED,2038812.2593370788
2032,Agri02_OFC,DEF,1113547.2953209279
2032,Agri02_OFC,DEG,890343.1755458597
2032,Agri03_No-till,DE1,0.0
2032,Agri03_No-till,DE2,0.0
2032,Agri03_No-till,DE3,0.0
2032,Agri03_No-till,DE4,0.0
2032,Agri03_No-till,DE5,0.0
2032,Agri03_No-till,DE6,0.0
2032,Agri03_No-till,DE7,0.0
2032,Agri03_No-till,DE8,0.0
2032,Agri03_No-till,DE9,0.0
2032,Agri03_No-till,DEA,0.0
2032,Agri03_No-till,DEB,0.0
2032,Agri03_No-till,DEC,0.0
2032,Agri03_No-till,DEE,0.0
2032,Agri03_No-till,DED,0.0
2032,Agri03_No-till,DEF,0.0
2032,Agri03_No-till,DEG,0.0
2032,Agri04_toGrassland,DE1,166013.9952771578
2032,Agri04_toGrassland,DE2,294983.9726785037
2032,Agri04_toGrassland,DE3,56975.855762299296
2032,Agri04_toGrassland,DE4,154867.2707974694
2032,Agri04_toGrassland,DE5,26845.21820197764
2032,Agri04_toGrassland,DE6,3615.098460771819
2032,Agri04_toGrassland,DE7,69789.9693230468
2032,Agri04_toGrassland,DE8,160053.15614841948
2032,Agri04_toGrassland,DE9,252834.98982573088
2032,Agri04_toGrassland,DEA,170282.9572784925
2032,Agri04_toGrassland,DEB,95691.78914464786
2032,Agri04_toGrassland,DEC,44447.97294695176
2032,Agri04_toGrassland,DEE,126924.90654830303
2032,Agri04_toGrassland,DED,104094.26088096168
2032,Agri04_toGrassland,DEF,75142.44802652318
2032,Agri04_toGrassland,DEG,60077.16875605754
2032,Agri05_Agroforestry,DE1,6140813.620061035
2032,Agri05_Agroforestry,DE2,8028622.200224125
2032,Agri05_Agroforestry,DE3,31137.09491873758
2032,Agri05_Agroforestry,DE4,6233104.164894176
2032,Agri05_Agroforestry,DE5,255618.27559698763
2032,Agri05_Agroforestry,DE6,206928.2176978822
2032,Agri05_Agroforestry,DE7,1567391.2943806804
2032,Agri05_Agroforestry,DE8,6012139.258198298
2032,Agri05_Agroforestry,DE9,7370240.928280975
2032,Agri05_Agroforestry,DEA,6161878.807943402
2032,Agri05_Agroforestry,DEB,3943308.9184036693
2032,Agri05_Agroforestry,DEC,1138960.3188884768
2032,Agri05_Agroforestry,DEE,4460255.647532783
2032,Agri05_Agroforestry,DED,4090807.1316869752
2032,Agri05_Agroforestry,DEF,1101206.6729747015
2032,Agri05_Agroforestry,DEG,880687.4169246391
2032,Agri06_Biochar,DE1,0.0
2032,Agri06_Biochar,DE2,0.0
2032,Agri06_Biochar,DE3,0.0
2032,Agri06_Biochar,DE4,0.0
2032,Agri06_Biochar,DE5,0.0
2032,Agri06_Biochar,DE6,0.0
2032,Agri06_Biochar,DE7,0.0
2032,Agri06_Biochar,DE8,0.0
2032,Agri06_Biochar,DE9,0.0
2032,Agri06_Biochar,DEA,0.0
2032,Agri06_Biochar,DEB,0.0
2032,Agri06_Biochar,DEC,0.0
2032,Agri06_Biochar,DEE,0.0
2032,Agri06_Biochar,DED,0.0
2032,Agri06_Biochar,DEF,0.0
2032,Agri06_Biochar,DEG,0.0
2033,Agri01_AGC,DE1,11151990.112077406
2033,Agri01_AGC,DE2,19390290.610634584
2033,Agri01_AGC,DE3,46834.048058210654
2033,Agri01_AGC,DE4,9307965.406395825
2033,Agri01_AGC,DE5,150576.098773191
2033,Agri01_AGC,DE6,131024.70368145792
2033,Agri01_AGC,DE7,4517863.978007305
2033,Agri01_AGC,DE8,10282595.409834133
2033,Agri01_AGC,DE9,16722234.377111038
2033,Agri01_AGC,DEA,11513659.529472098
2033,Agri01_AGC,DEB,5597907.04218091
2033,Agri01_AGC,DEC,936941.807841007
2033,Agri01_AGC,DEE,8554180.68969913
2033,Agri01_AGC,DED,6575256.283329927
2033,Agri01_AGC,DEF,4741344.540563342
2033,Agri01_AGC,DEG,3790809.0751173296
2033,Agri02_OFC,DE1,3803780.329451688
2033,Agri02_OFC,DE2,6005958.446136741
2033,Agri02_OFC,DE3,1941940.7791784375
2033,Agri02_OFC,DE4,3680160.0791038284
2033,Agri02_OFC,DE5,904557.8417448811
2033,Agri02_OFC,DE6,103396.27397673742
2033,Agri02_OFC,DE7,1334217.5457111893
2033,Agri02_OFC,DE8,3691180.855445461
2033,Agri02_OFC,DE9,5275441.997976723
2033,Agri02_OFC,DEA,3865855.9592223787
2033,Agri02_OFC,DEB,2297954.612004037
2033,Agri02_OFC,DEC,1414773.3655008622
2033,Agri02_OFC,DEE,2846872.7464596583
2033,Agri02_OFC,DED,2447827.698411146
2033,Agri02_OFC,DEF,1283406.745007024
2033,Agri02_OFC,DEG,1026165.2613714522
2033,Agri03_No-till,DE1,0.0
2033,Agri03_No-till,DE2,0.0
2033,Agri03_No-till,DE3,0.0
2033,Agri03_No-till,DE4,0.0
2033,Agri03_No-till,DE5,0.0
2033,Agri03_No-till,DE6,0.0
2033,Agri03_No-till,DE7,0.0
2033,Agri03_No-till,DE8,0.0
2033,Agri03_No-till,DE9,0.0
2033,Agri03_No-till,DEA,0.0
2033,Agri03_No-till,DEB,0.0
2033,Agri03_No-till,DEC,0.0
2033,Agri03_No-till,DEE,0.0
2033,Agri03_No-till,DED,0.0
2033,Agri03_No-till,DEF,0.0
2033,Agri03_No-till,DEG,0.0
2033,Agri04_toGrassland,DE1,180280.3988842618
2033,Agri04_toGrassland,DE2,315418.69642384717
2033,Agri04_toGrassland,DE3,66027.23052813564
2033,Agri04_toGrassland,DE4,169036.06397807752
2033,Agri04_toGrassland,DE5,31041.89421572583
2033,Agri04_toGrassland,DE6,4060.0199719024554
2033,Agri04_toGrassland,DE7,74058.4279632001
2033,Agri04_toGrassland,DE8,173963.84829659815
2033,Agri04_toGrassland,DE9,271183.21127077495
2033,Agri04_toGrassland,DEA,184682.91591792944
2033,Agri04_toGrassland,DEB,104603.30291867958
2033,Agri04_toGrassland,DEC,50855.17389193648
2033,Agri04_toGrassland,DEE,137432.12304479384
2033,Agri04_toGrassland,DED,113449.42441522941
2033,Agri04_toGrassland,DEF,78738.54979237873
2033,Agri04_toGrassland,DEG,62952.7348795517
2033,Agri05_Agroforestry,DE1,7297090.230241274
2033,Agri05_Agroforestry,DE2,9366450.304563042
2033,Agri05_Agroforestry,DE3,32162.436147078646
2033,Agri05_Agroforestry,DE4,7437200.319890192
2033,Agri05_Agroforestry,DE5,264035.7582610276
2033,Agri05_Agroforestry,DE6,213742.34192708557
2033,Agri05_Agroforestry,DE7,1801341.3048453983
2033,Agri05_Agroforestry,DE8,7149726.341652915
2033,Agri05_Agroforestry,DE9,8638437.327750888
2033,Agri05_Agroforestry,DEA,7313866.418695401
2033,Agri05_Agroforestry,DEB,4710163.326103238
2033,Agri05_Agroforestry,DEC,1176466.161210911
2033,Agri05_Agroforestry,DEE,5285937.002486341
2033,Agri05_Agroforestry,DED,4875582.539053385
2033,Agri05_Agroforestry,DEF,1207308.905337548
2033,Agri05_Agroforestry,DEG,965582.2022786422
2033,Agri06_Biochar,DE1,0.0
2033,Agri06_Biochar,DE2,0.0
2033,Agri06_Biochar,DE3,0.0
2033,Agri06_Biochar,DE4,0.0
2033,Agri06_Biochar,DE5,0.0
2033,Agri06_Biochar,DE6,0.0
2033,Agri06_Biochar,DE7,0.0
2033,Agri06_Biochar,DE8,0.0
2033,Agri06_Biochar,DE9,0.0
2033,Agri06_Biochar,DEA,0.0
2033,Agri06_Biochar,DEB,0.0
2033,Agri06_Biochar,DEC,0.0
2033,Agri06_Biochar,DEE,0.0
2033,Agri06_Biochar,DED,0.0
2033,Agri06_Biochar,DEF,0.0
2033,Agri06_Biochar,DEG,0.0
2034,Agri01_AGC,DE1,11643012.547677552
2034,Agri01_AGC,DE2,19924382.707474947
2034,Agri01_AGC,DE3,44148.75150044739
2034,Agri01_AGC,DE4,9892316.45519548
2034,Agri01_AGC,DE5,141942.60462776694
2034,Agri01_AGC,DE6,158038.48903111622
2034,Agri01_AGC,DE7,4606427.741040735
2034,Agri01_AGC,DE8,10794430.915297013
2034,Agri01_AGC,DE9,17235643.61878692
2034,Agri01_AGC,DEA,11995793.294054108
2034,Agri01_AGC,DEB,5979337.84419804
2034,Agri01_AGC,DEC,1198678.317985242
2034,Agri01_AGC,DEE,8898452.944514858
2034,Agri01_AGC,DED,6937313.494746565
2034,Agri01_AGC,DEF,4769961.132397851
2034,Agri01_AGC,DEG,3813718.0691835275
2034,Agri02_OFC,DE1,4355919.155407446
2034,Agri02_OFC,DE2,6782640.559962114
2034,Agri02_OFC,DE3,2304238.660418356
2034,Agri02_OFC,DE4,4231003.853351374
2034,Agri02_OFC,DE5,1072431.2752605716
2034,Agri02_OFC,DE6,121003.09380244154
2034,Agri02_OFC,DE7,1494426.0694532818
2034,Agri02_OFC,DE8,4230004.6595001165
2034,Agri02_OFC,DE9,5975803.691765536
2034,Agri02_OFC,DEA,4422490.36715774
2034,Agri02_OFC,DEB,2644834.504699872
2034,Agri02_OFC,DEC,1670212.4690477615
2034,Agri02_OFC,DEE,3252368.839812414
2034,Agri02_OFC,DED,2811074.263942835
2034,Agri02_OFC,DEF,1414325.9489884696
2034,Agri02_OFC,DEG,1130855.0481798048
2034,Agri03_No-till,DE1,0.0
2034,Agri03_No-till,DE2,0.0
2034,Agri03_No-till,DE3,0.0
2034,Agri03_No-till,DE4,0.0
2034,Agri03_No-till,DE5,0.0
2034,Agri03_No-till,DE6,0.0
2034,Agri03_No-till,DE7,0.0
2034,Agri03_No-till,DE8,0.0
2034,Agri03_No-till,DE9,0.0
2034,Agri03_No-till,DEA,0.0
2034,Agri03_No-till,DEB,0.0
2034,Agri03_No-till,DEC,0.0
2034,Agri03_No-till,DEE,0.0
2034,Agri03_No-till,DED,0.0
2034,Agri03_No-till,DEF,0.0
2034,Agri03_No-till,DEG,0.0
2034,Agri04_toGrassland,DE1,194298.6833068931
2034,Agri04_toGrassland,DE2,334800.27844232635
2034,Agri04_toGrassland,DE3,75511.09536491323
2034,Agri04_toGrassland,DE4,183080.57045806112
2034,Agri04_toGrassland,DE5,35433.86888549752
2034,Agri04_toGrassland,DE6,4516.264194558657
2034,Agri04_toGrassland,DE7,78007.19175254794
2034,Agri04_toGrassland,DE8,187654.83081521664
2034,Agri04_toGrassland,DE9,288732.5846763775
2034,Agri04_toGrassland,DEA,198799.31114819157
2034,Agri04_toGrassland,DEB,113457.53953362424
2034,Agri04_toGrassland,DEC,57518.30016458781
2034,Agri04_toGrassland,DEE,147699.80163095202
2034,Agri04_toGrassland,DED,122700.06798523257
2034,Agri04_toGrassland,DEF,81865.89382528391
2034,Agri04_toGrassland,DEG,65453.579802197884
2034,Agri05_Agroforestry,DE1,8581742.287462365
2034,Agri05_Agroforestry,DE2,10833421.926843075
2034,Agri05_Agroforestry,DE3,33187.77737541972
2034,Agri05_Agroforestry,DE4,8778374.919257335
2034,Agri05_Agroforestry,DE5,272453.2409250676
2034,Agri05_Agroforestry,DE6,220556.46615628895
2034,Agri05_Agroforestry,DE7,2054444.8717688983
2034,Agri05_Agroforestry,DE8,8414231.396802215
2034,Agri05_Agroforestry,DE9,10034104.254075656
2034,Agri05_Agroforestry,DEA,8592832.923945373
2034,Agri05_Agroforestry,DEB,5564872.781860826
2034,Agri05_Agroforestry,DEC,1213972.0035333456
2034,Agri05_Agroforestry,DEE,6022549.049906596
2034,Agri05_Agroforestry,DED,5749104.311376699
2034,Agri05_Agroforestry,DEF,1313903.3717635723
2034,Agri05_Agroforestry,DEG,1050879.5015699056
2034,Agri06_Biochar,DE1,0.0
2034,Agri06_Biochar,DE2,0.0
2034,Agri06_Biochar,DE3,0.0
2034,Agri06_Biochar,DE4,0.0
2034,Agri06_Biochar,DE5,0.0
2034,Agri06_Biochar,DE6,0.0
2034,Agri06_Biochar,DE7,0.0
2034,Agri06_Biochar,DE8,0.0
2034,Agri06_Biochar,DE9,0.0
2034,Agri06_Biochar,DEA,0.0
2034,Agri06_Biochar,DEB,0.0
2034,Agri06_Biochar,DEC,0.0
2034,Agri06_Biochar,DEE,0.0
2034,Agri06_Biochar,DED,0.0
2034,Agri06_Biochar,DEF,0.0
2034,Agri06_Biochar,DEG,0.0
2035,Agri01_AGC,DE1,12022518.250666635
2035,Agri01_AGC,DE2,20255782.94803173
2035,Agri01_AGC,DE3,41463.454942684126
2035,Agri01_AGC,DE4,10373433.414346727
2035,Agri01_AGC,DE5,133309.1104823429
2035,Agri01_AGC,DE6,182747.97779776898
2035,Agri01_AGC,DE7,4646513.599039381
2035,Agri01_AGC,DE8,11198898.430375576
2035,Agri01_AGC,DE9,17576092.897973478
2035,Agri01_AGC,DEA,12363327.126353592
2035,Agri01_AGC,DEB,6297125.565657155
2035,Agri01_AGC,DEC,1125770.1008385213
2035,Agri01_AGC,DEE,9157096.086590234
2035,Agri01_AGC,DED,7229826.122980763
2035,Agri01_AGC,DEF,4745457.941104997
2035,Agri01_AGC,DEG,3794157.6557238954
2035,Agri02_OFC,DE1,4830334.527771721
2035,Agri02_OFC,DE2,7418599.116439931
2035,Agri02_OFC,DE3,2642076.7564120837
2035,Agri02_OFC,DE4,4709801.340602728
2035,Agri02_OFC,DE5,1228743.7626474502
2035,Agri02_OFC,DE6,136988.9821684392
2035,Agri02_OFC,DE7,1621039.1559787688
2035,Agri02_OFC,DE8,4693979.1576558845
2035,Agri02_OFC,DE9,6555993.39862436
2035,Agri02_OFC,DEA,4899278.348580684
2035,Agri02_OFC,DEB,2947280.836853693
2035,Agri02_OFC,DEC,1906221.4404326968
2035,Agri02_OFC,DEE,3598228.729138576
2035,Agri02_OFC,DED,3125805.0443129935
2035,Agri02_OFC,DEF,1508540.259241766
2035,Agri02_OFC,DEG,1206199.1280744707
2035,Agri03_No-till,DE1,0.0
2035,Agri03_No-till,DE2,0.0
2035,Agri03_No-till,DE3,0.0
2035,Agri03_No-till,DE4,0.0
2035,Agri03_No-till,DE5,0.0
2035,Agri03_No-till,DE6,0.0
2035,Agri03_No-till,DE7,0.0
2035,Agri03_No-till,DE8,0.0
2035,Agri03_No-till,DE9,0.0
2035,Agri03_No-till,DEA,0.0
2035,Agri03_No-till,DEB,0.0
2035,Agri03_No-till,DEC,0.0
2035,Agri03_No-till,DEE,0.0
2035,Agri03_No-till,DED,0.0
2035,Agri03_No-till,DEF,0.0
2035,Agri03_No-till,DEG,0.0
2035,Agri04_toGrassland,DE1,208043.35095562428
2035,Agri04_toGrassland,DE2,353131.14760634204
2035,Agri04_toGrassland,DE3,85378.34215382162
2035,Agri04_toGrassland,DE4,196968.64906108985
2035,Agri04_toGrassland,DE5,39998.664915307694
2035,Agri04_toGrassland,DE6,4981.9719007649755
2035,Agri04_toGrassland,DE7,81642.33434188816
2035,Agri04_toGrassland,DE8,201100.0012810842
2035,Agri04_toGrassland,DE9,305477.0980961294
2035,Agri04_toGrassland,DEA,212608.2556519331
2035,Agri04_toGrassland,DEB,122233.11732909908
2035,Agri04_toGrassland,DEC,64405.39314315087
2035,Agri04_toGrassland,DEE,157712.333995606
2035,Agri04_toGrassland,DED,131826.2235642667
2035,Agri04_toGrassland,DEF,84540.72948967008
2035,Agri04_toGrassland,DEG,67592.69073428155
2035,Agri05_Agroforestry,DE1,10001030.17405146
2035,Agri05_Agroforestry,DE2,12435163.109227858
2035,Agri05_Agroforestry,DE3,34213.118603760784
2035,Agri05_Agroforestry,DE4,10263430.350264532
2035,Agri05_Agroforestry,DE5,280870.72358910757
2035,Agri05_Agroforestry,DE6,227370.59038549225
2035,Agri05_Agroforestry,DE7,2327399.7110099406
2035,Agri05_Agroforestry,DE8,9811865.127077313
2035,Agri05_Agroforestry,DE9,11562996.062280884
2035,Agri05_Agroforestry,DEA,10004938.711742109
2035,Agri05_Agroforestry,DEB,6511815.719122949
2035,Agri05_Agroforestry,DEC,1251477.8458557797
2035,Agri05_Agroforestry,DEE,6208616.582261116
2035,Agri05_Agroforestry,DED,6715756.29126661
2035,Agri05_Agroforestry,DEF,1420622.9682460383
2035,Agri05_Agroforestry,DEG,1136286.309523107
2035,Agri06_Biochar,DE1,0.0
2035,Agri06_Biochar,DE2,0.0
2035,Agri06_Biochar,DE3,0.0
2035,Agri06_Biochar,DE4,0.0
2035,Agri06_Biochar,DE5,0.0
2035,Agri06_Biochar,DE6,0.0
2035,Agri06_Biochar,DE7,0.0
2035,Agri06_Biochar,DE8,0.0
2035,Agri06_Biochar,DE9,0.0
2035,Agri06_Biochar,DEA,0.0
2035,Agri06_Biochar,DEB,0.0
2035,Agri06_Biochar,DEC,0.0
2035,Agri06_Biochar,DEE,0.0
2035,Agri06_Biochar,DED,0.0
2035,Agri06_Biochar,DEF,0.0
2035,Agri06_Biochar,DEG,0.0
2036,Agri01_AGC,DE1,12285456.024566649
2036,Agri01_AGC,DE2,20384972.50374086
2036,Agri01_AGC,DE3,38778.15838492086
2036,Agri01_AGC,DE4,10744948.960493712
2036,Agri01_AGC,DE5,124675.6163369188
2036,Agri01_AGC,DE6,204784.8478767645
2036,Agri01_AGC,DE7,4639324.771766686
2036,Agri01_AGC,DE8,11490826.93808156
2036,Agri01_AGC,DE9,17742391.21884688
2036,Agri01_AGC,DEA,12611528.83262378
2036,Agri01_AGC,DEB,6547034.395642594
2036,Agri01_AGC,DEC,1052861.8836918005
2036,Agri01_AGC,DEE,9327018.033568135
2036,Agri01_AGC,DED,7448838.40482402
2036,Agri01_AGC,DEF,4671054.044810574
2036,Agri01_AGC,DEG,3734700.664261805
2036,Agri02_OFC,DE1,5223518.857853103
2036,Agri02_OFC,DE2,7914168.244621522
2036,Agri02_OFC,DE3,2948699.484139222
2036,Agri02_OFC,DE4,5112131.023798555
2036,Agri02_OFC,DE5,1370403.2033979255
2036,Agri02_OFC,DE6,151098.1734448053
2036,Agri02_OFC,DE7,1714892.3301091264
2036,Agri02_OFC,DE8,5079513.5569610195
2036,Agri02_OFC,DE9,7015184.082126994
2036,Agri02_OFC,DEA,5292933.832687194
2036,Agri02_OFC,DEB,3202352.2296196343
2036,Agri02_OFC,DEC,2118403.875808153
2036,Agri02_OFC,DEE,3882305.249275203
2036,Agri02_OFC,DED,3389273.127902474
2036,Agri02_OFC,DEF,1568285.0277434154
2036,Agri02_OFC,DEG,1253984.0931590048
2036,Agri03_No-till,DE1,0.0
2036,Agri03_No-till,DE2,0.0
2036,Agri03_No-till,DE3,0.0
2036,Agri03_No-till,DE4,0.0
2036,Agri03_No-till,DE5,0.0
2036,Agri03_No-till,DE6,0.0
2036,Agri03_No-till,DE7,0.0
2036,Agri03_No-till,DE8,0.0
2036,Agri03_No-till,DE9,0.0
2036,Agri03_No-till,DEA,0.0
2036,Agri03_No-till,DEB,0.0
2036,Agri03_No-till,DEC,0.0
2036,Agri03_No-till,DEE,0.0
2036,Agri03_No-till,DED,0.0
2036,Agri03_No-till,DEF,0.0
2036,Agri03_No-till,DEG,0.0
2036,Agri04_toGrassland,DE1,221488.9042410282
2036,Agri04_toGrassland,DE2,370413.7327882954
2036,Agri04_toGrassland,DE3,95579.86277605043
2036,Agri04_toGrassland,DE4,210668.15861083358
2036,Agri04_toGrassland,DE5,44713.8050091714
2036,Agri04_toGrassland,DE6,5455.283862545964
2036,Agri04_toGrassland,DE7,84969.92938201867
2036,Agri04_toGrassland,DE8,214273.25727101028
2036,Agri04_toGrassland,DE9,321410.7395836224
2036,Agri04_toGrassland,DEA,226085.86211180847
2036,Agri04_toGrassland,DEB,130908.65464472146
2036,Agri04_toGrassland,DEC,71484.49420587083
2036,Agri04_toGrassland,DEE,167454.11182758427
2036,Agri04_toGrassland,DED,140807.9231256275
2036,Agri04_toGrassland,DEF,86779.30614996866
2036,Agri04_toGrassland,DEG,69383.05488608824
2036,Agri05_Agroforestry,DE1,11561214.272335721
2036,Agri05_Agroforestry,DE2,14177299.893881038
2036,Agri05_Agroforestry,DE3,35238.45983210186
2036,Agri05_Agroforestry,DE4,11899169.000180716
2036,Agri05_Agroforestry,DE5,289288.20625314757
2036,Agri05_Agroforestry,DE6,234184.71461469564
2036,Agri05_Agroforestry,DE7,2620903.5384272877
2036,Agri05_Agroforestry,DE8,11348838.235909339
2036,Agri05_Agroforestry,DE9,13230867.107392188
2036,Agri05_Agroforestry,DEA,11556344.170134407
2036,Agri05_Agroforestry,DEB,7555370.571336136
2036,Agri05_Agroforestry,DEC,1288983.6881782145
2036,Agri05_Agroforestry,DEE,6394684.114615638
2036,Agri05_Agroforestry,DED,7124158.436557912
2036,Agri05_Agroforestry,DEF,1527100.5907782118
2036,Agri05_Agroforestry,DEG,1221509.6208629254
2036,Agri06_Biochar,DE1,0.0
2036,Agri06_Biochar,DE2,0.0
2036,Agri06_Biochar,DE3,0.0
2036,Agri06_Biochar,DE4,0.0
2036,Agri06_Biochar,DE5,0.0
2036,Agri06_Biochar,DE6,0.0
2036,Agri06_Biochar,DE7,0.0
2036,Agri06_Biochar,DE8,0.0
2036,Agri06_Biochar,DE9,0.0
2036,Agri06_Biochar,DEA,0.0
2036,Agri06_Biochar,DEB,0.0
2036,Agri06_Biochar,DEC,0.0
2036,Agri06_Biochar,DEE,0.0
2036,Agri06_Biochar,DED,0.0
2036,Agri06_Biochar,DEF,0.0
2036,Agri06_Biochar,DEG,0.0
2037,Agri01_AGC,DE1,12426774.672899589
2037,Agri01_AGC,DE2,20312432.546038255
2037,Agri01_AGC,DE3,36092.8618271576
2037,Agri01_AGC,DE4,11000495.770280577
2037,Agri01_AGC,DE5,116042.12219149475
2037,Agri01_AGC,DE6,190603.97725297068
2037,Agri01_AGC,DE7,4586064.478986087
2037,Agri01_AGC,DE8,11665045.421426712
2037,Agri01_AGC,DE9,17733347.585583277
2037,Agri01_AGC,DEA,12735666.219117902
2037,Agri01_AGC,DEB,6724828.523238699
2037,Agri01_AGC,DEC,979953.6665450799
2037,Agri01_AGC,DEE,9405126.703091433
2037,Agri01_AGC,DED,7590394.577067835
2037,Agri01_AGC,DEF,4549968.521640379
2037,Agri01_AGC,DEG,3637919.9243206284
2037,Agri02_OFC,DE1,5531964.556960182
2037,Agri02_OFC,DE2,8269682.073558215
2037,Agri02_OFC,DE3,3217351.260579371
2037,Agri02_OFC,DE4,5433571.38587952
2037,Agri02_OFC,DE5,1494317.4970044042
2037,Agri02_OFC,DE6,163074.9020016147
2037,Agri02_OFC,DE7,1776821.1166658301
2037,Agri02_OFC,DE8,5383017.064463774
2037,Agri02_OFC,DE9,7352548.7058472335
2037,Agri02_OFC,DEA,5600170.74867325
2037,Agri02_OFC,DEB,3407107.304151829
2037,Agri02_OFC,DEC,2302363.3713266123
2037,Agri02_OFC,DEE,4102451.235059351
2037,Agri02_OFC,DED,3598731.6030921265
2037,Agri02_OFC,DEF,1595795.6064699192
2037,Agri02_OFC,DEG,1275996.5355369614
2037,Agri03_No-till,DE1,0.0
2037,Agri03_No-till,DE2,0.0
2037,Agri03_No-till,DE3,0.0
2037,Agri03_No-till,DE4,0.0
2037,Agri03_No-till,DE5,0.0
2037,Agri03_No-till,DE6,0.0
2037,Agri03_No-till,DE7,0.0
2037,Agri03_No-till,DE8,0.0
2037,Agri03_No-till,DE9,0.0
2037,Agri03_No-till,DEA,0.0
2037,Agri03_No-till,DEB,0.0
2037,Agri03_No-till,DEC,0.0
2037,Agri03_No-till,DEE,0.0
2037,Agri03_No-till,DED,0.0
2037,Agri03_No-till,DEF,0.0
2037,Agri03_No-till,DEG,0.0
2037,Agri04_toGrassland,DE1,234609.84557367754
2037,Agri04_toGrassland,DE2,386650.4628605873
2037,Agri04_toGrassland,DE3,106066.54911278919
2037,Agri04_toGrassland,DE4,224146.95793096194
2037,Agri04_toGrassland,DE5,49556.81187110365
2037,Agri04_toGrassland,DE6,5934.340851926175
2037,Agri04_toGrassland,DE7,87996.05052373734
2037,Agri04_toGrassland,DE8,227148.49636180417
2037,Agri04_toGrassland,DE9,336527.4971924472
2037,Agri04_toGrassland,DEA,239208.24321047193
2037,Agri04_toGrassland,DEB,139462.76982010866
2037,Agri04_toGrassland,DEC,78723.64473099282
2037,Agri04_toGrassland,DEE,176909.52681571533
2037,Agri04_toGrassland,DED,149625.1986426106
2037,Agri04_toGrassland,DEF,88597.87317061106
2037,Agri04_toGrassland,DEG,70837.6594679034
2037,Agri05_Agroforestry,DE1,13268554.964642296
2037,Agri05_Agroforestry,DE2,16065458.322966242
2037,Agri05_Agroforestry,DE3,36263.80106044292
2037,Agri05_Agroforestry,DE4,13131240.30907947
2037,Agri05_Agroforestry,DE5,297705.6889171875
2037,Agri05_Agroforestry,DE6,240998.838843899
2037,Agri05_Agroforestry,DE7,2935654.0698797
2037,Agri05_Agroforestry,DE8,12506511.424935348
2037,Agri05_Agroforestry,DE9,15043471.744435161
2037,Agri05_Agroforestry,DEA,13253209.687171057
2037,Agri05_Agroforestry,DEB,8699915.771946907
2037,Agri05_Agroforestry,DEC,1326489.5305006488
2037,Agri05_Agroforestry,DEE,6580751.646970159
2037,Agri05_Agroforestry,DED,7331451.643952357
2037,Agri05_Agroforestry,DEF,1632969.1353533568
2037,Agri05_Agroforestry,DEG,1306256.4303140386
2037,Agri06_Biochar,DE1,0.0
2037,Agri06_Biochar,DE2,0.0
2037,Agri06_Biochar,DE3,0.0
2037,Agri06_Biochar,DE4,0.0
2037,Agri06_Biochar,DE5,0.0
2037,Agri06_Biochar,DE6,0.0
2037,Agri06_Biochar,DE7,0.0
2037,Agri06_Biochar,DE8,0.0
2037,Agri06_Biochar,DE9,0.0
2037,Agri06_Biochar,DEA,0.0
2037,Agri06_Biochar,DEB,0.0
2037,Agri06_Biochar,DEC,0.0
2037,Agri06_Biochar,DEE,0.0
2037,Agri06_Biochar,DED,0.0
2037,Agri06_Biochar,DEF,0.0
2037,Agri06_Biochar,DEG,0.0
2038,Agri01_AGC,DE1,12441422.999187445
2038,Agri01_AGC,DE2,20038644.246359836
2038,Agri01_AGC,DE3,33407.565269394334
2038,Agri01_AGC,DE4,11133706.520351462
2038,Agri01_AGC,DE5,107408.62804607068
2038,Agri01_AGC,DE6,176423.10662917682
2038,Agri01_AGC,DE7,4487935.9404610265
2038,Agri01_AGC,DE8,11716382.863422766
2038,Agri01_AGC,DE9,17547771.00235883
2038,Agri01_AGC,DEA,12731007.092089185
2038,Agri01_AGC,DEB,6826272.137529807
2038,Agri01_AGC,DEC,907045.4493983592
2038,Agri01_AGC,DEE,9388330.01280301
2038,Agri01_AGC,DED,7650538.876503703
2038,Agri01_AGC,DEF,4385420.4497202085
2038,Agri01_AGC,DEG,3506388.2654237375
2038,Agri02_OFC,DE1,5752164.036401547
2038,Agri02_OFC,DE2,8485474.732301338
2038,Agri02_OFC,DE3,3441276.5027121287
2038,Agri02_OFC,DE4,5669700.909786285
2038,Agri02_OFC,DE5,1597394.5429592938
2038,Agri02_OFC,DE6,172663.40220894222
2038,Agri02_OFC,DE7,1807661.0404703547
2038,Agri02_OFC,DE8,5600898.887212399
2038,Agri02_OFC,DE9,7567260.233358871
2038,Agri02_OFC,DEA,5817703.025734831
2038,Agri02_OFC,DEB,3558604.681604408
2038,Agri02_OFC,DEC,2453703.5231405576
2038,Agri02_OFC,DEE,4256519.521328076
2038,Agri02_OFC,DED,3751433.5582628003
2038,Agri02_OFC,DEF,1593307.3473977789
2038,Agri02_OFC,DEG,1274023.0473118941
2038,Agri03_No-till,DE1,0.0
2038,Agri03_No-till,DE2,0.0
2038,Agri03_No-till,DE3,0.0
2038,Agri03_No-till,DE4,0.0
2038,Agri03_No-till,DE5,0.0
2038,Agri03_No-till,DE6,0.0
2038,Agri03_No-till,DE7,0.0
2038,Agri03_No-till,DE8,0.0
2038,Agri03_No-till,DE9,0.0
2038,Agri03_No-till,DEA,0.0
2038,Agri03_No-till,DEB,0.0
2038,Agri03_No-till,DEC,0.0
2038,Agri03_No-till,DEE,0.0
2038,Agri03_No-till,DED,0.0
2038,Agri03_No-till,DEF,0.0
2038,Agri03_No-till,DEG,0.0
2038,Agri04_toGrassland,DE1,247380.67736414506
2038,Agri04_toGrassland,DE2,401843.76669561863
2038,Agri04_toGrassland,DE3,116789.2930452275
2038,Agri04_toGrassland,DE4,237372.90584514482
2038,Agri04_toGrassland,DE5,54505.208205119474
2038,Agri04_toGrassland,DE6,6417.283640930161
2038,Agri04_toGrassland,DE7,90726.77141784209
2038,Agri04_toGrassland,DE8,239699.61613027524
2038,Agri04_toGrassland,DE9,350821.35897619533
2038,Agri04_toGrassland,DEA,251951.5116305779
2038,Agri04_toGrassland,DEB,147874.08119487797
2038,Agri04_toGrassland,DEC,86090.886096762
2038,Agri04_toGrassland,DEE,186062.97064882764
2038,Agri04_toGrassland,DED,158258.08208851158
2038,Agri04_toGrassland,DEF,90012.67991602869
2038,Agri04_toGrassland,DEG,71969.49169001257
2038,Agri05_Agroforestry,DE1,15129312.633298347
2038,Agri05_Agroforestry,DE2,18105264.438647117
2038,Agri05_Agroforestry,DE3,37289.142288784
2038,Agri05_Agroforestry,DE4,13502519.702701561
2038,Agri05_Agroforestry,DE5,306123.17158122757
2038,Agri05_Agroforestry,DE6,247812.9630731024
2038,Agri05_Agroforestry,DE7,3272349.0212259395
2038,Agri05_Agroforestry,DE8,12860126.915085742
2038,Agri05_Agroforestry,DE9,17006564.328435425
2038,Agri05_Agroforestry,DEA,15101695.650900861
2038,Agri05_Agroforestry,DEB,9791159.314384237
2038,Agri05_Agroforestry,DEC,1363995.3728230835
2038,Agri05_Agroforestry,DEE,6766819.179324683
2038,Agri05_Agroforestry,DED,7538744.851346802
2038,Agri05_Agroforestry,DEF,1737861.4979647393
2038,Agri05_Agroforestry,DEG,1390233.7326011255
2038,Agri06_Biochar,DE1,0.0
2038,Agri06_Biochar,DE2,0.0
2038,Agri06_Biochar,DE3,0.0
2038,Agri06_Biochar,DE4,0.0
2038,Agri06_Biochar,DE5,0.0
2038,Agri06_Biochar,DE6,0.0
2038,Agri06_Biochar,DE7,0.0
2038,Agri06_Biochar,DE8,0.0
2038,Agri06_Biochar,DE9,0.0
2038,Agri06_Biochar,DEA,0.0
2038,Agri06_Biochar,DEB,0.0
2038,Agri06_Biochar,DEC,0.0
2038,Agri06_Biochar,DEE,0.0
2038,Agri06_Biochar,DED,0.0
2038,Agri06_Biochar,DEF,0.0
2038,Agri06_Biochar,DEG,0.0
2039,Agri01_AGC,DE1,12324349.80695222
2039,Agri01_AGC,DE2,19564088.776141528
2039,Agri01_AGC,DE3,30722.26871163107
2039,Agri01_AGC,DE4,11138213.887350509
2039,Agri01_AGC,DE5,98775.13390064662
2039,Agri01_AGC,DE6,162242.23600538296
2039,Agri01_AGC,DE7,4346142.375954943
2039,Agri01_AGC,DE8,11639668.247081464
2039,Agri01_AGC,DE9,17184470.4733497
2039,Agri01_AGC,DEA,12592819.257790856
2039,Agri01_AGC,DEB,6847129.427600259
2039,Agri01_AGC,DEC,834137.2322516384
2039,Agri01_AGC,DEE,9273535.880345741
2039,Agri01_AGC,DED,7625315.539923123
2039,Agri01_AGC,DEF,4180628.9071758576
2039,Agri01_AGC,DEG,3342678.5170945046
2039,Agri02_OFC,DE1,5880609.707485791
2039,Agri02_OFC,DE2,8561880.349902228
2039,Agri02_OFC,DE3,3613719.6275170976
2039,Agri02_OFC,DE4,5816098.078459518
2039,Agri02_OFC,DE5,1676542.2407550027
2039,Agri02_OFC,DE6,179607.90843686287
2039,Agri02_OFC,DE7,1808247.626344178
2039,Agri02_OFC,DE8,5729568.232255154
2039,Agri02_OFC,DE9,7658491.62823571
2039,Agri02_OFC,DEA,5942244.593067924
2039,Agri02_OFC,DEB,3653902.9831315097
2039,Agri02_OFC,DEC,2568027.9274024745
2039,Agri02_OFC,DEE,4342362.942918438
2039,Agri02_OFC,DED,3844632.0817953493
2039,Agri02_OFC,DEF,1563055.6025034979
2039,Agri02_OFC,DEG,1249850.2205873583
2039,Agri03_No-till,DE1,0.0
2039,Agri03_No-till,DE2,0.0
2039,Agri03_No-till,DE3,0.0
2039,Agri03_No-till,DE4,0.0
2039,Agri03_No-till,DE5,0.0
2039,Agri03_No-till,DE6,0.0
2039,Agri03_No-till,DE7,0.0
2039,Agri03_No-till,DE8,0.0
2039,Agri03_No-till,DE9,0.0
2039,Agri03_No-till,DEA,0.0
2039,Agri03_No-till,DEB,0.0
2039,Agri03_No-till,DEC,0.0
2039,Agri03_No-till,DEE,0.0
2039,Agri03_No-till,DED,0.0
2039,Agri03_No-till,DEF,0.0
2039,Agri03_No-till,DEG,0.0
2039,Agri04_toGrassland,DE1,259775.90202300358
2039,Agri04_toGrassland,DE2,415996.0731657905
2039,Agri04_toGrassland,DE3,127698.98645455495
2039,Agri04_toGrassland,DE4,250313.86117705202
2039,Agri04_toGrassland,DE5,59536.51671523391
2039,Agri04_toGrassland,DE6,6902.253001582474
2039,Agri04_toGrassland,DE7,93168.1657151308
2039,Agri04_toGrassland,DE8,251900.5141532329
2039,Agri04_toGrassland,DE9,364286.3129884581
2039,Agri04_toGrassland,DEA,264291.7800547807
2039,Agri04_toGrassland,DEB,156121.20710864678
2039,Agri04_toGrassland,DEC,93554.25968142354
2039,Agri04_toGrassland,DEE,194898.83501574976
2039,Agri04_toGrassland,DED,166686.60543662612
2039,Agri04_toGrassland,DEF,91039.975750653
2039,Agri04_toGrassland,DEG,72791.53876270124
2039,Agri05_Agroforestry,DE1,17149747.660631023
2039,Agri05_Agroforestry,DE2,20302344.283087295
2039,Agri05_Agroforestry,DE3,38314.48351712507
2039,Agri05_Agroforestry,DE4,13873799.096323648
2039,Agri05_Agroforestry,DE5,314540.65424526756
2039,Agri05_Agroforestry,DE6,254627.08730230576
2039,Agri05_Agroforestry,DE7,3631686.108324765
2039,Agri05_Agroforestry,DE8,13213742.405236134
2039,Agri05_Agroforestry,DE9,19125899.214418575
2039,Agri05_Agroforestry,DEA,17107962.449372604
2039,Agri05_Agroforestry,DEB,10060387.263918316
2039,Agri05_Agroforestry,DEC,1401501.2151455178
2039,Agri05_Agroforestry,DEE,6952886.711679203
2039,Agri05_Agroforestry,DED,7746038.058741246
2039,Agri05_Agroforestry,DEF,1841410.5746056223
2039,Agri05_Agroforestry,DEG,1473148.5224488636
2039,Agri06_Biochar,DE1,0.0
2039,Agri06_Biochar,DE2,0.0
2039,Agri06_Biochar,DE3,0.0
2039,Agri06_Biochar,DE4,0.0
2039,Agri06_Biochar,DE5,0.0
2039,Agri06_Biochar,DE6,0.0
2039,Agri06_Biochar,DE7,0.0
2039,Agri06_Biochar,DE8,0.0
2039,Agri06_Biochar,DE9,0.0
2039,Agri06_Biochar,DEA,0.0
2039,Agri06_Biochar,DEB,0.0
2039,Agri06_Biochar,DEC,0.0
2039,Agri06_Biochar,DEE,0.0
2039,Agri06_Biochar,DED,0.0
2039,Agri06_Biochar,DEF,0.0
2039,Agri06_Biochar,DEG,0.0
2040,Agri01_AGC,DE1,12070503.8997159
2040,Agri01_AGC,DE2,18889247.306819256
2040,Agri01_AGC,DE3,28036.9721538678
2040,Agri01_AGC,DE4,11007650.54792186
2040,Agri01_AGC,DE5,90141.63975522252
2040,Agri01_AGC,DE6,148061.36538158907
2040,Agri01_AGC,DE7,4161887.005231276
2040,Agri01_AGC,DE8,11429730.555414546
2040,Agri01_AGC,DE9,16642255.00273204
2040,Agri01_AGC,DEA,12316370.52247614
2040,Agri01_AGC,DEB,6783164.582534392
2040,Agri01_AGC,DEC,761229.0151049176
2040,Agri01_AGC,DEE,9057652.2233625
2040,Agri01_AGC,DED,7510768.80411759
2040,Agri01_AGC,DEF,3938812.972133123
2040,Agri01_AGC,DEG,3149363.5088563003
2040,Agri02_OFC,DE1,5913793.981521499
2040,Agri02_OFC,DE2,8499233.055412207
2040,Agri02_OFC,DE3,3727925.051973875
2040,Agri02_OFC,DE4,5868341.374839879
2040,Agri02_OFC,DE5,1728668.489883937
2040,Agri02_OFC,DE6,183652.65505545135
2040,Agri02_OFC,DE7,1779416.3991087733
2040,Agri02_OFC,DE8,5765434.306640287
2040,Agri02_OFC,DE9,7625415.854051538
2040,Agri02_OFC,DEA,5970509.3798685
2040,Agri02_OFC,DEB,3690060.829887262
2040,Agri02_OFC,DEC,2640940.1802648436
2040,Agri02_OFC,DEE,4357834.33466749
2040,Agri02_OFC,DED,3875580.2620706204
2040,Agri02_OFC,DEF,1507275.7237635755
2040,Agri02_OFC,DEG,1205264.6474669068
2040,Agri03_No-till,DE1,0.0
2040,Agri03_No-till,DE2,0.0
2040,Agri03_No-till,DE3,0.0
2040,Agri03_No-till,DE4,0.0
2040,Agri03_No-till,DE5,0.0
2040,Agri03_No-till,DE6,0.0
2040,Agri03_No-till,DE7,0.0
2040,Agri03_No-till,DE8,0.0
2040,Agri03_No-till,DE9,0.0
2040,Agri03_No-till,DEA,0.0
2040,Agri03_No-till,DEB,0.0
2040,Agri03_No-till,DEC,0.0
2040,Agri03_No-till,DEE,0.0
2040,Agri03_No-till,DED,0.0
2040,Agri03_No-till,DEF,0.0
2040,Agri03_No-till,DEG,0.0
2040,Agri04_toGrassland,DE1,254063.97329884465
2040,Agri04_toGrassland,DE2,406849.189636761
2040,Agri04_toGrassland,DE3,124891.15284452608
2040,Agri04_toGrassland,DE4,244809.98293977915
2040,Agri04_toGrassland,DE5,58227.433242464365
2040,Agri04_toGrassland,DE6,6750.4868952033685
2040,Agri04_toGrassland,DE7,91119.59262662959
2040,Agri04_toGrassland,DE8,246361.748735743
2040,Agri04_toGrassland,DE9,356276.41892679693
2040,Agri04_toGrassland,DEA,258480.55661835775
2040,Agri04_toGrassland,DEB,152688.4283158884
2040,Agri04_toGrassland,DEC,91497.19719417856
2040,Agri04_toGrassland,DEE,190613.41729469804
2040,Agri04_toGrassland,DED,163021.51563379404
2040,Agri04_toGrassland,DEF,89038.1971080334
2040,Agri04_toGrassland,DEG,71191.00508002892
2040,Agri05_Agroforestry,DE1,19336120.42896748
2040,Agri05_Agroforestry,DE2,22662323.898450408
2040,Agri05_Agroforestry,DE3,39339.824745466125
2040,Agri05_Agroforestry,DE4,14245078.489945736
2040,Agri05_Agroforestry,DE5,322958.1369093075
2040,Agri05_Agroforestry,DE6,261441.2115315091
2040,Agri05_Agroforestry,DE7,4014363.0470349393
2040,Agri05_Agroforestry,DE8,13567357.895386523
2040,Agri05_Agroforestry,DE9,21407230.757410213
2040,Agri05_Agroforestry,DEA,17579087.5476143
2040,Agri05_Agroforestry,DEB,10329615.213452393
2040,Agri05_Agroforestry,DEC,1439007.0574679521
2040,Agri05_Agroforestry,DEE,7138954.244033724
2040,Agri05_Agroforestry,DED,7953331.266135689
2040,Agri05_Agroforestry,DEF,1943249.2612692714
2040,Agri05_Agroforestry,DEG,1554707.7945819313
2040,Agri06_Biochar,DE1,0.0
2040,Agri06_Biochar,DE2,0.0
2040,Agri06_Biochar,DE3,0.0
2040,Agri06_Biochar,DE4,0.0
2040,Agri06_Biochar,DE5,0.0
2040,Agri06_Biochar,DE6,0.0
2040,Agri06_Biochar,DE7,0.0
2040,Agri06_Biochar,DE8,0.0
2040,Agri06_Biochar,DE9,0.0
2040,Agri06_Biochar,DEA,0.0
2040,Agri06_Biochar,DEB,0.0
2040,Agri06_Biochar,DEC,0.0
2040,Agri06_Biochar,DEE,0.0
2040,Agri06_Biochar,DED,0.0
2040,Agri06_Biochar,DEF,0.0
2040,Agri06_Biochar,DEG,0.0
2041,Agri01_AGC,DE1,11674834.081000496
2041,Agri01_AGC,DE2,18014601.009828955
2041,Agri01_AGC,DE3,25351.675596104542
2041,Agri01_AGC,DE4,10735649.178709665
2041,Agri01_AGC,DE5,81508.14560979849
2041,Agri01_AGC,DE6,133880.49475779527
2041,Agri01_AGC,DE7,3936373.0480534704
2041,Agri01_AGC,DE8,11081398.771433761
2041,Agri01_AGC,DE9,15919933.59468202
2041,Agri01_AGC,DEA,11896928.692398282
2041,Agri01_AGC,DEB,6473333.15470745
2041,Agri01_AGC,DEC,688320.7979581971
2041,Agri01_AGC,DEE,8737586.959496172
2041,Agri01_AGC,DED,7302942.905878607
2041,Agri01_AGC,DEF,3663191.722717803
2041,Agri01_AGC,DEG,2929016.070232499
2041,Agri02_OFC,DE1,5848209.269817268
2041,Agri02_OFC,DE2,8297866.97788261
2041,Agri02_OFC,DE3,3777137.193062064
2041,Agri02_OFC,DE4,5822009.281868035
2041,Agri02_OFC,DE5,1750681.1898385054
2041,Agri02_OFC,DE6,184541.87643478264
2041,Agri02_OFC,DE7,1722002.883585618
2041,Agri02_OFC,DE8,5704906.317416055
2041,Agri02_OFC,DE9,7467205.874380158
2041,Agri02_OFC,DEA,5899211.315332549
2041,Agri02_OFC,DEB,3664136.843025802
2041,Agri02_OFC,DEC,2668043.8778801505
2041,Agri02_OFC,DEE,4300786.531412292
2041,Agri02_OFC,DED,3841531.1874694666
2041,Agri02_OFC,DEF,1428203.0631545156
2041,Agri02_OFC,DEG,1142052.920054095
2041,Agri03_No-till,DE1,0.0
2041,Agri03_No-till,DE2,0.0
2041,Agri03_No-till,DE3,0.0
2041,Agri03_No-till,DE4,0.0
2041,Agri03_No-till,DE5,0.0
2041,Agri03_No-till,DE6,0.0
2041,Agri03_No-till,DE7,0.0
2041,Agri03_No-till,DE8,0.0
2041,Agri03_No-till,DE9,0.0
2041,Agri03_No-till,DEA,0.0
2041,Agri03_No-till,DEB,0.0
2041,Agri03_No-till,DEC,0.0
2041,Agri03_No-till,DEE,0.0
2041,Agri03_No-till,DED,0.0
2041,Agri03_No-till,DEF,0.0
2041,Agri03_No-till,DEG,0.0
2041,Agri04_toGrassland,DE1,248352.04457468571
2041,Agri04_toGrassland,DE2,397702.3061077315
2041,Agri04_toGrassland,DE3,122083.31923449723
2041,Agri04_toGrassland,DE4,239306.1047025063
2041,Agri04_toGrassland,DE5,56918.34976969483
2041,Agri04_toGrassland,DE6,6598.720788824264
2041,Agri04_toGrassland,DE7,89071.01953812837
2041,Agri04_toGrassland,DE8,240822.98331825313
2041,Agri04_toGrassland,DE9,348266.5248651358
2041,Agri04_toGrassland,DEA,252669.33318193478
2041,Agri04_toGrassland,DEB,149255.64952313
2041,Agri04_toGrassland,DEC,89440.13470693359
2041,Agri04_toGrassland,DEE,186327.99957364632
2041,Agri04_toGrassland,DED,159356.425830962
2041,Agri04_toGrassland,DEF,87036.41846541382
2041,Agri04_toGrassland,DEG,69590.4713973566
2041,Agri05_Agroforestry,DE1,21694691.320634875
2041,Agri05_Agroforestry,DE2,25190829.326900106
2041,Agri05_Agroforestry,DE3,40365.1659738072
2041,Agri05_Agroforestry,DE4,14616357.883567823
2041,Agri05_Agroforestry,DE5,331375.61957334745
2041,Agri05_Agroforestry,DE6,268255.33576071245
2041,Agri05_Agroforestry,DE7,4421077.553215223
2041,Agri05_Agroforestry,DE8,13920973.385536915
2041,Agri05_Agroforestry,DE9,23856313.31243596
2041,Agri05_Agroforestry,DEA,18037263.539393805
2041,Agri05_Agroforestry,DEB,10598843.16298647
2041,Agri05_Agroforestry,DEC,1476512.8997903864
2041,Agri05_Agroforestry,DEE,7325021.776388245
2041,Agri05_Agroforestry,DED,8160624.473530132
2041,Agri05_Agroforestry,DEF,2043010.4539489513
2041,Agri05_Agroforestry,DEG,1634618.5437250072
2041,Agri06_Biochar,DE1,0.0
2041,Agri06_Biochar,DE2,0.0
2041,Agri06_Biochar,DE3,0.0
2041,Agri06_Biochar,DE4,0.0
2041,Agri06_Biochar,DE5,0.0
2041,Agri06_Biochar,DE6,0.0
2041,Agri06_Biochar,DE7,0.0
2041,Agri06_Biochar,DE8,0.0
2041,Agri06_Biochar,DE9,0.0
2041,Agri06_Biochar,DEA,0.0
2041,Agri06_Biochar,DEB,0.0
2041,Agri06_Biochar,DEC,0.0
2041,Agri06_Biochar,DEE,0.0
2041,Agri06_Biochar,DED,0.0
2041,Agri06_Biochar,DEF,0.0
2041,Agri06_Biochar,DEG,0.0
2042,Agri01_AGC,DE1,11132289.154327983
2042,Agri01_AGC,DE2,16940631.056606535
2042,Agri01_AGC,DE3,22666.379038341278
2042,Agri01_AGC,DE4,9598509.2813621
2042,Agri01_AGC,DE5,72874.65146437442
2042,Agri01_AGC,DE6,119699.62413400142
2042,Agri01_AGC,DE7,3670803.724184961
2042,Agri01_AGC,DE8,10589501.87815084
2042,Agri01_AGC,DE9,15016315.253375784
2042,Agri01_AGC,DEA,11329761.573810494
2042,Agri01_AGC,DEB,5787665.685837594
2042,Agri01_AGC,DEC,615412.5808114763
2042,Agri01_AGC,DEE,8310248.006389626
2042,Agri01_AGC,DED,6605584.4475725
2042,Agri01_AGC,DEF,3356984.2370556905
2042,Agri01_AGC,DEG,2684209.0307464707
2042,Agri02_OFC,DE1,5680347.983681682
2042,Agri02_OFC,DE2,7958116.246364764
2042,Agri02_OFC,DE3,3754600.467761262
2042,Agri02_OFC,DE4,5672680.28248465
2042,Agri02_OFC,DE5,1739488.2401111147
2042,Agri02_OFC,DE6,182019.8069449316
2042,Agri02_OFC,DE7,1636842.6045961874
2042,Agri02_OFC,DE8,5544393.471630711
2042,Agri02_OFC,DE9,7183034.652795364
2042,Agri02_OFC,DEA,5725064.32865605
2042,Agri02_OFC,DEB,3573189.643701262
2042,Agri02_OFC,DEC,2644942.616400878
2042,Agri02_OFC,DEE,4169072.367989901
2042,Agri02_OFC,DED,3739737.946372738
2042,Agri02_OFC,DEF,1328072.9726528192
2042,Agri02_OFC,DEG,1062001.630452477
2042,Agri03_No-till,DE1,0.0
2042,Agri03_No-till,DE2,0.0
2042,Agri03_No-till,DE3,0.0
2042,Agri03_No-till,DE4,0.0
2042,Agri03_No-till,DE5,0.0
2042,Agri03_No-till,DE6,0.0
2042,Agri03_No-till,DE7,0.0
2042,Agri03_No-till,DE8,0.0
2042,Agri03_No-till,DE9,0.0
2042,Agri03_No-till,DEA,0.0
2042,Agri03_No-till,DEB,0.0
2042,Agri03_No-till,DEC,0.0
2042,Agri03_No-till,DEE,0.0
2042,Agri03_No-till,DED,0.0
2042,Agri03_No-till,DEF,0.0
2042,Agri03_No-till,DEG,0.0
2042,Agri04_toGrassland,DE1,242640.11585052684
2042,Agri04_toGrassland,DE2,388555.42257870204
2042,Agri04_toGrassland,DE3,119275.48562446839
2042,Agri04_toGrassland,DE4,233802.22646523349
2042,Agri04_toGrassland,DE5,55609.26629692531
2042,Agri04_toGrassland,DE6,6446.95468244516
2042,Agri04_toGrassland,DE7,87022.44644962715
2042,Agri04_toGrassland,DE8,235284.2179007633
2042,Agri04_toGrassland,DE9,340256.6308034747
2042,Agri04_toGrassland,DEA,246858.10974551187
2042,Agri04_toGrassland,DEB,145822.87073037165
2042,Agri04_toGrassland,DEC,87383.07221968862
2042,Agri04_toGrassland,DEE,182042.58185259465
2042,Agri04_toGrassland,DED,155691.33602812997
2042,Agri04_toGrassland,DEF,85034.63982279424
2042,Agri04_toGrassland,DEG,67989.93771468429
2042,Agri05_Agroforestry,DE1,22828642.353318993
2042,Agri05_Agroforestry,DE2,27893486.61060002
2042,Agri05_Agroforestry,DE3,41390.50720214826
2042,Agri05_Agroforestry,DE4,14987637.277189912
2042,Agri05_Agroforestry,DE5,339793.1022373875
2042,Agri05_Agroforestry,DE6,275069.45998991583
2042,Agri05_Agroforestry,DE7,4852527.342724379
2042,Agri05_Agroforestry,DE8,14274588.875687307
2042,Agri05_Agroforestry,DE9,26478901.23452142
2042,Agri05_Agroforestry,DEA,18495439.53117332
2042,Agri05_Agroforestry,DEB,10868071.112520551
2042,Agri05_Agroforestry,DEC,1514018.742112821
2042,Agri05_Agroforestry,DEE,7511089.308742767
2042,Agri05_Agroforestry,DED,8367917.680924578
2042,Agri05_Agroforestry,DEF,2140327.0486379275
2042,Agri05_Agroforestry,DEG,1712587.7646027699
2042,Agri06_Biochar,DE1,0.0
2042,Agri06_Biochar,DE2,0.0
2042,Agri06_Biochar,DE3,0.0
2042,Agri06_Biochar,DE4,0.0
2042,Agri06_Biochar,DE5,0.0
2042,Agri06_Biochar,DE6,0.0
2042,Agri06_Biochar,DE7,0.0
2042,Agri06_Biochar,DE8,0.0
2042,Agri06_Biochar,DE9,0.0
2042,Agri06_Biochar,DEA,0.0
2042,Agri06_Biochar,DEB,0.0
2042,Agri06_Biochar,DEC,0.0
2042,Agri06_Biochar,DEE,0.0
2042,Agri06_Biochar,DED,0.0
2042,Agri06_Biochar,DEF,0.0
2042,Agri06_Biochar,DEG,0.0
2043,Agri01_AGC,DE1,9813441.635914216
2043,Agri01_AGC,DE2,15667818.618587924
2043,Agri01_AGC,DE3,19981.082480578018
2043,Agri01_AGC,DE4,8461369.384014538
2043,Agri01_AGC,DE5,64241.15731895036
2043,Agri01_AGC,DE6,105518.75351020759
2043,Agri01_AGC,DE7,3366382.253389191
2043,Agri01_AGC,DE8,9334958.622974297
2043,Agri01_AGC,DE9,13930208.982989496
2043,Agri01_AGC,DEA,10253766.98014724
2043,Agri01_AGC,DEB,5101998.216967737
2043,Agri01_AGC,DEC,542504.3636647558
2043,Agri01_AGC,DEE,7772543.2816857435
2043,Agri01_AGC,DED,5823017.759303661
2043,Agri01_AGC,DEF,3023409.593272583
2043,Agri01_AGC,DEG,2417515.219921588
2043,Agri02_OFC,DE1,4987354.203157478
2043,Agri02_OFC,DE2,6987238.215782394
2043,Agri02_OFC,DE3,3296544.943700673
2043,Agri02_OFC,DE4,4980621.949798453
2043,Agri02_OFC,DE5,1527273.3308916467
2043,Agri02_OFC,DE6,159813.66842887222
2043,Agri02_OFC,DE7,1437150.306176999
2043,Agri02_OFC,DE8,4867985.933983913
2043,Agri02_OFC,DE9,6306715.393134322
2043,Agri02_OFC,DEA,5026615.222323632
2043,Agri02_OFC,DEB,3137265.963174644
2043,Agri02_OFC,DEC,2322263.655838109
2043,Agri02_OFC,DEE,3660451.904970356
2043,Agri02_OFC,DED,3283495.627227542
2043,Agri02_OFC,DEF,1166050.0978615852
2043,Agri02_OFC,DEG,932439.0531377817
2043,Agri03_No-till,DE1,0.0
2043,Agri03_No-till,DE2,0.0
2043,Agri03_No-till,DE3,0.0
2043,Agri03_No-till,DE4,0.0
2043,Agri03_No-till,DE5,0.0
2043,Agri03_No-till,DE6,0.0
2043,Agri03_No-till,DE7,0.0
2043,Agri03_No-till,DE8,0.0
2043,Agri03_No-till,DE9,0.0
2043,Agri03_No-till,DEA,0.0
2043,Agri03_No-till,DEB,0.0
2043,Agri03_No-till,DEC,0.0
2043,Agri03_No-till,DEE,0.0
2043,Agri03_No-till,DED,0.0
2043,Agri03_No-till,DEF,0.0
2043,Agri03_No-till,DEG,0.0
2043,Agri04_toGrassland,DE1,236928.18712636788
2043,Agri04_toGrassland,DE2,379408.5390496725
2043,Agri04_toGrassland,DE3,116467.65201443952
2043,Agri04_toGrassland,DE4,228298.34822796064
2043,Agri04_toGrassland,DE5,54300.18282415576
2043,Agri04_toGrassland,DE6,6295.188576066055
2043,Agri04_toGrassland,DE7,84973.87336112594
2043,Agri04_toGrassland,DE8,229745.45248327337
2043,Agri04_toGrassland,DE9,332246.73674181354
2043,Agri04_toGrassland,DEA,241046.88630908888
2043,Agri04_toGrassland,DEB,142390.09193761327
2043,Agri04_toGrassland,DEC,85326.00973244365
2043,Agri04_toGrassland,DEE,177757.16413154293
2043,Agri04_toGrassland,DED,152026.2462252979
2043,Agri04_toGrassland,DEF,83032.86118017466
2043,Agri04_toGrassland,DEG,66389.40403201197
2043,Agri05_Agroforestry,DE1,23394162.0769018
2043,Agri05_Agroforestry,DE2,28584474.563087434
2043,Agri05_Agroforestry,DE3,42415.848430489335
2043,Agri05_Agroforestry,DE4,15358916.670812003
2043,Agri05_Agroforestry,DE5,348210.5849014275
2043,Agri05_Agroforestry,DE6,281883.5842191192
2043,Agri05_Agroforestry,DE7,4972735.977082197
2043,Agri05_Agroforestry,DE8,14628204.3658377
2043,Agri05_Agroforestry,DE9,27134846.54546743
2043,Agri05_Agroforestry,DEA,18953615.52295283
2043,Agri05_Agroforestry,DEB,11137299.06205463
2043,Agri05_Agroforestry,DEC,1551524.5844352555
2043,Agri05_Agroforestry,DEE,7697156.84109729
2043,Agri05_Agroforestry,DED,8575210.888319023
2043,Agri05_Agroforestry,DEF,2193348.036140785
2043,Agri05_Agroforestry,DEG,1755012.6335134981
2043,Agri06_Biochar,DE1,0.0
2043,Agri06_Biochar,DE2,0.0
2043,Agri06_Biochar,DE3,0.0
2043,Agri06_Biochar,DE4,0.0
2043,Agri06_Biochar,DE5,0.0
2043,Agri06_Biochar,DE6,0.0
2043,Agri06_Biochar,DE7,0.0
2043,Agri06_Biochar,DE8,0.0
2043,Agri06_Biochar,DE9,0.0
2043,Agri06_Biochar,DEA,0.0
2043,Agri06_Biochar,DEB,0.0
2043,Agri06_Biochar,DEC,0.0
2043,Agri06_Biochar,DEE,0.0
2043,Agri06_Biochar,DED,0.0
2043,Agri06_Biochar,DEF,0.0
2043,Agri06_Biochar,DEG,0.0
2044,Agri01_AGC,DE1,8494594.117500447
2044,Agri01_AGC,DE2,13562189.984851547
2044,Agri01_AGC,DE3,17295.785922814754
2044,Agri01_AGC,DE4,7324229.486666972
2044,Agri01_AGC,DE5,55607.66317352629
2044,Agri01_AGC,DE6,91337.88288641373
2044,Agri01_AGC,DE7,2913967.591374351
2044,Agri01_AGC,DE8,8080415.367797752
2044,Agri01_AGC,DE9,12058101.089570576
2044,Agri01_AGC,DEA,8875743.281848615
2044,Agri01_AGC,DEB,4416330.74809788
2044,Agri01_AGC,DEC,469596.1465180351
2044,Agri01_AGC,DEE,6727976.064686149
2044,Agri01_AGC,DED,5040451.071034821
2044,Agri01_AGC,DEF,2617087.6944758147
2044,Agri01_AGC,DEG,2092620.6450302706
2044,Agri02_OFC,DE1,4294360.422633277
2044,Agri02_OFC,DE2,6016360.18520003
2044,Agri02_OFC,DE3,2838489.4196400866
2044,Agri02_OFC,DE4,4288563.617112259
2044,Agri02_OFC,DE5,1315058.42167218
2044,Agri02_OFC,DE6,137607.52991281298
2044,Agri02_OFC,DE7,1237458.0077578118
2044,Agri02_OFC,DE8,4191578.3963371185
2044,Agri02_OFC,DE9,5430396.1334732855
2044,Agri02_OFC,DEA,4328166.115991219
2044,Agri02_OFC,DEB,2701342.282648029
2044,Agri02_OFC,DEC,1999584.6952753426
2044,Agri02_OFC,DEE,3151831.4419508134
2044,Agri02_OFC,DED,2827253.308082349
2044,Agri02_OFC,DEF,1004027.2230703523
2044,Agri02_OFC,DEG,802876.4758230873
2044,Agri03_No-till,DE1,0.0
2044,Agri03_No-till,DE2,0.0
2044,Agri03_No-till,DE3,0.0
2044,Agri03_No-till,DE4,0.0
2044,Agri03_No-till,DE5,0.0
2044,Agri03_No-till,DE6,0.0
2044,Agri03_No-till,DE7,0.0
2044,Agri03_No-till,DE8,0.0
2044,Agri03_No-till,DE9,0.0
2044,Agri03_No-till,DEA,0.0
2044,Agri03_No-till,DEB,0.0
2044,Agri03_No-till,DEC,0.0
2044,Agri03_No-till,DEE,0.0
2044,Agri03_No-till,DED,0.0
2044,Agri03_No-till,DEF,0.0
2044,Agri03_No-till,DEG,0.0
2044,Agri04_toGrassland,DE1,231216.25840220894
2044,Agri04_toGrassland,DE2,370261.65552064293
2044,Agri04_toGrassland,DE3,113659.81840441065
2044,Agri04_toGrassland,DE4,222794.46999068776
2044,Agri04_toGrassland,DE5,52991.09935138622
2044,Agri04_toGrassland,DE6,6143.42246968695
2044,Agri04_toGrassland,DE7,82925.3002726247
2044,Agri04_toGrassland,DE8,224206.68706578348
2044,Agri04_toGrassland,DE9,324236.8426801524
2044,Agri04_toGrassland,DEA,235235.66287266588
2044,Agri04_toGrassland,DEB,138957.31314485488
2044,Agri04_toGrassland,DEC,83268.94724519867
2044,Agri04_toGrassland,DEE,173471.74641049118
2044,Agri04_toGrassland,DED,148361.15642246584
2044,Agri04_toGrassland,DEF,81031.08253755506
2044,Agri04_toGrassland,DEG,64788.870349339646
2044,Agri05_Agroforestry,DE1,23959681.8004846
2044,Agri05_Agroforestry,DE2,29275462.515574835
2044,Agri05_Agroforestry,DE3,43441.1896588304
2044,Agri05_Agroforestry,DE4,15730196.064434089
2044,Agri05_Agroforestry,DE5,356628.06756546744
2044,Agri05_Agroforestry,DE6,288697.7084483225
2044,Agri05_Agroforestry,DE7,5092944.611440012
2044,Agri05_Agroforestry,DE8,14981819.855988089
2044,Agri05_Agroforestry,DE9,27790791.856413428
2044,Agri05_Agroforestry,DEA,19411791.514732335
2044,Agri05_Agroforestry,DEB,11406527.011588708
2044,Agri05_Agroforestry,DEC,1589030.4267576898
2044,Agri05_Agroforestry,DEE,7883224.373451809
2044,Agri05_Agroforestry,DED,8782504.095713465
2044,Agri05_Agroforestry,DEF,2246369.023643642
2044,Agri05_Agroforestry,DEG,1797437.502424226
2044,Agri06_Biochar,DE1,0.0
2044,Agri06_Biochar,DE2,0.0
2044,Agri06_Biochar,DE3,0.0
2044,Agri06_Biochar,DE4,0.0
2044,Agri06_Biochar,DE5,0.0
2044,Agri06_Biochar,DE6,0.0
2044,Agri06_Biochar,DE7,0.0
2044,Agri06_Biochar,DE8,0.0
2044,Agri06_Biochar,DE9,0.0
2044,Agri06_Biochar,DEA,0.0
2044,Agri06_Biochar,DEB,0.0
2044,Agri06_Biochar,DEC,0.0
2044,Agri06_Biochar,DEE,0.0
2044,Agri06_Biochar,DED,0.0
2044,Agri06_Biochar,DEF,0.0
2044,Agri06_Biochar,DEG,0.0
2045,Agri01_AGC,DE1,7175746.5990866795
2045,Agri01_AGC,DE2,11456561.351115173
2045,Agri01_AGC,DE3,14610.489365051491
2045,Agri01_AGC,DE4,6187089.589319409
2045,Agri01_AGC,DE5,46974.16902810223
2045,Agri01_AGC,DE6,77157.01226261989
2045,Agri01_AGC,DE7,2461552.929359512
2045,Agri01_AGC,DE8,6825872.112621208
2045,Agri01_AGC,DE9,10185993.196151657
2045,Agri01_AGC,DEA,7497719.583549989
2045,Agri01_AGC,DEB,3730663.2792280233
2045,Agri01_AGC,DEC,396687.9293713144
2045,Agri01_AGC,DEE,5683408.847686557
2045,Agri01_AGC,DED,4257884.382765981
2045,Agri01_AGC,DEF,2210765.795679047
2045,Agri01_AGC,DEG,1767726.0701389536
2045,Agri02_OFC,DE1,3601366.6421090756
2045,Agri02_OFC,DE2,5045482.1546176635
2045,Agri02_OFC,DE3,2380433.895579499
2045,Agri02_OFC,DE4,3596505.2844260638
2045,Agri02_OFC,DE5,1102843.5124527127
2045,Agri02_OFC,DE6,115401.3913967537
2045,Agri02_OFC,DE7,1037765.7093386241
2045,Agri02_OFC,DE8,3515170.858690322
2045,Agri02_OFC,DE9,4554076.873812246
2045,Agri02_OFC,DEA,3629717.009658803
2045,Agri02_OFC,DEB,2265418.6021214123
2045,Agri02_OFC,DEC,1676905.7347125746
2045,Agri02_OFC,DEE,2643210.9789312696
2045,Agri02_OFC,DED,2371010.988937155
2045,Agri02_OFC,DEF,842004.3482791189
2045,Agri02_OFC,DEG,673313.8985083925
2045,Agri03_No-till,DE1,0.0
2045,Agri03_No-till,DE2,0.0
2045,Agri03_No-till,DE3,0.0
2045,Agri03_No-till,DE4,0.0
2045,Agri03_No-till,DE5,0.0
2045,Agri03_No-till,DE6,0.0
2045,Agri03_No-till,DE7,0.0
2045,Agri03_No-till,DE8,0.0
2045,Agri03_No-till,DE9,0.0
2045,Agri03_No-till,DEA,0.0
2045,Agri03_No-till,DEB,0.0
2045,Agri03_No-till,DEC,0.0
2045,Agri03_No-till,DEE,0.0
2045,Agri03_No-till,DED,0.0
2045,Agri03_No-till,DEF,0.0
2045,Agri03_No-till,DEG,0.0
2045,Agri04_toGrassland,DE1,225504.32967804998
2045,Agri04_toGrassland,DE2,361114.7719916134
2045,Agri04_toGrassland,DE3,110851.98479438177
2045,Agri04_toGrassland,DE4,217290.5917534149
2045,Agri04_toGrassland,DE5,51682.01587861668
2045,Agri04_toGrassland,DE6,5991.656363307844
2045,Agri04_toGrassland,DE7,80876.72718412348
2045,Agri04_toGrassland,DE8,218667.92164829356
2045,Agri04_toGrassland,DE9,316226.9486184912
2045,Agri04_toGrassland,DEA,229424.4394362429
2045,Agri04_toGrassland,DEB,135524.5343520965
2045,Agri04_toGrassland,DEC,81211.88475795368
2045,Agri04_toGrassland,DEE,169186.32868943946
2045,Agri04_toGrassland,DED,144696.06661963376
2045,Agri04_toGrassland,DEF,79029.30389493547
2045,Agri04_toGrassland,DEG,63188.336666667325
2045,Agri05_Agroforestry,DE1,24525201.52406741
2045,Agri05_Agroforestry,DE2,29966450.468062244
2045,Agri05_Agroforestry,DE3,44466.530887171466
2045,Agri05_Agroforestry,DE4,16101475.458056176
2045,Agri05_Agroforestry,DE5,365045.5502295074
2045,Agri05_Agroforestry,DE6,295511.8326775259
2045,Agri05_Agroforestry,DE7,5213153.24579783
2045,Agri05_Agroforestry,DE8,15335435.346138481
2045,Agri05_Agroforestry,DE9,28446737.167359434
2045,Agri05_Agroforestry,DEA,19869967.506511845
2045,Agri05_Agroforestry,DEB,11675754.961122787
2045,Agri05_Agroforestry,DEC,1626536.269080124
2045,Agri05_Agroforestry,DEE,8069291.905806331
2045,Agri05_Agroforestry,DED,8989797.303107908
2045,Agri05_Agroforestry,DEF,2299390.0111464993
2045,Agri05_Agroforestry,DEG,1839862.371334954
2045,Agri06_Biochar,DE1,0.0
2045,Agri06_Biochar,DE2,0.0
2045,Agri06_Biochar,DE3,0.0
2045,Agri06_Biochar,DE4,0.0
2045,Agri06_Biochar,DE5,0.0
2045,Agri06_Biochar,DE6,0.0
2045,Agri06_Biochar,DE7,0.0
2045,Agri06_Biochar,DE8,0.0
2045,Agri06_Biochar,DE9,0.0
2045,Agri06_Biochar,DEA,0.0
2045,Agri06_Biochar,DEB,0.0
2045,Agri06_Biochar,DEC,0.0
2045,Agri06_Biochar,DEE,0.0
2045,Agri06_Biochar,DED,0.0
2045,Agri06_Biochar,DEF,0.0
2045,Agri06_Biochar,DEG,0.0
2046,Agri01_AGC,DE1,5856899.080672912
2046,Agri01_AGC,DE2,9350932.717378797
2046,Agri01_AGC,DE3,11925.192807288227
2046,Agri01_AGC,DE4,5049949.691971845
2046,Agri01_AGC,DE5,38340.67488267816
2046,Agri01_AGC,DE6,62976.14163882605
2046,Agri01_AGC,DE7,2009138.267344673
2046,Agri01_AGC,DE8,5571328.8574446635
2046,Agri01_AGC,DE9,8313885.302732739
2046,Agri01_AGC,DEA,6119695.885251364
2046,Agri01_AGC,DEB,3044995.8103581667
2046,Agri01_AGC,DEC,323779.7122245938
2046,Agri01_AGC,DEE,4638841.630686964
2046,Agri01_AGC,DED,3475317.694497142
2046,Agri01_AGC,DEF,1804443.896882279
2046,Agri01_AGC,DEG,1442831.4952476367
2046,Agri02_OFC,DE1,2908372.8615848697
2046,Agri02_OFC,DE2,4074604.124035291
2046,Agri02_OFC,DE3,1922378.3715189092
2046,Agri02_OFC,DE4,2904446.951739865
2046,Agri02_OFC,DE5,890628.6032332442
2046,Agri02_OFC,DE6,93195.25288069429
2046,Agri02_OFC,DE7,838073.4109194354
2046,Agri02_OFC,DE8,2838763.3210435216
2046,Agri02_OFC,DE9,3677757.614151202
2046,Agri02_OFC,DEA,2931267.9033263843
2046,Agri02_OFC,DEB,1829494.9215947932
2046,Agri02_OFC,DEC,1354226.774149805
2046,Agri02_OFC,DEE,2134590.515911723
2046,Agri02_OFC,DED,1914768.6697919578
2046,Agri02_OFC,DEF,679981.4734878846
2046,Agri02_OFC,DEG,543751.321193697
2046,Agri03_No-till,DE1,0.0
2046,Agri03_No-till,DE2,0.0
2046,Agri03_No-till,DE3,0.0
2046,Agri03_No-till,DE4,0.0
2046,Agri03_No-till,DE5,0.0
2046,Agri03_No-till,DE6,0.0
2046,Agri03_No-till,DE7,0.0
2046,Agri03_No-till,DE8,0.0
2046,Agri03_No-till,DE9,0.0
2046,Agri03_No-till,DEA,0.0
2046,Agri03_No-till,DEB,0.0
2046,Agri03_No-till,DEC,0.0
2046,Agri03_No-till,DEE,0.0
2046,Agri03_No-till,DED,0.0
2046,Agri03_No-till,DEF,0.0
2046,Agri03_No-till,DEG,0.0
2046,Agri04_toGrassland,DE1,219792.40095389108
2046,Agri04_toGrassland,DE2,351967.8884625839
2046,Agri04_toGrassland,DE3,108044.15118435292
2046,Agri04_toGrassland,DE4,211786.71351614204
2046,Agri04_toGrassland,DE5,50372.93240584714
2046,Agri04_toGrassland,DE6,5839.890256928739
2046,Agri04_toGrassland,DE7,78828.15409562226
2046,Agri04_toGrassland,DE8,213129.1562308037
2046,Agri04_toGrassland,DE9,308217.0545568301
2046,Agri04_toGrassland,DEA,223613.21599981992
2046,Agri04_toGrassland,DEB,132091.75555933814
2046,Agri04_toGrassland,DEC,79154.82227070871
2046,Agri04_toGrassland,DEE,164900.91096838776
2046,Agri04_toGrassland,DED,141030.9768168017
2046,Agri04_toGrassland,DEF,77027.52525231589
2046,Agri04_toGrassland,DEG,61587.80298399501
2046,Agri05_Agroforestry,DE1,25090721.24765022
2046,Agri05_Agroforestry,DE2,30657438.420549657
2046,Agri05_Agroforestry,DE3,45491.872115512546
2046,Agri05_Agroforestry,DE4,16472754.851678269
2046,Agri05_Agroforestry,DE5,373463.03289354744
2046,Agri05_Agroforestry,DE6,302325.95690672926
2046,Agri05_Agroforestry,DE7,5333361.880155648
2046,Agri05_Agroforestry,DE8,15689050.836288875
2046,Agri05_Agroforestry,DE9,29102682.478305444
2046,Agri05_Agroforestry,DEA,20328143.49829136
2046,Agri05_Agroforestry,DEB,11944982.910656868
2046,Agri05_Agroforestry,DEC,1664042.1114025589
2046,Agri05_Agroforestry,DEE,8255359.438160854
2046,Agri05_Agroforestry,DED,9197090.510502355
2046,Agri05_Agroforestry,DEF,2352410.998649357
2046,Agri05_Agroforestry,DEG,1882287.2402456824
2046,Agri06_Biochar,DE1,0.0
2046,Agri06_Biochar,DE2,0.0
2046,Agri06_Biochar,DE3,0.0
2046,Agri06_Biochar,DE4,0.0
2046,Agri06_Biochar,DE5,0.0
2046,Agri06_Biochar,DE6,0.0
2046,Agri06_Biochar,DE7,0.0
2046,Agri06_Biochar,DE8,0.0
2046,Agri06_Biochar,DE9,0.0
2046,Agri06_Biochar,DEA,0.0
2046,Agri06_Biochar,DEB,0.0
2046,Agri06_Biochar,DEC,0.0
2046,Agri06_Biochar,DEE,0.0
2046,Agri06_Biochar,DED,0.0
2046,Agri06_Biochar,DEF,0.0
2046,Agri06_Biochar,DEG,0.0
2047,Agri01_AGC,DE1,4538051.562259144
2047,Agri01_AGC,DE2,7245304.083642422
2047,Agri01_AGC,DE3,9239.896249524963
2047,Agri01_AGC,DE4,3912809.79462428
2047,Agri01_AGC,DE5,29707.180737254097
2047,Agri01_AGC,DE6,48795.2710150322
2047,Agri01_AGC,DE7,1556723.6053298335
2047,Agri01_AGC,DE8,4316785.602268118
2047,Agri01_AGC,DE9,6441777.409313819
2047,Agri01_AGC,DEA,4741672.186952738
2047,Agri01_AGC,DEB,2359328.341488309
2047,Agri01_AGC,DEC,250871.49507787309
2047,Agri01_AGC,DEE,3594274.413687371
2047,Agri01_AGC,DED,2692751.006228302
2047,Agri01_AGC,DEF,1398121.9980855111
2047,Agri01_AGC,DEG,1117936.9203563195
2047,Agri02_OFC,DE1,2215379.0810606675
2047,Agri02_OFC,DE2,3103726.0934529235
2047,Agri02_OFC,DE3,1464322.8474583216
2047,Agri02_OFC,DE4,2212388.6190536693
2047,Agri02_OFC,DE5,678413.6940137767
2047,Agri02_OFC,DE6,70989.11436463498
2047,Agri02_OFC,DE7,638381.1125002477
2047,Agri02_OFC,DE8,2162355.7833967246
2047,Agri02_OFC,DE9,2801438.3544901623
2047,Agri02_OFC,DEA,2232818.796993968
2047,Agri02_OFC,DEB,1393571.2410681765
2047,Agri02_OFC,DEC,1031547.8135870373
2047,Agri02_OFC,DEE,1625970.052892179
2047,Agri02_OFC,DED,1458526.3506467633
2047,Agri02_OFC,DEF,517958.5986966511
2047,Agri02_OFC,DEG,414188.74387900217
2047,Agri03_No-till,DE1,0.0
2047,Agri03_No-till,DE2,0.0
2047,Agri03_No-till,DE3,0.0
2047,Agri03_No-till,DE4,0.0
2047,Agri03_No-till,DE5,0.0
2047,Agri03_No-till,DE6,0.0
2047,Agri03_No-till,DE7,0.0
2047,Agri03_No-till,DE8,0.0
2047,Agri03_No-till,DE9,0.0
2047,Agri03_No-till,DEA,0.0
2047,Agri03_No-till,DEB,0.0
2047,Agri03_No-till,DEC,0.0
2047,Agri03_No-till,DEE,0.0
2047,Agri03_No-till,DED,0.0
2047,Agri03_No-till,DEF,0.0
2047,Agri03_No-till,DEG,0.0
2047,Agri04_toGrassland,DE1,214080.47222973214
2047,Agri04_toGrassland,DE2,342821.00493355433
2047,Agri04_toGrassland,DE3,105236.31757432404
2047,Agri04_toGrassland,DE4,206282.83527886917
2047,Agri04_toGrassland,DE5,49063.8489330776
2047,Agri04_toGrassland,DE6,5688.124150549634
2047,Agri04_toGrassland,DE7,76779.58100712104
2047,Agri04_toGrassland,DE8,207590.39081331377
2047,Agri04_toGrassland,DE9,300207.1604951689
2047,Agri04_toGrassland,DEA,217801.99256339695
2047,Agri04_toGrassland,DEB,128658.97676657974
2047,Agri04_toGrassland,DEC,77097.75978346373
2047,Agri04_toGrassland,DEE,160615.49324733604
2047,Agri04_toGrassland,DED,137365.88701396962
2047,Agri04_toGrassland,DEF,75025.74660969629
2047,Agri04_toGrassland,DEG,59987.26930132268
2047,Agri05_Agroforestry,DE1,25656240.97123302
2047,Agri05_Agroforestry,DE2,31348426.373037063
2047,Agri05_Agroforestry,DE3,46517.213343853604
2047,Agri05_Agroforestry,DE4,16844034.245300353
2047,Agri05_Agroforestry,DE5,381880.5155575874
2047,Agri05_Agroforestry,DE6,309140.0811359326
2047,Agri05_Agroforestry,DE7,5453570.514513464
2047,Agri05_Agroforestry,DE8,16042666.326439265
2047,Agri05_Agroforestry,DE9,29758627.789251447
2047,Agri05_Agroforestry,DEA,20786319.490070865
2047,Agri05_Agroforestry,DEB,12214210.860190945
2047,Agri05_Agroforestry,DEC,1701547.953724993
2047,Agri05_Agroforestry,DEE,8441426.970515374
2047,Agri05_Agroforestry,DED,9404383.717896797
2047,Agri05_Agroforestry,DEF,2405431.986152214
2047,Agri05_Agroforestry,DEG,1924712.1091564104
2047,Agri06_Biochar,DE1,0.0
2047,Agri06_Biochar,DE2,0.0
2047,Agri06_Biochar,DE3,0.0
2047,Agri06_Biochar,DE4,0.0
2047,Agri06_Biochar,DE5,0.0
2047,Agri06_Biochar,DE6,0.0
2047,Agri06_Biochar,DE7,0.0
2047,Agri06_Biochar,DE8,0.0
2047,Agri06_Biochar,DE9,0.0
2047,Agri06_Biochar,DEA,0.0
2047,Agri06_Biochar,DEB,0.0
2047,Agri06_Biochar,DEC,0.0
2047,Agri06_Biochar,DEE,0.0
2047,Agri06_Biochar,DED,0.0
2047,Agri06_Biochar,DEF,0.0
2047,Agri06_Biochar,DEG,0.0
2048,Agri01_AGC,DE1,3219204.043845377
2048,Agri01_AGC,DE2,5139675.449906047
2048,Agri01_AGC,DE3,6554.599691761701
2048,Agri01_AGC,DE4,2775669.8972767163
2048,Agri01_AGC,DE5,21073.686591830035
2048,Agri01_AGC,DE6,34614.400391238356
2048,Agri01_AGC,DE7,1104308.9433149942
2048,Agri01_AGC,DE8,3062242.347091574
2048,Agri01_AGC,DE9,4569669.515894901
2048,Agri01_AGC,DEA,3363648.488654113
2048,Agri01_AGC,DEB,1673660.8726184526
2048,Agri01_AGC,DEC,177963.27793115244
2048,Agri01_AGC,DEE,2549707.1966877785
2048,Agri01_AGC,DED,1910184.3179594628
2048,Agri01_AGC,DEF,991800.0992887432
2048,Agri01_AGC,DEG,793042.3454650026
2048,Agri02_OFC,DE1,1522385.3005364689
2048,Agri02_OFC,DE2,2132848.0628705616
2048,Agri02_OFC,DE3,1006267.3233977364
2048,Agri02_OFC,DE4,1520330.2863674774
2048,Agri02_OFC,DE5,466198.7847943106
2048,Agri02_OFC,DE6,48782.97584857579
2048,Agri02_OFC,DE7,438688.814081061
2048,Agri02_OFC,DE8,1485948.2457499315
2048,Agri02_OFC,DE9,1925119.0948291277
2048,Agri02_OFC,DEA,1534369.6906615563
2048,Agri02_OFC,DEB,957647.560541562
2048,Agri02_OFC,DEC,708868.8530242711
2048,Agri02_OFC,DEE,1117349.589872638
2048,Agri02_OFC,DED,1002284.0315015712
2048,Agri02_OFC,DEF,355935.7239054185
2048,Agri02_OFC,DEG,284626.16656430805
2048,Agri03_No-till,DE1,0.0
2048,Agri03_No-till,DE2,0.0
2048,Agri03_No-till,DE3,0.0
2048,Agri03_No-till,DE4,0.0
2048,Agri03_No-till,DE5,0.0
2048,Agri03_No-till,DE6,0.0
2048,Agri03_No-till,DE7,0.0
2048,Agri03_No-till,DE8,0.0
2048,Agri03_No-till,DE9,0.0
2048,Agri03_No-till,DEA,0.0
2048,Agri03_No-till,DEB,0.0
2048,Agri03_No-till,DEC,0.0
2048,Agri03_No-till,DEE,0.0
2048,Agri03_No-till,DED,0.0
2048,Agri03_No-till,DEF,0.0
2048,Agri03_No-till,DEG,0.0
2048,Agri04_toGrassland,DE1,208368.5435055732
2048,Agri04_toGrassland,DE2,333674.12140452483
2048,Agri04_toGrassland,DE3,102428.48396429518
2048,Agri04_toGrassland,DE4,200778.95704159635
2048,Agri04_toGrassland,DE5,47754.76546030807
2048,Agri04_toGrassland,DE6,5536.358044170529
2048,Agri04_toGrassland,DE7,74731.00791861983
2048,Agri04_toGrassland,DE8,202051.6253958239
2048,Agri04_toGrassland,DE9,292197.2664335078
2048,Agri04_toGrassland,DEA,211990.769126974
2048,Agri04_toGrassland,DEB,125226.19797382137
2048,Agri04_toGrassland,DEC,75040.69729621876
2048,Agri04_toGrassland,DEE,156330.07552628432
2048,Agri04_toGrassland,DED,133700.79721113757
2048,Agri04_toGrassland,DEF,73023.96796707671
2048,Agri04_toGrassland,DEG,58386.73561865037
2048,Agri05_Agroforestry,DE1,26221760.694815833
2048,Agri05_Agroforestry,DE2,32039414.32552448
2048,Agri05_Agroforestry,DE3,47542.554572194684
2048,Agri05_Agroforestry,DE4,17215313.638922445
2048,Agri05_Agroforestry,DE5,390297.99822162744
2048,Agri05_Agroforestry,DE6,315954.20536513603
2048,Agri05_Agroforestry,DE7,5573779.148871282
2048,Agri05_Agroforestry,DE8,16396281.81658966
2048,Agri05_Agroforestry,DE9,30414573.100197457
2048,Agri05_Agroforestry,DEA,21244495.48185038
2048,Agri05_Agroforestry,DEB,12483438.809725028
2048,Agri05_Agroforestry,DEC,1739053.7960474277
2048,Agri05_Agroforestry,DEE,8627494.502869897
2048,Agri05_Agroforestry,DED,9611676.925291244
2048,Agri05_Agroforestry,DEF,2458452.9736550716
2048,Agri05_Agroforestry,DEG,1967136.978067139
2048,Agri06_Biochar,DE1,0.0
2048,Agri06_Biochar,DE2,0.0
2048,Agri06_Biochar,DE3,0.0
2048,Agri06_Biochar,DE4,0.0
2048,Agri06_Biochar,DE5,0.0
2048,Agri06_Biochar,DE6,0.0
2048,Agri06_Biochar,DE7,0.0
2048,Agri06_Biochar,DE8,0.0
2048,Agri06_Biochar,DE9,0.0
2048,Agri06_Biochar,DEA,0.0
2048,Agri06_Biochar,DEB,0.0
2048,Agri06_Biochar,DEC,0.0
2048,Agri06_Biochar,DEE,0.0
2048,Agri06_Biochar,DED,0.0
2048,Agri06_Biochar,DEF,0.0
2048,Agri06_Biochar,DEG,0.0
2049,Agri01_AGC,DE1,1900356.525431609
2049,Agri01_AGC,DE2,3034046.8161696717
2049,Agri01_AGC,DE3,3869.3031339984386
2049,Agri01_AGC,DE4,1638529.9999291522
2049,Agri01_AGC,DE5,12440.192446405972
2049,Agri01_AGC,DE6,20433.52976744451
2049,Agri01_AGC,DE7,651894.2813001549
2049,Agri01_AGC,DE8,1807699.0919150298
2049,Agri01_AGC,DE9,2697561.622475982
2049,Agri01_AGC,DEA,1985624.7903554873
2049,Agri01_AGC,DEB,987993.4037485957
2049,Agri01_AGC,DEC,105055.06078443176
2049,Agri01_AGC,DEE,1505139.9796881853
2049,Agri01_AGC,DED,1127617.6296906231
2049,Agri01_AGC,DEF,585478.2004919752
2049,Agri01_AGC,DEG,468147.77057368547
2049,Agri02_OFC,DE1,829391.5200122667
2049,Agri02_OFC,DE2,1161970.0322881946
2049,Agri02_OFC,DE3,548211.7993371489
2049,Agri02_OFC,DE4,828271.953681282
2049,Agri02_OFC,DE5,253983.87557484323
2049,Agri02_OFC,DE6,26576.837332516498
2049,Agri02_OFC,DE7,238996.51566187327
2049,Agri02_OFC,DE8,809540.708103135
2049,Agri02_OFC,DE9,1048799.8351680883
2049,Agri02_OFC,DEA,835920.5843291408
2049,Agri02_OFC,DEB,521723.88001494546
2049,Agri02_OFC,DEC,386189.8924615033
2049,Agri02_OFC,DEE,608729.1268530941
2049,Agri02_OFC,DED,546041.7123563768
2049,Agri02_OFC,DEF,193912.84911418505
2049,Agri02_OFC,DEG,155063.5892496133
2049,Agri03_No-till,DE1,0.0
2049,Agri03_No-till,DE2,0.0
2049,Agri03_No-till,DE3,0.0
2049,Agri03_No-till,DE4,0.0
2049,Agri03_No-till,DE5,0.0
2049,Agri03_No-till,DE6,0.0
2049,Agri03_No-till,DE7,0.0
2049,Agri03_No-till,DE8,0.0
2049,Agri03_No-till,DE9,0.0
2049,Agri03_No-till,DEA,0.0
2049,Agri03_No-till,DEB,0.0
2049,Agri03_No-till,DEC,0.0
2049,Agri03_No-till,DEE,0.0
2049,Agri03_No-till,DED,0.0
2049,Agri03_No-till,DEF,0.0
2049,Agri03_No-till,DEG,0.0
2049,Agri04_toGrassland,DE1,202656.6147814143
2049,Agri04_toGrassland,DE2,324527.23787549534
2049,Agri04_toGrassland,DE3,99620.65035426633
2049,Agri04_toGrassland,DE4,195275.0788043235
2049,Agri04_toGrassland,DE5,46445.68198753853
2049,Agri04_toGrassland,DE6,5384.591937791424
2049,Agri04_toGrassland,DE7,72682.43483011861
2049,Agri04_toGrassland,DE8,196512.85997833402
2049,Agri04_toGrassland,DE9,284187.37237184664
2049,Agri04_toGrassland,DEA,206179.54569055102
2049,Agri04_toGrassland,DEB,121793.419181063
2049,Agri04_toGrassland,DEC,72983.63480897379
2049,Agri04_toGrassland,DEE,152044.65780523262
2049,Agri04_toGrassland,DED,130035.70740830553
2049,Agri04_toGrassland,DEF,71022.18932445711
2049,Agri04_toGrassland,DEG,56786.20193597805
2049,Agri05_Agroforestry,DE1,26787280.418398637
2049,Agri05_Agroforestry,DE2,32730402.27801188
2049,Agri05_Agroforestry,DE3,48567.89580053575
2049,Agri05_Agroforestry,DE4,17586593.03254453
2049,Agri05_Agroforestry,DE5,398715.4808856674
2049,Agri05_Agroforestry,DE6,322768.32959433936
2049,Agri05_Agroforestry,DE7,5693987.783229099
2049,Agri05_Agroforestry,DE8,16749897.30674005
2049,Agri05_Agroforestry,DE9,31070518.41114346
2049,Agri05_Agroforestry,DEA,21702671.473629884
2049,Agri05_Agroforestry,DEB,12752666.759259105
2049,Agri05_Agroforestry,DEC,1776559.638369862
2049,Agri05_Agroforestry,DEE,8813562.035224417
2049,Agri05_Agroforestry,DED,9818970.132685686
2049,Agri05_Agroforestry,DEF,2511473.9611579287
2049,Agri05_Agroforestry,DEG,2009561.8469778667
2049,Agri06_Biochar,DE1,0.0
2049,Agri06_Biochar,DE2,0.0
2049,Agri06_Biochar,DE3,0.0
2049,Agri06_Biochar,DE4,0.0
2049,Agri06_Biochar,DE5,0.0
2049,Agri06_Biochar,DE6,0.0
2049,Agri06_Biochar,DE7,0.0
2049,Agri06_Biochar,DE8,0.0
2049,Agri06_Biochar,DE9,0.0
2049,Agri06_Biochar,DEA,0.0
2049,Agri06_Biochar,DEB,0.0
2049,Agri06_Biochar,DEC,0.0
2049,Agri06_Biochar,DEE,0.0
2049,Agri06_Biochar,DED,0.0
2049,Agri06_Biochar,DEF,0.0
2049,Agri06_Biochar,DEG,0.0
2050,Agri01_AGC,DE1,581509.0070178425
2050,Agri01_AGC,DE2,928418.1824332981
2050,Agri01_AGC,DE3,1184.0065762351776
2050,Agri01_AGC,DE4,501390.10258158913
2050,Agri01_AGC,DE5,3806.6983009819146
2050,Agri01_AGC,DE6,6252.659143650679
2050,Agri01_AGC,DE7,199479.6192853159
2050,Agri01_AGC,DE8,553155.8367384864
2050,Agri01_AGC,DE9,825453.7290570647
2050,Agri01_AGC,DEA,607601.0920568628
2050,Agri01_AGC,DEB,302325.93487873947
2050,Agri01_AGC,DEC,32146.843637711154
2050,Agri01_AGC,DEE,460572.7626885933
2050,Agri01_AGC,DED,345050.94142178417
2050,Agri01_AGC,DEF,179156.3016952076
2050,Agri01_AGC,DEG,143253.1956823687
2050,Agri02_OFC,DE1,136397.73948805945
2050,Agri02_OFC,DE2,191092.0017058206
2050,Agri02_OFC,DE3,90156.27527655796
2050,Agri02_OFC,DE4,136213.62099508164
2050,Agri02_OFC,DE5,41768.96635537437
2050,Agri02_OFC,DE6,4370.698816457038
2050,Agri02_OFC,DE7,39304.217242684106
2050,Agri02_OFC,DE8,133133.17045633344
2050,Agri02_OFC,DE9,172480.5755070426
2050,Agri02_OFC,DEA,137471.47799672012
2050,Agri02_OFC,DEB,85800.19948832566
2050,Agri02_OFC,DEC,63510.93189873313
2050,Agri02_OFC,DEE,100108.66383354658
2050,Agri02_OFC,DED,89799.393211179
2050,Agri02_OFC,DEF,31889.974322950406
2050,Agri02_OFC,DEG,25501.011934917537
2050,Agri03_No-till,DE1,0.0
2050,Agri03_No-till,DE2,0.0
2050,Agri03_No-till,DE3,0.0
2050,Agri03_No-till,DE4,0.0
2050,Agri03_No-till,DE5,0.0
2050,Agri03_No-till,DE6,0.0
2050,Agri03_No-till,DE7,0.0
2050,Agri03_No-till,DE8,0.0
2050,Agri03_No-till,DE9,0.0
2050,Agri03_No-till,DEA,0.0
2050,Agri03_No-till,DEB,0.0
2050,Agri03_No-till,DEC,0.0
2050,Agri03_No-till,DEE,0.0
2050,Agri03_No-till,DED,0.0
2050,Agri03_No-till,DEF,0.0
2050,Agri03_No-till,DEG,0.0
2050,Agri04_toGrassland,DE1,196944.68605725534
2050,Agri04_toGrassland,DE2,315380.3543464658
2050,Agri04_toGrassland,DE3,96812.81674423745
2050,Agri04_toGrassland,DE4,189771.20056705063
2050,Agri04_toGrassland,DE5,45136.598514768986
2050,Agri04_toGrassland,DE6,5232.825831412319
2050,Agri04_toGrassland,DE7,70633.86174161738
2050,Agri04_toGrassland,DE8,190974.09456084413
2050,Agri04_toGrassland,DE9,276177.4783101855
2050,Agri04_toGrassland,DEA,200368.32225412803
2050,Agri04_toGrassland,DEB,118360.64038830462
2050,Agri04_toGrassland,DEC,70926.5723217288
2050,Agri04_toGrassland,DEE,147759.2400841809
2050,Agri04_toGrassland,DED,126370.61760547345
2050,Agri04_toGrassland,DEF,69020.41068183753
2050,Agri04_toGrassland,DEG,55185.66825330573
2050,Agri05_Agroforestry,DE1,27352800.14198144
2050,Agri05_Agroforestry,DE2,33421390.23049929
2050,Agri05_Agroforestry,DE3,49593.237028876814
2050,Agri05_Agroforestry,DE4,17957872.42616662
2050,Agri05_Agroforestry,DE5,407132.9635497073
2050,Agri05_Agroforestry,DE6,329582.4538235427
2050,Agri05_Agroforestry,DE7,5814196.417586915
2050,Agri05_Agroforestry,DE8,17103512.79689044
2050,Agri05_Agroforestry,DE9,31726463.722089462
2050,Agri05_Agroforestry,DEA,22160847.46540939
2050,Agri05_Agroforestry,DEB,13021894.708793182
2050,Agri05_Agroforestry,DEC,1814065.4806922963
2050,Agri05_Agroforestry,DEE,8999629.567578938
2050,Agri05_Agroforestry,DED,10026263.340080129
2050,Agri05_Agroforestry,DEF,2564494.948660786
2050,Agri05_Agroforestry,DEG,2051986.7158885947
2050,Agri06_Biochar,DE1,0.0
2050,Agri06_Biochar,DE2,0.0
2050,Agri06_Biochar,DE3,0.0
2050,Agri06_Biochar,DE4,0.0
2050,Agri06_Biochar,DE5,0.0
2050,Agri06_Biochar,DE6,0.0
2050,Agri06_Biochar,DE7,0.0
2050,Agri06_Biochar,DE8,0.0
2050,Agri06_Biochar,DE9,0.0
2050,Agri06_Biochar,DEA,0.0
2050,Agri06_Biochar,DEB,0.0
2050,Agri06_Biochar,DEC,0.0
2050,Agri06_Biochar,DEE,0.0
2050,Agri06_Biochar,DED,0.0
2050,Agri06_Biochar,DEF,0.0
2050,Agri06_Biochar,DEG,0.0
