year,techFMs,r,ghgAbateTechFMs
2020,FM01_PSA,DE1,0.0
2020,FM01_PSA,DE2,0.0
2020,FM01_PSA,DE3,0.0
2020,FM01_PSA,DE4,0.0
2020,FM01_PSA,DE5,0.0
2020,FM01_PSA,DE6,0.0
2020,FM01_PSA,DE7,0.0
2020,FM01_PSA,DE8,0.0
2020,FM01_PSA,DE9,0.0
2020,FM01_PSA,DEA,0.0
2020,FM01_PSA,DEB,0.0
2020,FM01_PSA,DEC,0.0
2020,FM01_PSA,DEE,0.0
2020,FM01_PSA,DED,0.0
2020,FM01_PSA,DEF,0.0
2020,FM01_PSA,DEG,0.0
2020,FM02_TSA,DE1,0.0
2020,FM02_TSA,DE2,0.0
2020,FM02_TSA,DE3,0.0
2020,FM02_TSA,DE4,0.0
2020,FM02_TSA,DE5,0.0
2020,FM02_TSA,DE6,0.0
2020,FM02_TSA,DE7,0.0
2020,FM02_TSA,DE8,0.0
2020,FM02_TSA,DE9,0.0
2020,FM02_TSA,DEA,0.0
2020,FM02_TSA,DEB,0.0
2020,FM02_TSA,DEC,0.0
2020,FM02_TSA,DEE,0.0
2020,FM02_TSA,DED,0.0
2020,FM02_TSA,DEF,0.0
2020,FM02_TSA,DEG,0.0
2020,FM03_Beech,DE1,0.0
2020,FM03_Beech,DE2,0.0
2020,FM03_Beech,DE3,0.0
2020,FM03_Beech,DE4,0.0
2020,FM03_Beech,DE5,0.0
2020,FM03_Beech,DE6,0.0
2020,FM03_Beech,DE7,0.0
2020,FM03_Beech,DE8,0.0
2020,FM03_Beech,DE9,0.0
2020,FM03_Beech,DEA,0.0
2020,FM03_Beech,DEB,0.0
2020,FM03_Beech,DEC,0.0
2020,FM03_Beech,DEE,0.0
2020,FM03_Beech,DED,0.0
2020,FM03_Beech,DEF,0.0
2020,FM03_Beech,DEG,0.0
2020,FM04_DouglasFir,DE1,0.0
2020,FM04_DouglasFir,DE2,0.0
2020,FM04_DouglasFir,DE3,0.0
2020,FM04_DouglasFir,DE4,0.0
2020,FM04_DouglasFir,DE5,0.0
2020,FM04_DouglasFir,DE6,0.0
2020,FM04_DouglasFir,DE7,0.0
2020,FM04_DouglasFir,DE8,0.0
2020,FM04_DouglasFir,DE9,0.0
2020,FM04_DouglasFir,DEA,0.0
2020,FM04_DouglasFir,DEB,0.0
2020,FM04_DouglasFir,DEC,0.0
2020,FM04_DouglasFir,DEE,0.0
2020,FM04_DouglasFir,DED,0.0
2020,FM04_DouglasFir,DEF,0.0
2020,FM04_DouglasFir,DEG,0.0
2020,FM05_Oak,DE1,0.0
2020,FM05_Oak,DE2,0.0
2020,FM05_Oak,DE3,0.0
2020,FM05_Oak,DE4,0.0
2020,FM05_Oak,DE5,0.0
2020,FM05_Oak,DE6,0.0
2020,FM05_Oak,DE7,0.0
2020,FM05_Oak,DE8,0.0
2020,FM05_Oak,DE9,0.0
2020,FM05_Oak,DEA,0.0
2020,FM05_Oak,DEB,0.0
2020,FM05_Oak,DEC,0.0
2020,FM05_Oak,DEE,0.0
2020,FM05_Oak,DED,0.0
2020,FM05_Oak,DEF,0.0
2020,FM05_Oak,DEG,0.0
2020,FM06_ScotPine,DE1,0.0
2020,FM06_ScotPine,DE2,0.0
2020,FM06_ScotPine,DE3,0.0
2020,FM06_ScotPine,DE4,0.0
2020,FM06_ScotPine,DE5,0.0
2020,FM06_ScotPine,DE6,0.0
2020,FM06_ScotPine,DE7,0.0
2020,FM06_ScotPine,DE8,0.0
2020,FM06_ScotPine,DE9,0.0
2020,FM06_ScotPine,DEA,0.0
2020,FM06_ScotPine,DEB,0.0
2020,FM06_ScotPine,DEC,0.0
2020,FM06_ScotPine,DEE,0.0
2020,FM06_ScotPine,DED,0.0
2020,FM06_ScotPine,DEF,0.0
2020,FM06_ScotPine,DEG,0.0
2020,PC_Rewetting,DE1,166388.03200394096
2020,PC_Rewetting,DE2,0.0
2020,PC_Rewetting,DE3,0.0
2020,PC_Rewetting,DE4,0.0
2020,PC_Rewetting,DE5,0.0
2020,PC_Rewetting,DE6,0.0
2020,PC_Rewetting,DE7,0.0
2020,PC_Rewetting,DE8,0.0
2020,PC_Rewetting,DE9,0.0
2020,PC_Rewetting,DEA,0.0
2020,PC_Rewetting,DEB,321611.967996059
2020,PC_Rewetting,DEC,0.0
2020,PC_Rewetting,DEE,0.0
2020,PC_Rewetting,DED,0.0
2020,PC_Rewetting,DEF,0.0
2020,PC_Rewetting,DEG,0.0
2021,FM01_PSA,DE1,0.0
2021,FM01_PSA,DE2,0.0
2021,FM01_PSA,DE3,0.0
2021,FM01_PSA,DE4,0.0
2021,FM01_PSA,DE5,0.0
2021,FM01_PSA,DE6,0.0
2021,FM01_PSA,DE7,0.0
2021,FM01_PSA,DE8,0.0
2021,FM01_PSA,DE9,0.0
2021,FM01_PSA,DEA,0.0
2021,FM01_PSA,DEB,0.0
2021,FM01_PSA,DEC,0.0
2021,FM01_PSA,DEE,0.0
2021,FM01_PSA,DED,0.0
2021,FM01_PSA,DEF,0.0
2021,FM01_PSA,DEG,0.0
2021,FM02_TSA,DE1,140350.01999443333
2021,FM02_TSA,DE2,138783.33945483333
2021,FM02_TSA,DE3,49.280672466666665
2021,FM02_TSA,DE4,8842.111336666665
2021,FM02_TSA,DE5,35.331703
2021,FM02_TSA,DE6,181.5564010333333
2021,FM02_TSA,DE7,126594.02002023334
2021,FM02_TSA,DE8,26824.2521107
2021,FM02_TSA,DE9,63338.182762066666
2021,FM02_TSA,DEA,76770.46625929998
2021,FM02_TSA,DEB,100732.32881689999
2021,FM02_TSA,DEC,11728.035675033332
2021,FM02_TSA,DEE,15245.341154633332
2021,FM02_TSA,DED,9581.616674666666
2021,FM02_TSA,DEF,17699.703667433332
2021,FM02_TSA,DEG,48442.84526509999
2021,FM03_Beech,DE1,0.0
2021,FM03_Beech,DE2,0.0
2021,FM03_Beech,DE3,0.0
2021,FM03_Beech,DE4,0.0
2021,FM03_Beech,DE5,0.0
2021,FM03_Beech,DE6,0.0
2021,FM03_Beech,DE7,0.0
2021,FM03_Beech,DE8,0.0
2021,FM03_Beech,DE9,0.0
2021,FM03_Beech,DEA,0.0
2021,FM03_Beech,DEB,0.0
2021,FM03_Beech,DEC,0.0
2021,FM03_Beech,DEE,0.0
2021,FM03_Beech,DED,0.0
2021,FM03_Beech,DEF,0.0
2021,FM03_Beech,DEG,0.0
2021,FM04_DouglasFir,DE1,0.0
2021,FM04_DouglasFir,DE2,0.0
2021,FM04_DouglasFir,DE3,0.0
2021,FM04_DouglasFir,DE4,0.0
2021,FM04_DouglasFir,DE5,0.0
2021,FM04_DouglasFir,DE6,0.0
2021,FM04_DouglasFir,DE7,0.0
2021,FM04_DouglasFir,DE8,0.0
2021,FM04_DouglasFir,DE9,0.0
2021,FM04_DouglasFir,DEA,0.0
2021,FM04_DouglasFir,DEB,0.0
2021,FM04_DouglasFir,DEC,0.0
2021,FM04_DouglasFir,DEE,0.0
2021,FM04_DouglasFir,DED,0.0
2021,FM04_DouglasFir,DEF,0.0
2021,FM04_DouglasFir,DEG,0.0
2021,FM05_Oak,DE1,0.0
2021,FM05_Oak,DE2,0.0
2021,FM05_Oak,DE3,0.0
2021,FM05_Oak,DE4,0.0
2021,FM05_Oak,DE5,0.0
2021,FM05_Oak,DE6,0.0
2021,FM05_Oak,DE7,0.0
2021,FM05_Oak,DE8,0.0
2021,FM05_Oak,DE9,0.0
2021,FM05_Oak,DEA,0.0
2021,FM05_Oak,DEB,0.0
2021,FM05_Oak,DEC,0.0
2021,FM05_Oak,DEE,0.0
2021,FM05_Oak,DED,0.0
2021,FM05_Oak,DEF,0.0
2021,FM05_Oak,DEG,0.0
2021,FM06_ScotPine,DE1,0.0
2021,FM06_ScotPine,DE2,0.0
2021,FM06_ScotPine,DE3,0.0
2021,FM06_ScotPine,DE4,0.0
2021,FM06_ScotPine,DE5,0.0
2021,FM06_ScotPine,DE6,0.0
2021,FM06_ScotPine,DE7,0.0
2021,FM06_ScotPine,DE8,0.0
2021,FM06_ScotPine,DE9,0.0
2021,FM06_ScotPine,DEA,0.0
2021,FM06_ScotPine,DEB,0.0
2021,FM06_ScotPine,DEC,0.0
2021,FM06_ScotPine,DEE,0.0
2021,FM06_ScotPine,DED,0.0
2021,FM06_ScotPine,DEF,0.0
2021,FM06_ScotPine,DEG,0.0
2021,PC_Rewetting,DE1,166708.7993415001
2021,PC_Rewetting,DE2,1508.6024436470268
2021,PC_Rewetting,DE3,4.6320649189042316
2021,PC_Rewetting,DE4,1709.8349811817968
2021,PC_Rewetting,DE5,43.52824605147984
2021,PC_Rewetting,DE6,21.208966687676902
2021,PC_Rewetting,DE7,50.156879213741234
2021,PC_Rewetting,DE8,1903.567921718542
2021,PC_Rewetting,DE9,4444.348942271044
2021,PC_Rewetting,DEA,304.8838825695297
2021,PC_Rewetting,DEB,321654.34603796096
2021,PC_Rewetting,DEC,5.291603945680892
2021,PC_Rewetting,DEE,558.9925680877151
2021,PC_Rewetting,DED,204.02494067233266
2021,PC_Rewetting,DEF,1070.4743913634743
2021,PC_Rewetting,DEG,7.306788209955146
2022,FM01_PSA,DE1,0.0
2022,FM01_PSA,DE2,0.0
2022,FM01_PSA,DE3,0.0
2022,FM01_PSA,DE4,0.0
2022,FM01_PSA,DE5,0.0
2022,FM01_PSA,DE6,0.0
2022,FM01_PSA,DE7,0.0
2022,FM01_PSA,DE8,0.0
2022,FM01_PSA,DE9,0.0
2022,FM01_PSA,DEA,0.0
2022,FM01_PSA,DEB,0.0
2022,FM01_PSA,DEC,0.0
2022,FM01_PSA,DEE,0.0
2022,FM01_PSA,DED,0.0
2022,FM01_PSA,DEF,0.0
2022,FM01_PSA,DEG,0.0
2022,FM02_TSA,DE1,287462.7726957933
2022,FM02_TSA,DE2,284253.92148323334
2022,FM02_TSA,DE3,100.93592254666666
2022,FM02_TSA,DE4,18110.277728666664
2022,FM02_TSA,DE5,72.3658558
2022,FM02_TSA,DE6,371.8610545533333
2022,FM02_TSA,DE7,259287.94312367338
2022,FM02_TSA,DE8,54941.02450102
2022,FM02_TSA,DE9,129728.30096510668
2022,FM02_TSA,DEA,157240.09938097995
2022,FM02_TSA,DEB,206318.42120834
2022,FM02_TSA,DEC,24021.18399095333
2022,FM02_TSA,DEE,31225.275487513332
2022,FM02_TSA,DED,19624.921295466665
2022,FM02_TSA,DEF,36252.26339359333
2022,FM02_TSA,DEG,99219.89763686
2022,FM03_Beech,DE1,0.0
2022,FM03_Beech,DE2,0.0
2022,FM03_Beech,DE3,0.0
2022,FM03_Beech,DE4,0.0
2022,FM03_Beech,DE5,0.0
2022,FM03_Beech,DE6,0.0
2022,FM03_Beech,DE7,0.0
2022,FM03_Beech,DE8,0.0
2022,FM03_Beech,DE9,0.0
2022,FM03_Beech,DEA,0.0
2022,FM03_Beech,DEB,0.0
2022,FM03_Beech,DEC,0.0
2022,FM03_Beech,DEE,0.0
2022,FM03_Beech,DED,0.0
2022,FM03_Beech,DEF,0.0
2022,FM03_Beech,DEG,0.0
2022,FM04_DouglasFir,DE1,0.0
2022,FM04_DouglasFir,DE2,0.0
2022,FM04_DouglasFir,DE3,0.0
2022,FM04_DouglasFir,DE4,0.0
2022,FM04_DouglasFir,DE5,0.0
2022,FM04_DouglasFir,DE6,0.0
2022,FM04_DouglasFir,DE7,0.0
2022,FM04_DouglasFir,DE8,0.0
2022,FM04_DouglasFir,DE9,0.0
2022,FM04_DouglasFir,DEA,0.0
2022,FM04_DouglasFir,DEB,0.0
2022,FM04_DouglasFir,DEC,0.0
2022,FM04_DouglasFir,DEE,0.0
2022,FM04_DouglasFir,DED,0.0
2022,FM04_DouglasFir,DEF,0.0
2022,FM04_DouglasFir,DEG,0.0
2022,FM05_Oak,DE1,0.0
2022,FM05_Oak,DE2,0.0
2022,FM05_Oak,DE3,0.0
2022,FM05_Oak,DE4,0.0
2022,FM05_Oak,DE5,0.0
2022,FM05_Oak,DE6,0.0
2022,FM05_Oak,DE7,0.0
2022,FM05_Oak,DE8,0.0
2022,FM05_Oak,DE9,0.0
2022,FM05_Oak,DEA,0.0
2022,FM05_Oak,DEB,0.0
2022,FM05_Oak,DEC,0.0
2022,FM05_Oak,DEE,0.0
2022,FM05_Oak,DED,0.0
2022,FM05_Oak,DEF,0.0
2022,FM05_Oak,DEG,0.0
2022,FM06_ScotPine,DE1,0.0
2022,FM06_ScotPine,DE2,0.0
2022,FM06_ScotPine,DE3,0.0
2022,FM06_ScotPine,DE4,0.0
2022,FM06_ScotPine,DE5,0.0
2022,FM06_ScotPine,DE6,0.0
2022,FM06_ScotPine,DE7,0.0
2022,FM06_ScotPine,DE8,0.0
2022,FM06_ScotPine,DE9,0.0
2022,FM06_ScotPine,DEA,0.0
2022,FM06_ScotPine,DEB,0.0
2022,FM06_ScotPine,DEC,0.0
2022,FM06_ScotPine,DEE,0.0
2022,FM06_ScotPine,DED,0.0
2022,FM06_ScotPine,DEF,0.0
2022,FM06_ScotPine,DEG,0.0
2022,PC_Rewetting,DE1,167286.18054910656
2022,PC_Rewetting,DE2,4224.0868422116755
2022,PC_Rewetting,DE3,12.969781772931851
2022,PC_Rewetting,DE4,4787.537947309031
2022,PC_Rewetting,DE5,121.87908894414355
2022,PC_Rewetting,DE6,59.385106725495326
2022,PC_Rewetting,DE7,140.43926179847546
2022,PC_Rewetting,DE8,5329.9901808119175
2022,PC_Rewetting,DE9,12444.177038358923
2022,PC_Rewetting,DEA,853.6748711946831
2022,PC_Rewetting,DEB,321730.62651338446
2022,PC_Rewetting,DEC,14.816491047906498
2022,PC_Rewetting,DEE,1565.1791906456021
2022,PC_Rewetting,DED,571.2698338825314
2022,PC_Rewetting,DEF,2997.3282958177274
2022,PC_Rewetting,DEG,20.459006987874407
2023,FM01_PSA,DE1,0.0
2023,FM01_PSA,DE2,0.0
2023,FM01_PSA,DE3,0.0
2023,FM01_PSA,DE4,0.0
2023,FM01_PSA,DE5,0.0
2023,FM01_PSA,DE6,0.0
2023,FM01_PSA,DE7,0.0
2023,FM01_PSA,DE8,0.0
2023,FM01_PSA,DE9,0.0
2023,FM01_PSA,DEA,0.0
2023,FM01_PSA,DEB,0.0
2023,FM01_PSA,DEC,0.0
2023,FM01_PSA,DEE,0.0
2023,FM01_PSA,DED,0.0
2023,FM01_PSA,DEF,0.0
2023,FM01_PSA,DEG,0.0
2023,FM02_TSA,DE1,441411.41574986995
2023,FM02_TSA,DE2,436484.08709655
2023,FM02_TSA,DE3,154.99143786
2023,FM02_TSA,DE4,27809.108138999996
2023,FM02_TSA,DE5,111.12087509999999
2023,FM02_TSA,DE6,571.0085970899999
2023,FM02_TSA,DE7,398147.75662173005
2023,FM02_TSA,DE8,84364.29935019
2023,FM02_TSA,DE9,199203.36972618
2023,FM02_TSA,DEA,241448.91607880994
2023,FM02_TSA,DEB,316810.78404273
2023,FM02_TSA,DEC,36885.558202889995
2023,FM02_TSA,DEE,47947.74965421
2023,FM02_TSA,DED,30134.908293599994
2023,FM02_TSA,DEF,55666.90517396999
2023,FM02_TSA,DEG,152356.40801666997
2023,FM03_Beech,DE1,0.0
2023,FM03_Beech,DE2,0.0
2023,FM03_Beech,DE3,0.0
2023,FM03_Beech,DE4,0.0
2023,FM03_Beech,DE5,0.0
2023,FM03_Beech,DE6,0.0
2023,FM03_Beech,DE7,0.0
2023,FM03_Beech,DE8,0.0
2023,FM03_Beech,DE9,0.0
2023,FM03_Beech,DEA,0.0
2023,FM03_Beech,DEB,0.0
2023,FM03_Beech,DEC,0.0
2023,FM03_Beech,DEE,0.0
2023,FM03_Beech,DED,0.0
2023,FM03_Beech,DEF,0.0
2023,FM03_Beech,DEG,0.0
2023,FM04_DouglasFir,DE1,0.0
2023,FM04_DouglasFir,DE2,0.0
2023,FM04_DouglasFir,DE3,0.0
2023,FM04_DouglasFir,DE4,0.0
2023,FM04_DouglasFir,DE5,0.0
2023,FM04_DouglasFir,DE6,0.0
2023,FM04_DouglasFir,DE7,0.0
2023,FM04_DouglasFir,DE8,0.0
2023,FM04_DouglasFir,DE9,0.0
2023,FM04_DouglasFir,DEA,0.0
2023,FM04_DouglasFir,DEB,0.0
2023,FM04_DouglasFir,DEC,0.0
2023,FM04_DouglasFir,DEE,0.0
2023,FM04_DouglasFir,DED,0.0
2023,FM04_DouglasFir,DEF,0.0
2023,FM04_DouglasFir,DEG,0.0
2023,FM05_Oak,DE1,0.0
2023,FM05_Oak,DE2,0.0
2023,FM05_Oak,DE3,0.0
2023,FM05_Oak,DE4,0.0
2023,FM05_Oak,DE5,0.0
2023,FM05_Oak,DE6,0.0
2023,FM05_Oak,DE7,0.0
2023,FM05_Oak,DE8,0.0
2023,FM05_Oak,DE9,0.0
2023,FM05_Oak,DEA,0.0
2023,FM05_Oak,DEB,0.0
2023,FM05_Oak,DEC,0.0
2023,FM05_Oak,DEE,0.0
2023,FM05_Oak,DED,0.0
2023,FM05_Oak,DEF,0.0
2023,FM05_Oak,DEG,0.0
2023,FM06_ScotPine,DE1,0.0
2023,FM06_ScotPine,DE2,0.0
2023,FM06_ScotPine,DE3,0.0
2023,FM06_ScotPine,DE4,0.0
2023,FM06_ScotPine,DE5,0.0
2023,FM06_ScotPine,DE6,0.0
2023,FM06_ScotPine,DE7,0.0
2023,FM06_ScotPine,DE8,0.0
2023,FM06_ScotPine,DE9,0.0
2023,FM06_ScotPine,DEA,0.0
2023,FM06_ScotPine,DEB,0.0
2023,FM06_ScotPine,DEC,0.0
2023,FM06_ScotPine,DEE,0.0
2023,FM06_ScotPine,DED,0.0
2023,FM06_ScotPine,DEF,0.0
2023,FM06_ScotPine,DEG,0.0
2023,PC_Rewetting,DE1,168120.17562676032
2023,PC_Rewetting,DE2,8146.453195693945
2023,PC_Rewetting,DE3,25.013150562082853
2023,PC_Rewetting,DE4,9233.108898381703
2023,PC_Rewetting,DE5,235.05252867799115
2023,PC_Rewetting,DE6,114.52842011345528
2023,PC_Rewetting,DE7,270.8471477542027
2023,PC_Rewetting,DE8,10279.266777280127
2023,PC_Rewetting,DE9,23999.484288263633
2023,PC_Rewetting,DEA,1646.37296587546
2023,PC_Rewetting,DEB,321840.8094223296
2023,PC_Rewetting,DEC,28.57466130667682
2023,PC_Rewetting,DEE,3018.559867673661
2023,PC_Rewetting,DED,1101.7346796305962
2023,PC_Rewetting,DEF,5780.561713362761
2023,PC_Rewetting,DEG,39.456656333757785
2024,FM01_PSA,DE1,0.0
2024,FM01_PSA,DE2,0.0
2024,FM01_PSA,DE3,0.0
2024,FM01_PSA,DE4,0.0
2024,FM01_PSA,DE5,0.0
2024,FM01_PSA,DE6,0.0
2024,FM01_PSA,DE7,0.0
2024,FM01_PSA,DE8,0.0
2024,FM01_PSA,DE9,0.0
2024,FM01_PSA,DEA,0.0
2024,FM01_PSA,DEB,0.0
2024,FM01_PSA,DEC,0.0
2024,FM01_PSA,DEE,0.0
2024,FM01_PSA,DED,0.0
2024,FM01_PSA,DEF,0.0
2024,FM01_PSA,DEG,0.0
2024,FM02_TSA,DE1,602269.1068024533
2024,FM02_TSA,DE2,595546.1773061333
2024,FM02_TSA,DE3,211.47290602666666
2024,FM02_TSA,DE4,37943.21153066667
2024,FM02_TSA,DE5,151.6151776
2024,FM02_TSA,DE6,779.0936651733332
2024,FM02_TSA,DE7,543239.4478258134
2024,FM02_TSA,DE8,115108.05883744001
2024,FM02_TSA,DE9,271796.4041623467
2024,FM02_TSA,DEA,329436.93306656
2024,FM02_TSA,DEB,432261.92418848
2024,FM02_TSA,DEC,50327.27156597333
2024,FM02_TSA,DEE,65420.71031029333
2024,FM02_TSA,DED,41116.57210026666
2024,FM02_TSA,DEF,75952.85500405333
2024,FM02_TSA,DEG,207877.62730591997
2024,FM03_Beech,DE1,0.0
2024,FM03_Beech,DE2,0.0
2024,FM03_Beech,DE3,0.0
2024,FM03_Beech,DE4,0.0
2024,FM03_Beech,DE5,0.0
2024,FM03_Beech,DE6,0.0
2024,FM03_Beech,DE7,0.0
2024,FM03_Beech,DE8,0.0
2024,FM03_Beech,DE9,0.0
2024,FM03_Beech,DEA,0.0
2024,FM03_Beech,DEB,0.0
2024,FM03_Beech,DEC,0.0
2024,FM03_Beech,DEE,0.0
2024,FM03_Beech,DED,0.0
2024,FM03_Beech,DEF,0.0
2024,FM03_Beech,DEG,0.0
2024,FM04_DouglasFir,DE1,0.0
2024,FM04_DouglasFir,DE2,0.0
2024,FM04_DouglasFir,DE3,0.0
2024,FM04_DouglasFir,DE4,0.0
2024,FM04_DouglasFir,DE5,0.0
2024,FM04_DouglasFir,DE6,0.0
2024,FM04_DouglasFir,DE7,0.0
2024,FM04_DouglasFir,DE8,0.0
2024,FM04_DouglasFir,DE9,0.0
2024,FM04_DouglasFir,DEA,0.0
2024,FM04_DouglasFir,DEB,0.0
2024,FM04_DouglasFir,DEC,0.0
2024,FM04_DouglasFir,DEE,0.0
2024,FM04_DouglasFir,DED,0.0
2024,FM04_DouglasFir,DEF,0.0
2024,FM04_DouglasFir,DEG,0.0
2024,FM05_Oak,DE1,0.0
2024,FM05_Oak,DE2,0.0
2024,FM05_Oak,DE3,0.0
2024,FM05_Oak,DE4,0.0
2024,FM05_Oak,DE5,0.0
2024,FM05_Oak,DE6,0.0
2024,FM05_Oak,DE7,0.0
2024,FM05_Oak,DE8,0.0
2024,FM05_Oak,DE9,0.0
2024,FM05_Oak,DEA,0.0
2024,FM05_Oak,DEB,0.0
2024,FM05_Oak,DEC,0.0
2024,FM05_Oak,DEE,0.0
2024,FM05_Oak,DED,0.0
2024,FM05_Oak,DEF,0.0
2024,FM05_Oak,DEG,0.0
2024,FM06_ScotPine,DE1,0.0
2024,FM06_ScotPine,DE2,0.0
2024,FM06_ScotPine,DE3,0.0
2024,FM06_ScotPine,DE4,0.0
2024,FM06_ScotPine,DE5,0.0
2024,FM06_ScotPine,DE6,0.0
2024,FM06_ScotPine,DE7,0.0
2024,FM06_ScotPine,DE8,0.0
2024,FM06_ScotPine,DE9,0.0
2024,FM06_ScotPine,DEA,0.0
2024,FM06_ScotPine,DEB,0.0
2024,FM06_ScotPine,DEC,0.0
2024,FM06_ScotPine,DEE,0.0
2024,FM06_ScotPine,DED,0.0
2024,FM06_ScotPine,DEF,0.0
2024,FM06_ScotPine,DEG,0.0
2024,PC_Rewetting,DE1,169210.7845744614
2024,PC_Rewetting,DE2,13275.701504093837
2024,PC_Rewetting,DE3,40.762171286357244
2024,PC_Rewetting,DE4,15046.547834399815
2024,PC_Rewetting,DE5,383.04856525302256
2024,PC_Rewetting,DE6,186.63890685155675
2024,PC_Rewetting,DE7,441.3805370809229
2024,PC_Rewetting,DE8,16751.397711123172
2024,PC_Rewetting,DE9,39110.27069198518
2024,PC_Rewetting,DEA,2682.9781666118606
2024,PC_Rewetting,DEB,321984.89476479625
2024,PC_Rewetting,DEC,46.56611472199185
2024,PC_Rewetting,DEE,4919.134599171892
2024,PC_Rewetting,DED,1795.4194779165275
2024,PC_Rewetting,DEF,9420.174643998575
2024,PC_Rewetting,DEG,64.29973624760528
2025,FM01_PSA,DE1,0.0
2025,FM01_PSA,DE2,0.0
2025,FM01_PSA,DE3,0.0
2025,FM01_PSA,DE4,0.0
2025,FM01_PSA,DE5,0.0
2025,FM01_PSA,DE6,0.0
2025,FM01_PSA,DE7,0.0
2025,FM01_PSA,DE8,0.0
2025,FM01_PSA,DE9,0.0
2025,FM01_PSA,DEA,0.0
2025,FM01_PSA,DEB,0.0
2025,FM01_PSA,DEC,0.0
2025,FM01_PSA,DEE,0.0
2025,FM01_PSA,DED,0.0
2025,FM01_PSA,DEF,0.0
2025,FM01_PSA,DEG,0.0
2025,FM02_TSA,DE1,770109.0034993333
2025,FM02_TSA,DE2,761512.5331233332
2025,FM02_TSA,DE3,270.40601466666664
2025,FM02_TSA,DE4,48517.196866666665
2025,FM02_TSA,DE5,193.86718
2025,FM02_TSA,DE6,996.210895333333
2025,FM02_TSA,DE7,694629.0040473334
2025,FM02_TSA,DE8,147186.285142
2025,FM02_TSA,DE9,347540.41939066665
2025,FM02_TSA,DEA,421244.16705799993
2025,FM02_TSA,DEB,552724.348514
2025,FM02_TSA,DEC,64352.43733533332
2025,FM02_TSA,DEE,83652.10411133332
2025,FM02_TSA,DED,52574.90714666666
2025,FM02_TSA,DEF,97119.33887933333
2025,FM02_TSA,DEG,265808.80640599993
2025,FM03_Beech,DE1,0.0
2025,FM03_Beech,DE2,0.0
2025,FM03_Beech,DE3,0.0
2025,FM03_Beech,DE4,0.0
2025,FM03_Beech,DE5,0.0
2025,FM03_Beech,DE6,0.0
2025,FM03_Beech,DE7,0.0
2025,FM03_Beech,DE8,0.0
2025,FM03_Beech,DE9,0.0
2025,FM03_Beech,DEA,0.0
2025,FM03_Beech,DEB,0.0
2025,FM03_Beech,DEC,0.0
2025,FM03_Beech,DEE,0.0
2025,FM03_Beech,DED,0.0
2025,FM03_Beech,DEF,0.0
2025,FM03_Beech,DEG,0.0
2025,FM04_DouglasFir,DE1,0.0
2025,FM04_DouglasFir,DE2,0.0
2025,FM04_DouglasFir,DE3,0.0
2025,FM04_DouglasFir,DE4,0.0
2025,FM04_DouglasFir,DE5,0.0
2025,FM04_DouglasFir,DE6,0.0
2025,FM04_DouglasFir,DE7,0.0
2025,FM04_DouglasFir,DE8,0.0
2025,FM04_DouglasFir,DE9,0.0
2025,FM04_DouglasFir,DEA,0.0
2025,FM04_DouglasFir,DEB,0.0
2025,FM04_DouglasFir,DEC,0.0
2025,FM04_DouglasFir,DEE,0.0
2025,FM04_DouglasFir,DED,0.0
2025,FM04_DouglasFir,DEF,0.0
2025,FM04_DouglasFir,DEG,0.0
2025,FM05_Oak,DE1,0.0
2025,FM05_Oak,DE2,0.0
2025,FM05_Oak,DE3,0.0
2025,FM05_Oak,DE4,0.0
2025,FM05_Oak,DE5,0.0
2025,FM05_Oak,DE6,0.0
2025,FM05_Oak,DE7,0.0
2025,FM05_Oak,DE8,0.0
2025,FM05_Oak,DE9,0.0
2025,FM05_Oak,DEA,0.0
2025,FM05_Oak,DEB,0.0
2025,FM05_Oak,DEC,0.0
2025,FM05_Oak,DEE,0.0
2025,FM05_Oak,DED,0.0
2025,FM05_Oak,DEF,0.0
2025,FM05_Oak,DEG,0.0
2025,FM06_ScotPine,DE1,0.0
2025,FM06_ScotPine,DE2,0.0
2025,FM06_ScotPine,DE3,0.0
2025,FM06_ScotPine,DE4,0.0
2025,FM06_ScotPine,DE5,0.0
2025,FM06_ScotPine,DE6,0.0
2025,FM06_ScotPine,DE7,0.0
2025,FM06_ScotPine,DE8,0.0
2025,FM06_ScotPine,DE9,0.0
2025,FM06_ScotPine,DEA,0.0
2025,FM06_ScotPine,DEB,0.0
2025,FM06_ScotPine,DEC,0.0
2025,FM06_ScotPine,DEE,0.0
2025,FM06_ScotPine,DED,0.0
2025,FM06_ScotPine,DEF,0.0
2025,FM06_ScotPine,DEG,0.0
2025,PC_Rewetting,DE1,170558.0073922098
2025,PC_Rewetting,DE2,19611.83176741135
2025,PC_Rewetting,DE3,60.21684394575503
2025,PC_Rewetting,DE4,22227.85475536336
2025,PC_Rewetting,DE5,565.8671986692378
2025,PC_Rewetting,DE6,275.71656693979975
2025,PC_Rewetting,DE7,652.0394297786361
2025,PC_Rewetting,DE8,24746.38298234105
2025,PC_Rewetting,DE9,57776.53624952357
2025,PC_Rewetting,DEA,3963.490473403885
2025,PC_Rewetting,DEB,322162.8825407845
2025,PC_Rewetting,DEC,68.79085129385159
2025,PC_Rewetting,DEE,7266.903385140295
2025,PC_Rewetting,DED,2652.3242287403245
2025,PC_Rewetting,DEF,13916.167087725165
2025,PC_Rewetting,DEG,94.98824672941689
2026,FM01_PSA,DE1,0.0
2026,FM01_PSA,DE2,0.0
2026,FM01_PSA,DE3,0.0
2026,FM01_PSA,DE4,0.0
2026,FM01_PSA,DE5,0.0
2026,FM01_PSA,DE6,0.0
2026,FM01_PSA,DE7,0.0
2026,FM01_PSA,DE8,0.0
2026,FM01_PSA,DE9,0.0
2026,FM01_PSA,DEA,0.0
2026,FM01_PSA,DEB,0.0
2026,FM01_PSA,DEC,0.0
2026,FM01_PSA,DEE,0.0
2026,FM01_PSA,DED,0.0
2026,FM01_PSA,DEF,0.0
2026,FM01_PSA,DEG,0.0
2026,FM02_TSA,DE1,945004.2634863
2026,FM02_TSA,DE2,934455.4955595001
2026,FM02_TSA,DE3,331.8164514
2026,FM02_TSA,DE4,59535.67311
2026,FM02_TSA,DE5,237.895299
2026,FM02_TSA,DE6,1222.4549240999997
2026,FM02_TSA,DE7,852382.4125977
2026,FM02_TSA,DE8,180612.96044310002
2026,FM02_TSA,DE9,426468.43052820006
2026,FM02_TSA,DEA,516910.6347668999
2026,FM02_TSA,DEB,678250.5638877001
2026,FM02_TSA,DEC,78967.1687661
2026,FM02_TSA,DEE,102649.87771290001
2026,FM02_TSA,DED,64514.907864
2026,FM02_TSA,DEF,119175.58279530001
2026,FM02_TSA,DEG,326175.19621829997
2026,FM03_Beech,DE1,0.0
2026,FM03_Beech,DE2,0.0
2026,FM03_Beech,DE3,0.0
2026,FM03_Beech,DE4,0.0
2026,FM03_Beech,DE5,0.0
2026,FM03_Beech,DE6,0.0
2026,FM03_Beech,DE7,0.0
2026,FM03_Beech,DE8,0.0
2026,FM03_Beech,DE9,0.0
2026,FM03_Beech,DEA,0.0
2026,FM03_Beech,DEB,0.0
2026,FM03_Beech,DEC,0.0
2026,FM03_Beech,DEE,0.0
2026,FM03_Beech,DED,0.0
2026,FM03_Beech,DEF,0.0
2026,FM03_Beech,DEG,0.0
2026,FM04_DouglasFir,DE1,0.0
2026,FM04_DouglasFir,DE2,0.0
2026,FM04_DouglasFir,DE3,0.0
2026,FM04_DouglasFir,DE4,0.0
2026,FM04_DouglasFir,DE5,0.0
2026,FM04_DouglasFir,DE6,0.0
2026,FM04_DouglasFir,DE7,0.0
2026,FM04_DouglasFir,DE8,0.0
2026,FM04_DouglasFir,DE9,0.0
2026,FM04_DouglasFir,DEA,0.0
2026,FM04_DouglasFir,DEB,0.0
2026,FM04_DouglasFir,DEC,0.0
2026,FM04_DouglasFir,DEE,0.0
2026,FM04_DouglasFir,DED,0.0
2026,FM04_DouglasFir,DEF,0.0
2026,FM04_DouglasFir,DEG,0.0
2026,FM05_Oak,DE1,0.0
2026,FM05_Oak,DE2,0.0
2026,FM05_Oak,DE3,0.0
2026,FM05_Oak,DE4,0.0
2026,FM05_Oak,DE5,0.0
2026,FM05_Oak,DE6,0.0
2026,FM05_Oak,DE7,0.0
2026,FM05_Oak,DE8,0.0
2026,FM05_Oak,DE9,0.0
2026,FM05_Oak,DEA,0.0
2026,FM05_Oak,DEB,0.0
2026,FM05_Oak,DEC,0.0
2026,FM05_Oak,DEE,0.0
2026,FM05_Oak,DED,0.0
2026,FM05_Oak,DEF,0.0
2026,FM05_Oak,DEG,0.0
2026,FM06_ScotPine,DE1,0.0
2026,FM06_ScotPine,DE2,0.0
2026,FM06_ScotPine,DE3,0.0
2026,FM06_ScotPine,DE4,0.0
2026,FM06_ScotPine,DE5,0.0
2026,FM06_ScotPine,DE6,0.0
2026,FM06_ScotPine,DE7,0.0
2026,FM06_ScotPine,DE8,0.0
2026,FM06_ScotPine,DE9,0.0
2026,FM06_ScotPine,DEA,0.0
2026,FM06_ScotPine,DEB,0.0
2026,FM06_ScotPine,DEC,0.0
2026,FM06_ScotPine,DEE,0.0
2026,FM06_ScotPine,DED,0.0
2026,FM06_ScotPine,DEF,0.0
2026,FM06_ScotPine,DEG,0.0
2026,PC_Rewetting,DE1,172161.8440800055
2026,PC_Rewetting,DE2,27154.843985646483
2026,PC_Rewetting,DE3,83.37716854027619
2026,PC_Rewetting,DE4,30777.029661272343
2026,PC_Rewetting,DE5,783.5084289266371
2026,PC_Rewetting,DE6,381.76140037818425
2026,PC_Rewetting,DE7,902.8238258473422
2026,PC_Rewetting,DE8,34264.22259093376
2026,PC_Rewetting,DE9,79998.28096087878
2026,PC_Rewetting,DEA,5487.909886251533
2026,PC_Rewetting,DEB,322374.77275029424
2026,PC_Rewetting,DEC,95.24887102225605
2026,PC_Rewetting,DEE,10061.86622557887
2026,PC_Rewetting,DED,3672.448932101988
2026,PC_Rewetting,DEF,19268.539044542536
2026,PC_Rewetting,DEG,131.52218777919262
2027,FM01_PSA,DE1,0.0
2027,FM01_PSA,DE2,0.0
2027,FM01_PSA,DE3,0.0
2027,FM01_PSA,DE4,0.0
2027,FM01_PSA,DE5,0.0
2027,FM01_PSA,DE6,0.0
2027,FM01_PSA,DE7,0.0
2027,FM01_PSA,DE8,0.0
2027,FM01_PSA,DE9,0.0
2027,FM01_PSA,DEA,0.0
2027,FM01_PSA,DEB,0.0
2027,FM01_PSA,DEC,0.0
2027,FM01_PSA,DEE,0.0
2027,FM01_PSA,DED,0.0
2027,FM01_PSA,DEF,0.0
2027,FM01_PSA,DEG,0.0
2027,FM02_TSA,DE1,1127028.0444091435
2027,FM02_TSA,DE2,1114447.4056259834
2027,FM02_TSA,DE3,395.7299038466667
2027,FM02_TSA,DE4,71003.24922366666
2027,FM02_TSA,DE5,283.7179513
2027,FM02_TSA,DE6,1457.920388003333
2027,FM02_TSA,DE7,1016565.6607883234
2027,FM02_TSA,DE8,215402.06691997004
2027,FM02_TSA,DE9,508613.45269200666
2027,FM02_TSA,DEA,616476.3529070299
2027,FM02_TSA,DEB,808893.07717799
2027,FM02_TSA,DEC,94177.57911340334
2027,FM02_TSA,DEE,122421.97777056333
2027,FM02_TSA,DED,76941.56868346667
2027,FM02_TSA,DEF,142130.81274744333
2027,FM02_TSA,DEG,389002.04764420993
2027,FM03_Beech,DE1,0.0
2027,FM03_Beech,DE2,0.0
2027,FM03_Beech,DE3,0.0
2027,FM03_Beech,DE4,0.0
2027,FM03_Beech,DE5,0.0
2027,FM03_Beech,DE6,0.0
2027,FM03_Beech,DE7,0.0
2027,FM03_Beech,DE8,0.0
2027,FM03_Beech,DE9,0.0
2027,FM03_Beech,DEA,0.0
2027,FM03_Beech,DEB,0.0
2027,FM03_Beech,DEC,0.0
2027,FM03_Beech,DEE,0.0
2027,FM03_Beech,DED,0.0
2027,FM03_Beech,DEF,0.0
2027,FM03_Beech,DEG,0.0
2027,FM04_DouglasFir,DE1,0.0
2027,FM04_DouglasFir,DE2,0.0
2027,FM04_DouglasFir,DE3,0.0
2027,FM04_DouglasFir,DE4,0.0
2027,FM04_DouglasFir,DE5,0.0
2027,FM04_DouglasFir,DE6,0.0
2027,FM04_DouglasFir,DE7,0.0
2027,FM04_DouglasFir,DE8,0.0
2027,FM04_DouglasFir,DE9,0.0
2027,FM04_DouglasFir,DEA,0.0
2027,FM04_DouglasFir,DEB,0.0
2027,FM04_DouglasFir,DEC,0.0
2027,FM04_DouglasFir,DEE,0.0
2027,FM04_DouglasFir,DED,0.0
2027,FM04_DouglasFir,DEF,0.0
2027,FM04_DouglasFir,DEG,0.0
2027,FM05_Oak,DE1,0.0
2027,FM05_Oak,DE2,0.0
2027,FM05_Oak,DE3,0.0
2027,FM05_Oak,DE4,0.0
2027,FM05_Oak,DE5,0.0
2027,FM05_Oak,DE6,0.0
2027,FM05_Oak,DE7,0.0
2027,FM05_Oak,DE8,0.0
2027,FM05_Oak,DE9,0.0
2027,FM05_Oak,DEA,0.0
2027,FM05_Oak,DEB,0.0
2027,FM05_Oak,DEC,0.0
2027,FM05_Oak,DEE,0.0
2027,FM05_Oak,DED,0.0
2027,FM05_Oak,DEF,0.0
2027,FM05_Oak,DEG,0.0
2027,FM06_ScotPine,DE1,0.0
2027,FM06_ScotPine,DE2,0.0
2027,FM06_ScotPine,DE3,0.0
2027,FM06_ScotPine,DE4,0.0
2027,FM06_ScotPine,DE5,0.0
2027,FM06_ScotPine,DE6,0.0
2027,FM06_ScotPine,DE7,0.0
2027,FM06_ScotPine,DE8,0.0
2027,FM06_ScotPine,DE9,0.0
2027,FM06_ScotPine,DEA,0.0
2027,FM06_ScotPine,DEB,0.0
2027,FM06_ScotPine,DEC,0.0
2027,FM06_ScotPine,DEE,0.0
2027,FM06_ScotPine,DED,0.0
2027,FM06_ScotPine,DEF,0.0
2027,FM06_ScotPine,DEG,0.0
2027,PC_Rewetting,DE1,174022.2946378485
2027,PC_Rewetting,DE2,35904.73815879924
2027,PC_Rewetting,DE3,110.24314506992074
2027,PC_Rewetting,DE4,40694.07255212677
2027,PC_Rewetting,DE5,1035.97225602522
2027,PC_Rewetting,DE6,504.7734071667103
2027,PC_Rewetting,DE7,1193.7337252870414
2027,PC_Rewetting,DE8,45304.9165369013
2027,PC_Rewetting,DE9,105775.50482605083
2027,PC_Rewetting,DEA,7256.236405154805
2027,PC_Rewetting,DEB,322620.56539332564
2027,PC_Rewetting,DEC,125.94017390720522
2027,PC_Rewetting,DEE,13304.023120487618
2027,PC_Rewetting,DED,4855.7935880015175
2027,PC_Rewetting,DEF,25477.290514450684
2027,PC_Rewetting,DEG,173.90155939693244
2028,FM01_PSA,DE1,0.0
2028,FM01_PSA,DE2,0.0
2028,FM01_PSA,DE3,0.0
2028,FM01_PSA,DE4,0.0
2028,FM01_PSA,DE5,0.0
2028,FM01_PSA,DE6,0.0
2028,FM01_PSA,DE7,0.0
2028,FM01_PSA,DE8,0.0
2028,FM01_PSA,DE9,0.0
2028,FM01_PSA,DEA,0.0
2028,FM01_PSA,DEB,0.0
2028,FM01_PSA,DEC,0.0
2028,FM01_PSA,DEE,0.0
2028,FM01_PSA,DED,0.0
2028,FM01_PSA,DEF,0.0
2028,FM01_PSA,DEG,0.0
2028,FM02_TSA,DE1,1316253.5039136535
2028,FM02_TSA,DE2,1301560.6043341334
2028,FM02_TSA,DE3,462.1720596266667
2028,FM02_TSA,DE4,82924.53417066667
2028,FM02_TSA,DE5,331.3535536
2028,FM02_TSA,DE6,1702.701923573333
2028,FM02_TSA,DE7,1187244.7359306135
2028,FM02_TSA,DE8,251567.58675184005
2028,FM02_TSA,DE9,594008.5009991466
2028,FM02_TSA,DEA,719981.33819216
2028,FM02_TSA,DEB,944704.3952532801
2028,FM02_TSA,DEC,109989.78163237333
2028,FM02_TSA,DEE,142976.3509398933
2028,FM02_TSA,DED,89859.88403626667
2028,FM02_TSA,DEF,165994.2547312533
2028,FM02_TSA,DEG,454314.61158512
2028,FM03_Beech,DE1,0.0
2028,FM03_Beech,DE2,0.0
2028,FM03_Beech,DE3,0.0
2028,FM03_Beech,DE4,0.0
2028,FM03_Beech,DE5,0.0
2028,FM03_Beech,DE6,0.0
2028,FM03_Beech,DE7,0.0
2028,FM03_Beech,DE8,0.0
2028,FM03_Beech,DE9,0.0
2028,FM03_Beech,DEA,0.0
2028,FM03_Beech,DEB,0.0
2028,FM03_Beech,DEC,0.0
2028,FM03_Beech,DEE,0.0
2028,FM03_Beech,DED,0.0
2028,FM03_Beech,DEF,0.0
2028,FM03_Beech,DEG,0.0
2028,FM04_DouglasFir,DE1,0.0
2028,FM04_DouglasFir,DE2,0.0
2028,FM04_DouglasFir,DE3,0.0
2028,FM04_DouglasFir,DE4,0.0
2028,FM04_DouglasFir,DE5,0.0
2028,FM04_DouglasFir,DE6,0.0
2028,FM04_DouglasFir,DE7,0.0
2028,FM04_DouglasFir,DE8,0.0
2028,FM04_DouglasFir,DE9,0.0
2028,FM04_DouglasFir,DEA,0.0
2028,FM04_DouglasFir,DEB,0.0
2028,FM04_DouglasFir,DEC,0.0
2028,FM04_DouglasFir,DEE,0.0
2028,FM04_DouglasFir,DED,0.0
2028,FM04_DouglasFir,DEF,0.0
2028,FM04_DouglasFir,DEG,0.0
2028,FM05_Oak,DE1,0.0
2028,FM05_Oak,DE2,0.0
2028,FM05_Oak,DE3,0.0
2028,FM05_Oak,DE4,0.0
2028,FM05_Oak,DE5,0.0
2028,FM05_Oak,DE6,0.0
2028,FM05_Oak,DE7,0.0
2028,FM05_Oak,DE8,0.0
2028,FM05_Oak,DE9,0.0
2028,FM05_Oak,DEA,0.0
2028,FM05_Oak,DEB,0.0
2028,FM05_Oak,DEC,0.0
2028,FM05_Oak,DEE,0.0
2028,FM05_Oak,DED,0.0
2028,FM05_Oak,DEF,0.0
2028,FM05_Oak,DEG,0.0
2028,FM06_ScotPine,DE1,0.0
2028,FM06_ScotPine,DE2,0.0
2028,FM06_ScotPine,DE3,0.0
2028,FM06_ScotPine,DE4,0.0
2028,FM06_ScotPine,DE5,0.0
2028,FM06_ScotPine,DE6,0.0
2028,FM06_ScotPine,DE7,0.0
2028,FM06_ScotPine,DE8,0.0
2028,FM06_ScotPine,DE9,0.0
2028,FM06_ScotPine,DEA,0.0
2028,FM06_ScotPine,DEB,0.0
2028,FM06_ScotPine,DEC,0.0
2028,FM06_ScotPine,DEE,0.0
2028,FM06_ScotPine,DED,0.0
2028,FM06_ScotPine,DEF,0.0
2028,FM06_ScotPine,DEG,0.0
2028,PC_Rewetting,DE1,176139.35906573886
2028,PC_Rewetting,DE2,45861.51428686961
2028,PC_Rewetting,DE3,140.81477353468867
2028,PC_Rewetting,DE4,51978.98342792662
2028,PC_Rewetting,DE5,1323.258679964987
2028,PC_Rewetting,DE6,644.7525873053779
2028,PC_Rewetting,DE7,1524.7691280977335
2028,PC_Rewetting,DE8,57868.46482024369
2028,PC_Rewetting,DE9,135108.2078450397
2028,PC_Rewetting,DEA,9268.470030113702
2028,PC_Rewetting,DEB,322900.26046987856
2028,PC_Rewetting,DEC,160.8647599486991
2028,PC_Rewetting,DEE,16993.374069866535
2028,PC_Rewetting,DED,6202.358196438913
2028,PC_Rewetting,DEF,32542.421497449614
2028,PC_Rewetting,DEG,222.12636158263643
2029,FM01_PSA,DE1,0.0
2029,FM01_PSA,DE2,0.0
2029,FM01_PSA,DE3,0.0
2029,FM01_PSA,DE4,0.0
2029,FM01_PSA,DE5,0.0
2029,FM01_PSA,DE6,0.0
2029,FM01_PSA,DE7,0.0
2029,FM01_PSA,DE8,0.0
2029,FM01_PSA,DE9,0.0
2029,FM01_PSA,DEA,0.0
2029,FM01_PSA,DEB,0.0
2029,FM01_PSA,DEC,0.0
2029,FM01_PSA,DEE,0.0
2029,FM01_PSA,DED,0.0
2029,FM01_PSA,DEF,0.0
2029,FM01_PSA,DEG,0.0
2029,FM02_TSA,DE1,1512753.79964562
2029,FM02_TSA,DE2,1495867.4326953
2029,FM02_TSA,DE3,531.16860636
2029,FM02_TSA,DE4,95304.13691399999
2029,FM02_TSA,DE5,380.82052259999995
2029,FM02_TSA,DE6,1956.8941673399995
2029,FM02_TSA,DE7,1364485.6253359802
2029,FM02_TSA,DE8,289123.50211794005
2029,FM02_TSA,DE9,682686.59056668
2029,FM02_TSA,DEA,827465.6073360599
2029,FM02_TSA,DEB,1085737.02498198
2029,FM02_TSA,DEC,126409.88957814
2029,FM02_TSA,DEE,164320.94387646
2029,FM02_TSA,DED,103274.8483536
2029,FM02_TSA,DEF,190775.13474222
2029,FM02_TSA,DEG,522138.13894241996
2029,FM03_Beech,DE1,0.0
2029,FM03_Beech,DE2,0.0
2029,FM03_Beech,DE3,0.0
2029,FM03_Beech,DE4,0.0
2029,FM03_Beech,DE5,0.0
2029,FM03_Beech,DE6,0.0
2029,FM03_Beech,DE7,0.0
2029,FM03_Beech,DE8,0.0
2029,FM03_Beech,DE9,0.0
2029,FM03_Beech,DEA,0.0
2029,FM03_Beech,DEB,0.0
2029,FM03_Beech,DEC,0.0
2029,FM03_Beech,DEE,0.0
2029,FM03_Beech,DED,0.0
2029,FM03_Beech,DEF,0.0
2029,FM03_Beech,DEG,0.0
2029,FM04_DouglasFir,DE1,0.0
2029,FM04_DouglasFir,DE2,0.0
2029,FM04_DouglasFir,DE3,0.0
2029,FM04_DouglasFir,DE4,0.0
2029,FM04_DouglasFir,DE5,0.0
2029,FM04_DouglasFir,DE6,0.0
2029,FM04_DouglasFir,DE7,0.0
2029,FM04_DouglasFir,DE8,0.0
2029,FM04_DouglasFir,DE9,0.0
2029,FM04_DouglasFir,DEA,0.0
2029,FM04_DouglasFir,DEB,0.0
2029,FM04_DouglasFir,DEC,0.0
2029,FM04_DouglasFir,DEE,0.0
2029,FM04_DouglasFir,DED,0.0
2029,FM04_DouglasFir,DEF,0.0
2029,FM04_DouglasFir,DEG,0.0
2029,FM05_Oak,DE1,0.0
2029,FM05_Oak,DE2,0.0
2029,FM05_Oak,DE3,0.0
2029,FM05_Oak,DE4,0.0
2029,FM05_Oak,DE5,0.0
2029,FM05_Oak,DE6,0.0
2029,FM05_Oak,DE7,0.0
2029,FM05_Oak,DE8,0.0
2029,FM05_Oak,DE9,0.0
2029,FM05_Oak,DEA,0.0
2029,FM05_Oak,DEB,0.0
2029,FM05_Oak,DEC,0.0
2029,FM05_Oak,DEE,0.0
2029,FM05_Oak,DED,0.0
2029,FM05_Oak,DEF,0.0
2029,FM05_Oak,DEG,0.0
2029,FM06_ScotPine,DE1,0.0
2029,FM06_ScotPine,DE2,0.0
2029,FM06_ScotPine,DE3,0.0
2029,FM06_ScotPine,DE4,0.0
2029,FM06_ScotPine,DE5,0.0
2029,FM06_ScotPine,DE6,0.0
2029,FM06_ScotPine,DE7,0.0
2029,FM06_ScotPine,DE8,0.0
2029,FM06_ScotPine,DE9,0.0
2029,FM06_ScotPine,DEA,0.0
2029,FM06_ScotPine,DEB,0.0
2029,FM06_ScotPine,DEC,0.0
2029,FM06_ScotPine,DEE,0.0
2029,FM06_ScotPine,DED,0.0
2029,FM06_ScotPine,DEF,0.0
2029,FM06_ScotPine,DEG,0.0
2029,PC_Rewetting,DE1,178513.03736367647
2029,PC_Rewetting,DE2,57025.17236985761
2029,PC_Rewetting,DE3,175.09205393458
2029,PC_Rewetting,DE4,64631.76228867192
2029,PC_Rewetting,DE5,1645.367700745938
2029,PC_Rewetting,DE6,801.698940794187
2029,PC_Rewetting,DE7,1895.9300342794188
2029,PC_Rewetting,DE8,71954.86744096091
2029,PC_Rewetting,DE9,167996.39001784544
2029,PC_Rewetting,DEA,11524.61076112822
2029,PC_Rewetting,DEB,323213.85797995306
2029,PC_Rewetting,DEC,200.0226291467377
2029,PC_Rewetting,DEE,21129.919073715628
2029,PC_Rewetting,DED,7712.142757414174
2029,PC_Rewetting,DEF,40463.93199353932
2029,PC_Rewetting,DEG,276.1965943363045
2030,FM01_PSA,DE1,0.0
2030,FM01_PSA,DE2,0.0
2030,FM01_PSA,DE3,0.0
2030,FM01_PSA,DE4,0.0
2030,FM01_PSA,DE5,0.0
2030,FM01_PSA,DE6,0.0
2030,FM01_PSA,DE7,0.0
2030,FM01_PSA,DE8,0.0
2030,FM01_PSA,DE9,0.0
2030,FM01_PSA,DEA,0.0
2030,FM01_PSA,DEB,0.0
2030,FM01_PSA,DEC,0.0
2030,FM01_PSA,DEE,0.0
2030,FM01_PSA,DED,0.0
2030,FM01_PSA,DEF,0.0
2030,FM01_PSA,DEG,0.0
2030,FM02_TSA,DE1,1716602.0892508335
2030,FM02_TSA,DE2,1697440.2317208336
2030,FM02_TSA,DE3,602.7452316666667
2030,FM02_TSA,DE4,108146.66641666666
2030,FM02_TSA,DE5,432.137275
2030,FM02_TSA,DE6,2220.5917558333326
2030,FM02_TSA,DE7,1548354.3163158337
2030,FM02_TSA,DE8,328083.79519750003
2030,FM02_TSA,DE9,774680.7365116668
2030,FM02_TSA,DEA,938969.1770525001
2030,FM02_TSA,DEB,1232043.4732325003
2030,FM02_TSA,DEC,143444.01620583335
2030,FM02_TSA,DEE,186463.70323583335
2030,FM02_TSA,DED,117191.45606666668
2030,FM02_TSA,DEF,216482.67877583334
2030,FM02_TSA,DEG,592497.8806174999
2030,FM03_Beech,DE1,0.0
2030,FM03_Beech,DE2,0.0
2030,FM03_Beech,DE3,0.0
2030,FM03_Beech,DE4,0.0
2030,FM03_Beech,DE5,0.0
2030,FM03_Beech,DE6,0.0
2030,FM03_Beech,DE7,0.0
2030,FM03_Beech,DE8,0.0
2030,FM03_Beech,DE9,0.0
2030,FM03_Beech,DEA,0.0
2030,FM03_Beech,DEB,0.0
2030,FM03_Beech,DEC,0.0
2030,FM03_Beech,DEE,0.0
2030,FM03_Beech,DED,0.0
2030,FM03_Beech,DEF,0.0
2030,FM03_Beech,DEG,0.0
2030,FM04_DouglasFir,DE1,0.0
2030,FM04_DouglasFir,DE2,0.0
2030,FM04_DouglasFir,DE3,0.0
2030,FM04_DouglasFir,DE4,0.0
2030,FM04_DouglasFir,DE5,0.0
2030,FM04_DouglasFir,DE6,0.0
2030,FM04_DouglasFir,DE7,0.0
2030,FM04_DouglasFir,DE8,0.0
2030,FM04_DouglasFir,DE9,0.0
2030,FM04_DouglasFir,DEA,0.0
2030,FM04_DouglasFir,DEB,0.0
2030,FM04_DouglasFir,DEC,0.0
2030,FM04_DouglasFir,DEE,0.0
2030,FM04_DouglasFir,DED,0.0
2030,FM04_DouglasFir,DEF,0.0
2030,FM04_DouglasFir,DEG,0.0
2030,FM05_Oak,DE1,0.0
2030,FM05_Oak,DE2,0.0
2030,FM05_Oak,DE3,0.0
2030,FM05_Oak,DE4,0.0
2030,FM05_Oak,DE5,0.0
2030,FM05_Oak,DE6,0.0
2030,FM05_Oak,DE7,0.0
2030,FM05_Oak,DE8,0.0
2030,FM05_Oak,DE9,0.0
2030,FM05_Oak,DEA,0.0
2030,FM05_Oak,DEB,0.0
2030,FM05_Oak,DEC,0.0
2030,FM05_Oak,DEE,0.0
2030,FM05_Oak,DED,0.0
2030,FM05_Oak,DEF,0.0
2030,FM05_Oak,DEG,0.0
2030,FM06_ScotPine,DE1,0.0
2030,FM06_ScotPine,DE2,0.0
2030,FM06_ScotPine,DE3,0.0
2030,FM06_ScotPine,DE4,0.0
2030,FM06_ScotPine,DE5,0.0
2030,FM06_ScotPine,DE6,0.0
2030,FM06_ScotPine,DE7,0.0
2030,FM06_ScotPine,DE8,0.0
2030,FM06_ScotPine,DE9,0.0
2030,FM06_ScotPine,DEA,0.0
2030,FM06_ScotPine,DEB,0.0
2030,FM06_ScotPine,DEC,0.0
2030,FM06_ScotPine,DEE,0.0
2030,FM06_ScotPine,DED,0.0
2030,FM06_ScotPine,DEF,0.0
2030,FM06_ScotPine,DEG,0.0
2030,PC_Rewetting,DE1,181143.32953166144
2030,PC_Rewetting,DE2,69395.71240776323
2030,PC_Rewetting,DE3,213.0749862695947
2030,PC_Rewetting,DE4,78652.40913436265
2030,PC_Rewetting,DE5,2002.2993183680726
2030,PC_Rewetting,DE6,975.6124676331376
2030,PC_Rewetting,DE7,2307.216443832097
2030,PC_Rewetting,DE8,87564.12439905295
2030,PC_Rewetting,DE9,204440.05134446797
2030,PC_Rewetting,DEA,14024.658598198363
2030,PC_Rewetting,DEB,323561.35792354913
2030,PC_Rewetting,DEC,243.41378150132098
2030,PC_Rewetting,DEE,25713.65813203489
2030,PC_Rewetting,DED,9385.147270927302
2030,PC_Rewetting,DEF,49241.82200271981
2030,PC_Rewetting,DEG,336.11225765793665
2031,FM01_PSA,DE1,0.0
2031,FM01_PSA,DE2,0.0
2031,FM01_PSA,DE3,0.0
2031,FM01_PSA,DE4,0.0
2031,FM01_PSA,DE5,0.0
2031,FM01_PSA,DE6,0.0
2031,FM01_PSA,DE7,0.0
2031,FM01_PSA,DE8,0.0
2031,FM01_PSA,DE9,0.0
2031,FM01_PSA,DEA,0.0
2031,FM01_PSA,DEB,0.0
2031,FM01_PSA,DEC,0.0
2031,FM01_PSA,DEE,0.0
2031,FM01_PSA,DED,0.0
2031,FM01_PSA,DEF,0.0
2031,FM01_PSA,DEG,0.0
2031,FM02_TSA,DE1,1927871.5303750834
2031,FM02_TSA,DE2,1906351.3424220835
2031,FM02_TSA,DE3,676.9276231666666
2031,FM02_TSA,DE4,121456.73164166666
2031,FM02_TSA,DE5,485.3222275
2031,FM02_TSA,DE6,2493.8893255833327
2031,FM02_TSA,DE7,1738916.7961815835
2031,FM02_TSA,DE8,368462.44816975
2031,FM02_TSA,DE9,870023.9539511667
2031,FM02_TSA,DEA,1054532.06405525
2031,FM02_TSA,DEB,1383676.24687325
2031,FM02_TSA,DEC,161098.27477058332
2031,FM02_TSA,DEE,209412.57567358334
2031,FM02_TSA,DED,131614.70160666667
2031,FM02_TSA,DEF,243126.1128275833
2031,FM02_TSA,DEG,665419.0875117499
2031,FM03_Beech,DE1,0.0
2031,FM03_Beech,DE2,0.0
2031,FM03_Beech,DE3,0.0
2031,FM03_Beech,DE4,0.0
2031,FM03_Beech,DE5,0.0
2031,FM03_Beech,DE6,0.0
2031,FM03_Beech,DE7,0.0
2031,FM03_Beech,DE8,0.0
2031,FM03_Beech,DE9,0.0
2031,FM03_Beech,DEA,0.0
2031,FM03_Beech,DEB,0.0
2031,FM03_Beech,DEC,0.0
2031,FM03_Beech,DEE,0.0
2031,FM03_Beech,DED,0.0
2031,FM03_Beech,DEF,0.0
2031,FM03_Beech,DEG,0.0
2031,FM04_DouglasFir,DE1,0.0
2031,FM04_DouglasFir,DE2,0.0
2031,FM04_DouglasFir,DE3,0.0
2031,FM04_DouglasFir,DE4,0.0
2031,FM04_DouglasFir,DE5,0.0
2031,FM04_DouglasFir,DE6,0.0
2031,FM04_DouglasFir,DE7,0.0
2031,FM04_DouglasFir,DE8,0.0
2031,FM04_DouglasFir,DE9,0.0
2031,FM04_DouglasFir,DEA,0.0
2031,FM04_DouglasFir,DEB,0.0
2031,FM04_DouglasFir,DEC,0.0
2031,FM04_DouglasFir,DEE,0.0
2031,FM04_DouglasFir,DED,0.0
2031,FM04_DouglasFir,DEF,0.0
2031,FM04_DouglasFir,DEG,0.0
2031,FM05_Oak,DE1,0.0
2031,FM05_Oak,DE2,0.0
2031,FM05_Oak,DE3,0.0
2031,FM05_Oak,DE4,0.0
2031,FM05_Oak,DE5,0.0
2031,FM05_Oak,DE6,0.0
2031,FM05_Oak,DE7,0.0
2031,FM05_Oak,DE8,0.0
2031,FM05_Oak,DE9,0.0
2031,FM05_Oak,DEA,0.0
2031,FM05_Oak,DEB,0.0
2031,FM05_Oak,DEC,0.0
2031,FM05_Oak,DEE,0.0
2031,FM05_Oak,DED,0.0
2031,FM05_Oak,DEF,0.0
2031,FM05_Oak,DEG,0.0
2031,FM06_ScotPine,DE1,0.0
2031,FM06_ScotPine,DE2,0.0
2031,FM06_ScotPine,DE3,0.0
2031,FM06_ScotPine,DE4,0.0
2031,FM06_ScotPine,DE5,0.0
2031,FM06_ScotPine,DE6,0.0
2031,FM06_ScotPine,DE7,0.0
2031,FM06_ScotPine,DE8,0.0
2031,FM06_ScotPine,DE9,0.0
2031,FM06_ScotPine,DEA,0.0
2031,FM06_ScotPine,DEB,0.0
2031,FM06_ScotPine,DEC,0.0
2031,FM06_ScotPine,DEE,0.0
2031,FM06_ScotPine,DED,0.0
2031,FM06_ScotPine,DEF,0.0
2031,FM06_ScotPine,DEG,0.0
2031,PC_Rewetting,DE1,184030.2355696937
2031,PC_Rewetting,DE2,82973.13440058647
2031,PC_Rewetting,DE3,254.76357053973277
2031,PC_Rewetting,DE4,94040.92396499882
2031,PC_Rewetting,DE5,2394.0535328313913
2031,PC_Rewetting,DE6,1166.4931678222297
2031,PC_Rewetting,DE7,2758.6283567557675
2031,PC_Rewetting,DE8,104696.23569451983
2031,PC_Rewetting,DE9,244439.19182490735
2031,PC_Rewetting,DEA,16768.613541324128
2031,PC_Rewetting,DEB,323942.7603006668
2031,PC_Rewetting,DEC,291.038217012449
2031,PC_Rewetting,DEE,30744.591244824318
2031,PC_Rewetting,DED,11221.371736978295
2031,PC_Rewetting,DEF,58876.09152499108
2031,PC_Rewetting,DEG,401.873351547533
2032,FM01_PSA,DE1,0.0
2032,FM01_PSA,DE2,0.0
2032,FM01_PSA,DE3,0.0
2032,FM01_PSA,DE4,0.0
2032,FM01_PSA,DE5,0.0
2032,FM01_PSA,DE6,0.0
2032,FM01_PSA,DE7,0.0
2032,FM01_PSA,DE8,0.0
2032,FM01_PSA,DE9,0.0
2032,FM01_PSA,DEA,0.0
2032,FM01_PSA,DEB,0.0
2032,FM01_PSA,DEC,0.0
2032,FM01_PSA,DEE,0.0
2032,FM01_PSA,DED,0.0
2032,FM01_PSA,DEF,0.0
2032,FM01_PSA,DEG,0.0
2032,FM02_TSA,DE1,2146635.2806641604
2032,FM02_TSA,DE2,2122673.1058104
2032,FM02_TSA,DE3,753.74146848
2032,FM02_TSA,DE4,135238.94155199997
2032,FM02_TSA,DE5,540.3937968
2032,FM02_TSA,DE6,2776.881513119999
2032,FM02_TSA,DE7,1936239.0522446404
2032,FM02_TSA,DE8,410273.44321392005
2032,FM02_TSA,DE9,968749.2580022401
2032,FM02_TSA,DEA,1174194.28505808
2032,FM02_TSA,DEB,1540687.8527726403
2032,FM02_TSA,DEC,179378.77852752001
2032,FM02_TSA,DEE,233175.50784528005
2032,FM02_TSA,DED,146549.57940480002
2032,FM02_TSA,DEF,270714.66289296
2032,FM02_TSA,DEG,740927.0105265599
2032,FM03_Beech,DE1,0.0
2032,FM03_Beech,DE2,0.0
2032,FM03_Beech,DE3,0.0
2032,FM03_Beech,DE4,0.0
2032,FM03_Beech,DE5,0.0
2032,FM03_Beech,DE6,0.0
2032,FM03_Beech,DE7,0.0
2032,FM03_Beech,DE8,0.0
2032,FM03_Beech,DE9,0.0
2032,FM03_Beech,DEA,0.0
2032,FM03_Beech,DEB,0.0
2032,FM03_Beech,DEC,0.0
2032,FM03_Beech,DEE,0.0
2032,FM03_Beech,DED,0.0
2032,FM03_Beech,DEF,0.0
2032,FM03_Beech,DEG,0.0
2032,FM04_DouglasFir,DE1,0.0
2032,FM04_DouglasFir,DE2,0.0
2032,FM04_DouglasFir,DE3,0.0
2032,FM04_DouglasFir,DE4,0.0
2032,FM04_DouglasFir,DE5,0.0
2032,FM04_DouglasFir,DE6,0.0
2032,FM04_DouglasFir,DE7,0.0
2032,FM04_DouglasFir,DE8,0.0
2032,FM04_DouglasFir,DE9,0.0
2032,FM04_DouglasFir,DEA,0.0
2032,FM04_DouglasFir,DEB,0.0
2032,FM04_DouglasFir,DEC,0.0
2032,FM04_DouglasFir,DEE,0.0
2032,FM04_DouglasFir,DED,0.0
2032,FM04_DouglasFir,DEF,0.0
2032,FM04_DouglasFir,DEG,0.0
2032,FM05_Oak,DE1,0.0
2032,FM05_Oak,DE2,0.0
2032,FM05_Oak,DE3,0.0
2032,FM05_Oak,DE4,0.0
2032,FM05_Oak,DE5,0.0
2032,FM05_Oak,DE6,0.0
2032,FM05_Oak,DE7,0.0
2032,FM05_Oak,DE8,0.0
2032,FM05_Oak,DE9,0.0
2032,FM05_Oak,DEA,0.0
2032,FM05_Oak,DEB,0.0
2032,FM05_Oak,DEC,0.0
2032,FM05_Oak,DEE,0.0
2032,FM05_Oak,DED,0.0
2032,FM05_Oak,DEF,0.0
2032,FM05_Oak,DEG,0.0
2032,FM06_ScotPine,DE1,0.0
2032,FM06_ScotPine,DE2,0.0
2032,FM06_ScotPine,DE3,0.0
2032,FM06_ScotPine,DE4,0.0
2032,FM06_ScotPine,DE5,0.0
2032,FM06_ScotPine,DE6,0.0
2032,FM06_ScotPine,DE7,0.0
2032,FM06_ScotPine,DE8,0.0
2032,FM06_ScotPine,DE9,0.0
2032,FM06_ScotPine,DEA,0.0
2032,FM06_ScotPine,DEB,0.0
2032,FM06_ScotPine,DEC,0.0
2032,FM06_ScotPine,DEE,0.0
2032,FM06_ScotPine,DED,0.0
2032,FM06_ScotPine,DEF,0.0
2032,FM06_ScotPine,DEG,0.0
2032,PC_Rewetting,DE1,187173.7554777733
2032,PC_Rewetting,DE2,97757.43834832733
2032,PC_Rewetting,DE3,300.1578067449943
2032,PC_Rewetting,DE4,110797.30678058043
2032,PC_Rewetting,DE5,2820.6303441358937
2032,PC_Rewetting,DE6,1374.3410413614633
2032,PC_Rewetting,DE7,3250.1657730504317
2032,PC_Rewetting,DE8,123351.20132736153
2032,PC_Rewetting,DE9,287993.81145916355
2032,PC_Rewetting,DEA,19756.47559050552
2032,PC_Rewetting,DEB,324358.065111306
2032,PC_Rewetting,DEC,342.8959356801218
2032,PC_Rewetting,DEE,36222.71841208393
2032,PC_Rewetting,DED,13220.816155567158
2032,PC_Rewetting,DEF,69366.74056035312
2032,PC_Rewetting,DEG,473.47987600509344
2033,FM01_PSA,DE1,0.0
2033,FM01_PSA,DE2,0.0
2033,FM01_PSA,DE3,0.0
2033,FM01_PSA,DE4,0.0
2033,FM01_PSA,DE5,0.0
2033,FM01_PSA,DE6,0.0
2033,FM01_PSA,DE7,0.0
2033,FM01_PSA,DE8,0.0
2033,FM01_PSA,DE9,0.0
2033,FM01_PSA,DEA,0.0
2033,FM01_PSA,DEB,0.0
2033,FM01_PSA,DEC,0.0
2033,FM01_PSA,DEE,0.0
2033,FM01_PSA,DED,0.0
2033,FM01_PSA,DEF,0.0
2033,FM01_PSA,DEG,0.0
2033,FM02_TSA,DE1,2372966.4977638535
2033,FM02_TSA,DE2,2346477.8628971335
2033,FM02_TSA,DE3,833.2124552266666
2033,FM02_TSA,DE4,149497.90511066664
2033,FM02_TSA,DE5,597.3703995999999
2033,FM02_TSA,DE6,3069.662954973332
2033,FM02_TSA,DE7,2140387.0718164137
2033,FM02_TSA,DE8,453530.76250924
2033,FM02_TSA,DE9,1070889.6637819465
2033,FM02_TSA,DEA,1297995.85677476
2033,FM02_TSA,DEB,1703130.7977990801
2033,FM02_TSA,DEC,198291.64073177334
2033,FM02_TSA,DEE,257760.44640649337
2033,FM02_TSA,DED,162001.08389226667
2033,FM02_TSA,DEF,299257.5549674533
2033,FM02_TSA,DEG,819046.9005633199
2033,FM03_Beech,DE1,0.0
2033,FM03_Beech,DE2,0.0
2033,FM03_Beech,DE3,0.0
2033,FM03_Beech,DE4,0.0
2033,FM03_Beech,DE5,0.0
2033,FM03_Beech,DE6,0.0
2033,FM03_Beech,DE7,0.0
2033,FM03_Beech,DE8,0.0
2033,FM03_Beech,DE9,0.0
2033,FM03_Beech,DEA,0.0
2033,FM03_Beech,DEB,0.0
2033,FM03_Beech,DEC,0.0
2033,FM03_Beech,DEE,0.0
2033,FM03_Beech,DED,0.0
2033,FM03_Beech,DEF,0.0
2033,FM03_Beech,DEG,0.0
2033,FM04_DouglasFir,DE1,0.0
2033,FM04_DouglasFir,DE2,0.0
2033,FM04_DouglasFir,DE3,0.0
2033,FM04_DouglasFir,DE4,0.0
2033,FM04_DouglasFir,DE5,0.0
2033,FM04_DouglasFir,DE6,0.0
2033,FM04_DouglasFir,DE7,0.0
2033,FM04_DouglasFir,DE8,0.0
2033,FM04_DouglasFir,DE9,0.0
2033,FM04_DouglasFir,DEA,0.0
2033,FM04_DouglasFir,DEB,0.0
2033,FM04_DouglasFir,DEC,0.0
2033,FM04_DouglasFir,DEE,0.0
2033,FM04_DouglasFir,DED,0.0
2033,FM04_DouglasFir,DEF,0.0
2033,FM04_DouglasFir,DEG,0.0
2033,FM05_Oak,DE1,0.0
2033,FM05_Oak,DE2,0.0
2033,FM05_Oak,DE3,0.0
2033,FM05_Oak,DE4,0.0
2033,FM05_Oak,DE5,0.0
2033,FM05_Oak,DE6,0.0
2033,FM05_Oak,DE7,0.0
2033,FM05_Oak,DE8,0.0
2033,FM05_Oak,DE9,0.0
2033,FM05_Oak,DEA,0.0
2033,FM05_Oak,DEB,0.0
2033,FM05_Oak,DEC,0.0
2033,FM05_Oak,DEE,0.0
2033,FM05_Oak,DED,0.0
2033,FM05_Oak,DEF,0.0
2033,FM05_Oak,DEG,0.0
2033,FM06_ScotPine,DE1,0.0
2033,FM06_ScotPine,DE2,0.0
2033,FM06_ScotPine,DE3,0.0
2033,FM06_ScotPine,DE4,0.0
2033,FM06_ScotPine,DE5,0.0
2033,FM06_ScotPine,DE6,0.0
2033,FM06_ScotPine,DE7,0.0
2033,FM06_ScotPine,DE8,0.0
2033,FM06_ScotPine,DE9,0.0
2033,FM06_ScotPine,DEA,0.0
2033,FM06_ScotPine,DEB,0.0
2033,FM06_ScotPine,DEC,0.0
2033,FM06_ScotPine,DEE,0.0
2033,FM06_ScotPine,DED,0.0
2033,FM06_ScotPine,DEF,0.0
2033,FM06_ScotPine,DEG,0.0
2033,PC_Rewetting,DE1,190573.8892559002
2033,PC_Rewetting,DE2,113748.62425098581
2033,PC_Rewetting,DE3,349.2576948853791
2033,PC_Rewetting,DE4,128921.55758110748
2033,PC_Rewetting,DE5,3282.02975228158
2033,PC_Rewetting,DE6,1599.1560882508386
2033,PC_Rewetting,DE7,3781.828692716089
2033,PC_Rewetting,DE8,143529.0212975781
2033,PC_Rewetting,DE9,335103.9102472366
2033,PC_Rewetting,DEA,22988.244745742533
2033,PC_Rewetting,DEB,324807.2723554668
2033,PC_Rewetting,DEC,398.9869375043392
2033,PC_Rewetting,DEE,42148.03963381371
2033,PC_Rewetting,DED,15383.480526693884
2033,PC_Rewetting,DEF,80713.76910880595
2033,PC_Rewetting,DEG,550.931831030618
2034,FM01_PSA,DE1,0.0
2034,FM01_PSA,DE2,0.0
2034,FM01_PSA,DE3,0.0
2034,FM01_PSA,DE4,0.0
2034,FM01_PSA,DE5,0.0
2034,FM01_PSA,DE6,0.0
2034,FM01_PSA,DE7,0.0
2034,FM01_PSA,DE8,0.0
2034,FM01_PSA,DE9,0.0
2034,FM01_PSA,DEA,0.0
2034,FM01_PSA,DEB,0.0
2034,FM01_PSA,DEC,0.0
2034,FM01_PSA,DEE,0.0
2034,FM01_PSA,DED,0.0
2034,FM01_PSA,DEF,0.0
2034,FM01_PSA,DEG,0.0
2034,FM02_TSA,DE1,2606938.3393199537
2034,FM02_TSA,DE2,2577837.9546936336
2034,FM02_TSA,DE3,915.3662710266667
2034,FM02_TSA,DE4,164238.23128066663
2034,FM02_TSA,DE5,656.2704526
2034,FM02_TSA,DE6,3372.3282876733324
2034,FM02_TSA,DE7,2351426.8422083138
2034,FM02_TSA,DE8,498248.3882349401
2034,FM02_TSA,DE9,1176478.1864073467
2034,FM02_TSA,DEA,1425976.79591906
2034,FM02_TSA,DEB,1871057.5888209804
2034,FM02_TSA,DEC,217842.97463847333
2034,FM02_TSA,DEE,283175.3380127934
2034,FM02_TSA,DED,177974.20950026668
2034,FM02_TSA,DEF,328764.01504655334
2034,FM02_TSA,DEG,899804.00852342
2034,FM03_Beech,DE1,0.0
2034,FM03_Beech,DE2,0.0
2034,FM03_Beech,DE3,0.0
2034,FM03_Beech,DE4,0.0
2034,FM03_Beech,DE5,0.0
2034,FM03_Beech,DE6,0.0
2034,FM03_Beech,DE7,0.0
2034,FM03_Beech,DE8,0.0
2034,FM03_Beech,DE9,0.0
2034,FM03_Beech,DEA,0.0
2034,FM03_Beech,DEB,0.0
2034,FM03_Beech,DEC,0.0
2034,FM03_Beech,DEE,0.0
2034,FM03_Beech,DED,0.0
2034,FM03_Beech,DEF,0.0
2034,FM03_Beech,DEG,0.0
2034,FM04_DouglasFir,DE1,0.0
2034,FM04_DouglasFir,DE2,0.0
2034,FM04_DouglasFir,DE3,0.0
2034,FM04_DouglasFir,DE4,0.0
2034,FM04_DouglasFir,DE5,0.0
2034,FM04_DouglasFir,DE6,0.0
2034,FM04_DouglasFir,DE7,0.0
2034,FM04_DouglasFir,DE8,0.0
2034,FM04_DouglasFir,DE9,0.0
2034,FM04_DouglasFir,DEA,0.0
2034,FM04_DouglasFir,DEB,0.0
2034,FM04_DouglasFir,DEC,0.0
2034,FM04_DouglasFir,DEE,0.0
2034,FM04_DouglasFir,DED,0.0
2034,FM04_DouglasFir,DEF,0.0
2034,FM04_DouglasFir,DEG,0.0
2034,FM05_Oak,DE1,0.0
2034,FM05_Oak,DE2,0.0
2034,FM05_Oak,DE3,0.0
2034,FM05_Oak,DE4,0.0
2034,FM05_Oak,DE5,0.0
2034,FM05_Oak,DE6,0.0
2034,FM05_Oak,DE7,0.0
2034,FM05_Oak,DE8,0.0
2034,FM05_Oak,DE9,0.0
2034,FM05_Oak,DEA,0.0
2034,FM05_Oak,DEB,0.0
2034,FM05_Oak,DEC,0.0
2034,FM05_Oak,DEE,0.0
2034,FM05_Oak,DED,0.0
2034,FM05_Oak,DEF,0.0
2034,FM05_Oak,DEG,0.0
2034,FM06_ScotPine,DE1,0.0
2034,FM06_ScotPine,DE2,0.0
2034,FM06_ScotPine,DE3,0.0
2034,FM06_ScotPine,DE4,0.0
2034,FM06_ScotPine,DE5,0.0
2034,FM06_ScotPine,DE6,0.0
2034,FM06_ScotPine,DE7,0.0
2034,FM06_ScotPine,DE8,0.0
2034,FM06_ScotPine,DE9,0.0
2034,FM06_ScotPine,DEA,0.0
2034,FM06_ScotPine,DEB,0.0
2034,FM06_ScotPine,DEC,0.0
2034,FM06_ScotPine,DEE,0.0
2034,FM06_ScotPine,DED,0.0
2034,FM06_ScotPine,DEF,0.0
2034,FM06_ScotPine,DEG,0.0
2034,PC_Rewetting,DE1,190573.8892559002
2034,PC_Rewetting,DE2,113748.62425098581
2034,PC_Rewetting,DE3,349.2576948853791
2034,PC_Rewetting,DE4,128921.55758110748
2034,PC_Rewetting,DE5,3282.02975228158
2034,PC_Rewetting,DE6,1599.1560882508386
2034,PC_Rewetting,DE7,3781.828692716089
2034,PC_Rewetting,DE8,143529.0212975781
2034,PC_Rewetting,DE9,335103.9102472366
2034,PC_Rewetting,DEA,22988.244745742533
2034,PC_Rewetting,DEB,324807.2723554668
2034,PC_Rewetting,DEC,398.9869375043392
2034,PC_Rewetting,DEE,42148.03963381371
2034,PC_Rewetting,DED,15383.480526693884
2034,PC_Rewetting,DEF,83800.78731680196
2034,PC_Rewetting,DEG,550.931831030618
2035,FM01_PSA,DE1,0.0
2035,FM01_PSA,DE2,0.0
2035,FM01_PSA,DE3,0.0
2035,FM01_PSA,DE4,0.0
2035,FM01_PSA,DE5,0.0
2035,FM01_PSA,DE6,0.0
2035,FM01_PSA,DE7,0.0
2035,FM01_PSA,DE8,0.0
2035,FM01_PSA,DE9,0.0
2035,FM01_PSA,DEA,0.0
2035,FM01_PSA,DEB,0.0
2035,FM01_PSA,DEC,0.0
2035,FM01_PSA,DEE,0.0
2035,FM01_PSA,DED,0.0
2035,FM01_PSA,DEF,0.0
2035,FM01_PSA,DEG,0.0
2035,FM02_TSA,DE1,2848623.96297825
2035,FM02_TSA,DE2,2816825.72221125
2035,FM02_TSA,DE3,1000.2286035
2035,FM02_TSA,DE4,179464.52902499997
2035,FM02_TSA,DE5,717.1123724999999
2035,FM02_TSA,DE6,3684.9721477499993
2035,FM02_TSA,DE7,2569424.3507317505
2035,FM02_TSA,DE8,544440.3025702501
2035,FM02_TSA,DE9,1285547.8409955
2035,FM02_TSA,DEA,1558177.11920475
2035,FM02_TSA,DEB,2044520.7327067505
2035,FM02_TSA,DEC,238038.89350275
2035,FM02_TSA,DEE,309428.12931975
2035,FM02_TSA,DED,194473.95066
2035,FM02_TSA,DEF,359243.26912575
2035,FM02_TSA,DEG,983223.5853082499
2035,FM03_Beech,DE1,0.0
2035,FM03_Beech,DE2,0.0
2035,FM03_Beech,DE3,0.0
2035,FM03_Beech,DE4,0.0
2035,FM03_Beech,DE5,0.0
2035,FM03_Beech,DE6,0.0
2035,FM03_Beech,DE7,0.0
2035,FM03_Beech,DE8,0.0
2035,FM03_Beech,DE9,0.0
2035,FM03_Beech,DEA,0.0
2035,FM03_Beech,DEB,0.0
2035,FM03_Beech,DEC,0.0
2035,FM03_Beech,DEE,0.0
2035,FM03_Beech,DED,0.0
2035,FM03_Beech,DEF,0.0
2035,FM03_Beech,DEG,0.0
2035,FM04_DouglasFir,DE1,0.0
2035,FM04_DouglasFir,DE2,0.0
2035,FM04_DouglasFir,DE3,0.0
2035,FM04_DouglasFir,DE4,0.0
2035,FM04_DouglasFir,DE5,0.0
2035,FM04_DouglasFir,DE6,0.0
2035,FM04_DouglasFir,DE7,0.0
2035,FM04_DouglasFir,DE8,0.0
2035,FM04_DouglasFir,DE9,0.0
2035,FM04_DouglasFir,DEA,0.0
2035,FM04_DouglasFir,DEB,0.0
2035,FM04_DouglasFir,DEC,0.0
2035,FM04_DouglasFir,DEE,0.0
2035,FM04_DouglasFir,DED,0.0
2035,FM04_DouglasFir,DEF,0.0
2035,FM04_DouglasFir,DEG,0.0
2035,FM05_Oak,DE1,0.0
2035,FM05_Oak,DE2,0.0
2035,FM05_Oak,DE3,0.0
2035,FM05_Oak,DE4,0.0
2035,FM05_Oak,DE5,0.0
2035,FM05_Oak,DE6,0.0
2035,FM05_Oak,DE7,0.0
2035,FM05_Oak,DE8,0.0
2035,FM05_Oak,DE9,0.0
2035,FM05_Oak,DEA,0.0
2035,FM05_Oak,DEB,0.0
2035,FM05_Oak,DEC,0.0
2035,FM05_Oak,DEE,0.0
2035,FM05_Oak,DED,0.0
2035,FM05_Oak,DEF,0.0
2035,FM05_Oak,DEG,0.0
2035,FM06_ScotPine,DE1,0.0
2035,FM06_ScotPine,DE2,0.0
2035,FM06_ScotPine,DE3,0.0
2035,FM06_ScotPine,DE4,0.0
2035,FM06_ScotPine,DE5,0.0
2035,FM06_ScotPine,DE6,0.0
2035,FM06_ScotPine,DE7,0.0
2035,FM06_ScotPine,DE8,0.0
2035,FM06_ScotPine,DE9,0.0
2035,FM06_ScotPine,DEA,0.0
2035,FM06_ScotPine,DEB,0.0
2035,FM06_ScotPine,DEC,0.0
2035,FM06_ScotPine,DEE,0.0
2035,FM06_ScotPine,DED,0.0
2035,FM06_ScotPine,DEF,0.0
2035,FM06_ScotPine,DEG,0.0
2035,PC_Rewetting,DE1,190573.8892559002
2035,PC_Rewetting,DE2,113748.62425098581
2035,PC_Rewetting,DE3,349.2576948853791
2035,PC_Rewetting,DE4,128921.55758110748
2035,PC_Rewetting,DE5,3282.02975228158
2035,PC_Rewetting,DE6,1599.1560882508386
2035,PC_Rewetting,DE7,3781.828692716089
2035,PC_Rewetting,DE8,143529.0212975781
2035,PC_Rewetting,DE9,335103.9102472366
2035,PC_Rewetting,DEA,22988.244745742533
2035,PC_Rewetting,DEB,324807.2723554668
2035,PC_Rewetting,DEC,398.9869375043392
2035,PC_Rewetting,DEE,42148.03963381371
2035,PC_Rewetting,DED,15383.480526693884
2035,PC_Rewetting,DEF,83800.78731680196
2035,PC_Rewetting,DEG,550.931831030618
2036,FM01_PSA,DE1,0.0
2036,FM01_PSA,DE2,0.0
2036,FM01_PSA,DE3,0.0
2036,FM01_PSA,DE4,0.0
2036,FM01_PSA,DE5,0.0
2036,FM01_PSA,DE6,0.0
2036,FM01_PSA,DE7,0.0
2036,FM01_PSA,DE8,0.0
2036,FM01_PSA,DE9,0.0
2036,FM01_PSA,DEA,0.0
2036,FM01_PSA,DEB,0.0
2036,FM01_PSA,DEC,0.0
2036,FM01_PSA,DEE,0.0
2036,FM01_PSA,DED,0.0
2036,FM01_PSA,DEF,0.0
2036,FM01_PSA,DEG,0.0
2036,FM02_TSA,DE1,3098096.5263845334
2036,FM02_TSA,DE2,3063513.506461334
2036,FM02_TSA,DE3,1087.8251402666667
2036,FM02_TSA,DE4,195181.40730666663
2036,FM02_TSA,DE5,779.914576
2036,FM02_TSA,DE6,4007.689171733333
2036,FM02_TSA,DE7,2794445.5846981336
2036,FM02_TSA,DE8,592120.4876944002
2036,FM02_TSA,DE9,1398131.6426634667
2036,FM02_TSA,DEA,1694636.8433456002
2036,FM02_TSA,DEB,2223572.7363248006
2036,FM02_TSA,DEC,258885.51057973335
2036,FM02_TSA,DEE,336526.7669829334
2036,FM02_TSA,DED,211505.30180266668
2036,FM02_TSA,DEF,390704.5432005333
2036,FM02_TSA,DEG,1069330.8818191998
2036,FM03_Beech,DE1,0.0
2036,FM03_Beech,DE2,0.0
2036,FM03_Beech,DE3,0.0
2036,FM03_Beech,DE4,0.0
2036,FM03_Beech,DE5,0.0
2036,FM03_Beech,DE6,0.0
2036,FM03_Beech,DE7,0.0
2036,FM03_Beech,DE8,0.0
2036,FM03_Beech,DE9,0.0
2036,FM03_Beech,DEA,0.0
2036,FM03_Beech,DEB,0.0
2036,FM03_Beech,DEC,0.0
2036,FM03_Beech,DEE,0.0
2036,FM03_Beech,DED,0.0
2036,FM03_Beech,DEF,0.0
2036,FM03_Beech,DEG,0.0
2036,FM04_DouglasFir,DE1,0.0
2036,FM04_DouglasFir,DE2,0.0
2036,FM04_DouglasFir,DE3,0.0
2036,FM04_DouglasFir,DE4,0.0
2036,FM04_DouglasFir,DE5,0.0
2036,FM04_DouglasFir,DE6,0.0
2036,FM04_DouglasFir,DE7,0.0
2036,FM04_DouglasFir,DE8,0.0
2036,FM04_DouglasFir,DE9,0.0
2036,FM04_DouglasFir,DEA,0.0
2036,FM04_DouglasFir,DEB,0.0
2036,FM04_DouglasFir,DEC,0.0
2036,FM04_DouglasFir,DEE,0.0
2036,FM04_DouglasFir,DED,0.0
2036,FM04_DouglasFir,DEF,0.0
2036,FM04_DouglasFir,DEG,0.0
2036,FM05_Oak,DE1,0.0
2036,FM05_Oak,DE2,0.0
2036,FM05_Oak,DE3,0.0
2036,FM05_Oak,DE4,0.0
2036,FM05_Oak,DE5,0.0
2036,FM05_Oak,DE6,0.0
2036,FM05_Oak,DE7,0.0
2036,FM05_Oak,DE8,0.0
2036,FM05_Oak,DE9,0.0
2036,FM05_Oak,DEA,0.0
2036,FM05_Oak,DEB,0.0
2036,FM05_Oak,DEC,0.0
2036,FM05_Oak,DEE,0.0
2036,FM05_Oak,DED,0.0
2036,FM05_Oak,DEF,0.0
2036,FM05_Oak,DEG,0.0
2036,FM06_ScotPine,DE1,0.0
2036,FM06_ScotPine,DE2,0.0
2036,FM06_ScotPine,DE3,0.0
2036,FM06_ScotPine,DE4,0.0
2036,FM06_ScotPine,DE5,0.0
2036,FM06_ScotPine,DE6,0.0
2036,FM06_ScotPine,DE7,0.0
2036,FM06_ScotPine,DE8,0.0
2036,FM06_ScotPine,DE9,0.0
2036,FM06_ScotPine,DEA,0.0
2036,FM06_ScotPine,DEB,0.0
2036,FM06_ScotPine,DEC,0.0
2036,FM06_ScotPine,DEE,0.0
2036,FM06_ScotPine,DED,0.0
2036,FM06_ScotPine,DEF,0.0
2036,FM06_ScotPine,DEG,0.0
2036,PC_Rewetting,DE1,190573.8892559002
2036,PC_Rewetting,DE2,113748.62425098581
2036,PC_Rewetting,DE3,349.2576948853791
2036,PC_Rewetting,DE4,128921.55758110748
2036,PC_Rewetting,DE5,3282.02975228158
2036,PC_Rewetting,DE6,1599.1560882508386
2036,PC_Rewetting,DE7,3781.828692716089
2036,PC_Rewetting,DE8,143529.0212975781
2036,PC_Rewetting,DE9,335103.9102472366
2036,PC_Rewetting,DEA,22988.244745742533
2036,PC_Rewetting,DEB,324807.2723554668
2036,PC_Rewetting,DEC,398.9869375043392
2036,PC_Rewetting,DEE,42148.03963381371
2036,PC_Rewetting,DED,15383.480526693884
2036,PC_Rewetting,DEF,83800.78731680196
2036,PC_Rewetting,DEG,550.931831030618
2037,FM01_PSA,DE1,0.0
2037,FM01_PSA,DE2,0.0
2037,FM01_PSA,DE3,0.0
2037,FM01_PSA,DE4,0.0
2037,FM01_PSA,DE5,0.0
2037,FM01_PSA,DE6,0.0
2037,FM01_PSA,DE7,0.0
2037,FM01_PSA,DE8,0.0
2037,FM01_PSA,DE9,0.0
2037,FM01_PSA,DEA,0.0
2037,FM01_PSA,DEB,0.0
2037,FM01_PSA,DEC,0.0
2037,FM01_PSA,DEE,0.0
2037,FM01_PSA,DED,0.0
2037,FM01_PSA,DEF,0.0
2037,FM01_PSA,DEG,0.0
2037,FM02_TSA,DE1,3355429.187184593
2037,FM02_TSA,DE2,3317973.648455234
2037,FM02_TSA,DE3,1178.1815689466666
2037,FM02_TSA,DE4,211393.47508866663
2037,FM02_TSA,DE5,844.6954797999999
2037,FM02_TSA,DE6,4340.573996153333
2037,FM02_TSA,DE7,3026556.531418874
2037,FM02_TSA,DE8,641302.9257866202
2037,FM02_TSA,DE9,1514262.6065283068
2037,FM02_TSA,DEA,1835395.9850553803
2037,FM02_TSA,DEB,2408266.1065435405
2037,FM02_TSA,DEC,280388.93912455335
2037,FM02_TSA,DEE,364479.1976579134
2037,FM02_TSA,DED,229073.25735946666
2037,FM02_TSA,DEF,423157.0632663933
2037,FM02_TSA,DEG,1158151.1489576597
2037,FM03_Beech,DE1,0.0
2037,FM03_Beech,DE2,0.0
2037,FM03_Beech,DE3,0.0
2037,FM03_Beech,DE4,0.0
2037,FM03_Beech,DE5,0.0
2037,FM03_Beech,DE6,0.0
2037,FM03_Beech,DE7,0.0
2037,FM03_Beech,DE8,0.0
2037,FM03_Beech,DE9,0.0
2037,FM03_Beech,DEA,0.0
2037,FM03_Beech,DEB,0.0
2037,FM03_Beech,DEC,0.0
2037,FM03_Beech,DEE,0.0
2037,FM03_Beech,DED,0.0
2037,FM03_Beech,DEF,0.0
2037,FM03_Beech,DEG,0.0
2037,FM04_DouglasFir,DE1,0.0
2037,FM04_DouglasFir,DE2,0.0
2037,FM04_DouglasFir,DE3,0.0
2037,FM04_DouglasFir,DE4,0.0
2037,FM04_DouglasFir,DE5,0.0
2037,FM04_DouglasFir,DE6,0.0
2037,FM04_DouglasFir,DE7,0.0
2037,FM04_DouglasFir,DE8,0.0
2037,FM04_DouglasFir,DE9,0.0
2037,FM04_DouglasFir,DEA,0.0
2037,FM04_DouglasFir,DEB,0.0
2037,FM04_DouglasFir,DEC,0.0
2037,FM04_DouglasFir,DEE,0.0
2037,FM04_DouglasFir,DED,0.0
2037,FM04_DouglasFir,DEF,0.0
2037,FM04_DouglasFir,DEG,0.0
2037,FM05_Oak,DE1,0.0
2037,FM05_Oak,DE2,0.0
2037,FM05_Oak,DE3,0.0
2037,FM05_Oak,DE4,0.0
2037,FM05_Oak,DE5,0.0
2037,FM05_Oak,DE6,0.0
2037,FM05_Oak,DE7,0.0
2037,FM05_Oak,DE8,0.0
2037,FM05_Oak,DE9,0.0
2037,FM05_Oak,DEA,0.0
2037,FM05_Oak,DEB,0.0
2037,FM05_Oak,DEC,0.0
2037,FM05_Oak,DEE,0.0
2037,FM05_Oak,DED,0.0
2037,FM05_Oak,DEF,0.0
2037,FM05_Oak,DEG,0.0
2037,FM06_ScotPine,DE1,0.0
2037,FM06_ScotPine,DE2,0.0
2037,FM06_ScotPine,DE3,0.0
2037,FM06_ScotPine,DE4,0.0
2037,FM06_ScotPine,DE5,0.0
2037,FM06_ScotPine,DE6,0.0
2037,FM06_ScotPine,DE7,0.0
2037,FM06_ScotPine,DE8,0.0
2037,FM06_ScotPine,DE9,0.0
2037,FM06_ScotPine,DEA,0.0
2037,FM06_ScotPine,DEB,0.0
2037,FM06_ScotPine,DEC,0.0
2037,FM06_ScotPine,DEE,0.0
2037,FM06_ScotPine,DED,0.0
2037,FM06_ScotPine,DEF,0.0
2037,FM06_ScotPine,DEG,0.0
2037,PC_Rewetting,DE1,190573.8892559002
2037,PC_Rewetting,DE2,113748.62425098581
2037,PC_Rewetting,DE3,349.2576948853791
2037,PC_Rewetting,DE4,128921.55758110748
2037,PC_Rewetting,DE5,3282.02975228158
2037,PC_Rewetting,DE6,1599.1560882508386
2037,PC_Rewetting,DE7,3781.828692716089
2037,PC_Rewetting,DE8,143529.0212975781
2037,PC_Rewetting,DE9,335103.9102472366
2037,PC_Rewetting,DEA,22988.244745742533
2037,PC_Rewetting,DEB,324807.2723554668
2037,PC_Rewetting,DEC,398.9869375043392
2037,PC_Rewetting,DEE,42148.03963381371
2037,PC_Rewetting,DED,15383.480526693884
2037,PC_Rewetting,DEF,83800.78731680196
2037,PC_Rewetting,DEG,550.931831030618
2038,FM01_PSA,DE1,0.0
2038,FM01_PSA,DE2,0.0
2038,FM01_PSA,DE3,0.0
2038,FM01_PSA,DE4,0.0
2038,FM01_PSA,DE5,0.0
2038,FM01_PSA,DE6,0.0
2038,FM01_PSA,DE7,0.0
2038,FM01_PSA,DE8,0.0
2038,FM01_PSA,DE9,0.0
2038,FM01_PSA,DEA,0.0
2038,FM01_PSA,DEB,0.0
2038,FM01_PSA,DEC,0.0
2038,FM01_PSA,DEE,0.0
2038,FM01_PSA,DED,0.0
2038,FM01_PSA,DEF,0.0
2038,FM01_PSA,DEG,0.0
2038,FM02_TSA,DE1,3620695.1030242196
2038,FM02_TSA,DE2,3580278.4892043006
2038,FM02_TSA,DE3,1271.32357716
2038,FM02_TSA,DE4,228105.34133399994
2038,FM02_TSA,DE5,911.4735005999999
2038,FM02_TSA,DE6,4683.721257539999
2038,FM02_TSA,DE7,3265823.17820538
2038,FM02_TSA,DE8,692001.5990261403
2038,FM02_TSA,DE9,1633973.7477070799
2038,FM02_TSA,DEA,1980494.56104786
2038,FM02_TSA,DEB,2598653.3502313807
2038,FM02_TSA,DEC,302555.29239233996
2038,FM02_TSA,DEE,393293.36800026
2038,FM02_TSA,DED,247182.81176159997
2038,FM02_TSA,DEF,456610.05531881994
2038,FM02_TSA,DEG,1249709.6376250195
2038,FM03_Beech,DE1,0.0
2038,FM03_Beech,DE2,0.0
2038,FM03_Beech,DE3,0.0
2038,FM03_Beech,DE4,0.0
2038,FM03_Beech,DE5,0.0
2038,FM03_Beech,DE6,0.0
2038,FM03_Beech,DE7,0.0
2038,FM03_Beech,DE8,0.0
2038,FM03_Beech,DE9,0.0
2038,FM03_Beech,DEA,0.0
2038,FM03_Beech,DEB,0.0
2038,FM03_Beech,DEC,0.0
2038,FM03_Beech,DEE,0.0
2038,FM03_Beech,DED,0.0
2038,FM03_Beech,DEF,0.0
2038,FM03_Beech,DEG,0.0
2038,FM04_DouglasFir,DE1,0.0
2038,FM04_DouglasFir,DE2,0.0
2038,FM04_DouglasFir,DE3,0.0
2038,FM04_DouglasFir,DE4,0.0
2038,FM04_DouglasFir,DE5,0.0
2038,FM04_DouglasFir,DE6,0.0
2038,FM04_DouglasFir,DE7,0.0
2038,FM04_DouglasFir,DE8,0.0
2038,FM04_DouglasFir,DE9,0.0
2038,FM04_DouglasFir,DEA,0.0
2038,FM04_DouglasFir,DEB,0.0
2038,FM04_DouglasFir,DEC,0.0
2038,FM04_DouglasFir,DEE,0.0
2038,FM04_DouglasFir,DED,0.0
2038,FM04_DouglasFir,DEF,0.0
2038,FM04_DouglasFir,DEG,0.0
2038,FM05_Oak,DE1,0.0
2038,FM05_Oak,DE2,0.0
2038,FM05_Oak,DE3,0.0
2038,FM05_Oak,DE4,0.0
2038,FM05_Oak,DE5,0.0
2038,FM05_Oak,DE6,0.0
2038,FM05_Oak,DE7,0.0
2038,FM05_Oak,DE8,0.0
2038,FM05_Oak,DE9,0.0
2038,FM05_Oak,DEA,0.0
2038,FM05_Oak,DEB,0.0
2038,FM05_Oak,DEC,0.0
2038,FM05_Oak,DEE,0.0
2038,FM05_Oak,DED,0.0
2038,FM05_Oak,DEF,0.0
2038,FM05_Oak,DEG,0.0
2038,FM06_ScotPine,DE1,0.0
2038,FM06_ScotPine,DE2,0.0
2038,FM06_ScotPine,DE3,0.0
2038,FM06_ScotPine,DE4,0.0
2038,FM06_ScotPine,DE5,0.0
2038,FM06_ScotPine,DE6,0.0
2038,FM06_ScotPine,DE7,0.0
2038,FM06_ScotPine,DE8,0.0
2038,FM06_ScotPine,DE9,0.0
2038,FM06_ScotPine,DEA,0.0
2038,FM06_ScotPine,DEB,0.0
2038,FM06_ScotPine,DEC,0.0
2038,FM06_ScotPine,DEE,0.0
2038,FM06_ScotPine,DED,0.0
2038,FM06_ScotPine,DEF,0.0
2038,FM06_ScotPine,DEG,0.0
2038,PC_Rewetting,DE1,190573.8892559002
2038,PC_Rewetting,DE2,113748.62425098581
2038,PC_Rewetting,DE3,349.2576948853791
2038,PC_Rewetting,DE4,128921.55758110748
2038,PC_Rewetting,DE5,3282.02975228158
2038,PC_Rewetting,DE6,1599.1560882508386
2038,PC_Rewetting,DE7,3781.828692716089
2038,PC_Rewetting,DE8,143529.0212975781
2038,PC_Rewetting,DE9,335103.9102472366
2038,PC_Rewetting,DEA,22988.244745742533
2038,PC_Rewetting,DEB,324807.2723554668
2038,PC_Rewetting,DEC,398.9869375043392
2038,PC_Rewetting,DEE,42148.03963381371
2038,PC_Rewetting,DED,15383.480526693884
2038,PC_Rewetting,DEF,83800.78731680196
2038,PC_Rewetting,DEG,550.931831030618
2039,FM01_PSA,DE1,0.0
2039,FM01_PSA,DE2,0.0
2039,FM01_PSA,DE3,0.0
2039,FM01_PSA,DE4,0.0
2039,FM01_PSA,DE5,0.0
2039,FM01_PSA,DE6,0.0
2039,FM01_PSA,DE7,0.0
2039,FM01_PSA,DE8,0.0
2039,FM01_PSA,DE9,0.0
2039,FM01_PSA,DEA,0.0
2039,FM01_PSA,DEB,0.0
2039,FM01_PSA,DEC,0.0
2039,FM01_PSA,DEE,0.0
2039,FM01_PSA,DED,0.0
2039,FM01_PSA,DEF,0.0
2039,FM01_PSA,DEG,0.0
2039,FM02_TSA,DE1,3893967.431549203
2039,FM02_TSA,DE2,3850500.369719884
2039,FM02_TSA,DE3,1367.2768525266665
2039,FM02_TSA,DE4,245321.61500566662
2039,FM02_TSA,DE5,980.2670551
2039,FM02_TSA,DE6,5037.225592423333
2039,FM02_TSA,DE7,3512311.5123690637
2039,FM02_TSA,DE8,744230.4895921904
2039,FM02_TSA,DE9,1757298.0813168467
2039,FM02_TSA,DEA,2129972.58803681
2039,FM02_TSA,DEB,2794786.9742567306
2039,FM02_TSA,DEC,325390.68363822333
2039,FM02_TSA,DEE,422977.22466554336
2039,FM02_TSA,DED,265838.95944026666
2039,FM02_TSA,DEF,491072.7453533034
2039,FM02_TSA,DEG,1344031.5987226695
2039,FM03_Beech,DE1,0.0
2039,FM03_Beech,DE2,0.0
2039,FM03_Beech,DE3,0.0
2039,FM03_Beech,DE4,0.0
2039,FM03_Beech,DE5,0.0
2039,FM03_Beech,DE6,0.0
2039,FM03_Beech,DE7,0.0
2039,FM03_Beech,DE8,0.0
2039,FM03_Beech,DE9,0.0
2039,FM03_Beech,DEA,0.0
2039,FM03_Beech,DEB,0.0
2039,FM03_Beech,DEC,0.0
2039,FM03_Beech,DEE,0.0
2039,FM03_Beech,DED,0.0
2039,FM03_Beech,DEF,0.0
2039,FM03_Beech,DEG,0.0
2039,FM04_DouglasFir,DE1,0.0
2039,FM04_DouglasFir,DE2,0.0
2039,FM04_DouglasFir,DE3,0.0
2039,FM04_DouglasFir,DE4,0.0
2039,FM04_DouglasFir,DE5,0.0
2039,FM04_DouglasFir,DE6,0.0
2039,FM04_DouglasFir,DE7,0.0
2039,FM04_DouglasFir,DE8,0.0
2039,FM04_DouglasFir,DE9,0.0
2039,FM04_DouglasFir,DEA,0.0
2039,FM04_DouglasFir,DEB,0.0
2039,FM04_DouglasFir,DEC,0.0
2039,FM04_DouglasFir,DEE,0.0
2039,FM04_DouglasFir,DED,0.0
2039,FM04_DouglasFir,DEF,0.0
2039,FM04_DouglasFir,DEG,0.0
2039,FM05_Oak,DE1,0.0
2039,FM05_Oak,DE2,0.0
2039,FM05_Oak,DE3,0.0
2039,FM05_Oak,DE4,0.0
2039,FM05_Oak,DE5,0.0
2039,FM05_Oak,DE6,0.0
2039,FM05_Oak,DE7,0.0
2039,FM05_Oak,DE8,0.0
2039,FM05_Oak,DE9,0.0
2039,FM05_Oak,DEA,0.0
2039,FM05_Oak,DEB,0.0
2039,FM05_Oak,DEC,0.0
2039,FM05_Oak,DEE,0.0
2039,FM05_Oak,DED,0.0
2039,FM05_Oak,DEF,0.0
2039,FM05_Oak,DEG,0.0
2039,FM06_ScotPine,DE1,0.0
2039,FM06_ScotPine,DE2,0.0
2039,FM06_ScotPine,DE3,0.0
2039,FM06_ScotPine,DE4,0.0
2039,FM06_ScotPine,DE5,0.0
2039,FM06_ScotPine,DE6,0.0
2039,FM06_ScotPine,DE7,0.0
2039,FM06_ScotPine,DE8,0.0
2039,FM06_ScotPine,DE9,0.0
2039,FM06_ScotPine,DEA,0.0
2039,FM06_ScotPine,DEB,0.0
2039,FM06_ScotPine,DEC,0.0
2039,FM06_ScotPine,DEE,0.0
2039,FM06_ScotPine,DED,0.0
2039,FM06_ScotPine,DEF,0.0
2039,FM06_ScotPine,DEG,0.0
2039,PC_Rewetting,DE1,190573.8892559002
2039,PC_Rewetting,DE2,113748.62425098581
2039,PC_Rewetting,DE3,349.2576948853791
2039,PC_Rewetting,DE4,128921.55758110748
2039,PC_Rewetting,DE5,3282.02975228158
2039,PC_Rewetting,DE6,1599.1560882508386
2039,PC_Rewetting,DE7,3781.828692716089
2039,PC_Rewetting,DE8,143529.0212975781
2039,PC_Rewetting,DE9,335103.9102472366
2039,PC_Rewetting,DEA,22988.244745742533
2039,PC_Rewetting,DEB,324807.2723554668
2039,PC_Rewetting,DEC,398.9869375043392
2039,PC_Rewetting,DEE,42148.03963381371
2039,PC_Rewetting,DED,15383.480526693884
2039,PC_Rewetting,DEF,83800.78731680196
2039,PC_Rewetting,DEG,550.931831030618
2040,FM01_PSA,DE1,0.0
2040,FM01_PSA,DE2,0.0
2040,FM01_PSA,DE3,0.0
2040,FM01_PSA,DE4,0.0
2040,FM01_PSA,DE5,0.0
2040,FM01_PSA,DE6,0.0
2040,FM01_PSA,DE7,0.0
2040,FM01_PSA,DE8,0.0
2040,FM01_PSA,DE9,0.0
2040,FM01_PSA,DEA,0.0
2040,FM01_PSA,DEB,0.0
2040,FM01_PSA,DEC,0.0
2040,FM01_PSA,DEE,0.0
2040,FM01_PSA,DED,0.0
2040,FM01_PSA,DEF,0.0
2040,FM01_PSA,DEG,0.0
2040,FM02_TSA,DE1,4175319.330405333
2040,FM02_TSA,DE2,4128711.631013334
2040,FM02_TSA,DE3,1466.0670826666665
2040,FM02_TSA,DE4,263046.9050666666
2040,FM02_TSA,DE5,1051.09456
2040,FM02_TSA,DE6,5401.181637333333
2040,FM02_TSA,DE7,3766087.5212213336
2040,FM02_TSA,DE8,798003.5796640003
2040,FM02_TSA,DE9,1884268.6224746665
2040,FM02_TSA,DEA,2283870.082736
2040,FM02_TSA,DEB,2996719.485488001
2040,FM02_TSA,DEC,348901.22611733334
2040,FM02_TSA,DEE,453538.7143093333
2040,FM02_TSA,DED,285046.6948266666
2040,FM02_TSA,DEF,526554.3593653333
2040,FM02_TSA,DEG,1441142.2831519993
2040,FM03_Beech,DE1,0.0
2040,FM03_Beech,DE2,0.0
2040,FM03_Beech,DE3,0.0
2040,FM03_Beech,DE4,0.0
2040,FM03_Beech,DE5,0.0
2040,FM03_Beech,DE6,0.0
2040,FM03_Beech,DE7,0.0
2040,FM03_Beech,DE8,0.0
2040,FM03_Beech,DE9,0.0
2040,FM03_Beech,DEA,0.0
2040,FM03_Beech,DEB,0.0
2040,FM03_Beech,DEC,0.0
2040,FM03_Beech,DEE,0.0
2040,FM03_Beech,DED,0.0
2040,FM03_Beech,DEF,0.0
2040,FM03_Beech,DEG,0.0
2040,FM04_DouglasFir,DE1,0.0
2040,FM04_DouglasFir,DE2,0.0
2040,FM04_DouglasFir,DE3,0.0
2040,FM04_DouglasFir,DE4,0.0
2040,FM04_DouglasFir,DE5,0.0
2040,FM04_DouglasFir,DE6,0.0
2040,FM04_DouglasFir,DE7,0.0
2040,FM04_DouglasFir,DE8,0.0
2040,FM04_DouglasFir,DE9,0.0
2040,FM04_DouglasFir,DEA,0.0
2040,FM04_DouglasFir,DEB,0.0
2040,FM04_DouglasFir,DEC,0.0
2040,FM04_DouglasFir,DEE,0.0
2040,FM04_DouglasFir,DED,0.0
2040,FM04_DouglasFir,DEF,0.0
2040,FM04_DouglasFir,DEG,0.0
2040,FM05_Oak,DE1,0.0
2040,FM05_Oak,DE2,0.0
2040,FM05_Oak,DE3,0.0
2040,FM05_Oak,DE4,0.0
2040,FM05_Oak,DE5,0.0
2040,FM05_Oak,DE6,0.0
2040,FM05_Oak,DE7,0.0
2040,FM05_Oak,DE8,0.0
2040,FM05_Oak,DE9,0.0
2040,FM05_Oak,DEA,0.0
2040,FM05_Oak,DEB,0.0
2040,FM05_Oak,DEC,0.0
2040,FM05_Oak,DEE,0.0
2040,FM05_Oak,DED,0.0
2040,FM05_Oak,DEF,0.0
2040,FM05_Oak,DEG,0.0
2040,FM06_ScotPine,DE1,0.0
2040,FM06_ScotPine,DE2,0.0
2040,FM06_ScotPine,DE3,0.0
2040,FM06_ScotPine,DE4,0.0
2040,FM06_ScotPine,DE5,0.0
2040,FM06_ScotPine,DE6,0.0
2040,FM06_ScotPine,DE7,0.0
2040,FM06_ScotPine,DE8,0.0
2040,FM06_ScotPine,DE9,0.0
2040,FM06_ScotPine,DEA,0.0
2040,FM06_ScotPine,DEB,0.0
2040,FM06_ScotPine,DEC,0.0
2040,FM06_ScotPine,DEE,0.0
2040,FM06_ScotPine,DED,0.0
2040,FM06_ScotPine,DEF,0.0
2040,FM06_ScotPine,DEG,0.0
2040,PC_Rewetting,DE1,190573.8892559002
2040,PC_Rewetting,DE2,113748.62425098581
2040,PC_Rewetting,DE3,349.2576948853791
2040,PC_Rewetting,DE4,128921.55758110748
2040,PC_Rewetting,DE5,3282.02975228158
2040,PC_Rewetting,DE6,1599.1560882508386
2040,PC_Rewetting,DE7,3781.828692716089
2040,PC_Rewetting,DE8,143529.0212975781
2040,PC_Rewetting,DE9,335103.9102472366
2040,PC_Rewetting,DEA,22988.244745742533
2040,PC_Rewetting,DEB,324807.2723554668
2040,PC_Rewetting,DEC,398.9869375043392
2040,PC_Rewetting,DEE,42148.03963381371
2040,PC_Rewetting,DED,15383.480526693884
2040,PC_Rewetting,DEF,83800.78731680196
2040,PC_Rewetting,DEG,550.931831030618
2041,FM01_PSA,DE1,0.0
2041,FM01_PSA,DE2,0.0
2041,FM01_PSA,DE3,0.0
2041,FM01_PSA,DE4,0.0
2041,FM01_PSA,DE5,0.0
2041,FM01_PSA,DE6,0.0
2041,FM01_PSA,DE7,0.0
2041,FM01_PSA,DE8,0.0
2041,FM01_PSA,DE9,0.0
2041,FM01_PSA,DEA,0.0
2041,FM01_PSA,DEB,0.0
2041,FM01_PSA,DEC,0.0
2041,FM01_PSA,DEE,0.0
2041,FM01_PSA,DED,0.0
2041,FM01_PSA,DEF,0.0
2041,FM01_PSA,DEG,0.0
2041,FM02_TSA,DE1,4464823.957238399
2041,FM02_TSA,DE2,4414984.614096001
2041,FM02_TSA,DE3,1567.7199552
2041,FM02_TSA,DE4,281285.82048
2041,FM02_TSA,DE5,1123.974432
2041,FM02_TSA,DE6,5775.684028799999
2041,FM02_TSA,DE7,4027217.1920736004
2041,FM02_TSA,DE8,853334.8514208003
2041,FM02_TSA,DE9,2014918.3862975999
2041,FM02_TSA,DEA,2442227.0618592002
2041,FM02_TSA,DEB,3204503.390793601
2041,FM02_TSA,DEC,373093.0330848
2041,FM02_TSA,DEE,484985.7835872
2041,FM02_TSA,DED,304811.012352
2041,FM02_TSA,DEF,563064.1233504001
2041,FM02_TSA,DEG,1541066.9418143993
2041,FM03_Beech,DE1,0.0
2041,FM03_Beech,DE2,0.0
2041,FM03_Beech,DE3,0.0
2041,FM03_Beech,DE4,0.0
2041,FM03_Beech,DE5,0.0
2041,FM03_Beech,DE6,0.0
2041,FM03_Beech,DE7,0.0
2041,FM03_Beech,DE8,0.0
2041,FM03_Beech,DE9,0.0
2041,FM03_Beech,DEA,0.0
2041,FM03_Beech,DEB,0.0
2041,FM03_Beech,DEC,0.0
2041,FM03_Beech,DEE,0.0
2041,FM03_Beech,DED,0.0
2041,FM03_Beech,DEF,0.0
2041,FM03_Beech,DEG,0.0
2041,FM04_DouglasFir,DE1,0.0
2041,FM04_DouglasFir,DE2,0.0
2041,FM04_DouglasFir,DE3,0.0
2041,FM04_DouglasFir,DE4,0.0
2041,FM04_DouglasFir,DE5,0.0
2041,FM04_DouglasFir,DE6,0.0
2041,FM04_DouglasFir,DE7,0.0
2041,FM04_DouglasFir,DE8,0.0
2041,FM04_DouglasFir,DE9,0.0
2041,FM04_DouglasFir,DEA,0.0
2041,FM04_DouglasFir,DEB,0.0
2041,FM04_DouglasFir,DEC,0.0
2041,FM04_DouglasFir,DEE,0.0
2041,FM04_DouglasFir,DED,0.0
2041,FM04_DouglasFir,DEF,0.0
2041,FM04_DouglasFir,DEG,0.0
2041,FM05_Oak,DE1,0.0
2041,FM05_Oak,DE2,0.0
2041,FM05_Oak,DE3,0.0
2041,FM05_Oak,DE4,0.0
2041,FM05_Oak,DE5,0.0
2041,FM05_Oak,DE6,0.0
2041,FM05_Oak,DE7,0.0
2041,FM05_Oak,DE8,0.0
2041,FM05_Oak,DE9,0.0
2041,FM05_Oak,DEA,0.0
2041,FM05_Oak,DEB,0.0
2041,FM05_Oak,DEC,0.0
2041,FM05_Oak,DEE,0.0
2041,FM05_Oak,DED,0.0
2041,FM05_Oak,DEF,0.0
2041,FM05_Oak,DEG,0.0
2041,FM06_ScotPine,DE1,0.0
2041,FM06_ScotPine,DE2,0.0
2041,FM06_ScotPine,DE3,0.0
2041,FM06_ScotPine,DE4,0.0
2041,FM06_ScotPine,DE5,0.0
2041,FM06_ScotPine,DE6,0.0
2041,FM06_ScotPine,DE7,0.0
2041,FM06_ScotPine,DE8,0.0
2041,FM06_ScotPine,DE9,0.0
2041,FM06_ScotPine,DEA,0.0
2041,FM06_ScotPine,DEB,0.0
2041,FM06_ScotPine,DEC,0.0
2041,FM06_ScotPine,DEE,0.0
2041,FM06_ScotPine,DED,0.0
2041,FM06_ScotPine,DEF,0.0
2041,FM06_ScotPine,DEG,0.0
2041,PC_Rewetting,DE1,190573.8892559002
2041,PC_Rewetting,DE2,113748.62425098581
2041,PC_Rewetting,DE3,349.2576948853791
2041,PC_Rewetting,DE4,128921.55758110748
2041,PC_Rewetting,DE5,3282.02975228158
2041,PC_Rewetting,DE6,1599.1560882508386
2041,PC_Rewetting,DE7,3781.828692716089
2041,PC_Rewetting,DE8,143529.0212975781
2041,PC_Rewetting,DE9,335103.9102472366
2041,PC_Rewetting,DEA,22988.244745742533
2041,PC_Rewetting,DEB,324807.2723554668
2041,PC_Rewetting,DEC,398.9869375043392
2041,PC_Rewetting,DEE,42148.03963381371
2041,PC_Rewetting,DED,15383.480526693884
2041,PC_Rewetting,DEF,83800.78731680196
2041,PC_Rewetting,DEG,550.931831030618
2042,FM01_PSA,DE1,0.0
2042,FM01_PSA,DE2,0.0
2042,FM01_PSA,DE3,0.0
2042,FM01_PSA,DE4,0.0
2042,FM01_PSA,DE5,0.0
2042,FM01_PSA,DE6,0.0
2042,FM01_PSA,DE7,0.0
2042,FM01_PSA,DE8,0.0
2042,FM01_PSA,DE9,0.0
2042,FM01_PSA,DEA,0.0
2042,FM01_PSA,DEB,0.0
2042,FM01_PSA,DEC,0.0
2042,FM01_PSA,DEE,0.0
2042,FM01_PSA,DED,0.0
2042,FM01_PSA,DEF,0.0
2042,FM01_PSA,DEG,0.0
2042,FM02_TSA,DE1,4762554.469694193
2042,FM02_TSA,DE2,4709391.6599792335
2042,FM02_TSA,DE3,1672.2611577466664
2042,FM02_TSA,DE4,300042.97020866664
2042,FM02_TSA,DE5,1198.9250878
2042,FM02_TSA,DE6,6160.827403353333
2042,FM02_TSA,DE7,4295766.512237274
2042,FM02_TSA,DE8,910238.2870418204
2042,FM02_TSA,DE9,2149280.3879027064
2042,FM02_TSA,DEA,2605083.54212018
2042,FM02_TSA,DEB,3418191.1970419413
2042,FM02_TSA,DEC,397972.2177957533
2042,FM02_TSA,DEE,517326.37915471336
2042,FM02_TSA,DED,325136.90644746664
2042,FM02_TSA,DEF,600611.2633039934
2042,FM02_TSA,DEG,1643830.8256112593
2042,FM03_Beech,DE1,0.0
2042,FM03_Beech,DE2,0.0
2042,FM03_Beech,DE3,0.0
2042,FM03_Beech,DE4,0.0
2042,FM03_Beech,DE5,0.0
2042,FM03_Beech,DE6,0.0
2042,FM03_Beech,DE7,0.0
2042,FM03_Beech,DE8,0.0
2042,FM03_Beech,DE9,0.0
2042,FM03_Beech,DEA,0.0
2042,FM03_Beech,DEB,0.0
2042,FM03_Beech,DEC,0.0
2042,FM03_Beech,DEE,0.0
2042,FM03_Beech,DED,0.0
2042,FM03_Beech,DEF,0.0
2042,FM03_Beech,DEG,0.0
2042,FM04_DouglasFir,DE1,0.0
2042,FM04_DouglasFir,DE2,0.0
2042,FM04_DouglasFir,DE3,0.0
2042,FM04_DouglasFir,DE4,0.0
2042,FM04_DouglasFir,DE5,0.0
2042,FM04_DouglasFir,DE6,0.0
2042,FM04_DouglasFir,DE7,0.0
2042,FM04_DouglasFir,DE8,0.0
2042,FM04_DouglasFir,DE9,0.0
2042,FM04_DouglasFir,DEA,0.0
2042,FM04_DouglasFir,DEB,0.0
2042,FM04_DouglasFir,DEC,0.0
2042,FM04_DouglasFir,DEE,0.0
2042,FM04_DouglasFir,DED,0.0
2042,FM04_DouglasFir,DEF,0.0
2042,FM04_DouglasFir,DEG,0.0
2042,FM05_Oak,DE1,0.0
2042,FM05_Oak,DE2,0.0
2042,FM05_Oak,DE3,0.0
2042,FM05_Oak,DE4,0.0
2042,FM05_Oak,DE5,0.0
2042,FM05_Oak,DE6,0.0
2042,FM05_Oak,DE7,0.0
2042,FM05_Oak,DE8,0.0
2042,FM05_Oak,DE9,0.0
2042,FM05_Oak,DEA,0.0
2042,FM05_Oak,DEB,0.0
2042,FM05_Oak,DEC,0.0
2042,FM05_Oak,DEE,0.0
2042,FM05_Oak,DED,0.0
2042,FM05_Oak,DEF,0.0
2042,FM05_Oak,DEG,0.0
2042,FM06_ScotPine,DE1,0.0
2042,FM06_ScotPine,DE2,0.0
2042,FM06_ScotPine,DE3,0.0
2042,FM06_ScotPine,DE4,0.0
2042,FM06_ScotPine,DE5,0.0
2042,FM06_ScotPine,DE6,0.0
2042,FM06_ScotPine,DE7,0.0
2042,FM06_ScotPine,DE8,0.0
2042,FM06_ScotPine,DE9,0.0
2042,FM06_ScotPine,DEA,0.0
2042,FM06_ScotPine,DEB,0.0
2042,FM06_ScotPine,DEC,0.0
2042,FM06_ScotPine,DEE,0.0
2042,FM06_ScotPine,DED,0.0
2042,FM06_ScotPine,DEF,0.0
2042,FM06_ScotPine,DEG,0.0
2042,PC_Rewetting,DE1,190573.8892559002
2042,PC_Rewetting,DE2,113748.62425098581
2042,PC_Rewetting,DE3,349.2576948853791
2042,PC_Rewetting,DE4,128921.55758110748
2042,PC_Rewetting,DE5,3282.02975228158
2042,PC_Rewetting,DE6,1599.1560882508386
2042,PC_Rewetting,DE7,3781.828692716089
2042,PC_Rewetting,DE8,143529.0212975781
2042,PC_Rewetting,DE9,335103.9102472366
2042,PC_Rewetting,DEA,22988.244745742533
2042,PC_Rewetting,DEB,324807.2723554668
2042,PC_Rewetting,DEC,398.9869375043392
2042,PC_Rewetting,DEE,42148.03963381371
2042,PC_Rewetting,DED,15383.480526693884
2042,PC_Rewetting,DEF,83800.78731680196
2042,PC_Rewetting,DEG,550.931831030618
2043,FM01_PSA,DE1,0.0
2043,FM01_PSA,DE2,0.0
2043,FM01_PSA,DE3,0.0
2043,FM01_PSA,DE4,0.0
2043,FM01_PSA,DE5,0.0
2043,FM01_PSA,DE6,0.0
2043,FM01_PSA,DE7,0.0
2043,FM01_PSA,DE8,0.0
2043,FM01_PSA,DE9,0.0
2043,FM01_PSA,DEA,0.0
2043,FM01_PSA,DEB,0.0
2043,FM01_PSA,DEC,0.0
2043,FM01_PSA,DEE,0.0
2043,FM01_PSA,DED,0.0
2043,FM01_PSA,DEF,0.0
2043,FM01_PSA,DEG,0.0
2043,FM02_TSA,DE1,5068584.025418503
2043,FM02_TSA,DE2,5012005.109674384
2043,FM02_TSA,DE3,1779.7163779266666
2043,FM02_TSA,DE4,319322.96321566665
2043,FM02_TSA,DE5,1275.9649441000001
2043,FM02_TSA,DE6,6556.706397523333
2043,FM02_TSA,DE7,4571801.469023764
2043,FM02_TSA,DE8,968727.8687062904
2043,FM02_TSA,DE9,2287387.6424070466
2043,FM02_TSA,DEA,2772479.5402327105
2043,FM02_TSA,DEB,3637835.4111014316
2043,FM02_TSA,DEC,423544.8935053234
2043,FM02_TSA,DEE,550568.4476674434
2043,FM02_TSA,DED,346029.37154426664
2043,FM02_TSA,DEF,639205.0052216034
2043,FM02_TSA,DEG,1749459.1854439692
2043,FM03_Beech,DE1,0.0
2043,FM03_Beech,DE2,0.0
2043,FM03_Beech,DE3,0.0
2043,FM03_Beech,DE4,0.0
2043,FM03_Beech,DE5,0.0
2043,FM03_Beech,DE6,0.0
2043,FM03_Beech,DE7,0.0
2043,FM03_Beech,DE8,0.0
2043,FM03_Beech,DE9,0.0
2043,FM03_Beech,DEA,0.0
2043,FM03_Beech,DEB,0.0
2043,FM03_Beech,DEC,0.0
2043,FM03_Beech,DEE,0.0
2043,FM03_Beech,DED,0.0
2043,FM03_Beech,DEF,0.0
2043,FM03_Beech,DEG,0.0
2043,FM04_DouglasFir,DE1,0.0
2043,FM04_DouglasFir,DE2,0.0
2043,FM04_DouglasFir,DE3,0.0
2043,FM04_DouglasFir,DE4,0.0
2043,FM04_DouglasFir,DE5,0.0
2043,FM04_DouglasFir,DE6,0.0
2043,FM04_DouglasFir,DE7,0.0
2043,FM04_DouglasFir,DE8,0.0
2043,FM04_DouglasFir,DE9,0.0
2043,FM04_DouglasFir,DEA,0.0
2043,FM04_DouglasFir,DEB,0.0
2043,FM04_DouglasFir,DEC,0.0
2043,FM04_DouglasFir,DEE,0.0
2043,FM04_DouglasFir,DED,0.0
2043,FM04_DouglasFir,DEF,0.0
2043,FM04_DouglasFir,DEG,0.0
2043,FM05_Oak,DE1,0.0
2043,FM05_Oak,DE2,0.0
2043,FM05_Oak,DE3,0.0
2043,FM05_Oak,DE4,0.0
2043,FM05_Oak,DE5,0.0
2043,FM05_Oak,DE6,0.0
2043,FM05_Oak,DE7,0.0
2043,FM05_Oak,DE8,0.0
2043,FM05_Oak,DE9,0.0
2043,FM05_Oak,DEA,0.0
2043,FM05_Oak,DEB,0.0
2043,FM05_Oak,DEC,0.0
2043,FM05_Oak,DEE,0.0
2043,FM05_Oak,DED,0.0
2043,FM05_Oak,DEF,0.0
2043,FM05_Oak,DEG,0.0
2043,FM06_ScotPine,DE1,0.0
2043,FM06_ScotPine,DE2,0.0
2043,FM06_ScotPine,DE3,0.0
2043,FM06_ScotPine,DE4,0.0
2043,FM06_ScotPine,DE5,0.0
2043,FM06_ScotPine,DE6,0.0
2043,FM06_ScotPine,DE7,0.0
2043,FM06_ScotPine,DE8,0.0
2043,FM06_ScotPine,DE9,0.0
2043,FM06_ScotPine,DEA,0.0
2043,FM06_ScotPine,DEB,0.0
2043,FM06_ScotPine,DEC,0.0
2043,FM06_ScotPine,DEE,0.0
2043,FM06_ScotPine,DED,0.0
2043,FM06_ScotPine,DEF,0.0
2043,FM06_ScotPine,DEG,0.0
2043,PC_Rewetting,DE1,190573.8892559002
2043,PC_Rewetting,DE2,113748.62425098581
2043,PC_Rewetting,DE3,349.2576948853791
2043,PC_Rewetting,DE4,128921.55758110748
2043,PC_Rewetting,DE5,3282.02975228158
2043,PC_Rewetting,DE6,1599.1560882508386
2043,PC_Rewetting,DE7,3781.828692716089
2043,PC_Rewetting,DE8,143529.0212975781
2043,PC_Rewetting,DE9,335103.9102472366
2043,PC_Rewetting,DEA,22988.244745742533
2043,PC_Rewetting,DEB,324807.2723554668
2043,PC_Rewetting,DEC,398.9869375043392
2043,PC_Rewetting,DEE,42148.03963381371
2043,PC_Rewetting,DED,15383.480526693884
2043,PC_Rewetting,DEF,83800.78731680196
2043,PC_Rewetting,DEG,550.931831030618
2044,FM01_PSA,DE1,0.0
2044,FM01_PSA,DE2,0.0
2044,FM01_PSA,DE3,0.0
2044,FM01_PSA,DE4,0.0
2044,FM01_PSA,DE5,0.0
2044,FM01_PSA,DE6,0.0
2044,FM01_PSA,DE7,0.0
2044,FM01_PSA,DE8,0.0
2044,FM01_PSA,DE9,0.0
2044,FM01_PSA,DEA,0.0
2044,FM01_PSA,DEB,0.0
2044,FM01_PSA,DEC,0.0
2044,FM01_PSA,DEE,0.0
2044,FM01_PSA,DED,0.0
2044,FM01_PSA,DEF,0.0
2044,FM01_PSA,DEG,0.0
2044,FM02_TSA,DE1,5382985.78205712
2044,FM02_TSA,DE2,5322897.304192801
2044,FM02_TSA,DE3,1890.11130336
2044,FM02_TSA,DE4,339130.4084639999
2044,FM02_TSA,DE5,1355.1124176
2044,FM02_TSA,DE6,6963.415647839999
2044,FM02_TSA,DE7,4590295.024040041
2044,FM02_TSA,DE8,1028817.5785934402
2044,FM02_TSA,DE9,2429273.16492768
2044,FM02_TSA,DEA,2873394.9433797076
2044,FM02_TSA,DEB,3652550.9471480413
2044,FM02_TSA,DEC,425258.18985972
2044,FM02_TSA,DEE,552795.5714710801
2044,FM02_TSA,DED,347429.1071328
2044,FM02_TSA,DEF,641790.6758835601
2044,FM02_TSA,DEG,1756535.9843631592
2044,FM03_Beech,DE1,0.0
2044,FM03_Beech,DE2,0.0
2044,FM03_Beech,DE3,0.0
2044,FM03_Beech,DE4,0.0
2044,FM03_Beech,DE5,0.0
2044,FM03_Beech,DE6,0.0
2044,FM03_Beech,DE7,0.0
2044,FM03_Beech,DE8,0.0
2044,FM03_Beech,DE9,0.0
2044,FM03_Beech,DEA,0.0
2044,FM03_Beech,DEB,0.0
2044,FM03_Beech,DEC,0.0
2044,FM03_Beech,DEE,0.0
2044,FM03_Beech,DED,0.0
2044,FM03_Beech,DEF,0.0
2044,FM03_Beech,DEG,0.0
2044,FM04_DouglasFir,DE1,0.0
2044,FM04_DouglasFir,DE2,0.0
2044,FM04_DouglasFir,DE3,0.0
2044,FM04_DouglasFir,DE4,0.0
2044,FM04_DouglasFir,DE5,0.0
2044,FM04_DouglasFir,DE6,0.0
2044,FM04_DouglasFir,DE7,0.0
2044,FM04_DouglasFir,DE8,0.0
2044,FM04_DouglasFir,DE9,0.0
2044,FM04_DouglasFir,DEA,0.0
2044,FM04_DouglasFir,DEB,0.0
2044,FM04_DouglasFir,DEC,0.0
2044,FM04_DouglasFir,DEE,0.0
2044,FM04_DouglasFir,DED,0.0
2044,FM04_DouglasFir,DEF,0.0
2044,FM04_DouglasFir,DEG,0.0
2044,FM05_Oak,DE1,0.0
2044,FM05_Oak,DE2,0.0
2044,FM05_Oak,DE3,0.0
2044,FM05_Oak,DE4,0.0
2044,FM05_Oak,DE5,0.0
2044,FM05_Oak,DE6,0.0
2044,FM05_Oak,DE7,0.0
2044,FM05_Oak,DE8,0.0
2044,FM05_Oak,DE9,0.0
2044,FM05_Oak,DEA,0.0
2044,FM05_Oak,DEB,0.0
2044,FM05_Oak,DEC,0.0
2044,FM05_Oak,DEE,0.0
2044,FM05_Oak,DED,0.0
2044,FM05_Oak,DEF,0.0
2044,FM05_Oak,DEG,0.0
2044,FM06_ScotPine,DE1,0.0
2044,FM06_ScotPine,DE2,0.0
2044,FM06_ScotPine,DE3,0.0
2044,FM06_ScotPine,DE4,0.0
2044,FM06_ScotPine,DE5,0.0
2044,FM06_ScotPine,DE6,0.0
2044,FM06_ScotPine,DE7,0.0
2044,FM06_ScotPine,DE8,0.0
2044,FM06_ScotPine,DE9,0.0
2044,FM06_ScotPine,DEA,0.0
2044,FM06_ScotPine,DEB,0.0
2044,FM06_ScotPine,DEC,0.0
2044,FM06_ScotPine,DEE,0.0
2044,FM06_ScotPine,DED,0.0
2044,FM06_ScotPine,DEF,0.0
2044,FM06_ScotPine,DEG,0.0
2044,PC_Rewetting,DE1,190573.8892559002
2044,PC_Rewetting,DE2,113748.62425098581
2044,PC_Rewetting,DE3,349.2576948853791
2044,PC_Rewetting,DE4,128921.55758110748
2044,PC_Rewetting,DE5,3282.02975228158
2044,PC_Rewetting,DE6,1599.1560882508386
2044,PC_Rewetting,DE7,3781.828692716089
2044,PC_Rewetting,DE8,143529.0212975781
2044,PC_Rewetting,DE9,335103.9102472366
2044,PC_Rewetting,DEA,22988.244745742533
2044,PC_Rewetting,DEB,324807.2723554668
2044,PC_Rewetting,DEC,398.9869375043392
2044,PC_Rewetting,DEE,42148.03963381371
2044,PC_Rewetting,DED,15383.480526693884
2044,PC_Rewetting,DEF,83800.78731680196
2044,PC_Rewetting,DEG,550.931831030618
2045,FM01_PSA,DE1,0.0
2045,FM01_PSA,DE2,0.0
2045,FM01_PSA,DE3,0.0
2045,FM01_PSA,DE4,0.0
2045,FM01_PSA,DE5,0.0
2045,FM01_PSA,DE6,0.0
2045,FM01_PSA,DE7,0.0
2045,FM01_PSA,DE8,0.0
2045,FM01_PSA,DE9,0.0
2045,FM01_PSA,DEA,0.0
2045,FM01_PSA,DEB,0.0
2045,FM01_PSA,DEC,0.0
2045,FM01_PSA,DEE,0.0
2045,FM01_PSA,DED,0.0
2045,FM01_PSA,DEF,0.0
2045,FM01_PSA,DEG,0.0
2045,FM02_TSA,DE1,5705832.897255834
2045,FM02_TSA,DE2,5642140.584545834
2045,FM02_TSA,DE3,2003.4716216666668
2045,FM02_TSA,DE4,359469.91491666663
2045,FM02_TSA,DE5,1436.3859250000003
2045,FM02_TSA,DE6,7381.049790833333
2045,FM02_TSA,DE7,4608788.579056318
2045,FM02_TSA,DE8,1071681.9517420102
2045,FM02_TSA,DE9,2476237.394194867
2045,FM02_TSA,DEA,3001379.121266901
2045,FM02_TSA,DEB,3667266.4831946515
2045,FM02_TSA,DEC,426971.4862141167
2045,FM02_TSA,DEE,555022.6952747167
2045,FM02_TSA,DED,348828.8427213333
2045,FM02_TSA,DEF,644376.3465455167
2045,FM02_TSA,DEG,1763612.7832823494
2045,FM03_Beech,DE1,0.0
2045,FM03_Beech,DE2,0.0
2045,FM03_Beech,DE3,0.0
2045,FM03_Beech,DE4,0.0
2045,FM03_Beech,DE5,0.0
2045,FM03_Beech,DE6,0.0
2045,FM03_Beech,DE7,0.0
2045,FM03_Beech,DE8,0.0
2045,FM03_Beech,DE9,0.0
2045,FM03_Beech,DEA,0.0
2045,FM03_Beech,DEB,0.0
2045,FM03_Beech,DEC,0.0
2045,FM03_Beech,DEE,0.0
2045,FM03_Beech,DED,0.0
2045,FM03_Beech,DEF,0.0
2045,FM03_Beech,DEG,0.0
2045,FM04_DouglasFir,DE1,0.0
2045,FM04_DouglasFir,DE2,0.0
2045,FM04_DouglasFir,DE3,0.0
2045,FM04_DouglasFir,DE4,0.0
2045,FM04_DouglasFir,DE5,0.0
2045,FM04_DouglasFir,DE6,0.0
2045,FM04_DouglasFir,DE7,0.0
2045,FM04_DouglasFir,DE8,0.0
2045,FM04_DouglasFir,DE9,0.0
2045,FM04_DouglasFir,DEA,0.0
2045,FM04_DouglasFir,DEB,0.0
2045,FM04_DouglasFir,DEC,0.0
2045,FM04_DouglasFir,DEE,0.0
2045,FM04_DouglasFir,DED,0.0
2045,FM04_DouglasFir,DEF,0.0
2045,FM04_DouglasFir,DEG,0.0
2045,FM05_Oak,DE1,0.0
2045,FM05_Oak,DE2,0.0
2045,FM05_Oak,DE3,0.0
2045,FM05_Oak,DE4,0.0
2045,FM05_Oak,DE5,0.0
2045,FM05_Oak,DE6,0.0
2045,FM05_Oak,DE7,0.0
2045,FM05_Oak,DE8,0.0
2045,FM05_Oak,DE9,0.0
2045,FM05_Oak,DEA,0.0
2045,FM05_Oak,DEB,0.0
2045,FM05_Oak,DEC,0.0
2045,FM05_Oak,DEE,0.0
2045,FM05_Oak,DED,0.0
2045,FM05_Oak,DEF,0.0
2045,FM05_Oak,DEG,0.0
2045,FM06_ScotPine,DE1,0.0
2045,FM06_ScotPine,DE2,0.0
2045,FM06_ScotPine,DE3,0.0
2045,FM06_ScotPine,DE4,0.0
2045,FM06_ScotPine,DE5,0.0
2045,FM06_ScotPine,DE6,0.0
2045,FM06_ScotPine,DE7,0.0
2045,FM06_ScotPine,DE8,0.0
2045,FM06_ScotPine,DE9,0.0
2045,FM06_ScotPine,DEA,0.0
2045,FM06_ScotPine,DEB,0.0
2045,FM06_ScotPine,DEC,0.0
2045,FM06_ScotPine,DEE,0.0
2045,FM06_ScotPine,DED,0.0
2045,FM06_ScotPine,DEF,0.0
2045,FM06_ScotPine,DEG,0.0
2045,PC_Rewetting,DE1,190573.8892559002
2045,PC_Rewetting,DE2,113748.62425098581
2045,PC_Rewetting,DE3,349.2576948853791
2045,PC_Rewetting,DE4,128921.55758110748
2045,PC_Rewetting,DE5,3282.02975228158
2045,PC_Rewetting,DE6,1599.1560882508386
2045,PC_Rewetting,DE7,3781.828692716089
2045,PC_Rewetting,DE8,143529.0212975781
2045,PC_Rewetting,DE9,335103.9102472366
2045,PC_Rewetting,DEA,22988.244745742533
2045,PC_Rewetting,DEB,324807.2723554668
2045,PC_Rewetting,DEC,398.9869375043392
2045,PC_Rewetting,DEE,42148.03963381371
2045,PC_Rewetting,DED,15383.480526693884
2045,PC_Rewetting,DEF,83800.78731680196
2045,PC_Rewetting,DEG,550.931831030618
2046,FM01_PSA,DE1,0.0
2046,FM01_PSA,DE2,0.0
2046,FM01_PSA,DE3,0.0
2046,FM01_PSA,DE4,0.0
2046,FM01_PSA,DE5,0.0
2046,FM01_PSA,DE6,0.0
2046,FM01_PSA,DE7,0.0
2046,FM01_PSA,DE8,0.0
2046,FM01_PSA,DE9,0.0
2046,FM01_PSA,DEA,0.0
2046,FM01_PSA,DEB,0.0
2046,FM01_PSA,DEC,0.0
2046,FM01_PSA,DEE,0.0
2046,FM01_PSA,DED,0.0
2046,FM01_PSA,DEF,0.0
2046,FM01_PSA,DEG,0.0
2046,FM02_TSA,DE1,5850106.047174998
2046,FM02_TSA,DE2,5664780.641801667
2046,FM02_TSA,DE3,2011.5108953333333
2046,FM02_TSA,DE4,360912.3496333333
2046,FM02_TSA,DE5,1442.14967
2046,FM02_TSA,DE6,7410.6675196666665
2046,FM02_TSA,DE7,4905518.340099161
2046,FM02_TSA,DE8,1075982.259468113
2046,FM02_TSA,DE9,2625382.3166945465
2046,FM02_TSA,DEA,3182153.5726514603
2046,FM02_TSA,DEB,3681982.0192412613
2046,FM02_TSA,DEC,428684.78256851336
2046,FM02_TSA,DEE,557249.8190783534
2046,FM02_TSA,DED,350228.57830986666
2046,FM02_TSA,DEF,646962.0172074734
2046,FM02_TSA,DEG,1770689.5822015393
2046,FM03_Beech,DE1,0.0
2046,FM03_Beech,DE2,0.0
2046,FM03_Beech,DE3,0.0
2046,FM03_Beech,DE4,0.0
2046,FM03_Beech,DE5,0.0
2046,FM03_Beech,DE6,0.0
2046,FM03_Beech,DE7,0.0
2046,FM03_Beech,DE8,0.0
2046,FM03_Beech,DE9,0.0
2046,FM03_Beech,DEA,0.0
2046,FM03_Beech,DEB,0.0
2046,FM03_Beech,DEC,0.0
2046,FM03_Beech,DEE,0.0
2046,FM03_Beech,DED,0.0
2046,FM03_Beech,DEF,0.0
2046,FM03_Beech,DEG,0.0
2046,FM04_DouglasFir,DE1,0.0
2046,FM04_DouglasFir,DE2,0.0
2046,FM04_DouglasFir,DE3,0.0
2046,FM04_DouglasFir,DE4,0.0
2046,FM04_DouglasFir,DE5,0.0
2046,FM04_DouglasFir,DE6,0.0
2046,FM04_DouglasFir,DE7,0.0
2046,FM04_DouglasFir,DE8,0.0
2046,FM04_DouglasFir,DE9,0.0
2046,FM04_DouglasFir,DEA,0.0
2046,FM04_DouglasFir,DEB,0.0
2046,FM04_DouglasFir,DEC,0.0
2046,FM04_DouglasFir,DEE,0.0
2046,FM04_DouglasFir,DED,0.0
2046,FM04_DouglasFir,DEF,0.0
2046,FM04_DouglasFir,DEG,0.0
2046,FM05_Oak,DE1,0.0
2046,FM05_Oak,DE2,0.0
2046,FM05_Oak,DE3,0.0
2046,FM05_Oak,DE4,0.0
2046,FM05_Oak,DE5,0.0
2046,FM05_Oak,DE6,0.0
2046,FM05_Oak,DE7,0.0
2046,FM05_Oak,DE8,0.0
2046,FM05_Oak,DE9,0.0
2046,FM05_Oak,DEA,0.0
2046,FM05_Oak,DEB,0.0
2046,FM05_Oak,DEC,0.0
2046,FM05_Oak,DEE,0.0
2046,FM05_Oak,DED,0.0
2046,FM05_Oak,DEF,0.0
2046,FM05_Oak,DEG,0.0
2046,FM06_ScotPine,DE1,0.0
2046,FM06_ScotPine,DE2,0.0
2046,FM06_ScotPine,DE3,0.0
2046,FM06_ScotPine,DE4,0.0
2046,FM06_ScotPine,DE5,0.0
2046,FM06_ScotPine,DE6,0.0
2046,FM06_ScotPine,DE7,0.0
2046,FM06_ScotPine,DE8,0.0
2046,FM06_ScotPine,DE9,0.0
2046,FM06_ScotPine,DEA,0.0
2046,FM06_ScotPine,DEB,0.0
2046,FM06_ScotPine,DEC,0.0
2046,FM06_ScotPine,DEE,0.0
2046,FM06_ScotPine,DED,0.0
2046,FM06_ScotPine,DEF,0.0
2046,FM06_ScotPine,DEG,0.0
2046,PC_Rewetting,DE1,190573.8892559002
2046,PC_Rewetting,DE2,113748.62425098581
2046,PC_Rewetting,DE3,349.2576948853791
2046,PC_Rewetting,DE4,128921.55758110748
2046,PC_Rewetting,DE5,3282.02975228158
2046,PC_Rewetting,DE6,1599.1560882508386
2046,PC_Rewetting,DE7,3781.828692716089
2046,PC_Rewetting,DE8,143529.0212975781
2046,PC_Rewetting,DE9,335103.9102472366
2046,PC_Rewetting,DEA,22988.244745742533
2046,PC_Rewetting,DEB,324807.2723554668
2046,PC_Rewetting,DEC,398.9869375043392
2046,PC_Rewetting,DEE,42148.03963381371
2046,PC_Rewetting,DED,15383.480526693884
2046,PC_Rewetting,DEF,83800.78731680196
2046,PC_Rewetting,DEG,550.931831030618
2047,FM01_PSA,DE1,0.0
2047,FM01_PSA,DE2,0.0
2047,FM01_PSA,DE3,0.0
2047,FM01_PSA,DE4,0.0
2047,FM01_PSA,DE5,0.0
2047,FM01_PSA,DE6,0.0
2047,FM01_PSA,DE7,0.0
2047,FM01_PSA,DE8,0.0
2047,FM01_PSA,DE9,0.0
2047,FM01_PSA,DEA,0.0
2047,FM01_PSA,DEB,0.0
2047,FM01_PSA,DEC,0.0
2047,FM01_PSA,DEE,0.0
2047,FM01_PSA,DED,0.0
2047,FM01_PSA,DEF,0.0
2047,FM01_PSA,DEG,0.0
2047,FM02_TSA,DE1,5873486.782323573
2047,FM02_TSA,DE2,5863734.979426365
2047,FM02_TSA,DE3,2130.44617828
2047,FM02_TSA,DE4,382252.135822
2047,FM02_TSA,DE5,1527.4201398
2047,FM02_TSA,DE6,7848.840556819999
2047,FM02_TSA,DE7,4925123.903511421
2047,FM02_TSA,DE8,1140645.0249713361
2047,FM02_TSA,DE9,2778404.5525617
2047,FM02_TSA,DEA,3367627.60874265
2047,FM02_TSA,DEB,3696697.555287871
2047,FM02_TSA,DEC,430398.07892291
2047,FM02_TSA,DEE,559476.94288199
2047,FM02_TSA,DED,351628.31389839994
2047,FM02_TSA,DEF,649547.68786943
2047,FM02_TSA,DEG,1777766.381120729
2047,FM03_Beech,DE1,0.0
2047,FM03_Beech,DE2,0.0
2047,FM03_Beech,DE3,0.0
2047,FM03_Beech,DE4,0.0
2047,FM03_Beech,DE5,0.0
2047,FM03_Beech,DE6,0.0
2047,FM03_Beech,DE7,0.0
2047,FM03_Beech,DE8,0.0
2047,FM03_Beech,DE9,0.0
2047,FM03_Beech,DEA,0.0
2047,FM03_Beech,DEB,0.0
2047,FM03_Beech,DEC,0.0
2047,FM03_Beech,DEE,0.0
2047,FM03_Beech,DED,0.0
2047,FM03_Beech,DEF,0.0
2047,FM03_Beech,DEG,0.0
2047,FM04_DouglasFir,DE1,0.0
2047,FM04_DouglasFir,DE2,0.0
2047,FM04_DouglasFir,DE3,0.0
2047,FM04_DouglasFir,DE4,0.0
2047,FM04_DouglasFir,DE5,0.0
2047,FM04_DouglasFir,DE6,0.0
2047,FM04_DouglasFir,DE7,0.0
2047,FM04_DouglasFir,DE8,0.0
2047,FM04_DouglasFir,DE9,0.0
2047,FM04_DouglasFir,DEA,0.0
2047,FM04_DouglasFir,DEB,0.0
2047,FM04_DouglasFir,DEC,0.0
2047,FM04_DouglasFir,DEE,0.0
2047,FM04_DouglasFir,DED,0.0
2047,FM04_DouglasFir,DEF,0.0
2047,FM04_DouglasFir,DEG,0.0
2047,FM05_Oak,DE1,0.0
2047,FM05_Oak,DE2,0.0
2047,FM05_Oak,DE3,0.0
2047,FM05_Oak,DE4,0.0
2047,FM05_Oak,DE5,0.0
2047,FM05_Oak,DE6,0.0
2047,FM05_Oak,DE7,0.0
2047,FM05_Oak,DE8,0.0
2047,FM05_Oak,DE9,0.0
2047,FM05_Oak,DEA,0.0
2047,FM05_Oak,DEB,0.0
2047,FM05_Oak,DEC,0.0
2047,FM05_Oak,DEE,0.0
2047,FM05_Oak,DED,0.0
2047,FM05_Oak,DEF,0.0
2047,FM05_Oak,DEG,0.0
2047,FM06_ScotPine,DE1,0.0
2047,FM06_ScotPine,DE2,0.0
2047,FM06_ScotPine,DE3,0.0
2047,FM06_ScotPine,DE4,0.0
2047,FM06_ScotPine,DE5,0.0
2047,FM06_ScotPine,DE6,0.0
2047,FM06_ScotPine,DE7,0.0
2047,FM06_ScotPine,DE8,0.0
2047,FM06_ScotPine,DE9,0.0
2047,FM06_ScotPine,DEA,0.0
2047,FM06_ScotPine,DEB,0.0
2047,FM06_ScotPine,DEC,0.0
2047,FM06_ScotPine,DEE,0.0
2047,FM06_ScotPine,DED,0.0
2047,FM06_ScotPine,DEF,0.0
2047,FM06_ScotPine,DEG,0.0
2047,PC_Rewetting,DE1,190573.8892559002
2047,PC_Rewetting,DE2,113748.62425098581
2047,PC_Rewetting,DE3,349.2576948853791
2047,PC_Rewetting,DE4,128921.55758110748
2047,PC_Rewetting,DE5,3282.02975228158
2047,PC_Rewetting,DE6,1599.1560882508386
2047,PC_Rewetting,DE7,3781.828692716089
2047,PC_Rewetting,DE8,143529.0212975781
2047,PC_Rewetting,DE9,335103.9102472366
2047,PC_Rewetting,DEA,22988.244745742533
2047,PC_Rewetting,DEB,324807.2723554668
2047,PC_Rewetting,DEC,398.9869375043392
2047,PC_Rewetting,DEE,42148.03963381371
2047,PC_Rewetting,DED,15383.480526693884
2047,PC_Rewetting,DEF,83800.78731680196
2047,PC_Rewetting,DEG,550.931831030618
2048,FM01_PSA,DE1,0.0
2048,FM01_PSA,DE2,0.0
2048,FM01_PSA,DE3,0.0
2048,FM01_PSA,DE4,0.0
2048,FM01_PSA,DE5,0.0
2048,FM01_PSA,DE6,0.0
2048,FM01_PSA,DE7,0.0
2048,FM01_PSA,DE8,0.0
2048,FM01_PSA,DE9,0.0
2048,FM01_PSA,DEA,0.0
2048,FM01_PSA,DEB,0.0
2048,FM01_PSA,DEC,0.0
2048,FM01_PSA,DEE,0.0
2048,FM01_PSA,DED,0.0
2048,FM01_PSA,DEF,0.0
2048,FM01_PSA,DEG,0.0
2048,FM02_TSA,DE1,6220103.951136761
2048,FM02_TSA,DE2,6206705.148316754
2048,FM02_TSA,DE3,2252.4239169599996
2048,FM02_TSA,DE4,404137.810104
2048,FM02_TSA,DE5,1614.8718936000002
2048,FM02_TSA,DE6,8298.22239624
2048,FM02_TSA,DE7,4944729.466923681
2048,FM02_TSA,DE8,1206963.8474141592
2048,FM02_TSA,DE9,2935337.1169133866
2048,FM02_TSA,DEA,3557841.24625424
2048,FM02_TSA,DEB,3943407.0641376013
2048,FM02_TSA,DEC,459121.9052768
2048,FM02_TSA,DEE,596815.2102752001
2048,FM02_TSA,DED,375095.21843199997
2048,FM02_TSA,DEF,692897.0797664002
2048,FM02_TSA,DEG,1896410.6207903991
2048,FM03_Beech,DE1,0.0
2048,FM03_Beech,DE2,0.0
2048,FM03_Beech,DE3,0.0
2048,FM03_Beech,DE4,0.0
2048,FM03_Beech,DE5,0.0
2048,FM03_Beech,DE6,0.0
2048,FM03_Beech,DE7,0.0
2048,FM03_Beech,DE8,0.0
2048,FM03_Beech,DE9,0.0
2048,FM03_Beech,DEA,0.0
2048,FM03_Beech,DEB,0.0
2048,FM03_Beech,DEC,0.0
2048,FM03_Beech,DEE,0.0
2048,FM03_Beech,DED,0.0
2048,FM03_Beech,DEF,0.0
2048,FM03_Beech,DEG,0.0
2048,FM04_DouglasFir,DE1,0.0
2048,FM04_DouglasFir,DE2,0.0
2048,FM04_DouglasFir,DE3,0.0
2048,FM04_DouglasFir,DE4,0.0
2048,FM04_DouglasFir,DE5,0.0
2048,FM04_DouglasFir,DE6,0.0
2048,FM04_DouglasFir,DE7,0.0
2048,FM04_DouglasFir,DE8,0.0
2048,FM04_DouglasFir,DE9,0.0
2048,FM04_DouglasFir,DEA,0.0
2048,FM04_DouglasFir,DEB,0.0
2048,FM04_DouglasFir,DEC,0.0
2048,FM04_DouglasFir,DEE,0.0
2048,FM04_DouglasFir,DED,0.0
2048,FM04_DouglasFir,DEF,0.0
2048,FM04_DouglasFir,DEG,0.0
2048,FM05_Oak,DE1,0.0
2048,FM05_Oak,DE2,0.0
2048,FM05_Oak,DE3,0.0
2048,FM05_Oak,DE4,0.0
2048,FM05_Oak,DE5,0.0
2048,FM05_Oak,DE6,0.0
2048,FM05_Oak,DE7,0.0
2048,FM05_Oak,DE8,0.0
2048,FM05_Oak,DE9,0.0
2048,FM05_Oak,DEA,0.0
2048,FM05_Oak,DEB,0.0
2048,FM05_Oak,DEC,0.0
2048,FM05_Oak,DEE,0.0
2048,FM05_Oak,DED,0.0
2048,FM05_Oak,DEF,0.0
2048,FM05_Oak,DEG,0.0
2048,FM06_ScotPine,DE1,0.0
2048,FM06_ScotPine,DE2,0.0
2048,FM06_ScotPine,DE3,0.0
2048,FM06_ScotPine,DE4,0.0
2048,FM06_ScotPine,DE5,0.0
2048,FM06_ScotPine,DE6,0.0
2048,FM06_ScotPine,DE7,0.0
2048,FM06_ScotPine,DE8,0.0
2048,FM06_ScotPine,DE9,0.0
2048,FM06_ScotPine,DEA,0.0
2048,FM06_ScotPine,DEB,0.0
2048,FM06_ScotPine,DEC,0.0
2048,FM06_ScotPine,DEE,0.0
2048,FM06_ScotPine,DED,0.0
2048,FM06_ScotPine,DEF,0.0
2048,FM06_ScotPine,DEG,0.0
2048,PC_Rewetting,DE1,190573.8892559002
2048,PC_Rewetting,DE2,113748.62425098581
2048,PC_Rewetting,DE3,349.2576948853791
2048,PC_Rewetting,DE4,128921.55758110748
2048,PC_Rewetting,DE5,3282.02975228158
2048,PC_Rewetting,DE6,1599.1560882508386
2048,PC_Rewetting,DE7,3781.828692716089
2048,PC_Rewetting,DE8,143529.0212975781
2048,PC_Rewetting,DE9,335103.9102472366
2048,PC_Rewetting,DEA,22988.244745742533
2048,PC_Rewetting,DEB,324807.2723554668
2048,PC_Rewetting,DEC,398.9869375043392
2048,PC_Rewetting,DEE,42148.03963381371
2048,PC_Rewetting,DED,15383.480526693884
2048,PC_Rewetting,DEF,83800.78731680196
2048,PC_Rewetting,DEG,550.931831030618
2049,FM01_PSA,DE1,0.0
2049,FM01_PSA,DE2,327001.3955195671
2049,FM01_PSA,DE3,0.0
2049,FM01_PSA,DE4,20833.788535333355
2049,FM01_PSA,DE5,83.24858180000008
2049,FM01_PSA,DE6,427.78331128666736
2049,FM01_PSA,DE7,298280.9130668072
2049,FM01_PSA,DE8,63203.32043041994
2049,FM01_PSA,DE9,149237.46779857323
2049,FM01_PSA,DEA,0.0
2049,FM01_PSA,DEB,0.0
2049,FM01_PSA,DEC,27633.60535568667
2049,FM01_PSA,DEE,0.0
2049,FM01_PSA,DED,0.0
2049,FM01_PSA,DEF,0.0
2049,FM01_PSA,DEG,0.0
2049,FM02_TSA,DE1,6575459.109093207
2049,FM02_TSA,DE2,6231314.371567593
2049,FM02_TSA,DE3,2377.469798993333
2049,FM02_TSA,DE4,405740.192907
2049,FM02_TSA,DE5,1621.2747663000005
2049,FM02_TSA,DE6,8331.12436317
2049,FM02_TSA,DE7,4964335.030335941
2049,FM02_TSA,DE8,1211749.3885453925
2049,FM02_TSA,DE9,2946975.5570680937
2049,FM02_TSA,DEA,3752834.5019000005
2049,FM02_TSA,DEB,4196388.0220089415
2049,FM02_TSA,DEC,460942.29680440004
2049,FM02_TSA,DEE,635102.6305470468
2049,FM02_TSA,DED,399158.66055413336
2049,FM02_TSA,DEF,737348.4296003268
2049,FM02_TSA,DEG,2018070.8419042593
2049,FM03_Beech,DE1,911.0474734035541
2049,FM03_Beech,DE2,900.8777538175526
2049,FM03_Beech,DE3,0.3198933077470563
2049,FM03_Beech,DE4,57.39638079953675
2049,FM03_Beech,DE5,0.2293470193340299
2049,FM03_Beech,DE6,1.178528513556473
2049,FM03_Beech,DE7,821.7537987668758
2049,FM03_Beech,DE8,174.1230041318304
2049,FM03_Beech,DE9,411.14416212867013
2049,FM03_Beech,DEA,498.3365112475378
2049,FM03_Beech,DEB,653.8790209102408
2049,FM03_Beech,DEC,76.12964551162625
2049,FM03_Beech,DEE,98.96136488370153
2049,FM03_Beech,DED,62.19669696465067
2049,FM03_Beech,DEF,114.89325264682068
2049,FM03_Beech,DEG,314.4547595005626
2049,FM04_DouglasFir,DE1,147.64563075959657
2049,FM04_DouglasFir,DE2,94.65068957178659
2049,FM04_DouglasFir,DE3,0.032429256304169964
2049,FM04_DouglasFir,DE4,14.382963735383557
2049,FM04_DouglasFir,DE5,0.04911602959191597
2049,FM04_DouglasFir,DE6,0.23604669686417767
2049,FM04_DouglasFir,DE7,98.51767465219896
2049,FM04_DouglasFir,DE8,29.313680505549755
2049,FM04_DouglasFir,DE9,79.60280319507746
2049,FM04_DouglasFir,DEA,61.41680740806805
2049,FM04_DouglasFir,DEB,186.76906428103396
2049,FM04_DouglasFir,DEC,19.46254687900513
2049,FM04_DouglasFir,DEE,6.4477303919355515
2049,FM04_DouglasFir,DED,7.658323455253604
2049,FM04_DouglasFir,DEF,10.706673547845579
2049,FM04_DouglasFir,DEG,15.921147909951353
2049,FM05_Oak,DE1,150.01276825436193
2049,FM05_Oak,DE2,220.5003710606171
2049,FM05_Oak,DE3,5.922060377803055
2049,FM05_Oak,DE4,152.65826787989394
2049,FM05_Oak,DE5,0.294618193120615
2049,FM05_Oak,DE6,1.282118902032651
2049,FM05_Oak,DE7,152.59351618141972
2049,FM05_Oak,DE8,93.26055674305739
2049,FM05_Oak,DE9,228.24291329923156
2049,FM05_Oak,DEA,249.91565814435955
2049,FM05_Oak,DEB,201.37116192613897
2049,FM05_Oak,DEC,36.63798429117454
2049,FM05_Oak,DEE,114.20320685598611
2049,FM05_Oak,DED,104.40467270302734
2049,FM05_Oak,DEF,41.15265503916138
2049,FM05_Oak,DEG,70.38534043393196
2049,FM06_ScotPine,DE1,43.56593863862219
2049,FM06_ScotPine,DE2,710.5698241234435
2049,FM06_ScotPine,DE3,20.92236495828706
2049,FM06_ScotPine,DE4,2065.2521705219674
2049,FM06_ScotPine,DE5,0.2136504723640753
2049,FM06_ScotPine,DE6,1.0552291422582367
2049,FM06_ScotPine,DE7,126.31405550881075
2049,FM06_ScotPine,DE8,543.1991310588046
2049,FM06_ScotPine,DE9,793.1585539361101
2049,FM06_ScotPine,DEA,113.43947750821661
2049,FM06_ScotPine,DEB,124.86148418616688
2049,FM06_ScotPine,DEC,3.4221858993031096
2049,FM06_ScotPine,DEE,572.1066321777963
2049,FM06_ScotPine,DED,379.4258746258482
2049,FM06_ScotPine,DEF,17.15602842351777
2049,FM06_ScotPine,DEG,153.8188004598212
2049,PC_Rewetting,DE1,198079.84495478412
2049,PC_Rewetting,DE2,149049.92143232626
2049,PC_Rewetting,DE3,457.6480139877381
2049,PC_Rewetting,DE4,168931.69614076152
2049,PC_Rewetting,DE5,4300.590709886208
2049,PC_Rewetting,DE6,2095.445908742478
2049,PC_Rewetting,DE7,4955.4996663176335
2049,PC_Rewetting,DE8,188072.51066579198
2049,PC_Rewetting,DE9,439101.67549637903
2049,PC_Rewetting,DEA,30122.527597869528
2049,PC_Rewetting,DEB,325798.91853597265
2049,PC_Rewetting,DEC,522.8104698332721
2049,PC_Rewetting,DEE,55228.46572706624
2049,PC_Rewetting,DED,20157.66413842647
2049,PC_Rewetting,DEF,108849.88807470727
2049,PC_Rewetting,DEG,721.9106751435684
2050,FM01_PSA,DE1,0.0
2050,FM01_PSA,DE2,328292.81653700036
2050,FM01_PSA,DE3,0.0
2050,FM01_PSA,DE4,20916.067060000023
2050,FM01_PSA,DE5,83.57735400000007
2050,FM01_PSA,DE6,429.47274860000067
2050,FM01_PSA,DE7,299458.90877420054
2050,FM01_PSA,DE8,63452.928222599934
2050,FM01_PSA,DE9,149826.8487771999
2050,FM01_PSA,DEA,0.0
2050,FM01_PSA,DEB,0.0
2050,FM01_PSA,DEC,27742.7382806
2050,FM01_PSA,DEE,0.0
2050,FM01_PSA,DED,0.0
2050,FM01_PSA,DEF,0.0
2050,FM01_PSA,DEG,0.0
2050,FM02_TSA,DE1,6601427.457268798
2050,FM02_TSA,DE2,6255923.594818432
2050,FM02_TSA,DE3,2386.8590997999995
2050,FM02_TSA,DE4,407342.57571
2050,FM02_TSA,DE5,1627.6776390000002
2050,FM02_TSA,DE6,8364.0263301
2050,FM02_TSA,DE7,4983940.593748201
2050,FM02_TSA,DE8,1216534.9296766254
2050,FM02_TSA,DE9,2958613.9972228003
2050,FM02_TSA,DEA,3767655.507
2050,FM02_TSA,DEB,4212960.745438201
2050,FM02_TSA,DEC,462762.688332
2050,FM02_TSA,DEE,637610.8305014
2050,FM02_TSA,DED,400735.051024
2050,FM02_TSA,DEF,740260.4271398002
2050,FM02_TSA,DEG,2026040.774557799
2050,FM03_Beech,DE1,1848.2315546506532
2050,FM03_Beech,DE2,1827.6003612282318
2050,FM03_Beech,DE3,0.648963882519643
2050,FM03_Beech,DE4,116.43937908102743
2050,FM03_Beech,DE5,0.465273666271905
2050,FM03_Beech,DE6,2.3908672713543204
2050,FM03_Beech,DE7,1667.082501596736
2050,FM03_Beech,DE8,353.2413403494101
2050,FM03_Beech,DE9,834.083443662671
2050,FM03_Beech,DEA,1010.9695617521771
2050,FM03_Beech,DEB,1326.5168661908574
2050,FM03_Beech,DEC,154.44333823055325
2050,FM03_Beech,DEE,200.76178531734533
2050,FM03_Beech,DED,126.1777253995987
2050,FM03_Beech,DEF,233.0826231974436
2050,FM03_Beech,DEG,637.9307621015513
2050,FM04_DouglasFir,DE1,296.4698879851893
2050,FM04_DouglasFir,DE2,190.05695726112504
2050,FM04_DouglasFir,DE3,0.06511738907868331
2050,FM04_DouglasFir,DE4,28.880743883760655
2050,FM04_DouglasFir,DE5,0.09862414293249323
2050,FM04_DouglasFir,DE6,0.4739777087785453
2050,FM04_DouglasFir,DE7,197.8217968146703
2050,FM04_DouglasFir,DE8,58.86136644344347
2050,FM04_DouglasFir,DE9,159.84106014608736
2050,FM04_DouglasFir,DEA,123.32389329099327
2050,FM04_DouglasFir,DEB,375.02906981822605
2050,FM04_DouglasFir,DEC,39.080459499138335
2050,FM04_DouglasFir,DEE,12.94693176642877
2050,FM04_DouglasFir,DED,15.377781822953198
2050,FM04_DouglasFir,DEF,21.49881639634943
2050,FM04_DouglasFir,DEG,31.969391259159302
2050,FM05_Oak,DE1,308.123658297307
2050,FM05_Oak,DE2,452.903987958608
2050,FM05_Oak,DE3,12.16381065091872
2050,FM05_Oak,DE4,313.5574692463918
2050,FM05_Oak,DE5,0.6051407258303614
2050,FM05_Oak,DE6,2.633450279356071
2050,FM05_Oak,DE7,313.4244703660498
2050,FM05_Oak,DE8,191.55558725367948
2050,FM05_Oak,DE9,468.8070371913118
2050,FM05_Oak,DEA,513.3224841411468
2050,FM05_Oak,DEB,413.6129198219577
2050,FM05_Oak,DEC,75.25379261913403
2050,FM05_Oak,DEE,234.57143212026116
2050,FM05_Oak,DED,214.44541068692916
2050,FM05_Oak,DEF,84.52684906002867
2050,FM05_Oak,DEG,144.57028449892545
2050,FM06_ScotPine,DE1,88.13801904718947
2050,FM06_ScotPine,DE2,1437.5500367947723
2050,FM06_ScotPine,DE3,42.32792541214657
2050,FM06_ScotPine,DE4,4178.2006960213475
2050,FM06_ScotPine,DE5,0.4322351357758198
2050,FM06_ScotPine,DE6,2.134828472559389
2050,FM06_ScotPine,DE7,255.5452947476171
2050,FM06_ScotPine,DE8,1098.9432766917155
2050,FM06_ScotPine,DE9,1604.6348573857563
2050,FM06_ScotPine,DEA,229.49880438151905
2050,FM06_ScotPine,DEB,252.60660542051312
2050,FM06_ScotPine,DEC,6.923406114987353
2050,FM06_ScotPine,DEE,1157.4258886553107
2050,FM06_ScotPine,DED,767.6144715294297
2050,FM06_ScotPine,DEF,34.70826997459947
2050,FM06_ScotPine,DEG,311.18999815889924
2050,PC_Rewetting,DE1,205842.4145237153
2050,PC_Rewetting,DE2,185558.10056858428
2050,PC_Rewetting,DE3,569.7439850252206
2050,PC_Rewetting,DE4,168931.69614076152
2050,PC_Rewetting,DE5,5353.9742643320205
2050,PC_Rewetting,DE6,2608.702902584259
2050,PC_Rewetting,DE7,4955.4996663176335
2050,PC_Rewetting,DE8,188072.51066579198
2050,PC_Rewetting,DE9,439101.67549637903
2050,PC_Rewetting,DEA,37500.71755605214
2050,PC_Rewetting,DEB,326824.4671500001
2050,PC_Rewetting,DEC,522.8104698332721
2050,PC_Rewetting,DEE,68756.08587478894
2050,PC_Rewetting,DED,25095.06770269692
2050,PC_Rewetting,DEF,134755.36834570332
2050,PC_Rewetting,DEG,898.7349498244829
