year,techAgri,r,costTechAgri
2020,Agri01_AGC,DE1,0.0
2020,Agri01_AGC,DE2,0.0
2020,Agri01_AGC,DE3,0.0
2020,Agri01_AGC,DE4,0.0
2020,Agri01_AGC,DE5,0.0
2020,Agri01_AGC,DE6,0.0
2020,Agri01_AGC,DE7,0.0
2020,Agri01_AGC,DE8,0.0
2020,Agri01_AGC,DE9,0.0
2020,Agri01_AGC,DEA,0.0
2020,Agri01_AGC,DEB,0.0
2020,Agri01_AGC,DEC,0.0
2020,Agri01_AGC,DEE,0.0
2020,Agri01_AGC,DED,0.0
2020,Agri01_AGC,DEF,0.0
2020,Agri01_AGC,DEG,0.0
2020,Agri02_OFC,DE1,0.0
2020,Agri02_OFC,DE2,0.0
2020,Agri02_OFC,DE3,0.0
2020,Agri02_OFC,DE4,0.0
2020,Agri02_OFC,DE5,0.0
2020,Agri02_OFC,DE6,0.0
2020,Agri02_OFC,DE7,0.0
2020,Agri02_OFC,DE8,0.0
2020,Agri02_OFC,DE9,0.0
2020,Agri02_OFC,DEA,0.0
2020,Agri02_OFC,DEB,0.0
2020,Agri02_OFC,DEC,0.0
2020,Agri02_OFC,DEE,0.0
2020,Agri02_OFC,DED,0.0
2020,Agri02_OFC,DEF,0.0
2020,Agri02_OFC,DEG,0.0
2020,Agri03_No-till,DE1,0.0
2020,Agri03_No-till,DE2,0.0
2020,Agri03_No-till,DE3,0.0
2020,Agri03_No-till,DE4,0.0
2020,Agri03_No-till,DE5,0.0
2020,Agri03_No-till,DE6,0.0
2020,Agri03_No-till,DE7,0.0
2020,Agri03_No-till,DE8,0.0
2020,Agri03_No-till,DE9,0.0
2020,Agri03_No-till,DEA,0.0
2020,Agri03_No-till,DEB,0.0
2020,Agri03_No-till,DEC,0.0
2020,Agri03_No-till,DEE,0.0
2020,Agri03_No-till,DED,0.0
2020,Agri03_No-till,DEF,0.0
2020,Agri03_No-till,DEG,0.0
2020,Agri04_toGrassland,DE1,0.0
2020,Agri04_toGrassland,DE2,0.0
2020,Agri04_toGrassland,DE3,0.0
2020,Agri04_toGrassland,DE4,0.0
2020,Agri04_toGrassland,DE5,0.0
2020,Agri04_toGrassland,DE6,0.0
2020,Agri04_toGrassland,DE7,0.0
2020,Agri04_toGrassland,DE8,0.0
2020,Agri04_toGrassland,DE9,0.0
2020,Agri04_toGrassland,DEA,0.0
2020,Agri04_toGrassland,DEB,0.0
2020,Agri04_toGrassland,DEC,0.0
2020,Agri04_toGrassland,DEE,0.0
2020,Agri04_toGrassland,DED,0.0
2020,Agri04_toGrassland,DEF,0.0
2020,Agri04_toGrassland,DEG,0.0
2020,Agri05_Agroforestry,DE1,0.0
2020,Agri05_Agroforestry,DE2,0.0
2020,Agri05_Agroforestry,DE3,0.0
2020,Agri05_Agroforestry,DE4,0.0
2020,Agri05_Agroforestry,DE5,0.0
2020,Agri05_Agroforestry,DE6,0.0
2020,Agri05_Agroforestry,DE7,0.0
2020,Agri05_Agroforestry,DE8,0.0
2020,Agri05_Agroforestry,DE9,0.0
2020,Agri05_Agroforestry,DEA,0.0
2020,Agri05_Agroforestry,DEB,0.0
2020,Agri05_Agroforestry,DEC,0.0
2020,Agri05_Agroforestry,DEE,0.0
2020,Agri05_Agroforestry,DED,0.0
2020,Agri05_Agroforestry,DEF,0.0
2020,Agri05_Agroforestry,DEG,0.0
2020,Agri06_Biochar,DE1,0.0
2020,Agri06_Biochar,DE2,0.0
2020,Agri06_Biochar,DE3,0.0
2020,Agri06_Biochar,DE4,0.0
2020,Agri06_Biochar,DE5,0.0
2020,Agri06_Biochar,DE6,0.0
2020,Agri06_Biochar,DE7,0.0
2020,Agri06_Biochar,DE8,0.0
2020,Agri06_Biochar,DE9,0.0
2020,Agri06_Biochar,DEA,0.0
2020,Agri06_Biochar,DEB,0.0
2020,Agri06_Biochar,DEC,0.0
2020,Agri06_Biochar,DEE,0.0
2020,Agri06_Biochar,DED,0.0
2020,Agri06_Biochar,DEF,0.0
2020,Agri06_Biochar,DEG,0.0
2021,Agri01_AGC,DE1,0.0
2021,Agri01_AGC,DE2,0.0
2021,Agri01_AGC,DE3,0.0
2021,Agri01_AGC,DE4,0.0
2021,Agri01_AGC,DE5,0.0
2021,Agri01_AGC,DE6,0.0
2021,Agri01_AGC,DE7,0.0
2021,Agri01_AGC,DE8,0.0
2021,Agri01_AGC,DE9,0.0
2021,Agri01_AGC,DEA,0.0
2021,Agri01_AGC,DEB,0.0
2021,Agri01_AGC,DEC,0.0
2021,Agri01_AGC,DEE,0.0
2021,Agri01_AGC,DED,0.0
2021,Agri01_AGC,DEF,0.0
2021,Agri01_AGC,DEG,0.0
2021,Agri02_OFC,DE1,0.0
2021,Agri02_OFC,DE2,0.0
2021,Agri02_OFC,DE3,0.0
2021,Agri02_OFC,DE4,0.0
2021,Agri02_OFC,DE5,0.0
2021,Agri02_OFC,DE6,0.0
2021,Agri02_OFC,DE7,0.0
2021,Agri02_OFC,DE8,0.0
2021,Agri02_OFC,DE9,0.0
2021,Agri02_OFC,DEA,0.0
2021,Agri02_OFC,DEB,0.0
2021,Agri02_OFC,DEC,0.0
2021,Agri02_OFC,DEE,0.0
2021,Agri02_OFC,DED,0.0
2021,Agri02_OFC,DEF,0.0
2021,Agri02_OFC,DEG,0.0
2021,Agri03_No-till,DE1,0.0
2021,Agri03_No-till,DE2,0.0
2021,Agri03_No-till,DE3,0.0
2021,Agri03_No-till,DE4,0.0
2021,Agri03_No-till,DE5,0.0
2021,Agri03_No-till,DE6,0.0
2021,Agri03_No-till,DE7,0.0
2021,Agri03_No-till,DE8,0.0
2021,Agri03_No-till,DE9,0.0
2021,Agri03_No-till,DEA,0.0
2021,Agri03_No-till,DEB,0.0
2021,Agri03_No-till,DEC,0.0
2021,Agri03_No-till,DEE,0.0
2021,Agri03_No-till,DED,0.0
2021,Agri03_No-till,DEF,0.0
2021,Agri03_No-till,DEG,0.0
2021,Agri04_toGrassland,DE1,0.0
2021,Agri04_toGrassland,DE2,0.0
2021,Agri04_toGrassland,DE3,0.0
2021,Agri04_toGrassland,DE4,0.0
2021,Agri04_toGrassland,DE5,0.0
2021,Agri04_toGrassland,DE6,0.0
2021,Agri04_toGrassland,DE7,0.0
2021,Agri04_toGrassland,DE8,0.0
2021,Agri04_toGrassland,DE9,0.0
2021,Agri04_toGrassland,DEA,0.0
2021,Agri04_toGrassland,DEB,0.0
2021,Agri04_toGrassland,DEC,0.0
2021,Agri04_toGrassland,DEE,0.0
2021,Agri04_toGrassland,DED,0.0
2021,Agri04_toGrassland,DEF,0.0
2021,Agri04_toGrassland,DEG,0.0
2021,Agri05_Agroforestry,DE1,86734.2226734532
2021,Agri05_Agroforestry,DE2,189114.31484106046
2021,Agri05_Agroforestry,DE3,176.5989671538551
2021,Agri05_Agroforestry,DE4,74784.19126574727
2021,Agri05_Agroforestry,DE5,567.7831540069177
2021,Agri05_Agroforestry,DE6,932.6072750752098
2021,Agri05_Agroforestry,DE7,48774.308285586194
2021,Agri05_Agroforestry,DE8,82505.24228823186
2021,Agri05_Agroforestry,DE9,156158.14100746214
2021,Agri05_Agroforestry,DEA,90625.95381859026
2021,Agri05_Agroforestry,DEB,45093.033193427276
2021,Agri05_Agroforestry,DEC,4794.820820782868
2021,Agri05_Agroforestry,DEE,69161.12280616254
2021,Agri05_Agroforestry,DED,51465.62619973901
2021,Agri05_Agroforestry,DEF,59634.425899475675
2021,Agri05_Agroforestry,DEG,47675.17219315596
2021,Agri06_Biochar,DE1,0.0
2021,Agri06_Biochar,DE2,0.0
2021,Agri06_Biochar,DE3,0.0
2021,Agri06_Biochar,DE4,0.0
2021,Agri06_Biochar,DE5,0.0
2021,Agri06_Biochar,DE6,0.0
2021,Agri06_Biochar,DE7,0.0
2021,Agri06_Biochar,DE8,0.0
2021,Agri06_Biochar,DE9,0.0
2021,Agri06_Biochar,DEA,0.0
2021,Agri06_Biochar,DEB,0.0
2021,Agri06_Biochar,DEC,0.0
2021,Agri06_Biochar,DEE,0.0
2021,Agri06_Biochar,DED,0.0
2021,Agri06_Biochar,DEF,0.0
2021,Agri06_Biochar,DEG,0.0
2022,Agri01_AGC,DE1,0.0
2022,Agri01_AGC,DE2,0.0
2022,Agri01_AGC,DE3,0.0
2022,Agri01_AGC,DE4,0.0
2022,Agri01_AGC,DE5,0.0
2022,Agri01_AGC,DE6,0.0
2022,Agri01_AGC,DE7,0.0
2022,Agri01_AGC,DE8,0.0
2022,Agri01_AGC,DE9,0.0
2022,Agri01_AGC,DEA,0.0
2022,Agri01_AGC,DEB,0.0
2022,Agri01_AGC,DEC,0.0
2022,Agri01_AGC,DEE,0.0
2022,Agri01_AGC,DED,0.0
2022,Agri01_AGC,DEF,0.0
2022,Agri01_AGC,DEG,0.0
2022,Agri02_OFC,DE1,0.0
2022,Agri02_OFC,DE2,0.0
2022,Agri02_OFC,DE3,0.0
2022,Agri02_OFC,DE4,0.0
2022,Agri02_OFC,DE5,0.0
2022,Agri02_OFC,DE6,0.0
2022,Agri02_OFC,DE7,0.0
2022,Agri02_OFC,DE8,0.0
2022,Agri02_OFC,DE9,0.0
2022,Agri02_OFC,DEA,0.0
2022,Agri02_OFC,DEB,0.0
2022,Agri02_OFC,DEC,0.0
2022,Agri02_OFC,DEE,0.0
2022,Agri02_OFC,DED,0.0
2022,Agri02_OFC,DEF,0.0
2022,Agri02_OFC,DEG,0.0
2022,Agri03_No-till,DE1,0.0
2022,Agri03_No-till,DE2,0.0
2022,Agri03_No-till,DE3,0.0
2022,Agri03_No-till,DE4,0.0
2022,Agri03_No-till,DE5,0.0
2022,Agri03_No-till,DE6,0.0
2022,Agri03_No-till,DE7,0.0
2022,Agri03_No-till,DE8,0.0
2022,Agri03_No-till,DE9,0.0
2022,Agri03_No-till,DEA,0.0
2022,Agri03_No-till,DEB,0.0
2022,Agri03_No-till,DEC,0.0
2022,Agri03_No-till,DEE,0.0
2022,Agri03_No-till,DED,0.0
2022,Agri03_No-till,DEF,0.0
2022,Agri03_No-till,DEG,0.0
2022,Agri04_toGrassland,DE1,0.0
2022,Agri04_toGrassland,DE2,0.0
2022,Agri04_toGrassland,DE3,0.0
2022,Agri04_toGrassland,DE4,0.0
2022,Agri04_toGrassland,DE5,0.0
2022,Agri04_toGrassland,DE6,0.0
2022,Agri04_toGrassland,DE7,0.0
2022,Agri04_toGrassland,DE8,0.0
2022,Agri04_toGrassland,DE9,0.0
2022,Agri04_toGrassland,DEA,0.0
2022,Agri04_toGrassland,DEB,0.0
2022,Agri04_toGrassland,DEC,0.0
2022,Agri04_toGrassland,DEE,0.0
2022,Agri04_toGrassland,DED,0.0
2022,Agri04_toGrassland,DEF,0.0
2022,Agri04_toGrassland,DEG,0.0
2022,Agri05_Agroforestry,DE1,217844.1612760621
2022,Agri05_Agroforestry,DE2,429587.80633000674
2022,Agri05_Agroforestry,DE3,17403.068862772416
2022,Agri05_Agroforestry,DE4,195776.54681815108
2022,Agri05_Agroforestry,DE5,18881.520486814017
2022,Agri05_Agroforestry,DE6,3582.505689738084
2022,Agri05_Agroforestry,DE7,106532.75503254603
2022,Agri05_Agroforestry,DE8,208668.42667748814
2022,Agri05_Agroforestry,DE9,360998.1708045716
2022,Agri05_Agroforestry,DEA,225463.77256421247
2022,Agri05_Agroforestry,DEB,119614.27196997828
2022,Agri05_Agroforestry,DEC,35944.15087036967
2022,Agri05_Agroforestry,DEE,170011.62981649712
2022,Agri05_Agroforestry,DED,133048.13043329187
2022,Agri05_Agroforestry,DEF,123350.0869189513
2022,Agri05_Agroforestry,DEG,98615.82542057923
2022,Agri06_Biochar,DE1,0.0
2022,Agri06_Biochar,DE2,0.0
2022,Agri06_Biochar,DE3,0.0
2022,Agri06_Biochar,DE4,0.0
2022,Agri06_Biochar,DE5,0.0
2022,Agri06_Biochar,DE6,0.0
2022,Agri06_Biochar,DE7,0.0
2022,Agri06_Biochar,DE8,0.0
2022,Agri06_Biochar,DE9,0.0
2022,Agri06_Biochar,DEA,0.0
2022,Agri06_Biochar,DEB,0.0
2022,Agri06_Biochar,DEC,0.0
2022,Agri06_Biochar,DEE,0.0
2022,Agri06_Biochar,DED,0.0
2022,Agri06_Biochar,DEF,0.0
2022,Agri06_Biochar,DEG,0.0
2023,Agri01_AGC,DE1,1148779.9274113711
2023,Agri01_AGC,DE2,2329549.8589422726
2023,Agri01_AGC,DE3,0.0
2023,Agri01_AGC,DE4,0.0
2023,Agri01_AGC,DE5,0.0
2023,Agri01_AGC,DE6,0.0
2023,Agri01_AGC,DE7,584361.0190025803
2023,Agri01_AGC,DE8,972665.4715533941
2023,Agri01_AGC,DE9,952570.605983082
2023,Agri01_AGC,DEA,0.0
2023,Agri01_AGC,DEB,0.0
2023,Agri01_AGC,DEC,0.0
2023,Agri01_AGC,DEE,0.0
2023,Agri01_AGC,DED,0.0
2023,Agri01_AGC,DEF,0.0
2023,Agri01_AGC,DEG,0.0
2023,Agri02_OFC,DE1,0.0
2023,Agri02_OFC,DE2,0.0
2023,Agri02_OFC,DE3,0.0
2023,Agri02_OFC,DE4,0.0
2023,Agri02_OFC,DE5,0.0
2023,Agri02_OFC,DE6,0.0
2023,Agri02_OFC,DE7,0.0
2023,Agri02_OFC,DE8,0.0
2023,Agri02_OFC,DE9,0.0
2023,Agri02_OFC,DEA,0.0
2023,Agri02_OFC,DEB,0.0
2023,Agri02_OFC,DEC,0.0
2023,Agri02_OFC,DEE,0.0
2023,Agri02_OFC,DED,0.0
2023,Agri02_OFC,DEF,0.0
2023,Agri02_OFC,DEG,0.0
2023,Agri03_No-till,DE1,0.0
2023,Agri03_No-till,DE2,0.0
2023,Agri03_No-till,DE3,0.0
2023,Agri03_No-till,DE4,0.0
2023,Agri03_No-till,DE5,0.0
2023,Agri03_No-till,DE6,0.0
2023,Agri03_No-till,DE7,0.0
2023,Agri03_No-till,DE8,0.0
2023,Agri03_No-till,DE9,0.0
2023,Agri03_No-till,DEA,0.0
2023,Agri03_No-till,DEB,0.0
2023,Agri03_No-till,DEC,0.0
2023,Agri03_No-till,DEE,0.0
2023,Agri03_No-till,DED,0.0
2023,Agri03_No-till,DEF,0.0
2023,Agri03_No-till,DEG,0.0
2023,Agri04_toGrassland,DE1,12991.928530711786
2023,Agri04_toGrassland,DE2,26345.642497694767
2023,Agri04_toGrassland,DE3,1701.9821733341234
2023,Agri04_toGrassland,DE4,11548.833196337224
2023,Agri04_toGrassland,DE5,847.0661349838668
2023,Agri04_toGrassland,DE6,193.8337458189029
2023,Agri04_toGrassland,DE7,6608.730196150786
2023,Agri04_toGrassland,DE8,12421.589577041486
2023,Agri04_toGrassland,DE9,22028.337544464757
2023,Agri04_toGrassland,DEA,13480.79607596958
2023,Agri04_toGrassland,DEB,7032.018838084509
2023,Agri04_toGrassland,DEC,1761.6294106569844
2023,Agri04_toGrassland,DEE,10198.328082788097
2023,Agri04_toGrassland,DED,7874.301443890678
2023,Agri04_toGrassland,DEF,7778.869941305401
2023,Agri04_toGrassland,DEG,6218.991942843283
2023,Agri05_Agroforestry,DE1,398546.8010804562
2023,Agri05_Agroforestry,DE2,726108.8429365371
2023,Agri05_Agroforestry,DE3,18257.519886389975
2023,Agri05_Agroforestry,DE4,368645.72271465167
2023,Agri05_Agroforestry,DE5,57546.433575104005
2023,Agri05_Agroforestry,DE6,8188.455244204906
2023,Agri05_Agroforestry,DE7,173856.77012318047
2023,Agri05_Agroforestry,DE8,383665.13936036977
2023,Agri05_Agroforestry,DE9,619315.3852460006
2023,Agri05_Agroforestry,DEA,409647.11294419534
2023,Agri05_Agroforestry,DEB,227212.41086842166
2023,Agri05_Agroforestry,DEC,97256.89848503805
2023,Agri05_Agroforestry,DEE,306167.188645222
2023,Agri05_Agroforestry,DED,248400.71487540356
2023,Agri05_Agroforestry,DEF,190841.06305281425
2023,Agri05_Agroforestry,DEG,152577.78861950175
2023,Agri06_Biochar,DE1,0.0
2023,Agri06_Biochar,DE2,0.0
2023,Agri06_Biochar,DE3,0.0
2023,Agri06_Biochar,DE4,0.0
2023,Agri06_Biochar,DE5,0.0
2023,Agri06_Biochar,DE6,0.0
2023,Agri06_Biochar,DE7,0.0
2023,Agri06_Biochar,DE8,0.0
2023,Agri06_Biochar,DE9,0.0
2023,Agri06_Biochar,DEA,0.0
2023,Agri06_Biochar,DEB,0.0
2023,Agri06_Biochar,DEC,0.0
2023,Agri06_Biochar,DEE,0.0
2023,Agri06_Biochar,DED,0.0
2023,Agri06_Biochar,DEF,0.0
2023,Agri06_Biochar,DEG,0.0
2024,Agri01_AGC,DE1,2250931.878695236
2024,Agri01_AGC,DE2,4485779.099485594
2024,Agri01_AGC,DE3,0.0
2024,Agri01_AGC,DE4,1030730.1081721599
2024,Agri01_AGC,DE5,0.0
2024,Agri01_AGC,DE6,0.0
2024,Agri01_AGC,DE7,1117294.2693113063
2024,Agri01_AGC,DE8,2033522.369687162
2024,Agri01_AGC,DE9,2803425.521183144
2024,Agri01_AGC,DEA,1183324.3829717108
2024,Agri01_AGC,DEB,500053.49552408507
2024,Agri01_AGC,DEC,0.0
2024,Agri01_AGC,DEE,891611.0061955667
2024,Agri01_AGC,DED,699946.7223111516
2024,Agri01_AGC,DEF,639118.8685781044
2024,Agri01_AGC,DEG,510963.30146176147
2024,Agri02_OFC,DE1,0.0
2024,Agri02_OFC,DE2,0.0
2024,Agri02_OFC,DE3,0.0
2024,Agri02_OFC,DE4,0.0
2024,Agri02_OFC,DE5,0.0
2024,Agri02_OFC,DE6,0.0
2024,Agri02_OFC,DE7,0.0
2024,Agri02_OFC,DE8,0.0
2024,Agri02_OFC,DE9,0.0
2024,Agri02_OFC,DEA,0.0
2024,Agri02_OFC,DEB,0.0
2024,Agri02_OFC,DEC,0.0
2024,Agri02_OFC,DEE,0.0
2024,Agri02_OFC,DED,0.0
2024,Agri02_OFC,DEF,0.0
2024,Agri02_OFC,DEG,0.0
2024,Agri03_No-till,DE1,0.0
2024,Agri03_No-till,DE2,0.0
2024,Agri03_No-till,DE3,0.0
2024,Agri03_No-till,DE4,0.0
2024,Agri03_No-till,DE5,0.0
2024,Agri03_No-till,DE6,0.0
2024,Agri03_No-till,DE7,0.0
2024,Agri03_No-till,DE8,0.0
2024,Agri03_No-till,DE9,0.0
2024,Agri03_No-till,DEA,0.0
2024,Agri03_No-till,DEB,0.0
2024,Agri03_No-till,DEC,0.0
2024,Agri03_No-till,DEE,0.0
2024,Agri03_No-till,DED,0.0
2024,Agri03_No-till,DEF,0.0
2024,Agri03_No-till,DEG,0.0
2024,Agri04_toGrassland,DE1,25989.570986256615
2024,Agri04_toGrassland,DE2,51793.42628632781
2024,Agri04_toGrassland,DE3,4173.6070625394195
2024,Agri04_toGrassland,DE4,23261.93727823916
2024,Agri04_toGrassland,DE5,2044.1919498620957
2024,Agri04_toGrassland,DE6,412.59665103783726
2024,Agri04_toGrassland,DE7,12900.434259981217
2024,Agri04_toGrassland,DE8,24877.607989371423
2024,Agri04_toGrassland,DE9,43441.067942801106
2024,Agri04_toGrassland,DEA,26924.35028884053
2024,Agri04_toGrassland,DEB,14194.4872134522
2024,Agri04_toGrassland,DEC,4002.851775659836
2024,Agri04_toGrassland,DEE,20327.110500061575
2024,Agri04_toGrassland,DED,15827.903140097218
2024,Agri04_toGrassland,DEF,15031.697068223673
2024,Agri04_toGrassland,DEG,12017.489465934053
2024,Agri05_Agroforestry,DE1,634059.127359265
2024,Agri05_Agroforestry,DE2,1083365.7931303491
2024,Agri05_Agroforestry,DE3,19111.97091000753
2024,Agri05_Agroforestry,DE4,599060.3750126892
2024,Agri05_Agroforestry,DE5,119167.74399555956
2024,Agri05_Agroforestry,DE6,14989.215938691952
2024,Agri05_Agroforestry,DE7,251327.78343979036
2024,Agri05_Agroforestry,DE8,612670.9665294774
2024,Agri05_Agroforestry,DE9,935905.0801864212
2024,Agri05_Agroforestry,DEA,648309.6316658676
2024,Agri05_Agroforestry,DEB,371536.144427526
2024,Agri05_Agroforestry,DEC,192541.97200106565
2024,Agri05_Agroforestry,DEE,481243.46690655535
2024,Agri05_Agroforestry,DED,401176.5817008191
2024,Agri05_Agroforestry,DEF,261801.43429545182
2024,Agri05_Agroforestry,DEG,209316.89072715538
2024,Agri06_Biochar,DE1,0.0
2024,Agri06_Biochar,DE2,0.0
2024,Agri06_Biochar,DE3,0.0
2024,Agri06_Biochar,DE4,0.0
2024,Agri06_Biochar,DE5,0.0
2024,Agri06_Biochar,DE6,0.0
2024,Agri06_Biochar,DE7,0.0
2024,Agri06_Biochar,DE8,0.0
2024,Agri06_Biochar,DE9,0.0
2024,Agri06_Biochar,DEA,0.0
2024,Agri06_Biochar,DEB,0.0
2024,Agri06_Biochar,DEC,0.0
2024,Agri06_Biochar,DEE,0.0
2024,Agri06_Biochar,DED,0.0
2024,Agri06_Biochar,DEF,0.0
2024,Agri06_Biochar,DEG,0.0
2025,Agri01_AGC,DE1,3302246.523453257
2025,Agri01_AGC,DE2,6469088.697826564
2025,Agri01_AGC,DE3,0.0
2025,Agri01_AGC,DE4,2028492.8362694627
2025,Agri01_AGC,DE5,0.0
2025,Agri01_AGC,DE6,0.0
2025,Agri01_AGC,DE7,1599802.434062378
2025,Agri01_AGC,DE8,3047997.7507361607
2025,Agri01_AGC,DE9,4520072.099507453
2025,Agri01_AGC,DEA,2310583.7702644127
2025,Agri01_AGC,DEB,1117480.5870293963
2025,Agri01_AGC,DEC,0.0
2025,Agri01_AGC,DEE,1737631.7714168648
2025,Agri01_AGC,DED,1374904.3187077919
2025,Agri01_AGC,DEF,1207145.6001684375
2025,Agri01_AGC,DEG,965095.1839572317
2025,Agri02_OFC,DE1,0.0
2025,Agri02_OFC,DE2,0.0
2025,Agri02_OFC,DE3,0.0
2025,Agri02_OFC,DE4,0.0
2025,Agri02_OFC,DE5,0.0
2025,Agri02_OFC,DE6,0.0
2025,Agri02_OFC,DE7,0.0
2025,Agri02_OFC,DE8,0.0
2025,Agri02_OFC,DE9,0.0
2025,Agri02_OFC,DEA,0.0
2025,Agri02_OFC,DEB,0.0
2025,Agri02_OFC,DEC,0.0
2025,Agri02_OFC,DEE,0.0
2025,Agri02_OFC,DED,0.0
2025,Agri02_OFC,DEF,0.0
2025,Agri02_OFC,DEG,0.0
2025,Agri03_No-till,DE1,0.0
2025,Agri03_No-till,DE2,0.0
2025,Agri03_No-till,DE3,0.0
2025,Agri03_No-till,DE4,0.0
2025,Agri03_No-till,DE5,0.0
2025,Agri03_No-till,DE6,0.0
2025,Agri03_No-till,DE7,0.0
2025,Agri03_No-till,DE8,0.0
2025,Agri03_No-till,DE9,0.0
2025,Agri03_No-till,DEA,0.0
2025,Agri03_No-till,DEB,0.0
2025,Agri03_No-till,DEC,0.0
2025,Agri03_No-till,DEE,0.0
2025,Agri03_No-till,DED,0.0
2025,Agri03_No-till,DEF,0.0
2025,Agri03_No-till,DEG,0.0
2025,Agri04_toGrassland,DE1,38971.67937544512
2025,Agri04_toGrassland,DE2,76345.3754262333
2025,Agri04_toGrassland,DE3,7373.951235273876
2025,Agri04_toGrassland,DE4,35112.527932097284
2025,Agri04_toGrassland,DE5,3572.6463646472066
2025,Agri04_toGrassland,DE6,654.739359010597
2025,Agri04_toGrassland,DE7,18880.17356715621
2025,Agri04_toGrassland,DE8,37346.30321766429
2025,Agri04_toGrassland,DE9,64233.181239668425
2025,Agri04_toGrassland,DEA,40310.75654082483
2025,Agri04_toGrassland,DEB,21469.587075784166
2025,Agri04_toGrassland,DEC,6697.034910212852
2025,Agri04_toGrassland,DEE,30373.340325844183
2025,Agri04_toGrassland,DED,23844.165066365986
2025,Agri04_toGrassland,DEF,21772.022517781
2025,Agri04_toGrassland,DEG,17406.315244510228
2025,Agri05_Agroforestry,DE1,929598.1253851178
2025,Agri05_Agroforestry,DE2,1506047.0253811418
2025,Agri05_Agroforestry,DE3,19966.42193362509
2025,Agri05_Agroforestry,DE4,892689.1597697039
2025,Agri05_Agroforestry,DE5,163913.24745725648
2025,Agri05_Agroforestry,DE6,24223.54777341551
2025,Agri05_Agroforestry,DE7,339527.22486467677
2025,Agri05_Agroforestry,DE8,900861.4943774123
2025,Agri05_Agroforestry,DE9,1315562.5514805056
2025,Agri05_Agroforestry,DEA,946584.9854365578
2025,Agri05_Agroforestry,DEB,556234.16718606
2025,Agri05_Agroforestry,DEC,325608.27975473023
2025,Agri05_Agroforestry,DEE,698856.1322147155
2025,Agri05_Agroforestry,DED,595028.9330842835
2025,Agri05_Agroforestry,DEF,335925.28064125136
2025,Agri05_Agroforestry,DEG,268588.960680772
2025,Agri06_Biochar,DE1,0.0
2025,Agri06_Biochar,DE2,0.0
2025,Agri06_Biochar,DE3,0.0
2025,Agri06_Biochar,DE4,0.0
2025,Agri06_Biochar,DE5,0.0
2025,Agri06_Biochar,DE6,0.0
2025,Agri06_Biochar,DE7,0.0
2025,Agri06_Biochar,DE8,0.0
2025,Agri06_Biochar,DE9,0.0
2025,Agri06_Biochar,DEA,0.0
2025,Agri06_Biochar,DEB,0.0
2025,Agri06_Biochar,DEC,0.0
2025,Agri06_Biochar,DEE,0.0
2025,Agri06_Biochar,DED,0.0
2025,Agri06_Biochar,DEF,0.0
2025,Agri06_Biochar,DEG,0.0
2026,Agri01_AGC,DE1,4298514.531287098
2026,Agri01_AGC,DE2,8279879.630161792
2026,Agri01_AGC,DE3,0.0
2026,Agri01_AGC,DE4,2987982.081495362
2026,Agri01_AGC,DE5,0.0
2026,Agri01_AGC,DE6,0.0
2026,Agri01_AGC,DE7,2032888.196391996
2026,Agri01_AGC,DE8,4011782.4338768423
2026,Agri01_AGC,DE9,6101517.844436143
2026,Agri01_AGC,DEA,3377834.6670891307
2026,Agri01_AGC,DEB,1713640.3599371475
2026,Agri01_AGC,DEC,0.0
2026,Agri01_AGC,DEE,2535485.5603662925
2026,Agri01_AGC,DED,2021576.3198495035
2026,Agri01_AGC,DEF,1706762.7598758296
2026,Agri01_AGC,DEG,1364539.6720892212
2026,Agri02_OFC,DE1,0.0
2026,Agri02_OFC,DE2,0.0
2026,Agri02_OFC,DE3,0.0
2026,Agri02_OFC,DE4,0.0
2026,Agri02_OFC,DE5,0.0
2026,Agri02_OFC,DE6,0.0
2026,Agri02_OFC,DE7,0.0
2026,Agri02_OFC,DE8,0.0
2026,Agri02_OFC,DE9,0.0
2026,Agri02_OFC,DEA,0.0
2026,Agri02_OFC,DEB,0.0
2026,Agri02_OFC,DEC,0.0
2026,Agri02_OFC,DEE,0.0
2026,Agri02_OFC,DED,0.0
2026,Agri02_OFC,DEF,0.0
2026,Agri02_OFC,DEG,0.0
2026,Agri03_No-till,DE1,0.0
2026,Agri03_No-till,DE2,0.0
2026,Agri03_No-till,DE3,0.0
2026,Agri03_No-till,DE4,0.0
2026,Agri03_No-till,DE5,0.0
2026,Agri03_No-till,DE6,0.0
2026,Agri03_No-till,DE7,0.0
2026,Agri03_No-till,DE8,0.0
2026,Agri03_No-till,DE9,0.0
2026,Agri03_No-till,DEA,0.0
2026,Agri03_No-till,DEB,0.0
2026,Agri03_No-till,DEC,0.0
2026,Agri03_No-till,DEE,0.0
2026,Agri03_No-till,DED,0.0
2026,Agri03_No-till,DEF,0.0
2026,Agri03_No-till,DEG,0.0
2026,Agri04_toGrassland,DE1,51917.005707087934
2026,Agri04_toGrassland,DE2,100003.51397774534
2026,Agri04_toGrassland,DE3,11262.091259195473
2026,Agri04_toGrassland,DE4,47073.82084430307
2026,Agri04_toGrassland,DE5,5413.698299351719
2026,Agri04_toGrassland,DE6,918.7125130909759
2026,Agri04_toGrassland,DE7,24553.00949334067
2026,Agri04_toGrassland,DE8,49805.92324259454
2026,Agri04_toGrassland,DE9,84399.66747972608
2026,Agri04_toGrassland,DEA,53620.108734134395
2026,Agri04_toGrassland,DEB,28839.500374761494
2026,Agri04_toGrassland,DEC,9817.546629520324
2026,Agri04_toGrassland,DEE,40324.01063415965
2026,Agri04_toGrassland,DED,31906.44720044334
2026,Agri04_toGrassland,DEF,28013.38742700355
2026,Agri04_toGrassland,DEG,22396.291953809727
2026,Agri05_Agroforestry,DE1,1290380.780430644
2026,Agri05_Agroforestry,DE2,1998840.9081586122
2026,Agri05_Agroforestry,DE3,20820.872957242642
2026,Agri05_Agroforestry,DE4,1255200.7330431356
2026,Agri05_Agroforestry,DE5,170927.81634395642
2026,Agri05_Agroforestry,DE6,36130.210748591846
2026,Agri05_Agroforestry,DE7,439036.52428014047
2026,Agri05_Agroforestry,DE8,1253412.3090967743
2026,Agri05_Agroforestry,DE9,1763083.0949829258
2026,Agri05_Agroforestry,DEA,1309606.8309635946
2026,Agri05_Agroforestry,DEB,784955.1736827921
2026,Agri05_Agroforestry,DEC,500264.73008230916
2026,Agri05_Agroforestry,DEE,962620.8521839206
2026,Agri05_Agroforestry,DED,833610.9712005416
2026,Agri05_Agroforestry,DEF,412906.6820846001
2026,Agri05_Agroforestry,DEG,330149.8274175835
2026,Agri06_Biochar,DE1,0.0
2026,Agri06_Biochar,DE2,0.0
2026,Agri06_Biochar,DE3,0.0
2026,Agri06_Biochar,DE4,0.0
2026,Agri06_Biochar,DE5,0.0
2026,Agri06_Biochar,DE6,0.0
2026,Agri06_Biochar,DE7,0.0
2026,Agri06_Biochar,DE8,0.0
2026,Agri06_Biochar,DE9,0.0
2026,Agri06_Biochar,DEA,0.0
2026,Agri06_Biochar,DEB,0.0
2026,Agri06_Biochar,DEC,0.0
2026,Agri06_Biochar,DEE,0.0
2026,Agri06_Biochar,DED,0.0
2026,Agri06_Biochar,DEF,0.0
2026,Agri06_Biochar,DEG,0.0
2027,Agri01_AGC,DE1,5235526.571798418
2027,Agri01_AGC,DE2,9918552.872687874
2027,Agri01_AGC,DE3,0.0
2027,Agri01_AGC,DE4,3903891.741053307
2027,Agri01_AGC,DE5,0.0
2027,Agri01_AGC,DE6,0.0
2027,Agri01_AGC,DE7,2417554.2394363596
2027,Agri01_AGC,DE8,4920567.238285654
2027,Agri01_AGC,DE9,7546770.259449342
2027,Agri01_AGC,DEA,4381133.578656887
2027,Agri01_AGC,DEB,2285002.9718176206
2027,Agri01_AGC,DEC,0.0
2027,Agri01_AGC,DEE,3282595.6377462456
2027,Agri01_AGC,DED,2636666.256395865
2027,Agri01_AGC,DEF,2140652.91280511
2027,Agri01_AGC,DEG,1711440.7904605388
2027,Agri02_OFC,DE1,0.0
2027,Agri02_OFC,DE2,0.0
2027,Agri02_OFC,DE3,0.0
2027,Agri02_OFC,DE4,0.0
2027,Agri02_OFC,DE5,0.0
2027,Agri02_OFC,DE6,0.0
2027,Agri02_OFC,DE7,0.0
2027,Agri02_OFC,DE8,0.0
2027,Agri02_OFC,DE9,0.0
2027,Agri02_OFC,DEA,0.0
2027,Agri02_OFC,DEB,0.0
2027,Agri02_OFC,DEC,0.0
2027,Agri02_OFC,DEE,0.0
2027,Agri02_OFC,DED,0.0
2027,Agri02_OFC,DEF,0.0
2027,Agri02_OFC,DEG,0.0
2027,Agri03_No-till,DE1,0.0
2027,Agri03_No-till,DE2,0.0
2027,Agri03_No-till,DE3,0.0
2027,Agri03_No-till,DE4,0.0
2027,Agri03_No-till,DE5,0.0
2027,Agri03_No-till,DE6,0.0
2027,Agri03_No-till,DE7,0.0
2027,Agri03_No-till,DE8,0.0
2027,Agri03_No-till,DE9,0.0
2027,Agri03_No-till,DEA,0.0
2027,Agri03_No-till,DEB,0.0
2027,Agri03_No-till,DEC,0.0
2027,Agri03_No-till,DEE,0.0
2027,Agri03_No-till,DED,0.0
2027,Agri03_No-till,DEF,0.0
2027,Agri03_No-till,DEG,0.0
2027,Agri04_toGrassland,DE1,64804.301989995656
2027,Agri04_toGrassland,DE2,122769.8660011981
2027,Agri04_toGrassland,DE3,15797.103701962196
2027,Agri04_toGrassland,DE4,59119.031701248
2027,Agri04_toGrassland,DE5,7548.616673988155
2027,Agri04_toGrassland,DE6,1202.966756632768
2027,Agri04_toGrassland,DE7,29924.003414199506
2027,Agri04_toGrassland,DE8,62234.716044836634
2027,Agri04_toGrassland,DE9,103935.51670763342
2027,Agri04_toGrassland,DEA,66832.50077098122
2027,Agri04_toGrassland,DEB,36286.40906006527
2027,Agri04_toGrassland,DEC,13337.754748786549
2027,Agri04_toGrassland,DEE,50166.11449903171
2027,Agri04_toGrassland,DED,39998.109520075646
2027,Agri04_toGrassland,DEF,33769.3329329175
2027,Agri04_toGrassland,DEG,26998.242269070462
2027,Agri05_Agroforestry,DE1,1721624.0777684737
2027,Agri05_Agroforestry,DE2,2566435.8099324596
2027,Agri05_Agroforestry,DE3,21675.3239808602
2027,Agri05_Agroforestry,DE4,1692263.7508904254
2027,Agri05_Agroforestry,DE5,177942.38523065642
2027,Agri05_Agroforestry,DE6,50947.96486443726
2027,Agri05_Agroforestry,DE7,550437.1115684826
2027,Agri05_Agroforestry,DE8,1675498.9968801655
2027,Agri05_Agroforestry,DE9,2283262.0065483544
2027,Agri05_Agroforestry,DEA,1742508.824954307
2027,Agri05_Agroforestry,DEB,1061347.858456491
2027,Agri05_Agroforestry,DEC,720320.2313200805
2027,Agri05_Agroforestry,DEE,1276153.294428389
2027,Agri05_Agroforestry,DED,1120575.8982243384
2027,Agri05_Agroforestry,DEF,492439.71861988556
2027,Agri05_Agroforestry,DEG,393755.31987482193
2027,Agri06_Biochar,DE1,0.0
2027,Agri06_Biochar,DE2,0.0
2027,Agri06_Biochar,DE3,0.0
2027,Agri06_Biochar,DE4,0.0
2027,Agri06_Biochar,DE5,0.0
2027,Agri06_Biochar,DE6,0.0
2027,Agri06_Biochar,DE7,0.0
2027,Agri06_Biochar,DE8,0.0
2027,Agri06_Biochar,DE9,0.0
2027,Agri06_Biochar,DEA,0.0
2027,Agri06_Biochar,DEB,0.0
2027,Agri06_Biochar,DEC,0.0
2027,Agri06_Biochar,DEE,0.0
2027,Agri06_Biochar,DED,0.0
2027,Agri06_Biochar,DEF,0.0
2027,Agri06_Biochar,DEG,0.0
2028,Agri01_AGC,DE1,6109073.314588883
2028,Agri01_AGC,DE2,11385509.401601419
2028,Agri01_AGC,DE3,0.0
2028,Agri01_AGC,DE4,4770915.712146752
2028,Agri01_AGC,DE5,0.0
2028,Agri01_AGC,DE6,25496.18324506789
2028,Agri01_AGC,DE7,2754803.24633167
2028,Agri01_AGC,DE8,5770042.983139049
2028,Agri01_AGC,DE9,8854836.848027186
2028,Agri01_AGC,DEA,5316537.010178708
2028,Agri01_AGC,DEB,2828038.5802411
2028,Agri01_AGC,DEC,0.0
2028,Agri01_AGC,DEE,3976385.268259124
2028,Agri01_AGC,DED,3216877.659006461
2028,Agri01_AGC,DEF,2511498.6240611095
2028,Agri01_AGC,DEG,2007942.5636739954
2028,Agri02_OFC,DE1,0.0
2028,Agri02_OFC,DE2,0.0
2028,Agri02_OFC,DE3,0.0
2028,Agri02_OFC,DE4,0.0
2028,Agri02_OFC,DE5,0.0
2028,Agri02_OFC,DE6,0.0
2028,Agri02_OFC,DE7,0.0
2028,Agri02_OFC,DE8,0.0
2028,Agri02_OFC,DE9,0.0
2028,Agri02_OFC,DEA,0.0
2028,Agri02_OFC,DEB,0.0
2028,Agri02_OFC,DEC,0.0
2028,Agri02_OFC,DEE,0.0
2028,Agri02_OFC,DED,0.0
2028,Agri02_OFC,DEF,0.0
2028,Agri02_OFC,DEG,0.0
2028,Agri03_No-till,DE1,0.0
2028,Agri03_No-till,DE2,0.0
2028,Agri03_No-till,DE3,0.0
2028,Agri03_No-till,DE4,0.0
2028,Agri03_No-till,DE5,0.0
2028,Agri03_No-till,DE6,0.0
2028,Agri03_No-till,DE7,0.0
2028,Agri03_No-till,DE8,0.0
2028,Agri03_No-till,DE9,0.0
2028,Agri03_No-till,DEA,0.0
2028,Agri03_No-till,DEB,0.0
2028,Agri03_No-till,DEC,0.0
2028,Agri03_No-till,DEE,0.0
2028,Agri03_No-till,DED,0.0
2028,Agri03_No-till,DEF,0.0
2028,Agri03_No-till,DEG,0.0
2028,Agri04_toGrassland,DE1,77612.32023297893
2028,Agri04_toGrassland,DE2,144646.4555569257
2028,Agri04_toGrassland,DE3,20938.065131232033
2028,Agri04_toGrassland,DE4,71221.37618932356
2028,Agri04_toGrassland,DE5,9958.67040856903
2028,Agri04_toGrassland,DE6,1505.952732989767
2028,Agri04_toGrassland,DE7,34998.21670539763
2028,Agri04_toGrassland,DE8,74610.92960506506
2028,Agri04_toGrassland,DE9,122835.71896804983
2028,Agri04_toGrassland,DEA,79928.02655357722
2028,Agri04_toGrassland,DEB,43792.4950813766
2028,Agri04_toGrassland,DEC,17231.02708321582
2028,Agri04_toGrassland,DEE,59886.64499448411
2028,Agri04_toGrassland,DED,48102.51200300926
2028,Agri04_toGrassland,DEF,39053.40017254904
2028,Agri04_toGrassland,DEG,31222.988865530355
2028,Agri05_Agroforestry,DE1,2228545.0026712357
2028,Agri05_Agroforestry,DE2,3213520.0991723803
2028,Agri05_Agroforestry,DE3,22529.775004477757
2028,Agri05_Agroforestry,DE4,2209546.869369013
2028,Agri05_Agroforestry,DE5,184956.95411735642
2028,Agri05_Agroforestry,DE6,68915.57012116801
2028,Agri05_Agroforestry,DE7,674310.4166120039
2028,Agri05_Agroforestry,DE8,2172297.1439201864
2028,Agri05_Agroforestry,DE9,2880894.5820314633
2028,Agri05_Agroforestry,DEA,2250424.624116023
2028,Agri05_Agroforestry,DEB,1389060.9160459256
2028,Agri05_Agroforestry,DEC,824114.1246656158
2028,Agri05_Agroforestry,DEE,1643069.126562339
2028,Agri05_Agroforestry,DED,1459576.9163304192
2028,Agri05_Agroforestry,DEF,574218.4702414948
2028,Agri05_Agroforestry,DEG,459161.266989719
2028,Agri06_Biochar,DE1,0.0
2028,Agri06_Biochar,DE2,0.0
2028,Agri06_Biochar,DE3,0.0
2028,Agri06_Biochar,DE4,0.0
2028,Agri06_Biochar,DE5,0.0
2028,Agri06_Biochar,DE6,0.0
2028,Agri06_Biochar,DE7,0.0
2028,Agri06_Biochar,DE8,0.0
2028,Agri06_Biochar,DE9,0.0
2028,Agri06_Biochar,DEA,0.0
2028,Agri06_Biochar,DEB,0.0
2028,Agri06_Biochar,DEC,0.0
2028,Agri06_Biochar,DEE,0.0
2028,Agri06_Biochar,DED,0.0
2028,Agri06_Biochar,DEF,0.0
2028,Agri06_Biochar,DEG,0.0
2029,Agri01_AGC,DE1,6914945.429260154
2029,Agri01_AGC,DE2,12681150.193099027
2029,Agri01_AGC,DE3,0.0
2029,Agri01_AGC,DE4,5583747.891979147
2029,Agri01_AGC,DE5,0.0
2029,Agri01_AGC,DE6,50913.72986088963
2029,Agri01_AGC,DE7,3045637.900214127
2029,Agri01_AGC,DE8,6555900.487613477
2029,Agri01_AGC,DE9,10024725.113649808
2029,Agri01_AGC,DEA,6180101.466865614
2029,Agri01_AGC,DEB,3339217.3427778683
2029,Agri01_AGC,DEC,0.0
2029,Agri01_AGC,DEE,4614277.716607323
2029,Agri01_AGC,DED,3758914.058340871
2029,Agri01_AGC,DEF,2821982.4587486587
2029,Agri01_AGC,DEG,2256189.016332401
2029,Agri02_OFC,DE1,0.0
2029,Agri02_OFC,DE2,0.0
2029,Agri02_OFC,DE3,0.0
2029,Agri02_OFC,DE4,0.0
2029,Agri02_OFC,DE5,0.0
2029,Agri02_OFC,DE6,0.0
2029,Agri02_OFC,DE7,0.0
2029,Agri02_OFC,DE8,0.0
2029,Agri02_OFC,DE9,0.0
2029,Agri02_OFC,DEA,0.0
2029,Agri02_OFC,DEB,0.0
2029,Agri02_OFC,DEC,0.0
2029,Agri02_OFC,DEE,0.0
2029,Agri02_OFC,DED,0.0
2029,Agri02_OFC,DEF,0.0
2029,Agri02_OFC,DEG,0.0
2029,Agri03_No-till,DE1,0.0
2029,Agri03_No-till,DE2,0.0
2029,Agri03_No-till,DE3,0.0
2029,Agri03_No-till,DE4,0.0
2029,Agri03_No-till,DE5,0.0
2029,Agri03_No-till,DE6,0.0
2029,Agri03_No-till,DE7,0.0
2029,Agri03_No-till,DE8,0.0
2029,Agri03_No-till,DE9,0.0
2029,Agri03_No-till,DEA,0.0
2029,Agri03_No-till,DEB,0.0
2029,Agri03_No-till,DEC,0.0
2029,Agri03_No-till,DEE,0.0
2029,Agri03_No-till,DED,0.0
2029,Agri03_No-till,DEF,0.0
2029,Agri03_No-till,DEG,0.0
2029,Agri04_toGrassland,DE1,90319.81244484842
2029,Agri04_toGrassland,DE2,165635.30670526234
2029,Agri04_toGrassland,DE3,26644.052114662973
2029,Agri04_toGrassland,DE4,83354.06999492123
2029,Agri04_toGrassland,DE5,12625.128423106873
2029,Agri04_toGrassland,DE6,1826.1210855157672
2029,Agri04_toGrassland,DE7,39780.71074259996
2029,Agri04_toGrassland,DE8,86912.81190395428
2029,Agri04_toGrassland,DE9,141095.2643056347
2029,Agri04_toGrassland,DEA,92886.77998413438
2029,Agri04_toGrassland,DEB,51339.940388376555
2029,Agri04_toGrassland,DEC,21470.73144801244
2029,Agri04_toGrassland,DEE,69472.5951945406
2029,Agri04_toGrassland,DED,56203.01462699055
2029,Agri04_toGrassland,DEF,43879.13028292434
2029,Agri04_toGrassland,DEG,35081.35441842733
2029,Agri05_Agroforestry,DE1,2816360.5404115594
2029,Agri05_Agroforestry,DE2,3944782.1443480747
2029,Agri05_Agroforestry,DE3,23384.226028095316
2029,Agri05_Agroforestry,DE4,2812718.7445363393
2029,Agri05_Agroforestry,DE5,191971.52300405642
2029,Agri05_Agroforestry,DE6,90271.78651900042
2029,Agri05_Agroforestry,DE7,811237.8692930056
2029,Agri05_Agroforestry,DE8,2748982.336409438
2029,Agri05_Agroforestry,DE9,3560776.117286925
2029,Agri05_Agroforestry,DEA,2838487.8851560727
2029,Agri05_Agroforestry,DEB,1771743.0409898644
2029,Agri05_Agroforestry,DEC,855368.9932676447
2029,Agri05_Agroforestry,DEE,2066984.0161999892
2029,Agri05_Agroforestry,DED,1854267.2276935289
2029,Agri05_Agroforestry,DEF,657937.0169438155
2029,Agri05_Agroforestry,DEG,526123.4976995068
2029,Agri06_Biochar,DE1,0.0
2029,Agri06_Biochar,DE2,0.0
2029,Agri06_Biochar,DE3,0.0
2029,Agri06_Biochar,DE4,0.0
2029,Agri06_Biochar,DE5,0.0
2029,Agri06_Biochar,DE6,0.0
2029,Agri06_Biochar,DE7,0.0
2029,Agri06_Biochar,DE8,0.0
2029,Agri06_Biochar,DE9,0.0
2029,Agri06_Biochar,DEA,0.0
2029,Agri06_Biochar,DEB,0.0
2029,Agri06_Biochar,DEC,0.0
2029,Agri06_Biochar,DEE,0.0
2029,Agri06_Biochar,DED,0.0
2029,Agri06_Biochar,DEF,0.0
2029,Agri06_Biochar,DEG,0.0
2030,Agri01_AGC,DE1,7648933.585413893
2030,Agri01_AGC,DE2,13805876.2233773
2030,Agri01_AGC,DE3,0.0
2030,Agri01_AGC,DE4,6337082.177753944
2030,Agri01_AGC,DE5,0.0
2030,Agri01_AGC,DE6,75945.7047602555
2030,Agri01_AGC,DE7,3291060.8842199296
2030,Agri01_AGC,DE8,7273830.570885387
2030,Agri01_AGC,DE9,11055442.559797335
2030,Agri01_AGC,DEA,6967883.453928631
2030,Agri01_AGC,DEB,3815009.416998208
2030,Agri01_AGC,DEC,367672.1985191172
2030,Agri01_AGC,DEE,5193696.247493239
2030,Agri01_AGC,DED,4259478.985058675
2030,Agri01_AGC,DEF,3074786.9819725864
2030,Agri01_AGC,DEG,2458324.1730385646
2030,Agri02_OFC,DE1,0.0
2030,Agri02_OFC,DE2,0.0
2030,Agri02_OFC,DE3,0.0
2030,Agri02_OFC,DE4,0.0
2030,Agri02_OFC,DE5,0.0
2030,Agri02_OFC,DE6,0.0
2030,Agri02_OFC,DE7,0.0
2030,Agri02_OFC,DE8,0.0
2030,Agri02_OFC,DE9,0.0
2030,Agri02_OFC,DEA,0.0
2030,Agri02_OFC,DEB,0.0
2030,Agri02_OFC,DEC,0.0
2030,Agri02_OFC,DEE,0.0
2030,Agri02_OFC,DED,0.0
2030,Agri02_OFC,DEF,0.0
2030,Agri02_OFC,DEG,0.0
2030,Agri03_No-till,DE1,0.0
2030,Agri03_No-till,DE2,0.0
2030,Agri03_No-till,DE3,0.0
2030,Agri03_No-till,DE4,0.0
2030,Agri03_No-till,DE5,0.0
2030,Agri03_No-till,DE6,0.0
2030,Agri03_No-till,DE7,0.0
2030,Agri03_No-till,DE8,0.0
2030,Agri03_No-till,DE9,0.0
2030,Agri03_No-till,DEA,0.0
2030,Agri03_No-till,DEB,0.0
2030,Agri03_No-till,DEC,0.0
2030,Agri03_No-till,DEE,0.0
2030,Agri03_No-till,DED,0.0
2030,Agri03_No-till,DEF,0.0
2030,Agri03_No-till,DEG,0.0
2030,Agri04_toGrassland,DE1,102905.5306344147
2030,Agri04_toGrassland,DE2,185738.4435065421
2030,Agri04_toGrassland,DE3,32874.141219913
2030,Agri04_toGrassland,DE4,95490.32880443249
2030,Agri04_toGrassland,DE5,15529.2596376142
2030,Agri04_toGrassland,DE6,2161.9224575645617
2030,Agri04_toGrassland,DE7,44276.546901471396
2030,Agri04_toGrassland,DE8,99118.61092217875
2030,Agri04_toGrassland,DE9,158709.14276504735
2030,Agri04_toGrassland,DEA,105688.85496486466
2030,Agri04_toGrassland,DEB,58910.92693074624
2030,Agri04_toGrassland,DEC,26030.235658380698
2030,Agri04_toGrassland,DEE,78910.95817322489
2030,Agri04_toGrassland,DED,64282.97736976588
2030,Agri04_toGrassland,DEF,48260.06440106959
2030,Agri04_toGrassland,DEG,38584.1616029993
2030,Agri05_Agroforestry,DE1,3490287.6762620746
2030,Agri05_Agroforestry,DE2,4764910.313929239
2030,Agri05_Agroforestry,DE3,24238.67705171287
2030,Agri05_Agroforestry,DE4,3507448.0324498434
2030,Agri05_Agroforestry,DE5,198986.09189075642
2030,Agri05_Agroforestry,DE6,115255.37405815072
2030,Agri05_Agroforestry,DE7,961800.8994937881
2030,Agri05_Agroforestry,DE8,3410730.16054052
2030,Agri05_Agroforestry,DE9,4327701.908169411
2030,Agri05_Agroforestry,DEA,3511832.264781783
2030,Agri05_Agroforestry,DEB,2213042.927827076
2030,Agri05_Agroforestry,DEC,886623.8618696734
2030,Agri05_Agroforestry,DEE,2551513.630955557
2030,Agri05_Agroforestry,DED,2308300.034488412
2030,Agri05_Agroforestry,DEF,743289.4387212347
2030,Agri05_Agroforestry,DEG,594397.840941417
2030,Agri06_Biochar,DE1,0.0
2030,Agri06_Biochar,DE2,0.0
2030,Agri06_Biochar,DE3,0.0
2030,Agri06_Biochar,DE4,0.0
2030,Agri06_Biochar,DE5,0.0
2030,Agri06_Biochar,DE6,0.0
2030,Agri06_Biochar,DE7,0.0
2030,Agri06_Biochar,DE8,0.0
2030,Agri06_Biochar,DE9,0.0
2030,Agri06_Biochar,DEA,0.0
2030,Agri06_Biochar,DEB,0.0
2030,Agri06_Biochar,DEC,0.0
2030,Agri06_Biochar,DEE,0.0
2030,Agri06_Biochar,DED,0.0
2030,Agri06_Biochar,DEF,0.0
2030,Agri06_Biochar,DEG,0.0
2031,Agri01_AGC,DE1,8306828.4526517615
2031,Agri01_AGC,DE2,14760088.468632841
2031,Agri01_AGC,DE3,36253.22303731748
2031,Agri01_AGC,DE4,7025612.466674595
2031,Agri01_AGC,DE5,116557.69935002718
2031,Agri01_AGC,DE6,100285.17285595571
2031,Agri01_AGC,DE7,3492074.8814852796
2031,Agri01_AGC,DE8,7919524.052131231
2031,Agri01_AGC,DE9,11945996.6899499
2031,Agri01_AGC,DEA,7675939.47657878
2031,Agri01_AGC,DEB,4251884.960472403
2031,Agri01_AGC,DEC,733560.1436660605
2031,Agri01_AGC,DEE,5712064.125619273
2031,Agri01_AGC,DED,4715275.969819455
2031,Agri01_AGC,DEF,3272594.758837723
2031,Agri01_AGC,DEG,2616492.0583952973
2031,Agri02_OFC,DE1,0.0
2031,Agri02_OFC,DE2,0.0
2031,Agri02_OFC,DE3,0.0
2031,Agri02_OFC,DE4,0.0
2031,Agri02_OFC,DE5,0.0
2031,Agri02_OFC,DE6,0.0
2031,Agri02_OFC,DE7,0.0
2031,Agri02_OFC,DE8,0.0
2031,Agri02_OFC,DE9,0.0
2031,Agri02_OFC,DEA,0.0
2031,Agri02_OFC,DEB,0.0
2031,Agri02_OFC,DEC,0.0
2031,Agri02_OFC,DEE,0.0
2031,Agri02_OFC,DED,0.0
2031,Agri02_OFC,DEF,0.0
2031,Agri02_OFC,DEG,0.0
2031,Agri03_No-till,DE1,0.0
2031,Agri03_No-till,DE2,0.0
2031,Agri03_No-till,DE3,0.0
2031,Agri03_No-till,DE4,0.0
2031,Agri03_No-till,DE5,0.0
2031,Agri03_No-till,DE6,0.0
2031,Agri03_No-till,DE7,0.0
2031,Agri03_No-till,DE8,0.0
2031,Agri03_No-till,DE9,0.0
2031,Agri03_No-till,DEA,0.0
2031,Agri03_No-till,DEB,0.0
2031,Agri03_No-till,DEC,0.0
2031,Agri03_No-till,DEE,0.0
2031,Agri03_No-till,DED,0.0
2031,Agri03_No-till,DEF,0.0
2031,Agri03_No-till,DEG,0.0
2031,Agri04_toGrassland,DE1,115348.22681048841
2031,Agri04_toGrassland,DE2,204957.8900210991
2031,Agri04_toGrassland,DE3,39587.409014640085
2031,Agri04_toGrassland,DE4,107603.36830424878
2031,Agri04_toGrassland,DE5,18652.332972103526
2031,Agri04_toGrassland,DE6,2511.807492489945
2031,Agri04_toGrassland,DE7,48490.786557676845
2031,Agri04_toGrassland,DE8,111206.57464041293
2031,Agri04_toGrassland,DE9,175672.34439094714
2031,Agri04_toGrassland,DEA,118314.34539797998
2031,Agri04_toGrassland,DEB,66487.63665816672
2031,Agri04_toGrassland,DEC,30882.90752952488
2031,Agri04_toGrassland,DEE,88188.72700456073
2031,Agri04_toGrassland,DED,72325.76020908159
2031,Agri04_toGrassland,DEF,52209.74366401095
2031,Agri04_toGrassland,DEG,41742.233094484174
2031,Agri05_Agroforestry,DE1,4255543.395495411
2031,Agri05_Agroforestry,DE2,5678592.976385572
2031,Agri05_Agroforestry,DE3,25093.128075330427
2031,Agri05_Agroforestry,DE4,4299403.389166965
2031,Agri05_Agroforestry,DE5,206000.6607774564
2031,Agri05_Agroforestry,DE6,144105.0927388352
2031,Agri05_Agroforestry,DE7,1126580.9370966528
2031,Agri05_Agroforestry,DE8,4162716.2025060346
2031,Agri05_Agroforestry,DE9,5186467.250533594
2031,Agri05_Agroforestry,DEA,4275591.419700483
2031,Agri05_Agroforestry,DEB,2716609.2710963287
2031,Agri05_Agroforestry,DEC,917878.730471702
2031,Agri05_Agroforestry,DEE,3100273.638443261
2031,Agri05_Agroforestry,DED,2825328.5388898137
2031,Agri05_Agroforestry,DEF,829969.8155681397
2031,Agri05_Agroforestry,DEG,663740.1256526817
2031,Agri06_Biochar,DE1,0.0
2031,Agri06_Biochar,DE2,0.0
2031,Agri06_Biochar,DE3,0.0
2031,Agri06_Biochar,DE4,0.0
2031,Agri06_Biochar,DE5,0.0
2031,Agri06_Biochar,DE6,0.0
2031,Agri06_Biochar,DE7,0.0
2031,Agri06_Biochar,DE8,0.0
2031,Agri06_Biochar,DE9,0.0
2031,Agri06_Biochar,DEA,0.0
2031,Agri06_Biochar,DEB,0.0
2031,Agri06_Biochar,DEC,0.0
2031,Agri06_Biochar,DEE,0.0
2031,Agri06_Biochar,DED,0.0
2031,Agri06_Biochar,DEF,0.0
2031,Agri06_Biochar,DEG,0.0
2032,Agri01_AGC,DE1,8884420.700575422
2032,Agri01_AGC,DE2,15544187.90506226
2032,Agri01_AGC,DE3,34388.433761092994
2032,Agri01_AGC,DE4,7644032.655944554
2032,Agri01_AGC,DE5,110562.21730459381
2032,Agri01_AGC,DE6,123625.19906078055
2032,Agri01_AGC,DE7,3649682.5751463766
2032,Agri01_AGC,DE8,8488671.75052746
2032,Agri01_AGC,DE9,12695395.007587638
2032,Agri01_AGC,DEA,8300326.04002709
2032,Agri01_AGC,DEB,4646314.130770736
2032,Agri01_AGC,DEC,933676.9113046412
2032,Agri01_AGC,DEE,6166804.615687819
2032,Agri01_AGC,DED,5123008.543282795
2032,Agri01_AGC,DEF,3418088.3544489
2032,Agri01_AGC,DEG,2732836.6970054084
2032,Agri02_OFC,DE1,0.0
2032,Agri02_OFC,DE2,0.0
2032,Agri02_OFC,DE3,0.0
2032,Agri02_OFC,DE4,0.0
2032,Agri02_OFC,DE5,0.0
2032,Agri02_OFC,DE6,0.0
2032,Agri02_OFC,DE7,0.0
2032,Agri02_OFC,DE8,0.0
2032,Agri02_OFC,DE9,0.0
2032,Agri02_OFC,DEA,0.0
2032,Agri02_OFC,DEB,0.0
2032,Agri02_OFC,DEC,0.0
2032,Agri02_OFC,DEE,0.0
2032,Agri02_OFC,DED,0.0
2032,Agri02_OFC,DEF,0.0
2032,Agri02_OFC,DEG,0.0
2032,Agri03_No-till,DE1,0.0
2032,Agri03_No-till,DE2,0.0
2032,Agri03_No-till,DE3,0.0
2032,Agri03_No-till,DE4,0.0
2032,Agri03_No-till,DE5,0.0
2032,Agri03_No-till,DE6,0.0
2032,Agri03_No-till,DE7,0.0
2032,Agri03_No-till,DE8,0.0
2032,Agri03_No-till,DE9,0.0
2032,Agri03_No-till,DEA,0.0
2032,Agri03_No-till,DEB,0.0
2032,Agri03_No-till,DEC,0.0
2032,Agri03_No-till,DEE,0.0
2032,Agri03_No-till,DED,0.0
2032,Agri03_No-till,DEF,0.0
2032,Agri03_No-till,DEG,0.0
2032,Agri04_toGrassland,DE1,127626.65298188021
2032,Agri04_toGrassland,DE2,223295.67030926756
2032,Agri04_toGrassland,DE3,46742.93206650223
2032,Agri04_toGrassland,DE4,119666.40418076163
2032,Agri04_toGrassland,DE5,21975.61734658738
2032,Agri04_toGrassland,DE6,2874.2268336457114
2032,Agri04_toGrassland,DE7,52428.49108688122
2032,Agri04_toGrassland,DE8,123154.95103933132
2032,Agri04_toGrassland,DE9,191979.85922799353
2032,Agri04_toGrassland,DEA,130743.34518569232
2032,Agri04_toGrassland,DEB,74052.25152031913
2032,Agri04_toGrassland,DEC,36002.1148766493
2032,Agri04_toGrassland,DEE,97292.89476257189
2032,Agri04_toGrassland,DED,80314.72312268408
2032,Agri04_toGrassland,DEF,55741.70920877461
2032,Agri04_toGrassland,DEG,44566.39156811988
2032,Agri05_Agroforestry,DE1,5117344.683384197
2032,Agri05_Agroforestry,DE2,6690518.500186771
2032,Agri05_Agroforestry,DE3,25947.579098947986
2032,Agri05_Agroforestry,DE4,5194253.470745146
2032,Agri05_Agroforestry,DE5,213015.22966415636
2032,Agri05_Agroforestry,DE6,172440.18141490183
2032,Agri05_Agroforestry,DE7,1306159.4119839005
2032,Agri05_Agroforestry,DE8,5010116.048498581
2032,Agri05_Agroforestry,DE9,6141867.440234146
2032,Agri05_Agroforestry,DEA,5134899.006619502
2032,Agri05_Agroforestry,DEB,3286090.7653363915
2032,Agri05_Agroforestry,DEC,949133.5990737306
2032,Agri05_Agroforestry,DEE,3716879.706277319
2032,Agri05_Agroforestry,DED,3409005.9430724797
2032,Agri05_Agroforestry,DEF,917672.2274789179
2032,Agri05_Agroforestry,DEG,733906.1807705327
2032,Agri06_Biochar,DE1,0.0
2032,Agri06_Biochar,DE2,0.0
2032,Agri06_Biochar,DE3,0.0
2032,Agri06_Biochar,DE4,0.0
2032,Agri06_Biochar,DE5,0.0
2032,Agri06_Biochar,DE6,0.0
2032,Agri06_Biochar,DE7,0.0
2032,Agri06_Biochar,DE8,0.0
2032,Agri06_Biochar,DE9,0.0
2032,Agri06_Biochar,DEA,0.0
2032,Agri06_Biochar,DEB,0.0
2032,Agri06_Biochar,DEC,0.0
2032,Agri06_Biochar,DEE,0.0
2032,Agri06_Biochar,DED,0.0
2032,Agri06_Biochar,DEF,0.0
2032,Agri06_Biochar,DEG,0.0
2033,Agri01_AGC,DE1,9377500.99878654
2033,Agri01_AGC,DE2,16158575.508862153
2033,Agri01_AGC,DE3,32523.64448486851
2033,Agri01_AGC,DE4,8187036.642767272
2033,Agri01_AGC,DE5,104566.73525916044
2033,Agri01_AGC,DE6,145658.84828752026
2033,Agri01_AGC,DE7,3764886.648339421
2033,Agri01_AGC,DE8,8976964.485250525
2033,Agri01_AGC,DE9,13302645.016190682
2033,Agri01_AGC,DEA,8837099.649484582
2033,Agri01_AGC,DEB,4994767.085463491
2033,Agri01_AGC,DEC,883046.2049527519
2033,Agri01_AGC,DEE,6555340.982401277
2033,Agri01_AGC,DED,5479380.236108273
2033,Agri01_AGC,DEF,3513950.3339109467
2033,Agri01_AGC,DEG,2809502.1134717083
2033,Agri02_OFC,DE1,667474.1577111222
2033,Agri02_OFC,DE2,997800.8752138802
2033,Agri02_OFC,DE3,388198.2251701346
2033,Agri02_OFC,DE4,655602.2633207359
2033,Agri02_OFC,DE5,180300.92246543404
2033,Agri02_OFC,DE6,19676.243717144083
2033,Agri02_OFC,DE7,214387.1613851334
2033,Agri02_OFC,DE8,649502.4948283334
2033,Agri02_OFC,DE9,887141.6662080227
2033,Agri02_OFC,DEA,675703.760394871
2033,Agri02_OFC,DEB,411093.7542448399
2033,Agri02_OFC,DEC,277797.8846751008
2033,Agri02_OFC,DEE,494992.35840673564
2033,Agri02_OFC,DED,434214.7027280028
2033,Agri02_OFC,DEF,192545.03844705044
2033,Agri02_OFC,DEG,153958.81590171467
2033,Agri03_No-till,DE1,0.0
2033,Agri03_No-till,DE2,0.0
2033,Agri03_No-till,DE3,0.0
2033,Agri03_No-till,DE4,0.0
2033,Agri03_No-till,DE5,0.0
2033,Agri03_No-till,DE6,0.0
2033,Agri03_No-till,DE7,0.0
2033,Agri03_No-till,DE8,0.0
2033,Agri03_No-till,DE9,0.0
2033,Agri03_No-till,DEA,0.0
2033,Agri03_No-till,DEB,0.0
2033,Agri03_No-till,DEC,0.0
2033,Agri03_No-till,DEE,0.0
2033,Agri03_No-till,DED,0.0
2033,Agri03_No-till,DEF,0.0
2033,Agri03_No-till,DEG,0.0
2033,Agri04_toGrassland,DE1,139719.5611574007
2033,Agri04_toGrassland,DE2,240753.8084313815
2033,Agri04_toGrassland,DE3,54299.786943157414
2033,Agri04_toGrassland,DE4,131652.65212036247
2033,Agri04_toGrassland,DE5,25480.381681078274
2033,Agri04_toGrassland,DE6,3247.631124385654
2033,Agri04_toGrassland,DE7,56094.721864749445
2033,Agri04_toGrassland,DE8,134941.98809960837
2033,Agri04_toGrassland,DE9,207626.67732084577
2033,Agri04_toGrassland,DEA,142955.94823021363
2033,Agri04_toGrassland,DEB,81586.95346688453
2033,Agri04_toGrassland,DEC,41361.225514958234
2033,Agri04_toGrassland,DEE,106210.45452128205
2033,Agri04_toGrassland,DED,88233.22608831969
2033,Agri04_toGrassland,DEF,58869.502172386754
2033,Agri04_toGrassland,DEG,47067.459699144325
2033,Agri05_Agroforestry,DE1,6080908.525201062
2033,Agri05_Agroforestry,DE2,7805375.253802535
2033,Agri05_Agroforestry,DE3,26802.030122565542
2033,Agri05_Agroforestry,DE4,6197666.9332418265
2033,Agri05_Agroforestry,DE5,220029.79855085633
2033,Agri05_Agroforestry,DE6,178118.6182725713
2033,Agri05_Agroforestry,DE7,1501117.7540378321
2033,Agri05_Agroforestry,DE8,5958105.284710762
2033,Agri05_Agroforestry,DE9,7198697.77312574
2033,Agri05_Agroforestry,DEA,6094888.682246168
2033,Agri05_Agroforestry,DEB,3925136.1050860323
2033,Agri05_Agroforestry,DEC,980388.4676757592
2033,Agri05_Agroforestry,DEE,4404947.502071951
2033,Agri05_Agroforestry,DED,4062985.449211154
2033,Agri05_Agroforestry,DEF,1006090.7544479567
2033,Agri05_Agroforestry,DEG,804651.8352322018
2033,Agri06_Biochar,DE1,0.0
2033,Agri06_Biochar,DE2,0.0
2033,Agri06_Biochar,DE3,0.0
2033,Agri06_Biochar,DE4,0.0
2033,Agri06_Biochar,DE5,0.0
2033,Agri06_Biochar,DE6,0.0
2033,Agri06_Biochar,DE7,0.0
2033,Agri06_Biochar,DE8,0.0
2033,Agri06_Biochar,DE9,0.0
2033,Agri06_Biochar,DEA,0.0
2033,Agri06_Biochar,DEB,0.0
2033,Agri06_Biochar,DEC,0.0
2033,Agri06_Biochar,DEE,0.0
2033,Agri06_Biochar,DED,0.0
2033,Agri06_Biochar,DEF,0.0
2033,Agri06_Biochar,DEG,0.0
2034,Agri01_AGC,DE1,9781860.016886774
2034,Agri01_AGC,DE2,16603652.256229123
2034,Agri01_AGC,DE3,30658.85520864402
2034,Agri01_AGC,DE4,8649318.324346198
2034,Agri01_AGC,DE5,98571.25321372705
2034,Agri01_AGC,DE6,161907.35355857792
2034,Agri01_AGC,DE7,3838689.7842006125
2034,Agri01_AGC,DE8,9380093.075476874
2034,Agri01_AGC,DE9,13766754.219239157
2034,Agri01_AGC,DEA,9282316.810162278
2034,Agri01_AGC,DEB,5293713.98212095
2034,Agri01_AGC,DEC,832415.4986008625
2034,Agri01_AGC,DEE,6875096.490462042
2034,Agri01_AGC,DED,5781094.578955471
2034,Agri01_AGC,DEF,3562863.2623286927
2034,Agri01_AGC,DEG,2848632.332397006
2034,Agri02_OFC,DE1,1273101.7613388503
2034,Agri02_OFC,DE2,1878053.678428689
2034,Agri02_OFC,DE3,761642.9484854444
2034,Agri02_OFC,DE4,1254850.5516940928
2034,Agri02_OFC,DE5,353544.47357985255
2034,Agri02_OFC,DE6,38214.84924280375
2034,Agri02_OFC,DE7,400081.85440519935
2034,Agri02_OFC,DE8,1239622.8955340493
2034,Agri02_OFC,DE9,1674829.2069962267
2034,Agri02_OFC,DEA,1287607.224366078
2034,Agri02_OFC,DEB,787610.6904095577
2034,Agri02_OFC,DEC,543067.662421496
2034,Agri02_OFC,DEE,942077.1844270966
2034,Agri02_OFC,DED,830288.6775040227
2034,Agri02_OFC,DEF,352639.87214022526
2034,Agri02_OFC,DEG,281974.0492890623
2034,Agri03_No-till,DE1,0.0
2034,Agri03_No-till,DE2,0.0
2034,Agri03_No-till,DE3,0.0
2034,Agri03_No-till,DE4,0.0
2034,Agri03_No-till,DE5,0.0
2034,Agri03_No-till,DE6,0.0
2034,Agri03_No-till,DE7,0.0
2034,Agri03_No-till,DE8,0.0
2034,Agri03_No-till,DE9,0.0
2034,Agri03_No-till,DEA,0.0
2034,Agri03_No-till,DEB,0.0
2034,Agri03_No-till,DEC,0.0
2034,Agri03_No-till,DEE,0.0
2034,Agri03_No-till,DED,0.0
2034,Agri03_No-till,DEF,0.0
2034,Agri03_No-till,DEG,0.0
2034,Agri04_toGrassland,DE1,151605.70334586053
2034,Agri04_toGrassland,DE2,257334.3284477752
2034,Agri04_toGrassland,DE3,62217.050212263624
2034,Agri04_toGrassland,DE4,143535.32780944285
2034,Agri04_toGrassland,DE5,29147.89489558874
2034,Agri04_toGrassland,DE6,3630.4710080635673
2034,Agri04_toGrassland,DE7,59494.540266946424
2034,Agri04_toGrassland,DE8,146545.93380191855
2034,Agri04_toGrassland,DE9,222607.78871416333
2034,Agri04_toGrassland,DEA,154932.24843375586
2034,Agri04_toGrassland,DEB,89073.924447544
2034,Agri04_toGrassland,DEC,46933.607259656
2034,Agri04_toGrassland,DEE,114928.399354715
2034,Agri04_toGrassland,DED,96064.62908373478
2034,Agri04_toGrassland,DEF,61606.66369187355
2034,Agri04_toGrassland,DEG,49256.26016279544
2034,Agri05_Agroforestry,DE1,7151451.906218639
2034,Agri05_Agroforestry,DE2,9027851.605702564
2034,Agri05_Agroforestry,DE3,27656.4811461831
2034,Agri05_Agroforestry,DE4,7315312.432714446
2034,Agri05_Agroforestry,DE5,227044.36743755636
2034,Agri05_Agroforestry,DE6,183797.0551302408
2034,Agri05_Agroforestry,DE7,1712037.3931407488
2034,Agri05_Agroforestry,DE8,7011859.497335179
2034,Agri05_Agroforestry,DE9,8361753.545063048
2034,Agri05_Agroforestry,DEA,7160694.103287811
2034,Agri05_Agroforestry,DEB,4637393.984884022
2034,Agri05_Agroforestry,DEC,1011643.336277788
2034,Agri05_Agroforestry,DEE,5018790.874922164
2034,Agri05_Agroforestry,DED,4790920.259480583
2034,Agri05_Agroforestry,DEF,1094919.4764696436
2034,Agri05_Agroforestry,DEG,875732.9179749213
2034,Agri06_Biochar,DE1,0.0
2034,Agri06_Biochar,DE2,0.0
2034,Agri06_Biochar,DE3,0.0
2034,Agri06_Biochar,DE4,0.0
2034,Agri06_Biochar,DE5,0.0
2034,Agri06_Biochar,DE6,0.0
2034,Agri06_Biochar,DE7,0.0
2034,Agri06_Biochar,DE8,0.0
2034,Agri06_Biochar,DE9,0.0
2034,Agri06_Biochar,DEA,0.0
2034,Agri06_Biochar,DEB,0.0
2034,Agri06_Biochar,DEC,0.0
2034,Agri06_Biochar,DEE,0.0
2034,Agri06_Biochar,DED,0.0
2034,Agri06_Biochar,DEF,0.0
2034,Agri06_Biochar,DEG,0.0
2035,Agri01_AGC,DE1,10093288.424477786
2035,Agri01_AGC,DE2,16879819.123359777
2035,Agri01_AGC,DE3,28794.06593241953
2035,Agri01_AGC,DE4,9025571.597884785
2035,Agri01_AGC,DE5,92575.77116829366
2035,Agri01_AGC,DE6,152059.52673649887
2035,Agri01_AGC,DE7,3872094.6658661515
2035,Agri01_AGC,DE8,9693748.340382958
2035,Agri01_AGC,DE9,14086730.120213201
2035,Agri01_AGC,DEA,9632034.027271204
2035,Agri01_AGC,DEB,5539624.978313395
2035,Agri01_AGC,DEC,781784.792248973
2035,Agri01_AGC,DEE,7123494.404572513
2035,Agri01_AGC,DED,6024855.102483969
2035,Agri01_AGC,DEF,3567509.704806968
2035,Agri01_AGC,DEG,2852371.378384112
2035,Agri02_OFC,DE1,1813959.8203070085
2035,Agri02_OFC,DE2,2641036.850520534
2035,Agri02_OFC,DE3,1114704.5174289292
2035,Agri02_OFC,DE4,1794060.2675706237
2035,Agri02_OFC,DE5,517153.90292026155
2035,Agri02_OFC,DE6,55402.67855204138
2035,Agri02_OFC,DE7,557780.3497447609
2035,Agri02_OFC,DE8,1767368.8746573587
2035,Agri02_OFC,DE9,2362373.425342774
2035,Agri02_OFC,DEA,1832971.9995769379
2035,Agri02_OFC,DEB,1127099.6594559308
2035,Agri02_OFC,DEC,792145.6633662551
2035,Agri02_OFC,DEE,1339465.1737586304
2035,Agri02_OFC,DED,1185932.8313121013
2035,Agri02_OFC,DEF,482147.2943932759
2035,Agri02_OFC,DEG,385534.5269150048
2035,Agri03_No-till,DE1,0.0
2035,Agri03_No-till,DE2,0.0
2035,Agri03_No-till,DE3,0.0
2035,Agri03_No-till,DE4,0.0
2035,Agri03_No-till,DE5,0.0
2035,Agri03_No-till,DE6,0.0
2035,Agri03_No-till,DE7,0.0
2035,Agri03_No-till,DE8,0.0
2035,Agri03_No-till,DE9,0.0
2035,Agri03_No-till,DEA,0.0
2035,Agri03_No-till,DEB,0.0
2035,Agri03_No-till,DEC,0.0
2035,Agri03_No-till,DEE,0.0
2035,Agri03_No-till,DED,0.0
2035,Agri03_No-till,DEF,0.0
2035,Agri03_No-till,DEG,0.0
2035,Agri04_toGrassland,DE1,148602.39353973162
2035,Agri04_toGrassland,DE2,252236.53400453008
2035,Agri04_toGrassland,DE3,60984.53010987259
2035,Agri04_toGrassland,DE4,140691.89218649277
2035,Agri04_toGrassland,DE5,28570.474939505497
2035,Agri04_toGrassland,DE6,3558.5513576892686
2035,Agri04_toGrassland,DE7,58315.953101348685
2035,Agri04_toGrassland,DE8,143642.8580579173
2035,Agri04_toGrassland,DE9,218197.92721152105
2035,Agri04_toGrassland,DEA,151863.0397513808
2035,Agri04_toGrassland,DEB,87309.36952078507
2035,Agri04_toGrassland,DEC,46003.85224510776
2035,Agri04_toGrassland,DEE,112651.66713971859
2035,Agri04_toGrassland,DED,94161.58826019052
2035,Agri04_toGrassland,DEF,60386.23534976435
2035,Agri04_toGrassland,DEG,48280.4933816297
2035,Agri05_Agroforestry,DE1,8334191.811709551
2035,Agri05_Agroforestry,DE2,10362635.92435655
2035,Agri05_Agroforestry,DE3,28510.932169800653
2035,Agri05_Agroforestry,DE4,8552858.625220444
2035,Agri05_Agroforestry,DE5,234058.9363242563
2035,Agri05_Agroforestry,DE6,189475.4919879102
2035,Agri05_Agroforestry,DE7,1939499.7591749507
2035,Agri05_Agroforestry,DE8,8176554.272564428
2035,Agri05_Agroforestry,DE9,9635830.051900737
2035,Agri05_Agroforestry,DEA,8337448.926451757
2035,Agri05_Agroforestry,DEB,5426513.099269125
2035,Agri05_Agroforestry,DEC,1042898.2048798165
2035,Agri05_Agroforestry,DEE,5173847.151884263
2035,Agri05_Agroforestry,DED,5596463.576055508
2035,Agri05_Agroforestry,DEF,1183852.4735383652
2035,Agri05_Agroforestry,DEG,946905.2579359225
2035,Agri06_Biochar,DE1,0.0
2035,Agri06_Biochar,DE2,0.0
2035,Agri06_Biochar,DE3,0.0
2035,Agri06_Biochar,DE4,0.0
2035,Agri06_Biochar,DE5,0.0
2035,Agri06_Biochar,DE6,0.0
2035,Agri06_Biochar,DE7,0.0
2035,Agri06_Biochar,DE8,0.0
2035,Agri06_Biochar,DE9,0.0
2035,Agri06_Biochar,DEA,0.0
2035,Agri06_Biochar,DEB,0.0
2035,Agri06_Biochar,DEC,0.0
2035,Agri06_Biochar,DEE,0.0
2035,Agri06_Biochar,DED,0.0
2035,Agri06_Biochar,DEF,0.0
2035,Agri06_Biochar,DEG,0.0
2036,Agri01_AGC,DE1,10307576.891161244
2036,Agri01_AGC,DE2,16987477.086450715
2036,Agri01_AGC,DE3,26929.276656195045
2036,Agri01_AGC,DE4,9310490.360586489
2036,Agri01_AGC,DE5,86580.2891228603
2036,Agri01_AGC,DE6,142211.69991441982
2036,Agri01_AGC,DE7,3866103.9764722385
2036,Agri01_AGC,DE8,9913621.099145228
2036,Agri01_AGC,DE9,14261580.222592946
2036,Agri01_AGC,DEA,9882307.806022383
2036,Agri01_AGC,DEB,5728970.231611112
2036,Agri01_AGC,DEC,731154.0858970837
2036,Agri01_AGC,DEE,7297957.989435086
2036,Agri01_AGC,DED,6207365.337353351
2036,Agri01_AGC,DEF,3530572.226450604
2036,Agri01_AGC,DEG,2822863.276035836
2036,Agri02_OFC,DE1,2287125.3440394234
2036,Agri02_OFC,DE2,3287028.832365524
2036,Agri02_OFC,DE3,1441753.279483589
2036,Agri02_OFC,DE4,2269546.8134008828
2036,Agri02_OFC,DE5,668552.4600636674
2036,Agri02_OFC,DE6,71026.59361991938
2036,Agri02_OFC,DE7,688178.9180883811
2036,Agri02_OFC,DE8,2229748.104738474
2036,Agri02_OFC,DE9,2949085.1242258293
2036,Agri02_OFC,DEA,2309059.693690769
2036,Agri02_OFC,DEB,1427109.5123457373
2036,Agri02_OFC,DEC,1021368.2176364477
2036,Agri02_OFC,DEE,1685367.0220988842
2036,Agri02_OFC,DED,1498858.0711362814
2036,Agri02_OFC,DEF,582930.0985199539
2036,Agri02_OFC,DEG,466129.0755325041
2036,Agri03_No-till,DE1,0.0
2036,Agri03_No-till,DE2,0.0
2036,Agri03_No-till,DE3,0.0
2036,Agri03_No-till,DE4,0.0
2036,Agri03_No-till,DE5,0.0
2036,Agri03_No-till,DE6,0.0
2036,Agri03_No-till,DE7,0.0
2036,Agri03_No-till,DE8,0.0
2036,Agri03_No-till,DE9,0.0
2036,Agri03_No-till,DEA,0.0
2036,Agri03_No-till,DEB,0.0
2036,Agri03_No-till,DEC,0.0
2036,Agri03_No-till,DEE,0.0
2036,Agri03_No-till,DED,0.0
2036,Agri03_No-till,DEF,0.0
2036,Agri03_No-till,DEG,0.0
2036,Agri04_toGrassland,DE1,145599.08373360278
2036,Agri04_toGrassland,DE2,247138.739561285
2036,Agri04_toGrassland,DE3,59752.01000748157
2036,Agri04_toGrassland,DE4,137848.45656354268
2036,Agri04_toGrassland,DE5,27993.05498342226
2036,Agri04_toGrassland,DE6,3486.6317073149708
2036,Agri04_toGrassland,DE7,57137.365935750946
2036,Agri04_toGrassland,DE8,140739.78231391608
2036,Agri04_toGrassland,DE9,213788.06570887883
2036,Agri04_toGrassland,DEA,148793.83106900574
2036,Agri04_toGrassland,DEB,85544.81459402615
2036,Agri04_toGrassland,DEC,45074.09723055953
2036,Agri04_toGrassland,DEE,110374.93492472217
2036,Agri04_toGrassland,DED,92258.54743664626
2036,Agri04_toGrassland,DEF,59165.80700765516
2036,Agri04_toGrassland,DEG,47304.72660046396
2036,Agri05_Agroforestry,DE1,9634345.226946434
2036,Agri05_Agroforestry,DE2,11814416.5782342
2036,Agri05_Agroforestry,DE3,29365.383193418213
2036,Agri05_Agroforestry,DE4,9915974.166817263
2036,Agri05_Agroforestry,DE5,241073.50521095633
2036,Agri05_Agroforestry,DE6,195153.9288455797
2036,Agri05_Agroforestry,DE7,2184086.2820227398
2036,Agri05_Agroforestry,DE8,9457365.196591116
2036,Agri05_Agroforestry,DE9,11025722.58949349
2036,Agri05_Agroforestry,DEA,9630286.80844534
2036,Agri05_Agroforestry,DEB,6296142.142780114
2036,Agri05_Agroforestry,DEC,1074153.0734818454
2036,Agri05_Agroforestry,DEE,5328903.428846366
2036,Agri05_Agroforestry,DED,5936798.697131595
2036,Agri05_Agroforestry,DEF,1272583.82564851
2036,Agri05_Agroforestry,DEG,1017924.6840524379
2036,Agri06_Biochar,DE1,0.0
2036,Agri06_Biochar,DE2,0.0
2036,Agri06_Biochar,DE3,0.0
2036,Agri06_Biochar,DE4,0.0
2036,Agri06_Biochar,DE5,0.0
2036,Agri06_Biochar,DE6,0.0
2036,Agri06_Biochar,DE7,0.0
2036,Agri06_Biochar,DE8,0.0
2036,Agri06_Biochar,DE9,0.0
2036,Agri06_Biochar,DEA,0.0
2036,Agri06_Biochar,DEB,0.0
2036,Agri06_Biochar,DEC,0.0
2036,Agri06_Biochar,DEE,0.0
2036,Agri06_Biochar,DED,0.0
2036,Agri06_Biochar,DEF,0.0
2036,Agri06_Biochar,DEG,0.0
2037,Agri01_AGC,DE1,10420516.086538807
2037,Agri01_AGC,DE2,16927027.121698547
2037,Agri01_AGC,DE3,25064.487379970557
2037,Agri01_AGC,DE4,9498768.509654758
2037,Agri01_AGC,DE5,80584.80707742693
2037,Agri01_AGC,DE6,132363.87309234077
2037,Agri01_AGC,DE7,3821720.3991550733
2037,Agri01_AGC,DE8,10035402.170940137
2037,Agri01_AGC,DE9,14290312.029858524
2037,Agri01_AGC,DEA,10029194.65162684
2037,Agri01_AGC,DEB,5858219.899584383
2037,Agri01_AGC,DEC,680523.3795451944
2037,Agri01_AGC,DEE,7395910.509752161
2037,Agri01_AGC,DED,6325328.814223196
2037,Agri01_AGC,DEF,3454733.39236443
2037,Agri01_AGC,DEG,2762252.049954989
2037,Agri02_OFC,DE1,2126024.145635227
2037,Agri02_OFC,DE2,3055496.1420111023
2037,Agri02_OFC,DE3,1340198.6437775444
2037,Agri02_OFC,DE4,2109683.816636765
2037,Agri02_OFC,DE5,621460.7679563573
2037,Agri02_OFC,DE6,66023.60181601255
2037,Agri02_OFC,DE7,639704.7718377284
2037,Agri02_OFC,DE8,2072688.460959431
2037,Agri02_OFC,DE9,2741356.6108118403
2037,Agri02_OFC,DEA,2146413.477203389
2037,Agri02_OFC,DEB,1326586.3585570296
2037,Agri02_OFC,DEC,949424.786856839
2037,Agri02_OFC,DEE,1566652.6509260724
2037,Agri02_OFC,DED,1393281.0715515597
2037,Agri02_OFC,DEF,541869.499151325
2037,Agri02_OFC,DEG,433295.74050124665
2037,Agri03_No-till,DE1,0.0
2037,Agri03_No-till,DE2,0.0
2037,Agri03_No-till,DE3,0.0
2037,Agri03_No-till,DE4,0.0
2037,Agri03_No-till,DE5,0.0
2037,Agri03_No-till,DE6,0.0
2037,Agri03_No-till,DE7,0.0
2037,Agri03_No-till,DE8,0.0
2037,Agri03_No-till,DE9,0.0
2037,Agri03_No-till,DEA,0.0
2037,Agri03_No-till,DEB,0.0
2037,Agri03_No-till,DEC,0.0
2037,Agri03_No-till,DEE,0.0
2037,Agri03_No-till,DED,0.0
2037,Agri03_No-till,DEF,0.0
2037,Agri03_No-till,DEG,0.0
2037,Agri04_toGrassland,DE1,142595.7739274739
2037,Agri04_toGrassland,DE2,242040.94511803996
2037,Agri04_toGrassland,DE3,58519.489905090544
2037,Agri04_toGrassland,DE4,135005.02094059263
2037,Agri04_toGrassland,DE5,27415.635027339024
2037,Agri04_toGrassland,DE6,3414.7120569406725
2037,Agri04_toGrassland,DE7,55958.778770153214
2037,Agri04_toGrassland,DE8,137836.70656991485
2037,Agri04_toGrassland,DE9,209378.2042062366
2037,Agri04_toGrassland,DEA,145724.62238663068
2037,Agri04_toGrassland,DEB,83780.25966726721
2037,Agri04_toGrassland,DEC,44144.3422160113
2037,Agri04_toGrassland,DEE,108098.20270972577
2037,Agri04_toGrassland,DED,90355.506613102
2037,Agri04_toGrassland,DEF,57945.37866554596
2037,Agri04_toGrassland,DEG,46328.95981929822
2037,Agri05_Agroforestry,DE1,11057129.137201913
2037,Agri05_Agroforestry,DE2,13387881.935805203
2037,Agri05_Agroforestry,DE3,30219.83421703577
2037,Agri05_Agroforestry,DE4,10942700.257566225
2037,Agri05_Agroforestry,DE5,248088.0740976563
2037,Agri05_Agroforestry,DE6,200832.36570324918
2037,Agri05_Agroforestry,DE7,2446378.3915664167
2037,Agri05_Agroforestry,DE8,10422092.85411279
2037,Agri05_Agroforestry,DE9,12536226.45369597
2037,Agri05_Agroforestry,DEA,11044341.405975882
2037,Agri05_Agroforestry,DEB,7249929.809955756
2037,Agri05_Agroforestry,DEC,1105407.942083874
2037,Agri05_Agroforestry,DEE,5483959.705808466
2037,Agri05_Agroforestry,DED,6109543.036626964
2037,Agri05_Agroforestry,DEF,1360807.6127944642
2037,Agri05_Agroforestry,DEG,1088547.025261699
2037,Agri06_Biochar,DE1,0.0
2037,Agri06_Biochar,DE2,0.0
2037,Agri06_Biochar,DE3,0.0
2037,Agri06_Biochar,DE4,0.0
2037,Agri06_Biochar,DE5,0.0
2037,Agri06_Biochar,DE6,0.0
2037,Agri06_Biochar,DE7,0.0
2037,Agri06_Biochar,DE8,0.0
2037,Agri06_Biochar,DE9,0.0
2037,Agri06_Biochar,DEA,0.0
2037,Agri06_Biochar,DEB,0.0
2037,Agri06_Biochar,DEC,0.0
2037,Agri06_Biochar,DEE,0.0
2037,Agri06_Biochar,DED,0.0
2037,Agri06_Biochar,DEF,0.0
2037,Agri06_Biochar,DEG,0.0
2038,Agri01_AGC,DE1,10427896.680212133
2038,Agri01_AGC,DE2,16698870.205299864
2038,Agri01_AGC,DE3,23199.69810374607
2038,Agri01_AGC,DE4,9585099.942293044
2038,Agri01_AGC,DE5,74589.32503199353
2038,Agri01_AGC,DE6,122516.0462702617
2038,Agri01_AGC,DE7,3739946.6170508554
2038,Agri01_AGC,DE8,10054782.37494413
2038,Agri01_AGC,DE9,14171933.045490064
2038,Agri01_AGC,DEA,10068751.069295596
2038,Agri01_AGC,DEB,5923844.139803488
2038,Agri01_AGC,DEC,629892.673193305
2038,Agri01_AGC,DEE,7414775.230226133
2038,Agri01_AGC,DED,6375449.063753087
2038,Agri01_AGC,DEF,3342675.7676532753
2038,Agri01_AGC,DEG,2672681.72474438
2038,Agri02_OFC,DE1,1964922.9472310313
2038,Agri02_OFC,DE2,2823963.4516566796
2038,Agri02_OFC,DE3,1238644.0080714994
2038,Agri02_OFC,DE4,1949820.8198726468
2038,Agri02_OFC,DE5,574369.0758490472
2038,Agri02_OFC,DE6,61020.61001210572
2038,Agri02_OFC,DE7,591230.6255870758
2038,Agri02_OFC,DE8,1915628.817180388
2038,Agri02_OFC,DE9,2533628.0973978504
2038,Agri02_OFC,DEA,1983767.2607160094
2038,Agri02_OFC,DEB,1226063.2047683217
2038,Agri02_OFC,DEC,877481.35607723
2038,Agri02_OFC,DEE,1447938.2797532603
2038,Agri02_OFC,DED,1287704.071966838
2038,Agri02_OFC,DEF,500808.8997826958
2038,Agri02_OFC,DEG,400462.4054699891
2038,Agri03_No-till,DE1,0.0
2038,Agri03_No-till,DE2,0.0
2038,Agri03_No-till,DE3,0.0
2038,Agri03_No-till,DE4,0.0
2038,Agri03_No-till,DE5,0.0
2038,Agri03_No-till,DE6,0.0
2038,Agri03_No-till,DE7,0.0
2038,Agri03_No-till,DE8,0.0
2038,Agri03_No-till,DE9,0.0
2038,Agri03_No-till,DEA,0.0
2038,Agri03_No-till,DEB,0.0
2038,Agri03_No-till,DEC,0.0
2038,Agri03_No-till,DEE,0.0
2038,Agri03_No-till,DED,0.0
2038,Agri03_No-till,DEF,0.0
2038,Agri03_No-till,DEG,0.0
2038,Agri04_toGrassland,DE1,139592.46412134502
2038,Agri04_toGrassland,DE2,236943.1506747948
2038,Agri04_toGrassland,DE3,57286.96980269951
2038,Agri04_toGrassland,DE4,132161.58531764252
2038,Agri04_toGrassland,DE5,26838.215071255778
2038,Agri04_toGrassland,DE6,3342.7924065663733
2038,Agri04_toGrassland,DE7,54780.19160455547
2038,Agri04_toGrassland,DE8,134933.6308259136
2038,Agri04_toGrassland,DE9,204968.3427035943
2038,Agri04_toGrassland,DEA,142655.4137042556
2038,Agri04_toGrassland,DEB,82015.70474050827
2038,Agri04_toGrassland,DEC,43214.58720146305
2038,Agri04_toGrassland,DEE,105821.47049472932
2038,Agri04_toGrassland,DED,88452.46578955773
2038,Agri04_toGrassland,DEF,56724.95032343675
2038,Agri04_toGrassland,DEG,45353.19303813247
2038,Agri05_Agroforestry,DE1,12607760.527748622
2038,Agri05_Agroforestry,DE2,15087720.365539264
2038,Agri05_Agroforestry,DE3,31074.28524065333
2038,Agri05_Agroforestry,DE4,11252099.752251301
2038,Agri05_Agroforestry,DE5,255102.6429843563
2038,Agri05_Agroforestry,DE6,206510.80256091867
2038,Agri05_Agroforestry,DE7,2726957.5176882828
2038,Agri05_Agroforestry,DE8,10716772.429238118
2038,Agri05_Agroforestry,DE9,14172136.940362854
2038,Agri05_Agroforestry,DEA,12584746.375750717
2038,Agri05_Agroforestry,DEB,8159299.428653531
2038,Agri05_Agroforestry,DEC,1136662.8106859028
2038,Agri05_Agroforestry,DEE,5639015.982770569
2038,Agri05_Agroforestry,DED,6282287.376122335
2038,Agri05_Agroforestry,DEF,1448217.9149706159
2038,Agri05_Agroforestry,DEG,1158528.1105009378
2038,Agri06_Biochar,DE1,0.0
2038,Agri06_Biochar,DE2,0.0
2038,Agri06_Biochar,DE3,0.0
2038,Agri06_Biochar,DE4,0.0
2038,Agri06_Biochar,DE5,0.0
2038,Agri06_Biochar,DE6,0.0
2038,Agri06_Biochar,DE7,0.0
2038,Agri06_Biochar,DE8,0.0
2038,Agri06_Biochar,DE9,0.0
2038,Agri06_Biochar,DEA,0.0
2038,Agri06_Biochar,DEB,0.0
2038,Agri06_Biochar,DEC,0.0
2038,Agri06_Biochar,DEE,0.0
2038,Agri06_Biochar,DED,0.0
2038,Agri06_Biochar,DEF,0.0
2038,Agri06_Biochar,DEG,0.0
2039,Agri01_AGC,DE1,10325509.341782887
2039,Agri01_AGC,DE2,16303407.313451275
2039,Agri01_AGC,DE3,21334.908827521576
2039,Agri01_AGC,DE4,9034672.898197776
2039,Agri01_AGC,DE5,68593.84298656015
2039,Agri01_AGC,DE6,112668.21944818262
2039,Agri01_AGC,DE7,3621785.313295786
2039,Agri01_AGC,DE8,9967452.530333662
2039,Agri01_AGC,DE9,13905450.772967698
2039,Agri01_AGC,DEA,9997033.564239677
2039,Agri01_AGC,DEB,5447686.175310532
2039,Agri01_AGC,DEC,579261.9668414156
2039,Agri01_AGC,DEE,7351975.415559398
2039,Agri01_AGC,DED,6217558.689152097
2039,Agri01_AGC,DEF,3197081.917421971
2039,Agri01_AGC,DEG,2556296.3250068184
2039,Agri02_OFC,DE1,1803821.7488268353
2039,Agri02_OFC,DE2,2592430.761302258
2039,Agri02_OFC,DE3,1137089.372365455
2039,Agri02_OFC,DE4,1789957.8231085292
2039,Agri02_OFC,DE5,527277.3837417371
2039,Agri02_OFC,DE6,56017.61820819889
2039,Agri02_OFC,DE7,542756.4793364232
2039,Agri02_OFC,DE8,1758569.173401345
2039,Agri02_OFC,DE9,2325899.5839838614
2039,Agri02_OFC,DEA,1821121.0442286301
2039,Agri02_OFC,DEB,1125540.050979614
2039,Agri02_OFC,DEC,805537.9252976212
2039,Agri02_OFC,DEE,1329223.9085804485
2039,Agri02_OFC,DED,1182127.0723821165
2039,Agri02_OFC,DEF,459748.3004140668
2039,Agri02_OFC,DEG,367629.0704387317
2039,Agri03_No-till,DE1,0.0
2039,Agri03_No-till,DE2,0.0
2039,Agri03_No-till,DE3,0.0
2039,Agri03_No-till,DE4,0.0
2039,Agri03_No-till,DE5,0.0
2039,Agri03_No-till,DE6,0.0
2039,Agri03_No-till,DE7,0.0
2039,Agri03_No-till,DE8,0.0
2039,Agri03_No-till,DE9,0.0
2039,Agri03_No-till,DEA,0.0
2039,Agri03_No-till,DEB,0.0
2039,Agri03_No-till,DEC,0.0
2039,Agri03_No-till,DEE,0.0
2039,Agri03_No-till,DED,0.0
2039,Agri03_No-till,DEF,0.0
2039,Agri03_No-till,DEG,0.0
2039,Agri04_toGrassland,DE1,136589.15431521615
2039,Agri04_toGrassland,DE2,231845.35623154973
2039,Agri04_toGrassland,DE3,56054.44970030848
2039,Agri04_toGrassland,DE4,129318.14969469245
2039,Agri04_toGrassland,DE5,26260.795115172543
2039,Agri04_toGrassland,DE6,3270.8727561920755
2039,Agri04_toGrassland,DE7,53601.60443895773
2039,Agri04_toGrassland,DE8,132030.55508191237
2039,Agri04_toGrassland,DE9,200558.48120095208
2039,Agri04_toGrassland,DEA,139586.20502188054
2039,Agri04_toGrassland,DEB,80251.14981374935
2039,Agri04_toGrassland,DEC,42284.83218691482
2039,Agri04_toGrassland,DEE,103544.73827973292
2039,Agri04_toGrassland,DED,86549.42496601347
2039,Agri04_toGrassland,DEF,55504.52198132756
2039,Agri04_toGrassland,DEG,44377.42625696673
2039,Agri05_Agroforestry,DE1,14291456.383859186
2039,Agri05_Agroforestry,DE2,16918620.235906076
2039,Agri05_Agroforestry,DE3,31928.736264270887
2039,Agri05_Agroforestry,DE4,11561499.246936373
2039,Agri05_Agroforestry,DE5,262117.2118710563
2039,Agri05_Agroforestry,DE6,212189.2394185881
2039,Agri05_Agroforestry,DE7,3026405.0902706375
2039,Agri05_Agroforestry,DE8,11011452.004363444
2039,Agri05_Agroforestry,DE9,15938249.34534881
2039,Agri05_Agroforestry,DEA,14256635.374477169
2039,Agri05_Agroforestry,DEB,8383656.053265262
2039,Agri05_Agroforestry,DEC,1167917.6792879314
2039,Agri05_Agroforestry,DEE,5794072.259732669
2039,Agri05_Agroforestry,DED,6455031.715617705
2039,Agri05_Agroforestry,DEF,1534508.8121713519
2039,Agri05_Agroforestry,DEG,1227623.7687073862
2039,Agri06_Biochar,DE1,0.0
2039,Agri06_Biochar,DE2,0.0
2039,Agri06_Biochar,DE3,0.0
2039,Agri06_Biochar,DE4,0.0
2039,Agri06_Biochar,DE5,0.0
2039,Agri06_Biochar,DE6,0.0
2039,Agri06_Biochar,DE7,0.0
2039,Agri06_Biochar,DE8,0.0
2039,Agri06_Biochar,DE9,0.0
2039,Agri06_Biochar,DEA,0.0
2039,Agri06_Biochar,DEB,0.0
2039,Agri06_Biochar,DEC,0.0
2039,Agri06_Biochar,DEE,0.0
2039,Agri06_Biochar,DED,0.0
2039,Agri06_Biochar,DEF,0.0
2039,Agri06_Biochar,DEG,0.0
2040,Agri01_AGC,DE1,9423002.59812743
2040,Agri01_AGC,DE2,14878399.155702533
2040,Agri01_AGC,DE3,19470.119551297084
2040,Agri01_AGC,DE4,8244992.413928631
2040,Agri01_AGC,DE5,62598.36094112676
2040,Agri01_AGC,DE6,102820.39262610354
2040,Agri01_AGC,DE7,3305221.2038532835
2040,Agri01_AGC,DE8,9096241.936461061
2040,Agri01_AGC,DE9,12690037.307078045
2040,Agri01_AGC,DEA,9123237.424056401
2040,Agri01_AGC,DEB,4971528.210817574
2040,Agri01_AGC,DEC,528631.2604895262
2040,Agri01_AGC,DEE,6709372.017305556
2040,Agri01_AGC,DED,5674109.600076512
2040,Agri01_AGC,DEF,2917639.2386171273
2040,Agri01_AGC,DEG,2332861.8584120735
2040,Agri02_OFC,DE1,1642720.5504226391
2040,Agri02_OFC,DE2,2360898.070947835
2040,Agri02_OFC,DE3,1035534.73665941
2040,Agri02_OFC,DE4,1630094.8263444111
2040,Agri02_OFC,DE5,480185.691634427
2040,Agri02_OFC,DE6,51014.626404292045
2040,Agri02_OFC,DE7,494282.3330857705
2040,Agri02_OFC,DE8,1601509.529622302
2040,Agri02_OFC,DE9,2118171.070569872
2040,Agri02_OFC,DEA,1658474.8277412502
2040,Agri02_OFC,DEB,1025016.8971909062
2040,Agri02_OFC,DEC,733594.4945180122
2040,Agri02_OFC,DEE,1210509.5374076364
2040,Agri02_OFC,DED,1076550.0727973946
2040,Agri02_OFC,DEF,418687.7010454377
2040,Agri02_OFC,DEG,334795.73540747416
2040,Agri03_No-till,DE1,0.0
2040,Agri03_No-till,DE2,0.0
2040,Agri03_No-till,DE3,0.0
2040,Agri03_No-till,DE4,0.0
2040,Agri03_No-till,DE5,0.0
2040,Agri03_No-till,DE6,0.0
2040,Agri03_No-till,DE7,0.0
2040,Agri03_No-till,DE8,0.0
2040,Agri03_No-till,DE9,0.0
2040,Agri03_No-till,DEA,0.0
2040,Agri03_No-till,DEB,0.0
2040,Agri03_No-till,DEC,0.0
2040,Agri03_No-till,DEE,0.0
2040,Agri03_No-till,DED,0.0
2040,Agri03_No-till,DEF,0.0
2040,Agri03_No-till,DEG,0.0
2040,Agri04_toGrassland,DE1,133585.84450908727
2040,Agri04_toGrassland,DE2,226747.56178830462
2040,Agri04_toGrassland,DE3,54821.92959791745
2040,Agri04_toGrassland,DE4,126474.71407174236
2040,Agri04_toGrassland,DE5,25683.3751590893
2040,Agri04_toGrassland,DE6,3198.9531058177768
2040,Agri04_toGrassland,DE7,52423.01727335999
2040,Agri04_toGrassland,DE8,129127.47933791112
2040,Agri04_toGrassland,DE9,196148.61969830983
2040,Agri04_toGrassland,DEA,136516.99633950545
2040,Agri04_toGrassland,DEB,78486.59488699041
2040,Agri04_toGrassland,DEC,41355.07717236658
2040,Agri04_toGrassland,DEE,101268.00606473649
2040,Agri04_toGrassland,DED,84646.3841424692
2040,Agri04_toGrassland,DEF,54284.09363921836
2040,Agri04_toGrassland,DEG,43401.65947580099
2040,Agri05_Agroforestry,DE1,14673912.784109479
2040,Agri05_Agroforestry,DE2,17371382.670946244
2040,Agri05_Agroforestry,DE3,32783.18728788844
2040,Agri05_Agroforestry,DE4,11870898.741621446
2040,Agri05_Agroforestry,DE5,269131.7807577562
2040,Agri05_Agroforestry,DE6,217867.67627625755
2040,Agri05_Agroforestry,DE7,3107395.29626751
2040,Agri05_Agroforestry,DE8,11306131.579488767
2040,Agri05_Agroforestry,DE9,16364775.887304198
2040,Agri05_Agroforestry,DEA,14638159.923029244
2040,Agri05_Agroforestry,DEB,8608012.677876994
2040,Agri05_Agroforestry,DEC,1199172.54788996
2040,Agri05_Agroforestry,DEE,5949128.53669477
2040,Agri05_Agroforestry,DED,6627776.055113073
2040,Agri05_Agroforestry,DEF,1575574.0962608191
2040,Agri05_Agroforestry,DEG,1260476.4433985252
2040,Agri06_Biochar,DE1,0.0
2040,Agri06_Biochar,DE2,0.0
2040,Agri06_Biochar,DE3,0.0
2040,Agri06_Biochar,DE4,0.0
2040,Agri06_Biochar,DE5,0.0
2040,Agri06_Biochar,DE6,0.0
2040,Agri06_Biochar,DE7,0.0
2040,Agri06_Biochar,DE8,0.0
2040,Agri06_Biochar,DE9,0.0
2040,Agri06_Biochar,DEA,0.0
2040,Agri06_Biochar,DEB,0.0
2040,Agri06_Biochar,DEC,0.0
2040,Agri06_Biochar,DEE,0.0
2040,Agri06_Biochar,DED,0.0
2040,Agri06_Biochar,DEF,0.0
2040,Agri06_Biochar,DEG,0.0
2041,Agri01_AGC,DE1,8520495.85447198
2041,Agri01_AGC,DE2,13453390.997953797
2041,Agri01_AGC,DE3,17605.3302750726
2041,Agri01_AGC,DE4,7455311.929659491
2041,Agri01_AGC,DE5,56602.8788956934
2041,Agri01_AGC,DE6,92972.5658040245
2041,Agri01_AGC,DE7,2988657.0944107827
2041,Agri01_AGC,DE8,8225031.342588462
2041,Agri01_AGC,DE9,11474623.841188397
2041,Agri01_AGC,DEA,8249441.283873129
2041,Agri01_AGC,DEB,4495370.246324619
2041,Agri01_AGC,DEC,478000.5541376369
2041,Agri01_AGC,DEE,6066768.619051716
2041,Agri01_AGC,DED,5130660.511000931
2041,Agri01_AGC,DEF,2638196.5598122855
2041,Agri01_AGC,DEG,2109427.39181733
2041,Agri02_OFC,DE1,1481619.3520184432
2041,Agri02_OFC,DE2,2129365.380593413
2041,Agri02_OFC,DE3,933980.1009533652
2041,Agri02_OFC,DE4,1470231.829580293
2041,Agri02_OFC,DE5,433093.9995271169
2041,Agri02_OFC,DE6,46011.63460038521
2041,Agri02_OFC,DE7,445808.1868351179
2041,Agri02_OFC,DE8,1444449.8858432588
2041,Agri02_OFC,DE9,1910442.5571558825
2041,Agri02_OFC,DEA,1495828.6112538707
2041,Agri02_OFC,DEB,924493.7434021985
2041,Agri02_OFC,DEC,661651.0637384033
2041,Agri02_OFC,DEE,1091795.1662348243
2041,Agri02_OFC,DED,970973.073212673
2041,Agri02_OFC,DEF,377627.10167680867
2041,Agri02_OFC,DEG,301962.4003762167
2041,Agri03_No-till,DE1,0.0
2041,Agri03_No-till,DE2,0.0
2041,Agri03_No-till,DE3,0.0
2041,Agri03_No-till,DE4,0.0
2041,Agri03_No-till,DE5,0.0
2041,Agri03_No-till,DE6,0.0
2041,Agri03_No-till,DE7,0.0
2041,Agri03_No-till,DE8,0.0
2041,Agri03_No-till,DE9,0.0
2041,Agri03_No-till,DEA,0.0
2041,Agri03_No-till,DEB,0.0
2041,Agri03_No-till,DEC,0.0
2041,Agri03_No-till,DEE,0.0
2041,Agri03_No-till,DED,0.0
2041,Agri03_No-till,DEF,0.0
2041,Agri03_No-till,DEG,0.0
2041,Agri04_toGrassland,DE1,130582.53470295841
2041,Agri04_toGrassland,DE2,221649.76734505955
2041,Agri04_toGrassland,DE3,53589.40949552643
2041,Agri04_toGrassland,DE4,123631.27844879229
2041,Agri04_toGrassland,DE5,25105.955203006062
2041,Agri04_toGrassland,DE6,3127.0334554434785
2041,Agri04_toGrassland,DE7,51244.43010776226
2041,Agri04_toGrassland,DE8,126224.4035939099
2041,Agri04_toGrassland,DE9,191738.7581956676
2041,Agri04_toGrassland,DEA,133447.7876571304
2041,Agri04_toGrassland,DEB,76722.03996023149
2041,Agri04_toGrassland,DEC,40425.322157818344
2041,Agri04_toGrassland,DEE,98991.27384974009
2041,Agri04_toGrassland,DED,82743.34331892495
2041,Agri04_toGrassland,DEF,53063.66529710917
2041,Agri04_toGrassland,DEG,42425.89269463525
2041,Agri05_Agroforestry,DE1,15056369.184359778
2041,Agri05_Agroforestry,DE2,17824145.105986416
2041,Agri05_Agroforestry,DE3,33637.638311505994
2041,Agri05_Agroforestry,DE4,12180298.23630652
2041,Agri05_Agroforestry,DE5,276146.34964445623
2041,Agri05_Agroforestry,DE6,223546.11313392705
2041,Agri05_Agroforestry,DE7,3188385.5022643832
2041,Agri05_Agroforestry,DE8,11600811.154614097
2041,Agri05_Agroforestry,DE9,16791302.42925959
2041,Agri05_Agroforestry,DEA,15019684.471581323
2041,Agri05_Agroforestry,DEB,8832369.302488727
2041,Agri05_Agroforestry,DEC,1230427.4164919888
2041,Agri05_Agroforestry,DEE,6104184.813656871
2041,Agri05_Agroforestry,DED,6800520.3946084445
2041,Agri05_Agroforestry,DEF,1616639.380350287
2041,Agri05_Agroforestry,DEG,1293329.1180896645
2041,Agri06_Biochar,DE1,0.0
2041,Agri06_Biochar,DE2,0.0
2041,Agri06_Biochar,DE3,0.0
2041,Agri06_Biochar,DE4,0.0
2041,Agri06_Biochar,DE5,0.0
2041,Agri06_Biochar,DE6,0.0
2041,Agri06_Biochar,DE7,0.0
2041,Agri06_Biochar,DE8,0.0
2041,Agri06_Biochar,DE9,0.0
2041,Agri06_Biochar,DEA,0.0
2041,Agri06_Biochar,DEB,0.0
2041,Agri06_Biochar,DEC,0.0
2041,Agri06_Biochar,DEE,0.0
2041,Agri06_Biochar,DED,0.0
2041,Agri06_Biochar,DEF,0.0
2041,Agri06_Biochar,DEG,0.0
2042,Agri01_AGC,DE1,7617989.110816524
2042,Agri01_AGC,DE2,12028382.840205058
2042,Agri01_AGC,DE3,15740.540998848111
2042,Agri01_AGC,DE4,6665631.445390349
2042,Agri01_AGC,DE5,50607.39685026002
2042,Agri01_AGC,DE6,83124.73898194544
2042,Agri01_AGC,DE7,2672092.9849682814
2042,Agri01_AGC,DE8,7353820.748715862
2042,Agri01_AGC,DE9,10259210.375298748
2042,Agri01_AGC,DEA,7375645.143689854
2042,Agri01_AGC,DEB,4019212.2818316626
2042,Agri01_AGC,DEC,427369.84778574755
2042,Agri01_AGC,DEE,5424165.220797875
2042,Agri01_AGC,DED,4587211.421925348
2042,Agri01_AGC,DEF,2358753.8810074427
2042,Agri01_AGC,DEG,1885992.9252225857
2042,Agri02_OFC,DE1,1320518.1536142472
2042,Agri02_OFC,DE2,1897832.6902389913
2042,Agri02_OFC,DE3,832425.4652473205
2042,Agri02_OFC,DE4,1310368.8328161754
2042,Agri02_OFC,DE5,386002.30741980684
2042,Agri02_OFC,DE6,41008.64279647838
2042,Agri02_OFC,DE7,397334.04058446526
2042,Agri02_OFC,DE8,1287390.2420642162
2042,Agri02_OFC,DE9,1702714.0437418933
2042,Agri02_OFC,DEA,1333182.3947664911
2042,Agri02_OFC,DEB,823970.5896134909
2042,Agri02_OFC,DEC,589707.6329587945
2042,Agri02_OFC,DEE,973080.7950620126
2042,Agri02_OFC,DED,865396.0736279514
2042,Agri02_OFC,DEF,336566.5023081797
2042,Agri02_OFC,DEG,269129.06534495926
2042,Agri03_No-till,DE1,0.0
2042,Agri03_No-till,DE2,0.0
2042,Agri03_No-till,DE3,0.0
2042,Agri03_No-till,DE4,0.0
2042,Agri03_No-till,DE5,0.0
2042,Agri03_No-till,DE6,0.0
2042,Agri03_No-till,DE7,0.0
2042,Agri03_No-till,DE8,0.0
2042,Agri03_No-till,DE9,0.0
2042,Agri03_No-till,DEA,0.0
2042,Agri03_No-till,DEB,0.0
2042,Agri03_No-till,DEC,0.0
2042,Agri03_No-till,DEE,0.0
2042,Agri03_No-till,DED,0.0
2042,Agri03_No-till,DEF,0.0
2042,Agri03_No-till,DEG,0.0
2042,Agri04_toGrassland,DE1,127579.22489682955
2042,Agri04_toGrassland,DE2,216551.9729018145
2042,Agri04_toGrassland,DE3,52356.8893931354
2042,Agri04_toGrassland,DE4,120787.84282584222
2042,Agri04_toGrassland,DE5,24528.535246922827
2042,Agri04_toGrassland,DE6,3055.1138050691807
2042,Agri04_toGrassland,DE7,50065.84294216452
2042,Agri04_toGrassland,DE8,123321.32784990867
2042,Agri04_toGrassland,DE9,187328.89669302537
2042,Agri04_toGrassland,DEA,130378.57897475535
2042,Agri04_toGrassland,DEB,74957.48503347255
2042,Agri04_toGrassland,DEC,39495.56714327011
2042,Agri04_toGrassland,DEE,96714.54163474367
2042,Agri04_toGrassland,DED,80840.30249538069
2042,Agri04_toGrassland,DEF,51843.23695499997
2042,Agri04_toGrassland,DEG,41450.125913469514
2042,Agri05_Agroforestry,DE1,15438825.584610073
2042,Agri05_Agroforestry,DE2,18276907.541026585
2042,Agri05_Agroforestry,DE3,34492.08933512355
2042,Agri05_Agroforestry,DE4,12489697.730991593
2042,Agri05_Agroforestry,DE5,283160.9185311562
2042,Agri05_Agroforestry,DE6,229224.5499915965
2042,Agri05_Agroforestry,DE7,3269375.7082612566
2042,Agri05_Agroforestry,DE8,11895490.729739422
2042,Agri05_Agroforestry,DE9,17217828.971214984
2042,Agri05_Agroforestry,DEA,15401209.0201334
2042,Agri05_Agroforestry,DEB,9056725.92710046
2042,Agri05_Agroforestry,DEC,1261682.2850940174
2042,Agri05_Agroforestry,DEE,6259241.090618973
2042,Agri05_Agroforestry,DED,6973264.734103814
2042,Agri05_Agroforestry,DEF,1657704.6644397546
2042,Agri05_Agroforestry,DEG,1326181.7927808037
2042,Agri06_Biochar,DE1,0.0
2042,Agri06_Biochar,DE2,0.0
2042,Agri06_Biochar,DE3,0.0
2042,Agri06_Biochar,DE4,0.0
2042,Agri06_Biochar,DE5,0.0
2042,Agri06_Biochar,DE6,0.0
2042,Agri06_Biochar,DE7,0.0
2042,Agri06_Biochar,DE8,0.0
2042,Agri06_Biochar,DE9,0.0
2042,Agri06_Biochar,DEA,0.0
2042,Agri06_Biochar,DEB,0.0
2042,Agri06_Biochar,DEC,0.0
2042,Agri06_Biochar,DEE,0.0
2042,Agri06_Biochar,DED,0.0
2042,Agri06_Biochar,DEF,0.0
2042,Agri06_Biochar,DEG,0.0
2043,Agri01_AGC,DE1,6715482.36716107
2043,Agri01_AGC,DE2,10603374.682456318
2043,Agri01_AGC,DE3,13875.751722623623
2043,Agri01_AGC,DE4,5875950.961121207
2043,Agri01_AGC,DE5,44611.91480482664
2043,Agri01_AGC,DE6,73276.91215986638
2043,Agri01_AGC,DE7,2355528.87552578
2043,Agri01_AGC,DE8,6482610.154843261
2043,Agri01_AGC,DE9,9043796.909409098
2043,Agri01_AGC,DEA,6501849.003506579
2043,Agri01_AGC,DEB,3543054.3173387065
2043,Agri01_AGC,DEC,376739.1414338582
2043,Agri01_AGC,DEE,4781561.822544034
2043,Agri01_AGC,DED,4043762.3328497647
2043,Agri01_AGC,DEF,2079311.2022026
2043,Agri01_AGC,DEG,1662558.4586278414
2043,Agri02_OFC,DE1,1159416.9552100508
2043,Agri02_OFC,DE2,1666299.9998845684
2043,Agri02_OFC,DE3,730870.8295412755
2043,Agri02_OFC,DE4,1150505.8360520569
2043,Agri02_OFC,DE5,338910.6153124966
2043,Agri02_OFC,DE6,36005.65099257153
2043,Agri02_OFC,DE7,348859.8943338125
2043,Agri02_OFC,DE8,1130330.5982851728
2043,Agri02_OFC,DE9,1494985.5303279033
2043,Agri02_OFC,DEA,1170536.1782791112
2043,Agri02_OFC,DEB,723447.4358247829
2043,Agri02_OFC,DEC,517764.20217918535
2043,Agri02_OFC,DEE,854366.4238892003
2043,Agri02_OFC,DED,759819.0740432295
2043,Agri02_OFC,DEF,295505.9029395505
2043,Agri02_OFC,DEG,236295.73031370167
2043,Agri03_No-till,DE1,0.0
2043,Agri03_No-till,DE2,0.0
2043,Agri03_No-till,DE3,0.0
2043,Agri03_No-till,DE4,0.0
2043,Agri03_No-till,DE5,0.0
2043,Agri03_No-till,DE6,0.0
2043,Agri03_No-till,DE7,0.0
2043,Agri03_No-till,DE8,0.0
2043,Agri03_No-till,DE9,0.0
2043,Agri03_No-till,DEA,0.0
2043,Agri03_No-till,DEB,0.0
2043,Agri03_No-till,DEC,0.0
2043,Agri03_No-till,DEE,0.0
2043,Agri03_No-till,DED,0.0
2043,Agri03_No-till,DEF,0.0
2043,Agri03_No-till,DEG,0.0
2043,Agri04_toGrassland,DE1,124575.91509070066
2043,Agri04_toGrassland,DE2,211454.1784585694
2043,Agri04_toGrassland,DE3,51124.36929074438
2043,Agri04_toGrassland,DE4,117944.40720289212
2043,Agri04_toGrassland,DE5,23951.115290839585
2043,Agri04_toGrassland,DE6,2983.194154694882
2043,Agri04_toGrassland,DE7,48887.25577656678
2043,Agri04_toGrassland,DE8,120418.25210590742
2043,Agri04_toGrassland,DE9,182919.03519038312
2043,Agri04_toGrassland,DEA,127309.37029238028
2043,Agri04_toGrassland,DEB,73192.93010671361
2043,Agri04_toGrassland,DEC,38565.812128721875
2043,Agri04_toGrassland,DEE,94437.80941974725
2043,Agri04_toGrassland,DED,78937.26167183642
2043,Agri04_toGrassland,DEF,50622.808612890774
2043,Agri04_toGrassland,DEG,40474.359132303776
2043,Agri05_Agroforestry,DE1,15821281.984860372
2043,Agri05_Agroforestry,DE2,18729669.976066757
2043,Agri05_Agroforestry,DE3,35346.54035874111
2043,Agri05_Agroforestry,DE4,12799097.225676669
2043,Agri05_Agroforestry,DE5,290175.48741785623
2043,Agri05_Agroforestry,DE6,234902.986849266
2043,Agri05_Agroforestry,DE7,3350365.91425813
2043,Agri05_Agroforestry,DE8,12190170.30486475
2043,Agri05_Agroforestry,DE9,17644355.513170376
2043,Agri05_Agroforestry,DEA,15782733.56868548
2043,Agri05_Agroforestry,DEB,9281082.551712193
2043,Agri05_Agroforestry,DEC,1292937.1536960462
2043,Agri05_Agroforestry,DEE,6414297.367581074
2043,Agri05_Agroforestry,DED,7146009.073599185
2043,Agri05_Agroforestry,DEF,1698769.9485292225
2043,Agri05_Agroforestry,DEG,1359034.467471943
2043,Agri06_Biochar,DE1,0.0
2043,Agri06_Biochar,DE2,0.0
2043,Agri06_Biochar,DE3,0.0
2043,Agri06_Biochar,DE4,0.0
2043,Agri06_Biochar,DE5,0.0
2043,Agri06_Biochar,DE6,0.0
2043,Agri06_Biochar,DE7,0.0
2043,Agri06_Biochar,DE8,0.0
2043,Agri06_Biochar,DE9,0.0
2043,Agri06_Biochar,DEA,0.0
2043,Agri06_Biochar,DEB,0.0
2043,Agri06_Biochar,DEC,0.0
2043,Agri06_Biochar,DEE,0.0
2043,Agri06_Biochar,DED,0.0
2043,Agri06_Biochar,DEF,0.0
2043,Agri06_Biochar,DEG,0.0
2044,Agri01_AGC,DE1,5812975.623505617
2044,Agri01_AGC,DE2,9178366.52470758
2044,Agri01_AGC,DE3,12010.962446399135
2044,Agri01_AGC,DE4,5086270.476852066
2044,Agri01_AGC,DE5,38616.43275939326
2044,Agri01_AGC,DE6,63429.08533778732
2044,Agri01_AGC,DE7,2038964.7660832787
2044,Agri01_AGC,DE8,5611399.560970661
2044,Agri01_AGC,DE9,7828383.443519449
2044,Agri01_AGC,DEA,5628052.863323305
2044,Agri01_AGC,DEB,3066896.3528457503
2044,Agri01_AGC,DEC,326108.43508196884
2044,Agri01_AGC,DEE,4138958.424290192
2044,Agri01_AGC,DED,3500313.2437741817
2044,Agri01_AGC,DEF,1799868.5233977572
2044,Agri01_AGC,DEG,1439123.9920330972
2044,Agri02_OFC,DE1,998315.7568058557
2044,Agri02_OFC,DE2,1434767.3095301474
2044,Agri02_OFC,DE3,629316.1938352312
2044,Agri02_OFC,DE4,990642.8392879398
2044,Agri02_OFC,DE5,291818.92320518673
2044,Agri02_OFC,DE6,31002.65918866472
2044,Agri02_OFC,DE7,300385.7480831601
2044,Agri02_OFC,DE8,973270.9545061305
2044,Agri02_OFC,DE9,1287257.016913915
2044,Agri02_OFC,DEA,1007889.9617917323
2044,Agri02_OFC,DEB,622924.2820360757
2044,Agri02_OFC,DEC,445820.7713995768
2044,Agri02_OFC,DEE,735652.052716389
2044,Agri02_OFC,DED,654242.0744585083
2044,Agri02_OFC,DEF,254445.3035709217
2044,Agri02_OFC,DEG,203462.39528244437
2044,Agri03_No-till,DE1,0.0
2044,Agri03_No-till,DE2,0.0
2044,Agri03_No-till,DE3,0.0
2044,Agri03_No-till,DE4,0.0
2044,Agri03_No-till,DE5,0.0
2044,Agri03_No-till,DE6,0.0
2044,Agri03_No-till,DE7,0.0
2044,Agri03_No-till,DE8,0.0
2044,Agri03_No-till,DE9,0.0
2044,Agri03_No-till,DEA,0.0
2044,Agri03_No-till,DEB,0.0
2044,Agri03_No-till,DEC,0.0
2044,Agri03_No-till,DEE,0.0
2044,Agri03_No-till,DED,0.0
2044,Agri03_No-till,DEF,0.0
2044,Agri03_No-till,DEG,0.0
2044,Agri04_toGrassland,DE1,121572.60528457181
2044,Agri04_toGrassland,DE2,206356.38401532432
2044,Agri04_toGrassland,DE3,49891.84918835335
2044,Agri04_toGrassland,DE4,115100.97157994205
2044,Agri04_toGrassland,DE5,23373.695334756347
2044,Agri04_toGrassland,DE6,2911.2745043205837
2044,Agri04_toGrassland,DE7,47708.66861096905
2044,Agri04_toGrassland,DE8,117515.1763619062
2044,Agri04_toGrassland,DE9,178509.17368774087
2044,Agri04_toGrassland,DEA,124240.16161000522
2044,Agri04_toGrassland,DEB,71428.37517995469
2044,Agri04_toGrassland,DEC,37636.057114173644
2044,Agri04_toGrassland,DEE,92161.07720475084
2044,Agri04_toGrassland,DED,77034.22084829216
2044,Agri04_toGrassland,DEF,49402.38027078158
2044,Agri04_toGrassland,DEG,39498.59235113804
2044,Agri05_Agroforestry,DE1,16203738.385110665
2044,Agri05_Agroforestry,DE2,19182432.41110692
2044,Agri05_Agroforestry,DE3,36200.99138235867
2044,Agri05_Agroforestry,DE4,13108496.72036174
2044,Agri05_Agroforestry,DE5,297190.05630455614
2044,Agri05_Agroforestry,DE6,240581.42370693543
2044,Agri05_Agroforestry,DE7,3431356.1202550023
2044,Agri05_Agroforestry,DE8,12484849.879990073
2044,Agri05_Agroforestry,DE9,18070882.05512576
2044,Agri05_Agroforestry,DEA,16164258.117237553
2044,Agri05_Agroforestry,DEB,9505439.176323922
2044,Agri05_Agroforestry,DEC,1324192.0222980748
2044,Agri05_Agroforestry,DEE,6569353.644543175
2044,Agri05_Agroforestry,DED,7318753.413094554
2044,Agri05_Agroforestry,DEF,1739835.23261869
2044,Agri05_Agroforestry,DEG,1391887.1421630818
2044,Agri06_Biochar,DE1,0.0
2044,Agri06_Biochar,DE2,0.0
2044,Agri06_Biochar,DE3,0.0
2044,Agri06_Biochar,DE4,0.0
2044,Agri06_Biochar,DE5,0.0
2044,Agri06_Biochar,DE6,0.0
2044,Agri06_Biochar,DE7,0.0
2044,Agri06_Biochar,DE8,0.0
2044,Agri06_Biochar,DE9,0.0
2044,Agri06_Biochar,DEA,0.0
2044,Agri06_Biochar,DEB,0.0
2044,Agri06_Biochar,DEC,0.0
2044,Agri06_Biochar,DEE,0.0
2044,Agri06_Biochar,DED,0.0
2044,Agri06_Biochar,DEF,0.0
2044,Agri06_Biochar,DEG,0.0
2045,Agri01_AGC,DE1,4910468.879850162
2045,Agri01_AGC,DE2,7753358.366958841
2045,Agri01_AGC,DE3,10146.173170174647
2045,Agri01_AGC,DE4,4296589.992582924
2045,Agri01_AGC,DE5,32620.950713959883
2045,Agri01_AGC,DE6,53581.258515708265
2045,Agri01_AGC,DE7,1722400.6566407774
2045,Agri01_AGC,DE8,4740188.967098061
2045,Agri01_AGC,DE9,6612969.977629798
2045,Agri01_AGC,DEA,4754256.72314003
2045,Agri01_AGC,DEB,2590738.388352794
2045,Agri01_AGC,DEC,275477.7287300795
2045,Agri01_AGC,DEE,3496355.0260363505
2045,Agri01_AGC,DED,2956864.1546985987
2045,Agri01_AGC,DEF,1520425.8445929145
2045,Agri01_AGC,DEG,1215689.525438353
2045,Agri02_OFC,DE1,837214.5584016598
2045,Agri02_OFC,DE2,1203234.6191757256
2045,Agri02_OFC,DE3,527761.5581291865
2045,Agri02_OFC,DE4,830779.8425238221
2045,Agri02_OFC,DE5,244727.23109787668
2045,Agri02_OFC,DE6,25999.66738475789
2045,Agri02_OFC,DE7,251911.60183250753
2045,Agri02_OFC,DE8,816211.3107270878
2045,Agri02_OFC,DE9,1079528.5034999258
2045,Agri02_OFC,DEA,845243.745304353
2045,Agri02_OFC,DEB,522401.12824736803
2045,Agri02_OFC,DEC,373877.340619968
2045,Agri02_OFC,DEE,616937.6815435771
2045,Agri02_OFC,DED,548665.0748737868
2045,Agri02_OFC,DEF,213384.70420229272
2045,Agri02_OFC,DEG,170629.06025118692
2045,Agri03_No-till,DE1,0.0
2045,Agri03_No-till,DE2,0.0
2045,Agri03_No-till,DE3,0.0
2045,Agri03_No-till,DE4,0.0
2045,Agri03_No-till,DE5,0.0
2045,Agri03_No-till,DE6,0.0
2045,Agri03_No-till,DE7,0.0
2045,Agri03_No-till,DE8,0.0
2045,Agri03_No-till,DE9,0.0
2045,Agri03_No-till,DEA,0.0
2045,Agri03_No-till,DEB,0.0
2045,Agri03_No-till,DEC,0.0
2045,Agri03_No-till,DEE,0.0
2045,Agri03_No-till,DED,0.0
2045,Agri03_No-till,DEF,0.0
2045,Agri03_No-till,DEG,0.0
2045,Agri04_toGrassland,DE1,118569.29547844292
2045,Agri04_toGrassland,DE2,201258.58957207922
2045,Agri04_toGrassland,DE3,48659.329085962316
2045,Agri04_toGrassland,DE4,112257.53595699197
2045,Agri04_toGrassland,DE5,22796.27537867311
2045,Agri04_toGrassland,DE6,2839.3548539462854
2045,Agri04_toGrassland,DE7,46530.0814453713
2045,Agri04_toGrassland,DE8,114612.10061790496
2045,Agri04_toGrassland,DE9,174099.31218509862
2045,Agri04_toGrassland,DEA,121170.95292763015
2045,Agri04_toGrassland,DEB,69663.82025319575
2045,Agri04_toGrassland,DEC,36706.302099625405
2045,Agri04_toGrassland,DEE,89884.34498975442
2045,Agri04_toGrassland,DED,75131.1800247479
2045,Agri04_toGrassland,DEF,48181.95192867237
2045,Agri04_toGrassland,DEG,38522.825569972294
2045,Agri05_Agroforestry,DE1,16586194.785360964
2045,Agri05_Agroforestry,DE2,19635194.846147094
2045,Agri05_Agroforestry,DE3,37055.442405976224
2045,Agri05_Agroforestry,DE4,13417896.215046816
2045,Agri05_Agroforestry,DE5,304204.6251912562
2045,Agri05_Agroforestry,DE6,246259.8605646049
2045,Agri05_Agroforestry,DE7,3512346.3262518756
2045,Agri05_Agroforestry,DE8,12779529.455115402
2045,Agri05_Agroforestry,DE9,18497408.597081155
2045,Agri05_Agroforestry,DEA,16545782.665789632
2045,Agri05_Agroforestry,DEB,9729795.800935656
2045,Agri05_Agroforestry,DEC,1355446.8909001036
2045,Agri05_Agroforestry,DEE,6724409.921505276
2045,Agri05_Agroforestry,DED,7491497.752589924
2045,Agri05_Agroforestry,DEF,1780900.5167081577
2045,Agri05_Agroforestry,DEG,1424739.8168542213
2045,Agri06_Biochar,DE1,0.0
2045,Agri06_Biochar,DE2,0.0
2045,Agri06_Biochar,DE3,0.0
2045,Agri06_Biochar,DE4,0.0
2045,Agri06_Biochar,DE5,0.0
2045,Agri06_Biochar,DE6,0.0
2045,Agri06_Biochar,DE7,0.0
2045,Agri06_Biochar,DE8,0.0
2045,Agri06_Biochar,DE9,0.0
2045,Agri06_Biochar,DEA,0.0
2045,Agri06_Biochar,DEB,0.0
2045,Agri06_Biochar,DEC,0.0
2045,Agri06_Biochar,DEE,0.0
2045,Agri06_Biochar,DED,0.0
2045,Agri06_Biochar,DEF,0.0
2045,Agri06_Biochar,DEG,0.0
2046,Agri01_AGC,DE1,4007962.136194708
2046,Agri01_AGC,DE2,6328350.2092101015
2046,Agri01_AGC,DE3,8281.383893950158
2046,Agri01_AGC,DE4,3506909.5083137816
2046,Agri01_AGC,DE5,26625.468668526504
2046,Agri01_AGC,DE6,43733.4316936292
2046,Agri01_AGC,DE7,1405836.5471982758
2046,Agri01_AGC,DE8,3868978.3732254608
2046,Agri01_AGC,DE9,5397556.511740149
2046,Agri01_AGC,DEA,3880460.582956756
2046,Agri01_AGC,DEB,2114580.423859838
2046,Agri01_AGC,DEC,224847.02237819013
2046,Agri01_AGC,DEE,2853751.627782509
2046,Agri01_AGC,DED,2413415.0656230156
2046,Agri01_AGC,DEF,1240983.1657880717
2046,Agri01_AGC,DEG,992255.0588436086
2046,Agri02_OFC,DE1,676113.3599974631
2046,Agri02_OFC,DE2,971701.9288213024
2046,Agri02_OFC,DE3,426206.92242314137
2046,Agri02_OFC,DE4,670916.8457597034
2046,Agri02_OFC,DE5,197635.53899056636
2046,Agri02_OFC,DE6,20996.67558085103
2046,Agri02_OFC,DE7,203437.45558185468
2046,Agri02_OFC,DE8,659151.6669480442
2046,Agri02_OFC,DE9,871799.9900859357
2046,Agri02_OFC,DEA,682597.5288169726
2046,Agri02_OFC,DEB,421877.9744586599
2046,Agri02_OFC,DEC,301933.9098403588
2046,Agri02_OFC,DEE,498223.3103707646
2046,Agri02_OFC,DED,443088.0752890646
2046,Agri02_OFC,DEF,172324.1048336635
2046,Agri02_OFC,DEG,137795.7252199293
2046,Agri03_No-till,DE1,0.0
2046,Agri03_No-till,DE2,0.0
2046,Agri03_No-till,DE3,0.0
2046,Agri03_No-till,DE4,0.0
2046,Agri03_No-till,DE5,0.0
2046,Agri03_No-till,DE6,0.0
2046,Agri03_No-till,DE7,0.0
2046,Agri03_No-till,DE8,0.0
2046,Agri03_No-till,DE9,0.0
2046,Agri03_No-till,DEA,0.0
2046,Agri03_No-till,DEB,0.0
2046,Agri03_No-till,DEC,0.0
2046,Agri03_No-till,DEE,0.0
2046,Agri03_No-till,DED,0.0
2046,Agri03_No-till,DEF,0.0
2046,Agri03_No-till,DEG,0.0
2046,Agri04_toGrassland,DE1,115565.98567231405
2046,Agri04_toGrassland,DE2,196160.79512883414
2046,Agri04_toGrassland,DE3,47426.808983571296
2046,Agri04_toGrassland,DE4,109414.1003340419
2046,Agri04_toGrassland,DE5,22218.85542258987
2046,Agri04_toGrassland,DE6,2767.435203571987
2046,Agri04_toGrassland,DE7,45351.49427977357
2046,Agri04_toGrassland,DE8,111709.02487390373
2046,Agri04_toGrassland,DE9,169689.4506824564
2046,Agri04_toGrassland,DEA,118101.74424525509
2046,Agri04_toGrassland,DEB,67899.26532643683
2046,Agri04_toGrassland,DEC,35776.547085077174
2046,Agri04_toGrassland,DEE,87607.612774758
2046,Agri04_toGrassland,DED,73228.13920120364
2046,Agri04_toGrassland,DEF,46961.523586563184
2046,Agri04_toGrassland,DEG,37547.05878880656
2046,Agri05_Agroforestry,DE1,16968651.185611263
2046,Agri05_Agroforestry,DE2,20087957.281187266
2046,Agri05_Agroforestry,DE3,37909.89342959379
2046,Agri05_Agroforestry,DE4,13727295.70973189
2046,Agri05_Agroforestry,DE5,311219.1940779562
2046,Agri05_Agroforestry,DE6,251938.2974222744
2046,Agri05_Agroforestry,DE7,3593336.5322487494
2046,Agri05_Agroforestry,DE8,13074209.03024073
2046,Agri05_Agroforestry,DE9,18923935.139036547
2046,Agri05_Agroforestry,DEA,16927307.21434171
2046,Agri05_Agroforestry,DEB,9954152.42554739
2046,Agri05_Agroforestry,DEC,1386701.7595021324
2046,Agri05_Agroforestry,DEE,6879466.1984673785
2046,Agri05_Agroforestry,DED,7664242.092085295
2046,Agri05_Agroforestry,DEF,1821965.8007976257
2046,Agri05_Agroforestry,DEG,1457592.4915453605
2046,Agri06_Biochar,DE1,0.0
2046,Agri06_Biochar,DE2,0.0
2046,Agri06_Biochar,DE3,0.0
2046,Agri06_Biochar,DE4,0.0
2046,Agri06_Biochar,DE5,0.0
2046,Agri06_Biochar,DE6,0.0
2046,Agri06_Biochar,DE7,0.0
2046,Agri06_Biochar,DE8,0.0
2046,Agri06_Biochar,DE9,0.0
2046,Agri06_Biochar,DEA,0.0
2046,Agri06_Biochar,DEB,0.0
2046,Agri06_Biochar,DEC,0.0
2046,Agri06_Biochar,DEE,0.0
2046,Agri06_Biochar,DED,0.0
2046,Agri06_Biochar,DEF,0.0
2046,Agri06_Biochar,DEG,0.0
2047,Agri01_AGC,DE1,3105455.3925392535
2047,Agri01_AGC,DE2,4903342.051461362
2047,Agri01_AGC,DE3,6416.59461772567
2047,Agri01_AGC,DE4,2717229.02404464
2047,Agri01_AGC,DE5,20629.986623093126
2047,Agri01_AGC,DE6,33885.604871550146
2047,Agri01_AGC,DE7,1089272.4377557745
2047,Agri01_AGC,DE8,2997767.7793528605
2047,Agri01_AGC,DE9,4182143.045850499
2047,Agri01_AGC,DEA,3006664.4427734814
2047,Agri01_AGC,DEB,1638422.4593668818
2047,Agri01_AGC,DEC,174216.31602630077
2047,Agri01_AGC,DEE,2211148.229528668
2047,Agri01_AGC,DED,1869965.9765474324
2047,Agri01_AGC,DEF,961540.4869832288
2047,Agri01_AGC,DEG,768820.5922488644
2047,Agri02_OFC,DE1,515012.1615932673
2047,Agri02_OFC,DE2,740169.2384668805
2047,Agri02_OFC,DE3,324652.2867170967
2047,Agri02_OFC,DE4,511053.84899558563
2047,Agri02_OFC,DE5,150543.8468832563
2047,Agri02_OFC,DE6,15993.683776944203
2047,Agri02_OFC,DE7,154963.3093312021
2047,Agri02_OFC,DE8,502092.0231690014
2047,Agri02_OFC,DE9,664071.4766719466
2047,Agri02_OFC,DEA,519951.3123295932
2047,Agri02_OFC,DEB,321354.82066995226
2047,Agri02_OFC,DEC,229990.47906075
2047,Agri02_OFC,DEE,379508.9391979528
2047,Agri02_OFC,DED,337511.0757043431
2047,Agri02_OFC,DEF,131263.50546503448
2047,Agri02_OFC,DEG,104962.39018867185
2047,Agri03_No-till,DE1,0.0
2047,Agri03_No-till,DE2,0.0
2047,Agri03_No-till,DE3,0.0
2047,Agri03_No-till,DE4,0.0
2047,Agri03_No-till,DE5,0.0
2047,Agri03_No-till,DE6,0.0
2047,Agri03_No-till,DE7,0.0
2047,Agri03_No-till,DE8,0.0
2047,Agri03_No-till,DE9,0.0
2047,Agri03_No-till,DEA,0.0
2047,Agri03_No-till,DEB,0.0
2047,Agri03_No-till,DEC,0.0
2047,Agri03_No-till,DEE,0.0
2047,Agri03_No-till,DED,0.0
2047,Agri03_No-till,DEF,0.0
2047,Agri03_No-till,DEG,0.0
2047,Agri04_toGrassland,DE1,112562.67586618518
2047,Agri04_toGrassland,DE2,191063.00068558904
2047,Agri04_toGrassland,DE3,46194.28888118026
2047,Agri04_toGrassland,DE4,106570.66471109181
2047,Agri04_toGrassland,DE5,21641.435466506628
2047,Agri04_toGrassland,DE6,2695.5155531976884
2047,Agri04_toGrassland,DE7,44172.90711417583
2047,Agri04_toGrassland,DE8,108805.94912990248
2047,Agri04_toGrassland,DE9,165279.58917981415
2047,Agri04_toGrassland,DEA,115032.53556288002
2047,Agri04_toGrassland,DEB,66134.71039967789
2047,Agri04_toGrassland,DEC,34846.79207052893
2047,Agri04_toGrassland,DEE,85330.88055976159
2047,Agri04_toGrassland,DED,71325.09837765936
2047,Agri04_toGrassland,DEF,45741.09524445398
2047,Agri04_toGrassland,DEG,36571.29200764081
2047,Agri05_Agroforestry,DE1,17351107.58586156
2047,Agri05_Agroforestry,DE2,20540719.71622744
2047,Agri05_Agroforestry,DE3,38764.34445321134
2047,Agri05_Agroforestry,DE4,14036695.204416964
2047,Agri05_Agroforestry,DE5,318233.76296465617
2047,Agri05_Agroforestry,DE6,257616.73427994386
2047,Agri05_Agroforestry,DE7,3674326.7382456223
2047,Agri05_Agroforestry,DE8,13368888.605366055
2047,Agri05_Agroforestry,DE9,19350461.68099194
2047,Agri05_Agroforestry,DEA,17308831.76289379
2047,Agri05_Agroforestry,DEB,10178509.050159123
2047,Agri05_Agroforestry,DEC,1417956.628104161
2047,Agri05_Agroforestry,DEE,7034522.475429479
2047,Agri05_Agroforestry,DED,7836986.4315806655
2047,Agri05_Agroforestry,DEF,1863031.0848870934
2047,Agri05_Agroforestry,DEG,1490445.1662364996
2047,Agri06_Biochar,DE1,0.0
2047,Agri06_Biochar,DE2,0.0
2047,Agri06_Biochar,DE3,0.0
2047,Agri06_Biochar,DE4,0.0
2047,Agri06_Biochar,DE5,0.0
2047,Agri06_Biochar,DE6,0.0
2047,Agri06_Biochar,DE7,0.0
2047,Agri06_Biochar,DE8,0.0
2047,Agri06_Biochar,DE9,0.0
2047,Agri06_Biochar,DEA,0.0
2047,Agri06_Biochar,DEB,0.0
2047,Agri06_Biochar,DEC,0.0
2047,Agri06_Biochar,DEE,0.0
2047,Agri06_Biochar,DED,0.0
2047,Agri06_Biochar,DEF,0.0
2047,Agri06_Biochar,DEG,0.0
2048,Agri01_AGC,DE1,2202948.648883799
2048,Agri01_AGC,DE2,3478333.893712623
2048,Agri01_AGC,DE3,4551.805341501182
2048,Agri01_AGC,DE4,1927548.5397754977
2048,Agri01_AGC,DE5,14634.504577659747
2048,Agri01_AGC,DE6,24037.778049471082
2048,Agri01_AGC,DE7,772708.3283132729
2048,Agri01_AGC,DE8,2126557.18548026
2048,Agri01_AGC,DE9,2966729.579960849
2048,Agri01_AGC,DEA,2132868.3025902063
2048,Agri01_AGC,DEB,1162264.4948739253
2048,Agri01_AGC,DEC,123585.60967441142
2048,Agri01_AGC,DEE,1568544.8312748265
2048,Agri01_AGC,DED,1326516.887471849
2048,Agri01_AGC,DEF,682097.808178386
2048,Agri01_AGC,DEG,545386.12565412
2048,Agri02_OFC,DE1,353910.9631890723
2048,Agri02_OFC,DE2,508636.54811245983
2048,Agri02_OFC,DE3,223097.65101105257
2048,Agri02_OFC,DE4,351190.8522314688
2048,Agri02_OFC,DE5,103452.15477594652
2048,Agri02_OFC,DE6,10990.6919730374
2048,Agri02_OFC,DE7,106489.16308054977
2048,Agri02_OFC,DE8,345032.37938995945
2048,Agri02_OFC,DE9,456342.96325795853
2048,Agri02_OFC,DEA,357305.09584221465
2048,Agri02_OFC,DEB,220831.66688124518
2048,Agri02_OFC,DEC,158047.0482811416
2048,Agri02_OFC,DEE,260794.56802514158
2048,Agri02_OFC,DED,231934.07611962207
2048,Agri02_OFC,DEF,90202.90609640571
2048,Agri02_OFC,DEG,72129.0551574146
2048,Agri03_No-till,DE1,0.0
2048,Agri03_No-till,DE2,0.0
2048,Agri03_No-till,DE3,0.0
2048,Agri03_No-till,DE4,0.0
2048,Agri03_No-till,DE5,0.0
2048,Agri03_No-till,DE6,0.0
2048,Agri03_No-till,DE7,0.0
2048,Agri03_No-till,DE8,0.0
2048,Agri03_No-till,DE9,0.0
2048,Agri03_No-till,DEA,0.0
2048,Agri03_No-till,DEB,0.0
2048,Agri03_No-till,DEC,0.0
2048,Agri03_No-till,DEE,0.0
2048,Agri03_No-till,DED,0.0
2048,Agri03_No-till,DEF,0.0
2048,Agri03_No-till,DEG,0.0
2048,Agri04_toGrassland,DE1,109559.3660600563
2048,Agri04_toGrassland,DE2,185965.20624234393
2048,Agri04_toGrassland,DE3,44961.768778789236
2048,Agri04_toGrassland,DE4,103727.22908814171
2048,Agri04_toGrassland,DE5,21064.01551042339
2048,Agri04_toGrassland,DE6,2623.59590282339
2048,Agri04_toGrassland,DE7,42994.319948578086
2048,Agri04_toGrassland,DE8,105902.87338590124
2048,Agri04_toGrassland,DE9,160869.72767717188
2048,Agri04_toGrassland,DEA,111963.32688050494
2048,Agri04_toGrassland,DEB,64370.15547291896
2048,Agri04_toGrassland,DEC,33917.03705598069
2048,Agri04_toGrassland,DEE,83054.14834476516
2048,Agri04_toGrassland,DED,69422.0575541151
2048,Agri04_toGrassland,DEF,44520.66690234478
2048,Agri04_toGrassland,DEG,35595.52522647507
2048,Agri05_Agroforestry,DE1,17733563.986111857
2048,Agri05_Agroforestry,DE2,20993482.15126761
2048,Agri05_Agroforestry,DE3,39618.795476828906
2048,Agri05_Agroforestry,DE4,14346094.699102039
2048,Agri05_Agroforestry,DE5,325248.3318513562
2048,Agri05_Agroforestry,DE6,263295.17113761336
2048,Agri05_Agroforestry,DE7,3755316.9442424956
2048,Agri05_Agroforestry,DE8,13663568.180491382
2048,Agri05_Agroforestry,DE9,19776988.222947333
2048,Agri05_Agroforestry,DEA,17690356.311445866
2048,Agri05_Agroforestry,DEB,10402865.674770856
2048,Agri05_Agroforestry,DEC,1449211.4967061898
2048,Agri05_Agroforestry,DEE,7189578.752391581
2048,Agri05_Agroforestry,DED,8009730.771076037
2048,Agri05_Agroforestry,DEF,1904096.3689765611
2048,Agri05_Agroforestry,DEG,1523297.840927639
2048,Agri06_Biochar,DE1,0.0
2048,Agri06_Biochar,DE2,0.0
2048,Agri06_Biochar,DE3,0.0
2048,Agri06_Biochar,DE4,0.0
2048,Agri06_Biochar,DE5,0.0
2048,Agri06_Biochar,DE6,0.0
2048,Agri06_Biochar,DE7,0.0
2048,Agri06_Biochar,DE8,0.0
2048,Agri06_Biochar,DE9,0.0
2048,Agri06_Biochar,DEA,0.0
2048,Agri06_Biochar,DEB,0.0
2048,Agri06_Biochar,DEC,0.0
2048,Agri06_Biochar,DEE,0.0
2048,Agri06_Biochar,DED,0.0
2048,Agri06_Biochar,DEF,0.0
2048,Agri06_Biochar,DEG,0.0
2049,Agri01_AGC,DE1,1300441.9052283447
2049,Agri01_AGC,DE2,2053325.735963884
2049,Agri01_AGC,DE3,2687.016065276693
2049,Agri01_AGC,DE4,1137868.0555063558
2049,Agri01_AGC,DE5,8639.022532226369
2049,Agri01_AGC,DE6,14189.95122739202
2049,Agri01_AGC,DE7,456144.2188707715
2049,Agri01_AGC,DE8,1255346.5916076596
2049,Agri01_AGC,DE9,1751316.1140711992
2049,Agri01_AGC,DEA,1259072.162406932
2049,Agri01_AGC,DEB,686106.5303809693
2049,Agri01_AGC,DEC,72954.90332252205
2049,Agri01_AGC,DEE,925941.4330209852
2049,Agri01_AGC,DED,783067.7983962661
2049,Agri01_AGC,DEF,402655.12937354326
2049,Agri01_AGC,DEG,321951.65905937576
2049,Agri02_OFC,DE1,192809.7647848765
2049,Agri02_OFC,DE2,277103.8577580379
2049,Agri02_OFC,DE3,121543.01530500792
2049,Agri02_OFC,DE4,191327.855467351
2049,Agri02_OFC,DE5,56360.462668636465
2049,Agri02_OFC,DE6,5987.7001691305695
2049,Agri02_OFC,DE7,58015.01682989719
2049,Agri02_OFC,DE8,187972.73561091666
2049,Agri02_OFC,DE9,248614.4498439694
2049,Agri02_OFC,DEA,194658.87935483523
2049,Agri02_OFC,DEB,120308.51309253756
2049,Agri02_OFC,DEC,86103.61750153278
2049,Agri02_OFC,DEE,142080.19685232974
2049,Agri02_OFC,DED,126357.07653490052
2049,Agri02_OFC,DEF,49142.306727776726
2049,Agri02_OFC,DEG,39295.720126157146
2049,Agri03_No-till,DE1,0.0
2049,Agri03_No-till,DE2,0.0
2049,Agri03_No-till,DE3,0.0
2049,Agri03_No-till,DE4,0.0
2049,Agri03_No-till,DE5,0.0
2049,Agri03_No-till,DE6,0.0
2049,Agri03_No-till,DE7,0.0
2049,Agri03_No-till,DE8,0.0
2049,Agri03_No-till,DE9,0.0
2049,Agri03_No-till,DEA,0.0
2049,Agri03_No-till,DEB,0.0
2049,Agri03_No-till,DEC,0.0
2049,Agri03_No-till,DEE,0.0
2049,Agri03_No-till,DED,0.0
2049,Agri03_No-till,DEF,0.0
2049,Agri03_No-till,DEG,0.0
2049,Agri04_toGrassland,DE1,106556.05625392744
2049,Agri04_toGrassland,DE2,180867.41179909886
2049,Agri04_toGrassland,DE3,43729.24867639821
2049,Agri04_toGrassland,DE4,100883.79346519164
2049,Agri04_toGrassland,DE5,20486.59555434015
2049,Agri04_toGrassland,DE6,2551.676252449092
2049,Agri04_toGrassland,DE7,41815.732782980354
2049,Agri04_toGrassland,DE8,102999.79764190002
2049,Agri04_toGrassland,DE9,156459.86617452966
2049,Agri04_toGrassland,DEA,108894.11819812989
2049,Agri04_toGrassland,DEB,62605.60054616003
2049,Agri04_toGrassland,DEC,32987.28204143246
2049,Agri04_toGrassland,DEE,80777.41612976875
2049,Agri04_toGrassland,DED,67519.01673057085
2049,Agri04_toGrassland,DEF,43300.238560235586
2049,Agri04_toGrassland,DEG,34619.75844530933
2049,Agri05_Agroforestry,DE1,18116020.386362154
2049,Agri05_Agroforestry,DE2,21446244.58630778
2049,Agri05_Agroforestry,DE3,40473.24650044646
2049,Agri05_Agroforestry,DE4,14655494.193787113
2049,Agri05_Agroforestry,DE5,332262.90073805617
2049,Agri05_Agroforestry,DE6,268973.6079952828
2049,Agri05_Agroforestry,DE7,3836307.150239369
2049,Agri05_Agroforestry,DE8,13958247.75561671
2049,Agri05_Agroforestry,DE9,20203514.764902722
2049,Agri05_Agroforestry,DEA,18071880.859997943
2049,Agri05_Agroforestry,DEB,10627222.299382588
2049,Agri05_Agroforestry,DEC,1480466.3653082184
2049,Agri05_Agroforestry,DEE,7344635.029353682
2049,Agri05_Agroforestry,DED,8182475.110571406
2049,Agri05_Agroforestry,DEF,1945161.6530660288
2049,Agri05_Agroforestry,DEG,1556150.515618778
2049,Agri06_Biochar,DE1,0.0
2049,Agri06_Biochar,DE2,0.0
2049,Agri06_Biochar,DE3,0.0
2049,Agri06_Biochar,DE4,0.0
2049,Agri06_Biochar,DE5,0.0
2049,Agri06_Biochar,DE6,0.0
2049,Agri06_Biochar,DE7,0.0
2049,Agri06_Biochar,DE8,0.0
2049,Agri06_Biochar,DE9,0.0
2049,Agri06_Biochar,DEA,0.0
2049,Agri06_Biochar,DEB,0.0
2049,Agri06_Biochar,DEC,0.0
2049,Agri06_Biochar,DEE,0.0
2049,Agri06_Biochar,DED,0.0
2049,Agri06_Biochar,DEF,0.0
2049,Agri06_Biochar,DEG,0.0
2050,Agri01_AGC,DE1,397935.1615728915
2050,Agri01_AGC,DE2,628317.5782151464
2050,Agri01_AGC,DE3,822.2267890522068
2050,Agri01_AGC,DE4,348187.5712372148
2050,Agri01_AGC,DE5,2643.5404867929965
2050,Agri01_AGC,DE6,4342.124405312971
2050,Agri01_AGC,DE7,139580.10942827043
2050,Agri01_AGC,DE8,384135.99773506005
2050,Agri01_AGC,DE9,535902.6481815507
2050,Agri01_AGC,DEA,385276.02222365834
2050,Agri01_AGC,DEB,209948.56588801352
2050,Agri01_AGC,DEC,22324.196970632747
2050,Agri01_AGC,DEE,283338.03476714453
2050,Agri01_AGC,DED,239618.70932068347
2050,Agri01_AGC,DEF,123212.45056870075
2050,Agri01_AGC,DEG,98517.19246463168
2050,Agri02_OFC,DE1,31708.566380679466
2050,Agri02_OFC,DE2,45571.167403614316
2050,Agri02_OFC,DE3,19988.3795989625
2050,Agri02_OFC,DE4,31464.85870323205
2050,Agri02_OFC,DE5,9268.770561326066
2050,Agri02_OFC,DE6,984.7083652237025
2050,Agri02_OFC,DE7,9540.870579244247
2050,Agri02_OFC,DE8,30913.091831872698
2050,Agri02_OFC,DE9,40885.93642997871
2050,Agri02_OFC,DEA,32012.662867454583
2050,Agri02_OFC,DEB,19785.359303829176
2050,Agri02_OFC,DEC,14160.18672192342
2050,Agri02_OFC,DEE,23365.825679517016
2050,Agri02_OFC,DED,20780.076950178183
2050,Agri02_OFC,DEF,8081.707359147419
2050,Agri02_OFC,DEG,6462.385094899456
2050,Agri03_No-till,DE1,0.0
2050,Agri03_No-till,DE2,0.0
2050,Agri03_No-till,DE3,0.0
2050,Agri03_No-till,DE4,0.0
2050,Agri03_No-till,DE5,0.0
2050,Agri03_No-till,DE6,0.0
2050,Agri03_No-till,DE7,0.0
2050,Agri03_No-till,DE8,0.0
2050,Agri03_No-till,DE9,0.0
2050,Agri03_No-till,DEA,0.0
2050,Agri03_No-till,DEB,0.0
2050,Agri03_No-till,DEC,0.0
2050,Agri03_No-till,DEE,0.0
2050,Agri03_No-till,DED,0.0
2050,Agri03_No-till,DEF,0.0
2050,Agri03_No-till,DEG,0.0
2050,Agri04_toGrassland,DE1,103552.74644779855
2050,Agri04_toGrassland,DE2,175769.61735585376
2050,Agri04_toGrassland,DE3,42496.728574007175
2050,Agri04_toGrassland,DE4,98040.35784224156
2050,Agri04_toGrassland,DE5,19909.175598256912
2050,Agri04_toGrassland,DE6,2479.756602074793
2050,Agri04_toGrassland,DE7,40637.145617382615
2050,Agri04_toGrassland,DE8,100096.72189789878
2050,Agri04_toGrassland,DE9,152050.0046718874
2050,Agri04_toGrassland,DEA,105824.90951575481
2050,Agri04_toGrassland,DEB,60841.04561940109
2050,Agri04_toGrassland,DEC,32057.52702688422
2050,Agri04_toGrassland,DEE,78500.68391477232
2050,Agri04_toGrassland,DED,65615.97590702657
2050,Agri04_toGrassland,DEF,42079.81021812638
2050,Agri04_toGrassland,DEG,33643.991664143585
2050,Agri05_Agroforestry,DE1,18498476.786612447
2050,Agri05_Agroforestry,DE2,21899007.021347944
2050,Agri05_Agroforestry,DE3,41327.69752406401
2050,Agri05_Agroforestry,DE4,14964893.688472183
2050,Agri05_Agroforestry,DE5,339277.46962475614
2050,Agri05_Agroforestry,DE6,274652.04485295224
2050,Agri05_Agroforestry,DE7,3917297.3562362413
2050,Agri05_Agroforestry,DE8,14252927.330742033
2050,Agri05_Agroforestry,DE9,20630041.30685811
2050,Agri05_Agroforestry,DEA,18453405.40855002
2050,Agri05_Agroforestry,DEB,10851578.92399432
2050,Agri05_Agroforestry,DEC,1511721.233910247
2050,Agri05_Agroforestry,DEE,7499691.3063157825
2050,Agri05_Agroforestry,DED,8355219.450066775
2050,Agri05_Agroforestry,DEF,1986226.937155496
2050,Agri05_Agroforestry,DEG,1589003.190309917
2050,Agri06_Biochar,DE1,0.0
2050,Agri06_Biochar,DE2,0.0
2050,Agri06_Biochar,DE3,0.0
2050,Agri06_Biochar,DE4,0.0
2050,Agri06_Biochar,DE5,0.0
2050,Agri06_Biochar,DE6,0.0
2050,Agri06_Biochar,DE7,0.0
2050,Agri06_Biochar,DE8,0.0
2050,Agri06_Biochar,DE9,0.0
2050,Agri06_Biochar,DEA,0.0
2050,Agri06_Biochar,DEB,0.0
2050,Agri06_Biochar,DEC,0.0
2050,Agri06_Biochar,DEE,0.0
2050,Agri06_Biochar,DED,0.0
2050,Agri06_Biochar,DEF,0.0
2050,Agri06_Biochar,DEG,0.0
