year,techAgri,r,capAgri
2020,Agri01_AGC,DE1,0.0
2020,Agri01_AGC,DE2,0.0
2020,Agri01_AGC,DE3,0.0
2020,Agri01_AGC,DE4,0.0
2020,Agri01_AGC,DE5,0.0
2020,Agri01_AGC,DE6,0.0
2020,Agri01_AGC,DE7,0.0
2020,Agri01_AGC,DE8,0.0
2020,Agri01_AGC,DE9,0.0
2020,Agri01_AGC,DEA,0.0
2020,Agri01_AGC,DEB,0.0
2020,Agri01_AGC,DEC,0.0
2020,Agri01_AGC,DEE,0.0
2020,Agri01_AGC,DED,0.0
2020,Agri01_AGC,DEF,0.0
2020,Agri01_AGC,DEG,0.0
2020,Agri02_OFC,DE1,0.0
2020,Agri02_OFC,DE2,0.0
2020,Agri02_OFC,DE3,0.0
2020,Agri02_OFC,DE4,0.0
2020,Agri02_OFC,DE5,0.0
2020,Agri02_OFC,DE6,0.0
2020,Agri02_OFC,DE7,0.0
2020,Agri02_OFC,DE8,0.0
2020,Agri02_OFC,DE9,0.0
2020,Agri02_OFC,DEA,0.0
2020,Agri02_OFC,DEB,0.0
2020,Agri02_OFC,DEC,0.0
2020,Agri02_OFC,DEE,0.0
2020,Agri02_OFC,DED,0.0
2020,Agri02_OFC,DEF,0.0
2020,Agri02_OFC,DEG,0.0
2020,Agri03_No-till,DE1,0.0
2020,Agri03_No-till,DE2,0.0
2020,Agri03_No-till,DE3,0.0
2020,Agri03_No-till,DE4,0.0
2020,Agri03_No-till,DE5,0.0
2020,Agri03_No-till,DE6,0.0
2020,Agri03_No-till,DE7,0.0
2020,Agri03_No-till,DE8,0.0
2020,Agri03_No-till,DE9,0.0
2020,Agri03_No-till,DEA,0.0
2020,Agri03_No-till,DEB,0.0
2020,Agri03_No-till,DEC,0.0
2020,Agri03_No-till,DEE,0.0
2020,Agri03_No-till,DED,0.0
2020,Agri03_No-till,DEF,0.0
2020,Agri03_No-till,DEG,0.0
2020,Agri04_toGrassland,DE1,0.0
2020,Agri04_toGrassland,DE2,0.0
2020,Agri04_toGrassland,DE3,0.0
2020,Agri04_toGrassland,DE4,0.0
2020,Agri04_toGrassland,DE5,0.0
2020,Agri04_toGrassland,DE6,0.0
2020,Agri04_toGrassland,DE7,0.0
2020,Agri04_toGrassland,DE8,0.0
2020,Agri04_toGrassland,DE9,0.0
2020,Agri04_toGrassland,DEA,0.0
2020,Agri04_toGrassland,DEB,0.0
2020,Agri04_toGrassland,DEC,0.0
2020,Agri04_toGrassland,DEE,0.0
2020,Agri04_toGrassland,DED,0.0
2020,Agri04_toGrassland,DEF,0.0
2020,Agri04_toGrassland,DEG,0.0
2020,Agri05_Agroforestry,DE1,0.0
2020,Agri05_Agroforestry,DE2,0.0
2020,Agri05_Agroforestry,DE3,0.0
2020,Agri05_Agroforestry,DE4,0.0
2020,Agri05_Agroforestry,DE5,0.0
2020,Agri05_Agroforestry,DE6,0.0
2020,Agri05_Agroforestry,DE7,0.0
2020,Agri05_Agroforestry,DE8,0.0
2020,Agri05_Agroforestry,DE9,0.0
2020,Agri05_Agroforestry,DEA,0.0
2020,Agri05_Agroforestry,DEB,0.0
2020,Agri05_Agroforestry,DEC,0.0
2020,Agri05_Agroforestry,DEE,0.0
2020,Agri05_Agroforestry,DED,0.0
2020,Agri05_Agroforestry,DEF,0.0
2020,Agri05_Agroforestry,DEG,0.0
2020,Agri06_Biochar,DE1,0.0
2020,Agri06_Biochar,DE2,0.0
2020,Agri06_Biochar,DE3,0.0
2020,Agri06_Biochar,DE4,0.0
2020,Agri06_Biochar,DE5,0.0
2020,Agri06_Biochar,DE6,0.0
2020,Agri06_Biochar,DE7,0.0
2020,Agri06_Biochar,DE8,0.0
2020,Agri06_Biochar,DE9,0.0
2020,Agri06_Biochar,DEA,0.0
2020,Agri06_Biochar,DEB,0.0
2020,Agri06_Biochar,DEC,0.0
2020,Agri06_Biochar,DEE,0.0
2020,Agri06_Biochar,DED,0.0
2020,Agri06_Biochar,DEF,0.0
2020,Agri06_Biochar,DEG,0.0
2021,Agri01_AGC,DE1,10129.914093720705
2021,Agri01_AGC,DE2,22087.149733794016
2021,Agri01_AGC,DE3,0.0
2021,Agri01_AGC,DE4,8734.239032066223
2021,Agri01_AGC,DE5,0.0
2021,Agri01_AGC,DE6,0.0
2021,Agri01_AGC,DE7,5696.47755735132
2021,Agri01_AGC,DE8,9636.000541654781
2021,Agri01_AGC,DE9,18238.112992564806
2021,Agri01_AGC,DEA,10584.43943517121
2021,Agri01_AGC,DEB,5266.53192240488
2021,Agri01_AGC,DEC,0.0
2021,Agri01_AGC,DEE,8077.506329760724
2021,Agri01_AGC,DED,6010.803534214013
2021,Agri01_AGC,DEF,6964.858769350984
2021,Agri01_AGC,DEG,5568.106611599662
2021,Agri02_OFC,DE1,0.0
2021,Agri02_OFC,DE2,0.0
2021,Agri02_OFC,DE3,0.0
2021,Agri02_OFC,DE4,0.0
2021,Agri02_OFC,DE5,0.0
2021,Agri02_OFC,DE6,0.0
2021,Agri02_OFC,DE7,0.0
2021,Agri02_OFC,DE8,0.0
2021,Agri02_OFC,DE9,0.0
2021,Agri02_OFC,DEA,0.0
2021,Agri02_OFC,DEB,0.0
2021,Agri02_OFC,DEC,0.0
2021,Agri02_OFC,DEE,0.0
2021,Agri02_OFC,DED,0.0
2021,Agri02_OFC,DEF,0.0
2021,Agri02_OFC,DEG,0.0
2021,Agri03_No-till,DE1,0.0
2021,Agri03_No-till,DE2,0.0
2021,Agri03_No-till,DE3,0.0
2021,Agri03_No-till,DE4,0.0
2021,Agri03_No-till,DE5,0.0
2021,Agri03_No-till,DE6,0.0
2021,Agri03_No-till,DE7,0.0
2021,Agri03_No-till,DE8,0.0
2021,Agri03_No-till,DE9,0.0
2021,Agri03_No-till,DEA,0.0
2021,Agri03_No-till,DEB,0.0
2021,Agri03_No-till,DEC,0.0
2021,Agri03_No-till,DEE,0.0
2021,Agri03_No-till,DED,0.0
2021,Agri03_No-till,DEF,0.0
2021,Agri03_No-till,DEG,0.0
2021,Agri04_toGrassland,DE1,68.39305056906973
2021,Agri04_toGrassland,DE2,149.12343132370484
2021,Agri04_toGrassland,DE3,0.13925463004922806
2021,Agri04_toGrassland,DE4,58.97002149038342
2021,Agri04_toGrassland,DE5,0.4477174149638915
2021,Agri04_toGrassland,DE6,0.7353943410024186
2021,Agri04_toGrassland,DE7,38.46029433625732
2021,Agri04_toGrassland,DE8,65.05834760607686
2021,Agri04_toGrassland,DE9,123.13630428101078
2021,Agri04_toGrassland,DEA,71.46182039032793
2021,Agri04_toGrassland,DEB,35.55747667356161
2021,Agri04_toGrassland,DEC,3.7808884746689677
2021,Agri04_toGrassland,DEE,54.536029997110624
2021,Agri04_toGrassland,DED,40.582495199151936
2021,Agri04_toGrassland,DEF,47.02388723256079
2021,Agri04_toGrassland,DEG,37.59358604009962
2021,Agri05_Agroforestry,DE1,743.2905118449842
2021,Agri05_Agroforestry,DE2,1620.6621970274336
2021,Agri05_Agroforestry,DE3,1.5134088095916107
2021,Agri05_Agroforestry,DE4,640.8817429898273
2021,Agri05_Agroforestry,DE5,4.865759075833992
2021,Agri05_Agroforestry,DE6,7.992210196554586
2021,Agri05_Agroforestry,DE7,417.983576182721
2021,Agri05_Agroforestry,DE8,707.049211718873
2021,Agri05_Agroforestry,DE9,1338.2360616200417
2021,Agri05_Agroforestry,DEA,776.6416706571488
2021,Agri05_Agroforestry,DEB,386.4359729051224
2021,Agri05_Agroforestry,DEC,41.090410592628785
2021,Agri05_Agroforestry,DEE,592.6934580818059
2021,Agri05_Agroforestry,DED,441.0474949945569
2021,Agri05_Agroforestry,DEF,511.0520574708494
2021,Agri05_Agroforestry,DEG,408.5642558320261
2021,Agri06_Biochar,DE1,0.0
2021,Agri06_Biochar,DE2,0.0
2021,Agri06_Biochar,DE3,0.0
2021,Agri06_Biochar,DE4,0.0
2021,Agri06_Biochar,DE5,0.0
2021,Agri06_Biochar,DE6,0.0
2021,Agri06_Biochar,DE7,0.0
2021,Agri06_Biochar,DE8,0.0
2021,Agri06_Biochar,DE9,0.0
2021,Agri06_Biochar,DEA,0.0
2021,Agri06_Biochar,DEB,0.0
2021,Agri06_Biochar,DEC,0.0
2021,Agri06_Biochar,DEE,0.0
2021,Agri06_Biochar,DED,0.0
2021,Agri06_Biochar,DEF,0.0
2021,Agri06_Biochar,DEG,0.0
2022,Agri01_AGC,DE1,20623.73714102438
2022,Agri01_AGC,DE2,44139.63389983523
2022,Agri01_AGC,DE3,0.0
2022,Agri01_AGC,DE4,17927.206206988158
2022,Agri01_AGC,DE5,0.0
2022,Agri01_AGC,DE6,0.0
2022,Agri01_AGC,DE7,11306.270217975598
2022,Agri01_AGC,DE8,19644.542398887213
2022,Agri01_AGC,DE9,36562.03021901027
2022,Agri01_AGC,DEA,21509.805556136194
2022,Agri01_AGC,DEB,10838.229071425932
2022,Agri01_AGC,DEC,0.0
2022,Agri01_AGC,DEE,16377.778980307572
2022,Agri01_AGC,DED,12306.596507286022
2022,Agri01_AGC,DEF,13697.801920815939
2022,Agri01_AGC,DEG,10950.856010571672
2022,Agri02_OFC,DE1,0.0
2022,Agri02_OFC,DE2,0.0
2022,Agri02_OFC,DE3,0.0
2022,Agri02_OFC,DE4,0.0
2022,Agri02_OFC,DE5,0.0
2022,Agri02_OFC,DE6,0.0
2022,Agri02_OFC,DE7,0.0
2022,Agri02_OFC,DE8,0.0
2022,Agri02_OFC,DE9,0.0
2022,Agri02_OFC,DEA,0.0
2022,Agri02_OFC,DEB,0.0
2022,Agri02_OFC,DEC,0.0
2022,Agri02_OFC,DEE,0.0
2022,Agri02_OFC,DED,0.0
2022,Agri02_OFC,DEF,0.0
2022,Agri02_OFC,DEG,0.0
2022,Agri03_No-till,DE1,0.0
2022,Agri03_No-till,DE2,0.0
2022,Agri03_No-till,DE3,0.0
2022,Agri03_No-till,DE4,0.0
2022,Agri03_No-till,DE5,0.0
2022,Agri03_No-till,DE6,0.0
2022,Agri03_No-till,DE7,0.0
2022,Agri03_No-till,DE8,0.0
2022,Agri03_No-till,DE9,0.0
2022,Agri03_No-till,DEA,0.0
2022,Agri03_No-till,DEB,0.0
2022,Agri03_No-till,DEC,0.0
2022,Agri03_No-till,DEE,0.0
2022,Agri03_No-till,DED,0.0
2022,Agri03_No-till,DEF,0.0
2022,Agri03_No-till,DEG,0.0
2022,Agri04_toGrassland,DE1,139.24306604768054
2022,Agri04_toGrassland,DE2,298.0128148651296
2022,Agri04_toGrassland,DE3,5.010600700940226
2022,Agri04_toGrassland,DE4,121.03718840386907
2022,Agri04_toGrassland,DE5,3.0613622268698557
2022,Agri04_toGrassland,DE6,1.6499451433458379
2022,Agri04_toGrassland,DE7,76.33532758633207
2022,Agri04_toGrassland,DE8,132.63194231095827
2022,Agri04_toGrassland,DE9,246.85192377166163
2022,Agri04_toGrassland,DEA,145.22543878665203
2022,Agri04_toGrassland,DEB,73.17530455867191
2022,Agri04_toGrassland,DEC,10.641331290464997
2022,Agri04_toGrassland,DEE,110.57608738296835
2022,Agri04_toGrassland,DED,83.08912291543429
2022,Agri04_toGrassland,DEF,92.4819747520057
2022,Agri04_toGrassland,DEG,73.93571574016542
2022,Agri05_Agroforestry,DE1,1775.2107163038784
2022,Agri05_Agroforestry,DE2,3500.7083638293625
2022,Agri05_Agroforestry,DE3,94.54500000000002
2022,Agri05_Agroforestry,DE4,1595.3818632399575
2022,Agri05_Agroforestry,DE5,153.86539309551227
2022,Agri05_Agroforestry,DE6,29.19381659985533
2022,Agri05_Agroforestry,DE7,868.1347586428654
2022,Agri05_Agroforestry,DE8,1700.4377120886918
2022,Agri05_Agroforestry,DE9,2941.771850227657
2022,Agri05_Agroforestry,DEA,1837.3028813339674
2022,Agri05_Agroforestry,DEB,974.7359588623741
2022,Agri05_Agroforestry,DEC,292.90866204425197
2022,Agri05_Agroforestry,DEE,1385.4237147263757
2022,Agri05_Agroforestry,DED,1084.2083879864335
2022,Agri05_Agroforestry,DEF,1005.1790916628946
2022,Agri05_Agroforestry,DEG,803.6197484398755
2022,Agri06_Biochar,DE1,0.0
2022,Agri06_Biochar,DE2,0.0
2022,Agri06_Biochar,DE3,0.0
2022,Agri06_Biochar,DE4,0.0
2022,Agri06_Biochar,DE5,0.0
2022,Agri06_Biochar,DE6,0.0
2022,Agri06_Biochar,DE7,0.0
2022,Agri06_Biochar,DE8,0.0
2022,Agri06_Biochar,DE9,0.0
2022,Agri06_Biochar,DEA,0.0
2022,Agri06_Biochar,DEB,0.0
2022,Agri06_Biochar,DEC,0.0
2022,Agri06_Biochar,DEE,0.0
2022,Agri06_Biochar,DED,0.0
2022,Agri06_Biochar,DEF,0.0
2022,Agri06_Biochar,DEG,0.0
2023,Agri01_AGC,DE1,31481.469141911028
2023,Agri01_AGC,DE2,66157.45249812363
2023,Agri01_AGC,DE3,0.0
2023,Agri01_AGC,DE4,27578.901524765803
2023,Agri01_AGC,DE5,0.0
2023,Agri01_AGC,DE6,0.0
2023,Agri01_AGC,DE7,16829.377981872836
2023,Agri01_AGC,DE8,30025.625571697303
2023,Agri01_AGC,DE9,54971.751679336376
2023,Agri01_AGC,DEA,32776.09836289495
2023,Agri01_AGC,DEB,16715.091447063158
2023,Agri01_AGC,DEC,0.0
2023,Agri01_AGC,DEE,24900.817951640547
2023,Agri01_AGC,DED,18887.378919216026
2023,Agri01_AGC,DEF,20198.829454394865
2023,Agri01_AGC,DEG,16148.248196916027
2023,Agri02_OFC,DE1,0.0
2023,Agri02_OFC,DE2,0.0
2023,Agri02_OFC,DE3,0.0
2023,Agri02_OFC,DE4,0.0
2023,Agri02_OFC,DE5,0.0
2023,Agri02_OFC,DE6,0.0
2023,Agri02_OFC,DE7,0.0
2023,Agri02_OFC,DE8,0.0
2023,Agri02_OFC,DE9,0.0
2023,Agri02_OFC,DEA,0.0
2023,Agri02_OFC,DEB,0.0
2023,Agri02_OFC,DEC,0.0
2023,Agri02_OFC,DEE,0.0
2023,Agri02_OFC,DED,0.0
2023,Agri02_OFC,DEF,0.0
2023,Agri02_OFC,DEG,0.0
2023,Agri03_No-till,DE1,0.0
2023,Agri03_No-till,DE2,0.0
2023,Agri03_No-till,DE3,0.0
2023,Agri03_No-till,DE4,0.0
2023,Agri03_No-till,DE5,0.0
2023,Agri03_No-till,DE6,0.0
2023,Agri03_No-till,DE7,0.0
2023,Agri03_No-till,DE8,0.0
2023,Agri03_No-till,DE9,0.0
2023,Agri03_No-till,DEA,0.0
2023,Agri03_No-till,DEB,0.0
2023,Agri03_No-till,DEC,0.0
2023,Agri03_No-till,DEE,0.0
2023,Agri03_No-till,DED,0.0
2023,Agri03_No-till,DEF,0.0
2023,Agri03_No-till,DEG,0.0
2023,Agri04_toGrassland,DE1,212.55004643583243
2023,Agri04_toGrassland,DE2,446.6681506242743
2023,Agri04_toGrassland,DE3,14.614038212672995
2023,Agri04_toGrassland,DE4,186.201500740457
2023,Agri04_toGrassland,DE5,7.840934435717893
2023,Agri04_toGrassland,DE6,2.743652407030258
2023,Agri04_toGrassland,DE7,113.62509975022425
2023,Agri04_toGrassland,DE8,202.7207841146442
2023,Agri04_toGrassland,DE9,371.14685847195256
2023,Agri04_toGrassland,DEA,221.2908551889723
2023,Agri04_toGrassland,DEB,112.85348365533089
2023,Agri04_toGrassland,DEC,20.58132844738809
2023,Agri04_toGrassland,DEE,168.12017215757317
2023,Agri04_toGrassland,DED,127.51988314884706
2023,Agri04_toGrassland,DEF,136.37426255833475
2023,Agri04_toGrassland,DEG,109.02638910019738
2023,Agri05_Agroforestry,DE1,3095.7606133766826
2023,Agri05_Agroforestry,DE2,5640.1385004057865
2023,Agri05_Agroforestry,DE3,94.54500000000002
2023,Agri05_Agroforestry,DE4,2863.5003607503904
2023,Agri05_Agroforestry,DE5,446.99890205903483
2023,Agri05_Agroforestry,DE6,63.604819209902246
2023,Agri05_Agroforestry,DE7,1350.4535473804335
2023,Agri05_Agroforestry,DE8,2980.1655011094563
2023,Agri05_Agroforestry,DE9,4810.607365822845
2023,Agri05_Agroforestry,DEA,3181.9836320304557
2023,Agri05_Agroforestry,DEB,1764.899957871755
2023,Agri05_Agroforestry,DEC,755.4547543548696
2023,Agri05_Agroforestry,DEE,2378.190769933709
2023,Agri05_Agroforestry,DED,1929.4826789756294
2023,Agri05_Agroforestry,DEF,1482.3811025761356
2023,Agri05_Agroforestry,DEG,1185.1664778235481
2023,Agri06_Biochar,DE1,0.0
2023,Agri06_Biochar,DE2,0.0
2023,Agri06_Biochar,DE3,0.0
2023,Agri06_Biochar,DE4,0.0
2023,Agri06_Biochar,DE5,0.0
2023,Agri06_Biochar,DE6,0.0
2023,Agri06_Biochar,DE7,0.0
2023,Agri06_Biochar,DE8,0.0
2023,Agri06_Biochar,DE9,0.0
2023,Agri06_Biochar,DEA,0.0
2023,Agri06_Biochar,DEB,0.0
2023,Agri06_Biochar,DEC,0.0
2023,Agri06_Biochar,DEE,0.0
2023,Agri06_Biochar,DED,0.0
2023,Agri06_Biochar,DEF,0.0
2023,Agri06_Biochar,DEG,0.0
2024,Agri01_AGC,DE1,42703.11009638065
2024,Agri01_AGC,DE2,88140.60552865923
2024,Agri01_AGC,DE3,0.0
2024,Agri01_AGC,DE4,37689.32498539916
2024,Agri01_AGC,DE5,0.0
2024,Agri01_AGC,DE6,90.62129421578794
2024,Agri01_AGC,DE7,22265.80084904303
2024,Agri01_AGC,DE8,40779.25006008505
2024,Agri01_AGC,DE9,73467.27737354314
2024,Agri01_AGC,DEA,44383.31785544747
2024,Agri01_AGC,DEB,22897.119049316556
2024,Agri01_AGC,DEC,0.0
2024,Agri01_AGC,DEE,33646.62324375965
2024,Agri01_AGC,DED,25753.150770004024
2024,Agri01_AGC,DEF,26467.94137008776
2024,Agri01_AGC,DEG,21160.28317063273
2024,Agri02_OFC,DE1,0.0
2024,Agri02_OFC,DE2,0.0
2024,Agri02_OFC,DE3,0.0
2024,Agri02_OFC,DE4,0.0
2024,Agri02_OFC,DE5,0.0
2024,Agri02_OFC,DE6,0.0
2024,Agri02_OFC,DE7,0.0
2024,Agri02_OFC,DE8,0.0
2024,Agri02_OFC,DE9,0.0
2024,Agri02_OFC,DEA,0.0
2024,Agri02_OFC,DEB,0.0
2024,Agri02_OFC,DEC,0.0
2024,Agri02_OFC,DEE,0.0
2024,Agri02_OFC,DED,0.0
2024,Agri02_OFC,DEF,0.0
2024,Agri02_OFC,DEG,0.0
2024,Agri03_No-till,DE1,0.0
2024,Agri03_No-till,DE2,0.0
2024,Agri03_No-till,DE3,0.0
2024,Agri03_No-till,DE4,0.0
2024,Agri03_No-till,DE5,0.0
2024,Agri03_No-till,DE6,0.0
2024,Agri03_No-till,DE7,0.0
2024,Agri03_No-till,DE8,0.0
2024,Agri03_No-till,DE9,0.0
2024,Agri03_No-till,DEA,0.0
2024,Agri03_No-till,DEB,0.0
2024,Agri03_No-till,DEC,0.0
2024,Agri03_No-till,DEE,0.0
2024,Agri03_No-till,DED,0.0
2024,Agri03_No-till,DEF,0.0
2024,Agri03_No-till,DEG,0.0
2024,Agri04_toGrassland,DE1,288.3139917335254
2024,Agri04_toGrassland,DE2,595.0894386011389
2024,Agri04_toGrassland,DE3,28.94956716524753
2024,Agri04_toGrassland,DE4,254.46295850014715
2024,Agri04_toGrassland,DE5,14.786434041508002
2024,Agri04_toGrassland,DE6,4.016516132055679
2024,Agri04_toGrassland,DE7,150.32961082793383
2024,Agri04_toGrassland,DE8,275.3248730171347
2024,Agri04_toGrassland,DE9,496.02110838188355
2024,Agri04_toGrassland,DEA,299.6580695972888
2024,Agri04_toGrassland,DEB,154.59201396353856
2024,Agri04_toGrassland,DEC,33.60087994543824
2024,Agri04_toGrassland,DEE,227.16828432092507
2024,Agri04_toGrassland,DED,173.87477589939024
2024,Agri04_toGrassland,DEF,178.70075065154793
2024,Agri04_toGrassland,DEG,142.8656061201955
2024,Agri05_Agroforestry,DE1,4704.940203063397
2024,Agri05_Agroforestry,DE2,8038.952606756706
2024,Agri05_Agroforestry,DE3,94.54500000000002
2024,Agri05_Agroforestry,DE4,4445.237235521126
2024,Agri05_Agroforestry,DE5,776.162
2024,Agri05_Agroforestry,DE6,111.22521802669533
2024,Agri05_Agroforestry,DE7,1864.9399423954249
2024,Agri05_Agroforestry,DE8,4546.232578781166
2024,Agri05_Agroforestry,DE9,6944.742608405607
2024,Agri05_Agroforestry,DEA,4810.683922746614
2024,Agri05_Agroforestry,DEB,2756.9279699332656
2024,Agri05_Agroforestry,DEC,1428.7286875244818
2024,Agri05_Agroforestry,DEE,3570.9946237038057
2024,Agri05_Agroforestry,DED,2976.870367962145
2024,Agri05_Agroforestry,DEF,1942.6580902105725
2024,Agri05_Agroforestry,DEG,1553.204443983044
2024,Agri06_Biochar,DE1,0.0
2024,Agri06_Biochar,DE2,0.0
2024,Agri06_Biochar,DE3,0.0
2024,Agri06_Biochar,DE4,0.0
2024,Agri06_Biochar,DE5,0.0
2024,Agri06_Biochar,DE6,0.0
2024,Agri06_Biochar,DE7,0.0
2024,Agri06_Biochar,DE8,0.0
2024,Agri06_Biochar,DE9,0.0
2024,Agri06_Biochar,DEA,0.0
2024,Agri06_Biochar,DEB,0.0
2024,Agri06_Biochar,DEC,0.0
2024,Agri06_Biochar,DEE,0.0
2024,Agri06_Biochar,DED,0.0
2024,Agri06_Biochar,DEF,0.0
2024,Agri06_Biochar,DEG,0.0
2025,Agri01_AGC,DE1,54288.660004433244
2025,Agri01_AGC,DE2,110089.09299144203
2025,Agri01_AGC,DE3,0.0
2025,Agri01_AGC,DE4,48258.476588888225
2025,Agri01_AGC,DE5,0.0
2025,Agri01_AGC,DE6,305.6846614417579
2025,Agri01_AGC,DE7,27615.53881948618
2025,Agri01_AGC,DE8,51905.41586405045
2025,Agri01_AGC,DE9,92048.60730163056
2025,Agri01_AGC,DEA,56331.464033793774
2025,Agri01_AGC,DEB,29384.311878186127
2025,Agri01_AGC,DEC,0.0
2025,Agri01_AGC,DEE,42615.19485666487
2025,Agri01_AGC,DED,32903.91205965002
2025,Agri01_AGC,DEF,32505.137667894625
2025,Agri01_AGC,DEG,25986.96093172178
2025,Agri02_OFC,DE1,0.0
2025,Agri02_OFC,DE2,0.0
2025,Agri02_OFC,DE3,0.0
2025,Agri02_OFC,DE4,0.0
2025,Agri02_OFC,DE5,0.0
2025,Agri02_OFC,DE6,0.0
2025,Agri02_OFC,DE7,0.0
2025,Agri02_OFC,DE8,0.0
2025,Agri02_OFC,DE9,0.0
2025,Agri02_OFC,DEA,0.0
2025,Agri02_OFC,DEB,0.0
2025,Agri02_OFC,DEC,0.0
2025,Agri02_OFC,DEE,0.0
2025,Agri02_OFC,DED,0.0
2025,Agri02_OFC,DEF,0.0
2025,Agri02_OFC,DEG,0.0
2025,Agri03_No-till,DE1,0.0
2025,Agri03_No-till,DE2,0.0
2025,Agri03_No-till,DE3,0.0
2025,Agri03_No-till,DE4,0.0
2025,Agri03_No-till,DE5,0.0
2025,Agri03_No-till,DE6,0.0
2025,Agri03_No-till,DE7,0.0
2025,Agri03_No-till,DE8,0.0
2025,Agri03_No-till,DE9,0.0
2025,Agri03_No-till,DEA,0.0
2025,Agri03_No-till,DEB,0.0
2025,Agri03_No-till,DEC,0.0
2025,Agri03_No-till,DEE,0.0
2025,Agri03_No-till,DED,0.0
2025,Agri03_No-till,DEF,0.0
2025,Agri03_No-till,DEG,0.0
2025,Agri04_toGrassland,DE1,366.5349019407595
2025,Agri04_toGrassland,DE2,743.2766787957235
2025,Agri04_toGrassland,DE3,48.017187558663835
2025,Agri04_toGrassland,DE4,325.82156168293955
2025,Agri04_toGrassland,DE5,23.897861044240184
2025,Agri04_toGrassland,DE6,5.4685363184221
2025,Agri04_toGrassland,DE7,186.44886081946086
2025,Agri04_toGrassland,DE8,350.4442090184297
2025,Agri04_toGrassland,DE9,621.4746735014546
2025,Agri04_toGrassland,DEA,380.3270820116014
2025,Agri04_toGrassland,DEB,198.3908954832949
2025,Agri04_toGrassland,DEC,49.69998578461545
2025,Agri04_toGrassland,DEE,287.72042387302406
2025,Agri04_toGrassland,DED,222.15380116706385
2025,Agri04_toGrassland,DEF,219.46143903164523
2025,Agri04_toGrassland,DEG,175.4533668001598
2025,Agri05_Agroforestry,DE1,6602.749485364022
2025,Agri05_Agroforestry,DE2,10697.15068288212
2025,Agri05_Agroforestry,DE3,94.54500000000002
2025,Agri05_Agroforestry,DE4,6340.592487552165
2025,Agri05_Agroforestry,DE5,776.162
2025,Agri05_Agroforestry,DE6,172.05501305023455
2025,Agri05_Agroforestry,DE7,2411.59394368784
2025,Agri05_Agroforestry,DE8,6398.638945103822
2025,Agri05_Agroforestry,DE9,9344.177577975943
2025,Agri05_Agroforestry,DEA,6723.403753482442
2025,Agri05_Agroforestry,DEB,3950.819995046905
2025,Agri05_Agroforestry,DEC,2312.7304615530884
2025,Agri05_Agroforestry,DEE,4963.835276036667
2025,Agri05_Agroforestry,DED,4226.37145494598
2025,Agri05_Agroforestry,DEF,2386.0100545662053
2025,Agri05_Agroforestry,DEG,1907.7336469183633
2025,Agri06_Biochar,DE1,0.0
2025,Agri06_Biochar,DE2,0.0
2025,Agri06_Biochar,DE3,0.0
2025,Agri06_Biochar,DE4,0.0
2025,Agri06_Biochar,DE5,0.0
2025,Agri06_Biochar,DE6,0.0
2025,Agri06_Biochar,DE7,0.0
2025,Agri06_Biochar,DE8,0.0
2025,Agri06_Biochar,DE9,0.0
2025,Agri06_Biochar,DEA,0.0
2025,Agri06_Biochar,DEB,0.0
2025,Agri06_Biochar,DEC,0.0
2025,Agri06_Biochar,DEE,0.0
2025,Agri06_Biochar,DED,0.0
2025,Agri06_Biochar,DEF,0.0
2025,Agri06_Biochar,DEG,0.0
2026,Agri01_AGC,DE1,66238.1188660688
2026,Agri01_AGC,DE2,132002.91488647202
2026,Agri01_AGC,DE3,0.0
2026,Agri01_AGC,DE4,59286.356335233
2026,Agri01_AGC,DE5,0.0
2026,Agri01_AGC,DE6,547.283466809744
2026,Agri01_AGC,DE7,32878.59189320229
2026,Agri01_AGC,DE8,63404.122983593494
2026,Agri01_AGC,DE9,110715.74146359864
2026,Agri01_AGC,DEA,68620.53689793385
2026,Agri01_AGC,DEB,36176.669933671874
2026,Agri01_AGC,DEC,1872.9443450330118
2026,Agri01_AGC,DEE,51806.53279035622
2026,Agri01_AGC,DED,40339.66278815401
2026,Agri01_AGC,DEF,38310.41834781546
2026,Agri01_AGC,DEG,30628.281480183177
2026,Agri02_OFC,DE1,0.0
2026,Agri02_OFC,DE2,0.0
2026,Agri02_OFC,DE3,0.0
2026,Agri02_OFC,DE4,0.0
2026,Agri02_OFC,DE5,0.0
2026,Agri02_OFC,DE6,0.0
2026,Agri02_OFC,DE7,0.0
2026,Agri02_OFC,DE8,0.0
2026,Agri02_OFC,DE9,0.0
2026,Agri02_OFC,DEA,0.0
2026,Agri02_OFC,DEB,0.0
2026,Agri02_OFC,DEC,0.0
2026,Agri02_OFC,DEE,0.0
2026,Agri02_OFC,DED,0.0
2026,Agri02_OFC,DEF,0.0
2026,Agri02_OFC,DEG,0.0
2026,Agri03_No-till,DE1,0.0
2026,Agri03_No-till,DE2,0.0
2026,Agri03_No-till,DE3,0.0
2026,Agri03_No-till,DE4,0.0
2026,Agri03_No-till,DE5,0.0
2026,Agri03_No-till,DE6,0.0
2026,Agri03_No-till,DE7,0.0
2026,Agri03_No-till,DE8,0.0
2026,Agri03_No-till,DE9,0.0
2026,Agri03_No-till,DEA,0.0
2026,Agri03_No-till,DEB,0.0
2026,Agri03_No-till,DEC,0.0
2026,Agri03_No-till,DEE,0.0
2026,Agri03_No-till,DED,0.0
2026,Agri03_No-till,DEF,0.0
2026,Agri03_No-till,DEG,0.0
2026,Agri04_toGrassland,DE1,447.21277705753465
2026,Agri04_toGrassland,DE2,891.2298712080278
2026,Agri04_toGrassland,DE3,71.81689939292191
2026,Agri04_toGrassland,DE4,400.2773102888342
2026,Agri04_toGrassland,DE5,35.17521544391444
2026,Agri04_toGrassland,DE6,7.0997129661295215
2026,Agri04_toGrassland,DE7,221.9828497248053
2026,Agri04_toGrassland,DE8,428.0787921185293
2026,Agri04_toGrassland,DE9,747.5075538306658
2026,Agri04_toGrassland,DEA,463.2978924319102
2026,Agri04_toGrassland,DEB,244.25012821459995
2026,Agri04_toGrassland,DEC,68.87864596491971
2026,Agri04_toGrassland,DEE,349.77659081387014
2026,Agri04_toGrassland,DED,272.35695895186785
2026,Agri04_toGrassland,DEF,258.6563276986267
2026,Agri04_toGrassland,DEG,206.78967114009026
2026,Agri05_Agroforestry,DE1,8789.188460278558
2026,Agri05_Agroforestry,DE2,13614.73272878203
2026,Agri05_Agroforestry,DE3,94.54500000000002
2026,Agri05_Agroforestry,DE4,8549.566116843507
2026,Agri05_Agroforestry,DE5,776.162
2026,Agri05_Agroforestry,DE6,246.09420428051996
2026,Agri05_Agroforestry,DE7,2990.415551257678
2026,Agri05_Agroforestry,DE8,8537.384600077425
2026,Agri05_Agroforestry,DE9,12008.912274533852
2026,Agri05_Agroforestry,DEA,8920.14312423794
2026,Agri05_Agroforestry,DEB,5346.576033212674
2026,Agri05_Agroforestry,DEC,3407.460076440689
2026,Agri05_Agroforestry,DEE,6556.712726932292
2026,Agri05_Agroforestry,DED,5677.9859399271345
2026,Agri05_Agroforestry,DEF,2812.436995643034
2026,Agri05_Agroforestry,DEG,2248.7540866295058
2026,Agri06_Biochar,DE1,0.0
2026,Agri06_Biochar,DE2,0.0
2026,Agri06_Biochar,DE3,0.0
2026,Agri06_Biochar,DE4,0.0
2026,Agri06_Biochar,DE5,0.0
2026,Agri06_Biochar,DE6,0.0
2026,Agri06_Biochar,DE7,0.0
2026,Agri06_Biochar,DE8,0.0
2026,Agri06_Biochar,DE9,0.0
2026,Agri06_Biochar,DEA,0.0
2026,Agri06_Biochar,DEB,0.0
2026,Agri06_Biochar,DEC,0.0
2026,Agri06_Biochar,DEE,0.0
2026,Agri06_Biochar,DED,0.0
2026,Agri06_Biochar,DEF,0.0
2026,Agri06_Biochar,DEG,0.0
2027,Agri01_AGC,DE1,78551.48668128735
2027,Agri01_AGC,DE2,153882.0712137492
2027,Agri01_AGC,DE3,483.6495000000001
2027,Agri01_AGC,DE4,70772.96422443348
2027,Agri01_AGC,DE5,1554.9810000000002
2027,Agri01_AGC,DE6,815.4177103197462
2027,Agri01_AGC,DE7,38054.96007019136
2027,Agri01_AGC,DE8,75275.3714187142
2027,Agri01_AGC,DE9,129468.67985944735
2027,Agri01_AGC,DEA,81250.5364478677
2027,Agri01_AGC,DEB,43274.19321577379
2027,Agri01_AGC,DEC,5169.679892075201
2027,Agri01_AGC,DEE,61220.6370448337
2027,Agri01_AGC,DED,48060.402955516
2027,Agri01_AGC,DEF,43883.783409850264
2027,Agri01_AGC,DEG,35084.24481601692
2027,Agri02_OFC,DE1,0.0
2027,Agri02_OFC,DE2,0.0
2027,Agri02_OFC,DE3,0.0
2027,Agri02_OFC,DE4,0.0
2027,Agri02_OFC,DE5,0.0
2027,Agri02_OFC,DE6,0.0
2027,Agri02_OFC,DE7,0.0
2027,Agri02_OFC,DE8,0.0
2027,Agri02_OFC,DE9,0.0
2027,Agri02_OFC,DEA,0.0
2027,Agri02_OFC,DEB,0.0
2027,Agri02_OFC,DEC,0.0
2027,Agri02_OFC,DEE,0.0
2027,Agri02_OFC,DED,0.0
2027,Agri02_OFC,DEF,0.0
2027,Agri02_OFC,DEG,0.0
2027,Agri03_No-till,DE1,0.0
2027,Agri03_No-till,DE2,0.0
2027,Agri03_No-till,DE3,0.0
2027,Agri03_No-till,DE4,0.0
2027,Agri03_No-till,DE5,0.0
2027,Agri03_No-till,DE6,0.0
2027,Agri03_No-till,DE7,0.0
2027,Agri03_No-till,DE8,0.0
2027,Agri03_No-till,DE9,0.0
2027,Agri03_No-till,DEA,0.0
2027,Agri03_No-till,DEB,0.0
2027,Agri03_No-till,DEC,0.0
2027,Agri03_No-till,DEE,0.0
2027,Agri03_No-till,DED,0.0
2027,Agri03_No-till,DEF,0.0
2027,Agri03_No-till,DEG,0.0
2027,Agri04_toGrassland,DE1,530.3476170838509
2027,Agri04_toGrassland,DE2,1038.9490158380522
2027,Agri04_toGrassland,DE3,100.34870266802176
2027,Agri04_toGrassland,DE4,477.8302043178311
2027,Agri04_toGrassland,DE5,48.61849724053077
2027,Agri04_toGrassland,DE6,8.910046075177945
2027,Agri04_toGrassland,DE7,256.9315775439672
2027,Agri04_toGrassland,DE8,508.2286223174334
2027,Agri04_toGrassland,DE9,874.119749369517
2027,Agri04_toGrassland,DEA,548.5705008582152
2027,Agri04_toGrassland,DEB,292.16971215745366
2027,Agri04_toGrassland,DEC,91.13686048635105
2027,Agri04_toGrassland,DEE,413.3367851434633
2027,Agri04_toGrassland,DED,324.4842492538023
2027,Agri04_toGrassland,DEF,296.28541665249224
2027,Agri04_toGrassland,DEG,236.8745191399869
2027,Agri05_Agroforestry,DE1,11264.257127807003
2027,Agri05_Agroforestry,DE2,16791.698744456433
2027,Agri05_Agroforestry,DE3,94.54500000000002
2027,Agri05_Agroforestry,DE4,11072.158123395151
2027,Agri05_Agroforestry,DE5,776.162
2027,Agri05_Agroforestry,DE6,333.34279171755156
2027,Agri05_Agroforestry,DE7,3601.4047651049395
2027,Agri05_Agroforestry,DE8,10962.469543701973
2027,Agri05_Agroforestry,DE9,14938.946698079335
2027,Agri05_Agroforestry,DEA,11400.902035013109
2027,Agri05_Agroforestry,DEB,6944.196084430572
2027,Agri05_Agroforestry,DEC,3458.3510000000006
2027,Agri05_Agroforestry,DEE,8349.62697639068
2027,Agri05_Agroforestry,DED,7331.713822905609
2027,Agri05_Agroforestry,DEF,3221.9389134410585
2027,Agri05_Agroforestry,DEG,2576.2657631164716
2027,Agri06_Biochar,DE1,0.0
2027,Agri06_Biochar,DE2,0.0
2027,Agri06_Biochar,DE3,0.0
2027,Agri06_Biochar,DE4,0.0
2027,Agri06_Biochar,DE5,0.0
2027,Agri06_Biochar,DE6,0.0
2027,Agri06_Biochar,DE7,0.0
2027,Agri06_Biochar,DE8,0.0
2027,Agri06_Biochar,DE9,0.0
2027,Agri06_Biochar,DEA,0.0
2027,Agri06_Biochar,DEB,0.0
2027,Agri06_Biochar,DEC,0.0
2027,Agri06_Biochar,DEE,0.0
2027,Agri06_Biochar,DED,0.0
2027,Agri06_Biochar,DEF,0.0
2027,Agri06_Biochar,DEG,0.0
2028,Agri01_AGC,DE1,91228.76345008885
2028,Agri01_AGC,DE2,175726.56197327358
2028,Agri01_AGC,DE3,483.6495000000001
2028,Agri01_AGC,DE4,82718.30025648967
2028,Agri01_AGC,DE5,1554.9810000000002
2028,Agri01_AGC,DE6,1110.0873919717646
2028,Agri01_AGC,DE7,43144.643350453385
2028,Agri01_AGC,DE8,87519.16116941256
2028,Agri01_AGC,DE9,148307.42248917674
2028,Agri01_AGC,DEA,94221.46268359531
2028,Agri01_AGC,DEB,50676.88172449188
2028,Agri01_AGC,DEC,8922.53811039753
2028,Agri01_AGC,DEE,70857.5076200973
2028,Agri01_AGC,DED,56066.13256173598
2028,Agri01_AGC,DEF,49225.23285399904
2028,Agri01_AGC,DEG,39354.85093922302
2028,Agri02_OFC,DE1,0.0
2028,Agri02_OFC,DE2,0.0
2028,Agri02_OFC,DE3,0.0
2028,Agri02_OFC,DE4,0.0
2028,Agri02_OFC,DE5,0.0
2028,Agri02_OFC,DE6,0.0
2028,Agri02_OFC,DE7,0.0
2028,Agri02_OFC,DE8,0.0
2028,Agri02_OFC,DE9,0.0
2028,Agri02_OFC,DEA,0.0
2028,Agri02_OFC,DEB,0.0
2028,Agri02_OFC,DEC,0.0
2028,Agri02_OFC,DEE,0.0
2028,Agri02_OFC,DED,0.0
2028,Agri02_OFC,DEF,0.0
2028,Agri02_OFC,DEG,0.0
2028,Agri03_No-till,DE1,0.0
2028,Agri03_No-till,DE2,0.0
2028,Agri03_No-till,DE3,0.0
2028,Agri03_No-till,DE4,0.0
2028,Agri03_No-till,DE5,0.0
2028,Agri03_No-till,DE6,0.0
2028,Agri03_No-till,DE7,0.0
2028,Agri03_No-till,DE8,0.0
2028,Agri03_No-till,DE9,0.0
2028,Agri03_No-till,DEA,0.0
2028,Agri03_No-till,DEB,0.0
2028,Agri03_No-till,DEC,0.0
2028,Agri03_No-till,DEE,0.0
2028,Agri03_No-till,DED,0.0
2028,Agri03_No-till,DEF,0.0
2028,Agri03_No-till,DEG,0.0
2028,Agri04_toGrassland,DE1,615.9394220197082
2028,Agri04_toGrassland,DE2,1186.4341126857964
2028,Agri04_toGrassland,DE3,133.61259738396336
2028,Agri04_toGrassland,DE4,558.4802437699302
2028,Agri04_toGrassland,DE5,64.22770643408917
2028,Agri04_toGrassland,DE6,10.899535645567369
2028,Agri04_toGrassland,DE7,291.2950442769465
2028,Agri04_toGrassland,DE8,590.893699615142
2028,Agri04_toGrassland,DE9,1001.3112601180082
2028,Agri04_toGrassland,DEA,636.1449072905164
2028,Agri04_toGrassland,DEB,342.1496473118561
2028,Agri04_toGrassland,DEC,116.47462934890945
2028,Agri04_toGrassland,DEE,478.4010068618036
2028,Agri04_toGrassland,DED,378.53567207286716
2028,Agri04_toGrassland,DEF,332.3487058932419
2028,Agri04_toGrassland,DEG,265.7079107998497
2028,Agri05_Agroforestry,DE1,14027.955487949357
2028,Agri05_Agroforestry,DE2,20228.04872990533
2028,Agri05_Agroforestry,DE3,94.54500000000002
2028,Agri05_Agroforestry,DE4,13908.368507207098
2028,Agri05_Agroforestry,DE5,776.162
2028,Agri05_Agroforestry,DE6,433.8007753613293
2028,Agri05_Agroforestry,DE7,4244.561585229625
2028,Agri05_Agroforestry,DE8,13673.893775977467
2028,Agri05_Agroforestry,DE9,18134.28084861239
2028,Agri05_Agroforestry,DEA,14165.680485807947
2028,Agri05_Agroforestry,DEB,8743.6801487006
2028,Agri05_Agroforestry,DEC,3458.3510000000006
2028,Agri05_Agroforestry,DEE,10342.578024411832
2028,Agri05_Agroforestry,DED,9187.555103881403
2028,Agri05_Agroforestry,DEF,3614.515807960279
2028,Agri05_Agroforestry,DEG,2890.268676379261
2028,Agri06_Biochar,DE1,0.0
2028,Agri06_Biochar,DE2,0.0
2028,Agri06_Biochar,DE3,0.0
2028,Agri06_Biochar,DE4,0.0
2028,Agri06_Biochar,DE5,0.0
2028,Agri06_Biochar,DE6,0.0
2028,Agri06_Biochar,DE7,0.0
2028,Agri06_Biochar,DE8,0.0
2028,Agri06_Biochar,DE9,0.0
2028,Agri06_Biochar,DEA,0.0
2028,Agri06_Biochar,DEB,0.0
2028,Agri06_Biochar,DEC,0.0
2028,Agri06_Biochar,DEE,0.0
2028,Agri06_Biochar,DED,0.0
2028,Agri06_Biochar,DEF,0.0
2028,Agri06_Biochar,DEG,0.0
2029,Agri01_AGC,DE1,104269.94917247334
2029,Agri01_AGC,DE2,197536.38716504516
2029,Agri01_AGC,DE3,483.6495000000001
2029,Agri01_AGC,DE4,95122.36443140158
2029,Agri01_AGC,DE5,1554.9810000000002
2029,Agri01_AGC,DE6,1431.2925117657992
2029,Agri01_AGC,DE7,48147.64173398837
2029,Agri01_AGC,DE8,100135.49223568858
2029,Agri01_AGC,DE9,167231.96935278678
2029,Agri01_AGC,DEA,107533.3156051167
2029,Agri01_AGC,DEB,58384.73545982615
2029,Agri01_AGC,DEC,13131.519
2029,Agri01_AGC,DEE,80717.14451614703
2029,Agri01_AGC,DED,64356.85160681396
2029,Agri01_AGC,DEF,54334.76668026178
2029,Agri01_AGC,DEG,43440.09984980146
2029,Agri02_OFC,DE1,0.0
2029,Agri02_OFC,DE2,0.0
2029,Agri02_OFC,DE3,0.0
2029,Agri02_OFC,DE4,0.0
2029,Agri02_OFC,DE5,0.0
2029,Agri02_OFC,DE6,0.0
2029,Agri02_OFC,DE7,0.0
2029,Agri02_OFC,DE8,0.0
2029,Agri02_OFC,DE9,0.0
2029,Agri02_OFC,DEA,0.0
2029,Agri02_OFC,DEB,0.0
2029,Agri02_OFC,DEC,0.0
2029,Agri02_OFC,DEE,0.0
2029,Agri02_OFC,DED,0.0
2029,Agri02_OFC,DEF,0.0
2029,Agri02_OFC,DEG,0.0
2029,Agri03_No-till,DE1,0.0
2029,Agri03_No-till,DE2,0.0
2029,Agri03_No-till,DE3,0.0
2029,Agri03_No-till,DE4,0.0
2029,Agri03_No-till,DE5,0.0
2029,Agri03_No-till,DE6,0.0
2029,Agri03_No-till,DE7,0.0
2029,Agri03_No-till,DE8,0.0
2029,Agri03_No-till,DE9,0.0
2029,Agri03_No-till,DEA,0.0
2029,Agri03_No-till,DEB,0.0
2029,Agri03_No-till,DEC,0.0
2029,Agri03_No-till,DEE,0.0
2029,Agri03_No-till,DED,0.0
2029,Agri03_No-till,DEF,0.0
2029,Agri03_No-till,DEG,0.0
2029,Agri04_toGrassland,DE1,703.9881918651066
2029,Agri04_toGrassland,DE2,1333.6851617512607
2029,Agri04_toGrassland,DE3,171.60858354074674
2029,Agri04_toGrassland,DE4,642.2274286451316
2029,Agri04_toGrassland,DE5,82.00284302458965
2029,Agri04_toGrassland,DE6,13.068181677297794
2029,Agri04_toGrassland,DE7,325.0732499237432
2029,Agri04_toGrassland,DE8,676.0740240116553
2029,Agri04_toGrassland,DE9,1129.0820860761396
2029,Agri04_toGrassland,DEA,726.0211117288137
2029,Agri04_toGrassland,DEB,394.1899336778072
2029,Agri04_toGrassland,DEC,144.8919525525949
2029,Agri04_toGrassland,DEE,544.9692559688909
2029,Agri04_toGrassland,DED,434.5112274090624
2029,Agri04_toGrassland,DEF,366.84619542087574
2029,Agri04_toGrassland,DEG,293.28984611967866
2029,Agri05_Agroforestry,DE1,17080.283540705623
2029,Agri05_Agroforestry,DE2,23923.782685128725
2029,Agri05_Agroforestry,DE3,94.54500000000002
2029,Agri05_Agroforestry,DE4,17058.19726827935
2029,Agri05_Agroforestry,DE5,776.162
2029,Agri05_Agroforestry,DE6,547.4681552118532
2029,Agri05_Agroforestry,DE7,4919.886011631734
2029,Agri05_Agroforestry,DE8,16671.657296903908
2029,Agri05_Agroforestry,DE9,21594.91472613302
2029,Agri05_Agroforestry,DEA,17214.478476622455
2029,Agri05_Agroforestry,DEB,10745.028226022756
2029,Agri05_Agroforestry,DEC,3458.3510000000006
2029,Agri05_Agroforestry,DEE,12535.565870995748
2029,Agri05_Agroforestry,DED,11245.509782854517
2029,Agri05_Agroforestry,DEF,3990.167679200695
2029,Agri05_Agroforestry,DEG,3190.7628264178734
2029,Agri06_Biochar,DE1,0.0
2029,Agri06_Biochar,DE2,0.0
2029,Agri06_Biochar,DE3,0.0
2029,Agri06_Biochar,DE4,0.0
2029,Agri06_Biochar,DE5,0.0
2029,Agri06_Biochar,DE6,0.0
2029,Agri06_Biochar,DE7,0.0
2029,Agri06_Biochar,DE8,0.0
2029,Agri06_Biochar,DE9,0.0
2029,Agri06_Biochar,DEA,0.0
2029,Agri06_Biochar,DEB,0.0
2029,Agri06_Biochar,DEC,0.0
2029,Agri06_Biochar,DEE,0.0
2029,Agri06_Biochar,DED,0.0
2029,Agri06_Biochar,DEF,0.0
2029,Agri06_Biochar,DEG,0.0
2030,Agri01_AGC,DE1,117675.0438484408
2030,Agri01_AGC,DE2,219311.54678906393
2030,Agri01_AGC,DE3,483.6495000000001
2030,Agri01_AGC,DE4,107985.1567491692
2030,Agri01_AGC,DE5,1554.9810000000002
2030,Agri01_AGC,DE6,1779.0330697018499
2030,Agri01_AGC,DE7,53063.95522079631
2030,Agri01_AGC,DE8,113124.36461754225
2030,Agri01_AGC,DE9,186242.32045027748
2030,Agri01_AGC,DEA,121186.09521243187
2030,Agri01_AGC,DEB,66397.7544217766
2030,Agri01_AGC,DEC,13131.519
2030,Agri01_AGC,DEE,90799.54773298289
2030,Agri01_AGC,DED,72932.56009074993
2030,Agri01_AGC,DEF,59212.384888638495
2030,Agri01_AGC,DEG,47339.991547752245
2030,Agri02_OFC,DE1,9512.494253818688
2030,Agri02_OFC,DE2,15452.041615999562
2030,Agri02_OFC,DE3,4490.882193539073
2030,Agri02_OFC,DE4,9127.66682880567
2030,Agri02_OFC,DE5,2095.8810743782774
2030,Agri02_OFC,DE6,246.7629016538561
2030,Agri02_OFC,DE7,3488.7037297151155
2030,Agri02_OFC,DE8,9217.135490842782
2030,Agri02_OFC,DE9,13490.084176888131
2030,Agri02_OFC,DEA,9688.255898413903
2030,Agri02_OFC,DEB,5686.181162744575
2030,Agri02_OFC,DEC,3310.440686101474
2030,Agri02_OFC,DEE,7154.653136227276
2030,Agri02_OFC,DED,6085.475682772656
2030,Agri02_OFC,DEF,3461.2448700334376
2030,Agri02_OFC,DEG,2767.4327010745046
2030,Agri03_No-till,DE1,0.0
2030,Agri03_No-till,DE2,0.0
2030,Agri03_No-till,DE3,0.0
2030,Agri03_No-till,DE4,0.0
2030,Agri03_No-till,DE5,0.0
2030,Agri03_No-till,DE6,0.0
2030,Agri03_No-till,DE7,0.0
2030,Agri03_No-till,DE8,0.0
2030,Agri03_No-till,DE9,0.0
2030,Agri03_No-till,DEA,0.0
2030,Agri03_No-till,DEB,0.0
2030,Agri03_No-till,DEC,0.0
2030,Agri03_No-till,DEE,0.0
2030,Agri03_No-till,DED,0.0
2030,Agri03_No-till,DEF,0.0
2030,Agri03_No-till,DEG,0.0
2030,Agri04_toGrassland,DE1,794.4939266200461
2030,Agri04_toGrassland,DE2,1480.7021630344448
2030,Agri04_toGrassland,DE3,214.33666113837188
2030,Agri04_toGrassland,DE4,729.0717589434353
2030,Agri04_toGrassland,DE5,101.9439070120322
2030,Agri04_toGrassland,DE6,15.415984170369219
2030,Agri04_toGrassland,DE7,358.26619448435736
2030,Agri04_toGrassland,DE8,763.769595506973
2030,Agri04_toGrassland,DE9,1257.432227243911
2030,Agri04_toGrassland,DEA,818.1991141731072
2030,Agri04_toGrassland,DEB,448.290571255307
2030,Agri04_toGrassland,DEC,176.3888300974074
2030,Agri04_toGrassland,DEE,613.0415324647254
2030,Agri04_toGrassland,DED,492.41091526238813
2030,Agri04_toGrassland,DEF,399.7778852353937
2030,Agri04_toGrassland,DEG,319.6203250994738
2030,Agri05_Agroforestry,DE1,20421.241286075798
2030,Agri05_Agroforestry,DE2,27878.900610126613
2030,Agri05_Agroforestry,DE3,94.54500000000002
2030,Agri05_Agroforestry,DE4,20521.6444066119
2030,Agri05_Agroforestry,DE5,776.162
2030,Agri05_Agroforestry,DE6,628.319
2030,Agri05_Agroforestry,DE7,5627.3780443112655
2030,Agri05_Agroforestry,DE8,19955.76010648129
2030,Agri05_Agroforestry,DE9,25320.848330641224
2030,Agri05_Agroforestry,DEA,20547.296007456633
2030,Agri05_Agroforestry,DEB,12948.240316397041
2030,Agri05_Agroforestry,DEC,3458.3510000000006
2030,Agri05_Agroforestry,DEE,14928.590516142427
2030,Agri05_Agroforestry,DED,13505.577859824949
2030,Agri05_Agroforestry,DEF,4348.894527162307
2030,Agri05_Agroforestry,DEG,3477.7482132323094
2030,Agri06_Biochar,DE1,0.0
2030,Agri06_Biochar,DE2,0.0
2030,Agri06_Biochar,DE3,0.0
2030,Agri06_Biochar,DE4,0.0
2030,Agri06_Biochar,DE5,0.0
2030,Agri06_Biochar,DE6,0.0
2030,Agri06_Biochar,DE7,0.0
2030,Agri06_Biochar,DE8,0.0
2030,Agri06_Biochar,DE9,0.0
2030,Agri06_Biochar,DEA,0.0
2030,Agri06_Biochar,DEB,0.0
2030,Agri06_Biochar,DEC,0.0
2030,Agri06_Biochar,DEE,0.0
2030,Agri06_Biochar,DED,0.0
2030,Agri06_Biochar,DEF,0.0
2030,Agri06_Biochar,DEG,0.0
2031,Agri01_AGC,DE1,131444.04747799123
2031,Agri01_AGC,DE2,241052.0408453299
2031,Agri01_AGC,DE3,483.6495000000001
2031,Agri01_AGC,DE4,121306.67720979253
2031,Agri01_AGC,DE5,1554.9810000000002
2031,Agri01_AGC,DE6,2153.3090657799166
2031,Agri01_AGC,DE7,57893.583810877215
2031,Agri01_AGC,DE8,126485.77831497356
2031,Agri01_AGC,DE9,205338.4757816488
2031,Agri01_AGC,DEA,135179.80150554082
2031,Agri01_AGC,DEB,74715.9386103432
2031,Agri01_AGC,DEC,13131.519
2031,Agri01_AGC,DEE,101104.71727060486
2031,Agri01_AGC,DED,81793.2580135439
2031,Agri01_AGC,DEF,63858.08747912918
2031,Agri01_AGC,DEG,51054.52603307538
2031,Agri02_OFC,DE1,19283.22479119584
2031,Agri02_OFC,DE2,30879.48392688231
2031,Agri02_OFC,DE3,9479.12505445945
2031,Agri02_OFC,DE4,18580.855328920607
2031,Agri02_OFC,DE5,4419.4092914860985
2031,Agri02_OFC,DE6,512.3558234567697
2031,Agri02_OFC,DE7,6915.894310740041
2031,Agri02_OFC,DE8,18698.632943268407
2031,Agri02_OFC,DE9,27041.056568404565
2031,Agri02_OFC,DEA,19618.439453288214
2031,Agri02_OFC,DEB,11588.913012733148
2031,Agri02_OFC,DEC,6944.55415441518
2031,Agri02_OFC,DEE,14467.385226586923
2031,Agri02_OFC,DED,12373.184953973141
2031,Agri02_OFC,DEF,6757.918281540235
2031,Agri02_OFC,DEG,5403.332618334698
2031,Agri03_No-till,DE1,0.0
2031,Agri03_No-till,DE2,0.0
2031,Agri03_No-till,DE3,0.0
2031,Agri03_No-till,DE4,0.0
2031,Agri03_No-till,DE5,0.0
2031,Agri03_No-till,DE6,0.0
2031,Agri03_No-till,DE7,0.0
2031,Agri03_No-till,DE8,0.0
2031,Agri03_No-till,DE9,0.0
2031,Agri03_No-till,DEA,0.0
2031,Agri03_No-till,DEB,0.0
2031,Agri03_No-till,DEC,0.0
2031,Agri03_No-till,DEE,0.0
2031,Agri03_No-till,DED,0.0
2031,Agri03_No-till,DEF,0.0
2031,Agri03_No-till,DEG,0.0
2031,Agri04_toGrassland,DE1,887.4566262845267
2031,Agri04_toGrassland,DE2,1627.4851165353489
2031,Agri04_toGrassland,DE3,261.7968301768388
2031,Agri04_toGrassland,DE4,819.0132346648412
2031,Agri04_toGrassland,DE5,124.05089839641681
2031,Agri04_toGrassland,DE6,17.942943124781646
2031,Agri04_toGrassland,DE7,390.87387795878897
2031,Agri04_toGrassland,DE8,853.9804141010953
2031,Agri04_toGrassland,DE9,1386.3616836213225
2031,Agri04_toGrassland,DEA,912.6789146233968
2031,Agri04_toGrassland,DEB,504.45156004435546
2031,Agri04_toGrassland,DEC,210.96526198334698
2031,Agri04_toGrassland,DEE,682.6178363493069
2031,Agri04_toGrassland,DED,552.2347356328443
2031,Agri04_toGrassland,DEF,431.1437753367958
2031,Agri04_toGrassland,DEG,344.6993477392351
2031,Agri05_Agroforestry,DE1,24050.828724059884
2031,Agri05_Agroforestry,DE2,32093.402504899
2031,Agri05_Agroforestry,DE3,94.54500000000002
2031,Agri05_Agroforestry,DE4,24298.709922204755
2031,Agri05_Agroforestry,DE5,776.162
2031,Agri05_Agroforestry,DE6,628.319
2031,Agri05_Agroforestry,DE7,6367.037683268221
2031,Agri05_Agroforestry,DE8,23526.20220470962
2031,Agri05_Agroforestry,DE9,29312.081662137
2031,Agri05_Agroforestry,DEA,24164.13307831048
2031,Agri05_Agroforestry,DEB,15353.316419823455
2031,Agri05_Agroforestry,DEC,3458.3510000000006
2031,Agri05_Agroforestry,DEE,17156.976000000002
2031,Agri05_Agroforestry,DED,15967.759334792701
2031,Agri05_Agroforestry,DEF,4690.696351845115
2031,Agri05_Agroforestry,DEG,3751.2248368225682
2031,Agri06_Biochar,DE1,0.0
2031,Agri06_Biochar,DE2,0.0
2031,Agri06_Biochar,DE3,0.0
2031,Agri06_Biochar,DE4,0.0
2031,Agri06_Biochar,DE5,0.0
2031,Agri06_Biochar,DE6,0.0
2031,Agri06_Biochar,DE7,0.0
2031,Agri06_Biochar,DE8,0.0
2031,Agri06_Biochar,DE9,0.0
2031,Agri06_Biochar,DEA,0.0
2031,Agri06_Biochar,DEB,0.0
2031,Agri06_Biochar,DEC,0.0
2031,Agri06_Biochar,DEE,0.0
2031,Agri06_Biochar,DED,0.0
2031,Agri06_Biochar,DEF,0.0
2031,Agri06_Biochar,DEG,0.0
2032,Agri01_AGC,DE1,145576.96006112464
2032,Agri01_AGC,DE2,262757.86933384306
2032,Agri01_AGC,DE3,483.6495000000001
2032,Agri01_AGC,DE4,135086.92581327158
2032,Agri01_AGC,DE5,1554.9810000000002
2032,Agri01_AGC,DE6,2554.1204999999995
2032,Agri01_AGC,DE7,62636.527504231075
2032,Agri01_AGC,DE8,140219.73332798254
2032,Agri01_AGC,DE9,224520.43534690078
2032,Agri01_AGC,DEA,149514.43448444354
2032,Agri01_AGC,DEB,83339.28802552598
2032,Agri01_AGC,DEC,13131.519
2032,Agri01_AGC,DEE,111632.65312901296
2032,Agri01_AGC,DED,90938.94537519588
2032,Agri01_AGC,DEF,68271.87445173383
2032,Agri01_AGC,DEG,54583.70330577086
2032,Agri02_OFC,DE1,29312.191612131457
2032,Agri02_OFC,DE2,46282.32693264824
2032,Agri02_OFC,DE3,14964.72858276113
2032,Agri02_OFC,DE4,28359.56550034481
2032,Agri02_OFC,DE5,6970.584651323463
2032,Agri02_OFC,DE6,796.7787654087407
2032,Agri02_OFC,DE7,10281.571743074777
2032,Agri02_OFC,DE8,28444.492357276875
2032,Agri02_OFC,DE9,40652.91717454931
2032,Agri02_OFC,DEA,29790.550664622937
2032,Agri02_OFC,DEB,17708.19554996572
2032,Agri02_OFC,DEC,10902.340404941118
2032,Agri02_OFC,DEE,21938.19627107894
2032,Agri02_OFC,DED,18863.12781360146
2032,Agri02_OFC,DEF,9890.02023452039
2032,Agri02_OFC,DEG,7907.699751780581
2032,Agri03_No-till,DE1,0.0
2032,Agri03_No-till,DE2,0.0
2032,Agri03_No-till,DE3,0.0
2032,Agri03_No-till,DE4,0.0
2032,Agri03_No-till,DE5,0.0
2032,Agri03_No-till,DE6,0.0
2032,Agri03_No-till,DE7,0.0
2032,Agri03_No-till,DE8,0.0
2032,Agri03_No-till,DE9,0.0
2032,Agri03_No-till,DEA,0.0
2032,Agri03_No-till,DEB,0.0
2032,Agri03_No-till,DEC,0.0
2032,Agri03_No-till,DEE,0.0
2032,Agri03_No-till,DED,0.0
2032,Agri03_No-till,DEF,0.0
2032,Agri03_No-till,DEG,0.0
2032,Agri04_toGrassland,DE1,982.8762908585484
2032,Agri04_toGrassland,DE2,1774.0340222539728
2032,Agri04_toGrassland,DE3,313.9890906561475
2032,Agri04_toGrassland,DE4,912.0518558093494
2032,Agri04_toGrassland,DE5,148.3238171777435
2032,Agri04_toGrassland,DE6,20.649058540535073
2032,Agri04_toGrassland,DE7,422.896300347038
2032,Agri04_toGrassland,DE8,946.7064797940221
2032,Agri04_toGrassland,DE9,1515.870455208374
2032,Agri04_toGrassland,DEA,1009.4605130796826
2032,Agri04_toGrassland,DEB,562.6729000449526
2032,Agri04_toGrassland,DEC,248.62124821041363
2032,Agri04_toGrassland,DEE,753.6981676226355
2032,Agri04_toGrassland,DED,613.9826885204308
2032,Agri04_toGrassland,DEF,460.943865725082
2032,Agri04_toGrassland,DEG,368.52691403896256
2032,Agri05_Agroforestry,DE1,27969.045854657877
2032,Agri05_Agroforestry,DE2,36567.28836944588
2032,Agri05_Agroforestry,DE3,94.54500000000002
2032,Agri05_Agroforestry,DE4,28389.393815057912
2032,Agri05_Agroforestry,DE5,776.162
2032,Agri05_Agroforestry,DE6,628.319
2032,Agri05_Agroforestry,DE7,7138.8649285026
2032,Agri05_Agroforestry,DE8,27382.983591588898
2032,Agri05_Agroforestry,DE9,33568.614720620346
2032,Agri05_Agroforestry,DEA,28064.989689183996
2032,Agri05_Agroforestry,DEB,17960.256536302
2032,Agri05_Agroforestry,DEC,3458.3510000000006
2032,Agri05_Agroforestry,DEE,17156.976000000002
2032,Agri05_Agroforestry,DED,18632.054207757774
2032,Agri05_Agroforestry,DEF,5015.573153249118
2032,Agri05_Agroforestry,DEG,4011.1926971886505
2032,Agri06_Biochar,DE1,0.0
2032,Agri06_Biochar,DE2,0.0
2032,Agri06_Biochar,DE3,0.0
2032,Agri06_Biochar,DE4,0.0
2032,Agri06_Biochar,DE5,0.0
2032,Agri06_Biochar,DE6,0.0
2032,Agri06_Biochar,DE7,0.0
2032,Agri06_Biochar,DE8,0.0
2032,Agri06_Biochar,DE9,0.0
2032,Agri06_Biochar,DEA,0.0
2032,Agri06_Biochar,DEB,0.0
2032,Agri06_Biochar,DEC,0.0
2032,Agri06_Biochar,DEE,0.0
2032,Agri06_Biochar,DED,0.0
2032,Agri06_Biochar,DEF,0.0
2032,Agri06_Biochar,DEG,0.0
2033,Agri01_AGC,DE1,160073.781597841
2033,Agri01_AGC,DE2,284429.0322546034
2033,Agri01_AGC,DE3,483.6495000000001
2033,Agri01_AGC,DE4,149325.90255960633
2033,Agri01_AGC,DE5,1554.9810000000002
2033,Agri01_AGC,DE6,2554.1204999999995
2033,Agri01_AGC,DE7,67292.7863008579
2033,Agri01_AGC,DE8,154326.22965656916
2033,Agri01_AGC,DE9,243788.1991460334
2033,Agri01_AGC,DEA,164189.99414914002
2033,Agri01_AGC,DEB,92267.80266732494
2033,Agri01_AGC,DEC,13131.519
2033,Agri01_AGC,DEE,122383.35530820719
2033,Agri01_AGC,DED,100369.62217570584
2033,Agri01_AGC,DEF,72453.74580645245
2033,Agri01_AGC,DEG,57927.52336583869
2033,Agri02_OFC,DE1,29312.191612131457
2033,Agri02_OFC,DE2,46282.32693264824
2033,Agri02_OFC,DE3,14964.72858276113
2033,Agri02_OFC,DE4,28359.56550034481
2033,Agri02_OFC,DE5,6970.584651323463
2033,Agri02_OFC,DE6,796.7787654087407
2033,Agri02_OFC,DE7,10281.571743074777
2033,Agri02_OFC,DE8,28444.492357276875
2033,Agri02_OFC,DE9,40652.91717454931
2033,Agri02_OFC,DEA,29790.550664622937
2033,Agri02_OFC,DEB,17708.19554996572
2033,Agri02_OFC,DEC,10902.340404941118
2033,Agri02_OFC,DEE,21938.19627107894
2033,Agri02_OFC,DED,18863.12781360146
2033,Agri02_OFC,DEF,9890.02023452039
2033,Agri02_OFC,DEG,7907.699751780581
2033,Agri03_No-till,DE1,0.0
2033,Agri03_No-till,DE2,0.0
2033,Agri03_No-till,DE3,0.0
2033,Agri03_No-till,DE4,0.0
2033,Agri03_No-till,DE5,0.0
2033,Agri03_No-till,DE6,0.0
2033,Agri03_No-till,DE7,0.0
2033,Agri03_No-till,DE8,0.0
2033,Agri03_No-till,DE9,0.0
2033,Agri03_No-till,DEA,0.0
2033,Agri03_No-till,DEB,0.0
2033,Agri03_No-till,DEC,0.0
2033,Agri03_No-till,DEE,0.0
2033,Agri03_No-till,DED,0.0
2033,Agri03_No-till,DEF,0.0
2033,Agri03_No-till,DEG,0.0
2033,Agri04_toGrassland,DE1,1080.752920342111
2033,Agri04_toGrassland,DE2,1920.3488801903165
2033,Agri04_toGrassland,DE3,370.91344257629794
2033,Agri04_toGrassland,DE4,1008.1876223769598
2033,Agri04_toGrassland,DE5,174.76266335601227
2033,Agri04_toGrassland,DE6,23.534330417629498
2033,Agri04_toGrassland,DE7,454.33346164910444
2033,Agri04_toGrassland,DE8,1041.9477925857534
2033,Agri04_toGrassland,DE9,1645.9585420050657
2033,Agri04_toGrassland,DEA,1108.5439095419647
2033,Agri04_toGrassland,DEB,622.9545912570984
2033,Agri04_toGrassland,DEC,289.3567887786073
2033,Agri04_toGrassland,DEE,826.2825262847113
2033,Agri04_toGrassland,DED,677.6547739251478
2033,Agri04_toGrassland,DEF,489.1781564002523
2033,Agri04_toGrassland,DEG,391.10302399865617
2033,Agri05_Agroforestry,DE1,32175.892677869782
2033,Agri05_Agroforestry,DE2,41300.55820376726
2033,Agri05_Agroforestry,DE3,94.54500000000002
2033,Agri05_Agroforestry,DE4,32793.696085171374
2033,Agri05_Agroforestry,DE5,776.162
2033,Agri05_Agroforestry,DE6,628.319
2033,Agri05_Agroforestry,DE7,7942.8597800144025
2033,Agri05_Agroforestry,DE8,31526.10426711912
2033,Agri05_Agroforestry,DE9,38090.44750609127
2033,Agri05_Agroforestry,DEA,32249.865840077182
2033,Agri05_Agroforestry,DEB,20769.060665832672
2033,Agri05_Agroforestry,DEC,3458.3510000000006
2033,Agri05_Agroforestry,DEE,17156.976000000002
2033,Agri05_Agroforestry,DED,19114.16
2033,Agri05_Agroforestry,DEF,5323.524931374318
2033,Agri05_Agroforestry,DEG,4257.651794330556
2033,Agri06_Biochar,DE1,0.0
2033,Agri06_Biochar,DE2,0.0
2033,Agri06_Biochar,DE3,0.0
2033,Agri06_Biochar,DE4,0.0
2033,Agri06_Biochar,DE5,0.0
2033,Agri06_Biochar,DE6,0.0
2033,Agri06_Biochar,DE7,0.0
2033,Agri06_Biochar,DE8,0.0
2033,Agri06_Biochar,DE9,0.0
2033,Agri06_Biochar,DEA,0.0
2033,Agri06_Biochar,DEB,0.0
2033,Agri06_Biochar,DEC,0.0
2033,Agri06_Biochar,DEE,0.0
2033,Agri06_Biochar,DED,0.0
2033,Agri06_Biochar,DEF,0.0
2033,Agri06_Biochar,DEG,0.0
2034,Agri01_AGC,DE1,174934.51208814036
2034,Agri01_AGC,DE2,306065.52960761095
2034,Agri01_AGC,DE3,483.6495000000001
2034,Agri01_AGC,DE4,164023.6074487968
2034,Agri01_AGC,DE5,1554.9810000000002
2034,Agri01_AGC,DE6,2554.1204999999995
2034,Agri01_AGC,DE7,71862.36020075768
2034,Agri01_AGC,DE8,168805.26730073345
2034,Agri01_AGC,DE9,263141.7671790467
2034,Agri01_AGC,DEA,179206.48049963027
2034,Agri01_AGC,DEB,101501.48253574007
2034,Agri01_AGC,DEC,13131.519
2034,Agri01_AGC,DEE,133356.82380818753
2034,Agri01_AGC,DED,110085.2884150738
2034,Agri01_AGC,DEF,76403.70154328505
2034,Agri01_AGC,DEG,61085.98621327887
2034,Agri02_OFC,DE1,29312.191612131457
2034,Agri02_OFC,DE2,46282.32693264824
2034,Agri02_OFC,DE3,14964.72858276113
2034,Agri02_OFC,DE4,28359.56550034481
2034,Agri02_OFC,DE5,6970.584651323463
2034,Agri02_OFC,DE6,796.7787654087407
2034,Agri02_OFC,DE7,10281.571743074777
2034,Agri02_OFC,DE8,28444.492357276875
2034,Agri02_OFC,DE9,40652.91717454931
2034,Agri02_OFC,DEA,29790.550664622937
2034,Agri02_OFC,DEB,17708.19554996572
2034,Agri02_OFC,DEC,10902.340404941118
2034,Agri02_OFC,DEE,21938.19627107894
2034,Agri02_OFC,DED,18863.12781360146
2034,Agri02_OFC,DEF,9890.02023452039
2034,Agri02_OFC,DEG,7907.699751780581
2034,Agri03_No-till,DE1,0.0
2034,Agri03_No-till,DE2,0.0
2034,Agri03_No-till,DE3,0.0
2034,Agri03_No-till,DE4,0.0
2034,Agri03_No-till,DE5,0.0
2034,Agri03_No-till,DE6,0.0
2034,Agri03_No-till,DE7,0.0
2034,Agri03_No-till,DE8,0.0
2034,Agri03_No-till,DE9,0.0
2034,Agri03_No-till,DEA,0.0
2034,Agri03_No-till,DEB,0.0
2034,Agri03_No-till,DEC,0.0
2034,Agri03_No-till,DEE,0.0
2034,Agri03_No-till,DED,0.0
2034,Agri03_No-till,DEF,0.0
2034,Agri03_No-till,DEG,0.0
2034,Agri04_toGrassland,DE1,1080.752920342111
2034,Agri04_toGrassland,DE2,1920.3488801903165
2034,Agri04_toGrassland,DE3,370.91344257629794
2034,Agri04_toGrassland,DE4,1008.1876223769598
2034,Agri04_toGrassland,DE5,174.76266335601227
2034,Agri04_toGrassland,DE6,23.534330417629498
2034,Agri04_toGrassland,DE7,454.33346164910444
2034,Agri04_toGrassland,DE8,1041.9477925857534
2034,Agri04_toGrassland,DE9,1645.9585420050657
2034,Agri04_toGrassland,DEA,1108.5439095419647
2034,Agri04_toGrassland,DEB,622.9545912570984
2034,Agri04_toGrassland,DEC,289.3567887786073
2034,Agri04_toGrassland,DEE,826.2825262847113
2034,Agri04_toGrassland,DED,677.6547739251478
2034,Agri04_toGrassland,DEF,489.1781564002523
2034,Agri04_toGrassland,DEG,391.10302399865617
2034,Agri05_Agroforestry,DE1,36671.369193695595
2034,Agri05_Agroforestry,DE2,46293.21200786313
2034,Agri05_Agroforestry,DE3,94.54500000000002
2034,Agri05_Agroforestry,DE4,34235.052
2034,Agri05_Agroforestry,DE5,776.162
2034,Agri05_Agroforestry,DE6,628.319
2034,Agri05_Agroforestry,DE7,8779.022237803629
2034,Agri05_Agroforestry,DE8,32606.293
2034,Agri05_Agroforestry,DE9,42877.580018549765
2034,Agri05_Agroforestry,DEA,36718.76153099004
2034,Agri05_Agroforestry,DEB,23779.728808415475
2034,Agri05_Agroforestry,DEC,3458.3510000000006
2034,Agri05_Agroforestry,DEE,17156.976000000002
2034,Agri05_Agroforestry,DED,19114.16
2034,Agri05_Agroforestry,DEF,5614.551686220713
2034,Agri05_Agroforestry,DEG,4490.602128248285
2034,Agri06_Biochar,DE1,0.0
2034,Agri06_Biochar,DE2,0.0
2034,Agri06_Biochar,DE3,0.0
2034,Agri06_Biochar,DE4,0.0
2034,Agri06_Biochar,DE5,0.0
2034,Agri06_Biochar,DE6,0.0
2034,Agri06_Biochar,DE7,0.0
2034,Agri06_Biochar,DE8,0.0
2034,Agri06_Biochar,DE9,0.0
2034,Agri06_Biochar,DEA,0.0
2034,Agri06_Biochar,DEB,0.0
2034,Agri06_Biochar,DEC,0.0
2034,Agri06_Biochar,DEE,0.0
2034,Agri06_Biochar,DED,0.0
2034,Agri06_Biochar,DEF,0.0
2034,Agri06_Biochar,DEG,0.0
2035,Agri01_AGC,DE1,190159.15153202266
2035,Agri01_AGC,DE2,327667.3613928657
2035,Agri01_AGC,DE3,483.6495000000001
2035,Agri01_AGC,DE4,179180.04048084296
2035,Agri01_AGC,DE5,1554.9810000000002
2035,Agri01_AGC,DE6,2554.1204999999995
2035,Agri01_AGC,DE7,76345.24920393042
2035,Agri01_AGC,DE8,183656.8462604754
2035,Agri01_AGC,DE9,282581.1394459407
2035,Agri01_AGC,DEA,194563.8935359143
2035,Agri01_AGC,DEB,111040.32763077138
2035,Agri01_AGC,DEC,13131.519
2035,Agri01_AGC,DEE,144553.05862895402
2035,Agri01_AGC,DED,120085.94409329975
2035,Agri01_AGC,DEF,80121.74166223161
2035,Agri01_AGC,DEG,64059.0918480914
2035,Agri02_OFC,DE1,29312.191612131457
2035,Agri02_OFC,DE2,46282.32693264824
2035,Agri02_OFC,DE3,14964.72858276113
2035,Agri02_OFC,DE4,28359.56550034481
2035,Agri02_OFC,DE5,6970.584651323463
2035,Agri02_OFC,DE6,796.7787654087407
2035,Agri02_OFC,DE7,10281.571743074777
2035,Agri02_OFC,DE8,28444.492357276875
2035,Agri02_OFC,DE9,40652.91717454931
2035,Agri02_OFC,DEA,29790.550664622937
2035,Agri02_OFC,DEB,17708.19554996572
2035,Agri02_OFC,DEC,10902.340404941118
2035,Agri02_OFC,DEE,21938.19627107894
2035,Agri02_OFC,DED,18863.12781360146
2035,Agri02_OFC,DEF,9890.02023452039
2035,Agri02_OFC,DEG,7907.699751780581
2035,Agri03_No-till,DE1,0.0
2035,Agri03_No-till,DE2,0.0
2035,Agri03_No-till,DE3,0.0
2035,Agri03_No-till,DE4,0.0
2035,Agri03_No-till,DE5,0.0
2035,Agri03_No-till,DE6,0.0
2035,Agri03_No-till,DE7,0.0
2035,Agri03_No-till,DE8,0.0
2035,Agri03_No-till,DE9,0.0
2035,Agri03_No-till,DEA,0.0
2035,Agri03_No-till,DEB,0.0
2035,Agri03_No-till,DEC,0.0
2035,Agri03_No-till,DEE,0.0
2035,Agri03_No-till,DED,0.0
2035,Agri03_No-till,DEF,0.0
2035,Agri03_No-till,DEG,0.0
2035,Agri04_toGrassland,DE1,1080.752920342111
2035,Agri04_toGrassland,DE2,1920.3488801903165
2035,Agri04_toGrassland,DE3,370.91344257629794
2035,Agri04_toGrassland,DE4,1008.1876223769598
2035,Agri04_toGrassland,DE5,174.76266335601227
2035,Agri04_toGrassland,DE6,23.534330417629498
2035,Agri04_toGrassland,DE7,454.33346164910444
2035,Agri04_toGrassland,DE8,1041.9477925857534
2035,Agri04_toGrassland,DE9,1645.9585420050657
2035,Agri04_toGrassland,DEA,1108.5439095419647
2035,Agri04_toGrassland,DEB,622.9545912570984
2035,Agri04_toGrassland,DEC,289.3567887786073
2035,Agri04_toGrassland,DEE,826.2825262847113
2035,Agri04_toGrassland,DED,677.6547739251478
2035,Agri04_toGrassland,DEF,489.1781564002523
2035,Agri04_toGrassland,DEG,391.10302399865617
2035,Agri05_Agroforestry,DE1,41455.47540213532
2035,Agri05_Agroforestry,DE2,51545.249781733495
2035,Agri05_Agroforestry,DE3,94.54500000000002
2035,Agri05_Agroforestry,DE4,34235.052
2035,Agri05_Agroforestry,DE5,776.162
2035,Agri05_Agroforestry,DE6,628.319
2035,Agri05_Agroforestry,DE7,9647.352301870278
2035,Agri05_Agroforestry,DE8,32606.293
2035,Agri05_Agroforestry,DE9,47930.01225799583
2035,Agri05_Agroforestry,DEA,41471.67676192257
2035,Agri05_Agroforestry,DEB,24825.059
2035,Agri05_Agroforestry,DEC,3458.3510000000006
2035,Agri05_Agroforestry,DEE,17156.976000000002
2035,Agri05_Agroforestry,DED,19114.16
2035,Agri05_Agroforestry,DEF,5888.653417788304
2035,Agri05_Agroforestry,DEG,4710.043698941838
2035,Agri06_Biochar,DE1,0.0
2035,Agri06_Biochar,DE2,0.0
2035,Agri06_Biochar,DE3,0.0
2035,Agri06_Biochar,DE4,0.0
2035,Agri06_Biochar,DE5,0.0
2035,Agri06_Biochar,DE6,0.0
2035,Agri06_Biochar,DE7,0.0
2035,Agri06_Biochar,DE8,0.0
2035,Agri06_Biochar,DE9,0.0
2035,Agri06_Biochar,DEA,0.0
2035,Agri06_Biochar,DEB,0.0
2035,Agri06_Biochar,DEC,0.0
2035,Agri06_Biochar,DEE,0.0
2035,Agri06_Biochar,DED,0.0
2035,Agri06_Biochar,DEF,0.0
2035,Agri06_Biochar,DEG,0.0
2036,Agri01_AGC,DE1,205747.69992948795
2036,Agri01_AGC,DE2,349234.52761036763
2036,Agri01_AGC,DE3,483.6495000000001
2036,Agri01_AGC,DE4,194795.20165574484
2036,Agri01_AGC,DE5,1554.9810000000002
2036,Agri01_AGC,DE6,2554.1204999999995
2036,Agri01_AGC,DE7,80741.45331037612
2036,Agri01_AGC,DE8,198880.96653579499
2036,Agri01_AGC,DE9,302106.3159467153
2036,Agri01_AGC,DEA,210262.2332579921
2036,Agri01_AGC,DEB,120884.33795241886
2036,Agri01_AGC,DEC,13131.519
2036,Agri01_AGC,DEE,155972.05977050663
2036,Agri01_AGC,DED,130371.5892103837
2036,Agri01_AGC,DEF,83607.86616329214
2036,Agri01_AGC,DEG,66846.84027027627
2036,Agri02_OFC,DE1,29312.191612131457
2036,Agri02_OFC,DE2,46282.32693264824
2036,Agri02_OFC,DE3,14964.72858276113
2036,Agri02_OFC,DE4,28359.56550034481
2036,Agri02_OFC,DE5,6970.584651323463
2036,Agri02_OFC,DE6,796.7787654087407
2036,Agri02_OFC,DE7,10281.571743074777
2036,Agri02_OFC,DE8,28444.492357276875
2036,Agri02_OFC,DE9,40652.91717454931
2036,Agri02_OFC,DEA,29790.550664622937
2036,Agri02_OFC,DEB,17708.19554996572
2036,Agri02_OFC,DEC,10902.340404941118
2036,Agri02_OFC,DEE,21938.19627107894
2036,Agri02_OFC,DED,18863.12781360146
2036,Agri02_OFC,DEF,9890.02023452039
2036,Agri02_OFC,DEG,7907.699751780581
2036,Agri03_No-till,DE1,0.0
2036,Agri03_No-till,DE2,0.0
2036,Agri03_No-till,DE3,0.0
2036,Agri03_No-till,DE4,0.0
2036,Agri03_No-till,DE5,0.0
2036,Agri03_No-till,DE6,0.0
2036,Agri03_No-till,DE7,0.0
2036,Agri03_No-till,DE8,0.0
2036,Agri03_No-till,DE9,0.0
2036,Agri03_No-till,DEA,0.0
2036,Agri03_No-till,DEB,0.0
2036,Agri03_No-till,DEC,0.0
2036,Agri03_No-till,DEE,0.0
2036,Agri03_No-till,DED,0.0
2036,Agri03_No-till,DEF,0.0
2036,Agri03_No-till,DEG,0.0
2036,Agri04_toGrassland,DE1,1080.752920342111
2036,Agri04_toGrassland,DE2,1920.3488801903165
2036,Agri04_toGrassland,DE3,370.91344257629794
2036,Agri04_toGrassland,DE4,1008.1876223769598
2036,Agri04_toGrassland,DE5,174.76266335601227
2036,Agri04_toGrassland,DE6,23.534330417629498
2036,Agri04_toGrassland,DE7,454.33346164910444
2036,Agri04_toGrassland,DE8,1041.9477925857534
2036,Agri04_toGrassland,DE9,1645.9585420050657
2036,Agri04_toGrassland,DEA,1108.5439095419647
2036,Agri04_toGrassland,DEB,622.9545912570984
2036,Agri04_toGrassland,DEC,289.3567887786073
2036,Agri04_toGrassland,DEE,826.2825262847113
2036,Agri04_toGrassland,DED,677.6547739251478
2036,Agri04_toGrassland,DEF,489.1781564002523
2036,Agri04_toGrassland,DEG,391.10302399865617
2036,Agri05_Agroforestry,DE1,46528.21130318896
2036,Agri05_Agroforestry,DE2,57056.671525378355
2036,Agri05_Agroforestry,DE3,94.54500000000002
2036,Agri05_Agroforestry,DE4,34235.052
2036,Agri05_Agroforestry,DE5,776.162
2036,Agri05_Agroforestry,DE6,628.319
2036,Agri05_Agroforestry,DE7,10547.849972214352
2036,Agri05_Agroforestry,DE8,32606.293
2036,Agri05_Agroforestry,DE9,53247.74422442948
2036,Agri05_Agroforestry,DEA,42247.642
2036,Agri05_Agroforestry,DEB,24825.059
2036,Agri05_Agroforestry,DEC,3458.3510000000006
2036,Agri05_Agroforestry,DEE,17156.976000000002
2036,Agri05_Agroforestry,DED,19114.16
2036,Agri05_Agroforestry,DEF,6145.830126077091
2036,Agri05_Agroforestry,DEG,4915.976506411213
2036,Agri06_Biochar,DE1,0.0
2036,Agri06_Biochar,DE2,0.0
2036,Agri06_Biochar,DE3,0.0
2036,Agri06_Biochar,DE4,0.0
2036,Agri06_Biochar,DE5,0.0
2036,Agri06_Biochar,DE6,0.0
2036,Agri06_Biochar,DE7,0.0
2036,Agri06_Biochar,DE8,0.0
2036,Agri06_Biochar,DE9,0.0
2036,Agri06_Biochar,DEA,0.0
2036,Agri06_Biochar,DEB,0.0
2036,Agri06_Biochar,DEC,0.0
2036,Agri06_Biochar,DEE,0.0
2036,Agri06_Biochar,DED,0.0
2036,Agri06_Biochar,DEF,0.0
2036,Agri06_Biochar,DEG,0.0
2037,Agri01_AGC,DE1,205747.69992948795
2037,Agri01_AGC,DE2,349234.52761036763
2037,Agri01_AGC,DE3,483.6495000000001
2037,Agri01_AGC,DE4,194795.20165574484
2037,Agri01_AGC,DE5,1554.9810000000002
2037,Agri01_AGC,DE6,2554.1204999999995
2037,Agri01_AGC,DE7,80741.45331037612
2037,Agri01_AGC,DE8,198880.96653579499
2037,Agri01_AGC,DE9,302106.3159467153
2037,Agri01_AGC,DEA,210262.2332579921
2037,Agri01_AGC,DEB,120884.33795241886
2037,Agri01_AGC,DEC,13131.519
2037,Agri01_AGC,DEE,155972.05977050663
2037,Agri01_AGC,DED,130371.5892103837
2037,Agri01_AGC,DEF,83607.86616329214
2037,Agri01_AGC,DEG,66846.84027027627
2037,Agri02_OFC,DE1,29312.191612131457
2037,Agri02_OFC,DE2,46282.32693264824
2037,Agri02_OFC,DE3,14964.72858276113
2037,Agri02_OFC,DE4,28359.56550034481
2037,Agri02_OFC,DE5,6970.584651323463
2037,Agri02_OFC,DE6,796.7787654087407
2037,Agri02_OFC,DE7,10281.571743074777
2037,Agri02_OFC,DE8,28444.492357276875
2037,Agri02_OFC,DE9,40652.91717454931
2037,Agri02_OFC,DEA,29790.550664622937
2037,Agri02_OFC,DEB,17708.19554996572
2037,Agri02_OFC,DEC,10902.340404941118
2037,Agri02_OFC,DEE,21938.19627107894
2037,Agri02_OFC,DED,18863.12781360146
2037,Agri02_OFC,DEF,9890.02023452039
2037,Agri02_OFC,DEG,7907.699751780581
2037,Agri03_No-till,DE1,0.0
2037,Agri03_No-till,DE2,0.0
2037,Agri03_No-till,DE3,0.0
2037,Agri03_No-till,DE4,0.0
2037,Agri03_No-till,DE5,0.0
2037,Agri03_No-till,DE6,0.0
2037,Agri03_No-till,DE7,0.0
2037,Agri03_No-till,DE8,0.0
2037,Agri03_No-till,DE9,0.0
2037,Agri03_No-till,DEA,0.0
2037,Agri03_No-till,DEB,0.0
2037,Agri03_No-till,DEC,0.0
2037,Agri03_No-till,DEE,0.0
2037,Agri03_No-till,DED,0.0
2037,Agri03_No-till,DEF,0.0
2037,Agri03_No-till,DEG,0.0
2037,Agri04_toGrassland,DE1,1080.752920342111
2037,Agri04_toGrassland,DE2,1920.3488801903165
2037,Agri04_toGrassland,DE3,370.91344257629794
2037,Agri04_toGrassland,DE4,1008.1876223769598
2037,Agri04_toGrassland,DE5,174.76266335601227
2037,Agri04_toGrassland,DE6,23.534330417629498
2037,Agri04_toGrassland,DE7,454.33346164910444
2037,Agri04_toGrassland,DE8,1041.9477925857534
2037,Agri04_toGrassland,DE9,1645.9585420050657
2037,Agri04_toGrassland,DEA,1108.5439095419647
2037,Agri04_toGrassland,DEB,622.9545912570984
2037,Agri04_toGrassland,DEC,289.3567887786073
2037,Agri04_toGrassland,DEE,826.2825262847113
2037,Agri04_toGrassland,DED,677.6547739251478
2037,Agri04_toGrassland,DEF,489.1781564002523
2037,Agri04_toGrassland,DEG,391.10302399865617
2037,Agri05_Agroforestry,DE1,51889.5768968565
2037,Agri05_Agroforestry,DE2,62827.477238797714
2037,Agri05_Agroforestry,DE3,94.54500000000002
2037,Agri05_Agroforestry,DE4,34235.052
2037,Agri05_Agroforestry,DE5,776.162
2037,Agri05_Agroforestry,DE6,628.319
2037,Agri05_Agroforestry,DE7,11480.515248835847
2037,Agri05_Agroforestry,DE8,32606.293
2037,Agri05_Agroforestry,DE9,58830.7759178507
2037,Agri05_Agroforestry,DEA,42247.642
2037,Agri05_Agroforestry,DEB,24825.059
2037,Agri05_Agroforestry,DEC,3458.3510000000006
2037,Agri05_Agroforestry,DEE,17156.976000000002
2037,Agri05_Agroforestry,DED,19114.16
2037,Agri05_Agroforestry,DEF,6386.081811087074
2037,Agri05_Agroforestry,DEG,5108.400550656413
2037,Agri06_Biochar,DE1,0.0
2037,Agri06_Biochar,DE2,0.0
2037,Agri06_Biochar,DE3,0.0
2037,Agri06_Biochar,DE4,0.0
2037,Agri06_Biochar,DE5,0.0
2037,Agri06_Biochar,DE6,0.0
2037,Agri06_Biochar,DE7,0.0
2037,Agri06_Biochar,DE8,0.0
2037,Agri06_Biochar,DE9,0.0
2037,Agri06_Biochar,DEA,0.0
2037,Agri06_Biochar,DEB,0.0
2037,Agri06_Biochar,DEC,0.0
2037,Agri06_Biochar,DEE,0.0
2037,Agri06_Biochar,DED,0.0
2037,Agri06_Biochar,DEF,0.0
2037,Agri06_Biochar,DEG,0.0
2038,Agri01_AGC,DE1,205747.69992948795
2038,Agri01_AGC,DE2,349234.52761036763
2038,Agri01_AGC,DE3,483.6495000000001
2038,Agri01_AGC,DE4,194795.20165574484
2038,Agri01_AGC,DE5,1554.9810000000002
2038,Agri01_AGC,DE6,2554.1204999999995
2038,Agri01_AGC,DE7,80741.45331037612
2038,Agri01_AGC,DE8,198880.96653579499
2038,Agri01_AGC,DE9,302106.3159467153
2038,Agri01_AGC,DEA,210262.2332579921
2038,Agri01_AGC,DEB,120884.33795241886
2038,Agri01_AGC,DEC,13131.519
2038,Agri01_AGC,DEE,155972.05977050663
2038,Agri01_AGC,DED,130371.5892103837
2038,Agri01_AGC,DEF,83607.86616329214
2038,Agri01_AGC,DEG,66846.84027027627
2038,Agri02_OFC,DE1,29312.191612131457
2038,Agri02_OFC,DE2,46282.32693264824
2038,Agri02_OFC,DE3,14964.72858276113
2038,Agri02_OFC,DE4,28359.56550034481
2038,Agri02_OFC,DE5,6970.584651323463
2038,Agri02_OFC,DE6,796.7787654087407
2038,Agri02_OFC,DE7,10281.571743074777
2038,Agri02_OFC,DE8,28444.492357276875
2038,Agri02_OFC,DE9,40652.91717454931
2038,Agri02_OFC,DEA,29790.550664622937
2038,Agri02_OFC,DEB,17708.19554996572
2038,Agri02_OFC,DEC,10902.340404941118
2038,Agri02_OFC,DEE,21938.19627107894
2038,Agri02_OFC,DED,18863.12781360146
2038,Agri02_OFC,DEF,9890.02023452039
2038,Agri02_OFC,DEG,7907.699751780581
2038,Agri03_No-till,DE1,0.0
2038,Agri03_No-till,DE2,0.0
2038,Agri03_No-till,DE3,0.0
2038,Agri03_No-till,DE4,0.0
2038,Agri03_No-till,DE5,0.0
2038,Agri03_No-till,DE6,0.0
2038,Agri03_No-till,DE7,0.0
2038,Agri03_No-till,DE8,0.0
2038,Agri03_No-till,DE9,0.0
2038,Agri03_No-till,DEA,0.0
2038,Agri03_No-till,DEB,0.0
2038,Agri03_No-till,DEC,0.0
2038,Agri03_No-till,DEE,0.0
2038,Agri03_No-till,DED,0.0
2038,Agri03_No-till,DEF,0.0
2038,Agri03_No-till,DEG,0.0
2038,Agri04_toGrassland,DE1,1080.752920342111
2038,Agri04_toGrassland,DE2,1920.3488801903165
2038,Agri04_toGrassland,DE3,370.91344257629794
2038,Agri04_toGrassland,DE4,1008.1876223769598
2038,Agri04_toGrassland,DE5,174.76266335601227
2038,Agri04_toGrassland,DE6,23.534330417629498
2038,Agri04_toGrassland,DE7,454.33346164910444
2038,Agri04_toGrassland,DE8,1041.9477925857534
2038,Agri04_toGrassland,DE9,1645.9585420050657
2038,Agri04_toGrassland,DEA,1108.5439095419647
2038,Agri04_toGrassland,DEB,622.9545912570984
2038,Agri04_toGrassland,DEC,289.3567887786073
2038,Agri04_toGrassland,DEE,826.2825262847113
2038,Agri04_toGrassland,DED,677.6547739251478
2038,Agri04_toGrassland,DEF,489.1781564002523
2038,Agri04_toGrassland,DEG,391.10302399865617
2038,Agri05_Agroforestry,DE1,51889.5768968565
2038,Agri05_Agroforestry,DE2,62827.477238797714
2038,Agri05_Agroforestry,DE3,94.54500000000002
2038,Agri05_Agroforestry,DE4,34235.052
2038,Agri05_Agroforestry,DE5,776.162
2038,Agri05_Agroforestry,DE6,628.319
2038,Agri05_Agroforestry,DE7,11480.515248835847
2038,Agri05_Agroforestry,DE8,32606.293
2038,Agri05_Agroforestry,DE9,58830.7759178507
2038,Agri05_Agroforestry,DEA,42247.642
2038,Agri05_Agroforestry,DEB,24825.059
2038,Agri05_Agroforestry,DEC,3458.3510000000006
2038,Agri05_Agroforestry,DEE,17156.976000000002
2038,Agri05_Agroforestry,DED,19114.16
2038,Agri05_Agroforestry,DEF,6386.081811087074
2038,Agri05_Agroforestry,DEG,5108.400550656413
2038,Agri06_Biochar,DE1,0.0
2038,Agri06_Biochar,DE2,0.0
2038,Agri06_Biochar,DE3,0.0
2038,Agri06_Biochar,DE4,0.0
2038,Agri06_Biochar,DE5,0.0
2038,Agri06_Biochar,DE6,0.0
2038,Agri06_Biochar,DE7,0.0
2038,Agri06_Biochar,DE8,0.0
2038,Agri06_Biochar,DE9,0.0
2038,Agri06_Biochar,DEA,0.0
2038,Agri06_Biochar,DEB,0.0
2038,Agri06_Biochar,DEC,0.0
2038,Agri06_Biochar,DEE,0.0
2038,Agri06_Biochar,DED,0.0
2038,Agri06_Biochar,DEF,0.0
2038,Agri06_Biochar,DEG,0.0
2039,Agri01_AGC,DE1,205747.69992948795
2039,Agri01_AGC,DE2,349234.52761036763
2039,Agri01_AGC,DE3,483.6495000000001
2039,Agri01_AGC,DE4,194795.20165574484
2039,Agri01_AGC,DE5,1554.9810000000002
2039,Agri01_AGC,DE6,2554.1204999999995
2039,Agri01_AGC,DE7,80741.45331037612
2039,Agri01_AGC,DE8,198880.96653579499
2039,Agri01_AGC,DE9,302106.3159467153
2039,Agri01_AGC,DEA,210262.2332579921
2039,Agri01_AGC,DEB,120884.33795241886
2039,Agri01_AGC,DEC,13131.519
2039,Agri01_AGC,DEE,155972.05977050663
2039,Agri01_AGC,DED,130371.5892103837
2039,Agri01_AGC,DEF,83607.86616329214
2039,Agri01_AGC,DEG,66846.84027027627
2039,Agri02_OFC,DE1,29312.191612131457
2039,Agri02_OFC,DE2,46282.32693264824
2039,Agri02_OFC,DE3,14964.72858276113
2039,Agri02_OFC,DE4,28359.56550034481
2039,Agri02_OFC,DE5,6970.584651323463
2039,Agri02_OFC,DE6,796.7787654087407
2039,Agri02_OFC,DE7,10281.571743074777
2039,Agri02_OFC,DE8,28444.492357276875
2039,Agri02_OFC,DE9,40652.91717454931
2039,Agri02_OFC,DEA,29790.550664622937
2039,Agri02_OFC,DEB,17708.19554996572
2039,Agri02_OFC,DEC,10902.340404941118
2039,Agri02_OFC,DEE,21938.19627107894
2039,Agri02_OFC,DED,18863.12781360146
2039,Agri02_OFC,DEF,9890.02023452039
2039,Agri02_OFC,DEG,7907.699751780581
2039,Agri03_No-till,DE1,0.0
2039,Agri03_No-till,DE2,0.0
2039,Agri03_No-till,DE3,0.0
2039,Agri03_No-till,DE4,0.0
2039,Agri03_No-till,DE5,0.0
2039,Agri03_No-till,DE6,0.0
2039,Agri03_No-till,DE7,0.0
2039,Agri03_No-till,DE8,0.0
2039,Agri03_No-till,DE9,0.0
2039,Agri03_No-till,DEA,0.0
2039,Agri03_No-till,DEB,0.0
2039,Agri03_No-till,DEC,0.0
2039,Agri03_No-till,DEE,0.0
2039,Agri03_No-till,DED,0.0
2039,Agri03_No-till,DEF,0.0
2039,Agri03_No-till,DEG,0.0
2039,Agri04_toGrassland,DE1,1080.752920342111
2039,Agri04_toGrassland,DE2,1920.3488801903165
2039,Agri04_toGrassland,DE3,370.91344257629794
2039,Agri04_toGrassland,DE4,1008.1876223769598
2039,Agri04_toGrassland,DE5,174.76266335601227
2039,Agri04_toGrassland,DE6,23.534330417629498
2039,Agri04_toGrassland,DE7,454.33346164910444
2039,Agri04_toGrassland,DE8,1041.9477925857534
2039,Agri04_toGrassland,DE9,1645.9585420050657
2039,Agri04_toGrassland,DEA,1108.5439095419647
2039,Agri04_toGrassland,DEB,622.9545912570984
2039,Agri04_toGrassland,DEC,289.3567887786073
2039,Agri04_toGrassland,DEE,826.2825262847113
2039,Agri04_toGrassland,DED,677.6547739251478
2039,Agri04_toGrassland,DEF,489.1781564002523
2039,Agri04_toGrassland,DEG,391.10302399865617
2039,Agri05_Agroforestry,DE1,51889.5768968565
2039,Agri05_Agroforestry,DE2,62827.477238797714
2039,Agri05_Agroforestry,DE3,94.54500000000002
2039,Agri05_Agroforestry,DE4,34235.052
2039,Agri05_Agroforestry,DE5,776.162
2039,Agri05_Agroforestry,DE6,628.319
2039,Agri05_Agroforestry,DE7,11480.515248835847
2039,Agri05_Agroforestry,DE8,32606.293
2039,Agri05_Agroforestry,DE9,58830.7759178507
2039,Agri05_Agroforestry,DEA,42247.642
2039,Agri05_Agroforestry,DEB,24825.059
2039,Agri05_Agroforestry,DEC,3458.3510000000006
2039,Agri05_Agroforestry,DEE,17156.976000000002
2039,Agri05_Agroforestry,DED,19114.16
2039,Agri05_Agroforestry,DEF,6386.081811087074
2039,Agri05_Agroforestry,DEG,5108.400550656413
2039,Agri06_Biochar,DE1,0.0
2039,Agri06_Biochar,DE2,0.0
2039,Agri06_Biochar,DE3,0.0
2039,Agri06_Biochar,DE4,0.0
2039,Agri06_Biochar,DE5,0.0
2039,Agri06_Biochar,DE6,0.0
2039,Agri06_Biochar,DE7,0.0
2039,Agri06_Biochar,DE8,0.0
2039,Agri06_Biochar,DE9,0.0
2039,Agri06_Biochar,DEA,0.0
2039,Agri06_Biochar,DEB,0.0
2039,Agri06_Biochar,DEC,0.0
2039,Agri06_Biochar,DEE,0.0
2039,Agri06_Biochar,DED,0.0
2039,Agri06_Biochar,DEF,0.0
2039,Agri06_Biochar,DEG,0.0
2040,Agri01_AGC,DE1,205747.69992948795
2040,Agri01_AGC,DE2,349234.52761036763
2040,Agri01_AGC,DE3,483.6495000000001
2040,Agri01_AGC,DE4,194795.20165574484
2040,Agri01_AGC,DE5,1554.9810000000002
2040,Agri01_AGC,DE6,2554.1204999999995
2040,Agri01_AGC,DE7,80741.45331037612
2040,Agri01_AGC,DE8,198880.96653579499
2040,Agri01_AGC,DE9,302106.3159467153
2040,Agri01_AGC,DEA,210262.2332579921
2040,Agri01_AGC,DEB,120884.33795241886
2040,Agri01_AGC,DEC,13131.519
2040,Agri01_AGC,DEE,155972.05977050663
2040,Agri01_AGC,DED,130371.5892103837
2040,Agri01_AGC,DEF,83607.86616329214
2040,Agri01_AGC,DEG,66846.84027027627
2040,Agri02_OFC,DE1,29312.191612131457
2040,Agri02_OFC,DE2,46282.32693264824
2040,Agri02_OFC,DE3,14964.72858276113
2040,Agri02_OFC,DE4,28359.56550034481
2040,Agri02_OFC,DE5,6970.584651323463
2040,Agri02_OFC,DE6,796.7787654087407
2040,Agri02_OFC,DE7,10281.571743074777
2040,Agri02_OFC,DE8,28444.492357276875
2040,Agri02_OFC,DE9,40652.91717454931
2040,Agri02_OFC,DEA,29790.550664622937
2040,Agri02_OFC,DEB,17708.19554996572
2040,Agri02_OFC,DEC,10902.340404941118
2040,Agri02_OFC,DEE,21938.19627107894
2040,Agri02_OFC,DED,18863.12781360146
2040,Agri02_OFC,DEF,9890.02023452039
2040,Agri02_OFC,DEG,7907.699751780581
2040,Agri03_No-till,DE1,0.0
2040,Agri03_No-till,DE2,0.0
2040,Agri03_No-till,DE3,0.0
2040,Agri03_No-till,DE4,0.0
2040,Agri03_No-till,DE5,0.0
2040,Agri03_No-till,DE6,0.0
2040,Agri03_No-till,DE7,0.0
2040,Agri03_No-till,DE8,0.0
2040,Agri03_No-till,DE9,0.0
2040,Agri03_No-till,DEA,0.0
2040,Agri03_No-till,DEB,0.0
2040,Agri03_No-till,DEC,0.0
2040,Agri03_No-till,DEE,0.0
2040,Agri03_No-till,DED,0.0
2040,Agri03_No-till,DEF,0.0
2040,Agri03_No-till,DEG,0.0
2040,Agri04_toGrassland,DE1,1080.752920342111
2040,Agri04_toGrassland,DE2,1920.3488801903165
2040,Agri04_toGrassland,DE3,370.91344257629794
2040,Agri04_toGrassland,DE4,1008.1876223769598
2040,Agri04_toGrassland,DE5,174.76266335601227
2040,Agri04_toGrassland,DE6,23.534330417629498
2040,Agri04_toGrassland,DE7,454.33346164910444
2040,Agri04_toGrassland,DE8,1041.9477925857534
2040,Agri04_toGrassland,DE9,1645.9585420050657
2040,Agri04_toGrassland,DEA,1108.5439095419647
2040,Agri04_toGrassland,DEB,622.9545912570984
2040,Agri04_toGrassland,DEC,289.3567887786073
2040,Agri04_toGrassland,DEE,826.2825262847113
2040,Agri04_toGrassland,DED,677.6547739251478
2040,Agri04_toGrassland,DEF,489.1781564002523
2040,Agri04_toGrassland,DEG,391.10302399865617
2040,Agri05_Agroforestry,DE1,51889.5768968565
2040,Agri05_Agroforestry,DE2,62827.477238797714
2040,Agri05_Agroforestry,DE3,94.54500000000002
2040,Agri05_Agroforestry,DE4,34235.052
2040,Agri05_Agroforestry,DE5,776.162
2040,Agri05_Agroforestry,DE6,628.319
2040,Agri05_Agroforestry,DE7,11480.515248835847
2040,Agri05_Agroforestry,DE8,32606.293
2040,Agri05_Agroforestry,DE9,58830.7759178507
2040,Agri05_Agroforestry,DEA,42247.642
2040,Agri05_Agroforestry,DEB,24825.059
2040,Agri05_Agroforestry,DEC,3458.3510000000006
2040,Agri05_Agroforestry,DEE,17156.976000000002
2040,Agri05_Agroforestry,DED,19114.16
2040,Agri05_Agroforestry,DEF,6386.081811087074
2040,Agri05_Agroforestry,DEG,5108.400550656413
2040,Agri06_Biochar,DE1,0.0
2040,Agri06_Biochar,DE2,0.0
2040,Agri06_Biochar,DE3,0.0
2040,Agri06_Biochar,DE4,0.0
2040,Agri06_Biochar,DE5,0.0
2040,Agri06_Biochar,DE6,0.0
2040,Agri06_Biochar,DE7,0.0
2040,Agri06_Biochar,DE8,0.0
2040,Agri06_Biochar,DE9,0.0
2040,Agri06_Biochar,DEA,0.0
2040,Agri06_Biochar,DEB,0.0
2040,Agri06_Biochar,DEC,0.0
2040,Agri06_Biochar,DEE,0.0
2040,Agri06_Biochar,DED,0.0
2040,Agri06_Biochar,DEF,0.0
2040,Agri06_Biochar,DEG,0.0
2041,Agri01_AGC,DE1,205747.69992948795
2041,Agri01_AGC,DE2,349234.52761036763
2041,Agri01_AGC,DE3,483.6495000000001
2041,Agri01_AGC,DE4,194795.20165574484
2041,Agri01_AGC,DE5,1554.9810000000002
2041,Agri01_AGC,DE6,2554.1204999999995
2041,Agri01_AGC,DE7,80741.45331037612
2041,Agri01_AGC,DE8,198880.96653579499
2041,Agri01_AGC,DE9,302106.3159467153
2041,Agri01_AGC,DEA,210262.2332579921
2041,Agri01_AGC,DEB,120884.33795241886
2041,Agri01_AGC,DEC,13131.519
2041,Agri01_AGC,DEE,155972.05977050663
2041,Agri01_AGC,DED,130371.5892103837
2041,Agri01_AGC,DEF,83607.86616329214
2041,Agri01_AGC,DEG,66846.84027027627
2041,Agri02_OFC,DE1,29312.191612131457
2041,Agri02_OFC,DE2,46282.32693264824
2041,Agri02_OFC,DE3,14964.72858276113
2041,Agri02_OFC,DE4,28359.56550034481
2041,Agri02_OFC,DE5,6970.584651323463
2041,Agri02_OFC,DE6,796.7787654087407
2041,Agri02_OFC,DE7,10281.571743074777
2041,Agri02_OFC,DE8,28444.492357276875
2041,Agri02_OFC,DE9,40652.91717454931
2041,Agri02_OFC,DEA,29790.550664622937
2041,Agri02_OFC,DEB,17708.19554996572
2041,Agri02_OFC,DEC,10902.340404941118
2041,Agri02_OFC,DEE,21938.19627107894
2041,Agri02_OFC,DED,18863.12781360146
2041,Agri02_OFC,DEF,9890.02023452039
2041,Agri02_OFC,DEG,7907.699751780581
2041,Agri03_No-till,DE1,0.0
2041,Agri03_No-till,DE2,0.0
2041,Agri03_No-till,DE3,0.0
2041,Agri03_No-till,DE4,0.0
2041,Agri03_No-till,DE5,0.0
2041,Agri03_No-till,DE6,0.0
2041,Agri03_No-till,DE7,0.0
2041,Agri03_No-till,DE8,0.0
2041,Agri03_No-till,DE9,0.0
2041,Agri03_No-till,DEA,0.0
2041,Agri03_No-till,DEB,0.0
2041,Agri03_No-till,DEC,0.0
2041,Agri03_No-till,DEE,0.0
2041,Agri03_No-till,DED,0.0
2041,Agri03_No-till,DEF,0.0
2041,Agri03_No-till,DEG,0.0
2041,Agri04_toGrassland,DE1,1080.752920342111
2041,Agri04_toGrassland,DE2,1920.3488801903165
2041,Agri04_toGrassland,DE3,370.91344257629794
2041,Agri04_toGrassland,DE4,1008.1876223769598
2041,Agri04_toGrassland,DE5,174.76266335601227
2041,Agri04_toGrassland,DE6,23.534330417629498
2041,Agri04_toGrassland,DE7,454.33346164910444
2041,Agri04_toGrassland,DE8,1041.9477925857534
2041,Agri04_toGrassland,DE9,1645.9585420050657
2041,Agri04_toGrassland,DEA,1108.5439095419647
2041,Agri04_toGrassland,DEB,622.9545912570984
2041,Agri04_toGrassland,DEC,289.3567887786073
2041,Agri04_toGrassland,DEE,826.2825262847113
2041,Agri04_toGrassland,DED,677.6547739251478
2041,Agri04_toGrassland,DEF,489.1781564002523
2041,Agri04_toGrassland,DEG,391.10302399865617
2041,Agri05_Agroforestry,DE1,51889.5768968565
2041,Agri05_Agroforestry,DE2,62827.477238797714
2041,Agri05_Agroforestry,DE3,94.54500000000002
2041,Agri05_Agroforestry,DE4,34235.052
2041,Agri05_Agroforestry,DE5,776.162
2041,Agri05_Agroforestry,DE6,628.319
2041,Agri05_Agroforestry,DE7,11480.515248835847
2041,Agri05_Agroforestry,DE8,32606.293
2041,Agri05_Agroforestry,DE9,58830.7759178507
2041,Agri05_Agroforestry,DEA,42247.642
2041,Agri05_Agroforestry,DEB,24825.059
2041,Agri05_Agroforestry,DEC,3458.3510000000006
2041,Agri05_Agroforestry,DEE,17156.976000000002
2041,Agri05_Agroforestry,DED,19114.16
2041,Agri05_Agroforestry,DEF,6386.081811087074
2041,Agri05_Agroforestry,DEG,5108.400550656413
2041,Agri06_Biochar,DE1,0.0
2041,Agri06_Biochar,DE2,0.0
2041,Agri06_Biochar,DE3,0.0
2041,Agri06_Biochar,DE4,0.0
2041,Agri06_Biochar,DE5,0.0
2041,Agri06_Biochar,DE6,0.0
2041,Agri06_Biochar,DE7,0.0
2041,Agri06_Biochar,DE8,0.0
2041,Agri06_Biochar,DE9,0.0
2041,Agri06_Biochar,DEA,0.0
2041,Agri06_Biochar,DEB,0.0
2041,Agri06_Biochar,DEC,0.0
2041,Agri06_Biochar,DEE,0.0
2041,Agri06_Biochar,DED,0.0
2041,Agri06_Biochar,DEF,0.0
2041,Agri06_Biochar,DEG,0.0
2042,Agri01_AGC,DE1,205747.69992948795
2042,Agri01_AGC,DE2,349234.52761036763
2042,Agri01_AGC,DE3,483.6495000000001
2042,Agri01_AGC,DE4,194795.20165574484
2042,Agri01_AGC,DE5,1554.9810000000002
2042,Agri01_AGC,DE6,2554.1204999999995
2042,Agri01_AGC,DE7,80741.45331037612
2042,Agri01_AGC,DE8,198880.96653579499
2042,Agri01_AGC,DE9,302106.3159467153
2042,Agri01_AGC,DEA,210262.2332579921
2042,Agri01_AGC,DEB,120884.33795241886
2042,Agri01_AGC,DEC,13131.519
2042,Agri01_AGC,DEE,155972.05977050663
2042,Agri01_AGC,DED,130371.5892103837
2042,Agri01_AGC,DEF,83607.86616329214
2042,Agri01_AGC,DEG,66846.84027027627
2042,Agri02_OFC,DE1,29312.191612131457
2042,Agri02_OFC,DE2,46282.32693264824
2042,Agri02_OFC,DE3,14964.72858276113
2042,Agri02_OFC,DE4,28359.56550034481
2042,Agri02_OFC,DE5,6970.584651323463
2042,Agri02_OFC,DE6,796.7787654087407
2042,Agri02_OFC,DE7,10281.571743074777
2042,Agri02_OFC,DE8,28444.492357276875
2042,Agri02_OFC,DE9,40652.91717454931
2042,Agri02_OFC,DEA,29790.550664622937
2042,Agri02_OFC,DEB,17708.19554996572
2042,Agri02_OFC,DEC,10902.340404941118
2042,Agri02_OFC,DEE,21938.19627107894
2042,Agri02_OFC,DED,18863.12781360146
2042,Agri02_OFC,DEF,9890.02023452039
2042,Agri02_OFC,DEG,7907.699751780581
2042,Agri03_No-till,DE1,0.0
2042,Agri03_No-till,DE2,0.0
2042,Agri03_No-till,DE3,0.0
2042,Agri03_No-till,DE4,0.0
2042,Agri03_No-till,DE5,0.0
2042,Agri03_No-till,DE6,0.0
2042,Agri03_No-till,DE7,0.0
2042,Agri03_No-till,DE8,0.0
2042,Agri03_No-till,DE9,0.0
2042,Agri03_No-till,DEA,0.0
2042,Agri03_No-till,DEB,0.0
2042,Agri03_No-till,DEC,0.0
2042,Agri03_No-till,DEE,0.0
2042,Agri03_No-till,DED,0.0
2042,Agri03_No-till,DEF,0.0
2042,Agri03_No-till,DEG,0.0
2042,Agri04_toGrassland,DE1,1080.752920342111
2042,Agri04_toGrassland,DE2,1920.3488801903165
2042,Agri04_toGrassland,DE3,370.91344257629794
2042,Agri04_toGrassland,DE4,1008.1876223769598
2042,Agri04_toGrassland,DE5,174.76266335601227
2042,Agri04_toGrassland,DE6,23.534330417629498
2042,Agri04_toGrassland,DE7,454.33346164910444
2042,Agri04_toGrassland,DE8,1041.9477925857534
2042,Agri04_toGrassland,DE9,1645.9585420050657
2042,Agri04_toGrassland,DEA,1108.5439095419647
2042,Agri04_toGrassland,DEB,622.9545912570984
2042,Agri04_toGrassland,DEC,289.3567887786073
2042,Agri04_toGrassland,DEE,826.2825262847113
2042,Agri04_toGrassland,DED,677.6547739251478
2042,Agri04_toGrassland,DEF,489.1781564002523
2042,Agri04_toGrassland,DEG,391.10302399865617
2042,Agri05_Agroforestry,DE1,51889.5768968565
2042,Agri05_Agroforestry,DE2,62827.477238797714
2042,Agri05_Agroforestry,DE3,94.54500000000002
2042,Agri05_Agroforestry,DE4,34235.052
2042,Agri05_Agroforestry,DE5,776.162
2042,Agri05_Agroforestry,DE6,628.319
2042,Agri05_Agroforestry,DE7,11480.515248835847
2042,Agri05_Agroforestry,DE8,32606.293
2042,Agri05_Agroforestry,DE9,58830.7759178507
2042,Agri05_Agroforestry,DEA,42247.642
2042,Agri05_Agroforestry,DEB,24825.059
2042,Agri05_Agroforestry,DEC,3458.3510000000006
2042,Agri05_Agroforestry,DEE,17156.976000000002
2042,Agri05_Agroforestry,DED,19114.16
2042,Agri05_Agroforestry,DEF,6386.081811087074
2042,Agri05_Agroforestry,DEG,5108.400550656413
2042,Agri06_Biochar,DE1,0.0
2042,Agri06_Biochar,DE2,0.0
2042,Agri06_Biochar,DE3,0.0
2042,Agri06_Biochar,DE4,0.0
2042,Agri06_Biochar,DE5,0.0
2042,Agri06_Biochar,DE6,0.0
2042,Agri06_Biochar,DE7,0.0
2042,Agri06_Biochar,DE8,0.0
2042,Agri06_Biochar,DE9,0.0
2042,Agri06_Biochar,DEA,0.0
2042,Agri06_Biochar,DEB,0.0
2042,Agri06_Biochar,DEC,0.0
2042,Agri06_Biochar,DEE,0.0
2042,Agri06_Biochar,DED,0.0
2042,Agri06_Biochar,DEF,0.0
2042,Agri06_Biochar,DEG,0.0
2043,Agri01_AGC,DE1,205747.69992948795
2043,Agri01_AGC,DE2,349234.52761036763
2043,Agri01_AGC,DE3,483.6495000000001
2043,Agri01_AGC,DE4,194795.20165574484
2043,Agri01_AGC,DE5,1554.9810000000002
2043,Agri01_AGC,DE6,2554.1204999999995
2043,Agri01_AGC,DE7,80741.45331037612
2043,Agri01_AGC,DE8,198880.96653579499
2043,Agri01_AGC,DE9,302106.3159467153
2043,Agri01_AGC,DEA,210262.2332579921
2043,Agri01_AGC,DEB,120884.33795241886
2043,Agri01_AGC,DEC,13131.519
2043,Agri01_AGC,DEE,155972.05977050663
2043,Agri01_AGC,DED,130371.5892103837
2043,Agri01_AGC,DEF,83607.86616329214
2043,Agri01_AGC,DEG,66846.84027027627
2043,Agri02_OFC,DE1,29312.191612131457
2043,Agri02_OFC,DE2,46282.32693264824
2043,Agri02_OFC,DE3,14964.72858276113
2043,Agri02_OFC,DE4,28359.56550034481
2043,Agri02_OFC,DE5,6970.584651323463
2043,Agri02_OFC,DE6,796.7787654087407
2043,Agri02_OFC,DE7,10281.571743074777
2043,Agri02_OFC,DE8,28444.492357276875
2043,Agri02_OFC,DE9,40652.91717454931
2043,Agri02_OFC,DEA,29790.550664622937
2043,Agri02_OFC,DEB,17708.19554996572
2043,Agri02_OFC,DEC,10902.340404941118
2043,Agri02_OFC,DEE,21938.19627107894
2043,Agri02_OFC,DED,18863.12781360146
2043,Agri02_OFC,DEF,9890.02023452039
2043,Agri02_OFC,DEG,7907.699751780581
2043,Agri03_No-till,DE1,0.0
2043,Agri03_No-till,DE2,0.0
2043,Agri03_No-till,DE3,0.0
2043,Agri03_No-till,DE4,0.0
2043,Agri03_No-till,DE5,0.0
2043,Agri03_No-till,DE6,0.0
2043,Agri03_No-till,DE7,0.0
2043,Agri03_No-till,DE8,0.0
2043,Agri03_No-till,DE9,0.0
2043,Agri03_No-till,DEA,0.0
2043,Agri03_No-till,DEB,0.0
2043,Agri03_No-till,DEC,0.0
2043,Agri03_No-till,DEE,0.0
2043,Agri03_No-till,DED,0.0
2043,Agri03_No-till,DEF,0.0
2043,Agri03_No-till,DEG,0.0
2043,Agri04_toGrassland,DE1,1080.752920342111
2043,Agri04_toGrassland,DE2,1920.3488801903165
2043,Agri04_toGrassland,DE3,370.91344257629794
2043,Agri04_toGrassland,DE4,1008.1876223769598
2043,Agri04_toGrassland,DE5,174.76266335601227
2043,Agri04_toGrassland,DE6,23.534330417629498
2043,Agri04_toGrassland,DE7,454.33346164910444
2043,Agri04_toGrassland,DE8,1041.9477925857534
2043,Agri04_toGrassland,DE9,1645.9585420050657
2043,Agri04_toGrassland,DEA,1108.5439095419647
2043,Agri04_toGrassland,DEB,622.9545912570984
2043,Agri04_toGrassland,DEC,289.3567887786073
2043,Agri04_toGrassland,DEE,826.2825262847113
2043,Agri04_toGrassland,DED,677.6547739251478
2043,Agri04_toGrassland,DEF,489.1781564002523
2043,Agri04_toGrassland,DEG,391.10302399865617
2043,Agri05_Agroforestry,DE1,51889.5768968565
2043,Agri05_Agroforestry,DE2,62827.477238797714
2043,Agri05_Agroforestry,DE3,94.54500000000002
2043,Agri05_Agroforestry,DE4,34235.052
2043,Agri05_Agroforestry,DE5,776.162
2043,Agri05_Agroforestry,DE6,628.319
2043,Agri05_Agroforestry,DE7,11480.515248835847
2043,Agri05_Agroforestry,DE8,32606.293
2043,Agri05_Agroforestry,DE9,58830.7759178507
2043,Agri05_Agroforestry,DEA,42247.642
2043,Agri05_Agroforestry,DEB,24825.059
2043,Agri05_Agroforestry,DEC,3458.3510000000006
2043,Agri05_Agroforestry,DEE,17156.976000000002
2043,Agri05_Agroforestry,DED,19114.16
2043,Agri05_Agroforestry,DEF,6386.081811087074
2043,Agri05_Agroforestry,DEG,5108.400550656413
2043,Agri06_Biochar,DE1,0.0
2043,Agri06_Biochar,DE2,0.0
2043,Agri06_Biochar,DE3,0.0
2043,Agri06_Biochar,DE4,0.0
2043,Agri06_Biochar,DE5,0.0
2043,Agri06_Biochar,DE6,0.0
2043,Agri06_Biochar,DE7,0.0
2043,Agri06_Biochar,DE8,0.0
2043,Agri06_Biochar,DE9,0.0
2043,Agri06_Biochar,DEA,0.0
2043,Agri06_Biochar,DEB,0.0
2043,Agri06_Biochar,DEC,0.0
2043,Agri06_Biochar,DEE,0.0
2043,Agri06_Biochar,DED,0.0
2043,Agri06_Biochar,DEF,0.0
2043,Agri06_Biochar,DEG,0.0
2044,Agri01_AGC,DE1,205747.69992948795
2044,Agri01_AGC,DE2,349234.52761036763
2044,Agri01_AGC,DE3,483.6495000000001
2044,Agri01_AGC,DE4,194795.20165574484
2044,Agri01_AGC,DE5,1554.9810000000002
2044,Agri01_AGC,DE6,2554.1204999999995
2044,Agri01_AGC,DE7,80741.45331037612
2044,Agri01_AGC,DE8,198880.96653579499
2044,Agri01_AGC,DE9,302106.3159467153
2044,Agri01_AGC,DEA,210262.2332579921
2044,Agri01_AGC,DEB,120884.33795241886
2044,Agri01_AGC,DEC,13131.519
2044,Agri01_AGC,DEE,155972.05977050663
2044,Agri01_AGC,DED,130371.5892103837
2044,Agri01_AGC,DEF,83607.86616329214
2044,Agri01_AGC,DEG,66846.84027027627
2044,Agri02_OFC,DE1,29312.191612131457
2044,Agri02_OFC,DE2,46282.32693264824
2044,Agri02_OFC,DE3,14964.72858276113
2044,Agri02_OFC,DE4,28359.56550034481
2044,Agri02_OFC,DE5,6970.584651323463
2044,Agri02_OFC,DE6,796.7787654087407
2044,Agri02_OFC,DE7,10281.571743074777
2044,Agri02_OFC,DE8,28444.492357276875
2044,Agri02_OFC,DE9,40652.91717454931
2044,Agri02_OFC,DEA,29790.550664622937
2044,Agri02_OFC,DEB,17708.19554996572
2044,Agri02_OFC,DEC,10902.340404941118
2044,Agri02_OFC,DEE,21938.19627107894
2044,Agri02_OFC,DED,18863.12781360146
2044,Agri02_OFC,DEF,9890.02023452039
2044,Agri02_OFC,DEG,7907.699751780581
2044,Agri03_No-till,DE1,0.0
2044,Agri03_No-till,DE2,0.0
2044,Agri03_No-till,DE3,0.0
2044,Agri03_No-till,DE4,0.0
2044,Agri03_No-till,DE5,0.0
2044,Agri03_No-till,DE6,0.0
2044,Agri03_No-till,DE7,0.0
2044,Agri03_No-till,DE8,0.0
2044,Agri03_No-till,DE9,0.0
2044,Agri03_No-till,DEA,0.0
2044,Agri03_No-till,DEB,0.0
2044,Agri03_No-till,DEC,0.0
2044,Agri03_No-till,DEE,0.0
2044,Agri03_No-till,DED,0.0
2044,Agri03_No-till,DEF,0.0
2044,Agri03_No-till,DEG,0.0
2044,Agri04_toGrassland,DE1,1080.752920342111
2044,Agri04_toGrassland,DE2,1920.3488801903165
2044,Agri04_toGrassland,DE3,370.91344257629794
2044,Agri04_toGrassland,DE4,1008.1876223769598
2044,Agri04_toGrassland,DE5,174.76266335601227
2044,Agri04_toGrassland,DE6,23.534330417629498
2044,Agri04_toGrassland,DE7,454.33346164910444
2044,Agri04_toGrassland,DE8,1041.9477925857534
2044,Agri04_toGrassland,DE9,1645.9585420050657
2044,Agri04_toGrassland,DEA,1108.5439095419647
2044,Agri04_toGrassland,DEB,622.9545912570984
2044,Agri04_toGrassland,DEC,289.3567887786073
2044,Agri04_toGrassland,DEE,826.2825262847113
2044,Agri04_toGrassland,DED,677.6547739251478
2044,Agri04_toGrassland,DEF,489.1781564002523
2044,Agri04_toGrassland,DEG,391.10302399865617
2044,Agri05_Agroforestry,DE1,51889.5768968565
2044,Agri05_Agroforestry,DE2,62827.477238797714
2044,Agri05_Agroforestry,DE3,94.54500000000002
2044,Agri05_Agroforestry,DE4,34235.052
2044,Agri05_Agroforestry,DE5,776.162
2044,Agri05_Agroforestry,DE6,628.319
2044,Agri05_Agroforestry,DE7,11480.515248835847
2044,Agri05_Agroforestry,DE8,32606.293
2044,Agri05_Agroforestry,DE9,58830.7759178507
2044,Agri05_Agroforestry,DEA,42247.642
2044,Agri05_Agroforestry,DEB,24825.059
2044,Agri05_Agroforestry,DEC,3458.3510000000006
2044,Agri05_Agroforestry,DEE,17156.976000000002
2044,Agri05_Agroforestry,DED,19114.16
2044,Agri05_Agroforestry,DEF,6386.081811087074
2044,Agri05_Agroforestry,DEG,5108.400550656413
2044,Agri06_Biochar,DE1,0.0
2044,Agri06_Biochar,DE2,0.0
2044,Agri06_Biochar,DE3,0.0
2044,Agri06_Biochar,DE4,0.0
2044,Agri06_Biochar,DE5,0.0
2044,Agri06_Biochar,DE6,0.0
2044,Agri06_Biochar,DE7,0.0
2044,Agri06_Biochar,DE8,0.0
2044,Agri06_Biochar,DE9,0.0
2044,Agri06_Biochar,DEA,0.0
2044,Agri06_Biochar,DEB,0.0
2044,Agri06_Biochar,DEC,0.0
2044,Agri06_Biochar,DEE,0.0
2044,Agri06_Biochar,DED,0.0
2044,Agri06_Biochar,DEF,0.0
2044,Agri06_Biochar,DEG,0.0
2045,Agri01_AGC,DE1,205747.69992948795
2045,Agri01_AGC,DE2,349234.52761036763
2045,Agri01_AGC,DE3,483.6495000000001
2045,Agri01_AGC,DE4,194795.20165574484
2045,Agri01_AGC,DE5,1554.9810000000002
2045,Agri01_AGC,DE6,2554.1204999999995
2045,Agri01_AGC,DE7,80741.45331037612
2045,Agri01_AGC,DE8,198880.96653579499
2045,Agri01_AGC,DE9,302106.3159467153
2045,Agri01_AGC,DEA,210262.2332579921
2045,Agri01_AGC,DEB,120884.33795241886
2045,Agri01_AGC,DEC,13131.519
2045,Agri01_AGC,DEE,155972.05977050663
2045,Agri01_AGC,DED,130371.5892103837
2045,Agri01_AGC,DEF,83607.86616329214
2045,Agri01_AGC,DEG,66846.84027027627
2045,Agri02_OFC,DE1,29312.191612131457
2045,Agri02_OFC,DE2,46282.32693264824
2045,Agri02_OFC,DE3,14964.72858276113
2045,Agri02_OFC,DE4,28359.56550034481
2045,Agri02_OFC,DE5,6970.584651323463
2045,Agri02_OFC,DE6,796.7787654087407
2045,Agri02_OFC,DE7,10281.571743074777
2045,Agri02_OFC,DE8,28444.492357276875
2045,Agri02_OFC,DE9,40652.91717454931
2045,Agri02_OFC,DEA,29790.550664622937
2045,Agri02_OFC,DEB,17708.19554996572
2045,Agri02_OFC,DEC,10902.340404941118
2045,Agri02_OFC,DEE,21938.19627107894
2045,Agri02_OFC,DED,18863.12781360146
2045,Agri02_OFC,DEF,9890.02023452039
2045,Agri02_OFC,DEG,7907.699751780581
2045,Agri03_No-till,DE1,0.0
2045,Agri03_No-till,DE2,0.0
2045,Agri03_No-till,DE3,0.0
2045,Agri03_No-till,DE4,0.0
2045,Agri03_No-till,DE5,0.0
2045,Agri03_No-till,DE6,0.0
2045,Agri03_No-till,DE7,0.0
2045,Agri03_No-till,DE8,0.0
2045,Agri03_No-till,DE9,0.0
2045,Agri03_No-till,DEA,0.0
2045,Agri03_No-till,DEB,0.0
2045,Agri03_No-till,DEC,0.0
2045,Agri03_No-till,DEE,0.0
2045,Agri03_No-till,DED,0.0
2045,Agri03_No-till,DEF,0.0
2045,Agri03_No-till,DEG,0.0
2045,Agri04_toGrassland,DE1,1080.752920342111
2045,Agri04_toGrassland,DE2,1920.3488801903165
2045,Agri04_toGrassland,DE3,370.91344257629794
2045,Agri04_toGrassland,DE4,1008.1876223769598
2045,Agri04_toGrassland,DE5,174.76266335601227
2045,Agri04_toGrassland,DE6,23.534330417629498
2045,Agri04_toGrassland,DE7,454.33346164910444
2045,Agri04_toGrassland,DE8,1041.9477925857534
2045,Agri04_toGrassland,DE9,1645.9585420050657
2045,Agri04_toGrassland,DEA,1108.5439095419647
2045,Agri04_toGrassland,DEB,622.9545912570984
2045,Agri04_toGrassland,DEC,289.3567887786073
2045,Agri04_toGrassland,DEE,826.2825262847113
2045,Agri04_toGrassland,DED,677.6547739251478
2045,Agri04_toGrassland,DEF,489.1781564002523
2045,Agri04_toGrassland,DEG,391.10302399865617
2045,Agri05_Agroforestry,DE1,51889.5768968565
2045,Agri05_Agroforestry,DE2,62827.477238797714
2045,Agri05_Agroforestry,DE3,94.54500000000002
2045,Agri05_Agroforestry,DE4,34235.052
2045,Agri05_Agroforestry,DE5,776.162
2045,Agri05_Agroforestry,DE6,628.319
2045,Agri05_Agroforestry,DE7,11480.515248835847
2045,Agri05_Agroforestry,DE8,32606.293
2045,Agri05_Agroforestry,DE9,58830.7759178507
2045,Agri05_Agroforestry,DEA,42247.642
2045,Agri05_Agroforestry,DEB,24825.059
2045,Agri05_Agroforestry,DEC,3458.3510000000006
2045,Agri05_Agroforestry,DEE,17156.976000000002
2045,Agri05_Agroforestry,DED,19114.16
2045,Agri05_Agroforestry,DEF,6386.081811087074
2045,Agri05_Agroforestry,DEG,5108.400550656413
2045,Agri06_Biochar,DE1,0.0
2045,Agri06_Biochar,DE2,0.0
2045,Agri06_Biochar,DE3,0.0
2045,Agri06_Biochar,DE4,0.0
2045,Agri06_Biochar,DE5,0.0
2045,Agri06_Biochar,DE6,0.0
2045,Agri06_Biochar,DE7,0.0
2045,Agri06_Biochar,DE8,0.0
2045,Agri06_Biochar,DE9,0.0
2045,Agri06_Biochar,DEA,0.0
2045,Agri06_Biochar,DEB,0.0
2045,Agri06_Biochar,DEC,0.0
2045,Agri06_Biochar,DEE,0.0
2045,Agri06_Biochar,DED,0.0
2045,Agri06_Biochar,DEF,0.0
2045,Agri06_Biochar,DEG,0.0
2046,Agri01_AGC,DE1,205747.69992948795
2046,Agri01_AGC,DE2,349234.52761036763
2046,Agri01_AGC,DE3,483.6495000000001
2046,Agri01_AGC,DE4,194795.20165574484
2046,Agri01_AGC,DE5,1554.9810000000002
2046,Agri01_AGC,DE6,2554.1204999999995
2046,Agri01_AGC,DE7,80741.45331037612
2046,Agri01_AGC,DE8,198880.96653579499
2046,Agri01_AGC,DE9,302106.3159467153
2046,Agri01_AGC,DEA,210262.2332579921
2046,Agri01_AGC,DEB,120884.33795241886
2046,Agri01_AGC,DEC,13131.519
2046,Agri01_AGC,DEE,155972.05977050663
2046,Agri01_AGC,DED,130371.5892103837
2046,Agri01_AGC,DEF,83607.86616329214
2046,Agri01_AGC,DEG,66846.84027027627
2046,Agri02_OFC,DE1,29312.191612131457
2046,Agri02_OFC,DE2,46282.32693264824
2046,Agri02_OFC,DE3,14964.72858276113
2046,Agri02_OFC,DE4,28359.56550034481
2046,Agri02_OFC,DE5,6970.584651323463
2046,Agri02_OFC,DE6,796.7787654087407
2046,Agri02_OFC,DE7,10281.571743074777
2046,Agri02_OFC,DE8,28444.492357276875
2046,Agri02_OFC,DE9,40652.91717454931
2046,Agri02_OFC,DEA,29790.550664622937
2046,Agri02_OFC,DEB,17708.19554996572
2046,Agri02_OFC,DEC,10902.340404941118
2046,Agri02_OFC,DEE,21938.19627107894
2046,Agri02_OFC,DED,18863.12781360146
2046,Agri02_OFC,DEF,9890.02023452039
2046,Agri02_OFC,DEG,7907.699751780581
2046,Agri03_No-till,DE1,0.0
2046,Agri03_No-till,DE2,0.0
2046,Agri03_No-till,DE3,0.0
2046,Agri03_No-till,DE4,0.0
2046,Agri03_No-till,DE5,0.0
2046,Agri03_No-till,DE6,0.0
2046,Agri03_No-till,DE7,0.0
2046,Agri03_No-till,DE8,0.0
2046,Agri03_No-till,DE9,0.0
2046,Agri03_No-till,DEA,0.0
2046,Agri03_No-till,DEB,0.0
2046,Agri03_No-till,DEC,0.0
2046,Agri03_No-till,DEE,0.0
2046,Agri03_No-till,DED,0.0
2046,Agri03_No-till,DEF,0.0
2046,Agri03_No-till,DEG,0.0
2046,Agri04_toGrassland,DE1,1080.752920342111
2046,Agri04_toGrassland,DE2,1920.3488801903165
2046,Agri04_toGrassland,DE3,370.91344257629794
2046,Agri04_toGrassland,DE4,1008.1876223769598
2046,Agri04_toGrassland,DE5,174.76266335601227
2046,Agri04_toGrassland,DE6,23.534330417629498
2046,Agri04_toGrassland,DE7,454.33346164910444
2046,Agri04_toGrassland,DE8,1041.9477925857534
2046,Agri04_toGrassland,DE9,1645.9585420050657
2046,Agri04_toGrassland,DEA,1108.5439095419647
2046,Agri04_toGrassland,DEB,622.9545912570984
2046,Agri04_toGrassland,DEC,289.3567887786073
2046,Agri04_toGrassland,DEE,826.2825262847113
2046,Agri04_toGrassland,DED,677.6547739251478
2046,Agri04_toGrassland,DEF,489.1781564002523
2046,Agri04_toGrassland,DEG,391.10302399865617
2046,Agri05_Agroforestry,DE1,51889.5768968565
2046,Agri05_Agroforestry,DE2,62827.477238797714
2046,Agri05_Agroforestry,DE3,94.54500000000002
2046,Agri05_Agroforestry,DE4,34235.052
2046,Agri05_Agroforestry,DE5,776.162
2046,Agri05_Agroforestry,DE6,628.319
2046,Agri05_Agroforestry,DE7,11480.515248835847
2046,Agri05_Agroforestry,DE8,32606.293
2046,Agri05_Agroforestry,DE9,58830.7759178507
2046,Agri05_Agroforestry,DEA,42247.642
2046,Agri05_Agroforestry,DEB,24825.059
2046,Agri05_Agroforestry,DEC,3458.3510000000006
2046,Agri05_Agroforestry,DEE,17156.976000000002
2046,Agri05_Agroforestry,DED,19114.16
2046,Agri05_Agroforestry,DEF,6386.081811087074
2046,Agri05_Agroforestry,DEG,5108.400550656413
2046,Agri06_Biochar,DE1,0.0
2046,Agri06_Biochar,DE2,0.0
2046,Agri06_Biochar,DE3,0.0
2046,Agri06_Biochar,DE4,0.0
2046,Agri06_Biochar,DE5,0.0
2046,Agri06_Biochar,DE6,0.0
2046,Agri06_Biochar,DE7,0.0
2046,Agri06_Biochar,DE8,0.0
2046,Agri06_Biochar,DE9,0.0
2046,Agri06_Biochar,DEA,0.0
2046,Agri06_Biochar,DEB,0.0
2046,Agri06_Biochar,DEC,0.0
2046,Agri06_Biochar,DEE,0.0
2046,Agri06_Biochar,DED,0.0
2046,Agri06_Biochar,DEF,0.0
2046,Agri06_Biochar,DEG,0.0
2047,Agri01_AGC,DE1,205747.69992948795
2047,Agri01_AGC,DE2,349234.52761036763
2047,Agri01_AGC,DE3,483.6495000000001
2047,Agri01_AGC,DE4,194795.20165574484
2047,Agri01_AGC,DE5,1554.9810000000002
2047,Agri01_AGC,DE6,2554.1204999999995
2047,Agri01_AGC,DE7,80741.45331037612
2047,Agri01_AGC,DE8,198880.96653579499
2047,Agri01_AGC,DE9,302106.3159467153
2047,Agri01_AGC,DEA,210262.2332579921
2047,Agri01_AGC,DEB,120884.33795241886
2047,Agri01_AGC,DEC,13131.519
2047,Agri01_AGC,DEE,155972.05977050663
2047,Agri01_AGC,DED,130371.5892103837
2047,Agri01_AGC,DEF,83607.86616329214
2047,Agri01_AGC,DEG,66846.84027027627
2047,Agri02_OFC,DE1,29312.191612131457
2047,Agri02_OFC,DE2,46282.32693264824
2047,Agri02_OFC,DE3,14964.72858276113
2047,Agri02_OFC,DE4,28359.56550034481
2047,Agri02_OFC,DE5,6970.584651323463
2047,Agri02_OFC,DE6,796.7787654087407
2047,Agri02_OFC,DE7,10281.571743074777
2047,Agri02_OFC,DE8,28444.492357276875
2047,Agri02_OFC,DE9,40652.91717454931
2047,Agri02_OFC,DEA,29790.550664622937
2047,Agri02_OFC,DEB,17708.19554996572
2047,Agri02_OFC,DEC,10902.340404941118
2047,Agri02_OFC,DEE,21938.19627107894
2047,Agri02_OFC,DED,18863.12781360146
2047,Agri02_OFC,DEF,9890.02023452039
2047,Agri02_OFC,DEG,7907.699751780581
2047,Agri03_No-till,DE1,0.0
2047,Agri03_No-till,DE2,0.0
2047,Agri03_No-till,DE3,0.0
2047,Agri03_No-till,DE4,0.0
2047,Agri03_No-till,DE5,0.0
2047,Agri03_No-till,DE6,0.0
2047,Agri03_No-till,DE7,0.0
2047,Agri03_No-till,DE8,0.0
2047,Agri03_No-till,DE9,0.0
2047,Agri03_No-till,DEA,0.0
2047,Agri03_No-till,DEB,0.0
2047,Agri03_No-till,DEC,0.0
2047,Agri03_No-till,DEE,0.0
2047,Agri03_No-till,DED,0.0
2047,Agri03_No-till,DEF,0.0
2047,Agri03_No-till,DEG,0.0
2047,Agri04_toGrassland,DE1,1080.752920342111
2047,Agri04_toGrassland,DE2,1920.3488801903165
2047,Agri04_toGrassland,DE3,370.91344257629794
2047,Agri04_toGrassland,DE4,1008.1876223769598
2047,Agri04_toGrassland,DE5,174.76266335601227
2047,Agri04_toGrassland,DE6,23.534330417629498
2047,Agri04_toGrassland,DE7,454.33346164910444
2047,Agri04_toGrassland,DE8,1041.9477925857534
2047,Agri04_toGrassland,DE9,1645.9585420050657
2047,Agri04_toGrassland,DEA,1108.5439095419647
2047,Agri04_toGrassland,DEB,622.9545912570984
2047,Agri04_toGrassland,DEC,289.3567887786073
2047,Agri04_toGrassland,DEE,826.2825262847113
2047,Agri04_toGrassland,DED,677.6547739251478
2047,Agri04_toGrassland,DEF,489.1781564002523
2047,Agri04_toGrassland,DEG,391.10302399865617
2047,Agri05_Agroforestry,DE1,51889.5768968565
2047,Agri05_Agroforestry,DE2,62827.477238797714
2047,Agri05_Agroforestry,DE3,94.54500000000002
2047,Agri05_Agroforestry,DE4,34235.052
2047,Agri05_Agroforestry,DE5,776.162
2047,Agri05_Agroforestry,DE6,628.319
2047,Agri05_Agroforestry,DE7,11480.515248835847
2047,Agri05_Agroforestry,DE8,32606.293
2047,Agri05_Agroforestry,DE9,58830.7759178507
2047,Agri05_Agroforestry,DEA,42247.642
2047,Agri05_Agroforestry,DEB,24825.059
2047,Agri05_Agroforestry,DEC,3458.3510000000006
2047,Agri05_Agroforestry,DEE,17156.976000000002
2047,Agri05_Agroforestry,DED,19114.16
2047,Agri05_Agroforestry,DEF,6386.081811087074
2047,Agri05_Agroforestry,DEG,5108.400550656413
2047,Agri06_Biochar,DE1,0.0
2047,Agri06_Biochar,DE2,0.0
2047,Agri06_Biochar,DE3,0.0
2047,Agri06_Biochar,DE4,0.0
2047,Agri06_Biochar,DE5,0.0
2047,Agri06_Biochar,DE6,0.0
2047,Agri06_Biochar,DE7,0.0
2047,Agri06_Biochar,DE8,0.0
2047,Agri06_Biochar,DE9,0.0
2047,Agri06_Biochar,DEA,0.0
2047,Agri06_Biochar,DEB,0.0
2047,Agri06_Biochar,DEC,0.0
2047,Agri06_Biochar,DEE,0.0
2047,Agri06_Biochar,DED,0.0
2047,Agri06_Biochar,DEF,0.0
2047,Agri06_Biochar,DEG,0.0
2048,Agri01_AGC,DE1,205747.69992948795
2048,Agri01_AGC,DE2,349234.52761036763
2048,Agri01_AGC,DE3,483.6495000000001
2048,Agri01_AGC,DE4,194795.20165574484
2048,Agri01_AGC,DE5,1554.9810000000002
2048,Agri01_AGC,DE6,2554.1204999999995
2048,Agri01_AGC,DE7,80741.45331037612
2048,Agri01_AGC,DE8,198880.96653579499
2048,Agri01_AGC,DE9,302106.3159467153
2048,Agri01_AGC,DEA,210262.2332579921
2048,Agri01_AGC,DEB,120884.33795241886
2048,Agri01_AGC,DEC,13131.519
2048,Agri01_AGC,DEE,155972.05977050663
2048,Agri01_AGC,DED,130371.5892103837
2048,Agri01_AGC,DEF,83607.86616329214
2048,Agri01_AGC,DEG,66846.84027027627
2048,Agri02_OFC,DE1,29312.191612131457
2048,Agri02_OFC,DE2,46282.32693264824
2048,Agri02_OFC,DE3,14964.72858276113
2048,Agri02_OFC,DE4,28359.56550034481
2048,Agri02_OFC,DE5,6970.584651323463
2048,Agri02_OFC,DE6,796.7787654087407
2048,Agri02_OFC,DE7,10281.571743074777
2048,Agri02_OFC,DE8,28444.492357276875
2048,Agri02_OFC,DE9,40652.91717454931
2048,Agri02_OFC,DEA,29790.550664622937
2048,Agri02_OFC,DEB,17708.19554996572
2048,Agri02_OFC,DEC,10902.340404941118
2048,Agri02_OFC,DEE,21938.19627107894
2048,Agri02_OFC,DED,18863.12781360146
2048,Agri02_OFC,DEF,9890.02023452039
2048,Agri02_OFC,DEG,7907.699751780581
2048,Agri03_No-till,DE1,0.0
2048,Agri03_No-till,DE2,0.0
2048,Agri03_No-till,DE3,0.0
2048,Agri03_No-till,DE4,0.0
2048,Agri03_No-till,DE5,0.0
2048,Agri03_No-till,DE6,0.0
2048,Agri03_No-till,DE7,0.0
2048,Agri03_No-till,DE8,0.0
2048,Agri03_No-till,DE9,0.0
2048,Agri03_No-till,DEA,0.0
2048,Agri03_No-till,DEB,0.0
2048,Agri03_No-till,DEC,0.0
2048,Agri03_No-till,DEE,0.0
2048,Agri03_No-till,DED,0.0
2048,Agri03_No-till,DEF,0.0
2048,Agri03_No-till,DEG,0.0
2048,Agri04_toGrassland,DE1,1080.752920342111
2048,Agri04_toGrassland,DE2,1920.3488801903165
2048,Agri04_toGrassland,DE3,370.91344257629794
2048,Agri04_toGrassland,DE4,1008.1876223769598
2048,Agri04_toGrassland,DE5,174.76266335601227
2048,Agri04_toGrassland,DE6,23.534330417629498
2048,Agri04_toGrassland,DE7,454.33346164910444
2048,Agri04_toGrassland,DE8,1041.9477925857534
2048,Agri04_toGrassland,DE9,1645.9585420050657
2048,Agri04_toGrassland,DEA,1108.5439095419647
2048,Agri04_toGrassland,DEB,622.9545912570984
2048,Agri04_toGrassland,DEC,289.3567887786073
2048,Agri04_toGrassland,DEE,826.2825262847113
2048,Agri04_toGrassland,DED,677.6547739251478
2048,Agri04_toGrassland,DEF,489.1781564002523
2048,Agri04_toGrassland,DEG,391.10302399865617
2048,Agri05_Agroforestry,DE1,51889.5768968565
2048,Agri05_Agroforestry,DE2,62827.477238797714
2048,Agri05_Agroforestry,DE3,94.54500000000002
2048,Agri05_Agroforestry,DE4,34235.052
2048,Agri05_Agroforestry,DE5,776.162
2048,Agri05_Agroforestry,DE6,628.319
2048,Agri05_Agroforestry,DE7,11480.515248835847
2048,Agri05_Agroforestry,DE8,32606.293
2048,Agri05_Agroforestry,DE9,58830.7759178507
2048,Agri05_Agroforestry,DEA,42247.642
2048,Agri05_Agroforestry,DEB,24825.059
2048,Agri05_Agroforestry,DEC,3458.3510000000006
2048,Agri05_Agroforestry,DEE,17156.976000000002
2048,Agri05_Agroforestry,DED,19114.16
2048,Agri05_Agroforestry,DEF,6386.081811087074
2048,Agri05_Agroforestry,DEG,5108.400550656413
2048,Agri06_Biochar,DE1,0.0
2048,Agri06_Biochar,DE2,0.0
2048,Agri06_Biochar,DE3,0.0
2048,Agri06_Biochar,DE4,0.0
2048,Agri06_Biochar,DE5,0.0
2048,Agri06_Biochar,DE6,0.0
2048,Agri06_Biochar,DE7,0.0
2048,Agri06_Biochar,DE8,0.0
2048,Agri06_Biochar,DE9,0.0
2048,Agri06_Biochar,DEA,0.0
2048,Agri06_Biochar,DEB,0.0
2048,Agri06_Biochar,DEC,0.0
2048,Agri06_Biochar,DEE,0.0
2048,Agri06_Biochar,DED,0.0
2048,Agri06_Biochar,DEF,0.0
2048,Agri06_Biochar,DEG,0.0
2049,Agri01_AGC,DE1,205747.69992948795
2049,Agri01_AGC,DE2,349234.52761036763
2049,Agri01_AGC,DE3,483.6495000000001
2049,Agri01_AGC,DE4,194795.20165574484
2049,Agri01_AGC,DE5,1554.9810000000002
2049,Agri01_AGC,DE6,2554.1204999999995
2049,Agri01_AGC,DE7,80741.45331037612
2049,Agri01_AGC,DE8,198880.96653579499
2049,Agri01_AGC,DE9,302106.3159467153
2049,Agri01_AGC,DEA,210262.2332579921
2049,Agri01_AGC,DEB,120884.33795241886
2049,Agri01_AGC,DEC,13131.519
2049,Agri01_AGC,DEE,155972.05977050663
2049,Agri01_AGC,DED,130371.5892103837
2049,Agri01_AGC,DEF,83607.86616329214
2049,Agri01_AGC,DEG,66846.84027027627
2049,Agri02_OFC,DE1,29312.191612131457
2049,Agri02_OFC,DE2,46282.32693264824
2049,Agri02_OFC,DE3,14964.72858276113
2049,Agri02_OFC,DE4,28359.56550034481
2049,Agri02_OFC,DE5,6970.584651323463
2049,Agri02_OFC,DE6,796.7787654087407
2049,Agri02_OFC,DE7,10281.571743074777
2049,Agri02_OFC,DE8,28444.492357276875
2049,Agri02_OFC,DE9,40652.91717454931
2049,Agri02_OFC,DEA,29790.550664622937
2049,Agri02_OFC,DEB,17708.19554996572
2049,Agri02_OFC,DEC,10902.340404941118
2049,Agri02_OFC,DEE,21938.19627107894
2049,Agri02_OFC,DED,18863.12781360146
2049,Agri02_OFC,DEF,9890.02023452039
2049,Agri02_OFC,DEG,7907.699751780581
2049,Agri03_No-till,DE1,0.0
2049,Agri03_No-till,DE2,0.0
2049,Agri03_No-till,DE3,0.0
2049,Agri03_No-till,DE4,0.0
2049,Agri03_No-till,DE5,0.0
2049,Agri03_No-till,DE6,0.0
2049,Agri03_No-till,DE7,0.0
2049,Agri03_No-till,DE8,0.0
2049,Agri03_No-till,DE9,0.0
2049,Agri03_No-till,DEA,0.0
2049,Agri03_No-till,DEB,0.0
2049,Agri03_No-till,DEC,0.0
2049,Agri03_No-till,DEE,0.0
2049,Agri03_No-till,DED,0.0
2049,Agri03_No-till,DEF,0.0
2049,Agri03_No-till,DEG,0.0
2049,Agri04_toGrassland,DE1,1080.752920342111
2049,Agri04_toGrassland,DE2,1920.3488801903165
2049,Agri04_toGrassland,DE3,370.91344257629794
2049,Agri04_toGrassland,DE4,1008.1876223769598
2049,Agri04_toGrassland,DE5,174.76266335601227
2049,Agri04_toGrassland,DE6,23.534330417629498
2049,Agri04_toGrassland,DE7,454.33346164910444
2049,Agri04_toGrassland,DE8,1041.9477925857534
2049,Agri04_toGrassland,DE9,1645.9585420050657
2049,Agri04_toGrassland,DEA,1108.5439095419647
2049,Agri04_toGrassland,DEB,622.9545912570984
2049,Agri04_toGrassland,DEC,289.3567887786073
2049,Agri04_toGrassland,DEE,826.2825262847113
2049,Agri04_toGrassland,DED,677.6547739251478
2049,Agri04_toGrassland,DEF,489.1781564002523
2049,Agri04_toGrassland,DEG,391.10302399865617
2049,Agri05_Agroforestry,DE1,51889.5768968565
2049,Agri05_Agroforestry,DE2,62827.477238797714
2049,Agri05_Agroforestry,DE3,94.54500000000002
2049,Agri05_Agroforestry,DE4,34235.052
2049,Agri05_Agroforestry,DE5,776.162
2049,Agri05_Agroforestry,DE6,628.319
2049,Agri05_Agroforestry,DE7,11480.515248835847
2049,Agri05_Agroforestry,DE8,32606.293
2049,Agri05_Agroforestry,DE9,58830.7759178507
2049,Agri05_Agroforestry,DEA,42247.642
2049,Agri05_Agroforestry,DEB,24825.059
2049,Agri05_Agroforestry,DEC,3458.3510000000006
2049,Agri05_Agroforestry,DEE,17156.976000000002
2049,Agri05_Agroforestry,DED,19114.16
2049,Agri05_Agroforestry,DEF,6386.081811087074
2049,Agri05_Agroforestry,DEG,5108.400550656413
2049,Agri06_Biochar,DE1,0.0
2049,Agri06_Biochar,DE2,0.0
2049,Agri06_Biochar,DE3,0.0
2049,Agri06_Biochar,DE4,0.0
2049,Agri06_Biochar,DE5,0.0
2049,Agri06_Biochar,DE6,0.0
2049,Agri06_Biochar,DE7,0.0
2049,Agri06_Biochar,DE8,0.0
2049,Agri06_Biochar,DE9,0.0
2049,Agri06_Biochar,DEA,0.0
2049,Agri06_Biochar,DEB,0.0
2049,Agri06_Biochar,DEC,0.0
2049,Agri06_Biochar,DEE,0.0
2049,Agri06_Biochar,DED,0.0
2049,Agri06_Biochar,DEF,0.0
2049,Agri06_Biochar,DEG,0.0
2050,Agri01_AGC,DE1,205747.69992948795
2050,Agri01_AGC,DE2,349234.52761036763
2050,Agri01_AGC,DE3,483.6495000000001
2050,Agri01_AGC,DE4,194795.20165574484
2050,Agri01_AGC,DE5,1554.9810000000002
2050,Agri01_AGC,DE6,2554.1204999999995
2050,Agri01_AGC,DE7,80741.45331037612
2050,Agri01_AGC,DE8,198880.96653579499
2050,Agri01_AGC,DE9,302106.3159467153
2050,Agri01_AGC,DEA,210262.2332579921
2050,Agri01_AGC,DEB,120884.33795241886
2050,Agri01_AGC,DEC,13131.519
2050,Agri01_AGC,DEE,155972.05977050663
2050,Agri01_AGC,DED,130371.5892103837
2050,Agri01_AGC,DEF,83607.86616329214
2050,Agri01_AGC,DEG,66846.84027027627
2050,Agri02_OFC,DE1,29312.191612131457
2050,Agri02_OFC,DE2,46282.32693264824
2050,Agri02_OFC,DE3,14964.72858276113
2050,Agri02_OFC,DE4,28359.56550034481
2050,Agri02_OFC,DE5,6970.584651323463
2050,Agri02_OFC,DE6,796.7787654087407
2050,Agri02_OFC,DE7,10281.571743074777
2050,Agri02_OFC,DE8,28444.492357276875
2050,Agri02_OFC,DE9,40652.91717454931
2050,Agri02_OFC,DEA,29790.550664622937
2050,Agri02_OFC,DEB,17708.19554996572
2050,Agri02_OFC,DEC,10902.340404941118
2050,Agri02_OFC,DEE,21938.19627107894
2050,Agri02_OFC,DED,18863.12781360146
2050,Agri02_OFC,DEF,9890.02023452039
2050,Agri02_OFC,DEG,7907.699751780581
2050,Agri03_No-till,DE1,0.0
2050,Agri03_No-till,DE2,0.0
2050,Agri03_No-till,DE3,0.0
2050,Agri03_No-till,DE4,0.0
2050,Agri03_No-till,DE5,0.0
2050,Agri03_No-till,DE6,0.0
2050,Agri03_No-till,DE7,0.0
2050,Agri03_No-till,DE8,0.0
2050,Agri03_No-till,DE9,0.0
2050,Agri03_No-till,DEA,0.0
2050,Agri03_No-till,DEB,0.0
2050,Agri03_No-till,DEC,0.0
2050,Agri03_No-till,DEE,0.0
2050,Agri03_No-till,DED,0.0
2050,Agri03_No-till,DEF,0.0
2050,Agri03_No-till,DEG,0.0
2050,Agri04_toGrassland,DE1,1080.752920342111
2050,Agri04_toGrassland,DE2,1920.3488801903165
2050,Agri04_toGrassland,DE3,370.91344257629794
2050,Agri04_toGrassland,DE4,1008.1876223769598
2050,Agri04_toGrassland,DE5,174.76266335601227
2050,Agri04_toGrassland,DE6,23.534330417629498
2050,Agri04_toGrassland,DE7,454.33346164910444
2050,Agri04_toGrassland,DE8,1041.9477925857534
2050,Agri04_toGrassland,DE9,1645.9585420050657
2050,Agri04_toGrassland,DEA,1108.5439095419647
2050,Agri04_toGrassland,DEB,622.9545912570984
2050,Agri04_toGrassland,DEC,289.3567887786073
2050,Agri04_toGrassland,DEE,826.2825262847113
2050,Agri04_toGrassland,DED,677.6547739251478
2050,Agri04_toGrassland,DEF,489.1781564002523
2050,Agri04_toGrassland,DEG,391.10302399865617
2050,Agri05_Agroforestry,DE1,51889.5768968565
2050,Agri05_Agroforestry,DE2,62827.477238797714
2050,Agri05_Agroforestry,DE3,94.54500000000002
2050,Agri05_Agroforestry,DE4,34235.052
2050,Agri05_Agroforestry,DE5,776.162
2050,Agri05_Agroforestry,DE6,628.319
2050,Agri05_Agroforestry,DE7,11480.515248835847
2050,Agri05_Agroforestry,DE8,32606.293
2050,Agri05_Agroforestry,DE9,58830.7759178507
2050,Agri05_Agroforestry,DEA,42247.642
2050,Agri05_Agroforestry,DEB,24825.059
2050,Agri05_Agroforestry,DEC,3458.3510000000006
2050,Agri05_Agroforestry,DEE,17156.976000000002
2050,Agri05_Agroforestry,DED,19114.16
2050,Agri05_Agroforestry,DEF,6386.081811087074
2050,Agri05_Agroforestry,DEG,5108.400550656413
2050,Agri06_Biochar,DE1,0.0
2050,Agri06_Biochar,DE2,0.0
2050,Agri06_Biochar,DE3,0.0
2050,Agri06_Biochar,DE4,0.0
2050,Agri06_Biochar,DE5,0.0
2050,Agri06_Biochar,DE6,0.0
2050,Agri06_Biochar,DE7,0.0
2050,Agri06_Biochar,DE8,0.0
2050,Agri06_Biochar,DE9,0.0
2050,Agri06_Biochar,DEA,0.0
2050,Agri06_Biochar,DEB,0.0
2050,Agri06_Biochar,DEC,0.0
2050,Agri06_Biochar,DEE,0.0
2050,Agri06_Biochar,DED,0.0
2050,Agri06_Biochar,DEF,0.0
2050,Agri06_Biochar,DEG,0.0
