year,techAgri,r,costTechAgri
2020,Agri01_AGC,DE1,0.0
2020,Agri01_AGC,DE2,0.0
2020,Agri01_AGC,DE3,0.0
2020,Agri01_AGC,DE4,0.0
2020,Agri01_AGC,DE5,0.0
2020,Agri01_AGC,DE6,0.0
2020,Agri01_AGC,DE7,0.0
2020,Agri01_AGC,DE8,0.0
2020,Agri01_AGC,DE9,0.0
2020,Agri01_AGC,DEA,0.0
2020,Agri01_AGC,DEB,0.0
2020,Agri01_AGC,DEC,0.0
2020,Agri01_AGC,DEE,0.0
2020,Agri01_AGC,DED,0.0
2020,Agri01_AGC,DEF,0.0
2020,Agri01_AGC,DEG,0.0
2020,Agri02_OFC,DE1,0.0
2020,Agri02_OFC,DE2,0.0
2020,Agri02_OFC,DE3,0.0
2020,Agri02_OFC,DE4,0.0
2020,Agri02_OFC,DE5,0.0
2020,Agri02_OFC,DE6,0.0
2020,Agri02_OFC,DE7,0.0
2020,Agri02_OFC,DE8,0.0
2020,Agri02_OFC,DE9,0.0
2020,Agri02_OFC,DEA,0.0
2020,Agri02_OFC,DEB,0.0
2020,Agri02_OFC,DEC,0.0
2020,Agri02_OFC,DEE,0.0
2020,Agri02_OFC,DED,0.0
2020,Agri02_OFC,DEF,0.0
2020,Agri02_OFC,DEG,0.0
2020,Agri03_No-till,DE1,0.0
2020,Agri03_No-till,DE2,0.0
2020,Agri03_No-till,DE3,0.0
2020,Agri03_No-till,DE4,0.0
2020,Agri03_No-till,DE5,0.0
2020,Agri03_No-till,DE6,0.0
2020,Agri03_No-till,DE7,0.0
2020,Agri03_No-till,DE8,0.0
2020,Agri03_No-till,DE9,0.0
2020,Agri03_No-till,DEA,0.0
2020,Agri03_No-till,DEB,0.0
2020,Agri03_No-till,DEC,0.0
2020,Agri03_No-till,DEE,0.0
2020,Agri03_No-till,DED,0.0
2020,Agri03_No-till,DEF,0.0
2020,Agri03_No-till,DEG,0.0
2020,Agri04_toGrassland,DE1,0.0
2020,Agri04_toGrassland,DE2,0.0
2020,Agri04_toGrassland,DE3,0.0
2020,Agri04_toGrassland,DE4,0.0
2020,Agri04_toGrassland,DE5,0.0
2020,Agri04_toGrassland,DE6,0.0
2020,Agri04_toGrassland,DE7,0.0
2020,Agri04_toGrassland,DE8,0.0
2020,Agri04_toGrassland,DE9,0.0
2020,Agri04_toGrassland,DEA,0.0
2020,Agri04_toGrassland,DEB,0.0
2020,Agri04_toGrassland,DEC,0.0
2020,Agri04_toGrassland,DEE,0.0
2020,Agri04_toGrassland,DED,0.0
2020,Agri04_toGrassland,DEF,0.0
2020,Agri04_toGrassland,DEG,0.0
2020,Agri05_Agroforestry,DE1,0.0
2020,Agri05_Agroforestry,DE2,0.0
2020,Agri05_Agroforestry,DE3,0.0
2020,Agri05_Agroforestry,DE4,0.0
2020,Agri05_Agroforestry,DE5,0.0
2020,Agri05_Agroforestry,DE6,0.0
2020,Agri05_Agroforestry,DE7,0.0
2020,Agri05_Agroforestry,DE8,0.0
2020,Agri05_Agroforestry,DE9,0.0
2020,Agri05_Agroforestry,DEA,0.0
2020,Agri05_Agroforestry,DEB,0.0
2020,Agri05_Agroforestry,DEC,0.0
2020,Agri05_Agroforestry,DEE,0.0
2020,Agri05_Agroforestry,DED,0.0
2020,Agri05_Agroforestry,DEF,0.0
2020,Agri05_Agroforestry,DEG,0.0
2020,Agri06_Biochar,DE1,0.0
2020,Agri06_Biochar,DE2,0.0
2020,Agri06_Biochar,DE3,0.0
2020,Agri06_Biochar,DE4,0.0
2020,Agri06_Biochar,DE5,0.0
2020,Agri06_Biochar,DE6,0.0
2020,Agri06_Biochar,DE7,0.0
2020,Agri06_Biochar,DE8,0.0
2020,Agri06_Biochar,DE9,0.0
2020,Agri06_Biochar,DEA,0.0
2020,Agri06_Biochar,DEB,0.0
2020,Agri06_Biochar,DEC,0.0
2020,Agri06_Biochar,DEE,0.0
2020,Agri06_Biochar,DED,0.0
2020,Agri06_Biochar,DEF,0.0
2020,Agri06_Biochar,DEG,0.0
2021,Agri01_AGC,DE1,1809342.4639568394
2021,Agri01_AGC,DE2,3945069.7756557255
2021,Agri01_AGC,DE3,0.0
2021,Agri01_AGC,DE4,1560055.6357000845
2021,Agri01_AGC,DE5,0.0
2021,Agri01_AGC,DE6,0.0
2021,Agri01_AGC,DE7,1017469.5110081799
2021,Agri01_AGC,DE8,1721122.6868680494
2021,Agri01_AGC,DE9,3257578.691644162
2021,Agri01_AGC,DEA,1890526.9630179582
2021,Agri01_AGC,DEB,940675.2867626166
2021,Agri01_AGC,DEC,0.0
2021,Agri01_AGC,DEE,1442754.1112491481
2021,Agri01_AGC,DED,1073612.468608869
2021,Agri01_AGC,DEF,1244019.900885485
2021,Agri01_AGC,DEG,994540.6884004194
2021,Agri02_OFC,DE1,0.0
2021,Agri02_OFC,DE2,0.0
2021,Agri02_OFC,DE3,0.0
2021,Agri02_OFC,DE4,0.0
2021,Agri02_OFC,DE5,0.0
2021,Agri02_OFC,DE6,0.0
2021,Agri02_OFC,DE7,0.0
2021,Agri02_OFC,DE8,0.0
2021,Agri02_OFC,DE9,0.0
2021,Agri02_OFC,DEA,0.0
2021,Agri02_OFC,DEB,0.0
2021,Agri02_OFC,DEC,0.0
2021,Agri02_OFC,DEE,0.0
2021,Agri02_OFC,DED,0.0
2021,Agri02_OFC,DEF,0.0
2021,Agri02_OFC,DEG,0.0
2021,Agri03_No-till,DE1,0.0
2021,Agri03_No-till,DE2,0.0
2021,Agri03_No-till,DE3,0.0
2021,Agri03_No-till,DE4,0.0
2021,Agri03_No-till,DE5,0.0
2021,Agri03_No-till,DE6,0.0
2021,Agri03_No-till,DE7,0.0
2021,Agri03_No-till,DE8,0.0
2021,Agri03_No-till,DE9,0.0
2021,Agri03_No-till,DEA,0.0
2021,Agri03_No-till,DEB,0.0
2021,Agri03_No-till,DEC,0.0
2021,Agri03_No-till,DEE,0.0
2021,Agri03_No-till,DED,0.0
2021,Agri03_No-till,DEF,0.0
2021,Agri03_No-till,DEG,0.0
2021,Agri04_toGrassland,DE1,19593.616795101214
2021,Agri04_toGrassland,DE2,42721.69970802062
2021,Agri04_toGrassland,DE3,39.89443131174071
2021,Agri04_toGrassland,DE4,16894.05566600057
2021,Agri04_toGrassland,DE5,128.26454425273235
2021,Agri04_toGrassland,DE6,210.67981017071
2021,Agri04_toGrassland,DE7,11018.316375439277
2021,Agri04_toGrassland,DE8,18638.272773468703
2021,Agri04_toGrassland,DE9,35276.7648112223
2021,Agri04_toGrassland,DEA,20472.774829576974
2021,Agri04_toGrassland,DEB,10186.701226887428
2021,Agri04_toGrassland,DEC,1083.169697816948
2021,Agri04_toGrassland,DEE,15623.781428061906
2021,Agri04_toGrassland,DED,11626.296135426694
2021,Agri04_toGrassland,DEF,13471.661506315832
2021,Agri04_toGrassland,DEG,10770.017022116837
2021,Agri05_Agroforestry,DE1,135114.3620033389
2021,Agri05_Agroforestry,DE2,294601.8216090981
2021,Agri05_Agroforestry,DE3,275.1054432951632
2021,Agri05_Agroforestry,DE4,116498.63202036604
2021,Agri05_Agroforestry,DE5,884.4912220948354
2021,Agri05_Agroforestry,DE6,1452.813354261223
2021,Agri05_Agroforestry,DE7,75980.49931193059
2021,Agri05_Agroforestry,DE8,128526.46660217676
2021,Agri05_Agroforestry,DE9,243262.7738336615
2021,Agri05_Agroforestry,DEA,141176.89135514293
2021,Agri05_Agroforestry,DEB,70245.81788971415
2021,Agri05_Agroforestry,DEC,7469.360261168175
2021,Agri05_Agroforestry,DEE,107739.0295935557
2021,Agri05_Agroforestry,DED,80173.0278400062
2021,Agri05_Agroforestry,DEF,92898.36422675637
2021,Agri05_Agroforestry,DEG,74268.2677693401
2021,Agri06_Biochar,DE1,0.0
2021,Agri06_Biochar,DE2,0.0
2021,Agri06_Biochar,DE3,0.0
2021,Agri06_Biochar,DE4,0.0
2021,Agri06_Biochar,DE5,0.0
2021,Agri06_Biochar,DE6,0.0
2021,Agri06_Biochar,DE7,0.0
2021,Agri06_Biochar,DE8,0.0
2021,Agri06_Biochar,DE9,0.0
2021,Agri06_Biochar,DEA,0.0
2021,Agri06_Biochar,DEB,0.0
2021,Agri06_Biochar,DEC,0.0
2021,Agri06_Biochar,DEE,0.0
2021,Agri06_Biochar,DED,0.0
2021,Agri06_Biochar,DEF,0.0
2021,Agri06_Biochar,DEG,0.0
2022,Agri01_AGC,DE1,3558562.869491356
2022,Agri01_AGC,DE2,7616159.04987692
2022,Agri01_AGC,DE3,0.0
2022,Agri01_AGC,DE4,3093284.690629757
2022,Agri01_AGC,DE5,0.0
2022,Agri01_AGC,DE6,0.0
2022,Agri01_AGC,DE7,1950862.4026288127
2022,Agri01_AGC,DE8,3389605.8066882654
2022,Agri01_AGC,DE9,6308666.6728205
2022,Agri01_AGC,DEA,3711451.268925705
2022,Agri01_AGC,DEB,1870103.3319464817
2022,Agri01_AGC,DEC,0.0
2022,Agri01_AGC,DEE,2825935.7538128365
2022,Agri01_AGC,DED,2123465.649371868
2022,Agri01_AGC,DEF,2363513.8954569628
2022,Agri01_AGC,DEG,1889536.7663918445
2022,Agri02_OFC,DE1,0.0
2022,Agri02_OFC,DE2,0.0
2022,Agri02_OFC,DE3,0.0
2022,Agri02_OFC,DE4,0.0
2022,Agri02_OFC,DE5,0.0
2022,Agri02_OFC,DE6,0.0
2022,Agri02_OFC,DE7,0.0
2022,Agri02_OFC,DE8,0.0
2022,Agri02_OFC,DE9,0.0
2022,Agri02_OFC,DEA,0.0
2022,Agri02_OFC,DEB,0.0
2022,Agri02_OFC,DEC,0.0
2022,Agri02_OFC,DEE,0.0
2022,Agri02_OFC,DED,0.0
2022,Agri02_OFC,DEF,0.0
2022,Agri02_OFC,DEG,0.0
2022,Agri03_No-till,DE1,0.0
2022,Agri03_No-till,DE2,0.0
2022,Agri03_No-till,DE3,0.0
2022,Agri03_No-till,DE4,0.0
2022,Agri03_No-till,DE5,0.0
2022,Agri03_No-till,DE6,0.0
2022,Agri03_No-till,DE7,0.0
2022,Agri03_No-till,DE8,0.0
2022,Agri03_No-till,DE9,0.0
2022,Agri03_No-till,DEA,0.0
2022,Agri03_No-till,DEB,0.0
2022,Agri03_No-till,DEC,0.0
2022,Agri03_No-till,DEE,0.0
2022,Agri03_No-till,DED,0.0
2022,Agri03_No-till,DEF,0.0
2022,Agri03_No-till,DEG,0.0
2022,Agri04_toGrassland,DE1,39262.709347121076
2022,Agri04_toGrassland,DE2,84031.40539695042
2022,Agri04_toGrassland,DE3,1412.8513868556422
2022,Agri04_toGrassland,DE4,34129.15330998635
2022,Agri04_toGrassland,DE5,863.2198265347567
2022,Agri04_toGrassland,DE6,465.2390847218116
2022,Agri04_toGrassland,DE7,21524.459817001814
2022,Agri04_toGrassland,DE8,37398.55454860568
2022,Agri04_toGrassland,DE9,69605.44327216706
2022,Agri04_toGrassland,DEA,40949.57368244064
2022,Agri04_toGrassland,DEB,20633.42036213413
2022,Agri04_toGrassland,DEC,3000.562321580046
2022,Agri04_toGrassland,DEE,31179.410960203197
2022,Agri04_toGrassland,DED,23428.844074855504
2022,Agri04_toGrassland,DEF,26077.369578262565
2022,Agri04_toGrassland,DEG,20847.83537072822
2022,Agri05_Agroforestry,DE1,339357.10679951066
2022,Agri05_Agroforestry,DE2,669210.844204155
2022,Agri05_Agroforestry,DE3,18073.63901518244
2022,Agri05_Agroforestry,DE4,304980.2304465402
2022,Agri05_Agroforestry,DE5,29413.586881775165
2022,Agri05_Agroforestry,DE6,5580.818686352805
2022,Agri05_Agroforestry,DE7,165956.4677586724
2022,Agri05_Agroforestry,DE8,325063.1696662303
2022,Agri05_Agroforestry,DE9,562362.0761123275
2022,Agri05_Agroforestry,DEA,351226.9188088709
2022,Agri05_Agroforestry,DEB,186334.82315930264
2022,Agri05_Agroforestry,DEC,55993.71116619471
2022,Agri05_Agroforestry,DEE,264843.7051460956
2022,Agri05_Agroforestry,DED,207262.05533555092
2022,Agri05_Agroforestry,DEF,192154.4666383641
2022,Agri05_Agroforestry,DEG,153623.49398460024
2022,Agri06_Biochar,DE1,0.0
2022,Agri06_Biochar,DE2,0.0
2022,Agri06_Biochar,DE3,0.0
2022,Agri06_Biochar,DE4,0.0
2022,Agri06_Biochar,DE5,0.0
2022,Agri06_Biochar,DE6,0.0
2022,Agri06_Biochar,DE7,0.0
2022,Agri06_Biochar,DE8,0.0
2022,Agri06_Biochar,DE9,0.0
2022,Agri06_Biochar,DEA,0.0
2022,Agri06_Biochar,DEB,0.0
2022,Agri06_Biochar,DEC,0.0
2022,Agri06_Biochar,DEE,0.0
2022,Agri06_Biochar,DED,0.0
2022,Agri06_Biochar,DEF,0.0
2022,Agri06_Biochar,DEG,0.0
2023,Agri01_AGC,DE1,5241037.868188731
2023,Agri01_AGC,DE2,11013898.755568536
2023,Agri01_AGC,DE3,0.0
2023,Agri01_AGC,DE4,4591338.053595403
2023,Agri01_AGC,DE5,0.0
2023,Agri01_AGC,DE6,0.0
2023,Agri01_AGC,DE7,2801756.388923816
2023,Agri01_AGC,DE8,4998668.897183777
2023,Agri01_AGC,DE9,9151702.25802811
2023,Agri01_AGC,DEA,5456567.859557759
2023,Agri01_AGC,DEB,2782729.9561337344
2023,Agri01_AGC,DEC,0.0
2023,Agri01_AGC,DEE,4145490.454880967
2023,Agri01_AGC,DED,3144372.5735993963
2023,Agri01_AGC,DEF,3362702.978897357
2023,Agri01_AGC,DEG,2688361.839895054
2023,Agri02_OFC,DE1,0.0
2023,Agri02_OFC,DE2,0.0
2023,Agri02_OFC,DE3,0.0
2023,Agri02_OFC,DE4,0.0
2023,Agri02_OFC,DE5,0.0
2023,Agri02_OFC,DE6,0.0
2023,Agri02_OFC,DE7,0.0
2023,Agri02_OFC,DE8,0.0
2023,Agri02_OFC,DE9,0.0
2023,Agri02_OFC,DEA,0.0
2023,Agri02_OFC,DEB,0.0
2023,Agri02_OFC,DEC,0.0
2023,Agri02_OFC,DEE,0.0
2023,Agri02_OFC,DED,0.0
2023,Agri02_OFC,DEF,0.0
2023,Agri02_OFC,DEG,0.0
2023,Agri03_No-till,DE1,0.0
2023,Agri03_No-till,DE2,0.0
2023,Agri03_No-till,DE3,0.0
2023,Agri03_No-till,DE4,0.0
2023,Agri03_No-till,DE5,0.0
2023,Agri03_No-till,DE6,0.0
2023,Agri03_No-till,DE7,0.0
2023,Agri03_No-till,DE8,0.0
2023,Agri03_No-till,DE9,0.0
2023,Agri03_No-till,DEA,0.0
2023,Agri03_No-till,DEB,0.0
2023,Agri03_No-till,DEC,0.0
2023,Agri03_No-till,DEE,0.0
2023,Agri03_No-till,DED,0.0
2023,Agri03_No-till,DEF,0.0
2023,Agri03_No-till,DEG,0.0
2023,Agri04_toGrassland,DE1,58974.01253876795
2023,Agri04_toGrassland,DE2,123932.28586537467
2023,Agri04_toGrassland,DE3,4054.802561788186
2023,Agri04_toGrassland,DE4,51663.360340503306
2023,Agri04_toGrassland,DE5,2175.5411183468436
2023,Agri04_toGrassland,DE6,761.2522046805152
2023,Agri04_toGrassland,DE7,31526.3542387014
2023,Agri04_toGrassland,DE8,56246.79111916882
2023,Agri04_toGrassland,DE9,102978.1919706949
2023,Agri04_toGrassland,DEA,61399.23226301894
2023,Agri04_toGrassland,DEB,31312.262084790276
2023,Agri04_toGrassland,DEC,5710.483447422791
2023,Agri04_toGrassland,DEE,46646.52540470623
2023,Agri04_toGrassland,DED,35381.592777175334
2023,Agri04_toGrassland,DEF,37838.32374983018
2023,Agri04_toGrassland,DEG,30250.398650431387
2023,Agri05_Agroforestry,DE1,620855.2414102535
2023,Agri05_Agroforestry,DE2,1131130.5968316556
2023,Agri05_Agroforestry,DE3,18961.013505209983
2023,Agri05_Agroforestry,DE4,574275.4139548554
2023,Agri05_Agroforestry,DE5,89645.694841138
2023,Agri05_Agroforestry,DE6,12755.955746315465
2023,Agri05_Agroforestry,DE7,270833.65540260327
2023,Agri05_Agroforestry,DE8,597672.624827302
2023,Agri05_Agroforestry,DE9,964768.0071038085
2023,Agri05_Agroforestry,DEA,638147.280345725
2023,Agri05_Agroforestry,DEB,353950.9433238233
2023,Agri05_Agroforestry,DEC,151506.5608958461
2023,Agri05_Agroforestry,DEE,476946.50490960677
2023,Agri05_Agroforestry,DED,386958.03198609804
2023,Agri05_Agroforestry,DEF,297291.7457910431
2023,Agri05_Agroforestry,DEG,237685.30955560252
2023,Agri06_Biochar,DE1,0.0
2023,Agri06_Biochar,DE2,0.0
2023,Agri06_Biochar,DE3,0.0
2023,Agri06_Biochar,DE4,0.0
2023,Agri06_Biochar,DE5,0.0
2023,Agri06_Biochar,DE6,0.0
2023,Agri06_Biochar,DE7,0.0
2023,Agri06_Biochar,DE8,0.0
2023,Agri06_Biochar,DE9,0.0
2023,Agri06_Biochar,DEA,0.0
2023,Agri06_Biochar,DEB,0.0
2023,Agri06_Biochar,DEC,0.0
2023,Agri06_Biochar,DEE,0.0
2023,Agri06_Biochar,DED,0.0
2023,Agri06_Biochar,DEF,0.0
2023,Agri06_Biochar,DEG,0.0
2024,Agri01_AGC,DE1,6850144.11163415
2024,Agri01_AGC,DE2,14138919.825635536
2024,Agri01_AGC,DE3,0.0
2024,Agri01_AGC,DE4,6045866.613403411
2024,Agri01_AGC,DE5,0.0
2024,Agri01_AGC,DE6,14536.855127410487
2024,Agri01_AGC,DE7,3571729.1839551073
2024,Agri01_AGC,DE8,6541531.496077712
2024,Agri01_AGC,DE9,11785123.761766097
2024,Agri01_AGC,DEA,7119671.676748643
2024,Agri01_AGC,DEB,3673000.979906515
2024,Agri01_AGC,DEC,0.0
2024,Agri01_AGC,DEE,5397363.741643441
2024,Agri01_AGC,DED,4131146.272601854
2024,Agri01_AGC,DEF,4245808.1463895915
2024,Agri01_AGC,DEG,3394389.514830829
2024,Agri02_OFC,DE1,0.0
2024,Agri02_OFC,DE2,0.0
2024,Agri02_OFC,DE3,0.0
2024,Agri02_OFC,DE4,0.0
2024,Agri02_OFC,DE5,0.0
2024,Agri02_OFC,DE6,0.0
2024,Agri02_OFC,DE7,0.0
2024,Agri02_OFC,DE8,0.0
2024,Agri02_OFC,DE9,0.0
2024,Agri02_OFC,DEA,0.0
2024,Agri02_OFC,DEB,0.0
2024,Agri02_OFC,DEC,0.0
2024,Agri02_OFC,DEE,0.0
2024,Agri02_OFC,DED,0.0
2024,Agri02_OFC,DEF,0.0
2024,Agri02_OFC,DEG,0.0
2024,Agri03_No-till,DE1,0.0
2024,Agri03_No-till,DE2,0.0
2024,Agri03_No-till,DE3,0.0
2024,Agri03_No-till,DE4,0.0
2024,Agri03_No-till,DE5,0.0
2024,Agri03_No-till,DE6,0.0
2024,Agri03_No-till,DE7,0.0
2024,Agri03_No-till,DE8,0.0
2024,Agri03_No-till,DE9,0.0
2024,Agri03_No-till,DEA,0.0
2024,Agri03_No-till,DEB,0.0
2024,Agri03_No-till,DEC,0.0
2024,Agri03_No-till,DEE,0.0
2024,Agri03_No-till,DED,0.0
2024,Agri03_No-till,DEF,0.0
2024,Agri03_No-till,DEG,0.0
2024,Agri04_toGrassland,DE1,78694.26125275024
2024,Agri04_toGrassland,DE2,162427.50991187862
2024,Agri04_toGrassland,DE3,7901.679651265852
2024,Agri04_toGrassland,DE4,69454.74416609737
2024,Agri04_toGrassland,DE5,4035.9036911897633
2024,Agri04_toGrassland,DE6,1096.293551074031
2024,Agri04_toGrassland,DE7,41031.9235545518
2024,Agri04_toGrassland,DE8,75148.92827891599
2024,Agri04_toGrassland,DE9,135387.16749466644
2024,Agri04_toGrassland,DEA,81790.58627573984
2024,Agri04_toGrassland,DEB,42195.33107390604
2024,Agri04_toGrassland,DEC,9171.238651478678
2024,Agri04_toGrassland,DEE,62004.76156985338
2024,Agri04_toGrassland,DED,47458.49120127509
2024,Agri04_toGrassland,DEF,48775.72355500866
2024,Agri04_toGrassland,DEG,38994.65046582359
2024,Agri05_Agroforestry,DE1,987735.7728573051
2024,Agri05_Agroforestry,DE2,1687664.608538084
2024,Agri05_Agroforestry,DE3,19848.38799523752
2024,Agri05_Agroforestry,DE4,933214.801221644
2024,Agri05_Agroforestry,DE5,162944.25430387162
2024,Agri05_Agroforestry,DE6,23350.164284189912
2024,Agri05_Agroforestry,DE7,391517.8123061008
2024,Agri05_Agroforestry,DE8,954417.3477205331
2024,Agri05_Agroforestry,DE9,1457950.6670759146
2024,Agri05_Agroforestry,DEA,1009935.1739502463
2024,Agri05_Agroforestry,DEB,578778.1058983338
2024,Agri05_Agroforestry,DEC,299941.41763088875
2024,Agri05_Agroforestry,DEE,749679.9071360764
2024,Agri05_Agroforestry,DED,624951.9072911114
2024,Agri05_Agroforestry,DEF,407833.64024101297
2024,Agri05_Agroforestry,DEG,326073.34539216897
2024,Agri06_Biochar,DE1,0.0
2024,Agri06_Biochar,DE2,0.0
2024,Agri06_Biochar,DE3,0.0
2024,Agri06_Biochar,DE4,0.0
2024,Agri06_Biochar,DE5,0.0
2024,Agri06_Biochar,DE6,0.0
2024,Agri06_Biochar,DE7,0.0
2024,Agri06_Biochar,DE8,0.0
2024,Agri06_Biochar,DE9,0.0
2024,Agri06_Biochar,DEA,0.0
2024,Agri06_Biochar,DEB,0.0
2024,Agri06_Biochar,DEC,0.0
2024,Agri06_Biochar,DEE,0.0
2024,Agri06_Biochar,DED,0.0
2024,Agri06_Biochar,DEF,0.0
2024,Agri06_Biochar,DEG,0.0
2025,Agri01_AGC,DE1,8379258.251412794
2025,Agri01_AGC,DE2,16991853.19298288
2025,Agri01_AGC,DE3,0.0
2025,Agri01_AGC,DE4,7448521.258860169
2025,Agri01_AGC,DE5,0.0
2025,Agri01_AGC,DE6,47181.321504472755
2025,Agri01_AGC,DE7,4262358.501784605
2025,Agri01_AGC,DE8,8011413.141093198
2025,Agri01_AGC,DE9,14207369.498533562
2025,Agri01_AGC,DEA,8694557.662332878
2025,Agri01_AGC,DEB,4535362.223846964
2025,Agri01_AGC,DEC,0.0
2025,Agri01_AGC,DEE,6577501.141290161
2025,Agri01_AGC,DED,5078599.777689645
2025,Agri01_AGC,DEF,5017050.393116593
2025,Agri01_AGC,DEG,4010993.3971199496
2025,Agri02_OFC,DE1,0.0
2025,Agri02_OFC,DE2,0.0
2025,Agri02_OFC,DE3,0.0
2025,Agri02_OFC,DE4,0.0
2025,Agri02_OFC,DE5,0.0
2025,Agri02_OFC,DE6,0.0
2025,Agri02_OFC,DE7,0.0
2025,Agri02_OFC,DE8,0.0
2025,Agri02_OFC,DE9,0.0
2025,Agri02_OFC,DEA,0.0
2025,Agri02_OFC,DEB,0.0
2025,Agri02_OFC,DEC,0.0
2025,Agri02_OFC,DEE,0.0
2025,Agri02_OFC,DED,0.0
2025,Agri02_OFC,DEF,0.0
2025,Agri02_OFC,DEG,0.0
2025,Agri03_No-till,DE1,0.0
2025,Agri03_No-till,DE2,0.0
2025,Agri03_No-till,DE3,0.0
2025,Agri03_No-till,DE4,0.0
2025,Agri03_No-till,DE5,0.0
2025,Agri03_No-till,DE6,0.0
2025,Agri03_No-till,DE7,0.0
2025,Agri03_No-till,DE8,0.0
2025,Agri03_No-till,DE9,0.0
2025,Agri03_No-till,DEA,0.0
2025,Agri03_No-till,DEB,0.0
2025,Agri03_No-till,DEC,0.0
2025,Agri03_No-till,DEE,0.0
2025,Agri03_No-till,DED,0.0
2025,Agri03_No-till,DEF,0.0
2025,Agri03_No-till,DEG,0.0
2025,Agri04_toGrassland,DE1,98390.19037177628
2025,Agri04_toGrassland,DE2,199520.2463350476
2025,Agri04_toGrassland,DE3,12889.414350445126
2025,Agri04_toGrassland,DE4,87461.3721953145
2025,Agri04_toGrassland,DE5,6414.982816564287
2025,Agri04_toGrassland,DE6,1467.9375049295697
2025,Agri04_toGrassland,DE7,50049.09167856683
2025,Agri04_toGrassland,DE8,94070.9118216051
2025,Agri04_toGrassland,DE9,166824.52643194236
2025,Agri04_toGrassland,DEA,102092.4714250313
2025,Agri04_toGrassland,DEB,53254.73200853161
2025,Agri04_toGrassland,DEC,13341.133509881209
2025,Agri04_toGrassland,DEE,77233.756263927
2025,Agri04_toGrassland,DED,59633.488306043684
2025,Agri04_toGrassland,DEF,58910.76852778798
2025,Agri04_toGrassland,DEG,47097.5344215021
2025,Agri05_Agroforestry,DE1,1448125.7081624041
2025,Agri05_Agroforestry,DE2,2346116.408369926
2025,Agri05_Agroforestry,DE3,20735.762485265066
2025,Agri05_Agroforestry,DE4,1390629.0109232394
2025,Agri05_Agroforestry,DE5,170229.10658510026
2025,Agri05_Agroforestry,DE6,37735.384050016866
2025,Agri05_Agroforestry,DE7,528914.688531543
2025,Agri05_Agroforestry,DE8,1403359.8539810658
2025,Agri05_Agroforestry,DE9,2049380.156296457
2025,Agri05_Agroforestry,DEA,1474587.797606976
2025,Agri05_Agroforestry,DEB,866500.2383978922
2025,Agri05_Agroforestry,DEC,507231.78955208935
2025,Agri05_Agroforestry,DEE,1088676.390077492
2025,Agri05_Agroforestry,DED,926934.6307500553
2025,Agri05_Agroforestry,DEF,523303.58854449383
2025,Agri05_Agroforestry,DEG,418407.2324041219
2025,Agri06_Biochar,DE1,0.0
2025,Agri06_Biochar,DE2,0.0
2025,Agri06_Biochar,DE3,0.0
2025,Agri06_Biochar,DE4,0.0
2025,Agri06_Biochar,DE5,0.0
2025,Agri06_Biochar,DE6,0.0
2025,Agri06_Biochar,DE7,0.0
2025,Agri06_Biochar,DE8,0.0
2025,Agri06_Biochar,DE9,0.0
2025,Agri06_Biochar,DEA,0.0
2025,Agri06_Biochar,DEB,0.0
2025,Agri06_Biochar,DEC,0.0
2025,Agri06_Biochar,DEE,0.0
2025,Agri06_Biochar,DED,0.0
2025,Agri06_Biochar,DEF,0.0
2025,Agri06_Biochar,DEG,0.0
2026,Agri01_AGC,DE1,9821756.939109845
2026,Agri01_AGC,DE2,19573329.790515523
2026,Agri01_AGC,DE3,0.0
2026,Agri01_AGC,DE4,8790952.878772063
2026,Agri01_AGC,DE5,0.0
2026,Agri01_AGC,DE6,81150.9336288269
2026,Agri01_AGC,DE7,4875222.056474227
2026,Agri01_AGC,DE8,9401533.369953366
2026,Agri01_AGC,DE9,16416877.782829605
2026,Agri01_AGC,DEA,10175020.758144984
2026,Agri01_AGC,DEB,5364259.508537221
2026,Agri01_AGC,DEC,277719.3016998234
2026,Agri01_AGC,DEE,7681848.181011029
2026,Agri01_AGC,DED,5981546.1201731665
2026,Agri01_AGC,DEF,5680650.714261284
2026,Agri01_AGC,DEG,4541547.092683195
2026,Agri02_OFC,DE1,0.0
2026,Agri02_OFC,DE2,0.0
2026,Agri02_OFC,DE3,0.0
2026,Agri02_OFC,DE4,0.0
2026,Agri02_OFC,DE5,0.0
2026,Agri02_OFC,DE6,0.0
2026,Agri02_OFC,DE7,0.0
2026,Agri02_OFC,DE8,0.0
2026,Agri02_OFC,DE9,0.0
2026,Agri02_OFC,DEA,0.0
2026,Agri02_OFC,DEB,0.0
2026,Agri02_OFC,DEC,0.0
2026,Agri02_OFC,DEE,0.0
2026,Agri02_OFC,DED,0.0
2026,Agri02_OFC,DEF,0.0
2026,Agri02_OFC,DEG,0.0
2026,Agri03_No-till,DE1,0.0
2026,Agri03_No-till,DE2,0.0
2026,Agri03_No-till,DE3,0.0
2026,Agri03_No-till,DE4,0.0
2026,Agri03_No-till,DE5,0.0
2026,Agri03_No-till,DE6,0.0
2026,Agri03_No-till,DE7,0.0
2026,Agri03_No-till,DE8,0.0
2026,Agri03_No-till,DE9,0.0
2026,Agri03_No-till,DEA,0.0
2026,Agri03_No-till,DEB,0.0
2026,Agri03_No-till,DEC,0.0
2026,Agri03_No-till,DEE,0.0
2026,Agri03_No-till,DED,0.0
2026,Agri03_No-till,DEF,0.0
2026,Agri03_No-till,DEG,0.0
2026,Agri04_toGrassland,DE1,118028.53477855446
2026,Agri04_toGrassland,DE2,235213.6639334667
2026,Agri04_toGrassland,DE3,18953.938354482485
2026,Agri04_toGrassland,DE4,105641.31183670065
2026,Agri04_toGrassland,DE5,9283.453765971184
2026,Agri04_toGrassland,DE6,1873.7584472743413
2026,Agri04_toGrassland,DE7,58585.782524760245
2026,Agri04_toGrassland,DE8,112978.68754099401
2026,Agri04_toGrassland,DE9,197282.42537038322
2026,Agri04_toGrassland,DEA,122273.7234153212
2026,Agri04_toGrassland,DEB,64462.569567717124
2026,Agri04_toGrassland,DEC,18178.47359876387
2026,Agri04_toGrassland,DEE,92313.14629520946
2026,Agri04_toGrassland,DED,71880.53305037
2026,Agri04_toGrassland,DEF,68264.65820215811
2026,Agri04_toGrassland,DEG,54575.99412206412
2026,Agri05_Agroforestry,DE1,2010152.0543472879
2026,Agri05_Agroforestry,DE2,3113789.5253736638
2026,Agri05_Agroforestry,DE3,21623.136975292604
2026,Agri05_Agroforestry,DE4,1955348.6617359736
2026,Agri05_Agroforestry,DE5,177513.9588663288
2026,Agri05_Agroforestry,DE6,56283.55479383703
2026,Agri05_Agroforestry,DE7,683930.0341413073
2026,Agri05_Agroforestry,DE8,1952562.6592440403
2026,Agri05_Agroforestry,DE9,2746526.5750332447
2026,Agri05_Agroforestry,DEA,2040102.3493004544
2026,Agri05_Agroforestry,DEB,1222801.2683375557
2026,Agri05_Agroforestry,DEC,779311.1848402139
2026,Agri05_Agroforestry,DEE,1499568.4319858397
2026,Agri05_Agroforestry,DED,1298597.151862393
2026,Agri05_Agroforestry,DEF,643225.0292577051
2026,Agri05_Agroforestry,DEG,514306.60150128306
2026,Agri06_Biochar,DE1,0.0
2026,Agri06_Biochar,DE2,0.0
2026,Agri06_Biochar,DE3,0.0
2026,Agri06_Biochar,DE4,0.0
2026,Agri06_Biochar,DE5,0.0
2026,Agri06_Biochar,DE6,0.0
2026,Agri06_Biochar,DE7,0.0
2026,Agri06_Biochar,DE8,0.0
2026,Agri06_Biochar,DE9,0.0
2026,Agri06_Biochar,DEA,0.0
2026,Agri06_Biochar,DEB,0.0
2026,Agri06_Biochar,DEC,0.0
2026,Agri06_Biochar,DEE,0.0
2026,Agri06_Biochar,DED,0.0
2026,Agri06_Biochar,DEF,0.0
2026,Agri06_Biochar,DEG,0.0
2027,Agri01_AGC,DE1,11171016.826310487
2027,Agri01_AGC,DE2,21883980.55113842
2027,Agri01_AGC,DE3,68781.0878036982
2027,Agri01_AGC,DE4,10064812.361945478
2027,Agri01_AGC,DE5,221138.00323184955
2027,Agri01_AGC,DE6,115962.73154462683
2027,Agri01_AGC,DE7,5411897.562085891
2027,Agri01_AGC,DE8,10705111.720381338
2027,Agri01_AGC,DE9,18412086.92915332
2027,Agri01_AGC,DEA,11554855.906019477
2027,Agri01_AGC,DEB,6154138.654559422
2027,Agri01_AGC,DEC,735193.9918760122
2027,Agri01_AGC,DEE,8706350.387995943
2027,Agri01_AGC,DED,6834798.331362819
2027,Agri01_AGC,DEF,6240830.10500659
2027,Agri01_AGC,DEG,4989424.207441345
2027,Agri02_OFC,DE1,0.0
2027,Agri02_OFC,DE2,0.0
2027,Agri02_OFC,DE3,0.0
2027,Agri02_OFC,DE4,0.0
2027,Agri02_OFC,DE5,0.0
2027,Agri02_OFC,DE6,0.0
2027,Agri02_OFC,DE7,0.0
2027,Agri02_OFC,DE8,0.0
2027,Agri02_OFC,DE9,0.0
2027,Agri02_OFC,DEA,0.0
2027,Agri02_OFC,DEB,0.0
2027,Agri02_OFC,DEC,0.0
2027,Agri02_OFC,DEE,0.0
2027,Agri02_OFC,DED,0.0
2027,Agri02_OFC,DEF,0.0
2027,Agri02_OFC,DEG,0.0
2027,Agri03_No-till,DE1,0.0
2027,Agri03_No-till,DE2,0.0
2027,Agri03_No-till,DE3,0.0
2027,Agri03_No-till,DE4,0.0
2027,Agri03_No-till,DE5,0.0
2027,Agri03_No-till,DE6,0.0
2027,Agri03_No-till,DE7,0.0
2027,Agri03_No-till,DE8,0.0
2027,Agri03_No-till,DE9,0.0
2027,Agri03_No-till,DEA,0.0
2027,Agri03_No-till,DEB,0.0
2027,Agri03_No-till,DEC,0.0
2027,Agri03_No-till,DEE,0.0
2027,Agri03_No-till,DED,0.0
2027,Agri03_No-till,DEF,0.0
2027,Agri03_No-till,DEG,0.0
2027,Agri04_toGrassland,DE1,137576.02935579314
2027,Agri04_toGrassland,DE2,269510.93150572135
2027,Agri04_toGrassland,DE3,26031.183358534414
2027,Agri04_toGrassland,DE4,123952.63049880175
2027,Agri04_toGrassland,DE5,12611.991810911226
2027,Agri04_toGrassland,DE6,2311.3307591355565
2027,Agri04_toGrassland,DE7,66649.92000714585
2027,Agri04_toGrassland,DE8,131838.2012308406
2027,Agri04_toGrassland,DE9,226753.02089784967
2027,Agri04_toGrassland,DEA,142303.17795103756
2027,Agri04_toGrassland,DEB,75790.94843051278
2027,Agri04_toGrassland,DEC,23641.56449426017
2027,Agri04_toGrassland,DEE,107222.5684719831
2027,Agri04_toGrassland,DED,84173.57439314295
2027,Agri04_toGrassland,DEF,76858.59211210902
2027,Agri04_toGrassland,DEG,61446.973172106926
2027,Agri05_Agroforestry,DE1,2681941.818433695
2027,Agri05_Agroforestry,DE2,3997987.4885957837
2027,Agri05_Agroforestry,DE3,22510.511465320145
2027,Agri05_Agroforestry,DE4,2636204.3723361795
2027,Agri05_Agroforestry,DE5,184798.8111475574
2027,Agri05_Agroforestry,DE6,79366.61626569115
2027,Agri05_Agroforestry,DE7,857469.5991977719
2027,Agri05_Agroforestry,DE8,2610088.279144599
2027,Agri05_Agroforestry,DE9,3556860.023554089
2027,Agri05_Agroforestry,DEA,2714476.0270152236
2027,Agri05_Agroforestry,DEB,1653365.1232323828
2027,Agri05_Agroforestry,DEC,823409.4858173504
2027,Agri05_Agroforestry,DEE,1987988.5111131077
2027,Agri05_Agroforestry,DED,1745630.4201275888
2027,Agri05_Agroforestry,DEF,767121.4009368668
2027,Agri05_Agroforestry,DEG,613391.0835934748
2027,Agri06_Biochar,DE1,0.0
2027,Agri06_Biochar,DE2,0.0
2027,Agri06_Biochar,DE3,0.0
2027,Agri06_Biochar,DE4,0.0
2027,Agri06_Biochar,DE5,0.0
2027,Agri06_Biochar,DE6,0.0
2027,Agri06_Biochar,DE7,0.0
2027,Agri06_Biochar,DE8,0.0
2027,Agri06_Biochar,DE9,0.0
2027,Agri06_Biochar,DEA,0.0
2027,Agri06_Biochar,DEB,0.0
2027,Agri06_Biochar,DEC,0.0
2027,Agri06_Biochar,DEE,0.0
2027,Agri06_Biochar,DED,0.0
2027,Agri06_Biochar,DEF,0.0
2027,Agri06_Biochar,DEG,0.0
2028,Agri01_AGC,DE1,12420414.564599898
2028,Agri01_AGC,DE2,23924436.40775653
2028,Agri01_AGC,DE3,65846.85648236318
2028,Agri01_AGC,DE4,11261750.597186804
2028,Agri01_AGC,DE5,211704.15918925081
2028,Agri01_AGC,DE6,151133.7552960266
2028,Agri01_AGC,DE7,5873962.732681515
2028,Agri01_AGC,DE8,11915367.730100248
2028,Agri01_AGC,DE9,20191435.252003815
2028,Agri01_AGC,DEA,12827858.047790883
2028,Agri01_AGC,DEB,6899445.482495711
2028,Agri01_AGC,DEC,1214766.2437648792
2028,Agri01_AGC,DEE,9646953.28943481
2028,Agri01_AGC,DED,7633169.442569003
2028,Agri01_AGC,DEF,6701809.560535435
2028,Agri01_AGC,DEG,5357998.34731518
2028,Agri02_OFC,DE1,0.0
2028,Agri02_OFC,DE2,0.0
2028,Agri02_OFC,DE3,0.0
2028,Agri02_OFC,DE4,0.0
2028,Agri02_OFC,DE5,0.0
2028,Agri02_OFC,DE6,0.0
2028,Agri02_OFC,DE7,0.0
2028,Agri02_OFC,DE8,0.0
2028,Agri02_OFC,DE9,0.0
2028,Agri02_OFC,DEA,0.0
2028,Agri02_OFC,DEB,0.0
2028,Agri02_OFC,DEC,0.0
2028,Agri02_OFC,DEE,0.0
2028,Agri02_OFC,DED,0.0
2028,Agri02_OFC,DEF,0.0
2028,Agri02_OFC,DEG,0.0
2028,Agri03_No-till,DE1,0.0
2028,Agri03_No-till,DE2,0.0
2028,Agri03_No-till,DE3,0.0
2028,Agri03_No-till,DE4,0.0
2028,Agri03_No-till,DE5,0.0
2028,Agri03_No-till,DE6,0.0
2028,Agri03_No-till,DE7,0.0
2028,Agri03_No-till,DE8,0.0
2028,Agri03_No-till,DE9,0.0
2028,Agri03_No-till,DEA,0.0
2028,Agri03_No-till,DEB,0.0
2028,Agri03_No-till,DEC,0.0
2028,Agri03_No-till,DEE,0.0
2028,Agri03_No-till,DED,0.0
2028,Agri03_No-till,DEF,0.0
2028,Agri03_No-till,DEG,0.0
2028,Agri04_toGrassland,DE1,156999.40898620072
2028,Agri04_toGrassland,DE2,302415.21785039676
2028,Agri04_toGrassland,DE3,34057.08105775739
2028,Agri04_toGrassland,DE4,142353.39559016377
2028,Agri04_toGrassland,DE5,16371.27222288518
2028,Agri04_toGrassland,DE6,2778.228821540425
2028,Agri04_toGrassland,DE7,74249.4280397374
2028,Agri04_toGrassland,DE8,150615.39868490276
2028,Agri04_toGrassland,DE9,255228.46960220236
2028,Agri04_toGrassland,DEA,162149.6707366083
2028,Agri04_toGrassland,DEB,87211.97327596875
2028,Agri04_toGrassland,DEC,29688.711772503597
2028,Agri04_toGrassland,DEE,121941.6596025303
2028,Agri04_toGrassland,DED,96486.56129325142
2028,Agri04_toGrassland,DEF,84713.7697916307
2028,Agri04_toGrassland,DEG,67727.41517622776
2028,Agri05_Agroforestry,DE1,3471622.0074433624
2028,Agri05_Agroforestry,DE2,5006013.82708277
2028,Agri05_Agroforestry,DE3,23397.885955347687
2028,Agri05_Agroforestry,DE4,3442026.76140019
2028,Agri05_Agroforestry,DE5,192083.66342878595
2028,Agri05_Agroforestry,DE6,107356.50821561988
2028,Agri05_Agroforestry,DE7,1050439.1337633142
2028,Agri05_Agroforestry,DE8,3383999.229317883
2028,Agri05_Agroforestry,DE9,4487850.6021267995
2028,Agri05_Agroforestry,DEA,3505706.028735824
2028,Agri05_Agroforestry,DEB,2163875.730597431
2028,Agri05_Agroforestry,DEC,855868.6582216154
2028,Agri05_Agroforestry,DEE,2559569.105711282
2028,Agri05_Agroforestry,DED,2273725.3850451065
2028,Agri05_Agroforestry,DEF,894516.1421381986
2028,Agri05_Agroforestry,DEG,715280.3095905193
2028,Agri06_Biochar,DE1,0.0
2028,Agri06_Biochar,DE2,0.0
2028,Agri06_Biochar,DE3,0.0
2028,Agri06_Biochar,DE4,0.0
2028,Agri06_Biochar,DE5,0.0
2028,Agri06_Biochar,DE6,0.0
2028,Agri06_Biochar,DE7,0.0
2028,Agri06_Biochar,DE8,0.0
2028,Agri06_Biochar,DE9,0.0
2028,Agri06_Biochar,DEA,0.0
2028,Agri06_Biochar,DEB,0.0
2028,Agri06_Biochar,DEC,0.0
2028,Agri06_Biochar,DEE,0.0
2028,Agri06_Biochar,DED,0.0
2028,Agri06_Biochar,DEF,0.0
2028,Agri06_Biochar,DEG,0.0
2029,Agri01_AGC,DE1,13563326.80556327
2029,Agri01_AGC,DE2,25695328.293274816
2029,Agri01_AGC,DE3,62912.62516102816
2029,Agri01_AGC,DE4,12373418.473302431
2029,Agri01_AGC,DE5,202270.31514665214
2029,Agri01_AGC,DE6,186181.0449271801
2029,Agri01_AGC,DE7,6262995.282323017
2029,Agri01_AGC,DE8,13025520.936833223
2029,Agri01_AGC,DE9,21753361.06588019
2029,Agri01_AGC,DEA,13987822.125293722
2029,Agri01_AGC,DEB,7594625.812928229
2029,Agri01_AGC,DEC,1708134.3672265126
2029,Agri01_AGC,DEE,10499602.41251753
2029,Agri01_AGC,DED,8371472.485102122
2029,Agri01_AGC,DEF,7067810.076030744
2029,Agri01_AGC,DEG,5650643.11822548
2029,Agri02_OFC,DE1,0.0
2029,Agri02_OFC,DE2,0.0
2029,Agri02_OFC,DE3,0.0
2029,Agri02_OFC,DE4,0.0
2029,Agri02_OFC,DE5,0.0
2029,Agri02_OFC,DE6,0.0
2029,Agri02_OFC,DE7,0.0
2029,Agri02_OFC,DE8,0.0
2029,Agri02_OFC,DE9,0.0
2029,Agri02_OFC,DEA,0.0
2029,Agri02_OFC,DEB,0.0
2029,Agri02_OFC,DEC,0.0
2029,Agri02_OFC,DEE,0.0
2029,Agri02_OFC,DED,0.0
2029,Agri02_OFC,DEF,0.0
2029,Agri02_OFC,DEG,0.0
2029,Agri03_No-till,DE1,0.0
2029,Agri03_No-till,DE2,0.0
2029,Agri03_No-till,DE3,0.0
2029,Agri03_No-till,DE4,0.0
2029,Agri03_No-till,DE5,0.0
2029,Agri03_No-till,DE6,0.0
2029,Agri03_No-till,DE7,0.0
2029,Agri03_No-till,DE8,0.0
2029,Agri03_No-till,DE9,0.0
2029,Agri03_No-till,DEA,0.0
2029,Agri03_No-till,DEB,0.0
2029,Agri03_No-till,DEC,0.0
2029,Agri03_No-till,DEE,0.0
2029,Agri03_No-till,DED,0.0
2029,Agri03_No-till,DEF,0.0
2029,Agri03_No-till,DEG,0.0
2029,Agri04_toGrassland,DE1,176265.40855248558
2029,Agri04_toGrassland,DE2,333929.6917660782
2029,Agri04_toGrassland,DE3,42967.56314730789
2029,Agri04_toGrassland,DE4,160801.67451933265
2029,Agri04_toGrassland,DE5,20531.970273393825
2029,Agri04_toGrassland,DE6,3272.027015516159
2029,Agri04_toGrassland,DE7,81392.23053654871
2029,Agri04_toGrassland,DE8,169276.2256969384
2029,Agri04_toGrassland,DE9,282700.92807130195
2029,Agri04_toGrassland,DEA,181782.0374764614
2029,Agri04_toGrassland,DEB,98697.74878313519
2029,Agri04_toGrassland,DEC,36278.22100962765
2029,Agri04_toGrassland,DEE,136450.05649513344
2029,Agri04_toGrassland,DED,108793.44270958436
2029,Agri04_toGrassland,DEF,91851.39077471312
2029,Agri04_toGrassland,DEG,73434.26373902388
2029,Agri05_Agroforestry,DE1,4387319.628398031
2029,Agri05_Agroforestry,DE2,6145172.069881109
2029,Agri05_Agroforestry,DE3,24285.260445375232
2029,Agri05_Agroforestry,DE4,4381646.44760434
2029,Agri05_Agroforestry,DE5,199368.5157100146
2029,Agri05_Agroforestry,DE6,140625.170393664
2029,Agri05_Agroforestry,DE7,1263744.3879003124
2029,Agri05_Agroforestry,DE8,4282358.025399035
2029,Agri05_Agroforestry,DE9,5546968.411019189
2029,Agri05_Agroforestry,DEA,4421789.5524467975
2029,Agri05_Agroforestry,DEB,2760017.017947758
2029,Agri05_Agroforestry,DEC,888327.8306258805
2029,Agri05_Agroforestry,DEE,3219942.694032352
2029,Agri05_Agroforestry,DED,2888572.996114411
2029,Agri05_Agroforestry,DEF,1024932.6914179208
2029,Agri05_Agroforestry,DEG,819593.9104022386
2029,Agri06_Biochar,DE1,0.0
2029,Agri06_Biochar,DE2,0.0
2029,Agri06_Biochar,DE3,0.0
2029,Agri06_Biochar,DE4,0.0
2029,Agri06_Biochar,DE5,0.0
2029,Agri06_Biochar,DE6,0.0
2029,Agri06_Biochar,DE7,0.0
2029,Agri06_Biochar,DE8,0.0
2029,Agri06_Biochar,DE9,0.0
2029,Agri06_Biochar,DEA,0.0
2029,Agri06_Biochar,DEB,0.0
2029,Agri06_Biochar,DEC,0.0
2029,Agri06_Biochar,DEE,0.0
2029,Agri06_Biochar,DED,0.0
2029,Agri06_Biochar,DEF,0.0
2029,Agri06_Biochar,DEG,0.0
2030,Agri01_AGC,DE1,14593130.200785778
2030,Agri01_AGC,DE2,27197287.140598234
2030,Agri01_AGC,DE3,59978.393839693155
2030,Agri01_AGC,DE4,13391466.879098743
2030,Agri01_AGC,DE5,192836.47110405343
2030,Agri01_AGC,DE6,220621.6404822414
2030,Agri01_AGC,DE7,6580572.925072314
2030,Agri01_AGC,DE8,14028790.878303392
2030,Agri01_AGC,DE9,23096302.68528155
2030,Agri01_AGC,DEA,15028543.080362516
2030,Agri01_AGC,DEB,8234125.466439112
2030,Agri01_AGC,DEC,1628467.3473153873
2030,Agri01_AGC,DEE,11260243.284434004
2030,Agri01_AGC,DED,9044520.490272574
2030,Agri01_AGC,DEF,7343052.646675442
2030,Agri01_AGC,DEG,5870732.126093025
2030,Agri02_OFC,DE1,1125801.3220843696
2030,Agri02_OFC,DE2,1828745.2708012515
2030,Agri02_OFC,DE3,531494.7873720743
2030,Agri02_OFC,DE4,1080257.0923277987
2030,Agri02_OFC,DE5,248047.00234320346
2030,Agri02_OFC,DE6,29204.32785667799
2030,Agri02_OFC,DE7,412887.2161680687
2030,Agri02_OFC,DE8,1090845.6861622776
2030,Agri02_OFC,DE9,1596548.097285144
2030,Agri02_OFC,DEA,1146602.6688791476
2030,Agri02_OFC,DEB,672958.1222148191
2030,Agri02_OFC,DEC,391789.82942342426
2030,Agri02_OFC,DEE,846751.413971816
2030,Agri02_OFC,DED,720214.5290576615
2030,Agri02_OFC,DEF,409637.466974249
2030,Agri02_OFC,DEG,327524.9698467339
2030,Agri03_No-till,DE1,0.0
2030,Agri03_No-till,DE2,0.0
2030,Agri03_No-till,DE3,0.0
2030,Agri03_No-till,DE4,0.0
2030,Agri03_No-till,DE5,0.0
2030,Agri03_No-till,DE6,0.0
2030,Agri03_No-till,DE7,0.0
2030,Agri03_No-till,DE8,0.0
2030,Agri03_No-till,DE9,0.0
2030,Agri03_No-till,DEA,0.0
2030,Agri03_No-till,DEB,0.0
2030,Agri03_No-till,DEC,0.0
2030,Agri03_No-till,DEE,0.0
2030,Agri03_No-till,DED,0.0
2030,Agri03_No-till,DEF,0.0
2030,Agri03_No-till,DEG,0.0
2030,Agri04_toGrassland,DE1,195340.76293735605
2030,Agri04_toGrassland,DE2,364057.5220513509
2030,Agri04_toGrassland,DE3,52698.561322342415
2030,Agri04_toGrassland,DE4,179255.5346948544
2030,Agri04_toGrassland,DE5,25064.76123393792
2030,Agri04_toGrassland,DE6,3790.2997220899665
2030,Agri04_toGrassland,DE7,88086.25141159356
2030,Agri04_toGrassland,DE8,187786.62806070535
2030,Agri04_toGrassland,DE9,309162.55289300904
2030,Agri04_toGrassland,DEA,201169.1138750248
2030,Agri04_toGrassland,DEB,110220.3796310623
2030,Agri04_toGrassland,DEC,43368.39778176583
2030,Agri04_toGrassland,DEE,150727.3959580749
2030,Agri04_toGrassland,DED,121068.16760103064
2030,Agri04_toGrassland,DEF,98292.65459534626
2030,Agri04_toGrassland,DEG,78584.46246509253
2030,Agri05_Agroforestry,DE1,5437161.688319434
2030,Agri05_Agroforestry,DE2,7422765.746037281
2030,Agri05_Agroforestry,DE3,25172.63493540277
2030,Agri05_Agroforestry,DE4,5463894.049624956
2030,Agri05_Agroforestry,DE5,206653.36799124314
2030,Agri05_Agroforestry,DE6,167290.1243849736
2030,Agri05_Agroforestry,DE7,1498291.1116711434
2030,Agri05_Agroforestry,DE8,5313227.183023193
2030,Agri05_Agroforestry,DE9,6741683.550499065
2030,Agri05_Agroforestry,DEA,5470723.796132684
2030,Agri05_Agroforestry,DEB,3447472.9127984215
2030,Agri05_Agroforestry,DEC,920787.0030301455
2030,Agri05_Agroforestry,DEE,3974741.7543283016
2030,Agri05_Agroforestry,DED,3595864.202834964
2030,Agri05_Agroforestry,DEF,1157894.4873322523
2030,Agri05_Agroforestry,DEG,925951.5169384545
2030,Agri06_Biochar,DE1,0.0
2030,Agri06_Biochar,DE2,0.0
2030,Agri06_Biochar,DE3,0.0
2030,Agri06_Biochar,DE4,0.0
2030,Agri06_Biochar,DE5,0.0
2030,Agri06_Biochar,DE6,0.0
2030,Agri06_Biochar,DE7,0.0
2030,Agri06_Biochar,DE8,0.0
2030,Agri06_Biochar,DE9,0.0
2030,Agri06_Biochar,DEA,0.0
2030,Agri06_Biochar,DEB,0.0
2030,Agri06_Biochar,DEC,0.0
2030,Agri06_Biochar,DEE,0.0
2030,Agri06_Biochar,DED,0.0
2030,Agri06_Biochar,DEF,0.0
2030,Agri06_Biochar,DEG,0.0
2031,Agri01_AGC,DE1,15503201.401852606
2031,Agri01_AGC,DE2,28430943.882631738
2031,Agri01_AGC,DE3,57044.16251835813
2031,Agri01_AGC,DE4,14307546.703382127
2031,Agri01_AGC,DE5,183402.6270614547
2031,Agri01_AGC,DE6,253972.58200536433
2031,Agri01_AGC,DE7,6828273.374991324
2031,Agri01_AGC,DE8,14918397.092233878
2031,Agri01_AGC,DE9,24218698.424706977
2031,Agri01_AGC,DEA,15943815.854831778
2031,Agri01_AGC,DEB,8812390.263610499
2031,Agri01_AGC,DEC,1548800.3274042618
2031,Agri01_AGC,DEE,11924821.432374131
2031,Agri01_AGC,DED,9647126.489390759
2031,Agri01_AGC,DEF,7531758.267652452
2031,Agri01_AGC,DEG,6021638.976838593
2031,Agri02_OFC,DE1,2169168.6196015244
2031,Agri02_OFC,DE2,3473631.0056534302
2031,Agri02_OFC,DE3,1066306.1200634844
2031,Agri02_OFC,DE4,2090159.1274947145
2031,Agri02_OFC,DE5,497139.0447433846
2031,Agri02_OFC,DE6,57634.87105227079
2031,Agri02_OFC,DE7,777968.4714450547
2031,Agri02_OFC,DE8,2103407.9231656245
2031,Agri02_OFC,DE9,3041846.5782670216
2031,Agri02_OFC,DEA,2206876.8936954457
2031,Agri02_OFC,DEB,1303636.02119029
2031,Agri02_OFC,DEC,781192.4152727064
2031,Agri02_OFC,DEE,1627435.1609242891
2031,Agri02_OFC,DED,1391858.7174764678
2031,Agri02_OFC,DEF,760197.7588749285
2031,Agri02_OFC,DEG,607820.5115522129
2031,Agri03_No-till,DE1,0.0
2031,Agri03_No-till,DE2,0.0
2031,Agri03_No-till,DE3,0.0
2031,Agri03_No-till,DE4,0.0
2031,Agri03_No-till,DE5,0.0
2031,Agri03_No-till,DE6,0.0
2031,Agri03_No-till,DE7,0.0
2031,Agri03_No-till,DE8,0.0
2031,Agri03_No-till,DE9,0.0
2031,Agri03_No-till,DEA,0.0
2031,Agri03_No-till,DEB,0.0
2031,Agri03_No-till,DEC,0.0
2031,Agri03_No-till,DEE,0.0
2031,Agri03_No-till,DED,0.0
2031,Agri03_No-till,DEF,0.0
2031,Agri03_No-till,DEG,0.0
2031,Agri04_toGrassland,DE1,214192.20702352052
2031,Agri04_toGrassland,DE2,392801.87750480016
2031,Agri04_toGrassland,DE3,63186.00727801743
2031,Agri04_toGrassland,DE4,197673.04352527487
2031,Agri04_toGrassland,DE5,29940.32037601824
2031,Agri04_toGrassland,DE6,4330.621322289059
2031,Agri04_toGrassland,DE7,94339.41457888573
2031,Agri04_toGrassland,DE8,206112.55156996154
2031,Agri04_toGrassland,DE9,334605.5006551842
2031,Agri04_toGrassland,DEA,220279.73563672637
2031,Agri04_toGrassland,DEB,121751.97049880023
2031,Agri04_toGrassland,DEC,50917.54766505163
2031,Agri04_toGrassland,DEE,164753.31479963695
2031,Agri04_toGrassland,DED,133284.68492647915
2031,Agri04_toGrassland,DEF,104058.76078752009
2031,Agri04_toGrassland,DEG,83194.95495903092
2031,Agri05_Agroforestry,DE1,6629275.194229314
2031,Agri05_Agroforestry,DE2,8846098.384597775
2031,Agri05_Agroforestry,DE3,26060.00942543031
2031,Agri05_Agroforestry,DE4,6697600.186138377
2031,Agri05_Agroforestry,DE5,213938.22027247172
2031,Agri05_Agroforestry,DE6,173187.36117380025
2031,Agri05_Agroforestry,DE7,1754985.055138186
2031,Agri05_Agroforestry,DE8,6484669.217825501
2031,Agri05_Agroforestry,DE9,8079466.120834238
2031,Agri05_Agroforestry,DEA,6660505.9577780245
2031,Agri05_Agroforestry,DEB,4231927.342664478
2031,Agri05_Agroforestry,DEC,953246.1754344105
2031,Agri05_Agroforestry,DEE,4729080.927303206
2031,Agri05_Agroforestry,DED,4401289.95470623
2031,Agri05_Agroforestry,DEF,1292924.9684374135
2031,Agri05_Agroforestry,DEG,1033972.7601089893
2031,Agri06_Biochar,DE1,0.0
2031,Agri06_Biochar,DE2,0.0
2031,Agri06_Biochar,DE3,0.0
2031,Agri06_Biochar,DE4,0.0
2031,Agri06_Biochar,DE5,0.0
2031,Agri06_Biochar,DE6,0.0
2031,Agri06_Biochar,DE7,0.0
2031,Agri06_Biochar,DE8,0.0
2031,Agri06_Biochar,DE9,0.0
2031,Agri06_Biochar,DEA,0.0
2031,Agri06_Biochar,DEB,0.0
2031,Agri06_Biochar,DEC,0.0
2031,Agri06_Biochar,DEE,0.0
2031,Agri06_Biochar,DED,0.0
2031,Agri06_Biochar,DEF,0.0
2031,Agri06_Biochar,DEG,0.0
2032,Agri01_AGC,DE1,16286917.06034894
2032,Agri01_AGC,DE2,29396929.452280287
2032,Agri01_AGC,DE3,54109.931197023114
2032,Agri01_AGC,DE4,15113308.83495897
2032,Agri01_AGC,DE5,173968.783018856
2032,Agri01_AGC,DE6,285750.90954070294
2032,Agri01_AGC,DE7,7007674.346141965
2032,Agri01_AGC,DE8,15687559.116347814
2032,Agri01_AGC,DE9,25118986.598655585
2032,Agri01_AGC,DEA,16727435.390536034
2032,Agri01_AGC,DEB,9323866.025024531
2032,Agri01_AGC,DEC,1469133.3074931363
2032,Agri01_AGC,DEE,12489282.383527817
2032,Agri01_AGC,DED,10174103.51376708
2032,Agri01_AGC,DEF,7638147.9341447
2032,Agri01_AGC,DEG,6106737.276382967
2032,Agri02_OFC,DE1,3125562.238213874
2032,Agri02_OFC,DE2,4935089.647049266
2032,Agri02_OFC,DE3,1595690.6662700702
2032,Agri02_OFC,DE4,3023983.610401392
2032,Agri02_OFC,DE5,743274.2134311389
2032,Agri02_OFC,DE6,84960.60800658572
2032,Agri02_OFC,DE7,1096325.133748829
2032,Agri02_OFC,DE8,3033039.3705625394
2032,Agri02_OFC,DE9,4334825.061030913
2032,Agri02_OFC,DEA,3176569.71696399
2032,Agri02_OFC,DEB,1888226.852848931
2032,Agri02_OFC,DEC,1162517.7649198459
2032,Agri02_OFC,DEE,2339272.298255241
2032,Agri02_OFC,DED,2011377.4080404693
2032,Agri02_OFC,DEF,1054573.9530235103
2032,Agri02_OFC,DEG,843198.9003875568
2032,Agri03_No-till,DE1,0.0
2032,Agri03_No-till,DE2,0.0
2032,Agri03_No-till,DE3,0.0
2032,Agri03_No-till,DE4,0.0
2032,Agri03_No-till,DE5,0.0
2032,Agri03_No-till,DE6,0.0
2032,Agri03_No-till,DE7,0.0
2032,Agri03_No-till,DE8,0.0
2032,Agri03_No-till,DE9,0.0
2032,Agri03_No-till,DEA,0.0
2032,Agri03_No-till,DEB,0.0
2032,Agri03_No-till,DEC,0.0
2032,Agri03_No-till,DEE,0.0
2032,Agri03_No-till,DED,0.0
2032,Agri03_No-till,DEF,0.0
2032,Agri03_No-till,DEG,0.0
2032,Agri04_toGrassland,DE1,232786.47569368736
2032,Agri04_toGrassland,DE2,420165.92692501115
2032,Agri04_toGrassland,DE3,74365.83270948942
2032,Agri04_toGrassland,DE4,216012.26841914008
2032,Agri04_toGrassland,DE5,35129.32297113555
2032,Agri04_toGrassland,DE6,4890.566197140646
2032,Agri04_toGrassland,DE7,100159.64395243899
2032,Agri04_toGrassland,DE8,224219.9420184648
2032,Agri04_toGrassland,DE9,359021.92794568813
2032,Agri04_toGrassland,DEA,239082.73846599413
2032,Agri04_toGrassland,DEB,133264.62606539915
2032,Agri04_toGrassland,DEC,58883.976235618546
2032,Agri04_toGrassland,DEE,178507.44982810202
2032,Agri04_toGrassland,DED,145416.94364481882
2032,Agri04_toGrassland,DEF,109170.90888522459
2032,Agri04_toGrassland,DEG,87282.68482543633
2032,Agri05_Agroforestry,DE1,7971787.153149406
2032,Agri05_Agroforestry,DE2,10422473.514609072
2032,Agri05_Agroforestry,DE3,26947.383915457853
2032,Agri05_Agroforestry,DE4,8091595.475820933
2032,Agri05_Agroforestry,DE5,221223.0725537003
2032,Agri05_Agroforestry,DE6,179084.59796262687
2032,Agri05_Agroforestry,DE7,2034731.9683638173
2032,Agri05_Agroforestry,DE8,7804746.6454411
2032,Agri05_Agroforestry,DE9,9567786.222292518
2032,Agri05_Agroforestry,DEA,7999133.2353673605
2032,Agri05_Agroforestry,DEB,5119064.235060989
2032,Agri05_Agroforestry,DEC,985705.3478386755
2032,Agri05_Agroforestry,DEE,4890111.789098275
2032,Agri05_Agroforestry,DED,5310541.201227675
2032,Agri05_Agroforestry,DEF,1429547.5732896237
2032,Agri05_Agroforestry,DEG,1143277.2708236652
2032,Agri06_Biochar,DE1,0.0
2032,Agri06_Biochar,DE2,0.0
2032,Agri06_Biochar,DE3,0.0
2032,Agri06_Biochar,DE4,0.0
2032,Agri06_Biochar,DE5,0.0
2032,Agri06_Biochar,DE6,0.0
2032,Agri06_Biochar,DE7,0.0
2032,Agri06_Biochar,DE8,0.0
2032,Agri06_Biochar,DE9,0.0
2032,Agri06_Biochar,DEA,0.0
2032,Agri06_Biochar,DEB,0.0
2032,Agri06_Biochar,DEC,0.0
2032,Agri06_Biochar,DEE,0.0
2032,Agri06_Biochar,DED,0.0
2032,Agri06_Biochar,DEF,0.0
2032,Agri06_Biochar,DEG,0.0
2033,Agri01_AGC,DE1,16937653.827859957
2033,Agri01_AGC,DE2,30095874.782448843
2033,Agri01_AGC,DE3,51175.6998756881
2033,Agri01_AGC,DE4,15800404.162635664
2033,Agri01_AGC,DE5,164534.9389762573
2033,Agri01_AGC,DE6,270255.43116315093
2033,Agri01_AGC,DE7,7120353.552586158
2033,Agri01_AGC,DE8,16329496.488368329
2033,Agri01_AGC,DE9,25795605.52162648
2033,Agri01_AGC,DEA,17373196.629309807
2033,Agri01_AGC,DEB,9762998.57126335
2033,Agri01_AGC,DEC,1389466.287582011
2033,Agri01_AGC,DEE,12949571.665084964
2033,Agri01_AGC,DED,10620264.594711935
2033,Agri01_AGC,DEF,7666442.64133511
2033,Agri01_AGC,DEG,6129400.630646925
2033,Agri02_OFC,DE1,2953798.07457961
2033,Agri02_OFC,DE2,4663883.546808582
2033,Agri02_OFC,DE3,1508000.0519671838
2033,Agri02_OFC,DE4,2857801.664211404
2033,Agri02_OFC,DE5,702427.8427973961
2033,Agri02_OFC,DE6,80291.62794351422
2033,Agri02_OFC,DE7,1036076.975076039
2033,Agri02_OFC,DE8,2866359.768286509
2033,Agri02_OFC,DE9,4096606.28809926
2033,Agri02_OFC,DEA,3002002.4554360136
2033,Agri02_OFC,DEB,1784460.0162247801
2033,Agri02_OFC,DEC,1098632.0136908002
2033,Agri02_OFC,DEE,2210718.4192410684
2033,Agri02_OFC,DED,1900842.876358146
2033,Agri02_OFC,DEF,996620.2156712587
2033,Agri02_OFC,DEG,796861.20404235
2033,Agri03_No-till,DE1,0.0
2033,Agri03_No-till,DE2,0.0
2033,Agri03_No-till,DE3,0.0
2033,Agri03_No-till,DE4,0.0
2033,Agri03_No-till,DE5,0.0
2033,Agri03_No-till,DE6,0.0
2033,Agri03_No-till,DE7,0.0
2033,Agri03_No-till,DE8,0.0
2033,Agri03_No-till,DE9,0.0
2033,Agri03_No-till,DEA,0.0
2033,Agri03_No-till,DEB,0.0
2033,Agri03_No-till,DEC,0.0
2033,Agri03_No-till,DEE,0.0
2033,Agri03_No-till,DED,0.0
2033,Agri03_No-till,DEF,0.0
2033,Agri03_No-till,DEG,0.0
2033,Agri04_toGrassland,DE1,251090.30383056492
2033,Agri04_toGrassland,DE2,446152.8391105692
2033,Agri04_toGrassland,DE3,86173.96931191486
2033,Agri04_toGrassland,DE4,234231.27678499595
2033,Agri04_toGrassland,DE5,40602.444290790634
2033,Agri04_toGrassland,DE6,5467.7087276719385
2033,Agri04_toGrassland,DE7,105554.86344626713
2033,Agri04_toGrassland,DE8,242074.745199973
2033,Agri04_toGrassland,DE9,382403.9913523814
2033,Agri04_toGrassland,DEA,257546.95806725606
2033,Agri04_toGrassland,DEB,144730.45100990921
2033,Agri04_toGrassland,DEC,67225.98906960007
2033,Agri04_toGrassland,DEE,191969.43785175247
2033,Agri04_toGrassland,DED,157438.89271493853
2033,Agri04_toGrassland,DEF,113650.29842244972
2033,Agri04_toGrassland,DEG,90864.59566890601
2033,Agri05_Agroforestry,DE1,9472824.57210145
2033,Agri05_Agroforestry,DE2,12159194.665117659
2033,Agri05_Agroforestry,DE3,27834.75840548539
2033,Agri05_Agroforestry,DE4,9654710.537348956
2033,Agri05_Agroforestry,DE5,228507.92483492885
2033,Agri05_Agroforestry,DE6,184981.8347514535
2033,Agri05_Agroforestry,DE7,2338437.601410415
2033,Agri05_Agroforestry,DE8,9281521.981505131
2033,Agri05_Agroforestry,DE9,11214113.955141718
2033,Agri05_Agroforestry,DEA,9494602.826885233
2033,Agri05_Agroforestry,DEB,6114567.517503008
2033,Agri05_Agroforestry,DEC,1018164.5202429405
2033,Agri05_Agroforestry,DEE,5051142.650893343
2033,Agri05_Agroforestry,DED,5627352.326657069
2033,Agri05_Agroforestry,DEF,1567285.7404451035
2033,Agri05_Agroforestry,DEG,1253484.679992304
2033,Agri06_Biochar,DE1,0.0
2033,Agri06_Biochar,DE2,0.0
2033,Agri06_Biochar,DE3,0.0
2033,Agri06_Biochar,DE4,0.0
2033,Agri06_Biochar,DE5,0.0
2033,Agri06_Biochar,DE6,0.0
2033,Agri06_Biochar,DE7,0.0
2033,Agri06_Biochar,DE8,0.0
2033,Agri06_Biochar,DE9,0.0
2033,Agri06_Biochar,DEA,0.0
2033,Agri06_Biochar,DEB,0.0
2033,Agri06_Biochar,DEC,0.0
2033,Agri06_Biochar,DEE,0.0
2033,Agri06_Biochar,DED,0.0
2033,Agri06_Biochar,DEF,0.0
2033,Agri06_Biochar,DEG,0.0
2034,Agri01_AGC,DE1,17448788.355970845
2034,Agri01_AGC,DE2,30528410.80604236
2034,Agri01_AGC,DE3,48241.46855435309
2034,Agri01_AGC,DE4,16360483.57521859
2034,Agri01_AGC,DE5,155101.09493365858
2034,Agri01_AGC,DE6,254759.95278559893
2034,Agri01_AGC,DE7,7167888.708385816
2034,Agri01_AGC,DE8,16837428.746018548
2034,Agri01_AGC,DE9,26246993.50811875
2034,Agri01_AGC,DEA,17874894.51298761
2034,Agri01_AGC,DEB,10124233.722909095
2034,Agri01_AGC,DEC,1309799.2676708854
2034,Agri01_AGC,DEE,13301634.804235468
2034,Agri01_AGC,DED,10980422.763535725
2034,Agri01_AGC,DEF,7620863.384406607
2034,Agri01_AGC,DEG,6093002.6455512475
2034,Agri02_OFC,DE1,2782033.910945347
2034,Agri02_OFC,DE2,4392677.446567898
2034,Agri02_OFC,DE3,1420309.4376642974
2034,Agri02_OFC,DE4,2691619.7180214166
2034,Agri02_OFC,DE5,661581.4721636534
2034,Agri02_OFC,DE6,75622.64788044273
2034,Agri02_OFC,DE7,975828.8164032493
2034,Agri02_OFC,DE8,2699680.166010479
2034,Agri02_OFC,DE9,3858387.5151676075
2034,Agri02_OFC,DEA,2827435.1939080376
2034,Agri02_OFC,DEB,1680693.1796006295
2034,Agri02_OFC,DEC,1034746.2624617546
2034,Agri02_OFC,DEE,2082164.540226896
2034,Agri02_OFC,DED,1790308.3446758233
2034,Agri02_OFC,DEF,938666.4783190073
2034,Agri02_OFC,DEG,750523.5076971432
2034,Agri03_No-till,DE1,0.0
2034,Agri03_No-till,DE2,0.0
2034,Agri03_No-till,DE3,0.0
2034,Agri03_No-till,DE4,0.0
2034,Agri03_No-till,DE5,0.0
2034,Agri03_No-till,DE6,0.0
2034,Agri03_No-till,DE7,0.0
2034,Agri03_No-till,DE8,0.0
2034,Agri03_No-till,DE9,0.0
2034,Agri03_No-till,DEA,0.0
2034,Agri03_No-till,DEB,0.0
2034,Agri03_No-till,DEC,0.0
2034,Agri03_No-till,DEE,0.0
2034,Agri03_No-till,DED,0.0
2034,Agri03_No-till,DEF,0.0
2034,Agri03_No-till,DEG,0.0
2034,Agri04_toGrassland,DE1,246212.82640318567
2034,Agri04_toGrassland,DE2,437486.2344319935
2034,Agri04_toGrassland,DE3,84500.02338993229
2034,Agri04_toGrassland,DE4,229681.28919935037
2034,Agri04_toGrassland,DE5,39813.73400407885
2034,Agri04_toGrassland,DE6,5361.49743439675
2034,Agri04_toGrassland,DE7,103504.43992948855
2034,Agri04_toGrassland,DE8,237372.39673235477
2034,Agri04_toGrassland,DE9,374975.72029807745
2034,Agri04_toGrassland,DEA,252544.0588899509
2034,Agri04_toGrassland,DEB,141919.034172676
2034,Agri04_toGrassland,DEC,65920.1113068272
2034,Agri04_toGrassland,DEE,188240.39461278918
2034,Agri04_toGrassland,DED,154380.61195421717
2034,Agri04_toGrassland,DEF,111442.61952480311
2034,Agri04_toGrassland,DEG,89099.53342810321
2034,Agri05_Agroforestry,DE1,11140514.458107185
2034,Agri05_Agroforestry,DE2,14063565.365170022
2034,Agri05_Agroforestry,DE3,28722.132895512936
2034,Agri05_Agroforestry,DE4,10400377.73788985
2034,Agri05_Agroforestry,DE5,235792.77711615746
2034,Agri05_Agroforestry,DE6,190879.07154028016
2034,Agri05_Agroforestry,DE7,2667007.704340358
2034,Agri05_Agroforestry,DE8,9905571.746533746
2034,Agri05_Agroforestry,DE9,13025919.41964965
2034,Agri05_Agroforestry,DEA,11154911.930316187
2034,Agri05_Agroforestry,DEB,7224121.117505597
2034,Agri05_Agroforestry,DEC,1050623.6926472057
2034,Agri05_Agroforestry,DEE,5212173.512688412
2034,Agri05_Agroforestry,DED,5806752.802433735
2034,Agri05_Agroforestry,DEF,1705662.9084600725
2034,Agri05_Agroforestry,DEG,1364214.6185247283
2034,Agri06_Biochar,DE1,0.0
2034,Agri06_Biochar,DE2,0.0
2034,Agri06_Biochar,DE3,0.0
2034,Agri06_Biochar,DE4,0.0
2034,Agri06_Biochar,DE5,0.0
2034,Agri06_Biochar,DE6,0.0
2034,Agri06_Biochar,DE7,0.0
2034,Agri06_Biochar,DE8,0.0
2034,Agri06_Biochar,DE9,0.0
2034,Agri06_Biochar,DEA,0.0
2034,Agri06_Biochar,DEB,0.0
2034,Agri06_Biochar,DEC,0.0
2034,Agri06_Biochar,DEE,0.0
2034,Agri06_Biochar,DED,0.0
2034,Agri06_Biochar,DEF,0.0
2034,Agri06_Biochar,DEG,0.0
2035,Agri01_AGC,DE1,17813697.29626678
2035,Agri01_AGC,DE2,30695168.455965795
2035,Agri01_AGC,DE3,45307.237233018066
2035,Agri01_AGC,DE4,16785197.961514134
2035,Agri01_AGC,DE5,145667.25089105987
2035,Agri01_AGC,DE6,239264.4744080469
2035,Agri01_AGC,DE7,7151857.527602858
2035,Agri01_AGC,DE8,17204575.4270216
2035,Agri01_AGC,DE9,26471588.872631505
2035,Agri01_AGC,DEA,18226323.98340397
2035,Agri01_AGC,DEB,10402017.300543904
2035,Agri01_AGC,DEC,1230132.2477597601
2035,Agri01_AGC,DEE,13541417.328169238
2035,Agri01_AGC,DED,11249391.05154885
2035,Agri01_AGC,DEF,7505631.158542113
2035,Agri01_AGC,DEG,6000916.927016714
2035,Agri02_OFC,DE1,2610269.747311083
2035,Agri02_OFC,DE2,4121471.346327212
2035,Agri02_OFC,DE3,1332618.8233614108
2035,Agri02_OFC,DE4,2525437.771831428
2035,Agri02_OFC,DE5,620735.1015299105
2035,Agri02_OFC,DE6,70953.66781737121
2035,Agri02_OFC,DE7,915580.6577304592
2035,Agri02_OFC,DE8,2533000.563734448
2035,Agri02_OFC,DE9,3620168.7422359535
2035,Agri02_OFC,DEA,2652867.9323800607
2035,Agri02_OFC,DEB,1576926.3429764784
2035,Agri02_OFC,DEC,970860.5112327087
2035,Agri02_OFC,DEE,1953610.661212723
2035,Agri02_OFC,DED,1679773.8129935
2035,Agri02_OFC,DEF,880712.7409667555
2035,Agri02_OFC,DEG,704185.8113519363
2035,Agri03_No-till,DE1,0.0
2035,Agri03_No-till,DE2,0.0
2035,Agri03_No-till,DE3,0.0
2035,Agri03_No-till,DE4,0.0
2035,Agri03_No-till,DE5,0.0
2035,Agri03_No-till,DE6,0.0
2035,Agri03_No-till,DE7,0.0
2035,Agri03_No-till,DE8,0.0
2035,Agri03_No-till,DE9,0.0
2035,Agri03_No-till,DEA,0.0
2035,Agri03_No-till,DEB,0.0
2035,Agri03_No-till,DEC,0.0
2035,Agri03_No-till,DEE,0.0
2035,Agri03_No-till,DED,0.0
2035,Agri03_No-till,DEF,0.0
2035,Agri03_No-till,DEG,0.0
2035,Agri04_toGrassland,DE1,241335.34897580638
2035,Agri04_toGrassland,DE2,428819.62975341774
2035,Agri04_toGrassland,DE3,82826.07746794971
2035,Agri04_toGrassland,DE4,225131.3016137048
2035,Agri04_toGrassland,DE5,39025.023717367054
2035,Agri04_toGrassland,DE6,5255.28614112156
2035,Agri04_toGrassland,DE7,101454.01641270997
2035,Agri04_toGrassland,DE8,232670.0482647365
2035,Agri04_toGrassland,DE9,367547.4492437735
2035,Agri04_toGrassland,DEA,247541.15971264572
2035,Agri04_toGrassland,DEB,139107.61733544277
2035,Agri04_toGrassland,DEC,64614.23354405432
2035,Agri04_toGrassland,DEE,184511.35137382586
2035,Agri04_toGrassland,DED,151322.3311934958
2035,Agri04_toGrassland,DEF,109234.94062715648
2035,Agri04_toGrassland,DEG,87334.4711873004
2035,Agri05_Agroforestry,DE1,12982983.818188343
2035,Agri05_Agroforestry,DE2,16142889.14381264
2035,Agri05_Agroforestry,DE3,29609.50738554047
2035,Agri05_Agroforestry,DE4,10721698.9268429
2035,Agri05_Agroforestry,DE5,243077.62939738602
2035,Agri05_Agroforestry,DE6,196776.30832910675
2035,Agri05_Agroforestry,DE7,3021348.027216022
2035,Agri05_Agroforestry,DE8,10211605.832128579
2035,Agri05_Agroforestry,DE9,15010672.716084115
2035,Agri05_Agroforestry,DEA,12988057.743644753
2035,Agri05_Agroforestry,DEB,7774686.84549133
2035,Agri05_Agroforestry,DEC,1083082.8650514705
2035,Agri05_Agroforestry,DEE,5373204.374483479
2035,Agri05_Agroforestry,DED,5986153.278210399
2035,Agri05_Agroforestry,DEF,1844202.5158907494
2035,Agri05_Agroforestry,DEG,1475086.7173307596
2035,Agri06_Biochar,DE1,0.0
2035,Agri06_Biochar,DE2,0.0
2035,Agri06_Biochar,DE3,0.0
2035,Agri06_Biochar,DE4,0.0
2035,Agri06_Biochar,DE5,0.0
2035,Agri06_Biochar,DE6,0.0
2035,Agri06_Biochar,DE7,0.0
2035,Agri06_Biochar,DE8,0.0
2035,Agri06_Biochar,DE9,0.0
2035,Agri06_Biochar,DEA,0.0
2035,Agri06_Biochar,DEB,0.0
2035,Agri06_Biochar,DEC,0.0
2035,Agri06_Biochar,DEE,0.0
2035,Agri06_Biochar,DED,0.0
2035,Agri06_Biochar,DEF,0.0
2035,Agri06_Biochar,DEG,0.0
2036,Agri01_AGC,DE1,18025757.30033295
2036,Agri01_AGC,DE2,30596778.665124107
2036,Agri01_AGC,DE3,42373.00591168305
2036,Agri01_AGC,DE4,17066198.21032869
2036,Agri01_AGC,DE5,136233.40684846116
2036,Agri01_AGC,DE6,223768.99603049486
2036,Agri01_AGC,DE7,7073837.724299204
2036,Agri01_AGC,DE8,17424156.069100615
2036,Agri01_AGC,DE9,26467829.92966384
2036,Agri01_AGC,DEA,18421279.982393403
2036,Agri01_AGC,DEB,10590795.124749918
2036,Agri01_AGC,DEC,1150465.2278486346
2036,Agri01_AGC,DEE,13664864.764076171
2036,Agri01_AGC,DED,11421982.49006171
2036,Agri01_AGC,DEF,7324966.958924557
2036,Agri01_AGC,DEG,5856517.080964103
2036,Agri02_OFC,DE1,2438505.5836768197
2036,Agri02_OFC,DE2,3850265.246086528
2036,Agri02_OFC,DE3,1244928.2090585246
2036,Agri02_OFC,DE4,2359255.8256414407
2036,Agri02_OFC,DE5,579888.7308961677
2036,Agri02_OFC,DE6,66284.68775429972
2036,Agri02_OFC,DE7,855332.4990576695
2036,Agri02_OFC,DE8,2366320.961458418
2036,Agri02_OFC,DE9,3381949.969304301
2036,Agri02_OFC,DEA,2478300.670852084
2036,Agri02_OFC,DEB,1473159.5063523278
2036,Agri02_OFC,DEC,906974.7600036633
2036,Agri02_OFC,DEE,1825056.7821985506
2036,Agri02_OFC,DED,1569239.281311177
2036,Agri02_OFC,DEF,822759.0036145041
2036,Agri02_OFC,DEG,657848.1150067296
2036,Agri03_No-till,DE1,0.0
2036,Agri03_No-till,DE2,0.0
2036,Agri03_No-till,DE3,0.0
2036,Agri03_No-till,DE4,0.0
2036,Agri03_No-till,DE5,0.0
2036,Agri03_No-till,DE6,0.0
2036,Agri03_No-till,DE7,0.0
2036,Agri03_No-till,DE8,0.0
2036,Agri03_No-till,DE9,0.0
2036,Agri03_No-till,DEA,0.0
2036,Agri03_No-till,DEB,0.0
2036,Agri03_No-till,DEC,0.0
2036,Agri03_No-till,DEE,0.0
2036,Agri03_No-till,DED,0.0
2036,Agri03_No-till,DEF,0.0
2036,Agri03_No-till,DEG,0.0
2036,Agri04_toGrassland,DE1,236457.87154842712
2036,Agri04_toGrassland,DE2,420153.02507484204
2036,Agri04_toGrassland,DE3,81152.13154596715
2036,Agri04_toGrassland,DE4,220581.31402805925
2036,Agri04_toGrassland,DE5,38236.31343065527
2036,Agri04_toGrassland,DE6,5149.074847846371
2036,Agri04_toGrassland,DE7,99403.59289593139
2036,Agri04_toGrassland,DE8,227967.6997971183
2036,Agri04_toGrassland,DE9,360119.1781894695
2036,Agri04_toGrassland,DEA,242538.26053534055
2036,Agri04_toGrassland,DEB,136296.20049820957
2036,Agri04_toGrassland,DEC,63308.35578128144
2036,Agri04_toGrassland,DEE,180782.30813486257
2036,Agri04_toGrassland,DED,148264.05043277444
2036,Agri04_toGrassland,DEF,107027.26172950988
2036,Agri04_toGrassland,DEG,85569.4089464976
2036,Agri05_Agroforestry,DE1,15008359.659366673
2036,Agri05_Agroforestry,DE2,18404469.530092005
2036,Agri05_Agroforestry,DE3,30496.881875568015
2036,Agri05_Agroforestry,DE4,11043020.115795953
2036,Agri05_Agroforestry,DE5,250362.48167861463
2036,Agri05_Agroforestry,DE6,202673.54511793342
2036,Agri05_Agroforestry,DE7,3402364.3200997873
2036,Agri05_Agroforestry,DE8,10517639.917723414
2036,Agri05_Agroforestry,DE9,17175843.944712937
2036,Agri05_Agroforestry,DEA,13627599.0014838
2036,Agri05_Agroforestry,DEB,8007688.3164313985
2036,Agri05_Agroforestry,DEC,1115542.0374557355
2036,Agri05_Agroforestry,DEE,5534235.236278549
2036,Agri05_Agroforestry,DED,6165553.753987065
2036,Agri05_Agroforestry,DEF,1982428.0012933556
2036,Agri05_Agroforestry,DEG,1585720.607320221
2036,Agri06_Biochar,DE1,0.0
2036,Agri06_Biochar,DE2,0.0
2036,Agri06_Biochar,DE3,0.0
2036,Agri06_Biochar,DE4,0.0
2036,Agri06_Biochar,DE5,0.0
2036,Agri06_Biochar,DE6,0.0
2036,Agri06_Biochar,DE7,0.0
2036,Agri06_Biochar,DE8,0.0
2036,Agri06_Biochar,DE9,0.0
2036,Agri06_Biochar,DEA,0.0
2036,Agri06_Biochar,DEB,0.0
2036,Agri06_Biochar,DEC,0.0
2036,Agri06_Biochar,DEE,0.0
2036,Agri06_Biochar,DED,0.0
2036,Agri06_Biochar,DEF,0.0
2036,Agri06_Biochar,DEG,0.0
2037,Agri01_AGC,DE1,16777515.86634875
2037,Agri01_AGC,DE2,28478023.47276688
2037,Agri01_AGC,DE3,39438.77459034804
2037,Agri01_AGC,DE4,15884403.99376472
2037,Agri01_AGC,DE5,126799.56280586247
2037,Agri01_AGC,DE6,208273.51765294286
2037,Agri01_AGC,DE7,6583991.04559197
2037,Agri01_AGC,DE8,16217574.110002736
2037,Agri01_AGC,DE9,24634994.757449288
2037,Agri01_AGC,DEA,17145649.52992845
2037,Agri01_AGC,DEB,9857407.391114643
2037,Agri01_AGC,DEC,1070798.2079375093
2037,Agri01_AGC,DEE,12718604.91467747
2037,Agri01_AGC,DED,10631036.979990203
2037,Agri01_AGC,DEF,6817730.16945963
2037,Agri01_AGC,DEG,5450967.002956532
2037,Agri02_OFC,DE1,2266741.4200425562
2037,Agri02_OFC,DE2,3579059.1458458435
2037,Agri02_OFC,DE3,1157237.594755638
2037,Agri02_OFC,DE4,2193073.879451453
2037,Agri02_OFC,DE5,539042.3602624248
2037,Agri02_OFC,DE6,61615.70769122822
2037,Agri02_OFC,DE7,795084.3403848796
2037,Agri02_OFC,DE8,2199641.3591823876
2037,Agri02_OFC,DE9,3143731.196372648
2037,Agri02_OFC,DEA,2303733.4093241077
2037,Agri02_OFC,DEB,1369392.669728177
2037,Agri02_OFC,DEC,843089.0087746175
2037,Agri02_OFC,DEE,1696502.903184378
2037,Agri02_OFC,DED,1458704.749628854
2037,Agri02_OFC,DEF,764805.2662622526
2037,Agri02_OFC,DEG,611510.4186615228
2037,Agri03_No-till,DE1,0.0
2037,Agri03_No-till,DE2,0.0
2037,Agri03_No-till,DE3,0.0
2037,Agri03_No-till,DE4,0.0
2037,Agri03_No-till,DE5,0.0
2037,Agri03_No-till,DE6,0.0
2037,Agri03_No-till,DE7,0.0
2037,Agri03_No-till,DE8,0.0
2037,Agri03_No-till,DE9,0.0
2037,Agri03_No-till,DEA,0.0
2037,Agri03_No-till,DEB,0.0
2037,Agri03_No-till,DEC,0.0
2037,Agri03_No-till,DEE,0.0
2037,Agri03_No-till,DED,0.0
2037,Agri03_No-till,DEF,0.0
2037,Agri03_No-till,DEG,0.0
2037,Agri04_toGrassland,DE1,231580.39412104787
2037,Agri04_toGrassland,DE2,411486.42039626633
2037,Agri04_toGrassland,DE3,79478.1856239846
2037,Agri04_toGrassland,DE4,216031.3264424137
2037,Agri04_toGrassland,DE5,37447.603143943474
2037,Agri04_toGrassland,DE6,5042.863554571182
2037,Agri04_toGrassland,DE7,97353.16937915282
2037,Agri04_toGrassland,DE8,223265.35132950006
2037,Agri04_toGrassland,DE9,352690.90713516553
2037,Agri04_toGrassland,DEA,237535.3613580354
2037,Agri04_toGrassland,DEB,133484.78366097636
2037,Agri04_toGrassland,DEC,62002.47801850857
2037,Agri04_toGrassland,DEE,177053.26489589928
2037,Agri04_toGrassland,DED,145205.76967205308
2037,Agri04_toGrassland,DEF,104819.58283186326
2037,Agri04_toGrassland,DEG,83804.3467056948
2037,Agri05_Agroforestry,DE1,17224768.9886639
2037,Agri05_Agroforestry,DE2,20855610.053054594
2037,Agri05_Agroforestry,DE3,31384.256365595556
2037,Agri05_Agroforestry,DE4,11364341.304749006
2037,Agri05_Agroforestry,DE5,257647.33395984318
2037,Agri05_Agroforestry,DE6,208570.78190676006
2037,Agri05_Agroforestry,DE7,3810962.3330540294
2037,Agri05_Agroforestry,DE8,10823674.003318246
2037,Agri05_Agroforestry,DE9,19528903.205803916
2037,Agri05_Agroforestry,DEA,14024124.251625173
2037,Agri05_Agroforestry,DEB,8240689.787371465
2037,Agri05_Agroforestry,DEC,1148001.2098600005
2037,Agri05_Agroforestry,DEE,5695266.098073618
2037,Agri05_Agroforestry,DED,6344954.2297637295
2037,Agri05_Agroforestry,DEF,2119862.80322411
2037,Agri05_Agroforestry,DEG,1695735.9194029332
2037,Agri06_Biochar,DE1,0.0
2037,Agri06_Biochar,DE2,0.0
2037,Agri06_Biochar,DE3,0.0
2037,Agri06_Biochar,DE4,0.0
2037,Agri06_Biochar,DE5,0.0
2037,Agri06_Biochar,DE6,0.0
2037,Agri06_Biochar,DE7,0.0
2037,Agri06_Biochar,DE8,0.0
2037,Agri06_Biochar,DE9,0.0
2037,Agri06_Biochar,DEA,0.0
2037,Agri06_Biochar,DEB,0.0
2037,Agri06_Biochar,DEC,0.0
2037,Agri06_Biochar,DEE,0.0
2037,Agri06_Biochar,DED,0.0
2037,Agri06_Biochar,DEF,0.0
2037,Agri06_Biochar,DEG,0.0
2038,Agri01_AGC,DE1,15529274.432364548
2038,Agri01_AGC,DE2,26359268.28040964
2038,Agri01_AGC,DE3,36504.54326901301
2038,Agri01_AGC,DE4,14702609.777200745
2038,Agri01_AGC,DE5,117365.71876326374
2038,Agri01_AGC,DE6,192778.0392753908
2038,Agri01_AGC,DE7,6094144.3668847345
2038,Agri01_AGC,DE8,15010992.150904851
2038,Agri01_AGC,DE9,22802159.585234728
2038,Agri01_AGC,DEA,15870019.07746349
2038,Agri01_AGC,DEB,9124019.657479364
2038,Agri01_AGC,DEC,991131.1880263836
2038,Agri01_AGC,DEE,11772345.065278765
2038,Agri01_AGC,DED,9840091.469918692
2038,Agri01_AGC,DEF,6310493.3799947
2038,Agri01_AGC,DEG,5045416.924948958
2038,Agri02_OFC,DE1,2094977.2564082919
2038,Agri02_OFC,DE2,3307853.045605158
2038,Agri02_OFC,DE3,1069546.980452751
2038,Agri02_OFC,DE4,2026891.9332614643
2038,Agri02_OFC,DE5,498195.9896286818
2038,Agri02_OFC,DE6,56946.7276281567
2038,Agri02_OFC,DE7,734836.1817120895
2038,Agri02_OFC,DE8,2032961.7569063564
2038,Agri02_OFC,DE9,2905512.4234409933
2038,Agri02_OFC,DEA,2129166.1477961303
2038,Agri02_OFC,DEB,1265625.8331040256
2038,Agri02_OFC,DEC,779203.2575455715
2038,Agri02_OFC,DEE,1567949.0241702048
2038,Agri02_OFC,DED,1348170.2179465303
2038,Agri02_OFC,DEF,706851.5289100007
2038,Agri02_OFC,DEG,565172.7223163157
2038,Agri03_No-till,DE1,0.0
2038,Agri03_No-till,DE2,0.0
2038,Agri03_No-till,DE3,0.0
2038,Agri03_No-till,DE4,0.0
2038,Agri03_No-till,DE5,0.0
2038,Agri03_No-till,DE6,0.0
2038,Agri03_No-till,DE7,0.0
2038,Agri03_No-till,DE8,0.0
2038,Agri03_No-till,DE9,0.0
2038,Agri03_No-till,DEA,0.0
2038,Agri03_No-till,DEB,0.0
2038,Agri03_No-till,DEC,0.0
2038,Agri03_No-till,DEE,0.0
2038,Agri03_No-till,DED,0.0
2038,Agri03_No-till,DEF,0.0
2038,Agri03_No-till,DEG,0.0
2038,Agri04_toGrassland,DE1,226702.91669366855
2038,Agri04_toGrassland,DE2,402819.8157176905
2038,Agri04_toGrassland,DE3,77804.239702002
2038,Agri04_toGrassland,DE4,211481.3388567681
2038,Agri04_toGrassland,DE5,36658.89285723167
2038,Agri04_toGrassland,DE6,4936.652261295992
2038,Agri04_toGrassland,DE7,95302.74586237421
2038,Agri04_toGrassland,DE8,218563.00286188175
2038,Agri04_toGrassland,DE9,345262.63608086144
2038,Agri04_toGrassland,DEA,232532.4621807302
2038,Agri04_toGrassland,DEB,130673.36682374313
2038,Agri04_toGrassland,DEC,60696.60025573568
2038,Agri04_toGrassland,DEE,173324.22165693593
2038,Agri04_toGrassland,DED,142147.4889113317
2038,Agri04_toGrassland,DEF,102611.9039342166
2038,Agri04_toGrassland,DEG,82039.28446489199
2038,Agri05_Agroforestry,DE1,17711790.902425528
2038,Agri05_Agroforestry,DE2,21445292.22106449
2038,Agri05_Agroforestry,DE3,32271.6308556231
2038,Agri05_Agroforestry,DE4,11685662.49370206
2038,Agri05_Agroforestry,DE5,264932.1862410718
2038,Agri05_Agroforestry,DE6,214468.0186955867
2038,Agri05_Agroforestry,DE7,3918715.428026679
2038,Agri05_Agroforestry,DE8,11129708.088913083
2038,Agri05_Agroforestry,DE9,20081073.386966616
2038,Agri05_Agroforestry,DEA,14420649.501766548
2038,Agri05_Agroforestry,DEB,8473691.258311532
2038,Agri05_Agroforestry,DEC,1180460.3822642658
2038,Agri05_Agroforestry,DEE,5856296.959868686
2038,Agri05_Agroforestry,DED,6524354.705540396
2038,Agri05_Agroforestry,DEF,2179800.886574764
2038,Agri05_Agroforestry,DEG,1743682.022671167
2038,Agri06_Biochar,DE1,0.0
2038,Agri06_Biochar,DE2,0.0
2038,Agri06_Biochar,DE3,0.0
2038,Agri06_Biochar,DE4,0.0
2038,Agri06_Biochar,DE5,0.0
2038,Agri06_Biochar,DE6,0.0
2038,Agri06_Biochar,DE7,0.0
2038,Agri06_Biochar,DE8,0.0
2038,Agri06_Biochar,DE9,0.0
2038,Agri06_Biochar,DEA,0.0
2038,Agri06_Biochar,DEB,0.0
2038,Agri06_Biochar,DEC,0.0
2038,Agri06_Biochar,DEE,0.0
2038,Agri06_Biochar,DED,0.0
2038,Agri06_Biochar,DEF,0.0
2038,Agri06_Biochar,DEG,0.0
2039,Agri01_AGC,DE1,14281032.998380346
2039,Agri01_AGC,DE2,24240513.088052407
2039,Agri01_AGC,DE3,33570.311947678
2039,Agri01_AGC,DE4,13520815.560636772
2039,Agri01_AGC,DE5,107931.87472066502
2039,Agri01_AGC,DE6,177282.56089783876
2039,Agri01_AGC,DE7,5604297.688177501
2039,Agri01_AGC,DE8,13804410.19180697
2039,Agri01_AGC,DE9,20969324.413020167
2039,Agri01_AGC,DEA,14594388.624998534
2039,Agri01_AGC,DEB,8390631.923844088
2039,Agri01_AGC,DEC,911464.1681152581
2039,Agri01_AGC,DEE,10826085.215880062
2039,Agri01_AGC,DED,9049145.959847184
2039,Agri01_AGC,DEF,5803256.5905297715
2039,Agri01_AGC,DEG,4639866.846941385
2039,Agri02_OFC,DE1,1923213.0927740287
2039,Agri02_OFC,DE2,3036646.945364474
2039,Agri02_OFC,DE3,981856.3661498647
2039,Agri02_OFC,DE4,1860709.9870714769
2039,Agri02_OFC,DE5,457349.6189949391
2039,Agri02_OFC,DE6,52277.74756508521
2039,Agri02_OFC,DE7,674588.0230392996
2039,Agri02_OFC,DE8,1866282.1546303264
2039,Agri02_OFC,DE9,2667293.650509341
2039,Agri02_OFC,DEA,1954598.886268154
2039,Agri02_OFC,DEB,1161858.996479875
2039,Agri02_OFC,DEC,715317.506316526
2039,Agri02_OFC,DEE,1439395.1451560324
2039,Agri02_OFC,DED,1237635.6862642074
2039,Agri02_OFC,DEF,648897.7915577493
2039,Agri02_OFC,DEG,518835.02597110905
2039,Agri03_No-till,DE1,0.0
2039,Agri03_No-till,DE2,0.0
2039,Agri03_No-till,DE3,0.0
2039,Agri03_No-till,DE4,0.0
2039,Agri03_No-till,DE5,0.0
2039,Agri03_No-till,DE6,0.0
2039,Agri03_No-till,DE7,0.0
2039,Agri03_No-till,DE8,0.0
2039,Agri03_No-till,DE9,0.0
2039,Agri03_No-till,DEA,0.0
2039,Agri03_No-till,DEB,0.0
2039,Agri03_No-till,DEC,0.0
2039,Agri03_No-till,DEE,0.0
2039,Agri03_No-till,DED,0.0
2039,Agri03_No-till,DEF,0.0
2039,Agri03_No-till,DEG,0.0
2039,Agri04_toGrassland,DE1,221825.4392662893
2039,Agri04_toGrassland,DE2,394153.2110391148
2039,Agri04_toGrassland,DE3,76130.29378001943
2039,Agri04_toGrassland,DE4,206931.35127112252
2039,Agri04_toGrassland,DE5,35870.182570519886
2039,Agri04_toGrassland,DE6,4830.440968020803
2039,Agri04_toGrassland,DE7,93252.32234559565
2039,Agri04_toGrassland,DE8,213860.65439426352
2039,Agri04_toGrassland,DE9,337834.3650265575
2039,Agri04_toGrassland,DEA,227529.56300342505
2039,Agri04_toGrassland,DEB,127861.94998650992
2039,Agri04_toGrassland,DEC,59390.72249296281
2039,Agri04_toGrassland,DEE,169595.17841797264
2039,Agri04_toGrassland,DED,139089.20815061033
2039,Agri04_toGrassland,DEF,100404.22503657
2039,Agri04_toGrassland,DEG,80274.22222408919
2039,Agri05_Agroforestry,DE1,18198812.816187155
2039,Agri05_Agroforestry,DE2,22034974.389074378
2039,Agri05_Agroforestry,DE3,33159.00534565064
2039,Agri05_Agroforestry,DE4,12006983.682655111
2039,Agri05_Agroforestry,DE5,272217.03852230037
2039,Agri05_Agroforestry,DE6,220365.25548441336
2039,Agri05_Agroforestry,DE7,4026468.522999328
2039,Agri05_Agroforestry,DE8,11435742.174507916
2039,Agri05_Agroforestry,DE9,20633243.568129312
2039,Agri05_Agroforestry,DEA,14817174.751907919
2039,Agri05_Agroforestry,DEB,8706692.729251599
2039,Agri05_Agroforestry,DEC,1212919.5546685308
2039,Agri05_Agroforestry,DEE,6017327.821663755
2039,Agri05_Agroforestry,DED,6703755.181317061
2039,Agri05_Agroforestry,DEF,2239738.969925417
2039,Agri05_Agroforestry,DEG,1791628.1259394006
2039,Agri06_Biochar,DE1,0.0
2039,Agri06_Biochar,DE2,0.0
2039,Agri06_Biochar,DE3,0.0
2039,Agri06_Biochar,DE4,0.0
2039,Agri06_Biochar,DE5,0.0
2039,Agri06_Biochar,DE6,0.0
2039,Agri06_Biochar,DE7,0.0
2039,Agri06_Biochar,DE8,0.0
2039,Agri06_Biochar,DE9,0.0
2039,Agri06_Biochar,DEA,0.0
2039,Agri06_Biochar,DEB,0.0
2039,Agri06_Biochar,DEC,0.0
2039,Agri06_Biochar,DEE,0.0
2039,Agri06_Biochar,DED,0.0
2039,Agri06_Biochar,DEF,0.0
2039,Agri06_Biochar,DEG,0.0
2040,Agri01_AGC,DE1,13032791.564396141
2040,Agri01_AGC,DE2,22121757.895695172
2040,Agri01_AGC,DE3,30636.080626342973
2040,Agri01_AGC,DE4,12339021.344072796
2040,Agri01_AGC,DE5,98498.03067806628
2040,Agri01_AGC,DE6,161787.0825202867
2040,Agri01_AGC,DE7,5114451.009470265
2040,Agri01_AGC,DE8,12597828.232709086
2040,Agri01_AGC,DE9,19136489.240805607
2040,Agri01_AGC,DEA,13318758.172533575
2040,Agri01_AGC,DEB,7657244.1902088085
2040,Agri01_AGC,DEC,831797.1482041324
2040,Agri01_AGC,DEE,9879825.366481358
2040,Agri01_AGC,DED,8258200.449775673
2040,Agri01_AGC,DEF,5296019.801064841
2040,Agri01_AGC,DEG,4234316.768933812
2040,Agri02_OFC,DE1,1751448.9291397647
2040,Agri02_OFC,DE2,2765440.845123789
2040,Agri02_OFC,DE3,894165.7518469782
2040,Agri02_OFC,DE4,1694528.040881489
2040,Agri02_OFC,DE5,416503.2483611962
2040,Agri02_OFC,DE6,47608.7675020137
2040,Agri02_OFC,DE7,614339.8643665097
2040,Agri02_OFC,DE8,1699602.5523542957
2040,Agri02_OFC,DE9,2429074.8775776876
2040,Agri02_OFC,DEA,1780031.624740177
2040,Agri02_OFC,DEB,1058092.1598557238
2040,Agri02_OFC,DEC,651431.7550874802
2040,Agri02_OFC,DEE,1310841.2661418596
2040,Agri02_OFC,DED,1127101.1545818842
2040,Agri02_OFC,DEF,590944.0542054976
2040,Agri02_OFC,DEG,472497.3296259022
2040,Agri03_No-till,DE1,0.0
2040,Agri03_No-till,DE2,0.0
2040,Agri03_No-till,DE3,0.0
2040,Agri03_No-till,DE4,0.0
2040,Agri03_No-till,DE5,0.0
2040,Agri03_No-till,DE6,0.0
2040,Agri03_No-till,DE7,0.0
2040,Agri03_No-till,DE8,0.0
2040,Agri03_No-till,DE9,0.0
2040,Agri03_No-till,DEA,0.0
2040,Agri03_No-till,DEB,0.0
2040,Agri03_No-till,DEC,0.0
2040,Agri03_No-till,DEE,0.0
2040,Agri03_No-till,DED,0.0
2040,Agri03_No-till,DEF,0.0
2040,Agri03_No-till,DEG,0.0
2040,Agri04_toGrassland,DE1,216947.96183891
2040,Agri04_toGrassland,DE2,385486.60636053904
2040,Agri04_toGrassland,DE3,74456.34785803685
2040,Agri04_toGrassland,DE4,202381.36368547694
2040,Agri04_toGrassland,DE5,35081.47228380809
2040,Agri04_toGrassland,DE6,4724.229674745613
2040,Agri04_toGrassland,DE7,91201.89882881705
2040,Agri04_toGrassland,DE8,209158.30592664526
2040,Agri04_toGrassland,DE9,330406.0939722535
2040,Agri04_toGrassland,DEA,222526.66382611988
2040,Agri04_toGrassland,DEB,125050.5331492767
2040,Agri04_toGrassland,DEC,58084.84473018993
2040,Agri04_toGrassland,DEE,165866.13517900932
2040,Agri04_toGrassland,DED,136030.92738988894
2040,Agri04_toGrassland,DEF,98196.54613892337
2040,Agri04_toGrassland,DEG,78509.15998328639
2040,Agri05_Agroforestry,DE1,18685834.729948774
2040,Agri05_Agroforestry,DE2,22624656.557084262
2040,Agri05_Agroforestry,DE3,34046.37983567818
2040,Agri05_Agroforestry,DE4,12328304.871608162
2040,Agri05_Agroforestry,DE5,279501.8908035289
2040,Agri05_Agroforestry,DE6,226262.49227323994
2040,Agri05_Agroforestry,DE7,4134221.6179719763
2040,Agri05_Agroforestry,DE8,11741776.260102747
2040,Agri05_Agroforestry,DE9,21185413.749292005
2040,Agri05_Agroforestry,DEA,15213700.00204929
2040,Agri05_Agroforestry,DEB,8939694.200191664
2040,Agri05_Agroforestry,DEC,1245378.7270727954
2040,Agri05_Agroforestry,DEE,6178358.683458823
2040,Agri05_Agroforestry,DED,6883155.657093725
2040,Agri05_Agroforestry,DEF,2299677.0532760704
2040,Agri05_Agroforestry,DEG,1839574.2292076338
2040,Agri06_Biochar,DE1,0.0
2040,Agri06_Biochar,DE2,0.0
2040,Agri06_Biochar,DE3,0.0
2040,Agri06_Biochar,DE4,0.0
2040,Agri06_Biochar,DE5,0.0
2040,Agri06_Biochar,DE6,0.0
2040,Agri06_Biochar,DE7,0.0
2040,Agri06_Biochar,DE8,0.0
2040,Agri06_Biochar,DE9,0.0
2040,Agri06_Biochar,DEA,0.0
2040,Agri06_Biochar,DEB,0.0
2040,Agri06_Biochar,DEC,0.0
2040,Agri06_Biochar,DEE,0.0
2040,Agri06_Biochar,DED,0.0
2040,Agri06_Biochar,DEF,0.0
2040,Agri06_Biochar,DEG,0.0
2041,Agri01_AGC,DE1,11784550.130411945
2041,Agri01_AGC,DE2,20003002.703337945
2041,Agri01_AGC,DE3,27701.849305007967
2041,Agri01_AGC,DE4,11157227.127508827
2041,Agri01_AGC,DE5,89064.1866354676
2041,Agri01_AGC,DE6,146291.6041427347
2041,Agri01_AGC,DE7,4624604.330763033
2041,Agri01_AGC,DE8,11391246.273611207
2041,Agri01_AGC,DE9,17303654.06859106
2041,Agri01_AGC,DEA,12043127.720068624
2041,Agri01_AGC,DEB,6923856.456573535
2041,Agri01_AGC,DEC,752130.1282930073
2041,Agri01_AGC,DEE,8933565.517082658
2041,Agri01_AGC,DED,7467254.939704168
2041,Agri01_AGC,DEF,4788783.011599915
2041,Agri01_AGC,DEG,3828766.6909262403
2041,Agri02_OFC,DE1,1579684.7655055008
2041,Agri02_OFC,DE2,2494234.744883104
2041,Agri02_OFC,DE3,806475.1375440916
2041,Agri02_OFC,DE4,1528346.094691501
2041,Agri02_OFC,DE5,375656.8777274533
2041,Agri02_OFC,DE6,42939.78743894219
2041,Agri02_OFC,DE7,554091.7056937198
2041,Agri02_OFC,DE8,1532922.9500782653
2041,Agri02_OFC,DE9,2190856.104646034
2041,Agri02_OFC,DEA,1605464.3632122003
2041,Agri02_OFC,DEB,954325.3232315729
2041,Agri02_OFC,DEC,587546.0038584344
2041,Agri02_OFC,DEE,1182287.3871276865
2041,Agri02_OFC,DED,1016566.622899561
2041,Agri02_OFC,DEF,532990.316853246
2041,Agri02_OFC,DEG,426159.63328069536
2041,Agri03_No-till,DE1,0.0
2041,Agri03_No-till,DE2,0.0
2041,Agri03_No-till,DE3,0.0
2041,Agri03_No-till,DE4,0.0
2041,Agri03_No-till,DE5,0.0
2041,Agri03_No-till,DE6,0.0
2041,Agri03_No-till,DE7,0.0
2041,Agri03_No-till,DE8,0.0
2041,Agri03_No-till,DE9,0.0
2041,Agri03_No-till,DEA,0.0
2041,Agri03_No-till,DEB,0.0
2041,Agri03_No-till,DEC,0.0
2041,Agri03_No-till,DEE,0.0
2041,Agri03_No-till,DED,0.0
2041,Agri03_No-till,DEF,0.0
2041,Agri03_No-till,DEG,0.0
2041,Agri04_toGrassland,DE1,212070.48441153075
2041,Agri04_toGrassland,DE2,376820.00168196333
2041,Agri04_toGrassland,DE3,72782.40193605429
2041,Agri04_toGrassland,DE4,197831.3760998314
2041,Agri04_toGrassland,DE5,34292.761997096306
2041,Agri04_toGrassland,DE6,4618.018381470424
2041,Agri04_toGrassland,DE7,89151.47531203848
2041,Agri04_toGrassland,DE8,204455.95745902703
2041,Agri04_toGrassland,DE9,322977.8229179495
2041,Agri04_toGrassland,DEA,217523.76464881471
2041,Agri04_toGrassland,DEB,122239.1163120435
2041,Agri04_toGrassland,DEC,56778.96696741705
2041,Agri04_toGrassland,DEE,162137.09194004603
2041,Agri04_toGrassland,DED,132972.64662916758
2041,Agri04_toGrassland,DEF,95988.86724127676
2041,Agri04_toGrassland,DEG,76744.09774248359
2041,Agri05_Agroforestry,DE1,19172856.643710405
2041,Agri05_Agroforestry,DE2,23214338.72509416
2041,Agri05_Agroforestry,DE3,34933.754325705726
2041,Agri05_Agroforestry,DE4,12649626.060561217
2041,Agri05_Agroforestry,DE5,286786.74308475753
2041,Agri05_Agroforestry,DE6,232159.72906206665
2041,Agri05_Agroforestry,DE7,4241974.712944627
2041,Agri05_Agroforestry,DE8,12047810.345697585
2041,Agri05_Agroforestry,DE9,21737583.930454712
2041,Agri05_Agroforestry,DEA,15610225.252190666
2041,Agri05_Agroforestry,DEB,9172695.671131734
2041,Agri05_Agroforestry,DEC,1277837.899477061
2041,Agri05_Agroforestry,DEE,6339389.545253892
2041,Agri05_Agroforestry,DED,7062556.132870392
2041,Agri05_Agroforestry,DEF,2359615.1366267246
2041,Agri05_Agroforestry,DEG,1887520.3324758678
2041,Agri06_Biochar,DE1,0.0
2041,Agri06_Biochar,DE2,0.0
2041,Agri06_Biochar,DE3,0.0
2041,Agri06_Biochar,DE4,0.0
2041,Agri06_Biochar,DE5,0.0
2041,Agri06_Biochar,DE6,0.0
2041,Agri06_Biochar,DE7,0.0
2041,Agri06_Biochar,DE8,0.0
2041,Agri06_Biochar,DE9,0.0
2041,Agri06_Biochar,DEA,0.0
2041,Agri06_Biochar,DEB,0.0
2041,Agri06_Biochar,DEC,0.0
2041,Agri06_Biochar,DEE,0.0
2041,Agri06_Biochar,DED,0.0
2041,Agri06_Biochar,DEF,0.0
2041,Agri06_Biochar,DEG,0.0
2042,Agri01_AGC,DE1,10536308.696427744
2042,Agri01_AGC,DE2,17884247.510980714
2042,Agri01_AGC,DE3,24767.61798367295
2042,Agri01_AGC,DE4,9975432.910944855
2042,Agri01_AGC,DE5,79630.3425928689
2042,Agri01_AGC,DE6,130796.12576518267
2042,Agri01_AGC,DE7,4134757.6520557986
2042,Agri01_AGC,DE8,10184664.314513326
2042,Agri01_AGC,DE9,15470818.8963765
2042,Agri01_AGC,DEA,10767497.26760367
2042,Agri01_AGC,DEB,6190468.722938258
2042,Agri01_AGC,DEC,672463.1083818818
2042,Agri01_AGC,DEE,7987305.667683955
2042,Agri01_AGC,DED,6676309.429632659
2042,Agri01_AGC,DEF,4281546.222134986
2042,Agri01_AGC,DEG,3423216.612918668
2042,Agri02_OFC,DE1,1407920.6018712376
2042,Agri02_OFC,DE2,2223028.6446424196
2042,Agri02_OFC,DE3,718784.5232412051
2042,Agri02_OFC,DE4,1362164.1485015133
2042,Agri02_OFC,DE5,334810.5070937105
2042,Agri02_OFC,DE6,38270.807375870696
2042,Agri02_OFC,DE7,493843.5470209299
2042,Agri02_OFC,DE8,1366243.347802235
2042,Agri02_OFC,DE9,1952637.331714381
2042,Agri02_OFC,DEA,1430897.1016842239
2042,Agri02_OFC,DEB,850558.4866074221
2042,Agri02_OFC,DEC,523660.2526293888
2042,Agri02_OFC,DEE,1053733.5081135142
2042,Agri02_OFC,DED,906032.091217238
2042,Agri02_OFC,DEF,475036.5795009944
2042,Agri02_OFC,DEG,379821.9369354886
2042,Agri03_No-till,DE1,0.0
2042,Agri03_No-till,DE2,0.0
2042,Agri03_No-till,DE3,0.0
2042,Agri03_No-till,DE4,0.0
2042,Agri03_No-till,DE5,0.0
2042,Agri03_No-till,DE6,0.0
2042,Agri03_No-till,DE7,0.0
2042,Agri03_No-till,DE8,0.0
2042,Agri03_No-till,DE9,0.0
2042,Agri03_No-till,DEA,0.0
2042,Agri03_No-till,DEB,0.0
2042,Agri03_No-till,DEC,0.0
2042,Agri03_No-till,DEE,0.0
2042,Agri03_No-till,DED,0.0
2042,Agri03_No-till,DEF,0.0
2042,Agri03_No-till,DEG,0.0
2042,Agri04_toGrassland,DE1,207193.0069841515
2042,Agri04_toGrassland,DE2,368153.3970033876
2042,Agri04_toGrassland,DE3,71108.45601407172
2042,Agri04_toGrassland,DE4,193281.38851418585
2042,Agri04_toGrassland,DE5,33504.05171038451
2042,Agri04_toGrassland,DE6,4511.807088195235
2042,Agri04_toGrassland,DE7,87101.0517952599
2042,Agri04_toGrassland,DE8,199753.6089914088
2042,Agri04_toGrassland,DE9,315549.55186364555
2042,Agri04_toGrassland,DEA,212520.86547150958
2042,Agri04_toGrassland,DEB,119427.69947481029
2042,Agri04_toGrassland,DEC,55473.08920464418
2042,Agri04_toGrassland,DEE,158408.04870108273
2042,Agri04_toGrassland,DED,129914.36586844623
2042,Agri04_toGrassland,DEF,93781.18834363014
2042,Agri04_toGrassland,DEG,74979.03550168079
2042,Agri05_Agroforestry,DE1,19659878.55747203
2042,Agri05_Agroforestry,DE2,23804020.893104047
2042,Agri05_Agroforestry,DE3,35821.12881573327
2042,Agri05_Agroforestry,DE4,12970947.24951427
2042,Agri05_Agroforestry,DE5,294071.5953659861
2042,Agri05_Agroforestry,DE6,238056.96585089326
2042,Agri05_Agroforestry,DE7,4349727.8079172755
2042,Agri05_Agroforestry,DE8,12353844.431292418
2042,Agri05_Agroforestry,DE9,22289754.11161741
2042,Agri05_Agroforestry,DEA,16006750.50233204
2042,Agri05_Agroforestry,DEB,9405697.1420718
2042,Agri05_Agroforestry,DEC,1310297.071881326
2042,Agri05_Agroforestry,DEE,6500420.407048961
2042,Agri05_Agroforestry,DED,7241956.608647057
2042,Agri05_Agroforestry,DEF,2419553.2199773784
2042,Agri05_Agroforestry,DEG,1935466.4357441014
2042,Agri06_Biochar,DE1,0.0
2042,Agri06_Biochar,DE2,0.0
2042,Agri06_Biochar,DE3,0.0
2042,Agri06_Biochar,DE4,0.0
2042,Agri06_Biochar,DE5,0.0
2042,Agri06_Biochar,DE6,0.0
2042,Agri06_Biochar,DE7,0.0
2042,Agri06_Biochar,DE8,0.0
2042,Agri06_Biochar,DE9,0.0
2042,Agri06_Biochar,DEA,0.0
2042,Agri06_Biochar,DEB,0.0
2042,Agri06_Biochar,DEC,0.0
2042,Agri06_Biochar,DEE,0.0
2042,Agri06_Biochar,DED,0.0
2042,Agri06_Biochar,DEF,0.0
2042,Agri06_Biochar,DEG,0.0
2043,Agri01_AGC,DE1,9288067.262443542
2043,Agri01_AGC,DE2,15765492.31862348
2043,Agri01_AGC,DE3,21833.386662337933
2043,Agri01_AGC,DE4,8793638.694380881
2043,Agri01_AGC,DE5,70196.49855027017
2043,Agri01_AGC,DE6,115300.64738763064
2043,Agri01_AGC,DE7,3644910.973348564
2043,Agri01_AGC,DE8,8978082.355415443
2043,Agri01_AGC,DE9,13637983.724161943
2043,Agri01_AGC,DEA,9491866.815138713
2043,Agri01_AGC,DEB,5457080.989302982
2043,Agri01_AGC,DEC,592796.0884707563
2043,Agri01_AGC,DEE,7041045.818285253
2043,Agri01_AGC,DED,5885363.9195611505
2043,Agri01_AGC,DEF,3774309.4326700578
2043,Agri01_AGC,DEG,3017666.534911095
2043,Agri02_OFC,DE1,1236156.4382369735
2043,Agri02_OFC,DE2,1951822.5444017346
2043,Agri02_OFC,DE3,631093.9089383185
2043,Agri02_OFC,DE4,1195982.2023115251
2043,Agri02_OFC,DE5,293964.1364599675
2043,Agri02_OFC,DE6,33601.827312799185
2043,Agri02_OFC,DE7,433595.3883481399
2043,Agri02_OFC,DE8,1199563.7455262041
2043,Agri02_OFC,DE9,1714418.5587827275
2043,Agri02_OFC,DEA,1256329.840156247
2043,Agri02_OFC,DEB,746791.649983271
2043,Agri02_OFC,DEC,459774.50140034297
2043,Agri02_OFC,DEE,925179.6290993411
2043,Agri02_OFC,DED,795497.5595349147
2043,Agri02_OFC,DEF,417082.8421487427
2043,Agri02_OFC,DEG,333484.24059028167
2043,Agri03_No-till,DE1,0.0
2043,Agri03_No-till,DE2,0.0
2043,Agri03_No-till,DE3,0.0
2043,Agri03_No-till,DE4,0.0
2043,Agri03_No-till,DE5,0.0
2043,Agri03_No-till,DE6,0.0
2043,Agri03_No-till,DE7,0.0
2043,Agri03_No-till,DE8,0.0
2043,Agri03_No-till,DE9,0.0
2043,Agri03_No-till,DEA,0.0
2043,Agri03_No-till,DEB,0.0
2043,Agri03_No-till,DEC,0.0
2043,Agri03_No-till,DEE,0.0
2043,Agri03_No-till,DED,0.0
2043,Agri03_No-till,DEF,0.0
2043,Agri03_No-till,DEG,0.0
2043,Agri04_toGrassland,DE1,202315.5295567722
2043,Agri04_toGrassland,DE2,359486.79232481186
2043,Agri04_toGrassland,DE3,69434.51009208916
2043,Agri04_toGrassland,DE4,188731.40092854027
2043,Agri04_toGrassland,DE5,32715.341423672722
2043,Agri04_toGrassland,DE6,4405.595794920046
2043,Agri04_toGrassland,DE7,85050.62827848132
2043,Agri04_toGrassland,DE8,195051.26052379052
2043,Agri04_toGrassland,DE9,308121.2808093416
2043,Agri04_toGrassland,DEA,207517.96629420438
2043,Agri04_toGrassland,DEB,116616.28263757707
2043,Agri04_toGrassland,DEC,54167.2114418713
2043,Agri04_toGrassland,DEE,154679.0054621194
2043,Agri04_toGrassland,DED,126856.08510772485
2043,Agri04_toGrassland,DEF,91573.50944598352
2043,Agri04_toGrassland,DEG,73213.97326087797
2043,Agri05_Agroforestry,DE1,20146900.47123366
2043,Agri05_Agroforestry,DE2,24393703.061113942
2043,Agri05_Agroforestry,DE3,36708.50330576081
2043,Agri05_Agroforestry,DE4,13292268.438467324
2043,Agri05_Agroforestry,DE5,301356.44764721475
2043,Agri05_Agroforestry,DE6,243954.20263971994
2043,Agri05_Agroforestry,DE7,4457480.902889926
2043,Agri05_Agroforestry,DE8,12659878.516887253
2043,Agri05_Agroforestry,DE9,22841924.29278011
2043,Agri05_Agroforestry,DEA,16403275.752473414
2043,Agri05_Agroforestry,DEB,9638698.613011867
2043,Agri05_Agroforestry,DEC,1342756.244285591
2043,Agri05_Agroforestry,DEE,6661451.268844031
2043,Agri05_Agroforestry,DED,7421357.084423724
2043,Agri05_Agroforestry,DEF,2479491.303328032
2043,Agri05_Agroforestry,DEG,1983412.5390123352
2043,Agri06_Biochar,DE1,0.0
2043,Agri06_Biochar,DE2,0.0
2043,Agri06_Biochar,DE3,0.0
2043,Agri06_Biochar,DE4,0.0
2043,Agri06_Biochar,DE5,0.0
2043,Agri06_Biochar,DE6,0.0
2043,Agri06_Biochar,DE7,0.0
2043,Agri06_Biochar,DE8,0.0
2043,Agri06_Biochar,DE9,0.0
2043,Agri06_Biochar,DEA,0.0
2043,Agri06_Biochar,DEB,0.0
2043,Agri06_Biochar,DEC,0.0
2043,Agri06_Biochar,DEE,0.0
2043,Agri06_Biochar,DED,0.0
2043,Agri06_Biochar,DEF,0.0
2043,Agri06_Biochar,DEG,0.0
2044,Agri01_AGC,DE1,8039825.828459341
2044,Agri01_AGC,DE2,13646737.126266247
2044,Agri01_AGC,DE3,18899.155341002912
2044,Agri01_AGC,DE4,7611844.477816909
2044,Agri01_AGC,DE5,60762.65450767146
2044,Agri01_AGC,DE6,99805.1690100786
2044,Agri01_AGC,DE7,3155064.29464133
2044,Agri01_AGC,DE8,7771500.396317562
2044,Agri01_AGC,DE9,11805148.551947385
2044,Agri01_AGC,DEA,8216236.362673757
2044,Agri01_AGC,DEB,4723693.255667705
2044,Agri01_AGC,DEC,513129.0685596309
2044,Agri01_AGC,DEE,6094785.96888655
2044,Agri01_AGC,DED,5094418.409489641
2044,Agri01_AGC,DEF,3267072.643205129
2044,Agri01_AGC,DEG,2612116.4569035224
2044,Agri02_OFC,DE1,1064392.2746027105
2044,Agri02_OFC,DE2,1680616.444161051
2044,Agri02_OFC,DE3,543403.2946354323
2044,Agri02_OFC,DE4,1029800.2561215379
2044,Agri02_OFC,DE5,253117.76582622484
2044,Agri02_OFC,DE6,28932.8472497277
2044,Agri02_OFC,DE7,373347.22967535025
2044,Agri02_OFC,DE8,1032884.1432501745
2044,Agri02_OFC,DE9,1476199.785851075
2044,Agri02_OFC,DEA,1081762.578628271
2044,Agri02_OFC,DEB,643024.8133591205
2044,Agri02_OFC,DEC,395888.7501712975
2044,Agri02_OFC,DEE,796625.7500851689
2044,Agri02_OFC,DED,684963.027852592
2044,Agri02_OFC,DEF,359129.10479649133
2044,Agri02_OFC,DEG,287146.544245075
2044,Agri03_No-till,DE1,0.0
2044,Agri03_No-till,DE2,0.0
2044,Agri03_No-till,DE3,0.0
2044,Agri03_No-till,DE4,0.0
2044,Agri03_No-till,DE5,0.0
2044,Agri03_No-till,DE6,0.0
2044,Agri03_No-till,DE7,0.0
2044,Agri03_No-till,DE8,0.0
2044,Agri03_No-till,DE9,0.0
2044,Agri03_No-till,DEA,0.0
2044,Agri03_No-till,DEB,0.0
2044,Agri03_No-till,DEC,0.0
2044,Agri03_No-till,DEE,0.0
2044,Agri03_No-till,DED,0.0
2044,Agri03_No-till,DEF,0.0
2044,Agri03_No-till,DEG,0.0
2044,Agri04_toGrassland,DE1,197438.05212939295
2044,Agri04_toGrassland,DE2,350820.1876462361
2044,Agri04_toGrassland,DE3,67760.56417010659
2044,Agri04_toGrassland,DE4,184181.4133428947
2044,Agri04_toGrassland,DE5,31926.631136960932
2044,Agri04_toGrassland,DE6,4299.384501644857
2044,Agri04_toGrassland,DE7,83000.20476170274
2044,Agri04_toGrassland,DE8,190348.9120561723
2044,Agri04_toGrassland,DE9,300693.0097550376
2044,Agri04_toGrassland,DEA,202515.06711689924
2044,Agri04_toGrassland,DEB,113804.86580034386
2044,Agri04_toGrassland,DEC,52861.333679098425
2044,Agri04_toGrassland,DEE,150949.96222315612
2044,Agri04_toGrassland,DED,123797.80434700349
2044,Agri04_toGrassland,DEF,89365.8305483369
2044,Agri04_toGrassland,DEG,71448.91102007519
2044,Agri05_Agroforestry,DE1,20633922.38499528
2044,Agri05_Agroforestry,DE2,24983385.229123827
2044,Agri05_Agroforestry,DE3,37595.87779578834
2044,Agri05_Agroforestry,DE4,13613589.627420373
2044,Agri05_Agroforestry,DE5,308641.2999284433
2044,Agri05_Agroforestry,DE6,249851.43942854652
2044,Agri05_Agroforestry,DE7,4565233.997862574
2044,Agri05_Agroforestry,DE8,12965912.602482086
2044,Agri05_Agroforestry,DE9,23394094.4739428
2044,Agri05_Agroforestry,DEA,16799801.002614785
2044,Agri05_Agroforestry,DEB,9871700.083951933
2044,Agri05_Agroforestry,DEC,1375215.4166898557
2044,Agri05_Agroforestry,DEE,6822482.130639098
2044,Agri05_Agroforestry,DED,7600757.560200388
2044,Agri05_Agroforestry,DEF,2539429.3866786854
2044,Agri05_Agroforestry,DEG,2031358.6422805684
2044,Agri06_Biochar,DE1,0.0
2044,Agri06_Biochar,DE2,0.0
2044,Agri06_Biochar,DE3,0.0
2044,Agri06_Biochar,DE4,0.0
2044,Agri06_Biochar,DE5,0.0
2044,Agri06_Biochar,DE6,0.0
2044,Agri06_Biochar,DE7,0.0
2044,Agri06_Biochar,DE8,0.0
2044,Agri06_Biochar,DE9,0.0
2044,Agri06_Biochar,DEA,0.0
2044,Agri06_Biochar,DEB,0.0
2044,Agri06_Biochar,DEC,0.0
2044,Agri06_Biochar,DEE,0.0
2044,Agri06_Biochar,DED,0.0
2044,Agri06_Biochar,DEF,0.0
2044,Agri06_Biochar,DEG,0.0
2045,Agri01_AGC,DE1,6791584.394475142
2045,Agri01_AGC,DE2,11527981.933909018
2045,Agri01_AGC,DE3,15964.9240196679
2045,Agri01_AGC,DE4,6430050.261252937
2045,Agri01_AGC,DE5,51328.81046507276
2045,Agri01_AGC,DE6,84309.69063252659
2045,Agri01_AGC,DE7,2665217.6159340963
2045,Agri01_AGC,DE8,6564918.437219681
2045,Agri01_AGC,DE9,9972313.37973283
2045,Agri01_AGC,DEA,6940605.910208803
2045,Agri01_AGC,DEB,3990305.5220324295
2045,Agri01_AGC,DEC,433462.0486485055
2045,Agri01_AGC,DEE,5148526.119487848
2045,Agri01_AGC,DED,4303472.899418133
2045,Agri01_AGC,DEF,2759835.8537402013
2045,Agri01_AGC,DEG,2206566.37889595
2045,Agri02_OFC,DE1,892628.1109684472
2045,Agri02_OFC,DE2,1409410.3439203666
2045,Agri02_OFC,DE3,455712.6803325459
2045,Agri02_OFC,DE4,863618.3099315502
2045,Agri02_OFC,DE5,212271.39519248207
2045,Agri02_OFC,DE6,24263.867186656204
2045,Agri02_OFC,DE7,313099.07100256043
2045,Agri02_OFC,DE8,866204.5409741442
2045,Agri02_OFC,DE9,1237981.0129194222
2045,Agri02_OFC,DEA,907195.3171002945
2045,Agri02_OFC,DEB,539257.9767349698
2045,Agri02_OFC,DEC,332002.9989422519
2045,Agri02_OFC,DEE,668071.8710709963
2045,Agri02_OFC,DED,574428.496170269
2045,Agri02_OFC,DEF,301175.3674442398
2045,Agri02_OFC,DEG,240808.84789986827
2045,Agri03_No-till,DE1,0.0
2045,Agri03_No-till,DE2,0.0
2045,Agri03_No-till,DE3,0.0
2045,Agri03_No-till,DE4,0.0
2045,Agri03_No-till,DE5,0.0
2045,Agri03_No-till,DE6,0.0
2045,Agri03_No-till,DE7,0.0
2045,Agri03_No-till,DE8,0.0
2045,Agri03_No-till,DE9,0.0
2045,Agri03_No-till,DEA,0.0
2045,Agri03_No-till,DEB,0.0
2045,Agri03_No-till,DEC,0.0
2045,Agri03_No-till,DEE,0.0
2045,Agri03_No-till,DED,0.0
2045,Agri03_No-till,DEF,0.0
2045,Agri03_No-till,DEG,0.0
2045,Agri04_toGrassland,DE1,192560.57470201366
2045,Agri04_toGrassland,DE2,342153.58296766033
2045,Agri04_toGrassland,DE3,66086.61824812401
2045,Agri04_toGrassland,DE4,179631.42575724912
2045,Agri04_toGrassland,DE5,31137.92085024914
2045,Agri04_toGrassland,DE6,4193.173208369667
2045,Agri04_toGrassland,DE7,80949.78124492416
2045,Agri04_toGrassland,DE8,185646.56358855404
2045,Agri04_toGrassland,DE9,293264.7387007336
2045,Agri04_toGrassland,DEA,197512.16793959407
2045,Agri04_toGrassland,DEB,110993.44896311064
2045,Agri04_toGrassland,DEC,51555.45591632555
2045,Agri04_toGrassland,DEE,147220.9189841928
2045,Agri04_toGrassland,DED,120739.52358628211
2045,Agri04_toGrassland,DEF,87158.15165069027
2045,Agri04_toGrassland,DEG,69683.84877927238
2045,Agri05_Agroforestry,DE1,21120944.298756905
2045,Agri05_Agroforestry,DE2,25573067.397133715
2045,Agri05_Agroforestry,DE3,38483.252285815885
2045,Agri05_Agroforestry,DE4,13934910.816373426
2045,Agri05_Agroforestry,DE5,315926.15220967185
2045,Agri05_Agroforestry,DE6,255748.67621737314
2045,Agri05_Agroforestry,DE7,4672987.092835223
2045,Agri05_Agroforestry,DE8,13271946.688076919
2045,Agri05_Agroforestry,DE9,23946264.6551055
2045,Agri05_Agroforestry,DEA,17196326.252756156
2045,Agri05_Agroforestry,DEB,10104701.554892
2045,Agri05_Agroforestry,DEC,1407674.5890941208
2045,Agri05_Agroforestry,DEE,6983512.992434166
2045,Agri05_Agroforestry,DED,7780158.0359770525
2045,Agri05_Agroforestry,DEF,2599367.4700293387
2045,Agri05_Agroforestry,DEG,2079304.745548802
2045,Agri06_Biochar,DE1,0.0
2045,Agri06_Biochar,DE2,0.0
2045,Agri06_Biochar,DE3,0.0
2045,Agri06_Biochar,DE4,0.0
2045,Agri06_Biochar,DE5,0.0
2045,Agri06_Biochar,DE6,0.0
2045,Agri06_Biochar,DE7,0.0
2045,Agri06_Biochar,DE8,0.0
2045,Agri06_Biochar,DE9,0.0
2045,Agri06_Biochar,DEA,0.0
2045,Agri06_Biochar,DEB,0.0
2045,Agri06_Biochar,DEC,0.0
2045,Agri06_Biochar,DEE,0.0
2045,Agri06_Biochar,DED,0.0
2045,Agri06_Biochar,DEF,0.0
2045,Agri06_Biochar,DEG,0.0
2046,Agri01_AGC,DE1,5543342.96049094
2046,Agri01_AGC,DE2,9409226.741551785
2046,Agri01_AGC,DE3,13030.692698332883
2046,Agri01_AGC,DE4,5248256.044688964
2046,Agri01_AGC,DE5,41894.96642247405
2046,Agri01_AGC,DE6,68814.21225497455
2046,Agri01_AGC,DE7,2175370.937226862
2046,Agri01_AGC,DE8,5358336.4781218
2046,Agri01_AGC,DE9,8139478.207518273
2046,Agri01_AGC,DEA,5664975.457743847
2046,Agri01_AGC,DEB,3256917.7883971524
2046,Agri01_AGC,DEC,353795.02873738
2046,Agri01_AGC,DEE,4202266.270089146
2046,Agri01_AGC,DED,3512527.3893466247
2046,Agri01_AGC,DEF,2252599.0642752727
2046,Agri01_AGC,DEG,1801016.3008883772
2046,Agri02_OFC,DE1,720863.9473341827
2046,Agri02_OFC,DE2,1138204.2436796809
2046,Agri02_OFC,DE3,368022.06602965895
2046,Agri02_OFC,DE4,697436.3637415615
2046,Agri02_OFC,DE5,171425.02455873904
2046,Agri02_OFC,DE6,19594.887123584682
2046,Agri02_OFC,DE7,252850.91232977025
2046,Agri02_OFC,DE8,699524.938698113
2046,Agri02_OFC,DE9,999762.2399877678
2046,Agri02_OFC,DEA,732628.0555723171
2046,Agri02_OFC,DEB,435491.14011081844
2046,Agri02_OFC,DEC,268117.2477132059
2046,Agri02_OFC,DEE,539517.992056823
2046,Agri02_OFC,DED,463893.9644879453
2046,Agri02_OFC,DEF,243221.63009198793
2046,Agri02_OFC,DEG,194471.15155466125
2046,Agri03_No-till,DE1,0.0
2046,Agri03_No-till,DE2,0.0
2046,Agri03_No-till,DE3,0.0
2046,Agri03_No-till,DE4,0.0
2046,Agri03_No-till,DE5,0.0
2046,Agri03_No-till,DE6,0.0
2046,Agri03_No-till,DE7,0.0
2046,Agri03_No-till,DE8,0.0
2046,Agri03_No-till,DE9,0.0
2046,Agri03_No-till,DEA,0.0
2046,Agri03_No-till,DEB,0.0
2046,Agri03_No-till,DEC,0.0
2046,Agri03_No-till,DEE,0.0
2046,Agri03_No-till,DED,0.0
2046,Agri03_No-till,DEF,0.0
2046,Agri03_No-till,DEG,0.0
2046,Agri04_toGrassland,DE1,187683.09727463438
2046,Agri04_toGrassland,DE2,333486.97828908457
2046,Agri04_toGrassland,DE3,64412.67232614144
2046,Agri04_toGrassland,DE4,175081.43817160354
2046,Agri04_toGrassland,DE5,30349.210563537345
2046,Agri04_toGrassland,DE6,4086.9619150944777
2046,Agri04_toGrassland,DE7,78899.35772814557
2046,Agri04_toGrassland,DE8,180944.21512093578
2046,Agri04_toGrassland,DE9,285836.4676464296
2046,Agri04_toGrassland,DEA,192509.26876228888
2046,Agri04_toGrassland,DEB,108182.03212587742
2046,Agri04_toGrassland,DEC,50249.57815355267
2046,Agri04_toGrassland,DEE,143491.87574522948
2046,Agri04_toGrassland,DED,117681.24282556074
2046,Agri04_toGrassland,DEF,84950.47275304365
2046,Agri04_toGrassland,DEG,67918.78653846956
2046,Agri05_Agroforestry,DE1,21607966.212518536
2046,Agri05_Agroforestry,DE2,26162749.565143608
2046,Agri05_Agroforestry,DE3,39370.626775843426
2046,Agri05_Agroforestry,DE4,14256232.00532648
2046,Agri05_Agroforestry,DE5,323211.00449090044
2046,Agri05_Agroforestry,DE6,261645.91300619981
2046,Agri05_Agroforestry,DE7,4780740.187807873
2046,Agri05_Agroforestry,DE8,13577980.773671754
2046,Agri05_Agroforestry,DE9,24498434.8362682
2046,Agri05_Agroforestry,DEA,17592851.50289753
2046,Agri05_Agroforestry,DEB,10337703.025832066
2046,Agri05_Agroforestry,DEC,1440133.761498386
2046,Agri05_Agroforestry,DEE,7144543.854229235
2046,Agri05_Agroforestry,DED,7959558.511753718
2046,Agri05_Agroforestry,DEF,2659305.553379993
2046,Agri05_Agroforestry,DEG,2127250.8488170356
2046,Agri06_Biochar,DE1,0.0
2046,Agri06_Biochar,DE2,0.0
2046,Agri06_Biochar,DE3,0.0
2046,Agri06_Biochar,DE4,0.0
2046,Agri06_Biochar,DE5,0.0
2046,Agri06_Biochar,DE6,0.0
2046,Agri06_Biochar,DE7,0.0
2046,Agri06_Biochar,DE8,0.0
2046,Agri06_Biochar,DE9,0.0
2046,Agri06_Biochar,DEA,0.0
2046,Agri06_Biochar,DEB,0.0
2046,Agri06_Biochar,DEC,0.0
2046,Agri06_Biochar,DEE,0.0
2046,Agri06_Biochar,DED,0.0
2046,Agri06_Biochar,DEF,0.0
2046,Agri06_Biochar,DEG,0.0
2047,Agri01_AGC,DE1,4295101.526506739
2047,Agri01_AGC,DE2,7290471.549194552
2047,Agri01_AGC,DE3,10096.461376997864
2047,Agri01_AGC,DE4,4066461.828124991
2047,Agri01_AGC,DE5,32461.122379875334
2047,Agri01_AGC,DE6,53318.73387742252
2047,Agri01_AGC,DE7,1685524.2585196279
2047,Agri01_AGC,DE8,4151754.519023918
2047,Agri01_AGC,DE9,6306643.035303716
2047,Agri01_AGC,DEA,4389345.005278891
2047,Agri01_AGC,DEB,2523530.054761876
2047,Agri01_AGC,DEC,274128.0088262546
2047,Agri01_AGC,DEE,3256006.420690443
2047,Agri01_AGC,DED,2721581.879275116
2047,Agri01_AGC,DEF,1745362.2748103442
2047,Agri01_AGC,DEG,1395466.2228808047
2047,Agri02_OFC,DE1,549099.7836999192
2047,Agri02_OFC,DE2,866998.1434389964
2047,Agri02_OFC,DE3,280331.4517267725
2047,Agri02_OFC,DE4,531254.4175515738
2047,Agri02_OFC,DE5,130578.65392499621
2047,Agri02_OFC,DE6,14925.907060513182
2047,Agri02_OFC,DE7,192602.75365698038
2047,Agri02_OFC,DE8,532845.3364220827
2047,Agri02_OFC,DE9,761543.4670561148
2047,Agri02_OFC,DEA,558060.7940443405
2047,Agri02_OFC,DEB,331724.30348666763
2047,Agri02_OFC,DEC,204231.49648416028
2047,Agri02_OFC,DEE,410964.1130426504
2047,Agri02_OFC,DED,353359.4328056223
2047,Agri02_OFC,DEF,185267.89273973636
2047,Agri02_OFC,DEG,148133.45520945446
2047,Agri03_No-till,DE1,0.0
2047,Agri03_No-till,DE2,0.0
2047,Agri03_No-till,DE3,0.0
2047,Agri03_No-till,DE4,0.0
2047,Agri03_No-till,DE5,0.0
2047,Agri03_No-till,DE6,0.0
2047,Agri03_No-till,DE7,0.0
2047,Agri03_No-till,DE8,0.0
2047,Agri03_No-till,DE9,0.0
2047,Agri03_No-till,DEA,0.0
2047,Agri03_No-till,DEB,0.0
2047,Agri03_No-till,DEC,0.0
2047,Agri03_No-till,DEE,0.0
2047,Agri03_No-till,DED,0.0
2047,Agri03_No-till,DEF,0.0
2047,Agri03_No-till,DEG,0.0
2047,Agri04_toGrassland,DE1,182805.6198472551
2047,Agri04_toGrassland,DE2,324820.3736105088
2047,Agri04_toGrassland,DE3,62738.72640415886
2047,Agri04_toGrassland,DE4,170531.45058595797
2047,Agri04_toGrassland,DE5,29560.50027682555
2047,Agri04_toGrassland,DE6,3980.750621819288
2047,Agri04_toGrassland,DE7,76848.93421136698
2047,Agri04_toGrassland,DE8,176241.86665331753
2047,Agri04_toGrassland,DE9,278408.1965921256
2047,Agri04_toGrassland,DEA,187506.3695849837
2047,Agri04_toGrassland,DEB,105370.61528864419
2047,Agri04_toGrassland,DEC,48943.700390779784
2047,Agri04_toGrassland,DEE,139762.83250626616
2047,Agri04_toGrassland,DED,114622.96206483936
2047,Agri04_toGrassland,DEF,82742.79385539702
2047,Agri04_toGrassland,DEG,66153.72429766676
2047,Agri05_Agroforestry,DE1,22094988.12628016
2047,Agri05_Agroforestry,DE2,26752431.733153496
2047,Agri05_Agroforestry,DE3,40258.00126587097
2047,Agri05_Agroforestry,DE4,14577553.194279531
2047,Agri05_Agroforestry,DE5,330495.856772129
2047,Agri05_Agroforestry,DE6,267543.14979502646
2047,Agri05_Agroforestry,DE7,4888493.282780522
2047,Agri05_Agroforestry,DE8,13884014.859266588
2047,Agri05_Agroforestry,DE9,25050605.017430898
2047,Agri05_Agroforestry,DEA,17989376.753038906
2047,Agri05_Agroforestry,DEB,10570704.496772133
2047,Agri05_Agroforestry,DEC,1472592.9339026508
2047,Agri05_Agroforestry,DEE,7305574.716024304
2047,Agri05_Agroforestry,DED,8138958.987530383
2047,Agri05_Agroforestry,DEF,2719243.6367306462
2047,Agri05_Agroforestry,DEG,2175196.952085269
2047,Agri06_Biochar,DE1,0.0
2047,Agri06_Biochar,DE2,0.0
2047,Agri06_Biochar,DE3,0.0
2047,Agri06_Biochar,DE4,0.0
2047,Agri06_Biochar,DE5,0.0
2047,Agri06_Biochar,DE6,0.0
2047,Agri06_Biochar,DE7,0.0
2047,Agri06_Biochar,DE8,0.0
2047,Agri06_Biochar,DE9,0.0
2047,Agri06_Biochar,DEA,0.0
2047,Agri06_Biochar,DEB,0.0
2047,Agri06_Biochar,DEC,0.0
2047,Agri06_Biochar,DEE,0.0
2047,Agri06_Biochar,DED,0.0
2047,Agri06_Biochar,DEF,0.0
2047,Agri06_Biochar,DEG,0.0
2048,Agri01_AGC,DE1,3046860.0925225373
2048,Agri01_AGC,DE2,5171716.356837319
2048,Agri01_AGC,DE3,7162.230055662847
2048,Agri01_AGC,DE4,2884667.611561018
2048,Agri01_AGC,DE5,23027.27833727662
2048,Agri01_AGC,DE6,37823.25549987049
2048,Agri01_AGC,DE7,1195677.5798123935
2048,Agri01_AGC,DE8,2945172.5599260363
2048,Agri01_AGC,DE9,4473807.863089159
2048,Agri01_AGC,DEA,3113714.5528139346
2048,Agri01_AGC,DEB,1790142.3211265993
2048,Agri01_AGC,DEC,194460.98891512907
2048,Agri01_AGC,DEE,2309746.57129174
2048,Agri01_AGC,DED,1930636.3692036073
2048,Agri01_AGC,DEF,1238125.4853454158
2048,Agri01_AGC,DEG,989916.1448732319
2048,Agri02_OFC,DE1,377335.6200656567
2048,Agri02_OFC,DE2,595792.0431983134
2048,Agri02_OFC,DE3,192640.83742388655
2048,Agri02_OFC,DE4,365072.47136158706
2048,Agri02_OFC,DE5,89732.28329125363
2048,Agri02_OFC,DE6,10256.926997441711
2048,Agri02_OFC,DE7,132354.59498419086
2048,Agri02_OFC,DE8,366165.7341460534
2048,Agri02_OFC,DE9,523324.69412446313
2048,Agri02_OFC,DEA,383493.53251636506
2048,Agri02_OFC,DEB,227957.4668625174
2048,Agri02_OFC,DEC,140345.74525511498
2048,Agri02_OFC,DEE,282410.2340284785
2048,Agri02_OFC,DED,242824.9011232999
2048,Agri02_OFC,DEF,127314.15538748515
2048,Agri02_OFC,DEG,101795.75886424795
2048,Agri03_No-till,DE1,0.0
2048,Agri03_No-till,DE2,0.0
2048,Agri03_No-till,DE3,0.0
2048,Agri03_No-till,DE4,0.0
2048,Agri03_No-till,DE5,0.0
2048,Agri03_No-till,DE6,0.0
2048,Agri03_No-till,DE7,0.0
2048,Agri03_No-till,DE8,0.0
2048,Agri03_No-till,DE9,0.0
2048,Agri03_No-till,DEA,0.0
2048,Agri03_No-till,DEB,0.0
2048,Agri03_No-till,DEC,0.0
2048,Agri03_No-till,DEE,0.0
2048,Agri03_No-till,DED,0.0
2048,Agri03_No-till,DEF,0.0
2048,Agri03_No-till,DEG,0.0
2048,Agri04_toGrassland,DE1,177928.14241987583
2048,Agri04_toGrassland,DE2,316153.7689319331
2048,Agri04_toGrassland,DE3,61064.78048217629
2048,Agri04_toGrassland,DE4,165981.46300031242
2048,Agri04_toGrassland,DE5,28771.78999011376
2048,Agri04_toGrassland,DE6,3874.5393285440987
2048,Agri04_toGrassland,DE7,74798.5106945884
2048,Agri04_toGrassland,DE8,171539.51818569927
2048,Agri04_toGrassland,DE9,270979.9255378216
2048,Agri04_toGrassland,DEA,182503.47040767854
2048,Agri04_toGrassland,DEB,102559.19845141098
2048,Agri04_toGrassland,DEC,47637.822628006914
2048,Agri04_toGrassland,DEE,136033.78926730287
2048,Agri04_toGrassland,DED,111564.681304118
2048,Agri04_toGrassland,DEF,80535.11495775041
2048,Agri04_toGrassland,DEG,64388.66205686396
2048,Agri05_Agroforestry,DE1,22582010.04004179
2048,Agri05_Agroforestry,DE2,27342113.90116339
2048,Agri05_Agroforestry,DE3,41145.375755898516
2048,Agri05_Agroforestry,DE4,14898874.383232586
2048,Agri05_Agroforestry,DE5,337780.70905335766
2048,Agri05_Agroforestry,DE6,273440.3865838531
2048,Agri05_Agroforestry,DE7,4996246.377753171
2048,Agri05_Agroforestry,DE8,14190048.944861423
2048,Agri05_Agroforestry,DE9,25602775.198593598
2048,Agri05_Agroforestry,DEA,18385902.00318028
2048,Agri05_Agroforestry,DEB,10803705.967712201
2048,Agri05_Agroforestry,DEC,1505052.106306916
2048,Agri05_Agroforestry,DEE,7466605.577819373
2048,Agri05_Agroforestry,DED,8318359.463307049
2048,Agri05_Agroforestry,DEF,2779181.7200813
2048,Agri05_Agroforestry,DEG,2223143.055353503
2048,Agri06_Biochar,DE1,0.0
2048,Agri06_Biochar,DE2,0.0
2048,Agri06_Biochar,DE3,0.0
2048,Agri06_Biochar,DE4,0.0
2048,Agri06_Biochar,DE5,0.0
2048,Agri06_Biochar,DE6,0.0
2048,Agri06_Biochar,DE7,0.0
2048,Agri06_Biochar,DE8,0.0
2048,Agri06_Biochar,DE9,0.0
2048,Agri06_Biochar,DEA,0.0
2048,Agri06_Biochar,DEB,0.0
2048,Agri06_Biochar,DEC,0.0
2048,Agri06_Biochar,DEE,0.0
2048,Agri06_Biochar,DED,0.0
2048,Agri06_Biochar,DEF,0.0
2048,Agri06_Biochar,DEG,0.0
2049,Agri01_AGC,DE1,1798618.6585383369
2049,Agri01_AGC,DE2,3052961.164480088
2049,Agri01_AGC,DE3,4227.998734327832
2049,Agri01_AGC,DE4,1702873.3949970459
2049,Agri01_AGC,DE5,13593.434294677914
2049,Agri01_AGC,DE6,22327.777122318465
2049,Agri01_AGC,DE7,705830.9011051595
2049,Agri01_AGC,DE8,1738590.6008281552
2049,Agri01_AGC,DE9,2640972.6908746026
2049,Agri01_AGC,DEA,1838084.1003489795
2049,Agri01_AGC,DEB,1056754.5874913232
2049,Agri01_AGC,DEC,114793.96900400365
2049,Agri01_AGC,DEE,1363486.721893038
2049,Agri01_AGC,DED,1139690.8591320992
2049,Agri01_AGC,DEF,730888.6958804876
2049,Agri01_AGC,DEG,584366.0668656594
2049,Agri02_OFC,DE1,205571.45643139322
2049,Agri02_OFC,DE2,324585.94295762904
2049,Agri02_OFC,DE3,104950.2231210001
2049,Agri02_OFC,DE4,198890.52517159935
2049,Agri02_OFC,DE5,48885.91265751081
2049,Agri02_OFC,DE6,5587.946934370211
2049,Agri02_OFC,DE7,72106.43631140102
2049,Agri02_OFC,DE8,199486.13187002306
2049,Agri02_OFC,DE9,285105.92119281006
2049,Agri02_OFC,DEA,208926.27098838854
2049,Agri02_OFC,DEB,124190.6302383666
2049,Agri02_OFC,DEC,76459.99402606934
2049,Agri02_OFC,DEE,153856.3550143059
2049,Agri02_OFC,DED,132290.36944097688
2049,Agri02_OFC,DEF,69360.4180352336
2049,Agri02_OFC,DEG,55458.062519041174
2049,Agri03_No-till,DE1,0.0
2049,Agri03_No-till,DE2,0.0
2049,Agri03_No-till,DE3,0.0
2049,Agri03_No-till,DE4,0.0
2049,Agri03_No-till,DE5,0.0
2049,Agri03_No-till,DE6,0.0
2049,Agri03_No-till,DE7,0.0
2049,Agri03_No-till,DE8,0.0
2049,Agri03_No-till,DE9,0.0
2049,Agri03_No-till,DEA,0.0
2049,Agri03_No-till,DEB,0.0
2049,Agri03_No-till,DEC,0.0
2049,Agri03_No-till,DEE,0.0
2049,Agri03_No-till,DED,0.0
2049,Agri03_No-till,DEF,0.0
2049,Agri03_No-till,DEG,0.0
2049,Agri04_toGrassland,DE1,173050.66499249657
2049,Agri04_toGrassland,DE2,307487.1642533574
2049,Agri04_toGrassland,DE3,59390.834560193725
2049,Agri04_toGrassland,DE4,161431.47541466684
2049,Agri04_toGrassland,DE5,27983.07970340197
2049,Agri04_toGrassland,DE6,3768.32803526891
2049,Agri04_toGrassland,DE7,72748.08717780984
2049,Agri04_toGrassland,DE8,166837.16971808104
2049,Agri04_toGrassland,DE9,263551.65448351763
2049,Agri04_toGrassland,DEA,177500.5712303734
2049,Agri04_toGrassland,DEB,99747.78161417777
2049,Agri04_toGrassland,DEC,46331.94486523404
2049,Agri04_toGrassland,DEE,132304.74602833958
2049,Agri04_toGrassland,DED,108506.40054339664
2049,Agri04_toGrassland,DEF,78327.43606010379
2049,Agri04_toGrassland,DEG,62623.59981606116
2049,Agri05_Agroforestry,DE1,23069031.953803413
2049,Agri05_Agroforestry,DE2,27931796.06917328
2049,Agri05_Agroforestry,DE3,42032.75024592605
2049,Agri05_Agroforestry,DE4,15220195.572185637
2049,Agri05_Agroforestry,DE5,345065.56133458624
2049,Agri05_Agroforestry,DE6,279337.62337267975
2049,Agri05_Agroforestry,DE7,5103999.472725821
2049,Agri05_Agroforestry,DE8,14496083.030456256
2049,Agri05_Agroforestry,DE9,26154945.379756294
2049,Agri05_Agroforestry,DEA,18782427.25332165
2049,Agri05_Agroforestry,DEB,11036707.438652268
2049,Agri05_Agroforestry,DEC,1537511.2787111811
2049,Agri05_Agroforestry,DEE,7627636.439614441
2049,Agri05_Agroforestry,DED,8497759.939083714
2049,Agri05_Agroforestry,DEF,2839119.803431954
2049,Agri05_Agroforestry,DEG,2271089.1586217363
2049,Agri06_Biochar,DE1,0.0
2049,Agri06_Biochar,DE2,0.0
2049,Agri06_Biochar,DE3,0.0
2049,Agri06_Biochar,DE4,0.0
2049,Agri06_Biochar,DE5,0.0
2049,Agri06_Biochar,DE6,0.0
2049,Agri06_Biochar,DE7,0.0
2049,Agri06_Biochar,DE8,0.0
2049,Agri06_Biochar,DE9,0.0
2049,Agri06_Biochar,DEA,0.0
2049,Agri06_Biochar,DEB,0.0
2049,Agri06_Biochar,DEC,0.0
2049,Agri06_Biochar,DEE,0.0
2049,Agri06_Biochar,DED,0.0
2049,Agri06_Biochar,DEF,0.0
2049,Agri06_Biochar,DEG,0.0
2050,Agri01_AGC,DE1,550377.2245541369
2050,Agri01_AGC,DE2,934205.9721228573
2050,Agri01_AGC,DE3,1293.7674129928173
2050,Agri01_AGC,DE4,521079.1784330742
2050,Agri01_AGC,DE5,4159.590252079211
2050,Agri01_AGC,DE6,6832.298744766447
2050,Agri01_AGC,DE7,215984.22239792586
2050,Agri01_AGC,DE8,532008.6417302748
2050,Agri01_AGC,DE9,808137.5186600472
2050,Agri01_AGC,DEA,562453.6478840249
2050,Agri01_AGC,DEB,323366.8538560473
2050,Agri01_AGC,DEC,35126.94909287826
2050,Agri01_AGC,DEE,417226.8724943361
2050,Agri01_AGC,DED,348745.34906059114
2050,Agri01_AGC,DEF,223651.90641555953
2050,Agri01_AGC,DEG,178815.9888580871
2050,Agri02_OFC,DE1,33807.29279712847
2050,Agri02_OFC,DE2,53379.84271694269
2050,Agri02_OFC,DE3,17259.60881811303
2050,Agri02_OFC,DE4,32708.578981610415
2050,Agri02_OFC,DE5,8039.542023767702
2050,Agri02_OFC,DE6,918.9668712986793
2050,Agri02_OFC,DE7,11858.277638610733
2050,Agri02_OFC,DE8,32806.529593991574
2050,Agri02_OFC,DE9,46887.14826115532
2050,Agri02_OFC,DEA,34359.009460410765
2050,Agri02_OFC,DEB,20423.793614215054
2050,Agri02_OFC,DEC,12574.242797023224
2050,Agri02_OFC,DEE,25302.476000132378
2050,Agri02_OFC,DED,21755.837758653033
2050,Agri02_OFC,DEF,11406.680682981629
2050,Agri02_OFC,DEG,9120.366173834062
2050,Agri03_No-till,DE1,0.0
2050,Agri03_No-till,DE2,0.0
2050,Agri03_No-till,DE3,0.0
2050,Agri03_No-till,DE4,0.0
2050,Agri03_No-till,DE5,0.0
2050,Agri03_No-till,DE6,0.0
2050,Agri03_No-till,DE7,0.0
2050,Agri03_No-till,DE8,0.0
2050,Agri03_No-till,DE9,0.0
2050,Agri03_No-till,DEA,0.0
2050,Agri03_No-till,DEB,0.0
2050,Agri03_No-till,DEC,0.0
2050,Agri03_No-till,DEE,0.0
2050,Agri03_No-till,DED,0.0
2050,Agri03_No-till,DEF,0.0
2050,Agri03_No-till,DEG,0.0
2050,Agri04_toGrassland,DE1,168173.1875651173
2050,Agri04_toGrassland,DE2,298820.5595747816
2050,Agri04_toGrassland,DE3,57716.88863821115
2050,Agri04_toGrassland,DE4,156881.48782902127
2050,Agri04_toGrassland,DE5,27194.369416690177
2050,Agri04_toGrassland,DE6,3662.11674199372
2050,Agri04_toGrassland,DE7,70697.66366103124
2050,Agri04_toGrassland,DE8,162134.8212504628
2050,Agri04_toGrassland,DE9,256123.38342921363
2050,Agri04_toGrassland,DEA,172497.6720530682
2050,Agri04_toGrassland,DEB,96936.36477694455
2050,Agri04_toGrassland,DEC,45026.06710246116
2050,Agri04_toGrassland,DEE,128575.70278937624
2050,Agri04_toGrassland,DED,105448.11978267526
2050,Agri04_toGrassland,DEF,76119.75716245717
2050,Agri04_toGrassland,DEG,60858.53757525836
2050,Agri05_Agroforestry,DE1,23556053.867565036
2050,Agri05_Agroforestry,DE2,28521478.237183165
2050,Agri05_Agroforestry,DE3,42920.124735953585
2050,Agri05_Agroforestry,DE4,15541516.761138689
2050,Agri05_Agroforestry,DE5,352350.41361581476
2050,Agri05_Agroforestry,DE6,285234.86016150634
2050,Agri05_Agroforestry,DE7,5211752.567698468
2050,Agri05_Agroforestry,DE8,14802117.116051089
2050,Agri05_Agroforestry,DE9,26707115.56091899
2050,Agri05_Agroforestry,DEA,19178952.503463022
2050,Agri05_Agroforestry,DEB,11269708.909592332
2050,Agri05_Agroforestry,DEC,1569970.451115446
2050,Agri05_Agroforestry,DEE,7788667.301409509
2050,Agri05_Agroforestry,DED,8677160.414860379
2050,Agri05_Agroforestry,DEF,2899057.886782607
2050,Agri05_Agroforestry,DEG,2319035.26188997
2050,Agri06_Biochar,DE1,0.0
2050,Agri06_Biochar,DE2,0.0
2050,Agri06_Biochar,DE3,0.0
2050,Agri06_Biochar,DE4,0.0
2050,Agri06_Biochar,DE5,0.0
2050,Agri06_Biochar,DE6,0.0
2050,Agri06_Biochar,DE7,0.0
2050,Agri06_Biochar,DE8,0.0
2050,Agri06_Biochar,DE9,0.0
2050,Agri06_Biochar,DEA,0.0
2050,Agri06_Biochar,DEB,0.0
2050,Agri06_Biochar,DEC,0.0
2050,Agri06_Biochar,DEE,0.0
2050,Agri06_Biochar,DED,0.0
2050,Agri06_Biochar,DEF,0.0
2050,Agri06_Biochar,DEG,0.0
