year,techAgri,r,costTechAgri
2020,Agri01_AGC,DE1,0.0
2020,Agri01_AGC,DE2,0.0
2020,Agri01_AGC,DE3,0.0
2020,Agri01_AGC,DE4,0.0
2020,Agri01_AGC,DE5,0.0
2020,Agri01_AGC,DE6,0.0
2020,Agri01_AGC,DE7,0.0
2020,Agri01_AGC,DE8,0.0
2020,Agri01_AGC,DE9,0.0
2020,Agri01_AGC,DEA,0.0
2020,Agri01_AGC,DEB,0.0
2020,Agri01_AGC,DEC,0.0
2020,Agri01_AGC,DEE,0.0
2020,Agri01_AGC,DED,0.0
2020,Agri01_AGC,DEF,0.0
2020,Agri01_AGC,DEG,0.0
2020,Agri02_OFC,DE1,0.0
2020,Agri02_OFC,DE2,0.0
2020,Agri02_OFC,DE3,0.0
2020,Agri02_OFC,DE4,0.0
2020,Agri02_OFC,DE5,0.0
2020,Agri02_OFC,DE6,0.0
2020,Agri02_OFC,DE7,0.0
2020,Agri02_OFC,DE8,0.0
2020,Agri02_OFC,DE9,0.0
2020,Agri02_OFC,DEA,0.0
2020,Agri02_OFC,DEB,0.0
2020,Agri02_OFC,DEC,0.0
2020,Agri02_OFC,DEE,0.0
2020,Agri02_OFC,DED,0.0
2020,Agri02_OFC,DEF,0.0
2020,Agri02_OFC,DEG,0.0
2020,Agri03_No-till,DE1,0.0
2020,Agri03_No-till,DE2,0.0
2020,Agri03_No-till,DE3,0.0
2020,Agri03_No-till,DE4,0.0
2020,Agri03_No-till,DE5,0.0
2020,Agri03_No-till,DE6,0.0
2020,Agri03_No-till,DE7,0.0
2020,Agri03_No-till,DE8,0.0
2020,Agri03_No-till,DE9,0.0
2020,Agri03_No-till,DEA,0.0
2020,Agri03_No-till,DEB,0.0
2020,Agri03_No-till,DEC,0.0
2020,Agri03_No-till,DEE,0.0
2020,Agri03_No-till,DED,0.0
2020,Agri03_No-till,DEF,0.0
2020,Agri03_No-till,DEG,0.0
2020,Agri04_toGrassland,DE1,0.0
2020,Agri04_toGrassland,DE2,0.0
2020,Agri04_toGrassland,DE3,0.0
2020,Agri04_toGrassland,DE4,0.0
2020,Agri04_toGrassland,DE5,0.0
2020,Agri04_toGrassland,DE6,0.0
2020,Agri04_toGrassland,DE7,0.0
2020,Agri04_toGrassland,DE8,0.0
2020,Agri04_toGrassland,DE9,0.0
2020,Agri04_toGrassland,DEA,0.0
2020,Agri04_toGrassland,DEB,0.0
2020,Agri04_toGrassland,DEC,0.0
2020,Agri04_toGrassland,DEE,0.0
2020,Agri04_toGrassland,DED,0.0
2020,Agri04_toGrassland,DEF,0.0
2020,Agri04_toGrassland,DEG,0.0
2020,Agri05_Agroforestry,DE1,0.0
2020,Agri05_Agroforestry,DE2,0.0
2020,Agri05_Agroforestry,DE3,0.0
2020,Agri05_Agroforestry,DE4,0.0
2020,Agri05_Agroforestry,DE5,0.0
2020,Agri05_Agroforestry,DE6,0.0
2020,Agri05_Agroforestry,DE7,0.0
2020,Agri05_Agroforestry,DE8,0.0
2020,Agri05_Agroforestry,DE9,0.0
2020,Agri05_Agroforestry,DEA,0.0
2020,Agri05_Agroforestry,DEB,0.0
2020,Agri05_Agroforestry,DEC,0.0
2020,Agri05_Agroforestry,DEE,0.0
2020,Agri05_Agroforestry,DED,0.0
2020,Agri05_Agroforestry,DEF,0.0
2020,Agri05_Agroforestry,DEG,0.0
2020,Agri06_Biochar,DE1,0.0
2020,Agri06_Biochar,DE2,0.0
2020,Agri06_Biochar,DE3,0.0
2020,Agri06_Biochar,DE4,0.0
2020,Agri06_Biochar,DE5,0.0
2020,Agri06_Biochar,DE6,0.0
2020,Agri06_Biochar,DE7,0.0
2020,Agri06_Biochar,DE8,0.0
2020,Agri06_Biochar,DE9,0.0
2020,Agri06_Biochar,DEA,0.0
2020,Agri06_Biochar,DEB,0.0
2020,Agri06_Biochar,DEC,0.0
2020,Agri06_Biochar,DEE,0.0
2020,Agri06_Biochar,DED,0.0
2020,Agri06_Biochar,DEF,0.0
2020,Agri06_Biochar,DEG,0.0
2021,Agri01_AGC,DE1,0.0
2021,Agri01_AGC,DE2,688221.6360870356
2021,Agri01_AGC,DE3,0.0
2021,Agri01_AGC,DE4,0.0
2021,Agri01_AGC,DE5,0.0
2021,Agri01_AGC,DE6,0.0
2021,Agri01_AGC,DE7,177498.64295323784
2021,Agri01_AGC,DE8,0.0
2021,Agri01_AGC,DE9,568288.0821728861
2021,Agri01_AGC,DEA,0.0
2021,Agri01_AGC,DEB,0.0
2021,Agri01_AGC,DEC,0.0
2021,Agri01_AGC,DEE,0.0
2021,Agri01_AGC,DED,0.0
2021,Agri01_AGC,DEF,217020.6004455104
2021,Agri01_AGC,DEG,173498.68535906842
2021,Agri02_OFC,DE1,0.0
2021,Agri02_OFC,DE2,0.0
2021,Agri02_OFC,DE3,0.0
2021,Agri02_OFC,DE4,0.0
2021,Agri02_OFC,DE5,0.0
2021,Agri02_OFC,DE6,0.0
2021,Agri02_OFC,DE7,0.0
2021,Agri02_OFC,DE8,0.0
2021,Agri02_OFC,DE9,0.0
2021,Agri02_OFC,DEA,0.0
2021,Agri02_OFC,DEB,0.0
2021,Agri02_OFC,DEC,0.0
2021,Agri02_OFC,DEE,0.0
2021,Agri02_OFC,DED,0.0
2021,Agri02_OFC,DEF,0.0
2021,Agri02_OFC,DEG,0.0
2021,Agri03_No-till,DE1,0.0
2021,Agri03_No-till,DE2,0.0
2021,Agri03_No-till,DE3,0.0
2021,Agri03_No-till,DE4,0.0
2021,Agri03_No-till,DE5,0.0
2021,Agri03_No-till,DE6,0.0
2021,Agri03_No-till,DE7,0.0
2021,Agri03_No-till,DE8,0.0
2021,Agri03_No-till,DE9,0.0
2021,Agri03_No-till,DEA,0.0
2021,Agri03_No-till,DEB,0.0
2021,Agri03_No-till,DEC,0.0
2021,Agri03_No-till,DEE,0.0
2021,Agri03_No-till,DED,0.0
2021,Agri03_No-till,DEF,0.0
2021,Agri03_No-till,DEG,0.0
2021,Agri04_toGrassland,DE1,3402.365007032112
2021,Agri04_toGrassland,DE2,7418.478050660094
2021,Agri04_toGrassland,DE3,6.927532496422472
2021,Agri04_toGrassland,DE4,2933.5953859842753
2021,Agri04_toGrassland,DE5,22.272702460809967
2021,Agri04_toGrassland,DE6,36.58383346520322
2021,Agri04_toGrassland,DE7,1913.2932150421714
2021,Agri04_toGrassland,DE8,3236.4727624878346
2021,Agri04_toGrassland,DE9,6125.690392445205
2021,Agri04_toGrassland,DEA,3555.027813671227
2021,Agri04_toGrassland,DEB,1768.886069065016
2021,Agri04_toGrassland,DEC,188.08873905563658
2021,Agri04_toGrassland,DEE,2713.0165790343776
2021,Agri04_toGrassland,DED,2018.866835369489
2021,Agri04_toGrassland,DEF,2339.3082642674863
2021,Agri04_toGrassland,DEG,1870.1768756829065
2021,Agri05_Agroforestry,DE1,23354.564999416336
2021,Agri05_Agroforestry,DE2,50922.02849276758
2021,Agri05_Agroforestry,DE3,47.55207264325728
2021,Agri05_Agroforestry,DE4,20136.829523685195
2021,Agri05_Agroforestry,DE5,152.8846188632157
2021,Agri05_Agroforestry,DE6,251.11929931827189
2021,Agri05_Agroforestry,DE7,13133.256032580315
2021,Agri05_Agroforestry,DE8,22215.844962000956
2021,Agri05_Agroforestry,DE9,42048.05602602163
2021,Agri05_Agroforestry,DEA,24402.475330400084
2021,Agri05_Agroforestry,DEB,12142.0143315479
2021,Agri05_Agroforestry,DEC,1291.081548527008
2021,Agri05_Agroforestry,DEE,18622.729162977932
2021,Agri05_Agroforestry,DED,13857.936063400644
2021,Agri05_Agroforestry,DEF,16057.51493404987
2021,Agri05_Agroforestry,DEG,12837.29620815771
2021,Agri06_Biochar,DE1,0.0
2021,Agri06_Biochar,DE2,0.0
2021,Agri06_Biochar,DE3,0.0
2021,Agri06_Biochar,DE4,0.0
2021,Agri06_Biochar,DE5,0.0
2021,Agri06_Biochar,DE6,0.0
2021,Agri06_Biochar,DE7,0.0
2021,Agri06_Biochar,DE8,0.0
2021,Agri06_Biochar,DE9,0.0
2021,Agri06_Biochar,DEA,0.0
2021,Agri06_Biochar,DEB,0.0
2021,Agri06_Biochar,DEC,0.0
2021,Agri06_Biochar,DEE,0.0
2021,Agri06_Biochar,DED,0.0
2021,Agri06_Biochar,DEF,0.0
2021,Agri06_Biochar,DEG,0.0
2022,Agri01_AGC,DE1,0.0
2022,Agri01_AGC,DE2,1328647.0810606
2022,Agri01_AGC,DE3,0.0
2022,Agri01_AGC,DE4,0.0
2022,Agri01_AGC,DE5,0.0
2022,Agri01_AGC,DE6,0.0
2022,Agri01_AGC,DE7,340330.0298521903
2022,Agri01_AGC,DE8,0.0
2022,Agri01_AGC,DE9,1100553.6393522008
2022,Agri01_AGC,DEA,0.0
2022,Agri01_AGC,DEB,0.0
2022,Agri01_AGC,DEC,0.0
2022,Agri01_AGC,DEE,0.0
2022,Agri01_AGC,DED,0.0
2022,Agri01_AGC,DEF,412317.52352858364
2022,Agri01_AGC,DEG,329631.7071088188
2022,Agri02_OFC,DE1,0.0
2022,Agri02_OFC,DE2,0.0
2022,Agri02_OFC,DE3,0.0
2022,Agri02_OFC,DE4,0.0
2022,Agri02_OFC,DE5,0.0
2022,Agri02_OFC,DE6,0.0
2022,Agri02_OFC,DE7,0.0
2022,Agri02_OFC,DE8,0.0
2022,Agri02_OFC,DE9,0.0
2022,Agri02_OFC,DEA,0.0
2022,Agri02_OFC,DEB,0.0
2022,Agri02_OFC,DEC,0.0
2022,Agri02_OFC,DEE,0.0
2022,Agri02_OFC,DED,0.0
2022,Agri02_OFC,DEF,0.0
2022,Agri02_OFC,DEG,0.0
2022,Agri03_No-till,DE1,0.0
2022,Agri03_No-till,DE2,0.0
2022,Agri03_No-till,DE3,0.0
2022,Agri03_No-till,DE4,0.0
2022,Agri03_No-till,DE5,0.0
2022,Agri03_No-till,DE6,0.0
2022,Agri03_No-till,DE7,0.0
2022,Agri03_No-till,DE8,0.0
2022,Agri03_No-till,DE9,0.0
2022,Agri03_No-till,DEA,0.0
2022,Agri03_No-till,DEB,0.0
2022,Agri03_No-till,DEC,0.0
2022,Agri03_No-till,DEE,0.0
2022,Agri03_No-till,DED,0.0
2022,Agri03_No-till,DEF,0.0
2022,Agri03_No-till,DEG,0.0
2022,Agri04_toGrassland,DE1,6817.836122900825
2022,Agri04_toGrassland,DE2,14591.768135722414
2022,Agri04_toGrassland,DE3,245.33684459809783
2022,Agri04_toGrassland,DE4,5926.411553101517
2022,Agri04_toGrassland,DE5,149.89519096405368
2022,Agri04_toGrassland,DE6,80.7871868840927
2022,Agri04_toGrassland,DE7,3737.6493397046393
2022,Agri04_toGrassland,DE8,6494.131973713549
2022,Agri04_toGrassland,DE9,12086.748810326346
2022,Agri04_toGrassland,DEA,7110.75438531865
2022,Agri04_toGrassland,DEB,3582.9233647695396
2022,Agri04_toGrassland,DEC,521.0374557756705
2022,Agri04_toGrassland,DEE,5414.198812819073
2022,Agri04_toGrassland,DED,4068.339197867232
2022,Agri04_toGrassland,DEF,4528.246655855146
2022,Agri04_toGrassland,DEG,3620.1558027544143
2022,Agri05_Agroforestry,DE1,58657.995280821364
2022,Agri05_Agroforestry,DE2,115673.32981888331
2022,Agri05_Agroforestry,DE3,9372.104583796232
2022,Agri05_Agroforestry,DE4,52715.94011097564
2022,Agri05_Agroforestry,DE5,5084.148838888216
2022,Agri05_Agroforestry,DE6,964.6464730164143
2022,Agri05_Agroforestry,DE7,28685.63382808763
2022,Agri05_Agroforestry,DE8,56187.28321937139
2022,Agri05_Agroforestry,DE9,97204.48266963295
2022,Agri05_Agroforestry,DEA,60709.69646190384
2022,Agri05_Agroforestry,DEB,32208.039727272975
2022,Agri05_Agroforestry,DEC,9678.532671139159
2022,Agri05_Agroforestry,DEE,45778.32759457425
2022,Agri05_Agroforestry,DED,35825.319170193994
2022,Agri05_Agroforestry,DEF,33213.967149716875
2022,Agri05_Agroforestry,DEG,26553.874973055266
2022,Agri06_Biochar,DE1,0.0
2022,Agri06_Biochar,DE2,0.0
2022,Agri06_Biochar,DE3,0.0
2022,Agri06_Biochar,DE4,0.0
2022,Agri06_Biochar,DE5,0.0
2022,Agri06_Biochar,DE6,0.0
2022,Agri06_Biochar,DE7,0.0
2022,Agri06_Biochar,DE8,0.0
2022,Agri06_Biochar,DE9,0.0
2022,Agri06_Biochar,DEA,0.0
2022,Agri06_Biochar,DEB,0.0
2022,Agri06_Biochar,DEC,0.0
2022,Agri06_Biochar,DEE,0.0
2022,Agri06_Biochar,DED,0.0
2022,Agri06_Biochar,DEF,0.0
2022,Agri06_Biochar,DEG,0.0
2023,Agri01_AGC,DE1,0.0
2023,Agri01_AGC,DE2,1921386.4018398616
2023,Agri01_AGC,DE3,0.0
2023,Agri01_AGC,DE4,0.0
2023,Agri01_AGC,DE5,0.0
2023,Agri01_AGC,DE6,0.0
2023,Agri01_AGC,DE7,488769.3946001132
2023,Agri01_AGC,DE8,0.0
2023,Agri01_AGC,DE9,1596524.233834278
2023,Agri01_AGC,DEA,130908.66229803547
2023,Agri01_AGC,DEB,0.0
2023,Agri01_AGC,DEC,0.0
2023,Agri01_AGC,DEE,247531.4656702484
2023,Agri01_AGC,DED,0.0
2023,Agri01_AGC,DEF,586627.1263673203
2023,Agri01_AGC,DEG,468987.5944054754
2023,Agri02_OFC,DE1,211646.58578138516
2023,Agri02_OFC,DE2,429186.8810448707
2023,Agri02_OFC,DE3,27726.34680027859
2023,Agri02_OFC,DE4,188137.66639690564
2023,Agri02_OFC,DE5,13799.233499212241
2023,Agri02_OFC,DE6,3157.6721204099827
2023,Agri02_OFC,DE7,107660.31994859088
2023,Agri02_OFC,DE8,202355.40995655686
2023,Agri02_OFC,DE9,358855.30163630284
2023,Agri02_OFC,DEA,219610.5417567087
2023,Agri02_OFC,DEB,114555.95485402735
2023,Agri02_OFC,DEC,28698.03734651529
2023,Agri02_OFC,DEE,166137.09922265605
2023,Agri02_OFC,DED,128277.2616916164
2023,Agri02_OFC,DEF,126722.6232366391
2023,Agri02_OFC,DEG,101311.24171390526
2023,Agri03_No-till,DE1,0.0
2023,Agri03_No-till,DE2,0.0
2023,Agri03_No-till,DE3,0.0
2023,Agri03_No-till,DE4,0.0
2023,Agri03_No-till,DE5,0.0
2023,Agri03_No-till,DE6,0.0
2023,Agri03_No-till,DE7,0.0
2023,Agri03_No-till,DE8,0.0
2023,Agri03_No-till,DE9,0.0
2023,Agri03_No-till,DEA,0.0
2023,Agri03_No-till,DEB,0.0
2023,Agri03_No-till,DEC,0.0
2023,Agri03_No-till,DEE,0.0
2023,Agri03_No-till,DED,0.0
2023,Agri03_No-till,DEF,0.0
2023,Agri03_No-till,DEG,0.0
2023,Agri04_toGrassland,DE1,10240.636972972941
2023,Agri04_toGrassland,DE2,21520.420506298513
2023,Agri04_toGrassland,DE3,704.1026927760236
2023,Agri04_toGrassland,DE4,8971.167049269172
2023,Agri04_toGrassland,DE5,377.7753260068579
2023,Agri04_toGrassland,DE6,132.18885976062347
2023,Agri04_toGrassland,DE7,5474.444334742438
2023,Agri04_toGrassland,DE8,9767.06423642782
2023,Agri04_toGrassland,DE9,17881.81327176546
2023,Agri04_toGrassland,DEA,10661.768140865262
2023,Agri04_toGrassland,DEB,5437.26795937669
2023,Agri04_toGrassland,DEC,991.6060550701934
2023,Agri04_toGrassland,DEE,8100.0107022756065
2023,Agri04_toGrassland,DED,6143.893412686273
2023,Agri04_toGrassland,DEF,6570.496401836426
2023,Agri04_toGrassland,DEG,5252.878980604127
2023,Agri05_Agroforestry,DE1,107315.0468666371
2023,Agri05_Agroforestry,DE2,195516.32154308425
2023,Agri05_Agroforestry,DE3,9832.253562014997
2023,Agri05_Agroforestry,DE4,99263.7073062889
2023,Agri05_Agroforestry,DE5,15495.289886603337
2023,Agri05_Agroforestry,DE6,2204.871437720596
2023,Agri05_Agroforestry,DE7,46813.69260340597
2023,Agri05_Agroforestry,DE8,103307.92343567492
2023,Agri05_Agroforestry,DE9,166760.4893897694
2023,Agri05_Agroforestry,DEA,110303.98187919281
2023,Agri05_Agroforestry,DEB,61180.54505750235
2023,Agri05_Agroforestry,DEC,26187.96234402253
2023,Agri05_Agroforestry,DEE,82440.37114189677
2023,Agri05_Agroforestry,DED,66885.83194318178
2023,Agri05_Agroforestry,DEF,51386.98283381079
2023,Agri05_Agroforestry,DEG,41083.98936365874
2023,Agri06_Biochar,DE1,0.0
2023,Agri06_Biochar,DE2,0.0
2023,Agri06_Biochar,DE3,0.0
2023,Agri06_Biochar,DE4,0.0
2023,Agri06_Biochar,DE5,0.0
2023,Agri06_Biochar,DE6,0.0
2023,Agri06_Biochar,DE7,0.0
2023,Agri06_Biochar,DE8,0.0
2023,Agri06_Biochar,DE9,0.0
2023,Agri06_Biochar,DEA,0.0
2023,Agri06_Biochar,DEB,0.0
2023,Agri06_Biochar,DEC,0.0
2023,Agri06_Biochar,DEE,0.0
2023,Agri06_Biochar,DED,0.0
2023,Agri06_Biochar,DEF,0.0
2023,Agri06_Biochar,DEG,0.0
2024,Agri01_AGC,DE1,314029.3236567067
2024,Agri01_AGC,DE2,2466549.665343989
2024,Agri01_AGC,DE3,0.0
2024,Agri01_AGC,DE4,0.0
2024,Agri01_AGC,DE5,0.0
2024,Agri01_AGC,DE6,0.0
2024,Agri01_AGC,DE7,623091.9711002626
2024,Agri01_AGC,DE8,300932.228953694
2024,Agri01_AGC,DE9,2055927.427915452
2024,Agri01_AGC,DEA,450957.5526709764
2024,Agri01_AGC,DEB,0.0
2024,Agri01_AGC,DEC,0.0
2024,Agri01_AGC,DEE,483255.83632444456
2024,Agri01_AGC,DED,105304.50849903439
2024,Agri01_AGC,DEF,740685.766079821
2024,Agri01_AGC,DEG,592154.8764052625
2024,Agri02_OFC,DE1,414561.852241823
2024,Agri02_OFC,DE2,826161.3378137188
2024,Agri02_OFC,DE3,66573.56042124903
2024,Agri02_OFC,DE4,371053.135501908
2024,Agri02_OFC,DE5,32607.07925963016
2024,Agri02_OFC,DE6,6581.364193101497
2024,Agri02_OFC,DE7,205775.92159446343
2024,Agri02_OFC,DE8,396824.83611882274
2024,Agri02_OFC,DE9,692932.1611062275
2024,Agri02_OFC,DEA,429472.59622145357
2024,Agri02_OFC,DEB,226417.47006687254
2024,Agri02_OFC,DEC,63849.82835016878
2024,Agri02_OFC,DEE,324239.46451774373
2024,Agri02_OFC,DED,252472.22612226615
2024,Agri02_OFC,DEF,239771.87550483466
2024,Agri02_OFC,DEG,191691.99425910925
2024,Agri03_No-till,DE1,0.0
2024,Agri03_No-till,DE2,0.0
2024,Agri03_No-till,DE3,0.0
2024,Agri03_No-till,DE4,0.0
2024,Agri03_No-till,DE5,0.0
2024,Agri03_No-till,DE6,0.0
2024,Agri03_No-till,DE7,0.0
2024,Agri03_No-till,DE8,0.0
2024,Agri03_No-till,DE9,0.0
2024,Agri03_No-till,DEA,0.0
2024,Agri03_No-till,DEB,0.0
2024,Agri03_No-till,DEC,0.0
2024,Agri03_No-till,DEE,0.0
2024,Agri03_No-till,DED,0.0
2024,Agri03_No-till,DEF,0.0
2024,Agri03_No-till,DEG,0.0
2024,Agri04_toGrassland,DE1,13664.99118261526
2024,Agri04_toGrassland,DE2,28204.98541349994
2024,Agri04_toGrassland,DE3,1372.099833501197
2024,Agri04_toGrassland,DE4,12060.58042240469
2024,Agri04_toGrassland,DE5,700.8209680863494
2024,Agri04_toGrassland,DE6,190.3676515987505
2024,Agri04_toGrassland,DE7,7125.054160910599
2024,Agri04_toGrassland,DE8,13049.356153381324
2024,Agri04_toGrassland,DE9,23509.52179488458
2024,Agri04_toGrassland,DEA,14202.657506234063
2024,Agri04_toGrassland,DEB,7327.075925149583
2024,Agri04_toGrassland,DEC,1592.5544418492973
2024,Agri04_toGrassland,DEE,10766.916248325495
2024,Agri04_toGrassland,DED,8241.005805019657
2024,Agri04_toGrassland,DEF,8469.738729284774
2024,Agri04_toGrassland,DEG,6771.288608621647
2024,Agri05_Agroforestry,DE1,170730.47577928548
2024,Agri05_Agroforestry,DE2,291713.4212301073
2024,Agri05_Agroforestry,DE3,10292.40254023376
2024,Agri05_Agroforestry,DE4,161306.5066540424
2024,Agri05_Agroforestry,DE5,32087.804988536896
2024,Agri05_Agroforestry,DE6,4036.0841100569833
2024,Agri05_Agroforestry,DE7,67673.99157541934
2024,Agri05_Agroforestry,DE8,164971.3742744751
2024,Agri05_Agroforestry,DE9,252007.28564536638
2024,Agri05_Agroforestry,DEA,174567.6500669485
2024,Agri05_Agroforestry,DEB,100041.99919256309
2024,Agri05_Agroforestry,DEC,51844.97954336319
2024,Agri05_Agroforestry,DEE,129582.4356520533
2024,Agri05_Agroforestry,DED,108023.1570051657
2024,Agri05_Agroforestry,DEF,70494.18817314137
2024,Agri05_Agroforestry,DEG,56361.89244893417
2024,Agri06_Biochar,DE1,0.0
2024,Agri06_Biochar,DE2,0.0
2024,Agri06_Biochar,DE3,0.0
2024,Agri06_Biochar,DE4,0.0
2024,Agri06_Biochar,DE5,0.0
2024,Agri06_Biochar,DE6,0.0
2024,Agri06_Biochar,DE7,0.0
2024,Agri06_Biochar,DE8,0.0
2024,Agri06_Biochar,DE9,0.0
2024,Agri06_Biochar,DEA,0.0
2024,Agri06_Biochar,DEB,0.0
2024,Agri06_Biochar,DEC,0.0
2024,Agri06_Biochar,DEE,0.0
2024,Agri06_Biochar,DED,0.0
2024,Agri06_Biochar,DEF,0.0
2024,Agri06_Biochar,DEG,0.0
2025,Agri01_AGC,DE1,614103.9393892827
2025,Agri01_AGC,DE2,2964246.93849215
2025,Agri01_AGC,DE3,0.0
2025,Agri01_AGC,DE4,284583.82598844124
2025,Agri01_AGC,DE5,0.0
2025,Agri01_AGC,DE6,0.0
2025,Agri01_AGC,DE7,743572.9932558943
2025,Agri01_AGC,DE8,589132.8525524308
2025,Agri01_AGC,DE9,2478490.7838920555
2025,Agri01_AGC,DEA,755616.7480947858
2025,Agri01_AGC,DEB,174673.44820326308
2025,Agri01_AGC,DEC,0.0
2025,Agri01_AGC,DEE,706465.8048502897
2025,Agri01_AGC,DED,293862.4951284538
2025,Agri01_AGC,DEF,875229.7997841865
2025,Agri01_AGC,DEG,699722.0822644038
2025,Agri02_OFC,DE1,607963.3289128268
2025,Agri02_OFC,DE2,1190997.9075850942
2025,Agri02_OFC,DE3,115034.61005744127
2025,Agri02_OFC,DE4,547760.0583359171
2025,Agri02_OFC,DE5,55733.75363053407
2025,Agri02_OFC,DE6,10214.020197578066
2025,Agri02_OFC,DE7,294533.1932391005
2025,Agri02_OFC,DE8,582607.2468692444
2025,Agri02_OFC,DE9,1002046.0836936596
2025,Agri02_OFC,DEA,628853.1089834373
2025,Agri02_OFC,DEB,334928.3848722637
2025,Agri02_OFC,DEC,104474.62626985947
2025,Agri02_OFC,DEE,473828.1077601501
2025,Agri02_OFC,DED,371972.114140622
2025,Agri02_OFC,DEF,339646.41758330626
2025,Agri02_OFC,DEG,271540.80937107815
2025,Agri03_No-till,DE1,0.0
2025,Agri03_No-till,DE2,0.0
2025,Agri03_No-till,DE3,0.0
2025,Agri03_No-till,DE4,0.0
2025,Agri03_No-till,DE5,0.0
2025,Agri03_No-till,DE6,0.0
2025,Agri03_No-till,DE7,0.0
2025,Agri03_No-till,DE8,0.0
2025,Agri03_No-till,DE9,0.0
2025,Agri03_No-till,DEA,0.0
2025,Agri03_No-till,DEB,0.0
2025,Agri03_No-till,DEC,0.0
2025,Agri03_No-till,DEE,0.0
2025,Agri03_No-till,DED,0.0
2025,Agri03_No-till,DEF,0.0
2025,Agri03_No-till,DEG,0.0
2025,Agri04_toGrassland,DE1,17085.122377194584
2025,Agri04_toGrassland,DE2,34646.01310843826
2025,Agri04_toGrassland,DE3,2238.203023244617
2025,Agri04_toGrassland,DE4,15187.370220425517
2025,Agri04_toGrassland,DE5,1113.939977699655
2025,Agri04_toGrassland,DE6,254.90236190242877
2025,Agri04_toGrassland,DE7,8690.854778964162
2025,Agri04_toGrassland,DE8,16335.094327324743
2025,Agri04_toGrassland,DE9,28968.51239780574
2025,Agri04_toGrassland,DEA,17728.010907348045
2025,Agri04_toGrassland,DEB,9247.503334351339
2025,Agri04_toGrassland,DEC,2316.642521023074
2025,Agri04_toGrassland,DEE,13411.379451890263
2025,Agri04_toGrassland,DED,10355.152700060427
2025,Agri04_toGrassland,DEF,10229.65486527364
2025,Agri04_toGrassland,DEG,8178.326886196578
2025,Agri05_Agroforestry,DE1,250309.03804118853
2025,Agri05_Agroforestry,DE2,405527.04644468956
2025,Agri05_Agroforestry,DE3,10752.551518452521
2025,Agri05_Agroforestry,DE4,240370.71369865377
2025,Agri05_Agroforestry,DE5,55563.19137121724
2025,Agri05_Agroforestry,DE6,6522.574406651745
2025,Agri05_Agroforestry,DE7,91423.08996101179
2025,Agri05_Agroforestry,DE8,242571.24439933558
2025,Agri05_Agroforestry,DE9,354236.0808953593
2025,Agri05_Agroforestry,DEA,254883.01950985243
2025,Agri05_Agroforestry,DEB,149774.87100278234
2025,Agri05_Agroforestry,DEC,87675.19324534721
2025,Agri05_Agroforestry,DEE,188178.09697215166
2025,Agri05_Agroforestry,DED,160220.97697894752
2025,Agri05_Agroforestry,DEF,90453.2093545184
2025,Agri05_Agroforestry,DEG,72321.83729784763
2025,Agri06_Biochar,DE1,0.0
2025,Agri06_Biochar,DE2,0.0
2025,Agri06_Biochar,DE3,0.0
2025,Agri06_Biochar,DE4,0.0
2025,Agri06_Biochar,DE5,0.0
2025,Agri06_Biochar,DE6,0.0
2025,Agri06_Biochar,DE7,0.0
2025,Agri06_Biochar,DE8,0.0
2025,Agri06_Biochar,DE9,0.0
2025,Agri06_Biochar,DEA,0.0
2025,Agri06_Biochar,DEB,0.0
2025,Agri06_Biochar,DEC,0.0
2025,Agri06_Biochar,DEE,0.0
2025,Agri06_Biochar,DED,0.0
2025,Agri06_Biochar,DEF,0.0
2025,Agri06_Biochar,DEG,0.0
2026,Agri01_AGC,DE1,899068.3969923733
2026,Agri01_AGC,DE2,3414588.288203515
2026,Agri01_AGC,DE3,0.0
2026,Agri01_AGC,DE4,558661.6808464458
2026,Agri01_AGC,DE5,0.0
2026,Agri01_AGC,DE6,0.0
2026,Agri01_AGC,DE7,850487.6949702643
2026,Agri01_AGC,DE8,863419.0119098072
2026,Agri01_AGC,DE9,2863941.864060424
2026,Agri01_AGC,DEA,1043803.7695448819
2026,Agri01_AGC,DEB,343509.07297251874
2026,Agri01_AGC,DEC,0.0
2026,Agri01_AGC,DEE,916454.064135485
2026,Agri01_AGC,DED,474656.1597035162
2026,Agri01_AGC,DEF,990995.5845985176
2026,Agri01_AGC,DEG,792277.741139124
2026,Agri02_OFC,DE1,791068.5453259101
2026,Agri02_OFC,DE2,1523771.1276375467
2026,Agri02_OFC,DE3,171602.46490338526
2026,Agri02_OFC,DE4,717272.0859198427
2026,Agri02_OFC,DE5,82489.47296120427
2026,Agri02_OFC,DE6,13998.584113343202
2026,Agri02_OFC,DE7,374118.52318398503
2026,Agri02_OFC,DE8,758901.6105902686
2026,Agri02_OFC,DE9,1286012.574682485
2026,Agri02_OFC,DEA,817019.0256318625
2026,Agri02_OFC,DEB,439432.53850392887
2026,Agri02_OFC,DEC,149591.68436448634
2026,Agri02_OFC,DEE,614424.040824762
2026,Agri02_OFC,DED,486164.14659535675
2026,Agri02_OFC,DEF,426844.9102507733
2026,Agri02_OFC,DEG,341256.23878527805
2026,Agri03_No-till,DE1,0.0
2026,Agri03_No-till,DE2,0.0
2026,Agri03_No-till,DE3,0.0
2026,Agri03_No-till,DE4,0.0
2026,Agri03_No-till,DE5,0.0
2026,Agri03_No-till,DE6,0.0
2026,Agri03_No-till,DE7,0.0
2026,Agri03_No-till,DE8,0.0
2026,Agri03_No-till,DE9,0.0
2026,Agri03_No-till,DEA,0.0
2026,Agri03_No-till,DEB,0.0
2026,Agri03_No-till,DEC,0.0
2026,Agri03_No-till,DEE,0.0
2026,Agri03_No-till,DED,0.0
2026,Agri03_No-till,DEF,0.0
2026,Agri03_No-till,DEG,0.0
2026,Agri04_toGrassland,DE1,20495.254182077715
2026,Agri04_toGrassland,DE2,40844.053842225
2026,Agri04_toGrassland,DE3,3291.287018477279
2026,Agri04_toGrassland,DE4,18344.254991249098
2026,Agri04_toGrassland,DE5,1612.0402153439009
2026,Agri04_toGrassland,DE6,325.3717901756132
2026,Agri04_toGrassland,DE7,10173.222149658153
2026,Agri04_toGrassland,DE8,19618.365361008746
2026,Agri04_toGrassland,DE9,34257.42309865098
2026,Agri04_toGrassland,DEA,21232.4167701302
2026,Agri04_toGrassland,DEB,11193.706259245075
2026,Agri04_toGrassland,DEC,3156.630197501615
2026,Agri04_toGrassland,DEE,16029.864313891425
2026,Agri04_toGrassland,DED,12481.810423001629
2026,Agri04_toGrassland,DEF,11853.926036876468
2026,Agri04_toGrassland,DEG,9476.936012718521
2026,Agri05_Agroforestry,DE1,347455.4896747681
2026,Agri05_Agroforestry,DE2,538219.614751568
2026,Agri05_Agroforestry,DE3,11212.700496671283
2026,Agri05_Agroforestry,DE4,337982.7039845404
2026,Agri05_Agroforestry,DE5,86622.94626117266
2026,Agri05_Agroforestry,DE6,9728.632244131048
2026,Agri05_Agroforestry,DE7,118217.54697706731
2026,Agri05_Agroforestry,DE8,337501.1424738198
2026,Agri05_Agroforestry,DE9,474738.0845986834
2026,Agri05_Agroforestry,DEA,352632.40869258606
2026,Agri05_Agroforestry,DEB,211361.62935848717
2026,Agri05_Agroforestry,DEC,134704.21242616064
2026,Agri05_Agroforestry,DEE,259200.9309492996
2026,Agri05_Agroforestry,DED,224462.9744873289
2026,Agri05_Agroforestry,DEF,111181.67256475163
2026,Agri05_Agroforestry,DEG,88898.07697936514
2026,Agri06_Biochar,DE1,0.0
2026,Agri06_Biochar,DE2,0.0
2026,Agri06_Biochar,DE3,0.0
2026,Agri06_Biochar,DE4,0.0
2026,Agri06_Biochar,DE5,0.0
2026,Agri06_Biochar,DE6,0.0
2026,Agri06_Biochar,DE7,0.0
2026,Agri06_Biochar,DE8,0.0
2026,Agri06_Biochar,DE9,0.0
2026,Agri06_Biochar,DEA,0.0
2026,Agri06_Biochar,DEB,0.0
2026,Agri06_Biochar,DEC,0.0
2026,Agri06_Biochar,DEE,0.0
2026,Agri06_Biochar,DED,0.0
2026,Agri06_Biochar,DEF,0.0
2026,Agri06_Biochar,DEG,0.0
2027,Agri01_AGC,DE1,1167767.2462606237
2027,Agri01_AGC,DE2,3817683.7813972505
2027,Agri01_AGC,DE3,0.0
2027,Agri01_AGC,DE4,820777.0532086131
2027,Agri01_AGC,DE5,0.0
2027,Agri01_AGC,DE6,0.0
2027,Agri01_AGC,DE7,944111.3101466284
2027,Agri01_AGC,DE8,1122607.84813942
2027,Agri01_AGC,DE9,3212008.2307168893
2027,Agri01_AGC,DEA,1314436.1379966815
2027,Agri01_AGC,DEB,505537.9417759094
2027,Agri01_AGC,DEC,0.0
2027,Agri01_AGC,DEE,1112513.3070677316
2027,Agri01_AGC,DED,646780.6299961263
2027,Agri01_AGC,DEF,1088719.4776409145
2027,Agri01_AGC,DEG,870410.3821856468
2027,Agri02_OFC,DE1,963095.0310125859
2027,Agri02_OFC,DE2,1824555.5352496256
2027,Agri02_OFC,DE3,234770.09415361093
2027,Agri02_OFC,DE4,878602.8692745945
2027,Agri02_OFC,DE5,112184.45360092106
2027,Agri02_OFC,DE6,17877.999919900427
2027,Agri02_OFC,DE7,444718.29973059974
2027,Agri02_OFC,DE8,924906.8956643419
2027,Agri02_OFC,DE9,1544647.1393565896
2027,Agri02_OFC,DEA,993237.2917559317
2027,Agri02_OFC,DEB,539273.7701955963
2027,Agri02_OFC,DEC,198220.2558929484
2027,Agri02_OFC,DEE,745548.2755864663
2027,Agri02_OFC,DED,594435.5443351431
2027,Agri02_OFC,DEF,501866.0142859552
2027,Agri02_OFC,DEG,401236.83423717506
2027,Agri03_No-till,DE1,0.0
2027,Agri03_No-till,DE2,0.0
2027,Agri03_No-till,DE3,0.0
2027,Agri03_No-till,DE4,0.0
2027,Agri03_No-till,DE5,0.0
2027,Agri03_No-till,DE6,0.0
2027,Agri03_No-till,DE7,0.0
2027,Agri03_No-till,DE8,0.0
2027,Agri03_No-till,DE9,0.0
2027,Agri03_No-till,DEA,0.0
2027,Agri03_No-till,DEB,0.0
2027,Agri03_No-till,DEC,0.0
2027,Agri03_No-till,DEE,0.0
2027,Agri03_No-till,DED,0.0
2027,Agri03_No-till,DEF,0.0
2027,Agri03_No-till,DEG,0.0
2027,Agri04_toGrassland,DE1,23889.610222631447
2027,Agri04_toGrassland,DE2,46799.657865971734
2027,Agri04_toGrassland,DE3,4520.226575670182
2027,Agri04_toGrassland,DE4,21523.953282792878
2027,Agri04_toGrassland,DE5,2190.029541516214
2027,Agri04_toGrassland,DE6,401.35473592225884
2027,Agri04_toGrassland,DE7,11573.53223374761
2027,Agri04_toGrassland,DE8,22893.255857184016
2027,Agri04_toGrassland,DE9,39374.891915542314
2027,Agri04_toGrassland,DEA,24710.463520503523
2027,Agri04_toGrassland,DEB,13160.840772093909
2027,Agri04_toGrassland,DEC,4105.277376195012
2027,Agri04_toGrassland,DEE,18618.834835250505
2027,Agri04_toGrassland,DED,14616.4552990363
2027,Agri04_toGrassland,DEF,13346.233471166708
2027,Agri04_toGrassland,DEG,10670.058187577082
2027,Agri05_Agroforestry,DE1,463574.58670244645
2027,Agri05_Agroforestry,DE2,691053.5437154798
2027,Agri05_Agroforestry,DE3,11672.849474890047
2027,Agri05_Agroforestry,DE4,455668.85305612005
2027,Agri05_Agroforestry,DE5,95827.61853222917
2027,Agri05_Agroforestry,DE6,13718.547539121066
2027,Agri05_Agroforestry,DE7,148213.92184046996
2027,Agri05_Agroforestry,DE8,451154.6771614916
2027,Agri05_Agroforestry,DE9,614804.5062142744
2027,Agri05_Agroforestry,DEA,469198.1360998311
2027,Agri05_Agroforestry,DEB,285784.74313000473
2027,Agri05_Agroforestry,DEC,193957.64606198965
2027,Agri05_Agroforestry,DEE,343624.51343060506
2027,Agri05_Agroforestry,DED,301732.83215311164
2027,Agri05_Agroforestry,DEF,132597.2039906509
2027,Agri05_Agroforestry,DEG,106024.86456245283
2027,Agri06_Biochar,DE1,0.0
2027,Agri06_Biochar,DE2,0.0
2027,Agri06_Biochar,DE3,0.0
2027,Agri06_Biochar,DE4,0.0
2027,Agri06_Biochar,DE5,0.0
2027,Agri06_Biochar,DE6,0.0
2027,Agri06_Biochar,DE7,0.0
2027,Agri06_Biochar,DE8,0.0
2027,Agri06_Biochar,DE9,0.0
2027,Agri06_Biochar,DEA,0.0
2027,Agri06_Biochar,DEB,0.0
2027,Agri06_Biochar,DEC,0.0
2027,Agri06_Biochar,DEE,0.0
2027,Agri06_Biochar,DED,0.0
2027,Agri06_Biochar,DEF,0.0
2027,Agri06_Biochar,DEG,0.0
2028,Agri01_AGC,DE1,1419045.0369886789
2028,Agri01_AGC,DE2,4173643.4849925255
2028,Agri01_AGC,DE3,0.0
2028,Agri01_AGC,DE4,1069473.4317095424
2028,Agri01_AGC,DE5,0.0
2028,Agri01_AGC,DE6,0.0
2028,Agri01_AGC,DE7,1024719.0726882425
2028,Agri01_AGC,DE8,1365516.5023548657
2028,Agri01_AGC,DE9,3522417.4461577865
2028,Agri01_AGC,DEA,1566431.3744256024
2028,Agri01_AGC,DEB,659791.1220815774
2028,Agri01_AGC,DEC,0.0
2028,Agri01_AGC,DEE,1293936.2265347305
2028,Agri01_AGC,DED,809331.0337781889
2028,Agri01_AGC,DEF,1169137.8360294783
2028,Agri01_AGC,DEG,934708.5345601966
2028,Agri02_OFC,DE1,1123260.3155043677
2028,Agri02_OFC,DE2,2093425.6676998804
2028,Agri02_OFC,DE3,303030.4670026483
2028,Agri02_OFC,DE4,1030766.0594210825
2028,Agri02_OFC,DE5,144128.91189896475
2028,Agri02_OFC,DE6,21795.211596753263
2028,Agri02_OFC,DE7,506518.9111804276
2028,Agri02_OFC,DE8,1079822.0704739112
2028,Agri02_OFC,DE9,1777765.2829998592
2028,Agri02_OFC,DEA,1156774.8529448477
2028,Agri02_OFC,DEB,633795.919180994
2028,Agri02_OFC,DEC,249379.5941141447
2028,Agri02_OFC,DEE,866721.8239201503
2028,Agri02_OFC,DED,696173.5282086536
2028,Agri02_OFC,DEF,565208.3904675716
2028,Agri02_OFC,DEG,451881.14746223536
2028,Agri03_No-till,DE1,0.0
2028,Agri03_No-till,DE2,0.0
2028,Agri03_No-till,DE3,0.0
2028,Agri03_No-till,DE4,0.0
2028,Agri03_No-till,DE5,0.0
2028,Agri03_No-till,DE6,0.0
2028,Agri03_No-till,DE7,0.0
2028,Agri03_No-till,DE8,0.0
2028,Agri03_No-till,DE9,0.0
2028,Agri03_No-till,DEA,0.0
2028,Agri03_No-till,DEB,0.0
2028,Agri03_No-till,DEC,0.0
2028,Agri03_No-till,DEE,0.0
2028,Agri03_No-till,DED,0.0
2028,Agri03_No-till,DEF,0.0
2028,Agri03_No-till,DEG,0.0
2028,Agri04_toGrassland,DE1,27262.414124222585
2028,Agri04_toGrassland,DE2,52513.37543079001
2028,Agri04_toGrassland,DE3,5913.896451294323
2028,Agri04_toGrassland,DE4,24719.18364297431
2028,Agri04_toGrassland,DE5,2842.8158167137212
2028,Agri04_toGrassland,DE6,482.42999864632066
2028,Agri04_toGrassland,DE7,12893.160991987566
2028,Agri04_toGrassland,DE8,26153.85241860123
2028,Agri04_toGrassland,DE9,44319.55686660181
2028,Agri04_toGrassland,DEA,28156.73958439101
2028,Agri04_toGrassland,DEB,15144.06294516096
2028,Agri04_toGrassland,DEC,5155.343962013357
2028,Agri04_toGrassland,DEE,21174.75501688902
2028,Agri04_toGrassland,DED,16754.56365335749
2028,Agri04_toGrassland,DEF,14710.258395217805
2028,Agri04_toGrassland,DEG,11760.635610161862
2028,Agri05_Agroforestry,DE1,600071.0851466453
2028,Agri05_Agroforestry,DE2,865291.2509011615
2028,Agri05_Agroforestry,DE3,12132.998453108808
2028,Agri05_Agroforestry,DE4,594955.53645781
2028,Agri05_Agroforestry,DE5,99605.18637010775
2028,Agri05_Agroforestry,DE6,18556.610208247956
2028,Agri05_Agroforestry,DE7,181568.7737681037
2028,Agri05_Agroforestry,DE8,584925.4571259144
2028,Agri05_Agroforestry,DE9,775726.5552010675
2028,Agri05_Agroforestry,DEA,605962.5202162688
2028,Agri05_Agroforestry,DEB,374026.68118766206
2028,Agri05_Agroforestry,DEC,266461.1031290202
2028,Agri05_Agroforestry,DEE,442422.42026317574
2028,Agri05_Agroforestry,DED,393014.23259909736
2028,Agri05_Agroforestry,DEF,154617.42981902583
2028,Agri05_Agroforestry,DEG,123636.4531160767
2028,Agri06_Biochar,DE1,0.0
2028,Agri06_Biochar,DE2,0.0
2028,Agri06_Biochar,DE3,0.0
2028,Agri06_Biochar,DE4,0.0
2028,Agri06_Biochar,DE5,0.0
2028,Agri06_Biochar,DE6,0.0
2028,Agri06_Biochar,DE7,0.0
2028,Agri06_Biochar,DE8,0.0
2028,Agri06_Biochar,DE9,0.0
2028,Agri06_Biochar,DEA,0.0
2028,Agri06_Biochar,DEB,0.0
2028,Agri06_Biochar,DEC,0.0
2028,Agri06_Biochar,DEE,0.0
2028,Agri06_Biochar,DED,0.0
2028,Agri06_Biochar,DEF,0.0
2028,Agri06_Biochar,DEG,0.0
2029,Agri01_AGC,DE1,1651746.3189711848
2029,Agri01_AGC,DE2,4482577.46590851
2029,Agri01_AGC,DE3,0.0
2029,Agri01_AGC,DE4,1303294.3049838338
2029,Agri01_AGC,DE5,0.0
2029,Agri01_AGC,DE6,7288.919538252877
2029,Agri01_AGC,DE7,1092586.2164983626
2029,Agri01_AGC,DE8,1590962.1156697415
2029,Agri01_AGC,DE9,3794897.0726794503
2029,Agri01_AGC,DEA,1798706.9998070626
2029,Agri01_AGC,DEB,805299.6813576657
2029,Agri01_AGC,DEC,0.0
2029,Agri01_AGC,DEE,1460015.5154241838
2029,Agri01_AGC,DED,961402.4988216092
2029,Agri01_AGC,DEF,1232987.0168823097
2029,Agri01_AGC,DEG,985760.7274189976
2029,Agri02_OFC,DE1,1270781.9283327686
2029,Agri02_OFC,DE2,2330456.0622668606
2029,Agri02_OFC,DE3,374876.5526450272
2029,Agri02_OFC,DE4,1172775.3073802164
2029,Agri02_OFC,DE5,177633.06420461563
2029,Agri02_OFC,DE6,25693.163123405222
2029,Agri02_OFC,DE7,559706.7458349514
2029,Agri02_OFC,DE8,1222846.1034014227
2029,Agri02_OFC,DE9,1985182.5108961787
2029,Agri02_OFC,DEA,1306898.6547878126
2029,Agri02_OFC,DEB,722342.8246938501
2029,Agri02_OFC,DEC,302088.9522869742
2029,Agri02_OFC,DEE,977465.6977007001
2029,Agri02_OFC,DED,790765.319064561
2029,Agri02_OFC,DEF,617370.6995743415
2029,Agri02_OFC,DEG,493587.7301959249
2029,Agri03_No-till,DE1,0.0
2029,Agri03_No-till,DE2,0.0
2029,Agri03_No-till,DE3,0.0
2029,Agri03_No-till,DE4,0.0
2029,Agri03_No-till,DE5,0.0
2029,Agri03_No-till,DE6,0.0
2029,Agri03_No-till,DE7,0.0
2029,Agri03_No-till,DE8,0.0
2029,Agri03_No-till,DE9,0.0
2029,Agri03_No-till,DEA,0.0
2029,Agri03_No-till,DEB,0.0
2029,Agri03_No-till,DEC,0.0
2029,Agri03_No-till,DEE,0.0
2029,Agri03_No-till,DED,0.0
2029,Agri03_No-till,DEF,0.0
2029,Agri03_No-till,DEG,0.0
2029,Agri04_toGrassland,DE1,30607.88951221793
2029,Agri04_toGrassland,DE2,57985.75678779137
2029,Agri04_toGrassland,DE3,7461.171401820699
2029,Agri04_toGrassland,DE4,27922.664619710835
2029,Agri04_toGrassland,DE5,3565.3069014335497
2029,Agri04_toGrassland,DE6,568.1763778517536
2029,Agri04_toGrassland,DE7,14133.484385133055
2029,Agri04_toGrassland,DE8,29394.24164801106
2029,Agri04_toGrassland,DE9,49090.05596995148
2029,Agri04_toGrassland,DEA,31565.83338771565
2029,Agri04_toGrassland,DEB,17138.528850709343
2029,Agri04_toGrassland,DEC,6299.589859866742
2029,Agri04_toGrassland,DEE,23694.08885972849
2029,Agri04_toGrassland,DED,18891.611811158244
2029,Agri04_toGrassland,DEF,15949.68203610321
2029,Agri04_toGrassland,DEG,12751.610479862464
2029,Agri05_Agroforestry,DE1,758349.7410297866
2029,Agri05_Agroforestry,DE2,1062195.1538733505
2029,Agri05_Agroforestry,DE3,12593.14743132757
2029,Agri05_Agroforestry,DE4,757369.1297340279
2029,Agri05_Agroforestry,DE5,103382.75420798633
2029,Agri05_Agroforestry,DE6,24307.110168137897
2029,Agri05_Agroforestry,DE7,218438.66197685263
2029,Agri05_Agroforestry,DE8,740207.0910306518
2029,Agri05_Agroforestry,DE9,958795.4410179981
2029,Agri05_Agroforestry,DEA,764307.8795265809
2029,Agri05_Agroforestry,DEB,477069.9124017863
2029,Agri05_Agroforestry,DEC,353240.19260343834
2029,Agri05_Agroforestry,DEE,556568.2272941194
2029,Agri05_Agroforestry,DED,499290.85844808776
2029,Agri05_Agroforestry,DEF,177159.97623668629
2029,Agri05_Agroforestry,DEG,141667.0957092028
2029,Agri06_Biochar,DE1,0.0
2029,Agri06_Biochar,DE2,0.0
2029,Agri06_Biochar,DE3,0.0
2029,Agri06_Biochar,DE4,0.0
2029,Agri06_Biochar,DE5,0.0
2029,Agri06_Biochar,DE6,0.0
2029,Agri06_Biochar,DE7,0.0
2029,Agri06_Biochar,DE8,0.0
2029,Agri06_Biochar,DE9,0.0
2029,Agri06_Biochar,DEA,0.0
2029,Agri06_Biochar,DEB,0.0
2029,Agri06_Biochar,DEC,0.0
2029,Agri06_Biochar,DEE,0.0
2029,Agri06_Biochar,DED,0.0
2029,Agri06_Biochar,DEF,0.0
2029,Agri06_Biochar,DEG,0.0
2030,Agri01_AGC,DE1,1864715.6420027863
2030,Agri01_AGC,DE2,4744595.79106437
2030,Agri01_AGC,DE3,0.0
2030,Agri01_AGC,DE4,1520783.1616660857
2030,Agri01_AGC,DE5,0.0
2030,Agri01_AGC,DE6,14472.000646922304
2030,Agri01_AGC,DE7,1147987.9754802445
2030,Agri01_AGC,DE8,1797761.8291976438
2030,Agri01_AGC,DE9,4029174.6725782123
2030,Agri01_AGC,DEA,2010180.5351164788
2030,Agri01_AGC,DEB,941094.6870723162
2030,Agri01_AGC,DEC,0.0
2030,Agri01_AGC,DEE,1610043.8666237916
2030,Agri01_AGC,DED,1102090.1528982916
2030,Agri01_AGC,DEF,1281003.3773175084
2030,Agri01_AGC,DEG,1024155.4899182734
2030,Agri02_OFC,DE1,1404877.3990293024
2030,Agri02_OFC,DE2,2535721.256229116
2030,Agri02_OFC,DE3,448801.3202752776
2030,Agri02_OFC,DE4,1303644.264172906
2030,Agri02_OFC,DE5,212007.126867154
2030,Agri02_OFC,DE6,29514.798479359826
2030,Agri02_OFC,DE7,604468.1919956539
2030,Agri02_OFC,DE8,1353177.9628293237
2030,Agri02_OFC,DE9,2166714.3283294346
2030,Agri02_OFC,DEA,1442875.6428740295
2030,Agri02_OFC,DEB,804258.3259678927
2030,Agri02_OFC,DEC,355367.5836703358
2030,Agri02_OFC,DEE,1077300.9088030031
2030,Agri02_OFC,DED,877598.137751538
2030,Agri02_OFC,DEF,658851.6023849848
2030,Agri02_OFC,DEG,526755.1341737099
2030,Agri03_No-till,DE1,0.0
2030,Agri03_No-till,DE2,0.0
2030,Agri03_No-till,DE3,0.0
2030,Agri03_No-till,DE4,0.0
2030,Agri03_No-till,DE5,0.0
2030,Agri03_No-till,DE6,0.0
2030,Agri03_No-till,DE7,0.0
2030,Agri03_No-till,DE8,0.0
2030,Agri03_No-till,DE9,0.0
2030,Agri03_No-till,DEA,0.0
2030,Agri03_No-till,DEB,0.0
2030,Agri03_No-till,DEC,0.0
2030,Agri03_No-till,DEE,0.0
2030,Agri03_No-till,DED,0.0
2030,Agri03_No-till,DEF,0.0
2030,Agri03_No-till,DEG,0.0
2030,Agri04_toGrassland,DE1,33920.26001198429
2030,Agri04_toGrassland,DE2,63217.35218808739
2030,Agri04_toGrassland,DE3,9150.92618372031
2030,Agri04_toGrassland,DE4,31127.114760919914
2030,Agri04_toGrassland,DE5,4352.410656172827
2030,Agri04_toGrassland,DE6,658.1726730425128
2030,Agri04_toGrassland,DE7,15295.878373939115
2030,Agri04_toGrassland,DE8,32608.510148164194
2030,Agri04_toGrassland,DE9,53685.02724371337
2030,Agri04_toGrassland,DEA,34932.33335640046
2030,Agri04_toGrassland,DEB,19139.394561002187
2030,Agri04_toGrassland,DEC,7530.77497466526
2030,Agri04_toGrassland,DEE,26173.30036469044
2030,Agri04_toGrassland,DED,21023.07609763161
2030,Agri04_toGrassland,DEF,17068.18562089637
2030,Agri04_toGrassland,DEG,13645.924996068497
2030,Agri05_Agroforestry,DE1,939815.3103742925
2030,Agri05_Agroforestry,DE2,1283027.6701967835
2030,Agri05_Agroforestry,DE3,13053.296409546332
2030,Agri05_Agroforestry,DE4,944436.0084291912
2030,Agri05_Agroforestry,DE5,107160.32204586492
2030,Agri05_Agroforestry,DE6,31034.337335417044
2030,Agri05_Agroforestry,DE7,258980.14568360068
2030,Agri05_Agroforestry,DE8,918393.1875392675
2030,Agri05_Agroforestry,DE9,1165302.3731240018
2030,Agri05_Agroforestry,DEA,945616.5325154486
2030,Agri05_Agroforestry,DEB,595896.9056427047
2030,Agri05_Agroforestry,DEC,455320.5234614303
2030,Agri05_Agroforestry,DEE,687035.510370544
2030,Agri05_Agroforestry,DED,621546.3923228848
2030,Agri05_Agroforestry,DEF,200142.46943044203
2030,Agri05_Agroforestry,DEG,160051.0454107972
2030,Agri06_Biochar,DE1,0.0
2030,Agri06_Biochar,DE2,0.0
2030,Agri06_Biochar,DE3,0.0
2030,Agri06_Biochar,DE4,0.0
2030,Agri06_Biochar,DE5,0.0
2030,Agri06_Biochar,DE6,0.0
2030,Agri06_Biochar,DE7,0.0
2030,Agri06_Biochar,DE8,0.0
2030,Agri06_Biochar,DE9,0.0
2030,Agri06_Biochar,DEA,0.0
2030,Agri06_Biochar,DEB,0.0
2030,Agri06_Biochar,DEC,0.0
2030,Agri06_Biochar,DEE,0.0
2030,Agri06_Biochar,DED,0.0
2030,Agri06_Biochar,DEF,0.0
2030,Agri06_Biochar,DEG,0.0
2031,Agri01_AGC,DE1,2056797.5558781286
2031,Agri01_AGC,DE2,4959808.527379276
2031,Agri01_AGC,DE3,0.0
2031,Agri01_AGC,DE4,1720483.4903908984
2031,Agri01_AGC,DE5,0.0
2031,Agri01_AGC,DE6,21464.99044586204
2031,Agri01_AGC,DE7,1191199.5835371441
2031,Agri01_AGC,DE8,1984732.7840521694
2031,Agri01_AGC,DE9,4224977.808150407
2031,Agri01_AGC,DEA,2199769.5013292693
2031,Agri01_AGC,DEB,1066207.2066936714
2031,Agri01_AGC,DEC,105372.68818734975
2031,Agri01_AGC,DEE,1743313.973021256
2031,Agri01_AGC,DED,1230489.123780141
2031,Agri01_AGC,DEF,1313923.274453176
2031,Agri01_AGC,DEG,1050481.351214249
2031,Agri02_OFC,DE1,1524764.2571254817
2031,Agri02_OFC,DE2,2709295.7868651957
2031,Agri02_OFC,DE3,523297.73908792954
2031,Agri02_OFC,DE4,1422386.5808200608
2031,Agri02_OFC,DE5,246561.31623586017
2031,Agri02_OFC,DE6,33203.06164412059
2031,Agri02_OFC,DE7,640989.6379640179
2031,Agri02_OFC,DE8,1470016.6171400605
2031,Agri02_OFC,DE9,2322176.240583512
2031,Agri02_OFC,DEA,1563972.7627927004
2031,Agri02_OFC,DEB,878886.2622368498
2031,Agri02_OFC,DEC,408234.7415231286
2031,Agri02_OFC,DEE,1165748.4691019463
2031,Agri02_OFC,DED,956059.2051182574
2031,Agri02_OFC,DEF,690149.7596782207
2031,Agri02_OFC,DEG,551781.9111310563
2031,Agri03_No-till,DE1,0.0
2031,Agri03_No-till,DE2,0.0
2031,Agri03_No-till,DE3,0.0
2031,Agri03_No-till,DE4,0.0
2031,Agri03_No-till,DE5,0.0
2031,Agri03_No-till,DE6,0.0
2031,Agri03_No-till,DE7,0.0
2031,Agri03_No-till,DE8,0.0
2031,Agri03_No-till,DE9,0.0
2031,Agri03_No-till,DEA,0.0
2031,Agri03_No-till,DEB,0.0
2031,Agri03_No-till,DEC,0.0
2031,Agri03_No-till,DEE,0.0
2031,Agri03_No-till,DED,0.0
2031,Agri03_No-till,DEF,0.0
2031,Agri03_No-till,DEG,0.0
2031,Agri04_toGrassland,DE1,37193.749248888445
2031,Agri04_toGrassland,DE2,68208.71188278958
2031,Agri04_toGrassland,DE3,10972.03555346415
2031,Agri04_toGrassland,DE4,34325.25261451897
2031,Agri04_toGrassland,DE5,5199.034941428676
2031,Agri04_toGrassland,DE6,751.997683722553
2031,Agri04_toGrassland,DE7,16381.718919160772
2031,Agri04_toGrassland,DE8,35790.7445218113
2031,Agri04_toGrassland,DE9,58103.108706009494
2031,Agri04_toGrassland,DEA,38250.82791636839
2031,Agri04_toGrassland,DEB,21141.816148302594
2031,Agri04_toGrassland,DEC,8841.659211318998
2031,Agri04_toGrassland,DEE,28608.853532696376
2031,Agri04_toGrassland,DED,23144.432837970613
2031,Agri04_toGrassland,DEF,18069.450376670728
2031,Agri04_toGrassland,DEG,14446.521358169553
2031,Agri05_Agroforestry,DE1,1145872.5492025851
2031,Agri05_Agroforestry,DE2,1529051.2174361981
2031,Agri05_Agroforestry,DE3,13513.445387765098
2031,Agri05_Agroforestry,DE4,1157682.5480877177
2031,Agri05_Agroforestry,DE5,110937.88988374353
2031,Agri05_Agroforestry,DE6,38802.58162671158
2031,Agri05_Agroforestry,DE7,303349.784105232
2031,Agri05_Agroforestry,DE8,1120877.355315325
2031,Agri05_Agroforestry,DE9,1396538.560978014
2031,Agri05_Agroforestry,DEA,1151270.7976675539
2031,Agri05_Agroforestry,DEB,731490.1297807442
2031,Agri05_Agroforestry,DEC,494306.81019855954
2031,Agri05_Agroforestry,DEE,834797.8453395575
2031,Agri05_Agroforestry,DED,760764.51684629
2031,Agri05_Agroforestry,DEF,223482.53558710284
2031,Agri05_Agroforestry,DEG,178722.55528982604
2031,Agri06_Biochar,DE1,0.0
2031,Agri06_Biochar,DE2,0.0
2031,Agri06_Biochar,DE3,0.0
2031,Agri06_Biochar,DE4,0.0
2031,Agri06_Biochar,DE5,0.0
2031,Agri06_Biochar,DE6,0.0
2031,Agri06_Biochar,DE7,0.0
2031,Agri06_Biochar,DE8,0.0
2031,Agri06_Biochar,DE9,0.0
2031,Agri06_Biochar,DEA,0.0
2031,Agri06_Biochar,DEB,0.0
2031,Agri06_Biochar,DEC,0.0
2031,Agri06_Biochar,DEE,0.0
2031,Agri06_Biochar,DED,0.0
2031,Agri06_Biochar,DEF,0.0
2031,Agri06_Biochar,DEG,0.0
2032,Agri01_AGC,DE1,2226836.610391857
2032,Agri01_AGC,DE2,5128325.741772396
2032,Agri01_AGC,DE3,9439.53529206779
2032,Agri01_AGC,DE4,1900938.7797928713
2032,Agri01_AGC,DE5,30349.040013470218
2032,Agri01_AGC,DE6,28183.636054925853
2032,Agri01_AGC,DE7,1222496.2745723175
2032,Agri01_AGC,DE8,2150692.1213469156
2032,Agri01_AGC,DE9,4382034.04169237
2032,Agri01_AGC,DEA,2366391.419420851
2032,Agri01_AGC,DEB,1179668.3076898742
2032,Agri01_AGC,DEC,208807.36477012455
2032,Agri01_AGC,DEE,1859118.5275042779
2032,Agri01_AGC,DED,1345694.5392390625
2032,Agri01_AGC,DEF,1332483.065407413
2032,Agri01_AGC,DEG,1065326.840463148
2032,Agri02_OFC,DE1,1629660.0321528201
2032,Agri02_OFC,DE2,2851254.1914536497
2032,Agri02_OFC,DE3,596858.7782775129
2032,Agri02_OFC,DE4,1528015.9083425913
2032,Agri02_OFC,DE5,280605.8486600144
2032,Agri02_OFC,DE6,36700.896597191044
2032,Agri02_OFC,DE7,669457.4720415265
2032,Agri02_OFC,DE8,1572561.0347160804
2032,Agri02_OFC,DE9,2451383.7529422976
2032,Agri02_OFC,DEA,1669456.9601330282
2032,Agri02_OFC,DEB,945570.4727344495
2032,Agri02_OFC,DEC,459709.6791042516
2032,Agri02_OFC,DEE,1242329.3904724163
2032,Agri02_OFC,DED,1025535.7420133919
2032,Agri02_OFC,DEF,711763.8322327688
2032,Agri02_OFC,DEG,569066.6128034303
2032,Agri03_No-till,DE1,0.0
2032,Agri03_No-till,DE2,0.0
2032,Agri03_No-till,DE3,0.0
2032,Agri03_No-till,DE4,0.0
2032,Agri03_No-till,DE5,0.0
2032,Agri03_No-till,DE6,0.0
2032,Agri03_No-till,DE7,0.0
2032,Agri03_No-till,DE8,0.0
2032,Agri03_No-till,DE9,0.0
2032,Agri03_No-till,DEA,0.0
2032,Agri03_No-till,DEB,0.0
2032,Agri03_No-till,DEC,0.0
2032,Agri03_No-till,DEE,0.0
2032,Agri03_No-till,DED,0.0
2032,Agri03_No-till,DEF,0.0
2032,Agri03_No-till,DEG,0.0
2032,Agri04_toGrassland,DE1,40422.58084829722
2032,Agri04_toGrassland,DE2,72960.38612300952
2032,Agri04_toGrassland,DE3,12913.37426752322
2032,Agri04_toGrassland,DE4,37509.79672842548
2032,Agri04_toGrassland,DE5,6100.087617698228
2032,Agri04_toGrassland,DE6,849.2302093958293
2032,Agri04_toGrassland,DE7,17392.381981553066
2032,Agri04_toGrassland,DE8,38935.03137170306
2032,Agri04_toGrassland,DE9,62342.938374961916
2032,Agri04_toGrassland,DEA,41515.90549354247
2032,Agri04_toGrassland,DEB,23140.949684873696
2032,Agri04_toGrassland,DEC,10225.002474738054
2032,Agri04_toGrassland,DEE,30997.212364667834
2032,Agri04_toGrassland,DED,25251.158357368317
2032,Agri04_toGrassland,DEF,18957.157530499735
2032,Agri04_toGrassland,DEG,15156.341765555246
2032,Agri05_Agroforestry,DE1,1377926.213537086
2032,Agri05_Agroforestry,DE2,1801528.2131563309
2032,Agri05_Agroforestry,DE3,13973.59436598386
2032,Agri05_Agroforestry,DE4,1398635.1242540244
2032,Agri05_Agroforestry,DE5,114715.45772162211
2032,Agri05_Agroforestry,DE6,47676.132958647664
2032,Agri05_Agroforestry,DE7,351704.1364586305
2032,Agri05_Agroforestry,DE8,1349053.203022388
2032,Agri05_Agroforestry,DE9,1653795.21403897
2032,Agri05_Agroforestry,DEA,1382652.993467578
2032,Agri05_Agroforestry,DEB,884832.053686232
2032,Agri05_Agroforestry,DEC,511138.54830181017
2032,Agri05_Agroforestry,DEE,1000828.8080482673
2032,Agri05_Agroforestry,DED,917928.9146411051
2032,Agri05_Agroforestry,DEF,247097.80089347847
2032,Agri05_Agroforestry,DEG,197615.87841525525
2032,Agri06_Biochar,DE1,0.0
2032,Agri06_Biochar,DE2,0.0
2032,Agri06_Biochar,DE3,0.0
2032,Agri06_Biochar,DE4,0.0
2032,Agri06_Biochar,DE5,0.0
2032,Agri06_Biochar,DE6,0.0
2032,Agri06_Biochar,DE7,0.0
2032,Agri06_Biochar,DE8,0.0
2032,Agri06_Biochar,DE9,0.0
2032,Agri06_Biochar,DEA,0.0
2032,Agri06_Biochar,DEB,0.0
2032,Agri06_Biochar,DEC,0.0
2032,Agri06_Biochar,DEE,0.0
2032,Agri06_Biochar,DED,0.0
2032,Agri06_Biochar,DEF,0.0
2032,Agri06_Biochar,DEG,0.0
2033,Agri01_AGC,DE1,2373677.3553386177
2033,Agri01_AGC,DE2,5250257.501162898
2033,Agri01_AGC,DE3,8927.655504012242
2033,Agri01_AGC,DE4,2060692.5185066038
2033,Agri01_AGC,DE5,28703.29584396233
2033,Agri01_AGC,DE6,34543.6845939675
2033,Agri01_AGC,DE7,1242153.2824890206
2033,Agri01_AGC,DE8,2294456.982195479
2033,Agri01_AGC,DE9,4500070.935500433
2033,Agri01_AGC,DEA,2508963.8103666417
2033,Agri01_AGC,DEB,1280509.0575290667
2033,Agri01_AGC,DEC,242393.87795581573
2033,Agri01_AGC,DEE,1956750.2229605583
2033,Agri01_AGC,DED,1446801.527046961
2033,Agri01_AGC,DEF,1337419.10729832
2033,Agri01_AGC,DEG,1069280.4868211946
2033,Agri02_OFC,DE1,1718782.253642831
2033,Agri02_OFC,DE2,2961671.007273027
2033,Agri02_OFC,DE3,667977.4070385575
2033,Agri02_OFC,DE4,1619545.8977614066
2033,Agri02_OFC,DE5,313450.9404888971
2033,Agri02_OFC,DE6,39951.24731807469
2033,Agri02_OFC,DE7,690058.0825296624
2033,Agri02_OFC,DE8,1660010.1839398295
2033,Agri02_OFC,DE9,2554152.370689676
2033,Agri02_OFC,DEA,1758595.1804842157
2033,Agri02_OFC,DEB,1003654.7966944202
2033,Agri02_OFC,DEC,508811.64967260376
2033,Agri02_OFC,DEE,1306564.6847893
2033,Agri02_OFC,DED,1085414.969285614
2033,Agri02_OFC,DEF,724192.4808273484
2033,Agri02_OFC,DEG,579007.7909262981
2033,Agri03_No-till,DE1,0.0
2033,Agri03_No-till,DE2,0.0
2033,Agri03_No-till,DE3,0.0
2033,Agri03_No-till,DE4,0.0
2033,Agri03_No-till,DE5,0.0
2033,Agri03_No-till,DE6,0.0
2033,Agri03_No-till,DE7,0.0
2033,Agri03_No-till,DE8,0.0
2033,Agri03_No-till,DE9,0.0
2033,Agri03_No-till,DEA,0.0
2033,Agri03_No-till,DEB,0.0
2033,Agri03_No-till,DEC,0.0
2033,Agri03_No-till,DEE,0.0
2033,Agri03_No-till,DED,0.0
2033,Agri03_No-till,DEF,0.0
2033,Agri03_No-till,DEG,0.0
2033,Agri04_toGrassland,DE1,43600.978435577395
2033,Agri04_toGrassland,DE2,77472.92515985876
2033,Agri04_toGrassland,DE3,14963.817082368516
2033,Agri04_toGrassland,DE4,40673.465650556864
2033,Agri04_toGrassland,DE5,7050.476545478607
2033,Agri04_toGrassland,DE6,949.4490495662967
2033,Agri04_toGrassland,DE7,18329.243521871027
2033,Agri04_toGrassland,DE8,42035.45730059014
2033,Agri04_toGrassland,DE9,66403.15426869266
2033,Agri04_toGrassland,DEA,44722.154513845686
2033,Agri04_toGrassland,DEB,25131.951242978605
2033,Agri04_toGrassland,DEC,11673.564669832514
2033,Agri04_toGrassland,DEE,33334.84086152632
2033,Agri04_toGrassland,DED,27338.728981017757
2033,Agri04_toGrassland,DEF,19734.98830945684
2033,Agri04_toGrassland,DEG,15778.32841761517
2033,Agri05_Agroforestry,DE1,1637381.0594002174
2033,Agri05_Agroforestry,DE2,2101721.0749219186
2033,Agri05_Agroforestry,DE3,14433.743344202621
2033,Agri05_Agroforestry,DE4,1668820.1124725293
2033,Agri05_Agroforestry,DE5,118493.02555950069
2033,Agri05_Agroforestry,DE6,57719.28124785147
2033,Agri05_Agroforestry,DE7,404199.7619606802
2033,Agri05_Agroforestry,DE8,1604314.3393240198
2033,Agri05_Agroforestry,DE9,1938363.541765805
2033,Agri05_Agroforestry,DEA,1641145.4384002024
2033,Agri05_Agroforestry,DEB,1056905.1462294948
2033,Agri05_Agroforestry,DEC,527970.2864050608
2033,Agri05_Agroforestry,DEE,1186101.9743437814
2033,Agri05_Agroforestry,DED,1094023.2683301317
2033,Agri05_Agroforestry,DEF,270905.89153637865
2033,Agri05_Agroforestry,DEG,216665.26785605095
2033,Agri06_Biochar,DE1,0.0
2033,Agri06_Biochar,DE2,0.0
2033,Agri06_Biochar,DE3,0.0
2033,Agri06_Biochar,DE4,0.0
2033,Agri06_Biochar,DE5,0.0
2033,Agri06_Biochar,DE6,0.0
2033,Agri06_Biochar,DE7,0.0
2033,Agri06_Biochar,DE8,0.0
2033,Agri06_Biochar,DE9,0.0
2033,Agri06_Biochar,DEA,0.0
2033,Agri06_Biochar,DEB,0.0
2033,Agri06_Biochar,DEC,0.0
2033,Agri06_Biochar,DEE,0.0
2033,Agri06_Biochar,DED,0.0
2033,Agri06_Biochar,DEF,0.0
2033,Agri06_Biochar,DEG,0.0
2034,Agri01_AGC,DE1,2496164.3405130547
2034,Agri01_AGC,DE2,5325713.8724699505
2034,Agri01_AGC,DE3,8415.775715956692
2034,Agri01_AGC,DE4,2198288.195166695
2034,Agri01_AGC,DE5,27057.551674454437
2034,Agri01_AGC,DE6,40460.88318284073
2034,Agri01_AGC,DE7,1250445.841190509
2034,Agri01_AGC,DE8,2414844.5077114557
2034,Agri01_AGC,DE9,4578816.051870931
2034,Agri01_AGC,DEA,2626404.1951420596
2034,Agri01_AGC,DEB,1367760.5236793915
2034,Agri01_AGC,DEC,228495.8812400796
2034,Agri01_AGC,DEE,2035501.7522777987
2034,Agri01_AGC,DED,1532905.2149757412
2034,Agri01_AGC,DEF,1329467.7572439977
2034,Agri01_AGC,DEG,1062930.819444613
2034,Agri02_OFC,DE1,1791348.4511270283
2034,Agri02_OFC,DE2,3040620.7716018795
2034,Agri02_OFC,DE3,735146.5945655936
2034,Agri02_OFC,DE4,1695990.2000974177
2034,Agri02_OFC,DE5,344406.8080717886
2034,Agri02_OFC,DE6,42897.057786275065
2034,Agri02_OFC,DE7,702977.8577299087
2034,Agri02_OFC,DE8,1731563.033193755
2034,Agri02_OFC,DE9,2630297.599109534
2034,Agri02_OFC,DEA,1830654.3694354657
2034,Agri02_OFC,DEB,1052483.0733504898
2034,Agri02_OFC,DEC,554559.9064870842
2034,Agri02_OFC,DEE,1357975.363927485
2034,Agri02_OFC,DED,1135084.107783597
2034,Agri02_OFC,DEF,727934.3662406793
2034,Agri02_OFC,DEG,582003.997235126
2034,Agri03_No-till,DE1,0.0
2034,Agri03_No-till,DE2,0.0
2034,Agri03_No-till,DE3,0.0
2034,Agri03_No-till,DE4,0.0
2034,Agri03_No-till,DE5,0.0
2034,Agri03_No-till,DE6,0.0
2034,Agri03_No-till,DE7,0.0
2034,Agri03_No-till,DE8,0.0
2034,Agri03_No-till,DE9,0.0
2034,Agri03_No-till,DEA,0.0
2034,Agri03_No-till,DEB,0.0
2034,Agri03_No-till,DEC,0.0
2034,Agri03_No-till,DEE,0.0
2034,Agri03_No-till,DED,0.0
2034,Agri03_No-till,DEF,0.0
2034,Agri03_No-till,DEG,0.0
2034,Agri04_toGrassland,DE1,46723.16563609579
2034,Agri04_toGrassland,DE2,81746.87924444885
2034,Agri04_toGrassland,DE3,17112.238754471036
2034,Agri04_toGrassland,DE4,43808.97792883059
2034,Agri04_toGrassland,DE5,8045.1095852669405
2034,Agri04_toGrassland,DE6,1052.2330037379102
2034,Agri04_toGrassland,DE7,19193.67950086969
2034,Agri04_toGrassland,DE8,45086.10891122323
2034,Agri04_toGrassland,DE9,70282.39440532375
2034,Agri04_toGrassland,DEA,47864.16340320103
2034,Agri04_toGrassland,DEB,27109.976894880438
2034,Agri04_toGrassland,DEC,13180.105701512475
2034,Agri04_toGrassland,DEE,35618.20302419336
2034,Agri04_toGrassland,DED,29402.621034111977
2034,Agri04_toGrassland,DEF,20406.62394061549
2034,Agri04_toGrassland,DEG,16315.423513738931
2034,Agri05_Agroforestry,DE1,1925641.8428144015
2034,Agri05_Agroforestry,DE2,2430892.220297699
2034,Agri05_Agroforestry,DE3,14893.892322421385
2034,Agri05_Agroforestry,DE4,1969763.8882876497
2034,Agri05_Agroforestry,DE5,122270.5933973793
2034,Agri05_Agroforestry,DE6,68996.31641094916
2034,Agri05_Agroforestry,DE7,460993.21982826525
2034,Agri05_Agroforestry,DE8,1888054.3728837846
2034,Agri05_Agroforestry,DE9,2251534.7536174553
2034,Agri05_Agroforestry,DEA,1928130.450950109
2034,Agri05_Agroforestry,DEB,1248691.8762808605
2034,Agri05_Agroforestry,DEC,544802.0245083115
2034,Agri05_Agroforestry,DEE,1391590.920073208
2034,Agri05_Agroforestry,DED,1290031.260536172
2034,Agri05_Agroforestry,DEF,294824.4337026133
2034,Agri05_Agroforestry,DEG,235804.9766811792
2034,Agri06_Biochar,DE1,0.0
2034,Agri06_Biochar,DE2,0.0
2034,Agri06_Biochar,DE3,0.0
2034,Agri06_Biochar,DE4,0.0
2034,Agri06_Biochar,DE5,0.0
2034,Agri06_Biochar,DE6,0.0
2034,Agri06_Biochar,DE7,0.0
2034,Agri06_Biochar,DE8,0.0
2034,Agri06_Biochar,DE9,0.0
2034,Agri06_Biochar,DEA,0.0
2034,Agri06_Biochar,DEB,0.0
2034,Agri06_Biochar,DEC,0.0
2034,Agri06_Biochar,DEE,0.0
2034,Agri06_Biochar,DED,0.0
2034,Agri06_Biochar,DEF,0.0
2034,Agri06_Biochar,DEG,0.0
2035,Agri01_AGC,DE1,2593142.115709814
2035,Agri01_AGC,DE2,5354804.922612724
2035,Agri01_AGC,DE3,7903.8959279011415
2035,Agri01_AGC,DE4,2312269.2984077446
2035,Agri01_AGC,DE5,25411.807504946544
2035,Agri01_AGC,DE6,41739.94311855759
2035,Agri01_AGC,DE7,1247649.1845800388
2035,Agri01_AGC,DE8,2510671.839008443
2035,Agri01_AGC,DE9,4617996.953100197
2035,Agri01_AGC,DEA,2717630.094722521
2035,Agri01_AGC,DEB,1440453.773608991
2035,Agri01_AGC,DEC,214597.88452434345
2035,Agri01_AGC,DEE,2094665.8083437004
2035,Agri01_AGC,DED,1603100.7307973078
2035,Agri01_AGC,DEF,1309365.3723625466
2035,Agri01_AGC,DEG,1046866.3674896276
2035,Agri02_OFC,DE1,1846576.1541369236
2035,Agri02_OFC,DE2,3088178.0217187526
2035,Agri02_OFC,DE3,796859.3100531509
2035,Agri02_OFC,DE4,1756362.4663715325
2035,Agri02_OFC,DE5,372783.66775796894
2035,Agri02_OFC,DE6,45481.27198129566
2035,Agri02_OFC,DE7,708403.1859437476
2035,Agri02_OFC,DE8,1786418.5508603025
2035,Agri02_OFC,DE9,2679634.943485756
2035,Agri02_OFC,DEA,1884901.4725759795
2035,Agri02_OFC,DEB,1091399.1419363862
2035,Agri02_OFC,DEC,595973.7028065916
2035,Agri02_OFC,DEE,1396082.439761857
2035,Agri02_OFC,DED,1173930.3783560127
2035,Agri02_OFC,DEF,723488.1492514802
2035,Agri02_OFC,DEG,578453.7834653795
2035,Agri03_No-till,DE1,0.0
2035,Agri03_No-till,DE2,0.0
2035,Agri03_No-till,DE3,0.0
2035,Agri03_No-till,DE4,0.0
2035,Agri03_No-till,DE5,0.0
2035,Agri03_No-till,DE6,0.0
2035,Agri03_No-till,DE7,0.0
2035,Agri03_No-till,DE8,0.0
2035,Agri03_No-till,DE9,0.0
2035,Agri03_No-till,DEA,0.0
2035,Agri03_No-till,DEB,0.0
2035,Agri03_No-till,DEC,0.0
2035,Agri03_No-till,DEE,0.0
2035,Agri03_No-till,DED,0.0
2035,Agri03_No-till,DEF,0.0
2035,Agri03_No-till,DEG,0.0
2035,Agri04_toGrassland,DE1,49783.366075219186
2035,Agri04_toGrassland,DE2,85782.79862789134
2035,Agri04_toGrassland,DE3,19347.514040301772
2035,Agri04_toGrassland,DE4,46909.052111164085
2035,Agri04_toGrassland,DE5,9078.894597560355
2035,Agri04_toGrassland,DE6,1157.1608714146246
2035,Agri04_toGrassland,DE7,19987.065879304086
2035,Agri04_toGrassland,DE8,48081.072806353004
2035,Agri04_toGrassland,DE9,73979.29680297722
2035,Agri04_toGrassland,DEA,50936.5205875315
2035,Agri04_toGrassland,DEB,29070.182712842317
2035,Agri04_toGrassland,DEC,14737.385474688026
2035,Agri04_toGrassland,DEE,37843.76285359048
2035,Agri04_toGrassland,DED,31438.31084184402
2035,Agri04_toGrassland,DEF,20975.74565104913
2035,Agri04_toGrassland,DEG,16770.569253316135
2035,Agri05_Agroforestry,DE1,2244113.3198020593
2035,Agri05_Agroforestry,DE2,2790304.066848408
2035,Agri05_Agroforestry,DE3,15354.041300640145
2035,Agri05_Agroforestry,DE4,2302992.8272438026
2035,Agri05_Agroforestry,DE5,126048.16123525785
2035,Agri05_Agroforestry,DE6,81571.52836456688
2035,Agri05_Agroforestry,DE7,522241.0692782694
2035,Agri05_Agroforestry,DE8,2201666.9123652447
2035,Agri05_Agroforestry,DE9,2594600.0590528543
2035,Agri05_Agroforestry,DEA,2244990.3496019784
2035,Agri05_Agroforestry,DEB,1461174.7127106553
2035,Agri05_Agroforestry,DEC,561633.7626115622
2035,Agri05_Agroforestry,DEE,1618269.2210836539
2035,Agri05_Agroforestry,DED,1506936.5738820266
2035,Agri05_Agroforestry,DEF,318771.05357899185
2035,Agri05_Agroforestry,DEG,254969.25795960598
2035,Agri06_Biochar,DE1,0.0
2035,Agri06_Biochar,DE2,0.0
2035,Agri06_Biochar,DE3,0.0
2035,Agri06_Biochar,DE4,0.0
2035,Agri06_Biochar,DE5,0.0
2035,Agri06_Biochar,DE6,0.0
2035,Agri06_Biochar,DE7,0.0
2035,Agri06_Biochar,DE8,0.0
2035,Agri06_Biochar,DE9,0.0
2035,Agri06_Biochar,DEA,0.0
2035,Agri06_Biochar,DEB,0.0
2035,Agri06_Biochar,DEC,0.0
2035,Agri06_Biochar,DEE,0.0
2035,Agri06_Biochar,DED,0.0
2035,Agri06_Biochar,DEF,0.0
2035,Agri06_Biochar,DEG,0.0
2036,Agri01_AGC,DE1,2663455.2307235403
2036,Agri01_AGC,DE2,5337640.718510383
2036,Agri01_AGC,DE3,7392.01613984559
2036,Agri01_AGC,DE4,2401179.316864352
2036,Agri01_AGC,DE5,23766.06333543865
2036,Agri01_AGC,DE6,39036.74036489334
2036,Agri01_AGC,DE7,1234038.5465608658
2036,Agri01_AGC,DE8,2580756.1172000375
2036,Agri01_AGC,DE9,4617341.201484566
2036,Agri01_AGC,DEA,2781559.030083444
2036,Agri01_AGC,DEB,1497619.8747860072
2036,Agri01_AGC,DEC,200699.88780860728
2036,Agri01_AGC,DEE,2133535.084045964
2036,Agri01_AGC,DED,1656483.2022835657
2036,Agri01_AGC,DEF,1277848.309772067
2036,Agri01_AGC,DEG,1021675.6601124619
2036,Agri02_OFC,DE1,1883682.8922040318
2036,Agri02_OFC,DE2,3104417.2949021994
2036,Agri02_OFC,DE3,851608.5226957595
2036,Agri02_OFC,DE4,1799676.3476046626
2036,Agri02_OFC,DE5,397891.7358967187
2036,Agri02_OFC,DE6,47646.83388264002
2036,Agri02_OFC,DE7,706520.4554726625
2036,Agri02_OFC,DE8,1823775.7053219199
2036,Agri02_OFC,DE9,2701979.909102229
2036,Agri02_OFC,DEA,1920603.435494961
2036,Agri02_OFC,DEB,1119746.8416858378
2036,Agri02_OFC,DEC,632072.2918900254
2036,Agri02_OFC,DEE,1420406.9241673038
2036,Agri02_OFC,DED,1201341.0018515345
2036,Agri02_OFC,DEF,711352.4906384714
2036,Agri02_OFC,DEG,568755.7013525254
2036,Agri03_No-till,DE1,0.0
2036,Agri03_No-till,DE2,0.0
2036,Agri03_No-till,DE3,0.0
2036,Agri03_No-till,DE4,0.0
2036,Agri03_No-till,DE5,0.0
2036,Agri03_No-till,DE6,0.0
2036,Agri03_No-till,DE7,0.0
2036,Agri03_No-till,DE8,0.0
2036,Agri03_No-till,DE9,0.0
2036,Agri03_No-till,DEA,0.0
2036,Agri03_No-till,DEB,0.0
2036,Agri03_No-till,DEC,0.0
2036,Agri03_No-till,DEE,0.0
2036,Agri03_No-till,DED,0.0
2036,Agri03_No-till,DEF,0.0
2036,Agri03_No-till,DEG,0.0
2036,Agri04_toGrassland,DE1,52775.803378314406
2036,Agri04_toGrassland,DE2,89581.2335612978
2036,Agri04_toGrassland,DE3,21658.517696331735
2036,Agri04_toGrassland,DE4,49966.406745474815
2036,Agri04_toGrassland,DE5,10146.739442855978
2036,Agri04_toGrassland,DE6,1263.8114521003952
2036,Agri04_toGrassland,DE7,20710.778617929256
2036,Agri04_toGrassland,DE8,51014.43558873014
2036,Agri04_toGrassland,DE9,77492.49947977513
2036,Agri04_toGrassland,DEA,53933.814492760095
2036,Agri04_toGrassland,DEB,31007.724769127362
2036,Agri04_toGrassland,DEC,16338.16389426926
2036,Agri04_toGrassland,DEE,40007.98435063919
2036,Agri04_toGrassland,DED,33441.27472940694
2036,Agri04_toGrassland,DEF,21446.03466783121
2036,Agri04_toGrassland,DEG,17146.707835736386
2036,Agri05_Agroforestry,DE1,2594200.246385615
2036,Agri05_Agroforestry,DE2,3181219.032138784
2036,Agri05_Agroforestry,DE3,15814.190278858909
2036,Agri05_Agroforestry,DE4,2670033.304885407
2036,Agri05_Agroforestry,DE5,129825.72907313646
2036,Agri05_Agroforestry,DE6,95509.20702533085
2036,Agri05_Agroforestry,DE7,588099.8695275771
2036,Agri05_Agroforestry,DE8,2546545.566431965
2036,Agri05_Agroforestry,DE9,2968850.66753094
2036,Agri05_Agroforestry,DEA,2593107.4528404935
2036,Agri05_Agroforestry,DEB,1695336.124389207
2036,Agri05_Agroforestry,DEC,578465.5007148129
2036,Agri05_Agroforestry,DEE,1867110.4532222282
2036,Agri05_Agroforestry,DED,1745722.8909904987
2036,Agri05_Agroforestry,DEF,342663.3773523245
2036,Agri05_Agroforestry,DEG,274092.36476029747
2036,Agri06_Biochar,DE1,0.0
2036,Agri06_Biochar,DE2,0.0
2036,Agri06_Biochar,DE3,0.0
2036,Agri06_Biochar,DE4,0.0
2036,Agri06_Biochar,DE5,0.0
2036,Agri06_Biochar,DE6,0.0
2036,Agri06_Biochar,DE7,0.0
2036,Agri06_Biochar,DE8,0.0
2036,Agri06_Biochar,DE9,0.0
2036,Agri06_Biochar,DEA,0.0
2036,Agri06_Biochar,DEB,0.0
2036,Agri06_Biochar,DEC,0.0
2036,Agri06_Biochar,DEE,0.0
2036,Agri06_Biochar,DED,0.0
2036,Agri06_Biochar,DEF,0.0
2036,Agri06_Biochar,DEG,0.0
2037,Agri01_AGC,DE1,2705948.235348879
2037,Agri01_AGC,DE2,5274331.3270821
2037,Agri01_AGC,DE3,6880.136351790041
2037,Agri01_AGC,DE4,2463561.739171117
2037,Agri01_AGC,DE5,22120.319165930756
2037,Agri01_AGC,DE6,36333.5376112291
2037,Agri01_AGC,DE7,1209889.161036246
2037,Agri01_AGC,DE8,2623914.483399837
2037,Agri01_AGC,DE9,4576576.3593203705
2037,Agri01_AGC,DEA,2817108.522200247
2037,Agri01_AGC,DEB,1538289.8946785836
2037,Agri01_AGC,DEC,186801.89109287114
2037,Agri01_AGC,DEE,2151402.2722722916
2037,Agri01_AGC,DED,1692147.75720642
2037,Agri01_AGC,DEF,1235652.9265906601
2037,Agri01_AGC,DEG,987947.2264693407
2037,Agri02_OFC,DE1,1901886.1948598656
2037,Agri02_OFC,DE2,3089413.1284307675
2037,Agri02_OFC,DE3,897887.201687949
2037,Agri02_OFC,DE4,1824945.494817717
2037,Agri02_OFC,DE5,419041.228837318
2037,Agri02_OFC,DE6,49336.68746981164
2037,Agri02_OFC,DE7,697516.054618136
2037,Agri02_OFC,DE8,1842833.4649610533
2037,Agri02_OFC,DE9,2697148.001242838
2037,Agri02_OFC,DEA,1937027.203781612
2037,Agri02_OFC,DEB,1136870.0118325725
2037,Agri02_OFC,DEC,661874.9269962842
2037,Agri02_OFC,DEE,1430469.829018712
2037,Agri02_OFC,DED,1216703.1991188347
2037,Agri02_OFC,DEF,692026.0511803718
2037,Agri02_OFC,DEG,553308.3026320292
2037,Agri03_No-till,DE1,0.0
2037,Agri03_No-till,DE2,0.0
2037,Agri03_No-till,DE3,0.0
2037,Agri03_No-till,DE4,0.0
2037,Agri03_No-till,DE5,0.0
2037,Agri03_No-till,DE6,0.0
2037,Agri03_No-till,DE7,0.0
2037,Agri03_No-till,DE8,0.0
2037,Agri03_No-till,DE9,0.0
2037,Agri03_No-till,DEA,0.0
2037,Agri03_No-till,DEB,0.0
2037,Agri03_No-till,DEC,0.0
2037,Agri03_No-till,DEE,0.0
2037,Agri03_No-till,DED,0.0
2037,Agri03_No-till,DEF,0.0
2037,Agri03_No-till,DEG,0.0
2037,Agri04_toGrassland,DE1,55694.70117074824
2037,Agri04_toGrassland,DE2,93142.73429577977
2037,Agri04_toGrassland,DE3,24034.124479031914
2037,Agri04_toGrassland,DE4,52973.76037968022
2037,Agri04_toGrassland,DE5,11243.551981650937
2037,Agri04_toGrassland,DE6,1371.7635452991767
2037,Agri04_toGrassland,DE7,21366.19367750023
2037,Agri04_toGrassland,DE8,53880.28386110532
2037,Agri04_toGrassland,DE9,80820.6404538395
2037,Agri04_toGrassland,DEA,56850.6335448098
2037,Agri04_toGrassland,DEB,32917.75913599868
2037,Agri04_toGrassland,DEC,17975.20086516627
2037,Agri04_toGrassland,DEE,42107.331516261016
2037,Agri04_toGrassland,DED,35406.98902199377
2037,Agri04_toGrassland,DEF,21821.17221803518
2037,Agri04_toGrassland,DEG,17446.781460389284
2037,Agri05_Agroforestry,DE1,2977307.3785874876
2037,Agri05_Agroforestry,DE2,3604899.5337335626
2037,Agri05_Agroforestry,DE3,16274.33925707767
2037,Agri05_Agroforestry,DE4,3072411.696756879
2037,Agri05_Agroforestry,DE5,133603.29691101503
2037,Agri05_Agroforestry,DE6,108154.59905513546
2037,Agri05_Agroforestry,DE7,658726.1797930719
2037,Agri05_Agroforestry,DE8,2924083.943747509
2037,Agri05_Agroforestry,DE9,3375577.7885106457
2037,Agri05_Agroforestry,DEA,2973864.079150334
2037,Agri05_Agroforestry,DEB,1952158.5801868425
2037,Agri05_Agroforestry,DEC,595297.2388180635
2037,Agri05_Agroforestry,DEE,2139088.1923360378
2037,Agri05_Agroforestry,DED,2007373.894484389
2037,Agri05_Agroforestry,DEF,366419.0312094207
2037,Agri05_Agroforestry,DEG,293108.55015221966
2037,Agri06_Biochar,DE1,0.0
2037,Agri06_Biochar,DE2,0.0
2037,Agri06_Biochar,DE3,0.0
2037,Agri06_Biochar,DE4,0.0
2037,Agri06_Biochar,DE5,0.0
2037,Agri06_Biochar,DE6,0.0
2037,Agri06_Biochar,DE7,0.0
2037,Agri06_Biochar,DE8,0.0
2037,Agri06_Biochar,DE9,0.0
2037,Agri06_Biochar,DEA,0.0
2037,Agri06_Biochar,DEB,0.0
2037,Agri06_Biochar,DEC,0.0
2037,Agri06_Biochar,DEE,0.0
2037,Agri06_Biochar,DED,0.0
2037,Agri06_Biochar,DEF,0.0
2037,Agri06_Biochar,DEG,0.0
2038,Agri01_AGC,DE1,2719465.679380476
2038,Agri01_AGC,DE2,5164986.815247042
2038,Agri01_AGC,DE3,6368.256563734491
2038,Agri01_AGC,DE4,2497960.0539626386
2038,Agri01_AGC,DE5,20474.574996422867
2038,Agri01_AGC,DE6,33630.334857564856
2038,Agri01_AGC,DE7,1175476.2619094353
2038,Agri01_AGC,DE8,2638964.0787214367
2038,Agri01_AGC,DE9,4495429.988903945
2038,Agri01_AGC,DEA,2823196.092048346
2038,Agri01_AGC,DEB,1561494.900754862
2038,Agri01_AGC,DEC,172903.894377135
2038,Agri01_AGC,DEE,2147560.0659103836
2038,Agri01_AGC,DED,1709189.5233377756
2038,Agri01_AGC,DEF,1183515.5799364266
2038,Agri01_AGC,DEG,946269.595716488
2038,Agri02_OFC,DE1,1900403.591635938
2038,Agri02_OFC,DE2,3043240.0595830074
2038,Agri02_OFC,DE3,934188.3162242495
2038,Agri02_OFC,DE4,1831183.559031605
2038,Agri02_OFC,DE5,435542.36292904714
2038,Agri02_OFC,DE6,50493.77672231405
2038,Agri02_OFC,DE7,681576.371681651
2038,Agri02_OFC,DE8,1842790.798160149
2038,Agri02_OFC,DE9,2664954.725191468
2038,Agri02_OFC,DEA,1933439.723025135
2038,Agri02_OFC,DEB,1142112.4916103184
2038,Agri02_OFC,DEC,684400.8613842669
2038,Agri02_OFC,DEE,1425792.1661909684
2038,Agri02_OFC,DED,1219404.1910065862
2038,Agri02_OFC,DEF,666007.4916559008
2038,Agri02_OFC,DEG,532510.1390393572
2038,Agri03_No-till,DE1,0.0
2038,Agri03_No-till,DE2,0.0
2038,Agri03_No-till,DE3,0.0
2038,Agri03_No-till,DE4,0.0
2038,Agri03_No-till,DE5,0.0
2038,Agri03_No-till,DE6,0.0
2038,Agri03_No-till,DE7,0.0
2038,Agri03_No-till,DE8,0.0
2038,Agri03_No-till,DE9,0.0
2038,Agri03_No-till,DEA,0.0
2038,Agri03_No-till,DEB,0.0
2038,Agri03_No-till,DEC,0.0
2038,Agri03_No-till,DEE,0.0
2038,Agri03_No-till,DED,0.0
2038,Agri03_No-till,DEF,0.0
2038,Agri03_No-till,DEG,0.0
2038,Agri04_toGrassland,DE1,58534.28307788747
2038,Agri04_toGrassland,DE2,96467.85108244879
2038,Agri04_toGrassland,DE3,26463.2091448733
2038,Agri04_toGrassland,DE4,55923.83156169774
2038,Agri04_toGrassland,DE5,12364.240074442354
2038,Agri04_toGrassland,DE6,1480.5959505149242
2038,Agri04_toGrassland,DE7,21954.687018772034
2038,Agri04_toGrassland,DE8,56672.704226229216
2038,Agri04_toGrassland,DE9,83962.35774329235
2038,Agri04_toGrassland,DEA,59681.56616960361
2038,Agri04_toGrassland,DEB,34795.44188571941
2038,Agri04_toGrassland,DEC,19641.25629228914
2038,Agri04_toGrassland,DEE,44138.268351377475
2038,Agri04_toGrassland,DED,37330.93004479756
2038,Agri04_toGrassland,DEF,22104.83952873448
2038,Agri04_toGrassland,DEG,17673.732326664427
2038,Agri05_Agroforestry,DE1,3394839.4724301016
2038,Agri05_Agroforestry,DE2,4062607.9891974824
2038,Agri05_Agroforestry,DE3,16734.488235296434
2038,Agri05_Agroforestry,DE4,3511654.378402637
2038,Agri05_Agroforestry,DE5,137380.86474889365
2038,Agri05_Agroforestry,DE6,111212.61741512739
2038,Agri05_Agroforestry,DE7,734276.5592916383
2038,Agri05_Agroforestry,DE8,3335675.65297544
2038,Agri05_Agroforestry,DE9,3816072.6314509087
2038,Agri05_Agroforestry,DEA,3388642.547016184
2038,Agri05_Agroforestry,DEB,2232624.548973889
2038,Agri05_Agroforestry,DEC,612128.9769213143
2038,Agri05_Agroforestry,DEE,2435176.014272191
2038,Agri05_Agroforestry,DED,2292873.2669865
2038,Agri05_Agroforestry,DEF,389955.6413370904
2038,Agri05_Agroforestry,DEG,311952.0672043387
2038,Agri06_Biochar,DE1,0.0
2038,Agri06_Biochar,DE2,0.0
2038,Agri06_Biochar,DE3,0.0
2038,Agri06_Biochar,DE4,0.0
2038,Agri06_Biochar,DE5,0.0
2038,Agri06_Biochar,DE6,0.0
2038,Agri06_Biochar,DE7,0.0
2038,Agri06_Biochar,DE8,0.0
2038,Agri06_Biochar,DE9,0.0
2038,Agri06_Biochar,DEA,0.0
2038,Agri06_Biochar,DEB,0.0
2038,Agri06_Biochar,DEC,0.0
2038,Agri06_Biochar,DEE,0.0
2038,Agri06_Biochar,DED,0.0
2038,Agri06_Biochar,DEF,0.0
2038,Agri06_Biochar,DEG,0.0
2039,Agri01_AGC,DE1,2702852.1126129758
2039,Agri01_AGC,DE2,5009717.249924377
2039,Agri01_AGC,DE3,5856.376775678939
2039,Agri01_AGC,DE4,2479994.124399915
2039,Agri01_AGC,DE5,18828.83082691497
2039,Agri01_AGC,DE6,30927.132103900603
2039,Agri01_AGC,DE7,1131075.0830836894
2039,Agri01_AGC,DE8,2624722.0442784335
2039,Agri01_AGC,DE9,4373629.652531624
2039,Agri01_AGC,DEA,2798739.2606031597
2039,Agri01_AGC,DEB,1495375.6332495187
2039,Agri01_AGC,DEC,159005.89766139883
2039,Agri01_AGC,DEE,2121301.1578479414
2039,Agri01_AGC,DED,1706703.628449537
2039,Agri01_AGC,DEF,1122172.6269274666
2039,Agri01_AGC,DEG,897231.2970101277
2039,Agri02_OFC,DE1,1878452.612063763
2039,Agri02_OFC,DE2,2965972.6256374693
2039,Agri02_OFC,DE3,959004.8354991913
2039,Agri02_OFC,DE4,1817404.191267238
2039,Agri02_OFC,DE5,446705.3545211866
2039,Agri02_OFC,DE6,51061.04561965078
2039,Agri02_OFC,DE7,658887.7949646905
2039,Agri02_OFC,DE8,1822846.673301655
2039,Agri02_OFC,DE9,2605215.586232007
2039,Agri02_OFC,DEA,1909107.938814734
2039,Agri02_OFC,DEB,1134818.1202528041
2039,Agri02_OFC,DEC,698669.348312873
2039,Agri02_OFC,DEE,1405894.9475589604
2039,Agri02_OFC,DED,1208831.1983634618
2039,Agri02_OFC,DEF,633795.4728437786
2039,Agri02_OFC,DEG,506759.7623099758
2039,Agri03_No-till,DE1,0.0
2039,Agri03_No-till,DE2,0.0
2039,Agri03_No-till,DE3,0.0
2039,Agri03_No-till,DE4,0.0
2039,Agri03_No-till,DE5,0.0
2039,Agri03_No-till,DE6,0.0
2039,Agri03_No-till,DE7,0.0
2039,Agri03_No-till,DE8,0.0
2039,Agri03_No-till,DE9,0.0
2039,Agri03_No-till,DEA,0.0
2039,Agri03_No-till,DEB,0.0
2039,Agri03_No-till,DEC,0.0
2039,Agri03_No-till,DEE,0.0
2039,Agri03_No-till,DED,0.0
2039,Agri03_No-till,DEF,0.0
2039,Agri03_No-till,DEG,0.0
2039,Agri04_toGrassland,DE1,61288.77272509893
2039,Agri04_toGrassland,DE2,99557.13417241641
2039,Agri04_toGrassland,DE3,28934.6464503269
2039,Agri04_toGrassland,DE4,58809.33883944483
2039,Agri04_toGrassland,DE5,13503.71158172736
2039,Agri04_toGrassland,DE6,1589.8874672515924
2039,Agri04_toGrassland,DE7,22477.63460249971
2039,Agri04_toGrassland,DE8,59385.78328685251
2039,Agri04_toGrassland,DE9,86916.28936625572
2039,Agri04_toGrassland,DEA,62421.20079306451
2039,Agri04_toGrassland,DEB,36635.92909055265
2039,Agri04_toGrassland,DEC,21329.09008054797
2039,Agri04_toGrassland,DEE,46097.258856910084
2039,Agri04_toGrassland,DED,39208.57412301134
2039,Agri04_toGrassland,DEF,22300.71782700256
2039,Agri04_toGrassland,DEG,17830.502633951422
2039,Agri05_Agroforestry,DE1,3848201.283935878
2039,Agri05_Agroforestry,DE2,4555606.8160952795
2039,Agri05_Agroforestry,DE3,17194.637213515198
2039,Agri05_Agroforestry,DE4,3989287.7253670986
2039,Agri05_Agroforestry,DE5,141158.43258677225
2039,Agri05_Agroforestry,DE6,114270.6357751193
2039,Agri05_Agroforestry,DE7,814907.5672401601
2039,Agri05_Agroforestry,DE8,3782714.3027793225
2039,Agri05_Agroforestry,DE9,4291626.4058106635
2039,Agri05_Agroforestry,DEA,3838825.174922723
2039,Agri05_Agroforestry,DEB,2537716.4996206737
2039,Agri05_Agroforestry,DEC,628960.7150245651
2039,Agri05_Agroforestry,DEE,2756347.4948777957
2039,Agri05_Agroforestry,DED,2603204.691119633
2039,Agri05_Agroforestry,DEF,413190.83392214327
2039,Agri05_Agroforestry,DEG,330557.1689856205
2039,Agri06_Biochar,DE1,0.0
2039,Agri06_Biochar,DE2,0.0
2039,Agri06_Biochar,DE3,0.0
2039,Agri06_Biochar,DE4,0.0
2039,Agri06_Biochar,DE5,0.0
2039,Agri06_Biochar,DE6,0.0
2039,Agri06_Biochar,DE7,0.0
2039,Agri06_Biochar,DE8,0.0
2039,Agri06_Biochar,DE9,0.0
2039,Agri06_Biochar,DEA,0.0
2039,Agri06_Biochar,DEB,0.0
2039,Agri06_Biochar,DEC,0.0
2039,Agri06_Biochar,DEE,0.0
2039,Agri06_Biochar,DED,0.0
2039,Agri06_Biochar,DEF,0.0
2039,Agri06_Biochar,DEG,0.0
2040,Agri01_AGC,DE1,2624878.272352952
2040,Agri01_AGC,DE2,4808632.698033273
2040,Agri01_AGC,DE3,5344.496987623388
2040,Agri01_AGC,DE4,2263228.8930287366
2040,Agri01_AGC,DE5,17183.086657407075
2040,Agri01_AGC,DE6,28223.929350236354
2040,Agri01_AGC,DE7,1076960.8584622643
2040,Agri01_AGC,DE8,2496894.6646694317
2040,Agri01_AGC,DE9,4210902.912499739
2040,Agri01_AGC,DEA,2742655.5488401046
2040,Agri01_AGC,DEB,1364671.5150667436
2040,Agri01_AGC,DEC,145107.90094566267
2040,Agri01_AGC,DEE,2071918.2409726665
2040,Agri01_AGC,DED,1557528.2722408157
2040,Agri01_AGC,DEF,1052360.424681881
2040,Agri01_AGC,DEG,841420.859506484
2040,Agri02_OFC,DE1,1835250.7856748535
2040,Agri02_OFC,DE2,2857685.3638727013
2040,Agri02_OFC,DE3,970829.728707304
2040,Agri02_OFC,DE4,1782621.0425455242
2040,Agri02_OFC,DE5,451840.4199630166
2040,Agri02_OFC,DE6,50981.43814132534
2040,Agri02_OFC,DE7,629636.7127687371
2040,Agri02_OFC,DE8,1782200.058768017
2040,Agri02_OFC,DE9,2517746.0896483385
2040,Agri02_OFC,DEA,1863298.79673961
2040,Agri02_OFC,DEB,1114330.736993757
2040,Agri02_OFC,DEC,703699.6410410013
2040,Agri02_OFC,DEE,1370299.1849975742
2040,Agri02_OFC,DED,1184371.442038134
2040,Agri02_OFC,DEF,595888.6555227237
2040,Agri02_OFC,DEG,476455.72417935083
2040,Agri03_No-till,DE1,0.0
2040,Agri03_No-till,DE2,0.0
2040,Agri03_No-till,DE3,0.0
2040,Agri03_No-till,DE4,0.0
2040,Agri03_No-till,DE5,0.0
2040,Agri03_No-till,DE6,0.0
2040,Agri03_No-till,DE7,0.0
2040,Agri03_No-till,DE8,0.0
2040,Agri03_No-till,DE9,0.0
2040,Agri03_No-till,DEA,0.0
2040,Agri03_No-till,DEB,0.0
2040,Agri03_No-till,DEC,0.0
2040,Agri03_No-till,DEE,0.0
2040,Agri03_No-till,DED,0.0
2040,Agri03_No-till,DEF,0.0
2040,Agri03_No-till,DEG,0.0
2040,Agri04_toGrassland,DE1,63952.393737749386
2040,Agri04_toGrassland,DE2,102411.1338167942
2040,Agri04_toGrassland,DE3,31437.311151863712
2040,Agri04_toGrassland,DE4,61623.000760838935
2040,Agri04_toGrassland,DE5,14656.874364003083
2040,Agri04_toGrassland,DE6,1699.2168950131368
2040,Agri04_toGrassland,DE7,22936.412389438297
2040,Agri04_toGrassland,DE8,62013.60764572585
2040,Agri04_toGrassland,DE9,89681.07334085165
2040,Agri04_toGrassland,DEA,65064.125841115514
2040,Agri04_toGrassland,DEB,38434.37682276152
2040,Agri04_toGrassland,DEC,23031.46213485285
2040,Agri04_toGrassland,DEE,47980.767033780365
2040,Agri04_toGrassland,DED,41035.39758182817
2040,Agri04_toGrassland,DEF,22412.488339912874
2040,Agri04_toGrassland,DEG,17920.03458163988
2040,Agri05_Agroforestry,DE1,4338797.569127237
2040,Agri05_Agroforestry,DE2,5085158.431991688
2040,Agri05_Agroforestry,DE3,17654.786191733958
2040,Agri05_Agroforestry,DE4,4506838.113194679
2040,Agri05_Agroforestry,DE5,144936.0004246508
2040,Agri05_Agroforestry,DE6,117328.65413511117
2040,Agri05_Agroforestry,DE7,900775.7628555208
2040,Agri05_Agroforestry,DE8,4266593.501822717
2040,Agri05_Agroforestry,DE9,4803530.321048844
2040,Agri05_Agroforestry,DEA,4325794.281354631
2040,Agri05_Agroforestry,DEB,2868416.900997522
2040,Agri05_Agroforestry,DEC,645792.4531278155
2040,Agri05_Agroforestry,DEE,3103576.2099999576
2040,Agri05_Agroforestry,DED,2939351.8495065887
2040,Agri05_Agroforestry,DEF,436042.235151389
2040,Agri05_Agroforestry,DEG,348858.108565031
2040,Agri06_Biochar,DE1,0.0
2040,Agri06_Biochar,DE2,0.0
2040,Agri06_Biochar,DE3,0.0
2040,Agri06_Biochar,DE4,0.0
2040,Agri06_Biochar,DE5,0.0
2040,Agri06_Biochar,DE6,0.0
2040,Agri06_Biochar,DE7,0.0
2040,Agri06_Biochar,DE8,0.0
2040,Agri06_Biochar,DE9,0.0
2040,Agri06_Biochar,DEA,0.0
2040,Agri06_Biochar,DEB,0.0
2040,Agri06_Biochar,DEC,0.0
2040,Agri06_Biochar,DEE,0.0
2040,Agri06_Biochar,DED,0.0
2040,Agri06_Biochar,DEF,0.0
2040,Agri06_Biochar,DEG,0.0
2041,Agri01_AGC,DE1,2373475.355140133
2041,Agri01_AGC,DE2,4561843.226492901
2041,Agri01_AGC,DE3,4832.61719956784
2041,Agri01_AGC,DE4,2046463.6616575592
2041,Agri01_AGC,DE5,15537.342487899188
2041,Agri01_AGC,DE6,25520.726596572116
2041,Agri01_AGC,DE7,1013408.8219484164
2041,Agri01_AGC,DE8,2257749.6310567595
2041,Agri01_AGC,DE9,4006977.3311046283
2041,Agri01_AGC,DEA,2479972.279619301
2041,Agri01_AGC,DEB,1233967.3968839692
2041,Agri01_AGC,DEC,131209.90422992656
2041,Agri01_AGC,DEE,1892588.824278345
2041,Agri01_AGC,DED,1408352.916032095
2041,Agri01_AGC,DEF,974815.3303177712
2041,Agri01_AGC,DEG,779426.8123617815
2041,Agri02_OFC,DE1,1770015.6420007227
2041,Agri02_OFC,DE2,2718452.8115672534
2041,Agri02_OFC,DE3,968155.9650431176
2041,Agri02_OFC,DE4,1725847.7638873744
2041,Agri02_OFC,DE5,450257.77560381737
2041,Agri02_OFC,DE6,50197.898266841235
2041,Agri02_OFC,DE7,594009.5133952738
2041,Agri02_OFC,DE8,1720049.9229416817
2041,Agri02_OFC,DE9,2402361.7407243485
2041,Agri02_OFC,DEA,1795279.242388966
2041,Agri02_OFC,DEB,1079994.1810669056
2041,Agri02_OFC,DEC,698510.9928275506
2041,Agri02_OFC,DEE,1318525.8903816969
2041,Agri02_OFC,DED,1145412.1428792754
2041,Agri02_OFC,DEF,552785.700471456
2041,Agri02_OFC,DEG,441996.5763829484
2041,Agri03_No-till,DE1,0.0
2041,Agri03_No-till,DE2,0.0
2041,Agri03_No-till,DE3,0.0
2041,Agri03_No-till,DE4,0.0
2041,Agri03_No-till,DE5,0.0
2041,Agri03_No-till,DE6,0.0
2041,Agri03_No-till,DE7,0.0
2041,Agri03_No-till,DE8,0.0
2041,Agri03_No-till,DE9,0.0
2041,Agri03_No-till,DEA,0.0
2041,Agri03_No-till,DEB,0.0
2041,Agri03_No-till,DEC,0.0
2041,Agri03_No-till,DEE,0.0
2041,Agri03_No-till,DED,0.0
2041,Agri03_No-till,DEF,0.0
2041,Agri03_No-till,DEG,0.0
2041,Agri04_toGrassland,DE1,66519.36974120566
2041,Agri04_toGrassland,DE2,105030.4002666937
2041,Agri04_toGrassland,DE3,33960.07800595473
2041,Agri04_toGrassland,DE4,64357.53587379751
2041,Agri04_toGrassland,DE5,15818.636281766647
2041,Agri04_toGrassland,DE6,1808.1630333035123
2041,Agri04_toGrassland,DE7,23332.396340342824
2041,Agri04_toGrassland,DE8,64550.26390559997
2041,Agri04_toGrassland,DE9,92255.3476852022
2041,Agri04_toGrassland,DEA,67604.92973967962
2041,Agri04_toGrassland,DEB,40185.94115460915
2041,Agri04_toGrassland,DEC,24741.132360113872
2041,Agri04_toGrassland,DEE,49785.256882909845
2041,Agri04_toGrassland,DED,42806.8767464411
2041,Agri04_toGrassland,DEF,22443.832294538865
2041,Agri04_toGrassland,DEG,17945.270369119396
2041,Agri05_Agroforestry,DE1,4868033.084026605
2041,Agri05_Agroforestry,DE2,5652525.254451452
2041,Agri05_Agroforestry,DE3,18114.93516995272
2041,Agri05_Agroforestry,DE4,5065831.917429799
2041,Agri05_Agroforestry,DE5,148713.5682625294
2041,Agri05_Agroforestry,DE6,120386.67249510309
2041,Agri05_Agroforestry,DE7,992037.7053546056
2041,Agri05_Agroforestry,DE8,4788706.858769191
2041,Agri05_Agroforestry,DE9,5353075.586624389
2041,Agri05_Agroforestry,DEA,4850932.184796594
2041,Agri05_Agroforestry,DEB,3225708.2219747645
2041,Agri05_Agroforestry,DEC,662624.1912310664
2041,Agri05_Agroforestry,DEE,3287297.1384254564
2041,Agri05_Agroforestry,DED,3302298.4247701713
2041,Agri05_Agroforestry,DEF,458427.47121163754
2041,Agri05_Agroforestry,DEG,366789.1390115367
2041,Agri06_Biochar,DE1,0.0
2041,Agri06_Biochar,DE2,0.0
2041,Agri06_Biochar,DE3,0.0
2041,Agri06_Biochar,DE4,0.0
2041,Agri06_Biochar,DE5,0.0
2041,Agri06_Biochar,DE6,0.0
2041,Agri06_Biochar,DE7,0.0
2041,Agri06_Biochar,DE8,0.0
2041,Agri06_Biochar,DE9,0.0
2041,Agri06_Biochar,DEA,0.0
2041,Agri06_Biochar,DEB,0.0
2041,Agri06_Biochar,DEC,0.0
2041,Agri06_Biochar,DEE,0.0
2041,Agri06_Biochar,DED,0.0
2041,Agri06_Biochar,DEF,0.0
2041,Agri06_Biochar,DEG,0.0
2042,Agri01_AGC,DE1,2122072.4379273127
2042,Agri01_AGC,DE2,4269458.902222428
2042,Agri01_AGC,DE3,4320.737411512288
2042,Agri01_AGC,DE4,1829698.430286381
2042,Agri01_AGC,DE5,13891.598318391292
2042,Agri01_AGC,DE6,22817.523842907864
2042,Agri01_AGC,DE7,940694.2074454008
2042,Agri01_AGC,DE8,2018604.5974440866
2042,Agri01_AGC,DE9,3761580.47064262
2042,Agri01_AGC,DEA,2217289.0103984964
2042,Agri01_AGC,DEB,1103263.278701194
2042,Agri01_AGC,DEC,117311.90751419039
2042,Agri01_AGC,DEE,1692122.301431359
2042,Agri01_AGC,DED,1259177.5598233736
2042,Agri01_AGC,DEF,890273.7009532365
2042,Agri01_AGC,DEG,711837.6847322437
2042,Agri02_OFC,DE1,1681964.7105728847
2042,Agri02_OFC,DE2,2548349.5059996764
2042,Agri02_OFC,DE3,949476.5137011623
2042,Agri02_OFC,DE4,1646098.0063136986
2042,Agri02_OFC,DE5,441267.63779286935
2042,Agri02_OFC,DE6,48653.369975702015
2042,Agri02_OFC,DE7,552192.5851457836
2042,Agri02_OFC,DE8,1635595.2342050965
2042,Agri02_OFC,DE9,2258878.0447439244
2042,Agri02_OFC,DEA,1704316.2213520051
2042,Agri02_OFC,DEB,1031152.2917059781
2042,Agri02_OFC,DEC,682122.6569314202
2042,Agri02_OFC,DEE,1250096.0755862158
2042,Agri02_OFC,DED,1091340.5217355592
2042,Agri02_OFC,DEF,504985.2684686952
2042,Agri02_OFC,DEG,403780.87065623474
2042,Agri03_No-till,DE1,0.0
2042,Agri03_No-till,DE2,0.0
2042,Agri03_No-till,DE3,0.0
2042,Agri03_No-till,DE4,0.0
2042,Agri03_No-till,DE5,0.0
2042,Agri03_No-till,DE6,0.0
2042,Agri03_No-till,DE7,0.0
2042,Agri03_No-till,DE8,0.0
2042,Agri03_No-till,DE9,0.0
2042,Agri03_No-till,DEA,0.0
2042,Agri03_No-till,DEB,0.0
2042,Agri03_No-till,DEC,0.0
2042,Agri03_No-till,DEE,0.0
2042,Agri03_No-till,DED,0.0
2042,Agri03_No-till,DEF,0.0
2042,Agri03_No-till,DEG,0.0
2042,Agri04_toGrassland,DE1,68983.92436083457
2042,Agri04_toGrassland,DE2,107415.48377322647
2042,Agri04_toGrassland,DE3,36491.82176907096
2042,Agri04_toGrassland,DE4,67005.66272623799
2042,Agri04_toGrassland,DE5,16983.90519551518
2042,Agri04_toGrassland,DE6,1916.3046816266735
2042,Agri04_toGrassland,DE7,23666.962415968323
2042,Agri04_toGrassland,DE8,66989.8386692255
2042,Agri04_toGrassland,DE9,94637.75041742939
2042,Agri04_toGrassland,DEA,70038.2009146798
2042,Agri04_toGrassland,DEB,41885.778158358655
2042,Agri04_toGrassland,DEC,26450.86066124113
2042,Agri04_toGrassland,DEE,51507.192405220034
2042,Agri04_toGrassland,DED,44518.48794204315
2042,Agri04_toGrassland,DEF,22398.43091795398
2042,Agri04_toGrassland,DEG,17909.152195779574
2042,Agri05_Agroforestry,DE1,5437312.5846564
2042,Agri05_Agroforestry,DE2,6258969.701039302
2042,Agri05_Agroforestry,DE3,18575.084148171485
2042,Agri05_Agroforestry,DE4,5667795.513616875
2042,Agri05_Agroforestry,DE5,152491.136100408
2042,Agri05_Agroforestry,DE6,123444.690855095
2042,Agri05_Agroforestry,DE7,1088849.9539542974
2042,Agri05_Agroforestry,DE8,5350447.982282305
2042,Agri05_Agroforestry,DE9,5941553.4119962305
2042,Agri05_Agroforestry,DEA,5415621.20373329
2042,Agri05_Agroforestry,DEB,3610572.931422725
2042,Agri05_Agroforestry,DEC,679455.929334317
2042,Agri05_Agroforestry,DEE,3370799.8617394743
2042,Agri05_Agroforestry,DED,3693028.09953318
2042,Agri05_Agroforestry,DEF,480264.16828969854
2042,Agri05_Agroforestry,DEG,384284.51339410327
2042,Agri06_Biochar,DE1,0.0
2042,Agri06_Biochar,DE2,0.0
2042,Agri06_Biochar,DE3,0.0
2042,Agri06_Biochar,DE4,0.0
2042,Agri06_Biochar,DE5,0.0
2042,Agri06_Biochar,DE6,0.0
2042,Agri06_Biochar,DE7,0.0
2042,Agri06_Biochar,DE8,0.0
2042,Agri06_Biochar,DE9,0.0
2042,Agri06_Biochar,DEA,0.0
2042,Agri06_Biochar,DEB,0.0
2042,Agri06_Biochar,DEC,0.0
2042,Agri06_Biochar,DEE,0.0
2042,Agri06_Biochar,DED,0.0
2042,Agri06_Biochar,DEF,0.0
2042,Agri06_Biochar,DEG,0.0
2043,Agri01_AGC,DE1,1870669.5207144928
2043,Agri01_AGC,DE2,3931589.7921410226
2043,Agri01_AGC,DE3,3808.8576234567386
2043,Agri01_AGC,DE4,1612933.198915203
2043,Agri01_AGC,DE5,12245.8541488834
2043,Agri01_AGC,DE6,20114.321089243622
2043,Agri01_AGC,DE7,859092.248856474
2043,Agri01_AGC,DE8,1779459.563831414
2043,Agri01_AGC,DE9,3367993.23023742
2043,Agri01_AGC,DEA,1954605.7411776923
2043,Agri01_AGC,DEB,972559.1605184195
2043,Agri01_AGC,DEC,103413.91079845425
2043,Agri01_AGC,DEE,1491655.7785843734
2043,Agri01_AGC,DED,1110002.2036146526
2043,Agri01_AGC,DEF,799471.8937063786
2043,Agri01_AGC,DEG,639242.0057740951
2043,Agri02_OFC,DE1,1570315.5209228506
2043,Agri02_OFC,DE2,2347449.9844485167
2043,Agri02_OFC,DE3,913284.3438759672
2043,Agri02_OFC,DE4,1542385.4208454052
2043,Agri02_OFC,DE5,424180.2228794525
2043,Agri02_OFC,DE6,46290.797247411145
2043,Agri02_OFC,DE7,504372.3163217488
2043,Agri02_OFC,DE8,1528034.9609407065
2043,Agri02_OFC,DE9,2087110.5069909494
2043,Agri02_OFC,DEA,1589676.6792179288
2043,Agri02_OFC,DEB,967148.9081447019
2043,Agri02_OFC,DEC,653553.8866115087
2043,Agri02_OFC,DEE,1164530.752486017
2043,Agri02_OFC,DED,1021543.7994556574
2043,Agri02_OFC,DEF,452986.02029316017
2043,Agri02_OFC,DEG,362207.15873467573
2043,Agri03_No-till,DE1,0.0
2043,Agri03_No-till,DE2,0.0
2043,Agri03_No-till,DE3,0.0
2043,Agri03_No-till,DE4,0.0
2043,Agri03_No-till,DE5,0.0
2043,Agri03_No-till,DE6,0.0
2043,Agri03_No-till,DE7,0.0
2043,Agri03_No-till,DE8,0.0
2043,Agri03_No-till,DE9,0.0
2043,Agri03_No-till,DEA,0.0
2043,Agri03_No-till,DEB,0.0
2043,Agri03_No-till,DEC,0.0
2043,Agri03_No-till,DEE,0.0
2043,Agri03_No-till,DED,0.0
2043,Agri03_No-till,DEF,0.0
2043,Agri03_No-till,DEG,0.0
2043,Agri04_toGrassland,DE1,71340.28122200289
2043,Agri04_toGrassland,DE2,109566.93458750406
2043,Agri04_toGrassland,DE3,39021.417197683375
2043,Agri04_toGrassland,DE4,69560.09986607783
2043,Agri04_toGrassland,DE5,18147.588965745806
2043,Agri04_toGrassland,DE6,2023.2206394865757
2043,Agri04_toGrassland,DE7,23941.486577069823
2043,Agri04_toGrassland,DE8,69326.41853935312
2043,Agri04_toGrassland,DE9,96826.91955565521
2043,Agri04_toGrassland,DEA,72358.52779203905
2043,Agri04_toGrassland,DEB,43529.043906273146
2043,Agri04_toGrassland,DEC,28153.40694314471
2043,Agri04_toGrassland,DEE,53143.03760163245
2043,Agri04_toGrassland,DED,46165.70749382739
2043,Agri04_toGrassland,DEF,22279.965437231665
2043,Agri04_toGrassland,DEG,17814.622261010016
2043,Agri05_Agroforestry,DE1,6048040.827039046
2043,Agri05_Agroforestry,DE2,6905754.189319979
2043,Agri05_Agroforestry,DE3,19035.23312639025
2043,Agri05_Agroforestry,DE4,6314255.277300324
2043,Agri05_Agroforestry,DE5,156268.7039382866
2043,Agri05_Agroforestry,DE6,126502.70921508691
2043,Agri05_Agroforestry,DE7,1191369.0678714807
2043,Agri05_Agroforestry,DE8,5953210.481025626
2043,Agri05_Agroforestry,DE9,6570255.006623306
2043,Agri05_Agroforestry,DEA,6021243.656649402
2043,Agri05_Agroforestry,DEB,4023993.4982117326
2043,Agri05_Agroforestry,DEC,696287.6674375677
2043,Agri05_Agroforestry,DEE,3454302.585053493
2043,Agri05_Agroforestry,DED,3848352.5476241303
2043,Agri05_Agroforestry,DEF,501469.95257238194
2043,Agri05_Agroforestry,DEG,401278.484781697
2043,Agri06_Biochar,DE1,0.0
2043,Agri06_Biochar,DE2,0.0
2043,Agri06_Biochar,DE3,0.0
2043,Agri06_Biochar,DE4,0.0
2043,Agri06_Biochar,DE5,0.0
2043,Agri06_Biochar,DE6,0.0
2043,Agri06_Biochar,DE7,0.0
2043,Agri06_Biochar,DE8,0.0
2043,Agri06_Biochar,DE9,0.0
2043,Agri06_Biochar,DEA,0.0
2043,Agri06_Biochar,DEB,0.0
2043,Agri06_Biochar,DEC,0.0
2043,Agri06_Biochar,DEE,0.0
2043,Agri06_Biochar,DED,0.0
2043,Agri06_Biochar,DEF,0.0
2043,Agri06_Biochar,DEG,0.0
2044,Agri01_AGC,DE1,1619266.6035016729
2044,Agri01_AGC,DE2,3530630.5265355986
2044,Agri01_AGC,DE3,3296.9778354011883
2044,Agri01_AGC,DE4,1396167.967544025
2044,Agri01_AGC,DE5,10600.109979375507
2044,Agri01_AGC,DE6,17411.118335579376
2044,Agri01_AGC,DE7,768878.1800848914
2044,Agri01_AGC,DE8,1540314.5302187414
2044,Agri01_AGC,DE9,2915362.065908985
2044,Agri01_AGC,DEA,1691922.471956888
2044,Agri01_AGC,DEB,841855.0423356445
2044,Agri01_AGC,DEC,89515.9140827181
2044,Agri01_AGC,DEE,1291189.2557373878
2044,Agri01_AGC,DED,960826.8474059313
2044,Agri01_AGC,DEF,703146.2656952976
2044,Agri01_AGC,DEG,562228.3046435599
2044,Agri02_OFC,DE1,1434285.6025821373
2044,Agri02_OFC,DE2,2115828.784192329
2044,Agri02_OFC,DE3,858072.4247620637
2044,Agri02_OFC,DE4,1413723.6585034062
2044,Agri02_OFC,DE5,398305.7472128478
2044,Agri02_OFC,DE6,43053.12406147222
2044,Agri02_OFC,DE7,450735.0952246531
2044,Agri02_OFC,DE8,1396568.0715309612
2044,Agri02_OFC,DE9,1886874.6327493126
2044,Agri02_OFC,DEA,1450627.5615759417
2044,Agri02_OFC,DEB,887327.8696168064
2044,Agri02_OFC,DEC,611823.9351267158
2044,Agri02_OFC,DEE,1061350.9329559891
2044,Agri02_OFC,DED,935409.196888244
2044,Agri02_OFC,DEF,397286.616723571
2044,Agri02_OFC,DEG,317673.99235373794
2044,Agri03_No-till,DE1,0.0
2044,Agri03_No-till,DE2,0.0
2044,Agri03_No-till,DE3,0.0
2044,Agri03_No-till,DE4,0.0
2044,Agri03_No-till,DE5,0.0
2044,Agri03_No-till,DE6,0.0
2044,Agri03_No-till,DE7,0.0
2044,Agri03_No-till,DE8,0.0
2044,Agri03_No-till,DE9,0.0
2044,Agri03_No-till,DEA,0.0
2044,Agri03_No-till,DEB,0.0
2044,Agri03_No-till,DEC,0.0
2044,Agri03_No-till,DEE,0.0
2044,Agri03_No-till,DED,0.0
2044,Agri03_No-till,DEF,0.0
2044,Agri03_No-till,DEG,0.0
2044,Agri04_toGrassland,DE1,73582.66395007742
2044,Agri04_toGrassland,DE2,111485.30296063803
2044,Agri04_toGrassland,DE3,41537.73904826301
2044,Agri04_toGrassland,DE4,72013.56584123448
2044,Agri04_toGrassland,DE5,19304.595452955655
2044,Agri04_toGrassland,DE6,2128.489706387174
2044,Agri04_toGrassland,DE7,24157.34478440237
2044,Agri04_toGrassland,DE8,71554.09011873354
2044,Agri04_toGrassland,DE9,98821.49311800176
2044,Agri04_toGrassland,DEA,74560.49879768038
2044,Agri04_toGrassland,DEB,45110.89447061574
2044,Agri04_toGrassland,DEC,29841.531110734708
2044,Agri04_toGrassland,DEE,54689.25647306863
2044,Agri04_toGrassland,DED,47744.01172698684
2044,Agri04_toGrassland,DEF,22092.117079445376
2044,Agri04_toGrassland,DEG,17664.62276420033
2044,Agri05_Agroforestry,DE1,6701622.567196963
2044,Agri05_Agroforestry,DE2,7594141.136858216
2044,Agri05_Agroforestry,DE3,19495.38210460901
2044,Agri05_Agroforestry,DE4,7006737.584024562
2044,Agri05_Agroforestry,DE5,160046.27177616517
2044,Agri05_Agroforestry,DE6,129560.7275750788
2044,Agri05_Agroforestry,DE7,1299751.6063230394
2044,Agri05_Agroforestry,DE8,6598387.963662714
2044,Agri05_Agroforestry,DE9,7240471.579964549
2044,Agri05_Agroforestry,DEA,6669181.862029609
2044,Agri05_Agroforestry,DEB,4466952.391212112
2044,Agri05_Agroforestry,DEC,713119.4055408183
2044,Agri05_Agroforestry,DEE,3537805.3083675103
2044,Agri05_Agroforestry,DED,3941380.8536531096
2044,Agri05_Agroforestry,DEF,521962.4502464971
2044,Agri05_Agroforestry,DEG,417705.3062432837
2044,Agri06_Biochar,DE1,0.0
2044,Agri06_Biochar,DE2,0.0
2044,Agri06_Biochar,DE3,0.0
2044,Agri06_Biochar,DE4,0.0
2044,Agri06_Biochar,DE5,0.0
2044,Agri06_Biochar,DE6,0.0
2044,Agri06_Biochar,DE7,0.0
2044,Agri06_Biochar,DE8,0.0
2044,Agri06_Biochar,DE9,0.0
2044,Agri06_Biochar,DEA,0.0
2044,Agri06_Biochar,DEB,0.0
2044,Agri06_Biochar,DEC,0.0
2044,Agri06_Biochar,DEE,0.0
2044,Agri06_Biochar,DED,0.0
2044,Agri06_Biochar,DEF,0.0
2044,Agri06_Biochar,DEG,0.0
2045,Agri01_AGC,DE1,1367863.686288853
2045,Agri01_AGC,DE2,2982474.458811964
2045,Agri01_AGC,DE3,2785.0980473456384
2045,Agri01_AGC,DE4,1179402.7361728472
2045,Agri01_AGC,DE5,8954.365809867615
2045,Agri01_AGC,DE6,14707.915581915131
2045,Agri01_AGC,DE7,670327.2350339094
2045,Agri01_AGC,DE8,1301169.496606069
2045,Agri01_AGC,DE9,2462730.9015805507
2045,Agri01_AGC,DEA,1429239.2027360841
2045,Agri01_AGC,DEB,711150.9241528697
2045,Agri01_AGC,DEC,75617.91736698196
2045,Agri01_AGC,DEE,1090722.7328904022
2045,Agri01_AGC,DED,811651.4911972103
2045,Agri01_AGC,DEF,602033.1740380945
2045,Agri01_AGC,DEG,481385.1104968621
2045,Agri02_OFC,DE1,1273092.4850822552
2045,Agri02_OFC,DE2,1853560.4425096582
2045,Agri02_OFC,DE3,782333.7255539806
2045,Agri02_OFC,DE4,1259126.3703086094
2045,Agri02_OFC,DE5,362954.4271423349
2045,Agri02_OFC,DE6,38883.2943973887
2045,Agri02_OFC,DE7,391467.31015597854
2045,Agri02_OFC,DE8,1240393.5343583047
2045,Agri02_OFC,DE9,1657985.9273028967
2045,Agri02_OFC,DEA,1286435.8140152446
2045,Agri02_OFC,DEB,791033.0153560186
2045,Agri02_OFC,DEC,555952.0557359396
2045,Agri02_OFC,DEE,940077.6288710173
2045,Agri02_OFC,DED,832323.9348819903
2045,Agri02_OFC,DEF,338385.7185386465
2045,Agri02_OFC,DEG,270579.92324888695
2045,Agri03_No-till,DE1,0.0
2045,Agri03_No-till,DE2,0.0
2045,Agri03_No-till,DE3,0.0
2045,Agri03_No-till,DE4,0.0
2045,Agri03_No-till,DE5,0.0
2045,Agri03_No-till,DE6,0.0
2045,Agri03_No-till,DE7,0.0
2045,Agri03_No-till,DE8,0.0
2045,Agri03_No-till,DE9,0.0
2045,Agri03_No-till,DEA,0.0
2045,Agri03_No-till,DEB,0.0
2045,Agri03_No-till,DEC,0.0
2045,Agri03_No-till,DEE,0.0
2045,Agri03_No-till,DED,0.0
2045,Agri03_No-till,DEF,0.0
2045,Agri03_No-till,DEG,0.0
2045,Agri04_toGrassland,DE1,75705.29617042495
2045,Agri04_toGrassland,DE2,113171.1391437399
2045,Agri04_toGrassland,DE3,44029.66207728082
2045,Agri04_toGrassland,DE4,74358.77919962535
2045,Agri04_toGrassland,DE5,20449.832517641848
2045,Agri04_toGrassland,DE6,2231.6906818324223
2045,Agri04_toGrassland,DE7,24315.91299872098
2045,Agri04_toGrassland,DE8,73666.9400101174
2045,Agri04_toGrassland,DE9,100620.10912259102
2045,Agri04_toGrassland,DEA,76638.70235752675
2045,Agri04_toGrassland,DEB,46626.48592364956
2045,Agri04_toGrassland,DEC,31507.993068921205
2045,Agri04_toGrassland,DEE,56142.313020450056
2045,Agri04_toGrassland,DED,49248.87696671454
2045,Agri04_toGrassland,DEF,21838.56707166854
2045,Agri04_toGrassland,DEG,17462.09590474011
2045,Agri05_Agroforestry,DE1,7399462.561152576
2045,Agri05_Agroforestry,DE2,8325392.961218752
2045,Agri05_Agroforestry,DE3,19955.53108282777
2045,Agri05_Agroforestry,DE4,7225962.708850019
2045,Agri05_Agroforestry,DE5,163823.83961404374
2045,Agri05_Agroforestry,DE6,132618.7459350707
2045,Agri05_Agroforestry,DE7,1414154.1285258578
2045,Agri05_Agroforestry,DE8,6882181.960519218
2045,Agri05_Agroforestry,DE9,7953494.341478897
2045,Agri05_Agroforestry,DEA,7360818.138358597
2045,Agri05_Agroforestry,DEB,4940432.0792941945
2045,Agri05_Agroforestry,DEC,729951.143644069
2045,Agri05_Agroforestry,DEE,3621308.031681528
2045,Agri05_Agroforestry,DED,4034409.15968209
2045,Agri05_Agroforestry,DEF,541659.2874988542
2045,Agri05_Agroforestry,DEG,433499.2308478296
2045,Agri06_Biochar,DE1,0.0
2045,Agri06_Biochar,DE2,0.0
2045,Agri06_Biochar,DE3,0.0
2045,Agri06_Biochar,DE4,0.0
2045,Agri06_Biochar,DE5,0.0
2045,Agri06_Biochar,DE6,0.0
2045,Agri06_Biochar,DE7,0.0
2045,Agri06_Biochar,DE8,0.0
2045,Agri06_Biochar,DE9,0.0
2045,Agri06_Biochar,DEA,0.0
2045,Agri06_Biochar,DEB,0.0
2045,Agri06_Biochar,DEC,0.0
2045,Agri06_Biochar,DEE,0.0
2045,Agri06_Biochar,DED,0.0
2045,Agri06_Biochar,DEF,0.0
2045,Agri06_Biochar,DEG,0.0
2046,Agri01_AGC,DE1,1116460.7690760333
2046,Agri01_AGC,DE2,2434318.391088329
2046,Agri01_AGC,DE3,2273.218259290088
2046,Agri01_AGC,DE4,962637.5048016695
2046,Agri01_AGC,DE5,7308.621640359724
2046,Agri01_AGC,DE6,12004.712828250887
2046,Agri01_AGC,DE7,563714.6476067838
2046,Agri01_AGC,DE8,1062024.4629933964
2046,Agri01_AGC,DE9,2010099.7372521162
2046,Agri01_AGC,DEA,1166555.93351528
2046,Agri01_AGC,DEB,580446.8059700951
2046,Agri01_AGC,DEC,61719.92065124582
2046,Agri01_AGC,DEE,890256.2100434166
2046,Agri01_AGC,DED,662476.1349884892
2046,Agri01_AGC,DEF,496868.9758528695
2046,Agri01_AGC,DEG,397300.9524902259
2046,Agri02_OFC,DE1,1085953.6979547169
2046,Agri02_OFC,DE2,1560719.4966790536
2046,Agri02_OFC,DE3,684561.2154462473
2046,Agri02_OFC,DE4,1077607.2072819243
2046,Agri02_OFC,DE5,317436.479017194
2046,Agri02_OFC,DE6,33724.252234664076
2046,Agri02_OFC,DE7,326755.3494172079
2046,Agri02_OFC,DE8,1058710.3178051834
2046,Agri02_OFC,DE9,1400259.8959355864
2046,Agri02_OFC,DEA,1096368.382125039
2046,Agri02_OFC,DEB,677608.184596066
2046,Agri02_OFC,DEC,484957.5016980791
2046,Agri02_OFC,DEE,800231.852105988
2046,Agri02_OFC,DED,711675.2342855687
2046,Agri02_OFC,DEF,276781.9865171062
2046,Agri02_OFC,DEG,221323.50315558884
2046,Agri03_No-till,DE1,0.0
2046,Agri03_No-till,DE2,0.0
2046,Agri03_No-till,DE3,0.0
2046,Agri03_No-till,DE4,0.0
2046,Agri03_No-till,DE5,0.0
2046,Agri03_No-till,DE6,0.0
2046,Agri03_No-till,DE7,0.0
2046,Agri03_No-till,DE8,0.0
2046,Agri03_No-till,DE9,0.0
2046,Agri03_No-till,DEA,0.0
2046,Agri03_No-till,DEB,0.0
2046,Agri03_No-till,DEC,0.0
2046,Agri03_No-till,DEE,0.0
2046,Agri03_No-till,DED,0.0
2046,Agri03_No-till,DEF,0.0
2046,Agri03_No-till,DEG,0.0
2046,Agri04_toGrassland,DE1,77702.40150841232
2046,Agri04_toGrassland,DE2,114624.99338792126
2046,Agri04_toGrassland,DE3,46486.06104120783
2046,Agri04_toGrassland,DE4,76588.45848916796
2046,Agri04_toGrassland,DE5,21578.20802030152
2046,Agri04_toGrassland,DE6,2332.402365326277
2046,Agri04_toGrassland,DE7,24418.56718078071
2046,Agri04_toGrassland,DE8,75659.05481625539
2046,Agri04_toGrassland,DE9,102221.40558754507
2046,Agri04_toGrassland,DEA,78587.72689750123
2046,Agri04_toGrassland,DEB,48070.97433763774
2046,Agri04_toGrassland,DEC,33145.55272261431
2046,Agri04_toGrassland,DEE,57498.67124469829
2046,Agri04_toGrassland,DED,50675.77953820358
2046,Agri04_toGrassland,DEF,21522.996640974634
2046,Agri04_toGrassland,DEG,17209.98388201897
2046,Agri05_Agroforestry,DE1,8142965.564928304
2046,Agri05_Agroforestry,DE2,9100772.079966327
2046,Agri05_Agroforestry,DE3,20415.680061046536
2046,Agri05_Agroforestry,DE4,7392584.150460535
2046,Agri05_Agroforestry,DE5,167601.40745192236
2046,Agri05_Agroforestry,DE6,135676.7642950626
2046,Agri05_Agroforestry,DE7,1534733.19369682
2046,Agri05_Agroforestry,DE8,7040876.25855139
2046,Agri05_Agroforestry,DE9,8710614.500625286
2046,Agri05_Agroforestry,DEA,8097534.804121045
2046,Agri05_Agroforestry,DEB,5360626.813058372
2046,Agri05_Agroforestry,DEC,746782.8817473197
2046,Agri05_Agroforestry,DEE,3704810.7549955463
2046,Agri05_Agroforestry,DED,4127437.4657110707
2046,Agri05_Agroforestry,DEF,560478.0905162629
2046,Agri05_Agroforestry,DEG,448594.51166430087
2046,Agri06_Biochar,DE1,0.0
2046,Agri06_Biochar,DE2,0.0
2046,Agri06_Biochar,DE3,0.0
2046,Agri06_Biochar,DE4,0.0
2046,Agri06_Biochar,DE5,0.0
2046,Agri06_Biochar,DE6,0.0
2046,Agri06_Biochar,DE7,0.0
2046,Agri06_Biochar,DE8,0.0
2046,Agri06_Biochar,DE9,0.0
2046,Agri06_Biochar,DEA,0.0
2046,Agri06_Biochar,DEB,0.0
2046,Agri06_Biochar,DEC,0.0
2046,Agri06_Biochar,DEE,0.0
2046,Agri06_Biochar,DED,0.0
2046,Agri06_Biochar,DEF,0.0
2046,Agri06_Biochar,DEG,0.0
2047,Agri01_AGC,DE1,865057.8518632133
2047,Agri01_AGC,DE2,1886162.3233646932
2047,Agri01_AGC,DE3,1761.3384712345378
2047,Agri01_AGC,DE4,745872.2734304914
2047,Agri01_AGC,DE5,5662.87747085183
2047,Agri01_AGC,DE6,9301.51007458664
2047,Agri01_AGC,DE7,449315.6517067701
2047,Agri01_AGC,DE8,822879.4293807236
2047,Agri01_AGC,DE9,1557468.572923681
2047,Agri01_AGC,DEA,903872.6642944757
2047,Agri01_AGC,DEB,449742.6877873202
2047,Agri01_AGC,DEC,47821.923935509665
2047,Agri01_AGC,DEE,689789.6871964308
2047,Agri01_AGC,DED,513300.778779768
2047,Agri01_AGC,DEF,388390.0282577235
2047,Agri01_AGC,DEG,310564.3597798754
2047,Agri02_OFC,DE1,872086.7707310386
2047,Agri02_OFC,DE2,1237380.4839790687
2047,Agri02_OFC,DE3,563247.8636333953
2047,Agri02_OFC,DE4,868179.8204442628
2047,Agri02_OFC,DE5,261062.11918670603
2047,Agri02_OFC,DE6,27518.94155280195
2047,Agri02_OFC,DE7,256785.60130982476
2047,Agri02_OFC,DE8,850717.3902540464
2047,Agri02_OFC,DE9,1113512.0439312714
2047,Agri02_OFC,DEA,879692.2114945302
2047,Agri02_OFC,DEB,546397.2165706785
2047,Agri02_OFC,DEC,397859.5262720343
2047,Agri02_OFC,DEE,641334.61453579
2047,Agri02_OFC,DED,572850.3159476537
2047,Agri02_OFC,DEF,212974.08143767001
2047,Agri02_OFC,DEG,170303.28380931023
2047,Agri03_No-till,DE1,0.0
2047,Agri03_No-till,DE2,0.0
2047,Agri03_No-till,DE3,0.0
2047,Agri03_No-till,DE4,0.0
2047,Agri03_No-till,DE5,0.0
2047,Agri03_No-till,DE6,0.0
2047,Agri03_No-till,DE7,0.0
2047,Agri03_No-till,DE8,0.0
2047,Agri03_No-till,DE9,0.0
2047,Agri03_No-till,DEA,0.0
2047,Agri03_No-till,DEB,0.0
2047,Agri03_No-till,DEC,0.0
2047,Agri03_No-till,DEE,0.0
2047,Agri03_No-till,DED,0.0
2047,Agri03_No-till,DEF,0.0
2047,Agri03_No-till,DEG,0.0
2047,Agri04_toGrassland,DE1,75683.08429277693
2047,Agri04_toGrassland,DE2,111646.13793433191
2047,Agri04_toGrassland,DE3,45277.9889414359
2047,Agri04_toGrassland,DE4,74598.09024129069
2047,Agri04_toGrassland,DE5,21017.437103417575
2047,Agri04_toGrassland,DE6,2271.7882767181895
2047,Agri04_toGrassland,DE7,23783.98147773829
2047,Agri04_toGrassland,DE8,73692.83975799073
2047,Agri04_toGrassland,DE9,99564.89253129119
2047,Agri04_toGrassland,DEA,76545.40199143514
2047,Agri04_toGrassland,DEB,46821.71377209588
2047,Agri04_toGrassland,DEC,32284.17155632848
2047,Agri04_toGrassland,DEE,56004.405244335234
2047,Agri04_toGrassland,DED,49358.82572402629
2047,Agri04_toGrassland,DEF,20963.660548325326
2047,Agri04_toGrassland,DEG,16762.733654752745
2047,Agri05_Agroforestry,DE1,8326499.851964945
2047,Agri05_Agroforestry,DE2,9305894.36641852
2047,Agri05_Agroforestry,DE3,20875.829039265296
2047,Agri05_Agroforestry,DE4,7559205.59207105
2047,Agri05_Agroforestry,DE5,171378.97528980093
2047,Agri05_Agroforestry,DE6,138734.78265505453
2047,Agri05_Agroforestry,DE7,1569324.542542723
2047,Agri05_Agroforestry,DE8,7199570.55658356
2047,Agri05_Agroforestry,DE9,8906943.026059417
2047,Agri05_Agroforestry,DEA,8280045.127317017
2047,Agri05_Agroforestry,DEB,5481449.971692572
2047,Agri05_Agroforestry,DEC,763614.6198505705
2047,Agri05_Agroforestry,DEE,3788313.4783095643
2047,Agri05_Agroforestry,DED,4220465.771740051
2047,Agri05_Agroforestry,DEF,573110.7052464059
2047,Agri05_Agroforestry,DEG,458705.38260073983
2047,Agri06_Biochar,DE1,0.0
2047,Agri06_Biochar,DE2,0.0
2047,Agri06_Biochar,DE3,0.0
2047,Agri06_Biochar,DE4,0.0
2047,Agri06_Biochar,DE5,0.0
2047,Agri06_Biochar,DE6,0.0
2047,Agri06_Biochar,DE7,0.0
2047,Agri06_Biochar,DE8,0.0
2047,Agri06_Biochar,DE9,0.0
2047,Agri06_Biochar,DEA,0.0
2047,Agri06_Biochar,DEB,0.0
2047,Agri06_Biochar,DEC,0.0
2047,Agri06_Biochar,DEE,0.0
2047,Agri06_Biochar,DED,0.0
2047,Agri06_Biochar,DEF,0.0
2047,Agri06_Biochar,DEG,0.0
2048,Agri01_AGC,DE1,613654.9346503934
2048,Agri01_AGC,DE2,1338006.255641058
2048,Agri01_AGC,DE3,1249.4586831789875
2048,Agri01_AGC,DE4,529107.0420593135
2048,Agri01_AGC,DE5,4017.133301343938
2048,Agri01_AGC,DE6,6598.307320922395
2048,Agri01_AGC,DE7,318735.63865311956
2048,Agri01_AGC,DE8,583734.395768051
2048,Agri01_AGC,DE9,1104837.4085952463
2048,Agri01_AGC,DEA,641189.3950736716
2048,Agri01_AGC,DEB,319038.56960454537
2048,Agri01_AGC,DEC,33923.92721977352
2048,Agri01_AGC,DEE,489323.16434944514
2048,Agri01_AGC,DED,364125.4225710468
2048,Agri01_AGC,DEF,275516.20610807976
2048,Agri01_AGC,DEG,220308.215797336
2048,Agri02_OFC,DE1,599288.8945749206
2048,Agri02_OFC,DE2,850314.9082181162
2048,Agri02_OFC,DE3,387058.0324083907
2048,Agri02_OFC,DE4,596604.0792594007
2048,Agri02_OFC,DE5,179399.1539301067
2048,Agri02_OFC,DE6,18910.72840059947
2048,Agri02_OFC,DE7,176460.37563753183
2048,Agri02_OFC,DE8,584604.080134871
2048,Agri02_OFC,DE9,765193.8136202272
2048,Agri02_OFC,DEA,604515.2738079038
2048,Agri02_OFC,DEB,375478.4442412379
2048,Agri02_OFC,DEC,273404.89925767307
2048,Agri02_OFC,DEE,440718.4297447882
2048,Agri02_OFC,DED,393656.73706228245
2048,Agri02_OFC,DEF,146353.5580649851
2048,Agri02_OFC,DEG,117030.63287040417
2048,Agri03_No-till,DE1,0.0
2048,Agri03_No-till,DE2,0.0
2048,Agri03_No-till,DE3,0.0
2048,Agri03_No-till,DE4,0.0
2048,Agri03_No-till,DE5,0.0
2048,Agri03_No-till,DE6,0.0
2048,Agri03_No-till,DE7,0.0
2048,Agri03_No-till,DE8,0.0
2048,Agri03_No-till,DE9,0.0
2048,Agri03_No-till,DEA,0.0
2048,Agri03_No-till,DEB,0.0
2048,Agri03_No-till,DEC,0.0
2048,Agri03_No-till,DEE,0.0
2048,Agri03_No-till,DED,0.0
2048,Agri03_No-till,DEF,0.0
2048,Agri03_No-till,DEG,0.0
2048,Agri04_toGrassland,DE1,73663.76707714153
2048,Agri04_toGrassland,DE2,108667.28248074256
2048,Agri04_toGrassland,DE3,44069.91684166398
2048,Agri04_toGrassland,DE4,72607.72199341343
2048,Agri04_toGrassland,DE5,20456.666186533635
2048,Agri04_toGrassland,DE6,2211.1741881101025
2048,Agri04_toGrassland,DE7,23149.395774695877
2048,Agri04_toGrassland,DE8,71726.62469972608
2048,Agri04_toGrassland,DE9,96908.37947503732
2048,Agri04_toGrassland,DEA,74503.07708536906
2048,Agri04_toGrassland,DEB,45572.45320655403
2048,Agri04_toGrassland,DEC,31422.790390042657
2048,Agri04_toGrassland,DEE,54510.13924397219
2048,Agri04_toGrassland,DED,48041.871909849004
2048,Agri04_toGrassland,DEF,20404.324455676022
2048,Agri04_toGrassland,DEG,16315.483427486526
2048,Agri05_Agroforestry,DE1,8510034.139001586
2048,Agri05_Agroforestry,DE2,9511016.652870717
2048,Agri05_Agroforestry,DE3,21335.97801748406
2048,Agri05_Agroforestry,DE4,7725827.033681567
2048,Agri05_Agroforestry,DE5,175156.54312767953
2048,Agri05_Agroforestry,DE6,141792.80101504643
2048,Agri05_Agroforestry,DE7,1603915.8913886263
2048,Agri05_Agroforestry,DE8,7358264.854615732
2048,Agri05_Agroforestry,DE9,9103271.55149355
2048,Agri05_Agroforestry,DEA,8462555.45051299
2048,Agri05_Agroforestry,DEB,5602273.130326773
2048,Agri05_Agroforestry,DEC,780446.3579538212
2048,Agri05_Agroforestry,DEE,3871816.2016235827
2048,Agri05_Agroforestry,DED,4313494.077769032
2048,Agri05_Agroforestry,DEF,585743.3199765488
2048,Agri05_Agroforestry,DEG,468816.2535371789
2048,Agri06_Biochar,DE1,0.0
2048,Agri06_Biochar,DE2,0.0
2048,Agri06_Biochar,DE3,0.0
2048,Agri06_Biochar,DE4,0.0
2048,Agri06_Biochar,DE5,0.0
2048,Agri06_Biochar,DE6,0.0
2048,Agri06_Biochar,DE7,0.0
2048,Agri06_Biochar,DE8,0.0
2048,Agri06_Biochar,DE9,0.0
2048,Agri06_Biochar,DEA,0.0
2048,Agri06_Biochar,DEB,0.0
2048,Agri06_Biochar,DEC,0.0
2048,Agri06_Biochar,DEE,0.0
2048,Agri06_Biochar,DED,0.0
2048,Agri06_Biochar,DEF,0.0
2048,Agri06_Biochar,DEG,0.0
2049,Agri01_AGC,DE1,362252.0174375736
2049,Agri01_AGC,DE2,789850.1879174229
2049,Agri01_AGC,DE3,737.5788951234373
2049,Agri01_AGC,DE4,312341.8106881356
2049,Agri01_AGC,DE5,2371.3891318360456
2049,Agri01_AGC,DE6,3895.10456725815
2049,Agri01_AGC,DE7,188155.62559946894
2049,Agri01_AGC,DE8,344589.36215537845
2049,Agri01_AGC,DE9,652206.2442668115
2049,Agri01_AGC,DEA,378506.1258528674
2049,Agri01_AGC,DEB,188334.45142177053
2049,Agri01_AGC,DEC,20025.930504037373
2049,Agri01_AGC,DEE,288856.6415024595
2049,Agri01_AGC,DED,214950.06636232568
2049,Agri01_AGC,DEF,162642.38395843597
2049,Agri01_AGC,DEG,130052.0718147966
2049,Agri02_OFC,DE1,326491.01841880125
2049,Agri02_OFC,DE2,463249.33245716157
2049,Agri02_OFC,DE3,210868.20118338516
2049,Agri02_OFC,DE4,325028.33807453717
2049,Agri02_OFC,DE5,97736.18867350688
2049,Agri02_OFC,DE6,10302.515248396947
2049,Agri02_OFC,DE7,96135.14996523848
2049,Agri02_OFC,DE8,318490.7700156939
2049,Agri02_OFC,DE9,416875.58330918103
2049,Agri02_OFC,DEA,329338.3361212757
2049,Agri02_OFC,DEB,204559.67191179626
2049,Agri02_OFC,DEC,148950.27224331116
2049,Agri02_OFC,DEE,240102.2449537853
2049,Agri02_OFC,DED,214463.1581769102
2049,Agri02_OFC,DEF,79733.0346922998
2049,Agri02_OFC,DEG,63757.98193149782
2049,Agri03_No-till,DE1,0.0
2049,Agri03_No-till,DE2,0.0
2049,Agri03_No-till,DE3,0.0
2049,Agri03_No-till,DE4,0.0
2049,Agri03_No-till,DE5,0.0
2049,Agri03_No-till,DE6,0.0
2049,Agri03_No-till,DE7,0.0
2049,Agri03_No-till,DE8,0.0
2049,Agri03_No-till,DE9,0.0
2049,Agri03_No-till,DEA,0.0
2049,Agri03_No-till,DEB,0.0
2049,Agri03_No-till,DEC,0.0
2049,Agri03_No-till,DEE,0.0
2049,Agri03_No-till,DED,0.0
2049,Agri03_No-till,DEF,0.0
2049,Agri03_No-till,DEG,0.0
2049,Agri04_toGrassland,DE1,71644.44986150613
2049,Agri04_toGrassland,DE2,105688.42702715323
2049,Agri04_toGrassland,DE3,42861.844741892055
2049,Agri04_toGrassland,DE4,70617.35374553618
2049,Agri04_toGrassland,DE5,19895.895269649693
2049,Agri04_toGrassland,DE6,2150.5600995020154
2049,Agri04_toGrassland,DE7,22514.81007165346
2049,Agri04_toGrassland,DE8,69760.40964146143
2049,Agri04_toGrassland,DE9,94251.86641878345
2049,Agri04_toGrassland,DEA,72460.75217930299
2049,Agri04_toGrassland,DEB,44323.19264101218
2049,Agri04_toGrassland,DEC,30561.409223756833
2049,Agri04_toGrassland,DEE,53015.87324360914
2049,Agri04_toGrassland,DED,46724.918095671725
2049,Agri04_toGrassland,DEF,19844.988363026718
2049,Agri04_toGrassland,DEG,15868.233200220306
2049,Agri05_Agroforestry,DE1,8693568.426038226
2049,Agri05_Agroforestry,DE2,9716138.939322911
2049,Agri05_Agroforestry,DE3,21796.126995702823
2049,Agri05_Agroforestry,DE4,7892448.475292082
2049,Agri05_Agroforestry,DE5,178934.11096555812
2049,Agri05_Agroforestry,DE6,144850.81937503832
2049,Agri05_Agroforestry,DE7,1638507.2402345294
2049,Agri05_Agroforestry,DE8,7516959.152647902
2049,Agri05_Agroforestry,DE9,9299600.07692768
2049,Agri05_Agroforestry,DEA,8645065.773708962
2049,Agri05_Agroforestry,DEB,5723096.288960974
2049,Agri05_Agroforestry,DEC,797278.0960570718
2049,Agri05_Agroforestry,DEE,3955318.9249376003
2049,Agri05_Agroforestry,DED,4406522.383798012
2049,Agri05_Agroforestry,DEF,598375.9347066918
2049,Agri05_Agroforestry,DEG,478927.1244736179
2049,Agri06_Biochar,DE1,0.0
2049,Agri06_Biochar,DE2,0.0
2049,Agri06_Biochar,DE3,0.0
2049,Agri06_Biochar,DE4,0.0
2049,Agri06_Biochar,DE5,0.0
2049,Agri06_Biochar,DE6,0.0
2049,Agri06_Biochar,DE7,0.0
2049,Agri06_Biochar,DE8,0.0
2049,Agri06_Biochar,DE9,0.0
2049,Agri06_Biochar,DEA,0.0
2049,Agri06_Biochar,DEB,0.0
2049,Agri06_Biochar,DEC,0.0
2049,Agri06_Biochar,DEE,0.0
2049,Agri06_Biochar,DED,0.0
2049,Agri06_Biochar,DEF,0.0
2049,Agri06_Biochar,DEG,0.0
2050,Agri01_AGC,DE1,110849.10022475393
2050,Agri01_AGC,DE2,241694.12019378808
2050,Agri01_AGC,DE3,225.6991070678875
2050,Agri01_AGC,DE4,95576.57931695788
2050,Agri01_AGC,DE5,725.6449623281544
2050,Agri01_AGC,DE6,1191.9018135939066
2050,Agri01_AGC,DE7,57575.61254581846
2050,Agri01_AGC,DE8,105444.32854270599
2050,Agri01_AGC,DE9,199575.07993837714
2050,Agri01_AGC,DEA,115822.8566320634
2050,Agri01_AGC,DEB,57630.33323899582
2050,Agri01_AGC,DEC,6127.933788301235
2050,Agri01_AGC,DEE,88390.11865547394
2050,Agri01_AGC,DED,65774.71015360467
2050,Agri01_AGC,DEF,49768.56180879228
2050,Agri01_AGC,DEG,39795.92783225728
2050,Agri02_OFC,DE1,53693.1422626798
2050,Agri02_OFC,DE2,76183.75669620404
2050,Agri02_OFC,DE3,34678.36995837827
2050,Agri02_OFC,DE4,53452.596889671535
2050,Agri02_OFC,DE5,16073.223416906474
2050,Agri02_OFC,DE6,1694.3020961943562
2050,Agri02_OFC,DE7,15809.924292944534
2050,Agri02_OFC,DE8,52377.459896514956
2050,Agri02_OFC,DE9,68557.35299813234
2050,Agri02_OFC,DEA,54161.39843464561
2050,Agri02_OFC,DEB,33640.899582353384
2050,Agri02_OFC,DEC,24495.64522894834
2050,Agri02_OFC,DEE,39486.06016278088
2050,Agri02_OFC,DED,35269.579291536575
2050,Agri02_OFC,DEF,13112.511319614006
2050,Agri02_OFC,DEG,10485.330992591076
2050,Agri03_No-till,DE1,0.0
2050,Agri03_No-till,DE2,0.0
2050,Agri03_No-till,DE3,0.0
2050,Agri03_No-till,DE4,0.0
2050,Agri03_No-till,DE5,0.0
2050,Agri03_No-till,DE6,0.0
2050,Agri03_No-till,DE7,0.0
2050,Agri03_No-till,DE8,0.0
2050,Agri03_No-till,DE9,0.0
2050,Agri03_No-till,DEA,0.0
2050,Agri03_No-till,DEB,0.0
2050,Agri03_No-till,DEC,0.0
2050,Agri03_No-till,DEE,0.0
2050,Agri03_No-till,DED,0.0
2050,Agri03_No-till,DEF,0.0
2050,Agri03_No-till,DEG,0.0
2050,Agri04_toGrassland,DE1,69625.13264587072
2050,Agri04_toGrassland,DE2,102709.57157356387
2050,Agri04_toGrassland,DE3,41653.77264212012
2050,Agri04_toGrassland,DE4,68626.98549765891
2050,Agri04_toGrassland,DE5,19335.124352765746
2050,Agri04_toGrassland,DE6,2089.946010893928
2050,Agri04_toGrassland,DE7,21880.224368611038
2050,Agri04_toGrassland,DE8,67794.19458319675
2050,Agri04_toGrassland,DE9,91595.35336252955
2050,Agri04_toGrassland,DEA,70418.42727323688
2050,Agri04_toGrassland,DEB,43073.93207547032
2050,Agri04_toGrassland,DEC,29700.028057470998
2050,Agri04_toGrassland,DEE,51521.60724324608
2050,Agri04_toGrassland,DED,45407.96428149443
2050,Agri04_toGrassland,DEF,19285.652270377406
2050,Agri04_toGrassland,DEG,15420.98297295408
2050,Agri05_Agroforestry,DE1,8877102.713074865
2050,Agri05_Agroforestry,DE2,9921261.225775106
2050,Agri05_Agroforestry,DE3,22256.275973921583
2050,Agri05_Agroforestry,DE4,8059069.916902597
2050,Agri05_Agroforestry,DE5,182711.6788034367
2050,Agri05_Agroforestry,DE6,147908.83773503022
2050,Agri05_Agroforestry,DE7,1673098.5890804324
2050,Agri05_Agroforestry,DE8,7675653.450680072
2050,Agri05_Agroforestry,DE9,9495928.602361811
2050,Agri05_Agroforestry,DEA,8827576.096904933
2050,Agri05_Agroforestry,DEB,5843919.447595174
2050,Agri05_Agroforestry,DEC,814109.8341603224
2050,Agri05_Agroforestry,DEE,4038821.6482516183
2050,Agri05_Agroforestry,DED,4499550.689826991
2050,Agri05_Agroforestry,DEF,611008.5494368346
2050,Agri05_Agroforestry,DEG,489037.9954100569
2050,Agri06_Biochar,DE1,0.0
2050,Agri06_Biochar,DE2,0.0
2050,Agri06_Biochar,DE3,0.0
2050,Agri06_Biochar,DE4,0.0
2050,Agri06_Biochar,DE5,0.0
2050,Agri06_Biochar,DE6,0.0
2050,Agri06_Biochar,DE7,0.0
2050,Agri06_Biochar,DE8,0.0
2050,Agri06_Biochar,DE9,0.0
2050,Agri06_Biochar,DEA,0.0
2050,Agri06_Biochar,DEB,0.0
2050,Agri06_Biochar,DEC,0.0
2050,Agri06_Biochar,DEE,0.0
2050,Agri06_Biochar,DED,0.0
2050,Agri06_Biochar,DEF,0.0
2050,Agri06_Biochar,DEG,0.0
