year,techAgri,r,capAgri
2020,Agri01_AGC,DE1,0.0
2020,Agri01_AGC,DE2,0.0
2020,Agri01_AGC,DE3,0.0
2020,Agri01_AGC,DE4,0.0
2020,Agri01_AGC,DE5,0.0
2020,Agri01_AGC,DE6,0.0
2020,Agri01_AGC,DE7,0.0
2020,Agri01_AGC,DE8,0.0
2020,Agri01_AGC,DE9,0.0
2020,Agri01_AGC,DEA,0.0
2020,Agri01_AGC,DEB,0.0
2020,Agri01_AGC,DEC,0.0
2020,Agri01_AGC,DEE,0.0
2020,Agri01_AGC,DED,0.0
2020,Agri01_AGC,DEF,0.0
2020,Agri01_AGC,DEG,0.0
2020,Agri02_OFC,DE1,0.0
2020,Agri02_OFC,DE2,0.0
2020,Agri02_OFC,DE3,0.0
2020,Agri02_OFC,DE4,0.0
2020,Agri02_OFC,DE5,0.0
2020,Agri02_OFC,DE6,0.0
2020,Agri02_OFC,DE7,0.0
2020,Agri02_OFC,DE8,0.0
2020,Agri02_OFC,DE9,0.0
2020,Agri02_OFC,DEA,0.0
2020,Agri02_OFC,DEB,0.0
2020,Agri02_OFC,DEC,0.0
2020,Agri02_OFC,DEE,0.0
2020,Agri02_OFC,DED,0.0
2020,Agri02_OFC,DEF,0.0
2020,Agri02_OFC,DEG,0.0
2020,Agri03_No-till,DE1,0.0
2020,Agri03_No-till,DE2,0.0
2020,Agri03_No-till,DE3,0.0
2020,Agri03_No-till,DE4,0.0
2020,Agri03_No-till,DE5,0.0
2020,Agri03_No-till,DE6,0.0
2020,Agri03_No-till,DE7,0.0
2020,Agri03_No-till,DE8,0.0
2020,Agri03_No-till,DE9,0.0
2020,Agri03_No-till,DEA,0.0
2020,Agri03_No-till,DEB,0.0
2020,Agri03_No-till,DEC,0.0
2020,Agri03_No-till,DEE,0.0
2020,Agri03_No-till,DED,0.0
2020,Agri03_No-till,DEF,0.0
2020,Agri03_No-till,DEG,0.0
2020,Agri04_toGrassland,DE1,0.0
2020,Agri04_toGrassland,DE2,0.0
2020,Agri04_toGrassland,DE3,0.0
2020,Agri04_toGrassland,DE4,0.0
2020,Agri04_toGrassland,DE5,0.0
2020,Agri04_toGrassland,DE6,0.0
2020,Agri04_toGrassland,DE7,0.0
2020,Agri04_toGrassland,DE8,0.0
2020,Agri04_toGrassland,DE9,0.0
2020,Agri04_toGrassland,DEA,0.0
2020,Agri04_toGrassland,DEB,0.0
2020,Agri04_toGrassland,DEC,0.0
2020,Agri04_toGrassland,DEE,0.0
2020,Agri04_toGrassland,DED,0.0
2020,Agri04_toGrassland,DEF,0.0
2020,Agri04_toGrassland,DEG,0.0
2020,Agri05_Agroforestry,DE1,0.0
2020,Agri05_Agroforestry,DE2,0.0
2020,Agri05_Agroforestry,DE3,0.0
2020,Agri05_Agroforestry,DE4,0.0
2020,Agri05_Agroforestry,DE5,0.0
2020,Agri05_Agroforestry,DE6,0.0
2020,Agri05_Agroforestry,DE7,0.0
2020,Agri05_Agroforestry,DE8,0.0
2020,Agri05_Agroforestry,DE9,0.0
2020,Agri05_Agroforestry,DEA,0.0
2020,Agri05_Agroforestry,DEB,0.0
2020,Agri05_Agroforestry,DEC,0.0
2020,Agri05_Agroforestry,DEE,0.0
2020,Agri05_Agroforestry,DED,0.0
2020,Agri05_Agroforestry,DEF,0.0
2020,Agri05_Agroforestry,DEG,0.0
2020,Agri06_Biochar,DE1,0.0
2020,Agri06_Biochar,DE2,0.0
2020,Agri06_Biochar,DE3,0.0
2020,Agri06_Biochar,DE4,0.0
2020,Agri06_Biochar,DE5,0.0
2020,Agri06_Biochar,DE6,0.0
2020,Agri06_Biochar,DE7,0.0
2020,Agri06_Biochar,DE8,0.0
2020,Agri06_Biochar,DE9,0.0
2020,Agri06_Biochar,DEA,0.0
2020,Agri06_Biochar,DEB,0.0
2020,Agri06_Biochar,DEC,0.0
2020,Agri06_Biochar,DEE,0.0
2020,Agri06_Biochar,DED,0.0
2020,Agri06_Biochar,DEF,0.0
2020,Agri06_Biochar,DEG,0.0
2021,Agri01_AGC,DE1,0.0
2021,Agri01_AGC,DE2,0.0
2021,Agri01_AGC,DE3,0.0
2021,Agri01_AGC,DE4,0.0
2021,Agri01_AGC,DE5,0.0
2021,Agri01_AGC,DE6,0.0
2021,Agri01_AGC,DE7,0.0
2021,Agri01_AGC,DE8,0.0
2021,Agri01_AGC,DE9,0.0
2021,Agri01_AGC,DEA,0.0
2021,Agri01_AGC,DEB,0.0
2021,Agri01_AGC,DEC,0.0
2021,Agri01_AGC,DEE,0.0
2021,Agri01_AGC,DED,0.0
2021,Agri01_AGC,DEF,0.0
2021,Agri01_AGC,DEG,0.0
2021,Agri02_OFC,DE1,0.0
2021,Agri02_OFC,DE2,0.0
2021,Agri02_OFC,DE3,0.0
2021,Agri02_OFC,DE4,0.0
2021,Agri02_OFC,DE5,0.0
2021,Agri02_OFC,DE6,0.0
2021,Agri02_OFC,DE7,0.0
2021,Agri02_OFC,DE8,0.0
2021,Agri02_OFC,DE9,0.0
2021,Agri02_OFC,DEA,0.0
2021,Agri02_OFC,DEB,0.0
2021,Agri02_OFC,DEC,0.0
2021,Agri02_OFC,DEE,0.0
2021,Agri02_OFC,DED,0.0
2021,Agri02_OFC,DEF,0.0
2021,Agri02_OFC,DEG,0.0
2021,Agri03_No-till,DE1,0.0
2021,Agri03_No-till,DE2,0.0
2021,Agri03_No-till,DE3,0.0
2021,Agri03_No-till,DE4,0.0
2021,Agri03_No-till,DE5,0.0
2021,Agri03_No-till,DE6,0.0
2021,Agri03_No-till,DE7,0.0
2021,Agri03_No-till,DE8,0.0
2021,Agri03_No-till,DE9,0.0
2021,Agri03_No-till,DEA,0.0
2021,Agri03_No-till,DEB,0.0
2021,Agri03_No-till,DEC,0.0
2021,Agri03_No-till,DEE,0.0
2021,Agri03_No-till,DED,0.0
2021,Agri03_No-till,DEF,0.0
2021,Agri03_No-till,DEG,0.0
2021,Agri04_toGrassland,DE1,0.0
2021,Agri04_toGrassland,DE2,0.0
2021,Agri04_toGrassland,DE3,0.0
2021,Agri04_toGrassland,DE4,0.0
2021,Agri04_toGrassland,DE5,0.0
2021,Agri04_toGrassland,DE6,0.0
2021,Agri04_toGrassland,DE7,0.0
2021,Agri04_toGrassland,DE8,0.0
2021,Agri04_toGrassland,DE9,0.0
2021,Agri04_toGrassland,DEA,0.0
2021,Agri04_toGrassland,DEB,0.0
2021,Agri04_toGrassland,DEC,0.0
2021,Agri04_toGrassland,DEE,0.0
2021,Agri04_toGrassland,DED,0.0
2021,Agri04_toGrassland,DEF,0.0
2021,Agri04_toGrassland,DEG,0.0
2021,Agri05_Agroforestry,DE1,495.52700789665613
2021,Agri05_Agroforestry,DE2,1080.4414646849557
2021,Agri05_Agroforestry,DE3,1.0089392063944072
2021,Agri05_Agroforestry,DE4,427.25449532655153
2021,Agri05_Agroforestry,DE5,3.243839383889328
2021,Agri05_Agroforestry,DE6,5.328140131036391
2021,Agri05_Agroforestry,DE7,278.65571745514734
2021,Agri05_Agroforestry,DE8,471.3661411459154
2021,Agri05_Agroforestry,DE9,892.1573744133611
2021,Agri05_Agroforestry,DEA,517.7611137714325
2021,Agri05_Agroforestry,DEB,257.6239819367483
2021,Agri05_Agroforestry,DEC,27.393607061752522
2021,Agri05_Agroforestry,DEE,395.1289720545373
2021,Agri05_Agroforestry,DED,294.0316633297046
2021,Agri05_Agroforestry,DEF,340.7013716472329
2021,Agri05_Agroforestry,DEG,272.37617055468405
2021,Agri06_Biochar,DE1,0.0
2021,Agri06_Biochar,DE2,0.0
2021,Agri06_Biochar,DE3,0.0
2021,Agri06_Biochar,DE4,0.0
2021,Agri06_Biochar,DE5,0.0
2021,Agri06_Biochar,DE6,0.0
2021,Agri06_Biochar,DE7,0.0
2021,Agri06_Biochar,DE8,0.0
2021,Agri06_Biochar,DE9,0.0
2021,Agri06_Biochar,DEA,0.0
2021,Agri06_Biochar,DEB,0.0
2021,Agri06_Biochar,DEC,0.0
2021,Agri06_Biochar,DEE,0.0
2021,Agri06_Biochar,DED,0.0
2021,Agri06_Biochar,DEF,0.0
2021,Agri06_Biochar,DEG,0.0
2022,Agri01_AGC,DE1,0.0
2022,Agri01_AGC,DE2,0.0
2022,Agri01_AGC,DE3,0.0
2022,Agri01_AGC,DE4,0.0
2022,Agri01_AGC,DE5,0.0
2022,Agri01_AGC,DE6,0.0
2022,Agri01_AGC,DE7,0.0
2022,Agri01_AGC,DE8,0.0
2022,Agri01_AGC,DE9,0.0
2022,Agri01_AGC,DEA,0.0
2022,Agri01_AGC,DEB,0.0
2022,Agri01_AGC,DEC,0.0
2022,Agri01_AGC,DEE,0.0
2022,Agri01_AGC,DED,0.0
2022,Agri01_AGC,DEF,0.0
2022,Agri01_AGC,DEG,0.0
2022,Agri02_OFC,DE1,0.0
2022,Agri02_OFC,DE2,0.0
2022,Agri02_OFC,DE3,0.0
2022,Agri02_OFC,DE4,0.0
2022,Agri02_OFC,DE5,0.0
2022,Agri02_OFC,DE6,0.0
2022,Agri02_OFC,DE7,0.0
2022,Agri02_OFC,DE8,0.0
2022,Agri02_OFC,DE9,0.0
2022,Agri02_OFC,DEA,0.0
2022,Agri02_OFC,DEB,0.0
2022,Agri02_OFC,DEC,0.0
2022,Agri02_OFC,DEE,0.0
2022,Agri02_OFC,DED,0.0
2022,Agri02_OFC,DEF,0.0
2022,Agri02_OFC,DEG,0.0
2022,Agri03_No-till,DE1,0.0
2022,Agri03_No-till,DE2,0.0
2022,Agri03_No-till,DE3,0.0
2022,Agri03_No-till,DE4,0.0
2022,Agri03_No-till,DE5,0.0
2022,Agri03_No-till,DE6,0.0
2022,Agri03_No-till,DE7,0.0
2022,Agri03_No-till,DE8,0.0
2022,Agri03_No-till,DE9,0.0
2022,Agri03_No-till,DEA,0.0
2022,Agri03_No-till,DEB,0.0
2022,Agri03_No-till,DEC,0.0
2022,Agri03_No-till,DEE,0.0
2022,Agri03_No-till,DED,0.0
2022,Agri03_No-till,DEF,0.0
2022,Agri03_No-till,DEG,0.0
2022,Agri04_toGrassland,DE1,0.0
2022,Agri04_toGrassland,DE2,0.0
2022,Agri04_toGrassland,DE3,0.0
2022,Agri04_toGrassland,DE4,0.0
2022,Agri04_toGrassland,DE5,0.0
2022,Agri04_toGrassland,DE6,0.0
2022,Agri04_toGrassland,DE7,0.0
2022,Agri04_toGrassland,DE8,0.0
2022,Agri04_toGrassland,DE9,0.0
2022,Agri04_toGrassland,DEA,0.0
2022,Agri04_toGrassland,DEB,0.0
2022,Agri04_toGrassland,DEC,0.0
2022,Agri04_toGrassland,DEE,0.0
2022,Agri04_toGrassland,DED,0.0
2022,Agri04_toGrassland,DEF,0.0
2022,Agri04_toGrassland,DEG,0.0
2022,Agri05_Agroforestry,DE1,1183.4738108692522
2022,Agri05_Agroforestry,DE2,2333.8055758862415
2022,Agri05_Agroforestry,DE3,94.54500000000002
2022,Agri05_Agroforestry,DE4,1063.5879088266383
2022,Agri05_Agroforestry,DE5,102.5769287303415
2022,Agri05_Agroforestry,DE6,19.462544399903557
2022,Agri05_Agroforestry,DE7,578.7565057619104
2022,Agri05_Agroforestry,DE8,1133.6251413924613
2022,Agri05_Agroforestry,DE9,1961.1812334851047
2022,Agri05_Agroforestry,DEA,1224.8685875559781
2022,Agri05_Agroforestry,DEB,649.8239725749161
2022,Agri05_Agroforestry,DEC,195.27244136283468
2022,Agri05_Agroforestry,DEE,923.6158098175838
2022,Agri05_Agroforestry,DED,722.8055919909556
2022,Agri05_Agroforestry,DEF,670.1193944419297
2022,Agri05_Agroforestry,DEG,535.746498959917
2022,Agri06_Biochar,DE1,0.0
2022,Agri06_Biochar,DE2,0.0
2022,Agri06_Biochar,DE3,0.0
2022,Agri06_Biochar,DE4,0.0
2022,Agri06_Biochar,DE5,0.0
2022,Agri06_Biochar,DE6,0.0
2022,Agri06_Biochar,DE7,0.0
2022,Agri06_Biochar,DE8,0.0
2022,Agri06_Biochar,DE9,0.0
2022,Agri06_Biochar,DEA,0.0
2022,Agri06_Biochar,DEB,0.0
2022,Agri06_Biochar,DEC,0.0
2022,Agri06_Biochar,DEE,0.0
2022,Agri06_Biochar,DED,0.0
2022,Agri06_Biochar,DEF,0.0
2022,Agri06_Biochar,DEG,0.0
2023,Agri01_AGC,DE1,0.0
2023,Agri01_AGC,DE2,0.0
2023,Agri01_AGC,DE3,0.0
2023,Agri01_AGC,DE4,0.0
2023,Agri01_AGC,DE5,0.0
2023,Agri01_AGC,DE6,0.0
2023,Agri01_AGC,DE7,0.0
2023,Agri01_AGC,DE8,0.0
2023,Agri01_AGC,DE9,0.0
2023,Agri01_AGC,DEA,0.0
2023,Agri01_AGC,DEB,0.0
2023,Agri01_AGC,DEC,0.0
2023,Agri01_AGC,DEE,0.0
2023,Agri01_AGC,DED,0.0
2023,Agri01_AGC,DEF,0.0
2023,Agri01_AGC,DEG,0.0
2023,Agri02_OFC,DE1,0.0
2023,Agri02_OFC,DE2,0.0
2023,Agri02_OFC,DE3,0.0
2023,Agri02_OFC,DE4,0.0
2023,Agri02_OFC,DE5,0.0
2023,Agri02_OFC,DE6,0.0
2023,Agri02_OFC,DE7,0.0
2023,Agri02_OFC,DE8,0.0
2023,Agri02_OFC,DE9,0.0
2023,Agri02_OFC,DEA,0.0
2023,Agri02_OFC,DEB,0.0
2023,Agri02_OFC,DEC,0.0
2023,Agri02_OFC,DEE,0.0
2023,Agri02_OFC,DED,0.0
2023,Agri02_OFC,DEF,0.0
2023,Agri02_OFC,DEG,0.0
2023,Agri03_No-till,DE1,0.0
2023,Agri03_No-till,DE2,0.0
2023,Agri03_No-till,DE3,0.0
2023,Agri03_No-till,DE4,0.0
2023,Agri03_No-till,DE5,0.0
2023,Agri03_No-till,DE6,0.0
2023,Agri03_No-till,DE7,0.0
2023,Agri03_No-till,DE8,0.0
2023,Agri03_No-till,DE9,0.0
2023,Agri03_No-till,DEA,0.0
2023,Agri03_No-till,DEB,0.0
2023,Agri03_No-till,DEC,0.0
2023,Agri03_No-till,DEE,0.0
2023,Agri03_No-till,DED,0.0
2023,Agri03_No-till,DEF,0.0
2023,Agri03_No-till,DEG,0.0
2023,Agri04_toGrassland,DE1,0.0
2023,Agri04_toGrassland,DE2,0.0
2023,Agri04_toGrassland,DE3,0.0
2023,Agri04_toGrassland,DE4,0.0
2023,Agri04_toGrassland,DE5,0.0
2023,Agri04_toGrassland,DE6,0.0
2023,Agri04_toGrassland,DE7,0.0
2023,Agri04_toGrassland,DE8,0.0
2023,Agri04_toGrassland,DE9,0.0
2023,Agri04_toGrassland,DEA,0.0
2023,Agri04_toGrassland,DEB,0.0
2023,Agri04_toGrassland,DEC,0.0
2023,Agri04_toGrassland,DEE,0.0
2023,Agri04_toGrassland,DED,0.0
2023,Agri04_toGrassland,DEF,0.0
2023,Agri04_toGrassland,DEG,0.0
2023,Agri05_Agroforestry,DE1,2063.8404089177884
2023,Agri05_Agroforestry,DE2,3760.0923336038572
2023,Agri05_Agroforestry,DE3,94.54500000000002
2023,Agri05_Agroforestry,DE4,1909.0002405002604
2023,Agri05_Agroforestry,DE5,297.9992680393566
2023,Agri05_Agroforestry,DE6,42.4032128066015
2023,Agri05_Agroforestry,DE7,900.3023649202889
2023,Agri05_Agroforestry,DE8,1986.7770007396377
2023,Agri05_Agroforestry,DE9,3207.0715772152307
2023,Agri05_Agroforestry,DEA,2121.322421353637
2023,Agri05_Agroforestry,DEB,1176.5999719145034
2023,Agri05_Agroforestry,DEC,503.6365029032464
2023,Agri05_Agroforestry,DEE,1585.4605132891393
2023,Agri05_Agroforestry,DED,1286.3217859837528
2023,Agri05_Agroforestry,DEF,988.2540683840904
2023,Agri05_Agroforestry,DEG,790.1109852156987
2023,Agri06_Biochar,DE1,0.0
2023,Agri06_Biochar,DE2,0.0
2023,Agri06_Biochar,DE3,0.0
2023,Agri06_Biochar,DE4,0.0
2023,Agri06_Biochar,DE5,0.0
2023,Agri06_Biochar,DE6,0.0
2023,Agri06_Biochar,DE7,0.0
2023,Agri06_Biochar,DE8,0.0
2023,Agri06_Biochar,DE9,0.0
2023,Agri06_Biochar,DEA,0.0
2023,Agri06_Biochar,DEB,0.0
2023,Agri06_Biochar,DEC,0.0
2023,Agri06_Biochar,DEE,0.0
2023,Agri06_Biochar,DED,0.0
2023,Agri06_Biochar,DEF,0.0
2023,Agri06_Biochar,DEG,0.0
2024,Agri01_AGC,DE1,7481.093969646414
2024,Agri01_AGC,DE2,14655.4353536904
2024,Agri01_AGC,DE3,0.0
2024,Agri01_AGC,DE4,6740.282307088903
2024,Agri01_AGC,DE5,0.0
2024,Agri01_AGC,DE6,0.0
2024,Agri01_AGC,DE7,3624.2819114467966
2024,Agri01_AGC,DE8,7169.082992258494
2024,Agri01_AGC,DE9,12330.350462804508
2024,Agri01_AGC,DEA,7738.146328368353
2024,Agri01_AGC,DEB,3270.0138491695106
2024,Agri01_AGC,DEC,0.0
2024,Agri01_AGC,DEE,5830.536861412734
2024,Agri01_AGC,DED,4577.181233858667
2024,Agri01_AGC,DEF,4179.407943795262
2024,Agri01_AGC,DEG,3341.356649144469
2024,Agri02_OFC,DE1,0.0
2024,Agri02_OFC,DE2,0.0
2024,Agri02_OFC,DE3,0.0
2024,Agri02_OFC,DE4,0.0
2024,Agri02_OFC,DE5,0.0
2024,Agri02_OFC,DE6,0.0
2024,Agri02_OFC,DE7,0.0
2024,Agri02_OFC,DE8,0.0
2024,Agri02_OFC,DE9,0.0
2024,Agri02_OFC,DEA,0.0
2024,Agri02_OFC,DEB,0.0
2024,Agri02_OFC,DEC,0.0
2024,Agri02_OFC,DEE,0.0
2024,Agri02_OFC,DED,0.0
2024,Agri02_OFC,DEF,0.0
2024,Agri02_OFC,DEG,0.0
2024,Agri03_No-till,DE1,0.0
2024,Agri03_No-till,DE2,0.0
2024,Agri03_No-till,DE3,0.0
2024,Agri03_No-till,DE4,0.0
2024,Agri03_No-till,DE5,0.0
2024,Agri03_No-till,DE6,0.0
2024,Agri03_No-till,DE7,0.0
2024,Agri03_No-till,DE8,0.0
2024,Agri03_No-till,DE9,0.0
2024,Agri03_No-till,DEA,0.0
2024,Agri03_No-till,DEB,0.0
2024,Agri03_No-till,DEC,0.0
2024,Agri03_No-till,DEE,0.0
2024,Agri03_No-till,DED,0.0
2024,Agri03_No-till,DEF,0.0
2024,Agri03_No-till,DEG,0.0
2024,Agri04_toGrassland,DE1,50.509296865128654
2024,Agri04_toGrassland,DE2,98.94752531790971
2024,Agri04_toGrassland,DE3,9.557019301716357
2024,Agri04_toGrassland,DE4,45.50763850646011
2024,Agri04_toGrassland,DE5,4.63033307052674
2024,Agri04_toGrassland,DE6,0.8485758166836138
2024,Agri04_toGrassland,DE7,24.469674051806397
2024,Agri04_toGrassland,DE8,48.402725934993654
2024,Agri04_toGrassland,DE9,83.249499939954
2024,Agri04_toGrassland,DEA,52.2448096055443
2024,Agri04_toGrassland,DEB,27.825686872138444
2024,Agri04_toGrassland,DEC,8.6797009987001
2024,Agri04_toGrassland,DEE,39.36540810890126
2024,Agri04_toGrassland,DED,30.90326183369546
2024,Agri04_toGrassland,DEF,28.217658728808782
2024,Agri04_toGrassland,DEG,22.559478013332082
2024,Agri05_Agroforestry,DE1,3136.626802042265
2024,Agri05_Agroforestry,DE2,5359.301737837803
2024,Agri05_Agroforestry,DE3,94.54500000000002
2024,Agri05_Agroforestry,DE4,2963.4914903474173
2024,Agri05_Agroforestry,DE5,589.5108573109345
2024,Agri05_Agroforestry,DE6,74.15014535113022
2024,Agri05_Agroforestry,DE7,1243.293294930283
2024,Agri05_Agroforestry,DE8,3030.8217191874446
2024,Agri05_Agroforestry,DE9,4629.828405603739
2024,Agri05_Agroforestry,DEA,3207.122615164409
2024,Agri05_Agroforestry,DEB,1837.95197995551
2024,Agri05_Agroforestry,DEC,952.4857916829878
2024,Agri05_Agroforestry,DEE,2380.663082469204
2024,Agri05_Agroforestry,DED,1984.5802453080964
2024,Agri05_Agroforestry,DEF,1295.105393473715
2024,Agri05_Agroforestry,DEG,1035.4696293220295
2024,Agri06_Biochar,DE1,0.0
2024,Agri06_Biochar,DE2,0.0
2024,Agri06_Biochar,DE3,0.0
2024,Agri06_Biochar,DE4,0.0
2024,Agri06_Biochar,DE5,0.0
2024,Agri06_Biochar,DE6,0.0
2024,Agri06_Biochar,DE7,0.0
2024,Agri06_Biochar,DE8,0.0
2024,Agri06_Biochar,DE9,0.0
2024,Agri06_Biochar,DEA,0.0
2024,Agri06_Biochar,DEB,0.0
2024,Agri06_Biochar,DEC,0.0
2024,Agri06_Biochar,DEE,0.0
2024,Agri06_Biochar,DED,0.0
2024,Agri06_Biochar,DEF,0.0
2024,Agri06_Biochar,DEG,0.0
2025,Agri01_AGC,DE1,15204.793908348143
2025,Agri01_AGC,DE2,29287.760328878932
2025,Agri01_AGC,DE3,0.0
2025,Agri01_AGC,DE4,13786.383376081612
2025,Agri01_AGC,DE5,0.0
2025,Agri01_AGC,DE6,0.0
2025,Agri01_AGC,DE7,7190.773891742232
2025,Agri01_AGC,DE8,14586.526861568758
2025,Agri01_AGC,DE9,24717.90374819612
2025,Agri01_AGC,DEA,15703.577113932555
2025,Agri01_AGC,DEB,7594.809068415892
2025,Agri01_AGC,DEC,0.0
2025,Agri01_AGC,DEE,11809.58460334955
2025,Agri01_AGC,DED,9344.355426955997
2025,Agri01_AGC,DEF,8204.205475666506
2025,Agri01_AGC,DEG,6559.141823203836
2025,Agri02_OFC,DE1,0.0
2025,Agri02_OFC,DE2,0.0
2025,Agri02_OFC,DE3,0.0
2025,Agri02_OFC,DE4,0.0
2025,Agri02_OFC,DE5,0.0
2025,Agri02_OFC,DE6,0.0
2025,Agri02_OFC,DE7,0.0
2025,Agri02_OFC,DE8,0.0
2025,Agri02_OFC,DE9,0.0
2025,Agri02_OFC,DEA,0.0
2025,Agri02_OFC,DEB,0.0
2025,Agri02_OFC,DEC,0.0
2025,Agri02_OFC,DEE,0.0
2025,Agri02_OFC,DED,0.0
2025,Agri02_OFC,DEF,0.0
2025,Agri02_OFC,DEG,0.0
2025,Agri03_No-till,DE1,0.0
2025,Agri03_No-till,DE2,0.0
2025,Agri03_No-till,DE3,0.0
2025,Agri03_No-till,DE4,0.0
2025,Agri03_No-till,DE5,0.0
2025,Agri03_No-till,DE6,0.0
2025,Agri03_No-till,DE7,0.0
2025,Agri03_No-till,DE8,0.0
2025,Agri03_No-till,DE9,0.0
2025,Agri03_No-till,DEA,0.0
2025,Agri03_No-till,DEB,0.0
2025,Agri03_No-till,DEC,0.0
2025,Agri03_No-till,DEE,0.0
2025,Agri03_No-till,DED,0.0
2025,Agri03_No-till,DEF,0.0
2025,Agri03_No-till,DEG,0.0
2025,Agri04_toGrassland,DE1,102.65657033661803
2025,Agri04_toGrassland,DE2,197.73901878096603
2025,Agri04_toGrassland,DE3,22.26876623066056
2025,Agri04_toGrassland,DE4,93.08004062832171
2025,Agri04_toGrassland,DE5,10.70461773901486
2025,Agri04_toGrassland,DE6,1.816589274261228
2025,Agri04_toGrassland,DE7,48.549174046157745
2025,Agri04_toGrassland,DE8,98.48228326919033
2025,Agri04_toGrassland,DE9,166.88521001966808
2025,Agri04_toGrassland,DEA,106.02415121508605
2025,Agri04_toGrassland,DEB,57.02494121864268
2025,Agri04_toGrassland,DEC,19.412438224818246
2025,Agri04_toGrassland,DEE,79.73350114363392
2025,Agri04_toGrassland,DED,63.0892786788112
2025,Agri04_toGrassland,DEF,55.39145098220698
2025,Agri04_toGrassland,DEG,44.28465179997494
2025,Agri05_Agroforestry,DE1,4401.832990242681
2025,Agri05_Agroforestry,DE2,7131.433788588079
2025,Agri05_Agroforestry,DE3,94.54500000000002
2025,Agri05_Agroforestry,DE4,4227.061658368109
2025,Agri05_Agroforestry,DE5,776.162
2025,Agri05_Agroforestry,DE6,114.70334203348972
2025,Agri05_Agroforestry,DE7,1607.729295791893
2025,Agri05_Agroforestry,DE8,4265.759296735882
2025,Agri05_Agroforestry,DE9,6229.451718650629
2025,Agri05_Agroforestry,DEA,4482.269168988294
2025,Agri05_Agroforestry,DEB,2633.8799966979363
2025,Agri05_Agroforestry,DEC,1541.820307702059
2025,Agri05_Agroforestry,DEE,3309.2235173577774
2025,Agri05_Agroforestry,DED,2817.5809699639867
2025,Agri05_Agroforestry,DEF,1590.6733697108034
2025,Agri05_Agroforestry,DEG,1271.8224312789089
2025,Agri06_Biochar,DE1,0.0
2025,Agri06_Biochar,DE2,0.0
2025,Agri06_Biochar,DE3,0.0
2025,Agri06_Biochar,DE4,0.0
2025,Agri06_Biochar,DE5,0.0
2025,Agri06_Biochar,DE6,0.0
2025,Agri06_Biochar,DE7,0.0
2025,Agri06_Biochar,DE8,0.0
2025,Agri06_Biochar,DE9,0.0
2025,Agri06_Biochar,DEA,0.0
2025,Agri06_Biochar,DEB,0.0
2025,Agri06_Biochar,DEC,0.0
2025,Agri06_Biochar,DEE,0.0
2025,Agri06_Biochar,DED,0.0
2025,Agri06_Biochar,DEF,0.0
2025,Agri06_Biochar,DEG,0.0
2026,Agri01_AGC,DE1,23171.099816105187
2026,Agri01_AGC,DE2,43896.97492556559
2026,Agri01_AGC,DE3,0.0
2026,Agri01_AGC,DE4,21138.30320697813
2026,Agri01_AGC,DE5,0.0
2026,Agri01_AGC,DE6,0.0
2026,Agri01_AGC,DE7,10699.475940886306
2026,Agri01_AGC,DE8,22252.33160793079
2026,Agri01_AGC,DE9,37162.65985617483
2026,Agri01_AGC,DEA,23896.292356692604
2026,Agri01_AGC,DEB,12123.047772073056
2026,Agri01_AGC,DEC,0.0
2026,Agri01_AGC,DEE,17937.14322581045
2026,Agri01_AGC,DED,14301.522579291992
2026,Agri01_AGC,DEF,12074.392595613728
2026,Agri01_AGC,DEG,9653.3555221781
2026,Agri02_OFC,DE1,0.0
2026,Agri02_OFC,DE2,0.0
2026,Agri02_OFC,DE3,0.0
2026,Agri02_OFC,DE4,0.0
2026,Agri02_OFC,DE5,0.0
2026,Agri02_OFC,DE6,0.0
2026,Agri02_OFC,DE7,0.0
2026,Agri02_OFC,DE8,0.0
2026,Agri02_OFC,DE9,0.0
2026,Agri02_OFC,DEA,0.0
2026,Agri02_OFC,DEB,0.0
2026,Agri02_OFC,DEC,0.0
2026,Agri02_OFC,DEE,0.0
2026,Agri02_OFC,DED,0.0
2026,Agri02_OFC,DEF,0.0
2026,Agri02_OFC,DEG,0.0
2026,Agri03_No-till,DE1,0.0
2026,Agri03_No-till,DE2,0.0
2026,Agri03_No-till,DE3,0.0
2026,Agri03_No-till,DE4,0.0
2026,Agri03_No-till,DE5,0.0
2026,Agri03_No-till,DE6,0.0
2026,Agri03_No-till,DE7,0.0
2026,Agri03_No-till,DE8,0.0
2026,Agri03_No-till,DE9,0.0
2026,Agri03_No-till,DEA,0.0
2026,Agri03_No-till,DEB,0.0
2026,Agri03_No-till,DEC,0.0
2026,Agri03_No-till,DEE,0.0
2026,Agri03_No-till,DED,0.0
2026,Agri03_No-till,DEF,0.0
2026,Agri03_No-till,DEG,0.0
2026,Agri04_toGrassland,DE1,156.44182041446814
2026,Agri04_toGrassland,DE2,296.374480389169
2026,Agri04_toGrassland,DE3,38.13524078683261
2026,Agri04_toGrassland,DE4,142.71720636558481
2026,Agri04_toGrassland,DE5,18.222854005464363
2026,Agri04_toGrassland,DE6,2.904040372732843
2026,Agri04_toGrassland,DE7,72.23849998305404
2026,Agri04_toGrassland,DE8,150.23867200259005
2026,Agri04_toGrassland,DE9,250.9071302391422
2026,Agri04_toGrassland,DEA,161.33802482862524
2026,Agri04_toGrassland,DEB,87.5977630395127
2026,Agri04_toGrassland,DEC,32.198211678354426
2026,Agri04_toGrassland,DEE,121.10427910419796
2026,Agri04_toGrassland,DED,96.5580505353472
2026,Agri04_toGrassland,DEF,81.5213767601946
2026,Agri04_toGrassland,DEG,65.17552135992858
2026,Agri05_Agroforestry,DE1,5859.4589735190375
2026,Agri05_Agroforestry,DE2,9076.488485854685
2026,Agri05_Agroforestry,DE3,94.54500000000002
2026,Agri05_Agroforestry,DE4,5699.710744562337
2026,Agri05_Agroforestry,DE5,776.162
2026,Agri05_Agroforestry,DE6,164.06280285367998
2026,Agri05_Agroforestry,DE7,1993.6103675051186
2026,Agri05_Agroforestry,DE8,5691.58973338495
2026,Agri05_Agroforestry,DE9,8005.9415163559015
2026,Agri05_Agroforestry,DEA,5946.762082825293
2026,Agri05_Agroforestry,DEB,3564.384022141782
2026,Agri05_Agroforestry,DEC,2271.6400509604596
2026,Agri05_Agroforestry,DEE,4371.14181795486
2026,Agri05_Agroforestry,DED,3785.323959951423
2026,Agri05_Agroforestry,DEF,1874.957997095356
2026,Agri05_Agroforestry,DEG,1499.1693910863373
2026,Agri06_Biochar,DE1,0.0
2026,Agri06_Biochar,DE2,0.0
2026,Agri06_Biochar,DE3,0.0
2026,Agri06_Biochar,DE4,0.0
2026,Agri06_Biochar,DE5,0.0
2026,Agri06_Biochar,DE6,0.0
2026,Agri06_Biochar,DE7,0.0
2026,Agri06_Biochar,DE8,0.0
2026,Agri06_Biochar,DE9,0.0
2026,Agri06_Biochar,DEA,0.0
2026,Agri06_Biochar,DEB,0.0
2026,Agri06_Biochar,DEC,0.0
2026,Agri06_Biochar,DEE,0.0
2026,Agri06_Biochar,DED,0.0
2026,Agri06_Biochar,DEF,0.0
2026,Agri06_Biochar,DEG,0.0
2027,Agri01_AGC,DE1,31380.011692917546
2027,Agri01_AGC,DE2,58483.07914375038
2027,Agri01_AGC,DE3,0.0
2027,Agri01_AGC,DE4,28796.041799778453
2027,Agri01_AGC,DE5,0.0
2027,Agri01_AGC,DE6,0.0
2027,Agri01_AGC,DE7,14150.38805887902
2027,Agri01_AGC,DE8,30166.497231344594
2027,Agri01_AGC,DE9,49664.61878674065
2027,Agri01_AGC,DEA,32316.292056648505
2027,Agri01_AGC,DEB,16854.729960141
2027,Agri01_AGC,DEC,0.0
2027,Agri01_AGC,DEE,24213.212728795435
2027,Agri01_AGC,DED,19448.682690866648
2027,Agri01_AGC,DEF,15789.969303636932
2027,Agri01_AGC,DEG,12623.997746067264
2027,Agri02_OFC,DE1,0.0
2027,Agri02_OFC,DE2,0.0
2027,Agri02_OFC,DE3,0.0
2027,Agri02_OFC,DE4,0.0
2027,Agri02_OFC,DE5,0.0
2027,Agri02_OFC,DE6,0.0
2027,Agri02_OFC,DE7,0.0
2027,Agri02_OFC,DE8,0.0
2027,Agri02_OFC,DE9,0.0
2027,Agri02_OFC,DEA,0.0
2027,Agri02_OFC,DEB,0.0
2027,Agri02_OFC,DEC,0.0
2027,Agri02_OFC,DEE,0.0
2027,Agri02_OFC,DED,0.0
2027,Agri02_OFC,DEF,0.0
2027,Agri02_OFC,DEG,0.0
2027,Agri03_No-till,DE1,0.0
2027,Agri03_No-till,DE2,0.0
2027,Agri03_No-till,DE3,0.0
2027,Agri03_No-till,DE4,0.0
2027,Agri03_No-till,DE5,0.0
2027,Agri03_No-till,DE6,0.0
2027,Agri03_No-till,DE7,0.0
2027,Agri03_No-till,DE8,0.0
2027,Agri03_No-till,DE9,0.0
2027,Agri03_No-till,DEA,0.0
2027,Agri03_No-till,DEB,0.0
2027,Agri03_No-till,DEC,0.0
2027,Agri03_No-till,DEE,0.0
2027,Agri03_No-till,DED,0.0
2027,Agri03_No-till,DEF,0.0
2027,Agri03_No-till,DEG,0.0
2027,Agri04_toGrassland,DE1,211.86504709867899
2027,Agri04_toGrassland,DE2,394.85391014251854
2027,Agri04_toGrassland,DE3,57.156442970232504
2027,Agri04_toGrassland,DE4,194.41913571824944
2027,Agri04_toGrassland,DE5,27.18504186987525
2027,Agri04_toGrassland,DE6,4.110929112098458
2027,Agri04_toGrassland,DE7,95.5376518624953
2027,Agri04_toGrassland,DE8,203.6718921351928
2027,Agri04_toGrassland,DE9,335.31526059837637
2027,Agri04_toGrassland,DEA,218.18643044616186
2027,Agri04_toGrassland,DEB,119.54415233474852
2027,Agri04_toGrassland,DEC,47.03702135930865
2027,Agri04_toGrassland,DEE,163.4777419905934
2027,Agri04_toGrassland,DED,131.3095774033035
2027,Agri04_toGrassland,DEF,106.60743606277164
2027,Agri04_toGrassland,DEG,85.232086693193
2027,Agri05_Agroforestry,DE1,7509.5047518713345
2027,Agri05_Agroforestry,DE2,11194.465829637622
2027,Agri05_Agroforestry,DE3,94.54500000000002
2027,Agri05_Agroforestry,DE4,7381.4387489301
2027,Agri05_Agroforestry,DE5,776.162
2027,Agri05_Agroforestry,DE6,222.22852781170104
2027,Agri05_Agroforestry,DE7,2400.9365100699597
2027,Agri05_Agroforestry,DE8,7308.313029134648
2027,Agri05_Agroforestry,DE9,9959.297798719557
2027,Agri05_Agroforestry,DEA,7600.6013566754045
2027,Agri05_Agroforestry,DEB,4629.464056287047
2027,Agri05_Agroforestry,DEC,3141.94502145819
2027,Agri05_Agroforestry,DEE,5566.417984260452
2027,Agri05_Agroforestry,DED,4887.809215270406
2027,Agri05_Agroforestry,DEF,2147.9592756273723
2027,Agri05_Agroforestry,DEG,1717.5105087443146
2027,Agri06_Biochar,DE1,0.0
2027,Agri06_Biochar,DE2,0.0
2027,Agri06_Biochar,DE3,0.0
2027,Agri06_Biochar,DE4,0.0
2027,Agri06_Biochar,DE5,0.0
2027,Agri06_Biochar,DE6,0.0
2027,Agri06_Biochar,DE7,0.0
2027,Agri06_Biochar,DE8,0.0
2027,Agri06_Biochar,DE9,0.0
2027,Agri06_Biochar,DEA,0.0
2027,Agri06_Biochar,DEB,0.0
2027,Agri06_Biochar,DEC,0.0
2027,Agri06_Biochar,DEE,0.0
2027,Agri06_Biochar,DED,0.0
2027,Agri06_Biochar,DEF,0.0
2027,Agri06_Biochar,DEG,0.0
2028,Agri01_AGC,DE1,39831.52953878522
2028,Agri01_AGC,DE2,73046.0729834333
2028,Agri01_AGC,DE3,0.0
2028,Agri01_AGC,DE4,36759.59915448258
2028,Agri01_AGC,DE5,0.0
2028,Agri01_AGC,DE6,196.4464544346789
2028,Agri01_AGC,DE7,17543.510245720372
2028,Agri01_AGC,DE8,38329.023731810164
2028,Agri01_AGC,DE9,62223.78053989357
2028,Agri01_AGC,DEA,40963.576213800254
2028,Agri01_AGC,DEB,21789.85563261973
2028,Agri01_AGC,DEC,0.0
2028,Agri01_AGC,DEE,30637.793112304505
2028,Agri01_AGC,DED,24785.83576167997
2028,Agri01_AGC,DEF,19350.935599736113
2028,Agri01_AGC,DEG,15471.068494871324
2028,Agri02_OFC,DE1,0.0
2028,Agri02_OFC,DE2,0.0
2028,Agri02_OFC,DE3,0.0
2028,Agri02_OFC,DE4,0.0
2028,Agri02_OFC,DE5,0.0
2028,Agri02_OFC,DE6,0.0
2028,Agri02_OFC,DE7,0.0
2028,Agri02_OFC,DE8,0.0
2028,Agri02_OFC,DE9,0.0
2028,Agri02_OFC,DEA,0.0
2028,Agri02_OFC,DEB,0.0
2028,Agri02_OFC,DEC,0.0
2028,Agri02_OFC,DEE,0.0
2028,Agri02_OFC,DED,0.0
2028,Agri02_OFC,DEF,0.0
2028,Agri02_OFC,DEG,0.0
2028,Agri03_No-till,DE1,0.0
2028,Agri03_No-till,DE2,0.0
2028,Agri03_No-till,DE3,0.0
2028,Agri03_No-till,DE4,0.0
2028,Agri03_No-till,DE5,0.0
2028,Agri03_No-till,DE6,0.0
2028,Agri03_No-till,DE7,0.0
2028,Agri03_No-till,DE8,0.0
2028,Agri03_No-till,DE9,0.0
2028,Agri03_No-till,DEA,0.0
2028,Agri03_No-till,DEB,0.0
2028,Agri03_No-till,DEC,0.0
2028,Agri03_No-till,DEE,0.0
2028,Agri03_No-till,DED,0.0
2028,Agri03_No-till,DEF,0.0
2028,Agri03_No-till,DEG,0.0
2028,Agri04_toGrassland,DE1,268.9262503892505
2028,Agri04_toGrassland,DE2,493.1773080410147
2028,Agri04_toGrassland,DE3,79.33237278086024
2028,Agri04_toGrassland,DE4,248.18582868631555
2028,Agri04_toGrassland,DE5,37.591181332247515
2028,Agri04_toGrassland,DE6,5.437255492358074
2028,Agri04_toGrassland,DE7,118.4466296844815
2028,Agri04_toGrassland,DE8,258.7819436669986
2028,Agri04_toGrassland,DE9,420.1096010973706
2028,Agri04_toGrassland,DEA,276.56936806769596
2028,Agri04_toGrassland,DEB,152.86410910435012
2028,Agri04_toGrassland,DEC,63.928867267680914
2028,Agri04_toGrassland,DEE,206.85388980282022
2028,Agri04_toGrassland,DED,167.34385928268009
2028,Agri04_toGrassland,DEF,130.6496288899381
2028,Agri04_toGrassland,DEG,104.45434779976819
2028,Agri05_Agroforestry,DE1,9351.970325299571
2028,Agri05_Agroforestry,DE2,13485.365819936887
2028,Agri05_Agroforestry,DE3,94.54500000000002
2028,Agri05_Agroforestry,DE4,9272.245671471397
2028,Agri05_Agroforestry,DE5,776.162
2028,Agri05_Agroforestry,DE6,289.20051690755287
2028,Agri05_Agroforestry,DE7,2829.7077234864164
2028,Agri05_Agroforestry,DE8,9115.929183984977
2028,Agri05_Agroforestry,DE9,12089.520565741594
2028,Agri05_Agroforestry,DEA,9443.78699053863
2028,Agri05_Agroforestry,DEB,5829.120099133732
2028,Agri05_Agroforestry,DEC,3458.3510000000006
2028,Agri05_Agroforestry,DEE,6895.052016274552
2028,Agri05_Agroforestry,DED,6125.036735920935
2028,Agri05_Agroforestry,DEF,2409.6772053068526
2028,Agri05_Agroforestry,DEG,1926.8457842528408
2028,Agri06_Biochar,DE1,0.0
2028,Agri06_Biochar,DE2,0.0
2028,Agri06_Biochar,DE3,0.0
2028,Agri06_Biochar,DE4,0.0
2028,Agri06_Biochar,DE5,0.0
2028,Agri06_Biochar,DE6,0.0
2028,Agri06_Biochar,DE7,0.0
2028,Agri06_Biochar,DE8,0.0
2028,Agri06_Biochar,DE9,0.0
2028,Agri06_Biochar,DEA,0.0
2028,Agri06_Biochar,DEB,0.0
2028,Agri06_Biochar,DEC,0.0
2028,Agri06_Biochar,DEE,0.0
2028,Agri06_Biochar,DED,0.0
2028,Agri06_Biochar,DEF,0.0
2028,Agri06_Biochar,DEG,0.0
2029,Agri01_AGC,DE1,48525.65335370821
2029,Agri01_AGC,DE2,87585.95644461435
2029,Agri01_AGC,DE3,0.0
2029,Agri01_AGC,DE4,45028.975271090516
2029,Agri01_AGC,DE5,0.0
2029,Agri01_AGC,DE6,410.58320096403526
2029,Agri01_AGC,DE7,20878.842501410363
2029,Agri01_AGC,DE8,46739.911109327506
2029,Agri01_AGC,DE9,74840.14511563358
2029,Agri01_AGC,DEA,49838.14482814785
2029,Agri01_AGC,DEB,26928.42478950924
2029,Agri01_AGC,DEC,0.0
2029,Agri01_AGC,DEE,37210.88437633766
2029,Agri01_AGC,DED,30312.981791731956
2029,Agri01_AGC,DEF,22757.291483911275
2029,Agri01_AGC,DEG,18194.567768590285
2029,Agri02_OFC,DE1,0.0
2029,Agri02_OFC,DE2,0.0
2029,Agri02_OFC,DE3,0.0
2029,Agri02_OFC,DE4,0.0
2029,Agri02_OFC,DE5,0.0
2029,Agri02_OFC,DE6,0.0
2029,Agri02_OFC,DE7,0.0
2029,Agri02_OFC,DE8,0.0
2029,Agri02_OFC,DE9,0.0
2029,Agri02_OFC,DEA,0.0
2029,Agri02_OFC,DEB,0.0
2029,Agri02_OFC,DEC,0.0
2029,Agri02_OFC,DEE,0.0
2029,Agri02_OFC,DED,0.0
2029,Agri02_OFC,DEF,0.0
2029,Agri02_OFC,DEG,0.0
2029,Agri03_No-till,DE1,0.0
2029,Agri03_No-till,DE2,0.0
2029,Agri03_No-till,DE3,0.0
2029,Agri03_No-till,DE4,0.0
2029,Agri03_No-till,DE5,0.0
2029,Agri03_No-till,DE6,0.0
2029,Agri03_No-till,DE7,0.0
2029,Agri03_No-till,DE8,0.0
2029,Agri03_No-till,DE9,0.0
2029,Agri03_No-till,DEA,0.0
2029,Agri03_No-till,DEB,0.0
2029,Agri03_No-till,DEC,0.0
2029,Agri03_No-till,DEE,0.0
2029,Agri03_No-till,DED,0.0
2029,Agri03_No-till,DEF,0.0
2029,Agri03_No-till,DEG,0.0
2029,Agri04_toGrassland,DE1,327.6254302861828
2029,Agri04_toGrassland,DE2,591.3446740846575
2029,Agri04_toGrassland,DE3,104.66303021871583
2029,Agri04_toGrassland,DE4,304.01728526978314
2029,Agri04_toGrassland,DE5,49.44127239258116
2029,Agri04_toGrassland,DE6,6.88301951351169
2029,Agri04_toGrassland,DE7,140.96543344901264
2029,Agri04_toGrassland,DE8,315.5688265980074
2029,Agri04_toGrassland,DE9,505.29015173612487
2029,Agri04_toGrassland,DEA,336.48683769322747
2029,Agri04_toGrassland,DEB,187.55763334831752
2029,Agri04_toGrassland,DEC,82.87374940347122
2029,Agri04_toGrassland,DEE,251.23272254087846
2029,Agri04_toGrassland,DED,204.66089617347694
2029,Agri04_toGrassland,DEF,153.64795524169398
2029,Agri04_toGrassland,DEG,122.84230467965416
2029,Agri05_Agroforestry,DE1,11386.855693803747
2029,Agri05_Agroforestry,DE2,15949.188456752483
2029,Agri05_Agroforestry,DE3,94.54500000000002
2029,Agri05_Agroforestry,DE4,11372.131512186232
2029,Agri05_Agroforestry,DE5,776.162
2029,Agri05_Agroforestry,DE6,364.9787701412355
2029,Agri05_Agroforestry,DE7,3279.9240077544887
2029,Agri05_Agroforestry,DE8,11114.438197935937
2029,Agri05_Agroforestry,DE9,14396.609817422013
2029,Agri05_Agroforestry,DEA,11476.31898441497
2029,Agri05_Agroforestry,DEB,7163.352150681836
2029,Agri05_Agroforestry,DEC,3458.3510000000006
2029,Agri05_Agroforestry,DEE,8357.043913997162
2029,Agri05_Agroforestry,DED,7497.00652190301
2029,Agri05_Agroforestry,DEF,2660.1117861337966
2029,Agri05_Agroforestry,DEG,2127.1752176119157
2029,Agri06_Biochar,DE1,0.0
2029,Agri06_Biochar,DE2,0.0
2029,Agri06_Biochar,DE3,0.0
2029,Agri06_Biochar,DE4,0.0
2029,Agri06_Biochar,DE5,0.0
2029,Agri06_Biochar,DE6,0.0
2029,Agri06_Biochar,DE7,0.0
2029,Agri06_Biochar,DE8,0.0
2029,Agri06_Biochar,DE9,0.0
2029,Agri06_Biochar,DEA,0.0
2029,Agri06_Biochar,DEB,0.0
2029,Agri06_Biochar,DEC,0.0
2029,Agri06_Biochar,DEE,0.0
2029,Agri06_Biochar,DED,0.0
2029,Agri06_Biochar,DEF,0.0
2029,Agri06_Biochar,DEG,0.0
2030,Agri01_AGC,DE1,57462.38313768651
2030,Agri01_AGC,DE2,102102.72952729353
2030,Agri01_AGC,DE3,0.0
2030,Agri01_AGC,DE4,53604.17014960226
2030,Agri01_AGC,DE5,0.0
2030,Agri01_AGC,DE6,642.4102395880691
2030,Agri01_AGC,DE7,24156.384825948993
2030,Agri01_AGC,DE8,55399.159363896615
2030,Agri01_AGC,DE9,87513.71251396071
2030,Agri01_AGC,DEA,58939.9978996913
2030,Agri01_AGC,DEB,32270.437430809536
2030,Agri01_AGC,DEC,3110.0690405884066
2030,Agri01_AGC,DEE,43932.48652089489
2030,Agri01_AGC,DED,36030.120781022604
2030,Agri01_AGC,DEF,26009.036956162417
2030,Agri01_AGC,DEG,20794.49556722414
2030,Agri02_OFC,DE1,0.0
2030,Agri02_OFC,DE2,0.0
2030,Agri02_OFC,DE3,0.0
2030,Agri02_OFC,DE4,0.0
2030,Agri02_OFC,DE5,0.0
2030,Agri02_OFC,DE6,0.0
2030,Agri02_OFC,DE7,0.0
2030,Agri02_OFC,DE8,0.0
2030,Agri02_OFC,DE9,0.0
2030,Agri02_OFC,DEA,0.0
2030,Agri02_OFC,DEB,0.0
2030,Agri02_OFC,DEC,0.0
2030,Agri02_OFC,DEE,0.0
2030,Agri02_OFC,DED,0.0
2030,Agri02_OFC,DEF,0.0
2030,Agri02_OFC,DEG,0.0
2030,Agri03_No-till,DE1,0.0
2030,Agri03_No-till,DE2,0.0
2030,Agri03_No-till,DE3,0.0
2030,Agri03_No-till,DE4,0.0
2030,Agri03_No-till,DE5,0.0
2030,Agri03_No-till,DE6,0.0
2030,Agri03_No-till,DE7,0.0
2030,Agri03_No-till,DE8,0.0
2030,Agri03_No-till,DE9,0.0
2030,Agri03_No-till,DEA,0.0
2030,Agri03_No-till,DEB,0.0
2030,Agri03_No-till,DEC,0.0
2030,Agri03_No-till,DEE,0.0
2030,Agri03_No-till,DED,0.0
2030,Agri03_No-till,DEF,0.0
2030,Agri03_No-till,DEG,0.0
2030,Agri04_toGrassland,DE1,387.9625867894758
2030,Agri04_toGrassland,DE2,689.356008273447
2030,Agri04_toGrassland,DE3,133.14841528379927
2030,Agri04_toGrassland,DE4,361.91350546865226
2030,Agri04_toGrassland,DE5,62.735315050876196
2030,Agri04_toGrassland,DE6,8.448221175559308
2030,Agri04_toGrassland,DE7,163.09406315608874
2030,Agri04_toGrassland,DE8,374.0325409282192
2030,Agri04_toGrassland,DE9,590.8569125146391
2030,Agri04_toGrassland,DEA,397.93883932275645
2030,Agri04_toGrassland,DEB,223.6247250666507
2030,Agri04_toGrassland,DEC,103.87166776667956
2030,Agri04_toGrassland,DEE,296.61424020476807
2030,Agri04_toGrassland,DED,243.26068807569408
2030,Agri04_toGrassland,DEF,175.6024151180393
2030,Agri04_toGrassland,DEG,140.3959573328509
2030,Agri05_Agroforestry,DE1,13614.160857383864
2030,Agri05_Agroforestry,DE2,18585.93374008441
2030,Agri05_Agroforestry,DE3,94.54500000000002
2030,Agri05_Agroforestry,DE4,13681.0962710746
2030,Agri05_Agroforestry,DE5,776.162
2030,Agri05_Agroforestry,DE6,449.56328751274884
2030,Agri05_Agroforestry,DE7,3751.5853628741766
2030,Agri05_Agroforestry,DE8,13303.840070987528
2030,Agri05_Agroforestry,DE9,16880.565553760815
2030,Agri05_Agroforestry,DEA,13698.19733830442
2030,Agri05_Agroforestry,DEB,8632.16021093136
2030,Agri05_Agroforestry,DEC,3458.3510000000006
2030,Agri05_Agroforestry,DEE,9952.393677428281
2030,Agri05_Agroforestry,DED,9003.718573216633
2030,Agri05_Agroforestry,DEF,2899.2630181082045
2030,Agri05_Agroforestry,DEG,2318.4988088215396
2030,Agri06_Biochar,DE1,0.0
2030,Agri06_Biochar,DE2,0.0
2030,Agri06_Biochar,DE3,0.0
2030,Agri06_Biochar,DE4,0.0
2030,Agri06_Biochar,DE5,0.0
2030,Agri06_Biochar,DE6,0.0
2030,Agri06_Biochar,DE7,0.0
2030,Agri06_Biochar,DE8,0.0
2030,Agri06_Biochar,DE9,0.0
2030,Agri06_Biochar,DEA,0.0
2030,Agri06_Biochar,DEB,0.0
2030,Agri06_Biochar,DEC,0.0
2030,Agri06_Biochar,DEE,0.0
2030,Agri06_Biochar,DED,0.0
2030,Agri06_Biochar,DEF,0.0
2030,Agri06_Biochar,DEG,0.0
2031,Agri01_AGC,DE1,66641.71889072013
2031,Agri01_AGC,DE2,116596.39223147085
2031,Agri01_AGC,DE3,322.4330000000001
2031,Agri01_AGC,DE4,62485.18379001781
2031,Agri01_AGC,DE5,1036.6540000000002
2031,Agri01_AGC,DE6,891.9275703067804
2031,Agri01_AGC,DE7,27376.137219336262
2031,Agri01_AGC,DE8,64306.76849551749
2031,Agri01_AGC,DE9,100244.48273487494
2031,Agri01_AGC,DEA,68269.13542843059
2031,Agri01_AGC,DEB,37815.89355652061
2031,Agri01_AGC,DEC,6524.21986203024
2031,Agri01_AGC,DEE,50802.59954597621
2031,Agri01_AGC,DED,41937.25272955192
2031,Agri01_AGC,DEF,29106.172016489538
2031,Agri01_AGC,DEG,23270.851890772898
2031,Agri02_OFC,DE1,0.0
2031,Agri02_OFC,DE2,0.0
2031,Agri02_OFC,DE3,0.0
2031,Agri02_OFC,DE4,0.0
2031,Agri02_OFC,DE5,0.0
2031,Agri02_OFC,DE6,0.0
2031,Agri02_OFC,DE7,0.0
2031,Agri02_OFC,DE8,0.0
2031,Agri02_OFC,DE9,0.0
2031,Agri02_OFC,DEA,0.0
2031,Agri02_OFC,DEB,0.0
2031,Agri02_OFC,DEC,0.0
2031,Agri02_OFC,DEE,0.0
2031,Agri02_OFC,DED,0.0
2031,Agri02_OFC,DEF,0.0
2031,Agri02_OFC,DEG,0.0
2031,Agri03_No-till,DE1,0.0
2031,Agri03_No-till,DE2,0.0
2031,Agri03_No-till,DE3,0.0
2031,Agri03_No-till,DE4,0.0
2031,Agri03_No-till,DE5,0.0
2031,Agri03_No-till,DE6,0.0
2031,Agri03_No-till,DE7,0.0
2031,Agri03_No-till,DE8,0.0
2031,Agri03_No-till,DE9,0.0
2031,Agri03_No-till,DEA,0.0
2031,Agri03_No-till,DEB,0.0
2031,Agri03_No-till,DEC,0.0
2031,Agri03_No-till,DEE,0.0
2031,Agri03_No-till,DED,0.0
2031,Agri03_No-till,DEF,0.0
2031,Agri03_No-till,DEG,0.0
2031,Agri04_toGrassland,DE1,449.9377198991295
2031,Agri04_toGrassland,DE2,787.211310607383
2031,Agri04_toGrassland,DE3,164.78852797611054
2031,Agri04_toGrassland,DE4,421.87448928292287
2031,Agri04_toGrassland,DE5,77.47330930713261
2031,Agri04_toGrassland,DE6,10.132860478500925
2031,Agri04_toGrassland,DE7,184.83251880570978
2031,Agri04_toGrassland,DE8,434.17308665763403
2031,Agri04_toGrassland,DE9,676.8098834329135
2031,Agri04_toGrassland,DEA,460.9253729562829
2031,Agri04_toGrassland,DEB,261.0653842593497
2031,Agri04_toGrassland,DEC,126.92262235730595
2031,Agri04_toGrassland,DEE,342.99844279448905
2031,Agri04_toGrassland,DED,283.14323498933146
2031,Agri04_toGrassland,DEF,196.513008518974
2031,Agri04_toGrassland,DEG,157.11530575935845
2031,Agri05_Agroforestry,DE1,16033.885816039921
2031,Agri05_Agroforestry,DE2,21395.601669932665
2031,Agri05_Agroforestry,DE3,94.54500000000002
2031,Agri05_Agroforestry,DE4,16199.139948136504
2031,Agri05_Agroforestry,DE5,776.162
2031,Agri05_Agroforestry,DE6,542.954069022093
2031,Agri05_Agroforestry,DE7,4244.69178884548
2031,Agri05_Agroforestry,DE8,15684.134803139748
2031,Agri05_Agroforestry,DE9,19541.387774757997
2031,Agri05_Agroforestry,DEA,16109.422052206985
2031,Agri05_Agroforestry,DEB,10235.544279882304
2031,Agri05_Agroforestry,DEC,3458.3510000000006
2031,Agri05_Agroforestry,DEE,11681.101306567909
2031,Agri05_Agroforestry,DED,10645.1728898618
2031,Agri05_Agroforestry,DEF,3127.1309012300762
2031,Agri05_Agroforestry,DEG,2500.8165578817125
2031,Agri06_Biochar,DE1,0.0
2031,Agri06_Biochar,DE2,0.0
2031,Agri06_Biochar,DE3,0.0
2031,Agri06_Biochar,DE4,0.0
2031,Agri06_Biochar,DE5,0.0
2031,Agri06_Biochar,DE6,0.0
2031,Agri06_Biochar,DE7,0.0
2031,Agri06_Biochar,DE8,0.0
2031,Agri06_Biochar,DE9,0.0
2031,Agri06_Biochar,DEA,0.0
2031,Agri06_Biochar,DEB,0.0
2031,Agri06_Biochar,DEC,0.0
2031,Agri06_Biochar,DEE,0.0
2031,Agri06_Biochar,DED,0.0
2031,Agri06_Biochar,DEF,0.0
2031,Agri06_Biochar,DEG,0.0
2032,Agri01_AGC,DE1,76063.66061280906
2032,Agri01_AGC,DE2,131066.94455714629
2032,Agri01_AGC,DE3,322.4330000000001
2032,Agri01_AGC,DE4,71672.01619233716
2032,Agri01_AGC,DE5,1036.6540000000002
2032,Agri01_AGC,DE6,1159.1351931201689
2032,Agri01_AGC,DE7,30538.09968157217
2032,Agri01_AGC,DE8,73462.73850419014
2032,Agri01_AGC,DE9,113032.45577837626
2032,Agri01_AGC,DEA,77825.55741436573
2032,Agri01_AGC,DEB,43564.79316664247
2032,Agri01_AGC,DEC,8754.346000000001
2032,Agri01_AGC,DEE,57821.223451581616
2032,Agri01_AGC,DED,48034.37763731989
2032,Agri01_AGC,DEF,32048.69666489264
2032,Agri01_AGC,DEG,25623.636739236554
2032,Agri02_OFC,DE1,0.0
2032,Agri02_OFC,DE2,0.0
2032,Agri02_OFC,DE3,0.0
2032,Agri02_OFC,DE4,0.0
2032,Agri02_OFC,DE5,0.0
2032,Agri02_OFC,DE6,0.0
2032,Agri02_OFC,DE7,0.0
2032,Agri02_OFC,DE8,0.0
2032,Agri02_OFC,DE9,0.0
2032,Agri02_OFC,DEA,0.0
2032,Agri02_OFC,DEB,0.0
2032,Agri02_OFC,DEC,0.0
2032,Agri02_OFC,DEE,0.0
2032,Agri02_OFC,DED,0.0
2032,Agri02_OFC,DEF,0.0
2032,Agri02_OFC,DEG,0.0
2032,Agri03_No-till,DE1,0.0
2032,Agri03_No-till,DE2,0.0
2032,Agri03_No-till,DE3,0.0
2032,Agri03_No-till,DE4,0.0
2032,Agri03_No-till,DE5,0.0
2032,Agri03_No-till,DE6,0.0
2032,Agri03_No-till,DE7,0.0
2032,Agri03_No-till,DE8,0.0
2032,Agri03_No-till,DE9,0.0
2032,Agri03_No-till,DEA,0.0
2032,Agri03_No-till,DEB,0.0
2032,Agri03_No-till,DEC,0.0
2032,Agri03_No-till,DEE,0.0
2032,Agri03_No-till,DED,0.0
2032,Agri03_No-till,DEF,0.0
2032,Agri03_No-till,DEG,0.0
2032,Agri04_toGrassland,DE1,513.5508296151439
2032,Agri04_toGrassland,DE2,884.9105810864655
2032,Agri04_toGrassland,DE3,199.58336829564968
2032,Agri04_toGrassland,DE4,483.90023671259496
2032,Agri04_toGrassland,DE5,93.6552551613504
2032,Agri04_toGrassland,DE6,11.936937422336543
2032,Agri04_toGrassland,DE7,206.18080039787577
2032,Agri04_toGrassland,DE8,495.9904637862519
2032,Agri04_toGrassland,DE9,763.1490644909479
2032,Agri04_toGrassland,DEA,525.4464385938068
2032,Agri04_toGrassland,DEB,299.87961092641444
2032,Agri04_toGrassland,DEC,152.02661317535038
2032,Agri04_toGrassland,DEE,390.38533031004147
2032,Agri04_toGrassland,DED,324.30853691438915
2032,Agri04_toGrassland,DEF,216.37973544449812
2032,Agri04_toGrassland,DEG,173.00034995917676
2032,Agri05_Agroforestry,DE1,18646.030569771916
2032,Agri05_Agroforestry,DE2,24378.19224629725
2032,Agri05_Agroforestry,DE3,94.54500000000002
2032,Agri05_Agroforestry,DE4,18926.262543371944
2032,Agri05_Agroforestry,DE5,776.162
2032,Agri05_Agroforestry,DE6,628.319
2032,Agri05_Agroforestry,DE7,4759.243285668399
2032,Agri05_Agroforestry,DE8,18255.3223943926
2032,Agri05_Agroforestry,DE9,22379.076480413565
2032,Agri05_Agroforestry,DEA,18709.993126122663
2032,Agri05_Agroforestry,DEB,11973.504357534668
2032,Agri05_Agroforestry,DEC,3458.3510000000006
2032,Agri05_Agroforestry,DEE,13543.166801416046
2032,Agri05_Agroforestry,DED,12421.369471838516
2032,Agri05_Agroforestry,DEF,3343.7154354994123
2032,Agri05_Agroforestry,DEG,2674.128464792434
2032,Agri06_Biochar,DE1,0.0
2032,Agri06_Biochar,DE2,0.0
2032,Agri06_Biochar,DE3,0.0
2032,Agri06_Biochar,DE4,0.0
2032,Agri06_Biochar,DE5,0.0
2032,Agri06_Biochar,DE6,0.0
2032,Agri06_Biochar,DE7,0.0
2032,Agri06_Biochar,DE8,0.0
2032,Agri06_Biochar,DE9,0.0
2032,Agri06_Biochar,DEA,0.0
2032,Agri06_Biochar,DEB,0.0
2032,Agri06_Biochar,DEC,0.0
2032,Agri06_Biochar,DEE,0.0
2032,Agri06_Biochar,DED,0.0
2032,Agri06_Biochar,DEF,0.0
2032,Agri06_Biochar,DEG,0.0
2033,Agri01_AGC,DE1,85728.20830395332
2033,Agri01_AGC,DE2,145514.38650431985
2033,Agri01_AGC,DE3,322.4330000000001
2033,Agri01_AGC,DE4,81164.66735656033
2033,Agri01_AGC,DE5,1036.6540000000002
2033,Agri01_AGC,DE6,1444.033108028235
2033,Agri01_AGC,DE7,33642.27221265672
2033,Agri01_AGC,DE8,82867.06938991456
2033,Agri01_AGC,DE9,125877.63164446468
2033,Agri01_AGC,DEA,87609.26385749671
2033,Agri01_AGC,DEB,49517.13626117511
2033,Agri01_AGC,DEC,8754.346000000001
2033,Agri01_AGC,DEE,64988.3582377111
2033,Agri01_AGC,DED,54321.495504326536
2033,Agri01_AGC,DEF,34836.61090137172
2033,Agri01_AGC,DEG,27852.850112615106
2033,Agri02_OFC,DE1,0.0
2033,Agri02_OFC,DE2,0.0
2033,Agri02_OFC,DE3,0.0
2033,Agri02_OFC,DE4,0.0
2033,Agri02_OFC,DE5,0.0
2033,Agri02_OFC,DE6,0.0
2033,Agri02_OFC,DE7,0.0
2033,Agri02_OFC,DE8,0.0
2033,Agri02_OFC,DE9,0.0
2033,Agri02_OFC,DEA,0.0
2033,Agri02_OFC,DEB,0.0
2033,Agri02_OFC,DEC,0.0
2033,Agri02_OFC,DEE,0.0
2033,Agri02_OFC,DED,0.0
2033,Agri02_OFC,DEF,0.0
2033,Agri02_OFC,DEG,0.0
2033,Agri03_No-till,DE1,0.0
2033,Agri03_No-till,DE2,0.0
2033,Agri03_No-till,DE3,0.0
2033,Agri03_No-till,DE4,0.0
2033,Agri03_No-till,DE5,0.0
2033,Agri03_No-till,DE6,0.0
2033,Agri03_No-till,DE7,0.0
2033,Agri03_No-till,DE8,0.0
2033,Agri03_No-till,DE9,0.0
2033,Agri03_No-till,DEA,0.0
2033,Agri03_No-till,DEB,0.0
2033,Agri03_No-till,DEC,0.0
2033,Agri03_No-till,DEE,0.0
2033,Agri03_No-till,DED,0.0
2033,Agri03_No-till,DEF,0.0
2033,Agri03_No-till,DEG,0.0
2033,Agri04_toGrassland,DE1,513.5508296151439
2033,Agri04_toGrassland,DE2,884.9105810864655
2033,Agri04_toGrassland,DE3,199.58336829564968
2033,Agri04_toGrassland,DE4,483.90023671259496
2033,Agri04_toGrassland,DE5,93.6552551613504
2033,Agri04_toGrassland,DE6,11.936937422336543
2033,Agri04_toGrassland,DE7,206.18080039787577
2033,Agri04_toGrassland,DE8,495.9904637862519
2033,Agri04_toGrassland,DE9,763.1490644909479
2033,Agri04_toGrassland,DEA,525.4464385938068
2033,Agri04_toGrassland,DEB,299.87961092641444
2033,Agri04_toGrassland,DEC,152.02661317535038
2033,Agri04_toGrassland,DEE,390.38533031004147
2033,Agri04_toGrassland,DED,324.30853691438915
2033,Agri04_toGrassland,DEF,216.37973544449812
2033,Agri04_toGrassland,DEG,173.00034995917676
2033,Agri05_Agroforestry,DE1,21450.59511857985
2033,Agri05_Agroforestry,DE2,27533.705469178167
2033,Agri05_Agroforestry,DE3,94.54500000000002
2033,Agri05_Agroforestry,DE4,21862.46405678092
2033,Agri05_Agroforestry,DE5,776.162
2033,Agri05_Agroforestry,DE6,628.319
2033,Agri05_Agroforestry,DE7,5295.239853342934
2033,Agri05_Agroforestry,DE8,21017.40284474608
2033,Agri05_Agroforestry,DE9,25393.631670727515
2033,Agri05_Agroforestry,DEA,21499.910560051456
2033,Agri05_Agroforestry,DEB,13846.04044388845
2033,Agri05_Agroforestry,DEC,3458.3510000000006
2033,Agri05_Agroforestry,DEE,15538.590161972692
2033,Agri05_Agroforestry,DED,14332.308319146778
2033,Agri05_Agroforestry,DEF,3549.016620916212
2033,Agri05_Agroforestry,DEG,2838.4345295537046
2033,Agri06_Biochar,DE1,0.0
2033,Agri06_Biochar,DE2,0.0
2033,Agri06_Biochar,DE3,0.0
2033,Agri06_Biochar,DE4,0.0
2033,Agri06_Biochar,DE5,0.0
2033,Agri06_Biochar,DE6,0.0
2033,Agri06_Biochar,DE7,0.0
2033,Agri06_Biochar,DE8,0.0
2033,Agri06_Biochar,DE9,0.0
2033,Agri06_Biochar,DEA,0.0
2033,Agri06_Biochar,DEB,0.0
2033,Agri06_Biochar,DEC,0.0
2033,Agri06_Biochar,DEE,0.0
2033,Agri06_Biochar,DED,0.0
2033,Agri06_Biochar,DEF,0.0
2033,Agri06_Biochar,DEG,0.0
2034,Agri01_AGC,DE1,95635.36196415288
2034,Agri01_AGC,DE2,159938.71807299156
2034,Agri01_AGC,DE3,322.4330000000001
2034,Agri01_AGC,DE4,90963.1372826873
2034,Agri01_AGC,DE5,1036.6540000000002
2034,Agri01_AGC,DE6,1702.7469999999998
2034,Agri01_AGC,DE7,36688.6548125899
2034,Agri01_AGC,DE8,92519.76115269074
2034,Agri01_AGC,DE9,138780.0103331402
2034,Agri01_AGC,DEA,97620.25475782355
2034,Agri01_AGC,DEB,55672.92284011853
2034,Agri01_AGC,DEC,8754.346000000001
2034,Agri01_AGC,DEE,72304.00390436467
2034,Agri01_AGC,DED,60798.60633057184
2034,Agri01_AGC,DEF,37469.914725926785
2034,Agri01_AGC,DEG,29958.492010908558
2034,Agri02_OFC,DE1,0.0
2034,Agri02_OFC,DE2,0.0
2034,Agri02_OFC,DE3,0.0
2034,Agri02_OFC,DE4,0.0
2034,Agri02_OFC,DE5,0.0
2034,Agri02_OFC,DE6,0.0
2034,Agri02_OFC,DE7,0.0
2034,Agri02_OFC,DE8,0.0
2034,Agri02_OFC,DE9,0.0
2034,Agri02_OFC,DEA,0.0
2034,Agri02_OFC,DEB,0.0
2034,Agri02_OFC,DEC,0.0
2034,Agri02_OFC,DEE,0.0
2034,Agri02_OFC,DED,0.0
2034,Agri02_OFC,DEF,0.0
2034,Agri02_OFC,DEG,0.0
2034,Agri03_No-till,DE1,0.0
2034,Agri03_No-till,DE2,0.0
2034,Agri03_No-till,DE3,0.0
2034,Agri03_No-till,DE4,0.0
2034,Agri03_No-till,DE5,0.0
2034,Agri03_No-till,DE6,0.0
2034,Agri03_No-till,DE7,0.0
2034,Agri03_No-till,DE8,0.0
2034,Agri03_No-till,DE9,0.0
2034,Agri03_No-till,DEA,0.0
2034,Agri03_No-till,DEB,0.0
2034,Agri03_No-till,DEC,0.0
2034,Agri03_No-till,DEE,0.0
2034,Agri03_No-till,DED,0.0
2034,Agri03_No-till,DEF,0.0
2034,Agri03_No-till,DEG,0.0
2034,Agri04_toGrassland,DE1,513.5508296151439
2034,Agri04_toGrassland,DE2,884.9105810864655
2034,Agri04_toGrassland,DE3,199.58336829564968
2034,Agri04_toGrassland,DE4,483.90023671259496
2034,Agri04_toGrassland,DE5,93.6552551613504
2034,Agri04_toGrassland,DE6,11.936937422336543
2034,Agri04_toGrassland,DE7,206.18080039787577
2034,Agri04_toGrassland,DE8,495.9904637862519
2034,Agri04_toGrassland,DE9,763.1490644909479
2034,Agri04_toGrassland,DEA,525.4464385938068
2034,Agri04_toGrassland,DEB,299.87961092641444
2034,Agri04_toGrassland,DEC,152.02661317535038
2034,Agri04_toGrassland,DEE,390.38533031004147
2034,Agri04_toGrassland,DED,324.30853691438915
2034,Agri04_toGrassland,DEF,216.37973544449812
2034,Agri04_toGrassland,DEG,173.00034995917676
2034,Agri05_Agroforestry,DE1,24447.579462463727
2034,Agri05_Agroforestry,DE2,30862.141338575413
2034,Agri05_Agroforestry,DE3,94.54500000000002
2034,Agri05_Agroforestry,DE4,25007.744488363427
2034,Agri05_Agroforestry,DE5,776.162
2034,Agri05_Agroforestry,DE6,628.319
2034,Agri05_Agroforestry,DE7,5852.681491869084
2034,Agri05_Agroforestry,DE8,23970.376154200192
2034,Agri05_Agroforestry,DE9,28585.053345699846
2034,Agri05_Agroforestry,DEA,24479.17435399336
2034,Agri05_Agroforestry,DEB,15853.152538943652
2034,Agri05_Agroforestry,DEC,3458.3510000000006
2034,Agri05_Agroforestry,DEE,17156.976000000002
2034,Agri05_Agroforestry,DED,16377.989431786586
2034,Agri05_Agroforestry,DEF,3743.034457480476
2034,Agri05_Agroforestry,DEG,2993.734752165524
2034,Agri06_Biochar,DE1,0.0
2034,Agri06_Biochar,DE2,0.0
2034,Agri06_Biochar,DE3,0.0
2034,Agri06_Biochar,DE4,0.0
2034,Agri06_Biochar,DE5,0.0
2034,Agri06_Biochar,DE6,0.0
2034,Agri06_Biochar,DE7,0.0
2034,Agri06_Biochar,DE8,0.0
2034,Agri06_Biochar,DE9,0.0
2034,Agri06_Biochar,DEA,0.0
2034,Agri06_Biochar,DEB,0.0
2034,Agri06_Biochar,DEC,0.0
2034,Agri06_Biochar,DEE,0.0
2034,Agri06_Biochar,DED,0.0
2034,Agri06_Biochar,DEF,0.0
2034,Agri06_Biochar,DEG,0.0
2035,Agri01_AGC,DE1,105785.12159340776
2035,Agri01_AGC,DE2,174339.9392631614
2035,Agri01_AGC,DE3,322.4330000000001
2035,Agri01_AGC,DE4,101067.42597071808
2035,Agri01_AGC,DE5,1036.6540000000002
2035,Agri01_AGC,DE6,1702.7469999999998
2035,Agri01_AGC,DE7,39677.24748137173
2035,Agri01_AGC,DE8,102420.8137925187
2035,Agri01_AGC,DE9,151739.59184440284
2035,Agri01_AGC,DEA,107858.53011534624
2035,Agri01_AGC,DEB,62032.152903472735
2035,Agri01_AGC,DEC,8754.346000000001
2035,Agri01_AGC,DEE,79768.16045154232
2035,Agri01_AGC,DED,67465.71011605581
2035,Agri01_AGC,DEF,39948.60813855783
2035,Agri01_AGC,DEG,31940.562434116906
2035,Agri02_OFC,DE1,0.0
2035,Agri02_OFC,DE2,0.0
2035,Agri02_OFC,DE3,0.0
2035,Agri02_OFC,DE4,0.0
2035,Agri02_OFC,DE5,0.0
2035,Agri02_OFC,DE6,0.0
2035,Agri02_OFC,DE7,0.0
2035,Agri02_OFC,DE8,0.0
2035,Agri02_OFC,DE9,0.0
2035,Agri02_OFC,DEA,0.0
2035,Agri02_OFC,DEB,0.0
2035,Agri02_OFC,DEC,0.0
2035,Agri02_OFC,DEE,0.0
2035,Agri02_OFC,DED,0.0
2035,Agri02_OFC,DEF,0.0
2035,Agri02_OFC,DEG,0.0
2035,Agri03_No-till,DE1,0.0
2035,Agri03_No-till,DE2,0.0
2035,Agri03_No-till,DE3,0.0
2035,Agri03_No-till,DE4,0.0
2035,Agri03_No-till,DE5,0.0
2035,Agri03_No-till,DE6,0.0
2035,Agri03_No-till,DE7,0.0
2035,Agri03_No-till,DE8,0.0
2035,Agri03_No-till,DE9,0.0
2035,Agri03_No-till,DEA,0.0
2035,Agri03_No-till,DEB,0.0
2035,Agri03_No-till,DEC,0.0
2035,Agri03_No-till,DEE,0.0
2035,Agri03_No-till,DED,0.0
2035,Agri03_No-till,DEF,0.0
2035,Agri03_No-till,DEG,0.0
2035,Agri04_toGrassland,DE1,513.5508296151439
2035,Agri04_toGrassland,DE2,884.9105810864655
2035,Agri04_toGrassland,DE3,199.58336829564968
2035,Agri04_toGrassland,DE4,483.90023671259496
2035,Agri04_toGrassland,DE5,93.6552551613504
2035,Agri04_toGrassland,DE6,11.936937422336543
2035,Agri04_toGrassland,DE7,206.18080039787577
2035,Agri04_toGrassland,DE8,495.9904637862519
2035,Agri04_toGrassland,DE9,763.1490644909479
2035,Agri04_toGrassland,DEA,525.4464385938068
2035,Agri04_toGrassland,DEB,299.87961092641444
2035,Agri04_toGrassland,DEC,152.02661317535038
2035,Agri04_toGrassland,DEE,390.38533031004147
2035,Agri04_toGrassland,DED,324.30853691438915
2035,Agri04_toGrassland,DEF,216.37973544449812
2035,Agri04_toGrassland,DEG,173.00034995917676
2035,Agri05_Agroforestry,DE1,27636.983601423544
2035,Agri05_Agroforestry,DE2,34363.49985448899
2035,Agri05_Agroforestry,DE3,94.54500000000002
2035,Agri05_Agroforestry,DE4,28362.10383811947
2035,Agri05_Agroforestry,DE5,776.162
2035,Agri05_Agroforestry,DE6,628.319
2035,Agri05_Agroforestry,DE7,6431.568201246851
2035,Agri05_Agroforestry,DE8,27114.242322754933
2035,Agri05_Agroforestry,DE9,31953.341505330558
2035,Agri05_Agroforestry,DEA,27647.784507948378
2035,Agri05_Agroforestry,DEB,17994.840642700274
2035,Agri05_Agroforestry,DEC,3458.3510000000006
2035,Agri05_Agroforestry,DEE,17156.976000000002
2035,Agri05_Agroforestry,DED,18558.412809757938
2035,Agri05_Agroforestry,DEF,3925.7689451922033
2035,Agri05_Agroforestry,DEG,3140.029132627892
2035,Agri06_Biochar,DE1,0.0
2035,Agri06_Biochar,DE2,0.0
2035,Agri06_Biochar,DE3,0.0
2035,Agri06_Biochar,DE4,0.0
2035,Agri06_Biochar,DE5,0.0
2035,Agri06_Biochar,DE6,0.0
2035,Agri06_Biochar,DE7,0.0
2035,Agri06_Biochar,DE8,0.0
2035,Agri06_Biochar,DE9,0.0
2035,Agri06_Biochar,DEA,0.0
2035,Agri06_Biochar,DEB,0.0
2035,Agri06_Biochar,DEC,0.0
2035,Agri06_Biochar,DEE,0.0
2035,Agri06_Biochar,DED,0.0
2035,Agri06_Biochar,DEF,0.0
2035,Agri06_Biochar,DEG,0.0
2036,Agri01_AGC,DE1,116177.48719171796
2036,Agri01_AGC,DE2,188718.05007482934
2036,Agri01_AGC,DE3,322.4330000000001
2036,Agri01_AGC,DE4,111477.53342065266
2036,Agri01_AGC,DE5,1036.6540000000002
2036,Agri01_AGC,DE6,1702.7469999999998
2036,Agri01_AGC,DE7,42608.050219002194
2036,Agri01_AGC,DE8,112570.22730939843
2036,Agri01_AGC,DE9,164756.37617825257
2036,Agri01_AGC,DEA,118324.08993006477
2036,Agri01_AGC,DEB,68594.82645123772
2036,Agri01_AGC,DEC,8754.346000000001
2036,Agri01_AGC,DEE,87380.82787924405
2036,Agri01_AGC,DED,74322.80686077844
2036,Agri01_AGC,DEF,42272.69113926485
2036,Agri01_AGC,DEG,33799.06138224015
2036,Agri02_OFC,DE1,0.0
2036,Agri02_OFC,DE2,0.0
2036,Agri02_OFC,DE3,0.0
2036,Agri02_OFC,DE4,0.0
2036,Agri02_OFC,DE5,0.0
2036,Agri02_OFC,DE6,0.0
2036,Agri02_OFC,DE7,0.0
2036,Agri02_OFC,DE8,0.0
2036,Agri02_OFC,DE9,0.0
2036,Agri02_OFC,DEA,0.0
2036,Agri02_OFC,DEB,0.0
2036,Agri02_OFC,DEC,0.0
2036,Agri02_OFC,DEE,0.0
2036,Agri02_OFC,DED,0.0
2036,Agri02_OFC,DEF,0.0
2036,Agri02_OFC,DEG,0.0
2036,Agri03_No-till,DE1,0.0
2036,Agri03_No-till,DE2,0.0
2036,Agri03_No-till,DE3,0.0
2036,Agri03_No-till,DE4,0.0
2036,Agri03_No-till,DE5,0.0
2036,Agri03_No-till,DE6,0.0
2036,Agri03_No-till,DE7,0.0
2036,Agri03_No-till,DE8,0.0
2036,Agri03_No-till,DE9,0.0
2036,Agri03_No-till,DEA,0.0
2036,Agri03_No-till,DEB,0.0
2036,Agri03_No-till,DEC,0.0
2036,Agri03_No-till,DEE,0.0
2036,Agri03_No-till,DED,0.0
2036,Agri03_No-till,DEF,0.0
2036,Agri03_No-till,DEG,0.0
2036,Agri04_toGrassland,DE1,513.5508296151439
2036,Agri04_toGrassland,DE2,884.9105810864655
2036,Agri04_toGrassland,DE3,199.58336829564968
2036,Agri04_toGrassland,DE4,483.90023671259496
2036,Agri04_toGrassland,DE5,93.6552551613504
2036,Agri04_toGrassland,DE6,11.936937422336543
2036,Agri04_toGrassland,DE7,206.18080039787577
2036,Agri04_toGrassland,DE8,495.9904637862519
2036,Agri04_toGrassland,DE9,763.1490644909479
2036,Agri04_toGrassland,DEA,525.4464385938068
2036,Agri04_toGrassland,DEB,299.87961092641444
2036,Agri04_toGrassland,DEC,152.02661317535038
2036,Agri04_toGrassland,DEE,390.38533031004147
2036,Agri04_toGrassland,DED,324.30853691438915
2036,Agri04_toGrassland,DEF,216.37973544449812
2036,Agri04_toGrassland,DEG,173.00034995917676
2036,Agri05_Agroforestry,DE1,31018.807535459302
2036,Agri05_Agroforestry,DE2,38037.781016918896
2036,Agri05_Agroforestry,DE3,94.54500000000002
2036,Agri05_Agroforestry,DE4,31925.54210604905
2036,Agri05_Agroforestry,DE5,776.162
2036,Agri05_Agroforestry,DE6,628.319
2036,Agri05_Agroforestry,DE7,7031.899981476232
2036,Agri05_Agroforestry,DE8,30449.001350410304
2036,Agri05_Agroforestry,DE9,35498.496149619656
2036,Agri05_Agroforestry,DEA,31005.74102191651
2036,Agri05_Agroforestry,DEB,20271.104755158314
2036,Agri05_Agroforestry,DEC,3458.3510000000006
2036,Agri05_Agroforestry,DEE,17156.976000000002
2036,Agri05_Agroforestry,DED,19114.16
2036,Agri05_Agroforestry,DEF,4097.220084051395
2036,Agri05_Agroforestry,DEG,3277.317670940809
2036,Agri06_Biochar,DE1,0.0
2036,Agri06_Biochar,DE2,0.0
2036,Agri06_Biochar,DE3,0.0
2036,Agri06_Biochar,DE4,0.0
2036,Agri06_Biochar,DE5,0.0
2036,Agri06_Biochar,DE6,0.0
2036,Agri06_Biochar,DE7,0.0
2036,Agri06_Biochar,DE8,0.0
2036,Agri06_Biochar,DE9,0.0
2036,Agri06_Biochar,DEA,0.0
2036,Agri06_Biochar,DEB,0.0
2036,Agri06_Biochar,DEC,0.0
2036,Agri06_Biochar,DEE,0.0
2036,Agri06_Biochar,DED,0.0
2036,Agri06_Biochar,DEF,0.0
2036,Agri06_Biochar,DEG,0.0
2037,Agri01_AGC,DE1,126812.45875908346
2037,Agri01_AGC,DE2,203073.05050799545
2037,Agri01_AGC,DE3,322.4330000000001
2037,Agri01_AGC,DE4,122193.45963249105
2037,Agri01_AGC,DE5,1036.6540000000002
2037,Agri01_AGC,DE6,1702.7469999999998
2037,Agri01_AGC,DE7,45481.0630254813
2037,Agri01_AGC,DE8,122968.00170332992
2037,Agri01_AGC,DE9,177830.3633346894
2037,Agri01_AGC,DEA,129016.93420197915
2037,Agri01_AGC,DEB,75360.94348341349
2037,Agri01_AGC,DEC,8754.346000000001
2037,Agri01_AGC,DEE,95142.00618746987
2037,Agri01_AGC,DED,81369.89656473973
2037,Agri01_AGC,DEF,44442.163728047846
2037,Agri01_AGC,DEG,35533.988855278294
2037,Agri02_OFC,DE1,0.0
2037,Agri02_OFC,DE2,0.0
2037,Agri02_OFC,DE3,0.0
2037,Agri02_OFC,DE4,0.0
2037,Agri02_OFC,DE5,0.0
2037,Agri02_OFC,DE6,0.0
2037,Agri02_OFC,DE7,0.0
2037,Agri02_OFC,DE8,0.0
2037,Agri02_OFC,DE9,0.0
2037,Agri02_OFC,DEA,0.0
2037,Agri02_OFC,DEB,0.0
2037,Agri02_OFC,DEC,0.0
2037,Agri02_OFC,DEE,0.0
2037,Agri02_OFC,DED,0.0
2037,Agri02_OFC,DEF,0.0
2037,Agri02_OFC,DEG,0.0
2037,Agri03_No-till,DE1,0.0
2037,Agri03_No-till,DE2,0.0
2037,Agri03_No-till,DE3,0.0
2037,Agri03_No-till,DE4,0.0
2037,Agri03_No-till,DE5,0.0
2037,Agri03_No-till,DE6,0.0
2037,Agri03_No-till,DE7,0.0
2037,Agri03_No-till,DE8,0.0
2037,Agri03_No-till,DE9,0.0
2037,Agri03_No-till,DEA,0.0
2037,Agri03_No-till,DEB,0.0
2037,Agri03_No-till,DEC,0.0
2037,Agri03_No-till,DEE,0.0
2037,Agri03_No-till,DED,0.0
2037,Agri03_No-till,DEF,0.0
2037,Agri03_No-till,DEG,0.0
2037,Agri04_toGrassland,DE1,513.5508296151439
2037,Agri04_toGrassland,DE2,884.9105810864655
2037,Agri04_toGrassland,DE3,199.58336829564968
2037,Agri04_toGrassland,DE4,483.90023671259496
2037,Agri04_toGrassland,DE5,93.6552551613504
2037,Agri04_toGrassland,DE6,11.936937422336543
2037,Agri04_toGrassland,DE7,206.18080039787577
2037,Agri04_toGrassland,DE8,495.9904637862519
2037,Agri04_toGrassland,DE9,763.1490644909479
2037,Agri04_toGrassland,DEA,525.4464385938068
2037,Agri04_toGrassland,DEB,299.87961092641444
2037,Agri04_toGrassland,DEC,152.02661317535038
2037,Agri04_toGrassland,DEE,390.38533031004147
2037,Agri04_toGrassland,DED,324.30853691438915
2037,Agri04_toGrassland,DEF,216.37973544449812
2037,Agri04_toGrassland,DEG,173.00034995917676
2037,Agri05_Agroforestry,DE1,34593.051264571
2037,Agri05_Agroforestry,DE2,41884.98482586513
2037,Agri05_Agroforestry,DE3,94.54500000000002
2037,Agri05_Agroforestry,DE4,34235.052
2037,Agri05_Agroforestry,DE5,776.162
2037,Agri05_Agroforestry,DE6,628.319
2037,Agri05_Agroforestry,DE7,7653.676832557229
2037,Agri05_Agroforestry,DE8,32606.293
2037,Agri05_Agroforestry,DE9,39220.51727856713
2037,Agri05_Agroforestry,DEA,34553.043895897754
2037,Agri05_Agroforestry,DEB,22681.944876317775
2037,Agri05_Agroforestry,DEC,3458.3510000000006
2037,Agri05_Agroforestry,DEE,17156.976000000002
2037,Agri05_Agroforestry,DED,19114.16
2037,Agri05_Agroforestry,DEF,4257.38787405805
2037,Agri05_Agroforestry,DEG,3405.600367104275
2037,Agri06_Biochar,DE1,0.0
2037,Agri06_Biochar,DE2,0.0
2037,Agri06_Biochar,DE3,0.0
2037,Agri06_Biochar,DE4,0.0
2037,Agri06_Biochar,DE5,0.0
2037,Agri06_Biochar,DE6,0.0
2037,Agri06_Biochar,DE7,0.0
2037,Agri06_Biochar,DE8,0.0
2037,Agri06_Biochar,DE9,0.0
2037,Agri06_Biochar,DEA,0.0
2037,Agri06_Biochar,DEB,0.0
2037,Agri06_Biochar,DEC,0.0
2037,Agri06_Biochar,DEE,0.0
2037,Agri06_Biochar,DED,0.0
2037,Agri06_Biochar,DEF,0.0
2037,Agri06_Biochar,DEG,0.0
2038,Agri01_AGC,DE1,137690.03629550428
2038,Agri01_AGC,DE2,217404.94056265967
2038,Agri01_AGC,DE3,322.4330000000001
2038,Agri01_AGC,DE4,133215.20460623325
2038,Agri01_AGC,DE5,1036.6540000000002
2038,Agri01_AGC,DE6,1702.7469999999998
2038,Agri01_AGC,DE7,48296.285900809045
2038,Agri01_AGC,DE8,133614.13697431318
2038,Agri01_AGC,DE9,190961.55331371335
2038,Agri01_AGC,DEA,139937.06293108937
2038,Agri01_AGC,DEB,82330.50400000003
2038,Agri01_AGC,DEC,8754.346000000001
2038,Agri01_AGC,DEE,103051.69537621978
2038,Agri01_AGC,DED,88606.9792279397
2038,Agri01_AGC,DEF,46457.025904906826
2038,Agri01_AGC,DEG,37145.34485323134
2038,Agri02_OFC,DE1,0.0
2038,Agri02_OFC,DE2,0.0
2038,Agri02_OFC,DE3,0.0
2038,Agri02_OFC,DE4,0.0
2038,Agri02_OFC,DE5,0.0
2038,Agri02_OFC,DE6,0.0
2038,Agri02_OFC,DE7,0.0
2038,Agri02_OFC,DE8,0.0
2038,Agri02_OFC,DE9,0.0
2038,Agri02_OFC,DEA,0.0
2038,Agri02_OFC,DEB,0.0
2038,Agri02_OFC,DEC,0.0
2038,Agri02_OFC,DEE,0.0
2038,Agri02_OFC,DED,0.0
2038,Agri02_OFC,DEF,0.0
2038,Agri02_OFC,DEG,0.0
2038,Agri03_No-till,DE1,0.0
2038,Agri03_No-till,DE2,0.0
2038,Agri03_No-till,DE3,0.0
2038,Agri03_No-till,DE4,0.0
2038,Agri03_No-till,DE5,0.0
2038,Agri03_No-till,DE6,0.0
2038,Agri03_No-till,DE7,0.0
2038,Agri03_No-till,DE8,0.0
2038,Agri03_No-till,DE9,0.0
2038,Agri03_No-till,DEA,0.0
2038,Agri03_No-till,DEB,0.0
2038,Agri03_No-till,DEC,0.0
2038,Agri03_No-till,DEE,0.0
2038,Agri03_No-till,DED,0.0
2038,Agri03_No-till,DEF,0.0
2038,Agri03_No-till,DEG,0.0
2038,Agri04_toGrassland,DE1,513.5508296151439
2038,Agri04_toGrassland,DE2,884.9105810864655
2038,Agri04_toGrassland,DE3,199.58336829564968
2038,Agri04_toGrassland,DE4,483.90023671259496
2038,Agri04_toGrassland,DE5,93.6552551613504
2038,Agri04_toGrassland,DE6,11.936937422336543
2038,Agri04_toGrassland,DE7,206.18080039787577
2038,Agri04_toGrassland,DE8,495.9904637862519
2038,Agri04_toGrassland,DE9,763.1490644909479
2038,Agri04_toGrassland,DEA,525.4464385938068
2038,Agri04_toGrassland,DEB,299.87961092641444
2038,Agri04_toGrassland,DEC,152.02661317535038
2038,Agri04_toGrassland,DEE,390.38533031004147
2038,Agri04_toGrassland,DED,324.30853691438915
2038,Agri04_toGrassland,DEF,216.37973544449812
2038,Agri04_toGrassland,DEG,173.00034995917676
2038,Agri05_Agroforestry,DE1,38359.71478875863
2038,Agri05_Agroforestry,DE2,45905.1112813277
2038,Agri05_Agroforestry,DE3,94.54500000000002
2038,Agri05_Agroforestry,DE4,34235.052
2038,Agri05_Agroforestry,DE5,776.162
2038,Agri05_Agroforestry,DE6,628.319
2038,Agri05_Agroforestry,DE7,8296.898754489843
2038,Agri05_Agroforestry,DE8,32606.293
2038,Agri05_Agroforestry,DE9,43119.40489217299
2038,Agri05_Agroforestry,DEA,38289.69312989211
2038,Agri05_Agroforestry,DEB,24825.059
2038,Agri05_Agroforestry,DEC,3458.3510000000006
2038,Agri05_Agroforestry,DEE,17156.976000000002
2038,Agri05_Agroforestry,DED,19114.16
2038,Agri05_Agroforestry,DEF,4406.27231521217
2038,Agri05_Agroforestry,DEG,3524.8772211182895
2038,Agri06_Biochar,DE1,0.0
2038,Agri06_Biochar,DE2,0.0
2038,Agri06_Biochar,DE3,0.0
2038,Agri06_Biochar,DE4,0.0
2038,Agri06_Biochar,DE5,0.0
2038,Agri06_Biochar,DE6,0.0
2038,Agri06_Biochar,DE7,0.0
2038,Agri06_Biochar,DE8,0.0
2038,Agri06_Biochar,DE9,0.0
2038,Agri06_Biochar,DEA,0.0
2038,Agri06_Biochar,DEB,0.0
2038,Agri06_Biochar,DEC,0.0
2038,Agri06_Biochar,DEE,0.0
2038,Agri06_Biochar,DED,0.0
2038,Agri06_Biochar,DEF,0.0
2038,Agri06_Biochar,DEG,0.0
2039,Agri01_AGC,DE1,137690.03629550428
2039,Agri01_AGC,DE2,217404.94056265967
2039,Agri01_AGC,DE3,322.4330000000001
2039,Agri01_AGC,DE4,133215.20460623325
2039,Agri01_AGC,DE5,1036.6540000000002
2039,Agri01_AGC,DE6,1702.7469999999998
2039,Agri01_AGC,DE7,48296.285900809045
2039,Agri01_AGC,DE8,133614.13697431318
2039,Agri01_AGC,DE9,190961.55331371335
2039,Agri01_AGC,DEA,139937.06293108937
2039,Agri01_AGC,DEB,82330.50400000003
2039,Agri01_AGC,DEC,8754.346000000001
2039,Agri01_AGC,DEE,103051.69537621978
2039,Agri01_AGC,DED,88606.9792279397
2039,Agri01_AGC,DEF,46457.025904906826
2039,Agri01_AGC,DEG,37145.34485323134
2039,Agri02_OFC,DE1,0.0
2039,Agri02_OFC,DE2,0.0
2039,Agri02_OFC,DE3,0.0
2039,Agri02_OFC,DE4,0.0
2039,Agri02_OFC,DE5,0.0
2039,Agri02_OFC,DE6,0.0
2039,Agri02_OFC,DE7,0.0
2039,Agri02_OFC,DE8,0.0
2039,Agri02_OFC,DE9,0.0
2039,Agri02_OFC,DEA,0.0
2039,Agri02_OFC,DEB,0.0
2039,Agri02_OFC,DEC,0.0
2039,Agri02_OFC,DEE,0.0
2039,Agri02_OFC,DED,0.0
2039,Agri02_OFC,DEF,0.0
2039,Agri02_OFC,DEG,0.0
2039,Agri03_No-till,DE1,0.0
2039,Agri03_No-till,DE2,0.0
2039,Agri03_No-till,DE3,0.0
2039,Agri03_No-till,DE4,0.0
2039,Agri03_No-till,DE5,0.0
2039,Agri03_No-till,DE6,0.0
2039,Agri03_No-till,DE7,0.0
2039,Agri03_No-till,DE8,0.0
2039,Agri03_No-till,DE9,0.0
2039,Agri03_No-till,DEA,0.0
2039,Agri03_No-till,DEB,0.0
2039,Agri03_No-till,DEC,0.0
2039,Agri03_No-till,DEE,0.0
2039,Agri03_No-till,DED,0.0
2039,Agri03_No-till,DEF,0.0
2039,Agri03_No-till,DEG,0.0
2039,Agri04_toGrassland,DE1,513.5508296151439
2039,Agri04_toGrassland,DE2,884.9105810864655
2039,Agri04_toGrassland,DE3,199.58336829564968
2039,Agri04_toGrassland,DE4,483.90023671259496
2039,Agri04_toGrassland,DE5,93.6552551613504
2039,Agri04_toGrassland,DE6,11.936937422336543
2039,Agri04_toGrassland,DE7,206.18080039787577
2039,Agri04_toGrassland,DE8,495.9904637862519
2039,Agri04_toGrassland,DE9,763.1490644909479
2039,Agri04_toGrassland,DEA,525.4464385938068
2039,Agri04_toGrassland,DEB,299.87961092641444
2039,Agri04_toGrassland,DEC,152.02661317535038
2039,Agri04_toGrassland,DEE,390.38533031004147
2039,Agri04_toGrassland,DED,324.30853691438915
2039,Agri04_toGrassland,DEF,216.37973544449812
2039,Agri04_toGrassland,DEG,173.00034995917676
2039,Agri05_Agroforestry,DE1,38359.71478875863
2039,Agri05_Agroforestry,DE2,45905.1112813277
2039,Agri05_Agroforestry,DE3,94.54500000000002
2039,Agri05_Agroforestry,DE4,34235.052
2039,Agri05_Agroforestry,DE5,776.162
2039,Agri05_Agroforestry,DE6,628.319
2039,Agri05_Agroforestry,DE7,8296.898754489843
2039,Agri05_Agroforestry,DE8,32606.293
2039,Agri05_Agroforestry,DE9,43119.40489217299
2039,Agri05_Agroforestry,DEA,38289.69312989211
2039,Agri05_Agroforestry,DEB,24825.059
2039,Agri05_Agroforestry,DEC,3458.3510000000006
2039,Agri05_Agroforestry,DEE,17156.976000000002
2039,Agri05_Agroforestry,DED,19114.16
2039,Agri05_Agroforestry,DEF,4406.27231521217
2039,Agri05_Agroforestry,DEG,3524.8772211182895
2039,Agri06_Biochar,DE1,0.0
2039,Agri06_Biochar,DE2,0.0
2039,Agri06_Biochar,DE3,0.0
2039,Agri06_Biochar,DE4,0.0
2039,Agri06_Biochar,DE5,0.0
2039,Agri06_Biochar,DE6,0.0
2039,Agri06_Biochar,DE7,0.0
2039,Agri06_Biochar,DE8,0.0
2039,Agri06_Biochar,DE9,0.0
2039,Agri06_Biochar,DEA,0.0
2039,Agri06_Biochar,DEB,0.0
2039,Agri06_Biochar,DEC,0.0
2039,Agri06_Biochar,DEE,0.0
2039,Agri06_Biochar,DED,0.0
2039,Agri06_Biochar,DEF,0.0
2039,Agri06_Biochar,DEG,0.0
2040,Agri01_AGC,DE1,137690.03629550428
2040,Agri01_AGC,DE2,217404.94056265967
2040,Agri01_AGC,DE3,322.4330000000001
2040,Agri01_AGC,DE4,133215.20460623325
2040,Agri01_AGC,DE5,1036.6540000000002
2040,Agri01_AGC,DE6,1702.7469999999998
2040,Agri01_AGC,DE7,48296.285900809045
2040,Agri01_AGC,DE8,133614.13697431318
2040,Agri01_AGC,DE9,190961.55331371335
2040,Agri01_AGC,DEA,139937.06293108937
2040,Agri01_AGC,DEB,82330.50400000003
2040,Agri01_AGC,DEC,8754.346000000001
2040,Agri01_AGC,DEE,103051.69537621978
2040,Agri01_AGC,DED,88606.9792279397
2040,Agri01_AGC,DEF,46457.025904906826
2040,Agri01_AGC,DEG,37145.34485323134
2040,Agri02_OFC,DE1,0.0
2040,Agri02_OFC,DE2,0.0
2040,Agri02_OFC,DE3,0.0
2040,Agri02_OFC,DE4,0.0
2040,Agri02_OFC,DE5,0.0
2040,Agri02_OFC,DE6,0.0
2040,Agri02_OFC,DE7,0.0
2040,Agri02_OFC,DE8,0.0
2040,Agri02_OFC,DE9,0.0
2040,Agri02_OFC,DEA,0.0
2040,Agri02_OFC,DEB,0.0
2040,Agri02_OFC,DEC,0.0
2040,Agri02_OFC,DEE,0.0
2040,Agri02_OFC,DED,0.0
2040,Agri02_OFC,DEF,0.0
2040,Agri02_OFC,DEG,0.0
2040,Agri03_No-till,DE1,0.0
2040,Agri03_No-till,DE2,0.0
2040,Agri03_No-till,DE3,0.0
2040,Agri03_No-till,DE4,0.0
2040,Agri03_No-till,DE5,0.0
2040,Agri03_No-till,DE6,0.0
2040,Agri03_No-till,DE7,0.0
2040,Agri03_No-till,DE8,0.0
2040,Agri03_No-till,DE9,0.0
2040,Agri03_No-till,DEA,0.0
2040,Agri03_No-till,DEB,0.0
2040,Agri03_No-till,DEC,0.0
2040,Agri03_No-till,DEE,0.0
2040,Agri03_No-till,DED,0.0
2040,Agri03_No-till,DEF,0.0
2040,Agri03_No-till,DEG,0.0
2040,Agri04_toGrassland,DE1,513.5508296151439
2040,Agri04_toGrassland,DE2,884.9105810864655
2040,Agri04_toGrassland,DE3,199.58336829564968
2040,Agri04_toGrassland,DE4,483.90023671259496
2040,Agri04_toGrassland,DE5,93.6552551613504
2040,Agri04_toGrassland,DE6,11.936937422336543
2040,Agri04_toGrassland,DE7,206.18080039787577
2040,Agri04_toGrassland,DE8,495.9904637862519
2040,Agri04_toGrassland,DE9,763.1490644909479
2040,Agri04_toGrassland,DEA,525.4464385938068
2040,Agri04_toGrassland,DEB,299.87961092641444
2040,Agri04_toGrassland,DEC,152.02661317535038
2040,Agri04_toGrassland,DEE,390.38533031004147
2040,Agri04_toGrassland,DED,324.30853691438915
2040,Agri04_toGrassland,DEF,216.37973544449812
2040,Agri04_toGrassland,DEG,173.00034995917676
2040,Agri05_Agroforestry,DE1,38359.71478875863
2040,Agri05_Agroforestry,DE2,45905.1112813277
2040,Agri05_Agroforestry,DE3,94.54500000000002
2040,Agri05_Agroforestry,DE4,34235.052
2040,Agri05_Agroforestry,DE5,776.162
2040,Agri05_Agroforestry,DE6,628.319
2040,Agri05_Agroforestry,DE7,8296.898754489843
2040,Agri05_Agroforestry,DE8,32606.293
2040,Agri05_Agroforestry,DE9,43119.40489217299
2040,Agri05_Agroforestry,DEA,38289.69312989211
2040,Agri05_Agroforestry,DEB,24825.059
2040,Agri05_Agroforestry,DEC,3458.3510000000006
2040,Agri05_Agroforestry,DEE,17156.976000000002
2040,Agri05_Agroforestry,DED,19114.16
2040,Agri05_Agroforestry,DEF,4406.27231521217
2040,Agri05_Agroforestry,DEG,3524.8772211182895
2040,Agri06_Biochar,DE1,0.0
2040,Agri06_Biochar,DE2,0.0
2040,Agri06_Biochar,DE3,0.0
2040,Agri06_Biochar,DE4,0.0
2040,Agri06_Biochar,DE5,0.0
2040,Agri06_Biochar,DE6,0.0
2040,Agri06_Biochar,DE7,0.0
2040,Agri06_Biochar,DE8,0.0
2040,Agri06_Biochar,DE9,0.0
2040,Agri06_Biochar,DEA,0.0
2040,Agri06_Biochar,DEB,0.0
2040,Agri06_Biochar,DEC,0.0
2040,Agri06_Biochar,DEE,0.0
2040,Agri06_Biochar,DED,0.0
2040,Agri06_Biochar,DEF,0.0
2040,Agri06_Biochar,DEG,0.0
2041,Agri01_AGC,DE1,137690.03629550428
2041,Agri01_AGC,DE2,217404.94056265967
2041,Agri01_AGC,DE3,322.4330000000001
2041,Agri01_AGC,DE4,133215.20460623325
2041,Agri01_AGC,DE5,1036.6540000000002
2041,Agri01_AGC,DE6,1702.7469999999998
2041,Agri01_AGC,DE7,48296.285900809045
2041,Agri01_AGC,DE8,133614.13697431318
2041,Agri01_AGC,DE9,190961.55331371335
2041,Agri01_AGC,DEA,139937.06293108937
2041,Agri01_AGC,DEB,82330.50400000003
2041,Agri01_AGC,DEC,8754.346000000001
2041,Agri01_AGC,DEE,103051.69537621978
2041,Agri01_AGC,DED,88606.9792279397
2041,Agri01_AGC,DEF,46457.025904906826
2041,Agri01_AGC,DEG,37145.34485323134
2041,Agri02_OFC,DE1,0.0
2041,Agri02_OFC,DE2,0.0
2041,Agri02_OFC,DE3,0.0
2041,Agri02_OFC,DE4,0.0
2041,Agri02_OFC,DE5,0.0
2041,Agri02_OFC,DE6,0.0
2041,Agri02_OFC,DE7,0.0
2041,Agri02_OFC,DE8,0.0
2041,Agri02_OFC,DE9,0.0
2041,Agri02_OFC,DEA,0.0
2041,Agri02_OFC,DEB,0.0
2041,Agri02_OFC,DEC,0.0
2041,Agri02_OFC,DEE,0.0
2041,Agri02_OFC,DED,0.0
2041,Agri02_OFC,DEF,0.0
2041,Agri02_OFC,DEG,0.0
2041,Agri03_No-till,DE1,0.0
2041,Agri03_No-till,DE2,0.0
2041,Agri03_No-till,DE3,0.0
2041,Agri03_No-till,DE4,0.0
2041,Agri03_No-till,DE5,0.0
2041,Agri03_No-till,DE6,0.0
2041,Agri03_No-till,DE7,0.0
2041,Agri03_No-till,DE8,0.0
2041,Agri03_No-till,DE9,0.0
2041,Agri03_No-till,DEA,0.0
2041,Agri03_No-till,DEB,0.0
2041,Agri03_No-till,DEC,0.0
2041,Agri03_No-till,DEE,0.0
2041,Agri03_No-till,DED,0.0
2041,Agri03_No-till,DEF,0.0
2041,Agri03_No-till,DEG,0.0
2041,Agri04_toGrassland,DE1,513.5508296151439
2041,Agri04_toGrassland,DE2,884.9105810864655
2041,Agri04_toGrassland,DE3,199.58336829564968
2041,Agri04_toGrassland,DE4,483.90023671259496
2041,Agri04_toGrassland,DE5,93.6552551613504
2041,Agri04_toGrassland,DE6,11.936937422336543
2041,Agri04_toGrassland,DE7,206.18080039787577
2041,Agri04_toGrassland,DE8,495.9904637862519
2041,Agri04_toGrassland,DE9,763.1490644909479
2041,Agri04_toGrassland,DEA,525.4464385938068
2041,Agri04_toGrassland,DEB,299.87961092641444
2041,Agri04_toGrassland,DEC,152.02661317535038
2041,Agri04_toGrassland,DEE,390.38533031004147
2041,Agri04_toGrassland,DED,324.30853691438915
2041,Agri04_toGrassland,DEF,216.37973544449812
2041,Agri04_toGrassland,DEG,173.00034995917676
2041,Agri05_Agroforestry,DE1,38359.71478875863
2041,Agri05_Agroforestry,DE2,45905.1112813277
2041,Agri05_Agroforestry,DE3,94.54500000000002
2041,Agri05_Agroforestry,DE4,34235.052
2041,Agri05_Agroforestry,DE5,776.162
2041,Agri05_Agroforestry,DE6,628.319
2041,Agri05_Agroforestry,DE7,8296.898754489843
2041,Agri05_Agroforestry,DE8,32606.293
2041,Agri05_Agroforestry,DE9,43119.40489217299
2041,Agri05_Agroforestry,DEA,38289.69312989211
2041,Agri05_Agroforestry,DEB,24825.059
2041,Agri05_Agroforestry,DEC,3458.3510000000006
2041,Agri05_Agroforestry,DEE,17156.976000000002
2041,Agri05_Agroforestry,DED,19114.16
2041,Agri05_Agroforestry,DEF,4406.27231521217
2041,Agri05_Agroforestry,DEG,3524.8772211182895
2041,Agri06_Biochar,DE1,0.0
2041,Agri06_Biochar,DE2,0.0
2041,Agri06_Biochar,DE3,0.0
2041,Agri06_Biochar,DE4,0.0
2041,Agri06_Biochar,DE5,0.0
2041,Agri06_Biochar,DE6,0.0
2041,Agri06_Biochar,DE7,0.0
2041,Agri06_Biochar,DE8,0.0
2041,Agri06_Biochar,DE9,0.0
2041,Agri06_Biochar,DEA,0.0
2041,Agri06_Biochar,DEB,0.0
2041,Agri06_Biochar,DEC,0.0
2041,Agri06_Biochar,DEE,0.0
2041,Agri06_Biochar,DED,0.0
2041,Agri06_Biochar,DEF,0.0
2041,Agri06_Biochar,DEG,0.0
2042,Agri01_AGC,DE1,137690.03629550428
2042,Agri01_AGC,DE2,217404.94056265967
2042,Agri01_AGC,DE3,322.4330000000001
2042,Agri01_AGC,DE4,133215.20460623325
2042,Agri01_AGC,DE5,1036.6540000000002
2042,Agri01_AGC,DE6,1702.7469999999998
2042,Agri01_AGC,DE7,48296.285900809045
2042,Agri01_AGC,DE8,133614.13697431318
2042,Agri01_AGC,DE9,190961.55331371335
2042,Agri01_AGC,DEA,139937.06293108937
2042,Agri01_AGC,DEB,82330.50400000003
2042,Agri01_AGC,DEC,8754.346000000001
2042,Agri01_AGC,DEE,103051.69537621978
2042,Agri01_AGC,DED,88606.9792279397
2042,Agri01_AGC,DEF,46457.025904906826
2042,Agri01_AGC,DEG,37145.34485323134
2042,Agri02_OFC,DE1,0.0
2042,Agri02_OFC,DE2,0.0
2042,Agri02_OFC,DE3,0.0
2042,Agri02_OFC,DE4,0.0
2042,Agri02_OFC,DE5,0.0
2042,Agri02_OFC,DE6,0.0
2042,Agri02_OFC,DE7,0.0
2042,Agri02_OFC,DE8,0.0
2042,Agri02_OFC,DE9,0.0
2042,Agri02_OFC,DEA,0.0
2042,Agri02_OFC,DEB,0.0
2042,Agri02_OFC,DEC,0.0
2042,Agri02_OFC,DEE,0.0
2042,Agri02_OFC,DED,0.0
2042,Agri02_OFC,DEF,0.0
2042,Agri02_OFC,DEG,0.0
2042,Agri03_No-till,DE1,0.0
2042,Agri03_No-till,DE2,0.0
2042,Agri03_No-till,DE3,0.0
2042,Agri03_No-till,DE4,0.0
2042,Agri03_No-till,DE5,0.0
2042,Agri03_No-till,DE6,0.0
2042,Agri03_No-till,DE7,0.0
2042,Agri03_No-till,DE8,0.0
2042,Agri03_No-till,DE9,0.0
2042,Agri03_No-till,DEA,0.0
2042,Agri03_No-till,DEB,0.0
2042,Agri03_No-till,DEC,0.0
2042,Agri03_No-till,DEE,0.0
2042,Agri03_No-till,DED,0.0
2042,Agri03_No-till,DEF,0.0
2042,Agri03_No-till,DEG,0.0
2042,Agri04_toGrassland,DE1,513.5508296151439
2042,Agri04_toGrassland,DE2,884.9105810864655
2042,Agri04_toGrassland,DE3,199.58336829564968
2042,Agri04_toGrassland,DE4,483.90023671259496
2042,Agri04_toGrassland,DE5,93.6552551613504
2042,Agri04_toGrassland,DE6,11.936937422336543
2042,Agri04_toGrassland,DE7,206.18080039787577
2042,Agri04_toGrassland,DE8,495.9904637862519
2042,Agri04_toGrassland,DE9,763.1490644909479
2042,Agri04_toGrassland,DEA,525.4464385938068
2042,Agri04_toGrassland,DEB,299.87961092641444
2042,Agri04_toGrassland,DEC,152.02661317535038
2042,Agri04_toGrassland,DEE,390.38533031004147
2042,Agri04_toGrassland,DED,324.30853691438915
2042,Agri04_toGrassland,DEF,216.37973544449812
2042,Agri04_toGrassland,DEG,173.00034995917676
2042,Agri05_Agroforestry,DE1,38359.71478875863
2042,Agri05_Agroforestry,DE2,45905.1112813277
2042,Agri05_Agroforestry,DE3,94.54500000000002
2042,Agri05_Agroforestry,DE4,34235.052
2042,Agri05_Agroforestry,DE5,776.162
2042,Agri05_Agroforestry,DE6,628.319
2042,Agri05_Agroforestry,DE7,8296.898754489843
2042,Agri05_Agroforestry,DE8,32606.293
2042,Agri05_Agroforestry,DE9,43119.40489217299
2042,Agri05_Agroforestry,DEA,38289.69312989211
2042,Agri05_Agroforestry,DEB,24825.059
2042,Agri05_Agroforestry,DEC,3458.3510000000006
2042,Agri05_Agroforestry,DEE,17156.976000000002
2042,Agri05_Agroforestry,DED,19114.16
2042,Agri05_Agroforestry,DEF,4406.27231521217
2042,Agri05_Agroforestry,DEG,3524.8772211182895
2042,Agri06_Biochar,DE1,0.0
2042,Agri06_Biochar,DE2,0.0
2042,Agri06_Biochar,DE3,0.0
2042,Agri06_Biochar,DE4,0.0
2042,Agri06_Biochar,DE5,0.0
2042,Agri06_Biochar,DE6,0.0
2042,Agri06_Biochar,DE7,0.0
2042,Agri06_Biochar,DE8,0.0
2042,Agri06_Biochar,DE9,0.0
2042,Agri06_Biochar,DEA,0.0
2042,Agri06_Biochar,DEB,0.0
2042,Agri06_Biochar,DEC,0.0
2042,Agri06_Biochar,DEE,0.0
2042,Agri06_Biochar,DED,0.0
2042,Agri06_Biochar,DEF,0.0
2042,Agri06_Biochar,DEG,0.0
2043,Agri01_AGC,DE1,137690.03629550428
2043,Agri01_AGC,DE2,217404.94056265967
2043,Agri01_AGC,DE3,322.4330000000001
2043,Agri01_AGC,DE4,133215.20460623325
2043,Agri01_AGC,DE5,1036.6540000000002
2043,Agri01_AGC,DE6,1702.7469999999998
2043,Agri01_AGC,DE7,48296.285900809045
2043,Agri01_AGC,DE8,133614.13697431318
2043,Agri01_AGC,DE9,190961.55331371335
2043,Agri01_AGC,DEA,139937.06293108937
2043,Agri01_AGC,DEB,82330.50400000003
2043,Agri01_AGC,DEC,8754.346000000001
2043,Agri01_AGC,DEE,103051.69537621978
2043,Agri01_AGC,DED,88606.9792279397
2043,Agri01_AGC,DEF,46457.025904906826
2043,Agri01_AGC,DEG,37145.34485323134
2043,Agri02_OFC,DE1,0.0
2043,Agri02_OFC,DE2,0.0
2043,Agri02_OFC,DE3,0.0
2043,Agri02_OFC,DE4,0.0
2043,Agri02_OFC,DE5,0.0
2043,Agri02_OFC,DE6,0.0
2043,Agri02_OFC,DE7,0.0
2043,Agri02_OFC,DE8,0.0
2043,Agri02_OFC,DE9,0.0
2043,Agri02_OFC,DEA,0.0
2043,Agri02_OFC,DEB,0.0
2043,Agri02_OFC,DEC,0.0
2043,Agri02_OFC,DEE,0.0
2043,Agri02_OFC,DED,0.0
2043,Agri02_OFC,DEF,0.0
2043,Agri02_OFC,DEG,0.0
2043,Agri03_No-till,DE1,0.0
2043,Agri03_No-till,DE2,0.0
2043,Agri03_No-till,DE3,0.0
2043,Agri03_No-till,DE4,0.0
2043,Agri03_No-till,DE5,0.0
2043,Agri03_No-till,DE6,0.0
2043,Agri03_No-till,DE7,0.0
2043,Agri03_No-till,DE8,0.0
2043,Agri03_No-till,DE9,0.0
2043,Agri03_No-till,DEA,0.0
2043,Agri03_No-till,DEB,0.0
2043,Agri03_No-till,DEC,0.0
2043,Agri03_No-till,DEE,0.0
2043,Agri03_No-till,DED,0.0
2043,Agri03_No-till,DEF,0.0
2043,Agri03_No-till,DEG,0.0
2043,Agri04_toGrassland,DE1,513.5508296151439
2043,Agri04_toGrassland,DE2,884.9105810864655
2043,Agri04_toGrassland,DE3,199.58336829564968
2043,Agri04_toGrassland,DE4,483.90023671259496
2043,Agri04_toGrassland,DE5,93.6552551613504
2043,Agri04_toGrassland,DE6,11.936937422336543
2043,Agri04_toGrassland,DE7,206.18080039787577
2043,Agri04_toGrassland,DE8,495.9904637862519
2043,Agri04_toGrassland,DE9,763.1490644909479
2043,Agri04_toGrassland,DEA,525.4464385938068
2043,Agri04_toGrassland,DEB,299.87961092641444
2043,Agri04_toGrassland,DEC,152.02661317535038
2043,Agri04_toGrassland,DEE,390.38533031004147
2043,Agri04_toGrassland,DED,324.30853691438915
2043,Agri04_toGrassland,DEF,216.37973544449812
2043,Agri04_toGrassland,DEG,173.00034995917676
2043,Agri05_Agroforestry,DE1,38359.71478875863
2043,Agri05_Agroforestry,DE2,45905.1112813277
2043,Agri05_Agroforestry,DE3,94.54500000000002
2043,Agri05_Agroforestry,DE4,34235.052
2043,Agri05_Agroforestry,DE5,776.162
2043,Agri05_Agroforestry,DE6,628.319
2043,Agri05_Agroforestry,DE7,8296.898754489843
2043,Agri05_Agroforestry,DE8,32606.293
2043,Agri05_Agroforestry,DE9,43119.40489217299
2043,Agri05_Agroforestry,DEA,38289.69312989211
2043,Agri05_Agroforestry,DEB,24825.059
2043,Agri05_Agroforestry,DEC,3458.3510000000006
2043,Agri05_Agroforestry,DEE,17156.976000000002
2043,Agri05_Agroforestry,DED,19114.16
2043,Agri05_Agroforestry,DEF,4406.27231521217
2043,Agri05_Agroforestry,DEG,3524.8772211182895
2043,Agri06_Biochar,DE1,0.0
2043,Agri06_Biochar,DE2,0.0
2043,Agri06_Biochar,DE3,0.0
2043,Agri06_Biochar,DE4,0.0
2043,Agri06_Biochar,DE5,0.0
2043,Agri06_Biochar,DE6,0.0
2043,Agri06_Biochar,DE7,0.0
2043,Agri06_Biochar,DE8,0.0
2043,Agri06_Biochar,DE9,0.0
2043,Agri06_Biochar,DEA,0.0
2043,Agri06_Biochar,DEB,0.0
2043,Agri06_Biochar,DEC,0.0
2043,Agri06_Biochar,DEE,0.0
2043,Agri06_Biochar,DED,0.0
2043,Agri06_Biochar,DEF,0.0
2043,Agri06_Biochar,DEG,0.0
2044,Agri01_AGC,DE1,137690.03629550428
2044,Agri01_AGC,DE2,217404.94056265967
2044,Agri01_AGC,DE3,322.4330000000001
2044,Agri01_AGC,DE4,133215.20460623325
2044,Agri01_AGC,DE5,1036.6540000000002
2044,Agri01_AGC,DE6,1702.7469999999998
2044,Agri01_AGC,DE7,48296.285900809045
2044,Agri01_AGC,DE8,133614.13697431318
2044,Agri01_AGC,DE9,190961.55331371335
2044,Agri01_AGC,DEA,139937.06293108937
2044,Agri01_AGC,DEB,82330.50400000003
2044,Agri01_AGC,DEC,8754.346000000001
2044,Agri01_AGC,DEE,103051.69537621978
2044,Agri01_AGC,DED,88606.9792279397
2044,Agri01_AGC,DEF,46457.025904906826
2044,Agri01_AGC,DEG,37145.34485323134
2044,Agri02_OFC,DE1,0.0
2044,Agri02_OFC,DE2,0.0
2044,Agri02_OFC,DE3,0.0
2044,Agri02_OFC,DE4,0.0
2044,Agri02_OFC,DE5,0.0
2044,Agri02_OFC,DE6,0.0
2044,Agri02_OFC,DE7,0.0
2044,Agri02_OFC,DE8,0.0
2044,Agri02_OFC,DE9,0.0
2044,Agri02_OFC,DEA,0.0
2044,Agri02_OFC,DEB,0.0
2044,Agri02_OFC,DEC,0.0
2044,Agri02_OFC,DEE,0.0
2044,Agri02_OFC,DED,0.0
2044,Agri02_OFC,DEF,0.0
2044,Agri02_OFC,DEG,0.0
2044,Agri03_No-till,DE1,0.0
2044,Agri03_No-till,DE2,0.0
2044,Agri03_No-till,DE3,0.0
2044,Agri03_No-till,DE4,0.0
2044,Agri03_No-till,DE5,0.0
2044,Agri03_No-till,DE6,0.0
2044,Agri03_No-till,DE7,0.0
2044,Agri03_No-till,DE8,0.0
2044,Agri03_No-till,DE9,0.0
2044,Agri03_No-till,DEA,0.0
2044,Agri03_No-till,DEB,0.0
2044,Agri03_No-till,DEC,0.0
2044,Agri03_No-till,DEE,0.0
2044,Agri03_No-till,DED,0.0
2044,Agri03_No-till,DEF,0.0
2044,Agri03_No-till,DEG,0.0
2044,Agri04_toGrassland,DE1,513.5508296151439
2044,Agri04_toGrassland,DE2,884.9105810864655
2044,Agri04_toGrassland,DE3,199.58336829564968
2044,Agri04_toGrassland,DE4,483.90023671259496
2044,Agri04_toGrassland,DE5,93.6552551613504
2044,Agri04_toGrassland,DE6,11.936937422336543
2044,Agri04_toGrassland,DE7,206.18080039787577
2044,Agri04_toGrassland,DE8,495.9904637862519
2044,Agri04_toGrassland,DE9,763.1490644909479
2044,Agri04_toGrassland,DEA,525.4464385938068
2044,Agri04_toGrassland,DEB,299.87961092641444
2044,Agri04_toGrassland,DEC,152.02661317535038
2044,Agri04_toGrassland,DEE,390.38533031004147
2044,Agri04_toGrassland,DED,324.30853691438915
2044,Agri04_toGrassland,DEF,216.37973544449812
2044,Agri04_toGrassland,DEG,173.00034995917676
2044,Agri05_Agroforestry,DE1,38359.71478875863
2044,Agri05_Agroforestry,DE2,45905.1112813277
2044,Agri05_Agroforestry,DE3,94.54500000000002
2044,Agri05_Agroforestry,DE4,34235.052
2044,Agri05_Agroforestry,DE5,776.162
2044,Agri05_Agroforestry,DE6,628.319
2044,Agri05_Agroforestry,DE7,8296.898754489843
2044,Agri05_Agroforestry,DE8,32606.293
2044,Agri05_Agroforestry,DE9,43119.40489217299
2044,Agri05_Agroforestry,DEA,38289.69312989211
2044,Agri05_Agroforestry,DEB,24825.059
2044,Agri05_Agroforestry,DEC,3458.3510000000006
2044,Agri05_Agroforestry,DEE,17156.976000000002
2044,Agri05_Agroforestry,DED,19114.16
2044,Agri05_Agroforestry,DEF,4406.27231521217
2044,Agri05_Agroforestry,DEG,3524.8772211182895
2044,Agri06_Biochar,DE1,0.0
2044,Agri06_Biochar,DE2,0.0
2044,Agri06_Biochar,DE3,0.0
2044,Agri06_Biochar,DE4,0.0
2044,Agri06_Biochar,DE5,0.0
2044,Agri06_Biochar,DE6,0.0
2044,Agri06_Biochar,DE7,0.0
2044,Agri06_Biochar,DE8,0.0
2044,Agri06_Biochar,DE9,0.0
2044,Agri06_Biochar,DEA,0.0
2044,Agri06_Biochar,DEB,0.0
2044,Agri06_Biochar,DEC,0.0
2044,Agri06_Biochar,DEE,0.0
2044,Agri06_Biochar,DED,0.0
2044,Agri06_Biochar,DEF,0.0
2044,Agri06_Biochar,DEG,0.0
2045,Agri01_AGC,DE1,137690.03629550428
2045,Agri01_AGC,DE2,217404.94056265967
2045,Agri01_AGC,DE3,322.4330000000001
2045,Agri01_AGC,DE4,133215.20460623325
2045,Agri01_AGC,DE5,1036.6540000000002
2045,Agri01_AGC,DE6,1702.7469999999998
2045,Agri01_AGC,DE7,48296.285900809045
2045,Agri01_AGC,DE8,133614.13697431318
2045,Agri01_AGC,DE9,190961.55331371335
2045,Agri01_AGC,DEA,139937.06293108937
2045,Agri01_AGC,DEB,82330.50400000003
2045,Agri01_AGC,DEC,8754.346000000001
2045,Agri01_AGC,DEE,103051.69537621978
2045,Agri01_AGC,DED,88606.9792279397
2045,Agri01_AGC,DEF,46457.025904906826
2045,Agri01_AGC,DEG,37145.34485323134
2045,Agri02_OFC,DE1,0.0
2045,Agri02_OFC,DE2,0.0
2045,Agri02_OFC,DE3,0.0
2045,Agri02_OFC,DE4,0.0
2045,Agri02_OFC,DE5,0.0
2045,Agri02_OFC,DE6,0.0
2045,Agri02_OFC,DE7,0.0
2045,Agri02_OFC,DE8,0.0
2045,Agri02_OFC,DE9,0.0
2045,Agri02_OFC,DEA,0.0
2045,Agri02_OFC,DEB,0.0
2045,Agri02_OFC,DEC,0.0
2045,Agri02_OFC,DEE,0.0
2045,Agri02_OFC,DED,0.0
2045,Agri02_OFC,DEF,0.0
2045,Agri02_OFC,DEG,0.0
2045,Agri03_No-till,DE1,0.0
2045,Agri03_No-till,DE2,0.0
2045,Agri03_No-till,DE3,0.0
2045,Agri03_No-till,DE4,0.0
2045,Agri03_No-till,DE5,0.0
2045,Agri03_No-till,DE6,0.0
2045,Agri03_No-till,DE7,0.0
2045,Agri03_No-till,DE8,0.0
2045,Agri03_No-till,DE9,0.0
2045,Agri03_No-till,DEA,0.0
2045,Agri03_No-till,DEB,0.0
2045,Agri03_No-till,DEC,0.0
2045,Agri03_No-till,DEE,0.0
2045,Agri03_No-till,DED,0.0
2045,Agri03_No-till,DEF,0.0
2045,Agri03_No-till,DEG,0.0
2045,Agri04_toGrassland,DE1,513.5508296151439
2045,Agri04_toGrassland,DE2,884.9105810864655
2045,Agri04_toGrassland,DE3,199.58336829564968
2045,Agri04_toGrassland,DE4,483.90023671259496
2045,Agri04_toGrassland,DE5,93.6552551613504
2045,Agri04_toGrassland,DE6,11.936937422336543
2045,Agri04_toGrassland,DE7,206.18080039787577
2045,Agri04_toGrassland,DE8,495.9904637862519
2045,Agri04_toGrassland,DE9,763.1490644909479
2045,Agri04_toGrassland,DEA,525.4464385938068
2045,Agri04_toGrassland,DEB,299.87961092641444
2045,Agri04_toGrassland,DEC,152.02661317535038
2045,Agri04_toGrassland,DEE,390.38533031004147
2045,Agri04_toGrassland,DED,324.30853691438915
2045,Agri04_toGrassland,DEF,216.37973544449812
2045,Agri04_toGrassland,DEG,173.00034995917676
2045,Agri05_Agroforestry,DE1,38359.71478875863
2045,Agri05_Agroforestry,DE2,45905.1112813277
2045,Agri05_Agroforestry,DE3,94.54500000000002
2045,Agri05_Agroforestry,DE4,34235.052
2045,Agri05_Agroforestry,DE5,776.162
2045,Agri05_Agroforestry,DE6,628.319
2045,Agri05_Agroforestry,DE7,8296.898754489843
2045,Agri05_Agroforestry,DE8,32606.293
2045,Agri05_Agroforestry,DE9,43119.40489217299
2045,Agri05_Agroforestry,DEA,38289.69312989211
2045,Agri05_Agroforestry,DEB,24825.059
2045,Agri05_Agroforestry,DEC,3458.3510000000006
2045,Agri05_Agroforestry,DEE,17156.976000000002
2045,Agri05_Agroforestry,DED,19114.16
2045,Agri05_Agroforestry,DEF,4406.27231521217
2045,Agri05_Agroforestry,DEG,3524.8772211182895
2045,Agri06_Biochar,DE1,0.0
2045,Agri06_Biochar,DE2,0.0
2045,Agri06_Biochar,DE3,0.0
2045,Agri06_Biochar,DE4,0.0
2045,Agri06_Biochar,DE5,0.0
2045,Agri06_Biochar,DE6,0.0
2045,Agri06_Biochar,DE7,0.0
2045,Agri06_Biochar,DE8,0.0
2045,Agri06_Biochar,DE9,0.0
2045,Agri06_Biochar,DEA,0.0
2045,Agri06_Biochar,DEB,0.0
2045,Agri06_Biochar,DEC,0.0
2045,Agri06_Biochar,DEE,0.0
2045,Agri06_Biochar,DED,0.0
2045,Agri06_Biochar,DEF,0.0
2045,Agri06_Biochar,DEG,0.0
2046,Agri01_AGC,DE1,137690.03629550428
2046,Agri01_AGC,DE2,217404.94056265967
2046,Agri01_AGC,DE3,322.4330000000001
2046,Agri01_AGC,DE4,133215.20460623325
2046,Agri01_AGC,DE5,1036.6540000000002
2046,Agri01_AGC,DE6,1702.7469999999998
2046,Agri01_AGC,DE7,48296.285900809045
2046,Agri01_AGC,DE8,133614.13697431318
2046,Agri01_AGC,DE9,190961.55331371335
2046,Agri01_AGC,DEA,139937.06293108937
2046,Agri01_AGC,DEB,82330.50400000003
2046,Agri01_AGC,DEC,8754.346000000001
2046,Agri01_AGC,DEE,103051.69537621978
2046,Agri01_AGC,DED,88606.9792279397
2046,Agri01_AGC,DEF,46457.025904906826
2046,Agri01_AGC,DEG,37145.34485323134
2046,Agri02_OFC,DE1,0.0
2046,Agri02_OFC,DE2,0.0
2046,Agri02_OFC,DE3,0.0
2046,Agri02_OFC,DE4,0.0
2046,Agri02_OFC,DE5,0.0
2046,Agri02_OFC,DE6,0.0
2046,Agri02_OFC,DE7,0.0
2046,Agri02_OFC,DE8,0.0
2046,Agri02_OFC,DE9,0.0
2046,Agri02_OFC,DEA,0.0
2046,Agri02_OFC,DEB,0.0
2046,Agri02_OFC,DEC,0.0
2046,Agri02_OFC,DEE,0.0
2046,Agri02_OFC,DED,0.0
2046,Agri02_OFC,DEF,0.0
2046,Agri02_OFC,DEG,0.0
2046,Agri03_No-till,DE1,0.0
2046,Agri03_No-till,DE2,0.0
2046,Agri03_No-till,DE3,0.0
2046,Agri03_No-till,DE4,0.0
2046,Agri03_No-till,DE5,0.0
2046,Agri03_No-till,DE6,0.0
2046,Agri03_No-till,DE7,0.0
2046,Agri03_No-till,DE8,0.0
2046,Agri03_No-till,DE9,0.0
2046,Agri03_No-till,DEA,0.0
2046,Agri03_No-till,DEB,0.0
2046,Agri03_No-till,DEC,0.0
2046,Agri03_No-till,DEE,0.0
2046,Agri03_No-till,DED,0.0
2046,Agri03_No-till,DEF,0.0
2046,Agri03_No-till,DEG,0.0
2046,Agri04_toGrassland,DE1,513.5508296151439
2046,Agri04_toGrassland,DE2,884.9105810864655
2046,Agri04_toGrassland,DE3,199.58336829564968
2046,Agri04_toGrassland,DE4,483.90023671259496
2046,Agri04_toGrassland,DE5,93.6552551613504
2046,Agri04_toGrassland,DE6,11.936937422336543
2046,Agri04_toGrassland,DE7,206.18080039787577
2046,Agri04_toGrassland,DE8,495.9904637862519
2046,Agri04_toGrassland,DE9,763.1490644909479
2046,Agri04_toGrassland,DEA,525.4464385938068
2046,Agri04_toGrassland,DEB,299.87961092641444
2046,Agri04_toGrassland,DEC,152.02661317535038
2046,Agri04_toGrassland,DEE,390.38533031004147
2046,Agri04_toGrassland,DED,324.30853691438915
2046,Agri04_toGrassland,DEF,216.37973544449812
2046,Agri04_toGrassland,DEG,173.00034995917676
2046,Agri05_Agroforestry,DE1,38359.71478875863
2046,Agri05_Agroforestry,DE2,45905.1112813277
2046,Agri05_Agroforestry,DE3,94.54500000000002
2046,Agri05_Agroforestry,DE4,34235.052
2046,Agri05_Agroforestry,DE5,776.162
2046,Agri05_Agroforestry,DE6,628.319
2046,Agri05_Agroforestry,DE7,8296.898754489843
2046,Agri05_Agroforestry,DE8,32606.293
2046,Agri05_Agroforestry,DE9,43119.40489217299
2046,Agri05_Agroforestry,DEA,38289.69312989211
2046,Agri05_Agroforestry,DEB,24825.059
2046,Agri05_Agroforestry,DEC,3458.3510000000006
2046,Agri05_Agroforestry,DEE,17156.976000000002
2046,Agri05_Agroforestry,DED,19114.16
2046,Agri05_Agroforestry,DEF,4406.27231521217
2046,Agri05_Agroforestry,DEG,3524.8772211182895
2046,Agri06_Biochar,DE1,0.0
2046,Agri06_Biochar,DE2,0.0
2046,Agri06_Biochar,DE3,0.0
2046,Agri06_Biochar,DE4,0.0
2046,Agri06_Biochar,DE5,0.0
2046,Agri06_Biochar,DE6,0.0
2046,Agri06_Biochar,DE7,0.0
2046,Agri06_Biochar,DE8,0.0
2046,Agri06_Biochar,DE9,0.0
2046,Agri06_Biochar,DEA,0.0
2046,Agri06_Biochar,DEB,0.0
2046,Agri06_Biochar,DEC,0.0
2046,Agri06_Biochar,DEE,0.0
2046,Agri06_Biochar,DED,0.0
2046,Agri06_Biochar,DEF,0.0
2046,Agri06_Biochar,DEG,0.0
2047,Agri01_AGC,DE1,137690.03629550428
2047,Agri01_AGC,DE2,217404.94056265967
2047,Agri01_AGC,DE3,322.4330000000001
2047,Agri01_AGC,DE4,133215.20460623325
2047,Agri01_AGC,DE5,1036.6540000000002
2047,Agri01_AGC,DE6,1702.7469999999998
2047,Agri01_AGC,DE7,48296.285900809045
2047,Agri01_AGC,DE8,133614.13697431318
2047,Agri01_AGC,DE9,190961.55331371335
2047,Agri01_AGC,DEA,139937.06293108937
2047,Agri01_AGC,DEB,82330.50400000003
2047,Agri01_AGC,DEC,8754.346000000001
2047,Agri01_AGC,DEE,103051.69537621978
2047,Agri01_AGC,DED,88606.9792279397
2047,Agri01_AGC,DEF,46457.025904906826
2047,Agri01_AGC,DEG,37145.34485323134
2047,Agri02_OFC,DE1,0.0
2047,Agri02_OFC,DE2,0.0
2047,Agri02_OFC,DE3,0.0
2047,Agri02_OFC,DE4,0.0
2047,Agri02_OFC,DE5,0.0
2047,Agri02_OFC,DE6,0.0
2047,Agri02_OFC,DE7,0.0
2047,Agri02_OFC,DE8,0.0
2047,Agri02_OFC,DE9,0.0
2047,Agri02_OFC,DEA,0.0
2047,Agri02_OFC,DEB,0.0
2047,Agri02_OFC,DEC,0.0
2047,Agri02_OFC,DEE,0.0
2047,Agri02_OFC,DED,0.0
2047,Agri02_OFC,DEF,0.0
2047,Agri02_OFC,DEG,0.0
2047,Agri03_No-till,DE1,0.0
2047,Agri03_No-till,DE2,0.0
2047,Agri03_No-till,DE3,0.0
2047,Agri03_No-till,DE4,0.0
2047,Agri03_No-till,DE5,0.0
2047,Agri03_No-till,DE6,0.0
2047,Agri03_No-till,DE7,0.0
2047,Agri03_No-till,DE8,0.0
2047,Agri03_No-till,DE9,0.0
2047,Agri03_No-till,DEA,0.0
2047,Agri03_No-till,DEB,0.0
2047,Agri03_No-till,DEC,0.0
2047,Agri03_No-till,DEE,0.0
2047,Agri03_No-till,DED,0.0
2047,Agri03_No-till,DEF,0.0
2047,Agri03_No-till,DEG,0.0
2047,Agri04_toGrassland,DE1,513.5508296151439
2047,Agri04_toGrassland,DE2,884.9105810864655
2047,Agri04_toGrassland,DE3,199.58336829564968
2047,Agri04_toGrassland,DE4,483.90023671259496
2047,Agri04_toGrassland,DE5,93.6552551613504
2047,Agri04_toGrassland,DE6,11.936937422336543
2047,Agri04_toGrassland,DE7,206.18080039787577
2047,Agri04_toGrassland,DE8,495.9904637862519
2047,Agri04_toGrassland,DE9,763.1490644909479
2047,Agri04_toGrassland,DEA,525.4464385938068
2047,Agri04_toGrassland,DEB,299.87961092641444
2047,Agri04_toGrassland,DEC,152.02661317535038
2047,Agri04_toGrassland,DEE,390.38533031004147
2047,Agri04_toGrassland,DED,324.30853691438915
2047,Agri04_toGrassland,DEF,216.37973544449812
2047,Agri04_toGrassland,DEG,173.00034995917676
2047,Agri05_Agroforestry,DE1,38359.71478875863
2047,Agri05_Agroforestry,DE2,45905.1112813277
2047,Agri05_Agroforestry,DE3,94.54500000000002
2047,Agri05_Agroforestry,DE4,34235.052
2047,Agri05_Agroforestry,DE5,776.162
2047,Agri05_Agroforestry,DE6,628.319
2047,Agri05_Agroforestry,DE7,8296.898754489843
2047,Agri05_Agroforestry,DE8,32606.293
2047,Agri05_Agroforestry,DE9,43119.40489217299
2047,Agri05_Agroforestry,DEA,38289.69312989211
2047,Agri05_Agroforestry,DEB,24825.059
2047,Agri05_Agroforestry,DEC,3458.3510000000006
2047,Agri05_Agroforestry,DEE,17156.976000000002
2047,Agri05_Agroforestry,DED,19114.16
2047,Agri05_Agroforestry,DEF,4406.27231521217
2047,Agri05_Agroforestry,DEG,3524.8772211182895
2047,Agri06_Biochar,DE1,0.0
2047,Agri06_Biochar,DE2,0.0
2047,Agri06_Biochar,DE3,0.0
2047,Agri06_Biochar,DE4,0.0
2047,Agri06_Biochar,DE5,0.0
2047,Agri06_Biochar,DE6,0.0
2047,Agri06_Biochar,DE7,0.0
2047,Agri06_Biochar,DE8,0.0
2047,Agri06_Biochar,DE9,0.0
2047,Agri06_Biochar,DEA,0.0
2047,Agri06_Biochar,DEB,0.0
2047,Agri06_Biochar,DEC,0.0
2047,Agri06_Biochar,DEE,0.0
2047,Agri06_Biochar,DED,0.0
2047,Agri06_Biochar,DEF,0.0
2047,Agri06_Biochar,DEG,0.0
2048,Agri01_AGC,DE1,137690.03629550428
2048,Agri01_AGC,DE2,217404.94056265967
2048,Agri01_AGC,DE3,322.4330000000001
2048,Agri01_AGC,DE4,133215.20460623325
2048,Agri01_AGC,DE5,1036.6540000000002
2048,Agri01_AGC,DE6,1702.7469999999998
2048,Agri01_AGC,DE7,48296.285900809045
2048,Agri01_AGC,DE8,133614.13697431318
2048,Agri01_AGC,DE9,190961.55331371335
2048,Agri01_AGC,DEA,139937.06293108937
2048,Agri01_AGC,DEB,82330.50400000003
2048,Agri01_AGC,DEC,8754.346000000001
2048,Agri01_AGC,DEE,103051.69537621978
2048,Agri01_AGC,DED,88606.9792279397
2048,Agri01_AGC,DEF,46457.025904906826
2048,Agri01_AGC,DEG,37145.34485323134
2048,Agri02_OFC,DE1,0.0
2048,Agri02_OFC,DE2,0.0
2048,Agri02_OFC,DE3,0.0
2048,Agri02_OFC,DE4,0.0
2048,Agri02_OFC,DE5,0.0
2048,Agri02_OFC,DE6,0.0
2048,Agri02_OFC,DE7,0.0
2048,Agri02_OFC,DE8,0.0
2048,Agri02_OFC,DE9,0.0
2048,Agri02_OFC,DEA,0.0
2048,Agri02_OFC,DEB,0.0
2048,Agri02_OFC,DEC,0.0
2048,Agri02_OFC,DEE,0.0
2048,Agri02_OFC,DED,0.0
2048,Agri02_OFC,DEF,0.0
2048,Agri02_OFC,DEG,0.0
2048,Agri03_No-till,DE1,0.0
2048,Agri03_No-till,DE2,0.0
2048,Agri03_No-till,DE3,0.0
2048,Agri03_No-till,DE4,0.0
2048,Agri03_No-till,DE5,0.0
2048,Agri03_No-till,DE6,0.0
2048,Agri03_No-till,DE7,0.0
2048,Agri03_No-till,DE8,0.0
2048,Agri03_No-till,DE9,0.0
2048,Agri03_No-till,DEA,0.0
2048,Agri03_No-till,DEB,0.0
2048,Agri03_No-till,DEC,0.0
2048,Agri03_No-till,DEE,0.0
2048,Agri03_No-till,DED,0.0
2048,Agri03_No-till,DEF,0.0
2048,Agri03_No-till,DEG,0.0
2048,Agri04_toGrassland,DE1,513.5508296151439
2048,Agri04_toGrassland,DE2,884.9105810864655
2048,Agri04_toGrassland,DE3,199.58336829564968
2048,Agri04_toGrassland,DE4,483.90023671259496
2048,Agri04_toGrassland,DE5,93.6552551613504
2048,Agri04_toGrassland,DE6,11.936937422336543
2048,Agri04_toGrassland,DE7,206.18080039787577
2048,Agri04_toGrassland,DE8,495.9904637862519
2048,Agri04_toGrassland,DE9,763.1490644909479
2048,Agri04_toGrassland,DEA,525.4464385938068
2048,Agri04_toGrassland,DEB,299.87961092641444
2048,Agri04_toGrassland,DEC,152.02661317535038
2048,Agri04_toGrassland,DEE,390.38533031004147
2048,Agri04_toGrassland,DED,324.30853691438915
2048,Agri04_toGrassland,DEF,216.37973544449812
2048,Agri04_toGrassland,DEG,173.00034995917676
2048,Agri05_Agroforestry,DE1,38359.71478875863
2048,Agri05_Agroforestry,DE2,45905.1112813277
2048,Agri05_Agroforestry,DE3,94.54500000000002
2048,Agri05_Agroforestry,DE4,34235.052
2048,Agri05_Agroforestry,DE5,776.162
2048,Agri05_Agroforestry,DE6,628.319
2048,Agri05_Agroforestry,DE7,8296.898754489843
2048,Agri05_Agroforestry,DE8,32606.293
2048,Agri05_Agroforestry,DE9,43119.40489217299
2048,Agri05_Agroforestry,DEA,38289.69312989211
2048,Agri05_Agroforestry,DEB,24825.059
2048,Agri05_Agroforestry,DEC,3458.3510000000006
2048,Agri05_Agroforestry,DEE,17156.976000000002
2048,Agri05_Agroforestry,DED,19114.16
2048,Agri05_Agroforestry,DEF,4406.27231521217
2048,Agri05_Agroforestry,DEG,3524.8772211182895
2048,Agri06_Biochar,DE1,0.0
2048,Agri06_Biochar,DE2,0.0
2048,Agri06_Biochar,DE3,0.0
2048,Agri06_Biochar,DE4,0.0
2048,Agri06_Biochar,DE5,0.0
2048,Agri06_Biochar,DE6,0.0
2048,Agri06_Biochar,DE7,0.0
2048,Agri06_Biochar,DE8,0.0
2048,Agri06_Biochar,DE9,0.0
2048,Agri06_Biochar,DEA,0.0
2048,Agri06_Biochar,DEB,0.0
2048,Agri06_Biochar,DEC,0.0
2048,Agri06_Biochar,DEE,0.0
2048,Agri06_Biochar,DED,0.0
2048,Agri06_Biochar,DEF,0.0
2048,Agri06_Biochar,DEG,0.0
2049,Agri01_AGC,DE1,137690.03629550428
2049,Agri01_AGC,DE2,217404.94056265967
2049,Agri01_AGC,DE3,322.4330000000001
2049,Agri01_AGC,DE4,133215.20460623325
2049,Agri01_AGC,DE5,1036.6540000000002
2049,Agri01_AGC,DE6,1702.7469999999998
2049,Agri01_AGC,DE7,48296.285900809045
2049,Agri01_AGC,DE8,133614.13697431318
2049,Agri01_AGC,DE9,190961.55331371335
2049,Agri01_AGC,DEA,139937.06293108937
2049,Agri01_AGC,DEB,82330.50400000003
2049,Agri01_AGC,DEC,8754.346000000001
2049,Agri01_AGC,DEE,103051.69537621978
2049,Agri01_AGC,DED,88606.9792279397
2049,Agri01_AGC,DEF,46457.025904906826
2049,Agri01_AGC,DEG,37145.34485323134
2049,Agri02_OFC,DE1,0.0
2049,Agri02_OFC,DE2,0.0
2049,Agri02_OFC,DE3,0.0
2049,Agri02_OFC,DE4,0.0
2049,Agri02_OFC,DE5,0.0
2049,Agri02_OFC,DE6,0.0
2049,Agri02_OFC,DE7,0.0
2049,Agri02_OFC,DE8,0.0
2049,Agri02_OFC,DE9,0.0
2049,Agri02_OFC,DEA,0.0
2049,Agri02_OFC,DEB,0.0
2049,Agri02_OFC,DEC,0.0
2049,Agri02_OFC,DEE,0.0
2049,Agri02_OFC,DED,0.0
2049,Agri02_OFC,DEF,0.0
2049,Agri02_OFC,DEG,0.0
2049,Agri03_No-till,DE1,0.0
2049,Agri03_No-till,DE2,0.0
2049,Agri03_No-till,DE3,0.0
2049,Agri03_No-till,DE4,0.0
2049,Agri03_No-till,DE5,0.0
2049,Agri03_No-till,DE6,0.0
2049,Agri03_No-till,DE7,0.0
2049,Agri03_No-till,DE8,0.0
2049,Agri03_No-till,DE9,0.0
2049,Agri03_No-till,DEA,0.0
2049,Agri03_No-till,DEB,0.0
2049,Agri03_No-till,DEC,0.0
2049,Agri03_No-till,DEE,0.0
2049,Agri03_No-till,DED,0.0
2049,Agri03_No-till,DEF,0.0
2049,Agri03_No-till,DEG,0.0
2049,Agri04_toGrassland,DE1,513.5508296151439
2049,Agri04_toGrassland,DE2,884.9105810864655
2049,Agri04_toGrassland,DE3,199.58336829564968
2049,Agri04_toGrassland,DE4,483.90023671259496
2049,Agri04_toGrassland,DE5,93.6552551613504
2049,Agri04_toGrassland,DE6,11.936937422336543
2049,Agri04_toGrassland,DE7,206.18080039787577
2049,Agri04_toGrassland,DE8,495.9904637862519
2049,Agri04_toGrassland,DE9,763.1490644909479
2049,Agri04_toGrassland,DEA,525.4464385938068
2049,Agri04_toGrassland,DEB,299.87961092641444
2049,Agri04_toGrassland,DEC,152.02661317535038
2049,Agri04_toGrassland,DEE,390.38533031004147
2049,Agri04_toGrassland,DED,324.30853691438915
2049,Agri04_toGrassland,DEF,216.37973544449812
2049,Agri04_toGrassland,DEG,173.00034995917676
2049,Agri05_Agroforestry,DE1,38359.71478875863
2049,Agri05_Agroforestry,DE2,45905.1112813277
2049,Agri05_Agroforestry,DE3,94.54500000000002
2049,Agri05_Agroforestry,DE4,34235.052
2049,Agri05_Agroforestry,DE5,776.162
2049,Agri05_Agroforestry,DE6,628.319
2049,Agri05_Agroforestry,DE7,8296.898754489843
2049,Agri05_Agroforestry,DE8,32606.293
2049,Agri05_Agroforestry,DE9,43119.40489217299
2049,Agri05_Agroforestry,DEA,38289.69312989211
2049,Agri05_Agroforestry,DEB,24825.059
2049,Agri05_Agroforestry,DEC,3458.3510000000006
2049,Agri05_Agroforestry,DEE,17156.976000000002
2049,Agri05_Agroforestry,DED,19114.16
2049,Agri05_Agroforestry,DEF,4406.27231521217
2049,Agri05_Agroforestry,DEG,3524.8772211182895
2049,Agri06_Biochar,DE1,0.0
2049,Agri06_Biochar,DE2,0.0
2049,Agri06_Biochar,DE3,0.0
2049,Agri06_Biochar,DE4,0.0
2049,Agri06_Biochar,DE5,0.0
2049,Agri06_Biochar,DE6,0.0
2049,Agri06_Biochar,DE7,0.0
2049,Agri06_Biochar,DE8,0.0
2049,Agri06_Biochar,DE9,0.0
2049,Agri06_Biochar,DEA,0.0
2049,Agri06_Biochar,DEB,0.0
2049,Agri06_Biochar,DEC,0.0
2049,Agri06_Biochar,DEE,0.0
2049,Agri06_Biochar,DED,0.0
2049,Agri06_Biochar,DEF,0.0
2049,Agri06_Biochar,DEG,0.0
2050,Agri01_AGC,DE1,137690.03629550428
2050,Agri01_AGC,DE2,217404.94056265967
2050,Agri01_AGC,DE3,322.4330000000001
2050,Agri01_AGC,DE4,133215.20460623325
2050,Agri01_AGC,DE5,1036.6540000000002
2050,Agri01_AGC,DE6,1702.7469999999998
2050,Agri01_AGC,DE7,48296.285900809045
2050,Agri01_AGC,DE8,133614.13697431318
2050,Agri01_AGC,DE9,190961.55331371335
2050,Agri01_AGC,DEA,139937.06293108937
2050,Agri01_AGC,DEB,82330.50400000003
2050,Agri01_AGC,DEC,8754.346000000001
2050,Agri01_AGC,DEE,103051.69537621978
2050,Agri01_AGC,DED,88606.9792279397
2050,Agri01_AGC,DEF,46457.025904906826
2050,Agri01_AGC,DEG,37145.34485323134
2050,Agri02_OFC,DE1,0.0
2050,Agri02_OFC,DE2,0.0
2050,Agri02_OFC,DE3,0.0
2050,Agri02_OFC,DE4,0.0
2050,Agri02_OFC,DE5,0.0
2050,Agri02_OFC,DE6,0.0
2050,Agri02_OFC,DE7,0.0
2050,Agri02_OFC,DE8,0.0
2050,Agri02_OFC,DE9,0.0
2050,Agri02_OFC,DEA,0.0
2050,Agri02_OFC,DEB,0.0
2050,Agri02_OFC,DEC,0.0
2050,Agri02_OFC,DEE,0.0
2050,Agri02_OFC,DED,0.0
2050,Agri02_OFC,DEF,0.0
2050,Agri02_OFC,DEG,0.0
2050,Agri03_No-till,DE1,0.0
2050,Agri03_No-till,DE2,0.0
2050,Agri03_No-till,DE3,0.0
2050,Agri03_No-till,DE4,0.0
2050,Agri03_No-till,DE5,0.0
2050,Agri03_No-till,DE6,0.0
2050,Agri03_No-till,DE7,0.0
2050,Agri03_No-till,DE8,0.0
2050,Agri03_No-till,DE9,0.0
2050,Agri03_No-till,DEA,0.0
2050,Agri03_No-till,DEB,0.0
2050,Agri03_No-till,DEC,0.0
2050,Agri03_No-till,DEE,0.0
2050,Agri03_No-till,DED,0.0
2050,Agri03_No-till,DEF,0.0
2050,Agri03_No-till,DEG,0.0
2050,Agri04_toGrassland,DE1,513.5508296151439
2050,Agri04_toGrassland,DE2,884.9105810864655
2050,Agri04_toGrassland,DE3,199.58336829564968
2050,Agri04_toGrassland,DE4,483.90023671259496
2050,Agri04_toGrassland,DE5,93.6552551613504
2050,Agri04_toGrassland,DE6,11.936937422336543
2050,Agri04_toGrassland,DE7,206.18080039787577
2050,Agri04_toGrassland,DE8,495.9904637862519
2050,Agri04_toGrassland,DE9,763.1490644909479
2050,Agri04_toGrassland,DEA,525.4464385938068
2050,Agri04_toGrassland,DEB,299.87961092641444
2050,Agri04_toGrassland,DEC,152.02661317535038
2050,Agri04_toGrassland,DEE,390.38533031004147
2050,Agri04_toGrassland,DED,324.30853691438915
2050,Agri04_toGrassland,DEF,216.37973544449812
2050,Agri04_toGrassland,DEG,173.00034995917676
2050,Agri05_Agroforestry,DE1,38359.71478875863
2050,Agri05_Agroforestry,DE2,45905.1112813277
2050,Agri05_Agroforestry,DE3,94.54500000000002
2050,Agri05_Agroforestry,DE4,34235.052
2050,Agri05_Agroforestry,DE5,776.162
2050,Agri05_Agroforestry,DE6,628.319
2050,Agri05_Agroforestry,DE7,8296.898754489843
2050,Agri05_Agroforestry,DE8,32606.293
2050,Agri05_Agroforestry,DE9,43119.40489217299
2050,Agri05_Agroforestry,DEA,38289.69312989211
2050,Agri05_Agroforestry,DEB,24825.059
2050,Agri05_Agroforestry,DEC,3458.3510000000006
2050,Agri05_Agroforestry,DEE,17156.976000000002
2050,Agri05_Agroforestry,DED,19114.16
2050,Agri05_Agroforestry,DEF,4406.27231521217
2050,Agri05_Agroforestry,DEG,3524.8772211182895
2050,Agri06_Biochar,DE1,0.0
2050,Agri06_Biochar,DE2,0.0
2050,Agri06_Biochar,DE3,0.0
2050,Agri06_Biochar,DE4,0.0
2050,Agri06_Biochar,DE5,0.0
2050,Agri06_Biochar,DE6,0.0
2050,Agri06_Biochar,DE7,0.0
2050,Agri06_Biochar,DE8,0.0
2050,Agri06_Biochar,DE9,0.0
2050,Agri06_Biochar,DEA,0.0
2050,Agri06_Biochar,DEB,0.0
2050,Agri06_Biochar,DEC,0.0
2050,Agri06_Biochar,DEE,0.0
2050,Agri06_Biochar,DED,0.0
2050,Agri06_Biochar,DEF,0.0
2050,Agri06_Biochar,DEG,0.0
