year,techFMs,r,costTechFMs
2020,FM01_PSA,DE1,0.0
2020,FM01_PSA,DE2,0.0
2020,FM01_PSA,DE3,0.0
2020,FM01_PSA,DE4,0.0
2020,FM01_PSA,DE5,0.0
2020,FM01_PSA,DE6,0.0
2020,FM01_PSA,DE7,0.0
2020,FM01_PSA,DE8,0.0
2020,FM01_PSA,DE9,0.0
2020,FM01_PSA,DEA,0.0
2020,FM01_PSA,DEB,0.0
2020,FM01_PSA,DEC,0.0
2020,FM01_PSA,DEE,0.0
2020,FM01_PSA,DED,0.0
2020,FM01_PSA,DEF,0.0
2020,FM01_PSA,DEG,0.0
2020,FM02_TSA,DE1,0.0
2020,FM02_TSA,DE2,0.0
2020,FM02_TSA,DE3,0.0
2020,FM02_TSA,DE4,0.0
2020,FM02_TSA,DE5,0.0
2020,FM02_TSA,DE6,0.0
2020,FM02_TSA,DE7,0.0
2020,FM02_TSA,DE8,0.0
2020,FM02_TSA,DE9,0.0
2020,FM02_TSA,DEA,0.0
2020,FM02_TSA,DEB,0.0
2020,FM02_TSA,DEC,0.0
2020,FM02_TSA,DEE,0.0
2020,FM02_TSA,DED,0.0
2020,FM02_TSA,DEF,0.0
2020,FM02_TSA,DEG,0.0
2020,FM03_Beech,DE1,0.0
2020,FM03_Beech,DE2,0.0
2020,FM03_Beech,DE3,0.0
2020,FM03_Beech,DE4,0.0
2020,FM03_Beech,DE5,0.0
2020,FM03_Beech,DE6,0.0
2020,FM03_Beech,DE7,0.0
2020,FM03_Beech,DE8,0.0
2020,FM03_Beech,DE9,0.0
2020,FM03_Beech,DEA,0.0
2020,FM03_Beech,DEB,0.0
2020,FM03_Beech,DEC,0.0
2020,FM03_Beech,DEE,0.0
2020,FM03_Beech,DED,0.0
2020,FM03_Beech,DEF,0.0
2020,FM03_Beech,DEG,0.0
2020,FM04_DouglasFir,DE1,0.0
2020,FM04_DouglasFir,DE2,0.0
2020,FM04_DouglasFir,DE3,0.0
2020,FM04_DouglasFir,DE4,0.0
2020,FM04_DouglasFir,DE5,0.0
2020,FM04_DouglasFir,DE6,0.0
2020,FM04_DouglasFir,DE7,0.0
2020,FM04_DouglasFir,DE8,0.0
2020,FM04_DouglasFir,DE9,0.0
2020,FM04_DouglasFir,DEA,0.0
2020,FM04_DouglasFir,DEB,0.0
2020,FM04_DouglasFir,DEC,0.0
2020,FM04_DouglasFir,DEE,0.0
2020,FM04_DouglasFir,DED,0.0
2020,FM04_DouglasFir,DEF,0.0
2020,FM04_DouglasFir,DEG,0.0
2020,FM05_Oak,DE1,0.0
2020,FM05_Oak,DE2,0.0
2020,FM05_Oak,DE3,0.0
2020,FM05_Oak,DE4,0.0
2020,FM05_Oak,DE5,0.0
2020,FM05_Oak,DE6,0.0
2020,FM05_Oak,DE7,0.0
2020,FM05_Oak,DE8,0.0
2020,FM05_Oak,DE9,0.0
2020,FM05_Oak,DEA,0.0
2020,FM05_Oak,DEB,0.0
2020,FM05_Oak,DEC,0.0
2020,FM05_Oak,DEE,0.0
2020,FM05_Oak,DED,0.0
2020,FM05_Oak,DEF,0.0
2020,FM05_Oak,DEG,0.0
2020,FM06_ScotPine,DE1,0.0
2020,FM06_ScotPine,DE2,0.0
2020,FM06_ScotPine,DE3,0.0
2020,FM06_ScotPine,DE4,0.0
2020,FM06_ScotPine,DE5,0.0
2020,FM06_ScotPine,DE6,0.0
2020,FM06_ScotPine,DE7,0.0
2020,FM06_ScotPine,DE8,0.0
2020,FM06_ScotPine,DE9,0.0
2020,FM06_ScotPine,DEA,0.0
2020,FM06_ScotPine,DEB,0.0
2020,FM06_ScotPine,DEC,0.0
2020,FM06_ScotPine,DEE,0.0
2020,FM06_ScotPine,DED,0.0
2020,FM06_ScotPine,DEF,0.0
2020,FM06_ScotPine,DEG,0.0
2020,PC_Rewetting,DE1,0.0
2020,PC_Rewetting,DE2,8992613.272945117
2020,PC_Rewetting,DE3,0.0
2020,PC_Rewetting,DE4,0.0
2020,PC_Rewetting,DE5,0.0
2020,PC_Rewetting,DE6,0.0
2020,PC_Rewetting,DE7,0.0
2020,PC_Rewetting,DE8,0.0
2020,PC_Rewetting,DE9,0.0
2020,PC_Rewetting,DEA,0.0
2020,PC_Rewetting,DEB,0.0
2020,PC_Rewetting,DEC,0.0
2020,PC_Rewetting,DEE,0.0
2020,PC_Rewetting,DED,0.0
2020,PC_Rewetting,DEF,0.0
2020,PC_Rewetting,DEG,16584345.477557236
2021,FM01_PSA,DE1,0.0
2021,FM01_PSA,DE2,0.0
2021,FM01_PSA,DE3,0.0
2021,FM01_PSA,DE4,0.0
2021,FM01_PSA,DE5,0.0
2021,FM01_PSA,DE6,0.0
2021,FM01_PSA,DE7,0.0
2021,FM01_PSA,DE8,0.0
2021,FM01_PSA,DE9,0.0
2021,FM01_PSA,DEA,0.0
2021,FM01_PSA,DEB,0.0
2021,FM01_PSA,DEC,0.0
2021,FM01_PSA,DEE,0.0
2021,FM01_PSA,DED,0.0
2021,FM01_PSA,DEF,0.0
2021,FM01_PSA,DEG,0.0
2021,FM02_TSA,DE1,5651.929758720717
2021,FM02_TSA,DE2,5588.839148797575
2021,FM02_TSA,DE3,1.9845447778003116
2021,FM02_TSA,DE4,356.07399411564234
2021,FM02_TSA,DE5,1.422816353142681
2021,FM02_TSA,DE6,7.311320838623527
2021,FM02_TSA,DE7,5097.9722628954505
2021,FM02_TSA,DE8,1080.2192173959472
2021,FM02_TSA,DE9,2550.6441682759623
2021,FM02_TSA,DEA,3091.565522106887
2021,FM02_TSA,DEB,4056.5156095315037
2021,FM02_TSA,DEC,472.29087566705147
2021,FM02_TSA,DEE,613.9336307692678
2021,FM02_TSA,DED,385.8540556128961
2021,FM02_TSA,DEF,712.7714116640127
2021,FM02_TSA,DEG,1950.8052707208813
2021,FM03_Beech,DE1,0.0
2021,FM03_Beech,DE2,0.0
2021,FM03_Beech,DE3,0.0
2021,FM03_Beech,DE4,0.0
2021,FM03_Beech,DE5,0.0
2021,FM03_Beech,DE6,0.0
2021,FM03_Beech,DE7,0.0
2021,FM03_Beech,DE8,0.0
2021,FM03_Beech,DE9,0.0
2021,FM03_Beech,DEA,0.0
2021,FM03_Beech,DEB,0.0
2021,FM03_Beech,DEC,0.0
2021,FM03_Beech,DEE,0.0
2021,FM03_Beech,DED,0.0
2021,FM03_Beech,DEF,0.0
2021,FM03_Beech,DEG,0.0
2021,FM04_DouglasFir,DE1,0.0
2021,FM04_DouglasFir,DE2,0.0
2021,FM04_DouglasFir,DE3,0.0
2021,FM04_DouglasFir,DE4,0.0
2021,FM04_DouglasFir,DE5,0.0
2021,FM04_DouglasFir,DE6,0.0
2021,FM04_DouglasFir,DE7,0.0
2021,FM04_DouglasFir,DE8,0.0
2021,FM04_DouglasFir,DE9,0.0
2021,FM04_DouglasFir,DEA,0.0
2021,FM04_DouglasFir,DEB,0.0
2021,FM04_DouglasFir,DEC,0.0
2021,FM04_DouglasFir,DEE,0.0
2021,FM04_DouglasFir,DED,0.0
2021,FM04_DouglasFir,DEF,0.0
2021,FM04_DouglasFir,DEG,0.0
2021,FM05_Oak,DE1,0.0
2021,FM05_Oak,DE2,0.0
2021,FM05_Oak,DE3,0.0
2021,FM05_Oak,DE4,0.0
2021,FM05_Oak,DE5,0.0
2021,FM05_Oak,DE6,0.0
2021,FM05_Oak,DE7,0.0
2021,FM05_Oak,DE8,0.0
2021,FM05_Oak,DE9,0.0
2021,FM05_Oak,DEA,0.0
2021,FM05_Oak,DEB,0.0
2021,FM05_Oak,DEC,0.0
2021,FM05_Oak,DEE,0.0
2021,FM05_Oak,DED,0.0
2021,FM05_Oak,DEF,0.0
2021,FM05_Oak,DEG,0.0
2021,FM06_ScotPine,DE1,0.0
2021,FM06_ScotPine,DE2,0.0
2021,FM06_ScotPine,DE3,0.0
2021,FM06_ScotPine,DE4,0.0
2021,FM06_ScotPine,DE5,0.0
2021,FM06_ScotPine,DE6,0.0
2021,FM06_ScotPine,DE7,0.0
2021,FM06_ScotPine,DE8,0.0
2021,FM06_ScotPine,DE9,0.0
2021,FM06_ScotPine,DEA,0.0
2021,FM06_ScotPine,DEB,0.0
2021,FM06_ScotPine,DEC,0.0
2021,FM06_ScotPine,DEE,0.0
2021,FM06_ScotPine,DED,0.0
2021,FM06_ScotPine,DEF,0.0
2021,FM06_ScotPine,DEG,0.0
2021,PC_Rewetting,DE1,14128.188221660703
2021,PC_Rewetting,DE2,9512777.839624748
2021,PC_Rewetting,DE3,204.0191670611245
2021,PC_Rewetting,DE4,75309.6329131772
2021,PC_Rewetting,DE5,0.0
2021,PC_Rewetting,DE6,934.1483320295494
2021,PC_Rewetting,DE7,2209.158312486182
2021,PC_Rewetting,DE8,83842.5947460954
2021,PC_Rewetting,DE9,195751.22223149365
2021,PC_Rewetting,DEA,13428.601900275564
2021,PC_Rewetting,DEB,1866.5396452527737
2021,PC_Rewetting,DEC,233.06854465903393
2021,PC_Rewetting,DEE,24620.811696566907
2021,PC_Rewetting,DED,8986.272684950089
2021,PC_Rewetting,DEF,47149.01399480052
2021,PC_Rewetting,DEG,17421422.91756656
2022,FM01_PSA,DE1,0.0
2022,FM01_PSA,DE2,0.0
2022,FM01_PSA,DE3,0.0
2022,FM01_PSA,DE4,0.0
2022,FM01_PSA,DE5,0.0
2022,FM01_PSA,DE6,0.0
2022,FM01_PSA,DE7,0.0
2022,FM01_PSA,DE8,0.0
2022,FM01_PSA,DE9,0.0
2022,FM01_PSA,DEA,0.0
2022,FM01_PSA,DEB,0.0
2022,FM01_PSA,DEC,0.0
2022,FM01_PSA,DEE,0.0
2022,FM01_PSA,DED,0.0
2022,FM01_PSA,DEF,0.0
2022,FM01_PSA,DEG,0.0
2022,FM02_TSA,DE1,11574.586475840011
2022,FM02_TSA,DE2,11445.383221103493
2022,FM02_TSA,DE3,4.064149082954209
2022,FM02_TSA,DE4,729.2039024954387
2022,FM02_TSA,DE5,2.913785489509841
2022,FM02_TSA,DE6,14.972853328314127
2022,FM02_TSA,DE7,10440.136966895547
2022,FM02_TSA,DE8,2212.180844130593
2022,FM02_TSA,DE9,5223.463976928376
2022,FM02_TSA,DEA,6331.216771782927
2022,FM02_TSA,DEB,8307.337974374383
2022,FM02_TSA,DEC,967.204444415427
2022,FM02_TSA,DEE,1257.2746306340744
2022,FM02_TSA,DED,790.1904879221153
2022,FM02_TSA,DEF,1459.6845137861417
2022,FM02_TSA,DEG,3995.0539492539856
2022,FM03_Beech,DE1,0.0
2022,FM03_Beech,DE2,0.0
2022,FM03_Beech,DE3,0.0
2022,FM03_Beech,DE4,0.0
2022,FM03_Beech,DE5,0.0
2022,FM03_Beech,DE6,0.0
2022,FM03_Beech,DE7,0.0
2022,FM03_Beech,DE8,0.0
2022,FM03_Beech,DE9,0.0
2022,FM03_Beech,DEA,0.0
2022,FM03_Beech,DEB,0.0
2022,FM03_Beech,DEC,0.0
2022,FM03_Beech,DEE,0.0
2022,FM03_Beech,DED,0.0
2022,FM03_Beech,DEF,0.0
2022,FM03_Beech,DEG,0.0
2022,FM04_DouglasFir,DE1,0.0
2022,FM04_DouglasFir,DE2,0.0
2022,FM04_DouglasFir,DE3,0.0
2022,FM04_DouglasFir,DE4,0.0
2022,FM04_DouglasFir,DE5,0.0
2022,FM04_DouglasFir,DE6,0.0
2022,FM04_DouglasFir,DE7,0.0
2022,FM04_DouglasFir,DE8,0.0
2022,FM04_DouglasFir,DE9,0.0
2022,FM04_DouglasFir,DEA,0.0
2022,FM04_DouglasFir,DEB,0.0
2022,FM04_DouglasFir,DEC,0.0
2022,FM04_DouglasFir,DEE,0.0
2022,FM04_DouglasFir,DED,0.0
2022,FM04_DouglasFir,DEF,0.0
2022,FM04_DouglasFir,DEG,0.0
2022,FM05_Oak,DE1,0.0
2022,FM05_Oak,DE2,0.0
2022,FM05_Oak,DE3,0.0
2022,FM05_Oak,DE4,0.0
2022,FM05_Oak,DE5,0.0
2022,FM05_Oak,DE6,0.0
2022,FM05_Oak,DE7,0.0
2022,FM05_Oak,DE8,0.0
2022,FM05_Oak,DE9,0.0
2022,FM05_Oak,DEA,0.0
2022,FM05_Oak,DEB,0.0
2022,FM05_Oak,DEC,0.0
2022,FM05_Oak,DEE,0.0
2022,FM05_Oak,DED,0.0
2022,FM05_Oak,DEF,0.0
2022,FM05_Oak,DEG,0.0
2022,FM06_ScotPine,DE1,0.0
2022,FM06_ScotPine,DE2,0.0
2022,FM06_ScotPine,DE3,0.0
2022,FM06_ScotPine,DE4,0.0
2022,FM06_ScotPine,DE5,0.0
2022,FM06_ScotPine,DE6,0.0
2022,FM06_ScotPine,DE7,0.0
2022,FM06_ScotPine,DE8,0.0
2022,FM06_ScotPine,DE9,0.0
2022,FM06_ScotPine,DEA,0.0
2022,FM06_ScotPine,DEB,0.0
2022,FM06_ScotPine,DEC,0.0
2022,FM06_ScotPine,DEE,0.0
2022,FM06_ScotPine,DED,0.0
2022,FM06_ScotPine,DEF,0.0
2022,FM06_ScotPine,DEG,0.0
2022,PC_Rewetting,DE1,41458.98798962103
2022,PC_Rewetting,DE2,10095035.673632747
2022,PC_Rewetting,DE3,598.6916414286983
2022,PC_Rewetting,DE4,220995.1564534844
2022,PC_Rewetting,DE5,0.0
2022,PC_Rewetting,DE6,2741.246355902895
2022,PC_Rewetting,DE7,6482.746868003586
2022,PC_Rewetting,DE8,246035.02402861122
2022,PC_Rewetting,DE9,574429.4628667665
2022,PC_Rewetting,DEA,39406.06085976147
2022,PC_Rewetting,DEB,5477.33676254704
2022,PC_Rewetting,DEC,683.9366691733901
2022,PC_Rewetting,DEE,72249.4576380087
2022,PC_Rewetting,DED,26370.102483884686
2022,PC_Rewetting,DEF,138358.1797088443
2022,PC_Rewetting,DEG,18258801.10105906
2023,FM01_PSA,DE1,0.0
2023,FM01_PSA,DE2,0.0
2023,FM01_PSA,DE3,0.0
2023,FM01_PSA,DE4,0.0
2023,FM01_PSA,DE5,0.0
2023,FM01_PSA,DE6,0.0
2023,FM01_PSA,DE7,0.0
2023,FM01_PSA,DE8,0.0
2023,FM01_PSA,DE9,0.0
2023,FM01_PSA,DEA,0.0
2023,FM01_PSA,DEB,0.0
2023,FM01_PSA,DEC,0.0
2023,FM01_PSA,DEE,0.0
2023,FM01_PSA,DED,0.0
2023,FM01_PSA,DEF,0.0
2023,FM01_PSA,DEG,0.0
2023,FM02_TSA,DE1,17770.823544148152
2023,FM02_TSA,DE2,17572.45375823443
2023,FM02_TSA,DE3,6.239814818528908
2023,FM02_TSA,DE4,1119.5694901065747
2023,FM02_TSA,DE5,4.473625721978188
2023,FM02_TSA,DE6,22.98828861016145
2023,FM02_TSA,DE7,16029.067837775541
2023,FM02_TSA,DE8,3396.4302319436806
2023,FM02_TSA,DE9,8019.747125909467
2023,FM02_TSA,DEA,9720.514534662057
2023,FM02_TSA,DEB,12754.51503795468
2023,FM02_TSA,DEC,1484.9791436350217
2023,FM02_TSA,DEE,1930.3329457314956
2023,FM02_TSA,DED,1213.2040964434661
2023,FM02_TSA,DEF,2241.099151037849
2023,FM02_TSA,DEG,6133.730905180558
2023,FM03_Beech,DE1,0.0
2023,FM03_Beech,DE2,0.0
2023,FM03_Beech,DE3,0.0
2023,FM03_Beech,DE4,0.0
2023,FM03_Beech,DE5,0.0
2023,FM03_Beech,DE6,0.0
2023,FM03_Beech,DE7,0.0
2023,FM03_Beech,DE8,0.0
2023,FM03_Beech,DE9,0.0
2023,FM03_Beech,DEA,0.0
2023,FM03_Beech,DEB,0.0
2023,FM03_Beech,DEC,0.0
2023,FM03_Beech,DEE,0.0
2023,FM03_Beech,DED,0.0
2023,FM03_Beech,DEF,0.0
2023,FM03_Beech,DEG,0.0
2023,FM04_DouglasFir,DE1,0.0
2023,FM04_DouglasFir,DE2,0.0
2023,FM04_DouglasFir,DE3,0.0
2023,FM04_DouglasFir,DE4,0.0
2023,FM04_DouglasFir,DE5,0.0
2023,FM04_DouglasFir,DE6,0.0
2023,FM04_DouglasFir,DE7,0.0
2023,FM04_DouglasFir,DE8,0.0
2023,FM04_DouglasFir,DE9,0.0
2023,FM04_DouglasFir,DEA,0.0
2023,FM04_DouglasFir,DEB,0.0
2023,FM04_DouglasFir,DEC,0.0
2023,FM04_DouglasFir,DEE,0.0
2023,FM04_DouglasFir,DED,0.0
2023,FM04_DouglasFir,DEF,0.0
2023,FM04_DouglasFir,DEG,0.0
2023,FM05_Oak,DE1,0.0
2023,FM05_Oak,DE2,0.0
2023,FM05_Oak,DE3,0.0
2023,FM05_Oak,DE4,0.0
2023,FM05_Oak,DE5,0.0
2023,FM05_Oak,DE6,0.0
2023,FM05_Oak,DE7,0.0
2023,FM05_Oak,DE8,0.0
2023,FM05_Oak,DE9,0.0
2023,FM05_Oak,DEA,0.0
2023,FM05_Oak,DEB,0.0
2023,FM05_Oak,DEC,0.0
2023,FM05_Oak,DEE,0.0
2023,FM05_Oak,DED,0.0
2023,FM05_Oak,DEF,0.0
2023,FM05_Oak,DEG,0.0
2023,FM06_ScotPine,DE1,0.0
2023,FM06_ScotPine,DE2,0.0
2023,FM06_ScotPine,DE3,0.0
2023,FM06_ScotPine,DE4,0.0
2023,FM06_ScotPine,DE5,0.0
2023,FM06_ScotPine,DE6,0.0
2023,FM06_ScotPine,DE7,0.0
2023,FM06_ScotPine,DE8,0.0
2023,FM06_ScotPine,DE9,0.0
2023,FM06_ScotPine,DEA,0.0
2023,FM06_ScotPine,DEB,0.0
2023,FM06_ScotPine,DEC,0.0
2023,FM06_ScotPine,DEE,0.0
2023,FM06_ScotPine,DED,0.0
2023,FM06_ScotPine,DEF,0.0
2023,FM06_ScotPine,DEG,0.0
2023,PC_Rewetting,DE1,83621.02299157048
2023,PC_Rewetting,DE2,10747046.363048524
2023,PC_Rewetting,DE3,1207.5356862377641
2023,PC_Rewetting,DE4,445737.8714465688
2023,PC_Rewetting,DE5,0.0
2023,PC_Rewetting,DE6,5528.977808380174
2023,PC_Rewetting,DE7,13075.425889159884
2023,PC_Rewetting,DE8,496242.22391001397
2023,PC_Rewetting,DE9,1158599.8995788908
2023,PC_Rewetting,DEA,79480.35591187762
2023,PC_Rewetting,DEB,11047.55628545932
2023,PC_Rewetting,DEC,1379.471297081436
2023,PC_Rewetting,DEE,145724.09629942942
2023,PC_Rewetting,DED,53187.37993911047
2023,PC_Rewetting,DEF,279062.5890193339
2023,PC_Rewetting,DEG,19096517.126601104
2024,FM01_PSA,DE1,0.0
2024,FM01_PSA,DE2,0.0
2024,FM01_PSA,DE3,0.0
2024,FM01_PSA,DE4,0.0
2024,FM01_PSA,DE5,0.0
2024,FM01_PSA,DE6,0.0
2024,FM01_PSA,DE7,0.0
2024,FM01_PSA,DE8,0.0
2024,FM01_PSA,DE9,0.0
2024,FM01_PSA,DEA,0.0
2024,FM01_PSA,DEB,0.0
2024,FM01_PSA,DEC,0.0
2024,FM01_PSA,DEE,0.0
2024,FM01_PSA,DED,0.0
2024,FM01_PSA,DEF,0.0
2024,FM01_PSA,DEG,0.0
2024,FM02_TSA,DE1,24243.494356435407
2024,FM02_TSA,DE2,23972.872301507046
2024,FM02_TSA,DE3,8.512543887591619
2024,FM02_TSA,DE4,1527.3505219162355
2024,FM02_TSA,DE5,6.103055363424427
2024,FM02_TSA,DE6,31.361317825255153
2024,FM02_TSA,DE7,21867.338601310683
2024,FM02_TSA,DE8,4633.512732574953
2024,FM02_TSA,DE9,10940.781315171465
2024,FM02_TSA,DEA,13261.019596378213
2024,FM02_TSA,DEB,17400.094743698442
2024,FM02_TSA,DEC,2025.85341071573
2024,FM02_TSA,DEE,2633.4185221986077
2024,FM02_TSA,DED,1655.0896806927567
2024,FM02_TSA,DEF,3057.3751680905953
2024,FM02_TSA,DEG,8367.821008081839
2024,FM03_Beech,DE1,0.0
2024,FM03_Beech,DE2,0.0
2024,FM03_Beech,DE3,0.0
2024,FM03_Beech,DE4,0.0
2024,FM03_Beech,DE5,0.0
2024,FM03_Beech,DE6,0.0
2024,FM03_Beech,DE7,0.0
2024,FM03_Beech,DE8,0.0
2024,FM03_Beech,DE9,0.0
2024,FM03_Beech,DEA,0.0
2024,FM03_Beech,DEB,0.0
2024,FM03_Beech,DEC,0.0
2024,FM03_Beech,DEE,0.0
2024,FM03_Beech,DED,0.0
2024,FM03_Beech,DEF,0.0
2024,FM03_Beech,DEG,0.0
2024,FM04_DouglasFir,DE1,0.0
2024,FM04_DouglasFir,DE2,0.0
2024,FM04_DouglasFir,DE3,0.0
2024,FM04_DouglasFir,DE4,0.0
2024,FM04_DouglasFir,DE5,0.0
2024,FM04_DouglasFir,DE6,0.0
2024,FM04_DouglasFir,DE7,0.0
2024,FM04_DouglasFir,DE8,0.0
2024,FM04_DouglasFir,DE9,0.0
2024,FM04_DouglasFir,DEA,0.0
2024,FM04_DouglasFir,DEB,0.0
2024,FM04_DouglasFir,DEC,0.0
2024,FM04_DouglasFir,DEE,0.0
2024,FM04_DouglasFir,DED,0.0
2024,FM04_DouglasFir,DEF,0.0
2024,FM04_DouglasFir,DEG,0.0
2024,FM05_Oak,DE1,0.0
2024,FM05_Oak,DE2,0.0
2024,FM05_Oak,DE3,0.0
2024,FM05_Oak,DE4,0.0
2024,FM05_Oak,DE5,0.0
2024,FM05_Oak,DE6,0.0
2024,FM05_Oak,DE7,0.0
2024,FM05_Oak,DE8,0.0
2024,FM05_Oak,DE9,0.0
2024,FM05_Oak,DEA,0.0
2024,FM05_Oak,DEB,0.0
2024,FM05_Oak,DEC,0.0
2024,FM05_Oak,DEE,0.0
2024,FM05_Oak,DED,0.0
2024,FM05_Oak,DEF,0.0
2024,FM05_Oak,DEG,0.0
2024,FM06_ScotPine,DE1,0.0
2024,FM06_ScotPine,DE2,0.0
2024,FM06_ScotPine,DE3,0.0
2024,FM06_ScotPine,DE4,0.0
2024,FM06_ScotPine,DE5,0.0
2024,FM06_ScotPine,DE6,0.0
2024,FM06_ScotPine,DE7,0.0
2024,FM06_ScotPine,DE8,0.0
2024,FM06_ScotPine,DE9,0.0
2024,FM06_ScotPine,DEA,0.0
2024,FM06_ScotPine,DEB,0.0
2024,FM06_ScotPine,DEC,0.0
2024,FM06_ScotPine,DEE,0.0
2024,FM06_ScotPine,DED,0.0
2024,FM06_ScotPine,DEF,0.0
2024,FM06_ScotPine,DEG,0.0
2024,PC_Rewetting,DE1,142242.91691519853
2024,PC_Rewetting,DE2,11476469.495951477
2024,PC_Rewetting,DE3,2054.069564623365
2024,PC_Rewetting,DE4,758219.0787180774
2024,PC_Rewetting,DE5,0.0
2024,PC_Rewetting,DE6,9405.026426221519
2024,PC_Rewetting,DE7,22241.855598562735
2024,PC_Rewetting,DE8,844129.1304527698
2024,PC_Rewetting,DE9,1970827.7100409383
2024,PC_Rewetting,DEA,135199.46609004392
2024,PC_Rewetting,DEB,18792.36314756613
2024,PC_Rewetting,DEC,2346.539351921538
2024,PC_Rewetting,DEE,247882.8861559331
2024,PC_Rewetting,DED,90473.9955929341
2024,PC_Rewetting,DEF,474697.3338034715
2024,PC_Rewetting,DEG,19934608.092759047
2025,FM01_PSA,DE1,0.0
2025,FM01_PSA,DE2,0.0
2025,FM01_PSA,DE3,0.0
2025,FM01_PSA,DE4,0.0
2025,FM01_PSA,DE5,0.0
2025,FM01_PSA,DE6,0.0
2025,FM01_PSA,DE7,0.0
2025,FM01_PSA,DE8,0.0
2025,FM01_PSA,DE9,0.0
2025,FM01_PSA,DEA,0.0
2025,FM01_PSA,DEB,0.0
2025,FM01_PSA,DEC,0.0
2025,FM01_PSA,DEE,0.0
2025,FM01_PSA,DED,0.0
2025,FM01_PSA,DEF,0.0
2025,FM01_PSA,DEG,0.0
2025,FM02_TSA,DE1,30995.452305492036
2025,FM02_TSA,DE2,30649.460392238012
2025,FM02_TSA,DE3,10.883338193209555
2025,FM02_TSA,DE4,1952.7267628916065
2025,FM02_TSA,DE5,7.802792726725264
2025,FM02_TSA,DE6,40.09563211468489
2025,FM02_TSA,DE7,27957.522983276216
2025,FM02_TSA,DE8,5923.973697764152
2025,FM02_TSA,DE9,13987.854244666592
2025,FM02_TSA,DEA,16954.292742565318
2025,FM02_TSA,DEB,22246.125035031713
2025,FM02_TSA,DEC,2590.0656830474463
2025,FM02_TSA,DEE,3366.8413061724855
2025,FM02_TSA,DED,2116.0420401857946
2025,FM02_TSA,DEF,3908.872409615842
2025,FM02_TSA,DEG,10698.309127539074
2025,FM03_Beech,DE1,0.0
2025,FM03_Beech,DE2,0.0
2025,FM03_Beech,DE3,0.0
2025,FM03_Beech,DE4,0.0
2025,FM03_Beech,DE5,0.0
2025,FM03_Beech,DE6,0.0
2025,FM03_Beech,DE7,0.0
2025,FM03_Beech,DE8,0.0
2025,FM03_Beech,DE9,0.0
2025,FM03_Beech,DEA,0.0
2025,FM03_Beech,DEB,0.0
2025,FM03_Beech,DEC,0.0
2025,FM03_Beech,DEE,0.0
2025,FM03_Beech,DED,0.0
2025,FM03_Beech,DEF,0.0
2025,FM03_Beech,DEG,0.0
2025,FM04_DouglasFir,DE1,0.0
2025,FM04_DouglasFir,DE2,0.0
2025,FM04_DouglasFir,DE3,0.0
2025,FM04_DouglasFir,DE4,0.0
2025,FM04_DouglasFir,DE5,0.0
2025,FM04_DouglasFir,DE6,0.0
2025,FM04_DouglasFir,DE7,0.0
2025,FM04_DouglasFir,DE8,0.0
2025,FM04_DouglasFir,DE9,0.0
2025,FM04_DouglasFir,DEA,0.0
2025,FM04_DouglasFir,DEB,0.0
2025,FM04_DouglasFir,DEC,0.0
2025,FM04_DouglasFir,DEE,0.0
2025,FM04_DouglasFir,DED,0.0
2025,FM04_DouglasFir,DEF,0.0
2025,FM04_DouglasFir,DEG,0.0
2025,FM05_Oak,DE1,0.0
2025,FM05_Oak,DE2,0.0
2025,FM05_Oak,DE3,0.0
2025,FM05_Oak,DE4,0.0
2025,FM05_Oak,DE5,0.0
2025,FM05_Oak,DE6,0.0
2025,FM05_Oak,DE7,0.0
2025,FM05_Oak,DE8,0.0
2025,FM05_Oak,DE9,0.0
2025,FM05_Oak,DEA,0.0
2025,FM05_Oak,DEB,0.0
2025,FM05_Oak,DEC,0.0
2025,FM05_Oak,DEE,0.0
2025,FM05_Oak,DED,0.0
2025,FM05_Oak,DEF,0.0
2025,FM05_Oak,DEG,0.0
2025,FM06_ScotPine,DE1,0.0
2025,FM06_ScotPine,DE2,0.0
2025,FM06_ScotPine,DE3,0.0
2025,FM06_ScotPine,DE4,0.0
2025,FM06_ScotPine,DE5,0.0
2025,FM06_ScotPine,DE6,0.0
2025,FM06_ScotPine,DE7,0.0
2025,FM06_ScotPine,DE8,0.0
2025,FM06_ScotPine,DE9,0.0
2025,FM06_ScotPine,DEA,0.0
2025,FM06_ScotPine,DEB,0.0
2025,FM06_ScotPine,DEC,0.0
2025,FM06_ScotPine,DEE,0.0
2025,FM06_ScotPine,DED,0.0
2025,FM06_ScotPine,DEF,0.0
2025,FM06_ScotPine,DEG,0.0
2025,PC_Rewetting,DE1,218953.29344819472
2025,PC_Rewetting,DE2,12290964.660421012
2025,PC_Rewetting,DE3,3161.8115397205424
2025,PC_Rewetting,DE4,1167120.079093657
2025,PC_Rewetting,DE5,9599.27533452337
2025,PC_Rewetting,DE6,14477.075946187066
2025,PC_Rewetting,DE7,34236.696218819816
2025,PC_Rewetting,DE8,1299360.6797193452
2025,PC_Rewetting,DE9,3033678.0719259814
2025,PC_Rewetting,DEA,208111.3704276803
2025,PC_Rewetting,DEB,28926.922282444
2025,PC_Rewetting,DEC,3612.0077572320647
2025,PC_Rewetting,DEE,381563.98568262375
2025,PC_Rewetting,DED,139265.83998766224
2025,PC_Rewetting,DEF,730697.5059384598
2025,PC_Rewetting,DEG,20773111.098099258
2026,FM01_PSA,DE1,0.0
2026,FM01_PSA,DE2,0.0
2026,FM01_PSA,DE3,0.0
2026,FM01_PSA,DE4,0.0
2026,FM01_PSA,DE5,0.0
2026,FM01_PSA,DE6,0.0
2026,FM01_PSA,DE7,0.0
2026,FM01_PSA,DE8,0.0
2026,FM01_PSA,DE9,0.0
2026,FM01_PSA,DEA,0.0
2026,FM01_PSA,DEB,0.0
2026,FM01_PSA,DEC,0.0
2026,FM01_PSA,DEE,0.0
2026,FM01_PSA,DED,0.0
2026,FM01_PSA,DEF,0.0
2026,FM01_PSA,DEG,0.0
2026,FM02_TSA,DE1,38029.550784108316
2026,FM02_TSA,DE2,37605.039571744004
2026,FM02_TSA,DE3,13.353199638449933
2026,FM02_TSA,DE4,2395.8779779998736
2026,FM02_TSA,DE5,9.573556124757408
2026,FM02_TSA,DE6,49.19492261954032
2026,FM02_TSA,DE7,34302.1947094474
2026,FM02_TSA,DE8,7268.358479251025
2026,FM02_TSA,DE9,17162.25361434708
2026,FM02_TSA,DEA,20801.89475885732
2026,FM02_TSA,DEB,27294.653855380544
2026,FM02_TSA,DEC,3177.8543980200657
2026,FM02_TSA,DEE,4130.911243790206
2026,FM02_TSA,DED,2596.2559744383893
2026,FM02_TSA,DEF,4795.950720285053
2026,FM02_TSA,DEG,13126.180133133508
2026,FM03_Beech,DE1,0.0
2026,FM03_Beech,DE2,0.0
2026,FM03_Beech,DE3,0.0
2026,FM03_Beech,DE4,0.0
2026,FM03_Beech,DE5,0.0
2026,FM03_Beech,DE6,0.0
2026,FM03_Beech,DE7,0.0
2026,FM03_Beech,DE8,0.0
2026,FM03_Beech,DE9,0.0
2026,FM03_Beech,DEA,0.0
2026,FM03_Beech,DEB,0.0
2026,FM03_Beech,DEC,0.0
2026,FM03_Beech,DEE,0.0
2026,FM03_Beech,DED,0.0
2026,FM03_Beech,DEF,0.0
2026,FM03_Beech,DEG,0.0
2026,FM04_DouglasFir,DE1,0.0
2026,FM04_DouglasFir,DE2,0.0
2026,FM04_DouglasFir,DE3,0.0
2026,FM04_DouglasFir,DE4,0.0
2026,FM04_DouglasFir,DE5,0.0
2026,FM04_DouglasFir,DE6,0.0
2026,FM04_DouglasFir,DE7,0.0
2026,FM04_DouglasFir,DE8,0.0
2026,FM04_DouglasFir,DE9,0.0
2026,FM04_DouglasFir,DEA,0.0
2026,FM04_DouglasFir,DEB,0.0
2026,FM04_DouglasFir,DEC,0.0
2026,FM04_DouglasFir,DEE,0.0
2026,FM04_DouglasFir,DED,0.0
2026,FM04_DouglasFir,DEF,0.0
2026,FM04_DouglasFir,DEG,0.0
2026,FM05_Oak,DE1,0.0
2026,FM05_Oak,DE2,0.0
2026,FM05_Oak,DE3,0.0
2026,FM05_Oak,DE4,0.0
2026,FM05_Oak,DE5,0.0
2026,FM05_Oak,DE6,0.0
2026,FM05_Oak,DE7,0.0
2026,FM05_Oak,DE8,0.0
2026,FM05_Oak,DE9,0.0
2026,FM05_Oak,DEA,0.0
2026,FM05_Oak,DEB,0.0
2026,FM05_Oak,DEC,0.0
2026,FM05_Oak,DEE,0.0
2026,FM05_Oak,DED,0.0
2026,FM05_Oak,DEF,0.0
2026,FM05_Oak,DEG,0.0
2026,FM06_ScotPine,DE1,0.0
2026,FM06_ScotPine,DE2,0.0
2026,FM06_ScotPine,DE3,0.0
2026,FM06_ScotPine,DE4,0.0
2026,FM06_ScotPine,DE5,0.0
2026,FM06_ScotPine,DE6,0.0
2026,FM06_ScotPine,DE7,0.0
2026,FM06_ScotPine,DE8,0.0
2026,FM06_ScotPine,DE9,0.0
2026,FM06_ScotPine,DEA,0.0
2026,FM06_ScotPine,DEB,0.0
2026,FM06_ScotPine,DEC,0.0
2026,FM06_ScotPine,DEE,0.0
2026,FM06_ScotPine,DED,0.0
2026,FM06_ScotPine,DEF,0.0
2026,FM06_ScotPine,DEG,0.0
2026,PC_Rewetting,DE1,315380.77627824846
2026,PC_Rewetting,DE2,13198191.444536533
2026,PC_Rewetting,DE3,4554.279874664341
2026,PC_Rewetting,DE4,1681122.1733989553
2026,PC_Rewetting,DE5,21874.169268036007
2026,PC_Rewetting,DE6,20852.81010503695
2026,PC_Rewetting,DE7,49314.60797253879
2026,PC_Rewetting,DE8,1871601.8077722066
2026,PC_Rewetting,DE9,4369716.162907094
2026,PC_Rewetting,DEA,299764.0479582067
2026,PC_Rewetting,DEB,41666.39862366945
2026,PC_Rewetting,DEC,5202.743436551382
2026,PC_Rewetting,DEE,549605.5533546056
2026,PC_Rewetting,DED,200598.80366560156
2026,PC_Rewetting,DEF,1052498.1973015012
2026,PC_Rewetting,DEG,21612063.241188105
2027,FM01_PSA,DE1,0.0
2027,FM01_PSA,DE2,0.0
2027,FM01_PSA,DE3,0.0
2027,FM01_PSA,DE4,0.0
2027,FM01_PSA,DE5,0.0
2027,FM01_PSA,DE6,0.0
2027,FM01_PSA,DE7,0.0
2027,FM01_PSA,DE8,0.0
2027,FM01_PSA,DE9,0.0
2027,FM01_PSA,DEA,0.0
2027,FM01_PSA,DEB,0.0
2027,FM01_PSA,DEC,0.0
2027,FM01_PSA,DEE,0.0
2027,FM01_PSA,DED,0.0
2027,FM01_PSA,DEF,0.0
2027,FM01_PSA,DEG,0.0
2027,FM02_TSA,DE1,45348.64318507449
2027,FM02_TSA,DE2,44842.43138134167
2027,FM02_TSA,DE3,15.923130126379963
2027,FM02_TSA,DE4,2856.983932208222
2027,FM02_TSA,DE5,11.416063870397563
2027,FM02_TSA,DE6,58.662880480911085
2027,FM02_TSA,DE7,40903.92750559948
2027,FM02_TSA,DE8,8667.21242877531
2027,FM02_TSA,DE9,20465.267124165148
2027,FM02_TSA,DEA,24805.386430888146
2027,FM02_TSA,DEB,32547.72914817097
2027,FM02_TSA,DEC,3789.4579930234822
2027,FM02_TSA,DEE,4925.938281188843
2027,FM02_TSA,DED,3095.926282966348
2027,FM02_TSA,DEF,5718.969944769686
2027,FM02_TSA,DEG,15652.41889444638
2027,FM03_Beech,DE1,0.0
2027,FM03_Beech,DE2,0.0
2027,FM03_Beech,DE3,0.0
2027,FM03_Beech,DE4,0.0
2027,FM03_Beech,DE5,0.0
2027,FM03_Beech,DE6,0.0
2027,FM03_Beech,DE7,0.0
2027,FM03_Beech,DE8,0.0
2027,FM03_Beech,DE9,0.0
2027,FM03_Beech,DEA,0.0
2027,FM03_Beech,DEB,0.0
2027,FM03_Beech,DEC,0.0
2027,FM03_Beech,DEE,0.0
2027,FM03_Beech,DED,0.0
2027,FM03_Beech,DEF,0.0
2027,FM03_Beech,DEG,0.0
2027,FM04_DouglasFir,DE1,0.0
2027,FM04_DouglasFir,DE2,0.0
2027,FM04_DouglasFir,DE3,0.0
2027,FM04_DouglasFir,DE4,0.0
2027,FM04_DouglasFir,DE5,0.0
2027,FM04_DouglasFir,DE6,0.0
2027,FM04_DouglasFir,DE7,0.0
2027,FM04_DouglasFir,DE8,0.0
2027,FM04_DouglasFir,DE9,0.0
2027,FM04_DouglasFir,DEA,0.0
2027,FM04_DouglasFir,DEB,0.0
2027,FM04_DouglasFir,DEC,0.0
2027,FM04_DouglasFir,DEE,0.0
2027,FM04_DouglasFir,DED,0.0
2027,FM04_DouglasFir,DEF,0.0
2027,FM04_DouglasFir,DEG,0.0
2027,FM05_Oak,DE1,0.0
2027,FM05_Oak,DE2,0.0
2027,FM05_Oak,DE3,0.0
2027,FM05_Oak,DE4,0.0
2027,FM05_Oak,DE5,0.0
2027,FM05_Oak,DE6,0.0
2027,FM05_Oak,DE7,0.0
2027,FM05_Oak,DE8,0.0
2027,FM05_Oak,DE9,0.0
2027,FM05_Oak,DEA,0.0
2027,FM05_Oak,DEB,0.0
2027,FM05_Oak,DEC,0.0
2027,FM05_Oak,DEE,0.0
2027,FM05_Oak,DED,0.0
2027,FM05_Oak,DEF,0.0
2027,FM05_Oak,DEG,0.0
2027,FM06_ScotPine,DE1,0.0
2027,FM06_ScotPine,DE2,0.0
2027,FM06_ScotPine,DE3,0.0
2027,FM06_ScotPine,DE4,0.0
2027,FM06_ScotPine,DE5,0.0
2027,FM06_ScotPine,DE6,0.0
2027,FM06_ScotPine,DE7,0.0
2027,FM06_ScotPine,DE8,0.0
2027,FM06_ScotPine,DE9,0.0
2027,FM06_ScotPine,DEA,0.0
2027,FM06_ScotPine,DEB,0.0
2027,FM06_ScotPine,DEC,0.0
2027,FM06_ScotPine,DEE,0.0
2027,FM06_ScotPine,DED,0.0
2027,FM06_ScotPine,DEF,0.0
2027,FM06_ScotPine,DEG,0.0
2027,PC_Rewetting,DE1,433153.98909304925
2027,PC_Rewetting,DE2,14205809.43637744
2027,PC_Rewetting,DE3,6254.992832589801
2027,PC_Rewetting,DE4,2308906.662459619
2027,PC_Rewetting,DE5,37045.68663582587
2027,PC_Rewetting,DE6,28639.91263953131
2027,PC_Rewetting,DE7,67730.25108232732
2027,PC_Rewetting,DE8,2570517.4506738205
2027,PC_Rewetting,DE9,6001507.160657345
2027,PC_Rewetting,DEA,411705.4777150429
2027,PC_Rewetting,DEB,57225.95710481898
2027,PC_Rewetting,DEC,7145.613313417857
2027,PC_Rewetting,DEE,754845.7476469823
2027,PC_Rewetting,DED,275508.7771690587
2027,PC_Rewetting,DEF,1445534.499769798
2027,PC_Rewetting,DEG,22451501.620591942
2028,FM01_PSA,DE1,0.0
2028,FM01_PSA,DE2,0.0
2028,FM01_PSA,DE3,0.0
2028,FM01_PSA,DE4,0.0
2028,FM01_PSA,DE5,0.0
2028,FM01_PSA,DE6,0.0
2028,FM01_PSA,DE7,0.0
2028,FM01_PSA,DE8,0.0
2028,FM01_PSA,DE9,0.0
2028,FM01_PSA,DEA,0.0
2028,FM01_PSA,DEB,0.0
2028,FM01_PSA,DEC,0.0
2028,FM01_PSA,DEE,0.0
2028,FM01_PSA,DED,0.0
2028,FM01_PSA,DEF,0.0
2028,FM01_PSA,DEG,0.0
2028,FM02_TSA,DE1,52955.58290118086
2028,FM02_TSA,DE2,52364.457362347704
2028,FM02_TSA,DE3,18.59413156006686
2028,FM02_TSA,DE4,3336.224390483838
2028,FM02_TSA,DE5,13.331034276522441
2028,FM02_TSA,DE6,68.50319683988685
2028,FM02_TSA,DE7,47765.29509750772
2028,FM02_TSA,DE8,10121.080898076754
2028,FM02_TSA,DE9,23898.182474073034
2028,FM02_TSA,DEA,28966.328544291733
2028,FM02_TSA,DEB,38007.398856829044
2028,FM02_TSA,DEC,4425.114905447591
2028,FM02_TSA,DEE,5752.232364505475
2028,FM02_TSA,DED,3615.2477652854795
2028,FM02_TSA,DEF,6678.289927741205
2028,FM02_TSA,DEG,18278.01028105894
2028,FM03_Beech,DE1,0.0
2028,FM03_Beech,DE2,0.0
2028,FM03_Beech,DE3,0.0
2028,FM03_Beech,DE4,0.0
2028,FM03_Beech,DE5,0.0
2028,FM03_Beech,DE6,0.0
2028,FM03_Beech,DE7,0.0
2028,FM03_Beech,DE8,0.0
2028,FM03_Beech,DE9,0.0
2028,FM03_Beech,DEA,0.0
2028,FM03_Beech,DEB,0.0
2028,FM03_Beech,DEC,0.0
2028,FM03_Beech,DEE,0.0
2028,FM03_Beech,DED,0.0
2028,FM03_Beech,DEF,0.0
2028,FM03_Beech,DEG,0.0
2028,FM04_DouglasFir,DE1,0.0
2028,FM04_DouglasFir,DE2,0.0
2028,FM04_DouglasFir,DE3,0.0
2028,FM04_DouglasFir,DE4,0.0
2028,FM04_DouglasFir,DE5,0.0
2028,FM04_DouglasFir,DE6,0.0
2028,FM04_DouglasFir,DE7,0.0
2028,FM04_DouglasFir,DE8,0.0
2028,FM04_DouglasFir,DE9,0.0
2028,FM04_DouglasFir,DEA,0.0
2028,FM04_DouglasFir,DEB,0.0
2028,FM04_DouglasFir,DEC,0.0
2028,FM04_DouglasFir,DEE,0.0
2028,FM04_DouglasFir,DED,0.0
2028,FM04_DouglasFir,DEF,0.0
2028,FM04_DouglasFir,DEG,0.0
2028,FM05_Oak,DE1,0.0
2028,FM05_Oak,DE2,0.0
2028,FM05_Oak,DE3,0.0
2028,FM05_Oak,DE4,0.0
2028,FM05_Oak,DE5,0.0
2028,FM05_Oak,DE6,0.0
2028,FM05_Oak,DE7,0.0
2028,FM05_Oak,DE8,0.0
2028,FM05_Oak,DE9,0.0
2028,FM05_Oak,DEA,0.0
2028,FM05_Oak,DEB,0.0
2028,FM05_Oak,DEC,0.0
2028,FM05_Oak,DEE,0.0
2028,FM05_Oak,DED,0.0
2028,FM05_Oak,DEF,0.0
2028,FM05_Oak,DEG,0.0
2028,FM06_ScotPine,DE1,0.0
2028,FM06_ScotPine,DE2,0.0
2028,FM06_ScotPine,DE3,0.0
2028,FM06_ScotPine,DE4,0.0
2028,FM06_ScotPine,DE5,0.0
2028,FM06_ScotPine,DE6,0.0
2028,FM06_ScotPine,DE7,0.0
2028,FM06_ScotPine,DE8,0.0
2028,FM06_ScotPine,DE9,0.0
2028,FM06_ScotPine,DEA,0.0
2028,FM06_ScotPine,DEB,0.0
2028,FM06_ScotPine,DEC,0.0
2028,FM06_ScotPine,DEE,0.0
2028,FM06_ScotPine,DED,0.0
2028,FM06_ScotPine,DEF,0.0
2028,FM06_ScotPine,DEG,0.0
2028,PC_Rewetting,DE1,573901.5555802867
2028,PC_Rewetting,DE2,15321478.224023137
2028,PC_Rewetting,DE3,8287.468676631968
2028,PC_Rewetting,DE4,3059154.8471012954
2028,PC_Rewetting,DE5,55334.832273180924
2028,PC_Rewetting,DE6,37946.067286430276
2028,PC_Rewetting,DE7,89738.28577079308
2028,PC_Rewetting,DE8,3405772.544486653
2028,PC_Rewetting,DE9,7951616.242849811
2028,PC_Rewetting,DEA,545483.6387316089
2028,PC_Rewetting,DEB,75820.76265946915
2028,PC_Rewetting,DEC,9467.484311369859
2028,PC_Rewetting,DEE,1000122.7270348583
2028,PC_Rewetting,DED,365031.65104034037
2028,PC_Rewetting,DEF,1915241.5052205531
2028,PC_Rewetting,DEG,23291463.33487714
2029,FM01_PSA,DE1,0.0
2029,FM01_PSA,DE2,0.0
2029,FM01_PSA,DE3,0.0
2029,FM01_PSA,DE4,0.0
2029,FM01_PSA,DE5,0.0
2029,FM01_PSA,DE6,0.0
2029,FM01_PSA,DE7,0.0
2029,FM01_PSA,DE8,0.0
2029,FM01_PSA,DE9,0.0
2029,FM01_PSA,DEA,0.0
2029,FM01_PSA,DEB,0.0
2029,FM01_PSA,DEC,0.0
2029,FM01_PSA,DEE,0.0
2029,FM01_PSA,DED,0.0
2029,FM01_PSA,DEF,0.0
2029,FM01_PSA,DEG,0.0
2029,FM02_TSA,DE1,60853.22332521767
2029,FM02_TSA,DE2,60173.93905607876
2029,FM02_TSA,DE3,21.36720584257784
2029,FM02_TSA,DE4,3833.7791177939052
2029,FM02_TSA,DE5,15.319185656008745
2029,FM02_TSA,DE6,78.71956283755726
2029,FM02_TSA,DE7,54888.871210947356
2029,FM02_TSA,DE8,11630.509238895102
2029,FM02_TSA,DE9,27462.287364022955
2029,FM02_TSA,DEA,33286.28188470201
2029,FM02_TSA,DEB,43675.710924780804
2029,FM02_TSA,DEC,5085.063572682286
2029,FM02_TSA,DEE,6610.103439877175
2029,FM02_TSA,DED,4154.415220911592
2029,FM02_TSA,DEF,7674.270513871071
2029,FM02_TSA,DEG,21003.93916255243
2029,FM03_Beech,DE1,0.0
2029,FM03_Beech,DE2,0.0
2029,FM03_Beech,DE3,0.0
2029,FM03_Beech,DE4,0.0
2029,FM03_Beech,DE5,0.0
2029,FM03_Beech,DE6,0.0
2029,FM03_Beech,DE7,0.0
2029,FM03_Beech,DE8,0.0
2029,FM03_Beech,DE9,0.0
2029,FM03_Beech,DEA,0.0
2029,FM03_Beech,DEB,0.0
2029,FM03_Beech,DEC,0.0
2029,FM03_Beech,DEE,0.0
2029,FM03_Beech,DED,0.0
2029,FM03_Beech,DEF,0.0
2029,FM03_Beech,DEG,0.0
2029,FM04_DouglasFir,DE1,0.0
2029,FM04_DouglasFir,DE2,0.0
2029,FM04_DouglasFir,DE3,0.0
2029,FM04_DouglasFir,DE4,0.0
2029,FM04_DouglasFir,DE5,0.0
2029,FM04_DouglasFir,DE6,0.0
2029,FM04_DouglasFir,DE7,0.0
2029,FM04_DouglasFir,DE8,0.0
2029,FM04_DouglasFir,DE9,0.0
2029,FM04_DouglasFir,DEA,0.0
2029,FM04_DouglasFir,DEB,0.0
2029,FM04_DouglasFir,DEC,0.0
2029,FM04_DouglasFir,DEE,0.0
2029,FM04_DouglasFir,DED,0.0
2029,FM04_DouglasFir,DEF,0.0
2029,FM04_DouglasFir,DEG,0.0
2029,FM05_Oak,DE1,0.0
2029,FM05_Oak,DE2,0.0
2029,FM05_Oak,DE3,0.0
2029,FM05_Oak,DE4,0.0
2029,FM05_Oak,DE5,0.0
2029,FM05_Oak,DE6,0.0
2029,FM05_Oak,DE7,0.0
2029,FM05_Oak,DE8,0.0
2029,FM05_Oak,DE9,0.0
2029,FM05_Oak,DEA,0.0
2029,FM05_Oak,DEB,0.0
2029,FM05_Oak,DEC,0.0
2029,FM05_Oak,DEE,0.0
2029,FM05_Oak,DED,0.0
2029,FM05_Oak,DEF,0.0
2029,FM05_Oak,DEG,0.0
2029,FM06_ScotPine,DE1,0.0
2029,FM06_ScotPine,DE2,0.0
2029,FM06_ScotPine,DE3,0.0
2029,FM06_ScotPine,DE4,0.0
2029,FM06_ScotPine,DE5,0.0
2029,FM06_ScotPine,DE6,0.0
2029,FM06_ScotPine,DE7,0.0
2029,FM06_ScotPine,DE8,0.0
2029,FM06_ScotPine,DE9,0.0
2029,FM06_ScotPine,DEA,0.0
2029,FM06_ScotPine,DEB,0.0
2029,FM06_ScotPine,DEC,0.0
2029,FM06_ScotPine,DEE,0.0
2029,FM06_ScotPine,DED,0.0
2029,FM06_ScotPine,DEF,0.0
2029,FM06_ScotPine,DEG,0.0
2029,PC_Rewetting,DE1,739252.09942765
2029,PC_Rewetting,DE2,16552857.395553026
2029,PC_Rewetting,DE3,10675.225669925881
2029,PC_Rewetting,DE4,3940548.0281496304
2029,PC_Rewetting,DE5,76962.61101538912
2029,PC_Rewetting,DE6,48878.957782493984
2029,PC_Rewetting,DE7,115593.37226054374
2029,PC_Rewetting,DE8,4387032.02527317
2029,PC_Rewetting,DE9,10242608.587157559
2029,PC_Rewetting,DEA,702646.5100413247
2029,PC_Rewetting,DEB,97665.98022119644
2029,PC_Rewetting,DEC,12195.223353945752
2029,PC_Rewetting,DEE,1288274.6499933372
2029,PC_Rewetting,DED,470203.31582175323
2029,PC_Rewetting,DEF,2467054.305530968
2029,PC_Rewetting,DEG,24131985.482610058
2030,FM01_PSA,DE1,0.0
2030,FM01_PSA,DE2,0.0
2030,FM01_PSA,DE3,0.0
2030,FM01_PSA,DE4,0.0
2030,FM01_PSA,DE5,0.0
2030,FM01_PSA,DE6,0.0
2030,FM01_PSA,DE7,0.0
2030,FM01_PSA,DE8,0.0
2030,FM01_PSA,DE9,0.0
2030,FM01_PSA,DEA,0.0
2030,FM01_PSA,DEB,0.0
2030,FM01_PSA,DEC,0.0
2030,FM01_PSA,DEE,0.0
2030,FM01_PSA,DED,0.0
2030,FM01_PSA,DEF,0.0
2030,FM01_PSA,DEG,0.0
2030,FM02_TSA,DE1,69044.41784997519
2030,FM02_TSA,DE2,68273.6980038515
2030,FM02_TSA,DE3,24.243354876980103
2030,FM02_TSA,DE4,4349.827879105611
2030,FM02_TSA,DE5,17.381236321733176
2030,FM02_TSA,DE6,89.31566961501197
2030,FM02_TSA,DE7,62277.22957169363
2030,FM02_TSA,DE8,13196.04280297009
2030,FM02_TSA,DE9,31158.86949396714
2030,FM02_TSA,DEA,37766.80723775292
2030,FM02_TSA,DEB,49554.7132954523
2030,FM02_TSA,DEC,5769.542432117461
2030,FM02_TSA,DEE,7499.861453441022
2030,FM02_TSA,DED,4713.6234493604925
2030,FM02_TSA,DEF,8707.271547830744
2030,FM02_TSA,DEG,23831.190408508082
2030,FM03_Beech,DE1,0.0
2030,FM03_Beech,DE2,0.0
2030,FM03_Beech,DE3,0.0
2030,FM03_Beech,DE4,0.0
2030,FM03_Beech,DE5,0.0
2030,FM03_Beech,DE6,0.0
2030,FM03_Beech,DE7,0.0
2030,FM03_Beech,DE8,0.0
2030,FM03_Beech,DE9,0.0
2030,FM03_Beech,DEA,0.0
2030,FM03_Beech,DEB,0.0
2030,FM03_Beech,DEC,0.0
2030,FM03_Beech,DEE,0.0
2030,FM03_Beech,DED,0.0
2030,FM03_Beech,DEF,0.0
2030,FM03_Beech,DEG,0.0
2030,FM04_DouglasFir,DE1,0.0
2030,FM04_DouglasFir,DE2,0.0
2030,FM04_DouglasFir,DE3,0.0
2030,FM04_DouglasFir,DE4,0.0
2030,FM04_DouglasFir,DE5,0.0
2030,FM04_DouglasFir,DE6,0.0
2030,FM04_DouglasFir,DE7,0.0
2030,FM04_DouglasFir,DE8,0.0
2030,FM04_DouglasFir,DE9,0.0
2030,FM04_DouglasFir,DEA,0.0
2030,FM04_DouglasFir,DEB,0.0
2030,FM04_DouglasFir,DEC,0.0
2030,FM04_DouglasFir,DEE,0.0
2030,FM04_DouglasFir,DED,0.0
2030,FM04_DouglasFir,DEF,0.0
2030,FM04_DouglasFir,DEG,0.0
2030,FM05_Oak,DE1,0.0
2030,FM05_Oak,DE2,0.0
2030,FM05_Oak,DE3,0.0
2030,FM05_Oak,DE4,0.0
2030,FM05_Oak,DE5,0.0
2030,FM05_Oak,DE6,0.0
2030,FM05_Oak,DE7,0.0
2030,FM05_Oak,DE8,0.0
2030,FM05_Oak,DE9,0.0
2030,FM05_Oak,DEA,0.0
2030,FM05_Oak,DEB,0.0
2030,FM05_Oak,DEC,0.0
2030,FM05_Oak,DEE,0.0
2030,FM05_Oak,DED,0.0
2030,FM05_Oak,DEF,0.0
2030,FM05_Oak,DEG,0.0
2030,FM06_ScotPine,DE1,0.0
2030,FM06_ScotPine,DE2,0.0
2030,FM06_ScotPine,DE3,0.0
2030,FM06_ScotPine,DE4,0.0
2030,FM06_ScotPine,DE5,0.0
2030,FM06_ScotPine,DE6,0.0
2030,FM06_ScotPine,DE7,0.0
2030,FM06_ScotPine,DE8,0.0
2030,FM06_ScotPine,DE9,0.0
2030,FM06_ScotPine,DEA,0.0
2030,FM06_ScotPine,DEB,0.0
2030,FM06_ScotPine,DEC,0.0
2030,FM06_ScotPine,DEE,0.0
2030,FM06_ScotPine,DED,0.0
2030,FM06_ScotPine,DEF,0.0
2030,FM06_ScotPine,DEG,0.0
2030,PC_Rewetting,DE1,930834.2443228291
2030,PC_Rewetting,DE2,17907606.53904651
2030,PC_Rewetting,DE3,13441.782075606585
2030,PC_Rewetting,DE4,4961767.506430273
2030,PC_Rewetting,DE5,102150.02769773845
2030,PC_Rewetting,DE6,61546.26786448256
2030,PC_Rewetting,DE7,145550.17077418693
2030,PC_Rewetting,DE8,5523960.8290958395
2030,PC_Rewetting,DE9,12897049.371253664
2030,PC_Rewetting,DEA,884742.07067761
2030,PC_Rewetting,DEB,122976.77472357739
2030,PC_Rewetting,DEC,15355.697364683905
2030,PC_Rewetting,DEE,1622139.6749975232
2030,PC_Rewetting,DED,592059.6620556038
2030,PC_Rewetting,DEF,3106407.992578246
2030,PC_Rewetting,DEG,24973105.162357062
2031,FM01_PSA,DE1,0.0
2031,FM01_PSA,DE2,0.0
2031,FM01_PSA,DE3,0.0
2031,FM01_PSA,DE4,0.0
2031,FM01_PSA,DE5,0.0
2031,FM01_PSA,DE6,0.0
2031,FM01_PSA,DE7,0.0
2031,FM01_PSA,DE8,0.0
2031,FM01_PSA,DE9,0.0
2031,FM01_PSA,DEA,0.0
2031,FM01_PSA,DEB,0.0
2031,FM01_PSA,DEC,0.0
2031,FM01_PSA,DEE,0.0
2031,FM01_PSA,DED,0.0
2031,FM01_PSA,DEF,0.0
2031,FM01_PSA,DEG,0.0
2031,FM02_TSA,DE1,77532.01986824369
2031,FM02_TSA,DE2,76666.55574698262
2031,FM02_TSA,DE3,27.223580566340882
2031,FM02_TSA,DE4,4884.550439386139
2031,FM02_TSA,DE5,19.517904586572453
2031,FM02_TSA,DE6,100.29520831334067
2031,FM02_TSA,DE7,69932.94390552181
2031,FM02_TSA,DE8,14818.226942041469
2031,FM02_TSA,DE9,34989.21656385782
2031,FM02_TSA,DEA,42409.46538907839
2031,FM02_TSA,DEB,55646.45391226958
2031,FM02_TSA,DEC,6478.789921143014
2031,FM02_TSA,DEE,8421.81635133409
2031,FM02_TSA,DED,5293.067250147991
2031,FM02_TSA,DEF,9777.652874291689
2031,FM02_TSA,DEG,26760.748888507154
2031,FM03_Beech,DE1,0.0
2031,FM03_Beech,DE2,0.0
2031,FM03_Beech,DE3,0.0
2031,FM03_Beech,DE4,0.0
2031,FM03_Beech,DE5,0.0
2031,FM03_Beech,DE6,0.0
2031,FM03_Beech,DE7,0.0
2031,FM03_Beech,DE8,0.0
2031,FM03_Beech,DE9,0.0
2031,FM03_Beech,DEA,0.0
2031,FM03_Beech,DEB,0.0
2031,FM03_Beech,DEC,0.0
2031,FM03_Beech,DEE,0.0
2031,FM03_Beech,DED,0.0
2031,FM03_Beech,DEF,0.0
2031,FM03_Beech,DEG,0.0
2031,FM04_DouglasFir,DE1,0.0
2031,FM04_DouglasFir,DE2,0.0
2031,FM04_DouglasFir,DE3,0.0
2031,FM04_DouglasFir,DE4,0.0
2031,FM04_DouglasFir,DE5,0.0
2031,FM04_DouglasFir,DE6,0.0
2031,FM04_DouglasFir,DE7,0.0
2031,FM04_DouglasFir,DE8,0.0
2031,FM04_DouglasFir,DE9,0.0
2031,FM04_DouglasFir,DEA,0.0
2031,FM04_DouglasFir,DEB,0.0
2031,FM04_DouglasFir,DEC,0.0
2031,FM04_DouglasFir,DEE,0.0
2031,FM04_DouglasFir,DED,0.0
2031,FM04_DouglasFir,DEF,0.0
2031,FM04_DouglasFir,DEG,0.0
2031,FM05_Oak,DE1,0.0
2031,FM05_Oak,DE2,0.0
2031,FM05_Oak,DE3,0.0
2031,FM05_Oak,DE4,0.0
2031,FM05_Oak,DE5,0.0
2031,FM05_Oak,DE6,0.0
2031,FM05_Oak,DE7,0.0
2031,FM05_Oak,DE8,0.0
2031,FM05_Oak,DE9,0.0
2031,FM05_Oak,DEA,0.0
2031,FM05_Oak,DEB,0.0
2031,FM05_Oak,DEC,0.0
2031,FM05_Oak,DEE,0.0
2031,FM05_Oak,DED,0.0
2031,FM05_Oak,DEF,0.0
2031,FM05_Oak,DEG,0.0
2031,FM06_ScotPine,DE1,0.0
2031,FM06_ScotPine,DE2,0.0
2031,FM06_ScotPine,DE3,0.0
2031,FM06_ScotPine,DE4,0.0
2031,FM06_ScotPine,DE5,0.0
2031,FM06_ScotPine,DE6,0.0
2031,FM06_ScotPine,DE7,0.0
2031,FM06_ScotPine,DE8,0.0
2031,FM06_ScotPine,DE9,0.0
2031,FM06_ScotPine,DEA,0.0
2031,FM06_ScotPine,DEB,0.0
2031,FM06_ScotPine,DEC,0.0
2031,FM06_ScotPine,DEE,0.0
2031,FM06_ScotPine,DED,0.0
2031,FM06_ScotPine,DEF,0.0
2031,FM06_ScotPine,DEG,0.0
2031,PC_Rewetting,DE1,1150276.613953513
2031,PC_Rewetting,DE2,19393385.242582995
2031,PC_Rewetting,DE3,16610.656156809124
2031,PC_Rewetting,DE4,6131494.582768869
2031,PC_Rewetting,DE5,131118.08715551687
2031,PC_Rewetting,DE6,76055.68126915615
2031,PC_Rewetting,DE7,179863.3415343304
2031,PC_Rewetting,DE8,6826223.892017127
2031,PC_Rewetting,DE9,15937503.7728112
2031,PC_Rewetting,DEA,1093318.2996738849
2031,PC_Rewetting,DEB,151968.31110018853
2031,PC_Rewetting,DEC,18975.773267122688
2031,PC_Rewetting,DEE,2004555.9605225208
2031,PC_Rewetting,DED,731636.5802841991
2031,PC_Rewetting,DEF,3838737.65823959
2031,PC_Rewetting,DEG,25814859.472684514
2032,FM01_PSA,DE1,0.0
2032,FM01_PSA,DE2,0.0
2032,FM01_PSA,DE3,0.0
2032,FM01_PSA,DE4,0.0
2032,FM01_PSA,DE5,0.0
2032,FM01_PSA,DE6,0.0
2032,FM01_PSA,DE7,0.0
2032,FM01_PSA,DE8,0.0
2032,FM01_PSA,DE9,0.0
2032,FM01_PSA,DEA,0.0
2032,FM01_PSA,DEB,0.0
2032,FM01_PSA,DEC,0.0
2032,FM01_PSA,DEE,0.0
2032,FM01_PSA,DED,0.0
2032,FM01_PSA,DEF,0.0
2032,FM01_PSA,DEG,0.0
2032,FM02_TSA,DE1,86318.88277281343
2032,FM02_TSA,DE2,85355.33382678876
2032,FM02_TSA,DE3,30.30888481372738
2032,FM02_TSA,DE4,5438.126563602677
2032,FM02_TSA,DE5,21.729908763403273
2032,FM02_TSA,DE6,111.66187007363297
2032,FM02_TSA,DE7,77858.58793820716
2032,FM02_TSA,DE8,16497.607007848976
2032,FM02_TSA,DE9,38954.61627364722
2032,FM02_TSA,DEA,47215.81712431235
2032,FM02_TSA,DEB,61952.980718658684
2032,FM02_TSA,DEC,7213.044477148836
2032,FM02_TSA,DEE,9376.278079693453
2032,FM02_TSA,DED,5892.941422789896
2032,FM02_TSA,DEF,10885.774337925364
2032,FM02_TSA,DEG,29793.599472130885
2032,FM03_Beech,DE1,0.0
2032,FM03_Beech,DE2,0.0
2032,FM03_Beech,DE3,0.0
2032,FM03_Beech,DE4,0.0
2032,FM03_Beech,DE5,0.0
2032,FM03_Beech,DE6,0.0
2032,FM03_Beech,DE7,0.0
2032,FM03_Beech,DE8,0.0
2032,FM03_Beech,DE9,0.0
2032,FM03_Beech,DEA,0.0
2032,FM03_Beech,DEB,0.0
2032,FM03_Beech,DEC,0.0
2032,FM03_Beech,DEE,0.0
2032,FM03_Beech,DED,0.0
2032,FM03_Beech,DEF,0.0
2032,FM03_Beech,DEG,0.0
2032,FM04_DouglasFir,DE1,0.0
2032,FM04_DouglasFir,DE2,0.0
2032,FM04_DouglasFir,DE3,0.0
2032,FM04_DouglasFir,DE4,0.0
2032,FM04_DouglasFir,DE5,0.0
2032,FM04_DouglasFir,DE6,0.0
2032,FM04_DouglasFir,DE7,0.0
2032,FM04_DouglasFir,DE8,0.0
2032,FM04_DouglasFir,DE9,0.0
2032,FM04_DouglasFir,DEA,0.0
2032,FM04_DouglasFir,DEB,0.0
2032,FM04_DouglasFir,DEC,0.0
2032,FM04_DouglasFir,DEE,0.0
2032,FM04_DouglasFir,DED,0.0
2032,FM04_DouglasFir,DEF,0.0
2032,FM04_DouglasFir,DEG,0.0
2032,FM05_Oak,DE1,0.0
2032,FM05_Oak,DE2,0.0
2032,FM05_Oak,DE3,0.0
2032,FM05_Oak,DE4,0.0
2032,FM05_Oak,DE5,0.0
2032,FM05_Oak,DE6,0.0
2032,FM05_Oak,DE7,0.0
2032,FM05_Oak,DE8,0.0
2032,FM05_Oak,DE9,0.0
2032,FM05_Oak,DEA,0.0
2032,FM05_Oak,DEB,0.0
2032,FM05_Oak,DEC,0.0
2032,FM05_Oak,DEE,0.0
2032,FM05_Oak,DED,0.0
2032,FM05_Oak,DEF,0.0
2032,FM05_Oak,DEG,0.0
2032,FM06_ScotPine,DE1,0.0
2032,FM06_ScotPine,DE2,0.0
2032,FM06_ScotPine,DE3,0.0
2032,FM06_ScotPine,DE4,0.0
2032,FM06_ScotPine,DE5,0.0
2032,FM06_ScotPine,DE6,0.0
2032,FM06_ScotPine,DE7,0.0
2032,FM06_ScotPine,DE8,0.0
2032,FM06_ScotPine,DE9,0.0
2032,FM06_ScotPine,DEA,0.0
2032,FM06_ScotPine,DEB,0.0
2032,FM06_ScotPine,DEC,0.0
2032,FM06_ScotPine,DEE,0.0
2032,FM06_ScotPine,DED,0.0
2032,FM06_ScotPine,DEF,0.0
2032,FM06_ScotPine,DEG,0.0
2032,PC_Rewetting,DE1,1399207.8320073916
2032,PC_Rewetting,DE2,21017853.09424188
2032,PC_Rewetting,DE3,20205.36617666854
2032,PC_Rewetting,DE4,7458410.557991066
2032,PC_Rewetting,DE5,164087.79422401235
2032,PC_Rewetting,DE6,92514.88173327492
2032,PC_Rewetting,DE7,218787.54476358177
2032,PC_Rewetting,DE8,8303486.150099499
2032,PC_Rewetting,DE9,19386536.96950324
2032,PC_Rewetting,DEA,1329923.1760635693
2032,PC_Rewetting,DEB,184855.75428460637
2032,PC_Rewetting,DEC,23082.317984800466
2032,PC_Rewetting,DEE,2438361.6650434337
2032,PC_Rewetting,DED,889969.9610498454
2032,PC_Rewetting,DEF,4669478.394392202
2032,PC_Rewetting,DEG,26657285.51215878
2033,FM01_PSA,DE1,0.0
2033,FM01_PSA,DE2,0.0
2033,FM01_PSA,DE3,0.0
2033,FM01_PSA,DE4,0.0
2033,FM01_PSA,DE5,0.0
2033,FM01_PSA,DE6,0.0
2033,FM01_PSA,DE7,0.0
2033,FM01_PSA,DE8,0.0
2033,FM01_PSA,DE9,0.0
2033,FM01_PSA,DEA,0.0
2033,FM01_PSA,DEB,0.0
2033,FM01_PSA,DEC,0.0
2033,FM01_PSA,DEE,0.0
2033,FM01_PSA,DED,0.0
2033,FM01_PSA,DEF,0.0
2033,FM01_PSA,DEG,0.0
2033,FM02_TSA,DE1,95407.8599564747
2033,FM02_TSA,DE2,94342.8537845866
2033,FM02_TSA,DE3,33.50026952220681
2033,FM02_TSA,DE4,6010.736016722409
2033,FM02_TSA,DE5,24.017967165102345
2033,FM02_TSA,DE6,123.41934603697854
2033,FM02_TSA,DE7,86056.7353955249
2033,FM02_TSA,DE8,18234.72835213236
2033,FM02_TSA,DE9,43056.35632328757
2033,FM02_TSA,DEA,52187.423229088745
2033,FM02_TSA,DEB,68476.34165804567
2033,FM02_TSA,DEC,7972.544537524825
2033,FM02_TSA,DEE,10363.55658465619
2033,FM02_TSA,DED,6513.440766802015
2033,FM02_TSA,DEF,12031.995783403232
2033,FM02_TSA,DEG,32930.727028960515
2033,FM03_Beech,DE1,0.0
2033,FM03_Beech,DE2,0.0
2033,FM03_Beech,DE3,0.0
2033,FM03_Beech,DE4,0.0
2033,FM03_Beech,DE5,0.0
2033,FM03_Beech,DE6,0.0
2033,FM03_Beech,DE7,0.0
2033,FM03_Beech,DE8,0.0
2033,FM03_Beech,DE9,0.0
2033,FM03_Beech,DEA,0.0
2033,FM03_Beech,DEB,0.0
2033,FM03_Beech,DEC,0.0
2033,FM03_Beech,DEE,0.0
2033,FM03_Beech,DED,0.0
2033,FM03_Beech,DEF,0.0
2033,FM03_Beech,DEG,0.0
2033,FM04_DouglasFir,DE1,0.0
2033,FM04_DouglasFir,DE2,0.0
2033,FM04_DouglasFir,DE3,0.0
2033,FM04_DouglasFir,DE4,0.0
2033,FM04_DouglasFir,DE5,0.0
2033,FM04_DouglasFir,DE6,0.0
2033,FM04_DouglasFir,DE7,0.0
2033,FM04_DouglasFir,DE8,0.0
2033,FM04_DouglasFir,DE9,0.0
2033,FM04_DouglasFir,DEA,0.0
2033,FM04_DouglasFir,DEB,0.0
2033,FM04_DouglasFir,DEC,0.0
2033,FM04_DouglasFir,DEE,0.0
2033,FM04_DouglasFir,DED,0.0
2033,FM04_DouglasFir,DEF,0.0
2033,FM04_DouglasFir,DEG,0.0
2033,FM05_Oak,DE1,0.0
2033,FM05_Oak,DE2,0.0
2033,FM05_Oak,DE3,0.0
2033,FM05_Oak,DE4,0.0
2033,FM05_Oak,DE5,0.0
2033,FM05_Oak,DE6,0.0
2033,FM05_Oak,DE7,0.0
2033,FM05_Oak,DE8,0.0
2033,FM05_Oak,DE9,0.0
2033,FM05_Oak,DEA,0.0
2033,FM05_Oak,DEB,0.0
2033,FM05_Oak,DEC,0.0
2033,FM05_Oak,DEE,0.0
2033,FM05_Oak,DED,0.0
2033,FM05_Oak,DEF,0.0
2033,FM05_Oak,DEG,0.0
2033,FM06_ScotPine,DE1,0.0
2033,FM06_ScotPine,DE2,0.0
2033,FM06_ScotPine,DE3,0.0
2033,FM06_ScotPine,DE4,0.0
2033,FM06_ScotPine,DE5,0.0
2033,FM06_ScotPine,DE6,0.0
2033,FM06_ScotPine,DE7,0.0
2033,FM06_ScotPine,DE8,0.0
2033,FM06_ScotPine,DE9,0.0
2033,FM06_ScotPine,DEA,0.0
2033,FM06_ScotPine,DEB,0.0
2033,FM06_ScotPine,DEC,0.0
2033,FM06_ScotPine,DEE,0.0
2033,FM06_ScotPine,DED,0.0
2033,FM06_ScotPine,DEF,0.0
2033,FM06_ScotPine,DEG,0.0
2033,PC_Rewetting,DE1,1679256.5221721542
2033,PC_Rewetting,DE2,22788669.68210257
2033,PC_Rewetting,DE3,24249.43039831987
2033,PC_Rewetting,DE4,8951196.73292251
2033,PC_Rewetting,DE5,201280.1537385128
2033,PC_Rewetting,DE6,111031.55299359893
2033,PC_Rewetting,DE7,262577.44068454864
2033,PC_Rewetting,DE8,9965412.53940542
2033,PC_Rewetting,DE9,23266714.13900285
2033,PC_Rewetting,DEA,1596104.6788800831
2033,PC_Rewetting,DEB,221854.2692104074
2033,PC_Rewetting,DEC,27702.198441255605
2033,PC_Rewetting,DEE,2926394.9470353653
2033,PC_Rewetting,DED,1068095.6948948496
2033,PC_Rewetting,DEF,5604065.292913283
2033,PC_Rewetting,DEG,27500420.379346218
2034,FM01_PSA,DE1,0.0
2034,FM01_PSA,DE2,0.0
2034,FM01_PSA,DE3,0.0
2034,FM01_PSA,DE4,0.0
2034,FM01_PSA,DE5,0.0
2034,FM01_PSA,DE6,0.0
2034,FM01_PSA,DE7,0.0
2034,FM01_PSA,DE8,0.0
2034,FM01_PSA,DE9,0.0
2034,FM01_PSA,DEA,0.0
2034,FM01_PSA,DEB,0.0
2034,FM01_PSA,DEC,0.0
2034,FM01_PSA,DEE,0.0
2034,FM01_PSA,DED,0.0
2034,FM01_PSA,DEF,0.0
2034,FM01_PSA,DEG,0.0
2034,FM02_TSA,DE1,104801.80481201774
2034,FM02_TSA,DE2,103631.9371616928
2034,FM02_TSA,DE3,36.79873659484638
2034,FM02_TSA,DE4,6602.55856371252
2034,FM02_TSA,DE5,26.382798104546378
2034,FM02_TSA,DE6,135.57132734446702
2034,FM02_TSA,DE7,94529.9600032503
2034,FM02_TSA,DE8,20030.136326631356
2034,FM02_TSA,DE9,47295.724412731084
2034,FM02_TSA,DEA,57325.844489041505
2034,FM02_TSA,DEB,75218.58467385656
2034,FM02_TSA,DEC,8757.528539660872
2034,FM02_TSA,DEE,11383.961812359374
2034,FM02_TSA,DED,7154.760081700155
2034,FM02_TSA,DEF,13216.677055396754
2034,FM02_TSA,DEG,36173.11642857729
2034,FM03_Beech,DE1,0.0
2034,FM03_Beech,DE2,0.0
2034,FM03_Beech,DE3,0.0
2034,FM03_Beech,DE4,0.0
2034,FM03_Beech,DE5,0.0
2034,FM03_Beech,DE6,0.0
2034,FM03_Beech,DE7,0.0
2034,FM03_Beech,DE8,0.0
2034,FM03_Beech,DE9,0.0
2034,FM03_Beech,DEA,0.0
2034,FM03_Beech,DEB,0.0
2034,FM03_Beech,DEC,0.0
2034,FM03_Beech,DEE,0.0
2034,FM03_Beech,DED,0.0
2034,FM03_Beech,DEF,0.0
2034,FM03_Beech,DEG,0.0
2034,FM04_DouglasFir,DE1,0.0
2034,FM04_DouglasFir,DE2,0.0
2034,FM04_DouglasFir,DE3,0.0
2034,FM04_DouglasFir,DE4,0.0
2034,FM04_DouglasFir,DE5,0.0
2034,FM04_DouglasFir,DE6,0.0
2034,FM04_DouglasFir,DE7,0.0
2034,FM04_DouglasFir,DE8,0.0
2034,FM04_DouglasFir,DE9,0.0
2034,FM04_DouglasFir,DEA,0.0
2034,FM04_DouglasFir,DEB,0.0
2034,FM04_DouglasFir,DEC,0.0
2034,FM04_DouglasFir,DEE,0.0
2034,FM04_DouglasFir,DED,0.0
2034,FM04_DouglasFir,DEF,0.0
2034,FM04_DouglasFir,DEG,0.0
2034,FM05_Oak,DE1,0.0
2034,FM05_Oak,DE2,0.0
2034,FM05_Oak,DE3,0.0
2034,FM05_Oak,DE4,0.0
2034,FM05_Oak,DE5,0.0
2034,FM05_Oak,DE6,0.0
2034,FM05_Oak,DE7,0.0
2034,FM05_Oak,DE8,0.0
2034,FM05_Oak,DE9,0.0
2034,FM05_Oak,DEA,0.0
2034,FM05_Oak,DEB,0.0
2034,FM05_Oak,DEC,0.0
2034,FM05_Oak,DEE,0.0
2034,FM05_Oak,DED,0.0
2034,FM05_Oak,DEF,0.0
2034,FM05_Oak,DEG,0.0
2034,FM06_ScotPine,DE1,0.0
2034,FM06_ScotPine,DE2,0.0
2034,FM06_ScotPine,DE3,0.0
2034,FM06_ScotPine,DE4,0.0
2034,FM06_ScotPine,DE5,0.0
2034,FM06_ScotPine,DE6,0.0
2034,FM06_ScotPine,DE7,0.0
2034,FM06_ScotPine,DE8,0.0
2034,FM06_ScotPine,DE9,0.0
2034,FM06_ScotPine,DEA,0.0
2034,FM06_ScotPine,DEB,0.0
2034,FM06_ScotPine,DEC,0.0
2034,FM06_ScotPine,DEE,0.0
2034,FM06_ScotPine,DED,0.0
2034,FM06_ScotPine,DEF,0.0
2034,FM06_ScotPine,DEG,0.0
2034,PC_Rewetting,DE1,1992051.30813549
2034,PC_Rewetting,DE2,24713494.594244465
2034,PC_Rewetting,DE3,28766.36708489816
2034,PC_Rewetting,DE4,10618534.408388851
2034,PC_Rewetting,DE5,242916.17053430623
2034,PC_Rewetting,DE6,131713.37878688838
2034,PC_Rewetting,DE7,311487.6895198387
2034,PC_Rewetting,DE8,11821667.995997358
2034,PC_Rewetting,DE9,27600600.4589831
2034,PC_Rewetting,DEA,1893410.787156846
2034,PC_Rewetting,DEB,263179.0208111682
2034,PC_Rewetting,DEC,32862.281560026466
2034,PC_Rewetting,DEE,3471493.96497342
2034,PC_Rewetting,DED,1267049.6723615183
2034,PC_Rewetting,DEF,6647933.445680037
2034,PC_Rewetting,DEG,28344301.172813192
2035,FM01_PSA,DE1,0.0
2035,FM01_PSA,DE2,0.0
2035,FM01_PSA,DE3,0.0
2035,FM01_PSA,DE4,0.0
2035,FM01_PSA,DE5,0.0
2035,FM01_PSA,DE6,0.0
2035,FM01_PSA,DE7,0.0
2035,FM01_PSA,DE8,0.0
2035,FM01_PSA,DE9,0.0
2035,FM01_PSA,DEA,0.0
2035,FM01_PSA,DEB,0.0
2035,FM01_PSA,DEC,0.0
2035,FM01_PSA,DEE,0.0
2035,FM01_PSA,DED,0.0
2035,FM01_PSA,DEF,0.0
2035,FM01_PSA,DEG,0.0
2035,FM02_TSA,DE1,114503.57073223281
2035,FM02_TSA,DE2,113225.40549942403
2035,FM02_TSA,DE3,40.20528793471332
2035,FM02_TSA,DE4,7213.773969540196
2035,FM02_TSA,DE5,28.825119894612072
2035,FM02_TSA,DE6,148.1215051371881
2035,FM02_TSA,DE7,103280.83548715858
2035,FM02_TSA,DE8,21884.37628308572
2035,FM02_TSA,DE9,51674.00824193001
2035,FM02_TSA,DEA,62632.641689804565
2035,FM02_TSA,DEB,82181.7577095174
2035,FM02_TSA,DEC,9568.234920946874
2035,FM02_TSA,DEE,12437.803708940082
2035,FM02_TSA,DED,7817.094167000127
2035,FM02_TSA,DEF,14440.177998577392
2035,FM02_TSA,DEG,39521.75254056246
2035,FM03_Beech,DE1,0.0
2035,FM03_Beech,DE2,0.0
2035,FM03_Beech,DE3,0.0
2035,FM03_Beech,DE4,0.0
2035,FM03_Beech,DE5,0.0
2035,FM03_Beech,DE6,0.0
2035,FM03_Beech,DE7,0.0
2035,FM03_Beech,DE8,0.0
2035,FM03_Beech,DE9,0.0
2035,FM03_Beech,DEA,0.0
2035,FM03_Beech,DEB,0.0
2035,FM03_Beech,DEC,0.0
2035,FM03_Beech,DEE,0.0
2035,FM03_Beech,DED,0.0
2035,FM03_Beech,DEF,0.0
2035,FM03_Beech,DEG,0.0
2035,FM04_DouglasFir,DE1,0.0
2035,FM04_DouglasFir,DE2,0.0
2035,FM04_DouglasFir,DE3,0.0
2035,FM04_DouglasFir,DE4,0.0
2035,FM04_DouglasFir,DE5,0.0
2035,FM04_DouglasFir,DE6,0.0
2035,FM04_DouglasFir,DE7,0.0
2035,FM04_DouglasFir,DE8,0.0
2035,FM04_DouglasFir,DE9,0.0
2035,FM04_DouglasFir,DEA,0.0
2035,FM04_DouglasFir,DEB,0.0
2035,FM04_DouglasFir,DEC,0.0
2035,FM04_DouglasFir,DEE,0.0
2035,FM04_DouglasFir,DED,0.0
2035,FM04_DouglasFir,DEF,0.0
2035,FM04_DouglasFir,DEG,0.0
2035,FM05_Oak,DE1,0.0
2035,FM05_Oak,DE2,0.0
2035,FM05_Oak,DE3,0.0
2035,FM05_Oak,DE4,0.0
2035,FM05_Oak,DE5,0.0
2035,FM05_Oak,DE6,0.0
2035,FM05_Oak,DE7,0.0
2035,FM05_Oak,DE8,0.0
2035,FM05_Oak,DE9,0.0
2035,FM05_Oak,DEA,0.0
2035,FM05_Oak,DEB,0.0
2035,FM05_Oak,DEC,0.0
2035,FM05_Oak,DEE,0.0
2035,FM05_Oak,DED,0.0
2035,FM05_Oak,DEF,0.0
2035,FM05_Oak,DEG,0.0
2035,FM06_ScotPine,DE1,0.0
2035,FM06_ScotPine,DE2,0.0
2035,FM06_ScotPine,DE3,0.0
2035,FM06_ScotPine,DE4,0.0
2035,FM06_ScotPine,DE5,0.0
2035,FM06_ScotPine,DE6,0.0
2035,FM06_ScotPine,DE7,0.0
2035,FM06_ScotPine,DE8,0.0
2035,FM06_ScotPine,DE9,0.0
2035,FM06_ScotPine,DEA,0.0
2035,FM06_ScotPine,DEB,0.0
2035,FM06_ScotPine,DEC,0.0
2035,FM06_ScotPine,DEE,0.0
2035,FM06_ScotPine,DED,0.0
2035,FM06_ScotPine,DEF,0.0
2035,FM06_ScotPine,DEG,0.0
2035,PC_Rewetting,DE1,2339220.813585089
2035,PC_Rewetting,DE2,26799987.41874697
2035,PC_Rewetting,DE3,33779.694499538455
2035,PC_Rewetting,DE4,12469104.885215733
2035,PC_Rewetting,DE5,289216.8494466806
2035,PC_Rewetting,DE6,154668.04284990337
2035,PC_Rewetting,DE7,365772.95149205974
2035,PC_Rewetting,DE8,13881917.45593778
2035,PC_Rewetting,DE9,32410761.107117075
2035,PC_Rewetting,DEA,2223389.4799272777
2035,PC_Rewetting,DEB,309045.1740204652
2035,PC_Rewetting,DEC,38589.43426465143
2035,PC_Rewetting,DEE,4076496.8773327023
2035,PC_Rewetting,DED,1487867.783992158
2035,PC_Rewetting,DEF,7806517.944569666
2035,PC_Rewetting,DEG,29188964.99112607
2036,FM01_PSA,DE1,0.0
2036,FM01_PSA,DE2,0.0
2036,FM01_PSA,DE3,0.0
2036,FM01_PSA,DE4,0.0
2036,FM01_PSA,DE5,0.0
2036,FM01_PSA,DE6,0.0
2036,FM01_PSA,DE7,0.0
2036,FM01_PSA,DE8,0.0
2036,FM01_PSA,DE9,0.0
2036,FM01_PSA,DEA,0.0
2036,FM01_PSA,DEB,0.0
2036,FM01_PSA,DEC,0.0
2036,FM01_PSA,DEE,0.0
2036,FM01_PSA,DED,0.0
2036,FM01_PSA,DEF,0.0
2036,FM01_PSA,DEG,0.0
2036,FM02_TSA,DE1,124516.01110991018
2036,FM02_TSA,DE2,123126.08033909695
2036,FM02_TSA,DE3,43.72092544487482
2036,FM02_TSA,DE4,7844.561999172622
2036,FM02_TSA,DE5,31.345650848176142
2036,FM02_TSA,DE6,161.07357055623137
2036,FM02_TSA,DE7,112311.93557302501
2036,FM02_TSA,DE8,23797.993573235177
2036,FM02_TSA,DE9,56192.49551083655
2036,FM02_TSA,DEA,68109.37561701184
2036,FM02_TSA,DEB,89367.90870845426
2036,FM02_TSA,DEC,10404.902118772721
2036,FM02_TSA,DEE,13525.39222053539
2036,FM02_TSA,DED,8500.637822217734
2036,FM02_TSA,DEF,15702.858457616605
2036,FM02_TSA,DEG,42977.62023449725
2036,FM03_Beech,DE1,0.0
2036,FM03_Beech,DE2,0.0
2036,FM03_Beech,DE3,0.0
2036,FM03_Beech,DE4,0.0
2036,FM03_Beech,DE5,0.0
2036,FM03_Beech,DE6,0.0
2036,FM03_Beech,DE7,0.0
2036,FM03_Beech,DE8,0.0
2036,FM03_Beech,DE9,0.0
2036,FM03_Beech,DEA,0.0
2036,FM03_Beech,DEB,0.0
2036,FM03_Beech,DEC,0.0
2036,FM03_Beech,DEE,0.0
2036,FM03_Beech,DED,0.0
2036,FM03_Beech,DEF,0.0
2036,FM03_Beech,DEG,0.0
2036,FM04_DouglasFir,DE1,0.0
2036,FM04_DouglasFir,DE2,0.0
2036,FM04_DouglasFir,DE3,0.0
2036,FM04_DouglasFir,DE4,0.0
2036,FM04_DouglasFir,DE5,0.0
2036,FM04_DouglasFir,DE6,0.0
2036,FM04_DouglasFir,DE7,0.0
2036,FM04_DouglasFir,DE8,0.0
2036,FM04_DouglasFir,DE9,0.0
2036,FM04_DouglasFir,DEA,0.0
2036,FM04_DouglasFir,DEB,0.0
2036,FM04_DouglasFir,DEC,0.0
2036,FM04_DouglasFir,DEE,0.0
2036,FM04_DouglasFir,DED,0.0
2036,FM04_DouglasFir,DEF,0.0
2036,FM04_DouglasFir,DEG,0.0
2036,FM05_Oak,DE1,0.0
2036,FM05_Oak,DE2,0.0
2036,FM05_Oak,DE3,0.0
2036,FM05_Oak,DE4,0.0
2036,FM05_Oak,DE5,0.0
2036,FM05_Oak,DE6,0.0
2036,FM05_Oak,DE7,0.0
2036,FM05_Oak,DE8,0.0
2036,FM05_Oak,DE9,0.0
2036,FM05_Oak,DEA,0.0
2036,FM05_Oak,DEB,0.0
2036,FM05_Oak,DEC,0.0
2036,FM05_Oak,DEE,0.0
2036,FM05_Oak,DED,0.0
2036,FM05_Oak,DEF,0.0
2036,FM05_Oak,DEG,0.0
2036,FM06_ScotPine,DE1,0.0
2036,FM06_ScotPine,DE2,0.0
2036,FM06_ScotPine,DE3,0.0
2036,FM06_ScotPine,DE4,0.0
2036,FM06_ScotPine,DE5,0.0
2036,FM06_ScotPine,DE6,0.0
2036,FM06_ScotPine,DE7,0.0
2036,FM06_ScotPine,DE8,0.0
2036,FM06_ScotPine,DE9,0.0
2036,FM06_ScotPine,DEA,0.0
2036,FM06_ScotPine,DEB,0.0
2036,FM06_ScotPine,DEC,0.0
2036,FM06_ScotPine,DEE,0.0
2036,FM06_ScotPine,DED,0.0
2036,FM06_ScotPine,DEF,0.0
2036,FM06_ScotPine,DEG,0.0
2036,PC_Rewetting,DE1,2722393.662208641
2036,PC_Rewetting,DE2,29055807.743689496
2036,PC_Rewetting,DE3,39312.930905375804
2036,PC_Rewetting,DE4,14511589.464228807
2036,PC_Rewetting,DE5,340403.19531092397
2036,PC_Rewetting,DE6,180003.22891940406
2036,PC_Rewetting,DE7,425687.8868238194
2036,PC_Rewetting,DE8,16155825.855289156
2036,PC_Rewetting,DE9,37719761.26107784
2036,PC_Rewetting,DEA,2587588.7362247994
2036,PC_Rewetting,DEB,359667.89377187507
2036,PC_Rewetting,DEC,44910.52347866886
2036,PC_Rewetting,DEE,4744241.842588317
2036,PC_Rewetting,DED,1731585.920329076
2036,PC_Rewetting,DEF,9085253.881459374
2036,PC_Rewetting,DEG,30034448.93285122
2037,FM01_PSA,DE1,0.0
2037,FM01_PSA,DE2,0.0
2037,FM01_PSA,DE3,0.0
2037,FM01_PSA,DE4,0.0
2037,FM01_PSA,DE5,0.0
2037,FM01_PSA,DE6,0.0
2037,FM01_PSA,DE7,0.0
2037,FM01_PSA,DE8,0.0
2037,FM01_PSA,DE9,0.0
2037,FM01_PSA,DEA,0.0
2037,FM01_PSA,DEB,0.0
2037,FM01_PSA,DEC,0.0
2037,FM01_PSA,DEE,0.0
2037,FM01_PSA,DED,0.0
2037,FM01_PSA,DEF,0.0
2037,FM01_PSA,DEG,0.0
2037,FM02_TSA,DE1,134841.97933784014
2037,FM02_TSA,DE2,133336.7832220283
2037,FM02_TSA,DE3,47.346651028398114
2037,FM02_TSA,DE4,8495.102417576985
2037,FM02_TSA,DE5,33.94510927811529
2037,FM02_TSA,DE6,174.43121474268656
2037,FM02_TSA,DE7,121625.83398662487
2037,FM02_TSA,DE8,25771.533548819487
2037,FM02_TSA,DE9,60852.473919402946
2037,FM02_TSA,DEA,73757.6070562973
2037,FM02_TSA,DEB,96779.08561409317
2037,FM02_TSA,DEC,11267.768570528317
2037,FM02_TSA,DEE,14647.037293282374
2037,FM02_TSA,DED,9205.585846868791
2037,FM02_TSA,DEF,17005.078277185858
2037,FM02_TSA,DEG,46541.704379962925
2037,FM03_Beech,DE1,0.0
2037,FM03_Beech,DE2,0.0
2037,FM03_Beech,DE3,0.0
2037,FM03_Beech,DE4,0.0
2037,FM03_Beech,DE5,0.0
2037,FM03_Beech,DE6,0.0
2037,FM03_Beech,DE7,0.0
2037,FM03_Beech,DE8,0.0
2037,FM03_Beech,DE9,0.0
2037,FM03_Beech,DEA,0.0
2037,FM03_Beech,DEB,0.0
2037,FM03_Beech,DEC,0.0
2037,FM03_Beech,DEE,0.0
2037,FM03_Beech,DED,0.0
2037,FM03_Beech,DEF,0.0
2037,FM03_Beech,DEG,0.0
2037,FM04_DouglasFir,DE1,0.0
2037,FM04_DouglasFir,DE2,0.0
2037,FM04_DouglasFir,DE3,0.0
2037,FM04_DouglasFir,DE4,0.0
2037,FM04_DouglasFir,DE5,0.0
2037,FM04_DouglasFir,DE6,0.0
2037,FM04_DouglasFir,DE7,0.0
2037,FM04_DouglasFir,DE8,0.0
2037,FM04_DouglasFir,DE9,0.0
2037,FM04_DouglasFir,DEA,0.0
2037,FM04_DouglasFir,DEB,0.0
2037,FM04_DouglasFir,DEC,0.0
2037,FM04_DouglasFir,DEE,0.0
2037,FM04_DouglasFir,DED,0.0
2037,FM04_DouglasFir,DEF,0.0
2037,FM04_DouglasFir,DEG,0.0
2037,FM05_Oak,DE1,0.0
2037,FM05_Oak,DE2,0.0
2037,FM05_Oak,DE3,0.0
2037,FM05_Oak,DE4,0.0
2037,FM05_Oak,DE5,0.0
2037,FM05_Oak,DE6,0.0
2037,FM05_Oak,DE7,0.0
2037,FM05_Oak,DE8,0.0
2037,FM05_Oak,DE9,0.0
2037,FM05_Oak,DEA,0.0
2037,FM05_Oak,DEB,0.0
2037,FM05_Oak,DEC,0.0
2037,FM05_Oak,DEE,0.0
2037,FM05_Oak,DED,0.0
2037,FM05_Oak,DEF,0.0
2037,FM05_Oak,DEG,0.0
2037,FM06_ScotPine,DE1,0.0
2037,FM06_ScotPine,DE2,0.0
2037,FM06_ScotPine,DE3,0.0
2037,FM06_ScotPine,DE4,0.0
2037,FM06_ScotPine,DE5,0.0
2037,FM06_ScotPine,DE6,0.0
2037,FM06_ScotPine,DE7,0.0
2037,FM06_ScotPine,DE8,0.0
2037,FM06_ScotPine,DE9,0.0
2037,FM06_ScotPine,DEA,0.0
2037,FM06_ScotPine,DEB,0.0
2037,FM06_ScotPine,DEC,0.0
2037,FM06_ScotPine,DEE,0.0
2037,FM06_ScotPine,DED,0.0
2037,FM06_ScotPine,DEF,0.0
2037,FM06_ScotPine,DEG,0.0
2037,PC_Rewetting,DE1,3143198.477693835
2037,PC_Rewetting,DE2,31488615.15715143
2037,PC_Rewetting,DE3,45389.59456554523
2037,PC_Rewetting,DE4,16754669.446253713
2037,PC_Rewetting,DE5,396696.2129623241
2037,PC_Rewetting,DE6,207826.62073215056
2037,PC_Rewetting,DE7,491487.1557377252
2037,PC_Rewetting,DE8,18653058.130113944
2037,PC_Rewetting,DE9,43550166.09853847
2037,PC_Rewetting,DEA,2987556.535082829
2037,PC_Rewetting,DEB,415262.3449989742
2037,PC_Rewetting,DEC,51852.41612561711
2037,PC_Rewetting,DEE,5477567.019215366
2037,PC_Rewetting,DED,1999239.9719145782
2037,PC_Rewetting,DEF,10489576.348226361
2037,PC_Rewetting,DEG,30880790.096555
2038,FM01_PSA,DE1,0.0
2038,FM01_PSA,DE2,0.0
2038,FM01_PSA,DE3,0.0
2038,FM01_PSA,DE4,0.0
2038,FM01_PSA,DE5,0.0
2038,FM01_PSA,DE6,0.0
2038,FM01_PSA,DE7,0.0
2038,FM01_PSA,DE8,0.0
2038,FM01_PSA,DE9,0.0
2038,FM01_PSA,DEA,0.0
2038,FM01_PSA,DEB,0.0
2038,FM01_PSA,DEC,0.0
2038,FM01_PSA,DEE,0.0
2038,FM01_PSA,DED,0.0
2038,FM01_PSA,DEF,0.0
2038,FM01_PSA,DEG,0.0
2038,FM02_TSA,DE1,145484.32880881295
2038,FM02_TSA,DE2,143860.3356895346
2038,FM02_TSA,DE3,51.0834665883504
2038,FM02_TSA,DE4,9165.574989720468
2038,FM02_TSA,DE5,36.62421349730622
2038,FM02_TSA,DE6,188.19812883764325
2038,FM02_TSA,DE7,131225.10445373337
2038,FM02_TSA,DE8,27805.541561578386
2038,FM02_TSA,DE9,65655.23116758143
2038,FM02_TSA,DEA,79578.89679329486
2038,FM02_TSA,DEB,104417.33636986018
2038,FM02_TSA,DEC,12157.072713603546
2038,FM02_TSA,DEE,15803.048873318106
2038,FM02_TSA,DED,9932.1330404691
2038,FM02_TSA,DEF,18347.19730195661
2038,FM02_TSA,DEG,50214.98984654071
2038,FM03_Beech,DE1,0.0
2038,FM03_Beech,DE2,0.0
2038,FM03_Beech,DE3,0.0
2038,FM03_Beech,DE4,0.0
2038,FM03_Beech,DE5,0.0
2038,FM03_Beech,DE6,0.0
2038,FM03_Beech,DE7,0.0
2038,FM03_Beech,DE8,0.0
2038,FM03_Beech,DE9,0.0
2038,FM03_Beech,DEA,0.0
2038,FM03_Beech,DEB,0.0
2038,FM03_Beech,DEC,0.0
2038,FM03_Beech,DEE,0.0
2038,FM03_Beech,DED,0.0
2038,FM03_Beech,DEF,0.0
2038,FM03_Beech,DEG,0.0
2038,FM04_DouglasFir,DE1,0.0
2038,FM04_DouglasFir,DE2,0.0
2038,FM04_DouglasFir,DE3,0.0
2038,FM04_DouglasFir,DE4,0.0
2038,FM04_DouglasFir,DE5,0.0
2038,FM04_DouglasFir,DE6,0.0
2038,FM04_DouglasFir,DE7,0.0
2038,FM04_DouglasFir,DE8,0.0
2038,FM04_DouglasFir,DE9,0.0
2038,FM04_DouglasFir,DEA,0.0
2038,FM04_DouglasFir,DEB,0.0
2038,FM04_DouglasFir,DEC,0.0
2038,FM04_DouglasFir,DEE,0.0
2038,FM04_DouglasFir,DED,0.0
2038,FM04_DouglasFir,DEF,0.0
2038,FM04_DouglasFir,DEG,0.0
2038,FM05_Oak,DE1,0.0
2038,FM05_Oak,DE2,0.0
2038,FM05_Oak,DE3,0.0
2038,FM05_Oak,DE4,0.0
2038,FM05_Oak,DE5,0.0
2038,FM05_Oak,DE6,0.0
2038,FM05_Oak,DE7,0.0
2038,FM05_Oak,DE8,0.0
2038,FM05_Oak,DE9,0.0
2038,FM05_Oak,DEA,0.0
2038,FM05_Oak,DEB,0.0
2038,FM05_Oak,DEC,0.0
2038,FM05_Oak,DEE,0.0
2038,FM05_Oak,DED,0.0
2038,FM05_Oak,DEF,0.0
2038,FM05_Oak,DEG,0.0
2038,FM06_ScotPine,DE1,0.0
2038,FM06_ScotPine,DE2,0.0
2038,FM06_ScotPine,DE3,0.0
2038,FM06_ScotPine,DE4,0.0
2038,FM06_ScotPine,DE5,0.0
2038,FM06_ScotPine,DE6,0.0
2038,FM06_ScotPine,DE7,0.0
2038,FM06_ScotPine,DE8,0.0
2038,FM06_ScotPine,DE9,0.0
2038,FM06_ScotPine,DEA,0.0
2038,FM06_ScotPine,DEB,0.0
2038,FM06_ScotPine,DEC,0.0
2038,FM06_ScotPine,DEE,0.0
2038,FM06_ScotPine,DED,0.0
2038,FM06_ScotPine,DEF,0.0
2038,FM06_ScotPine,DEG,0.0
2038,PC_Rewetting,DE1,3603263.88372836
2038,PC_Rewetting,DE2,34106069.24721218
2038,PC_Rewetting,DE3,52033.20374318179
2038,PC_Rewetting,DE4,19207026.1321161
2038,PC_Rewetting,DE5,458316.90723616903
2038,PC_Rewetting,DE6,238245.902024903
2038,PC_Rewetting,DE7,563425.4184563849
2038,PC_Rewetting,DE8,21383279.21647461
2038,PC_Rewetting,DE9,49924540.79717203
2038,PC_Rewetting,DEA,3424840.855534788
2038,PC_Rewetting,DEB,476043.69263533916
2038,PC_Rewetting,DEC,59441.97912903456
2038,PC_Rewetting,DEE,6279310.565688954
2038,PC_Rewetting,DED,2291865.8292909716
2038,PC_Rewetting,DEF,12024920.43674783
2038,PC_Rewetting,DEG,31728025.580803767
2039,FM01_PSA,DE1,0.0
2039,FM01_PSA,DE2,0.0
2039,FM01_PSA,DE3,0.0
2039,FM01_PSA,DE4,0.0
2039,FM01_PSA,DE5,0.0
2039,FM01_PSA,DE6,0.0
2039,FM01_PSA,DE7,0.0
2039,FM01_PSA,DE8,0.0
2039,FM01_PSA,DE9,0.0
2039,FM01_PSA,DEA,0.0
2039,FM01_PSA,DEB,0.0
2039,FM01_PSA,DEC,0.0
2039,FM01_PSA,DEE,0.0
2039,FM01_PSA,DED,0.0
2039,FM01_PSA,DEF,0.0
2039,FM01_PSA,DEG,0.0
2039,FM02_TSA,DE1,156445.91291561886
2039,FM02_TSA,DE2,154699.55928293266
2039,FM02_TSA,DE3,54.93237402779891
2039,FM02_TSA,DE4,9856.159480570259
2039,FM02_TSA,DE5,39.38368181862565
2039,FM02_TSA,DE6,202.3780039821912
2039,FM02_TSA,DE7,141112.32070012577
2039,FM02_TSA,DE8,29900.56296325162
2039,FM02_TSA,DE9,70602.0549553242
2039,FM02_TSA,DEA,85574.80561363845
2039,FM02_TSA,DEB,112284.70891918133
2039,FM02_TSA,DEC,13073.052985388309
2039,FM02_TSA,DEE,16993.73690677967
2039,FM02_TSA,DED,10680.474202534473
2039,FM02_TSA,DEF,19729.57537660032
2039,FM02_TSA,DEG,53998.461503811865
2039,FM03_Beech,DE1,0.0
2039,FM03_Beech,DE2,0.0
2039,FM03_Beech,DE3,0.0
2039,FM03_Beech,DE4,0.0
2039,FM03_Beech,DE5,0.0
2039,FM03_Beech,DE6,0.0
2039,FM03_Beech,DE7,0.0
2039,FM03_Beech,DE8,0.0
2039,FM03_Beech,DE9,0.0
2039,FM03_Beech,DEA,0.0
2039,FM03_Beech,DEB,0.0
2039,FM03_Beech,DEC,0.0
2039,FM03_Beech,DEE,0.0
2039,FM03_Beech,DED,0.0
2039,FM03_Beech,DEF,0.0
2039,FM03_Beech,DEG,0.0
2039,FM04_DouglasFir,DE1,0.0
2039,FM04_DouglasFir,DE2,0.0
2039,FM04_DouglasFir,DE3,0.0
2039,FM04_DouglasFir,DE4,0.0
2039,FM04_DouglasFir,DE5,0.0
2039,FM04_DouglasFir,DE6,0.0
2039,FM04_DouglasFir,DE7,0.0
2039,FM04_DouglasFir,DE8,0.0
2039,FM04_DouglasFir,DE9,0.0
2039,FM04_DouglasFir,DEA,0.0
2039,FM04_DouglasFir,DEB,0.0
2039,FM04_DouglasFir,DEC,0.0
2039,FM04_DouglasFir,DEE,0.0
2039,FM04_DouglasFir,DED,0.0
2039,FM04_DouglasFir,DEF,0.0
2039,FM04_DouglasFir,DEG,0.0
2039,FM05_Oak,DE1,0.0
2039,FM05_Oak,DE2,0.0
2039,FM05_Oak,DE3,0.0
2039,FM05_Oak,DE4,0.0
2039,FM05_Oak,DE5,0.0
2039,FM05_Oak,DE6,0.0
2039,FM05_Oak,DE7,0.0
2039,FM05_Oak,DE8,0.0
2039,FM05_Oak,DE9,0.0
2039,FM05_Oak,DEA,0.0
2039,FM05_Oak,DEB,0.0
2039,FM05_Oak,DEC,0.0
2039,FM05_Oak,DEE,0.0
2039,FM05_Oak,DED,0.0
2039,FM05_Oak,DEF,0.0
2039,FM05_Oak,DEG,0.0
2039,FM06_ScotPine,DE1,0.0
2039,FM06_ScotPine,DE2,0.0
2039,FM06_ScotPine,DE3,0.0
2039,FM06_ScotPine,DE4,0.0
2039,FM06_ScotPine,DE5,0.0
2039,FM06_ScotPine,DE6,0.0
2039,FM06_ScotPine,DE7,0.0
2039,FM06_ScotPine,DE8,0.0
2039,FM06_ScotPine,DE9,0.0
2039,FM06_ScotPine,DEA,0.0
2039,FM06_ScotPine,DEB,0.0
2039,FM06_ScotPine,DEC,0.0
2039,FM06_ScotPine,DEE,0.0
2039,FM06_ScotPine,DED,0.0
2039,FM06_ScotPine,DEF,0.0
2039,FM06_ScotPine,DEG,0.0
2039,PC_Rewetting,DE1,4104218.5039999057
2039,PC_Rewetting,DE2,36915829.60195115
2039,PC_Rewetting,DE3,59267.27670142053
2039,PC_Rewetting,DE4,21877340.822641626
2039,PC_Rewetting,DE5,525486.2829677467
2039,PC_Rewetting,DE6,271368.7565344215
2039,PC_Rewetting,DE7,641757.3352024062
2039,PC_Rewetting,DE8,24356154.050433632
2039,PC_Rewetting,DE9,56865450.5346516
2039,PC_Rewetting,DEA,3900989.676614096
2039,PC_Rewetting,DEB,542227.1016145464
2039,PC_Rewetting,DEC,67706.07941245957
2039,PC_Rewetting,DEE,7152310.640484186
2039,PC_Rewetting,DED,2610499.3830005624
2039,PC_Rewetting,DEF,13696721.238900984
2039,PC_Rewetting,DEG,32576192.48416389
2040,FM01_PSA,DE1,0.0
2040,FM01_PSA,DE2,0.0
2040,FM01_PSA,DE3,0.0
2040,FM01_PSA,DE4,0.0
2040,FM01_PSA,DE5,0.0
2040,FM01_PSA,DE6,0.0
2040,FM01_PSA,DE7,0.0
2040,FM01_PSA,DE8,0.0
2040,FM01_PSA,DE9,0.0
2040,FM01_PSA,DEA,0.0
2040,FM01_PSA,DEB,0.0
2040,FM01_PSA,DEC,0.0
2040,FM01_PSA,DEE,0.0
2040,FM01_PSA,DED,0.0
2040,FM01_PSA,DEF,0.0
2040,FM01_PSA,DEG,0.0
2040,FM02_TSA,DE1,167729.58505104814
2040,FM02_TSA,DE2,165857.27554353912
2040,FM02_TSA,DE3,58.89437524981084
2040,FM02_TSA,DE4,10567.035655093543
2040,FM02_TSA,DE5,42.22423255495027
2040,FM02_TSA,DE6,216.97453131741997
2040,FM02_TSA,DE7,151290.05645157734
2040,FM02_TSA,DE8,32057.143105578933
2040,FM02_TSA,DE9,75694.23298258353
2040,FM02_TSA,DEA,91746.89430296201
2040,FM02_TSA,DEB,120383.25120548265
2040,FM02_TSA,DEC,14015.9478232725
2040,FM02_TSA,DEE,18219.411339804137
2040,FM02_TSA,DED,11450.804132580719
2040,FM02_TSA,DEF,21152.572345788463
2040,FM02_TSA,DEG,57893.10422135763
2040,FM03_Beech,DE1,0.0
2040,FM03_Beech,DE2,0.0
2040,FM03_Beech,DE3,0.0
2040,FM03_Beech,DE4,0.0
2040,FM03_Beech,DE5,0.0
2040,FM03_Beech,DE6,0.0
2040,FM03_Beech,DE7,0.0
2040,FM03_Beech,DE8,0.0
2040,FM03_Beech,DE9,0.0
2040,FM03_Beech,DEA,0.0
2040,FM03_Beech,DEB,0.0
2040,FM03_Beech,DEC,0.0
2040,FM03_Beech,DEE,0.0
2040,FM03_Beech,DED,0.0
2040,FM03_Beech,DEF,0.0
2040,FM03_Beech,DEG,0.0
2040,FM04_DouglasFir,DE1,0.0
2040,FM04_DouglasFir,DE2,0.0
2040,FM04_DouglasFir,DE3,0.0
2040,FM04_DouglasFir,DE4,0.0
2040,FM04_DouglasFir,DE5,0.0
2040,FM04_DouglasFir,DE6,0.0
2040,FM04_DouglasFir,DE7,0.0
2040,FM04_DouglasFir,DE8,0.0
2040,FM04_DouglasFir,DE9,0.0
2040,FM04_DouglasFir,DEA,0.0
2040,FM04_DouglasFir,DEB,0.0
2040,FM04_DouglasFir,DEC,0.0
2040,FM04_DouglasFir,DEE,0.0
2040,FM04_DouglasFir,DED,0.0
2040,FM04_DouglasFir,DEF,0.0
2040,FM04_DouglasFir,DEG,0.0
2040,FM05_Oak,DE1,0.0
2040,FM05_Oak,DE2,0.0
2040,FM05_Oak,DE3,0.0
2040,FM05_Oak,DE4,0.0
2040,FM05_Oak,DE5,0.0
2040,FM05_Oak,DE6,0.0
2040,FM05_Oak,DE7,0.0
2040,FM05_Oak,DE8,0.0
2040,FM05_Oak,DE9,0.0
2040,FM05_Oak,DEA,0.0
2040,FM05_Oak,DEB,0.0
2040,FM05_Oak,DEC,0.0
2040,FM05_Oak,DEE,0.0
2040,FM05_Oak,DED,0.0
2040,FM05_Oak,DEF,0.0
2040,FM05_Oak,DEG,0.0
2040,FM06_ScotPine,DE1,0.0
2040,FM06_ScotPine,DE2,0.0
2040,FM06_ScotPine,DE3,0.0
2040,FM06_ScotPine,DE4,0.0
2040,FM06_ScotPine,DE5,0.0
2040,FM06_ScotPine,DE6,0.0
2040,FM06_ScotPine,DE7,0.0
2040,FM06_ScotPine,DE8,0.0
2040,FM06_ScotPine,DE9,0.0
2040,FM06_ScotPine,DEA,0.0
2040,FM06_ScotPine,DEB,0.0
2040,FM06_ScotPine,DEC,0.0
2040,FM06_ScotPine,DEE,0.0
2040,FM06_ScotPine,DED,0.0
2040,FM06_ScotPine,DEF,0.0
2040,FM06_ScotPine,DEG,0.0
2040,PC_Rewetting,DE1,4647690.962196162
2040,PC_Rewetting,DE2,39925555.80944776
2040,PC_Rewetting,DE3,67115.33170339648
2040,PC_Rewetting,DE4,24774294.81865592
2040,PC_Rewetting,DE5,582213.450681216
2040,PC_Rewetting,DE6,307302.8679974663
2040,PC_Rewetting,DE7,726737.5661983966
2040,PC_Rewetting,DE8,27581347.568053465
2040,PC_Rewetting,DE9,64395460.48865025
2040,PC_Rewetting,DEA,4417550.977354173
2040,PC_Rewetting,DEB,614027.7368701725
2040,PC_Rewetting,DEC,76671.58389943052
2040,PC_Rewetting,DEE,8099405.402076164
2040,PC_Rewetting,DED,2956176.523585658
2040,PC_Rewetting,DEF,15510413.846563023
2040,PC_Rewetting,DEG,33425327.905201737
2041,FM01_PSA,DE1,0.0
2041,FM01_PSA,DE2,0.0
2041,FM01_PSA,DE3,0.0
2041,FM01_PSA,DE4,0.0
2041,FM01_PSA,DE5,0.0
2041,FM01_PSA,DE6,0.0
2041,FM01_PSA,DE7,0.0
2041,FM01_PSA,DE8,0.0
2041,FM01_PSA,DE9,0.0
2041,FM01_PSA,DEA,0.0
2041,FM01_PSA,DEB,0.0
2041,FM01_PSA,DEC,0.0
2041,FM01_PSA,DEE,0.0
2041,FM01_PSA,DED,0.0
2041,FM01_PSA,DEF,0.0
2041,FM01_PSA,DEG,0.0
2041,FM02_TSA,DE1,179338.19860789107
2041,FM02_TSA,DE2,177336.30601267057
2041,FM02_TSA,DE3,62.97047215745341
2041,FM02_TSA,DE4,11298.383278257503
2041,FM02_TSA,DE5,45.1465840191568
2041,FM02_TSA,DE6,231.9914019844192
2041,FM02_TSA,DE7,161760.88543386327
2041,FM02_TSA,DE8,34275.82734030006
2041,FM02_TSA,DE9,80933.05294931159
2041,FM02_TSA,DEA,98096.72364689947
2041,FM02_TSA,DEB,128715.0111721902
2041,FM02_TSA,DEC,14985.995664646012
2041,FM02_TSA,DEE,19480.38211852858
2041,FM02_TSA,DED,12243.317630123642
2041,FM02_TSA,DEF,22616.54805419248
2041,FM02_TSA,DEG,61899.90286875922
2041,FM03_Beech,DE1,0.0
2041,FM03_Beech,DE2,0.0
2041,FM03_Beech,DE3,0.0
2041,FM03_Beech,DE4,0.0
2041,FM03_Beech,DE5,0.0
2041,FM03_Beech,DE6,0.0
2041,FM03_Beech,DE7,0.0
2041,FM03_Beech,DE8,0.0
2041,FM03_Beech,DE9,0.0
2041,FM03_Beech,DEA,0.0
2041,FM03_Beech,DEB,0.0
2041,FM03_Beech,DEC,0.0
2041,FM03_Beech,DEE,0.0
2041,FM03_Beech,DED,0.0
2041,FM03_Beech,DEF,0.0
2041,FM03_Beech,DEG,0.0
2041,FM04_DouglasFir,DE1,0.0
2041,FM04_DouglasFir,DE2,0.0
2041,FM04_DouglasFir,DE3,0.0
2041,FM04_DouglasFir,DE4,0.0
2041,FM04_DouglasFir,DE5,0.0
2041,FM04_DouglasFir,DE6,0.0
2041,FM04_DouglasFir,DE7,0.0
2041,FM04_DouglasFir,DE8,0.0
2041,FM04_DouglasFir,DE9,0.0
2041,FM04_DouglasFir,DEA,0.0
2041,FM04_DouglasFir,DEB,0.0
2041,FM04_DouglasFir,DEC,0.0
2041,FM04_DouglasFir,DEE,0.0
2041,FM04_DouglasFir,DED,0.0
2041,FM04_DouglasFir,DEF,0.0
2041,FM04_DouglasFir,DEG,0.0
2041,FM05_Oak,DE1,0.0
2041,FM05_Oak,DE2,0.0
2041,FM05_Oak,DE3,0.0
2041,FM05_Oak,DE4,0.0
2041,FM05_Oak,DE5,0.0
2041,FM05_Oak,DE6,0.0
2041,FM05_Oak,DE7,0.0
2041,FM05_Oak,DE8,0.0
2041,FM05_Oak,DE9,0.0
2041,FM05_Oak,DEA,0.0
2041,FM05_Oak,DEB,0.0
2041,FM05_Oak,DEC,0.0
2041,FM05_Oak,DEE,0.0
2041,FM05_Oak,DED,0.0
2041,FM05_Oak,DEF,0.0
2041,FM05_Oak,DEG,0.0
2041,FM06_ScotPine,DE1,0.0
2041,FM06_ScotPine,DE2,0.0
2041,FM06_ScotPine,DE3,0.0
2041,FM06_ScotPine,DE4,0.0
2041,FM06_ScotPine,DE5,0.0
2041,FM06_ScotPine,DE6,0.0
2041,FM06_ScotPine,DE7,0.0
2041,FM06_ScotPine,DE8,0.0
2041,FM06_ScotPine,DE9,0.0
2041,FM06_ScotPine,DEA,0.0
2041,FM06_ScotPine,DEB,0.0
2041,FM06_ScotPine,DEC,0.0
2041,FM06_ScotPine,DEE,0.0
2041,FM06_ScotPine,DED,0.0
2041,FM06_ScotPine,DEF,0.0
2041,FM06_ScotPine,DEG,0.0
2041,PC_Rewetting,DE1,5235309.882004819
2041,PC_Rewetting,DE2,43142907.45778138
2041,PC_Rewetting,DE3,75600.8870122447
2041,PC_Rewetting,DE4,27906569.42098464
2041,PC_Rewetting,DE5,596834.6481983233
2041,PC_Rewetting,DE6,346155.9201507974
2041,PC_Rewetting,DE7,818620.771666964
2041,PC_Rewetting,DE8,31068524.705396578
2041,PC_Rewetting,DE9,72537135.83684103
2041,PC_Rewetting,DEA,4976072.736788437
2041,PC_Rewetting,DEB,691660.763335794
2041,PC_Rewetting,DEC,86365.35951348576
2041,PC_Rewetting,DEE,9123433.008939994
2041,PC_Rewetting,DED,3329933.141588565
2041,PC_Rewetting,DEF,17471433.351611156
2041,PC_Rewetting,DEG,34275468.94248366
2042,FM01_PSA,DE1,0.0
2042,FM01_PSA,DE2,0.0
2042,FM01_PSA,DE3,0.0
2042,FM01_PSA,DE4,0.0
2042,FM01_PSA,DE5,0.0
2042,FM01_PSA,DE6,0.0
2042,FM01_PSA,DE7,0.0
2042,FM01_PSA,DE8,0.0
2042,FM01_PSA,DE9,0.0
2042,FM01_PSA,DEA,0.0
2042,FM01_PSA,DEB,0.0
2042,FM01_PSA,DEC,0.0
2042,FM01_PSA,DEE,0.0
2042,FM01_PSA,DED,0.0
2042,FM01_PSA,DEF,0.0
2042,FM01_PSA,DEG,0.0
2042,FM02_TSA,DE1,191274.60697893793
2042,FM02_TSA,DE2,189139.47223164374
2042,FM02_TSA,DE3,67.16166665379383
2042,FM02_TSA,DE4,12050.382115029328
2042,FM02_TSA,DE5,48.15145452412194
2042,FM02_TSA,DE6,247.43230712427865
2042,FM02_TSA,DE7,172527.3813727589
2042,FM02_TSA,DE8,36557.16101915475
2042,FM02_TSA,DE9,86319.80255546066
2042,FM02_TSA,DEA,104625.85443108476
2042,FM02_TSA,DEB,137282.03676273004
2042,FM02_TSA,DEC,15983.434946898742
2042,FM02_TSA,DEE,20776.95918909008
2042,FM02_TSA,DED,13058.209494679057
2042,FM02_TSA,DEF,24121.86234648385
2042,FM02_TSA,DEG,66019.84231559793
2042,FM03_Beech,DE1,0.0
2042,FM03_Beech,DE2,0.0
2042,FM03_Beech,DE3,0.0
2042,FM03_Beech,DE4,0.0
2042,FM03_Beech,DE5,0.0
2042,FM03_Beech,DE6,0.0
2042,FM03_Beech,DE7,0.0
2042,FM03_Beech,DE8,0.0
2042,FM03_Beech,DE9,0.0
2042,FM03_Beech,DEA,0.0
2042,FM03_Beech,DEB,0.0
2042,FM03_Beech,DEC,0.0
2042,FM03_Beech,DEE,0.0
2042,FM03_Beech,DED,0.0
2042,FM03_Beech,DEF,0.0
2042,FM03_Beech,DEG,0.0
2042,FM04_DouglasFir,DE1,0.0
2042,FM04_DouglasFir,DE2,0.0
2042,FM04_DouglasFir,DE3,0.0
2042,FM04_DouglasFir,DE4,0.0
2042,FM04_DouglasFir,DE5,0.0
2042,FM04_DouglasFir,DE6,0.0
2042,FM04_DouglasFir,DE7,0.0
2042,FM04_DouglasFir,DE8,0.0
2042,FM04_DouglasFir,DE9,0.0
2042,FM04_DouglasFir,DEA,0.0
2042,FM04_DouglasFir,DEB,0.0
2042,FM04_DouglasFir,DEC,0.0
2042,FM04_DouglasFir,DEE,0.0
2042,FM04_DouglasFir,DED,0.0
2042,FM04_DouglasFir,DEF,0.0
2042,FM04_DouglasFir,DEG,0.0
2042,FM05_Oak,DE1,0.0
2042,FM05_Oak,DE2,0.0
2042,FM05_Oak,DE3,0.0
2042,FM05_Oak,DE4,0.0
2042,FM05_Oak,DE5,0.0
2042,FM05_Oak,DE6,0.0
2042,FM05_Oak,DE7,0.0
2042,FM05_Oak,DE8,0.0
2042,FM05_Oak,DE9,0.0
2042,FM05_Oak,DEA,0.0
2042,FM05_Oak,DEB,0.0
2042,FM05_Oak,DEC,0.0
2042,FM05_Oak,DEE,0.0
2042,FM05_Oak,DED,0.0
2042,FM05_Oak,DEF,0.0
2042,FM05_Oak,DEG,0.0
2042,FM06_ScotPine,DE1,0.0
2042,FM06_ScotPine,DE2,0.0
2042,FM06_ScotPine,DE3,0.0
2042,FM06_ScotPine,DE4,0.0
2042,FM06_ScotPine,DE5,0.0
2042,FM06_ScotPine,DE6,0.0
2042,FM06_ScotPine,DE7,0.0
2042,FM06_ScotPine,DE8,0.0
2042,FM06_ScotPine,DE9,0.0
2042,FM06_ScotPine,DEA,0.0
2042,FM06_ScotPine,DEB,0.0
2042,FM06_ScotPine,DEC,0.0
2042,FM06_ScotPine,DEE,0.0
2042,FM06_ScotPine,DED,0.0
2042,FM06_ScotPine,DEF,0.0
2042,FM06_ScotPine,DEG,0.0
2042,PC_Rewetting,DE1,5868703.887113565
2042,PC_Rewetting,DE2,46575544.13503145
2042,PC_Rewetting,DE3,84747.46089110023
2042,PC_Rewetting,DE4,31282845.930453442
2042,PC_Rewetting,DE5,611455.8457154309
2042,PC_Rewetting,DE6,388035.5967311751
2042,PC_Rewetting,DE7,917661.6118307161
2042,PC_Rewetting,DE8,34827350.39852545
2042,PC_Rewetting,DE9,81313041.75689708
2042,PC_Rewetting,DEA,5578102.9339503115
2042,PC_Rewetting,DEB,775341.3459449876
2042,PC_Rewetting,DEC,96814.2731781637
2042,PC_Rewetting,DEE,10227231.619550783
2042,PC_Rewetting,DED,3732805.1275515906
2042,PC_Rewetting,DEF,19585214.84592258
2042,PC_Rewetting,DEG,35126652.69457604
2043,FM01_PSA,DE1,0.0
2043,FM01_PSA,DE2,0.0
2043,FM01_PSA,DE3,0.0
2043,FM01_PSA,DE4,0.0
2043,FM01_PSA,DE5,0.0
2043,FM01_PSA,DE6,0.0
2043,FM01_PSA,DE7,0.0
2043,FM01_PSA,DE8,0.0
2043,FM01_PSA,DE9,0.0
2043,FM01_PSA,DEA,0.0
2043,FM01_PSA,DEB,0.0
2043,FM01_PSA,DEC,0.0
2043,FM01_PSA,DEE,0.0
2043,FM01_PSA,DED,0.0
2043,FM01_PSA,DEF,0.0
2043,FM01_PSA,DEG,0.0
2043,FM02_TSA,DE1,203541.66355697892
2043,FM02_TSA,DE2,201269.59574177532
2043,FM02_TSA,DE3,71.46896064189933
2043,FM02_TSA,DE4,12823.211930376201
2043,FM02_TSA,DE5,51.239562382722404
2043,FM02_TSA,DE6,263.3009378780879
2043,FM02_TSA,DE7,183592.11799403944
2043,FM02_TSA,DE8,38901.68949388275
2043,FM02_TSA,DE9,91855.76950098295
2043,FM02_TSA,DEA,111335.84744115185
2043,FM02_TSA,DEB,146086.3759205282
2043,FM02_TSA,DEC,17008.50410742058
2043,FM02_TSA,DEE,22109.452497625713
2043,FM02_TSA,DED,13895.674525762764
2043,FM02_TSA,DEF,25668.875067334026
2043,FM02_TSA,DEG,70253.90743145497
2043,FM03_Beech,DE1,0.0
2043,FM03_Beech,DE2,0.0
2043,FM03_Beech,DE3,0.0
2043,FM03_Beech,DE4,0.0
2043,FM03_Beech,DE5,0.0
2043,FM03_Beech,DE6,0.0
2043,FM03_Beech,DE7,0.0
2043,FM03_Beech,DE8,0.0
2043,FM03_Beech,DE9,0.0
2043,FM03_Beech,DEA,0.0
2043,FM03_Beech,DEB,0.0
2043,FM03_Beech,DEC,0.0
2043,FM03_Beech,DEE,0.0
2043,FM03_Beech,DED,0.0
2043,FM03_Beech,DEF,0.0
2043,FM03_Beech,DEG,0.0
2043,FM04_DouglasFir,DE1,0.0
2043,FM04_DouglasFir,DE2,0.0
2043,FM04_DouglasFir,DE3,0.0
2043,FM04_DouglasFir,DE4,0.0
2043,FM04_DouglasFir,DE5,0.0
2043,FM04_DouglasFir,DE6,0.0
2043,FM04_DouglasFir,DE7,0.0
2043,FM04_DouglasFir,DE8,0.0
2043,FM04_DouglasFir,DE9,0.0
2043,FM04_DouglasFir,DEA,0.0
2043,FM04_DouglasFir,DEB,0.0
2043,FM04_DouglasFir,DEC,0.0
2043,FM04_DouglasFir,DEE,0.0
2043,FM04_DouglasFir,DED,0.0
2043,FM04_DouglasFir,DEF,0.0
2043,FM04_DouglasFir,DEG,0.0
2043,FM05_Oak,DE1,0.0
2043,FM05_Oak,DE2,0.0
2043,FM05_Oak,DE3,0.0
2043,FM05_Oak,DE4,0.0
2043,FM05_Oak,DE5,0.0
2043,FM05_Oak,DE6,0.0
2043,FM05_Oak,DE7,0.0
2043,FM05_Oak,DE8,0.0
2043,FM05_Oak,DE9,0.0
2043,FM05_Oak,DEA,0.0
2043,FM05_Oak,DEB,0.0
2043,FM05_Oak,DEC,0.0
2043,FM05_Oak,DEE,0.0
2043,FM05_Oak,DED,0.0
2043,FM05_Oak,DEF,0.0
2043,FM05_Oak,DEG,0.0
2043,FM06_ScotPine,DE1,0.0
2043,FM06_ScotPine,DE2,0.0
2043,FM06_ScotPine,DE3,0.0
2043,FM06_ScotPine,DE4,0.0
2043,FM06_ScotPine,DE5,0.0
2043,FM06_ScotPine,DE6,0.0
2043,FM06_ScotPine,DE7,0.0
2043,FM06_ScotPine,DE8,0.0
2043,FM06_ScotPine,DE9,0.0
2043,FM06_ScotPine,DEA,0.0
2043,FM06_ScotPine,DEB,0.0
2043,FM06_ScotPine,DEC,0.0
2043,FM06_ScotPine,DEE,0.0
2043,FM06_ScotPine,DED,0.0
2043,FM06_ScotPine,DEF,0.0
2043,FM06_ScotPine,DEG,0.0
2043,PC_Rewetting,DE1,6549501.601210089
2043,PC_Rewetting,DE2,50231125.42927734
2043,PC_Rewetting,DE3,94578.5716030981
2043,PC_Rewetting,DE4,34911805.64788795
2043,PC_Rewetting,DE5,626077.0432325384
2043,PC_Rewetting,DE6,433049.58147535933
2043,PC_Rewetting,DE7,1024114.7469122603
2043,PC_Rewetting,DE8,38867489.58350252
2043,PC_Rewetting,DE9,90745743.4264914
2043,PC_Rewetting,DEA,6225189.547873213
2043,PC_Rewetting,DEB,865284.6496313296
2043,PC_Rewetting,DEC,108045.19181700265
2043,PC_Rewetting,DEE,11413639.39238363
2043,PC_Rewetting,DED,4165828.372017039
2043,PC_Rewetting,DEF,21857193.4213745
2043,PC_Rewetting,DEG,35978916.26004522
2044,FM01_PSA,DE1,0.0
2044,FM01_PSA,DE2,0.0
2044,FM01_PSA,DE3,0.0
2044,FM01_PSA,DE4,0.0
2044,FM01_PSA,DE5,0.0
2044,FM01_PSA,DE6,0.0
2044,FM01_PSA,DE7,0.0
2044,FM01_PSA,DE8,0.0
2044,FM01_PSA,DE9,0.0
2044,FM01_PSA,DEA,0.0
2044,FM01_PSA,DEB,0.0
2044,FM01_PSA,DEC,0.0
2044,FM01_PSA,DEE,0.0
2044,FM01_PSA,DED,0.0
2044,FM01_PSA,DEF,0.0
2044,FM01_PSA,DEG,0.0
2044,FM02_TSA,DE1,216142.2217348044
2044,FM02_TSA,DE2,213729.49808438195
2044,FM02_TSA,DE3,75.89335602483709
2044,FM02_TSA,DE4,13617.052489265308
2044,FM02_TSA,DE5,54.41162590783489
2044,FM02_TSA,DE6,279.60098538693654
2044,FM02_TSA,DE7,194957.66902348006
2044,FM02_TSA,DE8,41309.958116223796
2044,FM02_TSA,DE9,97542.24148583064
2044,FM02_TSA,DEA,118228.26346273461
2044,FM02_TSA,DEB,155130.0765890107
2044,FM02_TSA,DEC,18061.441583601427
2044,FM02_TSA,DEE,23478.171990272545
2044,FM02_TSA,DED,14755.907522890577
2044,FM02_TSA,DEF,27257.946061414463
2044,FM02_TSA,DEG,74603.08308591158
2044,FM03_Beech,DE1,0.0
2044,FM03_Beech,DE2,0.0
2044,FM03_Beech,DE3,0.0
2044,FM03_Beech,DE4,0.0
2044,FM03_Beech,DE5,0.0
2044,FM03_Beech,DE6,0.0
2044,FM03_Beech,DE7,0.0
2044,FM03_Beech,DE8,0.0
2044,FM03_Beech,DE9,0.0
2044,FM03_Beech,DEA,0.0
2044,FM03_Beech,DEB,0.0
2044,FM03_Beech,DEC,0.0
2044,FM03_Beech,DEE,0.0
2044,FM03_Beech,DED,0.0
2044,FM03_Beech,DEF,0.0
2044,FM03_Beech,DEG,0.0
2044,FM04_DouglasFir,DE1,0.0
2044,FM04_DouglasFir,DE2,0.0
2044,FM04_DouglasFir,DE3,0.0
2044,FM04_DouglasFir,DE4,0.0
2044,FM04_DouglasFir,DE5,0.0
2044,FM04_DouglasFir,DE6,0.0
2044,FM04_DouglasFir,DE7,0.0
2044,FM04_DouglasFir,DE8,0.0
2044,FM04_DouglasFir,DE9,0.0
2044,FM04_DouglasFir,DEA,0.0
2044,FM04_DouglasFir,DEB,0.0
2044,FM04_DouglasFir,DEC,0.0
2044,FM04_DouglasFir,DEE,0.0
2044,FM04_DouglasFir,DED,0.0
2044,FM04_DouglasFir,DEF,0.0
2044,FM04_DouglasFir,DEG,0.0
2044,FM05_Oak,DE1,0.0
2044,FM05_Oak,DE2,0.0
2044,FM05_Oak,DE3,0.0
2044,FM05_Oak,DE4,0.0
2044,FM05_Oak,DE5,0.0
2044,FM05_Oak,DE6,0.0
2044,FM05_Oak,DE7,0.0
2044,FM05_Oak,DE8,0.0
2044,FM05_Oak,DE9,0.0
2044,FM05_Oak,DEA,0.0
2044,FM05_Oak,DEB,0.0
2044,FM05_Oak,DEC,0.0
2044,FM05_Oak,DEE,0.0
2044,FM05_Oak,DED,0.0
2044,FM05_Oak,DEF,0.0
2044,FM05_Oak,DEG,0.0
2044,FM06_ScotPine,DE1,0.0
2044,FM06_ScotPine,DE2,0.0
2044,FM06_ScotPine,DE3,0.0
2044,FM06_ScotPine,DE4,0.0
2044,FM06_ScotPine,DE5,0.0
2044,FM06_ScotPine,DE6,0.0
2044,FM06_ScotPine,DE7,0.0
2044,FM06_ScotPine,DE8,0.0
2044,FM06_ScotPine,DE9,0.0
2044,FM06_ScotPine,DEA,0.0
2044,FM06_ScotPine,DEB,0.0
2044,FM06_ScotPine,DEC,0.0
2044,FM06_ScotPine,DEE,0.0
2044,FM06_ScotPine,DED,0.0
2044,FM06_ScotPine,DEF,0.0
2044,FM06_ScotPine,DEG,0.0
2044,PC_Rewetting,DE1,7279331.647982082
2044,PC_Rewetting,DE2,54117310.92859847
2044,PC_Rewetting,DE3,105117.73741137335
2044,PC_Rewetting,DE4,38802129.87411383
2044,PC_Rewetting,DE5,640698.2407496457
2044,PC_Rewetting,DE6,481305.55812011036
2044,PC_Rewetting,DE7,1138234.8371342043
2044,PC_Rewetting,DE8,43198607.196390286
2044,PC_Rewetting,DE9,100857806.02329707
2044,PC_Rewetting,DEA,6918880.557590563
2044,PC_Rewetting,DEB,961705.8393283964
2044,PC_Rewetting,DEC,120084.982353541
2044,PC_Rewetting,DEE,12685494.485913638
2044,PC_Rewetting,DED,4630038.7655272195
2044,PC_Rewetting,DEF,24292804.169844113
2044,PC_Rewetting,DEG,36832296.73745758
2045,FM01_PSA,DE1,0.0
2045,FM01_PSA,DE2,0.0
2045,FM01_PSA,DE3,0.0
2045,FM01_PSA,DE4,0.0
2045,FM01_PSA,DE5,0.0
2045,FM01_PSA,DE6,0.0
2045,FM01_PSA,DE7,0.0
2045,FM01_PSA,DE8,0.0
2045,FM01_PSA,DE9,0.0
2045,FM01_PSA,DEA,0.0
2045,FM01_PSA,DEB,0.0
2045,FM01_PSA,DEC,0.0
2045,FM01_PSA,DEE,0.0
2045,FM01_PSA,DED,0.0
2045,FM01_PSA,DEF,0.0
2045,FM01_PSA,DEG,0.0
2045,FM02_TSA,DE1,229079.13490520456
2045,FM02_TSA,DE2,226522.0008007803
2045,FM02_TSA,DE3,80.43585470567434
2045,FM02_TSA,DE4,14432.083556663836
2045,FM02_TSA,DE5,57.668363412336106
2045,FM02_TSA,DE6,296.3361407919144
2045,FM02_TSA,DE7,206626.60818685615
2045,FM02_TSA,DE8,43782.51223791764
2045,FM02_TSA,DE9,103380.50620995603
2045,FM02_TSA,DEA,125304.66328146703
2045,FM02_TSA,DEB,164415.18671160366
2045,FM02_TSA,DEC,19142.48581283117
2045,FM02_TSA,DEE,24883.42761316766
2045,FM02_TSA,DED,15639.103285578301
2045,FM02_TSA,DEF,28889.43517339664
2045,FM02_TSA,DEG,79068.35414854903
2045,FM03_Beech,DE1,0.0
2045,FM03_Beech,DE2,0.0
2045,FM03_Beech,DE3,0.0
2045,FM03_Beech,DE4,0.0
2045,FM03_Beech,DE5,0.0
2045,FM03_Beech,DE6,0.0
2045,FM03_Beech,DE7,0.0
2045,FM03_Beech,DE8,0.0
2045,FM03_Beech,DE9,0.0
2045,FM03_Beech,DEA,0.0
2045,FM03_Beech,DEB,0.0
2045,FM03_Beech,DEC,0.0
2045,FM03_Beech,DEE,0.0
2045,FM03_Beech,DED,0.0
2045,FM03_Beech,DEF,0.0
2045,FM03_Beech,DEG,0.0
2045,FM04_DouglasFir,DE1,0.0
2045,FM04_DouglasFir,DE2,0.0
2045,FM04_DouglasFir,DE3,0.0
2045,FM04_DouglasFir,DE4,0.0
2045,FM04_DouglasFir,DE5,0.0
2045,FM04_DouglasFir,DE6,0.0
2045,FM04_DouglasFir,DE7,0.0
2045,FM04_DouglasFir,DE8,0.0
2045,FM04_DouglasFir,DE9,0.0
2045,FM04_DouglasFir,DEA,0.0
2045,FM04_DouglasFir,DEB,0.0
2045,FM04_DouglasFir,DEC,0.0
2045,FM04_DouglasFir,DEE,0.0
2045,FM04_DouglasFir,DED,0.0
2045,FM04_DouglasFir,DEF,0.0
2045,FM04_DouglasFir,DEG,0.0
2045,FM05_Oak,DE1,0.0
2045,FM05_Oak,DE2,0.0
2045,FM05_Oak,DE3,0.0
2045,FM05_Oak,DE4,0.0
2045,FM05_Oak,DE5,0.0
2045,FM05_Oak,DE6,0.0
2045,FM05_Oak,DE7,0.0
2045,FM05_Oak,DE8,0.0
2045,FM05_Oak,DE9,0.0
2045,FM05_Oak,DEA,0.0
2045,FM05_Oak,DEB,0.0
2045,FM05_Oak,DEC,0.0
2045,FM05_Oak,DEE,0.0
2045,FM05_Oak,DED,0.0
2045,FM05_Oak,DEF,0.0
2045,FM05_Oak,DEG,0.0
2045,FM06_ScotPine,DE1,0.0
2045,FM06_ScotPine,DE2,0.0
2045,FM06_ScotPine,DE3,0.0
2045,FM06_ScotPine,DE4,0.0
2045,FM06_ScotPine,DE5,0.0
2045,FM06_ScotPine,DE6,0.0
2045,FM06_ScotPine,DE7,0.0
2045,FM06_ScotPine,DE8,0.0
2045,FM06_ScotPine,DE9,0.0
2045,FM06_ScotPine,DEA,0.0
2045,FM06_ScotPine,DEB,0.0
2045,FM06_ScotPine,DEC,0.0
2045,FM06_ScotPine,DEE,0.0
2045,FM06_ScotPine,DED,0.0
2045,FM06_ScotPine,DEF,0.0
2045,FM06_ScotPine,DEG,0.0
2045,PC_Rewetting,DE1,8059822.651117233
2045,PC_Rewetting,DE2,58241760.22107423
2045,PC_Rewetting,DE3,116388.47657906104
2045,PC_Rewetting,DE4,42962499.90995672
2045,PC_Rewetting,DE5,655319.4382667532
2045,PC_Rewetting,DE6,532911.2104021884
2045,PC_Rewetting,DE7,1260276.542719156
2045,PC_Rewetting,DE8,47830368.17325118
2045,PC_Rewetting,DE9,111671794.7249872
2045,PC_Rewetting,DEA,7660723.942135781
2045,PC_Rewetting,DEB,1064820.0799697647
2045,PC_Rewetting,DEC,132960.5117113171
2045,PC_Rewetting,DEE,14045635.058615915
2045,PC_Rewetting,DED,5126472.198624437
2045,PC_Rewetting,DEF,26897482.183208626
2045,PC_Rewetting,DEG,37686831.225379474
2046,FM01_PSA,DE1,0.0
2046,FM01_PSA,DE2,0.0
2046,FM01_PSA,DE3,0.0
2046,FM01_PSA,DE4,0.0
2046,FM01_PSA,DE5,0.0
2046,FM01_PSA,DE6,0.0
2046,FM01_PSA,DE7,0.0
2046,FM01_PSA,DE8,0.0
2046,FM01_PSA,DE9,0.0
2046,FM01_PSA,DEA,0.0
2046,FM01_PSA,DEB,0.0
2046,FM01_PSA,DEC,0.0
2046,FM01_PSA,DEE,0.0
2046,FM01_PSA,DED,0.0
2046,FM01_PSA,DEF,0.0
2046,FM01_PSA,DEG,0.0
2046,FM02_TSA,DE1,242355.25646096971
2046,FM02_TSA,DE2,239649.92543228704
2046,FM02_TSA,DE3,85.09745858747831
2046,FM02_TSA,DE4,15268.484897538967
2046,FM02_TSA,DE5,61.01049320910277
2046,FM02_TSA,DE6,313.51009523411096
2046,FM02_TSA,DE7,218601.5092099429
2046,FM02_TSA,DE8,46319.89721070402
2046,FM02_TSA,DE9,109371.85137331134
2046,FM02_TSA,DEA,132566.607682983
2046,FM02_TSA,DEB,173943.75423173304
2046,FM02_TSA,DEC,20251.875232499715
2046,FM02_TSA,DEE,26325.529312448136
2046,FM02_TSA,DED,16545.456613341747
2046,FM02_TSA,DEF,30563.70224795201
2046,FM02_TSA,DEG,83650.70548894853
2046,FM03_Beech,DE1,0.0
2046,FM03_Beech,DE2,0.0
2046,FM03_Beech,DE3,0.0
2046,FM03_Beech,DE4,0.0
2046,FM03_Beech,DE5,0.0
2046,FM03_Beech,DE6,0.0
2046,FM03_Beech,DE7,0.0
2046,FM03_Beech,DE8,0.0
2046,FM03_Beech,DE9,0.0
2046,FM03_Beech,DEA,0.0
2046,FM03_Beech,DEB,0.0
2046,FM03_Beech,DEC,0.0
2046,FM03_Beech,DEE,0.0
2046,FM03_Beech,DED,0.0
2046,FM03_Beech,DEF,0.0
2046,FM03_Beech,DEG,0.0
2046,FM04_DouglasFir,DE1,0.0
2046,FM04_DouglasFir,DE2,0.0
2046,FM04_DouglasFir,DE3,0.0
2046,FM04_DouglasFir,DE4,0.0
2046,FM04_DouglasFir,DE5,0.0
2046,FM04_DouglasFir,DE6,0.0
2046,FM04_DouglasFir,DE7,0.0
2046,FM04_DouglasFir,DE8,0.0
2046,FM04_DouglasFir,DE9,0.0
2046,FM04_DouglasFir,DEA,0.0
2046,FM04_DouglasFir,DEB,0.0
2046,FM04_DouglasFir,DEC,0.0
2046,FM04_DouglasFir,DEE,0.0
2046,FM04_DouglasFir,DED,0.0
2046,FM04_DouglasFir,DEF,0.0
2046,FM04_DouglasFir,DEG,0.0
2046,FM05_Oak,DE1,0.0
2046,FM05_Oak,DE2,0.0
2046,FM05_Oak,DE3,0.0
2046,FM05_Oak,DE4,0.0
2046,FM05_Oak,DE5,0.0
2046,FM05_Oak,DE6,0.0
2046,FM05_Oak,DE7,0.0
2046,FM05_Oak,DE8,0.0
2046,FM05_Oak,DE9,0.0
2046,FM05_Oak,DEA,0.0
2046,FM05_Oak,DEB,0.0
2046,FM05_Oak,DEC,0.0
2046,FM05_Oak,DEE,0.0
2046,FM05_Oak,DED,0.0
2046,FM05_Oak,DEF,0.0
2046,FM05_Oak,DEG,0.0
2046,FM06_ScotPine,DE1,0.0
2046,FM06_ScotPine,DE2,0.0
2046,FM06_ScotPine,DE3,0.0
2046,FM06_ScotPine,DE4,0.0
2046,FM06_ScotPine,DE5,0.0
2046,FM06_ScotPine,DE6,0.0
2046,FM06_ScotPine,DE7,0.0
2046,FM06_ScotPine,DE8,0.0
2046,FM06_ScotPine,DE9,0.0
2046,FM06_ScotPine,DEA,0.0
2046,FM06_ScotPine,DEB,0.0
2046,FM06_ScotPine,DEC,0.0
2046,FM06_ScotPine,DEE,0.0
2046,FM06_ScotPine,DED,0.0
2046,FM06_ScotPine,DEF,0.0
2046,FM06_ScotPine,DEG,0.0
2046,PC_Rewetting,DE1,8239649.84996628
2046,PC_Rewetting,DE2,59541224.61997659
2046,PC_Rewetting,DE3,118985.28480022198
2046,PC_Rewetting,DE4,43921060.20945525
2046,PC_Rewetting,DE5,669940.6357838607
2046,PC_Rewetting,DE6,544801.2896694532
2046,PC_Rewetting,DE7,1288395.275632086
2046,PC_Rewetting,DE8,48897538.19681518
2046,PC_Rewetting,DE9,114163366.4263889
2046,PC_Rewetting,DEA,7831646.627075896
2046,PC_Rewetting,DEB,1088577.8747188388
2046,PC_Rewetting,DEC,135927.06785201182
2046,PC_Rewetting,DEE,14359015.056908652
2046,PC_Rewetting,DED,5240851.779337464
2046,PC_Rewetting,DEF,27497606.9113164
2046,PC_Rewetting,DEG,38527683.138146736
2047,FM01_PSA,DE1,0.0
2047,FM01_PSA,DE2,0.0
2047,FM01_PSA,DE3,0.0
2047,FM01_PSA,DE4,0.0
2047,FM01_PSA,DE5,0.0
2047,FM01_PSA,DE6,0.0
2047,FM01_PSA,DE7,0.0
2047,FM01_PSA,DE8,0.0
2047,FM01_PSA,DE9,0.0
2047,FM01_PSA,DEA,0.0
2047,FM01_PSA,DEB,0.0
2047,FM01_PSA,DEC,0.0
2047,FM01_PSA,DEE,0.0
2047,FM01_PSA,DED,0.0
2047,FM01_PSA,DEF,0.0
2047,FM01_PSA,DEG,0.0
2047,FM02_TSA,DE1,255973.4397948901
2047,FM02_TSA,DE2,253116.0935202188
2047,FM02_TSA,DE3,89.87916957331622
2047,FM02_TSA,DE4,16126.43627685789
2047,FM02_TSA,DE5,64.43873361101157
2047,FM02_TSA,DE6,331.126539854616
2047,FM02_TSA,DE7,230884.94581851552
2047,FM02_TSA,DE8,48922.65838632268
2047,FM02_TSA,DE9,115517.56467584873
2047,FM02_TSA,DEA,140015.65745291655
2047,FM02_TSA,DEB,183717.82709282494
2047,FM02_TSA,DEC,21389.848279996946
2047,FM02_TSA,DEE,27804.78703425105
2047,FM02_TSA,DED,17475.162305696726
2047,FM02_TSA,DEF,32281.10712975203
2047,FM02_TSA,DEG,88351.12197669134
2047,FM03_Beech,DE1,0.0
2047,FM03_Beech,DE2,0.0
2047,FM03_Beech,DE3,0.0
2047,FM03_Beech,DE4,0.0
2047,FM03_Beech,DE5,0.0
2047,FM03_Beech,DE6,0.0
2047,FM03_Beech,DE7,0.0
2047,FM03_Beech,DE8,0.0
2047,FM03_Beech,DE9,0.0
2047,FM03_Beech,DEA,0.0
2047,FM03_Beech,DEB,0.0
2047,FM03_Beech,DEC,0.0
2047,FM03_Beech,DEE,0.0
2047,FM03_Beech,DED,0.0
2047,FM03_Beech,DEF,0.0
2047,FM03_Beech,DEG,0.0
2047,FM04_DouglasFir,DE1,0.0
2047,FM04_DouglasFir,DE2,0.0
2047,FM04_DouglasFir,DE3,0.0
2047,FM04_DouglasFir,DE4,0.0
2047,FM04_DouglasFir,DE5,0.0
2047,FM04_DouglasFir,DE6,0.0
2047,FM04_DouglasFir,DE7,0.0
2047,FM04_DouglasFir,DE8,0.0
2047,FM04_DouglasFir,DE9,0.0
2047,FM04_DouglasFir,DEA,0.0
2047,FM04_DouglasFir,DEB,0.0
2047,FM04_DouglasFir,DEC,0.0
2047,FM04_DouglasFir,DEE,0.0
2047,FM04_DouglasFir,DED,0.0
2047,FM04_DouglasFir,DEF,0.0
2047,FM04_DouglasFir,DEG,0.0
2047,FM05_Oak,DE1,0.0
2047,FM05_Oak,DE2,0.0
2047,FM05_Oak,DE3,0.0
2047,FM05_Oak,DE4,0.0
2047,FM05_Oak,DE5,0.0
2047,FM05_Oak,DE6,0.0
2047,FM05_Oak,DE7,0.0
2047,FM05_Oak,DE8,0.0
2047,FM05_Oak,DE9,0.0
2047,FM05_Oak,DEA,0.0
2047,FM05_Oak,DEB,0.0
2047,FM05_Oak,DEC,0.0
2047,FM05_Oak,DEE,0.0
2047,FM05_Oak,DED,0.0
2047,FM05_Oak,DEF,0.0
2047,FM05_Oak,DEG,0.0
2047,FM06_ScotPine,DE1,0.0
2047,FM06_ScotPine,DE2,0.0
2047,FM06_ScotPine,DE3,0.0
2047,FM06_ScotPine,DE4,0.0
2047,FM06_ScotPine,DE5,0.0
2047,FM06_ScotPine,DE6,0.0
2047,FM06_ScotPine,DE7,0.0
2047,FM06_ScotPine,DE8,0.0
2047,FM06_ScotPine,DE9,0.0
2047,FM06_ScotPine,DEA,0.0
2047,FM06_ScotPine,DEB,0.0
2047,FM06_ScotPine,DEC,0.0
2047,FM06_ScotPine,DEE,0.0
2047,FM06_ScotPine,DED,0.0
2047,FM06_ScotPine,DEF,0.0
2047,FM06_ScotPine,DEG,0.0
2047,PC_Rewetting,DE1,8419477.048815329
2047,PC_Rewetting,DE2,60840689.018878944
2047,PC_Rewetting,DE3,121582.09302138294
2047,PC_Rewetting,DE4,44879620.50895378
2047,PC_Rewetting,DE5,684561.833300968
2047,PC_Rewetting,DE6,556691.3689367181
2047,PC_Rewetting,DE7,1316514.008545016
2047,PC_Rewetting,DE8,49964708.220379174
2047,PC_Rewetting,DE9,116654938.12779063
2047,PC_Rewetting,DEA,8002569.312016011
2047,PC_Rewetting,DEB,1112335.6694679128
2047,PC_Rewetting,DEC,138893.62399270653
2047,PC_Rewetting,DEE,14672395.055201389
2047,PC_Rewetting,DED,5355231.360050492
2047,PC_Rewetting,DEF,28097731.639424168
2047,PC_Rewetting,DEG,39368535.050914
2048,FM01_PSA,DE1,0.0
2048,FM01_PSA,DE2,0.0
2048,FM01_PSA,DE3,0.0
2048,FM01_PSA,DE4,0.0
2048,FM01_PSA,DE5,0.0
2048,FM01_PSA,DE6,0.0
2048,FM01_PSA,DE7,0.0
2048,FM01_PSA,DE8,0.0
2048,FM01_PSA,DE9,0.0
2048,FM01_PSA,DEA,0.0
2048,FM01_PSA,DEB,0.0
2048,FM01_PSA,DEC,0.0
2048,FM01_PSA,DEE,0.0
2048,FM01_PSA,DED,0.0
2048,FM01_PSA,DEF,0.0
2048,FM01_PSA,DEG,0.0
2048,FM02_TSA,DE1,256963.56709311254
2048,FM02_TSA,DE2,254095.1683571027
2048,FM02_TSA,DE3,90.22682993763921
2048,FM02_TSA,DE4,16188.814720471244
2048,FM02_TSA,DE5,64.68798817922877
2048,FM02_TSA,DE6,332.40736581272597
2048,FM02_TSA,DE7,242451.9495791942
2048,FM02_TSA,DE8,49111.89544001357
2048,FM02_TSA,DE9,121818.93381752046
2048,FM02_TSA,DEA,147653.37337690147
2048,FM02_TSA,DEB,193739.45323830537
2048,FM02_TSA,DEC,22556.64339271276
2048,FM02_TSA,DEE,29321.510724713466
2048,FM02_TSA,DED,18428.415162159035
2048,FM02_TSA,DEF,34042.009663468154
2048,FM02_TSA,DEG,93170.5884813587
2048,FM03_Beech,DE1,0.0
2048,FM03_Beech,DE2,0.0
2048,FM03_Beech,DE3,0.0
2048,FM03_Beech,DE4,0.0
2048,FM03_Beech,DE5,0.0
2048,FM03_Beech,DE6,0.0
2048,FM03_Beech,DE7,0.0
2048,FM03_Beech,DE8,0.0
2048,FM03_Beech,DE9,0.0
2048,FM03_Beech,DEA,0.0
2048,FM03_Beech,DEB,0.0
2048,FM03_Beech,DEC,0.0
2048,FM03_Beech,DEE,0.0
2048,FM03_Beech,DED,0.0
2048,FM03_Beech,DEF,0.0
2048,FM03_Beech,DEG,0.0
2048,FM04_DouglasFir,DE1,0.0
2048,FM04_DouglasFir,DE2,0.0
2048,FM04_DouglasFir,DE3,0.0
2048,FM04_DouglasFir,DE4,0.0
2048,FM04_DouglasFir,DE5,0.0
2048,FM04_DouglasFir,DE6,0.0
2048,FM04_DouglasFir,DE7,0.0
2048,FM04_DouglasFir,DE8,0.0
2048,FM04_DouglasFir,DE9,0.0
2048,FM04_DouglasFir,DEA,0.0
2048,FM04_DouglasFir,DEB,0.0
2048,FM04_DouglasFir,DEC,0.0
2048,FM04_DouglasFir,DEE,0.0
2048,FM04_DouglasFir,DED,0.0
2048,FM04_DouglasFir,DEF,0.0
2048,FM04_DouglasFir,DEG,0.0
2048,FM05_Oak,DE1,0.0
2048,FM05_Oak,DE2,0.0
2048,FM05_Oak,DE3,0.0
2048,FM05_Oak,DE4,0.0
2048,FM05_Oak,DE5,0.0
2048,FM05_Oak,DE6,0.0
2048,FM05_Oak,DE7,0.0
2048,FM05_Oak,DE8,0.0
2048,FM05_Oak,DE9,0.0
2048,FM05_Oak,DEA,0.0
2048,FM05_Oak,DEB,0.0
2048,FM05_Oak,DEC,0.0
2048,FM05_Oak,DEE,0.0
2048,FM05_Oak,DED,0.0
2048,FM05_Oak,DEF,0.0
2048,FM05_Oak,DEG,0.0
2048,FM06_ScotPine,DE1,0.0
2048,FM06_ScotPine,DE2,0.0
2048,FM06_ScotPine,DE3,0.0
2048,FM06_ScotPine,DE4,0.0
2048,FM06_ScotPine,DE5,0.0
2048,FM06_ScotPine,DE6,0.0
2048,FM06_ScotPine,DE7,0.0
2048,FM06_ScotPine,DE8,0.0
2048,FM06_ScotPine,DE9,0.0
2048,FM06_ScotPine,DEA,0.0
2048,FM06_ScotPine,DEB,0.0
2048,FM06_ScotPine,DEC,0.0
2048,FM06_ScotPine,DEE,0.0
2048,FM06_ScotPine,DED,0.0
2048,FM06_ScotPine,DEF,0.0
2048,FM06_ScotPine,DEG,0.0
2048,PC_Rewetting,DE1,8599304.247664377
2048,PC_Rewetting,DE2,62140153.41778131
2048,PC_Rewetting,DE3,124178.90124254391
2048,PC_Rewetting,DE4,45838180.808452316
2048,PC_Rewetting,DE5,699183.0308180756
2048,PC_Rewetting,DE6,568581.448203983
2048,PC_Rewetting,DE7,1344632.741457946
2048,PC_Rewetting,DE8,51031878.24394318
2048,PC_Rewetting,DE9,119146509.82919237
2048,PC_Rewetting,DEA,8173491.996956127
2048,PC_Rewetting,DEB,1136093.4642169871
2048,PC_Rewetting,DEC,141860.18013340124
2048,PC_Rewetting,DEE,14985775.053494127
2048,PC_Rewetting,DED,5469610.94076352
2048,PC_Rewetting,DEF,28697856.36753194
2048,PC_Rewetting,DEG,40209386.96368126
2049,FM01_PSA,DE1,0.0
2049,FM01_PSA,DE2,0.0
2049,FM01_PSA,DE3,0.0
2049,FM01_PSA,DE4,0.0
2049,FM01_PSA,DE5,0.0
2049,FM01_PSA,DE6,0.0
2049,FM01_PSA,DE7,0.0
2049,FM01_PSA,DE8,0.0
2049,FM01_PSA,DE9,0.0
2049,FM01_PSA,DEA,0.0
2049,FM01_PSA,DEB,0.0
2049,FM01_PSA,DEC,0.0
2049,FM01_PSA,DEE,0.0
2049,FM01_PSA,DED,0.0
2049,FM01_PSA,DEF,0.0
2049,FM01_PSA,DEG,0.0
2049,FM02_TSA,DE1,271224.44694727735
2049,FM02_TSA,DE2,268196.8587580278
2049,FM02_TSA,DE3,90.57449030196223
2049,FM02_TSA,DE4,17087.256255672688
2049,FM02_TSA,DE5,68.27802095261931
2049,FM02_TSA,DE6,350.8552008895833
2049,FM02_TSA,DE7,248341.45747309132
2049,FM02_TSA,DE8,51837.49132196422
2049,FM02_TSA,DE9,124251.4979642375
2049,FM02_TSA,DEA,150601.81735816717
2049,FM02_TSA,DEB,197608.1757183266
2049,FM02_TSA,DEC,23007.069941918886
2049,FM02_TSA,DEE,29907.022791526993
2049,FM02_TSA,DED,18796.406414417368
2049,FM02_TSA,DEF,34721.783895555855
2049,FM02_TSA,DEG,95031.08279013162
2049,FM03_Beech,DE1,525369.3290382908
2049,FM03_Beech,DE2,763936.525514494
2049,FM03_Beech,DE3,193.12311931814875
2049,FM03_Beech,DE4,25576.679217494162
2049,FM03_Beech,DE5,138.45932599230878
2049,FM03_Beech,DE6,711.4906665173947
2049,FM03_Beech,DE7,387568.39713578275
2049,FM03_Beech,DE8,88973.77229393665
2049,FM03_Beech,DE9,273888.20600026
2049,FM03_Beech,DEA,404863.30487392226
2049,FM03_Beech,DEB,306020.9513938432
2049,FM03_Beech,DEC,32561.842589431355
2049,FM03_Beech,DEE,49287.78066308651
2049,FM03_Beech,DED,27946.272029501313
2049,FM03_Beech,DEF,67061.22544350682
2049,FM03_Beech,DEG,141117.51076151492
2049,FM04_DouglasFir,DE1,48114.85263606983
2049,FM04_DouglasFir,DE2,46236.206453975436
2049,FM04_DouglasFir,DE3,0.0
2049,FM04_DouglasFir,DE4,3557.467512077476
2049,FM04_DouglasFir,DE5,0.0
2049,FM04_DouglasFir,DE6,80.7491910319937
2049,FM04_DouglasFir,DE7,25903.63549516996
2049,FM04_DouglasFir,DE8,8398.817758381441
2049,FM04_DouglasFir,DE9,30210.672568695758
2049,FM04_DouglasFir,DEA,28692.705594421812
2049,FM04_DouglasFir,DEB,48701.91128262592
2049,FM04_DouglasFir,DEC,4605.063653026787
2049,FM04_DouglasFir,DEE,1797.4021598895445
2049,FM04_DouglasFir,DED,1911.2117322562012
2049,FM04_DouglasFir,DEF,3534.12884081748
2049,FM04_DouglasFir,DEG,3968.016040438548
2049,FM05_Oak,DE1,109763.0815576459
2049,FM05_Oak,DE2,238219.98330424752
2049,FM05_Oak,DE3,4538.945800684335
2049,FM05_Oak,DE4,85990.05361993356
2049,FM05_Oak,DE5,225.8092496797732
2049,FM05_Oak,DE6,982.6762706053324
2049,FM05_Oak,DE7,91056.03385662178
2049,FM05_Oak,DE8,60366.201317733154
2049,FM05_Oak,DE9,193252.99333250942
2049,FM05_Oak,DEA,258578.2428136438
2049,FM05_Oak,DEB,119224.1605259828
2049,FM05_Oak,DEC,19794.886668754538
2049,FM05_Oak,DEE,72024.27062043767
2049,FM05_Oak,DED,59306.76386908549
2049,FM05_Oak,DEF,30482.173971440996
2049,FM05_Oak,DEG,39932.25934019903
2049,FM06_ScotPine,DE1,22058.054918485395
2049,FM06_ScotPine,DE2,533599.8733173802
2049,FM06_ScotPine,DE3,11103.483442193254
2049,FM06_ScotPine,DE4,801642.2901957047
2049,FM06_ScotPine,DE5,113.38414596250774
2049,FM06_ScotPine,DE6,560.0093169268272
2049,FM06_ScotPine,DE7,51993.12650828473
2049,FM06_ScotPine,DE8,242860.79002760732
2049,FM06_ScotPine,DE9,465588.18015584967
2049,FM06_ScotPine,DEA,81549.74967570705
2049,FM06_ScotPine,DEB,50986.88840983335
2049,FM06_ScotPine,DEC,1273.1178664021463
2049,FM06_ScotPine,DEE,249114.77767752943
2049,FM06_ScotPine,DED,148544.65533485246
2049,FM06_ScotPine,DEF,8794.89288527332
2049,FM06_ScotPine,DEG,60143.27899566592
2049,PC_Rewetting,DE1,9554345.317639517
2049,PC_Rewetting,DE2,67085529.98850593
2049,PC_Rewetting,DE3,137970.24380880184
2049,PC_Rewetting,DE4,50928981.64352085
2049,PC_Rewetting,DE5,713804.2283351831
2049,PC_Rewetting,DE6,631728.2585762562
2049,PC_Rewetting,DE7,1493968.0196549457
2049,PC_Rewetting,DE8,56699492.52961913
2049,PC_Rewetting,DE9,132378953.63555977
2049,PC_Rewetting,DEA,9081242.242486324
2049,PC_Rewetting,DEB,1262268.3135313664
2049,PC_Rewetting,DEC,157615.21034509162
2049,PC_Rewetting,DEE,16650099.309189929
2049,PC_Rewetting,DED,6077067.420354099
2049,PC_Rewetting,DEF,31885048.105594307
2049,PC_Rewetting,DEG,41067897.54337153
2050,FM01_PSA,DE1,0.0
2050,FM01_PSA,DE2,0.0
2050,FM01_PSA,DE3,10.588768154349701
2050,FM01_PSA,DE4,0.0
2050,FM01_PSA,DE5,0.0
2050,FM01_PSA,DE6,0.0
2050,FM01_PSA,DE7,0.0
2050,FM01_PSA,DE8,0.0
2050,FM01_PSA,DE9,0.0
2050,FM01_PSA,DEA,0.0
2050,FM01_PSA,DEB,0.0
2050,FM01_PSA,DEC,0.0
2050,FM01_PSA,DEE,0.0
2050,FM01_PSA,DED,0.0
2050,FM01_PSA,DEF,0.0
2050,FM01_PSA,DEG,0.0
2050,FM02_TSA,DE1,276383.628657869
2050,FM02_TSA,DE2,273298.4502410829
2050,FM02_TSA,DE3,90.92215066628525
2050,FM02_TSA,DE4,17152.84383684839
2050,FM02_TSA,DE5,68.54009873589476
2050,FM02_TSA,DE6,352.20192055159004
2050,FM02_TSA,DE7,249294.68924170258
2050,FM02_TSA,DE8,52823.53457935252
2050,FM02_TSA,DE9,124728.42387246963
2050,FM02_TSA,DEA,151179.88611147614
2050,FM02_TSA,DEB,198366.67328352848
2050,FM02_TSA,DEC,23095.380086324298
2050,FM02_TSA,DEE,30021.817657110616
2050,FM02_TSA,DED,18868.55438323523
2050,FM02_TSA,DEF,34855.05969980085
2050,FM02_TSA,DEG,95395.84930170327
2050,FM03_Beech,DE1,1070039.2846772396
2050,FM03_Beech,DE2,1546958.2311616046
2050,FM03_Beech,DE3,393.0232085145076
2050,FM03_Beech,DE4,52369.30617248929
2050,FM03_Beech,DE5,281.7773902077784
2050,FM03_Beech,DE6,1447.9485706842224
2050,FM03_Beech,DE7,792545.7259580992
2050,FM03_Beech,DE8,181636.356843483
2050,FM03_Beech,DE9,556486.5398302372
2050,FM03_Beech,DEA,820283.9157125171
2050,FM03_Beech,DEB,625894.3914812171
2050,FM03_Beech,DEC,66736.49889511292
2050,FM03_Beech,DEE,100672.06716947032
2050,FM03_Beech,DED,57210.18694694603
2050,FM03_Beech,DEF,136556.47527433452
2050,FM03_Beech,DEG,288896.7752439928
2050,FM04_DouglasFir,DE1,98061.24080594514
2050,FM04_DouglasFir,DE2,93646.54925291447
2050,FM04_DouglasFir,DE3,11.294862587799571
2050,FM04_DouglasFir,DE4,7293.35485972518
2050,FM04_DouglasFir,DE5,17.106738430743903
2050,FM04_DouglasFir,DE6,164.42652772410574
2050,FM04_DouglasFir,DE7,53029.37706218965
2050,FM04_DouglasFir,DE8,17161.270032707027
2050,FM04_DouglasFir,DE9,61408.81331977002
2050,FM04_DouglasFir,DEA,58147.283142399225
2050,FM04_DouglasFir,DEB,99720.68203536571
2050,FM04_DouglasFir,DEC,9451.559077544956
2050,FM04_DouglasFir,DEE,3674.7880434048534
2050,FM04_DouglasFir,DED,3917.4245252651667
2050,FM04_DouglasFir,DEF,7201.07334946643
2050,FM04_DouglasFir,DEG,8133.5330024148825
2050,FM05_Oak,DE1,223589.35779148474
2050,FM05_Oak,DE2,482412.36445314327
2050,FM05_Oak,DE3,9238.29450892906
2050,FM05_Oak,DE4,176114.9570166186
2050,FM05_Oak,DE5,459.59842725320055
2050,FM05_Oak,DE6,2000.079576499769
2050,FM05_Oak,DE7,186245.16364757498
2050,FM05_Oak,DE8,123258.42626709914
2050,FM05_Oak,DE9,392688.096367999
2050,FM05_Oak,DEA,523925.6159052357
2050,FM05_Oak,DEB,243902.59166238268
2050,FM05_Oak,DEC,40582.13728392943
2050,FM05_Oak,DEE,147141.81035057266
2050,FM05_Oak,DED,121441.39709378012
2050,FM05_Oak,DEF,62078.994721366886
2050,FM05_Oak,DEG,81770.95200511516
2050,FM06_ScotPine,DE1,44939.481403574166
2050,FM06_ScotPine,DE2,1080629.1138778876
2050,FM06_ScotPine,DE3,22602.387732670042
2050,FM06_ScotPine,DE4,1642316.6767540982
2050,FM06_ScotPine,DE5,230.80616485127467
2050,FM06_ScotPine,DE6,1139.961867010955
2050,FM06_ScotPine,DE7,106373.51712743875
2050,FM06_ScotPine,DE8,495987.7359901858
2050,FM06_ScotPine,DE9,946166.6077739745
2050,FM06_ScotPine,DEA,165243.4412296181
2050,FM06_ScotPine,DEB,104333.58815520503
2050,FM06_ScotPine,DEC,2610.9131081385
2050,FM06_ScotPine,DEE,509042.04668935126
2050,FM06_ScotPine,DED,304260.24481144256
2050,FM06_ScotPine,DEF,17914.024991396138
2050,FM06_ScotPine,DEG,123193.64620440152
2050,PC_Rewetting,DE1,10568190.46241626
2050,PC_Rewetting,DE2,72307468.2927822
2050,PC_Rewetting,DE3,152610.7510501474
2050,PC_Rewetting,DE4,56333234.79233463
2050,PC_Rewetting,DE5,728425.4258522905
2050,PC_Rewetting,DE6,698763.163269657
2050,PC_Rewetting,DE7,1652498.2143279912
2050,PC_Rewetting,DE8,62716074.85958056
2050,PC_Rewetting,DE9,145510630.66911134
2050,PC_Rewetting,DEA,10044884.75801149
2050,PC_Rewetting,DEB,1396212.0384579294
2050,PC_Rewetting,DEC,174340.31399571156
2050,PC_Rewetting,DEE,18416899.83643352
2050,PC_Rewetting,DED,6721926.392243249
2050,PC_Rewetting,DEF,35268482.56793759
2050,PC_Rewetting,DEG,41927747.62640315
