year,techAgri,r,costTechAgri
2020,Agri01_AGC,DE1,0.0
2020,Agri01_AGC,DE2,0.0
2020,Agri01_AGC,DE3,0.0
2020,Agri01_AGC,DE4,0.0
2020,Agri01_AGC,DE5,0.0
2020,Agri01_AGC,DE6,0.0
2020,Agri01_AGC,DE7,0.0
2020,Agri01_AGC,DE8,0.0
2020,Agri01_AGC,DE9,0.0
2020,Agri01_AGC,DEA,0.0
2020,Agri01_AGC,DEB,0.0
2020,Agri01_AGC,DEC,0.0
2020,Agri01_AGC,DEE,0.0
2020,Agri01_AGC,DED,0.0
2020,Agri01_AGC,DEF,0.0
2020,Agri01_AGC,DEG,0.0
2020,Agri02_OFC,DE1,0.0
2020,Agri02_OFC,DE2,0.0
2020,Agri02_OFC,DE3,0.0
2020,Agri02_OFC,DE4,0.0
2020,Agri02_OFC,DE5,0.0
2020,Agri02_OFC,DE6,0.0
2020,Agri02_OFC,DE7,0.0
2020,Agri02_OFC,DE8,0.0
2020,Agri02_OFC,DE9,0.0
2020,Agri02_OFC,DEA,0.0
2020,Agri02_OFC,DEB,0.0
2020,Agri02_OFC,DEC,0.0
2020,Agri02_OFC,DEE,0.0
2020,Agri02_OFC,DED,0.0
2020,Agri02_OFC,DEF,0.0
2020,Agri02_OFC,DEG,0.0
2020,Agri03_No-till,DE1,0.0
2020,Agri03_No-till,DE2,0.0
2020,Agri03_No-till,DE3,0.0
2020,Agri03_No-till,DE4,0.0
2020,Agri03_No-till,DE5,0.0
2020,Agri03_No-till,DE6,0.0
2020,Agri03_No-till,DE7,0.0
2020,Agri03_No-till,DE8,0.0
2020,Agri03_No-till,DE9,0.0
2020,Agri03_No-till,DEA,0.0
2020,Agri03_No-till,DEB,0.0
2020,Agri03_No-till,DEC,0.0
2020,Agri03_No-till,DEE,0.0
2020,Agri03_No-till,DED,0.0
2020,Agri03_No-till,DEF,0.0
2020,Agri03_No-till,DEG,0.0
2020,Agri04_toGrassland,DE1,0.0
2020,Agri04_toGrassland,DE2,0.0
2020,Agri04_toGrassland,DE3,0.0
2020,Agri04_toGrassland,DE4,0.0
2020,Agri04_toGrassland,DE5,0.0
2020,Agri04_toGrassland,DE6,0.0
2020,Agri04_toGrassland,DE7,0.0
2020,Agri04_toGrassland,DE8,0.0
2020,Agri04_toGrassland,DE9,0.0
2020,Agri04_toGrassland,DEA,0.0
2020,Agri04_toGrassland,DEB,0.0
2020,Agri04_toGrassland,DEC,0.0
2020,Agri04_toGrassland,DEE,0.0
2020,Agri04_toGrassland,DED,0.0
2020,Agri04_toGrassland,DEF,0.0
2020,Agri04_toGrassland,DEG,0.0
2020,Agri05_Agroforestry,DE1,0.0
2020,Agri05_Agroforestry,DE2,0.0
2020,Agri05_Agroforestry,DE3,0.0
2020,Agri05_Agroforestry,DE4,0.0
2020,Agri05_Agroforestry,DE5,0.0
2020,Agri05_Agroforestry,DE6,0.0
2020,Agri05_Agroforestry,DE7,0.0
2020,Agri05_Agroforestry,DE8,0.0
2020,Agri05_Agroforestry,DE9,0.0
2020,Agri05_Agroforestry,DEA,0.0
2020,Agri05_Agroforestry,DEB,0.0
2020,Agri05_Agroforestry,DEC,0.0
2020,Agri05_Agroforestry,DEE,0.0
2020,Agri05_Agroforestry,DED,0.0
2020,Agri05_Agroforestry,DEF,0.0
2020,Agri05_Agroforestry,DEG,0.0
2020,Agri06_Biochar,DE1,0.0
2020,Agri06_Biochar,DE2,0.0
2020,Agri06_Biochar,DE3,0.0
2020,Agri06_Biochar,DE4,0.0
2020,Agri06_Biochar,DE5,0.0
2020,Agri06_Biochar,DE6,0.0
2020,Agri06_Biochar,DE7,0.0
2020,Agri06_Biochar,DE8,0.0
2020,Agri06_Biochar,DE9,0.0
2020,Agri06_Biochar,DEA,0.0
2020,Agri06_Biochar,DEB,0.0
2020,Agri06_Biochar,DEC,0.0
2020,Agri06_Biochar,DEE,0.0
2020,Agri06_Biochar,DED,0.0
2020,Agri06_Biochar,DEF,0.0
2020,Agri06_Biochar,DEG,0.0
2021,Agri01_AGC,DE1,2069801.4906624784
2021,Agri01_AGC,DE2,4512971.6817470845
2021,Agri01_AGC,DE3,0.0
2021,Agri01_AGC,DE4,1784629.2477030272
2021,Agri01_AGC,DE5,0.0
2021,Agri01_AGC,DE6,0.0
2021,Agri01_AGC,DE7,1163936.5971563193
2021,Agri01_AGC,DE8,1968882.272901476
2021,Agri01_AGC,DE9,3726514.668301209
2021,Agri01_AGC,DEA,2162672.6858744198
2021,Agri01_AGC,DEB,1076087.666959804
2021,Agri01_AGC,DEC,0.0
2021,Agri01_AGC,DEE,1650441.8978772943
2021,Agri01_AGC,DED,1228161.46317642
2021,Agri01_AGC,DEF,1423099.4389174897
2021,Agri01_AGC,DEG,1137707.117575714
2021,Agri02_OFC,DE1,0.0
2021,Agri02_OFC,DE2,0.0
2021,Agri02_OFC,DE3,0.0
2021,Agri02_OFC,DE4,0.0
2021,Agri02_OFC,DE5,0.0
2021,Agri02_OFC,DE6,0.0
2021,Agri02_OFC,DE7,0.0
2021,Agri02_OFC,DE8,0.0
2021,Agri02_OFC,DE9,0.0
2021,Agri02_OFC,DEA,0.0
2021,Agri02_OFC,DEB,0.0
2021,Agri02_OFC,DEC,0.0
2021,Agri02_OFC,DEE,0.0
2021,Agri02_OFC,DED,0.0
2021,Agri02_OFC,DEF,0.0
2021,Agri02_OFC,DEG,0.0
2021,Agri03_No-till,DE1,0.0
2021,Agri03_No-till,DE2,0.0
2021,Agri03_No-till,DE3,0.0
2021,Agri03_No-till,DE4,0.0
2021,Agri03_No-till,DE5,0.0
2021,Agri03_No-till,DE6,0.0
2021,Agri03_No-till,DE7,0.0
2021,Agri03_No-till,DE8,0.0
2021,Agri03_No-till,DE9,0.0
2021,Agri03_No-till,DEA,0.0
2021,Agri03_No-till,DEB,0.0
2021,Agri03_No-till,DEC,0.0
2021,Agri03_No-till,DEE,0.0
2021,Agri03_No-till,DED,0.0
2021,Agri03_No-till,DEF,0.0
2021,Agri03_No-till,DEG,0.0
2021,Agri04_toGrassland,DE1,22527.652257611713
2021,Agri04_toGrassland,DE2,49119.03733449681
2021,Agri04_toGrassland,DE3,45.868401173935915
2021,Agri04_toGrassland,DE4,19423.846819314593
2021,Agri04_toGrassland,DE5,147.47144848872588
2021,Agri04_toGrassland,DE6,242.2279434602408
2021,Agri04_toGrassland,DE7,12668.248152750633
2021,Agri04_toGrassland,DE8,21429.25076641248
2021,Agri04_toGrassland,DE9,40559.26472132805
2021,Agri04_toGrassland,DEA,23538.459332551905
2021,Agri04_toGrassland,DEB,11712.103247261712
2021,Agri04_toGrassland,DEC,1245.368353560092
2021,Agri04_toGrassland,DEE,17963.356058301055
2021,Agri04_toGrassland,DED,13367.269510363747
2021,Agri04_toGrassland,DEF,15488.968112432094
2021,Agri04_toGrassland,DEG,12382.767348163481
2021,Agri05_Agroforestry,DE1,156121.60081221577
2021,Agri05_Agroforestry,DE2,340405.7667139088
2021,Agri05_Agroforestry,DE3,317.8781408769392
2021,Agri05_Agroforestry,DE4,134611.5442783451
2021,Agri05_Agroforestry,DE5,1022.0096772124517
2021,Agri05_Agroforestry,DE6,1678.6930951353777
2021,Agri05_Agroforestry,DE7,87793.75491405516
2021,Agri05_Agroforestry,DE8,148509.43611881736
2021,Agri05_Agroforestry,DE9,281084.65381343185
2021,Agri05_Agroforestry,DEA,163126.71687346246
2021,Agri05_Agroforestry,DEB,81167.4597481691
2021,Agri05_Agroforestry,DEC,8630.677477409163
2021,Agri05_Agroforestry,DEE,124490.02105109257
2021,Agri05_Agroforestry,DED,92638.12715953022
2021,Agri05_Agroforestry,DEF,107341.96661905621
2021,Agri05_Agroforestry,DEG,85815.30994768073
2021,Agri06_Biochar,DE1,0.0
2021,Agri06_Biochar,DE2,0.0
2021,Agri06_Biochar,DE3,0.0
2021,Agri06_Biochar,DE4,0.0
2021,Agri06_Biochar,DE5,0.0
2021,Agri06_Biochar,DE6,0.0
2021,Agri06_Biochar,DE7,0.0
2021,Agri06_Biochar,DE8,0.0
2021,Agri06_Biochar,DE9,0.0
2021,Agri06_Biochar,DEA,0.0
2021,Agri06_Biochar,DEB,0.0
2021,Agri06_Biochar,DEC,0.0
2021,Agri06_Biochar,DEE,0.0
2021,Agri06_Biochar,DED,0.0
2021,Agri06_Biochar,DEF,0.0
2021,Agri06_Biochar,DEG,0.0
2022,Agri01_AGC,DE1,4070826.213729462
2022,Agri01_AGC,DE2,8712522.736068286
2022,Agri01_AGC,DE3,0.0
2022,Agri01_AGC,DE4,3538570.1663726727
2022,Agri01_AGC,DE5,0.0
2022,Agri01_AGC,DE6,26737.25511539696
2022,Agri01_AGC,DE7,2231693.5513733802
2022,Agri01_AGC,DE8,3877547.391497535
2022,Agri01_AGC,DE9,7216813.811433352
2022,Agri01_AGC,DEA,4245723.251387097
2022,Agri01_AGC,DEB,2139309.025937961
2022,Agri01_AGC,DEC,0.0
2022,Agri01_AGC,DEE,3232735.73260796
2022,Agri01_AGC,DED,2429143.4341449817
2022,Agri01_AGC,DEF,2703747.179690908
2022,Agri01_AGC,DEG,2161539.94815693
2022,Agri02_OFC,DE1,0.0
2022,Agri02_OFC,DE2,0.0
2022,Agri02_OFC,DE3,0.0
2022,Agri02_OFC,DE4,0.0
2022,Agri02_OFC,DE5,0.0
2022,Agri02_OFC,DE6,0.0
2022,Agri02_OFC,DE7,0.0
2022,Agri02_OFC,DE8,0.0
2022,Agri02_OFC,DE9,0.0
2022,Agri02_OFC,DEA,0.0
2022,Agri02_OFC,DEB,0.0
2022,Agri02_OFC,DEC,0.0
2022,Agri02_OFC,DEE,0.0
2022,Agri02_OFC,DED,0.0
2022,Agri02_OFC,DEF,0.0
2022,Agri02_OFC,DEG,0.0
2022,Agri03_No-till,DE1,0.0
2022,Agri03_No-till,DE2,0.0
2022,Agri03_No-till,DE3,0.0
2022,Agri03_No-till,DE4,0.0
2022,Agri03_No-till,DE5,0.0
2022,Agri03_No-till,DE6,0.0
2022,Agri03_No-till,DE7,0.0
2022,Agri03_No-till,DE8,0.0
2022,Agri03_No-till,DE9,0.0
2022,Agri03_No-till,DEA,0.0
2022,Agri03_No-till,DEB,0.0
2022,Agri03_No-till,DEC,0.0
2022,Agri03_No-till,DEE,0.0
2022,Agri03_No-till,DED,0.0
2022,Agri03_No-till,DEF,0.0
2022,Agri03_No-till,DEG,0.0
2022,Agri04_toGrassland,DE1,45142.08234820464
2022,Agri04_toGrassland,DE2,96614.64237547961
2022,Agri04_toGrassland,DE3,1624.418047347237
2022,Agri04_toGrassland,DE4,39239.80476163634
2022,Agri04_toGrassland,DE5,992.4822087422297
2022,Agri04_toGrassland,DE6,534.9060577668802
2022,Agri04_toGrassland,DE7,24747.628314930953
2022,Agri04_toGrassland,DE8,42998.78070591609
2022,Agri04_toGrassland,DE9,80028.47241885125
2022,Agri04_toGrassland,DEA,47081.54526356325
2022,Agri04_toGrassland,DEB,23723.160642781222
2022,Agri04_toGrassland,DEC,3449.879890207284
2022,Agri04_toGrassland,DEE,35848.35485219034
2022,Agri04_toGrassland,DED,26937.183555009145
2022,Agri04_toGrassland,DEF,29982.31106567311
2022,Agri04_toGrassland,DEG,23969.683109915935
2022,Agri05_Agroforestry,DE1,392119.49029691186
2022,Agri05_Agroforestry,DE2,773258.0513940122
2022,Agri05_Agroforestry,DE3,17403.068862772416
2022,Agri05_Agroforestry,DE4,352397.7842726719
2022,Agri05_Agroforestry,DE5,33986.73687626523
2022,Agri05_Agroforestry,DE6,6448.510241528552
2022,Agri05_Agroforestry,DE7,191758.95905858287
2022,Agri05_Agroforestry,DE8,375603.1680194787
2022,Agri05_Agroforestry,DE9,649796.7074482288
2022,Agri05_Agroforestry,DEA,405834.7906155825
2022,Agri05_Agroforestry,DEB,215305.6895459609
2022,Agri05_Agroforestry,DEC,64699.471566665394
2022,Agri05_Agroforestry,DEE,306020.9336696948
2022,Agri05_Agroforestry,DED,239486.63477992534
2022,Agri05_Agroforestry,DEF,222030.15645411238
2022,Agri05_Agroforestry,DEG,177508.48575704262
2022,Agri06_Biochar,DE1,0.0
2022,Agri06_Biochar,DE2,0.0
2022,Agri06_Biochar,DE3,0.0
2022,Agri06_Biochar,DE4,0.0
2022,Agri06_Biochar,DE5,0.0
2022,Agri06_Biochar,DE6,0.0
2022,Agri06_Biochar,DE7,0.0
2022,Agri06_Biochar,DE8,0.0
2022,Agri06_Biochar,DE9,0.0
2022,Agri06_Biochar,DEA,0.0
2022,Agri06_Biochar,DEB,0.0
2022,Agri06_Biochar,DEC,0.0
2022,Agri06_Biochar,DEE,0.0
2022,Agri06_Biochar,DED,0.0
2022,Agri06_Biochar,DEF,0.0
2022,Agri06_Biochar,DEG,0.0
2023,Agri01_AGC,DE1,5995497.374483942
2023,Agri01_AGC,DE2,12599374.920117484
2023,Agri01_AGC,DE3,0.0
2023,Agri01_AGC,DE4,5252271.770975148
2023,Agri01_AGC,DE5,0.0
2023,Agri01_AGC,DE6,56647.86324001611
2023,Agri01_AGC,DE7,3205075.692296342
2023,Agri01_AGC,DE8,5718238.830305788
2023,Agri01_AGC,DE9,10469110.935660662
2023,Agri01_AGC,DEA,6242053.405917871
2023,Agri01_AGC,DEB,3183310.3605609797
2023,Agri01_AGC,DEC,0.0
2023,Agri01_AGC,DEE,4742243.380656311
2023,Agri01_AGC,DED,3597012.2680929312
2023,Agri01_AGC,DEF,3846771.8395089493
2023,Agri01_AGC,DEG,3075357.7360287057
2023,Agri02_OFC,DE1,0.0
2023,Agri02_OFC,DE2,0.0
2023,Agri02_OFC,DE3,0.0
2023,Agri02_OFC,DE4,0.0
2023,Agri02_OFC,DE5,0.0
2023,Agri02_OFC,DE6,0.0
2023,Agri02_OFC,DE7,0.0
2023,Agri02_OFC,DE8,0.0
2023,Agri02_OFC,DE9,0.0
2023,Agri02_OFC,DEA,0.0
2023,Agri02_OFC,DEB,0.0
2023,Agri02_OFC,DEC,0.0
2023,Agri02_OFC,DEE,0.0
2023,Agri02_OFC,DED,0.0
2023,Agri02_OFC,DEF,0.0
2023,Agri02_OFC,DEG,0.0
2023,Agri03_No-till,DE1,0.0
2023,Agri03_No-till,DE2,0.0
2023,Agri03_No-till,DE3,0.0
2023,Agri03_No-till,DE4,0.0
2023,Agri03_No-till,DE5,0.0
2023,Agri03_No-till,DE6,0.0
2023,Agri03_No-till,DE7,0.0
2023,Agri03_No-till,DE8,0.0
2023,Agri03_No-till,DE9,0.0
2023,Agri03_No-till,DEA,0.0
2023,Agri03_No-till,DEB,0.0
2023,Agri03_No-till,DEC,0.0
2023,Agri03_No-till,DEE,0.0
2023,Agri03_No-till,DED,0.0
2023,Agri03_No-till,DEF,0.0
2023,Agri03_No-till,DEG,0.0
2023,Agri04_toGrassland,DE1,67805.04388763792
2023,Agri04_toGrassland,DE2,142490.4584315499
2023,Agri04_toGrassland,DE3,4661.986760304276
2023,Agri04_toGrassland,DE4,59399.6620624699
2023,Agri04_toGrassland,DE5,2501.3163367830475
2023,Agri04_toGrassland,DE6,875.2455009567472
2023,Agri04_toGrassland,DE7,36247.250962737795
2023,Agri04_toGrassland,DE8,64669.436183724865
2023,Agri04_toGrassland,DE9,118398.60517295645
2023,Agri04_toGrassland,DEA,70593.42681701556
2023,Agri04_toGrassland,DEB,36001.09969598451
2023,Agri04_toGrassland,DEC,6565.596677309306
2023,Agri04_toGrassland,DEE,53631.58391491059
2023,Agri04_toGrassland,DED,40679.790093879645
2023,Agri04_toGrassland,DEF,43504.402906370175
2023,Agri04_toGrassland,DEG,34780.228100685614
2023,Agri05_Agroforestry,DE1,717384.2419448213
2023,Agri05_Agroforestry,DE2,1306995.9172857667
2023,Agri05_Agroforestry,DE3,18257.519886389975
2023,Agri05_Agroforestry,DE4,663562.3008863729
2023,Agri05_Agroforestry,DE5,103583.58043518722
2023,Agri05_Agroforestry,DE6,14739.21943956883
2023,Agri05_Agroforestry,DE7,312942.1862217249
2023,Agri05_Agroforestry,DE8,690597.2508486656
2023,Agri05_Agroforestry,DE9,1114767.693442801
2023,Agri05_Agroforestry,DEA,737364.8032995517
2023,Agri05_Agroforestry,DEB,408982.33956315904
2023,Agri05_Agroforestry,DEC,175062.41727306845
2023,Agri05_Agroforestry,DEE,551100.9395613995
2023,Agri05_Agroforestry,DED,447121.2867757264
2023,Agri05_Agroforestry,DEF,343513.91349506576
2023,Agri05_Agroforestry,DEG,274640.01951510314
2023,Agri06_Biochar,DE1,0.0
2023,Agri06_Biochar,DE2,0.0
2023,Agri06_Biochar,DE3,0.0
2023,Agri06_Biochar,DE4,0.0
2023,Agri06_Biochar,DE5,0.0
2023,Agri06_Biochar,DE6,0.0
2023,Agri06_Biochar,DE7,0.0
2023,Agri06_Biochar,DE8,0.0
2023,Agri06_Biochar,DE9,0.0
2023,Agri06_Biochar,DEA,0.0
2023,Agri06_Biochar,DEB,0.0
2023,Agri06_Biochar,DEC,0.0
2023,Agri06_Biochar,DEE,0.0
2023,Agri06_Biochar,DED,0.0
2023,Agri06_Biochar,DEF,0.0
2023,Agri06_Biochar,DEG,0.0
2024,Agri01_AGC,DE1,7836238.178208911
2024,Agri01_AGC,DE2,16174249.991048573
2024,Agri01_AGC,DE3,0.0
2024,Agri01_AGC,DE4,6916183.07647667
2024,Agri01_AGC,DE5,0.0
2024,Agri01_AGC,DE6,89179.3412168799
2024,Agri01_AGC,DE7,4085887.849570367
2024,Agri01_AGC,DE8,7483200.063843845
2024,Agri01_AGC,DE9,13481619.547247382
2024,Agri01_AGC,DEA,8144564.858846588
2024,Agri01_AGC,DEB,4201737.954455371
2024,Agri01_AGC,DEC,157231.22889700645
2024,Agri01_AGC,DEE,6174326.718486664
2024,Agri01_AGC,DED,4725834.320207516
2024,Agri01_AGC,DEF,4857002.035560308
2024,Agri01_AGC,DEG,3883019.7254761006
2024,Agri02_OFC,DE1,0.0
2024,Agri02_OFC,DE2,0.0
2024,Agri02_OFC,DE3,0.0
2024,Agri02_OFC,DE4,0.0
2024,Agri02_OFC,DE5,0.0
2024,Agri02_OFC,DE6,0.0
2024,Agri02_OFC,DE7,0.0
2024,Agri02_OFC,DE8,0.0
2024,Agri02_OFC,DE9,0.0
2024,Agri02_OFC,DEA,0.0
2024,Agri02_OFC,DEB,0.0
2024,Agri02_OFC,DEC,0.0
2024,Agri02_OFC,DEE,0.0
2024,Agri02_OFC,DED,0.0
2024,Agri02_OFC,DEF,0.0
2024,Agri02_OFC,DEG,0.0
2024,Agri03_No-till,DE1,0.0
2024,Agri03_No-till,DE2,0.0
2024,Agri03_No-till,DE3,0.0
2024,Agri03_No-till,DE4,0.0
2024,Agri03_No-till,DE5,0.0
2024,Agri03_No-till,DE6,0.0
2024,Agri03_No-till,DE7,0.0
2024,Agri03_No-till,DE8,0.0
2024,Agri03_No-till,DE9,0.0
2024,Agri03_No-till,DEA,0.0
2024,Agri03_No-till,DEB,0.0
2024,Agri03_No-till,DEC,0.0
2024,Agri03_No-till,DEE,0.0
2024,Agri03_No-till,DED,0.0
2024,Agri03_No-till,DEF,0.0
2024,Agri03_No-till,DEG,0.0
2024,Agri04_toGrassland,DE1,90478.29049177068
2024,Agri04_toGrassland,DE2,186750.12881130906
2024,Agri04_toGrassland,DE3,9084.912361829425
2024,Agri04_toGrassland,DE4,79855.20695731993
2024,Agri04_toGrassland,DE5,4640.257888633717
2024,Agri04_toGrassland,DE6,1260.4574310666708
2024,Agri04_toGrassland,DE7,47176.226572368
2024,Agri04_toGrassland,DE8,86402.06356505286
2024,Agri04_toGrassland,DE9,155660.64506403054
2024,Agri04_toGrassland,DEA,94038.27301689032
2024,Agri04_toGrassland,DEB,48513.84791629751
2024,Agri04_toGrassland,DEC,10544.580782233888
2024,Agri04_toGrassland,DEE,71289.63077970452
2024,Agri04_toGrassland,DED,54565.137086918694
2024,Agri04_toGrassland,DEF,56079.617681170406
2024,Agri04_toGrassland,DEG,44833.88313590077
2024,Agri05_Agroforestry,DE1,1141306.4292466769
2024,Agri05_Agroforestry,DE2,1950058.427634629
2024,Agri05_Agroforestry,DE3,19111.97091000753
2024,Agri05_Agroforestry,DE4,1078308.6750228405
2024,Agri05_Agroforestry,DE5,156898.67857055648
2024,Agri05_Agroforestry,DE6,26980.588689645512
2024,Agri05_Agroforestry,DE7,452390.0101916227
2024,Agri05_Agroforestry,DE8,1102807.7397530593
2024,Agri05_Agroforestry,DE9,1684629.1443355582
2024,Agri05_Agroforestry,DEA,1166957.3369985616
2024,Agri05_Agroforestry,DEB,668765.0599695469
2024,Agri05_Agroforestry,DEC,346575.54960191814
2024,Agri05_Agroforestry,DEE,866238.2404317996
2024,Agri05_Agroforestry,DED,722117.8470614743
2024,Agri05_Agroforestry,DEF,471242.5817318134
2024,Agri05_Agroforestry,DEG,376770.40330887964
2024,Agri06_Biochar,DE1,0.0
2024,Agri06_Biochar,DE2,0.0
2024,Agri06_Biochar,DE3,0.0
2024,Agri06_Biochar,DE4,0.0
2024,Agri06_Biochar,DE5,0.0
2024,Agri06_Biochar,DE6,0.0
2024,Agri06_Biochar,DE7,0.0
2024,Agri06_Biochar,DE8,0.0
2024,Agri06_Biochar,DE9,0.0
2024,Agri06_Biochar,DEA,0.0
2024,Agri06_Biochar,DEB,0.0
2024,Agri06_Biochar,DEC,0.0
2024,Agri06_Biochar,DEE,0.0
2024,Agri06_Biochar,DED,0.0
2024,Agri06_Biochar,DEF,0.0
2024,Agri06_Biochar,DEG,0.0
2025,Agri01_AGC,DE1,9585471.83018736
2025,Agri01_AGC,DE2,19437869.706015427
2025,Agri01_AGC,DE3,0.0
2025,Agri01_AGC,DE4,8520753.097843448
2025,Agri01_AGC,DE5,0.0
2025,Agri01_AGC,DE6,123779.2058890108
2025,Agri01_AGC,DE7,4875934.852840613
2025,Agri01_AGC,DE8,9164674.566629317
2025,Agri01_AGC,DE9,16252553.152457746
2025,Agri01_AGC,DEA,9946159.319553088
2025,Agri01_AGC,DEB,5188238.091247643
2025,Agri01_AGC,DEC,572301.9928339049
2025,Agri01_AGC,DEE,7524347.622563332
2025,Agri01_AGC,DED,5809675.945675979
2025,Agri01_AGC,DEF,5739266.385033676
2025,Agri01_AGC,DEG,4588385.16078417
2025,Agri02_OFC,DE1,0.0
2025,Agri02_OFC,DE2,0.0
2025,Agri02_OFC,DE3,0.0
2025,Agri02_OFC,DE4,0.0
2025,Agri02_OFC,DE5,0.0
2025,Agri02_OFC,DE6,0.0
2025,Agri02_OFC,DE7,0.0
2025,Agri02_OFC,DE8,0.0
2025,Agri02_OFC,DE9,0.0
2025,Agri02_OFC,DEA,0.0
2025,Agri02_OFC,DEB,0.0
2025,Agri02_OFC,DEC,0.0
2025,Agri02_OFC,DEE,0.0
2025,Agri02_OFC,DED,0.0
2025,Agri02_OFC,DEF,0.0
2025,Agri02_OFC,DEG,0.0
2025,Agri03_No-till,DE1,0.0
2025,Agri03_No-till,DE2,0.0
2025,Agri03_No-till,DE3,0.0
2025,Agri03_No-till,DE4,0.0
2025,Agri03_No-till,DE5,0.0
2025,Agri03_No-till,DE6,0.0
2025,Agri03_No-till,DE7,0.0
2025,Agri03_No-till,DE8,0.0
2025,Agri03_No-till,DE9,0.0
2025,Agri03_No-till,DEA,0.0
2025,Agri03_No-till,DEB,0.0
2025,Agri03_No-till,DEC,0.0
2025,Agri03_No-till,DEE,0.0
2025,Agri03_No-till,DED,0.0
2025,Agri03_No-till,DEF,0.0
2025,Agri03_No-till,DEG,0.0
2025,Agri04_toGrassland,DE1,113123.57577646205
2025,Agri04_toGrassland,DE2,229397.29682335866
2025,Agri04_toGrassland,DE3,14819.532673707065
2025,Agri04_toGrassland,DE4,100558.22768169112
2025,Agri04_toGrassland,DE5,7375.590920316775
2025,Agri04_toGrassland,DE6,1687.7530061334803
2025,Agri04_toGrassland,DE7,57543.66562001842
2025,Agri04_toGrassland,DE8,108157.50921511411
2025,Agri04_toGrassland,DE9,191805.5741724604
2025,Agri04_toGrassland,DEA,117380.25288716913
2025,Agri04_toGrassland,DEB,61229.33281314622
2025,Agri04_toGrassland,DEC,15338.89427234877
2025,Agri04_toGrassland,DEE,88799.08297981489
2025,Agri04_toGrassland,DED,68563.27249406978
2025,Agri04_toGrassland,DEF,67732.32943672095
2025,Agri04_toGrassland,DEG,54150.12903098966
2025,Agri05_Agroforestry,DE1,1673276.625693212
2025,Agri05_Agroforestry,DE2,2710884.6456860555
2025,Agri05_Agroforestry,DE3,19966.42193362509
2025,Agri05_Agroforestry,DE4,1606840.487585467
2025,Agri05_Agroforestry,DE5,163913.24745725648
2025,Agri05_Agroforestry,DE6,43602.38599214791
2025,Agri05_Agroforestry,DE7,611149.0047564183
2025,Agri05_Agroforestry,DE8,1621550.689879342
2025,Agri05_Agroforestry,DE9,2368012.5926649105
2025,Agri05_Agroforestry,DEA,1703852.9737858044
2025,Agri05_Agroforestry,DEB,1001221.5009349082
2025,Agri05_Agroforestry,DEC,586094.9035585143
2025,Agri05_Agroforestry,DEE,1257941.0379864878
2025,Agri05_Agroforestry,DED,1071052.07955171
2025,Agri05_Agroforestry,DEF,604665.5051542525
2025,Agri05_Agroforestry,DEG,483460.1292253896
2025,Agri06_Biochar,DE1,0.0
2025,Agri06_Biochar,DE2,0.0
2025,Agri06_Biochar,DE3,0.0
2025,Agri06_Biochar,DE4,0.0
2025,Agri06_Biochar,DE5,0.0
2025,Agri06_Biochar,DE6,0.0
2025,Agri06_Biochar,DE7,0.0
2025,Agri06_Biochar,DE8,0.0
2025,Agri06_Biochar,DE9,0.0
2025,Agri06_Biochar,DEA,0.0
2025,Agri06_Biochar,DEB,0.0
2025,Agri06_Biochar,DEC,0.0
2025,Agri06_Biochar,DEE,0.0
2025,Agri06_Biochar,DED,0.0
2025,Agri06_Biochar,DEF,0.0
2025,Agri06_Biochar,DEG,0.0
2026,Agri01_AGC,DE1,11235621.535702286
2026,Agri01_AGC,DE2,22390955.822171953
2026,Agri01_AGC,DE3,82038.90495319187
2026,Agri01_AGC,DE4,10056430.8500417
2026,Agri01_AGC,DE5,263763.19723894936
2026,Agri01_AGC,DE6,159894.97409943133
2026,Agri01_AGC,DE7,5577021.531752244
2026,Agri01_AGC,DE8,10754905.813179819
2026,Agri01_AGC,DE9,18780125.257556
2026,Agri01_AGC,DEA,11639738.497417219
2026,Agri01_AGC,DEB,6136457.054564308
2026,Agri01_AGC,DEC,1031644.788750282
2026,Agri01_AGC,DEE,8787667.969350636
2026,Agri01_AGC,DED,6842603.499685572
2026,Agri01_AGC,DEF,6498393.505117754
2026,Agri01_AGC,DEG,5195313.286237976
2026,Agri02_OFC,DE1,0.0
2026,Agri02_OFC,DE2,0.0
2026,Agri02_OFC,DE3,0.0
2026,Agri02_OFC,DE4,0.0
2026,Agri02_OFC,DE5,0.0
2026,Agri02_OFC,DE6,0.0
2026,Agri02_OFC,DE7,0.0
2026,Agri02_OFC,DE8,0.0
2026,Agri02_OFC,DE9,0.0
2026,Agri02_OFC,DEA,0.0
2026,Agri02_OFC,DEB,0.0
2026,Agri02_OFC,DEC,0.0
2026,Agri02_OFC,DEE,0.0
2026,Agri02_OFC,DED,0.0
2026,Agri02_OFC,DEF,0.0
2026,Agri02_OFC,DEG,0.0
2026,Agri03_No-till,DE1,0.0
2026,Agri03_No-till,DE2,0.0
2026,Agri03_No-till,DE3,0.0
2026,Agri03_No-till,DE4,0.0
2026,Agri03_No-till,DE5,0.0
2026,Agri03_No-till,DE6,0.0
2026,Agri03_No-till,DE7,0.0
2026,Agri03_No-till,DE8,0.0
2026,Agri03_No-till,DE9,0.0
2026,Agri03_No-till,DEA,0.0
2026,Agri03_No-till,DEB,0.0
2026,Agri03_No-till,DEC,0.0
2026,Agri03_No-till,DEE,0.0
2026,Agri03_No-till,DED,0.0
2026,Agri03_No-till,DEF,0.0
2026,Agri03_No-till,DEG,0.0
2026,Agri04_toGrassland,DE1,135702.65335757117
2026,Agri04_toGrassland,DE2,270435.60577629996
2026,Agri04_toGrassland,DE3,21792.185517721555
2026,Agri04_toGrassland,DE4,121460.51247108809
2026,Agri04_toGrassland,DE5,10673.599487854755
2026,Agri04_toGrassland,DE6,2154.343384194004
2026,Agri04_toGrassland,DE7,67358.67858188588
2026,Agri04_toGrassland,DE8,129896.61949912267
2026,Agri04_toGrassland,DE9,226824.37457863276
2026,Agri04_toGrassland,DEA,140583.53545183342
2026,Agri04_toGrassland,DEB,74115.48189595657
2026,Agri04_toGrassland,DEC,20900.59921502167
2026,Agri04_toGrassland,DEE,106136.52804848438
2026,Agri04_toGrassland,DED,82644.2442752763
2026,Agri04_toGrassland,DEF,78486.91221966887
2026,Agri04_toGrassland,DEG,62748.44660138052
2026,Agri05_Agroforestry,DE1,2322685.404775159
2026,Agri05_Agroforestry,DE2,3597913.634685502
2026,Agri05_Agroforestry,DE3,20820.872957242642
2026,Agri05_Agroforestry,DE4,2259361.3194776447
2026,Agri05_Agroforestry,DE5,170927.81634395642
2026,Agri05_Agroforestry,DE6,65034.379347465314
2026,Agri05_Agroforestry,DE7,790265.743704253
2026,Agri05_Agroforestry,DE8,2256142.156374194
2026,Agri05_Agroforestry,DE9,3173549.5709692664
2026,Agri05_Agroforestry,DEA,2357292.2957344707
2026,Agri05_Agroforestry,DEB,1412919.312629026
2026,Agri05_Agroforestry,DEC,761604.3874615585
2026,Agri05_Agroforestry,DEE,1732717.533931057
2026,Agri05_Agroforestry,DED,1500499.7481609746
2026,Agri05_Agroforestry,DEF,743232.0277522802
2026,Agri05_Agroforestry,DEG,594269.6893516503
2026,Agri06_Biochar,DE1,0.0
2026,Agri06_Biochar,DE2,0.0
2026,Agri06_Biochar,DE3,0.0
2026,Agri06_Biochar,DE4,0.0
2026,Agri06_Biochar,DE5,0.0
2026,Agri06_Biochar,DE6,0.0
2026,Agri06_Biochar,DE7,0.0
2026,Agri06_Biochar,DE8,0.0
2026,Agri06_Biochar,DE9,0.0
2026,Agri06_Biochar,DEA,0.0
2026,Agri06_Biochar,DEB,0.0
2026,Agri06_Biochar,DEC,0.0
2026,Agri06_Biochar,DEE,0.0
2026,Agri06_Biochar,DED,0.0
2026,Agri06_Biochar,DEF,0.0
2026,Agri06_Biochar,DEG,0.0
2027,Agri01_AGC,DE1,12779110.500036675
2027,Agri01_AGC,DE2,25034230.096672006
2027,Agri01_AGC,DE3,78682.28425598778
2027,Agri01_AGC,DE4,11513665.348037632
2027,Agri01_AGC,DE5,252971.32955716923
2027,Agri01_AGC,DE6,196974.1626911638
2027,Agri01_AGC,DE7,6190952.7159504155
2027,Agri01_AGC,DE8,12246137.278012956
2027,Agri01_AGC,DE9,21062549.368806362
2027,Agri01_AGC,DEA,13218204.101818819
2027,Agri01_AGC,DEB,7040041.128031872
2027,Agri01_AGC,DEC,1525762.8790362587
2027,Agri01_AGC,DEE,9959649.635312885
2027,Agri01_AGC,DED,7818683.337423535
2027,Agri01_AGC,DEF,7139212.013001229
2027,Agri01_AGC,DEG,5707663.34612257
2027,Agri02_OFC,DE1,0.0
2027,Agri02_OFC,DE2,0.0
2027,Agri02_OFC,DE3,0.0
2027,Agri02_OFC,DE4,0.0
2027,Agri02_OFC,DE5,0.0
2027,Agri02_OFC,DE6,0.0
2027,Agri02_OFC,DE7,0.0
2027,Agri02_OFC,DE8,0.0
2027,Agri02_OFC,DE9,0.0
2027,Agri02_OFC,DEA,0.0
2027,Agri02_OFC,DEB,0.0
2027,Agri02_OFC,DEC,0.0
2027,Agri02_OFC,DEE,0.0
2027,Agri02_OFC,DED,0.0
2027,Agri02_OFC,DEF,0.0
2027,Agri02_OFC,DEG,0.0
2027,Agri03_No-till,DE1,0.0
2027,Agri03_No-till,DE2,0.0
2027,Agri03_No-till,DE3,0.0
2027,Agri03_No-till,DE4,0.0
2027,Agri03_No-till,DE5,0.0
2027,Agri03_No-till,DE6,0.0
2027,Agri03_No-till,DE7,0.0
2027,Agri03_No-till,DE8,0.0
2027,Agri03_No-till,DE9,0.0
2027,Agri03_No-till,DEA,0.0
2027,Agri03_No-till,DEB,0.0
2027,Agri03_No-till,DEC,0.0
2027,Agri03_No-till,DEE,0.0
2027,Agri03_No-till,DED,0.0
2027,Agri03_No-till,DEF,0.0
2027,Agri03_No-till,DEG,0.0
2027,Agri04_toGrassland,DE1,158177.27685095716
2027,Agri04_toGrassland,DE2,309868.6989787346
2027,Agri04_toGrassland,DE3,29929.208715657278
2027,Agri04_toGrassland,DE4,142513.84956101552
2027,Agri04_toGrassland,DE5,14500.567647270196
2027,Agri04_toGrassland,DE6,2657.4397232850715
2027,Agri04_toGrassland,DE7,76630.3759341672
2027,Agri04_toGrassland,DE8,151580.24078229256
2027,Agri04_toGrassland,DE9,260708.02836293465
2027,Agri04_toGrassland,DEA,163612.28973486472
2027,Agri04_toGrassland,DEB,87140.22267415453
2027,Agri04_toGrassland,DEC,27181.757677620324
2027,Agri04_toGrassland,DEE,123278.55351895577
2027,Agri04_toGrassland,DED,96778.10039048172
2027,Agri04_toGrassland,DEF,88367.74007666133
2027,Agri04_toGrassland,DEG,70648.31666250162
2027,Agri05_Agroforestry,DE1,3098923.3399832523
2027,Agri05_Agroforestry,DE2,4619584.457878427
2027,Agri05_Agroforestry,DE3,21675.3239808602
2027,Agri05_Agroforestry,DE4,3046074.7516027666
2027,Agri05_Agroforestry,DE5,177942.38523065642
2027,Agri05_Agroforestry,DE6,91706.33675598705
2027,Agri05_Agroforestry,DE7,990786.8008232687
2027,Agri05_Agroforestry,DE8,3015898.1943842983
2027,Agri05_Agroforestry,DE9,4109871.611787038
2027,Agri05_Agroforestry,DEA,3136515.8849177533
2027,Agri05_Agroforestry,DEB,1910426.1452216844
2027,Agri05_Agroforestry,DEC,792859.2560635873
2027,Agri05_Agroforestry,DEE,2297075.9299711008
2027,Agri05_Agroforestry,DED,2017036.6168038093
2027,Agri05_Agroforestry,DEF,886391.493515794
2027,Agri05_Agroforestry,DEG,708759.5757746793
2027,Agri06_Biochar,DE1,0.0
2027,Agri06_Biochar,DE2,0.0
2027,Agri06_Biochar,DE3,0.0
2027,Agri06_Biochar,DE4,0.0
2027,Agri06_Biochar,DE5,0.0
2027,Agri06_Biochar,DE6,0.0
2027,Agri06_Biochar,DE7,0.0
2027,Agri06_Biochar,DE8,0.0
2027,Agri06_Biochar,DE9,0.0
2027,Agri06_Biochar,DEA,0.0
2027,Agri06_Biochar,DEB,0.0
2027,Agri06_Biochar,DEC,0.0
2027,Agri06_Biochar,DEE,0.0
2027,Agri06_Biochar,DED,0.0
2027,Agri06_Biochar,DEF,0.0
2027,Agri06_Biochar,DEG,0.0
2028,Agri01_AGC,DE1,14208361.928473523
2028,Agri01_AGC,DE2,27368414.286669496
2028,Agri01_AGC,DE3,75325.66355878371
2028,Agri01_AGC,DE4,12882905.606797466
2028,Agri01_AGC,DE5,242179.46187538916
2028,Agri01_AGC,DE6,234464.28850723078
2028,Agri01_AGC,DE7,6719533.235080292
2028,Agri01_AGC,DE8,13630612.43564634
2028,Agri01_AGC,DE9,23098038.992473092
2028,Agri01_AGC,DEA,14674457.842137733
2028,Agri01_AGC,DEB,7892636.595276848
2028,Agri01_AGC,DEC,2045159.5260819574
2028,Agri01_AGC,DEE,11035654.496914398
2028,Agri01_AGC,DED,8731981.81407712
2028,Agri01_AGC,DEF,7666550.525872799
2028,Agri01_AGC,DEG,6129294.584723016
2028,Agri02_OFC,DE1,0.0
2028,Agri02_OFC,DE2,0.0
2028,Agri02_OFC,DE3,0.0
2028,Agri02_OFC,DE4,0.0
2028,Agri02_OFC,DE5,0.0
2028,Agri02_OFC,DE6,0.0
2028,Agri02_OFC,DE7,0.0
2028,Agri02_OFC,DE8,0.0
2028,Agri02_OFC,DE9,0.0
2028,Agri02_OFC,DEA,0.0
2028,Agri02_OFC,DEB,0.0
2028,Agri02_OFC,DEC,0.0
2028,Agri02_OFC,DEE,0.0
2028,Agri02_OFC,DED,0.0
2028,Agri02_OFC,DEF,0.0
2028,Agri02_OFC,DEG,0.0
2028,Agri03_No-till,DE1,0.0
2028,Agri03_No-till,DE2,0.0
2028,Agri03_No-till,DE3,0.0
2028,Agri03_No-till,DE4,0.0
2028,Agri03_No-till,DE5,0.0
2028,Agri03_No-till,DE6,0.0
2028,Agri03_No-till,DE7,0.0
2028,Agri03_No-till,DE8,0.0
2028,Agri03_No-till,DE9,0.0
2028,Agri03_No-till,DEA,0.0
2028,Agri03_No-till,DEB,0.0
2028,Agri03_No-till,DEC,0.0
2028,Agri03_No-till,DEE,0.0
2028,Agri03_No-till,DED,0.0
2028,Agri03_No-till,DEF,0.0
2028,Agri03_No-till,DEG,0.0
2028,Agri04_toGrassland,DE1,180509.19987247913
2028,Agri04_toGrassland,DE2,347700.219739264
2028,Agri04_toGrassland,DE3,39156.9400892986
2028,Agri04_toGrassland,DE4,163670.02718697808
2028,Agri04_toGrassland,DE5,18822.779454585634
2028,Agri04_toGrassland,DE6,3194.253181443512
2028,Agri04_toGrassland,DE7,85367.86815305926
2028,Agri04_toGrassland,DE8,173169.2194298378
2028,Agri04_toGrassland,DE9,293447.5176057528
2028,Agri04_toGrassland,DEA,186430.68476024462
2028,Agri04_toGrassland,DEB,100271.48265716608
2028,Agri04_toGrassland,DEC,34134.43172751247
2028,Agri04_toGrassland,DEE,140201.74692447175
2028,Agri04_toGrassland,DED,110934.88879962951
2028,Agri04_toGrassland,DEF,97399.18705434544
2028,Agri04_toGrassland,DEG,77869.2200297812
2028,Agri05_Agroforestry,DE1,4011381.004808224
2028,Agri05_Agroforestry,DE2,5784336.178510285
2028,Agri05_Agroforestry,DE3,22529.775004477757
2028,Agri05_Agroforestry,DE4,3977184.364864224
2028,Agri05_Agroforestry,DE5,184956.95411735642
2028,Agri05_Agroforestry,DE6,124048.02621810242
2028,Agri05_Agroforestry,DE7,1213758.749901607
2028,Agri05_Agroforestry,DE8,3910134.859056336
2028,Agri05_Agroforestry,DE9,5185610.247656634
2028,Agri05_Agroforestry,DEA,4050764.323408842
2028,Agri05_Agroforestry,DEB,2500309.648882666
2028,Agri05_Agroforestry,DEC,824114.1246656158
2028,Agri05_Agroforestry,DEE,2957524.4278122107
2028,Agri05_Agroforestry,DED,2627238.449394754
2028,Agri05_Agroforestry,DEF,1033593.2464346908
2028,Agri05_Agroforestry,DEG,826490.2805814941
2028,Agri06_Biochar,DE1,0.0
2028,Agri06_Biochar,DE2,0.0
2028,Agri06_Biochar,DE3,0.0
2028,Agri06_Biochar,DE4,0.0
2028,Agri06_Biochar,DE5,0.0
2028,Agri06_Biochar,DE6,0.0
2028,Agri06_Biochar,DE7,0.0
2028,Agri06_Biochar,DE8,0.0
2028,Agri06_Biochar,DE9,0.0
2028,Agri06_Biochar,DEA,0.0
2028,Agri06_Biochar,DEB,0.0
2028,Agri06_Biochar,DEC,0.0
2028,Agri06_Biochar,DEE,0.0
2028,Agri06_Biochar,DED,0.0
2028,Agri06_Biochar,DEF,0.0
2028,Agri06_Biochar,DEG,0.0
2029,Agri01_AGC,DE1,15515799.026295822
2029,Agri01_AGC,DE2,29394230.1493183
2029,Agri01_AGC,DE3,71969.04286157963
2029,Agri01_AGC,DE4,14154600.641287412
2029,Agri01_AGC,DE5,231387.59419360908
2029,Agri01_AGC,DE6,271812.86839065474
2029,Agri01_AGC,DE7,7164567.918787031
2029,Agri01_AGC,DE8,14900574.760597587
2029,Agri01_AGC,DE9,24884807.63482042
2029,Agri01_AGC,DEA,16001401.427753804
2029,Agri01_AGC,DEB,8687889.739925744
2029,Agri01_AGC,DEC,1954024.2546485567
2029,Agri01_AGC,DEE,12011044.430619491
2029,Agri01_AGC,DED,9576565.28483357
2029,Agri01_AGC,DEF,8085237.660921157
2029,Agri01_AGC,DEG,6464066.246324371
2029,Agri02_OFC,DE1,0.0
2029,Agri02_OFC,DE2,0.0
2029,Agri02_OFC,DE3,0.0
2029,Agri02_OFC,DE4,0.0
2029,Agri02_OFC,DE5,0.0
2029,Agri02_OFC,DE6,0.0
2029,Agri02_OFC,DE7,0.0
2029,Agri02_OFC,DE8,0.0
2029,Agri02_OFC,DE9,0.0
2029,Agri02_OFC,DEA,0.0
2029,Agri02_OFC,DEB,0.0
2029,Agri02_OFC,DEC,0.0
2029,Agri02_OFC,DEE,0.0
2029,Agri02_OFC,DED,0.0
2029,Agri02_OFC,DEF,0.0
2029,Agri02_OFC,DEG,0.0
2029,Agri03_No-till,DE1,0.0
2029,Agri03_No-till,DE2,0.0
2029,Agri03_No-till,DE3,0.0
2029,Agri03_No-till,DE4,0.0
2029,Agri03_No-till,DE5,0.0
2029,Agri03_No-till,DE6,0.0
2029,Agri03_No-till,DE7,0.0
2029,Agri03_No-till,DE8,0.0
2029,Agri03_No-till,DE9,0.0
2029,Agri03_No-till,DEA,0.0
2029,Agri03_No-till,DEB,0.0
2029,Agri03_No-till,DEC,0.0
2029,Agri03_No-till,DEE,0.0
2029,Agri03_No-till,DED,0.0
2029,Agri03_No-till,DEF,0.0
2029,Agri03_No-till,DEG,0.0
2029,Agri04_toGrassland,DE1,202660.17603799628
2029,Agri04_toGrassland,DE2,383933.81136648956
2029,Agri04_toGrassland,DE3,49401.717460429914
2029,Agri04_toGrassland,DE4,184880.83358448042
2029,Agri04_toGrassland,DE5,23606.51896582361
2029,Agri04_toGrassland,DE6,3761.994916706154
2029,Agri04_toGrassland,DE7,93580.26571475888
2029,Agri04_toGrassland,DE8,194624.40180697248
2029,Agri04_toGrassland,DE9,325033.82438747416
2029,Agri04_toGrassland,DEA,209002.88955195458
2029,Agri04_toGrassland,DEB,113477.18935441716
2029,Agri04_toGrassland,DEC,41710.68343206583
2029,Agri04_toGrassland,DEE,156882.6957982751
2029,Agri04_toGrassland,DED,125084.65746266312
2029,Agri04_toGrassland,DEF,105605.62719936833
2029,Agri04_toGrassland,DEG,84430.63751864752
2029,Agri05_Agroforestry,DE1,5069448.972740808
2029,Agri05_Agroforestry,DE2,7100607.859826535
2029,Agri05_Agroforestry,DE3,23384.226028095316
2029,Agri05_Agroforestry,DE4,5062893.7401654115
2029,Agri05_Agroforestry,DE5,191971.52300405642
2029,Agri05_Agroforestry,DE6,155404.87084189348
2029,Agri05_Agroforestry,DE7,1460228.1647274098
2029,Agri05_Agroforestry,DE8,4948168.205536989
2029,Agri05_Agroforestry,DE9,6409397.0111164665
2029,Agri05_Agroforestry,DEA,5109278.193280931
2029,Agri05_Agroforestry,DEB,3189137.4737817566
2029,Agri05_Agroforestry,DEC,855368.9932676447
2029,Agri05_Agroforestry,DEE,3720571.229159981
2029,Agri05_Agroforestry,DED,3337681.009848352
2029,Agri05_Agroforestry,DEF,1184286.630498868
2029,Agri05_Agroforestry,DEG,947022.2958591122
2029,Agri06_Biochar,DE1,0.0
2029,Agri06_Biochar,DE2,0.0
2029,Agri06_Biochar,DE3,0.0
2029,Agri06_Biochar,DE4,0.0
2029,Agri06_Biochar,DE5,0.0
2029,Agri06_Biochar,DE6,0.0
2029,Agri06_Biochar,DE7,0.0
2029,Agri06_Biochar,DE8,0.0
2029,Agri06_Biochar,DE9,0.0
2029,Agri06_Biochar,DEA,0.0
2029,Agri06_Biochar,DEB,0.0
2029,Agri06_Biochar,DEC,0.0
2029,Agri06_Biochar,DEE,0.0
2029,Agri06_Biochar,DED,0.0
2029,Agri06_Biochar,DEF,0.0
2029,Agri06_Biochar,DEG,0.0
2030,Agri01_AGC,DE1,16693844.998786561
2030,Agri01_AGC,DE2,31112399.441772304
2030,Agri01_AGC,DE3,68612.42216437554
2030,Agri01_AGC,DE4,15319199.466473682
2030,Agri01_AGC,DE5,220595.726511829
2030,Agri01_AGC,DE6,308467.4191844581
2030,Agri01_AGC,DE7,7527861.596715795
2030,Agri01_AGC,DE8,16048267.727384297
2030,Agri01_AGC,DE9,26421068.802112576
2030,Agri01_AGC,DEA,17191936.56804687
2030,Agri01_AGC,DEB,9419446.845605068
2030,Agri01_AGC,DEC,1862888.9832151558
2030,Agri01_AGC,DEE,12881181.312892472
2030,Agri01_AGC,DED,10346500.104880128
2030,Agri01_AGC,DEF,8400102.035334997
2030,Agri01_AGC,DEG,6715837.57521169
2030,Agri02_OFC,DE1,0.0
2030,Agri02_OFC,DE2,0.0
2030,Agri02_OFC,DE3,0.0
2030,Agri02_OFC,DE4,0.0
2030,Agri02_OFC,DE5,0.0
2030,Agri02_OFC,DE6,0.0
2030,Agri02_OFC,DE7,0.0
2030,Agri02_OFC,DE8,0.0
2030,Agri02_OFC,DE9,0.0
2030,Agri02_OFC,DEA,0.0
2030,Agri02_OFC,DEB,0.0
2030,Agri02_OFC,DEC,0.0
2030,Agri02_OFC,DEE,0.0
2030,Agri02_OFC,DED,0.0
2030,Agri02_OFC,DEF,0.0
2030,Agri02_OFC,DEG,0.0
2030,Agri03_No-till,DE1,0.0
2030,Agri03_No-till,DE2,0.0
2030,Agri03_No-till,DE3,0.0
2030,Agri03_No-till,DE4,0.0
2030,Agri03_No-till,DE5,0.0
2030,Agri03_No-till,DE6,0.0
2030,Agri03_No-till,DE7,0.0
2030,Agri03_No-till,DE8,0.0
2030,Agri03_No-till,DE9,0.0
2030,Agri03_No-till,DEA,0.0
2030,Agri03_No-till,DEB,0.0
2030,Agri03_No-till,DEC,0.0
2030,Agri03_No-till,DEE,0.0
2030,Agri03_No-till,DED,0.0
2030,Agri03_No-till,DEF,0.0
2030,Agri03_No-till,DEG,0.0
2030,Agri04_toGrassland,DE1,224591.95896336768
2030,Agri04_toGrassland,DE2,418573.11716901284
2030,Agri04_toGrassland,DE3,60589.87865083557
2030,Agri04_toGrassland,DE4,206098.05698902725
2030,Agri04_toGrassland,DE5,28818.07023700665
2030,Agri04_toGrassland,DE6,4357.876087109827
2030,Agri04_toGrassland,DE7,101276.67909546288
2030,Agri04_toGrassland,DE8,215906.63427891067
2030,Agri04_toGrassland,DE9,355457.93078848557
2030,Agri04_toGrassland,DEA,231293.07313397614
2030,Agri04_toGrassland,DEB,126725.27027533377
2030,Agri04_toGrassland,DEC,49862.57485864814
2030,Agri04_toGrassland,DEE,173297.9876736085
2030,Agri04_toGrassland,DED,139197.45433952598
2030,Agri04_toGrassland,DEF,113011.43455837712
2030,Agri04_toGrassland,DEG,90352.04994452883
2030,Agri05_Agroforestry,DE1,6282517.8172717355
2030,Agri05_Agroforestry,DE2,8576838.56507263
2030,Agri05_Agroforestry,DE3,24238.67705171287
2030,Agri05_Agroforestry,DE4,6313406.458409718
2030,Agri05_Agroforestry,DE5,198986.09189075642
2030,Agri05_Agroforestry,DE6,161083.30769956292
2030,Agri05_Agroforestry,DE7,1731241.6190888188
2030,Agri05_Agroforestry,DE8,6139314.2889729375
2030,Agri05_Agroforestry,DE9,7789863.434704942
2030,Agri05_Agroforestry,DEA,6321298.07660721
2030,Agri05_Agroforestry,DEB,3983477.270088737
2030,Agri05_Agroforestry,DEC,886623.8618696734
2030,Agri05_Agroforestry,DEE,4398565.767073759
2030,Agri05_Agroforestry,DED,4154940.062079142
2030,Agri05_Agroforestry,DEF,1337920.9896982224
2030,Agri05_Agroforestry,DEG,1069916.1136945505
2030,Agri06_Biochar,DE1,0.0
2030,Agri06_Biochar,DE2,0.0
2030,Agri06_Biochar,DE3,0.0
2030,Agri06_Biochar,DE4,0.0
2030,Agri06_Biochar,DE5,0.0
2030,Agri06_Biochar,DE6,0.0
2030,Agri06_Biochar,DE7,0.0
2030,Agri06_Biochar,DE8,0.0
2030,Agri06_Biochar,DE9,0.0
2030,Agri06_Biochar,DEA,0.0
2030,Agri06_Biochar,DEB,0.0
2030,Agri06_Biochar,DEC,0.0
2030,Agri06_Biochar,DEE,0.0
2030,Agri06_Biochar,DED,0.0
2030,Agri06_Biochar,DEF,0.0
2030,Agri06_Biochar,DEG,0.0
2031,Agri01_AGC,DE1,17734923.051228736
2031,Agri01_AGC,DE2,32523643.921185393
2031,Agri01_AGC,DE3,65255.80146717146
2031,Agri01_AGC,DE4,16367151.09732249
2031,Agri01_AGC,DE5,209803.8588300489
2031,Agri01_AGC,DE6,343875.45773166325
2031,Agri01_AGC,DE7,7811219.098511742
2031,Agri01_AGC,DE8,17065934.81052409
2031,Agri01_AGC,DE9,27705036.000613805
2031,Agri01_AGC,DEA,18238964.97239678
2031,Agri01_AGC,DEB,10080954.19594133
2031,Agri01_AGC,DEC,1771753.7117817549
2031,Agri01_AGC,DEE,13641427.020197665
2031,Agri01_AGC,DED,11035852.629404046
2031,Agri01_AGC,DEF,8615972.266303014
2031,Agri01_AGC,DEG,6888467.815670031
2031,Agri02_OFC,DE1,0.0
2031,Agri02_OFC,DE2,0.0
2031,Agri02_OFC,DE3,0.0
2031,Agri02_OFC,DE4,0.0
2031,Agri02_OFC,DE5,0.0
2031,Agri02_OFC,DE6,0.0
2031,Agri02_OFC,DE7,0.0
2031,Agri02_OFC,DE8,0.0
2031,Agri02_OFC,DE9,0.0
2031,Agri02_OFC,DEA,0.0
2031,Agri02_OFC,DEB,0.0
2031,Agri02_OFC,DEC,0.0
2031,Agri02_OFC,DEE,0.0
2031,Agri02_OFC,DED,0.0
2031,Agri02_OFC,DEF,0.0
2031,Agri02_OFC,DEG,0.0
2031,Agri03_No-till,DE1,0.0
2031,Agri03_No-till,DE2,0.0
2031,Agri03_No-till,DE3,0.0
2031,Agri03_No-till,DE4,0.0
2031,Agri03_No-till,DE5,0.0
2031,Agri03_No-till,DE6,0.0
2031,Agri03_No-till,DE7,0.0
2031,Agri03_No-till,DE8,0.0
2031,Agri03_No-till,DE9,0.0
2031,Agri03_No-till,DEA,0.0
2031,Agri03_No-till,DEB,0.0
2031,Agri03_No-till,DEC,0.0
2031,Agri03_No-till,DEE,0.0
2031,Agri03_No-till,DED,0.0
2031,Agri03_No-till,DEF,0.0
2031,Agri03_No-till,DEG,0.0
2031,Agri04_toGrassland,DE1,220469.45809558305
2031,Agri04_toGrassland,DE2,410889.9924181306
2031,Agri04_toGrassland,DE3,59477.720279405294
2031,Agri04_toGrassland,DE4,202315.0211995555
2031,Agri04_toGrassland,DE5,28289.099742656424
2031,Agri04_toGrassland,DE6,4277.885031180089
2031,Agri04_toGrassland,DE7,99417.69358509789
2031,Agri04_toGrassland,DE8,211943.5570107684
2031,Agri04_toGrassland,DE9,348933.31773065357
2031,Agri04_toGrassland,DEA,227047.56987059832
2031,Agri04_toGrassland,DEB,124399.16279093575
2031,Agri04_toGrassland,DEC,48947.321663148476
2031,Agri04_toGrassland,DEE,170117.01401868655
2031,Agri04_toGrassland,DED,136642.41350477506
2031,Agri04_toGrassland,DEF,110937.05157874212
2031,Agri04_toGrassland,DEG,88693.5916184977
2031,Agri05_Agroforestry,DE1,7659978.11189174
2031,Agri05_Agroforestry,DE2,10221467.35749403
2031,Agri05_Agroforestry,DE3,25093.128075330427
2031,Agri05_Agroforestry,DE4,7738926.100500539
2031,Agri05_Agroforestry,DE5,206000.6607774564
2031,Agri05_Agroforestry,DE6,166761.7445572324
2031,Agri05_Agroforestry,DE7,2027845.6867739751
2031,Agri05_Agroforestry,DE8,7492889.164510863
2031,Agri05_Agroforestry,DE9,9335641.05096047
2031,Agri05_Agroforestry,DEA,7696064.555460869
2031,Agri05_Agroforestry,DEB,4889896.687973392
2031,Agri05_Agroforestry,DEC,917878.730471702
2031,Agri05_Agroforestry,DEE,4553622.044035859
2031,Agri05_Agroforestry,DED,5073076.999654744
2031,Agri05_Agroforestry,DEF,1493945.6680226512
2031,Agri05_Agroforestry,DEG,1194732.226174827
2031,Agri06_Biochar,DE1,0.0
2031,Agri06_Biochar,DE2,0.0
2031,Agri06_Biochar,DE3,0.0
2031,Agri06_Biochar,DE4,0.0
2031,Agri06_Biochar,DE5,0.0
2031,Agri06_Biochar,DE6,0.0
2031,Agri06_Biochar,DE7,0.0
2031,Agri06_Biochar,DE8,0.0
2031,Agri06_Biochar,DE9,0.0
2031,Agri06_Biochar,DEA,0.0
2031,Agri06_Biochar,DEB,0.0
2031,Agri06_Biochar,DEC,0.0
2031,Agri06_Biochar,DEE,0.0
2031,Agri06_Biochar,DED,0.0
2031,Agri06_Biochar,DEF,0.0
2031,Agri06_Biochar,DEG,0.0
2032,Agri01_AGC,DE1,18631456.38890534
2032,Agri01_AGC,DE2,33628685.34471145
2032,Agri01_AGC,DE3,61899.18076996739
2032,Agri01_AGC,DE4,17288904.548800047
2032,Agri01_AGC,DE5,199011.99114826883
2032,Agri01_AGC,DE6,326885.4129649249
2032,Agri01_AGC,DE7,8016445.253820035
2032,Agri01_AGC,DE8,17945819.48453458
2032,Agri01_AGC,DE9,28734922.736588344
2032,Agri01_AGC,DEA,19135388.35018338
2032,Agri01_AGC,DEB,10666058.074561043
2032,Agri01_AGC,DEC,1680618.4403483542
2032,Agri01_AGC,DEE,14287143.428999383
2032,Agri01_AGC,DED,11638689.213592568
2032,Agri01_AGC,DEF,8737676.971013902
2032,Agri01_AGC,DEG,6985816.211984456
2032,Agri02_OFC,DE1,0.0
2032,Agri02_OFC,DE2,0.0
2032,Agri02_OFC,DE3,0.0
2032,Agri02_OFC,DE4,0.0
2032,Agri02_OFC,DE5,0.0
2032,Agri02_OFC,DE6,0.0
2032,Agri02_OFC,DE7,0.0
2032,Agri02_OFC,DE8,0.0
2032,Agri02_OFC,DE9,0.0
2032,Agri02_OFC,DEA,0.0
2032,Agri02_OFC,DEB,0.0
2032,Agri02_OFC,DEC,0.0
2032,Agri02_OFC,DEE,0.0
2032,Agri02_OFC,DED,0.0
2032,Agri02_OFC,DEF,0.0
2032,Agri02_OFC,DEG,0.0
2032,Agri03_No-till,DE1,0.0
2032,Agri03_No-till,DE2,0.0
2032,Agri03_No-till,DE3,0.0
2032,Agri03_No-till,DE4,0.0
2032,Agri03_No-till,DE5,0.0
2032,Agri03_No-till,DE6,0.0
2032,Agri03_No-till,DE7,0.0
2032,Agri03_No-till,DE8,0.0
2032,Agri03_No-till,DE9,0.0
2032,Agri03_No-till,DEA,0.0
2032,Agri03_No-till,DEB,0.0
2032,Agri03_No-till,DEC,0.0
2032,Agri03_No-till,DEE,0.0
2032,Agri03_No-till,DED,0.0
2032,Agri03_No-till,DEF,0.0
2032,Agri03_No-till,DEG,0.0
2032,Agri04_toGrassland,DE1,216346.95722779847
2032,Agri04_toGrassland,DE2,403206.8676672485
2032,Agri04_toGrassland,DE3,58365.561907975025
2032,Agri04_toGrassland,DE4,198531.98541008378
2032,Agri04_toGrassland,DE5,27760.129248306202
2032,Agri04_toGrassland,DE6,4197.893975250352
2032,Agri04_toGrassland,DE7,97558.7080747329
2032,Agri04_toGrassland,DE8,207980.47974262614
2032,Agri04_toGrassland,DE9,342408.7046728216
2032,Agri04_toGrassland,DEA,222802.06660722056
2032,Agri04_toGrassland,DEB,122073.05530653773
2032,Agri04_toGrassland,DEC,48032.06846764881
2032,Agri04_toGrassland,DEE,166936.04036376465
2032,Agri04_toGrassland,DED,134087.37267002417
2032,Agri04_toGrassland,DEF,108862.66859910711
2032,Agri04_toGrassland,DEG,87035.13329246658
2032,Agri05_Agroforestry,DE1,9211220.430091554
2032,Agri05_Agroforestry,DE2,12042933.300336188
2032,Agri05_Agroforestry,DE3,25947.579098947986
2032,Agri05_Agroforestry,DE4,9349656.247341266
2032,Agri05_Agroforestry,DE5,213015.22966415636
2032,Agri05_Agroforestry,DE6,172440.18141490183
2032,Agri05_Agroforestry,DE7,2351086.941571021
2032,Agri05_Agroforestry,DE8,8948694.978486158
2032,Agri05_Agroforestry,DE9,11055361.392421465
2032,Agri05_Agroforestry,DEA,9242818.211915104
2032,Agri05_Agroforestry,DEB,5914963.377605505
2032,Agri05_Agroforestry,DEC,949133.5990737306
2032,Agri05_Agroforestry,DEE,4708678.320997961
2032,Agri05_Agroforestry,DED,5245821.339150114
2032,Agri05_Agroforestry,DEF,1651810.0094620523
2032,Agri05_Agroforestry,DEG,1321031.1253869585
2032,Agri06_Biochar,DE1,0.0
2032,Agri06_Biochar,DE2,0.0
2032,Agri06_Biochar,DE3,0.0
2032,Agri06_Biochar,DE4,0.0
2032,Agri06_Biochar,DE5,0.0
2032,Agri06_Biochar,DE6,0.0
2032,Agri06_Biochar,DE7,0.0
2032,Agri06_Biochar,DE8,0.0
2032,Agri06_Biochar,DE9,0.0
2032,Agri06_Biochar,DEA,0.0
2032,Agri06_Biochar,DEB,0.0
2032,Agri06_Biochar,DEC,0.0
2032,Agri06_Biochar,DEE,0.0
2032,Agri06_Biochar,DED,0.0
2032,Agri06_Biochar,DEF,0.0
2032,Agri06_Biochar,DEG,0.0
2033,Agri01_AGC,DE1,19375868.21709936
2033,Agri01_AGC,DE2,34428245.46950437
2033,Agri01_AGC,DE3,58542.560072763314
2033,Agri01_AGC,DE4,18074908.835872572
2033,Agri01_AGC,DE5,188220.1234664888
2033,Agri01_AGC,DE6,309159.3246851826
2033,Agri01_AGC,DE7,8145344.892285833
2033,Agri01_AGC,DE8,18680165.223933373
2033,Agri01_AGC,DE9,29508942.516300432
2033,Agri01_AGC,DEA,19874108.410786502
2033,Agri01_AGC,DEB,11168404.765090715
2033,Agri01_AGC,DEC,1589483.1689149535
2033,Agri01_AGC,DEE,14813692.415761938
2033,Agri01_AGC,DED,12149076.21263294
2033,Agri01_AGC,DEF,8770044.766656356
2033,Agri01_AGC,DEG,7011742.00844002
2033,Agri02_OFC,DE1,0.0
2033,Agri02_OFC,DE2,0.0
2033,Agri02_OFC,DE3,0.0
2033,Agri02_OFC,DE4,0.0
2033,Agri02_OFC,DE5,0.0
2033,Agri02_OFC,DE6,0.0
2033,Agri02_OFC,DE7,0.0
2033,Agri02_OFC,DE8,0.0
2033,Agri02_OFC,DE9,0.0
2033,Agri02_OFC,DEA,0.0
2033,Agri02_OFC,DEB,0.0
2033,Agri02_OFC,DEC,0.0
2033,Agri02_OFC,DEE,0.0
2033,Agri02_OFC,DED,0.0
2033,Agri02_OFC,DEF,0.0
2033,Agri02_OFC,DEG,0.0
2033,Agri03_No-till,DE1,0.0
2033,Agri03_No-till,DE2,0.0
2033,Agri03_No-till,DE3,0.0
2033,Agri03_No-till,DE4,0.0
2033,Agri03_No-till,DE5,0.0
2033,Agri03_No-till,DE6,0.0
2033,Agri03_No-till,DE7,0.0
2033,Agri03_No-till,DE8,0.0
2033,Agri03_No-till,DE9,0.0
2033,Agri03_No-till,DEA,0.0
2033,Agri03_No-till,DEB,0.0
2033,Agri03_No-till,DEC,0.0
2033,Agri03_No-till,DEE,0.0
2033,Agri03_No-till,DED,0.0
2033,Agri03_No-till,DEF,0.0
2033,Agri03_No-till,DEG,0.0
2033,Agri04_toGrassland,DE1,212224.45636001384
2033,Agri04_toGrassland,DE2,395523.74291636626
2033,Agri04_toGrassland,DE3,57253.40353654475
2033,Agri04_toGrassland,DE4,194748.94962061202
2033,Agri04_toGrassland,DE5,27231.158753955977
2033,Agri04_toGrassland,DE6,4117.902919320614
2033,Agri04_toGrassland,DE7,95699.72256436791
2033,Agri04_toGrassland,DE8,204017.40247448385
2033,Agri04_toGrassland,DE9,335884.0916149896
2033,Agri04_toGrassland,DEA,218556.56334384278
2033,Agri04_toGrassland,DEB,119746.9478221397
2033,Agri04_toGrassland,DEC,47116.81527214914
2033,Agri04_toGrassland,DEE,163755.06670884273
2033,Agri04_toGrassland,DED,131532.33183527325
2033,Agri04_toGrassland,DEF,106788.28561947211
2033,Agri04_toGrassland,DEG,85376.67496643544
2033,Agri05_Agroforestry,DE1,10945635.345361913
2033,Agri05_Agroforestry,DE2,14049675.456844563
2033,Agri05_Agroforestry,DE3,26802.030122565542
2033,Agri05_Agroforestry,DE4,9705102.278825931
2033,Agri05_Agroforestry,DE5,220029.79855085633
2033,Agri05_Agroforestry,DE6,178118.6182725713
2033,Agri05_Agroforestry,DE7,2702011.957268098
2033,Agri05_Agroforestry,DE8,9243374.553611485
2033,Agri05_Agroforestry,DE9,12957655.991626333
2033,Agri05_Agroforestry,DEA,10970799.628043102
2033,Agri05_Agroforestry,DEB,7037516.305594867
2033,Agri05_Agroforestry,DEC,980388.4676757592
2033,Agri05_Agroforestry,DEE,4863734.597960061
2033,Agri05_Agroforestry,DED,5418565.678645484
2033,Agri05_Agroforestry,DEF,1810963.358006322
2033,Agri05_Agroforestry,DEG,1448373.303417963
2033,Agri06_Biochar,DE1,0.0
2033,Agri06_Biochar,DE2,0.0
2033,Agri06_Biochar,DE3,0.0
2033,Agri06_Biochar,DE4,0.0
2033,Agri06_Biochar,DE5,0.0
2033,Agri06_Biochar,DE6,0.0
2033,Agri06_Biochar,DE7,0.0
2033,Agri06_Biochar,DE8,0.0
2033,Agri06_Biochar,DE9,0.0
2033,Agri06_Biochar,DEA,0.0
2033,Agri06_Biochar,DEB,0.0
2033,Agri06_Biochar,DEC,0.0
2033,Agri06_Biochar,DEE,0.0
2033,Agri06_Biochar,DED,0.0
2033,Agri06_Biochar,DEF,0.0
2033,Agri06_Biochar,DEG,0.0
2034,Agri01_AGC,DE1,18264925.33720175
2034,Agri01_AGC,DE2,32454253.195033852
2034,Agri01_AGC,DE3,55185.93937555923
2034,Agri01_AGC,DE4,17038558.30690427
2034,Agri01_AGC,DE5,177428.2557847087
2034,Agri01_AGC,DE6,291433.23640544026
2034,Agri01_AGC,DE7,7678319.992497886
2034,Agri01_AGC,DE8,17609111.46168052
2034,Agri01_AGC,DE9,27817005.452398397
2034,Agri01_AGC,DEA,18734598.222861525
2034,Agri01_AGC,DEB,10528048.440689087
2034,Agri01_AGC,DEC,1498347.8974815523
2034,Agri01_AGC,DEE,13964328.354761546
2034,Agri01_AGC,DED,11452491.70015949
2034,Agri01_AGC,DEF,8267201.813724736
2034,Agri01_AGC,DEG,6609713.837486576
2034,Agri02_OFC,DE1,0.0
2034,Agri02_OFC,DE2,0.0
2034,Agri02_OFC,DE3,0.0
2034,Agri02_OFC,DE4,0.0
2034,Agri02_OFC,DE5,0.0
2034,Agri02_OFC,DE6,0.0
2034,Agri02_OFC,DE7,0.0
2034,Agri02_OFC,DE8,0.0
2034,Agri02_OFC,DE9,0.0
2034,Agri02_OFC,DEA,0.0
2034,Agri02_OFC,DEB,0.0
2034,Agri02_OFC,DEC,0.0
2034,Agri02_OFC,DEE,0.0
2034,Agri02_OFC,DED,0.0
2034,Agri02_OFC,DEF,0.0
2034,Agri02_OFC,DEG,0.0
2034,Agri03_No-till,DE1,0.0
2034,Agri03_No-till,DE2,0.0
2034,Agri03_No-till,DE3,0.0
2034,Agri03_No-till,DE4,0.0
2034,Agri03_No-till,DE5,0.0
2034,Agri03_No-till,DE6,0.0
2034,Agri03_No-till,DE7,0.0
2034,Agri03_No-till,DE8,0.0
2034,Agri03_No-till,DE9,0.0
2034,Agri03_No-till,DEA,0.0
2034,Agri03_No-till,DEB,0.0
2034,Agri03_No-till,DEC,0.0
2034,Agri03_No-till,DEE,0.0
2034,Agri03_No-till,DED,0.0
2034,Agri03_No-till,DEF,0.0
2034,Agri03_No-till,DEG,0.0
2034,Agri04_toGrassland,DE1,208101.95549222923
2034,Agri04_toGrassland,DE2,387840.6181654841
2034,Agri04_toGrassland,DE3,56141.24516511448
2034,Agri04_toGrassland,DE4,190965.91383114032
2034,Agri04_toGrassland,DE5,26702.188259605755
2034,Agri04_toGrassland,DE6,4037.911863390877
2034,Agri04_toGrassland,DE7,93840.73705400292
2034,Agri04_toGrassland,DE8,200054.3252063416
2034,Agri04_toGrassland,DE9,329359.4785571577
2034,Agri04_toGrassland,DEA,214311.06008046502
2034,Agri04_toGrassland,DEB,117420.84033774168
2034,Agri04_toGrassland,DEC,46201.562076649476
2034,Agri04_toGrassland,DEE,160574.0930539208
2034,Agri04_toGrassland,DED,128977.29100052235
2034,Agri04_toGrassland,DEF,104713.9026398371
2034,Agri04_toGrassland,DEG,83718.21664040432
2034,Agri05_Agroforestry,DE1,12872613.43119355
2034,Agri05_Agroforestry,DE2,16250132.890264614
2034,Agri05_Agroforestry,DE3,27656.4811461831
2034,Agri05_Agroforestry,DE4,10014501.773511006
2034,Agri05_Agroforestry,DE5,227044.36743755636
2034,Agri05_Agroforestry,DE6,183797.0551302408
2034,Agri05_Agroforestry,DE7,3081667.307653348
2034,Agri05_Agroforestry,DE8,9538054.128736813
2034,Agri05_Agroforestry,DE9,15051156.381113488
2034,Agri05_Agroforestry,DEA,12358359.664114371
2034,Agri05_Agroforestry,DEB,7261872.930206601
2034,Agri05_Agroforestry,DEC,1011643.336277788
2034,Agri05_Agroforestry,DEE,5018790.874922164
2034,Agri05_Agroforestry,DED,5591310.018140854
2034,Agri05_Agroforestry,DEF,1970855.0576453586
2034,Agri05_Agroforestry,DEG,1576319.252354858
2034,Agri06_Biochar,DE1,0.0
2034,Agri06_Biochar,DE2,0.0
2034,Agri06_Biochar,DE3,0.0
2034,Agri06_Biochar,DE4,0.0
2034,Agri06_Biochar,DE5,0.0
2034,Agri06_Biochar,DE6,0.0
2034,Agri06_Biochar,DE7,0.0
2034,Agri06_Biochar,DE8,0.0
2034,Agri06_Biochar,DE9,0.0
2034,Agri06_Biochar,DEA,0.0
2034,Agri06_Biochar,DEB,0.0
2034,Agri06_Biochar,DEC,0.0
2034,Agri06_Biochar,DEE,0.0
2034,Agri06_Biochar,DED,0.0
2034,Agri06_Biochar,DEF,0.0
2034,Agri06_Biochar,DEG,0.0
2035,Agri01_AGC,DE1,17153982.457304142
2035,Agri01_AGC,DE2,30480260.920563333
2035,Agri01_AGC,DE3,51829.31867835515
2035,Agri01_AGC,DE4,16002207.777935969
2035,Agri01_AGC,DE5,166636.38810292858
2035,Agri01_AGC,DE6,273707.148125698
2035,Agri01_AGC,DE7,7211295.092709938
2035,Agri01_AGC,DE8,16538057.69942767
2035,Agri01_AGC,DE9,26125068.388496365
2035,Agri01_AGC,DEA,17595088.034936547
2035,Agri01_AGC,DEB,9887692.116287459
2035,Agri01_AGC,DEC,1407212.6260481514
2035,Agri01_AGC,DEE,13114964.293761155
2035,Agri01_AGC,DED,10755907.18768604
2035,Agri01_AGC,DEF,7764358.860793116
2035,Agri01_AGC,DEG,6207685.666533134
2035,Agri02_OFC,DE1,0.0
2035,Agri02_OFC,DE2,0.0
2035,Agri02_OFC,DE3,0.0
2035,Agri02_OFC,DE4,0.0
2035,Agri02_OFC,DE5,0.0
2035,Agri02_OFC,DE6,0.0
2035,Agri02_OFC,DE7,0.0
2035,Agri02_OFC,DE8,0.0
2035,Agri02_OFC,DE9,0.0
2035,Agri02_OFC,DEA,0.0
2035,Agri02_OFC,DEB,0.0
2035,Agri02_OFC,DEC,0.0
2035,Agri02_OFC,DEE,0.0
2035,Agri02_OFC,DED,0.0
2035,Agri02_OFC,DEF,0.0
2035,Agri02_OFC,DEG,0.0
2035,Agri03_No-till,DE1,0.0
2035,Agri03_No-till,DE2,0.0
2035,Agri03_No-till,DE3,0.0
2035,Agri03_No-till,DE4,0.0
2035,Agri03_No-till,DE5,0.0
2035,Agri03_No-till,DE6,0.0
2035,Agri03_No-till,DE7,0.0
2035,Agri03_No-till,DE8,0.0
2035,Agri03_No-till,DE9,0.0
2035,Agri03_No-till,DEA,0.0
2035,Agri03_No-till,DEB,0.0
2035,Agri03_No-till,DEC,0.0
2035,Agri03_No-till,DEE,0.0
2035,Agri03_No-till,DED,0.0
2035,Agri03_No-till,DEF,0.0
2035,Agri03_No-till,DEG,0.0
2035,Agri04_toGrassland,DE1,203979.45462444462
2035,Agri04_toGrassland,DE2,380157.4934146019
2035,Agri04_toGrassland,DE3,55029.0867936842
2035,Agri04_toGrassland,DE4,187182.87804166856
2035,Agri04_toGrassland,DE5,26173.217765255533
2035,Agri04_toGrassland,DE6,3957.920807461139
2035,Agri04_toGrassland,DE7,91981.75154363793
2035,Agri04_toGrassland,DE8,196091.24793819932
2035,Agri04_toGrassland,DE9,322834.8654993257
2035,Agri04_toGrassland,DEA,210065.55681708723
2035,Agri04_toGrassland,DEB,115094.73285334367
2035,Agri04_toGrassland,DEC,45286.30888114981
2035,Agri04_toGrassland,DEE,157393.11939899888
2035,Agri04_toGrassland,DED,126422.25016577145
2035,Agri04_toGrassland,DEF,102639.5196602021
2035,Agri04_toGrassland,DEG,82059.75831437319
2035,Agri05_Agroforestry,DE1,14137229.05804967
2035,Agri05_Agroforestry,DE2,18652744.66384179
2035,Agri05_Agroforestry,DE3,28510.932169800653
2035,Agri05_Agroforestry,DE4,10323901.268196076
2035,Agri05_Agroforestry,DE5,234058.9363242563
2035,Agri05_Agroforestry,DE6,189475.4919879102
2035,Agri05_Agroforestry,DE7,3491099.5665149116
2035,Agri05_Agroforestry,DE8,9832733.703862136
2035,Agri05_Agroforestry,DE9,17344494.09342133
2035,Agri05_Agroforestry,DEA,12740172.99059729
2035,Agri05_Agroforestry,DEB,7486229.554818331
2035,Agri05_Agroforestry,DEC,1042898.2048798165
2035,Agri05_Agroforestry,DEE,5173847.151884263
2035,Agri05_Agroforestry,DED,5764054.357636224
2035,Agri05_Agroforestry,DEF,2130934.4523690576
2035,Agri05_Agroforestry,DEG,1704429.4642846603
2035,Agri06_Biochar,DE1,0.0
2035,Agri06_Biochar,DE2,0.0
2035,Agri06_Biochar,DE3,0.0
2035,Agri06_Biochar,DE4,0.0
2035,Agri06_Biochar,DE5,0.0
2035,Agri06_Biochar,DE6,0.0
2035,Agri06_Biochar,DE7,0.0
2035,Agri06_Biochar,DE8,0.0
2035,Agri06_Biochar,DE9,0.0
2035,Agri06_Biochar,DEA,0.0
2035,Agri06_Biochar,DEB,0.0
2035,Agri06_Biochar,DEC,0.0
2035,Agri06_Biochar,DEE,0.0
2035,Agri06_Biochar,DED,0.0
2035,Agri06_Biochar,DEF,0.0
2035,Agri06_Biochar,DEG,0.0
2036,Agri01_AGC,DE1,16043039.577406537
2036,Agri01_AGC,DE2,28506268.646092817
2036,Agri01_AGC,DE3,48472.697981151076
2036,Agri01_AGC,DE4,14965857.24896767
2036,Agri01_AGC,DE5,155844.5204211485
2036,Agri01_AGC,DE6,255981.05984595566
2036,Agri01_AGC,DE7,6744270.192921991
2036,Agri01_AGC,DE8,15467003.937174821
2036,Agri01_AGC,DE9,24433131.324594337
2036,Agri01_AGC,DEA,16455577.847011575
2036,Agri01_AGC,DEB,9247335.791885834
2036,Agri01_AGC,DEC,1316077.3546147507
2036,Agri01_AGC,DEE,12265600.232760765
2036,Agri01_AGC,DED,10059322.67521259
2036,Agri01_AGC,DEF,7261515.907861496
2036,Agri01_AGC,DEG,5805657.495579692
2036,Agri02_OFC,DE1,0.0
2036,Agri02_OFC,DE2,0.0
2036,Agri02_OFC,DE3,0.0
2036,Agri02_OFC,DE4,0.0
2036,Agri02_OFC,DE5,0.0
2036,Agri02_OFC,DE6,0.0
2036,Agri02_OFC,DE7,0.0
2036,Agri02_OFC,DE8,0.0
2036,Agri02_OFC,DE9,0.0
2036,Agri02_OFC,DEA,0.0
2036,Agri02_OFC,DEB,0.0
2036,Agri02_OFC,DEC,0.0
2036,Agri02_OFC,DEE,0.0
2036,Agri02_OFC,DED,0.0
2036,Agri02_OFC,DEF,0.0
2036,Agri02_OFC,DEG,0.0
2036,Agri03_No-till,DE1,0.0
2036,Agri03_No-till,DE2,0.0
2036,Agri03_No-till,DE3,0.0
2036,Agri03_No-till,DE4,0.0
2036,Agri03_No-till,DE5,0.0
2036,Agri03_No-till,DE6,0.0
2036,Agri03_No-till,DE7,0.0
2036,Agri03_No-till,DE8,0.0
2036,Agri03_No-till,DE9,0.0
2036,Agri03_No-till,DEA,0.0
2036,Agri03_No-till,DEB,0.0
2036,Agri03_No-till,DEC,0.0
2036,Agri03_No-till,DEE,0.0
2036,Agri03_No-till,DED,0.0
2036,Agri03_No-till,DEF,0.0
2036,Agri03_No-till,DEG,0.0
2036,Agri04_toGrassland,DE1,199856.95375666002
2036,Agri04_toGrassland,DE2,372474.36866371974
2036,Agri04_toGrassland,DE3,53916.92842225393
2036,Agri04_toGrassland,DE4,183399.84225219683
2036,Agri04_toGrassland,DE5,25644.24727090531
2036,Agri04_toGrassland,DE6,3877.929751531402
2036,Agri04_toGrassland,DE7,90122.76603327294
2036,Agri04_toGrassland,DE8,192128.17067005706
2036,Agri04_toGrassland,DE9,316310.2524414937
2036,Agri04_toGrassland,DEA,205820.05355370947
2036,Agri04_toGrassland,DEB,112768.62536894565
2036,Agri04_toGrassland,DEC,44371.05568565015
2036,Agri04_toGrassland,DEE,154212.14574407696
2036,Agri04_toGrassland,DED,123867.20933102054
2036,Agri04_toGrassland,DEF,100565.1366805671
2036,Agri04_toGrassland,DEG,80401.29998834207
2036,Agri05_Agroforestry,DE1,14560911.09579663
2036,Agri05_Agroforestry,DE2,19211753.281181153
2036,Agri05_Agroforestry,DE3,29365.383193418213
2036,Agri05_Agroforestry,DE4,10633300.762881152
2036,Agri05_Agroforestry,DE5,241073.50521095633
2036,Agri05_Agroforestry,DE6,195153.9288455797
2036,Agri05_Agroforestry,DE7,3595725.173997473
2036,Agri05_Agroforestry,DE8,10127413.278987464
2036,Agri05_Agroforestry,DE9,17864295.43292121
2036,Agri05_Agroforestry,DEA,13121986.317080218
2036,Agri05_Agroforestry,DEB,7710586.179430065
2036,Agri05_Agroforestry,DEC,1074153.0734818454
2036,Agri05_Agroforestry,DEE,5328903.428846366
2036,Agri05_Agroforestry,DED,5936798.697131595
2036,Agri05_Agroforestry,DEF,2194796.942491961
2036,Agri05_Agroforestry,DEG,1755509.9232387366
2036,Agri06_Biochar,DE1,0.0
2036,Agri06_Biochar,DE2,0.0
2036,Agri06_Biochar,DE3,0.0
2036,Agri06_Biochar,DE4,0.0
2036,Agri06_Biochar,DE5,0.0
2036,Agri06_Biochar,DE6,0.0
2036,Agri06_Biochar,DE7,0.0
2036,Agri06_Biochar,DE8,0.0
2036,Agri06_Biochar,DE9,0.0
2036,Agri06_Biochar,DEA,0.0
2036,Agri06_Biochar,DEB,0.0
2036,Agri06_Biochar,DEC,0.0
2036,Agri06_Biochar,DEE,0.0
2036,Agri06_Biochar,DED,0.0
2036,Agri06_Biochar,DEF,0.0
2036,Agri06_Biochar,DEG,0.0
2037,Agri01_AGC,DE1,14932096.69750893
2037,Agri01_AGC,DE2,26532276.3716223
2037,Agri01_AGC,DE3,45116.077283947
2037,Agri01_AGC,DE4,13929506.719999371
2037,Agri01_AGC,DE5,145052.65273936847
2037,Agri01_AGC,DE6,238254.97156621338
2037,Agri01_AGC,DE7,6277245.293134045
2037,Agri01_AGC,DE8,14395950.174921973
2037,Agri01_AGC,DE9,22741194.260692306
2037,Agri01_AGC,DEA,15316067.659086604
2037,Agri01_AGC,DEB,8606979.467484208
2037,Agri01_AGC,DEC,1224942.08318135
2037,Agri01_AGC,DEE,11416236.171760373
2037,Agri01_AGC,DED,9362738.16273914
2037,Agri01_AGC,DEF,6758672.954929877
2037,Agri01_AGC,DEG,5403629.32462625
2037,Agri02_OFC,DE1,0.0
2037,Agri02_OFC,DE2,0.0
2037,Agri02_OFC,DE3,0.0
2037,Agri02_OFC,DE4,0.0
2037,Agri02_OFC,DE5,0.0
2037,Agri02_OFC,DE6,0.0
2037,Agri02_OFC,DE7,0.0
2037,Agri02_OFC,DE8,0.0
2037,Agri02_OFC,DE9,0.0
2037,Agri02_OFC,DEA,0.0
2037,Agri02_OFC,DEB,0.0
2037,Agri02_OFC,DEC,0.0
2037,Agri02_OFC,DEE,0.0
2037,Agri02_OFC,DED,0.0
2037,Agri02_OFC,DEF,0.0
2037,Agri02_OFC,DEG,0.0
2037,Agri03_No-till,DE1,0.0
2037,Agri03_No-till,DE2,0.0
2037,Agri03_No-till,DE3,0.0
2037,Agri03_No-till,DE4,0.0
2037,Agri03_No-till,DE5,0.0
2037,Agri03_No-till,DE6,0.0
2037,Agri03_No-till,DE7,0.0
2037,Agri03_No-till,DE8,0.0
2037,Agri03_No-till,DE9,0.0
2037,Agri03_No-till,DEA,0.0
2037,Agri03_No-till,DEB,0.0
2037,Agri03_No-till,DEC,0.0
2037,Agri03_No-till,DEE,0.0
2037,Agri03_No-till,DED,0.0
2037,Agri03_No-till,DEF,0.0
2037,Agri03_No-till,DEG,0.0
2037,Agri04_toGrassland,DE1,195734.4528888754
2037,Agri04_toGrassland,DE2,364791.24391283764
2037,Agri04_toGrassland,DE3,52804.77005082366
2037,Agri04_toGrassland,DE4,179616.80646272513
2037,Agri04_toGrassland,DE5,25115.27677655509
2037,Agri04_toGrassland,DE6,3797.9386956016647
2037,Agri04_toGrassland,DE7,88263.78052290795
2037,Agri04_toGrassland,DE8,188165.0934019148
2037,Agri04_toGrassland,DE9,309785.63938366174
2037,Agri04_toGrassland,DEA,201574.55029033168
2037,Agri04_toGrassland,DEB,110442.51788454763
2037,Agri04_toGrassland,DEC,43455.80249015048
2037,Agri04_toGrassland,DEE,151031.17208915506
2037,Agri04_toGrassland,DED,121312.16849626965
2037,Agri04_toGrassland,DEF,98490.7537009321
2037,Agri04_toGrassland,DEG,78742.84166231095
2037,Agri05_Agroforestry,DE1,14984593.133543586
2037,Agri05_Agroforestry,DE2,19770761.89852051
2037,Agri05_Agroforestry,DE3,30219.83421703577
2037,Agri05_Agroforestry,DE4,10942700.257566225
2037,Agri05_Agroforestry,DE5,248088.0740976563
2037,Agri05_Agroforestry,DE6,200832.36570324918
2037,Agri05_Agroforestry,DE7,3700350.7814800334
2037,Agri05_Agroforestry,DE8,10422092.85411279
2037,Agri05_Agroforestry,DE9,18384096.772421084
2037,Agri05_Agroforestry,DEA,13503799.643563142
2037,Agri05_Agroforestry,DEB,7934942.804041796
2037,Agri05_Agroforestry,DEC,1105407.942083874
2037,Agri05_Agroforestry,DEE,5483959.705808466
2037,Agri05_Agroforestry,DED,6109543.036626964
2037,Agri05_Agroforestry,DEF,2258659.4326148643
2037,Agri05_Agroforestry,DEG,1806590.3821928126
2037,Agri06_Biochar,DE1,0.0
2037,Agri06_Biochar,DE2,0.0
2037,Agri06_Biochar,DE3,0.0
2037,Agri06_Biochar,DE4,0.0
2037,Agri06_Biochar,DE5,0.0
2037,Agri06_Biochar,DE6,0.0
2037,Agri06_Biochar,DE7,0.0
2037,Agri06_Biochar,DE8,0.0
2037,Agri06_Biochar,DE9,0.0
2037,Agri06_Biochar,DEA,0.0
2037,Agri06_Biochar,DEB,0.0
2037,Agri06_Biochar,DEC,0.0
2037,Agri06_Biochar,DEE,0.0
2037,Agri06_Biochar,DED,0.0
2037,Agri06_Biochar,DEF,0.0
2037,Agri06_Biochar,DEG,0.0
2038,Agri01_AGC,DE1,13821153.81761132
2038,Agri01_AGC,DE2,24558284.097151782
2038,Agri01_AGC,DE3,41759.45658674292
2038,Agri01_AGC,DE4,12893156.191031069
2038,Agri01_AGC,DE5,134260.78505758836
2038,Agri01_AGC,DE6,220528.88328647104
2038,Agri01_AGC,DE7,5810220.393346097
2038,Agri01_AGC,DE8,13324896.41266912
2038,Agri01_AGC,DE9,21049257.196790274
2038,Agri01_AGC,DEA,14176557.471161626
2038,Agri01_AGC,DEB,7966623.14308258
2038,Agri01_AGC,DEC,1133806.811747949
2038,Agri01_AGC,DEE,10566872.110759981
2038,Agri01_AGC,DED,8666153.650265692
2038,Agri01_AGC,DEF,6255830.001998257
2038,Agri01_AGC,DEG,5001601.153672807
2038,Agri02_OFC,DE1,0.0
2038,Agri02_OFC,DE2,0.0
2038,Agri02_OFC,DE3,0.0
2038,Agri02_OFC,DE4,0.0
2038,Agri02_OFC,DE5,0.0
2038,Agri02_OFC,DE6,0.0
2038,Agri02_OFC,DE7,0.0
2038,Agri02_OFC,DE8,0.0
2038,Agri02_OFC,DE9,0.0
2038,Agri02_OFC,DEA,0.0
2038,Agri02_OFC,DEB,0.0
2038,Agri02_OFC,DEC,0.0
2038,Agri02_OFC,DEE,0.0
2038,Agri02_OFC,DED,0.0
2038,Agri02_OFC,DEF,0.0
2038,Agri02_OFC,DEG,0.0
2038,Agri03_No-till,DE1,0.0
2038,Agri03_No-till,DE2,0.0
2038,Agri03_No-till,DE3,0.0
2038,Agri03_No-till,DE4,0.0
2038,Agri03_No-till,DE5,0.0
2038,Agri03_No-till,DE6,0.0
2038,Agri03_No-till,DE7,0.0
2038,Agri03_No-till,DE8,0.0
2038,Agri03_No-till,DE9,0.0
2038,Agri03_No-till,DEA,0.0
2038,Agri03_No-till,DEB,0.0
2038,Agri03_No-till,DEC,0.0
2038,Agri03_No-till,DEE,0.0
2038,Agri03_No-till,DED,0.0
2038,Agri03_No-till,DEF,0.0
2038,Agri03_No-till,DEG,0.0
2038,Agri04_toGrassland,DE1,191611.95202109078
2038,Agri04_toGrassland,DE2,357108.1191619554
2038,Agri04_toGrassland,DE3,51692.611679393376
2038,Agri04_toGrassland,DE4,175833.77067325334
2038,Agri04_toGrassland,DE5,24586.30628220486
2038,Agri04_toGrassland,DE6,3717.947639671926
2038,Agri04_toGrassland,DE7,86404.79501254295
2038,Agri04_toGrassland,DE8,184202.0161337725
2038,Agri04_toGrassland,DE9,303261.0263258297
2038,Agri04_toGrassland,DEA,197329.04702695386
2038,Agri04_toGrassland,DEB,108116.41040014959
2038,Agri04_toGrassland,DEC,42540.54929465081
2038,Agri04_toGrassland,DEE,147850.1984342331
2038,Agri04_toGrassland,DED,118757.12766151871
2038,Agri04_toGrassland,DEF,96416.37072129708
2038,Agri04_toGrassland,DEG,77084.3833362798
2038,Agri05_Agroforestry,DE1,15408275.171290545
2038,Agri05_Agroforestry,DE2,20329770.515859876
2038,Agri05_Agroforestry,DE3,31074.28524065333
2038,Agri05_Agroforestry,DE4,11252099.752251301
2038,Agri05_Agroforestry,DE5,255102.6429843563
2038,Agri05_Agroforestry,DE6,206510.80256091867
2038,Agri05_Agroforestry,DE7,3804976.3889625943
2038,Agri05_Agroforestry,DE8,10716772.429238118
2038,Agri05_Agroforestry,DE9,18903898.111920968
2038,Agri05_Agroforestry,DEA,13885612.970046068
2038,Agri05_Agroforestry,DEB,8159299.428653531
2038,Agri05_Agroforestry,DEC,1136662.8106859028
2038,Agri05_Agroforestry,DEE,5639015.982770569
2038,Agri05_Agroforestry,DED,6282287.376122335
2038,Agri05_Agroforestry,DEF,2322521.922737768
2038,Agri05_Agroforestry,DEG,1857670.8411468891
2038,Agri06_Biochar,DE1,0.0
2038,Agri06_Biochar,DE2,0.0
2038,Agri06_Biochar,DE3,0.0
2038,Agri06_Biochar,DE4,0.0
2038,Agri06_Biochar,DE5,0.0
2038,Agri06_Biochar,DE6,0.0
2038,Agri06_Biochar,DE7,0.0
2038,Agri06_Biochar,DE8,0.0
2038,Agri06_Biochar,DE9,0.0
2038,Agri06_Biochar,DEA,0.0
2038,Agri06_Biochar,DEB,0.0
2038,Agri06_Biochar,DEC,0.0
2038,Agri06_Biochar,DEE,0.0
2038,Agri06_Biochar,DED,0.0
2038,Agri06_Biochar,DEF,0.0
2038,Agri06_Biochar,DEG,0.0
2039,Agri01_AGC,DE1,12710210.93771371
2039,Agri01_AGC,DE2,22584291.822681263
2039,Agri01_AGC,DE3,38402.83588953884
2039,Agri01_AGC,DE4,11856805.662062768
2039,Agri01_AGC,DE5,123468.91737580826
2039,Agri01_AGC,DE6,202802.79500672873
2039,Agri01_AGC,DE7,5343195.49355815
2039,Agri01_AGC,DE8,12253842.65041627
2039,Agri01_AGC,DE9,19357320.132888243
2039,Agri01_AGC,DEA,13037047.28323665
2039,Agri01_AGC,DEB,7326266.818680952
2039,Agri01_AGC,DEC,1042671.5403145481
2039,Agri01_AGC,DEE,9717508.04975959
2039,Agri01_AGC,DED,7969569.137792241
2039,Agri01_AGC,DEF,5752987.049066637
2039,Agri01_AGC,DEG,4599572.982719364
2039,Agri02_OFC,DE1,0.0
2039,Agri02_OFC,DE2,0.0
2039,Agri02_OFC,DE3,0.0
2039,Agri02_OFC,DE4,0.0
2039,Agri02_OFC,DE5,0.0
2039,Agri02_OFC,DE6,0.0
2039,Agri02_OFC,DE7,0.0
2039,Agri02_OFC,DE8,0.0
2039,Agri02_OFC,DE9,0.0
2039,Agri02_OFC,DEA,0.0
2039,Agri02_OFC,DEB,0.0
2039,Agri02_OFC,DEC,0.0
2039,Agri02_OFC,DEE,0.0
2039,Agri02_OFC,DED,0.0
2039,Agri02_OFC,DEF,0.0
2039,Agri02_OFC,DEG,0.0
2039,Agri03_No-till,DE1,0.0
2039,Agri03_No-till,DE2,0.0
2039,Agri03_No-till,DE3,0.0
2039,Agri03_No-till,DE4,0.0
2039,Agri03_No-till,DE5,0.0
2039,Agri03_No-till,DE6,0.0
2039,Agri03_No-till,DE7,0.0
2039,Agri03_No-till,DE8,0.0
2039,Agri03_No-till,DE9,0.0
2039,Agri03_No-till,DEA,0.0
2039,Agri03_No-till,DEB,0.0
2039,Agri03_No-till,DEC,0.0
2039,Agri03_No-till,DEE,0.0
2039,Agri03_No-till,DED,0.0
2039,Agri03_No-till,DEF,0.0
2039,Agri03_No-till,DEG,0.0
2039,Agri04_toGrassland,DE1,187489.45115330617
2039,Agri04_toGrassland,DE2,349424.9944110732
2039,Agri04_toGrassland,DE3,50580.45330796311
2039,Agri04_toGrassland,DE4,172050.73488378164
2039,Agri04_toGrassland,DE5,24057.335787854638
2039,Agri04_toGrassland,DE6,3637.9565837421887
2039,Agri04_toGrassland,DE7,84545.80950217796
2039,Agri04_toGrassland,DE8,180238.93886563025
2039,Agri04_toGrassland,DE9,296736.41326799773
2039,Agri04_toGrassland,DEA,193083.5437635761
2039,Agri04_toGrassland,DEB,105790.30291575158
2039,Agri04_toGrassland,DEC,41625.29609915115
2039,Agri04_toGrassland,DEE,144669.2247793112
2039,Agri04_toGrassland,DED,116202.08682676782
2039,Agri04_toGrassland,DEF,94341.98774166207
2039,Agri04_toGrassland,DEG,75425.92501024868
2039,Agri05_Agroforestry,DE1,15831957.209037501
2039,Agri05_Agroforestry,DE2,20888779.133199234
2039,Agri05_Agroforestry,DE3,31928.736264270887
2039,Agri05_Agroforestry,DE4,11561499.246936373
2039,Agri05_Agroforestry,DE5,262117.2118710563
2039,Agri05_Agroforestry,DE6,212189.2394185881
2039,Agri05_Agroforestry,DE7,3909601.9964451552
2039,Agri05_Agroforestry,DE8,11011452.004363444
2039,Agri05_Agroforestry,DE9,19423699.451420844
2039,Agri05_Agroforestry,DEA,14267426.296528991
2039,Agri05_Agroforestry,DEB,8383656.053265262
2039,Agri05_Agroforestry,DEC,1167917.6792879314
2039,Agri05_Agroforestry,DEE,5794072.259732669
2039,Agri05_Agroforestry,DED,6455031.715617705
2039,Agri05_Agroforestry,DEF,2386384.412860671
2039,Agri05_Agroforestry,DEG,1908751.3001009652
2039,Agri06_Biochar,DE1,0.0
2039,Agri06_Biochar,DE2,0.0
2039,Agri06_Biochar,DE3,0.0
2039,Agri06_Biochar,DE4,0.0
2039,Agri06_Biochar,DE5,0.0
2039,Agri06_Biochar,DE6,0.0
2039,Agri06_Biochar,DE7,0.0
2039,Agri06_Biochar,DE8,0.0
2039,Agri06_Biochar,DE9,0.0
2039,Agri06_Biochar,DEA,0.0
2039,Agri06_Biochar,DEB,0.0
2039,Agri06_Biochar,DEC,0.0
2039,Agri06_Biochar,DEE,0.0
2039,Agri06_Biochar,DED,0.0
2039,Agri06_Biochar,DEF,0.0
2039,Agri06_Biochar,DEG,0.0
2040,Agri01_AGC,DE1,11599268.0578161
2040,Agri01_AGC,DE2,20610299.548210744
2040,Agri01_AGC,DE3,35046.21519233475
2040,Agri01_AGC,DE4,10820455.133094465
2040,Agri01_AGC,DE5,112677.04969402816
2040,Agri01_AGC,DE6,185076.70672698636
2040,Agri01_AGC,DE7,4876170.593770202
2040,Agri01_AGC,DE8,11182788.888163418
2040,Agri01_AGC,DE9,17665383.068986207
2040,Agri01_AGC,DEA,11897537.095311673
2040,Agri01_AGC,DEB,6685910.494279324
2040,Agri01_AGC,DEC,951536.268881147
2040,Agri01_AGC,DEE,8868143.988759195
2040,Agri01_AGC,DED,7272984.62531879
2040,Agri01_AGC,DEF,5250144.096135016
2040,Agri01_AGC,DEG,4197544.81176592
2040,Agri02_OFC,DE1,0.0
2040,Agri02_OFC,DE2,0.0
2040,Agri02_OFC,DE3,0.0
2040,Agri02_OFC,DE4,0.0
2040,Agri02_OFC,DE5,0.0
2040,Agri02_OFC,DE6,0.0
2040,Agri02_OFC,DE7,0.0
2040,Agri02_OFC,DE8,0.0
2040,Agri02_OFC,DE9,0.0
2040,Agri02_OFC,DEA,0.0
2040,Agri02_OFC,DEB,0.0
2040,Agri02_OFC,DEC,0.0
2040,Agri02_OFC,DEE,0.0
2040,Agri02_OFC,DED,0.0
2040,Agri02_OFC,DEF,0.0
2040,Agri02_OFC,DEG,0.0
2040,Agri03_No-till,DE1,0.0
2040,Agri03_No-till,DE2,0.0
2040,Agri03_No-till,DE3,0.0
2040,Agri03_No-till,DE4,0.0
2040,Agri03_No-till,DE5,0.0
2040,Agri03_No-till,DE6,0.0
2040,Agri03_No-till,DE7,0.0
2040,Agri03_No-till,DE8,0.0
2040,Agri03_No-till,DE9,0.0
2040,Agri03_No-till,DEA,0.0
2040,Agri03_No-till,DEB,0.0
2040,Agri03_No-till,DEC,0.0
2040,Agri03_No-till,DEE,0.0
2040,Agri03_No-till,DED,0.0
2040,Agri03_No-till,DEF,0.0
2040,Agri03_No-till,DEG,0.0
2040,Agri04_toGrassland,DE1,183366.95028552157
2040,Agri04_toGrassland,DE2,341741.869660191
2040,Agri04_toGrassland,DE3,49468.29493653283
2040,Agri04_toGrassland,DE4,168267.69909430988
2040,Agri04_toGrassland,DE5,23528.365293504412
2040,Agri04_toGrassland,DE6,3557.965527812451
2040,Agri04_toGrassland,DE7,82686.82399181297
2040,Agri04_toGrassland,DE8,176275.86159748796
2040,Agri04_toGrassland,DE9,290211.80021016573
2040,Agri04_toGrassland,DEA,188838.04050019832
2040,Agri04_toGrassland,DEB,103464.19543135355
2040,Agri04_toGrassland,DEC,40710.04290365148
2040,Agri04_toGrassland,DEE,141488.25112438927
2040,Agri04_toGrassland,DED,113647.0459920169
2040,Agri04_toGrassland,DEF,92267.60476202707
2040,Agri04_toGrassland,DEG,73767.46668421755
2040,Agri05_Agroforestry,DE1,16255639.246784454
2040,Agri05_Agroforestry,DE2,21447787.75053859
2040,Agri05_Agroforestry,DE3,32783.18728788844
2040,Agri05_Agroforestry,DE4,11870898.741621446
2040,Agri05_Agroforestry,DE5,269131.7807577562
2040,Agri05_Agroforestry,DE6,217867.67627625755
2040,Agri05_Agroforestry,DE7,4014227.603927715
2040,Agri05_Agroforestry,DE8,11306131.579488767
2040,Agri05_Agroforestry,DE9,19943500.790920716
2040,Agri05_Agroforestry,DEA,14649239.623011913
2040,Agri05_Agroforestry,DEB,8608012.677876994
2040,Agri05_Agroforestry,DEC,1199172.54788996
2040,Agri05_Agroforestry,DEE,5949128.53669477
2040,Agri05_Agroforestry,DED,6627776.055113073
2040,Agri05_Agroforestry,DEF,2450246.9029835737
2040,Agri05_Agroforestry,DEG,1959831.759055041
2040,Agri06_Biochar,DE1,0.0
2040,Agri06_Biochar,DE2,0.0
2040,Agri06_Biochar,DE3,0.0
2040,Agri06_Biochar,DE4,0.0
2040,Agri06_Biochar,DE5,0.0
2040,Agri06_Biochar,DE6,0.0
2040,Agri06_Biochar,DE7,0.0
2040,Agri06_Biochar,DE8,0.0
2040,Agri06_Biochar,DE9,0.0
2040,Agri06_Biochar,DEA,0.0
2040,Agri06_Biochar,DEB,0.0
2040,Agri06_Biochar,DEC,0.0
2040,Agri06_Biochar,DEE,0.0
2040,Agri06_Biochar,DED,0.0
2040,Agri06_Biochar,DEF,0.0
2040,Agri06_Biochar,DEG,0.0
2041,Agri01_AGC,DE1,10488325.177918494
2041,Agri01_AGC,DE2,18636307.273740232
2041,Agri01_AGC,DE3,31689.594495130677
2041,Agri01_AGC,DE4,9784104.604126167
2041,Agri01_AGC,DE5,101885.1820122481
2041,Agri01_AGC,DE6,167350.6184472441
2041,Agri01_AGC,DE7,4409145.693982256
2041,Agri01_AGC,DE8,10111735.12591057
2041,Agri01_AGC,DE9,15973446.00508418
2041,Agri01_AGC,DEA,10758026.907386703
2041,Agri01_AGC,DEB,6045554.169877699
2041,Agri01_AGC,DEC,860400.9974477465
2041,Agri01_AGC,DEE,8018779.927758806
2041,Agri01_AGC,DED,6576400.112845342
2041,Agri01_AGC,DEF,4747301.143203397
2041,Agri01_AGC,DEG,3795516.640812479
2041,Agri02_OFC,DE1,0.0
2041,Agri02_OFC,DE2,0.0
2041,Agri02_OFC,DE3,0.0
2041,Agri02_OFC,DE4,0.0
2041,Agri02_OFC,DE5,0.0
2041,Agri02_OFC,DE6,0.0
2041,Agri02_OFC,DE7,0.0
2041,Agri02_OFC,DE8,0.0
2041,Agri02_OFC,DE9,0.0
2041,Agri02_OFC,DEA,0.0
2041,Agri02_OFC,DEB,0.0
2041,Agri02_OFC,DEC,0.0
2041,Agri02_OFC,DEE,0.0
2041,Agri02_OFC,DED,0.0
2041,Agri02_OFC,DEF,0.0
2041,Agri02_OFC,DEG,0.0
2041,Agri03_No-till,DE1,0.0
2041,Agri03_No-till,DE2,0.0
2041,Agri03_No-till,DE3,0.0
2041,Agri03_No-till,DE4,0.0
2041,Agri03_No-till,DE5,0.0
2041,Agri03_No-till,DE6,0.0
2041,Agri03_No-till,DE7,0.0
2041,Agri03_No-till,DE8,0.0
2041,Agri03_No-till,DE9,0.0
2041,Agri03_No-till,DEA,0.0
2041,Agri03_No-till,DEB,0.0
2041,Agri03_No-till,DEC,0.0
2041,Agri03_No-till,DEE,0.0
2041,Agri03_No-till,DED,0.0
2041,Agri03_No-till,DEF,0.0
2041,Agri03_No-till,DEG,0.0
2041,Agri04_toGrassland,DE1,179244.44941773696
2041,Agri04_toGrassland,DE2,334058.74490930885
2041,Agri04_toGrassland,DE3,48356.13656510256
2041,Agri04_toGrassland,DE4,164484.66330483818
2041,Agri04_toGrassland,DE5,22999.39479915419
2041,Agri04_toGrassland,DE6,3477.9744718827137
2041,Agri04_toGrassland,DE7,80827.83848144798
2041,Agri04_toGrassland,DE8,172312.7843293457
2041,Agri04_toGrassland,DE9,283687.1871523338
2041,Agri04_toGrassland,DEA,184592.53723682056
2041,Agri04_toGrassland,DEB,101138.08794695554
2041,Agri04_toGrassland,DEC,39794.78970815182
2041,Agri04_toGrassland,DEE,138307.27746946737
2041,Agri04_toGrassland,DED,111092.005157266
2041,Agri04_toGrassland,DEF,90193.22178239207
2041,Agri04_toGrassland,DEG,72109.00835818642
2041,Agri05_Agroforestry,DE1,16679321.284531415
2041,Agri05_Agroforestry,DE2,22006796.367877953
2041,Agri05_Agroforestry,DE3,33637.638311505994
2041,Agri05_Agroforestry,DE4,12180298.23630652
2041,Agri05_Agroforestry,DE5,276146.34964445623
2041,Agri05_Agroforestry,DE6,223546.11313392705
2041,Agri05_Agroforestry,DE7,4118853.211410276
2041,Agri05_Agroforestry,DE8,11600811.154614097
2041,Agri05_Agroforestry,DE9,20463302.130420595
2041,Agri05_Agroforestry,DEA,15031052.94949484
2041,Agri05_Agroforestry,DEB,8832369.302488727
2041,Agri05_Agroforestry,DEC,1230427.4164919888
2041,Agri05_Agroforestry,DEE,6104184.813656871
2041,Agri05_Agroforestry,DED,6800520.3946084445
2041,Agri05_Agroforestry,DEF,2514109.3931064773
2041,Agri05_Agroforestry,DEG,2010912.2180091175
2041,Agri06_Biochar,DE1,0.0
2041,Agri06_Biochar,DE2,0.0
2041,Agri06_Biochar,DE3,0.0
2041,Agri06_Biochar,DE4,0.0
2041,Agri06_Biochar,DE5,0.0
2041,Agri06_Biochar,DE6,0.0
2041,Agri06_Biochar,DE7,0.0
2041,Agri06_Biochar,DE8,0.0
2041,Agri06_Biochar,DE9,0.0
2041,Agri06_Biochar,DEA,0.0
2041,Agri06_Biochar,DEB,0.0
2041,Agri06_Biochar,DEC,0.0
2041,Agri06_Biochar,DEE,0.0
2041,Agri06_Biochar,DED,0.0
2041,Agri06_Biochar,DEF,0.0
2041,Agri06_Biochar,DEG,0.0
2042,Agri01_AGC,DE1,9377382.298020886
2042,Agri01_AGC,DE2,16662314.999269715
2042,Agri01_AGC,DE3,28332.9737979266
2042,Agri01_AGC,DE4,8747754.075157868
2042,Agri01_AGC,DE5,91093.31433046803
2042,Agri01_AGC,DE6,149624.5301675018
2042,Agri01_AGC,DE7,3942120.794194309
2042,Agri01_AGC,DE8,9040681.36365772
2042,Agri01_AGC,DE9,14281508.941182148
2042,Agri01_AGC,DEA,9618516.719461728
2042,Agri01_AGC,DEB,5405197.845476072
2042,Agri01_AGC,DEC,769265.7260143457
2042,Agri01_AGC,DEE,7169415.8667584155
2042,Agri01_AGC,DED,5879815.600371893
2042,Agri01_AGC,DEF,4244458.190271778
2042,Agri01_AGC,DEG,3393488.4698590366
2042,Agri02_OFC,DE1,0.0
2042,Agri02_OFC,DE2,0.0
2042,Agri02_OFC,DE3,0.0
2042,Agri02_OFC,DE4,0.0
2042,Agri02_OFC,DE5,0.0
2042,Agri02_OFC,DE6,0.0
2042,Agri02_OFC,DE7,0.0
2042,Agri02_OFC,DE8,0.0
2042,Agri02_OFC,DE9,0.0
2042,Agri02_OFC,DEA,0.0
2042,Agri02_OFC,DEB,0.0
2042,Agri02_OFC,DEC,0.0
2042,Agri02_OFC,DEE,0.0
2042,Agri02_OFC,DED,0.0
2042,Agri02_OFC,DEF,0.0
2042,Agri02_OFC,DEG,0.0
2042,Agri03_No-till,DE1,0.0
2042,Agri03_No-till,DE2,0.0
2042,Agri03_No-till,DE3,0.0
2042,Agri03_No-till,DE4,0.0
2042,Agri03_No-till,DE5,0.0
2042,Agri03_No-till,DE6,0.0
2042,Agri03_No-till,DE7,0.0
2042,Agri03_No-till,DE8,0.0
2042,Agri03_No-till,DE9,0.0
2042,Agri03_No-till,DEA,0.0
2042,Agri03_No-till,DEB,0.0
2042,Agri03_No-till,DEC,0.0
2042,Agri03_No-till,DEE,0.0
2042,Agri03_No-till,DED,0.0
2042,Agri03_No-till,DEF,0.0
2042,Agri03_No-till,DEG,0.0
2042,Agri04_toGrassland,DE1,175121.94854995236
2042,Agri04_toGrassland,DE2,326375.6201584267
2042,Agri04_toGrassland,DE3,47243.97819367229
2042,Agri04_toGrassland,DE4,160701.62751536645
2042,Agri04_toGrassland,DE5,22470.424304803968
2042,Agri04_toGrassland,DE6,3397.9834159529764
2042,Agri04_toGrassland,DE7,78968.85297108299
2042,Agri04_toGrassland,DE8,168349.70706120346
2042,Agri04_toGrassland,DE9,277162.5740945018
2042,Agri04_toGrassland,DEA,180347.03397344277
2042,Agri04_toGrassland,DEB,98811.98046255752
2042,Agri04_toGrassland,DEC,38879.53651265216
2042,Agri04_toGrassland,DEE,135126.30381454545
2042,Agri04_toGrassland,DED,108536.96432251511
2042,Agri04_toGrassland,DEF,88118.83880275708
2042,Agri04_toGrassland,DEG,70450.5500321553
2042,Agri05_Agroforestry,DE1,17103003.32227837
2042,Agri05_Agroforestry,DE2,22565804.98521731
2042,Agri05_Agroforestry,DE3,34492.08933512355
2042,Agri05_Agroforestry,DE4,12489697.730991593
2042,Agri05_Agroforestry,DE5,283160.9185311562
2042,Agri05_Agroforestry,DE6,229224.5499915965
2042,Agri05_Agroforestry,DE7,4223478.818892837
2042,Agri05_Agroforestry,DE8,11895490.729739422
2042,Agri05_Agroforestry,DE9,20983103.46992047
2042,Agri05_Agroforestry,DEA,15412866.275977764
2042,Agri05_Agroforestry,DEB,9056725.92710046
2042,Agri05_Agroforestry,DEC,1261682.2850940174
2042,Agri05_Agroforestry,DEE,6259241.090618973
2042,Agri05_Agroforestry,DED,6973264.734103814
2042,Agri05_Agroforestry,DEF,2577971.8832293805
2042,Agri05_Agroforestry,DEG,2061992.6769631936
2042,Agri06_Biochar,DE1,0.0
2042,Agri06_Biochar,DE2,0.0
2042,Agri06_Biochar,DE3,0.0
2042,Agri06_Biochar,DE4,0.0
2042,Agri06_Biochar,DE5,0.0
2042,Agri06_Biochar,DE6,0.0
2042,Agri06_Biochar,DE7,0.0
2042,Agri06_Biochar,DE8,0.0
2042,Agri06_Biochar,DE9,0.0
2042,Agri06_Biochar,DEA,0.0
2042,Agri06_Biochar,DEB,0.0
2042,Agri06_Biochar,DEC,0.0
2042,Agri06_Biochar,DEE,0.0
2042,Agri06_Biochar,DED,0.0
2042,Agri06_Biochar,DEF,0.0
2042,Agri06_Biochar,DEG,0.0
2043,Agri01_AGC,DE1,8266439.418123278
2043,Agri01_AGC,DE2,14688322.724799197
2043,Agri01_AGC,DE3,24976.35310072252
2043,Agri01_AGC,DE4,7711403.546189567
2043,Agri01_AGC,DE5,80301.44664868795
2043,Agri01_AGC,DE6,131898.4418877595
2043,Agri01_AGC,DE7,3475095.894406362
2043,Agri01_AGC,DE8,7969627.601404871
2043,Agri01_AGC,DE9,12589571.877280118
2043,Agri01_AGC,DEA,8479006.531536754
2043,Agri01_AGC,DEB,4764841.521074445
2043,Agri01_AGC,DEC,678130.4545809447
2043,Agri01_AGC,DEE,6320051.805758024
2043,Agri01_AGC,DED,5183231.0878984425
2043,Agri01_AGC,DEF,3741615.2373401583
2043,Agri01_AGC,DEG,2991460.298905594
2043,Agri02_OFC,DE1,0.0
2043,Agri02_OFC,DE2,0.0
2043,Agri02_OFC,DE3,0.0
2043,Agri02_OFC,DE4,0.0
2043,Agri02_OFC,DE5,0.0
2043,Agri02_OFC,DE6,0.0
2043,Agri02_OFC,DE7,0.0
2043,Agri02_OFC,DE8,0.0
2043,Agri02_OFC,DE9,0.0
2043,Agri02_OFC,DEA,0.0
2043,Agri02_OFC,DEB,0.0
2043,Agri02_OFC,DEC,0.0
2043,Agri02_OFC,DEE,0.0
2043,Agri02_OFC,DED,0.0
2043,Agri02_OFC,DEF,0.0
2043,Agri02_OFC,DEG,0.0
2043,Agri03_No-till,DE1,0.0
2043,Agri03_No-till,DE2,0.0
2043,Agri03_No-till,DE3,0.0
2043,Agri03_No-till,DE4,0.0
2043,Agri03_No-till,DE5,0.0
2043,Agri03_No-till,DE6,0.0
2043,Agri03_No-till,DE7,0.0
2043,Agri03_No-till,DE8,0.0
2043,Agri03_No-till,DE9,0.0
2043,Agri03_No-till,DEA,0.0
2043,Agri03_No-till,DEB,0.0
2043,Agri03_No-till,DEC,0.0
2043,Agri03_No-till,DEE,0.0
2043,Agri03_No-till,DED,0.0
2043,Agri03_No-till,DEF,0.0
2043,Agri03_No-till,DEG,0.0
2043,Agri04_toGrassland,DE1,170999.44768216775
2043,Agri04_toGrassland,DE2,318692.4954075445
2043,Agri04_toGrassland,DE3,46131.81982224201
2043,Agri04_toGrassland,DE4,156918.5917258947
2043,Agri04_toGrassland,DE5,21941.453810453742
2043,Agri04_toGrassland,DE6,3317.9923600232387
2043,Agri04_toGrassland,DE7,77109.867460718
2043,Agri04_toGrassland,DE8,164386.62979306118
2043,Agri04_toGrassland,DE9,270637.9610366698
2043,Agri04_toGrassland,DEA,176101.53071006498
2043,Agri04_toGrassland,DEB,96485.8729781595
2043,Agri04_toGrassland,DEC,37964.28331715248
2043,Agri04_toGrassland,DEE,131945.33015962353
2043,Agri04_toGrassland,DED,105981.92348776419
2043,Agri04_toGrassland,DEF,86044.45582312206
2043,Agri04_toGrassland,DEG,68792.09170612416
2043,Agri05_Agroforestry,DE1,17526685.36002533
2043,Agri05_Agroforestry,DE2,23124813.602556676
2043,Agri05_Agroforestry,DE3,35346.54035874111
2043,Agri05_Agroforestry,DE4,12799097.225676669
2043,Agri05_Agroforestry,DE5,290175.48741785623
2043,Agri05_Agroforestry,DE6,234902.986849266
2043,Agri05_Agroforestry,DE7,4328104.426375398
2043,Agri05_Agroforestry,DE8,12190170.30486475
2043,Agri05_Agroforestry,DE9,21502904.80942035
2043,Agri05_Agroforestry,DEA,15794679.60246069
2043,Agri05_Agroforestry,DEB,9281082.551712193
2043,Agri05_Agroforestry,DEC,1292937.1536960462
2043,Agri05_Agroforestry,DEE,6414297.367581074
2043,Agri05_Agroforestry,DED,7146009.073599185
2043,Agri05_Agroforestry,DEF,2641834.373352284
2043,Agri05_Agroforestry,DEG,2113073.13591727
2043,Agri06_Biochar,DE1,0.0
2043,Agri06_Biochar,DE2,0.0
2043,Agri06_Biochar,DE3,0.0
2043,Agri06_Biochar,DE4,0.0
2043,Agri06_Biochar,DE5,0.0
2043,Agri06_Biochar,DE6,0.0
2043,Agri06_Biochar,DE7,0.0
2043,Agri06_Biochar,DE8,0.0
2043,Agri06_Biochar,DE9,0.0
2043,Agri06_Biochar,DEA,0.0
2043,Agri06_Biochar,DEB,0.0
2043,Agri06_Biochar,DEC,0.0
2043,Agri06_Biochar,DEE,0.0
2043,Agri06_Biochar,DED,0.0
2043,Agri06_Biochar,DEF,0.0
2043,Agri06_Biochar,DEG,0.0
2044,Agri01_AGC,DE1,7155496.538225669
2044,Agri01_AGC,DE2,12714330.45032868
2044,Agri01_AGC,DE3,21619.732403518443
2044,Agri01_AGC,DE4,6675053.017221266
2044,Agri01_AGC,DE5,69509.57896690787
2044,Agri01_AGC,DE6,114172.35360801718
2044,Agri01_AGC,DE7,3008070.994618415
2044,Agri01_AGC,DE8,6898573.83915202
2044,Agri01_AGC,DE9,10897634.813378086
2044,Agri01_AGC,DEA,7339496.34361178
2044,Agri01_AGC,DEB,4124485.1966728186
2044,Agri01_AGC,DEC,586995.1831475439
2044,Agri01_AGC,DEE,5470687.744757633
2044,Agri01_AGC,DED,4486646.575424993
2044,Agri01_AGC,DEF,3238772.2844085386
2044,Agri01_AGC,DEG,2589432.1279521515
2044,Agri02_OFC,DE1,0.0
2044,Agri02_OFC,DE2,0.0
2044,Agri02_OFC,DE3,0.0
2044,Agri02_OFC,DE4,0.0
2044,Agri02_OFC,DE5,0.0
2044,Agri02_OFC,DE6,0.0
2044,Agri02_OFC,DE7,0.0
2044,Agri02_OFC,DE8,0.0
2044,Agri02_OFC,DE9,0.0
2044,Agri02_OFC,DEA,0.0
2044,Agri02_OFC,DEB,0.0
2044,Agri02_OFC,DEC,0.0
2044,Agri02_OFC,DEE,0.0
2044,Agri02_OFC,DED,0.0
2044,Agri02_OFC,DEF,0.0
2044,Agri02_OFC,DEG,0.0
2044,Agri03_No-till,DE1,0.0
2044,Agri03_No-till,DE2,0.0
2044,Agri03_No-till,DE3,0.0
2044,Agri03_No-till,DE4,0.0
2044,Agri03_No-till,DE5,0.0
2044,Agri03_No-till,DE6,0.0
2044,Agri03_No-till,DE7,0.0
2044,Agri03_No-till,DE8,0.0
2044,Agri03_No-till,DE9,0.0
2044,Agri03_No-till,DEA,0.0
2044,Agri03_No-till,DEB,0.0
2044,Agri03_No-till,DEC,0.0
2044,Agri03_No-till,DEE,0.0
2044,Agri03_No-till,DED,0.0
2044,Agri03_No-till,DEF,0.0
2044,Agri03_No-till,DEG,0.0
2044,Agri04_toGrassland,DE1,166876.94681438315
2044,Agri04_toGrassland,DE2,311009.37065666233
2044,Agri04_toGrassland,DE3,45019.66145081174
2044,Agri04_toGrassland,DE4,153135.55593642298
2044,Agri04_toGrassland,DE5,21412.48331610352
2044,Agri04_toGrassland,DE6,3238.0013040935014
2044,Agri04_toGrassland,DE7,75250.88195035301
2044,Agri04_toGrassland,DE8,160423.55252491892
2044,Agri04_toGrassland,DE9,264113.34797883785
2044,Agri04_toGrassland,DEA,171856.02744668722
2044,Agri04_toGrassland,DEB,94159.76549376149
2044,Agri04_toGrassland,DEC,37049.030121652824
2044,Agri04_toGrassland,DEE,128764.35650470162
2044,Agri04_toGrassland,DED,103426.8826530133
2044,Agri04_toGrassland,DEF,83970.07284348707
2044,Agri04_toGrassland,DEG,67133.63338009304
2044,Agri05_Agroforestry,DE1,17950367.397772282
2044,Agri05_Agroforestry,DE2,23683822.21989603
2044,Agri05_Agroforestry,DE3,36200.99138235867
2044,Agri05_Agroforestry,DE4,13108496.72036174
2044,Agri05_Agroforestry,DE5,297190.05630455614
2044,Agri05_Agroforestry,DE6,240581.42370693543
2044,Agri05_Agroforestry,DE7,4432730.033857957
2044,Agri05_Agroforestry,DE8,12484849.879990073
2044,Agri05_Agroforestry,DE9,22022706.148920227
2044,Agri05_Agroforestry,DEA,16176492.928943612
2044,Agri05_Agroforestry,DEB,9505439.176323922
2044,Agri05_Agroforestry,DEC,1324192.0222980748
2044,Agri05_Agroforestry,DEE,6569353.644543175
2044,Agri05_Agroforestry,DED,7318753.413094554
2044,Agri05_Agroforestry,DEF,2705696.8634751868
2044,Agri05_Agroforestry,DEG,2164153.594871346
2044,Agri06_Biochar,DE1,0.0
2044,Agri06_Biochar,DE2,0.0
2044,Agri06_Biochar,DE3,0.0
2044,Agri06_Biochar,DE4,0.0
2044,Agri06_Biochar,DE5,0.0
2044,Agri06_Biochar,DE6,0.0
2044,Agri06_Biochar,DE7,0.0
2044,Agri06_Biochar,DE8,0.0
2044,Agri06_Biochar,DE9,0.0
2044,Agri06_Biochar,DEA,0.0
2044,Agri06_Biochar,DEB,0.0
2044,Agri06_Biochar,DEC,0.0
2044,Agri06_Biochar,DEE,0.0
2044,Agri06_Biochar,DED,0.0
2044,Agri06_Biochar,DEF,0.0
2044,Agri06_Biochar,DEG,0.0
2045,Agri01_AGC,DE1,6044553.658328061
2045,Agri01_AGC,DE2,10740338.175858164
2045,Agri01_AGC,DE3,18263.111706314365
2045,Agri01_AGC,DE4,5638702.488252967
2045,Agri01_AGC,DE5,58717.711285127785
2045,Agri01_AGC,DE6,96446.26532827488
2045,Agri01_AGC,DE7,2541046.094830468
2045,Agri01_AGC,DE8,5827520.076899171
2045,Agri01_AGC,DE9,9205697.749476055
2045,Agri01_AGC,DEA,6199986.155686805
2045,Agri01_AGC,DEB,3484128.872271192
2045,Agri01_AGC,DEC,495859.91171414306
2045,Agri01_AGC,DEE,4621323.683757242
2045,Agri01_AGC,DED,3790062.062951544
2045,Agri01_AGC,DEF,2735929.331476919
2045,Agri01_AGC,DEG,2187403.956998709
2045,Agri02_OFC,DE1,0.0
2045,Agri02_OFC,DE2,0.0
2045,Agri02_OFC,DE3,0.0
2045,Agri02_OFC,DE4,0.0
2045,Agri02_OFC,DE5,0.0
2045,Agri02_OFC,DE6,0.0
2045,Agri02_OFC,DE7,0.0
2045,Agri02_OFC,DE8,0.0
2045,Agri02_OFC,DE9,0.0
2045,Agri02_OFC,DEA,0.0
2045,Agri02_OFC,DEB,0.0
2045,Agri02_OFC,DEC,0.0
2045,Agri02_OFC,DEE,0.0
2045,Agri02_OFC,DED,0.0
2045,Agri02_OFC,DEF,0.0
2045,Agri02_OFC,DEG,0.0
2045,Agri03_No-till,DE1,0.0
2045,Agri03_No-till,DE2,0.0
2045,Agri03_No-till,DE3,0.0
2045,Agri03_No-till,DE4,0.0
2045,Agri03_No-till,DE5,0.0
2045,Agri03_No-till,DE6,0.0
2045,Agri03_No-till,DE7,0.0
2045,Agri03_No-till,DE8,0.0
2045,Agri03_No-till,DE9,0.0
2045,Agri03_No-till,DEA,0.0
2045,Agri03_No-till,DEB,0.0
2045,Agri03_No-till,DEC,0.0
2045,Agri03_No-till,DEE,0.0
2045,Agri03_No-till,DED,0.0
2045,Agri03_No-till,DEF,0.0
2045,Agri03_No-till,DEG,0.0
2045,Agri04_toGrassland,DE1,162754.4459465985
2045,Agri04_toGrassland,DE2,303326.2459057802
2045,Agri04_toGrassland,DE3,43907.503079381466
2045,Agri04_toGrassland,DE4,149352.52014695122
2045,Agri04_toGrassland,DE5,20883.512821753295
2045,Agri04_toGrassland,DE6,3158.0102481637637
2045,Agri04_toGrassland,DE7,73391.89643998802
2045,Agri04_toGrassland,DE8,156460.47525677664
2045,Agri04_toGrassland,DE9,257588.73492100585
2045,Agri04_toGrassland,DEA,167610.52418330943
2045,Agri04_toGrassland,DEB,91833.65800936345
2045,Agri04_toGrassland,DEC,36133.77692615316
2045,Agri04_toGrassland,DEE,125583.38284977968
2045,Agri04_toGrassland,DED,100871.84181826237
2045,Agri04_toGrassland,DEF,81895.68986385205
2045,Agri04_toGrassland,DEG,65475.17505406191
2045,Agri05_Agroforestry,DE1,18374049.43551924
2045,Agri05_Agroforestry,DE2,24242830.83723539
2045,Agri05_Agroforestry,DE3,37055.442405976224
2045,Agri05_Agroforestry,DE4,13417896.215046816
2045,Agri05_Agroforestry,DE5,304204.6251912562
2045,Agri05_Agroforestry,DE6,246259.8605646049
2045,Agri05_Agroforestry,DE7,4537355.641340519
2045,Agri05_Agroforestry,DE8,12779529.455115402
2045,Agri05_Agroforestry,DE9,22542507.488420106
2045,Agri05_Agroforestry,DEA,16558306.255426537
2045,Agri05_Agroforestry,DEB,9729795.800935656
2045,Agri05_Agroforestry,DEC,1355446.8909001036
2045,Agri05_Agroforestry,DEE,6724409.921505276
2045,Agri05_Agroforestry,DED,7491497.752589924
2045,Agri05_Agroforestry,DEF,2769559.3535980904
2045,Agri05_Agroforestry,DEG,2215234.053825422
2045,Agri06_Biochar,DE1,0.0
2045,Agri06_Biochar,DE2,0.0
2045,Agri06_Biochar,DE3,0.0
2045,Agri06_Biochar,DE4,0.0
2045,Agri06_Biochar,DE5,0.0
2045,Agri06_Biochar,DE6,0.0
2045,Agri06_Biochar,DE7,0.0
2045,Agri06_Biochar,DE8,0.0
2045,Agri06_Biochar,DE9,0.0
2045,Agri06_Biochar,DEA,0.0
2045,Agri06_Biochar,DEB,0.0
2045,Agri06_Biochar,DEC,0.0
2045,Agri06_Biochar,DEE,0.0
2045,Agri06_Biochar,DED,0.0
2045,Agri06_Biochar,DEF,0.0
2045,Agri06_Biochar,DEG,0.0
2046,Agri01_AGC,DE1,4933610.778430453
2046,Agri01_AGC,DE2,8766345.901387647
2046,Agri01_AGC,DE3,14906.491009110285
2046,Agri01_AGC,DE4,4602351.959284666
2046,Agri01_AGC,DE5,47925.843603347705
2046,Agri01_AGC,DE6,78720.17704853257
2046,Agri01_AGC,DE7,2074021.195042521
2046,Agri01_AGC,DE8,4756466.314646321
2046,Agri01_AGC,DE9,7513760.685574024
2046,Agri01_AGC,DEA,5060475.96776183
2046,Agri01_AGC,DEB,2843772.547869565
2046,Agri01_AGC,DEC,404724.64028074226
2046,Agri01_AGC,DEE,3771959.62275685
2046,Agri01_AGC,DED,3093477.5504780943
2046,Agri01_AGC,DEF,2233086.378545299
2046,Agri01_AGC,DEG,1785375.7860452665
2046,Agri02_OFC,DE1,0.0
2046,Agri02_OFC,DE2,0.0
2046,Agri02_OFC,DE3,0.0
2046,Agri02_OFC,DE4,0.0
2046,Agri02_OFC,DE5,0.0
2046,Agri02_OFC,DE6,0.0
2046,Agri02_OFC,DE7,0.0
2046,Agri02_OFC,DE8,0.0
2046,Agri02_OFC,DE9,0.0
2046,Agri02_OFC,DEA,0.0
2046,Agri02_OFC,DEB,0.0
2046,Agri02_OFC,DEC,0.0
2046,Agri02_OFC,DEE,0.0
2046,Agri02_OFC,DED,0.0
2046,Agri02_OFC,DEF,0.0
2046,Agri02_OFC,DEG,0.0
2046,Agri03_No-till,DE1,0.0
2046,Agri03_No-till,DE2,0.0
2046,Agri03_No-till,DE3,0.0
2046,Agri03_No-till,DE4,0.0
2046,Agri03_No-till,DE5,0.0
2046,Agri03_No-till,DE6,0.0
2046,Agri03_No-till,DE7,0.0
2046,Agri03_No-till,DE8,0.0
2046,Agri03_No-till,DE9,0.0
2046,Agri03_No-till,DEA,0.0
2046,Agri03_No-till,DEB,0.0
2046,Agri03_No-till,DEC,0.0
2046,Agri03_No-till,DEE,0.0
2046,Agri03_No-till,DED,0.0
2046,Agri03_No-till,DEF,0.0
2046,Agri03_No-till,DEG,0.0
2046,Agri04_toGrassland,DE1,158631.94507881394
2046,Agri04_toGrassland,DE2,295643.121154898
2046,Agri04_toGrassland,DE3,42795.3447079512
2046,Agri04_toGrassland,DE4,145569.48435747952
2046,Agri04_toGrassland,DE5,20354.542327403073
2046,Agri04_toGrassland,DE6,3078.0191922340264
2046,Agri04_toGrassland,DE7,71532.91092962303
2046,Agri04_toGrassland,DE8,152497.3979886344
2046,Agri04_toGrassland,DE9,251064.12186317387
2046,Agri04_toGrassland,DEA,163365.02091993167
2046,Agri04_toGrassland,DEB,89507.55052496544
2046,Agri04_toGrassland,DEC,35218.52373065349
2046,Agri04_toGrassland,DEE,122402.40919485777
2046,Agri04_toGrassland,DED,98316.80098351148
2046,Agri04_toGrassland,DEF,79821.30688421705
2046,Agri04_toGrassland,DEG,63816.71672803079
2046,Agri05_Agroforestry,DE1,18797731.473266203
2046,Agri05_Agroforestry,DE2,24801839.454574756
2046,Agri05_Agroforestry,DE3,37909.89342959379
2046,Agri05_Agroforestry,DE4,13727295.70973189
2046,Agri05_Agroforestry,DE5,311219.1940779562
2046,Agri05_Agroforestry,DE6,251938.2974222744
2046,Agri05_Agroforestry,DE7,4641981.24882308
2046,Agri05_Agroforestry,DE8,13074209.03024073
2046,Agri05_Agroforestry,DE9,23062308.827919986
2046,Agri05_Agroforestry,DEA,16940119.581909463
2046,Agri05_Agroforestry,DEB,9954152.42554739
2046,Agri05_Agroforestry,DEC,1386701.7595021324
2046,Agri05_Agroforestry,DEE,6879466.1984673785
2046,Agri05_Agroforestry,DED,7664242.092085295
2046,Agri05_Agroforestry,DEF,2833421.843720994
2046,Agri05_Agroforestry,DEG,2266314.5127794985
2046,Agri06_Biochar,DE1,0.0
2046,Agri06_Biochar,DE2,0.0
2046,Agri06_Biochar,DE3,0.0
2046,Agri06_Biochar,DE4,0.0
2046,Agri06_Biochar,DE5,0.0
2046,Agri06_Biochar,DE6,0.0
2046,Agri06_Biochar,DE7,0.0
2046,Agri06_Biochar,DE8,0.0
2046,Agri06_Biochar,DE9,0.0
2046,Agri06_Biochar,DEA,0.0
2046,Agri06_Biochar,DEB,0.0
2046,Agri06_Biochar,DEC,0.0
2046,Agri06_Biochar,DEE,0.0
2046,Agri06_Biochar,DED,0.0
2046,Agri06_Biochar,DEF,0.0
2046,Agri06_Biochar,DEG,0.0
2047,Agri01_AGC,DE1,3822667.8985328446
2047,Agri01_AGC,DE2,6792353.626917129
2047,Agri01_AGC,DE3,11549.870311906207
2047,Agri01_AGC,DE4,3566001.4303163663
2047,Agri01_AGC,DE5,37133.975921567624
2047,Agri01_AGC,DE6,60994.08876879026
2047,Agri01_AGC,DE7,1606996.2952545742
2047,Agri01_AGC,DE8,3685412.5523934714
2047,Agri01_AGC,DE9,5821823.621671993
2047,Agri01_AGC,DEA,3920965.7798368563
2047,Agri01_AGC,DEB,2203416.223467938
2047,Agri01_AGC,DEC,313589.3688473414
2047,Agri01_AGC,DEE,2922595.5617564586
2047,Agri01_AGC,DED,2396893.0380046447
2047,Agri01_AGC,DEF,1730243.4256136797
2047,Agri01_AGC,DEG,1383347.615091824
2047,Agri02_OFC,DE1,0.0
2047,Agri02_OFC,DE2,0.0
2047,Agri02_OFC,DE3,0.0
2047,Agri02_OFC,DE4,0.0
2047,Agri02_OFC,DE5,0.0
2047,Agri02_OFC,DE6,0.0
2047,Agri02_OFC,DE7,0.0
2047,Agri02_OFC,DE8,0.0
2047,Agri02_OFC,DE9,0.0
2047,Agri02_OFC,DEA,0.0
2047,Agri02_OFC,DEB,0.0
2047,Agri02_OFC,DEC,0.0
2047,Agri02_OFC,DEE,0.0
2047,Agri02_OFC,DED,0.0
2047,Agri02_OFC,DEF,0.0
2047,Agri02_OFC,DEG,0.0
2047,Agri03_No-till,DE1,0.0
2047,Agri03_No-till,DE2,0.0
2047,Agri03_No-till,DE3,0.0
2047,Agri03_No-till,DE4,0.0
2047,Agri03_No-till,DE5,0.0
2047,Agri03_No-till,DE6,0.0
2047,Agri03_No-till,DE7,0.0
2047,Agri03_No-till,DE8,0.0
2047,Agri03_No-till,DE9,0.0
2047,Agri03_No-till,DEA,0.0
2047,Agri03_No-till,DEB,0.0
2047,Agri03_No-till,DEC,0.0
2047,Agri03_No-till,DEE,0.0
2047,Agri03_No-till,DED,0.0
2047,Agri03_No-till,DEF,0.0
2047,Agri03_No-till,DEG,0.0
2047,Agri04_toGrassland,DE1,154509.4442110293
2047,Agri04_toGrassland,DE2,287959.9964040158
2047,Agri04_toGrassland,DE3,41683.18633652092
2047,Agri04_toGrassland,DE4,141786.44856800776
2047,Agri04_toGrassland,DE5,19825.571833052847
2047,Agri04_toGrassland,DE6,2998.0281363042886
2047,Agri04_toGrassland,DE7,69673.92541925804
2047,Agri04_toGrassland,DE8,148534.3207204921
2047,Agri04_toGrassland,DE9,244539.50880534187
2047,Agri04_toGrassland,DEA,159119.51765655386
2047,Agri04_toGrassland,DEB,87181.44304056742
2047,Agri04_toGrassland,DEC,34303.270535153824
2047,Agri04_toGrassland,DEE,119221.43553993583
2047,Agri04_toGrassland,DED,95761.76014876056
2047,Agri04_toGrassland,DEF,77746.92390458204
2047,Agri04_toGrassland,DEG,62158.25840199966
2047,Agri05_Agroforestry,DE1,19221413.511013158
2047,Agri05_Agroforestry,DE2,25360848.071914114
2047,Agri05_Agroforestry,DE3,38764.34445321134
2047,Agri05_Agroforestry,DE4,14036695.204416964
2047,Agri05_Agroforestry,DE5,318233.76296465617
2047,Agri05_Agroforestry,DE6,257616.73427994386
2047,Agri05_Agroforestry,DE7,4746606.856305641
2047,Agri05_Agroforestry,DE8,13368888.605366055
2047,Agri05_Agroforestry,DE9,23582110.167419862
2047,Agri05_Agroforestry,DEA,17321932.90839239
2047,Agri05_Agroforestry,DEB,10178509.050159123
2047,Agri05_Agroforestry,DEC,1417956.628104161
2047,Agri05_Agroforestry,DEE,7034522.475429479
2047,Agri05_Agroforestry,DED,7836986.4315806655
2047,Agri05_Agroforestry,DEF,2897284.3338438976
2047,Agri05_Agroforestry,DEG,2317394.9717335748
2047,Agri06_Biochar,DE1,0.0
2047,Agri06_Biochar,DE2,0.0
2047,Agri06_Biochar,DE3,0.0
2047,Agri06_Biochar,DE4,0.0
2047,Agri06_Biochar,DE5,0.0
2047,Agri06_Biochar,DE6,0.0
2047,Agri06_Biochar,DE7,0.0
2047,Agri06_Biochar,DE8,0.0
2047,Agri06_Biochar,DE9,0.0
2047,Agri06_Biochar,DEA,0.0
2047,Agri06_Biochar,DEB,0.0
2047,Agri06_Biochar,DEC,0.0
2047,Agri06_Biochar,DEE,0.0
2047,Agri06_Biochar,DED,0.0
2047,Agri06_Biochar,DEF,0.0
2047,Agri06_Biochar,DEG,0.0
2048,Agri01_AGC,DE1,2711725.018635236
2048,Agri01_AGC,DE2,4818361.352446612
2048,Agri01_AGC,DE3,8193.249614702127
2048,Agri01_AGC,DE4,2529650.9013480656
2048,Agri01_AGC,DE5,26342.108239787543
2048,Agri01_AGC,DE6,43268.00048904795
2048,Agri01_AGC,DE7,1139971.3954666269
2048,Agri01_AGC,DE8,2614358.7901406214
2048,Agri01_AGC,DE9,4129886.5577699617
2048,Agri01_AGC,DEA,2781455.5919118817
2048,Agri01_AGC,DEB,1563059.899066311
2048,Agri01_AGC,DEC,222454.09741394053
2048,Agri01_AGC,DEE,2073231.5007560672
2048,Agri01_AGC,DED,1700308.5255311949
2048,Agri01_AGC,DEF,1227400.47268206
2048,Agri01_AGC,DEG,981319.4441383815
2048,Agri02_OFC,DE1,0.0
2048,Agri02_OFC,DE2,0.0
2048,Agri02_OFC,DE3,0.0
2048,Agri02_OFC,DE4,0.0
2048,Agri02_OFC,DE5,0.0
2048,Agri02_OFC,DE6,0.0
2048,Agri02_OFC,DE7,0.0
2048,Agri02_OFC,DE8,0.0
2048,Agri02_OFC,DE9,0.0
2048,Agri02_OFC,DEA,0.0
2048,Agri02_OFC,DEB,0.0
2048,Agri02_OFC,DEC,0.0
2048,Agri02_OFC,DEE,0.0
2048,Agri02_OFC,DED,0.0
2048,Agri02_OFC,DEF,0.0
2048,Agri02_OFC,DEG,0.0
2048,Agri03_No-till,DE1,0.0
2048,Agri03_No-till,DE2,0.0
2048,Agri03_No-till,DE3,0.0
2048,Agri03_No-till,DE4,0.0
2048,Agri03_No-till,DE5,0.0
2048,Agri03_No-till,DE6,0.0
2048,Agri03_No-till,DE7,0.0
2048,Agri03_No-till,DE8,0.0
2048,Agri03_No-till,DE9,0.0
2048,Agri03_No-till,DEA,0.0
2048,Agri03_No-till,DEB,0.0
2048,Agri03_No-till,DEC,0.0
2048,Agri03_No-till,DEE,0.0
2048,Agri03_No-till,DED,0.0
2048,Agri03_No-till,DEF,0.0
2048,Agri03_No-till,DEG,0.0
2048,Agri04_toGrassland,DE1,150386.94334324467
2048,Agri04_toGrassland,DE2,280276.8716531336
2048,Agri04_toGrassland,DE3,40571.02796509064
2048,Agri04_toGrassland,DE4,138003.41277853603
2048,Agri04_toGrassland,DE5,19296.60133870262
2048,Agri04_toGrassland,DE6,2918.037080374551
2048,Agri04_toGrassland,DE7,67814.93990889304
2048,Agri04_toGrassland,DE8,144571.24345234982
2048,Agri04_toGrassland,DE9,238014.89574750987
2048,Agri04_toGrassland,DEA,154874.01439317607
2048,Agri04_toGrassland,DEB,84855.33555616939
2048,Agri04_toGrassland,DEC,33388.01733965416
2048,Agri04_toGrassland,DEE,116040.46188501391
2048,Agri04_toGrassland,DED,93206.71931400964
2048,Agri04_toGrassland,DEF,75672.54092494702
2048,Agri04_toGrassland,DEG,60499.800075968524
2048,Agri05_Agroforestry,DE1,19645095.548760116
2048,Agri05_Agroforestry,DE2,25919856.68925348
2048,Agri05_Agroforestry,DE3,39618.795476828906
2048,Agri05_Agroforestry,DE4,14346094.699102039
2048,Agri05_Agroforestry,DE5,325248.3318513562
2048,Agri05_Agroforestry,DE6,263295.17113761336
2048,Agri05_Agroforestry,DE7,4851232.463788202
2048,Agri05_Agroforestry,DE8,13663568.180491382
2048,Agri05_Agroforestry,DE9,24101911.50691974
2048,Agri05_Agroforestry,DEA,17703746.234875314
2048,Agri05_Agroforestry,DEB,10402865.674770856
2048,Agri05_Agroforestry,DEC,1449211.4967061898
2048,Agri05_Agroforestry,DEE,7189578.752391581
2048,Agri05_Agroforestry,DED,8009730.771076037
2048,Agri05_Agroforestry,DEF,2961146.8239668007
2048,Agri05_Agroforestry,DEG,2368475.430687651
2048,Agri06_Biochar,DE1,0.0
2048,Agri06_Biochar,DE2,0.0
2048,Agri06_Biochar,DE3,0.0
2048,Agri06_Biochar,DE4,0.0
2048,Agri06_Biochar,DE5,0.0
2048,Agri06_Biochar,DE6,0.0
2048,Agri06_Biochar,DE7,0.0
2048,Agri06_Biochar,DE8,0.0
2048,Agri06_Biochar,DE9,0.0
2048,Agri06_Biochar,DEA,0.0
2048,Agri06_Biochar,DEB,0.0
2048,Agri06_Biochar,DEC,0.0
2048,Agri06_Biochar,DEE,0.0
2048,Agri06_Biochar,DED,0.0
2048,Agri06_Biochar,DEF,0.0
2048,Agri06_Biochar,DEG,0.0
2049,Agri01_AGC,DE1,1600782.1387376278
2049,Agri01_AGC,DE2,2844369.0779760955
2049,Agri01_AGC,DE3,4836.6289174980475
2049,Agri01_AGC,DE4,1493300.3723797654
2049,Agri01_AGC,DE5,15550.240558007463
2049,Agri01_AGC,DE6,25541.91220930564
2049,Agri01_AGC,DE7,672946.4956786799
2049,Agri01_AGC,DE8,1543305.0278877716
2049,Agri01_AGC,DE9,2437949.493867931
2049,Agri01_AGC,DEA,1641945.4039869073
2049,Agri01_AGC,DEB,922703.5746646844
2049,Agri01_AGC,DEC,131318.8259805397
2049,Agri01_AGC,DEE,1223867.439755676
2049,Agri01_AGC,DED,1003724.0130577454
2049,Agri01_AGC,DEF,724557.5197504404
2049,Agri01_AGC,DEG,579291.273184939
2049,Agri02_OFC,DE1,0.0
2049,Agri02_OFC,DE2,0.0
2049,Agri02_OFC,DE3,0.0
2049,Agri02_OFC,DE4,0.0
2049,Agri02_OFC,DE5,0.0
2049,Agri02_OFC,DE6,0.0
2049,Agri02_OFC,DE7,0.0
2049,Agri02_OFC,DE8,0.0
2049,Agri02_OFC,DE9,0.0
2049,Agri02_OFC,DEA,0.0
2049,Agri02_OFC,DEB,0.0
2049,Agri02_OFC,DEC,0.0
2049,Agri02_OFC,DEE,0.0
2049,Agri02_OFC,DED,0.0
2049,Agri02_OFC,DEF,0.0
2049,Agri02_OFC,DEG,0.0
2049,Agri03_No-till,DE1,0.0
2049,Agri03_No-till,DE2,0.0
2049,Agri03_No-till,DE3,0.0
2049,Agri03_No-till,DE4,0.0
2049,Agri03_No-till,DE5,0.0
2049,Agri03_No-till,DE6,0.0
2049,Agri03_No-till,DE7,0.0
2049,Agri03_No-till,DE8,0.0
2049,Agri03_No-till,DE9,0.0
2049,Agri03_No-till,DEA,0.0
2049,Agri03_No-till,DEB,0.0
2049,Agri03_No-till,DEC,0.0
2049,Agri03_No-till,DEE,0.0
2049,Agri03_No-till,DED,0.0
2049,Agri03_No-till,DEF,0.0
2049,Agri03_No-till,DEG,0.0
2049,Agri04_toGrassland,DE1,146264.4424754601
2049,Agri04_toGrassland,DE2,272593.74690225144
2049,Agri04_toGrassland,DE3,39458.86959366037
2049,Agri04_toGrassland,DE4,134220.3769890643
2049,Agri04_toGrassland,DE5,18767.6308443524
2049,Agri04_toGrassland,DE6,2838.0460244448136
2049,Agri04_toGrassland,DE7,65955.95439852805
2049,Agri04_toGrassland,DE8,140608.16618420757
2049,Agri04_toGrassland,DE9,231490.2826896779
2049,Agri04_toGrassland,DEA,150628.5111297983
2049,Agri04_toGrassland,DEB,82529.22807177137
2049,Agri04_toGrassland,DEC,32472.764144154495
2049,Agri04_toGrassland,DEE,112859.488230092
2049,Agri04_toGrassland,DED,90651.67847925874
2049,Agri04_toGrassland,DEF,73598.15794531204
2049,Agri04_toGrassland,DEG,58841.3417499374
2049,Agri05_Agroforestry,DE1,20068777.586507075
2049,Agri05_Agroforestry,DE2,26478865.306592837
2049,Agri05_Agroforestry,DE3,40473.24650044646
2049,Agri05_Agroforestry,DE4,14655494.193787113
2049,Agri05_Agroforestry,DE5,332262.90073805617
2049,Agri05_Agroforestry,DE6,268973.6079952828
2049,Agri05_Agroforestry,DE7,4955858.071270763
2049,Agri05_Agroforestry,DE8,13958247.75561671
2049,Agri05_Agroforestry,DE9,24621712.84641962
2049,Agri05_Agroforestry,DEA,18085559.56135824
2049,Agri05_Agroforestry,DEB,10627222.299382588
2049,Agri05_Agroforestry,DEC,1480466.3653082184
2049,Agri05_Agroforestry,DEE,7344635.029353682
2049,Agri05_Agroforestry,DED,8182475.110571406
2049,Agri05_Agroforestry,DEF,3025009.3140897043
2049,Agri05_Agroforestry,DEG,2419555.8896417273
2049,Agri06_Biochar,DE1,0.0
2049,Agri06_Biochar,DE2,0.0
2049,Agri06_Biochar,DE3,0.0
2049,Agri06_Biochar,DE4,0.0
2049,Agri06_Biochar,DE5,0.0
2049,Agri06_Biochar,DE6,0.0
2049,Agri06_Biochar,DE7,0.0
2049,Agri06_Biochar,DE8,0.0
2049,Agri06_Biochar,DE9,0.0
2049,Agri06_Biochar,DEA,0.0
2049,Agri06_Biochar,DEB,0.0
2049,Agri06_Biochar,DEC,0.0
2049,Agri06_Biochar,DEE,0.0
2049,Agri06_Biochar,DED,0.0
2049,Agri06_Biochar,DEF,0.0
2049,Agri06_Biochar,DEG,0.0
2050,Agri01_AGC,DE1,489839.2588400206
2050,Agri01_AGC,DE2,870376.8035055806
2050,Agri01_AGC,DE3,1480.008220293972
2050,Agri01_AGC,DE4,456949.8434114663
2050,Agri01_AGC,DE5,4758.372876227393
2050,Agri01_AGC,DE6,7815.823929563348
2050,Agri01_AGC,DE7,205921.59589073338
2050,Agri01_AGC,DE8,472251.26563492283
2050,Agri01_AGC,DE9,746012.4299659015
2050,Agri01_AGC,DEA,502435.216061934
2050,Agri01_AGC,DEB,282347.25026305823
2050,Agri01_AGC,DEC,40183.55454713894
2050,Agri01_AGC,DEE,374503.3787552856
2050,Agri01_AGC,DED,307139.5005842966
2050,Agri01_AGC,DEF,221714.56681882121
2050,Agri01_AGC,DEG,177263.10223149695
2050,Agri02_OFC,DE1,0.0
2050,Agri02_OFC,DE2,0.0
2050,Agri02_OFC,DE3,0.0
2050,Agri02_OFC,DE4,0.0
2050,Agri02_OFC,DE5,0.0
2050,Agri02_OFC,DE6,0.0
2050,Agri02_OFC,DE7,0.0
2050,Agri02_OFC,DE8,0.0
2050,Agri02_OFC,DE9,0.0
2050,Agri02_OFC,DEA,0.0
2050,Agri02_OFC,DEB,0.0
2050,Agri02_OFC,DEC,0.0
2050,Agri02_OFC,DEE,0.0
2050,Agri02_OFC,DED,0.0
2050,Agri02_OFC,DEF,0.0
2050,Agri02_OFC,DEG,0.0
2050,Agri03_No-till,DE1,0.0
2050,Agri03_No-till,DE2,0.0
2050,Agri03_No-till,DE3,0.0
2050,Agri03_No-till,DE4,0.0
2050,Agri03_No-till,DE5,0.0
2050,Agri03_No-till,DE6,0.0
2050,Agri03_No-till,DE7,0.0
2050,Agri03_No-till,DE8,0.0
2050,Agri03_No-till,DE9,0.0
2050,Agri03_No-till,DEA,0.0
2050,Agri03_No-till,DEB,0.0
2050,Agri03_No-till,DEC,0.0
2050,Agri03_No-till,DEE,0.0
2050,Agri03_No-till,DED,0.0
2050,Agri03_No-till,DEF,0.0
2050,Agri03_No-till,DEG,0.0
2050,Agri04_toGrassland,DE1,142141.94160767546
2050,Agri04_toGrassland,DE2,264910.6221513692
2050,Agri04_toGrassland,DE3,38346.71122223009
2050,Agri04_toGrassland,DE4,130437.34119959256
2050,Agri04_toGrassland,DE5,18238.660350002174
2050,Agri04_toGrassland,DE6,2758.054968515076
2050,Agri04_toGrassland,DE7,64096.96888816306
2050,Agri04_toGrassland,DE8,136645.0889160653
2050,Agri04_toGrassland,DE9,224965.6696318459
2050,Agri04_toGrassland,DEA,146383.00786642052
2050,Agri04_toGrassland,DEB,80203.12058737334
2050,Agri04_toGrassland,DEC,31557.510948654824
2050,Agri04_toGrassland,DEE,109678.51457517006
2050,Agri04_toGrassland,DED,88096.63764450782
2050,Agri04_toGrassland,DEF,71523.77496567702
2050,Agri04_toGrassland,DEG,57182.88342390627
2050,Agri05_Agroforestry,DE1,20492459.62425403
2050,Agri05_Agroforestry,DE2,27037873.92393219
2050,Agri05_Agroforestry,DE3,41327.69752406401
2050,Agri05_Agroforestry,DE4,14964893.688472183
2050,Agri05_Agroforestry,DE5,339277.46962475614
2050,Agri05_Agroforestry,DE6,274652.04485295224
2050,Agri05_Agroforestry,DE7,5060483.678753323
2050,Agri05_Agroforestry,DE8,14252927.330742033
2050,Agri05_Agroforestry,DE9,25141514.185919493
2050,Agri05_Agroforestry,DEA,18467372.887841158
2050,Agri05_Agroforestry,DEB,10851578.92399432
2050,Agri05_Agroforestry,DEC,1511721.233910247
2050,Agri05_Agroforestry,DEE,7499691.3063157825
2050,Agri05_Agroforestry,DED,8355219.450066775
2050,Agri05_Agroforestry,DEF,3088871.804212607
2050,Agri05_Agroforestry,DEG,2470636.348595803
2050,Agri06_Biochar,DE1,0.0
2050,Agri06_Biochar,DE2,0.0
2050,Agri06_Biochar,DE3,0.0
2050,Agri06_Biochar,DE4,0.0
2050,Agri06_Biochar,DE5,0.0
2050,Agri06_Biochar,DE6,0.0
2050,Agri06_Biochar,DE7,0.0
2050,Agri06_Biochar,DE8,0.0
2050,Agri06_Biochar,DE9,0.0
2050,Agri06_Biochar,DEA,0.0
2050,Agri06_Biochar,DEB,0.0
2050,Agri06_Biochar,DEC,0.0
2050,Agri06_Biochar,DEE,0.0
2050,Agri06_Biochar,DED,0.0
2050,Agri06_Biochar,DEF,0.0
2050,Agri06_Biochar,DEG,0.0
