year,techAgri,r,costTechAgri
2020,Agri01_AGC,DE1,0.0
2020,Agri01_AGC,DE2,0.0
2020,Agri01_AGC,DE3,0.0
2020,Agri01_AGC,DE4,0.0
2020,Agri01_AGC,DE5,0.0
2020,Agri01_AGC,DE6,0.0
2020,Agri01_AGC,DE7,0.0
2020,Agri01_AGC,DE8,0.0
2020,Agri01_AGC,DE9,0.0
2020,Agri01_AGC,DEA,0.0
2020,Agri01_AGC,DEB,0.0
2020,Agri01_AGC,DEC,0.0
2020,Agri01_AGC,DEE,0.0
2020,Agri01_AGC,DED,0.0
2020,Agri01_AGC,DEF,0.0
2020,Agri01_AGC,DEG,0.0
2020,Agri02_OFC,DE1,0.0
2020,Agri02_OFC,DE2,0.0
2020,Agri02_OFC,DE3,0.0
2020,Agri02_OFC,DE4,0.0
2020,Agri02_OFC,DE5,0.0
2020,Agri02_OFC,DE6,0.0
2020,Agri02_OFC,DE7,0.0
2020,Agri02_OFC,DE8,0.0
2020,Agri02_OFC,DE9,0.0
2020,Agri02_OFC,DEA,0.0
2020,Agri02_OFC,DEB,0.0
2020,Agri02_OFC,DEC,0.0
2020,Agri02_OFC,DEE,0.0
2020,Agri02_OFC,DED,0.0
2020,Agri02_OFC,DEF,0.0
2020,Agri02_OFC,DEG,0.0
2020,Agri03_No-till,DE1,0.0
2020,Agri03_No-till,DE2,0.0
2020,Agri03_No-till,DE3,0.0
2020,Agri03_No-till,DE4,0.0
2020,Agri03_No-till,DE5,0.0
2020,Agri03_No-till,DE6,0.0
2020,Agri03_No-till,DE7,0.0
2020,Agri03_No-till,DE8,0.0
2020,Agri03_No-till,DE9,0.0
2020,Agri03_No-till,DEA,0.0
2020,Agri03_No-till,DEB,0.0
2020,Agri03_No-till,DEC,0.0
2020,Agri03_No-till,DEE,0.0
2020,Agri03_No-till,DED,0.0
2020,Agri03_No-till,DEF,0.0
2020,Agri03_No-till,DEG,0.0
2020,Agri04_toGrassland,DE1,0.0
2020,Agri04_toGrassland,DE2,0.0
2020,Agri04_toGrassland,DE3,0.0
2020,Agri04_toGrassland,DE4,0.0
2020,Agri04_toGrassland,DE5,0.0
2020,Agri04_toGrassland,DE6,0.0
2020,Agri04_toGrassland,DE7,0.0
2020,Agri04_toGrassland,DE8,0.0
2020,Agri04_toGrassland,DE9,0.0
2020,Agri04_toGrassland,DEA,0.0
2020,Agri04_toGrassland,DEB,0.0
2020,Agri04_toGrassland,DEC,0.0
2020,Agri04_toGrassland,DEE,0.0
2020,Agri04_toGrassland,DED,0.0
2020,Agri04_toGrassland,DEF,0.0
2020,Agri04_toGrassland,DEG,0.0
2020,Agri05_Agroforestry,DE1,0.0
2020,Agri05_Agroforestry,DE2,0.0
2020,Agri05_Agroforestry,DE3,0.0
2020,Agri05_Agroforestry,DE4,0.0
2020,Agri05_Agroforestry,DE5,0.0
2020,Agri05_Agroforestry,DE6,0.0
2020,Agri05_Agroforestry,DE7,0.0
2020,Agri05_Agroforestry,DE8,0.0
2020,Agri05_Agroforestry,DE9,0.0
2020,Agri05_Agroforestry,DEA,0.0
2020,Agri05_Agroforestry,DEB,0.0
2020,Agri05_Agroforestry,DEC,0.0
2020,Agri05_Agroforestry,DEE,0.0
2020,Agri05_Agroforestry,DED,0.0
2020,Agri05_Agroforestry,DEF,0.0
2020,Agri05_Agroforestry,DEG,0.0
2020,Agri06_Biochar,DE1,0.0
2020,Agri06_Biochar,DE2,0.0
2020,Agri06_Biochar,DE3,0.0
2020,Agri06_Biochar,DE4,0.0
2020,Agri06_Biochar,DE5,0.0
2020,Agri06_Biochar,DE6,0.0
2020,Agri06_Biochar,DE7,0.0
2020,Agri06_Biochar,DE8,0.0
2020,Agri06_Biochar,DE9,0.0
2020,Agri06_Biochar,DEA,0.0
2020,Agri06_Biochar,DEB,0.0
2020,Agri06_Biochar,DEC,0.0
2020,Agri06_Biochar,DEE,0.0
2020,Agri06_Biochar,DED,0.0
2020,Agri06_Biochar,DEF,0.0
2020,Agri06_Biochar,DEG,0.0
2021,Agri01_AGC,DE1,0.0
2021,Agri01_AGC,DE2,0.0
2021,Agri01_AGC,DE3,0.0
2021,Agri01_AGC,DE4,0.0
2021,Agri01_AGC,DE5,0.0
2021,Agri01_AGC,DE6,0.0
2021,Agri01_AGC,DE7,0.0
2021,Agri01_AGC,DE8,0.0
2021,Agri01_AGC,DE9,0.0
2021,Agri01_AGC,DEA,0.0
2021,Agri01_AGC,DEB,0.0
2021,Agri01_AGC,DEC,0.0
2021,Agri01_AGC,DEE,0.0
2021,Agri01_AGC,DED,0.0
2021,Agri01_AGC,DEF,0.0
2021,Agri01_AGC,DEG,0.0
2021,Agri02_OFC,DE1,0.0
2021,Agri02_OFC,DE2,0.0
2021,Agri02_OFC,DE3,0.0
2021,Agri02_OFC,DE4,0.0
2021,Agri02_OFC,DE5,0.0
2021,Agri02_OFC,DE6,0.0
2021,Agri02_OFC,DE7,0.0
2021,Agri02_OFC,DE8,0.0
2021,Agri02_OFC,DE9,0.0
2021,Agri02_OFC,DEA,0.0
2021,Agri02_OFC,DEB,0.0
2021,Agri02_OFC,DEC,0.0
2021,Agri02_OFC,DEE,0.0
2021,Agri02_OFC,DED,0.0
2021,Agri02_OFC,DEF,0.0
2021,Agri02_OFC,DEG,0.0
2021,Agri03_No-till,DE1,0.0
2021,Agri03_No-till,DE2,0.0
2021,Agri03_No-till,DE3,0.0
2021,Agri03_No-till,DE4,0.0
2021,Agri03_No-till,DE5,0.0
2021,Agri03_No-till,DE6,0.0
2021,Agri03_No-till,DE7,0.0
2021,Agri03_No-till,DE8,0.0
2021,Agri03_No-till,DE9,0.0
2021,Agri03_No-till,DEA,0.0
2021,Agri03_No-till,DEB,0.0
2021,Agri03_No-till,DEC,0.0
2021,Agri03_No-till,DEE,0.0
2021,Agri03_No-till,DED,0.0
2021,Agri03_No-till,DEF,0.0
2021,Agri03_No-till,DEG,0.0
2021,Agri04_toGrassland,DE1,0.0
2021,Agri04_toGrassland,DE2,0.0
2021,Agri04_toGrassland,DE3,0.0
2021,Agri04_toGrassland,DE4,0.0
2021,Agri04_toGrassland,DE5,0.0
2021,Agri04_toGrassland,DE6,0.0
2021,Agri04_toGrassland,DE7,0.0
2021,Agri04_toGrassland,DE8,0.0
2021,Agri04_toGrassland,DE9,0.0
2021,Agri04_toGrassland,DEA,0.0
2021,Agri04_toGrassland,DEB,0.0
2021,Agri04_toGrassland,DEC,0.0
2021,Agri04_toGrassland,DEE,0.0
2021,Agri04_toGrassland,DED,0.0
2021,Agri04_toGrassland,DEF,0.0
2021,Agri04_toGrassland,DEG,0.0
2021,Agri05_Agroforestry,DE1,86734.2226734532
2021,Agri05_Agroforestry,DE2,189114.31484106046
2021,Agri05_Agroforestry,DE3,176.5989671538551
2021,Agri05_Agroforestry,DE4,74784.19126574727
2021,Agri05_Agroforestry,DE5,567.7831540069177
2021,Agri05_Agroforestry,DE6,932.6072750752098
2021,Agri05_Agroforestry,DE7,48774.308285586194
2021,Agri05_Agroforestry,DE8,82505.24228823186
2021,Agri05_Agroforestry,DE9,156158.14100746214
2021,Agri05_Agroforestry,DEA,90625.95381859026
2021,Agri05_Agroforestry,DEB,45093.033193427276
2021,Agri05_Agroforestry,DEC,4794.820820782868
2021,Agri05_Agroforestry,DEE,69161.12280616254
2021,Agri05_Agroforestry,DED,51465.62619973901
2021,Agri05_Agroforestry,DEF,59634.425899475675
2021,Agri05_Agroforestry,DEG,47675.17219315596
2021,Agri06_Biochar,DE1,0.0
2021,Agri06_Biochar,DE2,0.0
2021,Agri06_Biochar,DE3,0.0
2021,Agri06_Biochar,DE4,0.0
2021,Agri06_Biochar,DE5,0.0
2021,Agri06_Biochar,DE6,0.0
2021,Agri06_Biochar,DE7,0.0
2021,Agri06_Biochar,DE8,0.0
2021,Agri06_Biochar,DE9,0.0
2021,Agri06_Biochar,DEA,0.0
2021,Agri06_Biochar,DEB,0.0
2021,Agri06_Biochar,DEC,0.0
2021,Agri06_Biochar,DEE,0.0
2021,Agri06_Biochar,DED,0.0
2021,Agri06_Biochar,DEF,0.0
2021,Agri06_Biochar,DEG,0.0
2022,Agri01_AGC,DE1,0.0
2022,Agri01_AGC,DE2,0.0
2022,Agri01_AGC,DE3,0.0
2022,Agri01_AGC,DE4,0.0
2022,Agri01_AGC,DE5,0.0
2022,Agri01_AGC,DE6,0.0
2022,Agri01_AGC,DE7,0.0
2022,Agri01_AGC,DE8,0.0
2022,Agri01_AGC,DE9,0.0
2022,Agri01_AGC,DEA,0.0
2022,Agri01_AGC,DEB,0.0
2022,Agri01_AGC,DEC,0.0
2022,Agri01_AGC,DEE,0.0
2022,Agri01_AGC,DED,0.0
2022,Agri01_AGC,DEF,0.0
2022,Agri01_AGC,DEG,0.0
2022,Agri02_OFC,DE1,0.0
2022,Agri02_OFC,DE2,0.0
2022,Agri02_OFC,DE3,0.0
2022,Agri02_OFC,DE4,0.0
2022,Agri02_OFC,DE5,0.0
2022,Agri02_OFC,DE6,0.0
2022,Agri02_OFC,DE7,0.0
2022,Agri02_OFC,DE8,0.0
2022,Agri02_OFC,DE9,0.0
2022,Agri02_OFC,DEA,0.0
2022,Agri02_OFC,DEB,0.0
2022,Agri02_OFC,DEC,0.0
2022,Agri02_OFC,DEE,0.0
2022,Agri02_OFC,DED,0.0
2022,Agri02_OFC,DEF,0.0
2022,Agri02_OFC,DEG,0.0
2022,Agri03_No-till,DE1,0.0
2022,Agri03_No-till,DE2,0.0
2022,Agri03_No-till,DE3,0.0
2022,Agri03_No-till,DE4,0.0
2022,Agri03_No-till,DE5,0.0
2022,Agri03_No-till,DE6,0.0
2022,Agri03_No-till,DE7,0.0
2022,Agri03_No-till,DE8,0.0
2022,Agri03_No-till,DE9,0.0
2022,Agri03_No-till,DEA,0.0
2022,Agri03_No-till,DEB,0.0
2022,Agri03_No-till,DEC,0.0
2022,Agri03_No-till,DEE,0.0
2022,Agri03_No-till,DED,0.0
2022,Agri03_No-till,DEF,0.0
2022,Agri03_No-till,DEG,0.0
2022,Agri04_toGrassland,DE1,0.0
2022,Agri04_toGrassland,DE2,0.0
2022,Agri04_toGrassland,DE3,0.0
2022,Agri04_toGrassland,DE4,0.0
2022,Agri04_toGrassland,DE5,0.0
2022,Agri04_toGrassland,DE6,0.0
2022,Agri04_toGrassland,DE7,0.0
2022,Agri04_toGrassland,DE8,0.0
2022,Agri04_toGrassland,DE9,0.0
2022,Agri04_toGrassland,DEA,0.0
2022,Agri04_toGrassland,DEB,0.0
2022,Agri04_toGrassland,DEC,0.0
2022,Agri04_toGrassland,DEE,0.0
2022,Agri04_toGrassland,DED,0.0
2022,Agri04_toGrassland,DEF,0.0
2022,Agri04_toGrassland,DEG,0.0
2022,Agri05_Agroforestry,DE1,217844.1612760621
2022,Agri05_Agroforestry,DE2,429587.80633000674
2022,Agri05_Agroforestry,DE3,17403.068862772416
2022,Agri05_Agroforestry,DE4,195776.54681815108
2022,Agri05_Agroforestry,DE5,18881.520486814017
2022,Agri05_Agroforestry,DE6,3582.505689738084
2022,Agri05_Agroforestry,DE7,106532.75503254603
2022,Agri05_Agroforestry,DE8,208668.42667748814
2022,Agri05_Agroforestry,DE9,360998.1708045716
2022,Agri05_Agroforestry,DEA,225463.77256421247
2022,Agri05_Agroforestry,DEB,119614.27196997828
2022,Agri05_Agroforestry,DEC,35944.15087036967
2022,Agri05_Agroforestry,DEE,170011.62981649712
2022,Agri05_Agroforestry,DED,133048.13043329187
2022,Agri05_Agroforestry,DEF,123350.0869189513
2022,Agri05_Agroforestry,DEG,98615.82542057923
2022,Agri06_Biochar,DE1,0.0
2022,Agri06_Biochar,DE2,0.0
2022,Agri06_Biochar,DE3,0.0
2022,Agri06_Biochar,DE4,0.0
2022,Agri06_Biochar,DE5,0.0
2022,Agri06_Biochar,DE6,0.0
2022,Agri06_Biochar,DE7,0.0
2022,Agri06_Biochar,DE8,0.0
2022,Agri06_Biochar,DE9,0.0
2022,Agri06_Biochar,DEA,0.0
2022,Agri06_Biochar,DEB,0.0
2022,Agri06_Biochar,DEC,0.0
2022,Agri06_Biochar,DEE,0.0
2022,Agri06_Biochar,DED,0.0
2022,Agri06_Biochar,DEF,0.0
2022,Agri06_Biochar,DEG,0.0
2023,Agri01_AGC,DE1,0.0
2023,Agri01_AGC,DE2,0.0
2023,Agri01_AGC,DE3,0.0
2023,Agri01_AGC,DE4,0.0
2023,Agri01_AGC,DE5,0.0
2023,Agri01_AGC,DE6,0.0
2023,Agri01_AGC,DE7,0.0
2023,Agri01_AGC,DE8,0.0
2023,Agri01_AGC,DE9,0.0
2023,Agri01_AGC,DEA,0.0
2023,Agri01_AGC,DEB,0.0
2023,Agri01_AGC,DEC,0.0
2023,Agri01_AGC,DEE,0.0
2023,Agri01_AGC,DED,0.0
2023,Agri01_AGC,DEF,0.0
2023,Agri01_AGC,DEG,0.0
2023,Agri02_OFC,DE1,0.0
2023,Agri02_OFC,DE2,0.0
2023,Agri02_OFC,DE3,0.0
2023,Agri02_OFC,DE4,0.0
2023,Agri02_OFC,DE5,0.0
2023,Agri02_OFC,DE6,0.0
2023,Agri02_OFC,DE7,0.0
2023,Agri02_OFC,DE8,0.0
2023,Agri02_OFC,DE9,0.0
2023,Agri02_OFC,DEA,0.0
2023,Agri02_OFC,DEB,0.0
2023,Agri02_OFC,DEC,0.0
2023,Agri02_OFC,DEE,0.0
2023,Agri02_OFC,DED,0.0
2023,Agri02_OFC,DEF,0.0
2023,Agri02_OFC,DEG,0.0
2023,Agri03_No-till,DE1,0.0
2023,Agri03_No-till,DE2,0.0
2023,Agri03_No-till,DE3,0.0
2023,Agri03_No-till,DE4,0.0
2023,Agri03_No-till,DE5,0.0
2023,Agri03_No-till,DE6,0.0
2023,Agri03_No-till,DE7,0.0
2023,Agri03_No-till,DE8,0.0
2023,Agri03_No-till,DE9,0.0
2023,Agri03_No-till,DEA,0.0
2023,Agri03_No-till,DEB,0.0
2023,Agri03_No-till,DEC,0.0
2023,Agri03_No-till,DEE,0.0
2023,Agri03_No-till,DED,0.0
2023,Agri03_No-till,DEF,0.0
2023,Agri03_No-till,DEG,0.0
2023,Agri04_toGrassland,DE1,0.0
2023,Agri04_toGrassland,DE2,0.0
2023,Agri04_toGrassland,DE3,0.0
2023,Agri04_toGrassland,DE4,0.0
2023,Agri04_toGrassland,DE5,0.0
2023,Agri04_toGrassland,DE6,0.0
2023,Agri04_toGrassland,DE7,0.0
2023,Agri04_toGrassland,DE8,0.0
2023,Agri04_toGrassland,DE9,0.0
2023,Agri04_toGrassland,DEA,0.0
2023,Agri04_toGrassland,DEB,0.0
2023,Agri04_toGrassland,DEC,0.0
2023,Agri04_toGrassland,DEE,0.0
2023,Agri04_toGrassland,DED,0.0
2023,Agri04_toGrassland,DEF,0.0
2023,Agri04_toGrassland,DEG,0.0
2023,Agri05_Agroforestry,DE1,398546.8010804562
2023,Agri05_Agroforestry,DE2,726108.8429365371
2023,Agri05_Agroforestry,DE3,18257.519886389975
2023,Agri05_Agroforestry,DE4,368645.72271465167
2023,Agri05_Agroforestry,DE5,57546.433575104005
2023,Agri05_Agroforestry,DE6,8188.455244204906
2023,Agri05_Agroforestry,DE7,173856.77012318047
2023,Agri05_Agroforestry,DE8,383665.13936036977
2023,Agri05_Agroforestry,DE9,619315.3852460006
2023,Agri05_Agroforestry,DEA,409647.11294419534
2023,Agri05_Agroforestry,DEB,227212.41086842166
2023,Agri05_Agroforestry,DEC,97256.89848503805
2023,Agri05_Agroforestry,DEE,306167.188645222
2023,Agri05_Agroforestry,DED,248400.71487540356
2023,Agri05_Agroforestry,DEF,190841.06305281425
2023,Agri05_Agroforestry,DEG,152577.78861950175
2023,Agri06_Biochar,DE1,0.0
2023,Agri06_Biochar,DE2,0.0
2023,Agri06_Biochar,DE3,0.0
2023,Agri06_Biochar,DE4,0.0
2023,Agri06_Biochar,DE5,0.0
2023,Agri06_Biochar,DE6,0.0
2023,Agri06_Biochar,DE7,0.0
2023,Agri06_Biochar,DE8,0.0
2023,Agri06_Biochar,DE9,0.0
2023,Agri06_Biochar,DEA,0.0
2023,Agri06_Biochar,DEB,0.0
2023,Agri06_Biochar,DEC,0.0
2023,Agri06_Biochar,DEE,0.0
2023,Agri06_Biochar,DED,0.0
2023,Agri06_Biochar,DEF,0.0
2023,Agri06_Biochar,DEG,0.0
2024,Agri01_AGC,DE1,1144015.702201364
2024,Agri01_AGC,DE2,2241122.5196802667
2024,Agri01_AGC,DE3,0.0
2024,Agri01_AGC,DE4,1030730.1081721599
2024,Agri01_AGC,DE5,0.0
2024,Agri01_AGC,DE6,0.0
2024,Agri01_AGC,DE7,554228.4902077599
2024,Agri01_AGC,DE8,1096302.6994187182
2024,Agri01_AGC,DE9,1885568.4209191834
2024,Agri01_AGC,DEA,1183324.3829717108
2024,Agri01_AGC,DEB,500053.49552408507
2024,Agri01_AGC,DEC,0.0
2024,Agri01_AGC,DEE,891611.0061955667
2024,Agri01_AGC,DED,699946.7223111516
2024,Agri01_AGC,DEF,639118.8685781044
2024,Agri01_AGC,DEG,510963.30146176147
2024,Agri02_OFC,DE1,0.0
2024,Agri02_OFC,DE2,0.0
2024,Agri02_OFC,DE3,0.0
2024,Agri02_OFC,DE4,0.0
2024,Agri02_OFC,DE5,0.0
2024,Agri02_OFC,DE6,0.0
2024,Agri02_OFC,DE7,0.0
2024,Agri02_OFC,DE8,0.0
2024,Agri02_OFC,DE9,0.0
2024,Agri02_OFC,DEA,0.0
2024,Agri02_OFC,DEB,0.0
2024,Agri02_OFC,DEC,0.0
2024,Agri02_OFC,DEE,0.0
2024,Agri02_OFC,DED,0.0
2024,Agri02_OFC,DEF,0.0
2024,Agri02_OFC,DEG,0.0
2024,Agri03_No-till,DE1,0.0
2024,Agri03_No-till,DE2,0.0
2024,Agri03_No-till,DE3,0.0
2024,Agri03_No-till,DE4,0.0
2024,Agri03_No-till,DE5,0.0
2024,Agri03_No-till,DE6,0.0
2024,Agri03_No-till,DE7,0.0
2024,Agri03_No-till,DE8,0.0
2024,Agri03_No-till,DE9,0.0
2024,Agri03_No-till,DEA,0.0
2024,Agri03_No-till,DEB,0.0
2024,Agri03_No-till,DEC,0.0
2024,Agri03_No-till,DEE,0.0
2024,Agri03_No-till,DED,0.0
2024,Agri03_No-till,DEF,0.0
2024,Agri03_No-till,DEG,0.0
2024,Agri04_toGrassland,DE1,13208.963622208386
2024,Agri04_toGrassland,DE2,25876.310769516065
2024,Agri04_toGrassland,DE3,2499.3086051108544
2024,Agri04_toGrassland,DE4,11900.95247553215
2024,Agri04_toGrassland,DE5,1210.9038312414525
2024,Agri04_toGrassland,DE6,221.91572223208135
2024,Agri04_toGrassland,DE7,6399.198849682579
2024,Agri04_toGrassland,DE8,12658.062688899898
2024,Agri04_toGrassland,DE9,21771.03393876538
2024,Agri04_toGrassland,DEA,13662.827090457462
2024,Agri04_toGrassland,DEB,7276.848193679601
2024,Agri04_toGrassland,DEC,2269.876277423079
2024,Agri04_toGrassland,DEE,10294.664070900037
2024,Agri04_toGrassland,DED,8081.681724036893
2024,Agri04_toGrassland,DEF,7379.354906642032
2024,Agri04_toGrassland,DEG,5899.652992790763
2024,Agri05_Agroforestry,DE1,634059.127359265
2024,Agri05_Agroforestry,DE2,1083365.7931303491
2024,Agri05_Agroforestry,DE3,19111.97091000753
2024,Agri05_Agroforestry,DE4,599060.3750126892
2024,Agri05_Agroforestry,DE5,119167.74399555956
2024,Agri05_Agroforestry,DE6,14989.215938691952
2024,Agri05_Agroforestry,DE7,251327.78343979036
2024,Agri05_Agroforestry,DE8,612670.9665294774
2024,Agri05_Agroforestry,DE9,935905.0801864212
2024,Agri05_Agroforestry,DEA,648309.6316658676
2024,Agri05_Agroforestry,DEB,371536.144427526
2024,Agri05_Agroforestry,DEC,192541.97200106565
2024,Agri05_Agroforestry,DEE,481243.46690655535
2024,Agri05_Agroforestry,DED,401176.5817008191
2024,Agri05_Agroforestry,DEF,261801.43429545182
2024,Agri05_Agroforestry,DEG,209316.89072715538
2024,Agri06_Biochar,DE1,0.0
2024,Agri06_Biochar,DE2,0.0
2024,Agri06_Biochar,DE3,0.0
2024,Agri06_Biochar,DE4,0.0
2024,Agri06_Biochar,DE5,0.0
2024,Agri06_Biochar,DE6,0.0
2024,Agri06_Biochar,DE7,0.0
2024,Agri06_Biochar,DE8,0.0
2024,Agri06_Biochar,DE9,0.0
2024,Agri06_Biochar,DEA,0.0
2024,Agri06_Biochar,DEB,0.0
2024,Agri06_Biochar,DEC,0.0
2024,Agri06_Biochar,DEE,0.0
2024,Agri06_Biochar,DED,0.0
2024,Agri06_Biochar,DEF,0.0
2024,Agri06_Biochar,DEG,0.0
2025,Agri01_AGC,DE1,2237194.097876884
2025,Agri01_AGC,DE2,4309325.397158184
2025,Agri01_AGC,DE3,0.0
2025,Agri01_AGC,DE4,2028492.8362694627
2025,Agri01_AGC,DE5,0.0
2025,Agri01_AGC,DE6,0.0
2025,Agri01_AGC,DE7,1058031.8948578653
2025,Agri01_AGC,DE8,2146223.881752667
2025,Agri01_AGC,DE9,3636928.504962614
2025,Agri01_AGC,DEA,2310583.7702644127
2025,Agri01_AGC,DEB,1117480.5870293963
2025,Agri01_AGC,DEC,0.0
2025,Agri01_AGC,DEE,1737631.7714168648
2025,Agri01_AGC,DED,1374904.3187077919
2025,Agri01_AGC,DEF,1207145.6001684375
2025,Agri01_AGC,DEG,965095.1839572317
2025,Agri02_OFC,DE1,0.0
2025,Agri02_OFC,DE2,0.0
2025,Agri02_OFC,DE3,0.0
2025,Agri02_OFC,DE4,0.0
2025,Agri02_OFC,DE5,0.0
2025,Agri02_OFC,DE6,0.0
2025,Agri02_OFC,DE7,0.0
2025,Agri02_OFC,DE8,0.0
2025,Agri02_OFC,DE9,0.0
2025,Agri02_OFC,DEA,0.0
2025,Agri02_OFC,DEB,0.0
2025,Agri02_OFC,DEC,0.0
2025,Agri02_OFC,DEE,0.0
2025,Agri02_OFC,DED,0.0
2025,Agri02_OFC,DEF,0.0
2025,Agri02_OFC,DEG,0.0
2025,Agri03_No-till,DE1,0.0
2025,Agri03_No-till,DE2,0.0
2025,Agri03_No-till,DE3,0.0
2025,Agri03_No-till,DE4,0.0
2025,Agri03_No-till,DE5,0.0
2025,Agri03_No-till,DE6,0.0
2025,Agri03_No-till,DE7,0.0
2025,Agri03_No-till,DE8,0.0
2025,Agri03_No-till,DE9,0.0
2025,Agri03_No-till,DEA,0.0
2025,Agri03_No-till,DEB,0.0
2025,Agri03_No-till,DEC,0.0
2025,Agri03_No-till,DEE,0.0
2025,Agri03_No-till,DED,0.0
2025,Agri03_No-till,DEF,0.0
2025,Agri03_No-till,DEG,0.0
2025,Agri04_toGrassland,DE1,26402.39317806045
2025,Agri04_toGrassland,DE2,50856.78689030457
2025,Agri04_toGrassland,DE3,5727.336493750868
2025,Agri04_toGrassland,DE4,23939.39152302049
2025,Agri04_toGrassland,DE5,2753.1362623897867
2025,Agri04_toGrassland,DE6,467.21124721798805
2025,Agri04_toGrassland,DE7,12486.432942709718
2025,Agri04_toGrassland,DE8,25328.80219376272
2025,Agri04_toGrassland,DE9,42921.450776061734
2025,Agri04_toGrassland,DEA,27268.50622002826
2025,Agri04_toGrassland,DEB,14666.327874323477
2025,Agri04_toGrassland,DEC,4992.713324396323
2025,Agri04_toGrassland,DEE,20506.775550309198
2025,Agri04_toGrassland,DED,16226.023678136014
2025,Agri04_toGrassland,DEF,14246.208135923116
2025,Agri04_toGrassland,DEG,11389.634241066933
2025,Agri05_Agroforestry,DE1,929598.1253851178
2025,Agri05_Agroforestry,DE2,1506047.0253811418
2025,Agri05_Agroforestry,DE3,19966.42193362509
2025,Agri05_Agroforestry,DE4,892689.1597697039
2025,Agri05_Agroforestry,DE5,163913.24745725648
2025,Agri05_Agroforestry,DE6,24223.54777341551
2025,Agri05_Agroforestry,DE7,339527.22486467677
2025,Agri05_Agroforestry,DE8,900861.4943774123
2025,Agri05_Agroforestry,DE9,1315562.5514805056
2025,Agri05_Agroforestry,DEA,946584.9854365578
2025,Agri05_Agroforestry,DEB,556234.16718606
2025,Agri05_Agroforestry,DEC,325608.27975473023
2025,Agri05_Agroforestry,DEE,698856.1322147155
2025,Agri05_Agroforestry,DED,595028.9330842835
2025,Agri05_Agroforestry,DEF,335925.28064125136
2025,Agri05_Agroforestry,DEG,268588.960680772
2025,Agri06_Biochar,DE1,0.0
2025,Agri06_Biochar,DE2,0.0
2025,Agri06_Biochar,DE3,0.0
2025,Agri06_Biochar,DE4,0.0
2025,Agri06_Biochar,DE5,0.0
2025,Agri06_Biochar,DE6,0.0
2025,Agri06_Biochar,DE7,0.0
2025,Agri06_Biochar,DE8,0.0
2025,Agri06_Biochar,DE9,0.0
2025,Agri06_Biochar,DEA,0.0
2025,Agri06_Biochar,DEB,0.0
2025,Agri06_Biochar,DEC,0.0
2025,Agri06_Biochar,DEE,0.0
2025,Agri06_Biochar,DED,0.0
2025,Agri06_Biochar,DEF,0.0
2025,Agri06_Biochar,DEG,0.0
2026,Agri01_AGC,DE1,3275325.856628224
2026,Agri01_AGC,DE2,6205009.608630357
2026,Agri01_AGC,DE3,0.0
2026,Agri01_AGC,DE4,2987982.081495362
2026,Agri01_AGC,DE5,0.0
2026,Agri01_AGC,DE6,0.0
2026,Agri01_AGC,DE7,1512412.8970865172
2026,Agri01_AGC,DE8,3145454.366178298
2026,Agri01_AGC,DE9,5253087.755610425
2026,Agri01_AGC,DEA,3377834.6670891307
2026,Agri01_AGC,DEB,1713640.3599371475
2026,Agri01_AGC,DEC,0.0
2026,Agri01_AGC,DEE,2535485.5603662925
2026,Agri01_AGC,DED,2021576.3198495035
2026,Agri01_AGC,DEF,1706762.7598758296
2026,Agri01_AGC,DEG,1364539.6720892212
2026,Agri02_OFC,DE1,0.0
2026,Agri02_OFC,DE2,0.0
2026,Agri02_OFC,DE3,0.0
2026,Agri02_OFC,DE4,0.0
2026,Agri02_OFC,DE5,0.0
2026,Agri02_OFC,DE6,0.0
2026,Agri02_OFC,DE7,0.0
2026,Agri02_OFC,DE8,0.0
2026,Agri02_OFC,DE9,0.0
2026,Agri02_OFC,DEA,0.0
2026,Agri02_OFC,DEB,0.0
2026,Agri02_OFC,DEC,0.0
2026,Agri02_OFC,DEE,0.0
2026,Agri02_OFC,DED,0.0
2026,Agri02_OFC,DEF,0.0
2026,Agri02_OFC,DEG,0.0
2026,Agri03_No-till,DE1,0.0
2026,Agri03_No-till,DE2,0.0
2026,Agri03_No-till,DE3,0.0
2026,Agri03_No-till,DE4,0.0
2026,Agri03_No-till,DE5,0.0
2026,Agri03_No-till,DE6,0.0
2026,Agri03_No-till,DE7,0.0
2026,Agri03_No-till,DE8,0.0
2026,Agri03_No-till,DE9,0.0
2026,Agri03_No-till,DEA,0.0
2026,Agri03_No-till,DEB,0.0
2026,Agri03_No-till,DEC,0.0
2026,Agri03_No-till,DEE,0.0
2026,Agri03_No-till,DED,0.0
2026,Agri03_No-till,DEF,0.0
2026,Agri03_No-till,DEG,0.0
2026,Agri04_toGrassland,DE1,39559.040676366814
2026,Agri04_toGrassland,DE2,74943.45242269963
2026,Agri04_toGrassland,DE3,9643.160233578024
2026,Agri04_toGrassland,DE4,36088.5328288565
2026,Agri04_toGrassland,DE5,4607.966213457523
2026,Agri04_toGrassland,DE6,734.3372183115141
2026,Agri04_toGrassland,DE7,18266.763654746323
2026,Agri04_toGrassland,DE8,37990.466495262925
2026,Agri04_toGrassland,DE9,63446.24055654841
2026,Agri04_toGrassland,DEA,40797.13129092434
2026,Agri04_toGrassland,DEB,22150.62099161271
2026,Agri04_toGrassland,DEC,8141.878956124022
2026,Agri04_toGrassland,DEE,30623.327512251217
2026,Agri04_toGrassland,DED,24416.38584004372
2026,Agri04_toGrassland,DEF,20614.100824869423
2026,Agri04_toGrassland,DEG,16480.766420066426
2026,Agri05_Agroforestry,DE1,1290380.780430644
2026,Agri05_Agroforestry,DE2,1998840.9081586122
2026,Agri05_Agroforestry,DE3,20820.872957242642
2026,Agri05_Agroforestry,DE4,1255200.7330431356
2026,Agri05_Agroforestry,DE5,170927.81634395642
2026,Agri05_Agroforestry,DE6,36130.210748591846
2026,Agri05_Agroforestry,DE7,439036.52428014047
2026,Agri05_Agroforestry,DE8,1253412.3090967743
2026,Agri05_Agroforestry,DE9,1763083.0949829258
2026,Agri05_Agroforestry,DEA,1309606.8309635946
2026,Agri05_Agroforestry,DEB,784955.1736827921
2026,Agri05_Agroforestry,DEC,500264.73008230916
2026,Agri05_Agroforestry,DEE,962620.8521839206
2026,Agri05_Agroforestry,DED,833610.9712005416
2026,Agri05_Agroforestry,DEF,412906.6820846001
2026,Agri05_Agroforestry,DEG,330149.8274175835
2026,Agri06_Biochar,DE1,0.0
2026,Agri06_Biochar,DE2,0.0
2026,Agri06_Biochar,DE3,0.0
2026,Agri06_Biochar,DE4,0.0
2026,Agri06_Biochar,DE5,0.0
2026,Agri06_Biochar,DE6,0.0
2026,Agri06_Biochar,DE7,0.0
2026,Agri06_Biochar,DE8,0.0
2026,Agri06_Biochar,DE9,0.0
2026,Agri06_Biochar,DEA,0.0
2026,Agri06_Biochar,DEB,0.0
2026,Agri06_Biochar,DEC,0.0
2026,Agri06_Biochar,DEE,0.0
2026,Agri06_Biochar,DED,0.0
2026,Agri06_Biochar,DEF,0.0
2026,Agri06_Biochar,DEG,0.0
2027,Agri01_AGC,DE1,4254201.648057044
2027,Agri01_AGC,DE2,7928576.130293385
2027,Agri01_AGC,DE3,0.0
2027,Agri01_AGC,DE4,3903891.741053307
2027,Agri01_AGC,DE5,0.0
2027,Agri01_AGC,DE6,0.0
2027,Agri01_AGC,DE7,1918374.1800299147
2027,Agri01_AGC,DE8,4089684.97187206
2027,Agri01_AGC,DE9,6733053.676342747
2027,Agri01_AGC,DEA,4381133.578656887
2027,Agri01_AGC,DEB,2285002.9718176206
2027,Agri01_AGC,DEC,0.0
2027,Agri01_AGC,DEE,3282595.6377462456
2027,Agri01_AGC,DED,2636666.256395865
2027,Agri01_AGC,DEF,2140652.91280511
2027,Agri01_AGC,DEG,1711440.7904605388
2027,Agri02_OFC,DE1,0.0
2027,Agri02_OFC,DE2,0.0
2027,Agri02_OFC,DE3,0.0
2027,Agri02_OFC,DE4,0.0
2027,Agri02_OFC,DE5,0.0
2027,Agri02_OFC,DE6,0.0
2027,Agri02_OFC,DE7,0.0
2027,Agri02_OFC,DE8,0.0
2027,Agri02_OFC,DE9,0.0
2027,Agri02_OFC,DEA,0.0
2027,Agri02_OFC,DEB,0.0
2027,Agri02_OFC,DEC,0.0
2027,Agri02_OFC,DEE,0.0
2027,Agri02_OFC,DED,0.0
2027,Agri02_OFC,DEF,0.0
2027,Agri02_OFC,DEG,0.0
2027,Agri03_No-till,DE1,0.0
2027,Agri03_No-till,DE2,0.0
2027,Agri03_No-till,DE3,0.0
2027,Agri03_No-till,DE4,0.0
2027,Agri03_No-till,DE5,0.0
2027,Agri03_No-till,DE6,0.0
2027,Agri03_No-till,DE7,0.0
2027,Agri03_No-till,DE8,0.0
2027,Agri03_No-till,DE9,0.0
2027,Agri03_No-till,DEA,0.0
2027,Agri03_No-till,DEB,0.0
2027,Agri03_No-till,DEC,0.0
2027,Agri03_No-till,DEE,0.0
2027,Agri03_No-till,DED,0.0
2027,Agri03_No-till,DEF,0.0
2027,Agri03_No-till,DEG,0.0
2027,Agri04_toGrassland,DE1,52657.658125938106
2027,Agri04_toGrassland,DE2,98138.3314270354
2027,Agri04_toGrassland,DE3,14205.856392250307
2027,Agri04_toGrassland,DE4,48321.59207943165
2027,Agri04_toGrassland,DE5,6756.662604457182
2027,Agri04_toGrassland,DE6,1021.7442788664531
2027,Agri04_toGrassland,DE7,23745.252361457307
2027,Agri04_toGrassland,DE8,50621.303574074984
2027,Agri04_toGrassland,DE9,83340.39332488478
2027,Agri04_toGrassland,DEA,54228.796205357656
2027,Agri04_toGrassland,DEB,29711.9094952284
2027,Agri04_toGrassland,DEC,11690.740987810475
2027,Agri04_toGrassland,DEE,40631.31303074983
2027,Agri04_toGrassland,DED,32636.128187506376
2027,Agri04_toGrassland,DEF,26496.574110507143
2027,Agri04_toGrassland,DEG,21183.872205027157
2027,Agri05_Agroforestry,DE1,1721624.0777684737
2027,Agri05_Agroforestry,DE2,2566435.8099324596
2027,Agri05_Agroforestry,DE3,21675.3239808602
2027,Agri05_Agroforestry,DE4,1692263.7508904254
2027,Agri05_Agroforestry,DE5,177942.38523065642
2027,Agri05_Agroforestry,DE6,50947.96486443726
2027,Agri05_Agroforestry,DE7,550437.1115684826
2027,Agri05_Agroforestry,DE8,1675498.9968801655
2027,Agri05_Agroforestry,DE9,2283262.0065483544
2027,Agri05_Agroforestry,DEA,1742508.824954307
2027,Agri05_Agroforestry,DEB,1061347.858456491
2027,Agri05_Agroforestry,DEC,720320.2313200805
2027,Agri05_Agroforestry,DEE,1276153.294428389
2027,Agri05_Agroforestry,DED,1120575.8982243384
2027,Agri05_Agroforestry,DEF,492439.71861988556
2027,Agri05_Agroforestry,DEG,393755.31987482193
2027,Agri06_Biochar,DE1,0.0
2027,Agri06_Biochar,DE2,0.0
2027,Agri06_Biochar,DE3,0.0
2027,Agri06_Biochar,DE4,0.0
2027,Agri06_Biochar,DE5,0.0
2027,Agri06_Biochar,DE6,0.0
2027,Agri06_Biochar,DE7,0.0
2027,Agri06_Biochar,DE8,0.0
2027,Agri06_Biochar,DE9,0.0
2027,Agri06_Biochar,DEA,0.0
2027,Agri06_Biochar,DEB,0.0
2027,Agri06_Biochar,DEC,0.0
2027,Agri06_Biochar,DEE,0.0
2027,Agri06_Biochar,DED,0.0
2027,Agri06_Biochar,DEF,0.0
2027,Agri06_Biochar,DEG,0.0
2028,Agri01_AGC,DE1,5169612.141765007
2028,Agri01_AGC,DE2,9480425.938343875
2028,Agri01_AGC,DE3,0.0
2028,Agri01_AGC,DE4,4770915.712146752
2028,Agri01_AGC,DE5,0.0
2028,Agri01_AGC,DE6,25496.18324506789
2028,Agri01_AGC,DE7,2276918.4268242586
2028,Agri01_AGC,DE8,4974606.518010405
2028,Agri01_AGC,DE9,8075833.770639713
2028,Agri01_AGC,DEA,5316537.010178708
2028,Agri01_AGC,DEB,2828038.5802411
2028,Agri01_AGC,DEC,0.0
2028,Agri01_AGC,DEE,3976385.268259124
2028,Agri01_AGC,DED,3216877.659006461
2028,Agri01_AGC,DEF,2511498.6240611095
2028,Agri01_AGC,DEG,2007942.5636739954
2028,Agri02_OFC,DE1,0.0
2028,Agri02_OFC,DE2,0.0
2028,Agri02_OFC,DE3,0.0
2028,Agri02_OFC,DE4,0.0
2028,Agri02_OFC,DE5,0.0
2028,Agri02_OFC,DE6,0.0
2028,Agri02_OFC,DE7,0.0
2028,Agri02_OFC,DE8,0.0
2028,Agri02_OFC,DE9,0.0
2028,Agri02_OFC,DEA,0.0
2028,Agri02_OFC,DEB,0.0
2028,Agri02_OFC,DEC,0.0
2028,Agri02_OFC,DEE,0.0
2028,Agri02_OFC,DED,0.0
2028,Agri02_OFC,DEF,0.0
2028,Agri02_OFC,DEG,0.0
2028,Agri03_No-till,DE1,0.0
2028,Agri03_No-till,DE2,0.0
2028,Agri03_No-till,DE3,0.0
2028,Agri03_No-till,DE4,0.0
2028,Agri03_No-till,DE5,0.0
2028,Agri03_No-till,DE6,0.0
2028,Agri03_No-till,DE7,0.0
2028,Agri03_No-till,DE8,0.0
2028,Agri03_No-till,DE9,0.0
2028,Agri03_No-till,DEA,0.0
2028,Agri03_No-till,DEB,0.0
2028,Agri03_No-till,DEC,0.0
2028,Agri03_No-till,DEE,0.0
2028,Agri03_No-till,DED,0.0
2028,Agri03_No-till,DEF,0.0
2028,Agri03_No-till,DEG,0.0
2028,Agri04_toGrassland,DE1,65676.99753558495
2028,Agri04_toGrassland,DE2,120443.44796364603
2028,Agri04_toGrassland,DE3,19374.501537425702
2028,Agri04_toGrassland,DE4,60611.784961137426
2028,Agri04_toGrassland,DE5,9180.494355401284
2028,Agri04_toGrassland,DE6,1327.8830722365992
2028,Agri04_toGrassland,DE7,28926.960438507576
2028,Agri04_toGrassland,DE8,63199.56141087337
2028,Agri04_toGrassland,DE9,102598.89912573023
2028,Agri04_toGrassland,DEA,67543.59486554017
2028,Agri04_toGrassland,DEB,37332.37533485163
2028,Agri04_toGrassland,DEC,15612.667234659975
2028,Agri04_toGrassland,DEE,50517.72517982878
2028,Agri04_toGrassland,DED,40868.61069827034
2028,Agri04_toGrassland,DEF,31907.16912986244
2028,Agri04_toGrassland,DEG,25509.77427118704
2028,Agri05_Agroforestry,DE1,2228545.0026712357
2028,Agri05_Agroforestry,DE2,3213520.0991723803
2028,Agri05_Agroforestry,DE3,22529.775004477757
2028,Agri05_Agroforestry,DE4,2209546.869369013
2028,Agri05_Agroforestry,DE5,184956.95411735642
2028,Agri05_Agroforestry,DE6,68915.57012116801
2028,Agri05_Agroforestry,DE7,674310.4166120039
2028,Agri05_Agroforestry,DE8,2172297.1439201864
2028,Agri05_Agroforestry,DE9,2880894.5820314633
2028,Agri05_Agroforestry,DEA,2250424.624116023
2028,Agri05_Agroforestry,DEB,1389060.9160459256
2028,Agri05_Agroforestry,DEC,824114.1246656158
2028,Agri05_Agroforestry,DEE,1643069.126562339
2028,Agri05_Agroforestry,DED,1459576.9163304192
2028,Agri05_Agroforestry,DEF,574218.4702414948
2028,Agri05_Agroforestry,DEG,459161.266989719
2028,Agri06_Biochar,DE1,0.0
2028,Agri06_Biochar,DE2,0.0
2028,Agri06_Biochar,DE3,0.0
2028,Agri06_Biochar,DE4,0.0
2028,Agri06_Biochar,DE5,0.0
2028,Agri06_Biochar,DE6,0.0
2028,Agri06_Biochar,DE7,0.0
2028,Agri06_Biochar,DE8,0.0
2028,Agri06_Biochar,DE9,0.0
2028,Agri06_Biochar,DEA,0.0
2028,Agri06_Biochar,DEB,0.0
2028,Agri06_Biochar,DEC,0.0
2028,Agri06_Biochar,DEE,0.0
2028,Agri06_Biochar,DED,0.0
2028,Agri06_Biochar,DEF,0.0
2028,Agri06_Biochar,DEG,0.0
2029,Agri01_AGC,DE1,6017348.007353776
2029,Agri01_AGC,DE2,10860960.008978428
2029,Agri01_AGC,DE3,0.0
2029,Agri01_AGC,DE4,5583747.891979147
2029,Agri01_AGC,DE5,0.0
2029,Agri01_AGC,DE6,50913.72986088963
2029,Agri01_AGC,DE7,2589048.3206057493
2029,Agri01_AGC,DE8,5795909.823769783
2029,Agri01_AGC,DE9,9280435.541981455
2029,Agri01_AGC,DEA,6180101.466865614
2029,Agri01_AGC,DEB,3339217.3427778683
2029,Agri01_AGC,DEC,0.0
2029,Agri01_AGC,DEE,4614277.716607323
2029,Agri01_AGC,DED,3758914.058340871
2029,Agri01_AGC,DEF,2821982.4587486587
2029,Agri01_AGC,DEG,2256189.016332401
2029,Agri02_OFC,DE1,0.0
2029,Agri02_OFC,DE2,0.0
2029,Agri02_OFC,DE3,0.0
2029,Agri02_OFC,DE4,0.0
2029,Agri02_OFC,DE5,0.0
2029,Agri02_OFC,DE6,0.0
2029,Agri02_OFC,DE7,0.0
2029,Agri02_OFC,DE8,0.0
2029,Agri02_OFC,DE9,0.0
2029,Agri02_OFC,DEA,0.0
2029,Agri02_OFC,DEB,0.0
2029,Agri02_OFC,DEC,0.0
2029,Agri02_OFC,DEE,0.0
2029,Agri02_OFC,DED,0.0
2029,Agri02_OFC,DEF,0.0
2029,Agri02_OFC,DEG,0.0
2029,Agri03_No-till,DE1,0.0
2029,Agri03_No-till,DE2,0.0
2029,Agri03_No-till,DE3,0.0
2029,Agri03_No-till,DE4,0.0
2029,Agri03_No-till,DE5,0.0
2029,Agri03_No-till,DE6,0.0
2029,Agri03_No-till,DE7,0.0
2029,Agri03_No-till,DE8,0.0
2029,Agri03_No-till,DE9,0.0
2029,Agri03_No-till,DEA,0.0
2029,Agri03_No-till,DEB,0.0
2029,Agri03_No-till,DEC,0.0
2029,Agri03_No-till,DEE,0.0
2029,Agri03_No-till,DED,0.0
2029,Agri03_No-till,DEF,0.0
2029,Agri03_No-till,DEG,0.0
2029,Agri04_toGrassland,DE1,78595.81091411797
2029,Agri04_toGrassland,DE2,141860.82609286567
2029,Agri04_toGrassland,DE3,25108.172236762202
2029,Agri04_toGrassland,DE4,72932.3271603653
2029,Agri04_toGrassland,DE5,11860.730386302348
2029,Agri04_toGrassland,DE6,1651.2042417757461
2029,Agri04_toGrassland,DE7,33816.94926156205
2029,Agri04_toGrassland,DE8,75703.48798633255
2029,Agri04_toGrassland,DE9,121216.7480037441
2029,Agri04_toGrassland,DEA,80721.62117368383
2029,Agri04_toGrassland,DEB,44994.200460163505
2029,Agri04_toGrassland,DEC,19881.025511876822
2029,Agri04_toGrassland,DEE,60269.557033511825
2029,Agri04_toGrassland,DED,49097.19335008199
2029,Agri04_toGrassland,DEF,36859.427019961506
2029,Agri04_toGrassland,DEG,29469.29529378401
2029,Agri05_Agroforestry,DE1,2816360.5404115594
2029,Agri05_Agroforestry,DE2,3944782.1443480747
2029,Agri05_Agroforestry,DE3,23384.226028095316
2029,Agri05_Agroforestry,DE4,2812718.7445363393
2029,Agri05_Agroforestry,DE5,191971.52300405642
2029,Agri05_Agroforestry,DE6,90271.78651900042
2029,Agri05_Agroforestry,DE7,811237.8692930056
2029,Agri05_Agroforestry,DE8,2748982.336409438
2029,Agri05_Agroforestry,DE9,3560776.117286925
2029,Agri05_Agroforestry,DEA,2838487.8851560727
2029,Agri05_Agroforestry,DEB,1771743.0409898644
2029,Agri05_Agroforestry,DEC,855368.9932676447
2029,Agri05_Agroforestry,DEE,2066984.0161999892
2029,Agri05_Agroforestry,DED,1854267.2276935289
2029,Agri05_Agroforestry,DEF,657937.0169438155
2029,Agri05_Agroforestry,DEG,526123.4976995068
2029,Agri06_Biochar,DE1,0.0
2029,Agri06_Biochar,DE2,0.0
2029,Agri06_Biochar,DE3,0.0
2029,Agri06_Biochar,DE4,0.0
2029,Agri06_Biochar,DE5,0.0
2029,Agri06_Biochar,DE6,0.0
2029,Agri06_Biochar,DE7,0.0
2029,Agri06_Biochar,DE8,0.0
2029,Agri06_Biochar,DE9,0.0
2029,Agri06_Biochar,DEA,0.0
2029,Agri06_Biochar,DEB,0.0
2029,Agri06_Biochar,DEC,0.0
2029,Agri06_Biochar,DEE,0.0
2029,Agri06_Biochar,DED,0.0
2029,Agri06_Biochar,DEF,0.0
2029,Agri06_Biochar,DEG,0.0
2030,Agri01_AGC,DE1,6793199.914425014
2030,Agri01_AGC,DE2,12070579.318393648
2030,Agri01_AGC,DE3,0.0
2030,Agri01_AGC,DE4,6337082.177753944
2030,Agri01_AGC,DE5,0.0
2030,Agri01_AGC,DE6,75945.7047602555
2030,Agri01_AGC,DE7,2855766.544510586
2030,Agri01_AGC,DE8,6549285.708326643
2030,Agri01_AGC,DE9,10345866.493848104
2030,Agri01_AGC,DEA,6967883.453928631
2030,Agri01_AGC,DEB,3815009.416998208
2030,Agri01_AGC,DEC,367672.1985191172
2030,Agri01_AGC,DEE,5193696.247493239
2030,Agri01_AGC,DED,4259478.985058675
2030,Agri01_AGC,DEF,3074786.9819725864
2030,Agri01_AGC,DEG,2458324.1730385646
2030,Agri02_OFC,DE1,0.0
2030,Agri02_OFC,DE2,0.0
2030,Agri02_OFC,DE3,0.0
2030,Agri02_OFC,DE4,0.0
2030,Agri02_OFC,DE5,0.0
2030,Agri02_OFC,DE6,0.0
2030,Agri02_OFC,DE7,0.0
2030,Agri02_OFC,DE8,0.0
2030,Agri02_OFC,DE9,0.0
2030,Agri02_OFC,DEA,0.0
2030,Agri02_OFC,DEB,0.0
2030,Agri02_OFC,DEC,0.0
2030,Agri02_OFC,DEE,0.0
2030,Agri02_OFC,DED,0.0
2030,Agri02_OFC,DEF,0.0
2030,Agri02_OFC,DEG,0.0
2030,Agri03_No-till,DE1,0.0
2030,Agri03_No-till,DE2,0.0
2030,Agri03_No-till,DE3,0.0
2030,Agri03_No-till,DE4,0.0
2030,Agri03_No-till,DE5,0.0
2030,Agri03_No-till,DE6,0.0
2030,Agri03_No-till,DE7,0.0
2030,Agri03_No-till,DE8,0.0
2030,Agri03_No-till,DE9,0.0
2030,Agri03_No-till,DEA,0.0
2030,Agri03_No-till,DEB,0.0
2030,Agri03_No-till,DEC,0.0
2030,Agri03_No-till,DEE,0.0
2030,Agri03_No-till,DED,0.0
2030,Agri03_No-till,DEF,0.0
2030,Agri03_No-till,DEG,0.0
2030,Agri04_toGrassland,DE1,91392.85027034782
2030,Agri04_toGrassland,DE2,162392.48987502843
2030,Agri04_toGrassland,DE3,31365.945057917783
2030,Agri04_toGrassland,DE4,85256.43436350678
2030,Agri04_toGrassland,DE5,14778.6396171729
2030,Agri04_toGrassland,DE6,1990.1584308376885
2030,Agri04_toGrassland,DE7,38420.280206285635
2030,Agri04_toGrassland,DE8,88111.33128112697
2030,Agri04_toGrassland,DE9,139188.93000358576
2030,Agri04_toGrassland,DEA,93742.9690320006
2030,Agri04_toGrassland,DEB,52679.566820845095
2030,Agri04_toGrassland,DEC,24469.183634665304
2030,Agri04_toGrassland,DEE,69873.80166582268
2030,Agri04_toGrassland,DED,57305.236120687674
2030,Agri04_toGrassland,DEF,41366.88891783052
2030,Agri04_toGrassland,DEG,33073.25794805597
2030,Agri05_Agroforestry,DE1,3490287.6762620746
2030,Agri05_Agroforestry,DE2,4764910.313929239
2030,Agri05_Agroforestry,DE3,24238.67705171287
2030,Agri05_Agroforestry,DE4,3507448.0324498434
2030,Agri05_Agroforestry,DE5,198986.09189075642
2030,Agri05_Agroforestry,DE6,115255.37405815072
2030,Agri05_Agroforestry,DE7,961800.8994937881
2030,Agri05_Agroforestry,DE8,3410730.16054052
2030,Agri05_Agroforestry,DE9,4327701.908169411
2030,Agri05_Agroforestry,DEA,3511832.264781783
2030,Agri05_Agroforestry,DEB,2213042.927827076
2030,Agri05_Agroforestry,DEC,886623.8618696734
2030,Agri05_Agroforestry,DEE,2551513.630955557
2030,Agri05_Agroforestry,DED,2308300.034488412
2030,Agri05_Agroforestry,DEF,743289.4387212347
2030,Agri05_Agroforestry,DEG,594397.840941417
2030,Agri06_Biochar,DE1,0.0
2030,Agri06_Biochar,DE2,0.0
2030,Agri06_Biochar,DE3,0.0
2030,Agri06_Biochar,DE4,0.0
2030,Agri06_Biochar,DE5,0.0
2030,Agri06_Biochar,DE6,0.0
2030,Agri06_Biochar,DE7,0.0
2030,Agri06_Biochar,DE8,0.0
2030,Agri06_Biochar,DE9,0.0
2030,Agri06_Biochar,DEA,0.0
2030,Agri06_Biochar,DEB,0.0
2030,Agri06_Biochar,DEC,0.0
2030,Agri06_Biochar,DEE,0.0
2030,Agri06_Biochar,DED,0.0
2030,Agri06_Biochar,DEF,0.0
2030,Agri06_Biochar,DEG,0.0
2031,Agri01_AGC,DE1,7492958.532580381
2031,Agri01_AGC,DE2,13109684.842786137
2031,Agri01_AGC,DE3,36253.22303731748
2031,Agri01_AGC,DE4,7025612.466674595
2031,Agri01_AGC,DE5,116557.69935002718
2031,Agri01_AGC,DE6,100285.17285595571
2031,Agri01_AGC,DE7,3078075.78167497
2031,Agri01_AGC,DE8,7230424.990857437
2031,Agri01_AGC,DE9,11271134.129719792
2031,Agri01_AGC,DEA,7675939.47657878
2031,Agri01_AGC,DEB,4251884.960472403
2031,Agri01_AGC,DEC,733560.1436660605
2031,Agri01_AGC,DEE,5712064.125619273
2031,Agri01_AGC,DED,4715275.969819455
2031,Agri01_AGC,DEF,3272594.758837723
2031,Agri01_AGC,DEG,2616492.0583952973
2031,Agri02_OFC,DE1,0.0
2031,Agri02_OFC,DE2,0.0
2031,Agri02_OFC,DE3,0.0
2031,Agri02_OFC,DE4,0.0
2031,Agri02_OFC,DE5,0.0
2031,Agri02_OFC,DE6,0.0
2031,Agri02_OFC,DE7,0.0
2031,Agri02_OFC,DE8,0.0
2031,Agri02_OFC,DE9,0.0
2031,Agri02_OFC,DEA,0.0
2031,Agri02_OFC,DEB,0.0
2031,Agri02_OFC,DEC,0.0
2031,Agri02_OFC,DEE,0.0
2031,Agri02_OFC,DED,0.0
2031,Agri02_OFC,DEF,0.0
2031,Agri02_OFC,DEG,0.0
2031,Agri03_No-till,DE1,0.0
2031,Agri03_No-till,DE2,0.0
2031,Agri03_No-till,DE3,0.0
2031,Agri03_No-till,DE4,0.0
2031,Agri03_No-till,DE5,0.0
2031,Agri03_No-till,DE6,0.0
2031,Agri03_No-till,DE7,0.0
2031,Agri03_No-till,DE8,0.0
2031,Agri03_No-till,DE9,0.0
2031,Agri03_No-till,DEA,0.0
2031,Agri03_No-till,DEB,0.0
2031,Agri03_No-till,DEC,0.0
2031,Agri03_No-till,DEE,0.0
2031,Agri03_No-till,DED,0.0
2031,Agri03_No-till,DEF,0.0
2031,Agri03_No-till,DEG,0.0
2031,Agri04_toGrassland,DE1,104046.86761308508
2031,Agri04_toGrassland,DE2,182040.46337046847
2031,Agri04_toGrassland,DE3,38106.89656855043
2031,Agri04_toGrassland,DE4,97557.32225695328
2031,Agri04_toGrassland,DE5,17915.49096802545
2031,Agri04_toGrassland,DE6,2343.1962827762186
2031,Agri04_toGrassland,DE7,42742.014648343225
2031,Agri04_toGrassland,DE8,100401.33927593112
2031,Agri04_toGrassland,DE9,156510.4351699146
2031,Agri04_toGrassland,DEA,106587.73234270244
2031,Agri04_toGrassland,DEB,60370.656366577496
2031,Agri04_toGrassland,DEC,29350.50941822972
2031,Agri04_toGrassland,DEE,79317.45215078507
2031,Agri04_toGrassland,DED,65476.098987833735
2031,Agri04_toGrassland,DEF,45443.09596049564
2031,Agri04_toGrassland,DEG,36332.48490924084
2031,Agri05_Agroforestry,DE1,4255543.395495411
2031,Agri05_Agroforestry,DE2,5678592.976385572
2031,Agri05_Agroforestry,DE3,25093.128075330427
2031,Agri05_Agroforestry,DE4,4299403.389166965
2031,Agri05_Agroforestry,DE5,206000.6607774564
2031,Agri05_Agroforestry,DE6,144105.0927388352
2031,Agri05_Agroforestry,DE7,1126580.9370966528
2031,Agri05_Agroforestry,DE8,4162716.2025060346
2031,Agri05_Agroforestry,DE9,5186467.250533594
2031,Agri05_Agroforestry,DEA,4275591.419700483
2031,Agri05_Agroforestry,DEB,2716609.2710963287
2031,Agri05_Agroforestry,DEC,917878.730471702
2031,Agri05_Agroforestry,DEE,3100273.638443261
2031,Agri05_Agroforestry,DED,2825328.5388898137
2031,Agri05_Agroforestry,DEF,829969.8155681397
2031,Agri05_Agroforestry,DEG,663740.1256526817
2031,Agri06_Biochar,DE1,0.0
2031,Agri06_Biochar,DE2,0.0
2031,Agri06_Biochar,DE3,0.0
2031,Agri06_Biochar,DE4,0.0
2031,Agri06_Biochar,DE5,0.0
2031,Agri06_Biochar,DE6,0.0
2031,Agri06_Biochar,DE7,0.0
2031,Agri06_Biochar,DE8,0.0
2031,Agri06_Biochar,DE9,0.0
2031,Agri06_Biochar,DEA,0.0
2031,Agri06_Biochar,DEB,0.0
2031,Agri06_Biochar,DEC,0.0
2031,Agri06_Biochar,DEE,0.0
2031,Agri06_Biochar,DED,0.0
2031,Agri06_Biochar,DEF,0.0
2031,Agri06_Biochar,DEG,0.0
2032,Agri01_AGC,DE1,8112414.531421542
2032,Agri01_AGC,DE2,13978677.5583525
2032,Agri01_AGC,DE3,34388.433761092994
2032,Agri01_AGC,DE4,7644032.655944554
2032,Agri01_AGC,DE5,110562.21730459381
2032,Agri01_AGC,DE6,123625.19906078055
2032,Agri01_AGC,DE7,3256978.715235101
2032,Agri01_AGC,DE8,7835018.490538618
2032,Agri01_AGC,DE9,12055245.953076651
2032,Agri01_AGC,DEA,8300326.04002709
2032,Agri01_AGC,DEB,4646314.130770736
2032,Agri01_AGC,DEC,933676.9113046412
2032,Agri01_AGC,DEE,6166804.615687819
2032,Agri01_AGC,DED,5123008.543282795
2032,Agri01_AGC,DEF,3418088.3544489
2032,Agri01_AGC,DEG,2732836.6970054084
2032,Agri02_OFC,DE1,0.0
2032,Agri02_OFC,DE2,0.0
2032,Agri02_OFC,DE3,0.0
2032,Agri02_OFC,DE4,0.0
2032,Agri02_OFC,DE5,0.0
2032,Agri02_OFC,DE6,0.0
2032,Agri02_OFC,DE7,0.0
2032,Agri02_OFC,DE8,0.0
2032,Agri02_OFC,DE9,0.0
2032,Agri02_OFC,DEA,0.0
2032,Agri02_OFC,DEB,0.0
2032,Agri02_OFC,DEC,0.0
2032,Agri02_OFC,DEE,0.0
2032,Agri02_OFC,DED,0.0
2032,Agri02_OFC,DEF,0.0
2032,Agri02_OFC,DEG,0.0
2032,Agri03_No-till,DE1,0.0
2032,Agri03_No-till,DE2,0.0
2032,Agri03_No-till,DE3,0.0
2032,Agri03_No-till,DE4,0.0
2032,Agri03_No-till,DE5,0.0
2032,Agri03_No-till,DE6,0.0
2032,Agri03_No-till,DE7,0.0
2032,Agri03_No-till,DE8,0.0
2032,Agri03_No-till,DE9,0.0
2032,Agri03_No-till,DEA,0.0
2032,Agri03_No-till,DEB,0.0
2032,Agri03_No-till,DEC,0.0
2032,Agri03_No-till,DEE,0.0
2032,Agri03_No-till,DED,0.0
2032,Agri03_No-till,DEF,0.0
2032,Agri03_No-till,DEG,0.0
2032,Agri04_toGrassland,DE1,116536.61495114044
2032,Agri04_toGrassland,DE2,200806.7706395199
2032,Agri04_toGrassland,DE3,45290.103336318134
2032,Agri04_toGrassland,DE4,109808.20652709635
2032,Agri04_toGrassland,DE5,21252.553358872527
2032,Agri04_toGrassland,DE6,2708.768440945132
2032,Agri04_toGrassland,DE7,46787.21396339976
2032,Agri04_toGrassland,DE8,112551.75995141947
2032,Agri04_toGrassland,DE9,173176.25354739
2032,Agri04_toGrassland,DEA,119236.00500800129
2032,Agri04_toGrassland,DEB,68049.6510470418
2032,Agri04_toGrassland,DEC,34498.370677774365
2032,Agri04_toGrassland,DEE,88587.50156242278
2032,Agri04_toGrassland,DED,73593.14192926658
2032,Agri04_toGrassland,DEF,49101.58928498306
2032,Agri04_toGrassland,DEG,39257.79885257654
2032,Agri05_Agroforestry,DE1,5117344.683384197
2032,Agri05_Agroforestry,DE2,6690518.500186771
2032,Agri05_Agroforestry,DE3,25947.579098947986
2032,Agri05_Agroforestry,DE4,5194253.470745146
2032,Agri05_Agroforestry,DE5,213015.22966415636
2032,Agri05_Agroforestry,DE6,172440.18141490183
2032,Agri05_Agroforestry,DE7,1306159.4119839005
2032,Agri05_Agroforestry,DE8,5010116.048498581
2032,Agri05_Agroforestry,DE9,6141867.440234146
2032,Agri05_Agroforestry,DEA,5134899.006619502
2032,Agri05_Agroforestry,DEB,3286090.7653363915
2032,Agri05_Agroforestry,DEC,949133.5990737306
2032,Agri05_Agroforestry,DEE,3716879.706277319
2032,Agri05_Agroforestry,DED,3409005.9430724797
2032,Agri05_Agroforestry,DEF,917672.2274789179
2032,Agri05_Agroforestry,DEG,733906.1807705327
2032,Agri06_Biochar,DE1,0.0
2032,Agri06_Biochar,DE2,0.0
2032,Agri06_Biochar,DE3,0.0
2032,Agri06_Biochar,DE4,0.0
2032,Agri06_Biochar,DE5,0.0
2032,Agri06_Biochar,DE6,0.0
2032,Agri06_Biochar,DE7,0.0
2032,Agri06_Biochar,DE8,0.0
2032,Agri06_Biochar,DE9,0.0
2032,Agri06_Biochar,DEA,0.0
2032,Agri06_Biochar,DEB,0.0
2032,Agri06_Biochar,DEC,0.0
2032,Agri06_Biochar,DEE,0.0
2032,Agri06_Biochar,DED,0.0
2032,Agri06_Biochar,DEF,0.0
2032,Agri06_Biochar,DEG,0.0
2033,Agri01_AGC,DE1,8647358.580550158
2033,Agri01_AGC,DE2,14677958.44128934
2033,Agri01_AGC,DE3,32523.64448486851
2033,Agri01_AGC,DE4,8187036.642767272
2033,Agri01_AGC,DE5,104566.73525916044
2033,Agri01_AGC,DE6,145658.84828752026
2033,Agri01_AGC,DE7,3393478.028327179
2033,Agri01_AGC,DE8,8358757.026546631
2033,Agri01_AGC,DE9,12697209.467398815
2033,Agri01_AGC,DEA,8837099.649484582
2033,Agri01_AGC,DEB,4994767.085463491
2033,Agri01_AGC,DEC,883046.2049527519
2033,Agri01_AGC,DEE,6555340.982401277
2033,Agri01_AGC,DED,5479380.236108273
2033,Agri01_AGC,DEF,3513950.3339109467
2033,Agri01_AGC,DEG,2809502.1134717083
2033,Agri02_OFC,DE1,0.0
2033,Agri02_OFC,DE2,0.0
2033,Agri02_OFC,DE3,0.0
2033,Agri02_OFC,DE4,0.0
2033,Agri02_OFC,DE5,0.0
2033,Agri02_OFC,DE6,0.0
2033,Agri02_OFC,DE7,0.0
2033,Agri02_OFC,DE8,0.0
2033,Agri02_OFC,DE9,0.0
2033,Agri02_OFC,DEA,0.0
2033,Agri02_OFC,DEB,0.0
2033,Agri02_OFC,DEC,0.0
2033,Agri02_OFC,DEE,0.0
2033,Agri02_OFC,DED,0.0
2033,Agri02_OFC,DEF,0.0
2033,Agri02_OFC,DEG,0.0
2033,Agri03_No-till,DE1,0.0
2033,Agri03_No-till,DE2,0.0
2033,Agri03_No-till,DE3,0.0
2033,Agri03_No-till,DE4,0.0
2033,Agri03_No-till,DE5,0.0
2033,Agri03_No-till,DE6,0.0
2033,Agri03_No-till,DE7,0.0
2033,Agri03_No-till,DE8,0.0
2033,Agri03_No-till,DE9,0.0
2033,Agri03_No-till,DEA,0.0
2033,Agri03_No-till,DEB,0.0
2033,Agri03_No-till,DEC,0.0
2033,Agri03_No-till,DEE,0.0
2033,Agri03_No-till,DED,0.0
2033,Agri03_No-till,DEF,0.0
2033,Agri03_No-till,DEG,0.0
2033,Agri04_toGrassland,DE1,114316.00458332784
2033,Agri04_toGrassland,DE2,196980.38871658486
2033,Agri04_toGrassland,DE3,44427.098408037884
2033,Agri04_toGrassland,DE4,107715.80628029656
2033,Agri04_toGrassland,DE5,20847.585011791314
2033,Agri04_toGrassland,DE6,2657.1527381337173
2033,Agri04_toGrassland,DE7,45895.68152570409
2033,Agri04_toGrassland,DE8,110407.08117240685
2033,Agri04_toGrassland,DE9,169876.37235341925
2033,Agri04_toGrassland,DEA,116963.95764290205
2033,Agri04_toGrassland,DEB,66752.96192745098
2033,Agri04_toGrassland,DEC,33841.00269405675
2033,Agri04_toGrassland,DEE,86899.46279013985
2033,Agri04_toGrassland,DED,72190.82134498883
2033,Agri04_toGrassland,DEF,48165.95632286189
2033,Agri04_toGrassland,DEG,38509.73975384535
2033,Agri05_Agroforestry,DE1,6080908.525201062
2033,Agri05_Agroforestry,DE2,7805375.253802535
2033,Agri05_Agroforestry,DE3,26802.030122565542
2033,Agri05_Agroforestry,DE4,6197666.9332418265
2033,Agri05_Agroforestry,DE5,220029.79855085633
2033,Agri05_Agroforestry,DE6,178118.6182725713
2033,Agri05_Agroforestry,DE7,1501117.7540378321
2033,Agri05_Agroforestry,DE8,5958105.284710762
2033,Agri05_Agroforestry,DE9,7198697.77312574
2033,Agri05_Agroforestry,DEA,6094888.682246168
2033,Agri05_Agroforestry,DEB,3925136.1050860323
2033,Agri05_Agroforestry,DEC,980388.4676757592
2033,Agri05_Agroforestry,DEE,4404947.502071951
2033,Agri05_Agroforestry,DED,4062985.449211154
2033,Agri05_Agroforestry,DEF,1006090.7544479567
2033,Agri05_Agroforestry,DEG,804651.8352322018
2033,Agri06_Biochar,DE1,0.0
2033,Agri06_Biochar,DE2,0.0
2033,Agri06_Biochar,DE3,0.0
2033,Agri06_Biochar,DE4,0.0
2033,Agri06_Biochar,DE5,0.0
2033,Agri06_Biochar,DE6,0.0
2033,Agri06_Biochar,DE7,0.0
2033,Agri06_Biochar,DE8,0.0
2033,Agri06_Biochar,DE9,0.0
2033,Agri06_Biochar,DEA,0.0
2033,Agri06_Biochar,DEB,0.0
2033,Agri06_Biochar,DEC,0.0
2033,Agri06_Biochar,DEE,0.0
2033,Agri06_Biochar,DED,0.0
2033,Agri06_Biochar,DEF,0.0
2033,Agri06_Biochar,DEG,0.0
2034,Agri01_AGC,DE1,9093581.34956789
2034,Agri01_AGC,DE2,15207928.467793256
2034,Agri01_AGC,DE3,30658.85520864402
2034,Agri01_AGC,DE4,8649318.324346198
2034,Agri01_AGC,DE5,98571.25321372705
2034,Agri01_AGC,DE6,161907.35355857792
2034,Agri01_AGC,DE7,3488576.4040874043
2034,Agri01_AGC,DE8,8797331.41805793
2034,Agri01_AGC,DE9,13196032.176166413
2034,Agri01_AGC,DEA,9282316.810162278
2034,Agri01_AGC,DEB,5293713.98212095
2034,Agri01_AGC,DEC,832415.4986008625
2034,Agri01_AGC,DEE,6875096.490462042
2034,Agri01_AGC,DED,5781094.578955471
2034,Agri01_AGC,DEF,3562863.2623286927
2034,Agri01_AGC,DEG,2848632.332397006
2034,Agri02_OFC,DE1,0.0
2034,Agri02_OFC,DE2,0.0
2034,Agri02_OFC,DE3,0.0
2034,Agri02_OFC,DE4,0.0
2034,Agri02_OFC,DE5,0.0
2034,Agri02_OFC,DE6,0.0
2034,Agri02_OFC,DE7,0.0
2034,Agri02_OFC,DE8,0.0
2034,Agri02_OFC,DE9,0.0
2034,Agri02_OFC,DEA,0.0
2034,Agri02_OFC,DEB,0.0
2034,Agri02_OFC,DEC,0.0
2034,Agri02_OFC,DEE,0.0
2034,Agri02_OFC,DED,0.0
2034,Agri02_OFC,DEF,0.0
2034,Agri02_OFC,DEG,0.0
2034,Agri03_No-till,DE1,0.0
2034,Agri03_No-till,DE2,0.0
2034,Agri03_No-till,DE3,0.0
2034,Agri03_No-till,DE4,0.0
2034,Agri03_No-till,DE5,0.0
2034,Agri03_No-till,DE6,0.0
2034,Agri03_No-till,DE7,0.0
2034,Agri03_No-till,DE8,0.0
2034,Agri03_No-till,DE9,0.0
2034,Agri03_No-till,DEA,0.0
2034,Agri03_No-till,DEB,0.0
2034,Agri03_No-till,DEC,0.0
2034,Agri03_No-till,DEE,0.0
2034,Agri03_No-till,DED,0.0
2034,Agri03_No-till,DEF,0.0
2034,Agri03_No-till,DEG,0.0
2034,Agri04_toGrassland,DE1,112095.39421551525
2034,Agri04_toGrassland,DE2,193154.00679364984
2034,Agri04_toGrassland,DE3,43564.09347975764
2034,Agri04_toGrassland,DE4,105623.4060334968
2034,Agri04_toGrassland,DE5,20442.616664710105
2034,Agri04_toGrassland,DE6,2605.537035322303
2034,Agri04_toGrassland,DE7,45004.149088008424
2034,Agri04_toGrassland,DE8,108262.40239339422
2034,Agri04_toGrassland,DE9,166576.49115944852
2034,Agri04_toGrassland,DEA,114691.91027780283
2034,Agri04_toGrassland,DEB,65456.27280786014
2034,Agri04_toGrassland,DEC,33183.63471033913
2034,Agri04_toGrassland,DEE,85211.42401785695
2034,Agri04_toGrassland,DED,70788.5007607111
2034,Agri04_toGrassland,DEF,47230.32336074073
2034,Agri04_toGrassland,DEG,37761.68065511418
2034,Agri05_Agroforestry,DE1,7151451.906218639
2034,Agri05_Agroforestry,DE2,9027851.605702564
2034,Agri05_Agroforestry,DE3,27656.4811461831
2034,Agri05_Agroforestry,DE4,7315312.432714446
2034,Agri05_Agroforestry,DE5,227044.36743755636
2034,Agri05_Agroforestry,DE6,183797.0551302408
2034,Agri05_Agroforestry,DE7,1712037.3931407488
2034,Agri05_Agroforestry,DE8,7011859.497335179
2034,Agri05_Agroforestry,DE9,8361753.545063048
2034,Agri05_Agroforestry,DEA,7160694.103287811
2034,Agri05_Agroforestry,DEB,4637393.984884022
2034,Agri05_Agroforestry,DEC,1011643.336277788
2034,Agri05_Agroforestry,DEE,5018790.874922164
2034,Agri05_Agroforestry,DED,4790920.259480583
2034,Agri05_Agroforestry,DEF,1094919.4764696436
2034,Agri05_Agroforestry,DEG,875732.9179749213
2034,Agri06_Biochar,DE1,0.0
2034,Agri06_Biochar,DE2,0.0
2034,Agri06_Biochar,DE3,0.0
2034,Agri06_Biochar,DE4,0.0
2034,Agri06_Biochar,DE5,0.0
2034,Agri06_Biochar,DE6,0.0
2034,Agri06_Biochar,DE7,0.0
2034,Agri06_Biochar,DE8,0.0
2034,Agri06_Biochar,DE9,0.0
2034,Agri06_Biochar,DEA,0.0
2034,Agri06_Biochar,DEB,0.0
2034,Agri06_Biochar,DEC,0.0
2034,Agri06_Biochar,DEE,0.0
2034,Agri06_Biochar,DED,0.0
2034,Agri06_Biochar,DEF,0.0
2034,Agri06_Biochar,DEG,0.0
2035,Agri01_AGC,DE1,9446873.508076403
2035,Agri01_AGC,DE2,15568988.614060855
2035,Agri01_AGC,DE3,28794.06593241953
2035,Agri01_AGC,DE4,9025571.597884785
2035,Agri01_AGC,DE5,92575.77116829366
2035,Agri01_AGC,DE6,152059.52673649887
2035,Agri01_AGC,DE7,3543276.525651977
2035,Agri01_AGC,DE8,9146432.484248964
2035,Agri01_AGC,DE9,13550721.58285958
2035,Agri01_AGC,DEA,9632034.027271204
2035,Agri01_AGC,DEB,5539624.978313395
2035,Agri01_AGC,DEC,781784.792248973
2035,Agri01_AGC,DEE,7123494.404572513
2035,Agri01_AGC,DED,6024855.102483969
2035,Agri01_AGC,DEF,3567509.704806968
2035,Agri01_AGC,DEG,2852371.378384112
2035,Agri02_OFC,DE1,0.0
2035,Agri02_OFC,DE2,0.0
2035,Agri02_OFC,DE3,0.0
2035,Agri02_OFC,DE4,0.0
2035,Agri02_OFC,DE5,0.0
2035,Agri02_OFC,DE6,0.0
2035,Agri02_OFC,DE7,0.0
2035,Agri02_OFC,DE8,0.0
2035,Agri02_OFC,DE9,0.0
2035,Agri02_OFC,DEA,0.0
2035,Agri02_OFC,DEB,0.0
2035,Agri02_OFC,DEC,0.0
2035,Agri02_OFC,DEE,0.0
2035,Agri02_OFC,DED,0.0
2035,Agri02_OFC,DEF,0.0
2035,Agri02_OFC,DEG,0.0
2035,Agri03_No-till,DE1,0.0
2035,Agri03_No-till,DE2,0.0
2035,Agri03_No-till,DE3,0.0
2035,Agri03_No-till,DE4,0.0
2035,Agri03_No-till,DE5,0.0
2035,Agri03_No-till,DE6,0.0
2035,Agri03_No-till,DE7,0.0
2035,Agri03_No-till,DE8,0.0
2035,Agri03_No-till,DE9,0.0
2035,Agri03_No-till,DEA,0.0
2035,Agri03_No-till,DEB,0.0
2035,Agri03_No-till,DEC,0.0
2035,Agri03_No-till,DEE,0.0
2035,Agri03_No-till,DED,0.0
2035,Agri03_No-till,DEF,0.0
2035,Agri03_No-till,DEG,0.0
2035,Agri04_toGrassland,DE1,109874.78384770265
2035,Agri04_toGrassland,DE2,189327.62487071482
2035,Agri04_toGrassland,DE3,42701.08855147739
2035,Agri04_toGrassland,DE4,103531.00578669702
2035,Agri04_toGrassland,DE5,20037.648317628897
2035,Agri04_toGrassland,DE6,2553.921332510888
2035,Agri04_toGrassland,DE7,44112.61665031275
2035,Agri04_toGrassland,DE8,106117.72361438158
2035,Agri04_toGrassland,DE9,163276.60996547778
2035,Agri04_toGrassland,DEA,112419.8629127036
2035,Agri04_toGrassland,DEB,64159.583688269304
2035,Agri04_toGrassland,DEC,32526.266726621507
2035,Agri04_toGrassland,DEE,83523.38524557401
2035,Agri04_toGrassland,DED,69386.18017643335
2035,Agri04_toGrassland,DEF,46294.69039861956
2035,Agri04_toGrassland,DEG,37013.62155638299
2035,Agri05_Agroforestry,DE1,8334191.811709551
2035,Agri05_Agroforestry,DE2,10362635.92435655
2035,Agri05_Agroforestry,DE3,28510.932169800653
2035,Agri05_Agroforestry,DE4,8552858.625220444
2035,Agri05_Agroforestry,DE5,234058.9363242563
2035,Agri05_Agroforestry,DE6,189475.4919879102
2035,Agri05_Agroforestry,DE7,1939499.7591749507
2035,Agri05_Agroforestry,DE8,8176554.272564428
2035,Agri05_Agroforestry,DE9,9635830.051900737
2035,Agri05_Agroforestry,DEA,8337448.926451757
2035,Agri05_Agroforestry,DEB,5426513.099269125
2035,Agri05_Agroforestry,DEC,1042898.2048798165
2035,Agri05_Agroforestry,DEE,5173847.151884263
2035,Agri05_Agroforestry,DED,5596463.576055508
2035,Agri05_Agroforestry,DEF,1183852.4735383652
2035,Agri05_Agroforestry,DEG,946905.2579359225
2035,Agri06_Biochar,DE1,0.0
2035,Agri06_Biochar,DE2,0.0
2035,Agri06_Biochar,DE3,0.0
2035,Agri06_Biochar,DE4,0.0
2035,Agri06_Biochar,DE5,0.0
2035,Agri06_Biochar,DE6,0.0
2035,Agri06_Biochar,DE7,0.0
2035,Agri06_Biochar,DE8,0.0
2035,Agri06_Biochar,DE9,0.0
2035,Agri06_Biochar,DEA,0.0
2035,Agri06_Biochar,DEB,0.0
2035,Agri06_Biochar,DEC,0.0
2035,Agri06_Biochar,DEE,0.0
2035,Agri06_Biochar,DED,0.0
2035,Agri06_Biochar,DEF,0.0
2035,Agri06_Biochar,DEG,0.0
2036,Agri01_AGC,DE1,9703025.72567736
2036,Agri01_AGC,DE2,15761539.85628874
2036,Agri01_AGC,DE3,26929.276656195045
2036,Agri01_AGC,DE4,9310490.360586489
2036,Agri01_AGC,DE5,86580.2891228603
2036,Agri01_AGC,DE6,142211.69991441982
2036,Agri01_AGC,DE7,3558581.0761570977
2036,Agri01_AGC,DE8,9401751.044296185
2036,Agri01_AGC,DE9,13760285.190958446
2036,Agri01_AGC,DEA,9882307.806022383
2036,Agri01_AGC,DEB,5728970.231611112
2036,Agri01_AGC,DEC,731154.0858970837
2036,Agri01_AGC,DEE,7297957.989435086
2036,Agri01_AGC,DED,6207365.337353351
2036,Agri01_AGC,DEF,3530572.226450604
2036,Agri01_AGC,DEG,2822863.276035836
2036,Agri02_OFC,DE1,0.0
2036,Agri02_OFC,DE2,0.0
2036,Agri02_OFC,DE3,0.0
2036,Agri02_OFC,DE4,0.0
2036,Agri02_OFC,DE5,0.0
2036,Agri02_OFC,DE6,0.0
2036,Agri02_OFC,DE7,0.0
2036,Agri02_OFC,DE8,0.0
2036,Agri02_OFC,DE9,0.0
2036,Agri02_OFC,DEA,0.0
2036,Agri02_OFC,DEB,0.0
2036,Agri02_OFC,DEC,0.0
2036,Agri02_OFC,DEE,0.0
2036,Agri02_OFC,DED,0.0
2036,Agri02_OFC,DEF,0.0
2036,Agri02_OFC,DEG,0.0
2036,Agri03_No-till,DE1,0.0
2036,Agri03_No-till,DE2,0.0
2036,Agri03_No-till,DE3,0.0
2036,Agri03_No-till,DE4,0.0
2036,Agri03_No-till,DE5,0.0
2036,Agri03_No-till,DE6,0.0
2036,Agri03_No-till,DE7,0.0
2036,Agri03_No-till,DE8,0.0
2036,Agri03_No-till,DE9,0.0
2036,Agri03_No-till,DEA,0.0
2036,Agri03_No-till,DEB,0.0
2036,Agri03_No-till,DEC,0.0
2036,Agri03_No-till,DEE,0.0
2036,Agri03_No-till,DED,0.0
2036,Agri03_No-till,DEF,0.0
2036,Agri03_No-till,DEG,0.0
2036,Agri04_toGrassland,DE1,107654.17347989006
2036,Agri04_toGrassland,DE2,185501.2429477798
2036,Agri04_toGrassland,DE3,41838.08362319714
2036,Agri04_toGrassland,DE4,101438.60553989724
2036,Agri04_toGrassland,DE5,19632.679970547688
2036,Agri04_toGrassland,DE6,2502.3056296994737
2036,Agri04_toGrassland,DE7,43221.08421261708
2036,Agri04_toGrassland,DE8,103973.04483536897
2036,Agri04_toGrassland,DE9,159976.72877150707
2036,Agri04_toGrassland,DEA,110147.81554760436
2036,Agri04_toGrassland,DEB,62862.89456867847
2036,Agri04_toGrassland,DEC,31868.89874290389
2036,Agri04_toGrassland,DEE,81835.3464732911
2036,Agri04_toGrassland,DED,67983.85959215563
2036,Agri04_toGrassland,DEF,45359.0574364984
2036,Agri04_toGrassland,DEG,36265.56245765181
2036,Agri05_Agroforestry,DE1,9634345.226946434
2036,Agri05_Agroforestry,DE2,11814416.5782342
2036,Agri05_Agroforestry,DE3,29365.383193418213
2036,Agri05_Agroforestry,DE4,9915974.166817263
2036,Agri05_Agroforestry,DE5,241073.50521095633
2036,Agri05_Agroforestry,DE6,195153.9288455797
2036,Agri05_Agroforestry,DE7,2184086.2820227398
2036,Agri05_Agroforestry,DE8,9457365.196591116
2036,Agri05_Agroforestry,DE9,11025722.58949349
2036,Agri05_Agroforestry,DEA,9630286.80844534
2036,Agri05_Agroforestry,DEB,6296142.142780114
2036,Agri05_Agroforestry,DEC,1074153.0734818454
2036,Agri05_Agroforestry,DEE,5328903.428846366
2036,Agri05_Agroforestry,DED,5936798.697131595
2036,Agri05_Agroforestry,DEF,1272583.82564851
2036,Agri05_Agroforestry,DEG,1017924.6840524379
2036,Agri06_Biochar,DE1,0.0
2036,Agri06_Biochar,DE2,0.0
2036,Agri06_Biochar,DE3,0.0
2036,Agri06_Biochar,DE4,0.0
2036,Agri06_Biochar,DE5,0.0
2036,Agri06_Biochar,DE6,0.0
2036,Agri06_Biochar,DE7,0.0
2036,Agri06_Biochar,DE8,0.0
2036,Agri06_Biochar,DE9,0.0
2036,Agri06_Biochar,DEA,0.0
2036,Agri06_Biochar,DEB,0.0
2036,Agri06_Biochar,DEC,0.0
2036,Agri06_Biochar,DEE,0.0
2036,Agri06_Biochar,DED,0.0
2036,Agri06_Biochar,DEF,0.0
2036,Agri06_Biochar,DEG,0.0
2037,Agri01_AGC,DE1,9857828.67197242
2037,Agri01_AGC,DE2,15785983.170673516
2037,Agri01_AGC,DE3,25064.487379970557
2037,Agri01_AGC,DE4,9498768.509654758
2037,Agri01_AGC,DE5,80584.80707742693
2037,Agri01_AGC,DE6,132363.87309234077
2037,Agri01_AGC,DE7,3535492.7387389666
2037,Agri01_AGC,DE8,9558977.917376043
2037,Agri01_AGC,DE9,13823730.503943145
2037,Agri01_AGC,DEA,10029194.65162684
2037,Agri01_AGC,DEB,5858219.899584383
2037,Agri01_AGC,DEC,680523.3795451944
2037,Agri01_AGC,DEE,7395910.509752161
2037,Agri01_AGC,DED,6325328.814223196
2037,Agri01_AGC,DEF,3454733.39236443
2037,Agri01_AGC,DEG,2762252.049954989
2037,Agri02_OFC,DE1,0.0
2037,Agri02_OFC,DE2,0.0
2037,Agri02_OFC,DE3,0.0
2037,Agri02_OFC,DE4,0.0
2037,Agri02_OFC,DE5,0.0
2037,Agri02_OFC,DE6,0.0
2037,Agri02_OFC,DE7,0.0
2037,Agri02_OFC,DE8,0.0
2037,Agri02_OFC,DE9,0.0
2037,Agri02_OFC,DEA,0.0
2037,Agri02_OFC,DEB,0.0
2037,Agri02_OFC,DEC,0.0
2037,Agri02_OFC,DEE,0.0
2037,Agri02_OFC,DED,0.0
2037,Agri02_OFC,DEF,0.0
2037,Agri02_OFC,DEG,0.0
2037,Agri03_No-till,DE1,0.0
2037,Agri03_No-till,DE2,0.0
2037,Agri03_No-till,DE3,0.0
2037,Agri03_No-till,DE4,0.0
2037,Agri03_No-till,DE5,0.0
2037,Agri03_No-till,DE6,0.0
2037,Agri03_No-till,DE7,0.0
2037,Agri03_No-till,DE8,0.0
2037,Agri03_No-till,DE9,0.0
2037,Agri03_No-till,DEA,0.0
2037,Agri03_No-till,DEB,0.0
2037,Agri03_No-till,DEC,0.0
2037,Agri03_No-till,DEE,0.0
2037,Agri03_No-till,DED,0.0
2037,Agri03_No-till,DEF,0.0
2037,Agri03_No-till,DEG,0.0
2037,Agri04_toGrassland,DE1,105433.56311207746
2037,Agri04_toGrassland,DE2,181674.86102484478
2037,Agri04_toGrassland,DE3,40975.0786949169
2037,Agri04_toGrassland,DE4,99346.20529309748
2037,Agri04_toGrassland,DE5,19227.71162346648
2037,Agri04_toGrassland,DE6,2450.6899268880593
2037,Agri04_toGrassland,DE7,42329.55177492142
2037,Agri04_toGrassland,DE8,101828.36605635635
2037,Agri04_toGrassland,DE9,156676.84757753633
2037,Agri04_toGrassland,DEA,107875.76818250514
2037,Agri04_toGrassland,DEB,61566.20544908764
2037,Agri04_toGrassland,DEC,31211.53075918627
2037,Agri04_toGrassland,DEE,80147.30770100819
2037,Agri04_toGrassland,DED,66581.53900787789
2037,Agri04_toGrassland,DEF,44423.424474377236
2037,Agri04_toGrassland,DEG,35517.503358920636
2037,Agri05_Agroforestry,DE1,11057129.137201913
2037,Agri05_Agroforestry,DE2,13387881.935805203
2037,Agri05_Agroforestry,DE3,30219.83421703577
2037,Agri05_Agroforestry,DE4,10942700.257566225
2037,Agri05_Agroforestry,DE5,248088.0740976563
2037,Agri05_Agroforestry,DE6,200832.36570324918
2037,Agri05_Agroforestry,DE7,2446378.3915664167
2037,Agri05_Agroforestry,DE8,10422092.85411279
2037,Agri05_Agroforestry,DE9,12536226.45369597
2037,Agri05_Agroforestry,DEA,11044341.405975882
2037,Agri05_Agroforestry,DEB,7249929.809955756
2037,Agri05_Agroforestry,DEC,1105407.942083874
2037,Agri05_Agroforestry,DEE,5483959.705808466
2037,Agri05_Agroforestry,DED,6109543.036626964
2037,Agri05_Agroforestry,DEF,1360807.6127944642
2037,Agri05_Agroforestry,DEG,1088547.025261699
2037,Agri06_Biochar,DE1,0.0
2037,Agri06_Biochar,DE2,0.0
2037,Agri06_Biochar,DE3,0.0
2037,Agri06_Biochar,DE4,0.0
2037,Agri06_Biochar,DE5,0.0
2037,Agri06_Biochar,DE6,0.0
2037,Agri06_Biochar,DE7,0.0
2037,Agri06_Biochar,DE8,0.0
2037,Agri06_Biochar,DE9,0.0
2037,Agri06_Biochar,DEA,0.0
2037,Agri06_Biochar,DEB,0.0
2037,Agri06_Biochar,DEC,0.0
2037,Agri06_Biochar,DEE,0.0
2037,Agri06_Biochar,DED,0.0
2037,Agri06_Biochar,DEF,0.0
2037,Agri06_Biochar,DEG,0.0
2038,Agri01_AGC,DE1,9907073.016563244
2038,Agri01_AGC,DE2,15642719.53341178
2038,Agri01_AGC,DE3,23199.69810374607
2038,Agri01_AGC,DE4,9585099.942293044
2038,Agri01_AGC,DE5,74589.32503199353
2038,Agri01_AGC,DE6,122516.0462702617
2038,Agri01_AGC,DE7,3475014.196533783
2038,Agri01_AGC,DE8,9613803.922664987
2038,Agri01_AGC,DE9,13740065.025293805
2038,Agri01_AGC,DEA,10068751.069295596
2038,Agri01_AGC,DEB,5923844.139803488
2038,Agri01_AGC,DEC,629892.673193305
2038,Agri01_AGC,DEE,7414775.230226133
2038,Agri01_AGC,DED,6375449.063753087
2038,Agri01_AGC,DEF,3342675.7676532753
2038,Agri01_AGC,DEG,2672681.72474438
2038,Agri02_OFC,DE1,0.0
2038,Agri02_OFC,DE2,0.0
2038,Agri02_OFC,DE3,0.0
2038,Agri02_OFC,DE4,0.0
2038,Agri02_OFC,DE5,0.0
2038,Agri02_OFC,DE6,0.0
2038,Agri02_OFC,DE7,0.0
2038,Agri02_OFC,DE8,0.0
2038,Agri02_OFC,DE9,0.0
2038,Agri02_OFC,DEA,0.0
2038,Agri02_OFC,DEB,0.0
2038,Agri02_OFC,DEC,0.0
2038,Agri02_OFC,DEE,0.0
2038,Agri02_OFC,DED,0.0
2038,Agri02_OFC,DEF,0.0
2038,Agri02_OFC,DEG,0.0
2038,Agri03_No-till,DE1,0.0
2038,Agri03_No-till,DE2,0.0
2038,Agri03_No-till,DE3,0.0
2038,Agri03_No-till,DE4,0.0
2038,Agri03_No-till,DE5,0.0
2038,Agri03_No-till,DE6,0.0
2038,Agri03_No-till,DE7,0.0
2038,Agri03_No-till,DE8,0.0
2038,Agri03_No-till,DE9,0.0
2038,Agri03_No-till,DEA,0.0
2038,Agri03_No-till,DEB,0.0
2038,Agri03_No-till,DEC,0.0
2038,Agri03_No-till,DEE,0.0
2038,Agri03_No-till,DED,0.0
2038,Agri03_No-till,DEF,0.0
2038,Agri03_No-till,DEG,0.0
2038,Agri04_toGrassland,DE1,103212.95274426485
2038,Agri04_toGrassland,DE2,177848.4791019097
2038,Agri04_toGrassland,DE3,40112.07376663664
2038,Agri04_toGrassland,DE4,97253.80504629767
2038,Agri04_toGrassland,DE5,18822.743276385267
2038,Agri04_toGrassland,DE6,2399.074224076644
2038,Agri04_toGrassland,DE7,41438.01933722574
2038,Agri04_toGrassland,DE8,99683.6872773437
2038,Agri04_toGrassland,DE9,153376.96638356557
2038,Agri04_toGrassland,DEA,105603.72081740589
2038,Agri04_toGrassland,DEB,60269.51632949679
2038,Agri04_toGrassland,DEC,30554.162775468645
2038,Agri04_toGrassland,DEE,78459.26892872524
2038,Agri04_toGrassland,DED,65179.218423600134
2038,Agri04_toGrassland,DEF,43487.791512256066
2038,Agri04_toGrassland,DEG,34769.44426018944
2038,Agri05_Agroforestry,DE1,12607760.527748622
2038,Agri05_Agroforestry,DE2,15087720.365539264
2038,Agri05_Agroforestry,DE3,31074.28524065333
2038,Agri05_Agroforestry,DE4,11252099.752251301
2038,Agri05_Agroforestry,DE5,255102.6429843563
2038,Agri05_Agroforestry,DE6,206510.80256091867
2038,Agri05_Agroforestry,DE7,2726957.5176882828
2038,Agri05_Agroforestry,DE8,10716772.429238118
2038,Agri05_Agroforestry,DE9,14172136.940362854
2038,Agri05_Agroforestry,DEA,12584746.375750717
2038,Agri05_Agroforestry,DEB,8159299.428653531
2038,Agri05_Agroforestry,DEC,1136662.8106859028
2038,Agri05_Agroforestry,DEE,5639015.982770569
2038,Agri05_Agroforestry,DED,6282287.376122335
2038,Agri05_Agroforestry,DEF,1448217.9149706159
2038,Agri05_Agroforestry,DEG,1158528.1105009378
2038,Agri06_Biochar,DE1,0.0
2038,Agri06_Biochar,DE2,0.0
2038,Agri06_Biochar,DE3,0.0
2038,Agri06_Biochar,DE4,0.0
2038,Agri06_Biochar,DE5,0.0
2038,Agri06_Biochar,DE6,0.0
2038,Agri06_Biochar,DE7,0.0
2038,Agri06_Biochar,DE8,0.0
2038,Agri06_Biochar,DE9,0.0
2038,Agri06_Biochar,DEA,0.0
2038,Agri06_Biochar,DEB,0.0
2038,Agri06_Biochar,DEC,0.0
2038,Agri06_Biochar,DEE,0.0
2038,Agri06_Biochar,DED,0.0
2038,Agri06_Biochar,DEF,0.0
2038,Agri06_Biochar,DEG,0.0
2039,Agri01_AGC,DE1,9110743.536867255
2039,Agri01_AGC,DE2,14385359.394221714
2039,Agri01_AGC,DE3,21334.908827521576
2039,Agri01_AGC,DE4,8814650.624202913
2039,Agri01_AGC,DE5,68593.84298656015
2039,Agri01_AGC,DE6,112668.21944818262
2039,Agri01_AGC,DE7,3195692.9234962813
2039,Agri01_AGC,DE8,8841047.381672937
2039,Agri01_AGC,DE9,12635640.053933604
2039,Agri01_AGC,DEA,9259425.924846217
2039,Agri01_AGC,DEB,5447686.175310532
2039,Agri01_AGC,DEC,579261.9668414156
2039,Agri01_AGC,DEE,6818776.382607162
2039,Agri01_AGC,DED,5862991.143307884
2039,Agri01_AGC,DEF,3073991.8435116597
2039,Agri01_AGC,DEG,2457851.850804782
2039,Agri02_OFC,DE1,0.0
2039,Agri02_OFC,DE2,0.0
2039,Agri02_OFC,DE3,0.0
2039,Agri02_OFC,DE4,0.0
2039,Agri02_OFC,DE5,0.0
2039,Agri02_OFC,DE6,0.0
2039,Agri02_OFC,DE7,0.0
2039,Agri02_OFC,DE8,0.0
2039,Agri02_OFC,DE9,0.0
2039,Agri02_OFC,DEA,0.0
2039,Agri02_OFC,DEB,0.0
2039,Agri02_OFC,DEC,0.0
2039,Agri02_OFC,DEE,0.0
2039,Agri02_OFC,DED,0.0
2039,Agri02_OFC,DEF,0.0
2039,Agri02_OFC,DEG,0.0
2039,Agri03_No-till,DE1,0.0
2039,Agri03_No-till,DE2,0.0
2039,Agri03_No-till,DE3,0.0
2039,Agri03_No-till,DE4,0.0
2039,Agri03_No-till,DE5,0.0
2039,Agri03_No-till,DE6,0.0
2039,Agri03_No-till,DE7,0.0
2039,Agri03_No-till,DE8,0.0
2039,Agri03_No-till,DE9,0.0
2039,Agri03_No-till,DEA,0.0
2039,Agri03_No-till,DEB,0.0
2039,Agri03_No-till,DEC,0.0
2039,Agri03_No-till,DEE,0.0
2039,Agri03_No-till,DED,0.0
2039,Agri03_No-till,DEF,0.0
2039,Agri03_No-till,DEG,0.0
2039,Agri04_toGrassland,DE1,100992.34237645226
2039,Agri04_toGrassland,DE2,174022.09717897468
2039,Agri04_toGrassland,DE3,39249.0688383564
2039,Agri04_toGrassland,DE4,95161.4047994979
2039,Agri04_toGrassland,DE5,18417.774929304058
2039,Agri04_toGrassland,DE6,2347.4585212652296
2039,Agri04_toGrassland,DE7,40546.48689953008
2039,Agri04_toGrassland,DE8,97539.00849833108
2039,Agri04_toGrassland,DE9,150077.08518959486
2039,Agri04_toGrassland,DEA,103331.67345230667
2039,Agri04_toGrassland,DEB,58972.82720990597
2039,Agri04_toGrassland,DEC,29896.79479175103
2039,Agri04_toGrassland,DEE,76771.23015644234
2039,Agri04_toGrassland,DED,63776.897839322395
2039,Agri04_toGrassland,DEF,42552.1585501349
2039,Agri04_toGrassland,DEG,34021.38516145827
2039,Agri05_Agroforestry,DE1,12954436.68795733
2039,Agri05_Agroforestry,DE2,15502588.09332612
2039,Agri05_Agroforestry,DE3,31928.736264270887
2039,Agri05_Agroforestry,DE4,11561499.246936373
2039,Agri05_Agroforestry,DE5,262117.2118710563
2039,Agri05_Agroforestry,DE6,212189.2394185881
2039,Agri05_Agroforestry,DE7,2801940.7916173646
2039,Agri05_Agroforestry,DE8,11011452.004363444
2039,Agri05_Agroforestry,DE9,14561828.829388155
2039,Agri05_Agroforestry,DEA,12930789.71478333
2039,Agri05_Agroforestry,DEB,8383656.053265262
2039,Agri05_Agroforestry,DEC,1167917.6792879314
2039,Agri05_Agroforestry,DEE,5794072.259732669
2039,Agri05_Agroforestry,DED,6455031.715617705
2039,Agri05_Agroforestry,DEF,1488039.6283353707
2039,Agri05_Agroforestry,DEG,1190384.2102387424
2039,Agri06_Biochar,DE1,0.0
2039,Agri06_Biochar,DE2,0.0
2039,Agri06_Biochar,DE3,0.0
2039,Agri06_Biochar,DE4,0.0
2039,Agri06_Biochar,DE5,0.0
2039,Agri06_Biochar,DE6,0.0
2039,Agri06_Biochar,DE7,0.0
2039,Agri06_Biochar,DE8,0.0
2039,Agri06_Biochar,DE9,0.0
2039,Agri06_Biochar,DEA,0.0
2039,Agri06_Biochar,DEB,0.0
2039,Agri06_Biochar,DEC,0.0
2039,Agri06_Biochar,DEE,0.0
2039,Agri06_Biochar,DED,0.0
2039,Agri06_Biochar,DEF,0.0
2039,Agri06_Biochar,DEG,0.0
2040,Agri01_AGC,DE1,8314414.057171264
2040,Agri01_AGC,DE2,13127999.255031647
2040,Agri01_AGC,DE3,19470.119551297084
2040,Agri01_AGC,DE4,8044201.306112781
2040,Agri01_AGC,DE5,62598.36094112676
2040,Agri01_AGC,DE6,102820.39262610354
2040,Agri01_AGC,DE7,2916371.650458779
2040,Agri01_AGC,DE8,8068290.840680888
2040,Agri01_AGC,DE9,11531215.0825734
2040,Agri01_AGC,DEA,8450100.780396834
2040,Agri01_AGC,DEB,4971528.210817574
2040,Agri01_AGC,DEC,528631.2604895262
2040,Agri01_AGC,DEE,6222777.534988191
2040,Agri01_AGC,DED,5350533.22286268
2040,Agri01_AGC,DEF,2805307.9193700436
2040,Agri01_AGC,DEG,2243021.9768651836
2040,Agri02_OFC,DE1,0.0
2040,Agri02_OFC,DE2,0.0
2040,Agri02_OFC,DE3,0.0
2040,Agri02_OFC,DE4,0.0
2040,Agri02_OFC,DE5,0.0
2040,Agri02_OFC,DE6,0.0
2040,Agri02_OFC,DE7,0.0
2040,Agri02_OFC,DE8,0.0
2040,Agri02_OFC,DE9,0.0
2040,Agri02_OFC,DEA,0.0
2040,Agri02_OFC,DEB,0.0
2040,Agri02_OFC,DEC,0.0
2040,Agri02_OFC,DEE,0.0
2040,Agri02_OFC,DED,0.0
2040,Agri02_OFC,DEF,0.0
2040,Agri02_OFC,DEG,0.0
2040,Agri03_No-till,DE1,0.0
2040,Agri03_No-till,DE2,0.0
2040,Agri03_No-till,DE3,0.0
2040,Agri03_No-till,DE4,0.0
2040,Agri03_No-till,DE5,0.0
2040,Agri03_No-till,DE6,0.0
2040,Agri03_No-till,DE7,0.0
2040,Agri03_No-till,DE8,0.0
2040,Agri03_No-till,DE9,0.0
2040,Agri03_No-till,DEA,0.0
2040,Agri03_No-till,DEB,0.0
2040,Agri03_No-till,DEC,0.0
2040,Agri03_No-till,DEE,0.0
2040,Agri03_No-till,DED,0.0
2040,Agri03_No-till,DEF,0.0
2040,Agri03_No-till,DEG,0.0
2040,Agri04_toGrassland,DE1,98771.73200863966
2040,Agri04_toGrassland,DE2,170195.71525603966
2040,Agri04_toGrassland,DE3,38386.06391007615
2040,Agri04_toGrassland,DE4,93069.00455269811
2040,Agri04_toGrassland,DE5,18012.806582222845
2040,Agri04_toGrassland,DE6,2295.842818453815
2040,Agri04_toGrassland,DE7,39654.95446183441
2040,Agri04_toGrassland,DE8,95394.32971931844
2040,Agri04_toGrassland,DE9,146777.2039956241
2040,Agri04_toGrassland,DEA,101059.62608720743
2040,Agri04_toGrassland,DEB,57676.13809031513
2040,Agri04_toGrassland,DEC,29239.426808033404
2040,Agri04_toGrassland,DEE,75083.1913841594
2040,Agri04_toGrassland,DED,62374.577255044656
2040,Agri04_toGrassland,DEF,41616.525588013734
2040,Agri04_toGrassland,DEG,33273.32606272708
2040,Agri05_Agroforestry,DE1,13301112.848166035
2040,Agri05_Agroforestry,DE2,15917455.821112974
2040,Agri05_Agroforestry,DE3,32783.18728788844
2040,Agri05_Agroforestry,DE4,11870898.741621446
2040,Agri05_Agroforestry,DE5,269131.7807577562
2040,Agri05_Agroforestry,DE6,217867.67627625755
2040,Agri05_Agroforestry,DE7,2876924.0655464465
2040,Agri05_Agroforestry,DE8,11306131.579488767
2040,Agri05_Agroforestry,DE9,14951520.718413452
2040,Agri05_Agroforestry,DEA,13276833.05381594
2040,Agri05_Agroforestry,DEB,8608012.677876994
2040,Agri05_Agroforestry,DEC,1199172.54788996
2040,Agri05_Agroforestry,DEE,5949128.53669477
2040,Agri05_Agroforestry,DED,6627776.055113073
2040,Agri05_Agroforestry,DEF,1527861.3417001253
2040,Agri05_Agroforestry,DEG,1222240.3099765468
2040,Agri06_Biochar,DE1,0.0
2040,Agri06_Biochar,DE2,0.0
2040,Agri06_Biochar,DE3,0.0
2040,Agri06_Biochar,DE4,0.0
2040,Agri06_Biochar,DE5,0.0
2040,Agri06_Biochar,DE6,0.0
2040,Agri06_Biochar,DE7,0.0
2040,Agri06_Biochar,DE8,0.0
2040,Agri06_Biochar,DE9,0.0
2040,Agri06_Biochar,DEA,0.0
2040,Agri06_Biochar,DEB,0.0
2040,Agri06_Biochar,DEC,0.0
2040,Agri06_Biochar,DEE,0.0
2040,Agri06_Biochar,DED,0.0
2040,Agri06_Biochar,DEF,0.0
2040,Agri06_Biochar,DEG,0.0
2041,Agri01_AGC,DE1,7518084.577475277
2041,Agri01_AGC,DE2,11870639.115841586
2041,Agri01_AGC,DE3,17605.3302750726
2041,Agri01_AGC,DE4,7273751.988022654
2041,Agri01_AGC,DE5,56602.8788956934
2041,Agri01_AGC,DE6,92972.5658040245
2041,Agri01_AGC,DE7,2637050.3774212785
2041,Agri01_AGC,DE8,7295534.299688842
2041,Agri01_AGC,DE9,10426790.111213204
2041,Agri01_AGC,DEA,7640775.6359474575
2041,Agri01_AGC,DEB,4495370.246324619
2041,Agri01_AGC,DEC,478000.5541376369
2041,Agri01_AGC,DEE,5626778.687369223
2041,Agri01_AGC,DED,4838075.302417479
2041,Agri01_AGC,DEF,2536623.995228429
2041,Agri01_AGC,DEG,2028192.1029255867
2041,Agri02_OFC,DE1,0.0
2041,Agri02_OFC,DE2,0.0
2041,Agri02_OFC,DE3,0.0
2041,Agri02_OFC,DE4,0.0
2041,Agri02_OFC,DE5,0.0
2041,Agri02_OFC,DE6,0.0
2041,Agri02_OFC,DE7,0.0
2041,Agri02_OFC,DE8,0.0
2041,Agri02_OFC,DE9,0.0
2041,Agri02_OFC,DEA,0.0
2041,Agri02_OFC,DEB,0.0
2041,Agri02_OFC,DEC,0.0
2041,Agri02_OFC,DEE,0.0
2041,Agri02_OFC,DED,0.0
2041,Agri02_OFC,DEF,0.0
2041,Agri02_OFC,DEG,0.0
2041,Agri03_No-till,DE1,0.0
2041,Agri03_No-till,DE2,0.0
2041,Agri03_No-till,DE3,0.0
2041,Agri03_No-till,DE4,0.0
2041,Agri03_No-till,DE5,0.0
2041,Agri03_No-till,DE6,0.0
2041,Agri03_No-till,DE7,0.0
2041,Agri03_No-till,DE8,0.0
2041,Agri03_No-till,DE9,0.0
2041,Agri03_No-till,DEA,0.0
2041,Agri03_No-till,DEB,0.0
2041,Agri03_No-till,DEC,0.0
2041,Agri03_No-till,DEE,0.0
2041,Agri03_No-till,DED,0.0
2041,Agri03_No-till,DEF,0.0
2041,Agri03_No-till,DEG,0.0
2041,Agri04_toGrassland,DE1,96551.12164082707
2041,Agri04_toGrassland,DE2,166369.33333310465
2041,Agri04_toGrassland,DE3,37523.0589817959
2041,Agri04_toGrassland,DE4,90976.60430589835
2041,Agri04_toGrassland,DE5,17607.838235141637
2041,Agri04_toGrassland,DE6,2244.2271156424003
2041,Agri04_toGrassland,DE7,38763.42202413874
2041,Agri04_toGrassland,DE8,93249.65094030583
2041,Agri04_toGrassland,DE9,143477.32280165338
2041,Agri04_toGrassland,DEA,98787.57872210821
2041,Agri04_toGrassland,DEB,56379.4489707243
2041,Agri04_toGrassland,DEC,28582.058824315787
2041,Agri04_toGrassland,DEE,73395.15261187649
2041,Agri04_toGrassland,DED,60972.25667076692
2041,Agri04_toGrassland,DEF,40680.89262589257
2041,Agri04_toGrassland,DEG,32525.266963995902
2041,Agri05_Agroforestry,DE1,13647789.008374747
2041,Agri05_Agroforestry,DE2,16332323.548899831
2041,Agri05_Agroforestry,DE3,33637.638311505994
2041,Agri05_Agroforestry,DE4,12180298.23630652
2041,Agri05_Agroforestry,DE5,276146.34964445623
2041,Agri05_Agroforestry,DE6,223546.11313392705
2041,Agri05_Agroforestry,DE7,2951907.339475529
2041,Agri05_Agroforestry,DE8,11600811.154614097
2041,Agri05_Agroforestry,DE9,15341212.607438756
2041,Agri05_Agroforestry,DEA,13622876.392848555
2041,Agri05_Agroforestry,DEB,8832369.302488727
2041,Agri05_Agroforestry,DEC,1230427.4164919888
2041,Agri05_Agroforestry,DEE,6104184.813656871
2041,Agri05_Agroforestry,DED,6800520.3946084445
2041,Agri05_Agroforestry,DEF,1567683.05506488
2041,Agri05_Agroforestry,DEG,1254096.4097143514
2041,Agri06_Biochar,DE1,0.0
2041,Agri06_Biochar,DE2,0.0
2041,Agri06_Biochar,DE3,0.0
2041,Agri06_Biochar,DE4,0.0
2041,Agri06_Biochar,DE5,0.0
2041,Agri06_Biochar,DE6,0.0
2041,Agri06_Biochar,DE7,0.0
2041,Agri06_Biochar,DE8,0.0
2041,Agri06_Biochar,DE9,0.0
2041,Agri06_Biochar,DEA,0.0
2041,Agri06_Biochar,DEB,0.0
2041,Agri06_Biochar,DEC,0.0
2041,Agri06_Biochar,DEE,0.0
2041,Agri06_Biochar,DED,0.0
2041,Agri06_Biochar,DEF,0.0
2041,Agri06_Biochar,DEG,0.0
2042,Agri01_AGC,DE1,6721755.097779287
2042,Agri01_AGC,DE2,10613278.976651521
2042,Agri01_AGC,DE3,15740.540998848111
2042,Agri01_AGC,DE4,6503302.669932525
2042,Agri01_AGC,DE5,50607.39685026002
2042,Agri01_AGC,DE6,83124.73898194544
2042,Agri01_AGC,DE7,2357729.1043837774
2042,Agri01_AGC,DE8,6522777.758696794
2042,Agri01_AGC,DE9,9322365.139853003
2042,Agri01_AGC,DEA,6831450.491498078
2042,Agri01_AGC,DEB,4019212.2818316626
2042,Agri01_AGC,DEC,427369.84778574755
2042,Agri01_AGC,DEE,5030779.839750253
2042,Agri01_AGC,DED,4325617.381972278
2042,Agri01_AGC,DEF,2267940.071086813
2042,Agri01_AGC,DEG,1813362.2289859892
2042,Agri02_OFC,DE1,0.0
2042,Agri02_OFC,DE2,0.0
2042,Agri02_OFC,DE3,0.0
2042,Agri02_OFC,DE4,0.0
2042,Agri02_OFC,DE5,0.0
2042,Agri02_OFC,DE6,0.0
2042,Agri02_OFC,DE7,0.0
2042,Agri02_OFC,DE8,0.0
2042,Agri02_OFC,DE9,0.0
2042,Agri02_OFC,DEA,0.0
2042,Agri02_OFC,DEB,0.0
2042,Agri02_OFC,DEC,0.0
2042,Agri02_OFC,DEE,0.0
2042,Agri02_OFC,DED,0.0
2042,Agri02_OFC,DEF,0.0
2042,Agri02_OFC,DEG,0.0
2042,Agri03_No-till,DE1,0.0
2042,Agri03_No-till,DE2,0.0
2042,Agri03_No-till,DE3,0.0
2042,Agri03_No-till,DE4,0.0
2042,Agri03_No-till,DE5,0.0
2042,Agri03_No-till,DE6,0.0
2042,Agri03_No-till,DE7,0.0
2042,Agri03_No-till,DE8,0.0
2042,Agri03_No-till,DE9,0.0
2042,Agri03_No-till,DEA,0.0
2042,Agri03_No-till,DEB,0.0
2042,Agri03_No-till,DEC,0.0
2042,Agri03_No-till,DEE,0.0
2042,Agri03_No-till,DED,0.0
2042,Agri03_No-till,DEF,0.0
2042,Agri03_No-till,DEG,0.0
2042,Agri04_toGrassland,DE1,94330.51127301449
2042,Agri04_toGrassland,DE2,162542.95141016963
2042,Agri04_toGrassland,DE3,36660.054053515654
2042,Agri04_toGrassland,DE4,88884.20405909857
2042,Agri04_toGrassland,DE5,17202.869888060428
2042,Agri04_toGrassland,DE6,2192.611412830986
2042,Agri04_toGrassland,DE7,37871.889586443074
2042,Agri04_toGrassland,DE8,91104.9721612932
2042,Agri04_toGrassland,DE9,140177.44160768265
2042,Agri04_toGrassland,DEA,96515.531357009
2042,Agri04_toGrassland,DEB,55082.75985113347
2042,Agri04_toGrassland,DEC,27924.69084059817
2042,Agri04_toGrassland,DEE,71707.11383959358
2042,Agri04_toGrassland,DED,59569.936086489186
2042,Agri04_toGrassland,DEF,39745.25966377141
2042,Agri04_toGrassland,DEG,31777.20786526472
2042,Agri05_Agroforestry,DE1,13994465.168583455
2042,Agri05_Agroforestry,DE2,16747191.276686687
2042,Agri05_Agroforestry,DE3,34492.08933512355
2042,Agri05_Agroforestry,DE4,12489697.730991593
2042,Agri05_Agroforestry,DE5,283160.9185311562
2042,Agri05_Agroforestry,DE6,229224.5499915965
2042,Agri05_Agroforestry,DE7,3026890.613404611
2042,Agri05_Agroforestry,DE8,11895490.729739422
2042,Agri05_Agroforestry,DE9,15730904.496464057
2042,Agri05_Agroforestry,DEA,13968919.731881168
2042,Agri05_Agroforestry,DEB,9056725.92710046
2042,Agri05_Agroforestry,DEC,1261682.2850940174
2042,Agri05_Agroforestry,DEE,6259241.090618973
2042,Agri05_Agroforestry,DED,6973264.734103814
2042,Agri05_Agroforestry,DEF,1607504.7684296349
2042,Agri05_Agroforestry,DEG,1285952.509452156
2042,Agri06_Biochar,DE1,0.0
2042,Agri06_Biochar,DE2,0.0
2042,Agri06_Biochar,DE3,0.0
2042,Agri06_Biochar,DE4,0.0
2042,Agri06_Biochar,DE5,0.0
2042,Agri06_Biochar,DE6,0.0
2042,Agri06_Biochar,DE7,0.0
2042,Agri06_Biochar,DE8,0.0
2042,Agri06_Biochar,DE9,0.0
2042,Agri06_Biochar,DEA,0.0
2042,Agri06_Biochar,DEB,0.0
2042,Agri06_Biochar,DEC,0.0
2042,Agri06_Biochar,DEE,0.0
2042,Agri06_Biochar,DED,0.0
2042,Agri06_Biochar,DEF,0.0
2042,Agri06_Biochar,DEG,0.0
2043,Agri01_AGC,DE1,5925425.618083298
2043,Agri01_AGC,DE2,9355918.837461459
2043,Agri01_AGC,DE3,13875.751722623623
2043,Agri01_AGC,DE4,5732853.351842395
2043,Agri01_AGC,DE5,44611.91480482664
2043,Agri01_AGC,DE6,73276.91215986638
2043,Agri01_AGC,DE7,2078407.8313462762
2043,Agri01_AGC,DE8,5750021.217704746
2043,Agri01_AGC,DE9,8217940.168492803
2043,Agri01_AGC,DEA,6022125.347048699
2043,Agri01_AGC,DEB,3543054.3173387065
2043,Agri01_AGC,DEC,376739.1414338582
2043,Agri01_AGC,DEE,4434780.9921312835
2043,Agri01_AGC,DED,3813159.461527075
2043,Agri01_AGC,DEF,1999256.1469451978
2043,Agri01_AGC,DEG,1598532.3550463915
2043,Agri02_OFC,DE1,0.0
2043,Agri02_OFC,DE2,0.0
2043,Agri02_OFC,DE3,0.0
2043,Agri02_OFC,DE4,0.0
2043,Agri02_OFC,DE5,0.0
2043,Agri02_OFC,DE6,0.0
2043,Agri02_OFC,DE7,0.0
2043,Agri02_OFC,DE8,0.0
2043,Agri02_OFC,DE9,0.0
2043,Agri02_OFC,DEA,0.0
2043,Agri02_OFC,DEB,0.0
2043,Agri02_OFC,DEC,0.0
2043,Agri02_OFC,DEE,0.0
2043,Agri02_OFC,DED,0.0
2043,Agri02_OFC,DEF,0.0
2043,Agri02_OFC,DEG,0.0
2043,Agri03_No-till,DE1,0.0
2043,Agri03_No-till,DE2,0.0
2043,Agri03_No-till,DE3,0.0
2043,Agri03_No-till,DE4,0.0
2043,Agri03_No-till,DE5,0.0
2043,Agri03_No-till,DE6,0.0
2043,Agri03_No-till,DE7,0.0
2043,Agri03_No-till,DE8,0.0
2043,Agri03_No-till,DE9,0.0
2043,Agri03_No-till,DEA,0.0
2043,Agri03_No-till,DEB,0.0
2043,Agri03_No-till,DEC,0.0
2043,Agri03_No-till,DEE,0.0
2043,Agri03_No-till,DED,0.0
2043,Agri03_No-till,DEF,0.0
2043,Agri03_No-till,DEG,0.0
2043,Agri04_toGrassland,DE1,92109.90090520188
2043,Agri04_toGrassland,DE2,158716.56948723458
2043,Agri04_toGrassland,DE3,35797.049125235404
2043,Agri04_toGrassland,DE4,86791.8038122988
2043,Agri04_toGrassland,DE5,16797.90154097922
2043,Agri04_toGrassland,DE6,2140.9957100195716
2043,Agri04_toGrassland,DE7,36980.357148747404
2043,Agri04_toGrassland,DE8,88960.29338228056
2043,Agri04_toGrassland,DE9,136877.5604137119
2043,Agri04_toGrassland,DEA,94243.48399190974
2043,Agri04_toGrassland,DEB,53786.07073154263
2043,Agri04_toGrassland,DEC,27267.32285688055
2043,Agri04_toGrassland,DEE,70019.07506731065
2043,Agri04_toGrassland,DED,58167.61550221144
2043,Agri04_toGrassland,DEF,38809.62670165024
2043,Agri04_toGrassland,DEG,31029.148766533537
2043,Agri05_Agroforestry,DE1,14341141.328792164
2043,Agri05_Agroforestry,DE2,17162059.004473545
2043,Agri05_Agroforestry,DE3,35346.54035874111
2043,Agri05_Agroforestry,DE4,12799097.225676669
2043,Agri05_Agroforestry,DE5,290175.48741785623
2043,Agri05_Agroforestry,DE6,234902.986849266
2043,Agri05_Agroforestry,DE7,3101873.8873336934
2043,Agri05_Agroforestry,DE8,12190170.30486475
2043,Agri05_Agroforestry,DE9,16120596.38548936
2043,Agri05_Agroforestry,DEA,14314963.070913784
2043,Agri05_Agroforestry,DEB,9281082.551712193
2043,Agri05_Agroforestry,DEC,1292937.1536960462
2043,Agri05_Agroforestry,DEE,6414297.367581074
2043,Agri05_Agroforestry,DED,7146009.073599185
2043,Agri05_Agroforestry,DEF,1647326.48179439
2043,Agri05_Agroforestry,DEG,1317808.6091899606
2043,Agri06_Biochar,DE1,0.0
2043,Agri06_Biochar,DE2,0.0
2043,Agri06_Biochar,DE3,0.0
2043,Agri06_Biochar,DE4,0.0
2043,Agri06_Biochar,DE5,0.0
2043,Agri06_Biochar,DE6,0.0
2043,Agri06_Biochar,DE7,0.0
2043,Agri06_Biochar,DE8,0.0
2043,Agri06_Biochar,DE9,0.0
2043,Agri06_Biochar,DEA,0.0
2043,Agri06_Biochar,DEB,0.0
2043,Agri06_Biochar,DEC,0.0
2043,Agri06_Biochar,DEE,0.0
2043,Agri06_Biochar,DED,0.0
2043,Agri06_Biochar,DEF,0.0
2043,Agri06_Biochar,DEG,0.0
2044,Agri01_AGC,DE1,5129096.138387309
2044,Agri01_AGC,DE2,8098558.698271395
2044,Agri01_AGC,DE3,12010.962446399135
2044,Agri01_AGC,DE4,4962404.033752265
2044,Agri01_AGC,DE5,38616.43275939326
2044,Agri01_AGC,DE6,63429.08533778732
2044,Agri01_AGC,DE7,1799086.558308775
2044,Agri01_AGC,DE8,4977264.676712697
2044,Agri01_AGC,DE9,7113515.197132603
2044,Agri01_AGC,DEA,5212800.20259932
2044,Agri01_AGC,DEB,3066896.3528457503
2044,Agri01_AGC,DEC,326108.43508196884
2044,Agri01_AGC,DEE,3838782.1445123134
2044,Agri01_AGC,DED,3300701.541081873
2044,Agri01_AGC,DEF,1730572.2228035824
2044,Agri01_AGC,DEG,1383702.481106794
2044,Agri02_OFC,DE1,0.0
2044,Agri02_OFC,DE2,0.0
2044,Agri02_OFC,DE3,0.0
2044,Agri02_OFC,DE4,0.0
2044,Agri02_OFC,DE5,0.0
2044,Agri02_OFC,DE6,0.0
2044,Agri02_OFC,DE7,0.0
2044,Agri02_OFC,DE8,0.0
2044,Agri02_OFC,DE9,0.0
2044,Agri02_OFC,DEA,0.0
2044,Agri02_OFC,DEB,0.0
2044,Agri02_OFC,DEC,0.0
2044,Agri02_OFC,DEE,0.0
2044,Agri02_OFC,DED,0.0
2044,Agri02_OFC,DEF,0.0
2044,Agri02_OFC,DEG,0.0
2044,Agri03_No-till,DE1,0.0
2044,Agri03_No-till,DE2,0.0
2044,Agri03_No-till,DE3,0.0
2044,Agri03_No-till,DE4,0.0
2044,Agri03_No-till,DE5,0.0
2044,Agri03_No-till,DE6,0.0
2044,Agri03_No-till,DE7,0.0
2044,Agri03_No-till,DE8,0.0
2044,Agri03_No-till,DE9,0.0
2044,Agri03_No-till,DEA,0.0
2044,Agri03_No-till,DEB,0.0
2044,Agri03_No-till,DEC,0.0
2044,Agri03_No-till,DEE,0.0
2044,Agri03_No-till,DED,0.0
2044,Agri03_No-till,DEF,0.0
2044,Agri03_No-till,DEG,0.0
2044,Agri04_toGrassland,DE1,89889.2905373893
2044,Agri04_toGrassland,DE2,154890.18756429956
2044,Agri04_toGrassland,DE3,34934.044196955154
2044,Agri04_toGrassland,DE4,84699.40356549903
2044,Agri04_toGrassland,DE5,16392.93319389801
2044,Agri04_toGrassland,DE6,2089.3800072081567
2044,Agri04_toGrassland,DE7,36088.82471105173
2044,Agri04_toGrassland,DE8,86815.61460326795
2044,Agri04_toGrassland,DE9,133577.6792197412
2044,Agri04_toGrassland,DEA,91971.43662681052
2044,Agri04_toGrassland,DEB,52489.3816119518
2044,Agri04_toGrassland,DEC,26609.954873162933
2044,Agri04_toGrassland,DEE,68331.03629502773
2044,Agri04_toGrassland,DED,56765.29491793371
2044,Agri04_toGrassland,DEF,37873.993739529076
2044,Agri04_toGrassland,DEG,30281.08966780236
2044,Agri05_Agroforestry,DE1,14687817.48900087
2044,Agri05_Agroforestry,DE2,17576926.7322604
2044,Agri05_Agroforestry,DE3,36200.99138235867
2044,Agri05_Agroforestry,DE4,13108496.72036174
2044,Agri05_Agroforestry,DE5,297190.05630455614
2044,Agri05_Agroforestry,DE6,240581.42370693543
2044,Agri05_Agroforestry,DE7,3176857.1612627753
2044,Agri05_Agroforestry,DE8,12484849.879990073
2044,Agri05_Agroforestry,DE9,16510288.274514657
2044,Agri05_Agroforestry,DEA,14661006.409946395
2044,Agri05_Agroforestry,DEB,9505439.176323922
2044,Agri05_Agroforestry,DEC,1324192.0222980748
2044,Agri05_Agroforestry,DEE,6569353.644543175
2044,Agri05_Agroforestry,DED,7318753.413094554
2044,Agri05_Agroforestry,DEF,1687148.1951591442
2044,Agri05_Agroforestry,DEG,1349664.708927765
2044,Agri06_Biochar,DE1,0.0
2044,Agri06_Biochar,DE2,0.0
2044,Agri06_Biochar,DE3,0.0
2044,Agri06_Biochar,DE4,0.0
2044,Agri06_Biochar,DE5,0.0
2044,Agri06_Biochar,DE6,0.0
2044,Agri06_Biochar,DE7,0.0
2044,Agri06_Biochar,DE8,0.0
2044,Agri06_Biochar,DE9,0.0
2044,Agri06_Biochar,DEA,0.0
2044,Agri06_Biochar,DEB,0.0
2044,Agri06_Biochar,DEC,0.0
2044,Agri06_Biochar,DEE,0.0
2044,Agri06_Biochar,DED,0.0
2044,Agri06_Biochar,DEF,0.0
2044,Agri06_Biochar,DEG,0.0
2045,Agri01_AGC,DE1,4332766.65869132
2045,Agri01_AGC,DE2,6841198.559081331
2045,Agri01_AGC,DE3,10146.173170174647
2045,Agri01_AGC,DE4,4191954.7156621357
2045,Agri01_AGC,DE5,32620.950713959883
2045,Agri01_AGC,DE6,53581.258515708265
2045,Agri01_AGC,DE7,1519765.285271274
2045,Agri01_AGC,DE8,4204508.13572065
2045,Agri01_AGC,DE9,6009090.225772403
2045,Agri01_AGC,DEA,4403475.05814994
2045,Agri01_AGC,DEB,2590738.388352794
2045,Agri01_AGC,DEC,275477.7287300795
2045,Agri01_AGC,DEE,3242783.296893344
2045,Agri01_AGC,DED,2788243.620636671
2045,Agri01_AGC,DEF,1461888.298661967
2045,Agri01_AGC,DEG,1168872.6071671965
2045,Agri02_OFC,DE1,0.0
2045,Agri02_OFC,DE2,0.0
2045,Agri02_OFC,DE3,0.0
2045,Agri02_OFC,DE4,0.0
2045,Agri02_OFC,DE5,0.0
2045,Agri02_OFC,DE6,0.0
2045,Agri02_OFC,DE7,0.0
2045,Agri02_OFC,DE8,0.0
2045,Agri02_OFC,DE9,0.0
2045,Agri02_OFC,DEA,0.0
2045,Agri02_OFC,DEB,0.0
2045,Agri02_OFC,DEC,0.0
2045,Agri02_OFC,DEE,0.0
2045,Agri02_OFC,DED,0.0
2045,Agri02_OFC,DEF,0.0
2045,Agri02_OFC,DEG,0.0
2045,Agri03_No-till,DE1,0.0
2045,Agri03_No-till,DE2,0.0
2045,Agri03_No-till,DE3,0.0
2045,Agri03_No-till,DE4,0.0
2045,Agri03_No-till,DE5,0.0
2045,Agri03_No-till,DE6,0.0
2045,Agri03_No-till,DE7,0.0
2045,Agri03_No-till,DE8,0.0
2045,Agri03_No-till,DE9,0.0
2045,Agri03_No-till,DEA,0.0
2045,Agri03_No-till,DEB,0.0
2045,Agri03_No-till,DEC,0.0
2045,Agri03_No-till,DEE,0.0
2045,Agri03_No-till,DED,0.0
2045,Agri03_No-till,DEF,0.0
2045,Agri03_No-till,DEG,0.0
2045,Agri04_toGrassland,DE1,87668.68016957669
2045,Agri04_toGrassland,DE2,151063.8056413645
2045,Agri04_toGrassland,DE3,34071.039268674904
2045,Agri04_toGrassland,DE4,82607.00331869924
2045,Agri04_toGrassland,DE5,15987.9648468168
2045,Agri04_toGrassland,DE6,2037.764304396742
2045,Agri04_toGrassland,DE7,35197.29227335606
2045,Agri04_toGrassland,DE8,84670.93582425531
2045,Agri04_toGrassland,DE9,130277.79802577045
2045,Agri04_toGrassland,DEA,89699.38926171129
2045,Agri04_toGrassland,DEB,51192.69249236097
2045,Agri04_toGrassland,DEC,25952.58688944531
2045,Agri04_toGrassland,DEE,66642.99752274482
2045,Agri04_toGrassland,DED,55362.97433365596
2045,Agri04_toGrassland,DEF,36938.36077740791
2045,Agri04_toGrassland,DEG,29533.030569071176
2045,Agri05_Agroforestry,DE1,15034493.64920958
2045,Agri05_Agroforestry,DE2,17991794.460047256
2045,Agri05_Agroforestry,DE3,37055.442405976224
2045,Agri05_Agroforestry,DE4,13417896.215046816
2045,Agri05_Agroforestry,DE5,304204.6251912562
2045,Agri05_Agroforestry,DE6,246259.8605646049
2045,Agri05_Agroforestry,DE7,3251840.435191858
2045,Agri05_Agroforestry,DE8,12779529.455115402
2045,Agri05_Agroforestry,DE9,16899980.16353996
2045,Agri05_Agroforestry,DEA,15007049.74897901
2045,Agri05_Agroforestry,DEB,9729795.800935656
2045,Agri05_Agroforestry,DEC,1355446.8909001036
2045,Agri05_Agroforestry,DEE,6724409.921505276
2045,Agri05_Agroforestry,DED,7491497.752589924
2045,Agri05_Agroforestry,DEF,1726969.9085238993
2045,Agri05_Agroforestry,DEG,1381520.8086655696
2045,Agri06_Biochar,DE1,0.0
2045,Agri06_Biochar,DE2,0.0
2045,Agri06_Biochar,DE3,0.0
2045,Agri06_Biochar,DE4,0.0
2045,Agri06_Biochar,DE5,0.0
2045,Agri06_Biochar,DE6,0.0
2045,Agri06_Biochar,DE7,0.0
2045,Agri06_Biochar,DE8,0.0
2045,Agri06_Biochar,DE9,0.0
2045,Agri06_Biochar,DEA,0.0
2045,Agri06_Biochar,DEB,0.0
2045,Agri06_Biochar,DEC,0.0
2045,Agri06_Biochar,DEE,0.0
2045,Agri06_Biochar,DED,0.0
2045,Agri06_Biochar,DEF,0.0
2045,Agri06_Biochar,DEG,0.0
2046,Agri01_AGC,DE1,3536437.178995331
2046,Agri01_AGC,DE2,5583838.419891266
2046,Agri01_AGC,DE3,8281.383893950158
2046,Agri01_AGC,DE4,3421505.397572006
2046,Agri01_AGC,DE5,26625.468668526504
2046,Agri01_AGC,DE6,43733.4316936292
2046,Agri01_AGC,DE7,1240444.0122337728
2046,Agri01_AGC,DE8,3431751.5947286016
2046,Agri01_AGC,DE9,4904665.254412202
2046,Agri01_AGC,DEA,3594149.9137005606
2046,Agri01_AGC,DEB,2114580.423859838
2046,Agri01_AGC,DEC,224847.02237819013
2046,Agri01_AGC,DEE,2646784.449274374
2046,Agri01_AGC,DED,2275785.7001914685
2046,Agri01_AGC,DEF,1193204.3745203516
2046,Agri01_AGC,DEG,954042.7332275987
2046,Agri02_OFC,DE1,0.0
2046,Agri02_OFC,DE2,0.0
2046,Agri02_OFC,DE3,0.0
2046,Agri02_OFC,DE4,0.0
2046,Agri02_OFC,DE5,0.0
2046,Agri02_OFC,DE6,0.0
2046,Agri02_OFC,DE7,0.0
2046,Agri02_OFC,DE8,0.0
2046,Agri02_OFC,DE9,0.0
2046,Agri02_OFC,DEA,0.0
2046,Agri02_OFC,DEB,0.0
2046,Agri02_OFC,DEC,0.0
2046,Agri02_OFC,DEE,0.0
2046,Agri02_OFC,DED,0.0
2046,Agri02_OFC,DEF,0.0
2046,Agri02_OFC,DEG,0.0
2046,Agri03_No-till,DE1,0.0
2046,Agri03_No-till,DE2,0.0
2046,Agri03_No-till,DE3,0.0
2046,Agri03_No-till,DE4,0.0
2046,Agri03_No-till,DE5,0.0
2046,Agri03_No-till,DE6,0.0
2046,Agri03_No-till,DE7,0.0
2046,Agri03_No-till,DE8,0.0
2046,Agri03_No-till,DE9,0.0
2046,Agri03_No-till,DEA,0.0
2046,Agri03_No-till,DEB,0.0
2046,Agri03_No-till,DEC,0.0
2046,Agri03_No-till,DEE,0.0
2046,Agri03_No-till,DED,0.0
2046,Agri03_No-till,DEF,0.0
2046,Agri03_No-till,DEG,0.0
2046,Agri04_toGrassland,DE1,85448.06980176411
2046,Agri04_toGrassland,DE2,147237.4237184295
2046,Agri04_toGrassland,DE3,33208.03434039466
2046,Agri04_toGrassland,DE4,80514.60307189947
2046,Agri04_toGrassland,DE5,15582.996499735591
2046,Agri04_toGrassland,DE6,1986.1486015853277
2046,Agri04_toGrassland,DE7,34305.7598356604
2046,Agri04_toGrassland,DE8,82526.2570452427
2046,Agri04_toGrassland,DE9,126977.91683179972
2046,Agri04_toGrassland,DEA,87427.34189661207
2046,Agri04_toGrassland,DEB,49896.00337277014
2046,Agri04_toGrassland,DEC,25295.218905727692
2046,Agri04_toGrassland,DEE,64954.9587504619
2046,Agri04_toGrassland,DED,53960.65374937823
2046,Agri04_toGrassland,DEF,36002.727815286744
2046,Agri04_toGrassland,DEG,28784.971470339995
2046,Agri05_Agroforestry,DE1,15381169.80941829
2046,Agri05_Agroforestry,DE2,18406662.187834114
2046,Agri05_Agroforestry,DE3,37909.89342959379
2046,Agri05_Agroforestry,DE4,13727295.70973189
2046,Agri05_Agroforestry,DE5,311219.1940779562
2046,Agri05_Agroforestry,DE6,251938.2974222744
2046,Agri05_Agroforestry,DE7,3326823.7091209404
2046,Agri05_Agroforestry,DE8,13074209.03024073
2046,Agri05_Agroforestry,DE9,17289672.052565265
2046,Agri05_Agroforestry,DEA,15353093.088011626
2046,Agri05_Agroforestry,DEB,9954152.42554739
2046,Agri05_Agroforestry,DEC,1386701.7595021324
2046,Agri05_Agroforestry,DEE,6879466.1984673785
2046,Agri05_Agroforestry,DED,7664242.092085295
2046,Agri05_Agroforestry,DEF,1766791.6218886543
2046,Agri05_Agroforestry,DEG,1413376.9084033743
2046,Agri06_Biochar,DE1,0.0
2046,Agri06_Biochar,DE2,0.0
2046,Agri06_Biochar,DE3,0.0
2046,Agri06_Biochar,DE4,0.0
2046,Agri06_Biochar,DE5,0.0
2046,Agri06_Biochar,DE6,0.0
2046,Agri06_Biochar,DE7,0.0
2046,Agri06_Biochar,DE8,0.0
2046,Agri06_Biochar,DE9,0.0
2046,Agri06_Biochar,DEA,0.0
2046,Agri06_Biochar,DEB,0.0
2046,Agri06_Biochar,DEC,0.0
2046,Agri06_Biochar,DEE,0.0
2046,Agri06_Biochar,DED,0.0
2046,Agri06_Biochar,DEF,0.0
2046,Agri06_Biochar,DEG,0.0
2047,Agri01_AGC,DE1,2740107.699299342
2047,Agri01_AGC,DE2,4326478.280701202
2047,Agri01_AGC,DE3,6416.59461772567
2047,Agri01_AGC,DE4,2651056.0794818765
2047,Agri01_AGC,DE5,20629.986623093126
2047,Agri01_AGC,DE6,33885.604871550146
2047,Agri01_AGC,DE7,961122.7391962715
2047,Agri01_AGC,DE8,2658995.0537365535
2047,Agri01_AGC,DE9,3800240.2830520025
2047,Agri01_AGC,DEA,2784824.7692511813
2047,Agri01_AGC,DEB,1638422.4593668818
2047,Agri01_AGC,DEC,174216.31602630077
2047,Agri01_AGC,DEE,2050785.6016554043
2047,Agri01_AGC,DED,1763327.7797462663
2047,Agri01_AGC,DEF,924520.4503787362
2047,Agri01_AGC,DEG,739212.8592880012
2047,Agri02_OFC,DE1,0.0
2047,Agri02_OFC,DE2,0.0
2047,Agri02_OFC,DE3,0.0
2047,Agri02_OFC,DE4,0.0
2047,Agri02_OFC,DE5,0.0
2047,Agri02_OFC,DE6,0.0
2047,Agri02_OFC,DE7,0.0
2047,Agri02_OFC,DE8,0.0
2047,Agri02_OFC,DE9,0.0
2047,Agri02_OFC,DEA,0.0
2047,Agri02_OFC,DEB,0.0
2047,Agri02_OFC,DEC,0.0
2047,Agri02_OFC,DEE,0.0
2047,Agri02_OFC,DED,0.0
2047,Agri02_OFC,DEF,0.0
2047,Agri02_OFC,DEG,0.0
2047,Agri03_No-till,DE1,0.0
2047,Agri03_No-till,DE2,0.0
2047,Agri03_No-till,DE3,0.0
2047,Agri03_No-till,DE4,0.0
2047,Agri03_No-till,DE5,0.0
2047,Agri03_No-till,DE6,0.0
2047,Agri03_No-till,DE7,0.0
2047,Agri03_No-till,DE8,0.0
2047,Agri03_No-till,DE9,0.0
2047,Agri03_No-till,DEA,0.0
2047,Agri03_No-till,DEB,0.0
2047,Agri03_No-till,DEC,0.0
2047,Agri03_No-till,DEE,0.0
2047,Agri03_No-till,DED,0.0
2047,Agri03_No-till,DEF,0.0
2047,Agri03_No-till,DEG,0.0
2047,Agri04_toGrassland,DE1,83227.4594339515
2047,Agri04_toGrassland,DE2,143411.04179549447
2047,Agri04_toGrassland,DE3,32345.02941211441
2047,Agri04_toGrassland,DE4,78422.20282509968
2047,Agri04_toGrassland,DE5,15178.02815265438
2047,Agri04_toGrassland,DE6,1934.532898773913
2047,Agri04_toGrassland,DE7,33414.22739796473
2047,Agri04_toGrassland,DE8,80381.57826623006
2047,Agri04_toGrassland,DE9,123678.03563782897
2047,Agri04_toGrassland,DEA,85155.29453151283
2047,Agri04_toGrassland,DEB,48599.3142531793
2047,Agri04_toGrassland,DEC,24637.85092201007
2047,Agri04_toGrassland,DEE,63266.91997817897
2047,Agri04_toGrassland,DED,52558.333165100485
2047,Agri04_toGrassland,DEF,35067.094853165574
2047,Agri04_toGrassland,DEG,28036.91237160881
2047,Agri05_Agroforestry,DE1,15727845.969626999
2047,Agri05_Agroforestry,DE2,18821529.91562097
2047,Agri05_Agroforestry,DE3,38764.34445321134
2047,Agri05_Agroforestry,DE4,14036695.204416964
2047,Agri05_Agroforestry,DE5,318233.76296465617
2047,Agri05_Agroforestry,DE6,257616.73427994386
2047,Agri05_Agroforestry,DE7,3401806.9830500227
2047,Agri05_Agroforestry,DE8,13368888.605366055
2047,Agri05_Agroforestry,DE9,17679363.941590562
2047,Agri05_Agroforestry,DEA,15699136.427044239
2047,Agri05_Agroforestry,DEB,10178509.050159123
2047,Agri05_Agroforestry,DEC,1417956.628104161
2047,Agri05_Agroforestry,DEE,7034522.475429479
2047,Agri05_Agroforestry,DED,7836986.4315806655
2047,Agri05_Agroforestry,DEF,1806613.3352534089
2047,Agri05_Agroforestry,DEG,1445233.0081411789
2047,Agri06_Biochar,DE1,0.0
2047,Agri06_Biochar,DE2,0.0
2047,Agri06_Biochar,DE3,0.0
2047,Agri06_Biochar,DE4,0.0
2047,Agri06_Biochar,DE5,0.0
2047,Agri06_Biochar,DE6,0.0
2047,Agri06_Biochar,DE7,0.0
2047,Agri06_Biochar,DE8,0.0
2047,Agri06_Biochar,DE9,0.0
2047,Agri06_Biochar,DEA,0.0
2047,Agri06_Biochar,DEB,0.0
2047,Agri06_Biochar,DEC,0.0
2047,Agri06_Biochar,DEE,0.0
2047,Agri06_Biochar,DED,0.0
2047,Agri06_Biochar,DEF,0.0
2047,Agri06_Biochar,DEG,0.0
2048,Agri01_AGC,DE1,1943778.2196033525
2048,Agri01_AGC,DE2,3069118.141511138
2048,Agri01_AGC,DE3,4551.805341501182
2048,Agri01_AGC,DE4,1880606.7613917468
2048,Agri01_AGC,DE5,14634.504577659747
2048,Agri01_AGC,DE6,24037.778049471082
2048,Agri01_AGC,DE7,681801.4661587701
2048,Agri01_AGC,DE8,1886238.5127445052
2048,Agri01_AGC,DE9,2695815.311691802
2048,Agri01_AGC,DEA,1975499.6248018018
2048,Agri01_AGC,DEB,1162264.4948739253
2048,Agri01_AGC,DEC,123585.60967441142
2048,Agri01_AGC,DEE,1454786.7540364345
2048,Agri01_AGC,DED,1250869.8593010642
2048,Agri01_AGC,DEF,655836.5262371209
2048,Agri01_AGC,DEG,524382.9853484035
2048,Agri02_OFC,DE1,0.0
2048,Agri02_OFC,DE2,0.0
2048,Agri02_OFC,DE3,0.0
2048,Agri02_OFC,DE4,0.0
2048,Agri02_OFC,DE5,0.0
2048,Agri02_OFC,DE6,0.0
2048,Agri02_OFC,DE7,0.0
2048,Agri02_OFC,DE8,0.0
2048,Agri02_OFC,DE9,0.0
2048,Agri02_OFC,DEA,0.0
2048,Agri02_OFC,DEB,0.0
2048,Agri02_OFC,DEC,0.0
2048,Agri02_OFC,DEE,0.0
2048,Agri02_OFC,DED,0.0
2048,Agri02_OFC,DEF,0.0
2048,Agri02_OFC,DEG,0.0
2048,Agri03_No-till,DE1,0.0
2048,Agri03_No-till,DE2,0.0
2048,Agri03_No-till,DE3,0.0
2048,Agri03_No-till,DE4,0.0
2048,Agri03_No-till,DE5,0.0
2048,Agri03_No-till,DE6,0.0
2048,Agri03_No-till,DE7,0.0
2048,Agri03_No-till,DE8,0.0
2048,Agri03_No-till,DE9,0.0
2048,Agri03_No-till,DEA,0.0
2048,Agri03_No-till,DEB,0.0
2048,Agri03_No-till,DEC,0.0
2048,Agri03_No-till,DEE,0.0
2048,Agri03_No-till,DED,0.0
2048,Agri03_No-till,DEF,0.0
2048,Agri03_No-till,DEG,0.0
2048,Agri04_toGrassland,DE1,81006.8490661389
2048,Agri04_toGrassland,DE2,139584.65987255942
2048,Agri04_toGrassland,DE3,31482.024483834157
2048,Agri04_toGrassland,DE4,76329.8025782999
2048,Agri04_toGrassland,DE5,14773.05980557317
2048,Agri04_toGrassland,DE6,1882.9171959624982
2048,Agri04_toGrassland,DE7,32522.694960269055
2048,Agri04_toGrassland,DE8,78236.89948721742
2048,Agri04_toGrassland,DE9,120378.15444385824
2048,Agri04_toGrassland,DEA,82883.2471664136
2048,Agri04_toGrassland,DEB,47302.62513358846
2048,Agri04_toGrassland,DEC,23980.48293829245
2048,Agri04_toGrassland,DEE,61578.88120589605
2048,Agri04_toGrassland,DED,51156.01258082274
2048,Agri04_toGrassland,DEF,34131.46189104441
2048,Agri04_toGrassland,DEG,27288.853272877626
2048,Agri05_Agroforestry,DE1,16074522.129835708
2048,Agri05_Agroforestry,DE2,19236397.64340783
2048,Agri05_Agroforestry,DE3,39618.795476828906
2048,Agri05_Agroforestry,DE4,14346094.699102039
2048,Agri05_Agroforestry,DE5,325248.3318513562
2048,Agri05_Agroforestry,DE6,263295.17113761336
2048,Agri05_Agroforestry,DE7,3476790.256979105
2048,Agri05_Agroforestry,DE8,13663568.180491382
2048,Agri05_Agroforestry,DE9,18069055.830615867
2048,Agri05_Agroforestry,DEA,16045179.766076853
2048,Agri05_Agroforestry,DEB,10402865.674770856
2048,Agri05_Agroforestry,DEC,1449211.4967061898
2048,Agri05_Agroforestry,DEE,7189578.752391581
2048,Agri05_Agroforestry,DED,8009730.771076037
2048,Agri05_Agroforestry,DEF,1846435.048618164
2048,Agri05_Agroforestry,DEG,1477089.1078789835
2048,Agri06_Biochar,DE1,0.0
2048,Agri06_Biochar,DE2,0.0
2048,Agri06_Biochar,DE3,0.0
2048,Agri06_Biochar,DE4,0.0
2048,Agri06_Biochar,DE5,0.0
2048,Agri06_Biochar,DE6,0.0
2048,Agri06_Biochar,DE7,0.0
2048,Agri06_Biochar,DE8,0.0
2048,Agri06_Biochar,DE9,0.0
2048,Agri06_Biochar,DEA,0.0
2048,Agri06_Biochar,DEB,0.0
2048,Agri06_Biochar,DEC,0.0
2048,Agri06_Biochar,DEE,0.0
2048,Agri06_Biochar,DED,0.0
2048,Agri06_Biochar,DEF,0.0
2048,Agri06_Biochar,DEG,0.0
2049,Agri01_AGC,DE1,1147448.7399073632
2049,Agri01_AGC,DE2,1811758.0023210743
2049,Agri01_AGC,DE3,2687.016065276693
2049,Agri01_AGC,DE4,1110157.4433016174
2049,Agri01_AGC,DE5,8639.022532226369
2049,Agri01_AGC,DE6,14189.95122739202
2049,Agri01_AGC,DE7,402480.19312126894
2049,Agri01_AGC,DE8,1113481.971752457
2049,Agri01_AGC,DE9,1591390.3403316017
2049,Agri01_AGC,DEA,1166174.4803524225
2049,Agri01_AGC,DEB,686106.5303809693
2049,Agri01_AGC,DEC,72954.90332252205
2049,Agri01_AGC,DEE,858787.9064174646
2049,Agri01_AGC,DED,738411.9388558619
2049,Agri01_AGC,DEF,387152.60209550546
2049,Agri01_AGC,DEG,309553.1114088059
2049,Agri02_OFC,DE1,0.0
2049,Agri02_OFC,DE2,0.0
2049,Agri02_OFC,DE3,0.0
2049,Agri02_OFC,DE4,0.0
2049,Agri02_OFC,DE5,0.0
2049,Agri02_OFC,DE6,0.0
2049,Agri02_OFC,DE7,0.0
2049,Agri02_OFC,DE8,0.0
2049,Agri02_OFC,DE9,0.0
2049,Agri02_OFC,DEA,0.0
2049,Agri02_OFC,DEB,0.0
2049,Agri02_OFC,DEC,0.0
2049,Agri02_OFC,DEE,0.0
2049,Agri02_OFC,DED,0.0
2049,Agri02_OFC,DEF,0.0
2049,Agri02_OFC,DEG,0.0
2049,Agri03_No-till,DE1,0.0
2049,Agri03_No-till,DE2,0.0
2049,Agri03_No-till,DE3,0.0
2049,Agri03_No-till,DE4,0.0
2049,Agri03_No-till,DE5,0.0
2049,Agri03_No-till,DE6,0.0
2049,Agri03_No-till,DE7,0.0
2049,Agri03_No-till,DE8,0.0
2049,Agri03_No-till,DE9,0.0
2049,Agri03_No-till,DEA,0.0
2049,Agri03_No-till,DEB,0.0
2049,Agri03_No-till,DEC,0.0
2049,Agri03_No-till,DEE,0.0
2049,Agri03_No-till,DED,0.0
2049,Agri03_No-till,DEF,0.0
2049,Agri03_No-till,DEG,0.0
2049,Agri04_toGrassland,DE1,78786.23869832631
2049,Agri04_toGrassland,DE2,135758.2779496244
2049,Agri04_toGrassland,DE3,30619.019555553914
2049,Agri04_toGrassland,DE4,74237.40233150013
2049,Agri04_toGrassland,DE5,14368.091458491961
2049,Agri04_toGrassland,DE6,1831.3014931510838
2049,Agri04_toGrassland,DE7,31631.16252257339
2049,Agri04_toGrassland,DE8,76092.22070820481
2049,Agri04_toGrassland,DE9,117078.27324988751
2049,Agri04_toGrassland,DEA,80611.19980131436
2049,Agri04_toGrassland,DEB,46005.936013997634
2049,Agri04_toGrassland,DEC,23323.11495457483
2049,Agri04_toGrassland,DEE,59890.84243361313
2049,Agri04_toGrassland,DED,49753.69199654501
2049,Agri04_toGrassland,DEF,33195.82892892325
2049,Agri04_toGrassland,DEG,26540.79417414645
2049,Agri05_Agroforestry,DE1,16421198.290044418
2049,Agri05_Agroforestry,DE2,19651265.371194683
2049,Agri05_Agroforestry,DE3,40473.24650044646
2049,Agri05_Agroforestry,DE4,14655494.193787113
2049,Agri05_Agroforestry,DE5,332262.90073805617
2049,Agri05_Agroforestry,DE6,268973.6079952828
2049,Agri05_Agroforestry,DE7,3551773.5309081874
2049,Agri05_Agroforestry,DE8,13958247.75561671
2049,Agri05_Agroforestry,DE9,18458747.719641168
2049,Agri05_Agroforestry,DEA,16391223.105109466
2049,Agri05_Agroforestry,DEB,10627222.299382588
2049,Agri05_Agroforestry,DEC,1480466.3653082184
2049,Agri05_Agroforestry,DEE,7344635.029353682
2049,Agri05_Agroforestry,DED,8182475.110571406
2049,Agri05_Agroforestry,DEF,1886256.7619829187
2049,Agri05_Agroforestry,DEG,1508945.207616788
2049,Agri06_Biochar,DE1,0.0
2049,Agri06_Biochar,DE2,0.0
2049,Agri06_Biochar,DE3,0.0
2049,Agri06_Biochar,DE4,0.0
2049,Agri06_Biochar,DE5,0.0
2049,Agri06_Biochar,DE6,0.0
2049,Agri06_Biochar,DE7,0.0
2049,Agri06_Biochar,DE8,0.0
2049,Agri06_Biochar,DE9,0.0
2049,Agri06_Biochar,DEA,0.0
2049,Agri06_Biochar,DEB,0.0
2049,Agri06_Biochar,DEC,0.0
2049,Agri06_Biochar,DEE,0.0
2049,Agri06_Biochar,DED,0.0
2049,Agri06_Biochar,DEF,0.0
2049,Agri06_Biochar,DEG,0.0
2050,Agri01_AGC,DE1,351119.2602113749
2050,Agri01_AGC,DE2,554397.8631310116
2050,Agri01_AGC,DE3,822.2267890522068
2050,Agri01_AGC,DE4,339708.1252114885
2050,Agri01_AGC,DE5,2643.5404867929965
2050,Agri01_AGC,DE6,4342.124405312971
2050,Agri01_AGC,DE7,123158.92008376801
2050,Agri01_AGC,DE8,340725.43076040986
2050,Agri01_AGC,DE9,486965.36897140264
2050,Agri01_AGC,DEA,356849.3359030439
2050,Agri01_AGC,DEB,209948.56588801352
2050,Agri01_AGC,DEC,22324.196970632747
2050,Agri01_AGC,DEE,262789.0587984955
2050,Agri01_AGC,DED,225954.01841066024
2050,Agri01_AGC,DEF,118468.67795389032
2050,Agri01_AGC,DEG,94723.23746920851
2050,Agri02_OFC,DE1,0.0
2050,Agri02_OFC,DE2,0.0
2050,Agri02_OFC,DE3,0.0
2050,Agri02_OFC,DE4,0.0
2050,Agri02_OFC,DE5,0.0
2050,Agri02_OFC,DE6,0.0
2050,Agri02_OFC,DE7,0.0
2050,Agri02_OFC,DE8,0.0
2050,Agri02_OFC,DE9,0.0
2050,Agri02_OFC,DEA,0.0
2050,Agri02_OFC,DEB,0.0
2050,Agri02_OFC,DEC,0.0
2050,Agri02_OFC,DEE,0.0
2050,Agri02_OFC,DED,0.0
2050,Agri02_OFC,DEF,0.0
2050,Agri02_OFC,DEG,0.0
2050,Agri03_No-till,DE1,0.0
2050,Agri03_No-till,DE2,0.0
2050,Agri03_No-till,DE3,0.0
2050,Agri03_No-till,DE4,0.0
2050,Agri03_No-till,DE5,0.0
2050,Agri03_No-till,DE6,0.0
2050,Agri03_No-till,DE7,0.0
2050,Agri03_No-till,DE8,0.0
2050,Agri03_No-till,DE9,0.0
2050,Agri03_No-till,DEA,0.0
2050,Agri03_No-till,DEB,0.0
2050,Agri03_No-till,DEC,0.0
2050,Agri03_No-till,DEE,0.0
2050,Agri03_No-till,DED,0.0
2050,Agri03_No-till,DEF,0.0
2050,Agri03_No-till,DEG,0.0
2050,Agri04_toGrassland,DE1,76565.6283305137
2050,Agri04_toGrassland,DE2,131931.89602668936
2050,Agri04_toGrassland,DE3,29756.01462727366
2050,Agri04_toGrassland,DE4,72145.00208470035
2050,Agri04_toGrassland,DE5,13963.12311141075
2050,Agri04_toGrassland,DE6,1779.685790339669
2050,Agri04_toGrassland,DE7,30739.630084877717
2050,Agri04_toGrassland,DE8,73947.54192919217
2050,Agri04_toGrassland,DE9,113778.39205591676
2050,Agri04_toGrassland,DEA,78339.15243621512
2050,Agri04_toGrassland,DEB,44709.246894406795
2050,Agri04_toGrassland,DEC,22665.74697085721
2050,Agri04_toGrassland,DEE,58202.8036613302
2050,Agri04_toGrassland,DED,48351.37141226726
2050,Agri04_toGrassland,DEF,32260.19596680208
2050,Agri04_toGrassland,DEG,25792.735075415265
2050,Agri05_Agroforestry,DE1,16767874.450253123
2050,Agri05_Agroforestry,DE2,20066133.098981537
2050,Agri05_Agroforestry,DE3,41327.69752406401
2050,Agri05_Agroforestry,DE4,14964893.688472183
2050,Agri05_Agroforestry,DE5,339277.46962475614
2050,Agri05_Agroforestry,DE6,274652.04485295224
2050,Agri05_Agroforestry,DE7,3626756.804837269
2050,Agri05_Agroforestry,DE8,14252927.330742033
2050,Agri05_Agroforestry,DE9,18848439.608666465
2050,Agri05_Agroforestry,DEA,16737266.444142077
2050,Agri05_Agroforestry,DEB,10851578.92399432
2050,Agri05_Agroforestry,DEC,1511721.233910247
2050,Agri05_Agroforestry,DEE,7499691.3063157825
2050,Agri05_Agroforestry,DED,8355219.450066775
2050,Agri05_Agroforestry,DEF,1926078.475347673
2050,Agri05_Agroforestry,DEG,1540801.3073545925
2050,Agri06_Biochar,DE1,0.0
2050,Agri06_Biochar,DE2,0.0
2050,Agri06_Biochar,DE3,0.0
2050,Agri06_Biochar,DE4,0.0
2050,Agri06_Biochar,DE5,0.0
2050,Agri06_Biochar,DE6,0.0
2050,Agri06_Biochar,DE7,0.0
2050,Agri06_Biochar,DE8,0.0
2050,Agri06_Biochar,DE9,0.0
2050,Agri06_Biochar,DEA,0.0
2050,Agri06_Biochar,DEB,0.0
2050,Agri06_Biochar,DEC,0.0
2050,Agri06_Biochar,DEE,0.0
2050,Agri06_Biochar,DED,0.0
2050,Agri06_Biochar,DEF,0.0
2050,Agri06_Biochar,DEG,0.0
