year,techAgri,r,capAgri
2020,Agri01_AGC,DE1,0.0
2020,Agri01_AGC,DE2,0.0
2020,Agri01_AGC,DE3,0.0
2020,Agri01_AGC,DE4,0.0
2020,Agri01_AGC,DE5,0.0
2020,Agri01_AGC,DE6,0.0
2020,Agri01_AGC,DE7,0.0
2020,Agri01_AGC,DE8,0.0
2020,Agri01_AGC,DE9,0.0
2020,Agri01_AGC,DEA,0.0
2020,Agri01_AGC,DEB,0.0
2020,Agri01_AGC,DEC,0.0
2020,Agri01_AGC,DEE,0.0
2020,Agri01_AGC,DED,0.0
2020,Agri01_AGC,DEF,0.0
2020,Agri01_AGC,DEG,0.0
2020,Agri02_OFC,DE1,0.0
2020,Agri02_OFC,DE2,0.0
2020,Agri02_OFC,DE3,0.0
2020,Agri02_OFC,DE4,0.0
2020,Agri02_OFC,DE5,0.0
2020,Agri02_OFC,DE6,0.0
2020,Agri02_OFC,DE7,0.0
2020,Agri02_OFC,DE8,0.0
2020,Agri02_OFC,DE9,0.0
2020,Agri02_OFC,DEA,0.0
2020,Agri02_OFC,DEB,0.0
2020,Agri02_OFC,DEC,0.0
2020,Agri02_OFC,DEE,0.0
2020,Agri02_OFC,DED,0.0
2020,Agri02_OFC,DEF,0.0
2020,Agri02_OFC,DEG,0.0
2020,Agri03_No-till,DE1,0.0
2020,Agri03_No-till,DE2,0.0
2020,Agri03_No-till,DE3,0.0
2020,Agri03_No-till,DE4,0.0
2020,Agri03_No-till,DE5,0.0
2020,Agri03_No-till,DE6,0.0
2020,Agri03_No-till,DE7,0.0
2020,Agri03_No-till,DE8,0.0
2020,Agri03_No-till,DE9,0.0
2020,Agri03_No-till,DEA,0.0
2020,Agri03_No-till,DEB,0.0
2020,Agri03_No-till,DEC,0.0
2020,Agri03_No-till,DEE,0.0
2020,Agri03_No-till,DED,0.0
2020,Agri03_No-till,DEF,0.0
2020,Agri03_No-till,DEG,0.0
2020,Agri04_toGrassland,DE1,0.0
2020,Agri04_toGrassland,DE2,0.0
2020,Agri04_toGrassland,DE3,0.0
2020,Agri04_toGrassland,DE4,0.0
2020,Agri04_toGrassland,DE5,0.0
2020,Agri04_toGrassland,DE6,0.0
2020,Agri04_toGrassland,DE7,0.0
2020,Agri04_toGrassland,DE8,0.0
2020,Agri04_toGrassland,DE9,0.0
2020,Agri04_toGrassland,DEA,0.0
2020,Agri04_toGrassland,DEB,0.0
2020,Agri04_toGrassland,DEC,0.0
2020,Agri04_toGrassland,DEE,0.0
2020,Agri04_toGrassland,DED,0.0
2020,Agri04_toGrassland,DEF,0.0
2020,Agri04_toGrassland,DEG,0.0
2020,Agri05_Agroforestry,DE1,0.0
2020,Agri05_Agroforestry,DE2,0.0
2020,Agri05_Agroforestry,DE3,0.0
2020,Agri05_Agroforestry,DE4,0.0
2020,Agri05_Agroforestry,DE5,0.0
2020,Agri05_Agroforestry,DE6,0.0
2020,Agri05_Agroforestry,DE7,0.0
2020,Agri05_Agroforestry,DE8,0.0
2020,Agri05_Agroforestry,DE9,0.0
2020,Agri05_Agroforestry,DEA,0.0
2020,Agri05_Agroforestry,DEB,0.0
2020,Agri05_Agroforestry,DEC,0.0
2020,Agri05_Agroforestry,DEE,0.0
2020,Agri05_Agroforestry,DED,0.0
2020,Agri05_Agroforestry,DEF,0.0
2020,Agri05_Agroforestry,DEG,0.0
2020,Agri06_Biochar,DE1,0.0
2020,Agri06_Biochar,DE2,0.0
2020,Agri06_Biochar,DE3,0.0
2020,Agri06_Biochar,DE4,0.0
2020,Agri06_Biochar,DE5,0.0
2020,Agri06_Biochar,DE6,0.0
2020,Agri06_Biochar,DE7,0.0
2020,Agri06_Biochar,DE8,0.0
2020,Agri06_Biochar,DE9,0.0
2020,Agri06_Biochar,DEA,0.0
2020,Agri06_Biochar,DEB,0.0
2020,Agri06_Biochar,DEC,0.0
2020,Agri06_Biochar,DEE,0.0
2020,Agri06_Biochar,DED,0.0
2020,Agri06_Biochar,DEF,0.0
2020,Agri06_Biochar,DEG,0.0
2021,Agri01_AGC,DE1,0.0
2021,Agri01_AGC,DE2,0.0
2021,Agri01_AGC,DE3,0.0
2021,Agri01_AGC,DE4,0.0
2021,Agri01_AGC,DE5,0.0
2021,Agri01_AGC,DE6,0.0
2021,Agri01_AGC,DE7,0.0
2021,Agri01_AGC,DE8,0.0
2021,Agri01_AGC,DE9,0.0
2021,Agri01_AGC,DEA,0.0
2021,Agri01_AGC,DEB,0.0
2021,Agri01_AGC,DEC,0.0
2021,Agri01_AGC,DEE,0.0
2021,Agri01_AGC,DED,0.0
2021,Agri01_AGC,DEF,0.0
2021,Agri01_AGC,DEG,0.0
2021,Agri02_OFC,DE1,0.0
2021,Agri02_OFC,DE2,0.0
2021,Agri02_OFC,DE3,0.0
2021,Agri02_OFC,DE4,0.0
2021,Agri02_OFC,DE5,0.0
2021,Agri02_OFC,DE6,0.0
2021,Agri02_OFC,DE7,0.0
2021,Agri02_OFC,DE8,0.0
2021,Agri02_OFC,DE9,0.0
2021,Agri02_OFC,DEA,0.0
2021,Agri02_OFC,DEB,0.0
2021,Agri02_OFC,DEC,0.0
2021,Agri02_OFC,DEE,0.0
2021,Agri02_OFC,DED,0.0
2021,Agri02_OFC,DEF,0.0
2021,Agri02_OFC,DEG,0.0
2021,Agri03_No-till,DE1,0.0
2021,Agri03_No-till,DE2,0.0
2021,Agri03_No-till,DE3,0.0
2021,Agri03_No-till,DE4,0.0
2021,Agri03_No-till,DE5,0.0
2021,Agri03_No-till,DE6,0.0
2021,Agri03_No-till,DE7,0.0
2021,Agri03_No-till,DE8,0.0
2021,Agri03_No-till,DE9,0.0
2021,Agri03_No-till,DEA,0.0
2021,Agri03_No-till,DEB,0.0
2021,Agri03_No-till,DEC,0.0
2021,Agri03_No-till,DEE,0.0
2021,Agri03_No-till,DED,0.0
2021,Agri03_No-till,DEF,0.0
2021,Agri03_No-till,DEG,0.0
2021,Agri04_toGrassland,DE1,36.47629363683719
2021,Agri04_toGrassland,DE2,79.53249670597592
2021,Agri04_toGrassland,DE3,0.07426913602625497
2021,Agri04_toGrassland,DE4,31.450678128204487
2021,Agri04_toGrassland,DE5,0.2387826213140755
2021,Agri04_toGrassland,DE6,0.3922103152012899
2021,Agri04_toGrassland,DE7,20.512156979337238
2021,Agri04_toGrassland,DE8,34.69778538990766
2021,Agri04_toGrassland,DE9,65.67269561653909
2021,Agri04_toGrassland,DEA,38.112970874841565
2021,Agri04_toGrassland,DEB,18.96398755923286
2021,Agri04_toGrassland,DEC,2.016473853156783
2021,Agri04_toGrassland,DEE,29.085882665125666
2021,Agri04_toGrassland,DED,21.643997439547704
2021,Agri04_toGrassland,DEF,25.07940652403242
2021,Agri04_toGrassland,DEG,20.0499125547198
2021,Agri05_Agroforestry,DE1,396.4216063173249
2021,Agri05_Agroforestry,DE2,864.3531717479646
2021,Agri05_Agroforestry,DE3,0.8071513651155258
2021,Agri05_Agroforestry,DE4,341.80359626124124
2021,Agri05_Agroforestry,DE5,2.5950715071114625
2021,Agri05_Agroforestry,DE6,4.262512104829113
2021,Agri05_Agroforestry,DE7,222.92457396411788
2021,Agri05_Agroforestry,DE8,377.0929129167323
2021,Agri05_Agroforestry,DE9,713.7258995306889
2021,Agri05_Agroforestry,DEA,414.208891017146
2021,Agri05_Agroforestry,DEB,206.09918554939864
2021,Agri05_Agroforestry,DEC,21.91488564940202
2021,Agri05_Agroforestry,DEE,316.10317764362986
2021,Agri05_Agroforestry,DED,235.22533066376369
2021,Agri05_Agroforestry,DEF,272.56109731778633
2021,Agri05_Agroforestry,DEG,217.90093644374724
2021,Agri06_Biochar,DE1,0.0
2021,Agri06_Biochar,DE2,0.0
2021,Agri06_Biochar,DE3,0.0
2021,Agri06_Biochar,DE4,0.0
2021,Agri06_Biochar,DE5,0.0
2021,Agri06_Biochar,DE6,0.0
2021,Agri06_Biochar,DE7,0.0
2021,Agri06_Biochar,DE8,0.0
2021,Agri06_Biochar,DE9,0.0
2021,Agri06_Biochar,DEA,0.0
2021,Agri06_Biochar,DEB,0.0
2021,Agri06_Biochar,DEC,0.0
2021,Agri06_Biochar,DEE,0.0
2021,Agri06_Biochar,DED,0.0
2021,Agri06_Biochar,DEF,0.0
2021,Agri06_Biochar,DEG,0.0
2022,Agri01_AGC,DE1,0.0
2022,Agri01_AGC,DE2,11761.324888555313
2022,Agri01_AGC,DE3,0.0
2022,Agri01_AGC,DE4,0.0
2022,Agri01_AGC,DE5,0.0
2022,Agri01_AGC,DE6,0.0
2022,Agri01_AGC,DE7,2991.8894189996154
2022,Agri01_AGC,DE8,0.0
2022,Agri01_AGC,DE9,9772.755854104244
2022,Agri01_AGC,DEA,0.0
2022,Agri01_AGC,DEB,0.0
2022,Agri01_AGC,DEC,0.0
2022,Agri01_AGC,DEE,0.0
2022,Agri01_AGC,DED,0.0
2022,Agri01_AGC,DEF,3590.9030141146427
2022,Agri01_AGC,DEG,2870.7996794517385
2022,Agri02_OFC,DE1,0.0
2022,Agri02_OFC,DE2,0.0
2022,Agri02_OFC,DE3,0.0
2022,Agri02_OFC,DE4,0.0
2022,Agri02_OFC,DE5,0.0
2022,Agri02_OFC,DE6,0.0
2022,Agri02_OFC,DE7,0.0
2022,Agri02_OFC,DE8,0.0
2022,Agri02_OFC,DE9,0.0
2022,Agri02_OFC,DEA,0.0
2022,Agri02_OFC,DEB,0.0
2022,Agri02_OFC,DEC,0.0
2022,Agri02_OFC,DEE,0.0
2022,Agri02_OFC,DED,0.0
2022,Agri02_OFC,DEF,0.0
2022,Agri02_OFC,DEG,0.0
2022,Agri03_No-till,DE1,0.0
2022,Agri03_No-till,DE2,0.0
2022,Agri03_No-till,DE3,0.0
2022,Agri03_No-till,DE4,0.0
2022,Agri03_No-till,DE5,0.0
2022,Agri03_No-till,DE6,0.0
2022,Agri03_No-till,DE7,0.0
2022,Agri03_No-till,DE8,0.0
2022,Agri03_No-till,DE9,0.0
2022,Agri03_No-till,DEA,0.0
2022,Agri03_No-till,DEB,0.0
2022,Agri03_No-till,DEC,0.0
2022,Agri03_No-till,DEE,0.0
2022,Agri03_No-till,DED,0.0
2022,Agri03_No-till,DEF,0.0
2022,Agri03_No-till,DEG,0.0
2022,Agri04_toGrassland,DE1,74.26296855876296
2022,Agri04_toGrassland,DE2,158.94016792806912
2022,Agri04_toGrassland,DE3,2.672320373834787
2022,Agri04_toGrassland,DE4,64.55316714873018
2022,Agri04_toGrassland,DE5,1.6327265209972566
2022,Agri04_toGrassland,DE6,0.8799707431177801
2022,Agri04_toGrassland,DE7,40.712174712710436
2022,Agri04_toGrassland,DE8,70.73703589917774
2022,Agri04_toGrassland,DE9,131.65435934488622
2022,Agri04_toGrassland,DEA,77.4535673528811
2022,Agri04_toGrassland,DEB,39.026829097958355
2022,Agri04_toGrassland,DEC,5.675376688247999
2022,Agri04_toGrassland,DEE,58.973913270916455
2022,Agri04_toGrassland,DED,44.31419888823163
2022,Agri04_toGrassland,DEF,49.32371986773638
2022,Agri04_toGrassland,DEG,39.43238172808822
2022,Agri05_Agroforestry,DE1,946.7790486954018
2022,Agri05_Agroforestry,DE2,1867.0444607089933
2022,Agri05_Agroforestry,DE3,94.54500000000002
2022,Agri05_Agroforestry,DE4,850.8703270613107
2022,Agri05_Agroforestry,DE5,82.0615429842732
2022,Agri05_Agroforestry,DE6,15.570035519922847
2022,Agri05_Agroforestry,DE7,463.0052046095283
2022,Agri05_Agroforestry,DE8,906.900113113969
2022,Agri05_Agroforestry,DE9,1568.944986788084
2022,Agri05_Agroforestry,DEA,979.8948700447826
2022,Agri05_Agroforestry,DEB,519.8591780599329
2022,Agri05_Agroforestry,DEC,156.21795309026774
2022,Agri05_Agroforestry,DEE,738.892647854067
2022,Agri05_Agroforestry,DED,578.2444735927645
2022,Agri05_Agroforestry,DEF,536.0955155535438
2022,Agri05_Agroforestry,DEG,428.5971991679336
2022,Agri06_Biochar,DE1,0.0
2022,Agri06_Biochar,DE2,0.0
2022,Agri06_Biochar,DE3,0.0
2022,Agri06_Biochar,DE4,0.0
2022,Agri06_Biochar,DE5,0.0
2022,Agri06_Biochar,DE6,0.0
2022,Agri06_Biochar,DE7,0.0
2022,Agri06_Biochar,DE8,0.0
2022,Agri06_Biochar,DE9,0.0
2022,Agri06_Biochar,DEA,0.0
2022,Agri06_Biochar,DEB,0.0
2022,Agri06_Biochar,DEC,0.0
2022,Agri06_Biochar,DEE,0.0
2022,Agri06_Biochar,DED,0.0
2022,Agri06_Biochar,DEF,0.0
2022,Agri06_Biochar,DEG,0.0
2023,Agri01_AGC,DE1,0.0
2023,Agri01_AGC,DE2,23504.16147430913
2023,Agri01_AGC,DE3,0.0
2023,Agri01_AGC,DE4,0.0
2023,Agri01_AGC,DE5,0.0
2023,Agri01_AGC,DE6,0.0
2023,Agri01_AGC,DE7,5937.546893078142
2023,Agri01_AGC,DE8,0.0
2023,Agri01_AGC,DE9,19591.273966278168
2023,Agri01_AGC,DEA,0.0
2023,Agri01_AGC,DEB,0.0
2023,Agri01_AGC,DEC,0.0
2023,Agri01_AGC,DEE,0.0
2023,Agri01_AGC,DED,0.0
2023,Agri01_AGC,DEF,7058.11769869007
2023,Agri01_AGC,DEG,5642.742178835395
2023,Agri02_OFC,DE1,0.0
2023,Agri02_OFC,DE2,0.0
2023,Agri02_OFC,DE3,0.0
2023,Agri02_OFC,DE4,0.0
2023,Agri02_OFC,DE5,0.0
2023,Agri02_OFC,DE6,0.0
2023,Agri02_OFC,DE7,0.0
2023,Agri02_OFC,DE8,0.0
2023,Agri02_OFC,DE9,0.0
2023,Agri02_OFC,DEA,0.0
2023,Agri02_OFC,DEB,0.0
2023,Agri02_OFC,DEC,0.0
2023,Agri02_OFC,DEE,0.0
2023,Agri02_OFC,DED,0.0
2023,Agri02_OFC,DEF,0.0
2023,Agri02_OFC,DEG,0.0
2023,Agri03_No-till,DE1,0.0
2023,Agri03_No-till,DE2,0.0
2023,Agri03_No-till,DE3,0.0
2023,Agri03_No-till,DE4,0.0
2023,Agri03_No-till,DE5,0.0
2023,Agri03_No-till,DE6,0.0
2023,Agri03_No-till,DE7,0.0
2023,Agri03_No-till,DE8,0.0
2023,Agri03_No-till,DE9,0.0
2023,Agri03_No-till,DEA,0.0
2023,Agri03_No-till,DEB,0.0
2023,Agri03_No-till,DEC,0.0
2023,Agri03_No-till,DEE,0.0
2023,Agri03_No-till,DED,0.0
2023,Agri03_No-till,DEF,0.0
2023,Agri03_No-till,DEG,0.0
2023,Agri04_toGrassland,DE1,113.36002476577731
2023,Agri04_toGrassland,DE2,238.2230136662796
2023,Agri04_toGrassland,DE3,7.7941537134255965
2023,Agri04_toGrassland,DE4,99.30746706157707
2023,Agri04_toGrassland,DE5,4.181831699049543
2023,Agri04_toGrassland,DE6,1.4632812837494709
2023,Agri04_toGrassland,DE7,60.600053200119596
2023,Agri04_toGrassland,DE8,108.11775152781024
2023,Agri04_toGrassland,DE9,197.94499118504137
2023,Agri04_toGrassland,DEA,118.02178943411857
2023,Agri04_toGrassland,DEB,60.18852461617648
2023,Agri04_toGrassland,DEC,10.976708505273647
2023,Agri04_toGrassland,DEE,89.66409181737235
2023,Agri04_toGrassland,DED,68.01060434605178
2023,Agri04_toGrassland,DEF,72.73294003111187
2023,Agri04_toGrassland,DEG,58.14740752010526
2023,Agri05_Agroforestry,DE1,1651.0723271342308
2023,Agri05_Agroforestry,DE2,3008.073866883086
2023,Agri05_Agroforestry,DE3,94.54500000000002
2023,Agri05_Agroforestry,DE4,1527.2001924002084
2023,Agri05_Agroforestry,DE5,238.39941443148524
2023,Agri05_Agroforestry,DE6,33.9225702452812
2023,Agri05_Agroforestry,DE7,720.2418919362312
2023,Agri05_Agroforestry,DE8,1589.42160059171
2023,Agri05_Agroforestry,DE9,2565.6572617721845
2023,Agri05_Agroforestry,DEA,1697.0579370829098
2023,Agri05_Agroforestry,DEB,941.2799775316028
2023,Agri05_Agroforestry,DEC,402.90920232259714
2023,Agri05_Agroforestry,DEE,1268.3684106313115
2023,Agri05_Agroforestry,DED,1029.0574287870024
2023,Agri05_Agroforestry,DEF,790.6032547072724
2023,Agri05_Agroforestry,DEG,632.088788172559
2023,Agri06_Biochar,DE1,0.0
2023,Agri06_Biochar,DE2,0.0
2023,Agri06_Biochar,DE3,0.0
2023,Agri06_Biochar,DE4,0.0
2023,Agri06_Biochar,DE5,0.0
2023,Agri06_Biochar,DE6,0.0
2023,Agri06_Biochar,DE7,0.0
2023,Agri06_Biochar,DE8,0.0
2023,Agri06_Biochar,DE9,0.0
2023,Agri06_Biochar,DEA,0.0
2023,Agri06_Biochar,DEB,0.0
2023,Agri06_Biochar,DEC,0.0
2023,Agri06_Biochar,DEE,0.0
2023,Agri06_Biochar,DED,0.0
2023,Agri06_Biochar,DEF,0.0
2023,Agri06_Biochar,DEG,0.0
2024,Agri01_AGC,DE1,0.0
2024,Agri01_AGC,DE2,35228.50975726145
2024,Agri01_AGC,DE3,0.0
2024,Agri01_AGC,DE4,0.0
2024,Agri01_AGC,DE5,0.0
2024,Agri01_AGC,DE6,0.0
2024,Agri01_AGC,DE7,8836.97242223558
2024,Agri01_AGC,DE8,0.0
2024,Agri01_AGC,DE9,29455.554336521775
2024,Agri01_AGC,DEA,0.0
2024,Agri01_AGC,DEB,0.0
2024,Agri01_AGC,DEC,0.0
2024,Agri01_AGC,DEE,3546.0325086389803
2024,Agri01_AGC,DED,0.0
2024,Agri01_AGC,DEF,10401.64405372628
2024,Agri01_AGC,DEG,8315.827498150971
2024,Agri02_OFC,DE1,0.0
2024,Agri02_OFC,DE2,0.0
2024,Agri02_OFC,DE3,0.0
2024,Agri02_OFC,DE4,0.0
2024,Agri02_OFC,DE5,0.0
2024,Agri02_OFC,DE6,0.0
2024,Agri02_OFC,DE7,0.0
2024,Agri02_OFC,DE8,0.0
2024,Agri02_OFC,DE9,0.0
2024,Agri02_OFC,DEA,0.0
2024,Agri02_OFC,DEB,0.0
2024,Agri02_OFC,DEC,0.0
2024,Agri02_OFC,DEE,0.0
2024,Agri02_OFC,DED,0.0
2024,Agri02_OFC,DEF,0.0
2024,Agri02_OFC,DEG,0.0
2024,Agri03_No-till,DE1,0.0
2024,Agri03_No-till,DE2,0.0
2024,Agri03_No-till,DE3,0.0
2024,Agri03_No-till,DE4,0.0
2024,Agri03_No-till,DE5,0.0
2024,Agri03_No-till,DE6,0.0
2024,Agri03_No-till,DE7,0.0
2024,Agri03_No-till,DE8,0.0
2024,Agri03_No-till,DE9,0.0
2024,Agri03_No-till,DEA,0.0
2024,Agri03_No-till,DEB,0.0
2024,Agri03_No-till,DEC,0.0
2024,Agri03_No-till,DEE,0.0
2024,Agri03_No-till,DED,0.0
2024,Agri03_No-till,DEF,0.0
2024,Agri03_No-till,DEG,0.0
2024,Agri04_toGrassland,DE1,153.76746225788025
2024,Agri04_toGrassland,DE2,317.38103392060736
2024,Agri04_toGrassland,DE3,15.439769154798682
2024,Agri04_toGrassland,DE4,135.71357786674517
2024,Agri04_toGrassland,DE5,7.886098155470936
2024,Agri04_toGrassland,DE6,2.142141937096362
2024,Agri04_toGrassland,DE7,80.17579244156471
2024,Agri04_toGrassland,DE8,146.83993227580515
2024,Agri04_toGrassland,DE9,264.5445911370046
2024,Agri04_toGrassland,DEA,159.81763711855402
2024,Agri04_toGrassland,DEB,82.44907411388724
2024,Agri04_toGrassland,DEC,17.920469304233727
2024,Agri04_toGrassland,DEE,121.15641830449337
2024,Agri04_toGrassland,DED,92.73321381300815
2024,Agri04_toGrassland,DEF,95.30706701415889
2024,Agri04_toGrassland,DEG,76.19498993077093
2024,Agri05_Agroforestry,DE1,2509.301441633812
2024,Agri05_Agroforestry,DE2,4287.441390270243
2024,Agri05_Agroforestry,DE3,94.54500000000002
2024,Agri05_Agroforestry,DE4,2370.7931922779344
2024,Agri05_Agroforestry,DE5,471.6086858487476
2024,Agri05_Agroforestry,DE6,59.32011628090417
2024,Agri05_Agroforestry,DE7,994.6346359442266
2024,Agri05_Agroforestry,DE8,2424.6573753499556
2024,Agri05_Agroforestry,DE9,3703.862724482991
2024,Agri05_Agroforestry,DEA,2565.6980921315276
2024,Agri05_Agroforestry,DEB,1470.361583964408
2024,Agri05_Agroforestry,DEC,761.9886333463903
2024,Agri05_Agroforestry,DEE,1904.5304659753633
2024,Agri05_Agroforestry,DED,1587.6641962464773
2024,Agri05_Agroforestry,DEF,1036.0843147789722
2024,Agri05_Agroforestry,DEG,828.3757034576236
2024,Agri06_Biochar,DE1,0.0
2024,Agri06_Biochar,DE2,0.0
2024,Agri06_Biochar,DE3,0.0
2024,Agri06_Biochar,DE4,0.0
2024,Agri06_Biochar,DE5,0.0
2024,Agri06_Biochar,DE6,0.0
2024,Agri06_Biochar,DE7,0.0
2024,Agri06_Biochar,DE8,0.0
2024,Agri06_Biochar,DE9,0.0
2024,Agri06_Biochar,DEA,0.0
2024,Agri06_Biochar,DEB,0.0
2024,Agri06_Biochar,DEC,0.0
2024,Agri06_Biochar,DEE,0.0
2024,Agri06_Biochar,DED,0.0
2024,Agri06_Biochar,DEF,0.0
2024,Agri06_Biochar,DEG,0.0
2025,Agri01_AGC,DE1,6178.959950961384
2025,Agri01_AGC,DE2,46934.36973741227
2025,Agri01_AGC,DE3,0.0
2025,Agri01_AGC,DE4,0.0
2025,Agri01_AGC,DE5,0.0
2025,Agri01_AGC,DE6,0.0
2025,Agri01_AGC,DE7,11690.166006471929
2025,Agri01_AGC,DE8,5933.955095448211
2025,Agri01_AGC,DE9,39365.596964835066
2025,Agri01_AGC,DEA,6372.344628451362
2025,Agri01_AGC,DEB,0.0
2025,Agri01_AGC,DEC,0.0
2025,Agri01_AGC,DEE,8329.270702188434
2025,Agri01_AGC,DED,0.0
2025,Agri01_AGC,DEF,13621.482079223275
2025,Agri01_AGC,DEG,10890.055637398465
2025,Agri02_OFC,DE1,0.0
2025,Agri02_OFC,DE2,0.0
2025,Agri02_OFC,DE3,0.0
2025,Agri02_OFC,DE4,0.0
2025,Agri02_OFC,DE5,0.0
2025,Agri02_OFC,DE6,0.0
2025,Agri02_OFC,DE7,0.0
2025,Agri02_OFC,DE8,0.0
2025,Agri02_OFC,DE9,0.0
2025,Agri02_OFC,DEA,0.0
2025,Agri02_OFC,DEB,0.0
2025,Agri02_OFC,DEC,0.0
2025,Agri02_OFC,DEE,0.0
2025,Agri02_OFC,DED,0.0
2025,Agri02_OFC,DEF,0.0
2025,Agri02_OFC,DEG,0.0
2025,Agri03_No-till,DE1,0.0
2025,Agri03_No-till,DE2,0.0
2025,Agri03_No-till,DE3,0.0
2025,Agri03_No-till,DE4,0.0
2025,Agri03_No-till,DE5,0.0
2025,Agri03_No-till,DE6,0.0
2025,Agri03_No-till,DE7,0.0
2025,Agri03_No-till,DE8,0.0
2025,Agri03_No-till,DE9,0.0
2025,Agri03_No-till,DEA,0.0
2025,Agri03_No-till,DEB,0.0
2025,Agri03_No-till,DEC,0.0
2025,Agri03_No-till,DEE,0.0
2025,Agri03_No-till,DED,0.0
2025,Agri03_No-till,DEF,0.0
2025,Agri03_No-till,DEG,0.0
2025,Agri04_toGrassland,DE1,195.48528103507175
2025,Agri04_toGrassland,DE2,396.4142286910524
2025,Agri04_toGrassland,DE3,25.609166697954045
2025,Agri04_toGrassland,DE4,173.77149956423446
2025,Agri04_toGrassland,DE5,12.745525890261433
2025,Agri04_toGrassland,DE6,2.9165527031584535
2025,Agri04_toGrassland,DE7,99.4393924370458
2025,Agri04_toGrassland,DE8,186.90357814316252
2025,Agri04_toGrassland,DE9,331.4531592007759
2025,Agri04_toGrassland,DEA,202.84111040618743
2025,Agri04_toGrassland,DEB,105.80847759109062
2025,Agri04_toGrassland,DEC,26.50665908512824
2025,Agri04_toGrassland,DEE,153.4508927322795
2025,Agri04_toGrassland,DED,118.48202728910074
2025,Agri04_toGrassland,DEF,117.04610081687746
2025,Agri04_toGrassland,DEG,93.57512896008522
2025,Agri05_Agroforestry,DE1,3521.466392194145
2025,Agri05_Agroforestry,DE2,5705.147030870464
2025,Agri05_Agroforestry,DE3,94.54500000000002
2025,Agri05_Agroforestry,DE4,3381.6493266944885
2025,Agri05_Agroforestry,DE5,776.162
2025,Agri05_Agroforestry,DE6,91.76267362679177
2025,Agri05_Agroforestry,DE7,1286.1834366335145
2025,Agri05_Agroforestry,DE8,3412.607437388706
2025,Agri05_Agroforestry,DE9,4983.561374920503
2025,Agri05_Agroforestry,DEA,3585.815335190636
2025,Agri05_Agroforestry,DEB,2107.1039973583493
2025,Agri05_Agroforestry,DEC,1233.4562461616472
2025,Agri05_Agroforestry,DEE,2647.3788138862224
2025,Agri05_Agroforestry,DED,2254.064775971189
2025,Agri05_Agroforestry,DEF,1272.538695768643
2025,Agri05_Agroforestry,DEG,1017.4579450231272
2025,Agri06_Biochar,DE1,0.0
2025,Agri06_Biochar,DE2,0.0
2025,Agri06_Biochar,DE3,0.0
2025,Agri06_Biochar,DE4,0.0
2025,Agri06_Biochar,DE5,0.0
2025,Agri06_Biochar,DE6,0.0
2025,Agri06_Biochar,DE7,0.0
2025,Agri06_Biochar,DE8,0.0
2025,Agri06_Biochar,DE9,0.0
2025,Agri06_Biochar,DEA,0.0
2025,Agri06_Biochar,DEB,0.0
2025,Agri06_Biochar,DEC,0.0
2025,Agri06_Biochar,DEE,0.0
2025,Agri06_Biochar,DED,0.0
2025,Agri06_Biochar,DEF,0.0
2025,Agri06_Biochar,DEG,0.0
2026,Agri01_AGC,DE1,12552.004677167019
2026,Agri01_AGC,DE2,58621.7414147616
2026,Agri01_AGC,DE3,0.0
2026,Agri01_AGC,DE4,5881.535864717214
2026,Agri01_AGC,DE5,0.0
2026,Agri01_AGC,DE6,0.0
2026,Agri01_AGC,DE7,14497.127645787188
2026,Agri01_AGC,DE8,12066.598892537837
2026,Agri01_AGC,DE9,49321.401851218034
2026,Agri01_AGC,DEA,12926.516822659403
2026,Agri01_AGC,DEB,3622.590962925731
2026,Agri01_AGC,DEC,0.0
2026,Agri01_AGC,DEE,13231.317600157154
2026,Agri01_AGC,DED,3965.733721868796
2026,Agri01_AGC,DEF,16717.631775181053
2026,Agri01_AGC,DEG,13365.426596577878
2026,Agri02_OFC,DE1,0.0
2026,Agri02_OFC,DE2,0.0
2026,Agri02_OFC,DE3,0.0
2026,Agri02_OFC,DE4,0.0
2026,Agri02_OFC,DE5,0.0
2026,Agri02_OFC,DE6,0.0
2026,Agri02_OFC,DE7,0.0
2026,Agri02_OFC,DE8,0.0
2026,Agri02_OFC,DE9,0.0
2026,Agri02_OFC,DEA,0.0
2026,Agri02_OFC,DEB,0.0
2026,Agri02_OFC,DEC,0.0
2026,Agri02_OFC,DEE,0.0
2026,Agri02_OFC,DED,0.0
2026,Agri02_OFC,DEF,0.0
2026,Agri02_OFC,DEG,0.0
2026,Agri03_No-till,DE1,0.0
2026,Agri03_No-till,DE2,0.0
2026,Agri03_No-till,DE3,0.0
2026,Agri03_No-till,DE4,0.0
2026,Agri03_No-till,DE5,0.0
2026,Agri03_No-till,DE6,0.0
2026,Agri03_No-till,DE7,0.0
2026,Agri03_No-till,DE8,0.0
2026,Agri03_No-till,DE9,0.0
2026,Agri03_No-till,DEA,0.0
2026,Agri03_No-till,DEB,0.0
2026,Agri03_No-till,DEC,0.0
2026,Agri03_No-till,DEE,0.0
2026,Agri03_No-till,DED,0.0
2026,Agri03_No-till,DEF,0.0
2026,Agri03_No-till,DEG,0.0
2026,Agri04_toGrassland,DE1,238.51348109735184
2026,Agri04_toGrassland,DE2,475.32259797761475
2026,Agri04_toGrassland,DE3,38.30234634289169
2026,Agri04_toGrassland,DE4,213.48123215404496
2026,Agri04_toGrassland,DE5,18.760114903421037
2026,Agri04_toGrassland,DE6,3.786513581935745
2026,Agri04_toGrassland,DE7,118.39085318656284
2026,Agri04_toGrassland,DE8,228.30868912988228
2026,Agri04_toGrassland,DE9,398.6706953763552
2026,Agri04_toGrassland,DEA,247.09220929701877
2026,Agri04_toGrassland,DEB,130.26673504778665
2026,Agri04_toGrassland,DEC,36.735277847957185
2026,Agri04_toGrassland,DEE,186.54751510073075
2026,Agri04_toGrassland,DED,145.25704477432956
2026,Agri04_toGrassland,DEF,137.95004143926755
2026,Agri04_toGrassland,DEG,110.28782460804814
2026,Agri05_Agroforestry,DE1,4687.56717881523
2026,Agri05_Agroforestry,DE2,7261.190788683749
2026,Agri05_Agroforestry,DE3,94.54500000000002
2026,Agri05_Agroforestry,DE4,4559.768595649871
2026,Agri05_Agroforestry,DE5,776.162
2026,Agri05_Agroforestry,DE6,131.250242282944
2026,Agri05_Agroforestry,DE7,1594.8882940040949
2026,Agri05_Agroforestry,DE8,4553.27178670796
2026,Agri05_Agroforestry,DE9,6404.753213084721
2026,Agri05_Agroforestry,DEA,4757.409666260235
2026,Agri05_Agroforestry,DEB,2851.507217713426
2026,Agri05_Agroforestry,DEC,1817.3120407683678
2026,Agri05_Agroforestry,DEE,3496.913454363889
2026,Agri05_Agroforestry,DED,3028.2591679611382
2026,Agri05_Agroforestry,DEF,1499.966397676285
2026,Agri05_Agroforestry,DEG,1199.3355128690698
2026,Agri06_Biochar,DE1,0.0
2026,Agri06_Biochar,DE2,0.0
2026,Agri06_Biochar,DE3,0.0
2026,Agri06_Biochar,DE4,0.0
2026,Agri06_Biochar,DE5,0.0
2026,Agri06_Biochar,DE6,0.0
2026,Agri06_Biochar,DE7,0.0
2026,Agri06_Biochar,DE8,0.0
2026,Agri06_Biochar,DE9,0.0
2026,Agri06_Biochar,DEA,0.0
2026,Agri06_Biochar,DEB,0.0
2026,Agri06_Biochar,DEC,0.0
2026,Agri06_Biochar,DEE,0.0
2026,Agri06_Biochar,DED,0.0
2026,Agri06_Biochar,DEF,0.0
2026,Agri06_Biochar,DEG,0.0
2027,Agri01_AGC,DE1,19119.134178616907
2027,Agri01_AGC,DE2,70290.62478930943
2027,Agri01_AGC,DE3,0.0
2027,Agri01_AGC,DE4,12007.726738957474
2027,Agri01_AGC,DE5,0.0
2027,Agri01_AGC,DE6,0.0
2027,Agri01_AGC,DE7,17257.85734018136
2027,Agri01_AGC,DE8,18397.93139126888
2027,Agri01_AGC,DE9,59322.968995670686
2027,Agri01_AGC,DEA,19662.51658262412
2027,Agri01_AGC,DEB,7407.936713380088
2027,Agri01_AGC,DEC,0.0
2027,Agri01_AGC,DEE,18252.173202545142
2027,Agri01_AGC,DED,8083.461811128522
2027,Agri01_AGC,DEF,19690.093141599617
2027,Agri01_AGC,DEG,15741.94037568921
2027,Agri02_OFC,DE1,0.0
2027,Agri02_OFC,DE2,0.0
2027,Agri02_OFC,DE3,0.0
2027,Agri02_OFC,DE4,0.0
2027,Agri02_OFC,DE5,0.0
2027,Agri02_OFC,DE6,0.0
2027,Agri02_OFC,DE7,0.0
2027,Agri02_OFC,DE8,0.0
2027,Agri02_OFC,DE9,0.0
2027,Agri02_OFC,DEA,0.0
2027,Agri02_OFC,DEB,0.0
2027,Agri02_OFC,DEC,0.0
2027,Agri02_OFC,DEE,0.0
2027,Agri02_OFC,DED,0.0
2027,Agri02_OFC,DEF,0.0
2027,Agri02_OFC,DEG,0.0
2027,Agri03_No-till,DE1,0.0
2027,Agri03_No-till,DE2,0.0
2027,Agri03_No-till,DE3,0.0
2027,Agri03_No-till,DE4,0.0
2027,Agri03_No-till,DE5,0.0
2027,Agri03_No-till,DE6,0.0
2027,Agri03_No-till,DE7,0.0
2027,Agri03_No-till,DE8,0.0
2027,Agri03_No-till,DE9,0.0
2027,Agri03_No-till,DEA,0.0
2027,Agri03_No-till,DEB,0.0
2027,Agri03_No-till,DEC,0.0
2027,Agri03_No-till,DEE,0.0
2027,Agri03_No-till,DED,0.0
2027,Agri03_No-till,DEF,0.0
2027,Agri03_No-till,DEG,0.0
2027,Agri04_toGrassland,DE1,282.8520624447205
2027,Agri04_toGrassland,DE2,554.1061417802944
2027,Agri04_toGrassland,DE3,53.519308089611606
2027,Agri04_toGrassland,DE4,254.84277563617664
2027,Agri04_toGrassland,DE5,25.92986519494975
2027,Agri04_toGrassland,DE6,4.752024573428237
2027,Agri04_toGrassland,DE7,137.03017469011584
2027,Agri04_toGrassland,DE8,271.0552652359645
2027,Agri04_toGrassland,DE9,466.19719966374254
2027,Agri04_toGrassland,DEA,292.5709337910481
2027,Agri04_toGrassland,DEB,155.8238464839753
2027,Agri04_toGrassland,DEC,48.606325592720566
2027,Agri04_toGrassland,DEE,220.4462854098471
2027,Agri04_toGrassland,DED,173.05826626869458
2027,Agri04_toGrassland,DEF,158.0188888813292
2027,Agri04_toGrassland,DEG,126.33307687465967
2027,Agri05_Agroforestry,DE1,6007.603801497067
2027,Agri05_Agroforestry,DE2,8955.572663710098
2027,Agri05_Agroforestry,DE3,94.54500000000002
2027,Agri05_Agroforestry,DE4,5905.150999144082
2027,Agri05_Agroforestry,DE5,776.162
2027,Agri05_Agroforestry,DE6,177.78282224936083
2027,Agri05_Agroforestry,DE7,1920.7492080559678
2027,Agri05_Agroforestry,DE8,5846.650423307719
2027,Agri05_Agroforestry,DE9,7967.438238975646
2027,Agri05_Agroforestry,DEA,6080.481085340325
2027,Agri05_Agroforestry,DEB,3703.5712450296382
2027,Agri05_Agroforestry,DEC,2513.556017166552
2027,Agri05_Agroforestry,DEE,4453.134387408362
2027,Agri05_Agroforestry,DED,3910.2473722163245
2027,Agri05_Agroforestry,DEF,1718.367420501898
2027,Agri05_Agroforestry,DEG,1374.0084069954517
2027,Agri06_Biochar,DE1,0.0
2027,Agri06_Biochar,DE2,0.0
2027,Agri06_Biochar,DE3,0.0
2027,Agri06_Biochar,DE4,0.0
2027,Agri06_Biochar,DE5,0.0
2027,Agri06_Biochar,DE6,0.0
2027,Agri06_Biochar,DE7,0.0
2027,Agri06_Biochar,DE8,0.0
2027,Agri06_Biochar,DE9,0.0
2027,Agri06_Biochar,DEA,0.0
2027,Agri06_Biochar,DEB,0.0
2027,Agri06_Biochar,DEC,0.0
2027,Agri06_Biochar,DEE,0.0
2027,Agri06_Biochar,DED,0.0
2027,Agri06_Biochar,DEF,0.0
2027,Agri06_Biochar,DEG,0.0
2028,Agri01_AGC,DE1,25880.348455311047
2028,Agri01_AGC,DE2,81941.01986105577
2028,Agri01_AGC,DE3,0.0
2028,Agri01_AGC,DE4,18378.572622720778
2028,Agri01_AGC,DE5,0.0
2028,Agri01_AGC,DE6,0.0
2028,Agri01_AGC,DE7,19972.35508965444
2028,Agri01_AGC,DE8,24927.95259164134
2028,Agri01_AGC,DE9,69370.29839819302
2028,Agri01_AGC,DEA,26580.34390834552
2028,Agri01_AGC,DEB,11356.03725136307
2028,Agri01_AGC,DEC,0.0
2028,Agri01_AGC,DEE,23391.837509352397
2028,Agri01_AGC,DED,12353.18426777918
2028,Agri01_AGC,DEF,22538.866178478962
2028,Agri01_AGC,DEG,18019.59697473246
2028,Agri02_OFC,DE1,4797.878232907605
2028,Agri02_OFC,DE2,8267.328120657703
2028,Agri02_OFC,DE3,1864.6191246807828
2028,Agri02_OFC,DE4,4520.865859299807
2028,Agri02_OFC,DE5,874.9796207569015
2028,Agri02_OFC,DE6,111.52152605639532
2028,Agri02_OFC,DE7,1926.2560144509298
2028,Agri02_OFC,DE8,4633.819502761117
2028,Agri02_OFC,DE9,7129.764132070148
2028,Agri02_OFC,DEA,4909.013645596312
2028,Agri02_OFC,DEB,2801.6425537368414
2028,Agri02_OFC,DEC,1420.317398227739
2028,Agri02_OFC,DEE,3647.197454913352
2028,Agri02_OFC,DED,3029.8712031557316
2028,Agri02_OFC,DEF,2021.5401531129166
2028,Agri02_OFC,DEG,1616.265743308334
2028,Agri03_No-till,DE1,0.0
2028,Agri03_No-till,DE2,0.0
2028,Agri03_No-till,DE3,0.0
2028,Agri03_No-till,DE4,0.0
2028,Agri03_No-till,DE5,0.0
2028,Agri03_No-till,DE6,0.0
2028,Agri03_No-till,DE7,0.0
2028,Agri03_No-till,DE8,0.0
2028,Agri03_No-till,DE9,0.0
2028,Agri03_No-till,DEA,0.0
2028,Agri03_No-till,DEB,0.0
2028,Agri03_No-till,DEC,0.0
2028,Agri03_No-till,DEE,0.0
2028,Agri03_No-till,DED,0.0
2028,Agri03_No-till,DEF,0.0
2028,Agri03_No-till,DEG,0.0
2028,Agri04_toGrassland,DE1,328.50102507717776
2028,Agri04_toGrassland,DE2,632.7648600990913
2028,Agri04_toGrassland,DE3,71.2600519381138
2028,Agri04_toGrassland,DE4,297.8561300106295
2028,Agri04_toGrassland,DE5,34.25477676484756
2028,Agri04_toGrassland,DE6,5.81308567763593
2028,Agri04_toGrassland,DE7,155.3573569477048
2028,Agri04_toGrassland,DE8,315.1433064614091
2028,Agri04_toGrassland,DE9,534.0326720629379
2028,Agri04_toGrassland,DEA,339.2772838882754
2028,Agri04_toGrassland,DEB,182.4798118996566
2028,Agri04_toGrassland,DEC,62.119802319418376
2028,Agri04_toGrassland,DEE,255.14720365962856
2028,Agri04_toGrassland,DED,201.88569177219586
2028,Agri04_toGrassland,DEF,177.25264314306236
2028,Agri04_toGrassland,DEG,141.71088575991982
2028,Agri05_Agroforestry,DE1,7481.576260239657
2028,Agri05_Agroforestry,DE2,10788.292655949512
2028,Agri05_Agroforestry,DE3,94.54500000000002
2028,Agri05_Agroforestry,DE4,7417.796537177121
2028,Agri05_Agroforestry,DE5,776.162
2028,Agri05_Agroforestry,DE6,231.3604135260423
2028,Agri05_Agroforestry,DE7,2263.766178789133
2028,Agri05_Agroforestry,DE8,7292.743347187983
2028,Agri05_Agroforestry,DE9,9671.616452593276
2028,Agri05_Agroforestry,DEA,7555.029592430906
2028,Agri05_Agroforestry,DEB,4663.296079306986
2028,Agri05_Agroforestry,DEC,3322.1881753562
2028,Agri05_Agroforestry,DEE,5516.041613019644
2028,Agri05_Agroforestry,DED,4900.029388736748
2028,Agri05_Agroforestry,DEF,1927.7417642454823
2028,Agri05_Agroforestry,DEG,1541.4766274022725
2028,Agri06_Biochar,DE1,0.0
2028,Agri06_Biochar,DE2,0.0
2028,Agri06_Biochar,DE3,0.0
2028,Agri06_Biochar,DE4,0.0
2028,Agri06_Biochar,DE5,0.0
2028,Agri06_Biochar,DE6,0.0
2028,Agri06_Biochar,DE7,0.0
2028,Agri06_Biochar,DE8,0.0
2028,Agri06_Biochar,DE9,0.0
2028,Agri06_Biochar,DEA,0.0
2028,Agri06_Biochar,DEB,0.0
2028,Agri06_Biochar,DEC,0.0
2028,Agri06_Biochar,DEE,0.0
2028,Agri06_Biochar,DED,0.0
2028,Agri06_Biochar,DEF,0.0
2028,Agri06_Biochar,DEG,0.0
2029,Agri01_AGC,DE1,32835.647507249436
2029,Agri01_AGC,DE2,93572.92663000061
2029,Agri01_AGC,DE3,0.0
2029,Agri01_AGC,DE4,24994.073516007127
2029,Agri01_AGC,DE5,0.0
2029,Agri01_AGC,DE6,0.0
2029,Agri01_AGC,DE7,22640.620894206433
2029,Agri01_AGC,DE8,31656.662493655214
2029,Agri01_AGC,DE9,79463.39005878504
2029,Agri01_AGC,DEA,33679.998799823596
2029,Agri01_AGC,DEB,15466.892576874678
2029,Agri01_AGC,DEC,0.0
2029,Agri01_AGC,DEE,28650.310520578918
2029,Agri01_AGC,DED,16774.901091820768
2029,Agri01_AGC,DEF,25263.950885819093
2029,Agri01_AGC,DEG,20198.396393707626
2029,Agri02_OFC,DE1,9733.482483713058
2029,Agri02_OFC,DE2,16521.53661191977
2029,Agri02_OFC,DE3,3994.4972719649268
2029,Agri02_OFC,DE4,9215.343276631223
2029,Agri02_OFC,DE5,1871.3710509695593
2029,Agri02_OFC,DE6,233.08572952562128
2029,Agri02_OFC,DE7,3819.705016267092
2029,Agri02_OFC,DE8,9408.632051699751
2029,Agri02_OFC,DE9,14292.001978608725
2029,Agri02_OFC,DEA,9947.055374638176
2029,Agri02_OFC,DEB,5718.7788073371485
2029,Agri02_OFC,DEC,3013.260280302002
2029,Agri02_OFC,DEE,7378.703685363969
2029,Agri02_OFC,DED,6167.60032013964
2029,Agri02_OFC,DEF,3955.3088616782916
2029,Agri02_OFC,DEG,3162.380668582369
2029,Agri03_No-till,DE1,0.0
2029,Agri03_No-till,DE2,0.0
2029,Agri03_No-till,DE3,0.0
2029,Agri03_No-till,DE4,0.0
2029,Agri03_No-till,DE5,0.0
2029,Agri03_No-till,DE6,0.0
2029,Agri03_No-till,DE7,0.0
2029,Agri03_No-till,DE8,0.0
2029,Agri03_No-till,DE9,0.0
2029,Agri03_No-till,DEA,0.0
2029,Agri03_No-till,DEB,0.0
2029,Agri03_No-till,DEC,0.0
2029,Agri03_No-till,DEE,0.0
2029,Agri03_No-till,DED,0.0
2029,Agri03_No-till,DEF,0.0
2029,Agri03_No-till,DEG,0.0
2029,Agri04_toGrassland,DE1,375.4603689947236
2029,Agri04_toGrassland,DE2,711.2987529340055
2029,Agri04_toGrassland,DE3,91.52457788839828
2029,Agri04_toGrassland,DE4,342.52129527740357
2029,Agri04_toGrassland,DE5,43.734849613114484
2029,Agri04_toGrassland,DE6,6.9696968945588225
2029,Agri04_toGrassland,DE7,173.37239995932973
2029,Agri04_toGrassland,DE8,360.5728128062161
2029,Agri04_toGrassland,DE9,602.1771125739413
2029,Agri04_toGrassland,DEA,387.2112595887006
2029,Agri04_toGrassland,DEB,210.2346312948305
2029,Agri04_toGrassland,DEC,77.27570802805062
2029,Agri04_toGrassland,DEE,290.6502698500751
2029,Agri04_toGrassland,DED,231.73932128483335
2029,Agri04_toGrassland,DEF,195.65130422446705
2029,Agri04_toGrassland,DEG,156.4212512638286
2029,Agri05_Agroforestry,DE1,9109.484555042998
2029,Agri05_Agroforestry,DE2,12759.350765401989
2029,Agri05_Agroforestry,DE3,94.54500000000002
2029,Agri05_Agroforestry,DE4,9097.705209748987
2029,Agri05_Agroforestry,DE5,776.162
2029,Agri05_Agroforestry,DE6,291.98301611298837
2029,Agri05_Agroforestry,DE7,2623.939206203591
2029,Agri05_Agroforestry,DE8,8891.55055834875
2029,Agri05_Agroforestry,DE9,11517.287853937612
2029,Agri05_Agroforestry,DEA,9181.055187531976
2029,Agri05_Agroforestry,DEB,5730.68172054547
2029,Agri05_Agroforestry,DEC,3458.3510000000006
2029,Agri05_Agroforestry,DEE,6685.635131197732
2029,Agri05_Agroforestry,DED,5997.605217522409
2029,Agri05_Agroforestry,DEF,2128.0894289070375
2029,Agri05_Agroforestry,DEG,1701.7401740895325
2029,Agri06_Biochar,DE1,0.0
2029,Agri06_Biochar,DE2,0.0
2029,Agri06_Biochar,DE3,0.0
2029,Agri06_Biochar,DE4,0.0
2029,Agri06_Biochar,DE5,0.0
2029,Agri06_Biochar,DE6,0.0
2029,Agri06_Biochar,DE7,0.0
2029,Agri06_Biochar,DE8,0.0
2029,Agri06_Biochar,DE9,0.0
2029,Agri06_Biochar,DEA,0.0
2029,Agri06_Biochar,DEB,0.0
2029,Agri06_Biochar,DEC,0.0
2029,Agri06_Biochar,DEE,0.0
2029,Agri06_Biochar,DED,0.0
2029,Agri06_Biochar,DEF,0.0
2029,Agri06_Biochar,DEG,0.0
2030,Agri01_AGC,DE1,39985.031334432075
2030,Agri01_AGC,DE2,105186.34509614395
2030,Agri01_AGC,DE3,0.0
2030,Agri01_AGC,DE4,31854.229418816525
2030,Agri01_AGC,DE5,0.0
2030,Agri01_AGC,DE6,0.0
2030,Agri01_AGC,DE7,25262.654753837338
2030,Agri01_AGC,DE8,38584.0610973105
2030,Agri01_AGC,DE9,89602.24397744673
2030,Agri01_AGC,DEA,40961.48125705835
2030,Agri01_AGC,DEB,19740.502689914912
2030,Agri01_AGC,DEC,0.0
2030,Agri01_AGC,DEE,34027.59223622471
2030,Agri01_AGC,DED,21348.61228325329
2030,Agri01_AGC,DEF,27865.347263620006
2030,Agri01_AGC,DEG,22278.338632614712
2030,Agri02_OFC,DE1,14806.81275241636
2030,Agri02_OFC,DE2,24762.625473786204
2030,Agri02_OFC,DE3,6389.634441852433
2030,Agri02_OFC,DE4,14083.432251994247
2030,Agri02_OFC,DE5,2989.174290637974
2030,Agri02_OFC,DE6,364.6926104076779
2030,Agri02_OFC,DE7,5680.347005448487
2030,Agri02_OFC,DE8,14324.437646815903
2030,Agri02_OFC,DE9,21486.71353961573
2030,Agri02_OFC,DEA,15114.125187125592
2030,Agri02_OFC,DEB,8751.408760800921
2030,Agri02_OFC,DEC,4778.828646222788
2030,Agri02_OFC,DEE,11194.51869135185
2030,Agri02_OFC,DED,9413.187350951723
2030,Agri02_OFC,DEF,5801.306125696125
2030,Agri02_OFC,DEG,4638.344775822105
2030,Agri03_No-till,DE1,0.0
2030,Agri03_No-till,DE2,0.0
2030,Agri03_No-till,DE3,0.0
2030,Agri03_No-till,DE4,0.0
2030,Agri03_No-till,DE5,0.0
2030,Agri03_No-till,DE6,0.0
2030,Agri03_No-till,DE7,0.0
2030,Agri03_No-till,DE8,0.0
2030,Agri03_No-till,DE9,0.0
2030,Agri03_No-till,DEA,0.0
2030,Agri03_No-till,DEB,0.0
2030,Agri03_No-till,DEC,0.0
2030,Agri03_No-till,DEE,0.0
2030,Agri03_No-till,DED,0.0
2030,Agri03_No-till,DEF,0.0
2030,Agri03_No-till,DEG,0.0
2030,Agri04_toGrassland,DE1,423.73009419735797
2030,Agri04_toGrassland,DE2,789.707820285037
2030,Agri04_toGrassland,DE3,114.31288594046504
2030,Agri04_toGrassland,DE4,388.83827143649887
2030,Agri04_toGrassland,DE5,54.37008373975051
2030,Agri04_toGrassland,DE6,8.221858224196916
2030,Agri04_toGrassland,DE7,191.07530372499062
2030,Agri04_toGrassland,DE8,407.3437842703856
2030,Agri04_toGrassland,DE9,670.6305211967527
2030,Agri04_toGrassland,DEA,436.37286089232384
2030,Agri04_toGrassland,DEB,239.08830466949706
2030,Agri04_toGrassland,DEC,94.07404271861729
2030,Agri04_toGrassland,DEE,326.95548398118683
2030,Agri04_toGrassland,DED,262.61915480660707
2030,Agri04_toGrassland,DEF,213.21487212554328
2030,Agri04_toGrassland,DEG,170.464173386386
2030,Agri05_Agroforestry,DE1,10891.328685907092
2030,Agri05_Agroforestry,DE2,14868.74699206753
2030,Agri05_Agroforestry,DE3,94.54500000000002
2030,Agri05_Agroforestry,DE4,10944.877016859682
2030,Agri05_Agroforestry,DE5,776.162
2030,Agri05_Agroforestry,DE6,359.65063001019905
2030,Agri05_Agroforestry,DE7,3001.268290299341
2030,Agri05_Agroforestry,DE8,10643.072056790023
2030,Agri05_Agroforestry,DE9,13504.452443008655
2030,Agri05_Agroforestry,DEA,10958.557870643537
2030,Agri05_Agroforestry,DEB,6905.7281687450895
2030,Agri05_Agroforestry,DEC,3458.3510000000006
2030,Agri05_Agroforestry,DEE,7961.914941942628
2030,Agri05_Agroforestry,DED,7202.974858573306
2030,Agri05_Agroforestry,DEF,2319.4104144865637
2030,Agri05_Agroforestry,DEG,1854.7990470572315
2030,Agri06_Biochar,DE1,0.0
2030,Agri06_Biochar,DE2,0.0
2030,Agri06_Biochar,DE3,0.0
2030,Agri06_Biochar,DE4,0.0
2030,Agri06_Biochar,DE5,0.0
2030,Agri06_Biochar,DE6,0.0
2030,Agri06_Biochar,DE7,0.0
2030,Agri06_Biochar,DE8,0.0
2030,Agri06_Biochar,DE9,0.0
2030,Agri06_Biochar,DEA,0.0
2030,Agri06_Biochar,DEB,0.0
2030,Agri06_Biochar,DEC,0.0
2030,Agri06_Biochar,DEE,0.0
2030,Agri06_Biochar,DED,0.0
2030,Agri06_Biochar,DEF,0.0
2030,Agri06_Biochar,DEG,0.0
2031,Agri01_AGC,DE1,47328.49993685897
2031,Agri01_AGC,DE2,116781.2752594858
2031,Agri01_AGC,DE3,0.0
2031,Agri01_AGC,DE4,38959.040331148964
2031,Agri01_AGC,DE5,0.0
2031,Agri01_AGC,DE6,199.61386457496897
2031,Agri01_AGC,DE7,27838.456668547155
2031,Agri01_AGC,DE8,45710.1484026072
2031,Agri01_AGC,DE9,99786.86015417811
2031,Agri01_AGC,DEA,48424.79128004979
2031,Agri01_AGC,DEB,24176.867590483773
2031,Agri01_AGC,DEC,0.0
2031,Agri01_AGC,DEE,39523.68265628976
2031,Agri01_AGC,DED,26074.31784207674
2031,Agri01_AGC,DEF,30343.055311881704
2031,Agri01_AGC,DEG,24259.423691453718
2031,Agri02_OFC,DE1,20017.869039017507
2031,Agri02_OFC,DE2,32990.594706257005
2031,Agri02_OFC,DE3,9050.0306343433
2031,Agri02_OFC,DE4,19125.13278538888
2031,Agri02_OFC,DE5,4228.389339762145
2031,Agri02_OFC,DE6,506.3421687025651
2031,Agri02_OFC,DE7,7508.181981995114
2031,Agri02_OFC,DE8,19381.23628810957
2031,Agri02_OFC,DE9,28713.89881509116
2031,Agri02_OFC,DEA,20410.223083058558
2031,Agri02_OFC,DEB,11899.532414128162
2031,Agri02_OFC,DEC,6717.022495990098
2031,Agri02_OFC,DEE,15094.642472876996
2031,Agri02_OFC,DED,12766.632295591982
2031,Agri02_OFC,DEF,7559.531945166416
2031,Agri02_OFC,DEG,6044.158065027541
2031,Agri03_No-till,DE1,0.0
2031,Agri03_No-till,DE2,0.0
2031,Agri03_No-till,DE3,0.0
2031,Agri03_No-till,DE4,0.0
2031,Agri03_No-till,DE5,0.0
2031,Agri03_No-till,DE6,0.0
2031,Agri03_No-till,DE7,0.0
2031,Agri03_No-till,DE8,0.0
2031,Agri03_No-till,DE9,0.0
2031,Agri03_No-till,DEA,0.0
2031,Agri03_No-till,DEB,0.0
2031,Agri03_No-till,DEC,0.0
2031,Agri03_No-till,DEE,0.0
2031,Agri03_No-till,DED,0.0
2031,Agri03_No-till,DEF,0.0
2031,Agri03_No-till,DEG,0.0
2031,Agri04_toGrassland,DE1,473.310200685081
2031,Agri04_toGrassland,DE2,867.9920621521858
2031,Agri04_toGrassland,DE3,139.62497609431406
2031,Agri04_toGrassland,DE4,436.80705848791536
2031,Agri04_toGrassland,DE5,66.16047914475564
2031,Agri04_toGrassland,DE6,9.56956966655021
2031,Agri04_toGrassland,DE7,208.46606824468745
2031,Agri04_toGrassland,DE8,455.45622085391744
2031,Agri04_toGrassland,DE9,739.3928979313722
2031,Agri04_toGrassland,DEA,486.762087799145
2031,Agri04_toGrassland,DEB,269.04083202365626
2031,Agri04_toGrassland,DEC,112.5148063911184
2031,Agri04_toGrassland,DEE,364.06284605296366
2031,Agri04_toGrassland,DED,294.525192337517
2031,Agri04_toGrassland,DEF,229.94334684629106
2031,Agri04_toGrassland,DEG,183.83965212759202
2031,Agri05_Agroforestry,DE1,12827.108652831937
2031,Agri05_Agroforestry,DE2,17116.481335946137
2031,Agri05_Agroforestry,DE3,94.54500000000002
2031,Agri05_Agroforestry,DE4,12959.311958509206
2031,Agri05_Agroforestry,DE5,776.162
2031,Agri05_Agroforestry,DE6,434.36325521767435
2031,Agri05_Agroforestry,DE7,3395.753431076384
2031,Agri05_Agroforestry,DE8,12547.307842511798
2031,Agri05_Agroforestry,DE9,15633.110219806402
2031,Agri05_Agroforestry,DEA,12887.53764176559
2031,Agri05_Agroforestry,DEB,8188.435423905845
2031,Agri05_Agroforestry,DEC,3458.3510000000006
2031,Agri05_Agroforestry,DEE,9344.88104525433
2031,Agri05_Agroforestry,DED,8516.138311889441
2031,Agri05_Agroforestry,DEF,2501.704720984061
2031,Agri05_Agroforestry,DEG,2000.6532463053697
2031,Agri06_Biochar,DE1,0.0
2031,Agri06_Biochar,DE2,0.0
2031,Agri06_Biochar,DE3,0.0
2031,Agri06_Biochar,DE4,0.0
2031,Agri06_Biochar,DE5,0.0
2031,Agri06_Biochar,DE6,0.0
2031,Agri06_Biochar,DE7,0.0
2031,Agri06_Biochar,DE8,0.0
2031,Agri06_Biochar,DE9,0.0
2031,Agri06_Biochar,DEA,0.0
2031,Agri06_Biochar,DEB,0.0
2031,Agri06_Biochar,DEC,0.0
2031,Agri06_Biochar,DEE,0.0
2031,Agri06_Biochar,DED,0.0
2031,Agri06_Biochar,DEF,0.0
2031,Agri06_Biochar,DEG,0.0
2032,Agri01_AGC,DE1,54866.053314530116
2032,Agri01_AGC,DE2,128357.71712002615
2032,Agri01_AGC,DE3,0.0
2032,Agri01_AGC,DE4,46308.50625300445
2032,Agri01_AGC,DE5,0.0
2032,Agri01_AGC,DE6,413.37996282567985
2032,Agri01_AGC,DE7,30368.026638335883
2032,Agri01_AGC,DE8,53034.92440954532
2032,Agri01_AGC,DE9,110017.23858897918
2032,Agri01_AGC,DEA,56069.9288687979
2032,Agri01_AGC,DEB,28775.98727858126
2032,Agri01_AGC,DEC,324.5083622793609
2032,Agri01_AGC,DEE,45138.58178077408
2032,Agri01_AGC,DED,30952.017768291124
2032,Agri01_AGC,DEF,32697.075030604185
2032,Agri01_AGC,DEG,26141.65157022464
2032,Agri02_OFC,DE1,25366.651343516503
2032,Agri02_OFC,DE2,41205.44430933217
2032,Agri02_OFC,DE3,11975.68584943753
2032,Agri02_OFC,DE4,24340.44487681512
2032,Agri02_OFC,DE5,5589.016198342073
2032,Agri02_OFC,DE6,658.0344044102831
2032,Agri02_OFC,DE7,9303.209945906974
2032,Agri02_OFC,DE8,24579.027975580753
2032,Agri02_OFC,DE9,35973.55780503502
2032,Agri02_OFC,DEA,25835.349062437075
2032,Agri02_OFC,DEB,15163.149767318868
2032,Agri02_OFC,DEC,8827.84182960393
2032,Agri02_OFC,DEE,19079.075029939406
2032,Agri02_OFC,DED,16227.935154060418
2032,Agri02_OFC,DEF,9229.986320089167
2032,Agri02_OFC,DEG,7379.820536198678
2032,Agri03_No-till,DE1,0.0
2032,Agri03_No-till,DE2,0.0
2032,Agri03_No-till,DE3,0.0
2032,Agri03_No-till,DE4,0.0
2032,Agri03_No-till,DE5,0.0
2032,Agri03_No-till,DE6,0.0
2032,Agri03_No-till,DE7,0.0
2032,Agri03_No-till,DE8,0.0
2032,Agri03_No-till,DE9,0.0
2032,Agri03_No-till,DEA,0.0
2032,Agri03_No-till,DEB,0.0
2032,Agri03_No-till,DEC,0.0
2032,Agri03_No-till,DEE,0.0
2032,Agri03_No-till,DED,0.0
2032,Agri03_No-till,DEF,0.0
2032,Agri03_No-till,DEG,0.0
2032,Agri04_toGrassland,DE1,524.2006884578925
2032,Agri04_toGrassland,DE2,946.1514785354518
2032,Agri04_toGrassland,DE3,167.46084834994537
2032,Agri04_toGrassland,DE4,486.4276564316531
2032,Agri04_toGrassland,DE5,79.10603582812988
2032,Agri04_toGrassland,DE6,11.012831221618704
2032,Agri04_toGrassland,DE7,225.54469351842025
2032,Agri04_toGrassland,DE8,504.91012255681176
2032,Agri04_toGrassland,DE9,808.4642427777998
2032,Agri04_toGrassland,DEA,538.3789403091641
2032,Agri04_toGrassland,DEB,300.0922133573081
2032,Agri04_toGrassland,DEC,132.59799904555393
2032,Agri04_toGrassland,DEE,401.97235606540556
2032,Agri04_toGrassland,DED,327.4574338775632
2032,Agri04_toGrassland,DEF,245.83672838671038
2032,Agri04_toGrassland,DEG,196.54768748744667
2032,Agri05_Agroforestry,DE1,14916.824455817536
2032,Agri05_Agroforestry,DE2,19502.553797037806
2032,Agri05_Agroforestry,DE3,94.54500000000002
2032,Agri05_Agroforestry,DE4,15141.010034697558
2032,Agri05_Agroforestry,DE5,776.162
2032,Agri05_Agroforestry,DE6,516.1208917354143
2032,Agri05_Agroforestry,DE7,3807.3946285347192
2032,Agri05_Agroforestry,DE8,14604.25791551408
2032,Agri05_Agroforestry,DE9,17903.261184330855
2032,Agri05_Agroforestry,DEA,14967.994500898132
2032,Agri05_Agroforestry,DEB,9578.803486027735
2032,Agri05_Agroforestry,DEC,3458.3510000000006
2032,Agri05_Agroforestry,DEE,10834.53344113284
2032,Agri05_Agroforestry,DED,9937.095577470813
2032,Agri05_Agroforestry,DEF,2674.97234839953
2032,Agri05_Agroforestry,DEG,2139.302771833947
2032,Agri06_Biochar,DE1,0.0
2032,Agri06_Biochar,DE2,0.0
2032,Agri06_Biochar,DE3,0.0
2032,Agri06_Biochar,DE4,0.0
2032,Agri06_Biochar,DE5,0.0
2032,Agri06_Biochar,DE6,0.0
2032,Agri06_Biochar,DE7,0.0
2032,Agri06_Biochar,DE8,0.0
2032,Agri06_Biochar,DE9,0.0
2032,Agri06_Biochar,DEA,0.0
2032,Agri06_Biochar,DEB,0.0
2032,Agri06_Biochar,DEC,0.0
2032,Agri06_Biochar,DEE,0.0
2032,Agri06_Biochar,DED,0.0
2032,Agri06_Biochar,DEF,0.0
2032,Agri06_Biochar,DEG,0.0
2033,Agri01_AGC,DE1,62597.69146744552
2033,Agri01_AGC,DE2,139915.670677765
2033,Agri01_AGC,DE3,257.9464000000001
2033,Agri01_AGC,DE4,53902.62718438299
2033,Agri01_AGC,DE5,829.3232000000003
2033,Agri01_AGC,DE6,641.2982947521327
2033,Agri01_AGC,DE7,32851.36466320352
2033,Agri01_AGC,DE8,60558.389118124855
2033,Agri01_AGC,DE9,120293.37928184992
2033,Agri01_AGC,DEA,63896.894023302695
2033,Agri01_AGC,DEB,33537.86175420737
2033,Agri01_AGC,DEC,3542.3598687983103
2033,Agri01_AGC,DEE,50872.289609677675
2033,Agri01_AGC,DED,35981.71206189644
2033,Agri01_AGC,DEF,34927.40641978745
2033,Agri01_AGC,DEG,27925.02226892748
2033,Agri02_OFC,DE1,30853.159665913347
2033,Agri02_OFC,DE2,49407.1742830117
2033,Agri02_OFC,DE3,15166.600087135123
2033,Agri02_OFC,DE4,29729.36852627297
2033,Agri02_OFC,DE5,7071.054866377757
2033,Agri02_OFC,DE6,819.7693175308316
2033,Agri02_OFC,DE7,11065.430897184066
2033,Agri02_OFC,DE8,29917.812709229453
2033,Agri02_OFC,DE9,43265.69050944731
2033,Agri02_OFC,DEA,31389.503125261144
2033,Agri02_OFC,DEB,18542.26082037304
2033,Agri02_OFC,DEC,11111.286647064288
2033,Agri02_OFC,DEE,23147.81636253908
2033,Agri02_OFC,DED,19797.09592635703
2033,Agri02_OFC,DEF,10812.669250464374
2033,Agri02_OFC,DEG,8645.332189335517
2033,Agri03_No-till,DE1,0.0
2033,Agri03_No-till,DE2,0.0
2033,Agri03_No-till,DE3,0.0
2033,Agri03_No-till,DE4,0.0
2033,Agri03_No-till,DE5,0.0
2033,Agri03_No-till,DE6,0.0
2033,Agri03_No-till,DE7,0.0
2033,Agri03_No-till,DE8,0.0
2033,Agri03_No-till,DE9,0.0
2033,Agri03_No-till,DEA,0.0
2033,Agri03_No-till,DEB,0.0
2033,Agri03_No-till,DEC,0.0
2033,Agri03_No-till,DEE,0.0
2033,Agri03_No-till,DED,0.0
2033,Agri03_No-till,DEF,0.0
2033,Agri03_No-till,DEG,0.0
2033,Agri04_toGrassland,DE1,576.4015575157927
2033,Agri04_toGrassland,DE2,1024.1860694348352
2033,Agri04_toGrassland,DE3,197.82050270735894
2033,Agri04_toGrassland,DE4,537.7000652677119
2033,Agri04_toGrassland,DE5,93.20675378987322
2033,Agri04_toGrassland,DE6,12.551642889402398
2033,Agri04_toGrassland,DE7,242.311179546189
2033,Agri04_toGrassland,DE8,555.7054893790685
2033,Agri04_toGrassland,DE9,877.8445557360353
2033,Agri04_toGrassland,DEA,591.2234184223812
2033,Agri04_toGrassland,DEB,332.2424486704525
2033,Agri04_toGrassland,DEC,154.3236206819239
2033,Agri04_toGrassland,DEE,440.6840140185126
2033,Agri04_toGrassland,DED,361.41587942674556
2033,Agri04_toGrassland,DEF,260.8950167468012
2033,Agri04_toGrassland,DEG,208.58827946594994
2033,Agri05_Agroforestry,DE1,17160.476094863887
2033,Agri05_Agroforestry,DE2,22026.96437534254
2033,Agri05_Agroforestry,DE3,94.54500000000002
2033,Agri05_Agroforestry,DE4,17489.97124542474
2033,Agri05_Agroforestry,DE5,776.162
2033,Agri05_Agroforestry,DE6,604.9235395634188
2033,Agri05_Agroforestry,DE7,4236.191882674347
2033,Agri05_Agroforestry,DE8,16813.922275796864
2033,Agri05_Agroforestry,DE9,20314.905336582015
2033,Agri05_Agroforestry,DEA,17199.928448041166
2033,Agri05_Agroforestry,DEB,11076.83235511076
2033,Agri05_Agroforestry,DEC,3458.3510000000006
2033,Agri05_Agroforestry,DEE,12430.872129578158
2033,Agri05_Agroforestry,DED,11465.846655317422
2033,Agri05_Agroforestry,DEF,2839.21329673297
2033,Agri05_Agroforestry,DEG,2270.7476236429634
2033,Agri06_Biochar,DE1,0.0
2033,Agri06_Biochar,DE2,0.0
2033,Agri06_Biochar,DE3,0.0
2033,Agri06_Biochar,DE4,0.0
2033,Agri06_Biochar,DE5,0.0
2033,Agri06_Biochar,DE6,0.0
2033,Agri06_Biochar,DE7,0.0
2033,Agri06_Biochar,DE8,0.0
2033,Agri06_Biochar,DE9,0.0
2033,Agri06_Biochar,DEA,0.0
2033,Agri06_Biochar,DEB,0.0
2033,Agri06_Biochar,DEC,0.0
2033,Agri06_Biochar,DEE,0.0
2033,Agri06_Biochar,DED,0.0
2033,Agri06_Biochar,DEF,0.0
2033,Agri06_Biochar,DEG,0.0
2034,Agri01_AGC,DE1,70523.41439560517
2034,Agri01_AGC,DE2,151455.13593270237
2034,Agri01_AGC,DE3,257.9464000000001
2034,Agri01_AGC,DE4,61741.40312528457
2034,Agri01_AGC,DE5,829.3232000000003
2034,Agri01_AGC,DE6,883.3688603543276
2034,Agri01_AGC,DE7,35288.47074315007
2034,Agri01_AGC,DE8,68280.5425283458
2034,Agri01_AGC,DE9,130615.28223279034
2034,Agri01_AGC,DEA,71905.68674356416
2034,Agri01_AGC,DEB,38462.4910173621
2034,Agri01_AGC,DEC,7003.476800000001
2034,Agri01_AGC,DEE,56724.80614300053
2034,Agri01_AGC,DED,41163.400722892686
2034,Agri01_AGC,DEF,37034.049479431495
2034,Agri01_AGC,DEG,29609.535787562243
2034,Agri02_OFC,DE1,36477.39400620804
2034,Agri02_OFC,DE2,57595.784627295594
2034,Agri02_OFC,DE3,18622.773347436076
2034,Agri02_OFC,DE4,35291.90373376243
2034,Agri02_OFC,DE5,8674.505343869198
2034,Agri02_OFC,DE6,991.5469080642107
2034,Agri02_OFC,DE7,12794.84483582639
2034,Agri02_OFC,DE8,35397.59048905567
2034,Agri02_OFC,DE9,50590.296928328025
2034,Agri02_OFC,DEA,37072.68527153076
2034,Agri02_OFC,DEB,22036.86557329068
2034,Agri02_OFC,DEC,13567.356948371169
2034,Agri02_OFC,DEE,27300.86647067602
2034,Agri02_OFC,DED,23474.11461248182
2034,Agri02_OFC,DEF,12307.58073629204
2034,Agri02_OFC,DEG,9840.693024438056
2034,Agri03_No-till,DE1,0.0
2034,Agri03_No-till,DE2,0.0
2034,Agri03_No-till,DE3,0.0
2034,Agri03_No-till,DE4,0.0
2034,Agri03_No-till,DE5,0.0
2034,Agri03_No-till,DE6,0.0
2034,Agri03_No-till,DE7,0.0
2034,Agri03_No-till,DE8,0.0
2034,Agri03_No-till,DE9,0.0
2034,Agri03_No-till,DEA,0.0
2034,Agri03_No-till,DEB,0.0
2034,Agri03_No-till,DEC,0.0
2034,Agri03_No-till,DEE,0.0
2034,Agri03_No-till,DED,0.0
2034,Agri03_No-till,DEF,0.0
2034,Agri03_No-till,DEG,0.0
2034,Agri04_toGrassland,DE1,629.9128078587814
2034,Agri04_toGrassland,DE2,1102.095834850336
2034,Agri04_toGrassland,DE3,230.7039391665548
2034,Agri04_toGrassland,DE4,590.624284996092
2034,Agri04_toGrassland,DE5,108.46263302998567
2034,Agri04_toGrassland,DE6,14.186004669901294
2034,Agri04_toGrassland,DE7,258.7655263279937
2034,Agri04_toGrassland,DE8,607.8423213206876
2034,Agri04_toGrassland,DE9,947.533836806079
2034,Agri04_toGrassland,DEA,645.2955221387963
2034,Agri04_toGrassland,DEB,365.49153796308957
2034,Agri04_toGrassland,DEC,177.6916713002283
2034,Agri04_toGrassland,DEE,480.19781991228473
2034,Agri04_toGrassland,DED,396.40052898506417
2034,Agri04_toGrassland,DEF,275.1182119265636
2034,Agri04_toGrassland,DEG,219.96142806310183
2034,Agri05_Agroforestry,DE1,19558.06356997099
2034,Agri05_Agroforestry,DE2,24689.713070860336
2034,Agri05_Agroforestry,DE3,94.54500000000002
2034,Agri05_Agroforestry,DE4,20006.195590690746
2034,Agri05_Agroforestry,DE5,776.162
2034,Agri05_Agroforestry,DE6,628.319
2034,Agri05_Agroforestry,DE7,4682.145193495267
2034,Agri05_Agroforestry,DE8,19176.300923360155
2034,Agri05_Agroforestry,DE9,22868.04267655988
2034,Agri05_Agroforestry,DEA,19583.33948319469
2034,Agri05_Agroforestry,DEB,12682.522031154922
2034,Agri05_Agroforestry,DEC,3458.3510000000006
2034,Agri05_Agroforestry,DEE,14133.897110590282
2034,Agri05_Agroforestry,DED,13102.39154542927
2034,Agri05_Agroforestry,DEF,2994.4275659843806
2034,Agri05_Agroforestry,DEG,2394.987801732419
2034,Agri06_Biochar,DE1,0.0
2034,Agri06_Biochar,DE2,0.0
2034,Agri06_Biochar,DE3,0.0
2034,Agri06_Biochar,DE4,0.0
2034,Agri06_Biochar,DE5,0.0
2034,Agri06_Biochar,DE6,0.0
2034,Agri06_Biochar,DE7,0.0
2034,Agri06_Biochar,DE8,0.0
2034,Agri06_Biochar,DE9,0.0
2034,Agri06_Biochar,DEA,0.0
2034,Agri06_Biochar,DEB,0.0
2034,Agri06_Biochar,DEC,0.0
2034,Agri06_Biochar,DEE,0.0
2034,Agri06_Biochar,DED,0.0
2034,Agri06_Biochar,DEF,0.0
2034,Agri06_Biochar,DEG,0.0
2035,Agri01_AGC,DE1,78643.22209900907
2035,Agri01_AGC,DE2,162976.11288483822
2035,Agri01_AGC,DE3,257.9464000000001
2035,Agri01_AGC,DE4,69824.8340757092
2035,Agri01_AGC,DE5,829.3232000000003
2035,Agri01_AGC,DE6,1139.5916596322643
2035,Agri01_AGC,DE7,37679.34487817553
2035,Agri01_AGC,DE8,76201.38464020817
2035,Agri01_AGC,DE9,140982.94744180044
2035,Agri01_AGC,DEA,80096.30702958231
2035,Agri01_AGC,DEB,43549.87506804547
2035,Agri01_AGC,DEC,7003.476800000001
2035,Agri01_AGC,DEE,62696.131380742656
2035,Agri01_AGC,DED,46497.08375127986
2035,Agri01_AGC,DEF,39017.00420953633
2035,Agri01_AGC,DEG,31195.192126128924
2035,Agri02_OFC,DE1,42239.35436440058
2035,Agri02_OFC,DE2,65771.27534218386
2035,Agri02_OFC,DE3,22344.20563034039
2035,Agri02_OFC,DE4,41028.0504992835
2035,Agri02_OFC,DE5,10399.367630816396
2035,Agri02_OFC,DE6,1173.3671760104205
2035,Agri02_OFC,DE7,14491.451761833947
2035,Agri02_OFC,DE8,41018.3613150594
2035,Agri02_OFC,DE9,57947.37706167717
2035,Agri02_OFC,DEA,42884.895501245934
2035,Agri02_OFC,DEB,25646.964026071786
2035,Agri02_OFC,DEC,16196.052733524573
2035,Agri02_OFC,DEE,31538.225354350223
2035,Agri02_OFC,DED,27258.991212434783
2035,Agri02_OFC,DEF,13714.720777572165
2035,Agri02_OFC,DEG,10965.903041506297
2035,Agri03_No-till,DE1,0.0
2035,Agri03_No-till,DE2,0.0
2035,Agri03_No-till,DE3,0.0
2035,Agri03_No-till,DE4,0.0
2035,Agri03_No-till,DE5,0.0
2035,Agri03_No-till,DE6,0.0
2035,Agri03_No-till,DE7,0.0
2035,Agri03_No-till,DE8,0.0
2035,Agri03_No-till,DE9,0.0
2035,Agri03_No-till,DEA,0.0
2035,Agri03_No-till,DEB,0.0
2035,Agri03_No-till,DEC,0.0
2035,Agri03_No-till,DEE,0.0
2035,Agri03_No-till,DED,0.0
2035,Agri03_No-till,DEF,0.0
2035,Agri03_No-till,DEG,0.0
2035,Agri04_toGrassland,DE1,684.7344394868587
2035,Agri04_toGrassland,DE2,1179.880774781954
2035,Agri04_toGrassland,DE3,266.11115772753294
2035,Agri04_toGrassland,DE4,645.2003156167933
2035,Agri04_toGrassland,DE5,124.87367354846722
2035,Agri04_toGrassland,DE6,15.91591656311539
2035,Agri04_toGrassland,DE7,274.9077338638344
2035,Agri04_toGrassland,DE8,661.3206183816692
2035,Agri04_toGrassland,DE9,1017.5320859879306
2035,Agri04_toGrassland,DEA,700.5952514584093
2035,Agri04_toGrassland,DEB,399.8394812352193
2035,Agri04_toGrassland,DEC,202.70215090046713
2035,Agri04_toGrassland,DEE,520.513773746722
2035,Agri04_toGrassland,DED,432.411382552519
2035,Agri04_toGrassland,DEF,288.5063139259975
2035,Agri04_toGrassland,DEG,230.66713327890236
2035,Agri05_Agroforestry,DE1,22109.586881138843
2035,Agri05_Agroforestry,DE2,27490.799883591197
2035,Agri05_Agroforestry,DE3,94.54500000000002
2035,Agri05_Agroforestry,DE4,22689.683070495583
2035,Agri05_Agroforestry,DE5,776.162
2035,Agri05_Agroforestry,DE6,628.319
2035,Agri05_Agroforestry,DE7,5145.25456099748
2035,Agri05_Agroforestry,DE8,21691.39385820395
2035,Agri05_Agroforestry,DE9,25562.67320426445
2035,Agri05_Agroforestry,DEA,22118.227606358705
2035,Agri05_Agroforestry,DEB,14395.872514160219
2035,Agri05_Agroforestry,DEC,3458.3510000000006
2035,Agri05_Agroforestry,DEE,15943.608384169214
2035,Agri05_Agroforestry,DED,14846.730247806352
2035,Agri05_Agroforestry,DEF,3140.6151561537627
2035,Agri05_Agroforestry,DEG,2512.0233061023137
2035,Agri06_Biochar,DE1,0.0
2035,Agri06_Biochar,DE2,0.0
2035,Agri06_Biochar,DE3,0.0
2035,Agri06_Biochar,DE4,0.0
2035,Agri06_Biochar,DE5,0.0
2035,Agri06_Biochar,DE6,0.0
2035,Agri06_Biochar,DE7,0.0
2035,Agri06_Biochar,DE8,0.0
2035,Agri06_Biochar,DE9,0.0
2035,Agri06_Biochar,DEA,0.0
2035,Agri06_Biochar,DEB,0.0
2035,Agri06_Biochar,DEC,0.0
2035,Agri06_Biochar,DEE,0.0
2035,Agri06_Biochar,DED,0.0
2035,Agri06_Biochar,DEF,0.0
2035,Agri06_Biochar,DEG,0.0
2036,Agri01_AGC,DE1,86957.11457765722
2036,Agri01_AGC,DE2,174478.6015341726
2036,Agri01_AGC,DE3,257.9464000000001
2036,Agri01_AGC,DE4,78152.92003565686
2036,Agri01_AGC,DE5,829.3232000000003
2036,Agri01_AGC,DE6,1362.1976
2036,Agri01_AGC,DE7,40023.9870682799
2036,Agri01_AGC,DE8,84320.91545371195
2036,Agri01_AGC,DE9,151396.3749088802
2036,Agri01_AGC,DEA,88468.75488135713
2036,Agri01_AGC,DEB,48800.01390625746
2036,Agri01_AGC,DEC,7003.476800000001
2036,Agri01_AGC,DEE,68786.26532290404
2036,Agri01_AGC,DED,51982.761147057965
2036,Agri01_AGC,DEF,40876.27061010195
2036,Agri01_AGC,DEG,32681.991284627522
2036,Agri02_OFC,DE1,48139.040740490964
2036,Agri02_OFC,DE2,73933.64642767649
2036,Agri02_OFC,DE3,26330.896935848068
2036,Agri02_OFC,DE4,46937.808822836174
2036,Agri02_OFC,DE5,12245.64172721935
2036,Agri02_OFC,DE6,1365.230121369461
2036,Agri02_OFC,DE7,16155.251675206737
2036,Agri02_OFC,DE8,46780.12518724065
2036,Agri02_OFC,DE9,65336.930909494746
2036,Agri02_OFC,DEA,48826.133814406654
2036,Agri02_OFC,DEB,29372.556178716357
2036,Agri02_OFC,DEC,18997.374002524502
2036,Agri02_OFC,DEE,35859.89301356169
2036,Agri02_OFC,DED,31151.725726215922
2036,Agri02_OFC,DEF,15034.089374304747
2036,Agri02_OFC,DEG,12020.962240540239
2036,Agri03_No-till,DE1,0.0
2036,Agri03_No-till,DE2,0.0
2036,Agri03_No-till,DE3,0.0
2036,Agri03_No-till,DE4,0.0
2036,Agri03_No-till,DE5,0.0
2036,Agri03_No-till,DE6,0.0
2036,Agri03_No-till,DE7,0.0
2036,Agri03_No-till,DE8,0.0
2036,Agri03_No-till,DE9,0.0
2036,Agri03_No-till,DEA,0.0
2036,Agri03_No-till,DEB,0.0
2036,Agri03_No-till,DEC,0.0
2036,Agri03_No-till,DEE,0.0
2036,Agri03_No-till,DED,0.0
2036,Agri03_No-till,DEF,0.0
2036,Agri03_No-till,DEG,0.0
2036,Agri04_toGrassland,DE1,740.8664524000246
2036,Agri04_toGrassland,DE2,1257.5408892296891
2036,Agri04_toGrassland,DE3,304.04215839029337
2036,Agri04_toGrassland,DE4,701.4281571298158
2036,Agri04_toGrassland,DE5,142.4398753453179
2036,Agri04_toGrassland,DE6,17.741378569044684
2036,Agri04_toGrassland,DE7,290.737802153711
2036,Agri04_toGrassland,DE8,716.1403805620132
2036,Agri04_toGrassland,DE9,1087.8393032815902
2036,Agri04_toGrassland,DEA,757.1226063812202
2036,Agri04_toGrassland,DEB,435.28627848684164
2036,Agri04_toGrassland,DEC,229.3550594826404
2036,Agri04_toGrassland,DEE,561.6318755218243
2036,Agri04_toGrassland,DED,469.44844012911005
2036,Agri04_toGrassland,DEF,301.059322745103
2036,Agri04_toGrassland,DEG,240.7053951133515
2036,Agri05_Agroforestry,DE1,24815.046028367447
2036,Agri05_Agroforestry,DE2,30430.224813535122
2036,Agri05_Agroforestry,DE3,94.54500000000002
2036,Agri05_Agroforestry,DE4,25540.43368483925
2036,Agri05_Agroforestry,DE5,776.162
2036,Agri05_Agroforestry,DE6,628.319
2036,Agri05_Agroforestry,DE7,5625.519985180986
2036,Agri05_Agroforestry,DE8,24359.201080328246
2036,Agri05_Agroforestry,DE9,28398.796919695727
2036,Agri05_Agroforestry,DEA,24804.592817533212
2036,Agri05_Agroforestry,DEB,16216.883804126652
2036,Agri05_Agroforestry,DEC,3458.3510000000006
2036,Agri05_Agroforestry,DEE,17156.976000000002
2036,Agri05_Agroforestry,DED,16698.862762448673
2036,Agri05_Agroforestry,DEF,3277.776067241116
2036,Agri05_Agroforestry,DEG,2621.8541367526473
2036,Agri06_Biochar,DE1,0.0
2036,Agri06_Biochar,DE2,0.0
2036,Agri06_Biochar,DE3,0.0
2036,Agri06_Biochar,DE4,0.0
2036,Agri06_Biochar,DE5,0.0
2036,Agri06_Biochar,DE6,0.0
2036,Agri06_Biochar,DE7,0.0
2036,Agri06_Biochar,DE8,0.0
2036,Agri06_Biochar,DE9,0.0
2036,Agri06_Biochar,DEA,0.0
2036,Agri06_Biochar,DEB,0.0
2036,Agri06_Biochar,DEC,0.0
2036,Agri06_Biochar,DEE,0.0
2036,Agri06_Biochar,DED,0.0
2036,Agri06_Biochar,DEF,0.0
2036,Agri06_Biochar,DEG,0.0
2037,Agri01_AGC,DE1,95465.09183154962
2037,Agri01_AGC,DE2,185962.60188070548
2037,Agri01_AGC,DE3,257.9464000000001
2037,Agri01_AGC,DE4,86725.66100512758
2037,Agri01_AGC,DE5,829.3232000000003
2037,Agri01_AGC,DE6,1362.1976
2037,Agri01_AGC,DE7,42322.39731346318
2037,Agri01_AGC,DE8,92639.13496885714
2037,Agri01_AGC,DE9,161855.5646340297
2037,Agri01_AGC,DEA,97023.03029888864
2037,Agri01_AGC,DEB,54212.90753199808
2037,Agri01_AGC,DEC,7003.476800000001
2037,Agri01_AGC,DEE,74995.2079694847
2037,Agri01_AGC,DED,57620.432910227
2037,Agri01_AGC,DEF,42611.84868112835
2037,Agri01_AGC,DEG,34069.93326305804
2037,Agri02_OFC,DE1,54176.4531344792
2037,Agri02_OFC,DE2,82082.89788377348
2037,Agri02_OFC,DE3,30582.847263959105
2037,Agri02_OFC,DE4,53021.178704420454
2037,Agri02_OFC,DE5,14213.32763307806
2037,Agri02_OFC,DE6,1567.135744141332
2037,Agri02_OFC,DE7,17786.24457594476
2037,Agri02_OFC,DE8,52682.88210559942
2037,Agri02_OFC,DE9,72758.95847178074
2037,Agri02_OFC,DEA,54896.40021101293
2037,Agri02_OFC,DEB,33213.64203122439
2037,Agri02_OFC,DEC,21971.320755370954
2037,Agri02_OFC,DEE,40265.86944831042
2037,Agri02_OFC,DED,35152.31815382524
2037,Agri02_OFC,DEF,16265.686526489788
2037,Agri02_OFC,DEG,13005.870621539882
2037,Agri03_No-till,DE1,0.0
2037,Agri03_No-till,DE2,0.0
2037,Agri03_No-till,DE3,0.0
2037,Agri03_No-till,DE4,0.0
2037,Agri03_No-till,DE5,0.0
2037,Agri03_No-till,DE6,0.0
2037,Agri03_No-till,DE7,0.0
2037,Agri03_No-till,DE8,0.0
2037,Agri03_No-till,DE9,0.0
2037,Agri03_No-till,DEA,0.0
2037,Agri03_No-till,DEB,0.0
2037,Agri03_No-till,DEC,0.0
2037,Agri03_No-till,DEE,0.0
2037,Agri03_No-till,DED,0.0
2037,Agri03_No-till,DEF,0.0
2037,Agri03_No-till,DEG,0.0
2037,Agri04_toGrassland,DE1,798.308846598279
2037,Agri04_toGrassland,DE2,1335.0761781935416
2037,Agri04_toGrassland,DE3,344.49694115483607
2037,Agri04_toGrassland,DE4,759.3078095351594
2037,Agri04_toGrassland,DE5,161.16123842053764
2037,Agri04_toGrassland,DE6,19.662390687689182
2037,Agri04_toGrassland,DE7,306.2557311976236
2037,Agri04_toGrassland,DE8,772.3016078617196
2037,Agri04_toGrassland,DE9,1158.455488687058
2037,Agri04_toGrassland,DEA,814.8775869072291
2037,Agri04_toGrassland,DEB,471.8319297179566
2037,Agri04_toGrassland,DEC,257.6503970467481
2037,Agri04_toGrassland,DEE,603.5521252375918
2037,Agri04_toGrassland,DED,507.51170171483733
2037,Agri04_toGrassland,DEF,312.77723838387993
2037,Agri04_toGrassland,DEG,250.07621356644927
2037,Agri05_Agroforestry,DE1,27674.441011656803
2037,Agri05_Agroforestry,DE2,33507.98786069211
2037,Agri05_Agroforestry,DE3,94.54500000000002
2037,Agri05_Agroforestry,DE4,28558.44743372174
2037,Agri05_Agroforestry,DE5,776.162
2037,Agri05_Agroforestry,DE6,628.319
2037,Agri05_Agroforestry,DE7,6122.941466045783
2037,Agri05_Agroforestry,DE8,27179.72258973305
2037,Agri05_Agroforestry,DE9,31376.413822853712
2037,Agri05_Agroforestry,DEA,27642.435116718207
2037,Agri05_Agroforestry,DEB,18145.55590105422
2037,Agri05_Agroforestry,DEC,3458.3510000000006
2037,Agri05_Agroforestry,DEE,17156.976000000002
2037,Agri05_Agroforestry,DED,18658.78908935623
2037,Agri05_Agroforestry,DEF,3405.91029924644
2037,Agri05_Agroforestry,DEG,2724.48029368342
2037,Agri06_Biochar,DE1,0.0
2037,Agri06_Biochar,DE2,0.0
2037,Agri06_Biochar,DE3,0.0
2037,Agri06_Biochar,DE4,0.0
2037,Agri06_Biochar,DE5,0.0
2037,Agri06_Biochar,DE6,0.0
2037,Agri06_Biochar,DE7,0.0
2037,Agri06_Biochar,DE8,0.0
2037,Agri06_Biochar,DE9,0.0
2037,Agri06_Biochar,DEA,0.0
2037,Agri06_Biochar,DEB,0.0
2037,Agri06_Biochar,DEC,0.0
2037,Agri06_Biochar,DEE,0.0
2037,Agri06_Biochar,DED,0.0
2037,Agri06_Biochar,DEF,0.0
2037,Agri06_Biochar,DEG,0.0
2038,Agri01_AGC,DE1,104167.15386068627
2038,Agri01_AGC,DE2,197428.11392443685
2038,Agri01_AGC,DE3,257.9464000000001
2038,Agri01_AGC,DE4,95543.05698412134
2038,Agri01_AGC,DE5,829.3232000000003
2038,Agri01_AGC,DE6,1362.1976
2038,Agri01_AGC,DE7,44574.57561372538
2038,Agri01_AGC,DE8,101156.04318564375
2038,Agri01_AGC,DE9,172360.51661724885
2038,Agri01_AGC,DEA,105759.13328217683
2038,Agri01_AGC,DEB,59788.55594526732
2038,Agri01_AGC,DEC,7003.476800000001
2038,Agri01_AGC,DEE,81322.95932048463
2038,Agri01_AGC,DED,63410.09904078697
2038,Agri01_AGC,DEF,44223.73842261553
2038,Agri01_AGC,DEG,35359.01806142047
2038,Agri02_OFC,DE1,60351.59154636528
2038,Agri02_OFC,DE2,90219.02971047483
2038,Agri02_OFC,DE3,35100.05661467351
2038,Agri02_OFC,DE4,59278.160144036345
2038,Agri02_OFC,DE5,16302.42534839253
2038,Agri02_OFC,DE6,1779.0840443260338
2038,Agri02_OFC,DE7,19384.43046404801
2038,Agri02_OFC,DE8,58726.6320701357
2038,Agri02_OFC,DE9,80213.45974853517
2038,Agri02_OFC,DEA,61095.69469106475
2038,Agri02_OFC,DEB,37170.2215835959
2038,Agri02_OFC,DEC,25117.89299206393
2038,Agri02_OFC,DEE,44756.15465859642
2038,Agri02_OFC,DED,39260.76849526273
2038,Agri02_OFC,DEF,17409.512234127287
2038,Agri02_OFC,DEG,13920.628184505225
2038,Agri03_No-till,DE1,0.0
2038,Agri03_No-till,DE2,0.0
2038,Agri03_No-till,DE3,0.0
2038,Agri03_No-till,DE4,0.0
2038,Agri03_No-till,DE5,0.0
2038,Agri03_No-till,DE6,0.0
2038,Agri03_No-till,DE7,0.0
2038,Agri03_No-till,DE8,0.0
2038,Agri03_No-till,DE9,0.0
2038,Agri03_No-till,DEA,0.0
2038,Agri03_No-till,DEB,0.0
2038,Agri03_No-till,DEC,0.0
2038,Agri03_No-till,DEE,0.0
2038,Agri03_No-till,DED,0.0
2038,Agri03_No-till,DEF,0.0
2038,Agri03_No-till,DEG,0.0
2038,Agri04_toGrassland,DE1,857.0616220816221
2038,Agri04_toGrassland,DE2,1412.4866416735115
2038,Agri04_toGrassland,DE3,387.47550602116104
2038,Agri04_toGrassland,DE4,818.8392728328243
2038,Agri04_toGrassland,DE5,181.03776277412652
2038,Agri04_toGrassland,DE6,21.67895291904888
2038,Agri04_toGrassland,DE7,321.4615209955722
2038,Agri04_toGrassland,DE8,829.8043002807884
2038,Agri04_toGrassland,DE9,1229.3806422043338
2038,Agri04_toGrassland,DEA,873.8601930364359
2038,Agri04_toGrassland,DEB,509.47643492856423
2038,Agri04_toGrassland,DEC,287.58816359279024
2038,Agri04_toGrassland,DEE,646.2745228940244
2038,Agri04_toGrassland,DED,546.6011673097008
2038,Agri04_toGrassland,DEF,323.66006084232845
2038,Agri04_toGrassland,DEG,258.77958863819566
2038,Agri05_Agroforestry,DE1,30687.771831006914
2038,Agri05_Agroforestry,DE2,36724.08902506217
2038,Agri05_Agroforestry,DE3,94.54500000000002
2038,Agri05_Agroforestry,DE4,31743.72431714306
2038,Agri05_Agroforestry,DE5,776.162
2038,Agri05_Agroforestry,DE6,628.319
2038,Agri05_Agroforestry,DE7,6637.519003591874
2038,Agri05_Agroforestry,DE8,30152.95838641836
2038,Agri05_Agroforestry,DE9,34495.5239137384
2038,Agri05_Agroforestry,DEA,30631.754503913693
2038,Agri05_Agroforestry,DEB,20181.888804942922
2038,Agri05_Agroforestry,DEC,3458.3510000000006
2038,Agri05_Agroforestry,DEE,17156.976000000002
2038,Agri05_Agroforestry,DED,19114.16
2038,Agri05_Agroforestry,DEF,3525.0178521697353
2038,Agri05_Agroforestry,DEG,2819.9017768946314
2038,Agri06_Biochar,DE1,0.0
2038,Agri06_Biochar,DE2,0.0
2038,Agri06_Biochar,DE3,0.0
2038,Agri06_Biochar,DE4,0.0
2038,Agri06_Biochar,DE5,0.0
2038,Agri06_Biochar,DE6,0.0
2038,Agri06_Biochar,DE7,0.0
2038,Agri06_Biochar,DE8,0.0
2038,Agri06_Biochar,DE9,0.0
2038,Agri06_Biochar,DEA,0.0
2038,Agri06_Biochar,DEB,0.0
2038,Agri06_Biochar,DEC,0.0
2038,Agri06_Biochar,DEE,0.0
2038,Agri06_Biochar,DED,0.0
2038,Agri06_Biochar,DEF,0.0
2038,Agri06_Biochar,DEG,0.0
2039,Agri01_AGC,DE1,113063.30066506719
2039,Agri01_AGC,DE2,208875.13766536672
2039,Agri01_AGC,DE3,257.9464000000001
2039,Agri01_AGC,DE4,104605.10797263814
2039,Agri01_AGC,DE5,829.3232000000003
2039,Agri01_AGC,DE6,1362.1976
2039,Agri01_AGC,DE7,46780.52196906648
2039,Agri01_AGC,DE8,109871.64010407178
2039,Agri01_AGC,DE9,182911.2308585377
2039,Agri01_AGC,DEA,114677.06383122169
2039,Agri01_AGC,DEB,65526.959146065186
2039,Agri01_AGC,DEC,7003.476800000001
2039,Agri01_AGC,DEE,87769.51937590382
2039,Agri01_AGC,DED,69351.75953873787
2039,Agri01_AGC,DEF,45711.939834563505
2039,Agri01_AGC,DEG,36549.245679714826
2039,Agri02_OFC,DE1,66664.45597614921
2039,Agri02_OFC,DE2,98342.04190778056
2039,Agri02_OFC,DE3,39882.524987991266
2039,Agri02_OFC,DE4,65708.75314168385
2039,Agri02_OFC,DE5,18512.934873162754
2039,Agri02_OFC,DE6,2001.075021923566
2039,Agri02_OFC,DE7,20949.809339516498
2039,Agri02_OFC,DE8,64911.3750808495
2039,Agri02_OFC,DE9,87700.43473975803
2039,Agri02_OFC,DEA,67424.01725456213
2039,Agri02_OFC,DEB,41242.29483583087
2039,Agri02_OFC,DEC,28437.090712603433
2039,Agri02_OFC,DEE,49330.74864441968
2039,Agri02_OFC,DED,43477.0767505284
2039,Agri02_OFC,DEF,18465.566497217245
2039,Agri02_OFC,DEG,14765.234929436268
2039,Agri03_No-till,DE1,0.0
2039,Agri03_No-till,DE2,0.0
2039,Agri03_No-till,DE3,0.0
2039,Agri03_No-till,DE4,0.0
2039,Agri03_No-till,DE5,0.0
2039,Agri03_No-till,DE6,0.0
2039,Agri03_No-till,DE7,0.0
2039,Agri03_No-till,DE8,0.0
2039,Agri03_No-till,DE9,0.0
2039,Agri03_No-till,DEA,0.0
2039,Agri03_No-till,DEB,0.0
2039,Agri03_No-till,DEC,0.0
2039,Agri03_No-till,DEE,0.0
2039,Agri03_No-till,DED,0.0
2039,Agri03_No-till,DEF,0.0
2039,Agri03_No-till,DEG,0.0
2039,Agri04_toGrassland,DE1,917.1247788500536
2039,Agri04_toGrassland,DE2,1489.7722796695987
2039,Agri04_toGrassland,DE3,432.9778529892683
2039,Agri04_toGrassland,DE4,880.0225470228104
2039,Agri04_toGrassland,DE5,202.0694484060845
2039,Agri04_toGrassland,DE6,23.791065263123777
2039,Agri04_toGrassland,DE7,336.3551715475567
2039,Agri04_toGrassland,DE8,888.6484578192196
2039,Agri04_toGrassland,DE9,1300.6147638334176
2039,Agri04_toGrassland,DEA,934.0704247688408
2039,Agri04_toGrassland,DEB,548.2197941186645
2039,Agri04_toGrassland,DEC,319.1683591207668
2039,Agri04_toGrassland,DEE,689.7990684911221
2039,Agri04_toGrassland,DED,586.7168369137005
2039,Agri04_toGrassland,DEF,333.7077901204485
2039,Agri04_toGrassland,DEG,266.81552032859065
2039,Agri05_Agroforestry,DE1,33855.038486417776
2039,Agri05_Agroforestry,DE2,40078.52830664528
2039,Agri05_Agroforestry,DE3,94.54500000000002
2039,Agri05_Agroforestry,DE4,34235.052
2039,Agri05_Agroforestry,DE5,776.162
2039,Agri05_Agroforestry,DE6,628.319
2039,Agri05_Agroforestry,DE7,7169.252597819257
2039,Agri05_Agroforestry,DE8,32606.293
2039,Agri05_Agroforestry,DE9,37756.12719234979
2039,Agri05_Agroforestry,DEA,33772.55097911967
2039,Agri05_Agroforestry,DEB,22325.882515792764
2039,Agri05_Agroforestry,DEC,3458.3510000000006
2039,Agri05_Agroforestry,DEE,17156.976000000002
2039,Agri05_Agroforestry,DED,19114.16
2039,Agri05_Agroforestry,DEF,3635.098726011002
2039,Agri05_Agroforestry,DEG,2908.1185863862825
2039,Agri06_Biochar,DE1,0.0
2039,Agri06_Biochar,DE2,0.0
2039,Agri06_Biochar,DE3,0.0
2039,Agri06_Biochar,DE4,0.0
2039,Agri06_Biochar,DE5,0.0
2039,Agri06_Biochar,DE6,0.0
2039,Agri06_Biochar,DE7,0.0
2039,Agri06_Biochar,DE8,0.0
2039,Agri06_Biochar,DE9,0.0
2039,Agri06_Biochar,DEA,0.0
2039,Agri06_Biochar,DEB,0.0
2039,Agri06_Biochar,DEC,0.0
2039,Agri06_Biochar,DEE,0.0
2039,Agri06_Biochar,DED,0.0
2039,Agri06_Biochar,DEF,0.0
2039,Agri06_Biochar,DEG,0.0
2040,Agri01_AGC,DE1,122153.53224469235
2040,Agri01_AGC,DE2,220303.67310349512
2040,Agri01_AGC,DE3,257.9464000000001
2040,Agri01_AGC,DE4,109232.30880000003
2040,Agri01_AGC,DE5,829.3232000000003
2040,Agri01_AGC,DE6,1362.1976
2040,Agri01_AGC,DE7,48940.236379486494
2040,Agri01_AGC,DE8,118785.92572414121
2040,Agri01_AGC,DE9,193507.7073578962
2040,Agri01_AGC,DEA,123776.82194602324
2040,Agri01_AGC,DEB,65864.40320000003
2040,Agri01_AGC,DEC,7003.476800000001
2040,Agri01_AGC,DEE,94334.88813574228
2040,Agri01_AGC,DED,75172.4272
2040,Agri01_AGC,DEF,47076.45291697226
2040,Agri01_AGC,DEG,37640.6161179411
2040,Agri02_OFC,DE1,73115.046423831
2040,Agri02_OFC,DE2,106451.93447569064
2040,Agri02_OFC,DE3,44930.25238391239
2040,Agri02_OFC,DE4,72312.95769736296
2040,Agri02_OFC,DE5,20844.856207388737
2040,Agri02_OFC,DE6,2233.108676933929
2040,Agri02_OFC,DE7,22482.381202350218
2040,Agri02_OFC,DE8,71237.11113774082
2040,Agri02_OFC,DE9,95219.88344544932
2040,Agri02_OFC,DEA,73881.36790150506
2040,Agri02_OFC,DEB,45429.86178792931
2040,Agri02_OFC,DEC,31928.913916989455
2040,Agri02_OFC,DEE,53989.651405780205
2040,Agri02_OFC,DED,47801.242919622244
2040,Agri02_OFC,DEF,19433.84931575966
2040,Agri02_OFC,DEG,15539.690856333014
2040,Agri03_No-till,DE1,0.0
2040,Agri03_No-till,DE2,0.0
2040,Agri03_No-till,DE3,0.0
2040,Agri03_No-till,DE4,0.0
2040,Agri03_No-till,DE5,0.0
2040,Agri03_No-till,DE6,0.0
2040,Agri03_No-till,DE7,0.0
2040,Agri03_No-till,DE8,0.0
2040,Agri03_No-till,DE9,0.0
2040,Agri03_No-till,DEA,0.0
2040,Agri03_No-till,DEB,0.0
2040,Agri03_No-till,DEC,0.0
2040,Agri03_No-till,DEE,0.0
2040,Agri03_No-till,DED,0.0
2040,Agri03_No-till,DEF,0.0
2040,Agri03_No-till,DEG,0.0
2040,Agri04_toGrassland,DE1,978.4983169035738
2040,Agri04_toGrassland,DE2,1566.933092181803
2040,Agri04_toGrassland,DE3,481.0039820591578
2040,Agri04_toGrassland,DE4,942.8576321051177
2040,Agri04_toGrassland,DE5,224.25629531641158
2040,Agri04_toGrassland,DE6,25.998727719913873
2040,Agri04_toGrassland,DE7,350.9366828535772
2040,Agri04_toGrassland,DE8,948.8340804770133
2040,Agri04_toGrassland,DE9,1372.1578535743095
2040,Agri04_toGrassland,DEA,995.5082821044435
2040,Agri04_toGrassland,DEB,588.0620072882573
2040,Agri04_toGrassland,DEC,352.3909836306778
2040,Agri04_toGrassland,DEE,734.1257620288849
2040,Agri04_toGrassland,DED,627.8587105268364
2040,Agri04_toGrassland,DEF,342.9204262182401
2040,Agri04_toGrassland,DEG,274.1840086376343
2040,Agri05_Agroforestry,DE1,37176.24097788939
2040,Agri05_Agroforestry,DE2,43571.30570544147
2040,Agri05_Agroforestry,DE3,94.54500000000002
2040,Agri05_Agroforestry,DE4,34235.052
2040,Agri05_Agroforestry,DE5,776.162
2040,Agri05_Agroforestry,DE6,628.319
2040,Agri05_Agroforestry,DE7,7718.142248727932
2040,Agri05_Agroforestry,DE8,32606.293
2040,Agri05_Agroforestry,DE9,41158.22365868789
2040,Agri05_Agroforestry,DEA,37064.82454233614
2040,Agri05_Agroforestry,DEB,24577.537033603738
2040,Agri05_Agroforestry,DEC,3458.3510000000006
2040,Agri05_Agroforestry,DEE,17156.976000000002
2040,Agri05_Agroforestry,DED,19114.16
2040,Agri05_Agroforestry,DEF,3736.1529207702397
2040,Agri05_Agroforestry,DEG,2989.1307221583725
2040,Agri06_Biochar,DE1,0.0
2040,Agri06_Biochar,DE2,0.0
2040,Agri06_Biochar,DE3,0.0
2040,Agri06_Biochar,DE4,0.0
2040,Agri06_Biochar,DE5,0.0
2040,Agri06_Biochar,DE6,0.0
2040,Agri06_Biochar,DE7,0.0
2040,Agri06_Biochar,DE8,0.0
2040,Agri06_Biochar,DE9,0.0
2040,Agri06_Biochar,DEA,0.0
2040,Agri06_Biochar,DEB,0.0
2040,Agri06_Biochar,DEC,0.0
2040,Agri06_Biochar,DEE,0.0
2040,Agri06_Biochar,DED,0.0
2040,Agri06_Biochar,DEF,0.0
2040,Agri06_Biochar,DEG,0.0
2041,Agri01_AGC,DE1,126686.92720000003
2041,Agri01_AGC,DE2,231713.72023882202
2041,Agri01_AGC,DE3,257.9464000000001
2041,Agri01_AGC,DE4,109232.30880000003
2041,Agri01_AGC,DE5,829.3232000000003
2041,Agri01_AGC,DE6,1362.1976
2041,Agri01_AGC,DE7,51053.71884498542
2041,Agri01_AGC,DE8,120509.93599999999
2041,Agri01_AGC,DE9,204149.9461153244
2041,Agri01_AGC,DEA,132371.32080000004
2041,Agri01_AGC,DEB,65864.40320000003
2041,Agri01_AGC,DEC,7003.476800000001
2041,Agri01_AGC,DEE,101019.0656
2041,Agri01_AGC,DED,75172.4272
2041,Agri01_AGC,DEF,48317.277669841795
2041,Agri01_AGC,DEG,38633.12937609929
2041,Agri02_OFC,DE1,79703.36288941062
2041,Agri02_OFC,DE2,114548.70741420508
2041,Agri02_OFC,DE3,50243.23880243688
2041,Agri02_OFC,DE4,79090.77381107368
2041,Agri02_OFC,DE5,23298.189351070476
2041,Agri02_OFC,DE6,2475.1850093571225
2041,Agri02_OFC,DE7,23982.146052549168
2041,Agri02_OFC,DE8,77703.84024080966
2041,Agri02_OFC,DE9,102771.80586560903
2041,Agri02_OFC,DEA,80467.74663189353
2041,Agri02_OFC,DEB,49732.92243989121
2041,Agri02_OFC,DEC,35593.362605222006
2041,Agri02_OFC,DEE,58732.862942677995
2041,Agri02_OFC,DED,52233.267002544264
2041,Agri02_OFC,DEF,20314.360689754532
2041,Agri02_OFC,DEG,16243.99596519546
2041,Agri03_No-till,DE1,0.0
2041,Agri03_No-till,DE2,0.0
2041,Agri03_No-till,DE3,0.0
2041,Agri03_No-till,DE4,0.0
2041,Agri03_No-till,DE5,0.0
2041,Agri03_No-till,DE6,0.0
2041,Agri03_No-till,DE7,0.0
2041,Agri03_No-till,DE8,0.0
2041,Agri03_No-till,DE9,0.0
2041,Agri03_No-till,DEA,0.0
2041,Agri03_No-till,DEB,0.0
2041,Agri03_No-till,DEC,0.0
2041,Agri03_No-till,DEE,0.0
2041,Agri03_No-till,DED,0.0
2041,Agri03_No-till,DEF,0.0
2041,Agri03_No-till,DEG,0.0
2041,Agri04_toGrassland,DE1,1041.1822362421826
2041,Agri04_toGrassland,DE2,1643.9690792101246
2041,Agri04_toGrassland,DE3,531.5538932308295
2041,Agri04_toGrassland,DE4,1007.3445280797462
2041,Agri04_toGrassland,DE5,247.59830350510776
2041,Agri04_toGrassland,DE6,28.30194028941917
2041,Agri04_toGrassland,DE7,365.2060549136337
2041,Agri04_toGrassland,DE8,1010.3611682541695
2041,Agri04_toGrassland,DE9,1444.0099114270095
2041,Agri04_toGrassland,DEA,1058.1737650432442
2041,Agri04_toGrassland,DEB,629.0030744373428
2041,Agri04_toGrassland,DEC,387.25603712252325
2041,Agri04_toGrassland,DEE,779.2546035073128
2041,Agri04_toGrassland,DED,670.0267881491085
2041,Agri04_toGrassland,DEF,351.2979691357032
2041,Agri04_toGrassland,DEG,280.88505356532653
2041,Agri05_Agroforestry,DE1,40651.37930542176
2041,Agri05_Agroforestry,DE2,47202.42122145071
2041,Agri05_Agroforestry,DE3,94.54500000000002
2041,Agri05_Agroforestry,DE4,34235.052
2041,Agri05_Agroforestry,DE5,776.162
2041,Agri05_Agroforestry,DE6,628.319
2041,Agri05_Agroforestry,DE7,8284.1879563179
2041,Agri05_Agroforestry,DE8,32606.293
2041,Agri05_Agroforestry,DE9,44701.813312752696
2041,Agri05_Agroforestry,DEA,40508.5751935631
2041,Agri05_Agroforestry,DEB,24825.059
2041,Agri05_Agroforestry,DEC,3458.3510000000006
2041,Agri05_Agroforestry,DEE,17156.976000000002
2041,Agri05_Agroforestry,DED,19114.16
2041,Agri05_Agroforestry,DEF,3828.1804364474483
2041,Agri05_Agroforestry,DEG,3062.9381842109015
2041,Agri06_Biochar,DE1,0.0
2041,Agri06_Biochar,DE2,0.0
2041,Agri06_Biochar,DE3,0.0
2041,Agri06_Biochar,DE4,0.0
2041,Agri06_Biochar,DE5,0.0
2041,Agri06_Biochar,DE6,0.0
2041,Agri06_Biochar,DE7,0.0
2041,Agri06_Biochar,DE8,0.0
2041,Agri06_Biochar,DE9,0.0
2041,Agri06_Biochar,DEA,0.0
2041,Agri06_Biochar,DEB,0.0
2041,Agri06_Biochar,DEC,0.0
2041,Agri06_Biochar,DEE,0.0
2041,Agri06_Biochar,DED,0.0
2041,Agri06_Biochar,DEF,0.0
2041,Agri06_Biochar,DEG,0.0
2042,Agri01_AGC,DE1,126686.92720000003
2042,Agri01_AGC,DE2,243105.2790713474
2042,Agri01_AGC,DE3,257.9464000000001
2042,Agri01_AGC,DE4,109232.30880000003
2042,Agri01_AGC,DE5,829.3232000000003
2042,Agri01_AGC,DE6,1362.1976
2042,Agri01_AGC,DE7,53120.96936556326
2042,Agri01_AGC,DE8,120509.93599999999
2042,Agri01_AGC,DE9,214837.94713082226
2042,Agri01_AGC,DEA,132371.32080000004
2042,Agri01_AGC,DEB,65864.40320000003
2042,Agri01_AGC,DEC,7003.476800000001
2042,Agri01_AGC,DEE,101019.0656
2042,Agri01_AGC,DED,75172.4272
2042,Agri01_AGC,DEF,49434.41409317212
2042,Agri01_AGC,DEG,39526.785454189405
2042,Agri02_OFC,DE1,86429.4053728881
2042,Agri02_OFC,DE2,122632.3607233239
2042,Agri02_OFC,DE3,55821.48424356472
2042,Agri02_OFC,DE4,86042.201482816
2042,Agri02_OFC,DE5,25872.93430420797
2042,Agri02_OFC,DE6,2727.304019193147
2042,Agri02_OFC,DE7,25449.10389011335
2042,Agri02_OFC,DE8,84311.562390056
2042,Agri02_OFC,DE9,110356.20200023717
2042,Agri02_OFC,DEA,87183.15344572757
2042,Agri02_OFC,DEB,54151.47679171658
2042,Agri02_OFC,DEC,39430.436777301074
2042,Agri02_OFC,DEE,63560.38325511305
2042,Agri02_OFC,DED,56773.14899929446
2042,Agri02_OFC,DEF,21107.100619201865
2042,Agri02_OFC,DEG,16878.150256023608
2042,Agri03_No-till,DE1,0.0
2042,Agri03_No-till,DE2,0.0
2042,Agri03_No-till,DE3,0.0
2042,Agri03_No-till,DE4,0.0
2042,Agri03_No-till,DE5,0.0
2042,Agri03_No-till,DE6,0.0
2042,Agri03_No-till,DE7,0.0
2042,Agri03_No-till,DE8,0.0
2042,Agri03_No-till,DE9,0.0
2042,Agri03_No-till,DEA,0.0
2042,Agri03_No-till,DEB,0.0
2042,Agri03_No-till,DEC,0.0
2042,Agri03_No-till,DEE,0.0
2042,Agri03_No-till,DED,0.0
2042,Agri03_No-till,DEF,0.0
2042,Agri03_No-till,DEG,0.0
2042,Agri04_toGrassland,DE1,1105.17653686588
2042,Agri04_toGrassland,DE2,1720.8802407545636
2042,Agri04_toGrassland,DE3,584.6275865042836
2042,Agri04_toGrassland,DE4,1073.4832349466958
2042,Agri04_toGrassland,DE5,272.09547297217307
2042,Agri04_toGrassland,DE6,30.700702971639668
2042,Agri04_toGrassland,DE7,379.16328772772613
2042,Agri04_toGrassland,DE8,1073.229721150688
2042,Agri04_toGrassland,DE9,1516.1709373915173
2042,Agri04_toGrassland,DEA,1122.066873585243
2042,Agri04_toGrassland,DEB,671.0429955659209
2042,Agri04_toGrassland,DEC,423.7635195963031
2042,Agri04_toGrassland,DEE,825.1855929264059
2042,Agri04_toGrassland,DED,713.2210697805168
2042,Agri04_toGrassland,DEF,358.84041887283786
2042,Agri04_toGrassland,DEG,286.9186551116674
2042,Agri05_Agroforestry,DE1,44280.45346901488
2042,Agri05_Agroforestry,DE2,50971.87485467302
2042,Agri05_Agroforestry,DE3,94.54500000000002
2042,Agri05_Agroforestry,DE4,34235.052
2042,Agri05_Agroforestry,DE5,776.162
2042,Agri05_Agroforestry,DE6,628.319
2042,Agri05_Agroforestry,DE7,8867.38972058916
2042,Agri05_Agroforestry,DE8,32606.293
2042,Agri05_Agroforestry,DE9,48386.89615454421
2042,Agri05_Agroforestry,DEA,42247.642
2042,Agri05_Agroforestry,DEB,24825.059
2042,Agri05_Agroforestry,DEC,3458.3510000000006
2042,Agri05_Agroforestry,DEE,17156.976000000002
2042,Agri05_Agroforestry,DED,19114.16
2042,Agri05_Agroforestry,DEF,3911.181273042628
2042,Agri05_Agroforestry,DEG,3129.5409725438694
2042,Agri06_Biochar,DE1,0.0
2042,Agri06_Biochar,DE2,0.0
2042,Agri06_Biochar,DE3,0.0
2042,Agri06_Biochar,DE4,0.0
2042,Agri06_Biochar,DE5,0.0
2042,Agri06_Biochar,DE6,0.0
2042,Agri06_Biochar,DE7,0.0
2042,Agri06_Biochar,DE8,0.0
2042,Agri06_Biochar,DE9,0.0
2042,Agri06_Biochar,DEA,0.0
2042,Agri06_Biochar,DEB,0.0
2042,Agri06_Biochar,DEC,0.0
2042,Agri06_Biochar,DEE,0.0
2042,Agri06_Biochar,DED,0.0
2042,Agri06_Biochar,DEF,0.0
2042,Agri06_Biochar,DEG,0.0
2043,Agri01_AGC,DE1,126686.92720000003
2043,Agri01_AGC,DE2,254478.3496010713
2043,Agri01_AGC,DE3,257.9464000000001
2043,Agri01_AGC,DE4,109232.30880000003
2043,Agri01_AGC,DE5,829.3232000000003
2043,Agri01_AGC,DE6,1362.1976
2043,Agri01_AGC,DE7,55141.98794122001
2043,Agri01_AGC,DE8,120509.93599999999
2043,Agri01_AGC,DE9,225571.71040438983
2043,Agri01_AGC,DEA,132371.32080000004
2043,Agri01_AGC,DEB,65864.40320000003
2043,Agri01_AGC,DEC,7003.476800000001
2043,Agri01_AGC,DEE,101019.0656
2043,Agri01_AGC,DED,75172.4272
2043,Agri01_AGC,DEF,50427.862186963226
2043,Agri01_AGC,DEG,40321.58435221143
2043,Agri02_OFC,DE1,93293.17387426342
2043,Agri02_OFC,DE2,130702.89440304709
2043,Agri02_OFC,DE3,61664.98870729593
2043,Agri02_OFC,DE4,93167.24071258993
2043,Agri02_OFC,DE5,28569.091066801222
2043,Agri02_OFC,DE6,2989.4657064420016
2043,Agri02_OFC,DE7,26883.254715042767
2043,Agri02_OFC,DE8,91060.27758547987
2043,Agri02_OFC,DE9,117973.07184933375
2043,Agri02_OFC,DEA,94027.58834300716
2043,Agri02_OFC,DEB,58685.524843405416
2043,Agri02_OFC,DEC,43440.13643322667
2043,Agri02_OFC,DEE,68472.21234308537
2043,Agri02_OFC,DED,61420.88890987283
2043,Agri02_OFC,DEF,21812.069104101654
2043,Agri02_OFC,DEG,17442.153728817455
2043,Agri03_No-till,DE1,0.0
2043,Agri03_No-till,DE2,0.0
2043,Agri03_No-till,DE3,0.0
2043,Agri03_No-till,DE4,0.0
2043,Agri03_No-till,DE5,0.0
2043,Agri03_No-till,DE6,0.0
2043,Agri03_No-till,DE7,0.0
2043,Agri03_No-till,DE8,0.0
2043,Agri03_No-till,DE9,0.0
2043,Agri03_No-till,DEA,0.0
2043,Agri03_No-till,DEB,0.0
2043,Agri03_No-till,DEC,0.0
2043,Agri03_No-till,DEE,0.0
2043,Agri03_No-till,DED,0.0
2043,Agri03_No-till,DEF,0.0
2043,Agri03_No-till,DEG,0.0
2043,Agri04_toGrassland,DE1,1105.17653686588
2043,Agri04_toGrassland,DE2,1720.8802407545636
2043,Agri04_toGrassland,DE3,584.6275865042836
2043,Agri04_toGrassland,DE4,1073.4832349466958
2043,Agri04_toGrassland,DE5,272.09547297217307
2043,Agri04_toGrassland,DE6,30.700702971639668
2043,Agri04_toGrassland,DE7,379.16328772772613
2043,Agri04_toGrassland,DE8,1073.229721150688
2043,Agri04_toGrassland,DE9,1516.1709373915173
2043,Agri04_toGrassland,DEA,1122.066873585243
2043,Agri04_toGrassland,DEB,671.0429955659209
2043,Agri04_toGrassland,DEC,423.7635195963031
2043,Agri04_toGrassland,DEE,825.1855929264059
2043,Agri04_toGrassland,DED,713.2210697805168
2043,Agri04_toGrassland,DEF,358.84041887283786
2043,Agri04_toGrassland,DEG,286.9186551116674
2043,Agri05_Agroforestry,DE1,48063.46346866875
2043,Agri05_Agroforestry,DE2,54879.666605108396
2043,Agri05_Agroforestry,DE3,94.54500000000002
2043,Agri05_Agroforestry,DE4,34235.052
2043,Agri05_Agroforestry,DE5,776.162
2043,Agri05_Agroforestry,DE6,628.319
2043,Agri05_Agroforestry,DE7,9467.747541541714
2043,Agri05_Agroforestry,DE8,32606.293
2043,Agri05_Agroforestry,DE9,52213.472184062426
2043,Agri05_Agroforestry,DEA,42247.642
2043,Agri05_Agroforestry,DEB,24825.059
2043,Agri05_Agroforestry,DEC,3458.3510000000006
2043,Agri05_Agroforestry,DEE,17156.976000000002
2043,Agri05_Agroforestry,DED,19114.16
2043,Agri05_Agroforestry,DEF,3985.1554305557793
2043,Agri05_Agroforestry,DEG,3188.939087157277
2043,Agri06_Biochar,DE1,0.0
2043,Agri06_Biochar,DE2,0.0
2043,Agri06_Biochar,DE3,0.0
2043,Agri06_Biochar,DE4,0.0
2043,Agri06_Biochar,DE5,0.0
2043,Agri06_Biochar,DE6,0.0
2043,Agri06_Biochar,DE7,0.0
2043,Agri06_Biochar,DE8,0.0
2043,Agri06_Biochar,DE9,0.0
2043,Agri06_Biochar,DEA,0.0
2043,Agri06_Biochar,DEB,0.0
2043,Agri06_Biochar,DEC,0.0
2043,Agri06_Biochar,DEE,0.0
2043,Agri06_Biochar,DED,0.0
2043,Agri06_Biochar,DEF,0.0
2043,Agri06_Biochar,DEG,0.0
2044,Agri01_AGC,DE1,126686.92720000003
2044,Agri01_AGC,DE2,265832.9318279937
2044,Agri01_AGC,DE3,257.9464000000001
2044,Agri01_AGC,DE4,109232.30880000003
2044,Agri01_AGC,DE5,829.3232000000003
2044,Agri01_AGC,DE6,1362.1976
2044,Agri01_AGC,DE7,57116.77457195567
2044,Agri01_AGC,DE8,120509.93599999999
2044,Agri01_AGC,DE9,228089.84080000003
2044,Agri01_AGC,DEA,132371.32080000004
2044,Agri01_AGC,DEB,65864.40320000003
2044,Agri01_AGC,DEC,7003.476800000001
2044,Agri01_AGC,DEE,101019.0656
2044,Agri01_AGC,DED,75172.4272
2044,Agri01_AGC,DEF,51297.621951215115
2044,Agri01_AGC,DEG,41017.526070165375
2044,Agri02_OFC,DE1,100294.66839353659
2044,Agri02_OFC,DE2,138760.30845337463
2044,Agri02_OFC,DE3,67773.7521936305
2044,Agri02_OFC,DE4,100465.89150039548
2044,Agri02_OFC,DE5,31386.65963885023
2044,Agri02_OFC,DE6,3261.670071103687
2044,Agri02_OFC,DE7,28284.598527337417
2044,Agri02_OFC,DE8,97949.98582708125
2044,Agri02_OFC,DE9,125622.41541289874
2044,Agri02_OFC,DEA,101001.05132373229
2044,Agri02_OFC,DEB,63335.066594957716
2044,Agri02_OFC,DEC,47622.461572998785
2044,Agri02_OFC,DEE,73468.35020659496
2044,Agri02_OFC,DED,66176.48673427937
2044,Agri02_OFC,DEF,22429.2661444539
2044,Agri02_OFC,DEG,17936.006383577005
2044,Agri03_No-till,DE1,0.0
2044,Agri03_No-till,DE2,0.0
2044,Agri03_No-till,DE3,0.0
2044,Agri03_No-till,DE4,0.0
2044,Agri03_No-till,DE5,0.0
2044,Agri03_No-till,DE6,0.0
2044,Agri03_No-till,DE7,0.0
2044,Agri03_No-till,DE8,0.0
2044,Agri03_No-till,DE9,0.0
2044,Agri03_No-till,DEA,0.0
2044,Agri03_No-till,DEB,0.0
2044,Agri03_No-till,DEC,0.0
2044,Agri03_No-till,DEE,0.0
2044,Agri03_No-till,DED,0.0
2044,Agri03_No-till,DEF,0.0
2044,Agri03_No-till,DEG,0.0
2044,Agri04_toGrassland,DE1,1105.17653686588
2044,Agri04_toGrassland,DE2,1720.8802407545636
2044,Agri04_toGrassland,DE3,584.6275865042836
2044,Agri04_toGrassland,DE4,1073.4832349466958
2044,Agri04_toGrassland,DE5,272.09547297217307
2044,Agri04_toGrassland,DE6,30.700702971639668
2044,Agri04_toGrassland,DE7,379.16328772772613
2044,Agri04_toGrassland,DE8,1073.229721150688
2044,Agri04_toGrassland,DE9,1516.1709373915173
2044,Agri04_toGrassland,DEA,1122.066873585243
2044,Agri04_toGrassland,DEB,671.0429955659209
2044,Agri04_toGrassland,DEC,423.7635195963031
2044,Agri04_toGrassland,DEE,825.1855929264059
2044,Agri04_toGrassland,DED,713.2210697805168
2044,Agri04_toGrassland,DEF,358.84041887283786
2044,Agri04_toGrassland,DEG,286.9186551116674
2044,Agri05_Agroforestry,DE1,48063.46346866875
2044,Agri05_Agroforestry,DE2,54879.666605108396
2044,Agri05_Agroforestry,DE3,94.54500000000002
2044,Agri05_Agroforestry,DE4,34235.052
2044,Agri05_Agroforestry,DE5,776.162
2044,Agri05_Agroforestry,DE6,628.319
2044,Agri05_Agroforestry,DE7,9467.747541541714
2044,Agri05_Agroforestry,DE8,32606.293
2044,Agri05_Agroforestry,DE9,52213.472184062426
2044,Agri05_Agroforestry,DEA,42247.642
2044,Agri05_Agroforestry,DEB,24825.059
2044,Agri05_Agroforestry,DEC,3458.3510000000006
2044,Agri05_Agroforestry,DEE,17156.976000000002
2044,Agri05_Agroforestry,DED,19114.16
2044,Agri05_Agroforestry,DEF,3985.1554305557793
2044,Agri05_Agroforestry,DEG,3188.939087157277
2044,Agri06_Biochar,DE1,0.0
2044,Agri06_Biochar,DE2,0.0
2044,Agri06_Biochar,DE3,0.0
2044,Agri06_Biochar,DE4,0.0
2044,Agri06_Biochar,DE5,0.0
2044,Agri06_Biochar,DE6,0.0
2044,Agri06_Biochar,DE7,0.0
2044,Agri06_Biochar,DE8,0.0
2044,Agri06_Biochar,DE9,0.0
2044,Agri06_Biochar,DEA,0.0
2044,Agri06_Biochar,DEB,0.0
2044,Agri06_Biochar,DEC,0.0
2044,Agri06_Biochar,DEE,0.0
2044,Agri06_Biochar,DED,0.0
2044,Agri06_Biochar,DEF,0.0
2044,Agri06_Biochar,DEG,0.0
2045,Agri01_AGC,DE1,126686.92720000003
2045,Agri01_AGC,DE2,265832.9318279937
2045,Agri01_AGC,DE3,257.9464000000001
2045,Agri01_AGC,DE4,109232.30880000003
2045,Agri01_AGC,DE5,829.3232000000003
2045,Agri01_AGC,DE6,1362.1976
2045,Agri01_AGC,DE7,57116.77457195567
2045,Agri01_AGC,DE8,120509.93599999999
2045,Agri01_AGC,DE9,228089.84080000003
2045,Agri01_AGC,DEA,132371.32080000004
2045,Agri01_AGC,DEB,65864.40320000003
2045,Agri01_AGC,DEC,7003.476800000001
2045,Agri01_AGC,DEE,101019.0656
2045,Agri01_AGC,DED,75172.4272
2045,Agri01_AGC,DEF,51297.621951215115
2045,Agri01_AGC,DEG,41017.526070165375
2045,Agri02_OFC,DE1,100294.66839353659
2045,Agri02_OFC,DE2,138760.30845337463
2045,Agri02_OFC,DE3,67773.7521936305
2045,Agri02_OFC,DE4,100465.89150039548
2045,Agri02_OFC,DE5,31386.65963885023
2045,Agri02_OFC,DE6,3261.670071103687
2045,Agri02_OFC,DE7,28284.598527337417
2045,Agri02_OFC,DE8,97949.98582708125
2045,Agri02_OFC,DE9,125622.41541289874
2045,Agri02_OFC,DEA,101001.05132373229
2045,Agri02_OFC,DEB,63335.066594957716
2045,Agri02_OFC,DEC,47622.461572998785
2045,Agri02_OFC,DEE,73468.35020659496
2045,Agri02_OFC,DED,66176.48673427937
2045,Agri02_OFC,DEF,22429.2661444539
2045,Agri02_OFC,DEG,17936.006383577005
2045,Agri03_No-till,DE1,0.0
2045,Agri03_No-till,DE2,0.0
2045,Agri03_No-till,DE3,0.0
2045,Agri03_No-till,DE4,0.0
2045,Agri03_No-till,DE5,0.0
2045,Agri03_No-till,DE6,0.0
2045,Agri03_No-till,DE7,0.0
2045,Agri03_No-till,DE8,0.0
2045,Agri03_No-till,DE9,0.0
2045,Agri03_No-till,DEA,0.0
2045,Agri03_No-till,DEB,0.0
2045,Agri03_No-till,DEC,0.0
2045,Agri03_No-till,DEE,0.0
2045,Agri03_No-till,DED,0.0
2045,Agri03_No-till,DEF,0.0
2045,Agri03_No-till,DEG,0.0
2045,Agri04_toGrassland,DE1,1105.17653686588
2045,Agri04_toGrassland,DE2,1720.8802407545636
2045,Agri04_toGrassland,DE3,584.6275865042836
2045,Agri04_toGrassland,DE4,1073.4832349466958
2045,Agri04_toGrassland,DE5,272.09547297217307
2045,Agri04_toGrassland,DE6,30.700702971639668
2045,Agri04_toGrassland,DE7,379.16328772772613
2045,Agri04_toGrassland,DE8,1073.229721150688
2045,Agri04_toGrassland,DE9,1516.1709373915173
2045,Agri04_toGrassland,DEA,1122.066873585243
2045,Agri04_toGrassland,DEB,671.0429955659209
2045,Agri04_toGrassland,DEC,423.7635195963031
2045,Agri04_toGrassland,DEE,825.1855929264059
2045,Agri04_toGrassland,DED,713.2210697805168
2045,Agri04_toGrassland,DEF,358.84041887283786
2045,Agri04_toGrassland,DEG,286.9186551116674
2045,Agri05_Agroforestry,DE1,48063.46346866875
2045,Agri05_Agroforestry,DE2,54879.666605108396
2045,Agri05_Agroforestry,DE3,94.54500000000002
2045,Agri05_Agroforestry,DE4,34235.052
2045,Agri05_Agroforestry,DE5,776.162
2045,Agri05_Agroforestry,DE6,628.319
2045,Agri05_Agroforestry,DE7,9467.747541541714
2045,Agri05_Agroforestry,DE8,32606.293
2045,Agri05_Agroforestry,DE9,52213.472184062426
2045,Agri05_Agroforestry,DEA,42247.642
2045,Agri05_Agroforestry,DEB,24825.059
2045,Agri05_Agroforestry,DEC,3458.3510000000006
2045,Agri05_Agroforestry,DEE,17156.976000000002
2045,Agri05_Agroforestry,DED,19114.16
2045,Agri05_Agroforestry,DEF,3985.1554305557793
2045,Agri05_Agroforestry,DEG,3188.939087157277
2045,Agri06_Biochar,DE1,0.0
2045,Agri06_Biochar,DE2,0.0
2045,Agri06_Biochar,DE3,0.0
2045,Agri06_Biochar,DE4,0.0
2045,Agri06_Biochar,DE5,0.0
2045,Agri06_Biochar,DE6,0.0
2045,Agri06_Biochar,DE7,0.0
2045,Agri06_Biochar,DE8,0.0
2045,Agri06_Biochar,DE9,0.0
2045,Agri06_Biochar,DEA,0.0
2045,Agri06_Biochar,DEB,0.0
2045,Agri06_Biochar,DEC,0.0
2045,Agri06_Biochar,DEE,0.0
2045,Agri06_Biochar,DED,0.0
2045,Agri06_Biochar,DEF,0.0
2045,Agri06_Biochar,DEG,0.0
2046,Agri01_AGC,DE1,126686.92720000003
2046,Agri01_AGC,DE2,265832.9318279937
2046,Agri01_AGC,DE3,257.9464000000001
2046,Agri01_AGC,DE4,109232.30880000003
2046,Agri01_AGC,DE5,829.3232000000003
2046,Agri01_AGC,DE6,1362.1976
2046,Agri01_AGC,DE7,57116.77457195567
2046,Agri01_AGC,DE8,120509.93599999999
2046,Agri01_AGC,DE9,228089.84080000003
2046,Agri01_AGC,DEA,132371.32080000004
2046,Agri01_AGC,DEB,65864.40320000003
2046,Agri01_AGC,DEC,7003.476800000001
2046,Agri01_AGC,DEE,101019.0656
2046,Agri01_AGC,DED,75172.4272
2046,Agri01_AGC,DEF,51297.621951215115
2046,Agri01_AGC,DEG,41017.526070165375
2046,Agri02_OFC,DE1,100294.66839353659
2046,Agri02_OFC,DE2,138760.30845337463
2046,Agri02_OFC,DE3,67773.7521936305
2046,Agri02_OFC,DE4,100465.89150039548
2046,Agri02_OFC,DE5,31386.65963885023
2046,Agri02_OFC,DE6,3261.670071103687
2046,Agri02_OFC,DE7,28284.598527337417
2046,Agri02_OFC,DE8,97949.98582708125
2046,Agri02_OFC,DE9,125622.41541289874
2046,Agri02_OFC,DEA,101001.05132373229
2046,Agri02_OFC,DEB,63335.066594957716
2046,Agri02_OFC,DEC,47622.461572998785
2046,Agri02_OFC,DEE,73468.35020659496
2046,Agri02_OFC,DED,66176.48673427937
2046,Agri02_OFC,DEF,22429.2661444539
2046,Agri02_OFC,DEG,17936.006383577005
2046,Agri03_No-till,DE1,0.0
2046,Agri03_No-till,DE2,0.0
2046,Agri03_No-till,DE3,0.0
2046,Agri03_No-till,DE4,0.0
2046,Agri03_No-till,DE5,0.0
2046,Agri03_No-till,DE6,0.0
2046,Agri03_No-till,DE7,0.0
2046,Agri03_No-till,DE8,0.0
2046,Agri03_No-till,DE9,0.0
2046,Agri03_No-till,DEA,0.0
2046,Agri03_No-till,DEB,0.0
2046,Agri03_No-till,DEC,0.0
2046,Agri03_No-till,DEE,0.0
2046,Agri03_No-till,DED,0.0
2046,Agri03_No-till,DEF,0.0
2046,Agri03_No-till,DEG,0.0
2046,Agri04_toGrassland,DE1,1105.17653686588
2046,Agri04_toGrassland,DE2,1720.8802407545636
2046,Agri04_toGrassland,DE3,584.6275865042836
2046,Agri04_toGrassland,DE4,1073.4832349466958
2046,Agri04_toGrassland,DE5,272.09547297217307
2046,Agri04_toGrassland,DE6,30.700702971639668
2046,Agri04_toGrassland,DE7,379.16328772772613
2046,Agri04_toGrassland,DE8,1073.229721150688
2046,Agri04_toGrassland,DE9,1516.1709373915173
2046,Agri04_toGrassland,DEA,1122.066873585243
2046,Agri04_toGrassland,DEB,671.0429955659209
2046,Agri04_toGrassland,DEC,423.7635195963031
2046,Agri04_toGrassland,DEE,825.1855929264059
2046,Agri04_toGrassland,DED,713.2210697805168
2046,Agri04_toGrassland,DEF,358.84041887283786
2046,Agri04_toGrassland,DEG,286.9186551116674
2046,Agri05_Agroforestry,DE1,48063.46346866875
2046,Agri05_Agroforestry,DE2,54879.666605108396
2046,Agri05_Agroforestry,DE3,94.54500000000002
2046,Agri05_Agroforestry,DE4,34235.052
2046,Agri05_Agroforestry,DE5,776.162
2046,Agri05_Agroforestry,DE6,628.319
2046,Agri05_Agroforestry,DE7,9467.747541541714
2046,Agri05_Agroforestry,DE8,32606.293
2046,Agri05_Agroforestry,DE9,52213.472184062426
2046,Agri05_Agroforestry,DEA,42247.642
2046,Agri05_Agroforestry,DEB,24825.059
2046,Agri05_Agroforestry,DEC,3458.3510000000006
2046,Agri05_Agroforestry,DEE,17156.976000000002
2046,Agri05_Agroforestry,DED,19114.16
2046,Agri05_Agroforestry,DEF,3985.1554305557793
2046,Agri05_Agroforestry,DEG,3188.939087157277
2046,Agri06_Biochar,DE1,0.0
2046,Agri06_Biochar,DE2,0.0
2046,Agri06_Biochar,DE3,0.0
2046,Agri06_Biochar,DE4,0.0
2046,Agri06_Biochar,DE5,0.0
2046,Agri06_Biochar,DE6,0.0
2046,Agri06_Biochar,DE7,0.0
2046,Agri06_Biochar,DE8,0.0
2046,Agri06_Biochar,DE9,0.0
2046,Agri06_Biochar,DEA,0.0
2046,Agri06_Biochar,DEB,0.0
2046,Agri06_Biochar,DEC,0.0
2046,Agri06_Biochar,DEE,0.0
2046,Agri06_Biochar,DED,0.0
2046,Agri06_Biochar,DEF,0.0
2046,Agri06_Biochar,DEG,0.0
2047,Agri01_AGC,DE1,126686.92720000003
2047,Agri01_AGC,DE2,265832.9318279937
2047,Agri01_AGC,DE3,257.9464000000001
2047,Agri01_AGC,DE4,109232.30880000003
2047,Agri01_AGC,DE5,829.3232000000003
2047,Agri01_AGC,DE6,1362.1976
2047,Agri01_AGC,DE7,57116.77457195567
2047,Agri01_AGC,DE8,120509.93599999999
2047,Agri01_AGC,DE9,228089.84080000003
2047,Agri01_AGC,DEA,132371.32080000004
2047,Agri01_AGC,DEB,65864.40320000003
2047,Agri01_AGC,DEC,7003.476800000001
2047,Agri01_AGC,DEE,101019.0656
2047,Agri01_AGC,DED,75172.4272
2047,Agri01_AGC,DEF,51297.621951215115
2047,Agri01_AGC,DEG,41017.526070165375
2047,Agri02_OFC,DE1,100294.66839353659
2047,Agri02_OFC,DE2,138760.30845337463
2047,Agri02_OFC,DE3,67773.7521936305
2047,Agri02_OFC,DE4,100465.89150039548
2047,Agri02_OFC,DE5,31386.65963885023
2047,Agri02_OFC,DE6,3261.670071103687
2047,Agri02_OFC,DE7,28284.598527337417
2047,Agri02_OFC,DE8,97949.98582708125
2047,Agri02_OFC,DE9,125622.41541289874
2047,Agri02_OFC,DEA,101001.05132373229
2047,Agri02_OFC,DEB,63335.066594957716
2047,Agri02_OFC,DEC,47622.461572998785
2047,Agri02_OFC,DEE,73468.35020659496
2047,Agri02_OFC,DED,66176.48673427937
2047,Agri02_OFC,DEF,22429.2661444539
2047,Agri02_OFC,DEG,17936.006383577005
2047,Agri03_No-till,DE1,0.0
2047,Agri03_No-till,DE2,0.0
2047,Agri03_No-till,DE3,0.0
2047,Agri03_No-till,DE4,0.0
2047,Agri03_No-till,DE5,0.0
2047,Agri03_No-till,DE6,0.0
2047,Agri03_No-till,DE7,0.0
2047,Agri03_No-till,DE8,0.0
2047,Agri03_No-till,DE9,0.0
2047,Agri03_No-till,DEA,0.0
2047,Agri03_No-till,DEB,0.0
2047,Agri03_No-till,DEC,0.0
2047,Agri03_No-till,DEE,0.0
2047,Agri03_No-till,DED,0.0
2047,Agri03_No-till,DEF,0.0
2047,Agri03_No-till,DEG,0.0
2047,Agri04_toGrassland,DE1,1105.17653686588
2047,Agri04_toGrassland,DE2,1720.8802407545636
2047,Agri04_toGrassland,DE3,584.6275865042836
2047,Agri04_toGrassland,DE4,1073.4832349466958
2047,Agri04_toGrassland,DE5,272.09547297217307
2047,Agri04_toGrassland,DE6,30.700702971639668
2047,Agri04_toGrassland,DE7,379.16328772772613
2047,Agri04_toGrassland,DE8,1073.229721150688
2047,Agri04_toGrassland,DE9,1516.1709373915173
2047,Agri04_toGrassland,DEA,1122.066873585243
2047,Agri04_toGrassland,DEB,671.0429955659209
2047,Agri04_toGrassland,DEC,423.7635195963031
2047,Agri04_toGrassland,DEE,825.1855929264059
2047,Agri04_toGrassland,DED,713.2210697805168
2047,Agri04_toGrassland,DEF,358.84041887283786
2047,Agri04_toGrassland,DEG,286.9186551116674
2047,Agri05_Agroforestry,DE1,48063.46346866875
2047,Agri05_Agroforestry,DE2,54879.666605108396
2047,Agri05_Agroforestry,DE3,94.54500000000002
2047,Agri05_Agroforestry,DE4,34235.052
2047,Agri05_Agroforestry,DE5,776.162
2047,Agri05_Agroforestry,DE6,628.319
2047,Agri05_Agroforestry,DE7,9467.747541541714
2047,Agri05_Agroforestry,DE8,32606.293
2047,Agri05_Agroforestry,DE9,52213.472184062426
2047,Agri05_Agroforestry,DEA,42247.642
2047,Agri05_Agroforestry,DEB,24825.059
2047,Agri05_Agroforestry,DEC,3458.3510000000006
2047,Agri05_Agroforestry,DEE,17156.976000000002
2047,Agri05_Agroforestry,DED,19114.16
2047,Agri05_Agroforestry,DEF,3985.1554305557793
2047,Agri05_Agroforestry,DEG,3188.939087157277
2047,Agri06_Biochar,DE1,0.0
2047,Agri06_Biochar,DE2,0.0
2047,Agri06_Biochar,DE3,0.0
2047,Agri06_Biochar,DE4,0.0
2047,Agri06_Biochar,DE5,0.0
2047,Agri06_Biochar,DE6,0.0
2047,Agri06_Biochar,DE7,0.0
2047,Agri06_Biochar,DE8,0.0
2047,Agri06_Biochar,DE9,0.0
2047,Agri06_Biochar,DEA,0.0
2047,Agri06_Biochar,DEB,0.0
2047,Agri06_Biochar,DEC,0.0
2047,Agri06_Biochar,DEE,0.0
2047,Agri06_Biochar,DED,0.0
2047,Agri06_Biochar,DEF,0.0
2047,Agri06_Biochar,DEG,0.0
2048,Agri01_AGC,DE1,126686.92720000003
2048,Agri01_AGC,DE2,265832.9318279937
2048,Agri01_AGC,DE3,257.9464000000001
2048,Agri01_AGC,DE4,109232.30880000003
2048,Agri01_AGC,DE5,829.3232000000003
2048,Agri01_AGC,DE6,1362.1976
2048,Agri01_AGC,DE7,57116.77457195567
2048,Agri01_AGC,DE8,120509.93599999999
2048,Agri01_AGC,DE9,228089.84080000003
2048,Agri01_AGC,DEA,132371.32080000004
2048,Agri01_AGC,DEB,65864.40320000003
2048,Agri01_AGC,DEC,7003.476800000001
2048,Agri01_AGC,DEE,101019.0656
2048,Agri01_AGC,DED,75172.4272
2048,Agri01_AGC,DEF,51297.621951215115
2048,Agri01_AGC,DEG,41017.526070165375
2048,Agri02_OFC,DE1,100294.66839353659
2048,Agri02_OFC,DE2,138760.30845337463
2048,Agri02_OFC,DE3,67773.7521936305
2048,Agri02_OFC,DE4,100465.89150039548
2048,Agri02_OFC,DE5,31386.65963885023
2048,Agri02_OFC,DE6,3261.670071103687
2048,Agri02_OFC,DE7,28284.598527337417
2048,Agri02_OFC,DE8,97949.98582708125
2048,Agri02_OFC,DE9,125622.41541289874
2048,Agri02_OFC,DEA,101001.05132373229
2048,Agri02_OFC,DEB,63335.066594957716
2048,Agri02_OFC,DEC,47622.461572998785
2048,Agri02_OFC,DEE,73468.35020659496
2048,Agri02_OFC,DED,66176.48673427937
2048,Agri02_OFC,DEF,22429.2661444539
2048,Agri02_OFC,DEG,17936.006383577005
2048,Agri03_No-till,DE1,0.0
2048,Agri03_No-till,DE2,0.0
2048,Agri03_No-till,DE3,0.0
2048,Agri03_No-till,DE4,0.0
2048,Agri03_No-till,DE5,0.0
2048,Agri03_No-till,DE6,0.0
2048,Agri03_No-till,DE7,0.0
2048,Agri03_No-till,DE8,0.0
2048,Agri03_No-till,DE9,0.0
2048,Agri03_No-till,DEA,0.0
2048,Agri03_No-till,DEB,0.0
2048,Agri03_No-till,DEC,0.0
2048,Agri03_No-till,DEE,0.0
2048,Agri03_No-till,DED,0.0
2048,Agri03_No-till,DEF,0.0
2048,Agri03_No-till,DEG,0.0
2048,Agri04_toGrassland,DE1,1105.17653686588
2048,Agri04_toGrassland,DE2,1720.8802407545636
2048,Agri04_toGrassland,DE3,584.6275865042836
2048,Agri04_toGrassland,DE4,1073.4832349466958
2048,Agri04_toGrassland,DE5,272.09547297217307
2048,Agri04_toGrassland,DE6,30.700702971639668
2048,Agri04_toGrassland,DE7,379.16328772772613
2048,Agri04_toGrassland,DE8,1073.229721150688
2048,Agri04_toGrassland,DE9,1516.1709373915173
2048,Agri04_toGrassland,DEA,1122.066873585243
2048,Agri04_toGrassland,DEB,671.0429955659209
2048,Agri04_toGrassland,DEC,423.7635195963031
2048,Agri04_toGrassland,DEE,825.1855929264059
2048,Agri04_toGrassland,DED,713.2210697805168
2048,Agri04_toGrassland,DEF,358.84041887283786
2048,Agri04_toGrassland,DEG,286.9186551116674
2048,Agri05_Agroforestry,DE1,48063.46346866875
2048,Agri05_Agroforestry,DE2,54879.666605108396
2048,Agri05_Agroforestry,DE3,94.54500000000002
2048,Agri05_Agroforestry,DE4,34235.052
2048,Agri05_Agroforestry,DE5,776.162
2048,Agri05_Agroforestry,DE6,628.319
2048,Agri05_Agroforestry,DE7,9467.747541541714
2048,Agri05_Agroforestry,DE8,32606.293
2048,Agri05_Agroforestry,DE9,52213.472184062426
2048,Agri05_Agroforestry,DEA,42247.642
2048,Agri05_Agroforestry,DEB,24825.059
2048,Agri05_Agroforestry,DEC,3458.3510000000006
2048,Agri05_Agroforestry,DEE,17156.976000000002
2048,Agri05_Agroforestry,DED,19114.16
2048,Agri05_Agroforestry,DEF,3985.1554305557793
2048,Agri05_Agroforestry,DEG,3188.939087157277
2048,Agri06_Biochar,DE1,0.0
2048,Agri06_Biochar,DE2,0.0
2048,Agri06_Biochar,DE3,0.0
2048,Agri06_Biochar,DE4,0.0
2048,Agri06_Biochar,DE5,0.0
2048,Agri06_Biochar,DE6,0.0
2048,Agri06_Biochar,DE7,0.0
2048,Agri06_Biochar,DE8,0.0
2048,Agri06_Biochar,DE9,0.0
2048,Agri06_Biochar,DEA,0.0
2048,Agri06_Biochar,DEB,0.0
2048,Agri06_Biochar,DEC,0.0
2048,Agri06_Biochar,DEE,0.0
2048,Agri06_Biochar,DED,0.0
2048,Agri06_Biochar,DEF,0.0
2048,Agri06_Biochar,DEG,0.0
2049,Agri01_AGC,DE1,126686.92720000003
2049,Agri01_AGC,DE2,265832.9318279937
2049,Agri01_AGC,DE3,257.9464000000001
2049,Agri01_AGC,DE4,109232.30880000003
2049,Agri01_AGC,DE5,829.3232000000003
2049,Agri01_AGC,DE6,1362.1976
2049,Agri01_AGC,DE7,57116.77457195567
2049,Agri01_AGC,DE8,120509.93599999999
2049,Agri01_AGC,DE9,228089.84080000003
2049,Agri01_AGC,DEA,132371.32080000004
2049,Agri01_AGC,DEB,65864.40320000003
2049,Agri01_AGC,DEC,7003.476800000001
2049,Agri01_AGC,DEE,101019.0656
2049,Agri01_AGC,DED,75172.4272
2049,Agri01_AGC,DEF,51297.621951215115
2049,Agri01_AGC,DEG,41017.526070165375
2049,Agri02_OFC,DE1,100294.66839353659
2049,Agri02_OFC,DE2,138760.30845337463
2049,Agri02_OFC,DE3,67773.7521936305
2049,Agri02_OFC,DE4,100465.89150039548
2049,Agri02_OFC,DE5,31386.65963885023
2049,Agri02_OFC,DE6,3261.670071103687
2049,Agri02_OFC,DE7,28284.598527337417
2049,Agri02_OFC,DE8,97949.98582708125
2049,Agri02_OFC,DE9,125622.41541289874
2049,Agri02_OFC,DEA,101001.05132373229
2049,Agri02_OFC,DEB,63335.066594957716
2049,Agri02_OFC,DEC,47622.461572998785
2049,Agri02_OFC,DEE,73468.35020659496
2049,Agri02_OFC,DED,66176.48673427937
2049,Agri02_OFC,DEF,22429.2661444539
2049,Agri02_OFC,DEG,17936.006383577005
2049,Agri03_No-till,DE1,0.0
2049,Agri03_No-till,DE2,0.0
2049,Agri03_No-till,DE3,0.0
2049,Agri03_No-till,DE4,0.0
2049,Agri03_No-till,DE5,0.0
2049,Agri03_No-till,DE6,0.0
2049,Agri03_No-till,DE7,0.0
2049,Agri03_No-till,DE8,0.0
2049,Agri03_No-till,DE9,0.0
2049,Agri03_No-till,DEA,0.0
2049,Agri03_No-till,DEB,0.0
2049,Agri03_No-till,DEC,0.0
2049,Agri03_No-till,DEE,0.0
2049,Agri03_No-till,DED,0.0
2049,Agri03_No-till,DEF,0.0
2049,Agri03_No-till,DEG,0.0
2049,Agri04_toGrassland,DE1,1105.17653686588
2049,Agri04_toGrassland,DE2,1720.8802407545636
2049,Agri04_toGrassland,DE3,584.6275865042836
2049,Agri04_toGrassland,DE4,1073.4832349466958
2049,Agri04_toGrassland,DE5,272.09547297217307
2049,Agri04_toGrassland,DE6,30.700702971639668
2049,Agri04_toGrassland,DE7,379.16328772772613
2049,Agri04_toGrassland,DE8,1073.229721150688
2049,Agri04_toGrassland,DE9,1516.1709373915173
2049,Agri04_toGrassland,DEA,1122.066873585243
2049,Agri04_toGrassland,DEB,671.0429955659209
2049,Agri04_toGrassland,DEC,423.7635195963031
2049,Agri04_toGrassland,DEE,825.1855929264059
2049,Agri04_toGrassland,DED,713.2210697805168
2049,Agri04_toGrassland,DEF,358.84041887283786
2049,Agri04_toGrassland,DEG,286.9186551116674
2049,Agri05_Agroforestry,DE1,48063.46346866875
2049,Agri05_Agroforestry,DE2,54879.666605108396
2049,Agri05_Agroforestry,DE3,94.54500000000002
2049,Agri05_Agroforestry,DE4,34235.052
2049,Agri05_Agroforestry,DE5,776.162
2049,Agri05_Agroforestry,DE6,628.319
2049,Agri05_Agroforestry,DE7,9467.747541541714
2049,Agri05_Agroforestry,DE8,32606.293
2049,Agri05_Agroforestry,DE9,52213.472184062426
2049,Agri05_Agroforestry,DEA,42247.642
2049,Agri05_Agroforestry,DEB,24825.059
2049,Agri05_Agroforestry,DEC,3458.3510000000006
2049,Agri05_Agroforestry,DEE,17156.976000000002
2049,Agri05_Agroforestry,DED,19114.16
2049,Agri05_Agroforestry,DEF,3985.1554305557793
2049,Agri05_Agroforestry,DEG,3188.939087157277
2049,Agri06_Biochar,DE1,0.0
2049,Agri06_Biochar,DE2,0.0
2049,Agri06_Biochar,DE3,0.0
2049,Agri06_Biochar,DE4,0.0
2049,Agri06_Biochar,DE5,0.0
2049,Agri06_Biochar,DE6,0.0
2049,Agri06_Biochar,DE7,0.0
2049,Agri06_Biochar,DE8,0.0
2049,Agri06_Biochar,DE9,0.0
2049,Agri06_Biochar,DEA,0.0
2049,Agri06_Biochar,DEB,0.0
2049,Agri06_Biochar,DEC,0.0
2049,Agri06_Biochar,DEE,0.0
2049,Agri06_Biochar,DED,0.0
2049,Agri06_Biochar,DEF,0.0
2049,Agri06_Biochar,DEG,0.0
2050,Agri01_AGC,DE1,126686.92720000003
2050,Agri01_AGC,DE2,265832.9318279937
2050,Agri01_AGC,DE3,257.9464000000001
2050,Agri01_AGC,DE4,109232.30880000003
2050,Agri01_AGC,DE5,829.3232000000003
2050,Agri01_AGC,DE6,1362.1976
2050,Agri01_AGC,DE7,57116.77457195567
2050,Agri01_AGC,DE8,120509.93599999999
2050,Agri01_AGC,DE9,228089.84080000003
2050,Agri01_AGC,DEA,132371.32080000004
2050,Agri01_AGC,DEB,65864.40320000003
2050,Agri01_AGC,DEC,7003.476800000001
2050,Agri01_AGC,DEE,101019.0656
2050,Agri01_AGC,DED,75172.4272
2050,Agri01_AGC,DEF,51297.621951215115
2050,Agri01_AGC,DEG,41017.526070165375
2050,Agri02_OFC,DE1,100294.66839353659
2050,Agri02_OFC,DE2,138760.30845337463
2050,Agri02_OFC,DE3,67773.7521936305
2050,Agri02_OFC,DE4,100465.89150039548
2050,Agri02_OFC,DE5,31386.65963885023
2050,Agri02_OFC,DE6,3261.670071103687
2050,Agri02_OFC,DE7,28284.598527337417
2050,Agri02_OFC,DE8,97949.98582708125
2050,Agri02_OFC,DE9,125622.41541289874
2050,Agri02_OFC,DEA,101001.05132373229
2050,Agri02_OFC,DEB,63335.066594957716
2050,Agri02_OFC,DEC,47622.461572998785
2050,Agri02_OFC,DEE,73468.35020659496
2050,Agri02_OFC,DED,66176.48673427937
2050,Agri02_OFC,DEF,22429.2661444539
2050,Agri02_OFC,DEG,17936.006383577005
2050,Agri03_No-till,DE1,0.0
2050,Agri03_No-till,DE2,0.0
2050,Agri03_No-till,DE3,0.0
2050,Agri03_No-till,DE4,0.0
2050,Agri03_No-till,DE5,0.0
2050,Agri03_No-till,DE6,0.0
2050,Agri03_No-till,DE7,0.0
2050,Agri03_No-till,DE8,0.0
2050,Agri03_No-till,DE9,0.0
2050,Agri03_No-till,DEA,0.0
2050,Agri03_No-till,DEB,0.0
2050,Agri03_No-till,DEC,0.0
2050,Agri03_No-till,DEE,0.0
2050,Agri03_No-till,DED,0.0
2050,Agri03_No-till,DEF,0.0
2050,Agri03_No-till,DEG,0.0
2050,Agri04_toGrassland,DE1,1105.17653686588
2050,Agri04_toGrassland,DE2,1720.8802407545636
2050,Agri04_toGrassland,DE3,584.6275865042836
2050,Agri04_toGrassland,DE4,1073.4832349466958
2050,Agri04_toGrassland,DE5,272.09547297217307
2050,Agri04_toGrassland,DE6,30.700702971639668
2050,Agri04_toGrassland,DE7,379.16328772772613
2050,Agri04_toGrassland,DE8,1073.229721150688
2050,Agri04_toGrassland,DE9,1516.1709373915173
2050,Agri04_toGrassland,DEA,1122.066873585243
2050,Agri04_toGrassland,DEB,671.0429955659209
2050,Agri04_toGrassland,DEC,423.7635195963031
2050,Agri04_toGrassland,DEE,825.1855929264059
2050,Agri04_toGrassland,DED,713.2210697805168
2050,Agri04_toGrassland,DEF,358.84041887283786
2050,Agri04_toGrassland,DEG,286.9186551116674
2050,Agri05_Agroforestry,DE1,48063.46346866875
2050,Agri05_Agroforestry,DE2,54879.666605108396
2050,Agri05_Agroforestry,DE3,94.54500000000002
2050,Agri05_Agroforestry,DE4,34235.052
2050,Agri05_Agroforestry,DE5,776.162
2050,Agri05_Agroforestry,DE6,628.319
2050,Agri05_Agroforestry,DE7,9467.747541541714
2050,Agri05_Agroforestry,DE8,32606.293
2050,Agri05_Agroforestry,DE9,52213.472184062426
2050,Agri05_Agroforestry,DEA,42247.642
2050,Agri05_Agroforestry,DEB,24825.059
2050,Agri05_Agroforestry,DEC,3458.3510000000006
2050,Agri05_Agroforestry,DEE,17156.976000000002
2050,Agri05_Agroforestry,DED,19114.16
2050,Agri05_Agroforestry,DEF,3985.1554305557793
2050,Agri05_Agroforestry,DEG,3188.939087157277
2050,Agri06_Biochar,DE1,0.0
2050,Agri06_Biochar,DE2,0.0
2050,Agri06_Biochar,DE3,0.0
2050,Agri06_Biochar,DE4,0.0
2050,Agri06_Biochar,DE5,0.0
2050,Agri06_Biochar,DE6,0.0
2050,Agri06_Biochar,DE7,0.0
2050,Agri06_Biochar,DE8,0.0
2050,Agri06_Biochar,DE9,0.0
2050,Agri06_Biochar,DEA,0.0
2050,Agri06_Biochar,DEB,0.0
2050,Agri06_Biochar,DEC,0.0
2050,Agri06_Biochar,DEE,0.0
2050,Agri06_Biochar,DED,0.0
2050,Agri06_Biochar,DEF,0.0
2050,Agri06_Biochar,DEG,0.0
