year,techAgri,r,ghgAbateTechAgri
2020,Agri01_AGC,DE1,0.0
2020,Agri01_AGC,DE2,0.0
2020,Agri01_AGC,DE3,0.0
2020,Agri01_AGC,DE4,0.0
2020,Agri01_AGC,DE5,0.0
2020,Agri01_AGC,DE6,0.0
2020,Agri01_AGC,DE7,0.0
2020,Agri01_AGC,DE8,0.0
2020,Agri01_AGC,DE9,0.0
2020,Agri01_AGC,DEA,0.0
2020,Agri01_AGC,DEB,0.0
2020,Agri01_AGC,DEC,0.0
2020,Agri01_AGC,DEE,0.0
2020,Agri01_AGC,DED,0.0
2020,Agri01_AGC,DEF,0.0
2020,Agri01_AGC,DEG,0.0
2020,Agri02_OFC,DE1,0.0
2020,Agri02_OFC,DE2,0.0
2020,Agri02_OFC,DE3,0.0
2020,Agri02_OFC,DE4,0.0
2020,Agri02_OFC,DE5,0.0
2020,Agri02_OFC,DE6,0.0
2020,Agri02_OFC,DE7,0.0
2020,Agri02_OFC,DE8,0.0
2020,Agri02_OFC,DE9,0.0
2020,Agri02_OFC,DEA,0.0
2020,Agri02_OFC,DEB,0.0
2020,Agri02_OFC,DEC,0.0
2020,Agri02_OFC,DEE,0.0
2020,Agri02_OFC,DED,0.0
2020,Agri02_OFC,DEF,0.0
2020,Agri02_OFC,DEG,0.0
2020,Agri03_No-till,DE1,0.0
2020,Agri03_No-till,DE2,0.0
2020,Agri03_No-till,DE3,0.0
2020,Agri03_No-till,DE4,0.0
2020,Agri03_No-till,DE5,0.0
2020,Agri03_No-till,DE6,0.0
2020,Agri03_No-till,DE7,0.0
2020,Agri03_No-till,DE8,0.0
2020,Agri03_No-till,DE9,0.0
2020,Agri03_No-till,DEA,0.0
2020,Agri03_No-till,DEB,0.0
2020,Agri03_No-till,DEC,0.0
2020,Agri03_No-till,DEE,0.0
2020,Agri03_No-till,DED,0.0
2020,Agri03_No-till,DEF,0.0
2020,Agri03_No-till,DEG,0.0
2020,Agri04_toGrassland,DE1,0.0
2020,Agri04_toGrassland,DE2,0.0
2020,Agri04_toGrassland,DE3,0.0
2020,Agri04_toGrassland,DE4,0.0
2020,Agri04_toGrassland,DE5,0.0
2020,Agri04_toGrassland,DE6,0.0
2020,Agri04_toGrassland,DE7,0.0
2020,Agri04_toGrassland,DE8,0.0
2020,Agri04_toGrassland,DE9,0.0
2020,Agri04_toGrassland,DEA,0.0
2020,Agri04_toGrassland,DEB,0.0
2020,Agri04_toGrassland,DEC,0.0
2020,Agri04_toGrassland,DEE,0.0
2020,Agri04_toGrassland,DED,0.0
2020,Agri04_toGrassland,DEF,0.0
2020,Agri04_toGrassland,DEG,0.0
2020,Agri05_Agroforestry,DE1,0.0
2020,Agri05_Agroforestry,DE2,0.0
2020,Agri05_Agroforestry,DE3,0.0
2020,Agri05_Agroforestry,DE4,0.0
2020,Agri05_Agroforestry,DE5,0.0
2020,Agri05_Agroforestry,DE6,0.0
2020,Agri05_Agroforestry,DE7,0.0
2020,Agri05_Agroforestry,DE8,0.0
2020,Agri05_Agroforestry,DE9,0.0
2020,Agri05_Agroforestry,DEA,0.0
2020,Agri05_Agroforestry,DEB,0.0
2020,Agri05_Agroforestry,DEC,0.0
2020,Agri05_Agroforestry,DEE,0.0
2020,Agri05_Agroforestry,DED,0.0
2020,Agri05_Agroforestry,DEF,0.0
2020,Agri05_Agroforestry,DEG,0.0
2020,Agri06_Biochar,DE1,0.0
2020,Agri06_Biochar,DE2,0.0
2020,Agri06_Biochar,DE3,0.0
2020,Agri06_Biochar,DE4,0.0
2020,Agri06_Biochar,DE5,0.0
2020,Agri06_Biochar,DE6,0.0
2020,Agri06_Biochar,DE7,0.0
2020,Agri06_Biochar,DE8,0.0
2020,Agri06_Biochar,DE9,0.0
2020,Agri06_Biochar,DEA,0.0
2020,Agri06_Biochar,DEB,0.0
2020,Agri06_Biochar,DEC,0.0
2020,Agri06_Biochar,DEE,0.0
2020,Agri06_Biochar,DED,0.0
2020,Agri06_Biochar,DEF,0.0
2020,Agri06_Biochar,DEG,0.0
2021,Agri01_AGC,DE1,0.0
2021,Agri01_AGC,DE2,0.0
2021,Agri01_AGC,DE3,0.0
2021,Agri01_AGC,DE4,0.0
2021,Agri01_AGC,DE5,0.0
2021,Agri01_AGC,DE6,0.0
2021,Agri01_AGC,DE7,0.0
2021,Agri01_AGC,DE8,0.0
2021,Agri01_AGC,DE9,0.0
2021,Agri01_AGC,DEA,0.0
2021,Agri01_AGC,DEB,0.0
2021,Agri01_AGC,DEC,0.0
2021,Agri01_AGC,DEE,0.0
2021,Agri01_AGC,DED,0.0
2021,Agri01_AGC,DEF,0.0
2021,Agri01_AGC,DEG,0.0
2021,Agri02_OFC,DE1,0.0
2021,Agri02_OFC,DE2,0.0
2021,Agri02_OFC,DE3,0.0
2021,Agri02_OFC,DE4,0.0
2021,Agri02_OFC,DE5,0.0
2021,Agri02_OFC,DE6,0.0
2021,Agri02_OFC,DE7,0.0
2021,Agri02_OFC,DE8,0.0
2021,Agri02_OFC,DE9,0.0
2021,Agri02_OFC,DEA,0.0
2021,Agri02_OFC,DEB,0.0
2021,Agri02_OFC,DEC,0.0
2021,Agri02_OFC,DEE,0.0
2021,Agri02_OFC,DED,0.0
2021,Agri02_OFC,DEF,0.0
2021,Agri02_OFC,DEG,0.0
2021,Agri03_No-till,DE1,0.0
2021,Agri03_No-till,DE2,0.0
2021,Agri03_No-till,DE3,0.0
2021,Agri03_No-till,DE4,0.0
2021,Agri03_No-till,DE5,0.0
2021,Agri03_No-till,DE6,0.0
2021,Agri03_No-till,DE7,0.0
2021,Agri03_No-till,DE8,0.0
2021,Agri03_No-till,DE9,0.0
2021,Agri03_No-till,DEA,0.0
2021,Agri03_No-till,DEB,0.0
2021,Agri03_No-till,DEC,0.0
2021,Agri03_No-till,DEE,0.0
2021,Agri03_No-till,DED,0.0
2021,Agri03_No-till,DEF,0.0
2021,Agri03_No-till,DEG,0.0
2021,Agri04_toGrassland,DE1,0.0
2021,Agri04_toGrassland,DE2,0.0
2021,Agri04_toGrassland,DE3,0.0
2021,Agri04_toGrassland,DE4,0.0
2021,Agri04_toGrassland,DE5,0.0
2021,Agri04_toGrassland,DE6,0.0
2021,Agri04_toGrassland,DE7,0.0
2021,Agri04_toGrassland,DE8,0.0
2021,Agri04_toGrassland,DE9,0.0
2021,Agri04_toGrassland,DEA,0.0
2021,Agri04_toGrassland,DEB,0.0
2021,Agri04_toGrassland,DEC,0.0
2021,Agri04_toGrassland,DEE,0.0
2021,Agri04_toGrassland,DED,0.0
2021,Agri04_toGrassland,DEF,0.0
2021,Agri04_toGrassland,DEG,0.0
2021,Agri05_Agroforestry,DE1,6854.790275903743
2021,Agri05_Agroforestry,DE2,14946.106928141888
2021,Agri05_Agroforestry,DE3,13.956992355122633
2021,Agri05_Agroforestry,DE4,5910.353852017296
2021,Agri05_Agroforestry,DE5,44.8731114771357
2021,Agri05_Agroforestry,DE6,73.70593847933675
2021,Agri05_Agroforestry,DE7,3854.7374247962052
2021,Agri05_Agroforestry,DE8,6520.564952518496
2021,Agri05_Agroforestry,DE9,12341.510346051497
2021,Agri05_Agroforestry,DEA,7162.3620738381505
2021,Agri05_Agroforestry,DEB,3563.7984167916848
2021,Agri05_Agroforestry,DEC,378.9448976875766
2021,Agri05_Agroforestry,DEE,5465.950780087766
2021,Agri05_Agroforestry,DED,4067.4380093942473
2021,Agri05_Agroforestry,DEF,4713.0356411200555
2021,Agri05_Agroforestry,DEG,3767.8703593397963
2021,Agri06_Biochar,DE1,0.0
2021,Agri06_Biochar,DE2,0.0
2021,Agri06_Biochar,DE3,0.0
2021,Agri06_Biochar,DE4,0.0
2021,Agri06_Biochar,DE5,0.0
2021,Agri06_Biochar,DE6,0.0
2021,Agri06_Biochar,DE7,0.0
2021,Agri06_Biochar,DE8,0.0
2021,Agri06_Biochar,DE9,0.0
2021,Agri06_Biochar,DEA,0.0
2021,Agri06_Biochar,DEB,0.0
2021,Agri06_Biochar,DEC,0.0
2021,Agri06_Biochar,DEE,0.0
2021,Agri06_Biochar,DED,0.0
2021,Agri06_Biochar,DEF,0.0
2021,Agri06_Biochar,DEG,0.0
2022,Agri01_AGC,DE1,0.0
2022,Agri01_AGC,DE2,0.0
2022,Agri01_AGC,DE3,0.0
2022,Agri01_AGC,DE4,0.0
2022,Agri01_AGC,DE5,0.0
2022,Agri01_AGC,DE6,0.0
2022,Agri01_AGC,DE7,0.0
2022,Agri01_AGC,DE8,0.0
2022,Agri01_AGC,DE9,0.0
2022,Agri01_AGC,DEA,0.0
2022,Agri01_AGC,DEB,0.0
2022,Agri01_AGC,DEC,0.0
2022,Agri01_AGC,DEE,0.0
2022,Agri01_AGC,DED,0.0
2022,Agri01_AGC,DEF,0.0
2022,Agri01_AGC,DEG,0.0
2022,Agri02_OFC,DE1,0.0
2022,Agri02_OFC,DE2,0.0
2022,Agri02_OFC,DE3,0.0
2022,Agri02_OFC,DE4,0.0
2022,Agri02_OFC,DE5,0.0
2022,Agri02_OFC,DE6,0.0
2022,Agri02_OFC,DE7,0.0
2022,Agri02_OFC,DE8,0.0
2022,Agri02_OFC,DE9,0.0
2022,Agri02_OFC,DEA,0.0
2022,Agri02_OFC,DEB,0.0
2022,Agri02_OFC,DEC,0.0
2022,Agri02_OFC,DEE,0.0
2022,Agri02_OFC,DED,0.0
2022,Agri02_OFC,DEF,0.0
2022,Agri02_OFC,DEG,0.0
2022,Agri03_No-till,DE1,0.0
2022,Agri03_No-till,DE2,0.0
2022,Agri03_No-till,DE3,0.0
2022,Agri03_No-till,DE4,0.0
2022,Agri03_No-till,DE5,0.0
2022,Agri03_No-till,DE6,0.0
2022,Agri03_No-till,DE7,0.0
2022,Agri03_No-till,DE8,0.0
2022,Agri03_No-till,DE9,0.0
2022,Agri03_No-till,DEA,0.0
2022,Agri03_No-till,DEB,0.0
2022,Agri03_No-till,DEC,0.0
2022,Agri03_No-till,DEE,0.0
2022,Agri03_No-till,DED,0.0
2022,Agri03_No-till,DEF,0.0
2022,Agri03_No-till,DEG,0.0
2022,Agri04_toGrassland,DE1,0.0
2022,Agri04_toGrassland,DE2,0.0
2022,Agri04_toGrassland,DE3,0.0
2022,Agri04_toGrassland,DE4,0.0
2022,Agri04_toGrassland,DE5,0.0
2022,Agri04_toGrassland,DE6,0.0
2022,Agri04_toGrassland,DE7,0.0
2022,Agri04_toGrassland,DE8,0.0
2022,Agri04_toGrassland,DE9,0.0
2022,Agri04_toGrassland,DEA,0.0
2022,Agri04_toGrassland,DEB,0.0
2022,Agri04_toGrassland,DEC,0.0
2022,Agri04_toGrassland,DEE,0.0
2022,Agri04_toGrassland,DED,0.0
2022,Agri04_toGrassland,DEF,0.0
2022,Agri04_toGrassland,DEG,0.0
2022,Agri05_Agroforestry,DE1,16371.387717024656
2022,Agri05_Agroforestry,DE2,32284.31046642634
2022,Agri05_Agroforestry,DE3,1307.8725000000002
2022,Agri05_Agroforestry,DE4,14712.966072101832
2022,Agri05_Agroforestry,DE5,1418.9808474363908
2022,Agri05_Agroforestry,DE6,269.2318641986659
2022,Agri05_Agroforestry,DE7,8006.1316630397605
2022,Agri05_Agroforestry,DE8,15681.814455929049
2022,Agri05_Agroforestry,DE9,27129.673729877282
2022,Agri05_Agroforestry,DEA,16944.015461191033
2022,Agri05_Agroforestry,DEB,8989.231620619672
2022,Agri05_Agroforestry,DEC,2701.2687721858797
2022,Agri05_Agroforestry,DEE,12776.685369143242
2022,Agri05_Agroforestry,DED,9998.81068920822
2022,Agri05_Agroforestry,DEF,9269.984956446695
2022,Agri05_Agroforestry,DEG,7411.159902278851
2022,Agri06_Biochar,DE1,0.0
2022,Agri06_Biochar,DE2,0.0
2022,Agri06_Biochar,DE3,0.0
2022,Agri06_Biochar,DE4,0.0
2022,Agri06_Biochar,DE5,0.0
2022,Agri06_Biochar,DE6,0.0
2022,Agri06_Biochar,DE7,0.0
2022,Agri06_Biochar,DE8,0.0
2022,Agri06_Biochar,DE9,0.0
2022,Agri06_Biochar,DEA,0.0
2022,Agri06_Biochar,DEB,0.0
2022,Agri06_Biochar,DEC,0.0
2022,Agri06_Biochar,DEE,0.0
2022,Agri06_Biochar,DED,0.0
2022,Agri06_Biochar,DEF,0.0
2022,Agri06_Biochar,DEG,0.0
2023,Agri01_AGC,DE1,8686.18560070932
2023,Agri01_AGC,DE2,17614.254878630723
2023,Agri01_AGC,DE3,0.0
2023,Agri01_AGC,DE4,0.0
2023,Agri01_AGC,DE5,0.0
2023,Agri01_AGC,DE6,0.0
2023,Agri01_AGC,DE7,4418.486211117789
2023,Agri01_AGC,DE8,7354.5442531820845
2023,Agri01_AGC,DE9,7202.602416630017
2023,Agri01_AGC,DEA,0.0
2023,Agri01_AGC,DEB,0.0
2023,Agri01_AGC,DEC,0.0
2023,Agri01_AGC,DEE,0.0
2023,Agri01_AGC,DED,0.0
2023,Agri01_AGC,DEF,0.0
2023,Agri01_AGC,DEG,0.0
2023,Agri02_OFC,DE1,0.0
2023,Agri02_OFC,DE2,0.0
2023,Agri02_OFC,DE3,0.0
2023,Agri02_OFC,DE4,0.0
2023,Agri02_OFC,DE5,0.0
2023,Agri02_OFC,DE6,0.0
2023,Agri02_OFC,DE7,0.0
2023,Agri02_OFC,DE8,0.0
2023,Agri02_OFC,DE9,0.0
2023,Agri02_OFC,DEA,0.0
2023,Agri02_OFC,DEB,0.0
2023,Agri02_OFC,DEC,0.0
2023,Agri02_OFC,DEE,0.0
2023,Agri02_OFC,DED,0.0
2023,Agri02_OFC,DEF,0.0
2023,Agri02_OFC,DEG,0.0
2023,Agri03_No-till,DE1,0.0
2023,Agri03_No-till,DE2,0.0
2023,Agri03_No-till,DE3,0.0
2023,Agri03_No-till,DE4,0.0
2023,Agri03_No-till,DE5,0.0
2023,Agri03_No-till,DE6,0.0
2023,Agri03_No-till,DE7,0.0
2023,Agri03_No-till,DE8,0.0
2023,Agri03_No-till,DE9,0.0
2023,Agri03_No-till,DEA,0.0
2023,Agri03_No-till,DEB,0.0
2023,Agri03_No-till,DEC,0.0
2023,Agri03_No-till,DEE,0.0
2023,Agri03_No-till,DED,0.0
2023,Agri03_No-till,DEF,0.0
2023,Agri03_No-till,DEG,0.0
2023,Agri04_toGrassland,DE1,151.50109280218058
2023,Agri04_toGrassland,DE2,307.22102723556566
2023,Agri04_toGrassland,DE3,19.847104190914386
2023,Agri04_toGrassland,DE4,134.67291216228168
2023,Agri04_toGrassland,DE5,9.877782564952609
2023,Agri04_toGrassland,DE6,2.2603283449478013
2023,Agri04_toGrassland,DE7,77.06552913871049
2023,Agri04_toGrassland,DE8,144.85027306095097
2023,Agri04_toGrassland,DE9,256.87619838060124
2023,Agri04_toGrassland,DEA,157.20186056479523
2023,Agri04_toGrassland,DEB,82.00157013309523
2023,Agri04_toGrassland,DEC,20.542660790974388
2023,Agri04_toGrassland,DEE,118.92444186751659
2023,Agri04_toGrassland,DED,91.82357114905307
2023,Agri04_toGrassland,DEF,90.71072813308002
2023,Agri04_toGrassland,DEG,72.52072494406605
2023,Agri05_Agroforestry,DE1,28549.79232336274
2023,Agri05_Agroforestry,DE2,52014.61061485336
2023,Agri05_Agroforestry,DE3,1307.8725000000002
2023,Agri05_Agroforestry,DE4,26407.836660253604
2023,Agri05_Agroforestry,DE5,4122.323207877766
2023,Agri05_Agroforestry,DE6,586.5777771579875
2023,Agri05_Agroforestry,DE7,12454.182714730665
2023,Agri05_Agroforestry,DE8,27483.748510231657
2023,Agri05_Agroforestry,DE9,44364.49015147736
2023,Agri05_Agroforestry,DEA,29344.960162058644
2023,Agri05_Agroforestry,DEB,16276.299611483964
2023,Agri05_Agroforestry,DEC,6966.971623494909
2023,Agri05_Agroforestry,DEE,21932.20376716643
2023,Agri05_Agroforestry,DED,17794.118039441913
2023,Agri05_Agroforestry,DEF,13670.847945979918
2023,Agri05_Agroforestry,DEG,10929.868628817167
2023,Agri06_Biochar,DE1,0.0
2023,Agri06_Biochar,DE2,0.0
2023,Agri06_Biochar,DE3,0.0
2023,Agri06_Biochar,DE4,0.0
2023,Agri06_Biochar,DE5,0.0
2023,Agri06_Biochar,DE6,0.0
2023,Agri06_Biochar,DE7,0.0
2023,Agri06_Biochar,DE8,0.0
2023,Agri06_Biochar,DE9,0.0
2023,Agri06_Biochar,DEA,0.0
2023,Agri06_Biochar,DEB,0.0
2023,Agri06_Biochar,DEC,0.0
2023,Agri06_Biochar,DEE,0.0
2023,Agri06_Biochar,DED,0.0
2023,Agri06_Biochar,DEF,0.0
2023,Agri06_Biochar,DEG,0.0
2024,Agri01_AGC,DE1,17663.498364285013
2024,Agri01_AGC,DE2,35200.77730305921
2024,Agri01_AGC,DE3,0.0
2024,Agri01_AGC,DE4,8088.338768506683
2024,Agri01_AGC,DE5,0.0
2024,Agri01_AGC,DE6,0.0
2024,Agri01_AGC,DE7,8767.624504853944
2024,Agri01_AGC,DE8,15957.443843892277
2024,Agri01_AGC,DE9,21999.022971995426
2024,Agri01_AGC,DEA,9285.775594042023
2024,Agri01_AGC,DEB,3924.0166190034124
2024,Agri01_AGC,DEC,0.0
2024,Agri01_AGC,DEE,6996.6442336952805
2024,Agri01_AGC,DED,5492.6174806304
2024,Agri01_AGC,DEF,5015.289532554315
2024,Agri01_AGC,DEG,4009.6279789733626
2024,Agri02_OFC,DE1,0.0
2024,Agri02_OFC,DE2,0.0
2024,Agri02_OFC,DE3,0.0
2024,Agri02_OFC,DE4,0.0
2024,Agri02_OFC,DE5,0.0
2024,Agri02_OFC,DE6,0.0
2024,Agri02_OFC,DE7,0.0
2024,Agri02_OFC,DE8,0.0
2024,Agri02_OFC,DE9,0.0
2024,Agri02_OFC,DEA,0.0
2024,Agri02_OFC,DEB,0.0
2024,Agri02_OFC,DEC,0.0
2024,Agri02_OFC,DEE,0.0
2024,Agri02_OFC,DED,0.0
2024,Agri02_OFC,DEF,0.0
2024,Agri02_OFC,DEG,0.0
2024,Agri03_No-till,DE1,0.0
2024,Agri03_No-till,DE2,0.0
2024,Agri03_No-till,DE3,0.0
2024,Agri03_No-till,DE4,0.0
2024,Agri03_No-till,DE5,0.0
2024,Agri03_No-till,DE6,0.0
2024,Agri03_No-till,DE7,0.0
2024,Agri03_No-till,DE8,0.0
2024,Agri03_No-till,DE9,0.0
2024,Agri03_No-till,DEA,0.0
2024,Agri03_No-till,DEB,0.0
2024,Agri03_No-till,DEC,0.0
2024,Agri03_No-till,DEE,0.0
2024,Agri03_No-till,DED,0.0
2024,Agri03_No-till,DEF,0.0
2024,Agri03_No-till,DEG,0.0
2024,Agri04_toGrassland,DE1,308.0799130840794
2024,Agri04_toGrassland,DE2,613.9583557210857
2024,Agri04_toGrassland,DE3,49.47386402623509
2024,Agri04_toGrassland,DE4,275.74659153230806
2024,Agri04_toGrassland,DE5,24.231815083585506
2024,Agri04_toGrassland,DE6,4.8909133766670045
2024,Agri04_toGrassland,DE7,152.92151869931033
2024,Agri04_toGrassland,DE8,294.89872345943127
2024,Agri04_toGrassland,DE9,514.9496481944586
2024,Agri04_toGrassland,DEA,319.1607703419825
2024,Agri04_toGrassland,DEB,168.2611994367244
2024,Agri04_toGrassland,DEC,47.4497338869447
2024,Agri04_toGrassland,DEE,240.9572070051105
2024,Agri04_toGrassland,DED,187.623682833509
2024,Agri04_toGrassland,DEF,178.18547019238727
2024,Agri04_toGrassland,DEG,142.45510678539551
2024,Agri05_Agroforestry,DE1,43390.004094918
2024,Agri05_Agroforestry,DE2,74137.00737342294
2024,Agri05_Agroforestry,DE3,1307.8725000000002
2024,Agri05_Agroforestry,DE4,40994.96561647261
2024,Agri05_Agroforestry,DE5,8154.900192801261
2024,Agri05_Agroforestry,DE6,1025.7436773573015
2024,Agri05_Agroforestry,DE7,17198.890579868916
2024,Agri05_Agroforestry,DE8,41926.36711542632
2024,Agri05_Agroforestry,DE9,64045.95961085173
2024,Agri05_Agroforestry,DEA,44365.19617644099
2024,Agri05_Agroforestry,DEB,25425.002389384557
2024,Agri05_Agroforestry,DEC,13176.053451614665
2024,Agri05_Agroforestry,DEE,32932.50597415732
2024,Agri05_Agroforestry,DED,27453.360060095336
2024,Agri05_Agroforestry,DEF,17915.624609719725
2024,Agri05_Agroforestry,DEG,14323.996538954741
2024,Agri06_Biochar,DE1,0.0
2024,Agri06_Biochar,DE2,0.0
2024,Agri06_Biochar,DE3,0.0
2024,Agri06_Biochar,DE4,0.0
2024,Agri06_Biochar,DE5,0.0
2024,Agri06_Biochar,DE6,0.0
2024,Agri06_Biochar,DE7,0.0
2024,Agri06_Biochar,DE8,0.0
2024,Agri06_Biochar,DE9,0.0
2024,Agri06_Biochar,DEA,0.0
2024,Agri06_Biochar,DEB,0.0
2024,Agri06_Biochar,DEC,0.0
2024,Agri06_Biochar,DEE,0.0
2024,Agri06_Biochar,DED,0.0
2024,Agri06_Biochar,DEF,0.0
2024,Agri06_Biochar,DEG,0.0
2025,Agri01_AGC,DE1,26931.93829072709
2025,Agri01_AGC,DE2,52759.56727328544
2025,Agri01_AGC,DE3,0.0
2025,Agri01_AGC,DE4,16543.660051297935
2025,Agri01_AGC,DE5,0.0
2025,Agri01_AGC,DE6,0.0
2025,Agri01_AGC,DE7,13047.414881208468
2025,Agri01_AGC,DE8,24858.376487064594
2025,Agri01_AGC,DE9,36864.08691446536
2025,Agri01_AGC,DEA,18844.292536719066
2025,Agri01_AGC,DEB,9113.77088209907
2025,Agri01_AGC,DEC,0.0
2025,Agri01_AGC,DEE,14171.50152401946
2025,Agri01_AGC,DED,11213.226512347197
2025,Agri01_AGC,DEF,9845.046570799806
2025,Agri01_AGC,DEG,7870.970187844603
2025,Agri02_OFC,DE1,0.0
2025,Agri02_OFC,DE2,0.0
2025,Agri02_OFC,DE3,0.0
2025,Agri02_OFC,DE4,0.0
2025,Agri02_OFC,DE5,0.0
2025,Agri02_OFC,DE6,0.0
2025,Agri02_OFC,DE7,0.0
2025,Agri02_OFC,DE8,0.0
2025,Agri02_OFC,DE9,0.0
2025,Agri02_OFC,DEA,0.0
2025,Agri02_OFC,DEB,0.0
2025,Agri02_OFC,DEC,0.0
2025,Agri02_OFC,DEE,0.0
2025,Agri02_OFC,DED,0.0
2025,Agri02_OFC,DEF,0.0
2025,Agri02_OFC,DEG,0.0
2025,Agri03_No-till,DE1,0.0
2025,Agri03_No-till,DE2,0.0
2025,Agri03_No-till,DE3,0.0
2025,Agri03_No-till,DE4,0.0
2025,Agri03_No-till,DE5,0.0
2025,Agri03_No-till,DE6,0.0
2025,Agri03_No-till,DE7,0.0
2025,Agri03_No-till,DE8,0.0
2025,Agri03_No-till,DE9,0.0
2025,Agri03_No-till,DEA,0.0
2025,Agri03_No-till,DEB,0.0
2025,Agri03_No-till,DEC,0.0
2025,Agri03_No-till,DEE,0.0
2025,Agri03_No-till,DED,0.0
2025,Agri03_No-till,DEF,0.0
2025,Agri03_No-till,DEG,0.0
2025,Agri04_toGrassland,DE1,469.7364608456965
2025,Agri04_toGrassland,DE2,920.2119854565603
2025,Agri04_toGrassland,DE3,88.88027950596214
2025,Agri04_toGrassland,DE4,423.221038110079
2025,Agri04_toGrassland,DE5,43.06209755589868
2025,Agri04_toGrassland,DE6,7.891755095157609
2025,Agri04_toGrassland,DE7,227.5679686817995
2025,Agri04_toGrassland,DE8,450.14535119544104
2025,Agri04_toGrassland,DE9,774.2203494415722
2025,Agri04_toGrassland,DEA,485.87672933156193
2025,Agri04_toGrassland,DEB,258.77888791088753
2025,Agri04_toGrassland,DEC,80.72121928791094
2025,Agri04_toGrassland,DEE,366.09829541278174
2025,Agri04_toGrassland,DED,287.40033505336777
2025,Agri04_toGrassland,DEF,262.4242261779217
2025,Agri04_toGrassland,DEG,209.80314552398838
2025,Agri05_Agroforestry,DE1,60892.02303169043
2025,Agri05_Agroforestry,DE2,98651.50074213509
2025,Agri05_Agroforestry,DE3,1307.8725000000002
2025,Agri05_Agroforestry,DE4,58474.35294075885
2025,Agri05_Agroforestry,DE5,10736.907666666668
2025,Agri05_Agroforestry,DE6,1586.7295647966077
2025,Agri05_Agroforestry,DE7,22240.255258454523
2025,Agri05_Agroforestry,DE8,59009.670271513045
2025,Agri05_Agroforestry,DE9,86174.08210800037
2025,Agri05_Agroforestry,DEA,62004.72350433807
2025,Agri05_Agroforestry,DEB,36435.339954321455
2025,Agri05_Agroforestry,DEC,21328.51425654515
2025,Agri05_Agroforestry,DEE,45777.59199011592
2025,Agri05_Agroforestry,DED,38976.53675116848
2025,Agri05_Agroforestry,DEF,22004.314947666113
2025,Agri05_Agroforestry,DEG,17593.543632691573
2025,Agri06_Biochar,DE1,0.0
2025,Agri06_Biochar,DE2,0.0
2025,Agri06_Biochar,DE3,0.0
2025,Agri06_Biochar,DE4,0.0
2025,Agri06_Biochar,DE5,0.0
2025,Agri06_Biochar,DE6,0.0
2025,Agri06_Biochar,DE7,0.0
2025,Agri06_Biochar,DE8,0.0
2025,Agri06_Biochar,DE9,0.0
2025,Agri06_Biochar,DEA,0.0
2025,Agri06_Biochar,DEB,0.0
2025,Agri06_Biochar,DEC,0.0
2025,Agri06_Biochar,DEE,0.0
2025,Agri06_Biochar,DED,0.0
2025,Agri06_Biochar,DEF,0.0
2025,Agri06_Biochar,DEG,0.0
2026,Agri01_AGC,DE1,36491.50538003554
2026,Agri01_AGC,DE2,70290.62478930943
2026,Agri01_AGC,DE3,0.0
2026,Agri01_AGC,DE4,25365.963848373754
2026,Agri01_AGC,DE5,0.0
2026,Agri01_AGC,DE6,0.0
2026,Agri01_AGC,DE7,17257.857340181356
2026,Agri01_AGC,DE8,34057.34218269904
2026,Agri01_AGC,DE9,51797.79424403981
2026,Agri01_AGC,DEA,28675.550828031122
2026,Agri01_AGC,DEB,14547.657326487666
2026,Agri01_AGC,DEC,0.0
2026,Agri01_AGC,DEE,21524.57187097254
2026,Agri01_AGC,DED,17161.82709515039
2026,Agri01_AGC,DEF,14489.271114736473
2026,Agri01_AGC,DEG,11584.02662661372
2026,Agri02_OFC,DE1,0.0
2026,Agri02_OFC,DE2,0.0
2026,Agri02_OFC,DE3,0.0
2026,Agri02_OFC,DE4,0.0
2026,Agri02_OFC,DE5,0.0
2026,Agri02_OFC,DE6,0.0
2026,Agri02_OFC,DE7,0.0
2026,Agri02_OFC,DE8,0.0
2026,Agri02_OFC,DE9,0.0
2026,Agri02_OFC,DEA,0.0
2026,Agri02_OFC,DEB,0.0
2026,Agri02_OFC,DEC,0.0
2026,Agri02_OFC,DEE,0.0
2026,Agri02_OFC,DED,0.0
2026,Agri02_OFC,DEF,0.0
2026,Agri02_OFC,DEG,0.0
2026,Agri03_No-till,DE1,0.0
2026,Agri03_No-till,DE2,0.0
2026,Agri03_No-till,DE3,0.0
2026,Agri03_No-till,DE4,0.0
2026,Agri03_No-till,DE5,0.0
2026,Agri03_No-till,DE6,0.0
2026,Agri03_No-till,DE7,0.0
2026,Agri03_No-till,DE8,0.0
2026,Agri03_No-till,DE9,0.0
2026,Agri03_No-till,DEA,0.0
2026,Agri03_No-till,DEB,0.0
2026,Agri03_No-till,DEC,0.0
2026,Agri03_No-till,DEE,0.0
2026,Agri03_No-till,DED,0.0
2026,Agri03_No-till,DEF,0.0
2026,Agri03_No-till,DEG,0.0
2026,Agri04_toGrassland,DE1,636.4707360870319
2026,Agri04_toGrassland,DE2,1225.9819164419894
2026,Agri04_toGrassland,DE3,138.06635063009549
2026,Agri04_toGrassland,DE4,577.0962518955946
2026,Agri04_toGrassland,DE5,66.36862998189214
2026,Agri04_toGrassland,DE6,11.262853500419613
2026,Agri04_toGrassland,DE7,301.00487908617805
2026,Agri04_toGrassland,DE8,610.5901562689802
2026,Agri04_toGrassland,DE9,1034.688302121942
2026,Agri04_toGrassland,DEA,657.3497375335335
2026,Agri04_toGrassland,DEB,353.55463555558464
2026,Agri04_toGrassland,DEC,120.3571169938731
2026,Agri04_toGrassland,DEE,494.34770709053026
2026,Agri04_toGrassland,DED,391.15352780862946
2026,Agri04_toGrassland,DEF,343.4269960896833
2026,Agri04_toGrassland,DEG,274.56484115984466
2026,Agri05_Agroforestry,DE1,81055.84913368002
2026,Agri05_Agroforestry,DE2,125558.09072098981
2026,Agri05_Agroforestry,DE3,1307.8725000000002
2026,Agri05_Agroforestry,DE4,78845.99863311234
2026,Agri05_Agroforestry,DE5,10736.907666666668
2026,Agri05_Agroforestry,DE6,2269.5354394759065
2026,Agri05_Agroforestry,DE7,27578.276750487476
2026,Agri05_Agroforestry,DE8,78733.65797849181
2026,Agri05_Agroforestry,DE9,110748.8576429233
2026,Agri05_Agroforestry,DEA,82263.54214574989
2026,Agri05_Agroforestry,DEB,49307.312306294654
2026,Agri05_Agroforestry,DEC,31424.354038286358
2026,Agri05_Agroforestry,DEE,60467.46181504223
2026,Agri05_Agroforestry,DED,52363.64811266136
2026,Agri05_Agroforestry,DEF,25936.918959819093
2026,Agri05_Agroforestry,DEG,20738.509910027668
2026,Agri06_Biochar,DE1,0.0
2026,Agri06_Biochar,DE2,0.0
2026,Agri06_Biochar,DE3,0.0
2026,Agri06_Biochar,DE4,0.0
2026,Agri06_Biochar,DE5,0.0
2026,Agri06_Biochar,DE6,0.0
2026,Agri06_Biochar,DE7,0.0
2026,Agri06_Biochar,DE8,0.0
2026,Agri06_Biochar,DE9,0.0
2026,Agri06_Biochar,DEA,0.0
2026,Agri06_Biochar,DEB,0.0
2026,Agri06_Biochar,DEC,0.0
2026,Agri06_Biochar,DEE,0.0
2026,Agri06_Biochar,DED,0.0
2026,Agri06_Biochar,DEF,0.0
2026,Agri06_Biochar,DEG,0.0
2027,Agri01_AGC,DE1,46342.199632210366
2027,Agri01_AGC,DE2,87793.94985113118
2027,Agri01_AGC,DE3,0.0
2027,Agri01_AGC,DE4,34555.25015973414
2027,Agri01_AGC,DE5,0.0
2027,Agri01_AGC,DE6,0.0
2027,Agri01_AGC,DE7,21398.951881772613
2027,Agri01_AGC,DE8,43554.340930795595
2027,Agri01_AGC,DE9,66800.1449607188
2027,Agri01_AGC,DEA,38779.5504679782
2027,Agri01_AGC,DEB,20225.6759521692
2027,Agri01_AGC,DEC,0.0
2027,Agri01_AGC,DEE,29055.85527455452
2027,Agri01_AGC,DED,23338.419229039977
2027,Agri01_AGC,DEF,18947.96316436432
2027,Agri01_AGC,DEG,15148.797295280716
2027,Agri02_OFC,DE1,0.0
2027,Agri02_OFC,DE2,0.0
2027,Agri02_OFC,DE3,0.0
2027,Agri02_OFC,DE4,0.0
2027,Agri02_OFC,DE5,0.0
2027,Agri02_OFC,DE6,0.0
2027,Agri02_OFC,DE7,0.0
2027,Agri02_OFC,DE8,0.0
2027,Agri02_OFC,DE9,0.0
2027,Agri02_OFC,DEA,0.0
2027,Agri02_OFC,DEB,0.0
2027,Agri02_OFC,DEC,0.0
2027,Agri02_OFC,DEE,0.0
2027,Agri02_OFC,DED,0.0
2027,Agri02_OFC,DEF,0.0
2027,Agri02_OFC,DEG,0.0
2027,Agri03_No-till,DE1,0.0
2027,Agri03_No-till,DE2,0.0
2027,Agri03_No-till,DE3,0.0
2027,Agri03_No-till,DE4,0.0
2027,Agri03_No-till,DE5,0.0
2027,Agri03_No-till,DE6,0.0
2027,Agri03_No-till,DE7,0.0
2027,Agri03_No-till,DE8,0.0
2027,Agri03_No-till,DE9,0.0
2027,Agri03_No-till,DEA,0.0
2027,Agri03_No-till,DEB,0.0
2027,Agri03_No-till,DEC,0.0
2027,Agri03_No-till,DEE,0.0
2027,Agri03_No-till,DED,0.0
2027,Agri03_No-till,DEF,0.0
2027,Agri03_No-till,DEG,0.0
2027,Agri04_toGrassland,DE1,808.2827388080855
2027,Agri04_toGrassland,DE2,1531.2681486773731
2027,Agri04_toGrassland,DE3,197.03207739863515
2027,Agri04_toGrassland,DE4,737.3722328888549
2027,Agri04_toGrassland,DE5,94.15141236156589
2027,Agri04_toGrassland,DE6,15.00420859245302
2027,Agri04_toGrassland,DE7,373.2322499124459
2027,Agri04_toGrassland,DE8,776.2331386800487
2027,Agri04_toGrassland,DE9,1296.353506235568
2027,Agri04_toGrassland,DEA,833.5797949478971
2027,Agri04_toGrassland,DEB,452.58844237081564
2027,Agri04_toGrassland,DEC,166.35742700483118
2027,Agri04_toGrassland,DEE,625.7054420383562
2027,Agri04_toGrassland,DED,498.883261099294
2027,Agri04_toGrassland,DEF,421.1937799276721
2027,Agri04_toGrassland,DEG,336.74019369296434
2027,Agri05_Agroforestry,DE1,103881.4824008868
2027,Agri05_Agroforestry,DE2,154856.7773099871
2027,Agri05_Agroforestry,DE3,1307.8725000000002
2027,Agri05_Agroforestry,DE4,102109.90269353305
2027,Agri05_Agroforestry,DE5,10736.907666666668
2027,Agri05_Agroforestry,DE6,3074.161301395198
2027,Agri05_Agroforestry,DE7,33212.955055967774
2027,Agri05_Agroforestry,DE8,101098.33023636263
2027,Agri05_Agroforestry,DE9,137770.28621562055
2027,Agri05_Agroforestry,DEA,105141.65210067644
2027,Agri05_Agroforestry,DEB,64040.91944530416
2027,Agri05_Agroforestry,DEC,43463.57279683829
2027,Agri05_Agroforestry,DEE,77002.11544893625
2027,Agri05_Agroforestry,DED,67614.69414457395
2027,Agri05_Agroforestry,DEF,29713.436646178652
2027,Agri05_Agroforestry,DEG,23758.89537096302
2027,Agri06_Biochar,DE1,0.0
2027,Agri06_Biochar,DE2,0.0
2027,Agri06_Biochar,DE3,0.0
2027,Agri06_Biochar,DE4,0.0
2027,Agri06_Biochar,DE5,0.0
2027,Agri06_Biochar,DE6,0.0
2027,Agri06_Biochar,DE7,0.0
2027,Agri06_Biochar,DE8,0.0
2027,Agri06_Biochar,DE9,0.0
2027,Agri06_Biochar,DEA,0.0
2027,Agri06_Biochar,DEB,0.0
2027,Agri06_Biochar,DEC,0.0
2027,Agri06_Biochar,DEE,0.0
2027,Agri06_Biochar,DED,0.0
2027,Agri06_Biochar,DEF,0.0
2027,Agri06_Biochar,DEG,0.0
2028,Agri01_AGC,DE1,56484.021047251576
2028,Agri01_AGC,DE2,105269.54245875069
2028,Agri01_AGC,DE3,0.0
2028,Agri01_AGC,DE4,44111.518985379094
2028,Agri01_AGC,DE5,0.0
2028,Agri01_AGC,DE6,235.73574532161467
2028,Agri01_AGC,DE7,25470.698505982236
2028,Agri01_AGC,DE8,53349.372731354284
2028,Agri01_AGC,DE9,81871.13906450229
2028,Agri01_AGC,DEA,49156.291456560306
2028,Agri01_AGC,DEB,26147.826759143674
2028,Agri01_AGC,DEC,0.0
2028,Agri01_AGC,DEE,36765.351734765405
2028,Agri01_AGC,DED,29743.00291401596
2028,Agri01_AGC,DEF,23221.122719683335
2028,Agri01_AGC,DEG,18565.28219384559
2028,Agri02_OFC,DE1,0.0
2028,Agri02_OFC,DE2,0.0
2028,Agri02_OFC,DE3,0.0
2028,Agri02_OFC,DE4,0.0
2028,Agri02_OFC,DE5,0.0
2028,Agri02_OFC,DE6,0.0
2028,Agri02_OFC,DE7,0.0
2028,Agri02_OFC,DE8,0.0
2028,Agri02_OFC,DE9,0.0
2028,Agri02_OFC,DEA,0.0
2028,Agri02_OFC,DEB,0.0
2028,Agri02_OFC,DEC,0.0
2028,Agri02_OFC,DEE,0.0
2028,Agri02_OFC,DED,0.0
2028,Agri02_OFC,DEF,0.0
2028,Agri02_OFC,DEG,0.0
2028,Agri03_No-till,DE1,0.0
2028,Agri03_No-till,DE2,0.0
2028,Agri03_No-till,DE3,0.0
2028,Agri03_No-till,DE4,0.0
2028,Agri03_No-till,DE5,0.0
2028,Agri03_No-till,DE6,0.0
2028,Agri03_No-till,DE7,0.0
2028,Agri03_No-till,DE8,0.0
2028,Agri03_No-till,DE9,0.0
2028,Agri03_No-till,DEA,0.0
2028,Agri03_No-till,DEB,0.0
2028,Agri03_No-till,DEC,0.0
2028,Agri03_No-till,DEE,0.0
2028,Agri03_No-till,DED,0.0
2028,Agri03_No-till,DEF,0.0
2028,Agri03_No-till,DEG,0.0
2028,Agri04_toGrassland,DE1,985.1724690088572
2028,Agri04_toGrassland,DE2,1836.0706821627114
2028,Agri04_toGrassland,DE3,265.77745981158114
2028,Agri04_toGrassland,DE4,904.0489810898599
2028,Agri04_toGrassland,DE5,126.41044469491992
2028,Agri04_toGrassland,DE6,19.11582037125783
2028,Agri04_toGrassland,DE7,444.25008116060314
2028,Agri04_toGrassland,DE8,947.0742984286467
2028,Agri04_toGrassland,DE9,1559.21596178245
2028,Agri04_toGrassland,DEA,1014.5669015746528
2028,Agri04_toGrassland,DEB,555.8803083565806
2028,Agri04_toGrassland,DEC,218.7221493207852
2028,Agri04_toGrassland,DEE,760.1715002562593
2028,Agri04_toGrassland,DED,610.5895349253614
2028,Agri04_toGrassland,DEF,495.7245776918881
2028,Agri04_toGrassland,DEG,396.32920312334744
2028,Agri05_Agroforestry,DE1,129368.92283331075
2028,Agri05_Agroforestry,DE2,186547.56050912695
2028,Agri05_Agroforestry,DE3,1307.8725000000002
2028,Agri05_Agroforestry,DE4,128266.065122021
2028,Agri05_Agroforestry,DE5,10736.907666666668
2028,Agri05_Agroforestry,DE6,4000.6071505544814
2028,Agri05_Agroforestry,DE7,39144.29017489543
2028,Agri05_Agroforestry,DE8,126103.68704512552
2028,Agri05_Agroforestry,DE9,167238.36782609206
2028,Agri05_Agroforestry,DEA,130639.05336911773
2028,Agri05_Agroforestry,DEB,80636.16137134995
2028,Agri05_Agroforestry,DEC,47840.52216666668
2028,Agri05_Agroforestry,DEE,95381.55289179798
2028,Agri05_Agroforestry,DED,84729.67484690627
2028,Agri05_Agroforestry,DEF,33333.86800674479
2028,Agri05_Agroforestry,DEG,26654.70001549763
2028,Agri06_Biochar,DE1,0.0
2028,Agri06_Biochar,DE2,0.0
2028,Agri06_Biochar,DE3,0.0
2028,Agri06_Biochar,DE4,0.0
2028,Agri06_Biochar,DE5,0.0
2028,Agri06_Biochar,DE6,0.0
2028,Agri06_Biochar,DE7,0.0
2028,Agri06_Biochar,DE8,0.0
2028,Agri06_Biochar,DE9,0.0
2028,Agri06_Biochar,DEA,0.0
2028,Agri06_Biochar,DEB,0.0
2028,Agri06_Biochar,DEC,0.0
2028,Agri06_Biochar,DEE,0.0
2028,Agri06_Biochar,DED,0.0
2028,Agri06_Biochar,DEF,0.0
2028,Agri06_Biochar,DEG,0.0
2029,Agri01_AGC,DE1,66916.96962515917
2029,Agri01_AGC,DE2,122717.40261216793
2029,Agri01_AGC,DE3,0.0
2029,Agri01_AGC,DE4,54034.770325308615
2029,Agri01_AGC,DE5,0.0
2029,Agri01_AGC,DE6,492.6998411568423
2029,Agri01_AGC,DE7,29473.097212810226
2029,Agri01_AGC,DE8,63442.4375843751
2029,Agri01_AGC,DE9,97010.77655539032
2029,Agri01_AGC,DEA,59805.77379377742
2029,Agri01_AGC,DEB,32314.109747411087
2029,Agri01_AGC,DEC,0.0
2029,Agri01_AGC,DEE,44653.061251605184
2029,Agri01_AGC,DED,36375.57815007835
2029,Agri01_AGC,DEF,27308.749780693528
2029,Agri01_AGC,DEG,21833.48132230834
2029,Agri02_OFC,DE1,0.0
2029,Agri02_OFC,DE2,0.0
2029,Agri02_OFC,DE3,0.0
2029,Agri02_OFC,DE4,0.0
2029,Agri02_OFC,DE5,0.0
2029,Agri02_OFC,DE6,0.0
2029,Agri02_OFC,DE7,0.0
2029,Agri02_OFC,DE8,0.0
2029,Agri02_OFC,DE9,0.0
2029,Agri02_OFC,DEA,0.0
2029,Agri02_OFC,DEB,0.0
2029,Agri02_OFC,DEC,0.0
2029,Agri02_OFC,DEE,0.0
2029,Agri02_OFC,DED,0.0
2029,Agri02_OFC,DEF,0.0
2029,Agri02_OFC,DEG,0.0
2029,Agri03_No-till,DE1,0.0
2029,Agri03_No-till,DE2,0.0
2029,Agri03_No-till,DE3,0.0
2029,Agri03_No-till,DE4,0.0
2029,Agri03_No-till,DE5,0.0
2029,Agri03_No-till,DE6,0.0
2029,Agri03_No-till,DE7,0.0
2029,Agri03_No-till,DE8,0.0
2029,Agri03_No-till,DE9,0.0
2029,Agri03_No-till,DEA,0.0
2029,Agri03_No-till,DEB,0.0
2029,Agri03_No-till,DEC,0.0
2029,Agri03_No-till,DEE,0.0
2029,Agri03_No-till,DED,0.0
2029,Agri03_No-till,DEF,0.0
2029,Agri03_No-till,DEG,0.0
2029,Agri04_toGrassland,DE1,1167.1399266893472
2029,Agri04_toGrassland,DE2,2140.389516898004
2029,Agri04_toGrassland,DE3,344.3024978689335
2029,Agri04_toGrassland,DE4,1077.1264964986096
2029,Agri04_toGrassland,DE5,163.14572698195423
2029,Agri04_toGrassland,DE6,23.59768883683404
2029,Agri04_toGrassland,DE7,514.0583728306498
2029,Agri04_toGrassland,DE8,1123.113635514774
2029,Agri04_toGrassland,DE9,1823.2756687625883
2029,Agri04_toGrassland,DEA,1200.3110574138004
2029,Agri04_toGrassland,DEB,663.4302335128796
2029,Agri04_toGrassland,DEC,277.45128394173514
2029,Agri04_toGrassland,DEE,897.7458817442398
2029,Agri04_toGrassland,DED,726.2723492868316
2029,Agri04_toGrassland,DEF,567.0193893823313
2029,Agri04_toGrassland,DEG,453.33186945099396
2029,Agri05_Agroforestry,DE1,157518.17043095184
2029,Agri05_Agroforestry,DE2,220630.44031840935
2029,Agri05_Agroforestry,DE3,1307.8725000000002
2029,Agri05_Agroforestry,DE4,157314.48591857622
2029,Agri05_Agroforestry,DE5,10736.907666666668
2029,Agri05_Agroforestry,DE6,5048.872986953757
2029,Agri05_Agroforestry,DE7,45372.28210727043
2029,Agri05_Agroforestry,DE8,153749.72840478047
2029,Agri05_Agroforestry,DE9,199153.10247433785
2029,Agri05_Agroforestry,DEA,158755.74595107374
2029,Agri05_Agroforestry,DEB,99093.03808443208
2029,Agri05_Agroforestry,DEC,47840.52216666668
2029,Agri05_Agroforestry,DEE,115605.77414362742
2029,Agri05_Agroforestry,DED,103708.59021965832
2029,Agri05_Agroforestry,DEF,36798.21304151752
2029,Agri05_Agroforestry,DEG,29425.923843631503
2029,Agri06_Biochar,DE1,0.0
2029,Agri06_Biochar,DE2,0.0
2029,Agri06_Biochar,DE3,0.0
2029,Agri06_Biochar,DE4,0.0
2029,Agri06_Biochar,DE5,0.0
2029,Agri06_Biochar,DE6,0.0
2029,Agri06_Biochar,DE7,0.0
2029,Agri06_Biochar,DE8,0.0
2029,Agri06_Biochar,DE9,0.0
2029,Agri06_Biochar,DEA,0.0
2029,Agri06_Biochar,DEB,0.0
2029,Agri06_Biochar,DEC,0.0
2029,Agri06_Biochar,DEE,0.0
2029,Agri06_Biochar,DED,0.0
2029,Agri06_Biochar,DEF,0.0
2029,Agri06_Biochar,DEG,0.0
2030,Agri01_AGC,DE1,77641.04536593313
2030,Agri01_AGC,DE2,140137.53031138296
2030,Agri01_AGC,DE3,0.0
2030,Agri01_AGC,DE4,64325.00417952271
2030,Agri01_AGC,DE5,0.0
2030,Agri01_AGC,DE6,770.8922875056829
2030,Agri01_AGC,DE7,33406.14800225658
2030,Agri01_AGC,DE8,73833.53548985803
2030,Agri01_AGC,DE9,112219.05743338287
2030,Agri01_AGC,DEA,70727.99747962956
2030,Agri01_AGC,DEB,38724.524916971444
2030,Agri01_AGC,DEC,3732.0828487060876
2030,Agri01_AGC,DEE,52718.98382507387
2030,Agri01_AGC,DED,43236.14493722712
2030,Agri01_AGC,DEF,31210.8443473949
2030,Agri01_AGC,DEG,24953.394680668967
2030,Agri02_OFC,DE1,0.0
2030,Agri02_OFC,DE2,0.0
2030,Agri02_OFC,DE3,0.0
2030,Agri02_OFC,DE4,0.0
2030,Agri02_OFC,DE5,0.0
2030,Agri02_OFC,DE6,0.0
2030,Agri02_OFC,DE7,0.0
2030,Agri02_OFC,DE8,0.0
2030,Agri02_OFC,DE9,0.0
2030,Agri02_OFC,DEA,0.0
2030,Agri02_OFC,DEB,0.0
2030,Agri02_OFC,DEC,0.0
2030,Agri02_OFC,DEE,0.0
2030,Agri02_OFC,DED,0.0
2030,Agri02_OFC,DEF,0.0
2030,Agri02_OFC,DEG,0.0
2030,Agri03_No-till,DE1,0.0
2030,Agri03_No-till,DE2,0.0
2030,Agri03_No-till,DE3,0.0
2030,Agri03_No-till,DE4,0.0
2030,Agri03_No-till,DE5,0.0
2030,Agri03_No-till,DE6,0.0
2030,Agri03_No-till,DE7,0.0
2030,Agri03_No-till,DE8,0.0
2030,Agri03_No-till,DE9,0.0
2030,Agri03_No-till,DEA,0.0
2030,Agri03_No-till,DEB,0.0
2030,Agri03_No-till,DEC,0.0
2030,Agri03_No-till,DEE,0.0
2030,Agri03_No-till,DED,0.0
2030,Agri03_No-till,DEF,0.0
2030,Agri03_No-till,DEG,0.0
2030,Agri04_toGrassland,DE1,1354.1851118495556
2030,Agri04_toGrassland,DE2,2444.224652883251
2030,Agri04_toGrassland,DE3,432.6071915706921
2030,Agri04_toGrassland,DE4,1256.6047791151038
2030,Agri04_toGrassland,DE5,204.35725922266883
2030,Agri04_toGrassland,DE6,28.44981398918165
2030,Agri04_toGrassland,DE7,582.6571249225856
2030,Agri04_toGrassland,DE8,1304.3511499384306
2030,Agri04_toGrassland,DE9,2088.5326271759827
2030,Agri04_toGrassland,DEA,1390.8122624653404
2030,Agri04_toGrassland,DEB,775.2382178397124
2030,Agri04_toGrassland,DEC,342.544830867681
2030,Agri04_toGrassland,DEE,1038.4285865022975
2030,Agri04_toGrassland,DED,845.9317041837047
2030,Agri04_toGrassland,DEF,635.0782149990017
2030,Agri04_toGrassland,DEG,507.74819267590397
2030,Agri05_Agroforestry,DE1,188329.22519381013
2030,Agri05_Agroforestry,DE2,257105.41673783434
2030,Agri05_Agroforestry,DE3,1307.8725000000002
2030,Agri05_Agroforestry,DE4,189255.16508319866
2030,Agri05_Agroforestry,DE5,10736.907666666668
2030,Agri05_Agroforestry,DE6,6218.958810593026
2030,Agri05_Agroforestry,DE7,51896.93085309278
2030,Agri05_Agroforestry,DE8,184036.4543153275
2030,Agri05_Agroforestry,DE9,233514.49016035793
2030,Agri05_Agroforestry,DEA,189491.7298465445
2030,Agri05_Agroforestry,DEB,119411.54958455049
2030,Agri05_Agroforestry,DEC,47840.52216666668
2030,Agri05_Agroforestry,DEE,137674.77920442456
2030,Agri05_Agroforestry,DED,124551.44026283009
2030,Agri05_Agroforestry,DEF,40106.47175049683
2030,Agri05_Agroforestry,DEG,32072.566855364632
2030,Agri06_Biochar,DE1,0.0
2030,Agri06_Biochar,DE2,0.0
2030,Agri06_Biochar,DE3,0.0
2030,Agri06_Biochar,DE4,0.0
2030,Agri06_Biochar,DE5,0.0
2030,Agri06_Biochar,DE6,0.0
2030,Agri06_Biochar,DE7,0.0
2030,Agri06_Biochar,DE8,0.0
2030,Agri06_Biochar,DE9,0.0
2030,Agri06_Biochar,DEA,0.0
2030,Agri06_Biochar,DEB,0.0
2030,Agri06_Biochar,DEC,0.0
2030,Agri06_Biochar,DEE,0.0
2030,Agri06_Biochar,DED,0.0
2030,Agri06_Biochar,DEF,0.0
2030,Agri06_Biochar,DEG,0.0
2031,Agri01_AGC,DE1,88656.24826957348
2031,Agri01_AGC,DE2,157529.92555639573
2031,Agri01_AGC,DE3,386.9196000000001
2031,Agri01_AGC,DE4,74982.22054802136
2031,Agri01_AGC,DE5,1243.9848000000002
2031,Agri01_AGC,DE6,1070.3130843681363
2031,Agri01_AGC,DE7,37269.8508743213
2031,Agri01_AGC,DE8,84522.66644780307
2031,Agri01_AGC,DE9,127495.98169847993
2031,Agri01_AGC,DEA,81922.9625141167
2031,Agri01_AGC,DEB,45379.07226782473
2031,Agri01_AGC,DEC,7829.063834436287
2031,Agri01_AGC,DEE,60963.11945517145
2031,Agri01_AGC,DED,50324.7032754623
2031,Agri01_AGC,DEF,34927.40641978745
2031,Agri01_AGC,DEG,27925.022268927478
2031,Agri02_OFC,DE1,0.0
2031,Agri02_OFC,DE2,0.0
2031,Agri02_OFC,DE3,0.0
2031,Agri02_OFC,DE4,0.0
2031,Agri02_OFC,DE5,0.0
2031,Agri02_OFC,DE6,0.0
2031,Agri02_OFC,DE7,0.0
2031,Agri02_OFC,DE8,0.0
2031,Agri02_OFC,DE9,0.0
2031,Agri02_OFC,DEA,0.0
2031,Agri02_OFC,DEB,0.0
2031,Agri02_OFC,DEC,0.0
2031,Agri02_OFC,DEE,0.0
2031,Agri02_OFC,DED,0.0
2031,Agri02_OFC,DEF,0.0
2031,Agri02_OFC,DEG,0.0
2031,Agri03_No-till,DE1,0.0
2031,Agri03_No-till,DE2,0.0
2031,Agri03_No-till,DE3,0.0
2031,Agri03_No-till,DE4,0.0
2031,Agri03_No-till,DE5,0.0
2031,Agri03_No-till,DE6,0.0
2031,Agri03_No-till,DE7,0.0
2031,Agri03_No-till,DE8,0.0
2031,Agri03_No-till,DE9,0.0
2031,Agri03_No-till,DEA,0.0
2031,Agri03_No-till,DEB,0.0
2031,Agri03_No-till,DEC,0.0
2031,Agri03_No-till,DEE,0.0
2031,Agri03_No-till,DED,0.0
2031,Agri03_No-till,DEF,0.0
2031,Agri03_No-till,DEG,0.0
2031,Agri04_toGrassland,DE1,1546.308024489482
2031,Agri04_toGrassland,DE2,2747.576090118453
2031,Agri04_toGrassland,DE3,530.6915409168571
2031,Agri04_toGrassland,DE4,1442.4838289393426
2031,Agri04_toGrassland,DE5,250.04504141706371
2031,Agri04_toGrassland,DE6,33.672195828300666
2031,Agri04_toGrassland,DE7,650.0463374364109
2031,Agri04_toGrassland,DE8,1490.7868416996166
2031,Agri04_toGrassland,DE9,2354.986837022633
2031,Agri04_toGrassland,DEA,1586.0705167292724
2031,Agri04_toGrassland,DEB,891.3042613370793
2031,Agri04_toGrassland,DEC,414.00279009862277
2031,Agri04_toGrassland,DEE,1182.2196145304326
2031,Agri04_toGrassland,DED,969.5675996159805
2031,Agri04_toGrassland,DEF,699.9010545418993
2031,Agri04_toGrassland,DEG,559.5781727980773
2031,Agri05_Agroforestry,DE1,221802.0871218856
2031,Agri05_Agroforestry,DE2,295972.4897674019
2031,Agri05_Agroforestry,DE3,1307.8725000000002
2031,Agri05_Agroforestry,DE4,224088.10261588832
2031,Agri05_Agroforestry,DE5,10736.907666666668
2031,Agri05_Agroforestry,DE6,7510.864621472287
2031,Agri05_Agroforestry,DE7,58718.23641236248
2031,Agri05_Agroforestry,DE8,216963.86477676654
2031,Agri05_Agroforestry,DE9,270322.5308841523
2031,Agri05_Agroforestry,DEA,222847.00505552997
2031,Agri05_Agroforestry,DEB,141591.69587170522
2031,Agri05_Agroforestry,DEC,47840.52216666668
2031,Agri05_Agroforestry,DEE,161588.56807418942
2031,Agri05_Agroforestry,DED,147258.22497642157
2031,Agri05_Agroforestry,DEF,43258.64413368273
2031,Agri05_Agroforestry,DEG,34594.629050697025
2031,Agri06_Biochar,DE1,0.0
2031,Agri06_Biochar,DE2,0.0
2031,Agri06_Biochar,DE3,0.0
2031,Agri06_Biochar,DE4,0.0
2031,Agri06_Biochar,DE5,0.0
2031,Agri06_Biochar,DE6,0.0
2031,Agri06_Biochar,DE7,0.0
2031,Agri06_Biochar,DE8,0.0
2031,Agri06_Biochar,DE9,0.0
2031,Agri06_Biochar,DEA,0.0
2031,Agri06_Biochar,DEB,0.0
2031,Agri06_Biochar,DEC,0.0
2031,Agri06_Biochar,DEE,0.0
2031,Agri06_Biochar,DED,0.0
2031,Agri06_Biochar,DEF,0.0
2031,Agri06_Biochar,DEG,0.0
2032,Agri01_AGC,DE1,99962.57833608019
2032,Agri01_AGC,DE2,174894.58834720624
2032,Agri01_AGC,DE3,386.9196000000001
2032,Agri01_AGC,DE4,86006.4194308046
2032,Agri01_AGC,DE5,1243.9848000000002
2032,Agri01_AGC,DE6,1390.9622317442027
2032,Agri01_AGC,DE7,41064.20582900439
2032,Agri01_AGC,DE8,95509.83045821026
2032,Agri01_AGC,DE9,142841.5493506815
2032,Agri01_AGC,DEA,93390.66889723887
2032,Agri01_AGC,DEB,52277.75179997096
2032,Agri01_AGC,DEC,10505.2152
2032,Agri01_AGC,DEE,69385.46814189793
2032,Agri01_AGC,DED,57641.25316478387
2032,Agri01_AGC,DEF,38458.435997871165
2032,Agri01_AGC,DEG,30748.364087083864
2032,Agri02_OFC,DE1,0.0
2032,Agri02_OFC,DE2,0.0
2032,Agri02_OFC,DE3,0.0
2032,Agri02_OFC,DE4,0.0
2032,Agri02_OFC,DE5,0.0
2032,Agri02_OFC,DE6,0.0
2032,Agri02_OFC,DE7,0.0
2032,Agri02_OFC,DE8,0.0
2032,Agri02_OFC,DE9,0.0
2032,Agri02_OFC,DEA,0.0
2032,Agri02_OFC,DEB,0.0
2032,Agri02_OFC,DEC,0.0
2032,Agri02_OFC,DEE,0.0
2032,Agri02_OFC,DED,0.0
2032,Agri02_OFC,DEF,0.0
2032,Agri02_OFC,DEG,0.0
2032,Agri03_No-till,DE1,0.0
2032,Agri03_No-till,DE2,0.0
2032,Agri03_No-till,DE3,0.0
2032,Agri03_No-till,DE4,0.0
2032,Agri03_No-till,DE5,0.0
2032,Agri03_No-till,DE6,0.0
2032,Agri03_No-till,DE7,0.0
2032,Agri03_No-till,DE8,0.0
2032,Agri03_No-till,DE9,0.0
2032,Agri03_No-till,DEA,0.0
2032,Agri03_No-till,DEB,0.0
2032,Agri03_No-till,DEC,0.0
2032,Agri03_No-till,DEE,0.0
2032,Agri03_No-till,DED,0.0
2032,Agri03_No-till,DEF,0.0
2032,Agri03_No-till,DEG,0.0
2032,Agri04_toGrassland,DE1,1743.5086646091268
2032,Agri04_toGrassland,DE2,3050.4438286036093
2032,Agri04_toGrassland,DE3,638.5555459074284
2032,Agri04_toGrassland,DE4,1634.7636459713262
2032,Agri04_toGrassland,DE5,300.20907356513885
2032,Agri04_toGrassland,DE6,39.26483435419108
2032,Agri04_toGrassland,DE7,716.2260103721254
2032,Agri04_toGrassland,DE8,1682.4207107983318
2032,Agri04_toGrassland,DE9,2622.63829830254
2032,Agri04_toGrassland,DEA,1786.0858202055963
2032,Agri04_toGrassland,DEB,1011.6283640049801
2032,Agri04_toGrassland,DEC,491.8251616345605
2032,Agri04_toGrassland,DEE,1329.1189658286453
2032,Agri04_toGrassland,DED,1097.1800355836594
2032,Agri04_toGrassland,DEF,761.487908011024
2032,Agri04_toGrassland,DEG,608.8218098175141
2032,Agri05_Agroforestry,DE1,257936.75621517817
2032,Agri05_Agroforestry,DE2,337231.659407112
2032,Agri05_Agroforestry,DE3,1307.8725000000002
2032,Agri05_Agroforestry,DE4,261813.29851664524
2032,Agri05_Agroforestry,DE5,10736.907666666668
2032,Agri05_Agroforestry,DE6,8691.746166666666
2032,Agri05_Agroforestry,DE7,65836.19878507953
2032,Agri05_Agroforestry,DE8,252531.95978909763
2032,Agri05_Agroforestry,DE9,309577.22464572097
2032,Agri05_Agroforestry,DEA,258821.57157803018
2032,Agri05_Agroforestry,DEB,165633.47694589625
2032,Agri05_Agroforestry,DEC,47840.52216666668
2032,Agri05_Agroforestry,DEE,187347.140752922
2032,Agri05_Agroforestry,DED,171828.9443604328
2032,Agri05_Agroforestry,DEF,46254.73019107521
2032,Agri05_Agroforestry,DEG,36992.11042962867
2032,Agri06_Biochar,DE1,0.0
2032,Agri06_Biochar,DE2,0.0
2032,Agri06_Biochar,DE3,0.0
2032,Agri06_Biochar,DE4,0.0
2032,Agri06_Biochar,DE5,0.0
2032,Agri06_Biochar,DE6,0.0
2032,Agri06_Biochar,DE7,0.0
2032,Agri06_Biochar,DE8,0.0
2032,Agri06_Biochar,DE9,0.0
2032,Agri06_Biochar,DEA,0.0
2032,Agri06_Biochar,DEB,0.0
2032,Agri06_Biochar,DEC,0.0
2032,Agri06_Biochar,DEE,0.0
2032,Agri06_Biochar,DED,0.0
2032,Agri06_Biochar,DEF,0.0
2032,Agri06_Biochar,DEG,0.0
2033,Agri01_AGC,DE1,111560.03556545329
2033,Agri01_AGC,DE2,192231.51868381453
2033,Agri01_AGC,DE3,386.9196000000001
2033,Agri01_AGC,DE4,97397.60082787239
2033,Agri01_AGC,DE5,1243.9848000000002
2033,Agri01_AGC,DE6,1732.839729633882
2033,Agri01_AGC,DE7,44789.21286630585
2033,Agri01_AGC,DE8,106795.02752107955
2033,Agri01_AGC,DE9,158255.7603899876
2033,Agri01_AGC,DEA,105131.11662899605
2033,Agri01_AGC,DEB,59420.56351341013
2033,Agri01_AGC,DEC,10505.2152
2033,Agri01_AGC,DEE,77986.02988525332
2033,Agri01_AGC,DED,65185.79460519184
2033,Agri01_AGC,DEF,41803.933081646064
2033,Agri01_AGC,DEG,33423.42013513813
2033,Agri02_OFC,DE1,5486.508322396844
2033,Agri02_OFC,DE2,8201.72997367953
2033,Agri02_OFC,DE3,3190.914237697592
2033,Agri02_OFC,DE4,5388.92364945785
2033,Agri02_OFC,DE5,1482.0386680356846
2033,Agri02_OFC,DE6,161.7349131205485
2033,Agri02_OFC,DE7,1762.2209512770924
2033,Agri02_OFC,DE8,5338.7847336487
2033,Agri02_OFC,DE9,7292.132704412288
2033,Agri02_OFC,DEA,5554.154062824069
2033,Agri02_OFC,DEB,3379.1110530541723
2033,Agri02_OFC,DEC,2283.444817460357
2033,Agri02_OFC,DEE,4068.7413325996745
2033,Agri02_OFC,DED,3569.160772296611
2033,Agri02_OFC,DEF,1582.682930375208
2033,Agri02_OFC,DEG,1265.5116531368385
2033,Agri03_No-till,DE1,0.0
2033,Agri03_No-till,DE2,0.0
2033,Agri03_No-till,DE3,0.0
2033,Agri03_No-till,DE4,0.0
2033,Agri03_No-till,DE5,0.0
2033,Agri03_No-till,DE6,0.0
2033,Agri03_No-till,DE7,0.0
2033,Agri03_No-till,DE8,0.0
2033,Agri03_No-till,DE9,0.0
2033,Agri03_No-till,DEA,0.0
2033,Agri03_No-till,DEB,0.0
2033,Agri03_No-till,DEC,0.0
2033,Agri03_No-till,DEE,0.0
2033,Agri03_No-till,DED,0.0
2033,Agri03_No-till,DEF,0.0
2033,Agri03_No-till,DEG,0.0
2033,Agri04_toGrassland,DE1,1945.7870322084898
2033,Agri04_toGrassland,DE2,3352.82786833872
2033,Agri04_toGrassland,DE3,756.1992065424059
2033,Agri04_toGrassland,DE4,1833.4442302110544
2033,Agri04_toGrassland,DE5,354.84935566689427
2033,Agri04_toGrassland,DE6,45.227729566852894
2033,Agri04_toGrassland,DE7,781.1961437297294
2033,Agri04_toGrassland,DE8,1879.2527572345766
2033,Agri04_toGrassland,DE9,2891.487011015703
2033,Agri04_toGrassland,DEA,1990.8581728943125
2033,Agri04_toGrassland,DEB,1136.2105258434149
2033,Agri04_toGrassland,DEC,576.0119454754941
2033,Agri04_toGrassland,DEE,1479.126640396935
2033,Agri04_toGrassland,DED,1228.7690120867412
2033,Agri04_toGrassland,DEF,819.8387754063762
2033,Agri04_toGrassland,DEG,655.4791037342143
2033,Agri05_Agroforestry,DE1,296733.23247368797
2033,Agri05_Agroforestry,DE2,380882.92565696465
2033,Agri05_Agroforestry,DE3,1307.8725000000002
2033,Agri05_Agroforestry,DE4,302430.7527854694
2033,Agri05_Agroforestry,DE5,10736.907666666668
2033,Agri05_Agroforestry,DE6,8691.746166666666
2033,Agri05_Agroforestry,DE7,73250.81797124393
2033,Agri05_Agroforestry,DE8,290740.7393523208
2033,Agri05_Agroforestry,DE9,351278.571445064
2033,Agri05_Agroforestry,DEA,297415.4294140451
2033,Agri05_Agroforestry,DEB,191536.89280712357
2033,Agri05_Agroforestry,DEC,47840.52216666668
2033,Agri05_Agroforestry,DEE,214950.49724062224
2033,Agri05_Agroforestry,DED,198263.59841486378
2033,Agri05_Agroforestry,DEF,49094.72992267427
2033,Agri05_Agroforestry,DEG,39265.01099215958
2033,Agri06_Biochar,DE1,0.0
2033,Agri06_Biochar,DE2,0.0
2033,Agri06_Biochar,DE3,0.0
2033,Agri06_Biochar,DE4,0.0
2033,Agri06_Biochar,DE5,0.0
2033,Agri06_Biochar,DE6,0.0
2033,Agri06_Biochar,DE7,0.0
2033,Agri06_Biochar,DE8,0.0
2033,Agri06_Biochar,DE9,0.0
2033,Agri06_Biochar,DEA,0.0
2033,Agri06_Biochar,DEB,0.0
2033,Agri06_Biochar,DEC,0.0
2033,Agri06_Biochar,DEE,0.0
2033,Agri06_Biochar,DED,0.0
2033,Agri06_Biochar,DEF,0.0
2033,Agri06_Biochar,DEG,0.0
2034,Agri01_AGC,DE1,123448.61995769276
2034,Agri01_AGC,DE2,209540.71656622057
2034,Agri01_AGC,DE3,386.9196000000001
2034,Agri01_AGC,DE4,109155.76473922476
2034,Agri01_AGC,DE5,1243.9848000000002
2034,Agri01_AGC,DE6,2043.2963999999997
2034,Agri01_AGC,DE7,48444.87198622567
2034,Agri01_AGC,DE8,118378.25763641097
2034,Agri01_AGC,DE9,173738.61481639824
2034,Agri01_AGC,DEA,117144.30570938827
2034,Agri01_AGC,DEB,66807.50740814224
2034,Agri01_AGC,DEC,10505.2152
2034,Agri01_AGC,DEE,86764.8046852376
2034,Agri01_AGC,DED,72958.32759668621
2034,Agri01_AGC,DEF,44963.89767111214
2034,Agri01_AGC,DEG,35950.19041309027
2034,Agri02_OFC,DE1,11110.742662691537
2034,Agri02_OFC,DE2,16390.340317963426
2034,Agri02_OFC,DE3,6647.087497998546
2034,Agri02_OFC,DE4,10951.458856947307
2034,Agri02_OFC,DE5,3085.4891455271263
2034,Agri02_OFC,DE6,333.51250365392764
2034,Agri02_OFC,DE7,3491.634889919417
2034,Agri02_OFC,DE8,10818.562513474917
2034,Agri02_OFC,DE9,14616.739123293008
2034,Agri02_OFC,DEA,11237.33620909369
2034,Agri02_OFC,DEB,6873.715805971812
2034,Agri02_OFC,DEC,4739.515118767238
2034,Agri02_OFC,DEE,8221.791440736613
2034,Agri02_OFC,DED,7246.179458421399
2034,Agri02_OFC,DEF,3077.594416202874
2034,Agri02_OFC,DEG,2460.872488239378
2034,Agri03_No-till,DE1,0.0
2034,Agri03_No-till,DE2,0.0
2034,Agri03_No-till,DE3,0.0
2034,Agri03_No-till,DE4,0.0
2034,Agri03_No-till,DE5,0.0
2034,Agri03_No-till,DE6,0.0
2034,Agri03_No-till,DE7,0.0
2034,Agri03_No-till,DE8,0.0
2034,Agri03_No-till,DE9,0.0
2034,Agri03_No-till,DEA,0.0
2034,Agri03_No-till,DEB,0.0
2034,Agri03_No-till,DEC,0.0
2034,Agri03_No-till,DEE,0.0
2034,Agri03_No-till,DED,0.0
2034,Agri03_No-till,DEF,0.0
2034,Agri03_No-till,DEG,0.0
2034,Agri04_toGrassland,DE1,2153.143127287571
2034,Agri04_toGrassland,DE2,3654.7282093237845
2034,Agri04_toGrassland,DE3,883.62252282179
2034,Agri04_toGrassland,DE4,2038.5255816585275
2034,Agri04_toGrassland,DE5,413.96588772233
2034,Agri04_toGrassland,DE6,51.56088146628611
2034,Agri04_toGrassland,DE7,844.9567375092228
2034,Agri04_toGrassland,DE8,2081.282981008351
2034,Agri04_toGrassland,DE9,3161.532975162122
2034,Agri04_toGrassland,DEA,2200.3875747954207
2034,Agri04_toGrassland,DEB,1265.0507468523836
2034,Agri04_toGrassland,DEC,666.5631416214237
2034,Agri04_toGrassland,DEE,1632.2426382353021
2034,Agri04_toGrassland,DED,1364.3345291252258
2034,Agri04_toGrassland,DEF,874.9536567279554
2034,Agri04_toGrassland,DEG,699.5500545481777
2034,Agri05_Agroforestry,DE1,338191.51589741494
2034,Agri05_Agroforestry,DE2,426926.2885169599
2034,Agri05_Agroforestry,DE3,1307.8725000000002
2034,Agri05_Agroforestry,DE4,345940.46542236075
2034,Agri05_Agroforestry,DE5,10736.907666666668
2034,Agri05_Agroforestry,DE6,8691.746166666666
2034,Agri05_Agroforestry,DE7,80962.09397085567
2034,Agri05_Agroforestry,DE8,331590.203466436
2034,Agri05_Agroforestry,DE9,395426.5712821812
2034,Agri05_Agroforestry,DEA,338628.5785635748
2034,Agri05_Agroforestry,DEB,219301.9434553872
2034,Agri05_Agroforestry,DEC,47840.52216666668
2034,Agri05_Agroforestry,DEE,237338.16800000003
2034,Agri05_Agroforestry,DED,226562.18713971446
2034,Agri05_Agroforestry,DEF,51778.64332847992
2034,Agri05_Agroforestry,DEG,41413.33073828975
2034,Agri06_Biochar,DE1,0.0
2034,Agri06_Biochar,DE2,0.0
2034,Agri06_Biochar,DE3,0.0
2034,Agri06_Biochar,DE4,0.0
2034,Agri06_Biochar,DE5,0.0
2034,Agri06_Biochar,DE6,0.0
2034,Agri06_Biochar,DE7,0.0
2034,Agri06_Biochar,DE8,0.0
2034,Agri06_Biochar,DE9,0.0
2034,Agri06_Biochar,DEA,0.0
2034,Agri06_Biochar,DEB,0.0
2034,Agri06_Biochar,DEC,0.0
2034,Agri06_Biochar,DEE,0.0
2034,Agri06_Biochar,DED,0.0
2034,Agri06_Biochar,DEF,0.0
2034,Agri06_Biochar,DEG,0.0
2035,Agri01_AGC,DE1,135628.3315127986
2035,Agri01_AGC,DE2,226822.18199442438
2035,Agri01_AGC,DE3,386.9196000000001
2035,Agri01_AGC,DE4,121280.91116486168
2035,Agri01_AGC,DE5,1243.9848000000002
2035,Agri01_AGC,DE6,2043.2963999999997
2035,Agri01_AGC,DE7,52031.18318876386
2035,Agri01_AGC,DE8,130259.52080420453
2035,Agri01_AGC,DE9,189290.1126299134
2035,Agri01_AGC,DEA,129430.23613841548
2035,Agri01_AGC,DEB,74438.58348416728
2035,Agri01_AGC,DEC,10505.2152
2035,Agri01_AGC,DEE,95721.79254185078
2035,Agri01_AGC,DED,80958.85213926696
2035,Agri01_AGC,DEF,47938.329766269395
2035,Agri01_AGC,DEG,38328.674920940284
2035,Agri02_OFC,DE1,16872.703020884073
2035,Agri02_OFC,DE2,24565.831032851685
2035,Agri02_OFC,DE3,10368.519780902861
2035,Agri02_OFC,DE4,16687.60562246837
2035,Agri02_OFC,DE5,4810.351432474325
2035,Agri02_OFC,DE6,515.3327716001374
2035,Agri02_OFC,DE7,5188.241815926975
2035,Agri02_OFC,DE8,16439.33333947865
2035,Agri02_OFC,DE9,21973.819256642153
2035,Agri02_OFC,DEA,17049.546438808862
2035,Agri02_OFC,DEB,10483.814258752916
2035,Agri02_OFC,DEC,7368.210903920644
2035,Agri02_OFC,DEE,12459.150324410817
2035,Agri02_OFC,DED,11031.056058374363
2035,Agri02_OFC,DEF,4484.734457482999
2035,Agri02_OFC,DEG,3586.0825053076182
2035,Agri03_No-till,DE1,0.0
2035,Agri03_No-till,DE2,0.0
2035,Agri03_No-till,DE3,0.0
2035,Agri03_No-till,DE4,0.0
2035,Agri03_No-till,DE5,0.0
2035,Agri03_No-till,DE6,0.0
2035,Agri03_No-till,DE7,0.0
2035,Agri03_No-till,DE8,0.0
2035,Agri03_No-till,DE9,0.0
2035,Agri03_No-till,DEA,0.0
2035,Agri03_No-till,DEB,0.0
2035,Agri03_No-till,DEC,0.0
2035,Agri03_No-till,DEE,0.0
2035,Agri03_No-till,DED,0.0
2035,Agri03_No-till,DEF,0.0
2035,Agri03_No-till,DEG,0.0
2035,Agri04_toGrassland,DE1,2153.143127287571
2035,Agri04_toGrassland,DE2,3654.7282093237845
2035,Agri04_toGrassland,DE3,883.62252282179
2035,Agri04_toGrassland,DE4,2038.5255816585275
2035,Agri04_toGrassland,DE5,413.96588772233
2035,Agri04_toGrassland,DE6,51.56088146628611
2035,Agri04_toGrassland,DE7,844.9567375092228
2035,Agri04_toGrassland,DE8,2081.282981008351
2035,Agri04_toGrassland,DE9,3161.532975162122
2035,Agri04_toGrassland,DEA,2200.3875747954207
2035,Agri04_toGrassland,DEB,1265.0507468523836
2035,Agri04_toGrassland,DEC,666.5631416214237
2035,Agri04_toGrassland,DEE,1632.2426382353021
2035,Agri04_toGrassland,DED,1364.3345291252258
2035,Agri04_toGrassland,DEF,874.9536567279554
2035,Agri04_toGrassland,DEG,699.5500545481777
2035,Agri05_Agroforestry,DE1,382311.606486359
2035,Agri05_Agroforestry,DE2,475361.7479870977
2035,Agri05_Agroforestry,DE3,1307.8725000000002
2035,Agri05_Agroforestry,DE4,392342.43642731936
2035,Agri05_Agroforestry,DE5,10736.907666666668
2035,Agri05_Agroforestry,DE6,8691.746166666666
2035,Agri05_Agroforestry,DE7,88970.02678391477
2035,Agri05_Agroforestry,DE8,375080.3521314433
2035,Agri05_Agroforestry,DE9,442021.2241570727
2035,Agri05_Agroforestry,DEA,382461.01902661927
2035,Agri05_Agroforestry,DEB,248928.62889068713
2035,Agri05_Agroforestry,DEC,47840.52216666668
2035,Agri05_Agroforestry,DEE,237338.16800000003
2035,Agri05_Agroforestry,DED,256724.71053498483
2035,Agri05_Agroforestry,DEF,54306.47040849215
2035,Agri05_Agroforestry,DEG,43437.069668019176
2035,Agri06_Biochar,DE1,0.0
2035,Agri06_Biochar,DE2,0.0
2035,Agri06_Biochar,DE3,0.0
2035,Agri06_Biochar,DE4,0.0
2035,Agri06_Biochar,DE5,0.0
2035,Agri06_Biochar,DE6,0.0
2035,Agri06_Biochar,DE7,0.0
2035,Agri06_Biochar,DE8,0.0
2035,Agri06_Biochar,DE9,0.0
2035,Agri06_Biochar,DEA,0.0
2035,Agri06_Biochar,DEB,0.0
2035,Agri06_Biochar,DEC,0.0
2035,Agri06_Biochar,DEE,0.0
2035,Agri06_Biochar,DED,0.0
2035,Agri06_Biochar,DEF,0.0
2035,Agri06_Biochar,DEG,0.0
2036,Agri01_AGC,DE1,148099.17023077083
2036,Agri01_AGC,DE2,244075.9149684259
2036,Agri01_AGC,DE3,386.9196000000001
2036,Agri01_AGC,DE4,133773.0401047832
2036,Agri01_AGC,DE5,1243.9848000000002
2036,Agri01_AGC,DE6,2043.2963999999997
2036,Agri01_AGC,DE7,55548.146473920424
2036,Agri01_AGC,DE8,142438.8170244602
2036,Agri01_AGC,DE9,204910.2538305331
2036,Agri01_AGC,DEA,141988.90791607773
2036,Agri01_AGC,DEB,82313.79174148526
2036,Agri01_AGC,DEC,10505.2152
2036,Agri01_AGC,DEE,104856.99345509286
2036,Agri01_AGC,DED,89187.36823293412
2036,Agri01_AGC,DEF,50727.22936711781
2036,Agri01_AGC,DEG,40558.87365868818
2036,Agri02_OFC,DE1,22772.389396974464
2036,Agri02_OFC,DE2,32728.20211834431
2036,Agri02_OFC,DE3,14355.211086410538
2036,Agri02_OFC,DE4,22597.363946021047
2036,Agri02_OFC,DE5,6656.625528877278
2036,Agri02_OFC,DE6,707.1957169591778
2036,Agri02_OFC,DE7,6852.041729299764
2036,Agri02_OFC,DE8,22201.0972116599
2036,Agri02_OFC,DE9,29363.373104459723
2036,Agri02_OFC,DEA,22990.784751969586
2036,Agri02_OFC,DEB,14209.406411397487
2036,Agri02_OFC,DEC,10169.532172920573
2036,Agri02_OFC,DEE,16780.817983622284
2036,Agri02_OFC,DED,14923.7905721555
2036,Agri02_OFC,DEF,5804.103054215581
2036,Agri02_OFC,DEG,4641.1417043415595
2036,Agri03_No-till,DE1,0.0
2036,Agri03_No-till,DE2,0.0
2036,Agri03_No-till,DE3,0.0
2036,Agri03_No-till,DE4,0.0
2036,Agri03_No-till,DE5,0.0
2036,Agri03_No-till,DE6,0.0
2036,Agri03_No-till,DE7,0.0
2036,Agri03_No-till,DE8,0.0
2036,Agri03_No-till,DE9,0.0
2036,Agri03_No-till,DEA,0.0
2036,Agri03_No-till,DEB,0.0
2036,Agri03_No-till,DEC,0.0
2036,Agri03_No-till,DEE,0.0
2036,Agri03_No-till,DED,0.0
2036,Agri03_No-till,DEF,0.0
2036,Agri03_No-till,DEG,0.0
2036,Agri04_toGrassland,DE1,2153.143127287571
2036,Agri04_toGrassland,DE2,3654.7282093237845
2036,Agri04_toGrassland,DE3,883.62252282179
2036,Agri04_toGrassland,DE4,2038.5255816585275
2036,Agri04_toGrassland,DE5,413.96588772233
2036,Agri04_toGrassland,DE6,51.56088146628611
2036,Agri04_toGrassland,DE7,844.9567375092228
2036,Agri04_toGrassland,DE8,2081.282981008351
2036,Agri04_toGrassland,DE9,3161.532975162122
2036,Agri04_toGrassland,DEA,2200.3875747954207
2036,Agri04_toGrassland,DEB,1265.0507468523836
2036,Agri04_toGrassland,DEC,666.5631416214237
2036,Agri04_toGrassland,DEE,1632.2426382353021
2036,Agri04_toGrassland,DED,1364.3345291252258
2036,Agri04_toGrassland,DEF,874.9536567279554
2036,Agri04_toGrassland,DEG,699.5500545481777
2036,Agri05_Agroforestry,DE1,429093.50424052036
2036,Agri05_Agroforestry,DE2,526189.304067378
2036,Agri05_Agroforestry,DE3,1307.8725000000002
2036,Agri05_Agroforestry,DE4,441636.66580034525
2036,Agri05_Agroforestry,DE5,10736.907666666668
2036,Agri05_Agroforestry,DE6,8691.746166666666
2036,Agri05_Agroforestry,DE7,97274.61641042121
2036,Agri05_Agroforestry,DE8,421211.1853473426
2036,Agri05_Agroforestry,DE9,491062.53006973857
2036,Agri05_Agroforestry,DEA,428912.7508031784
2036,Agri05_Agroforestry,DEB,280416.94911302335
2036,Agri05_Agroforestry,DEC,47840.52216666668
2036,Agri05_Agroforestry,DEE,237338.16800000003
2036,Agri05_Agroforestry,DED,264412.5466666667
2036,Agri05_Agroforestry,DEF,56678.21116271097
2036,Agri05_Agroforestry,DEG,45336.22778134786
2036,Agri06_Biochar,DE1,0.0
2036,Agri06_Biochar,DE2,0.0
2036,Agri06_Biochar,DE3,0.0
2036,Agri06_Biochar,DE4,0.0
2036,Agri06_Biochar,DE5,0.0
2036,Agri06_Biochar,DE6,0.0
2036,Agri06_Biochar,DE7,0.0
2036,Agri06_Biochar,DE8,0.0
2036,Agri06_Biochar,DE9,0.0
2036,Agri06_Biochar,DEA,0.0
2036,Agri06_Biochar,DEB,0.0
2036,Agri06_Biochar,DEC,0.0
2036,Agri06_Biochar,DEE,0.0
2036,Agri06_Biochar,DED,0.0
2036,Agri06_Biochar,DEF,0.0
2036,Agri06_Biochar,DEG,0.0
2037,Agri01_AGC,DE1,160861.13611160946
2037,Agri01_AGC,DE2,261301.91548822523
2037,Agri01_AGC,DE3,386.9196000000001
2037,Agri01_AGC,DE4,146632.15155898925
2037,Agri01_AGC,DE5,1243.9848000000002
2037,Agri01_AGC,DE6,2043.2963999999997
2037,Agri01_AGC,DE7,58995.76184169535
2037,Agri01_AGC,DE8,154916.146297178
2037,Agri01_AGC,DE9,220599.0384182573
2037,Agri01_AGC,DEA,154820.32104237497
2037,Agri01_AGC,DEB,90433.13218009619
2037,Agri01_AGC,DEC,10505.2152
2037,Agri01_AGC,DEE,114170.40742496385
2037,Agri01_AGC,DED,97643.87587768766
2037,Agri01_AGC,DEF,53330.59647365742
2037,Agri01_AGC,DEG,42640.78662633395
2037,Agri02_OFC,DE1,22772.389396974464
2037,Agri02_OFC,DE2,32728.20211834431
2037,Agri02_OFC,DE3,14355.211086410538
2037,Agri02_OFC,DE4,22597.363946021047
2037,Agri02_OFC,DE5,6656.625528877278
2037,Agri02_OFC,DE6,707.1957169591778
2037,Agri02_OFC,DE7,6852.041729299764
2037,Agri02_OFC,DE8,22201.0972116599
2037,Agri02_OFC,DE9,29363.373104459723
2037,Agri02_OFC,DEA,22990.784751969586
2037,Agri02_OFC,DEB,14209.406411397487
2037,Agri02_OFC,DEC,10169.532172920573
2037,Agri02_OFC,DEE,16780.817983622284
2037,Agri02_OFC,DED,14923.7905721555
2037,Agri02_OFC,DEF,5804.103054215581
2037,Agri02_OFC,DEG,4641.1417043415595
2037,Agri03_No-till,DE1,0.0
2037,Agri03_No-till,DE2,0.0
2037,Agri03_No-till,DE3,0.0
2037,Agri03_No-till,DE4,0.0
2037,Agri03_No-till,DE5,0.0
2037,Agri03_No-till,DE6,0.0
2037,Agri03_No-till,DE7,0.0
2037,Agri03_No-till,DE8,0.0
2037,Agri03_No-till,DE9,0.0
2037,Agri03_No-till,DEA,0.0
2037,Agri03_No-till,DEB,0.0
2037,Agri03_No-till,DEC,0.0
2037,Agri03_No-till,DEE,0.0
2037,Agri03_No-till,DED,0.0
2037,Agri03_No-till,DEF,0.0
2037,Agri03_No-till,DEG,0.0
2037,Agri04_toGrassland,DE1,2153.143127287571
2037,Agri04_toGrassland,DE2,3654.7282093237845
2037,Agri04_toGrassland,DE3,883.62252282179
2037,Agri04_toGrassland,DE4,2038.5255816585275
2037,Agri04_toGrassland,DE5,413.96588772233
2037,Agri04_toGrassland,DE6,51.56088146628611
2037,Agri04_toGrassland,DE7,844.9567375092228
2037,Agri04_toGrassland,DE8,2081.282981008351
2037,Agri04_toGrassland,DE9,3161.532975162122
2037,Agri04_toGrassland,DEA,2200.3875747954207
2037,Agri04_toGrassland,DEB,1265.0507468523836
2037,Agri04_toGrassland,DEC,666.5631416214237
2037,Agri04_toGrassland,DEE,1632.2426382353021
2037,Agri04_toGrassland,DED,1364.3345291252258
2037,Agri04_toGrassland,DEF,874.9536567279554
2037,Agri04_toGrassland,DEG,699.5500545481777
2037,Agri05_Agroforestry,DE1,478537.2091598988
2037,Agri05_Agroforestry,DE2,579408.956757801
2037,Agri05_Agroforestry,DE3,1307.8725000000002
2037,Agri05_Agroforestry,DE4,473584.88600000006
2037,Agri05_Agroforestry,DE5,10736.907666666668
2037,Agri05_Agroforestry,DE6,8691.746166666666
2037,Agri05_Agroforestry,DE7,105875.86285037501
2037,Agri05_Agroforestry,DE8,451053.7198333334
2037,Agri05_Agroforestry,DE9,542550.4890201787
2037,Agri05_Agroforestry,DEA,477983.7738932523
2037,Agri05_Agroforestry,DEB,313766.9041223959
2037,Agri05_Agroforestry,DEC,47840.52216666668
2037,Agri05_Agroforestry,DEE,237338.16800000003
2037,Agri05_Agroforestry,DED,264412.5466666667
2037,Agri05_Agroforestry,DEF,58893.86559113637
2037,Agri05_Agroforestry,DEG,47110.80507827581
2037,Agri06_Biochar,DE1,0.0
2037,Agri06_Biochar,DE2,0.0
2037,Agri06_Biochar,DE3,0.0
2037,Agri06_Biochar,DE4,0.0
2037,Agri06_Biochar,DE5,0.0
2037,Agri06_Biochar,DE6,0.0
2037,Agri06_Biochar,DE7,0.0
2037,Agri06_Biochar,DE8,0.0
2037,Agri06_Biochar,DE9,0.0
2037,Agri06_Biochar,DEA,0.0
2037,Agri06_Biochar,DEB,0.0
2037,Agri06_Biochar,DEC,0.0
2037,Agri06_Biochar,DEE,0.0
2037,Agri06_Biochar,DED,0.0
2037,Agri06_Biochar,DEF,0.0
2037,Agri06_Biochar,DEG,0.0
2038,Agri01_AGC,DE1,173914.22915531442
2038,Agri01_AGC,DE2,278500.1835538223
2038,Agri01_AGC,DE3,386.9196000000001
2038,Agri01_AGC,DE4,159858.24552747988
2038,Agri01_AGC,DE5,1243.9848000000002
2038,Agri01_AGC,DE6,2043.2963999999997
2038,Agri01_AGC,DE7,62374.02929208864
2038,Agri01_AGC,DE8,167691.5086223579
2038,Agri01_AGC,DE9,236356.466393086
2038,Agri01_AGC,DEA,167924.47551730723
2038,Agri01_AGC,DEB,98796.60480000003
2038,Agri01_AGC,DEC,10505.2152
2038,Agri01_AGC,DEE,123662.03445146373
2038,Agri01_AGC,DED,106328.37507352763
2038,Agri01_AGC,DEF,55748.43108588819
2038,Agri01_AGC,DEG,44574.41382387761
2038,Agri02_OFC,DE1,22772.389396974464
2038,Agri02_OFC,DE2,32728.20211834431
2038,Agri02_OFC,DE3,14355.211086410538
2038,Agri02_OFC,DE4,22597.363946021047
2038,Agri02_OFC,DE5,6656.625528877278
2038,Agri02_OFC,DE6,707.1957169591778
2038,Agri02_OFC,DE7,6852.041729299764
2038,Agri02_OFC,DE8,22201.0972116599
2038,Agri02_OFC,DE9,29363.373104459723
2038,Agri02_OFC,DEA,22990.784751969586
2038,Agri02_OFC,DEB,14209.406411397487
2038,Agri02_OFC,DEC,10169.532172920573
2038,Agri02_OFC,DEE,16780.817983622284
2038,Agri02_OFC,DED,14923.7905721555
2038,Agri02_OFC,DEF,5804.103054215581
2038,Agri02_OFC,DEG,4641.1417043415595
2038,Agri03_No-till,DE1,0.0
2038,Agri03_No-till,DE2,0.0
2038,Agri03_No-till,DE3,0.0
2038,Agri03_No-till,DE4,0.0
2038,Agri03_No-till,DE5,0.0
2038,Agri03_No-till,DE6,0.0
2038,Agri03_No-till,DE7,0.0
2038,Agri03_No-till,DE8,0.0
2038,Agri03_No-till,DE9,0.0
2038,Agri03_No-till,DEA,0.0
2038,Agri03_No-till,DEB,0.0
2038,Agri03_No-till,DEC,0.0
2038,Agri03_No-till,DEE,0.0
2038,Agri03_No-till,DED,0.0
2038,Agri03_No-till,DEF,0.0
2038,Agri03_No-till,DEG,0.0
2038,Agri04_toGrassland,DE1,2153.143127287571
2038,Agri04_toGrassland,DE2,3654.7282093237845
2038,Agri04_toGrassland,DE3,883.62252282179
2038,Agri04_toGrassland,DE4,2038.5255816585275
2038,Agri04_toGrassland,DE5,413.96588772233
2038,Agri04_toGrassland,DE6,51.56088146628611
2038,Agri04_toGrassland,DE7,844.9567375092228
2038,Agri04_toGrassland,DE8,2081.282981008351
2038,Agri04_toGrassland,DE9,3161.532975162122
2038,Agri04_toGrassland,DEA,2200.3875747954207
2038,Agri04_toGrassland,DEB,1265.0507468523836
2038,Agri04_toGrassland,DEC,666.5631416214237
2038,Agri04_toGrassland,DEE,1632.2426382353021
2038,Agri04_toGrassland,DED,1364.3345291252258
2038,Agri04_toGrassland,DEF,874.9536567279554
2038,Agri04_toGrassland,DEG,699.5500545481777
2038,Agri05_Agroforestry,DE1,530642.7212444944
2038,Agri05_Agroforestry,DE2,635020.7060583666
2038,Agri05_Agroforestry,DE3,1307.8725000000002
2038,Agri05_Agroforestry,DE4,473584.88600000006
2038,Agri05_Agroforestry,DE5,10736.907666666668
2038,Agri05_Agroforestry,DE6,8691.746166666666
2038,Agri05_Agroforestry,DE7,114773.76610377616
2038,Agri05_Agroforestry,DE8,451053.7198333334
2038,Agri05_Agroforestry,DE9,596485.1010083931
2038,Agri05_Agroforestry,DEA,529674.0882968409
2038,Agri05_Agroforestry,DEB,343413.3161666667
2038,Agri05_Agroforestry,DEC,47840.52216666668
2038,Agri05_Agroforestry,DEE,237338.16800000003
2038,Agri05_Agroforestry,DED,264412.5466666667
2038,Agri05_Agroforestry,DEF,60953.433693768355
2038,Agri05_Agroforestry,DEG,48760.80155880301
2038,Agri06_Biochar,DE1,0.0
2038,Agri06_Biochar,DE2,0.0
2038,Agri06_Biochar,DE3,0.0
2038,Agri06_Biochar,DE4,0.0
2038,Agri06_Biochar,DE5,0.0
2038,Agri06_Biochar,DE6,0.0
2038,Agri06_Biochar,DE7,0.0
2038,Agri06_Biochar,DE8,0.0
2038,Agri06_Biochar,DE9,0.0
2038,Agri06_Biochar,DEA,0.0
2038,Agri06_Biochar,DEB,0.0
2038,Agri06_Biochar,DEC,0.0
2038,Agri06_Biochar,DEE,0.0
2038,Agri06_Biochar,DED,0.0
2038,Agri06_Biochar,DEF,0.0
2038,Agri06_Biochar,DEG,0.0
2039,Agri01_AGC,DE1,187258.44936188578
2039,Agri01_AGC,DE2,295670.71916521713
2039,Agri01_AGC,DE3,386.9196000000001
2039,Agri01_AGC,DE4,163848.46320000003
2039,Agri01_AGC,DE5,1243.9848000000002
2039,Agri01_AGC,DE6,2043.2963999999997
2039,Agri01_AGC,DE7,65682.9488251003
2039,Agri01_AGC,DE8,180764.90399999998
2039,Agri01_AGC,DE9,252182.53775501926
2039,Agri01_AGC,DEA,181301.37134087452
2039,Agri01_AGC,DEB,98796.60480000003
2039,Agri01_AGC,DEC,10505.2152
2039,Agri01_AGC,DEE,133331.8745345925
2039,Agri01_AGC,DED,112758.6408
2039,Agri01_AGC,DEF,57980.733203810145
2039,Agri01_AGC,DEG,46359.75525131914
2039,Agri02_OFC,DE1,22772.389396974464
2039,Agri02_OFC,DE2,32728.20211834431
2039,Agri02_OFC,DE3,14355.211086410538
2039,Agri02_OFC,DE4,22597.363946021047
2039,Agri02_OFC,DE5,6656.625528877278
2039,Agri02_OFC,DE6,707.1957169591778
2039,Agri02_OFC,DE7,6852.041729299764
2039,Agri02_OFC,DE8,22201.0972116599
2039,Agri02_OFC,DE9,29363.373104459723
2039,Agri02_OFC,DEA,22990.784751969586
2039,Agri02_OFC,DEB,14209.406411397487
2039,Agri02_OFC,DEC,10169.532172920573
2039,Agri02_OFC,DEE,16780.817983622284
2039,Agri02_OFC,DED,14923.7905721555
2039,Agri02_OFC,DEF,5804.103054215581
2039,Agri02_OFC,DEG,4641.1417043415595
2039,Agri03_No-till,DE1,0.0
2039,Agri03_No-till,DE2,0.0
2039,Agri03_No-till,DE3,0.0
2039,Agri03_No-till,DE4,0.0
2039,Agri03_No-till,DE5,0.0
2039,Agri03_No-till,DE6,0.0
2039,Agri03_No-till,DE7,0.0
2039,Agri03_No-till,DE8,0.0
2039,Agri03_No-till,DE9,0.0
2039,Agri03_No-till,DEA,0.0
2039,Agri03_No-till,DEB,0.0
2039,Agri03_No-till,DEC,0.0
2039,Agri03_No-till,DEE,0.0
2039,Agri03_No-till,DED,0.0
2039,Agri03_No-till,DEF,0.0
2039,Agri03_No-till,DEG,0.0
2039,Agri04_toGrassland,DE1,2153.143127287571
2039,Agri04_toGrassland,DE2,3654.7282093237845
2039,Agri04_toGrassland,DE3,883.62252282179
2039,Agri04_toGrassland,DE4,2038.5255816585275
2039,Agri04_toGrassland,DE5,413.96588772233
2039,Agri04_toGrassland,DE6,51.56088146628611
2039,Agri04_toGrassland,DE7,844.9567375092228
2039,Agri04_toGrassland,DE8,2081.282981008351
2039,Agri04_toGrassland,DE9,3161.532975162122
2039,Agri04_toGrassland,DEA,2200.3875747954207
2039,Agri04_toGrassland,DEB,1265.0507468523836
2039,Agri04_toGrassland,DEC,666.5631416214237
2039,Agri04_toGrassland,DEE,1632.2426382353021
2039,Agri04_toGrassland,DED,1364.3345291252258
2039,Agri04_toGrassland,DEF,874.9536567279554
2039,Agri04_toGrassland,DEG,699.5500545481777
2039,Agri05_Agroforestry,DE1,585410.0404943073
2039,Agri05_Agroforestry,DE2,693024.5519690746
2039,Agri05_Agroforestry,DE3,1307.8725000000002
2039,Agri05_Agroforestry,DE4,473584.88600000006
2039,Agri05_Agroforestry,DE5,10736.907666666668
2039,Agri05_Agroforestry,DE6,8691.746166666666
2039,Agri05_Agroforestry,DE7,123968.32617062466
2039,Agri05_Agroforestry,DE8,451053.7198333334
2039,Agri05_Agroforestry,DE9,652866.3660343818
2039,Agri05_Agroforestry,DEA,583983.6940139442
2039,Agri05_Agroforestry,DEB,343413.3161666667
2039,Agri05_Agroforestry,DEC,47840.52216666668
2039,Agri05_Agroforestry,DEE,237338.16800000003
2039,Agri05_Agroforestry,DED,264412.5466666667
2039,Agri05_Agroforestry,DEF,62856.91547060692
2039,Agri05_Agroforestry,DEG,50286.217222929474
2039,Agri06_Biochar,DE1,0.0
2039,Agri06_Biochar,DE2,0.0
2039,Agri06_Biochar,DE3,0.0
2039,Agri06_Biochar,DE4,0.0
2039,Agri06_Biochar,DE5,0.0
2039,Agri06_Biochar,DE6,0.0
2039,Agri06_Biochar,DE7,0.0
2039,Agri06_Biochar,DE8,0.0
2039,Agri06_Biochar,DE9,0.0
2039,Agri06_Biochar,DEA,0.0
2039,Agri06_Biochar,DEB,0.0
2039,Agri06_Biochar,DEC,0.0
2039,Agri06_Biochar,DEE,0.0
2039,Agri06_Biochar,DED,0.0
2039,Agri06_Biochar,DEF,0.0
2039,Agri06_Biochar,DEG,0.0
2040,Agri01_AGC,DE1,187258.44936188578
2040,Agri01_AGC,DE2,295670.71916521713
2040,Agri01_AGC,DE3,386.9196000000001
2040,Agri01_AGC,DE4,163848.46320000003
2040,Agri01_AGC,DE5,1243.9848000000002
2040,Agri01_AGC,DE6,2043.2963999999997
2040,Agri01_AGC,DE7,65682.9488251003
2040,Agri01_AGC,DE8,180764.90399999998
2040,Agri01_AGC,DE9,252182.53775501926
2040,Agri01_AGC,DEA,181301.37134087452
2040,Agri01_AGC,DEB,98796.60480000003
2040,Agri01_AGC,DEC,10505.2152
2040,Agri01_AGC,DEE,133331.8745345925
2040,Agri01_AGC,DED,112758.6408
2040,Agri01_AGC,DEF,57980.733203810145
2040,Agri01_AGC,DEG,46359.75525131914
2040,Agri02_OFC,DE1,22772.389396974464
2040,Agri02_OFC,DE2,32728.20211834431
2040,Agri02_OFC,DE3,14355.211086410538
2040,Agri02_OFC,DE4,22597.363946021047
2040,Agri02_OFC,DE5,6656.625528877278
2040,Agri02_OFC,DE6,707.1957169591778
2040,Agri02_OFC,DE7,6852.041729299764
2040,Agri02_OFC,DE8,22201.0972116599
2040,Agri02_OFC,DE9,29363.373104459723
2040,Agri02_OFC,DEA,22990.784751969586
2040,Agri02_OFC,DEB,14209.406411397487
2040,Agri02_OFC,DEC,10169.532172920573
2040,Agri02_OFC,DEE,16780.817983622284
2040,Agri02_OFC,DED,14923.7905721555
2040,Agri02_OFC,DEF,5804.103054215581
2040,Agri02_OFC,DEG,4641.1417043415595
2040,Agri03_No-till,DE1,0.0
2040,Agri03_No-till,DE2,0.0
2040,Agri03_No-till,DE3,0.0
2040,Agri03_No-till,DE4,0.0
2040,Agri03_No-till,DE5,0.0
2040,Agri03_No-till,DE6,0.0
2040,Agri03_No-till,DE7,0.0
2040,Agri03_No-till,DE8,0.0
2040,Agri03_No-till,DE9,0.0
2040,Agri03_No-till,DEA,0.0
2040,Agri03_No-till,DEB,0.0
2040,Agri03_No-till,DEC,0.0
2040,Agri03_No-till,DEE,0.0
2040,Agri03_No-till,DED,0.0
2040,Agri03_No-till,DEF,0.0
2040,Agri03_No-till,DEG,0.0
2040,Agri04_toGrassland,DE1,2153.143127287571
2040,Agri04_toGrassland,DE2,3654.7282093237845
2040,Agri04_toGrassland,DE3,883.62252282179
2040,Agri04_toGrassland,DE4,2038.5255816585275
2040,Agri04_toGrassland,DE5,413.96588772233
2040,Agri04_toGrassland,DE6,51.56088146628611
2040,Agri04_toGrassland,DE7,844.9567375092228
2040,Agri04_toGrassland,DE8,2081.282981008351
2040,Agri04_toGrassland,DE9,3161.532975162122
2040,Agri04_toGrassland,DEA,2200.3875747954207
2040,Agri04_toGrassland,DEB,1265.0507468523836
2040,Agri04_toGrassland,DEC,666.5631416214237
2040,Agri04_toGrassland,DEE,1632.2426382353021
2040,Agri04_toGrassland,DED,1364.3345291252258
2040,Agri04_toGrassland,DEF,874.9536567279554
2040,Agri04_toGrassland,DEG,699.5500545481777
2040,Agri05_Agroforestry,DE1,585410.0404943073
2040,Agri05_Agroforestry,DE2,693024.5519690746
2040,Agri05_Agroforestry,DE3,1307.8725000000002
2040,Agri05_Agroforestry,DE4,473584.88600000006
2040,Agri05_Agroforestry,DE5,10736.907666666668
2040,Agri05_Agroforestry,DE6,8691.746166666666
2040,Agri05_Agroforestry,DE7,123968.32617062466
2040,Agri05_Agroforestry,DE8,451053.7198333334
2040,Agri05_Agroforestry,DE9,652866.3660343818
2040,Agri05_Agroforestry,DEA,583983.6940139442
2040,Agri05_Agroforestry,DEB,343413.3161666667
2040,Agri05_Agroforestry,DEC,47840.52216666668
2040,Agri05_Agroforestry,DEE,237338.16800000003
2040,Agri05_Agroforestry,DED,264412.5466666667
2040,Agri05_Agroforestry,DEF,62856.91547060692
2040,Agri05_Agroforestry,DEG,50286.217222929474
2040,Agri06_Biochar,DE1,0.0
2040,Agri06_Biochar,DE2,0.0
2040,Agri06_Biochar,DE3,0.0
2040,Agri06_Biochar,DE4,0.0
2040,Agri06_Biochar,DE5,0.0
2040,Agri06_Biochar,DE6,0.0
2040,Agri06_Biochar,DE7,0.0
2040,Agri06_Biochar,DE8,0.0
2040,Agri06_Biochar,DE9,0.0
2040,Agri06_Biochar,DEA,0.0
2040,Agri06_Biochar,DEB,0.0
2040,Agri06_Biochar,DEC,0.0
2040,Agri06_Biochar,DEE,0.0
2040,Agri06_Biochar,DED,0.0
2040,Agri06_Biochar,DEF,0.0
2040,Agri06_Biochar,DEG,0.0
2041,Agri01_AGC,DE1,187258.44936188578
2041,Agri01_AGC,DE2,295670.71916521713
2041,Agri01_AGC,DE3,386.9196000000001
2041,Agri01_AGC,DE4,163848.46320000003
2041,Agri01_AGC,DE5,1243.9848000000002
2041,Agri01_AGC,DE6,2043.2963999999997
2041,Agri01_AGC,DE7,65682.9488251003
2041,Agri01_AGC,DE8,180764.90399999998
2041,Agri01_AGC,DE9,252182.53775501926
2041,Agri01_AGC,DEA,181301.37134087452
2041,Agri01_AGC,DEB,98796.60480000003
2041,Agri01_AGC,DEC,10505.2152
2041,Agri01_AGC,DEE,133331.8745345925
2041,Agri01_AGC,DED,112758.6408
2041,Agri01_AGC,DEF,57980.733203810145
2041,Agri01_AGC,DEG,46359.75525131914
2041,Agri02_OFC,DE1,22772.389396974464
2041,Agri02_OFC,DE2,32728.20211834431
2041,Agri02_OFC,DE3,14355.211086410538
2041,Agri02_OFC,DE4,22597.363946021047
2041,Agri02_OFC,DE5,6656.625528877278
2041,Agri02_OFC,DE6,707.1957169591778
2041,Agri02_OFC,DE7,6852.041729299764
2041,Agri02_OFC,DE8,22201.0972116599
2041,Agri02_OFC,DE9,29363.373104459723
2041,Agri02_OFC,DEA,22990.784751969586
2041,Agri02_OFC,DEB,14209.406411397487
2041,Agri02_OFC,DEC,10169.532172920573
2041,Agri02_OFC,DEE,16780.817983622284
2041,Agri02_OFC,DED,14923.7905721555
2041,Agri02_OFC,DEF,5804.103054215581
2041,Agri02_OFC,DEG,4641.1417043415595
2041,Agri03_No-till,DE1,0.0
2041,Agri03_No-till,DE2,0.0
2041,Agri03_No-till,DE3,0.0
2041,Agri03_No-till,DE4,0.0
2041,Agri03_No-till,DE5,0.0
2041,Agri03_No-till,DE6,0.0
2041,Agri03_No-till,DE7,0.0
2041,Agri03_No-till,DE8,0.0
2041,Agri03_No-till,DE9,0.0
2041,Agri03_No-till,DEA,0.0
2041,Agri03_No-till,DEB,0.0
2041,Agri03_No-till,DEC,0.0
2041,Agri03_No-till,DEE,0.0
2041,Agri03_No-till,DED,0.0
2041,Agri03_No-till,DEF,0.0
2041,Agri03_No-till,DEG,0.0
2041,Agri04_toGrassland,DE1,2153.143127287571
2041,Agri04_toGrassland,DE2,3654.7282093237845
2041,Agri04_toGrassland,DE3,883.62252282179
2041,Agri04_toGrassland,DE4,2038.5255816585275
2041,Agri04_toGrassland,DE5,413.96588772233
2041,Agri04_toGrassland,DE6,51.56088146628611
2041,Agri04_toGrassland,DE7,844.9567375092228
2041,Agri04_toGrassland,DE8,2081.282981008351
2041,Agri04_toGrassland,DE9,3161.532975162122
2041,Agri04_toGrassland,DEA,2200.3875747954207
2041,Agri04_toGrassland,DEB,1265.0507468523836
2041,Agri04_toGrassland,DEC,666.5631416214237
2041,Agri04_toGrassland,DEE,1632.2426382353021
2041,Agri04_toGrassland,DED,1364.3345291252258
2041,Agri04_toGrassland,DEF,874.9536567279554
2041,Agri04_toGrassland,DEG,699.5500545481777
2041,Agri05_Agroforestry,DE1,585410.0404943073
2041,Agri05_Agroforestry,DE2,693024.5519690746
2041,Agri05_Agroforestry,DE3,1307.8725000000002
2041,Agri05_Agroforestry,DE4,473584.88600000006
2041,Agri05_Agroforestry,DE5,10736.907666666668
2041,Agri05_Agroforestry,DE6,8691.746166666666
2041,Agri05_Agroforestry,DE7,123968.32617062466
2041,Agri05_Agroforestry,DE8,451053.7198333334
2041,Agri05_Agroforestry,DE9,652866.3660343818
2041,Agri05_Agroforestry,DEA,583983.6940139442
2041,Agri05_Agroforestry,DEB,343413.3161666667
2041,Agri05_Agroforestry,DEC,47840.52216666668
2041,Agri05_Agroforestry,DEE,237338.16800000003
2041,Agri05_Agroforestry,DED,264412.5466666667
2041,Agri05_Agroforestry,DEF,62856.91547060692
2041,Agri05_Agroforestry,DEG,50286.217222929474
2041,Agri06_Biochar,DE1,0.0
2041,Agri06_Biochar,DE2,0.0
2041,Agri06_Biochar,DE3,0.0
2041,Agri06_Biochar,DE4,0.0
2041,Agri06_Biochar,DE5,0.0
2041,Agri06_Biochar,DE6,0.0
2041,Agri06_Biochar,DE7,0.0
2041,Agri06_Biochar,DE8,0.0
2041,Agri06_Biochar,DE9,0.0
2041,Agri06_Biochar,DEA,0.0
2041,Agri06_Biochar,DEB,0.0
2041,Agri06_Biochar,DEC,0.0
2041,Agri06_Biochar,DEE,0.0
2041,Agri06_Biochar,DED,0.0
2041,Agri06_Biochar,DEF,0.0
2041,Agri06_Biochar,DEG,0.0
2042,Agri01_AGC,DE1,187258.44936188578
2042,Agri01_AGC,DE2,295670.71916521713
2042,Agri01_AGC,DE3,386.9196000000001
2042,Agri01_AGC,DE4,163848.46320000003
2042,Agri01_AGC,DE5,1243.9848000000002
2042,Agri01_AGC,DE6,2043.2963999999997
2042,Agri01_AGC,DE7,65682.9488251003
2042,Agri01_AGC,DE8,180764.90399999998
2042,Agri01_AGC,DE9,252182.53775501926
2042,Agri01_AGC,DEA,181301.37134087452
2042,Agri01_AGC,DEB,98796.60480000003
2042,Agri01_AGC,DEC,10505.2152
2042,Agri01_AGC,DEE,133331.8745345925
2042,Agri01_AGC,DED,112758.6408
2042,Agri01_AGC,DEF,57980.733203810145
2042,Agri01_AGC,DEG,46359.75525131914
2042,Agri02_OFC,DE1,22772.389396974464
2042,Agri02_OFC,DE2,32728.20211834431
2042,Agri02_OFC,DE3,14355.211086410538
2042,Agri02_OFC,DE4,22597.363946021047
2042,Agri02_OFC,DE5,6656.625528877278
2042,Agri02_OFC,DE6,707.1957169591778
2042,Agri02_OFC,DE7,6852.041729299764
2042,Agri02_OFC,DE8,22201.0972116599
2042,Agri02_OFC,DE9,29363.373104459723
2042,Agri02_OFC,DEA,22990.784751969586
2042,Agri02_OFC,DEB,14209.406411397487
2042,Agri02_OFC,DEC,10169.532172920573
2042,Agri02_OFC,DEE,16780.817983622284
2042,Agri02_OFC,DED,14923.7905721555
2042,Agri02_OFC,DEF,5804.103054215581
2042,Agri02_OFC,DEG,4641.1417043415595
2042,Agri03_No-till,DE1,0.0
2042,Agri03_No-till,DE2,0.0
2042,Agri03_No-till,DE3,0.0
2042,Agri03_No-till,DE4,0.0
2042,Agri03_No-till,DE5,0.0
2042,Agri03_No-till,DE6,0.0
2042,Agri03_No-till,DE7,0.0
2042,Agri03_No-till,DE8,0.0
2042,Agri03_No-till,DE9,0.0
2042,Agri03_No-till,DEA,0.0
2042,Agri03_No-till,DEB,0.0
2042,Agri03_No-till,DEC,0.0
2042,Agri03_No-till,DEE,0.0
2042,Agri03_No-till,DED,0.0
2042,Agri03_No-till,DEF,0.0
2042,Agri03_No-till,DEG,0.0
2042,Agri04_toGrassland,DE1,2153.143127287571
2042,Agri04_toGrassland,DE2,3654.7282093237845
2042,Agri04_toGrassland,DE3,883.62252282179
2042,Agri04_toGrassland,DE4,2038.5255816585275
2042,Agri04_toGrassland,DE5,413.96588772233
2042,Agri04_toGrassland,DE6,51.56088146628611
2042,Agri04_toGrassland,DE7,844.9567375092228
2042,Agri04_toGrassland,DE8,2081.282981008351
2042,Agri04_toGrassland,DE9,3161.532975162122
2042,Agri04_toGrassland,DEA,2200.3875747954207
2042,Agri04_toGrassland,DEB,1265.0507468523836
2042,Agri04_toGrassland,DEC,666.5631416214237
2042,Agri04_toGrassland,DEE,1632.2426382353021
2042,Agri04_toGrassland,DED,1364.3345291252258
2042,Agri04_toGrassland,DEF,874.9536567279554
2042,Agri04_toGrassland,DEG,699.5500545481777
2042,Agri05_Agroforestry,DE1,585410.0404943073
2042,Agri05_Agroforestry,DE2,693024.5519690746
2042,Agri05_Agroforestry,DE3,1307.8725000000002
2042,Agri05_Agroforestry,DE4,473584.88600000006
2042,Agri05_Agroforestry,DE5,10736.907666666668
2042,Agri05_Agroforestry,DE6,8691.746166666666
2042,Agri05_Agroforestry,DE7,123968.32617062466
2042,Agri05_Agroforestry,DE8,451053.7198333334
2042,Agri05_Agroforestry,DE9,652866.3660343818
2042,Agri05_Agroforestry,DEA,583983.6940139442
2042,Agri05_Agroforestry,DEB,343413.3161666667
2042,Agri05_Agroforestry,DEC,47840.52216666668
2042,Agri05_Agroforestry,DEE,237338.16800000003
2042,Agri05_Agroforestry,DED,264412.5466666667
2042,Agri05_Agroforestry,DEF,62856.91547060692
2042,Agri05_Agroforestry,DEG,50286.217222929474
2042,Agri06_Biochar,DE1,0.0
2042,Agri06_Biochar,DE2,0.0
2042,Agri06_Biochar,DE3,0.0
2042,Agri06_Biochar,DE4,0.0
2042,Agri06_Biochar,DE5,0.0
2042,Agri06_Biochar,DE6,0.0
2042,Agri06_Biochar,DE7,0.0
2042,Agri06_Biochar,DE8,0.0
2042,Agri06_Biochar,DE9,0.0
2042,Agri06_Biochar,DEA,0.0
2042,Agri06_Biochar,DEB,0.0
2042,Agri06_Biochar,DEC,0.0
2042,Agri06_Biochar,DEE,0.0
2042,Agri06_Biochar,DED,0.0
2042,Agri06_Biochar,DEF,0.0
2042,Agri06_Biochar,DEG,0.0
2043,Agri01_AGC,DE1,187258.44936188578
2043,Agri01_AGC,DE2,295670.71916521713
2043,Agri01_AGC,DE3,386.9196000000001
2043,Agri01_AGC,DE4,163848.46320000003
2043,Agri01_AGC,DE5,1243.9848000000002
2043,Agri01_AGC,DE6,2043.2963999999997
2043,Agri01_AGC,DE7,65682.9488251003
2043,Agri01_AGC,DE8,180764.90399999998
2043,Agri01_AGC,DE9,252182.53775501926
2043,Agri01_AGC,DEA,181301.37134087452
2043,Agri01_AGC,DEB,98796.60480000003
2043,Agri01_AGC,DEC,10505.2152
2043,Agri01_AGC,DEE,133331.8745345925
2043,Agri01_AGC,DED,112758.6408
2043,Agri01_AGC,DEF,57980.733203810145
2043,Agri01_AGC,DEG,46359.75525131914
2043,Agri02_OFC,DE1,22772.389396974464
2043,Agri02_OFC,DE2,32728.20211834431
2043,Agri02_OFC,DE3,14355.211086410538
2043,Agri02_OFC,DE4,22597.363946021047
2043,Agri02_OFC,DE5,6656.625528877278
2043,Agri02_OFC,DE6,707.1957169591778
2043,Agri02_OFC,DE7,6852.041729299764
2043,Agri02_OFC,DE8,22201.0972116599
2043,Agri02_OFC,DE9,29363.373104459723
2043,Agri02_OFC,DEA,22990.784751969586
2043,Agri02_OFC,DEB,14209.406411397487
2043,Agri02_OFC,DEC,10169.532172920573
2043,Agri02_OFC,DEE,16780.817983622284
2043,Agri02_OFC,DED,14923.7905721555
2043,Agri02_OFC,DEF,5804.103054215581
2043,Agri02_OFC,DEG,4641.1417043415595
2043,Agri03_No-till,DE1,0.0
2043,Agri03_No-till,DE2,0.0
2043,Agri03_No-till,DE3,0.0
2043,Agri03_No-till,DE4,0.0
2043,Agri03_No-till,DE5,0.0
2043,Agri03_No-till,DE6,0.0
2043,Agri03_No-till,DE7,0.0
2043,Agri03_No-till,DE8,0.0
2043,Agri03_No-till,DE9,0.0
2043,Agri03_No-till,DEA,0.0
2043,Agri03_No-till,DEB,0.0
2043,Agri03_No-till,DEC,0.0
2043,Agri03_No-till,DEE,0.0
2043,Agri03_No-till,DED,0.0
2043,Agri03_No-till,DEF,0.0
2043,Agri03_No-till,DEG,0.0
2043,Agri04_toGrassland,DE1,2153.143127287571
2043,Agri04_toGrassland,DE2,3654.7282093237845
2043,Agri04_toGrassland,DE3,883.62252282179
2043,Agri04_toGrassland,DE4,2038.5255816585275
2043,Agri04_toGrassland,DE5,413.96588772233
2043,Agri04_toGrassland,DE6,51.56088146628611
2043,Agri04_toGrassland,DE7,844.9567375092228
2043,Agri04_toGrassland,DE8,2081.282981008351
2043,Agri04_toGrassland,DE9,3161.532975162122
2043,Agri04_toGrassland,DEA,2200.3875747954207
2043,Agri04_toGrassland,DEB,1265.0507468523836
2043,Agri04_toGrassland,DEC,666.5631416214237
2043,Agri04_toGrassland,DEE,1632.2426382353021
2043,Agri04_toGrassland,DED,1364.3345291252258
2043,Agri04_toGrassland,DEF,874.9536567279554
2043,Agri04_toGrassland,DEG,699.5500545481777
2043,Agri05_Agroforestry,DE1,585410.0404943073
2043,Agri05_Agroforestry,DE2,693024.5519690746
2043,Agri05_Agroforestry,DE3,1307.8725000000002
2043,Agri05_Agroforestry,DE4,473584.88600000006
2043,Agri05_Agroforestry,DE5,10736.907666666668
2043,Agri05_Agroforestry,DE6,8691.746166666666
2043,Agri05_Agroforestry,DE7,123968.32617062466
2043,Agri05_Agroforestry,DE8,451053.7198333334
2043,Agri05_Agroforestry,DE9,652866.3660343818
2043,Agri05_Agroforestry,DEA,583983.6940139442
2043,Agri05_Agroforestry,DEB,343413.3161666667
2043,Agri05_Agroforestry,DEC,47840.52216666668
2043,Agri05_Agroforestry,DEE,237338.16800000003
2043,Agri05_Agroforestry,DED,264412.5466666667
2043,Agri05_Agroforestry,DEF,62856.91547060692
2043,Agri05_Agroforestry,DEG,50286.217222929474
2043,Agri06_Biochar,DE1,0.0
2043,Agri06_Biochar,DE2,0.0
2043,Agri06_Biochar,DE3,0.0
2043,Agri06_Biochar,DE4,0.0
2043,Agri06_Biochar,DE5,0.0
2043,Agri06_Biochar,DE6,0.0
2043,Agri06_Biochar,DE7,0.0
2043,Agri06_Biochar,DE8,0.0
2043,Agri06_Biochar,DE9,0.0
2043,Agri06_Biochar,DEA,0.0
2043,Agri06_Biochar,DEB,0.0
2043,Agri06_Biochar,DEC,0.0
2043,Agri06_Biochar,DEE,0.0
2043,Agri06_Biochar,DED,0.0
2043,Agri06_Biochar,DEF,0.0
2043,Agri06_Biochar,DEG,0.0
2044,Agri01_AGC,DE1,187258.44936188578
2044,Agri01_AGC,DE2,295670.71916521713
2044,Agri01_AGC,DE3,386.9196000000001
2044,Agri01_AGC,DE4,163848.46320000003
2044,Agri01_AGC,DE5,1243.9848000000002
2044,Agri01_AGC,DE6,2043.2963999999997
2044,Agri01_AGC,DE7,65682.9488251003
2044,Agri01_AGC,DE8,180764.90399999998
2044,Agri01_AGC,DE9,252182.53775501926
2044,Agri01_AGC,DEA,181301.37134087452
2044,Agri01_AGC,DEB,98796.60480000003
2044,Agri01_AGC,DEC,10505.2152
2044,Agri01_AGC,DEE,133331.8745345925
2044,Agri01_AGC,DED,112758.6408
2044,Agri01_AGC,DEF,57980.733203810145
2044,Agri01_AGC,DEG,46359.75525131914
2044,Agri02_OFC,DE1,22772.389396974464
2044,Agri02_OFC,DE2,32728.20211834431
2044,Agri02_OFC,DE3,14355.211086410538
2044,Agri02_OFC,DE4,22597.363946021047
2044,Agri02_OFC,DE5,6656.625528877278
2044,Agri02_OFC,DE6,707.1957169591778
2044,Agri02_OFC,DE7,6852.041729299764
2044,Agri02_OFC,DE8,22201.0972116599
2044,Agri02_OFC,DE9,29363.373104459723
2044,Agri02_OFC,DEA,22990.784751969586
2044,Agri02_OFC,DEB,14209.406411397487
2044,Agri02_OFC,DEC,10169.532172920573
2044,Agri02_OFC,DEE,16780.817983622284
2044,Agri02_OFC,DED,14923.7905721555
2044,Agri02_OFC,DEF,5804.103054215581
2044,Agri02_OFC,DEG,4641.1417043415595
2044,Agri03_No-till,DE1,0.0
2044,Agri03_No-till,DE2,0.0
2044,Agri03_No-till,DE3,0.0
2044,Agri03_No-till,DE4,0.0
2044,Agri03_No-till,DE5,0.0
2044,Agri03_No-till,DE6,0.0
2044,Agri03_No-till,DE7,0.0
2044,Agri03_No-till,DE8,0.0
2044,Agri03_No-till,DE9,0.0
2044,Agri03_No-till,DEA,0.0
2044,Agri03_No-till,DEB,0.0
2044,Agri03_No-till,DEC,0.0
2044,Agri03_No-till,DEE,0.0
2044,Agri03_No-till,DED,0.0
2044,Agri03_No-till,DEF,0.0
2044,Agri03_No-till,DEG,0.0
2044,Agri04_toGrassland,DE1,2153.143127287571
2044,Agri04_toGrassland,DE2,3654.7282093237845
2044,Agri04_toGrassland,DE3,883.62252282179
2044,Agri04_toGrassland,DE4,2038.5255816585275
2044,Agri04_toGrassland,DE5,413.96588772233
2044,Agri04_toGrassland,DE6,51.56088146628611
2044,Agri04_toGrassland,DE7,844.9567375092228
2044,Agri04_toGrassland,DE8,2081.282981008351
2044,Agri04_toGrassland,DE9,3161.532975162122
2044,Agri04_toGrassland,DEA,2200.3875747954207
2044,Agri04_toGrassland,DEB,1265.0507468523836
2044,Agri04_toGrassland,DEC,666.5631416214237
2044,Agri04_toGrassland,DEE,1632.2426382353021
2044,Agri04_toGrassland,DED,1364.3345291252258
2044,Agri04_toGrassland,DEF,874.9536567279554
2044,Agri04_toGrassland,DEG,699.5500545481777
2044,Agri05_Agroforestry,DE1,585410.0404943073
2044,Agri05_Agroforestry,DE2,693024.5519690746
2044,Agri05_Agroforestry,DE3,1307.8725000000002
2044,Agri05_Agroforestry,DE4,473584.88600000006
2044,Agri05_Agroforestry,DE5,10736.907666666668
2044,Agri05_Agroforestry,DE6,8691.746166666666
2044,Agri05_Agroforestry,DE7,123968.32617062466
2044,Agri05_Agroforestry,DE8,451053.7198333334
2044,Agri05_Agroforestry,DE9,652866.3660343818
2044,Agri05_Agroforestry,DEA,583983.6940139442
2044,Agri05_Agroforestry,DEB,343413.3161666667
2044,Agri05_Agroforestry,DEC,47840.52216666668
2044,Agri05_Agroforestry,DEE,237338.16800000003
2044,Agri05_Agroforestry,DED,264412.5466666667
2044,Agri05_Agroforestry,DEF,62856.91547060692
2044,Agri05_Agroforestry,DEG,50286.217222929474
2044,Agri06_Biochar,DE1,0.0
2044,Agri06_Biochar,DE2,0.0
2044,Agri06_Biochar,DE3,0.0
2044,Agri06_Biochar,DE4,0.0
2044,Agri06_Biochar,DE5,0.0
2044,Agri06_Biochar,DE6,0.0
2044,Agri06_Biochar,DE7,0.0
2044,Agri06_Biochar,DE8,0.0
2044,Agri06_Biochar,DE9,0.0
2044,Agri06_Biochar,DEA,0.0
2044,Agri06_Biochar,DEB,0.0
2044,Agri06_Biochar,DEC,0.0
2044,Agri06_Biochar,DEE,0.0
2044,Agri06_Biochar,DED,0.0
2044,Agri06_Biochar,DEF,0.0
2044,Agri06_Biochar,DEG,0.0
2045,Agri01_AGC,DE1,187258.44936188578
2045,Agri01_AGC,DE2,295670.71916521713
2045,Agri01_AGC,DE3,386.9196000000001
2045,Agri01_AGC,DE4,163848.46320000003
2045,Agri01_AGC,DE5,1243.9848000000002
2045,Agri01_AGC,DE6,2043.2963999999997
2045,Agri01_AGC,DE7,65682.9488251003
2045,Agri01_AGC,DE8,180764.90399999998
2045,Agri01_AGC,DE9,252182.53775501926
2045,Agri01_AGC,DEA,181301.37134087452
2045,Agri01_AGC,DEB,98796.60480000003
2045,Agri01_AGC,DEC,10505.2152
2045,Agri01_AGC,DEE,133331.8745345925
2045,Agri01_AGC,DED,112758.6408
2045,Agri01_AGC,DEF,57980.733203810145
2045,Agri01_AGC,DEG,46359.75525131914
2045,Agri02_OFC,DE1,22772.389396974464
2045,Agri02_OFC,DE2,32728.20211834431
2045,Agri02_OFC,DE3,14355.211086410538
2045,Agri02_OFC,DE4,22597.363946021047
2045,Agri02_OFC,DE5,6656.625528877278
2045,Agri02_OFC,DE6,707.1957169591778
2045,Agri02_OFC,DE7,6852.041729299764
2045,Agri02_OFC,DE8,22201.0972116599
2045,Agri02_OFC,DE9,29363.373104459723
2045,Agri02_OFC,DEA,22990.784751969586
2045,Agri02_OFC,DEB,14209.406411397487
2045,Agri02_OFC,DEC,10169.532172920573
2045,Agri02_OFC,DEE,16780.817983622284
2045,Agri02_OFC,DED,14923.7905721555
2045,Agri02_OFC,DEF,5804.103054215581
2045,Agri02_OFC,DEG,4641.1417043415595
2045,Agri03_No-till,DE1,0.0
2045,Agri03_No-till,DE2,0.0
2045,Agri03_No-till,DE3,0.0
2045,Agri03_No-till,DE4,0.0
2045,Agri03_No-till,DE5,0.0
2045,Agri03_No-till,DE6,0.0
2045,Agri03_No-till,DE7,0.0
2045,Agri03_No-till,DE8,0.0
2045,Agri03_No-till,DE9,0.0
2045,Agri03_No-till,DEA,0.0
2045,Agri03_No-till,DEB,0.0
2045,Agri03_No-till,DEC,0.0
2045,Agri03_No-till,DEE,0.0
2045,Agri03_No-till,DED,0.0
2045,Agri03_No-till,DEF,0.0
2045,Agri03_No-till,DEG,0.0
2045,Agri04_toGrassland,DE1,2153.143127287571
2045,Agri04_toGrassland,DE2,3654.7282093237845
2045,Agri04_toGrassland,DE3,883.62252282179
2045,Agri04_toGrassland,DE4,2038.5255816585275
2045,Agri04_toGrassland,DE5,413.96588772233
2045,Agri04_toGrassland,DE6,51.56088146628611
2045,Agri04_toGrassland,DE7,844.9567375092228
2045,Agri04_toGrassland,DE8,2081.282981008351
2045,Agri04_toGrassland,DE9,3161.532975162122
2045,Agri04_toGrassland,DEA,2200.3875747954207
2045,Agri04_toGrassland,DEB,1265.0507468523836
2045,Agri04_toGrassland,DEC,666.5631416214237
2045,Agri04_toGrassland,DEE,1632.2426382353021
2045,Agri04_toGrassland,DED,1364.3345291252258
2045,Agri04_toGrassland,DEF,874.9536567279554
2045,Agri04_toGrassland,DEG,699.5500545481777
2045,Agri05_Agroforestry,DE1,585410.0404943073
2045,Agri05_Agroforestry,DE2,693024.5519690746
2045,Agri05_Agroforestry,DE3,1307.8725000000002
2045,Agri05_Agroforestry,DE4,473584.88600000006
2045,Agri05_Agroforestry,DE5,10736.907666666668
2045,Agri05_Agroforestry,DE6,8691.746166666666
2045,Agri05_Agroforestry,DE7,123968.32617062466
2045,Agri05_Agroforestry,DE8,451053.7198333334
2045,Agri05_Agroforestry,DE9,652866.3660343818
2045,Agri05_Agroforestry,DEA,583983.6940139442
2045,Agri05_Agroforestry,DEB,343413.3161666667
2045,Agri05_Agroforestry,DEC,47840.52216666668
2045,Agri05_Agroforestry,DEE,237338.16800000003
2045,Agri05_Agroforestry,DED,264412.5466666667
2045,Agri05_Agroforestry,DEF,62856.91547060692
2045,Agri05_Agroforestry,DEG,50286.217222929474
2045,Agri06_Biochar,DE1,0.0
2045,Agri06_Biochar,DE2,0.0
2045,Agri06_Biochar,DE3,0.0
2045,Agri06_Biochar,DE4,0.0
2045,Agri06_Biochar,DE5,0.0
2045,Agri06_Biochar,DE6,0.0
2045,Agri06_Biochar,DE7,0.0
2045,Agri06_Biochar,DE8,0.0
2045,Agri06_Biochar,DE9,0.0
2045,Agri06_Biochar,DEA,0.0
2045,Agri06_Biochar,DEB,0.0
2045,Agri06_Biochar,DEC,0.0
2045,Agri06_Biochar,DEE,0.0
2045,Agri06_Biochar,DED,0.0
2045,Agri06_Biochar,DEF,0.0
2045,Agri06_Biochar,DEG,0.0
2046,Agri01_AGC,DE1,187258.44936188578
2046,Agri01_AGC,DE2,295670.71916521713
2046,Agri01_AGC,DE3,386.9196000000001
2046,Agri01_AGC,DE4,163848.46320000003
2046,Agri01_AGC,DE5,1243.9848000000002
2046,Agri01_AGC,DE6,2043.2963999999997
2046,Agri01_AGC,DE7,65682.9488251003
2046,Agri01_AGC,DE8,180764.90399999998
2046,Agri01_AGC,DE9,252182.53775501926
2046,Agri01_AGC,DEA,181301.37134087452
2046,Agri01_AGC,DEB,98796.60480000003
2046,Agri01_AGC,DEC,10505.2152
2046,Agri01_AGC,DEE,133331.8745345925
2046,Agri01_AGC,DED,112758.6408
2046,Agri01_AGC,DEF,57980.733203810145
2046,Agri01_AGC,DEG,46359.75525131914
2046,Agri02_OFC,DE1,22772.389396974464
2046,Agri02_OFC,DE2,32728.20211834431
2046,Agri02_OFC,DE3,14355.211086410538
2046,Agri02_OFC,DE4,22597.363946021047
2046,Agri02_OFC,DE5,6656.625528877278
2046,Agri02_OFC,DE6,707.1957169591778
2046,Agri02_OFC,DE7,6852.041729299764
2046,Agri02_OFC,DE8,22201.0972116599
2046,Agri02_OFC,DE9,29363.373104459723
2046,Agri02_OFC,DEA,22990.784751969586
2046,Agri02_OFC,DEB,14209.406411397487
2046,Agri02_OFC,DEC,10169.532172920573
2046,Agri02_OFC,DEE,16780.817983622284
2046,Agri02_OFC,DED,14923.7905721555
2046,Agri02_OFC,DEF,5804.103054215581
2046,Agri02_OFC,DEG,4641.1417043415595
2046,Agri03_No-till,DE1,0.0
2046,Agri03_No-till,DE2,0.0
2046,Agri03_No-till,DE3,0.0
2046,Agri03_No-till,DE4,0.0
2046,Agri03_No-till,DE5,0.0
2046,Agri03_No-till,DE6,0.0
2046,Agri03_No-till,DE7,0.0
2046,Agri03_No-till,DE8,0.0
2046,Agri03_No-till,DE9,0.0
2046,Agri03_No-till,DEA,0.0
2046,Agri03_No-till,DEB,0.0
2046,Agri03_No-till,DEC,0.0
2046,Agri03_No-till,DEE,0.0
2046,Agri03_No-till,DED,0.0
2046,Agri03_No-till,DEF,0.0
2046,Agri03_No-till,DEG,0.0
2046,Agri04_toGrassland,DE1,2153.143127287571
2046,Agri04_toGrassland,DE2,3654.7282093237845
2046,Agri04_toGrassland,DE3,883.62252282179
2046,Agri04_toGrassland,DE4,2038.5255816585275
2046,Agri04_toGrassland,DE5,413.96588772233
2046,Agri04_toGrassland,DE6,51.56088146628611
2046,Agri04_toGrassland,DE7,844.9567375092228
2046,Agri04_toGrassland,DE8,2081.282981008351
2046,Agri04_toGrassland,DE9,3161.532975162122
2046,Agri04_toGrassland,DEA,2200.3875747954207
2046,Agri04_toGrassland,DEB,1265.0507468523836
2046,Agri04_toGrassland,DEC,666.5631416214237
2046,Agri04_toGrassland,DEE,1632.2426382353021
2046,Agri04_toGrassland,DED,1364.3345291252258
2046,Agri04_toGrassland,DEF,874.9536567279554
2046,Agri04_toGrassland,DEG,699.5500545481777
2046,Agri05_Agroforestry,DE1,585410.0404943073
2046,Agri05_Agroforestry,DE2,693024.5519690746
2046,Agri05_Agroforestry,DE3,1307.8725000000002
2046,Agri05_Agroforestry,DE4,473584.88600000006
2046,Agri05_Agroforestry,DE5,10736.907666666668
2046,Agri05_Agroforestry,DE6,8691.746166666666
2046,Agri05_Agroforestry,DE7,123968.32617062466
2046,Agri05_Agroforestry,DE8,451053.7198333334
2046,Agri05_Agroforestry,DE9,652866.3660343818
2046,Agri05_Agroforestry,DEA,583983.6940139442
2046,Agri05_Agroforestry,DEB,343413.3161666667
2046,Agri05_Agroforestry,DEC,47840.52216666668
2046,Agri05_Agroforestry,DEE,237338.16800000003
2046,Agri05_Agroforestry,DED,264412.5466666667
2046,Agri05_Agroforestry,DEF,62856.91547060692
2046,Agri05_Agroforestry,DEG,50286.217222929474
2046,Agri06_Biochar,DE1,0.0
2046,Agri06_Biochar,DE2,0.0
2046,Agri06_Biochar,DE3,0.0
2046,Agri06_Biochar,DE4,0.0
2046,Agri06_Biochar,DE5,0.0
2046,Agri06_Biochar,DE6,0.0
2046,Agri06_Biochar,DE7,0.0
2046,Agri06_Biochar,DE8,0.0
2046,Agri06_Biochar,DE9,0.0
2046,Agri06_Biochar,DEA,0.0
2046,Agri06_Biochar,DEB,0.0
2046,Agri06_Biochar,DEC,0.0
2046,Agri06_Biochar,DEE,0.0
2046,Agri06_Biochar,DED,0.0
2046,Agri06_Biochar,DEF,0.0
2046,Agri06_Biochar,DEG,0.0
2047,Agri01_AGC,DE1,187258.44936188578
2047,Agri01_AGC,DE2,295670.71916521713
2047,Agri01_AGC,DE3,386.9196000000001
2047,Agri01_AGC,DE4,163848.46320000003
2047,Agri01_AGC,DE5,1243.9848000000002
2047,Agri01_AGC,DE6,2043.2963999999997
2047,Agri01_AGC,DE7,65682.9488251003
2047,Agri01_AGC,DE8,180764.90399999998
2047,Agri01_AGC,DE9,252182.53775501926
2047,Agri01_AGC,DEA,181301.37134087452
2047,Agri01_AGC,DEB,98796.60480000003
2047,Agri01_AGC,DEC,10505.2152
2047,Agri01_AGC,DEE,133331.8745345925
2047,Agri01_AGC,DED,112758.6408
2047,Agri01_AGC,DEF,57980.733203810145
2047,Agri01_AGC,DEG,46359.75525131914
2047,Agri02_OFC,DE1,22772.389396974464
2047,Agri02_OFC,DE2,32728.20211834431
2047,Agri02_OFC,DE3,14355.211086410538
2047,Agri02_OFC,DE4,22597.363946021047
2047,Agri02_OFC,DE5,6656.625528877278
2047,Agri02_OFC,DE6,707.1957169591778
2047,Agri02_OFC,DE7,6852.041729299764
2047,Agri02_OFC,DE8,22201.0972116599
2047,Agri02_OFC,DE9,29363.373104459723
2047,Agri02_OFC,DEA,22990.784751969586
2047,Agri02_OFC,DEB,14209.406411397487
2047,Agri02_OFC,DEC,10169.532172920573
2047,Agri02_OFC,DEE,16780.817983622284
2047,Agri02_OFC,DED,14923.7905721555
2047,Agri02_OFC,DEF,5804.103054215581
2047,Agri02_OFC,DEG,4641.1417043415595
2047,Agri03_No-till,DE1,0.0
2047,Agri03_No-till,DE2,0.0
2047,Agri03_No-till,DE3,0.0
2047,Agri03_No-till,DE4,0.0
2047,Agri03_No-till,DE5,0.0
2047,Agri03_No-till,DE6,0.0
2047,Agri03_No-till,DE7,0.0
2047,Agri03_No-till,DE8,0.0
2047,Agri03_No-till,DE9,0.0
2047,Agri03_No-till,DEA,0.0
2047,Agri03_No-till,DEB,0.0
2047,Agri03_No-till,DEC,0.0
2047,Agri03_No-till,DEE,0.0
2047,Agri03_No-till,DED,0.0
2047,Agri03_No-till,DEF,0.0
2047,Agri03_No-till,DEG,0.0
2047,Agri04_toGrassland,DE1,2153.143127287571
2047,Agri04_toGrassland,DE2,3654.7282093237845
2047,Agri04_toGrassland,DE3,883.62252282179
2047,Agri04_toGrassland,DE4,2038.5255816585275
2047,Agri04_toGrassland,DE5,413.96588772233
2047,Agri04_toGrassland,DE6,51.56088146628611
2047,Agri04_toGrassland,DE7,844.9567375092228
2047,Agri04_toGrassland,DE8,2081.282981008351
2047,Agri04_toGrassland,DE9,3161.532975162122
2047,Agri04_toGrassland,DEA,2200.3875747954207
2047,Agri04_toGrassland,DEB,1265.0507468523836
2047,Agri04_toGrassland,DEC,666.5631416214237
2047,Agri04_toGrassland,DEE,1632.2426382353021
2047,Agri04_toGrassland,DED,1364.3345291252258
2047,Agri04_toGrassland,DEF,874.9536567279554
2047,Agri04_toGrassland,DEG,699.5500545481777
2047,Agri05_Agroforestry,DE1,585410.0404943073
2047,Agri05_Agroforestry,DE2,693024.5519690746
2047,Agri05_Agroforestry,DE3,1307.8725000000002
2047,Agri05_Agroforestry,DE4,473584.88600000006
2047,Agri05_Agroforestry,DE5,10736.907666666668
2047,Agri05_Agroforestry,DE6,8691.746166666666
2047,Agri05_Agroforestry,DE7,123968.32617062466
2047,Agri05_Agroforestry,DE8,451053.7198333334
2047,Agri05_Agroforestry,DE9,652866.3660343818
2047,Agri05_Agroforestry,DEA,583983.6940139442
2047,Agri05_Agroforestry,DEB,343413.3161666667
2047,Agri05_Agroforestry,DEC,47840.52216666668
2047,Agri05_Agroforestry,DEE,237338.16800000003
2047,Agri05_Agroforestry,DED,264412.5466666667
2047,Agri05_Agroforestry,DEF,62856.91547060692
2047,Agri05_Agroforestry,DEG,50286.217222929474
2047,Agri06_Biochar,DE1,0.0
2047,Agri06_Biochar,DE2,0.0
2047,Agri06_Biochar,DE3,0.0
2047,Agri06_Biochar,DE4,0.0
2047,Agri06_Biochar,DE5,0.0
2047,Agri06_Biochar,DE6,0.0
2047,Agri06_Biochar,DE7,0.0
2047,Agri06_Biochar,DE8,0.0
2047,Agri06_Biochar,DE9,0.0
2047,Agri06_Biochar,DEA,0.0
2047,Agri06_Biochar,DEB,0.0
2047,Agri06_Biochar,DEC,0.0
2047,Agri06_Biochar,DEE,0.0
2047,Agri06_Biochar,DED,0.0
2047,Agri06_Biochar,DEF,0.0
2047,Agri06_Biochar,DEG,0.0
2048,Agri01_AGC,DE1,187258.44936188578
2048,Agri01_AGC,DE2,295670.71916521713
2048,Agri01_AGC,DE3,386.9196000000001
2048,Agri01_AGC,DE4,163848.46320000003
2048,Agri01_AGC,DE5,1243.9848000000002
2048,Agri01_AGC,DE6,2043.2963999999997
2048,Agri01_AGC,DE7,65682.9488251003
2048,Agri01_AGC,DE8,180764.90399999998
2048,Agri01_AGC,DE9,252182.53775501926
2048,Agri01_AGC,DEA,181301.37134087452
2048,Agri01_AGC,DEB,98796.60480000003
2048,Agri01_AGC,DEC,10505.2152
2048,Agri01_AGC,DEE,133331.8745345925
2048,Agri01_AGC,DED,112758.6408
2048,Agri01_AGC,DEF,57980.733203810145
2048,Agri01_AGC,DEG,46359.75525131914
2048,Agri02_OFC,DE1,22772.389396974464
2048,Agri02_OFC,DE2,32728.20211834431
2048,Agri02_OFC,DE3,14355.211086410538
2048,Agri02_OFC,DE4,22597.363946021047
2048,Agri02_OFC,DE5,6656.625528877278
2048,Agri02_OFC,DE6,707.1957169591778
2048,Agri02_OFC,DE7,6852.041729299764
2048,Agri02_OFC,DE8,22201.0972116599
2048,Agri02_OFC,DE9,29363.373104459723
2048,Agri02_OFC,DEA,22990.784751969586
2048,Agri02_OFC,DEB,14209.406411397487
2048,Agri02_OFC,DEC,10169.532172920573
2048,Agri02_OFC,DEE,16780.817983622284
2048,Agri02_OFC,DED,14923.7905721555
2048,Agri02_OFC,DEF,5804.103054215581
2048,Agri02_OFC,DEG,4641.1417043415595
2048,Agri03_No-till,DE1,0.0
2048,Agri03_No-till,DE2,0.0
2048,Agri03_No-till,DE3,0.0
2048,Agri03_No-till,DE4,0.0
2048,Agri03_No-till,DE5,0.0
2048,Agri03_No-till,DE6,0.0
2048,Agri03_No-till,DE7,0.0
2048,Agri03_No-till,DE8,0.0
2048,Agri03_No-till,DE9,0.0
2048,Agri03_No-till,DEA,0.0
2048,Agri03_No-till,DEB,0.0
2048,Agri03_No-till,DEC,0.0
2048,Agri03_No-till,DEE,0.0
2048,Agri03_No-till,DED,0.0
2048,Agri03_No-till,DEF,0.0
2048,Agri03_No-till,DEG,0.0
2048,Agri04_toGrassland,DE1,2153.143127287571
2048,Agri04_toGrassland,DE2,3654.7282093237845
2048,Agri04_toGrassland,DE3,883.62252282179
2048,Agri04_toGrassland,DE4,2038.5255816585275
2048,Agri04_toGrassland,DE5,413.96588772233
2048,Agri04_toGrassland,DE6,51.56088146628611
2048,Agri04_toGrassland,DE7,844.9567375092228
2048,Agri04_toGrassland,DE8,2081.282981008351
2048,Agri04_toGrassland,DE9,3161.532975162122
2048,Agri04_toGrassland,DEA,2200.3875747954207
2048,Agri04_toGrassland,DEB,1265.0507468523836
2048,Agri04_toGrassland,DEC,666.5631416214237
2048,Agri04_toGrassland,DEE,1632.2426382353021
2048,Agri04_toGrassland,DED,1364.3345291252258
2048,Agri04_toGrassland,DEF,874.9536567279554
2048,Agri04_toGrassland,DEG,699.5500545481777
2048,Agri05_Agroforestry,DE1,585410.0404943073
2048,Agri05_Agroforestry,DE2,693024.5519690746
2048,Agri05_Agroforestry,DE3,1307.8725000000002
2048,Agri05_Agroforestry,DE4,473584.88600000006
2048,Agri05_Agroforestry,DE5,10736.907666666668
2048,Agri05_Agroforestry,DE6,8691.746166666666
2048,Agri05_Agroforestry,DE7,123968.32617062466
2048,Agri05_Agroforestry,DE8,451053.7198333334
2048,Agri05_Agroforestry,DE9,652866.3660343818
2048,Agri05_Agroforestry,DEA,583983.6940139442
2048,Agri05_Agroforestry,DEB,343413.3161666667
2048,Agri05_Agroforestry,DEC,47840.52216666668
2048,Agri05_Agroforestry,DEE,237338.16800000003
2048,Agri05_Agroforestry,DED,264412.5466666667
2048,Agri05_Agroforestry,DEF,62856.91547060692
2048,Agri05_Agroforestry,DEG,50286.217222929474
2048,Agri06_Biochar,DE1,0.0
2048,Agri06_Biochar,DE2,0.0
2048,Agri06_Biochar,DE3,0.0
2048,Agri06_Biochar,DE4,0.0
2048,Agri06_Biochar,DE5,0.0
2048,Agri06_Biochar,DE6,0.0
2048,Agri06_Biochar,DE7,0.0
2048,Agri06_Biochar,DE8,0.0
2048,Agri06_Biochar,DE9,0.0
2048,Agri06_Biochar,DEA,0.0
2048,Agri06_Biochar,DEB,0.0
2048,Agri06_Biochar,DEC,0.0
2048,Agri06_Biochar,DEE,0.0
2048,Agri06_Biochar,DED,0.0
2048,Agri06_Biochar,DEF,0.0
2048,Agri06_Biochar,DEG,0.0
2049,Agri01_AGC,DE1,187258.44936188578
2049,Agri01_AGC,DE2,295670.71916521713
2049,Agri01_AGC,DE3,386.9196000000001
2049,Agri01_AGC,DE4,163848.46320000003
2049,Agri01_AGC,DE5,1243.9848000000002
2049,Agri01_AGC,DE6,2043.2963999999997
2049,Agri01_AGC,DE7,65682.9488251003
2049,Agri01_AGC,DE8,180764.90399999998
2049,Agri01_AGC,DE9,252182.53775501926
2049,Agri01_AGC,DEA,181301.37134087452
2049,Agri01_AGC,DEB,98796.60480000003
2049,Agri01_AGC,DEC,10505.2152
2049,Agri01_AGC,DEE,133331.8745345925
2049,Agri01_AGC,DED,112758.6408
2049,Agri01_AGC,DEF,57980.733203810145
2049,Agri01_AGC,DEG,46359.75525131914
2049,Agri02_OFC,DE1,22772.389396974464
2049,Agri02_OFC,DE2,32728.20211834431
2049,Agri02_OFC,DE3,14355.211086410538
2049,Agri02_OFC,DE4,22597.363946021047
2049,Agri02_OFC,DE5,6656.625528877278
2049,Agri02_OFC,DE6,707.1957169591778
2049,Agri02_OFC,DE7,6852.041729299764
2049,Agri02_OFC,DE8,22201.0972116599
2049,Agri02_OFC,DE9,29363.373104459723
2049,Agri02_OFC,DEA,22990.784751969586
2049,Agri02_OFC,DEB,14209.406411397487
2049,Agri02_OFC,DEC,10169.532172920573
2049,Agri02_OFC,DEE,16780.817983622284
2049,Agri02_OFC,DED,14923.7905721555
2049,Agri02_OFC,DEF,5804.103054215581
2049,Agri02_OFC,DEG,4641.1417043415595
2049,Agri03_No-till,DE1,0.0
2049,Agri03_No-till,DE2,0.0
2049,Agri03_No-till,DE3,0.0
2049,Agri03_No-till,DE4,0.0
2049,Agri03_No-till,DE5,0.0
2049,Agri03_No-till,DE6,0.0
2049,Agri03_No-till,DE7,0.0
2049,Agri03_No-till,DE8,0.0
2049,Agri03_No-till,DE9,0.0
2049,Agri03_No-till,DEA,0.0
2049,Agri03_No-till,DEB,0.0
2049,Agri03_No-till,DEC,0.0
2049,Agri03_No-till,DEE,0.0
2049,Agri03_No-till,DED,0.0
2049,Agri03_No-till,DEF,0.0
2049,Agri03_No-till,DEG,0.0
2049,Agri04_toGrassland,DE1,2153.143127287571
2049,Agri04_toGrassland,DE2,3654.7282093237845
2049,Agri04_toGrassland,DE3,883.62252282179
2049,Agri04_toGrassland,DE4,2038.5255816585275
2049,Agri04_toGrassland,DE5,413.96588772233
2049,Agri04_toGrassland,DE6,51.56088146628611
2049,Agri04_toGrassland,DE7,844.9567375092228
2049,Agri04_toGrassland,DE8,2081.282981008351
2049,Agri04_toGrassland,DE9,3161.532975162122
2049,Agri04_toGrassland,DEA,2200.3875747954207
2049,Agri04_toGrassland,DEB,1265.0507468523836
2049,Agri04_toGrassland,DEC,666.5631416214237
2049,Agri04_toGrassland,DEE,1632.2426382353021
2049,Agri04_toGrassland,DED,1364.3345291252258
2049,Agri04_toGrassland,DEF,874.9536567279554
2049,Agri04_toGrassland,DEG,699.5500545481777
2049,Agri05_Agroforestry,DE1,585410.0404943073
2049,Agri05_Agroforestry,DE2,693024.5519690746
2049,Agri05_Agroforestry,DE3,1307.8725000000002
2049,Agri05_Agroforestry,DE4,473584.88600000006
2049,Agri05_Agroforestry,DE5,10736.907666666668
2049,Agri05_Agroforestry,DE6,8691.746166666666
2049,Agri05_Agroforestry,DE7,123968.32617062466
2049,Agri05_Agroforestry,DE8,451053.7198333334
2049,Agri05_Agroforestry,DE9,652866.3660343818
2049,Agri05_Agroforestry,DEA,583983.6940139442
2049,Agri05_Agroforestry,DEB,343413.3161666667
2049,Agri05_Agroforestry,DEC,47840.52216666668
2049,Agri05_Agroforestry,DEE,237338.16800000003
2049,Agri05_Agroforestry,DED,264412.5466666667
2049,Agri05_Agroforestry,DEF,62856.91547060692
2049,Agri05_Agroforestry,DEG,50286.217222929474
2049,Agri06_Biochar,DE1,0.0
2049,Agri06_Biochar,DE2,0.0
2049,Agri06_Biochar,DE3,0.0
2049,Agri06_Biochar,DE4,0.0
2049,Agri06_Biochar,DE5,0.0
2049,Agri06_Biochar,DE6,0.0
2049,Agri06_Biochar,DE7,0.0
2049,Agri06_Biochar,DE8,0.0
2049,Agri06_Biochar,DE9,0.0
2049,Agri06_Biochar,DEA,0.0
2049,Agri06_Biochar,DEB,0.0
2049,Agri06_Biochar,DEC,0.0
2049,Agri06_Biochar,DEE,0.0
2049,Agri06_Biochar,DED,0.0
2049,Agri06_Biochar,DEF,0.0
2049,Agri06_Biochar,DEG,0.0
2050,Agri01_AGC,DE1,187258.44936188578
2050,Agri01_AGC,DE2,295670.71916521713
2050,Agri01_AGC,DE3,386.9196000000001
2050,Agri01_AGC,DE4,163848.46320000003
2050,Agri01_AGC,DE5,1243.9848000000002
2050,Agri01_AGC,DE6,2043.2963999999997
2050,Agri01_AGC,DE7,65682.9488251003
2050,Agri01_AGC,DE8,180764.90399999998
2050,Agri01_AGC,DE9,252182.53775501926
2050,Agri01_AGC,DEA,181301.37134087452
2050,Agri01_AGC,DEB,98796.60480000003
2050,Agri01_AGC,DEC,10505.2152
2050,Agri01_AGC,DEE,133331.8745345925
2050,Agri01_AGC,DED,112758.6408
2050,Agri01_AGC,DEF,57980.733203810145
2050,Agri01_AGC,DEG,46359.75525131914
2050,Agri02_OFC,DE1,22772.389396974464
2050,Agri02_OFC,DE2,32728.20211834431
2050,Agri02_OFC,DE3,14355.211086410538
2050,Agri02_OFC,DE4,22597.363946021047
2050,Agri02_OFC,DE5,6656.625528877278
2050,Agri02_OFC,DE6,707.1957169591778
2050,Agri02_OFC,DE7,6852.041729299764
2050,Agri02_OFC,DE8,22201.0972116599
2050,Agri02_OFC,DE9,29363.373104459723
2050,Agri02_OFC,DEA,22990.784751969586
2050,Agri02_OFC,DEB,14209.406411397487
2050,Agri02_OFC,DEC,10169.532172920573
2050,Agri02_OFC,DEE,16780.817983622284
2050,Agri02_OFC,DED,14923.7905721555
2050,Agri02_OFC,DEF,5804.103054215581
2050,Agri02_OFC,DEG,4641.1417043415595
2050,Agri03_No-till,DE1,0.0
2050,Agri03_No-till,DE2,0.0
2050,Agri03_No-till,DE3,0.0
2050,Agri03_No-till,DE4,0.0
2050,Agri03_No-till,DE5,0.0
2050,Agri03_No-till,DE6,0.0
2050,Agri03_No-till,DE7,0.0
2050,Agri03_No-till,DE8,0.0
2050,Agri03_No-till,DE9,0.0
2050,Agri03_No-till,DEA,0.0
2050,Agri03_No-till,DEB,0.0
2050,Agri03_No-till,DEC,0.0
2050,Agri03_No-till,DEE,0.0
2050,Agri03_No-till,DED,0.0
2050,Agri03_No-till,DEF,0.0
2050,Agri03_No-till,DEG,0.0
2050,Agri04_toGrassland,DE1,2153.143127287571
2050,Agri04_toGrassland,DE2,3654.7282093237845
2050,Agri04_toGrassland,DE3,883.62252282179
2050,Agri04_toGrassland,DE4,2038.5255816585275
2050,Agri04_toGrassland,DE5,413.96588772233
2050,Agri04_toGrassland,DE6,51.56088146628611
2050,Agri04_toGrassland,DE7,844.9567375092228
2050,Agri04_toGrassland,DE8,2081.282981008351
2050,Agri04_toGrassland,DE9,3161.532975162122
2050,Agri04_toGrassland,DEA,2200.3875747954207
2050,Agri04_toGrassland,DEB,1265.0507468523836
2050,Agri04_toGrassland,DEC,666.5631416214237
2050,Agri04_toGrassland,DEE,1632.2426382353021
2050,Agri04_toGrassland,DED,1364.3345291252258
2050,Agri04_toGrassland,DEF,874.9536567279554
2050,Agri04_toGrassland,DEG,699.5500545481777
2050,Agri05_Agroforestry,DE1,585410.0404943073
2050,Agri05_Agroforestry,DE2,693024.5519690746
2050,Agri05_Agroforestry,DE3,1307.8725000000002
2050,Agri05_Agroforestry,DE4,473584.88600000006
2050,Agri05_Agroforestry,DE5,10736.907666666668
2050,Agri05_Agroforestry,DE6,8691.746166666666
2050,Agri05_Agroforestry,DE7,123968.32617062466
2050,Agri05_Agroforestry,DE8,451053.7198333334
2050,Agri05_Agroforestry,DE9,652866.3660343818
2050,Agri05_Agroforestry,DEA,583983.6940139442
2050,Agri05_Agroforestry,DEB,343413.3161666667
2050,Agri05_Agroforestry,DEC,47840.52216666668
2050,Agri05_Agroforestry,DEE,237338.16800000003
2050,Agri05_Agroforestry,DED,264412.5466666667
2050,Agri05_Agroforestry,DEF,62856.91547060692
2050,Agri05_Agroforestry,DEG,50286.217222929474
2050,Agri06_Biochar,DE1,0.0
2050,Agri06_Biochar,DE2,0.0
2050,Agri06_Biochar,DE3,0.0
2050,Agri06_Biochar,DE4,0.0
2050,Agri06_Biochar,DE5,0.0
2050,Agri06_Biochar,DE6,0.0
2050,Agri06_Biochar,DE7,0.0
2050,Agri06_Biochar,DE8,0.0
2050,Agri06_Biochar,DE9,0.0
2050,Agri06_Biochar,DEA,0.0
2050,Agri06_Biochar,DEB,0.0
2050,Agri06_Biochar,DEC,0.0
2050,Agri06_Biochar,DEE,0.0
2050,Agri06_Biochar,DED,0.0
2050,Agri06_Biochar,DEF,0.0
2050,Agri06_Biochar,DEG,0.0
