year,techFMs,r,costTechFMs
2020,FM01_PSA,DE1,0.0
2020,FM01_PSA,DE2,0.0
2020,FM01_PSA,DE3,0.0
2020,FM01_PSA,DE4,0.0
2020,FM01_PSA,DE5,0.0
2020,FM01_PSA,DE6,0.0
2020,FM01_PSA,DE7,0.0
2020,FM01_PSA,DE8,0.0
2020,FM01_PSA,DE9,0.0
2020,FM01_PSA,DEA,0.0
2020,FM01_PSA,DEB,0.0
2020,FM01_PSA,DEC,0.0
2020,FM01_PSA,DEE,0.0
2020,FM01_PSA,DED,0.0
2020,FM01_PSA,DEF,0.0
2020,FM01_PSA,DEG,0.0
2020,FM02_TSA,DE1,0.0
2020,FM02_TSA,DE2,0.0
2020,FM02_TSA,DE3,0.0
2020,FM02_TSA,DE4,0.0
2020,FM02_TSA,DE5,0.0
2020,FM02_TSA,DE6,0.0
2020,FM02_TSA,DE7,0.0
2020,FM02_TSA,DE8,0.0
2020,FM02_TSA,DE9,0.0
2020,FM02_TSA,DEA,0.0
2020,FM02_TSA,DEB,0.0
2020,FM02_TSA,DEC,0.0
2020,FM02_TSA,DEE,0.0
2020,FM02_TSA,DED,0.0
2020,FM02_TSA,DEF,0.0
2020,FM02_TSA,DEG,0.0
2020,FM03_Beech,DE1,0.0
2020,FM03_Beech,DE2,0.0
2020,FM03_Beech,DE3,0.0
2020,FM03_Beech,DE4,0.0
2020,FM03_Beech,DE5,0.0
2020,FM03_Beech,DE6,0.0
2020,FM03_Beech,DE7,0.0
2020,FM03_Beech,DE8,0.0
2020,FM03_Beech,DE9,0.0
2020,FM03_Beech,DEA,0.0
2020,FM03_Beech,DEB,0.0
2020,FM03_Beech,DEC,0.0
2020,FM03_Beech,DEE,0.0
2020,FM03_Beech,DED,0.0
2020,FM03_Beech,DEF,0.0
2020,FM03_Beech,DEG,0.0
2020,FM04_DouglasFir,DE1,0.0
2020,FM04_DouglasFir,DE2,0.0
2020,FM04_DouglasFir,DE3,0.0
2020,FM04_DouglasFir,DE4,0.0
2020,FM04_DouglasFir,DE5,0.0
2020,FM04_DouglasFir,DE6,0.0
2020,FM04_DouglasFir,DE7,0.0
2020,FM04_DouglasFir,DE8,0.0
2020,FM04_DouglasFir,DE9,0.0
2020,FM04_DouglasFir,DEA,0.0
2020,FM04_DouglasFir,DEB,0.0
2020,FM04_DouglasFir,DEC,0.0
2020,FM04_DouglasFir,DEE,0.0
2020,FM04_DouglasFir,DED,0.0
2020,FM04_DouglasFir,DEF,0.0
2020,FM04_DouglasFir,DEG,0.0
2020,FM05_Oak,DE1,0.0
2020,FM05_Oak,DE2,0.0
2020,FM05_Oak,DE3,0.0
2020,FM05_Oak,DE4,0.0
2020,FM05_Oak,DE5,0.0
2020,FM05_Oak,DE6,0.0
2020,FM05_Oak,DE7,0.0
2020,FM05_Oak,DE8,0.0
2020,FM05_Oak,DE9,0.0
2020,FM05_Oak,DEA,0.0
2020,FM05_Oak,DEB,0.0
2020,FM05_Oak,DEC,0.0
2020,FM05_Oak,DEE,0.0
2020,FM05_Oak,DED,0.0
2020,FM05_Oak,DEF,0.0
2020,FM05_Oak,DEG,0.0
2020,FM06_ScotPine,DE1,0.0
2020,FM06_ScotPine,DE2,0.0
2020,FM06_ScotPine,DE3,0.0
2020,FM06_ScotPine,DE4,0.0
2020,FM06_ScotPine,DE5,0.0
2020,FM06_ScotPine,DE6,0.0
2020,FM06_ScotPine,DE7,0.0
2020,FM06_ScotPine,DE8,0.0
2020,FM06_ScotPine,DE9,0.0
2020,FM06_ScotPine,DEA,0.0
2020,FM06_ScotPine,DEB,0.0
2020,FM06_ScotPine,DEC,0.0
2020,FM06_ScotPine,DEE,0.0
2020,FM06_ScotPine,DED,0.0
2020,FM06_ScotPine,DEF,0.0
2020,FM06_ScotPine,DEG,0.0
2020,PC_Rewetting,DE1,7964838.481149667
2020,PC_Rewetting,DE2,0.0
2020,PC_Rewetting,DE3,0.0
2020,PC_Rewetting,DE4,0.0
2020,PC_Rewetting,DE5,0.0
2020,PC_Rewetting,DE6,0.0
2020,PC_Rewetting,DE7,0.0
2020,PC_Rewetting,DE8,0.0
2020,PC_Rewetting,DE9,0.0
2020,PC_Rewetting,DEA,0.0
2020,PC_Rewetting,DEB,15395262.194294201
2020,PC_Rewetting,DEC,0.0
2020,PC_Rewetting,DEE,0.0
2020,PC_Rewetting,DED,0.0
2020,PC_Rewetting,DEF,0.0
2020,PC_Rewetting,DEG,0.0
2021,FM01_PSA,DE1,0.0
2021,FM01_PSA,DE2,0.0
2021,FM01_PSA,DE3,0.0
2021,FM01_PSA,DE4,0.0
2021,FM01_PSA,DE5,0.0
2021,FM01_PSA,DE6,0.0
2021,FM01_PSA,DE7,0.0
2021,FM01_PSA,DE8,0.0
2021,FM01_PSA,DE9,0.0
2021,FM01_PSA,DEA,0.0
2021,FM01_PSA,DEB,0.0
2021,FM01_PSA,DEC,0.0
2021,FM01_PSA,DEE,0.0
2021,FM01_PSA,DED,0.0
2021,FM01_PSA,DEF,0.0
2021,FM01_PSA,DEG,0.0
2021,FM02_TSA,DE1,6358.420978560805
2021,FM02_TSA,DE2,6287.444042397272
2021,FM02_TSA,DE3,2.2326128750253504
2021,FM02_TSA,DE4,400.58324338009766
2021,FM02_TSA,DE5,1.6006683972855162
2021,FM02_TSA,DE6,8.225235943451468
2021,FM02_TSA,DE7,5735.2187957573815
2021,FM02_TSA,DE8,1215.2466195704408
2021,FM02_TSA,DE9,2869.4746893104575
2021,FM02_TSA,DEA,3478.0112123702474
2021,FM02_TSA,DEB,4563.580060722941
2021,FM02_TSA,DEC,531.3272351254328
2021,FM02_TSA,DEE,690.6753346154262
2021,FM02_TSA,DED,434.0858125645081
2021,FM02_TSA,DEF,801.8678381220143
2021,FM02_TSA,DEG,2194.6559295609914
2021,FM03_Beech,DE1,0.0
2021,FM03_Beech,DE2,0.0
2021,FM03_Beech,DE3,0.0
2021,FM03_Beech,DE4,0.0
2021,FM03_Beech,DE5,0.0
2021,FM03_Beech,DE6,0.0
2021,FM03_Beech,DE7,0.0
2021,FM03_Beech,DE8,0.0
2021,FM03_Beech,DE9,0.0
2021,FM03_Beech,DEA,0.0
2021,FM03_Beech,DEB,0.0
2021,FM03_Beech,DEC,0.0
2021,FM03_Beech,DEE,0.0
2021,FM03_Beech,DED,0.0
2021,FM03_Beech,DEF,0.0
2021,FM03_Beech,DEG,0.0
2021,FM04_DouglasFir,DE1,0.0
2021,FM04_DouglasFir,DE2,0.0
2021,FM04_DouglasFir,DE3,0.0
2021,FM04_DouglasFir,DE4,0.0
2021,FM04_DouglasFir,DE5,0.0
2021,FM04_DouglasFir,DE6,0.0
2021,FM04_DouglasFir,DE7,0.0
2021,FM04_DouglasFir,DE8,0.0
2021,FM04_DouglasFir,DE9,0.0
2021,FM04_DouglasFir,DEA,0.0
2021,FM04_DouglasFir,DEB,0.0
2021,FM04_DouglasFir,DEC,0.0
2021,FM04_DouglasFir,DEE,0.0
2021,FM04_DouglasFir,DED,0.0
2021,FM04_DouglasFir,DEF,0.0
2021,FM04_DouglasFir,DEG,0.0
2021,FM05_Oak,DE1,0.0
2021,FM05_Oak,DE2,0.0
2021,FM05_Oak,DE3,0.0
2021,FM05_Oak,DE4,0.0
2021,FM05_Oak,DE5,0.0
2021,FM05_Oak,DE6,0.0
2021,FM05_Oak,DE7,0.0
2021,FM05_Oak,DE8,0.0
2021,FM05_Oak,DE9,0.0
2021,FM05_Oak,DEA,0.0
2021,FM05_Oak,DEB,0.0
2021,FM05_Oak,DEC,0.0
2021,FM05_Oak,DEE,0.0
2021,FM05_Oak,DED,0.0
2021,FM05_Oak,DEF,0.0
2021,FM05_Oak,DEG,0.0
2021,FM06_ScotPine,DE1,0.0
2021,FM06_ScotPine,DE2,0.0
2021,FM06_ScotPine,DE3,0.0
2021,FM06_ScotPine,DE4,0.0
2021,FM06_ScotPine,DE5,0.0
2021,FM06_ScotPine,DE6,0.0
2021,FM06_ScotPine,DE7,0.0
2021,FM06_ScotPine,DE8,0.0
2021,FM06_ScotPine,DE9,0.0
2021,FM06_ScotPine,DEA,0.0
2021,FM06_ScotPine,DEB,0.0
2021,FM06_ScotPine,DEC,0.0
2021,FM06_ScotPine,DEE,0.0
2021,FM06_ScotPine,DED,0.0
2021,FM06_ScotPine,DEF,0.0
2021,FM06_ScotPine,DEG,0.0
2021,PC_Rewetting,DE1,8382830.3378601605
2021,PC_Rewetting,DE2,75858.97314555317
2021,PC_Rewetting,DE3,232.92000471784309
2021,PC_Rewetting,DE4,85977.80446864052
2021,PC_Rewetting,DE5,2188.786092848742
2021,PC_Rewetting,DE6,1066.4774150278733
2021,PC_Rewetting,DE7,2522.102074912312
2021,PC_Rewetting,DE8,95719.52402867099
2021,PC_Rewetting,DE9,223480.84379749917
2021,PC_Rewetting,DEA,15330.86358022984
2021,PC_Rewetting,DEB,16174154.099377286
2021,PC_Rewetting,DEC,266.08444345476
2021,PC_Rewetting,DEE,28108.533424231508
2021,PC_Rewetting,DED,10259.245277417038
2021,PC_Rewetting,DEF,53828.023711225025
2021,PC_Rewetting,DEG,367.4165138293519
2022,FM01_PSA,DE1,0.0
2022,FM01_PSA,DE2,0.0
2022,FM01_PSA,DE3,0.0
2022,FM01_PSA,DE4,0.0
2022,FM01_PSA,DE5,0.0
2022,FM01_PSA,DE6,0.0
2022,FM01_PSA,DE7,0.0
2022,FM01_PSA,DE8,0.0
2022,FM01_PSA,DE9,0.0
2022,FM01_PSA,DEA,0.0
2022,FM01_PSA,DEB,0.0
2022,FM01_PSA,DEC,0.0
2022,FM01_PSA,DEE,0.0
2022,FM01_PSA,DED,0.0
2022,FM01_PSA,DEF,0.0
2022,FM01_PSA,DEG,0.0
2022,FM02_TSA,DE1,13021.40978532001
2022,FM02_TSA,DE2,12876.05612374143
2022,FM02_TSA,DE3,4.572167718323485
2022,FM02_TSA,DE4,820.3543903073684
2022,FM02_TSA,DE5,3.278008675698571
2022,FM02_TSA,DE6,16.84445999435339
2022,FM02_TSA,DE7,11745.15408775749
2022,FM02_TSA,DE8,2488.7034496469164
2022,FM02_TSA,DE9,5876.396974044423
2022,FM02_TSA,DEA,7122.618868255792
2022,FM02_TSA,DEB,9345.755221171177
2022,FM02_TSA,DEC,1088.1049999673553
2022,FM02_TSA,DEE,1414.4339594633334
2022,FM02_TSA,DED,888.9642989123797
2022,FM02_TSA,DEF,1642.1450780094092
2022,FM02_TSA,DEG,4494.435692910733
2022,FM03_Beech,DE1,0.0
2022,FM03_Beech,DE2,0.0
2022,FM03_Beech,DE3,0.0
2022,FM03_Beech,DE4,0.0
2022,FM03_Beech,DE5,0.0
2022,FM03_Beech,DE6,0.0
2022,FM03_Beech,DE7,0.0
2022,FM03_Beech,DE8,0.0
2022,FM03_Beech,DE9,0.0
2022,FM03_Beech,DEA,0.0
2022,FM03_Beech,DEB,0.0
2022,FM03_Beech,DEC,0.0
2022,FM03_Beech,DEE,0.0
2022,FM03_Beech,DED,0.0
2022,FM03_Beech,DEF,0.0
2022,FM03_Beech,DEG,0.0
2022,FM04_DouglasFir,DE1,0.0
2022,FM04_DouglasFir,DE2,0.0
2022,FM04_DouglasFir,DE3,0.0
2022,FM04_DouglasFir,DE4,0.0
2022,FM04_DouglasFir,DE5,0.0
2022,FM04_DouglasFir,DE6,0.0
2022,FM04_DouglasFir,DE7,0.0
2022,FM04_DouglasFir,DE8,0.0
2022,FM04_DouglasFir,DE9,0.0
2022,FM04_DouglasFir,DEA,0.0
2022,FM04_DouglasFir,DEB,0.0
2022,FM04_DouglasFir,DEC,0.0
2022,FM04_DouglasFir,DEE,0.0
2022,FM04_DouglasFir,DED,0.0
2022,FM04_DouglasFir,DEF,0.0
2022,FM04_DouglasFir,DEG,0.0
2022,FM05_Oak,DE1,0.0
2022,FM05_Oak,DE2,0.0
2022,FM05_Oak,DE3,0.0
2022,FM05_Oak,DE4,0.0
2022,FM05_Oak,DE5,0.0
2022,FM05_Oak,DE6,0.0
2022,FM05_Oak,DE7,0.0
2022,FM05_Oak,DE8,0.0
2022,FM05_Oak,DE9,0.0
2022,FM05_Oak,DEA,0.0
2022,FM05_Oak,DEB,0.0
2022,FM05_Oak,DEC,0.0
2022,FM05_Oak,DEE,0.0
2022,FM05_Oak,DED,0.0
2022,FM05_Oak,DEF,0.0
2022,FM05_Oak,DEG,0.0
2022,FM06_ScotPine,DE1,0.0
2022,FM06_ScotPine,DE2,0.0
2022,FM06_ScotPine,DE3,0.0
2022,FM06_ScotPine,DE4,0.0
2022,FM06_ScotPine,DE5,0.0
2022,FM06_ScotPine,DE6,0.0
2022,FM06_ScotPine,DE7,0.0
2022,FM06_ScotPine,DE8,0.0
2022,FM06_ScotPine,DE9,0.0
2022,FM06_ScotPine,DEA,0.0
2022,FM06_ScotPine,DEB,0.0
2022,FM06_ScotPine,DEC,0.0
2022,FM06_ScotPine,DEE,0.0
2022,FM06_ScotPine,DED,0.0
2022,FM06_ScotPine,DEF,0.0
2022,FM06_ScotPine,DEG,0.0
2022,PC_Rewetting,DE1,8815895.054576648
2022,PC_Rewetting,DE2,222607.18835304346
2022,PC_Rewetting,DE3,683.5007806120834
2022,PC_Rewetting,DE4,252300.76970338923
2022,PC_Rewetting,DE5,6422.964849529652
2022,PC_Rewetting,DE6,3129.5643607758657
2022,PC_Rewetting,DE7,7401.076344104428
2022,PC_Rewetting,DE8,280887.72139889013
2022,PC_Rewetting,DE9,655801.6833825705
2022,PC_Rewetting,DEA,44988.22347714698
2022,PC_Rewetting,DEB,16955037.349021126
2022,PC_Rewetting,DEC,780.8214027402856
2022,PC_Rewetting,DEE,82484.13252694435
2022,PC_Rewetting,DED,30105.62430693699
2022,PC_Rewetting,DEF,157957.6484638873
2022,PC_Rewetting,DEG,1078.1790697469205
2023,FM01_PSA,DE1,0.0
2023,FM01_PSA,DE2,0.0
2023,FM01_PSA,DE3,0.0
2023,FM01_PSA,DE4,0.0
2023,FM01_PSA,DE5,0.0
2023,FM01_PSA,DE6,0.0
2023,FM01_PSA,DE7,0.0
2023,FM01_PSA,DE8,0.0
2023,FM01_PSA,DE9,0.0
2023,FM01_PSA,DEA,0.0
2023,FM01_PSA,DEB,0.0
2023,FM01_PSA,DEC,0.0
2023,FM01_PSA,DEE,0.0
2023,FM01_PSA,DED,0.0
2023,FM01_PSA,DEF,0.0
2023,FM01_PSA,DEG,0.0
2023,FM02_TSA,DE1,19992.17648716667
2023,FM02_TSA,DE2,19769.010478013734
2023,FM02_TSA,DE3,7.019791670845021
2023,FM02_TSA,DE4,1259.5156763698965
2023,FM02_TSA,DE5,5.032828937225461
2023,FM02_TSA,DE6,25.86182468643163
2023,FM02_TSA,DE7,18032.701317497485
2023,FM02_TSA,DE8,3820.98401093664
2023,FM02_TSA,DE9,9022.215516648152
2023,FM02_TSA,DEA,10935.578851494814
2023,FM02_TSA,DEB,14348.829417699015
2023,FM02_TSA,DEC,1670.6015365893995
2023,FM02_TSA,DEE,2171.6245639479325
2023,FM02_TSA,DED,1364.8546084988996
2023,FM02_TSA,DEF,2521.23654491758
2023,FM02_TSA,DEG,6900.4472683281265
2023,FM03_Beech,DE1,0.0
2023,FM03_Beech,DE2,0.0
2023,FM03_Beech,DE3,0.0
2023,FM03_Beech,DE4,0.0
2023,FM03_Beech,DE5,0.0
2023,FM03_Beech,DE6,0.0
2023,FM03_Beech,DE7,0.0
2023,FM03_Beech,DE8,0.0
2023,FM03_Beech,DE9,0.0
2023,FM03_Beech,DEA,0.0
2023,FM03_Beech,DEB,0.0
2023,FM03_Beech,DEC,0.0
2023,FM03_Beech,DEE,0.0
2023,FM03_Beech,DED,0.0
2023,FM03_Beech,DEF,0.0
2023,FM03_Beech,DEG,0.0
2023,FM04_DouglasFir,DE1,0.0
2023,FM04_DouglasFir,DE2,0.0
2023,FM04_DouglasFir,DE3,0.0
2023,FM04_DouglasFir,DE4,0.0
2023,FM04_DouglasFir,DE5,0.0
2023,FM04_DouglasFir,DE6,0.0
2023,FM04_DouglasFir,DE7,0.0
2023,FM04_DouglasFir,DE8,0.0
2023,FM04_DouglasFir,DE9,0.0
2023,FM04_DouglasFir,DEA,0.0
2023,FM04_DouglasFir,DEB,0.0
2023,FM04_DouglasFir,DEC,0.0
2023,FM04_DouglasFir,DEE,0.0
2023,FM04_DouglasFir,DED,0.0
2023,FM04_DouglasFir,DEF,0.0
2023,FM04_DouglasFir,DEG,0.0
2023,FM05_Oak,DE1,0.0
2023,FM05_Oak,DE2,0.0
2023,FM05_Oak,DE3,0.0
2023,FM05_Oak,DE4,0.0
2023,FM05_Oak,DE5,0.0
2023,FM05_Oak,DE6,0.0
2023,FM05_Oak,DE7,0.0
2023,FM05_Oak,DE8,0.0
2023,FM05_Oak,DE9,0.0
2023,FM05_Oak,DEA,0.0
2023,FM05_Oak,DEB,0.0
2023,FM05_Oak,DEC,0.0
2023,FM05_Oak,DEE,0.0
2023,FM05_Oak,DED,0.0
2023,FM05_Oak,DEF,0.0
2023,FM05_Oak,DEG,0.0
2023,FM06_ScotPine,DE1,0.0
2023,FM06_ScotPine,DE2,0.0
2023,FM06_ScotPine,DE3,0.0
2023,FM06_ScotPine,DE4,0.0
2023,FM06_ScotPine,DE5,0.0
2023,FM06_ScotPine,DE6,0.0
2023,FM06_ScotPine,DE7,0.0
2023,FM06_ScotPine,DE8,0.0
2023,FM06_ScotPine,DE9,0.0
2023,FM06_ScotPine,DEA,0.0
2023,FM06_ScotPine,DEB,0.0
2023,FM06_ScotPine,DEC,0.0
2023,FM06_ScotPine,DEE,0.0
2023,FM06_ScotPine,DED,0.0
2023,FM06_ScotPine,DEF,0.0
2023,FM06_ScotPine,DEG,0.0
2023,PC_Rewetting,DE1,9265891.96168698
2023,PC_Rewetting,DE2,448989.27151860914
2023,PC_Rewetting,DE3,1378.592128313112
2023,PC_Rewetting,DE4,508879.9675824141
2023,PC_Rewetting,DE5,12954.848089659745
2023,PC_Rewetting,DE6,6312.198778984967
2023,PC_Rewetting,DE7,14927.657551304887
2023,PC_Rewetting,DE8,566538.6384980389
2023,PC_Rewetting,DE9,1322724.2222548479
2023,PC_Rewetting,DEA,90739.34150718294
2023,PC_Rewetting,DEB,17738157.587877966
2023,PC_Rewetting,DEC,1574.8837016282555
2023,PC_Rewetting,DEE,166367.00211307808
2023,PC_Rewetting,DED,60721.76925727639
2023,PC_Rewetting,DEF,318593.88746295037
2023,PC_Rewetting,DEG,2174.641522916764
2024,FM01_PSA,DE1,0.0
2024,FM01_PSA,DE2,0.0
2024,FM01_PSA,DE3,0.0
2024,FM01_PSA,DE4,0.0
2024,FM01_PSA,DE5,0.0
2024,FM01_PSA,DE6,0.0
2024,FM01_PSA,DE7,0.0
2024,FM01_PSA,DE8,0.0
2024,FM01_PSA,DE9,0.0
2024,FM01_PSA,DEA,0.0
2024,FM01_PSA,DEB,0.0
2024,FM01_PSA,DEC,0.0
2024,FM01_PSA,DEE,0.0
2024,FM01_PSA,DED,0.0
2024,FM01_PSA,DEF,0.0
2024,FM01_PSA,DEG,0.0
2024,FM02_TSA,DE1,27273.93115098983
2024,FM02_TSA,DE2,26969.481339195423
2024,FM02_TSA,DE3,9.576611873540571
2024,FM02_TSA,DE4,1718.269337155765
2024,FM02_TSA,DE5,6.86593728385248
2024,FM02_TSA,DE6,35.28148255341204
2024,FM02_TSA,DE7,24600.755926474514
2024,FM02_TSA,DE8,5212.701824146821
2024,FM02_TSA,DE9,12308.378979567897
2024,FM02_TSA,DEA,14918.647045925487
2024,FM02_TSA,DEB,19575.106586660746
2024,FM02_TSA,DEC,2279.0850870551963
2024,FM02_TSA,DEE,2962.595837473433
2024,FM02_TSA,DED,1861.9758907793512
2024,FM02_TSA,DEF,3439.5470641019197
2024,FM02_TSA,DEG,9413.798634092067
2024,FM03_Beech,DE1,0.0
2024,FM03_Beech,DE2,0.0
2024,FM03_Beech,DE3,0.0
2024,FM03_Beech,DE4,0.0
2024,FM03_Beech,DE5,0.0
2024,FM03_Beech,DE6,0.0
2024,FM03_Beech,DE7,0.0
2024,FM03_Beech,DE8,0.0
2024,FM03_Beech,DE9,0.0
2024,FM03_Beech,DEA,0.0
2024,FM03_Beech,DEB,0.0
2024,FM03_Beech,DEC,0.0
2024,FM03_Beech,DEE,0.0
2024,FM03_Beech,DED,0.0
2024,FM03_Beech,DEF,0.0
2024,FM03_Beech,DEG,0.0
2024,FM04_DouglasFir,DE1,0.0
2024,FM04_DouglasFir,DE2,0.0
2024,FM04_DouglasFir,DE3,0.0
2024,FM04_DouglasFir,DE4,0.0
2024,FM04_DouglasFir,DE5,0.0
2024,FM04_DouglasFir,DE6,0.0
2024,FM04_DouglasFir,DE7,0.0
2024,FM04_DouglasFir,DE8,0.0
2024,FM04_DouglasFir,DE9,0.0
2024,FM04_DouglasFir,DEA,0.0
2024,FM04_DouglasFir,DEB,0.0
2024,FM04_DouglasFir,DEC,0.0
2024,FM04_DouglasFir,DEE,0.0
2024,FM04_DouglasFir,DED,0.0
2024,FM04_DouglasFir,DEF,0.0
2024,FM04_DouglasFir,DEG,0.0
2024,FM05_Oak,DE1,0.0
2024,FM05_Oak,DE2,0.0
2024,FM05_Oak,DE3,0.0
2024,FM05_Oak,DE4,0.0
2024,FM05_Oak,DE5,0.0
2024,FM05_Oak,DE6,0.0
2024,FM05_Oak,DE7,0.0
2024,FM05_Oak,DE8,0.0
2024,FM05_Oak,DE9,0.0
2024,FM05_Oak,DEA,0.0
2024,FM05_Oak,DEB,0.0
2024,FM05_Oak,DEC,0.0
2024,FM05_Oak,DEE,0.0
2024,FM05_Oak,DED,0.0
2024,FM05_Oak,DEF,0.0
2024,FM05_Oak,DEG,0.0
2024,FM06_ScotPine,DE1,0.0
2024,FM06_ScotPine,DE2,0.0
2024,FM06_ScotPine,DE3,0.0
2024,FM06_ScotPine,DE4,0.0
2024,FM06_ScotPine,DE5,0.0
2024,FM06_ScotPine,DE6,0.0
2024,FM06_ScotPine,DE7,0.0
2024,FM06_ScotPine,DE8,0.0
2024,FM06_ScotPine,DE9,0.0
2024,FM06_ScotPine,DEA,0.0
2024,FM06_ScotPine,DEB,0.0
2024,FM06_ScotPine,DEC,0.0
2024,FM06_ScotPine,DEE,0.0
2024,FM06_ScotPine,DED,0.0
2024,FM06_ScotPine,DEF,0.0
2024,FM06_ScotPine,DEG,0.0
2024,PC_Rewetting,DE1,9734680.389579002
2024,PC_Rewetting,DE2,763749.8485383881
2024,PC_Rewetting,DE3,2345.0438484513193
2024,PC_Rewetting,DE4,865626.4699838827
2024,PC_Rewetting,DE5,22036.747632856015
2024,PC_Rewetting,DE6,10737.318611396164
2024,PC_Rewetting,DE7,25392.58044024221
2024,PC_Rewetting,DE8,963706.3217134979
2024,PC_Rewetting,DE9,2250010.1639139648
2024,PC_Rewetting,DEA,154351.4794867692
2024,PC_Rewetting,DEB,18523760.460600045
2024,PC_Rewetting,DEC,2678.9441638903468
2024,PC_Rewetting,DEE,282997.34698757215
2024,PC_Rewetting,DED,103290.31229715176
2024,PC_Rewetting,DEF,541941.7539133773
2024,PC_Rewetting,DEG,3699.157728502941
2025,FM01_PSA,DE1,0.0
2025,FM01_PSA,DE2,0.0
2025,FM01_PSA,DE3,0.0
2025,FM01_PSA,DE4,0.0
2025,FM01_PSA,DE5,0.0
2025,FM01_PSA,DE6,0.0
2025,FM01_PSA,DE7,0.0
2025,FM01_PSA,DE8,0.0
2025,FM01_PSA,DE9,0.0
2025,FM01_PSA,DEA,0.0
2025,FM01_PSA,DEB,0.0
2025,FM01_PSA,DEC,0.0
2025,FM01_PSA,DEE,0.0
2025,FM01_PSA,DED,0.0
2025,FM01_PSA,DEF,0.0
2025,FM01_PSA,DEG,0.0
2025,FM02_TSA,DE1,34869.88384367854
2025,FM02_TSA,DE2,34480.64294126776
2025,FM02_TSA,DE3,12.24375546736075
2025,FM02_TSA,DE4,2196.8176082530576
2025,FM02_TSA,DE5,8.778141817565922
2025,FM02_TSA,DE6,45.1075861290205
2025,FM02_TSA,DE7,31452.213356185744
2025,FM02_TSA,DE8,6664.470409984671
2025,FM02_TSA,DE9,15736.336025249915
2025,FM02_TSA,DEA,19073.579335385984
2025,FM02_TSA,DEB,25026.89066441068
2025,FM02_TSA,DEC,2913.8238934283772
2025,FM02_TSA,DEE,3787.6964694440458
2025,FM02_TSA,DED,2380.5472952090195
2025,FM02_TSA,DEF,4397.481460817823
2025,FM02_TSA,DEG,12035.597768481457
2025,FM03_Beech,DE1,0.0
2025,FM03_Beech,DE2,0.0
2025,FM03_Beech,DE3,0.0
2025,FM03_Beech,DE4,0.0
2025,FM03_Beech,DE5,0.0
2025,FM03_Beech,DE6,0.0
2025,FM03_Beech,DE7,0.0
2025,FM03_Beech,DE8,0.0
2025,FM03_Beech,DE9,0.0
2025,FM03_Beech,DEA,0.0
2025,FM03_Beech,DEB,0.0
2025,FM03_Beech,DEC,0.0
2025,FM03_Beech,DEE,0.0
2025,FM03_Beech,DED,0.0
2025,FM03_Beech,DEF,0.0
2025,FM03_Beech,DEG,0.0
2025,FM04_DouglasFir,DE1,0.0
2025,FM04_DouglasFir,DE2,0.0
2025,FM04_DouglasFir,DE3,0.0
2025,FM04_DouglasFir,DE4,0.0
2025,FM04_DouglasFir,DE5,0.0
2025,FM04_DouglasFir,DE6,0.0
2025,FM04_DouglasFir,DE7,0.0
2025,FM04_DouglasFir,DE8,0.0
2025,FM04_DouglasFir,DE9,0.0
2025,FM04_DouglasFir,DEA,0.0
2025,FM04_DouglasFir,DEB,0.0
2025,FM04_DouglasFir,DEC,0.0
2025,FM04_DouglasFir,DEE,0.0
2025,FM04_DouglasFir,DED,0.0
2025,FM04_DouglasFir,DEF,0.0
2025,FM04_DouglasFir,DEG,0.0
2025,FM05_Oak,DE1,0.0
2025,FM05_Oak,DE2,0.0
2025,FM05_Oak,DE3,0.0
2025,FM05_Oak,DE4,0.0
2025,FM05_Oak,DE5,0.0
2025,FM05_Oak,DE6,0.0
2025,FM05_Oak,DE7,0.0
2025,FM05_Oak,DE8,0.0
2025,FM05_Oak,DE9,0.0
2025,FM05_Oak,DEA,0.0
2025,FM05_Oak,DEB,0.0
2025,FM05_Oak,DEC,0.0
2025,FM05_Oak,DEE,0.0
2025,FM05_Oak,DED,0.0
2025,FM05_Oak,DEF,0.0
2025,FM05_Oak,DEG,0.0
2025,FM06_ScotPine,DE1,0.0
2025,FM06_ScotPine,DE2,0.0
2025,FM06_ScotPine,DE3,0.0
2025,FM06_ScotPine,DE4,0.0
2025,FM06_ScotPine,DE5,0.0
2025,FM06_ScotPine,DE6,0.0
2025,FM06_ScotPine,DE7,0.0
2025,FM06_ScotPine,DE8,0.0
2025,FM06_ScotPine,DE9,0.0
2025,FM06_ScotPine,DEA,0.0
2025,FM06_ScotPine,DEB,0.0
2025,FM06_ScotPine,DEC,0.0
2025,FM06_ScotPine,DEE,0.0
2025,FM06_ScotPine,DED,0.0
2025,FM06_ScotPine,DEF,0.0
2025,FM06_ScotPine,DEG,0.0
2025,PC_Rewetting,DE1,10224119.668640565
2025,PC_Rewetting,DE2,1175633.545308519
2025,PC_Rewetting,DE3,3609.705741657098
2025,PC_Rewetting,DE4,1332451.3487859631
2025,PC_Rewetting,DE5,33920.97529873548
2025,PC_Rewetting,DE6,16527.86179975045
2025,PC_Rewetting,DE7,39086.57975464495
2025,PC_Rewetting,DE8,1483424.8174326492
2025,PC_Rewetting,DE9,3463421.2118595564
2025,PC_Rewetting,DEA,237591.89923233734
2025,PC_Rewetting,DEB,19312091.611839615
2025,PC_Rewetting,DEC,4123.675613298238
2025,PC_Rewetting,DEE,435615.3719553663
2025,PC_Rewetting,DED,158993.88559527966
2025,PC_Rewetting,DEF,834206.2610201318
2025,PC_Rewetting,DEG,5694.081541669511
2026,FM01_PSA,DE1,0.0
2026,FM01_PSA,DE2,0.0
2026,FM01_PSA,DE3,0.0
2026,FM01_PSA,DE4,0.0
2026,FM01_PSA,DE5,0.0
2026,FM01_PSA,DE6,0.0
2026,FM01_PSA,DE7,0.0
2026,FM01_PSA,DE8,0.0
2026,FM01_PSA,DE9,0.0
2026,FM01_PSA,DEA,0.0
2026,FM01_PSA,DEB,0.0
2026,FM01_PSA,DEC,0.0
2026,FM01_PSA,DEE,0.0
2026,FM01_PSA,DED,0.0
2026,FM01_PSA,DEF,0.0
2026,FM01_PSA,DEG,0.0
2026,FM02_TSA,DE1,42783.24463212185
2026,FM02_TSA,DE2,42305.669518212
2026,FM02_TSA,DE3,15.022349593256177
2026,FM02_TSA,DE4,2695.362725249858
2026,FM02_TSA,DE5,10.770250640352083
2026,FM02_TSA,DE6,55.34428794698285
2026,FM02_TSA,DE7,38589.969048128325
2026,FM02_TSA,DE8,8176.9032891574025
2026,FM02_TSA,DE9,19307.535316140464
2026,FM02_TSA,DEA,23402.131603714482
2026,FM02_TSA,DEB,30706.48558730311
2026,FM02_TSA,DEC,3575.086197772574
2026,FM02_TSA,DEE,4647.275149263981
2026,FM02_TSA,DED,2920.7879712431886
2026,FM02_TSA,DEF,5395.444560320684
2026,FM02_TSA,DEG,14766.952649775194
2026,FM03_Beech,DE1,0.0
2026,FM03_Beech,DE2,0.0
2026,FM03_Beech,DE3,0.0
2026,FM03_Beech,DE4,0.0
2026,FM03_Beech,DE5,0.0
2026,FM03_Beech,DE6,0.0
2026,FM03_Beech,DE7,0.0
2026,FM03_Beech,DE8,0.0
2026,FM03_Beech,DE9,0.0
2026,FM03_Beech,DEA,0.0
2026,FM03_Beech,DEB,0.0
2026,FM03_Beech,DEC,0.0
2026,FM03_Beech,DEE,0.0
2026,FM03_Beech,DED,0.0
2026,FM03_Beech,DEF,0.0
2026,FM03_Beech,DEG,0.0
2026,FM04_DouglasFir,DE1,0.0
2026,FM04_DouglasFir,DE2,0.0
2026,FM04_DouglasFir,DE3,0.0
2026,FM04_DouglasFir,DE4,0.0
2026,FM04_DouglasFir,DE5,0.0
2026,FM04_DouglasFir,DE6,0.0
2026,FM04_DouglasFir,DE7,0.0
2026,FM04_DouglasFir,DE8,0.0
2026,FM04_DouglasFir,DE9,0.0
2026,FM04_DouglasFir,DEA,0.0
2026,FM04_DouglasFir,DEB,0.0
2026,FM04_DouglasFir,DEC,0.0
2026,FM04_DouglasFir,DEE,0.0
2026,FM04_DouglasFir,DED,0.0
2026,FM04_DouglasFir,DEF,0.0
2026,FM04_DouglasFir,DEG,0.0
2026,FM05_Oak,DE1,0.0
2026,FM05_Oak,DE2,0.0
2026,FM05_Oak,DE3,0.0
2026,FM05_Oak,DE4,0.0
2026,FM05_Oak,DE5,0.0
2026,FM05_Oak,DE6,0.0
2026,FM05_Oak,DE7,0.0
2026,FM05_Oak,DE8,0.0
2026,FM05_Oak,DE9,0.0
2026,FM05_Oak,DEA,0.0
2026,FM05_Oak,DEB,0.0
2026,FM05_Oak,DEC,0.0
2026,FM05_Oak,DEE,0.0
2026,FM05_Oak,DED,0.0
2026,FM05_Oak,DEF,0.0
2026,FM05_Oak,DEG,0.0
2026,FM06_ScotPine,DE1,0.0
2026,FM06_ScotPine,DE2,0.0
2026,FM06_ScotPine,DE3,0.0
2026,FM06_ScotPine,DE4,0.0
2026,FM06_ScotPine,DE5,0.0
2026,FM06_ScotPine,DE6,0.0
2026,FM06_ScotPine,DE7,0.0
2026,FM06_ScotPine,DE8,0.0
2026,FM06_ScotPine,DE9,0.0
2026,FM06_ScotPine,DEA,0.0
2026,FM06_ScotPine,DEB,0.0
2026,FM06_ScotPine,DEC,0.0
2026,FM06_ScotPine,DEE,0.0
2026,FM06_ScotPine,DED,0.0
2026,FM06_ScotPine,DEF,0.0
2026,FM06_ScotPine,DEG,0.0
2026,PC_Rewetting,DE1,10736069.12925951
2026,PC_Rewetting,DE2,1693384.9877251396
2026,PC_Rewetting,DE3,5199.427608560835
2026,PC_Rewetting,DE4,1919265.6758668225
2026,PC_Rewetting,DE5,48859.84290691514
2026,PC_Rewetting,DE6,23806.766285788806
2026,PC_Rewetting,DE7,56300.390238241605
2026,PC_Rewetting,DE8,2136728.1720428728
2026,PC_Rewetting,DE9,4988719.069591254
2026,PC_Rewetting,DEA,342227.8625603188
2026,PC_Rewetting,DEB,20103396.68624891
2026,PC_Rewetting,DEC,5939.750873623607
2026,PC_Rewetting,DEE,627461.2818213997
2026,PC_Rewetting,DED,229015.12132037652
2026,PC_Rewetting,DEF,1201592.4219881766
2026,PC_Rewetting,DEG,8201.76681758053
2027,FM01_PSA,DE1,0.0
2027,FM01_PSA,DE2,0.0
2027,FM01_PSA,DE3,0.0
2027,FM01_PSA,DE4,0.0
2027,FM01_PSA,DE5,0.0
2027,FM01_PSA,DE6,0.0
2027,FM01_PSA,DE7,0.0
2027,FM01_PSA,DE8,0.0
2027,FM01_PSA,DE9,0.0
2027,FM01_PSA,DEA,0.0
2027,FM01_PSA,DEB,0.0
2027,FM01_PSA,DEC,0.0
2027,FM01_PSA,DEE,0.0
2027,FM01_PSA,DED,0.0
2027,FM01_PSA,DEF,0.0
2027,FM01_PSA,DEG,0.0
2027,FM02_TSA,DE1,51017.22358320881
2027,FM02_TSA,DE2,50447.73530400939
2027,FM02_TSA,DE3,17.91352139217746
2027,FM02_TSA,DE4,3214.10692373425
2027,FM02_TSA,DE5,12.843071854197259
2027,FM02_TSA,DE6,65.99574054102496
2027,FM02_TSA,DE7,46016.91844379942
2027,FM02_TSA,DE8,9750.613982372224
2027,FM02_TSA,DE9,23023.42551468579
2027,FM02_TSA,DEA,27906.059734749164
2027,FM02_TSA,DEB,36616.19529169234
2027,FM02_TSA,DEC,4263.140242151418
2027,FM02_TSA,DEE,5541.680566337448
2027,FM02_TSA,DED,3482.917068337142
2027,FM02_TSA,DEF,6433.841187865896
2027,FM02_TSA,DEG,17608.971256252174
2027,FM03_Beech,DE1,0.0
2027,FM03_Beech,DE2,0.0
2027,FM03_Beech,DE3,0.0
2027,FM03_Beech,DE4,0.0
2027,FM03_Beech,DE5,0.0
2027,FM03_Beech,DE6,0.0
2027,FM03_Beech,DE7,0.0
2027,FM03_Beech,DE8,0.0
2027,FM03_Beech,DE9,0.0
2027,FM03_Beech,DEA,0.0
2027,FM03_Beech,DEB,0.0
2027,FM03_Beech,DEC,0.0
2027,FM03_Beech,DEE,0.0
2027,FM03_Beech,DED,0.0
2027,FM03_Beech,DEF,0.0
2027,FM03_Beech,DEG,0.0
2027,FM04_DouglasFir,DE1,0.0
2027,FM04_DouglasFir,DE2,0.0
2027,FM04_DouglasFir,DE3,0.0
2027,FM04_DouglasFir,DE4,0.0
2027,FM04_DouglasFir,DE5,0.0
2027,FM04_DouglasFir,DE6,0.0
2027,FM04_DouglasFir,DE7,0.0
2027,FM04_DouglasFir,DE8,0.0
2027,FM04_DouglasFir,DE9,0.0
2027,FM04_DouglasFir,DEA,0.0
2027,FM04_DouglasFir,DEB,0.0
2027,FM04_DouglasFir,DEC,0.0
2027,FM04_DouglasFir,DEE,0.0
2027,FM04_DouglasFir,DED,0.0
2027,FM04_DouglasFir,DEF,0.0
2027,FM04_DouglasFir,DEG,0.0
2027,FM05_Oak,DE1,0.0
2027,FM05_Oak,DE2,0.0
2027,FM05_Oak,DE3,0.0
2027,FM05_Oak,DE4,0.0
2027,FM05_Oak,DE5,0.0
2027,FM05_Oak,DE6,0.0
2027,FM05_Oak,DE7,0.0
2027,FM05_Oak,DE8,0.0
2027,FM05_Oak,DE9,0.0
2027,FM05_Oak,DEA,0.0
2027,FM05_Oak,DEB,0.0
2027,FM05_Oak,DEC,0.0
2027,FM05_Oak,DEE,0.0
2027,FM05_Oak,DED,0.0
2027,FM05_Oak,DEF,0.0
2027,FM05_Oak,DEG,0.0
2027,FM06_ScotPine,DE1,0.0
2027,FM06_ScotPine,DE2,0.0
2027,FM06_ScotPine,DE3,0.0
2027,FM06_ScotPine,DE4,0.0
2027,FM06_ScotPine,DE5,0.0
2027,FM06_ScotPine,DE6,0.0
2027,FM06_ScotPine,DE7,0.0
2027,FM06_ScotPine,DE8,0.0
2027,FM06_ScotPine,DE9,0.0
2027,FM06_ScotPine,DEA,0.0
2027,FM06_ScotPine,DEB,0.0
2027,FM06_ScotPine,DEC,0.0
2027,FM06_ScotPine,DEE,0.0
2027,FM06_ScotPine,DED,0.0
2027,FM06_ScotPine,DEF,0.0
2027,FM06_ScotPine,DEG,0.0
2027,PC_Rewetting,DE1,11272388.101823693
2027,PC_Rewetting,DE2,2325748.801684388
2027,PC_Rewetting,DE3,7141.059249792926
2027,PC_Rewetting,DE4,2635980.5231046295
2027,PC_Rewetting,DE5,67105.66227701202
2027,PC_Rewetting,DE6,32696.970011252226
2027,PC_Rewetting,DE7,77324.74663476074
2027,PC_Rewetting,DE8,2934650.431931551
2027,PC_Rewetting,DE9,6851665.440608692
2027,PC_Rewetting,DEA,470026.63128714514
2027,PC_Rewetting,DEB,20897921.328480184
2027,PC_Rewetting,DEC,8157.842768638133
2027,PC_Rewetting,DEE,861775.2813906124
2027,PC_Rewetting,DED,314536.65164115897
2027,PC_Rewetting,DEF,1650305.2500224758
2027,PC_Rewetting,DEG,11264.56741140006
2028,FM01_PSA,DE1,0.0
2028,FM01_PSA,DE2,0.0
2028,FM01_PSA,DE3,0.0
2028,FM01_PSA,DE4,0.0
2028,FM01_PSA,DE5,0.0
2028,FM01_PSA,DE6,0.0
2028,FM01_PSA,DE7,0.0
2028,FM01_PSA,DE8,0.0
2028,FM01_PSA,DE9,0.0
2028,FM01_PSA,DEA,0.0
2028,FM01_PSA,DEB,0.0
2028,FM01_PSA,DEC,0.0
2028,FM01_PSA,DEE,0.0
2028,FM01_PSA,DED,0.0
2028,FM01_PSA,DEF,0.0
2028,FM01_PSA,DEG,0.0
2028,FM02_TSA,DE1,59575.03076382848
2028,FM02_TSA,DE2,58910.014532641166
2028,FM02_TSA,DE3,20.91839800507522
2028,FM02_TSA,DE4,3753.252439294317
2028,FM02_TSA,DE5,14.997413561087743
2028,FM02_TSA,DE6,77.0660964448727
2028,FM02_TSA,DE7,53735.956984696175
2028,FM02_TSA,DE8,11386.21601033635
2028,FM02_TSA,DE9,26885.455283332158
2028,FM02_TSA,DEA,32587.119612328195
2028,FM02_TSA,DEB,42758.32371393267
2028,FM02_TSA,DEC,4978.25426862854
2028,FM02_TSA,DEE,6471.261410068658
2028,FM02_TSA,DED,4067.1537359461654
2028,FM02_TSA,DEF,7513.076168708854
2028,FM02_TSA,DEG,20562.761566191304
2028,FM03_Beech,DE1,0.0
2028,FM03_Beech,DE2,0.0
2028,FM03_Beech,DE3,0.0
2028,FM03_Beech,DE4,0.0
2028,FM03_Beech,DE5,0.0
2028,FM03_Beech,DE6,0.0
2028,FM03_Beech,DE7,0.0
2028,FM03_Beech,DE8,0.0
2028,FM03_Beech,DE9,0.0
2028,FM03_Beech,DEA,0.0
2028,FM03_Beech,DEB,0.0
2028,FM03_Beech,DEC,0.0
2028,FM03_Beech,DEE,0.0
2028,FM03_Beech,DED,0.0
2028,FM03_Beech,DEF,0.0
2028,FM03_Beech,DEG,0.0
2028,FM04_DouglasFir,DE1,0.0
2028,FM04_DouglasFir,DE2,0.0
2028,FM04_DouglasFir,DE3,0.0
2028,FM04_DouglasFir,DE4,0.0
2028,FM04_DouglasFir,DE5,0.0
2028,FM04_DouglasFir,DE6,0.0
2028,FM04_DouglasFir,DE7,0.0
2028,FM04_DouglasFir,DE8,0.0
2028,FM04_DouglasFir,DE9,0.0
2028,FM04_DouglasFir,DEA,0.0
2028,FM04_DouglasFir,DEB,0.0
2028,FM04_DouglasFir,DEC,0.0
2028,FM04_DouglasFir,DEE,0.0
2028,FM04_DouglasFir,DED,0.0
2028,FM04_DouglasFir,DEF,0.0
2028,FM04_DouglasFir,DEG,0.0
2028,FM05_Oak,DE1,0.0
2028,FM05_Oak,DE2,0.0
2028,FM05_Oak,DE3,0.0
2028,FM05_Oak,DE4,0.0
2028,FM05_Oak,DE5,0.0
2028,FM05_Oak,DE6,0.0
2028,FM05_Oak,DE7,0.0
2028,FM05_Oak,DE8,0.0
2028,FM05_Oak,DE9,0.0
2028,FM05_Oak,DEA,0.0
2028,FM05_Oak,DEB,0.0
2028,FM05_Oak,DEC,0.0
2028,FM05_Oak,DEE,0.0
2028,FM05_Oak,DED,0.0
2028,FM05_Oak,DEF,0.0
2028,FM05_Oak,DEG,0.0
2028,FM06_ScotPine,DE1,0.0
2028,FM06_ScotPine,DE2,0.0
2028,FM06_ScotPine,DE3,0.0
2028,FM06_ScotPine,DE4,0.0
2028,FM06_ScotPine,DE5,0.0
2028,FM06_ScotPine,DE6,0.0
2028,FM06_ScotPine,DE7,0.0
2028,FM06_ScotPine,DE8,0.0
2028,FM06_ScotPine,DE9,0.0
2028,FM06_ScotPine,DEA,0.0
2028,FM06_ScotPine,DEB,0.0
2028,FM06_ScotPine,DEC,0.0
2028,FM06_ScotPine,DEE,0.0
2028,FM06_ScotPine,DED,0.0
2028,FM06_ScotPine,DEF,0.0
2028,FM06_ScotPine,DEG,0.0
2028,PC_Rewetting,DE1,11834935.916720964
2028,PC_Rewetting,DE2,3081469.6130824033
2028,PC_Rewetting,DE3,9461.45046598376
2028,PC_Rewetting,DE4,3492506.962377552
2028,PC_Rewetting,DE5,88910.7452286431
2028,PC_Rewetting,DE6,43321.41091788171
2028,PC_Rewetting,DE7,102450.3836879309
2028,PC_Rewetting,DE8,3888225.6434860653
2028,PC_Rewetting,DE9,9078022.028411508
2028,PC_Rewetting,DEA,622755.4672292479
2028,PC_Rewetting,DEB,21695911.183185674
2028,PC_Rewetting,DEC,10808.624122113493
2028,PC_Rewetting,DEE,1141797.5754679437
2028,PC_Rewetting,DED,416741.1087263436
2028,PC_Rewetting,DEF,2186549.758327993
2028,PC_Rewetting,DEG,14924.83717829216
2029,FM01_PSA,DE1,0.0
2029,FM01_PSA,DE2,0.0
2029,FM01_PSA,DE3,0.0
2029,FM01_PSA,DE4,0.0
2029,FM01_PSA,DE5,0.0
2029,FM01_PSA,DE6,0.0
2029,FM01_PSA,DE7,0.0
2029,FM01_PSA,DE8,0.0
2029,FM01_PSA,DE9,0.0
2029,FM01_PSA,DEA,0.0
2029,FM01_PSA,DEB,0.0
2029,FM01_PSA,DEC,0.0
2029,FM01_PSA,DEE,0.0
2029,FM01_PSA,DED,0.0
2029,FM01_PSA,DEF,0.0
2029,FM01_PSA,DEG,0.0
2029,FM02_TSA,DE1,68459.87624086988
2029,FM02_TSA,DE2,67695.68143808859
2029,FM02_TSA,DE3,24.03810657290007
2029,FM02_TSA,DE4,4313.001507518143
2029,FM02_TSA,DE5,17.234083863009833
2029,FM02_TSA,DE6,88.5595081922519
2029,FM02_TSA,DE7,61749.98011231577
2029,FM02_TSA,DE8,13084.322893756986
2029,FM02_TSA,DE9,30895.07328452582
2029,FM02_TSA,DEA,37447.06712028976
2029,FM02_TSA,DEB,49135.1747903784
2029,FM02_TSA,DEC,5720.696519267572
2029,FM02_TSA,DEE,7436.366369861822
2029,FM02_TSA,DED,4673.717123525542
2029,FM02_TSA,DEF,8633.554328104954
2029,FM02_TSA,DEG,23629.431557871474
2029,FM03_Beech,DE1,0.0
2029,FM03_Beech,DE2,0.0
2029,FM03_Beech,DE3,0.0
2029,FM03_Beech,DE4,0.0
2029,FM03_Beech,DE5,0.0
2029,FM03_Beech,DE6,0.0
2029,FM03_Beech,DE7,0.0
2029,FM03_Beech,DE8,0.0
2029,FM03_Beech,DE9,0.0
2029,FM03_Beech,DEA,0.0
2029,FM03_Beech,DEB,0.0
2029,FM03_Beech,DEC,0.0
2029,FM03_Beech,DEE,0.0
2029,FM03_Beech,DED,0.0
2029,FM03_Beech,DEF,0.0
2029,FM03_Beech,DEG,0.0
2029,FM04_DouglasFir,DE1,0.0
2029,FM04_DouglasFir,DE2,0.0
2029,FM04_DouglasFir,DE3,0.0
2029,FM04_DouglasFir,DE4,0.0
2029,FM04_DouglasFir,DE5,0.0
2029,FM04_DouglasFir,DE6,0.0
2029,FM04_DouglasFir,DE7,0.0
2029,FM04_DouglasFir,DE8,0.0
2029,FM04_DouglasFir,DE9,0.0
2029,FM04_DouglasFir,DEA,0.0
2029,FM04_DouglasFir,DEB,0.0
2029,FM04_DouglasFir,DEC,0.0
2029,FM04_DouglasFir,DEE,0.0
2029,FM04_DouglasFir,DED,0.0
2029,FM04_DouglasFir,DEF,0.0
2029,FM04_DouglasFir,DEG,0.0
2029,FM05_Oak,DE1,0.0
2029,FM05_Oak,DE2,0.0
2029,FM05_Oak,DE3,0.0
2029,FM05_Oak,DE4,0.0
2029,FM05_Oak,DE5,0.0
2029,FM05_Oak,DE6,0.0
2029,FM05_Oak,DE7,0.0
2029,FM05_Oak,DE8,0.0
2029,FM05_Oak,DE9,0.0
2029,FM05_Oak,DEA,0.0
2029,FM05_Oak,DEB,0.0
2029,FM05_Oak,DEC,0.0
2029,FM05_Oak,DEE,0.0
2029,FM05_Oak,DED,0.0
2029,FM05_Oak,DEF,0.0
2029,FM05_Oak,DEG,0.0
2029,FM06_ScotPine,DE1,0.0
2029,FM06_ScotPine,DE2,0.0
2029,FM06_ScotPine,DE3,0.0
2029,FM06_ScotPine,DE4,0.0
2029,FM06_ScotPine,DE5,0.0
2029,FM06_ScotPine,DE6,0.0
2029,FM06_ScotPine,DE7,0.0
2029,FM06_ScotPine,DE8,0.0
2029,FM06_ScotPine,DE9,0.0
2029,FM06_ScotPine,DEA,0.0
2029,FM06_ScotPine,DEB,0.0
2029,FM06_ScotPine,DEC,0.0
2029,FM06_ScotPine,DEE,0.0
2029,FM06_ScotPine,DED,0.0
2029,FM06_ScotPine,DEF,0.0
2029,FM06_ScotPine,DEG,0.0
2029,PC_Rewetting,DE1,12425571.90433916
2029,PC_Rewetting,DE2,3969292.0478153224
2029,PC_Rewetting,DE3,12187.451057763725
2029,PC_Rewetting,DE4,4498756.065563757
2029,PC_Rewetting,DE5,114527.40358142542
2029,PC_Rewetting,DE6,55803.02694741822
2029,PC_Rewetting,DE7,131968.03614148055
2029,PC_Rewetting,DE8,5008487.8530937955
2029,PC_Rewetting,DE9,11693550.53649933
2029,PC_Rewetting,DEA,802181.6322030585
2029,PC_Rewetting,DEB,22497611.89501762
2029,PC_Rewetting,DEC,13922.767757821362
2029,PC_Rewetting,DEE,1470768.3688583325
2029,PC_Rewetting,DED,536811.1247446467
2029,PC_Rewetting,DEF,2816530.96010969
2029,PC_Rewetting,DEG,19224.92997342088
2030,FM01_PSA,DE1,0.0
2030,FM01_PSA,DE2,0.0
2030,FM01_PSA,DE3,0.0
2030,FM01_PSA,DE4,0.0
2030,FM01_PSA,DE5,0.0
2030,FM01_PSA,DE6,0.0
2030,FM01_PSA,DE7,0.0
2030,FM01_PSA,DE8,0.0
2030,FM01_PSA,DE9,0.0
2030,FM01_PSA,DEA,0.0
2030,FM01_PSA,DEB,0.0
2030,FM01_PSA,DEC,0.0
2030,FM01_PSA,DEE,0.0
2030,FM01_PSA,DED,0.0
2030,FM01_PSA,DEF,0.0
2030,FM01_PSA,DEG,0.0
2030,FM02_TSA,DE1,77674.9700812221
2030,FM02_TSA,DE2,76807.91025433294
2030,FM02_TSA,DE3,27.27377423660262
2030,FM02_TSA,DE4,4893.556363993812
2030,FM02_TSA,DE5,19.55389086194982
2030,FM02_TSA,DE6,100.48012831688845
2030,FM02_TSA,DE7,70061.88326815533
2030,FM02_TSA,DE8,14845.548153341348
2030,FM02_TSA,DE9,35053.728180713035
2030,FM02_TSA,DEA,42487.65814247203
2030,FM02_TSA,DEB,55749.052457383834
2030,FM02_TSA,DEC,6490.7352361321455
2030,FM02_TSA,DEE,8437.34413512115
2030,FM02_TSA,DED,5302.826380530556
2030,FM02_TSA,DEF,9795.680491309586
2030,FM02_TSA,DEG,26810.089209571586
2030,FM03_Beech,DE1,0.0
2030,FM03_Beech,DE2,0.0
2030,FM03_Beech,DE3,0.0
2030,FM03_Beech,DE4,0.0
2030,FM03_Beech,DE5,0.0
2030,FM03_Beech,DE6,0.0
2030,FM03_Beech,DE7,0.0
2030,FM03_Beech,DE8,0.0
2030,FM03_Beech,DE9,0.0
2030,FM03_Beech,DEA,0.0
2030,FM03_Beech,DEB,0.0
2030,FM03_Beech,DEC,0.0
2030,FM03_Beech,DEE,0.0
2030,FM03_Beech,DED,0.0
2030,FM03_Beech,DEF,0.0
2030,FM03_Beech,DEG,0.0
2030,FM04_DouglasFir,DE1,0.0
2030,FM04_DouglasFir,DE2,0.0
2030,FM04_DouglasFir,DE3,0.0
2030,FM04_DouglasFir,DE4,0.0
2030,FM04_DouglasFir,DE5,0.0
2030,FM04_DouglasFir,DE6,0.0
2030,FM04_DouglasFir,DE7,0.0
2030,FM04_DouglasFir,DE8,0.0
2030,FM04_DouglasFir,DE9,0.0
2030,FM04_DouglasFir,DEA,0.0
2030,FM04_DouglasFir,DEB,0.0
2030,FM04_DouglasFir,DEC,0.0
2030,FM04_DouglasFir,DEE,0.0
2030,FM04_DouglasFir,DED,0.0
2030,FM04_DouglasFir,DEF,0.0
2030,FM04_DouglasFir,DEG,0.0
2030,FM05_Oak,DE1,0.0
2030,FM05_Oak,DE2,0.0
2030,FM05_Oak,DE3,0.0
2030,FM05_Oak,DE4,0.0
2030,FM05_Oak,DE5,0.0
2030,FM05_Oak,DE6,0.0
2030,FM05_Oak,DE7,0.0
2030,FM05_Oak,DE8,0.0
2030,FM05_Oak,DE9,0.0
2030,FM05_Oak,DEA,0.0
2030,FM05_Oak,DEB,0.0
2030,FM05_Oak,DEC,0.0
2030,FM05_Oak,DEE,0.0
2030,FM05_Oak,DED,0.0
2030,FM05_Oak,DEF,0.0
2030,FM05_Oak,DEG,0.0
2030,FM06_ScotPine,DE1,0.0
2030,FM06_ScotPine,DE2,0.0
2030,FM06_ScotPine,DE3,0.0
2030,FM06_ScotPine,DE4,0.0
2030,FM06_ScotPine,DE5,0.0
2030,FM06_ScotPine,DE6,0.0
2030,FM06_ScotPine,DE7,0.0
2030,FM06_ScotPine,DE8,0.0
2030,FM06_ScotPine,DE9,0.0
2030,FM06_ScotPine,DEA,0.0
2030,FM06_ScotPine,DEB,0.0
2030,FM06_ScotPine,DEC,0.0
2030,FM06_ScotPine,DEE,0.0
2030,FM06_ScotPine,DED,0.0
2030,FM06_ScotPine,DEF,0.0
2030,FM06_ScotPine,DEG,0.0
2030,PC_Rewetting,DE1,13046155.395066142
2030,PC_Rewetting,DE2,4997960.731779285
2030,PC_Rewetting,DE3,15345.910825763218
2030,PC_Rewetting,DE4,5664638.904541413
2030,PC_Rewetting,DE5,144207.94915497597
2030,PC_Rewetting,DE6,70264.75604160277
2030,PC_Rewetting,DE7,166168.43873913834
2030,PC_Rewetting,DE8,6306471.107142124
2030,PC_Rewetting,DE9,14724012.668371797
2030,PC_Rewetting,DEA,1010072.3880250086
2030,PC_Rewetting,DEB,23303269.108628277
2030,PC_Rewetting,DEC,17530.946499533427
2030,PC_Rewetting,DEE,1851927.8663667196
2030,PC_Rewetting,DED,675929.331864785
2030,PC_Rewetting,DEF,3546453.868572532
2030,PC_Rewetting,DEG,24207.199651950294
2031,FM01_PSA,DE1,0.0
2031,FM01_PSA,DE2,0.0
2031,FM01_PSA,DE3,0.0
2031,FM01_PSA,DE4,0.0
2031,FM01_PSA,DE5,0.0
2031,FM01_PSA,DE6,0.0
2031,FM01_PSA,DE7,0.0
2031,FM01_PSA,DE8,0.0
2031,FM01_PSA,DE9,0.0
2031,FM01_PSA,DEA,0.0
2031,FM01_PSA,DEB,0.0
2031,FM01_PSA,DEC,0.0
2031,FM01_PSA,DEE,0.0
2031,FM01_PSA,DED,0.0
2031,FM01_PSA,DEF,0.0
2031,FM01_PSA,DEG,0.0
2031,FM02_TSA,DE1,87223.52235177415
2031,FM02_TSA,DE2,86249.87521535544
2031,FM02_TSA,DE3,30.626528137133494
2031,FM02_TSA,DE4,5495.119244309406
2031,FM02_TSA,DE5,21.957642659894006
2031,FM02_TSA,DE6,112.83210935250821
2031,FM02_TSA,DE7,78674.56189371205
2031,FM02_TSA,DE8,16670.505309796645
2031,FM02_TSA,DE9,39362.86863434005
2031,FM02_TSA,DEA,47710.648562713184
2031,FM02_TSA,DEB,62602.260651303266
2031,FM02_TSA,DEC,7288.6386612858905
2031,FM02_TSA,DEE,9474.543395250848
2031,FM02_TSA,DED,5954.700656416491
2031,FM02_TSA,DEF,10999.859483578148
2031,FM02_TSA,DEG,30105.84249957054
2031,FM03_Beech,DE1,0.0
2031,FM03_Beech,DE2,0.0
2031,FM03_Beech,DE3,0.0
2031,FM03_Beech,DE4,0.0
2031,FM03_Beech,DE5,0.0
2031,FM03_Beech,DE6,0.0
2031,FM03_Beech,DE7,0.0
2031,FM03_Beech,DE8,0.0
2031,FM03_Beech,DE9,0.0
2031,FM03_Beech,DEA,0.0
2031,FM03_Beech,DEB,0.0
2031,FM03_Beech,DEC,0.0
2031,FM03_Beech,DEE,0.0
2031,FM03_Beech,DED,0.0
2031,FM03_Beech,DEF,0.0
2031,FM03_Beech,DEG,0.0
2031,FM04_DouglasFir,DE1,0.0
2031,FM04_DouglasFir,DE2,0.0
2031,FM04_DouglasFir,DE3,0.0
2031,FM04_DouglasFir,DE4,0.0
2031,FM04_DouglasFir,DE5,0.0
2031,FM04_DouglasFir,DE6,0.0
2031,FM04_DouglasFir,DE7,0.0
2031,FM04_DouglasFir,DE8,0.0
2031,FM04_DouglasFir,DE9,0.0
2031,FM04_DouglasFir,DEA,0.0
2031,FM04_DouglasFir,DEB,0.0
2031,FM04_DouglasFir,DEC,0.0
2031,FM04_DouglasFir,DEE,0.0
2031,FM04_DouglasFir,DED,0.0
2031,FM04_DouglasFir,DEF,0.0
2031,FM04_DouglasFir,DEG,0.0
2031,FM05_Oak,DE1,0.0
2031,FM05_Oak,DE2,0.0
2031,FM05_Oak,DE3,0.0
2031,FM05_Oak,DE4,0.0
2031,FM05_Oak,DE5,0.0
2031,FM05_Oak,DE6,0.0
2031,FM05_Oak,DE7,0.0
2031,FM05_Oak,DE8,0.0
2031,FM05_Oak,DE9,0.0
2031,FM05_Oak,DEA,0.0
2031,FM05_Oak,DEB,0.0
2031,FM05_Oak,DEC,0.0
2031,FM05_Oak,DEE,0.0
2031,FM05_Oak,DED,0.0
2031,FM05_Oak,DEF,0.0
2031,FM05_Oak,DEG,0.0
2031,FM06_ScotPine,DE1,0.0
2031,FM06_ScotPine,DE2,0.0
2031,FM06_ScotPine,DE3,0.0
2031,FM06_ScotPine,DE4,0.0
2031,FM06_ScotPine,DE5,0.0
2031,FM06_ScotPine,DE6,0.0
2031,FM06_ScotPine,DE7,0.0
2031,FM06_ScotPine,DE8,0.0
2031,FM06_ScotPine,DE9,0.0
2031,FM06_ScotPine,DEA,0.0
2031,FM06_ScotPine,DEB,0.0
2031,FM06_ScotPine,DEC,0.0
2031,FM06_ScotPine,DEE,0.0
2031,FM06_ScotPine,DED,0.0
2031,FM06_ScotPine,DEF,0.0
2031,FM06_ScotPine,DEG,0.0
2031,PC_Rewetting,DE1,13698545.719289752
2031,PC_Rewetting,DE2,6176220.290870427
2031,PC_Rewetting,DE3,18963.67957061262
2031,PC_Rewetting,DE4,7000066.551188687
2031,PC_Rewetting,DE5,178204.69376891176
2031,PC_Rewetting,DE6,86829.53614217635
2031,PC_Rewetting,DE7,205342.32622463265
2031,PC_Rewetting,DE8,7793209.45201843
2031,PC_Rewetting,DE9,18195170.127528537
2031,PC_Rewetting,DEA,1248194.9965115297
2031,PC_Rewetting,DEB,24113128.468669876
2031,PC_Rewetting,DEC,21663.83317102136
2031,PC_Rewetting,DEE,2288516.272798043
2031,PC_Rewetting,DED,835278.3622554751
2031,PC_Rewetting,DEF,4382523.496921482
2031,PC_Rewetting,DEG,29914.000069044447
2032,FM01_PSA,DE1,0.0
2032,FM01_PSA,DE2,0.0
2032,FM01_PSA,DE3,0.0
2032,FM01_PSA,DE4,0.0
2032,FM01_PSA,DE5,0.0
2032,FM01_PSA,DE6,0.0
2032,FM01_PSA,DE7,0.0
2032,FM01_PSA,DE8,0.0
2032,FM01_PSA,DE9,0.0
2032,FM01_PSA,DEA,0.0
2032,FM01_PSA,DEB,0.0
2032,FM01_PSA,DEC,0.0
2032,FM01_PSA,DEE,0.0
2032,FM01_PSA,DED,0.0
2032,FM01_PSA,DEF,0.0
2032,FM01_PSA,DEG,0.0
2032,FM02_TSA,DE1,97108.74311941513
2032,FM02_TSA,DE2,96024.75055513735
2032,FM02_TSA,DE3,34.097495415443305
2032,FM02_TSA,DE4,6117.892384053011
2032,FM02_TSA,DE5,24.44614735882868
2032,FM02_TSA,DE6,125.61960383283706
2032,FM02_TSA,DE7,87590.91143048306
2032,FM02_TSA,DE8,18559.807883830093
2032,FM02_TSA,DE9,43823.94330785313
2032,FM02_TSA,DEA,53117.79426485139
2032,FM02_TSA,DEB,69697.10330849102
2032,FM02_TSA,DEC,8114.675036792442
2032,FM02_TSA,DEE,10548.312839655135
2032,FM02_TSA,DED,6629.559100638635
2032,FM02_TSA,DEF,12246.496130166033
2032,FM02_TSA,DEG,33517.799406147235
2032,FM03_Beech,DE1,0.0
2032,FM03_Beech,DE2,0.0
2032,FM03_Beech,DE3,0.0
2032,FM03_Beech,DE4,0.0
2032,FM03_Beech,DE5,0.0
2032,FM03_Beech,DE6,0.0
2032,FM03_Beech,DE7,0.0
2032,FM03_Beech,DE8,0.0
2032,FM03_Beech,DE9,0.0
2032,FM03_Beech,DEA,0.0
2032,FM03_Beech,DEB,0.0
2032,FM03_Beech,DEC,0.0
2032,FM03_Beech,DEE,0.0
2032,FM03_Beech,DED,0.0
2032,FM03_Beech,DEF,0.0
2032,FM03_Beech,DEG,0.0
2032,FM04_DouglasFir,DE1,0.0
2032,FM04_DouglasFir,DE2,0.0
2032,FM04_DouglasFir,DE3,0.0
2032,FM04_DouglasFir,DE4,0.0
2032,FM04_DouglasFir,DE5,0.0
2032,FM04_DouglasFir,DE6,0.0
2032,FM04_DouglasFir,DE7,0.0
2032,FM04_DouglasFir,DE8,0.0
2032,FM04_DouglasFir,DE9,0.0
2032,FM04_DouglasFir,DEA,0.0
2032,FM04_DouglasFir,DEB,0.0
2032,FM04_DouglasFir,DEC,0.0
2032,FM04_DouglasFir,DEE,0.0
2032,FM04_DouglasFir,DED,0.0
2032,FM04_DouglasFir,DEF,0.0
2032,FM04_DouglasFir,DEG,0.0
2032,FM05_Oak,DE1,0.0
2032,FM05_Oak,DE2,0.0
2032,FM05_Oak,DE3,0.0
2032,FM05_Oak,DE4,0.0
2032,FM05_Oak,DE5,0.0
2032,FM05_Oak,DE6,0.0
2032,FM05_Oak,DE7,0.0
2032,FM05_Oak,DE8,0.0
2032,FM05_Oak,DE9,0.0
2032,FM05_Oak,DEA,0.0
2032,FM05_Oak,DEB,0.0
2032,FM05_Oak,DEC,0.0
2032,FM05_Oak,DEE,0.0
2032,FM05_Oak,DED,0.0
2032,FM05_Oak,DEF,0.0
2032,FM05_Oak,DEG,0.0
2032,FM06_ScotPine,DE1,0.0
2032,FM06_ScotPine,DE2,0.0
2032,FM06_ScotPine,DE3,0.0
2032,FM06_ScotPine,DE4,0.0
2032,FM06_ScotPine,DE5,0.0
2032,FM06_ScotPine,DE6,0.0
2032,FM06_ScotPine,DE7,0.0
2032,FM06_ScotPine,DE8,0.0
2032,FM06_ScotPine,DE9,0.0
2032,FM06_ScotPine,DEA,0.0
2032,FM06_ScotPine,DEB,0.0
2032,FM06_ScotPine,DEC,0.0
2032,FM06_ScotPine,DEE,0.0
2032,FM06_ScotPine,DED,0.0
2032,FM06_ScotPine,DEF,0.0
2032,FM06_ScotPine,DEG,0.0
2032,PC_Rewetting,DE1,14384602.207397835
2032,PC_Rewetting,DE2,7512815.350984888
2032,PC_Rewetting,DE3,23067.607092942333
2032,PC_Rewetting,DE4,8514950.077383747
2032,PC_Rewetting,DE5,216769.94924284978
2032,PC_Rewetting,DE6,105620.30519087991
2032,PC_Rewetting,DE7,249780.4333416921
2032,PC_Rewetting,DE8,9479736.934110096
2032,PC_Rewetting,DE9,22132784.617469188
2032,PC_Rewetting,DEA,1518316.7194790528
2032,PC_Rewetting,DEB,24927435.619794667
2032,PC_Rewetting,DEC,26352.100596056836
2032,PC_Rewetting,DEE,2783773.792957244
2032,PC_Rewetting,DED,1016040.8480854332
2032,PC_Rewetting,DEF,5330944.858361501
2032,PC_Rewetting,DEG,36387.6850798674
2033,FM01_PSA,DE1,0.0
2033,FM01_PSA,DE2,0.0
2033,FM01_PSA,DE3,0.0
2033,FM01_PSA,DE4,0.0
2033,FM01_PSA,DE5,0.0
2033,FM01_PSA,DE6,0.0
2033,FM01_PSA,DE7,0.0
2033,FM01_PSA,DE8,0.0
2033,FM01_PSA,DE9,0.0
2033,FM01_PSA,DEA,0.0
2033,FM01_PSA,DEB,0.0
2033,FM01_PSA,DEC,0.0
2033,FM01_PSA,DEE,0.0
2033,FM01_PSA,DED,0.0
2033,FM01_PSA,DEF,0.0
2033,FM01_PSA,DEG,0.0
2033,FM02_TSA,DE1,107333.84245103404
2033,FM02_TSA,DE2,106135.71050765991
2033,FM02_TSA,DE3,37.687803212482656
2033,FM02_TSA,DE4,6762.078018812708
2033,FM02_TSA,DE5,27.02021306074013
2033,FM02_TSA,DE6,138.8467642916008
2033,FM02_TSA,DE7,96813.82731996551
2033,FM02_TSA,DE8,20514.0693961489
2033,FM02_TSA,DE9,48438.40086369851
2033,FM02_TSA,DEA,58710.851132724834
2033,FM02_TSA,DEB,77035.88436530136
2033,FM02_TSA,DEC,8969.112604715428
2033,FM02_TSA,DEE,11659.001157738214
2033,FM02_TSA,DED,7327.6208626522675
2033,FM02_TSA,DEF,13535.995256328633
2033,FM02_TSA,DEG,37047.06790758057
2033,FM03_Beech,DE1,0.0
2033,FM03_Beech,DE2,0.0
2033,FM03_Beech,DE3,0.0
2033,FM03_Beech,DE4,0.0
2033,FM03_Beech,DE5,0.0
2033,FM03_Beech,DE6,0.0
2033,FM03_Beech,DE7,0.0
2033,FM03_Beech,DE8,0.0
2033,FM03_Beech,DE9,0.0
2033,FM03_Beech,DEA,0.0
2033,FM03_Beech,DEB,0.0
2033,FM03_Beech,DEC,0.0
2033,FM03_Beech,DEE,0.0
2033,FM03_Beech,DED,0.0
2033,FM03_Beech,DEF,0.0
2033,FM03_Beech,DEG,0.0
2033,FM04_DouglasFir,DE1,0.0
2033,FM04_DouglasFir,DE2,0.0
2033,FM04_DouglasFir,DE3,0.0
2033,FM04_DouglasFir,DE4,0.0
2033,FM04_DouglasFir,DE5,0.0
2033,FM04_DouglasFir,DE6,0.0
2033,FM04_DouglasFir,DE7,0.0
2033,FM04_DouglasFir,DE8,0.0
2033,FM04_DouglasFir,DE9,0.0
2033,FM04_DouglasFir,DEA,0.0
2033,FM04_DouglasFir,DEB,0.0
2033,FM04_DouglasFir,DEC,0.0
2033,FM04_DouglasFir,DEE,0.0
2033,FM04_DouglasFir,DED,0.0
2033,FM04_DouglasFir,DEF,0.0
2033,FM04_DouglasFir,DEG,0.0
2033,FM05_Oak,DE1,0.0
2033,FM05_Oak,DE2,0.0
2033,FM05_Oak,DE3,0.0
2033,FM05_Oak,DE4,0.0
2033,FM05_Oak,DE5,0.0
2033,FM05_Oak,DE6,0.0
2033,FM05_Oak,DE7,0.0
2033,FM05_Oak,DE8,0.0
2033,FM05_Oak,DE9,0.0
2033,FM05_Oak,DEA,0.0
2033,FM05_Oak,DEB,0.0
2033,FM05_Oak,DEC,0.0
2033,FM05_Oak,DEE,0.0
2033,FM05_Oak,DED,0.0
2033,FM05_Oak,DEF,0.0
2033,FM05_Oak,DEG,0.0
2033,FM06_ScotPine,DE1,0.0
2033,FM06_ScotPine,DE2,0.0
2033,FM06_ScotPine,DE3,0.0
2033,FM06_ScotPine,DE4,0.0
2033,FM06_ScotPine,DE5,0.0
2033,FM06_ScotPine,DE6,0.0
2033,FM06_ScotPine,DE7,0.0
2033,FM06_ScotPine,DE8,0.0
2033,FM06_ScotPine,DE9,0.0
2033,FM06_ScotPine,DEA,0.0
2033,FM06_ScotPine,DEB,0.0
2033,FM06_ScotPine,DEC,0.0
2033,FM06_ScotPine,DEE,0.0
2033,FM06_ScotPine,DED,0.0
2033,FM06_ScotPine,DEF,0.0
2033,FM06_ScotPine,DEG,0.0
2033,PC_Rewetting,DE1,15106184.189778248
2033,PC_Rewetting,DE2,9016490.538018808
2033,PC_Rewetting,DE3,27684.543193382746
2033,PC_Rewetting,DE4,10219200.555004764
2033,PC_Rewetting,DE5,260156.02739640707
2033,PC_Rewetting,DE6,126760.00112945451
2033,PC_Rewetting,DE7,299773.4948340453
2033,PC_Rewetting,DE8,11377087.599804508
2033,PC_Rewetting,DE9,26562617.841693386
2033,PC_Rewetting,DEA,1822204.8187440103
2033,PC_Rewetting,DEB,25746436.2066549
2033,PC_Rewetting,DEC,31626.421598411536
2033,PC_Rewetting,DEE,3340940.6316492613
2033,PC_Rewetting,DED,1219399.4215233764
2033,PC_Rewetting,DEF,6397922.966097557
2033,PC_Rewetting,DEG,43670.60853958322
2034,FM01_PSA,DE1,0.0
2034,FM01_PSA,DE2,0.0
2034,FM01_PSA,DE3,0.0
2034,FM01_PSA,DE4,0.0
2034,FM01_PSA,DE5,0.0
2034,FM01_PSA,DE6,0.0
2034,FM01_PSA,DE7,0.0
2034,FM01_PSA,DE8,0.0
2034,FM01_PSA,DE9,0.0
2034,FM01_PSA,DEA,0.0
2034,FM01_PSA,DEB,0.0
2034,FM01_PSA,DEC,0.0
2034,FM01_PSA,DEE,0.0
2034,FM01_PSA,DED,0.0
2034,FM01_PSA,DEF,0.0
2034,FM01_PSA,DEG,0.0
2034,FM02_TSA,DE1,117902.03041351993
2034,FM02_TSA,DE2,116585.92930690438
2034,FM02_TSA,DE3,41.39857866920218
2034,FM02_TSA,DE4,7427.878384176583
2034,FM02_TSA,DE5,29.680647867614663
2034,FM02_TSA,DE6,152.51774326252536
2034,FM02_TSA,DE7,106346.20500365655
2034,FM02_TSA,DE8,22533.903367460276
2034,FM02_TSA,DE9,53207.68996432247
2034,FM02_TSA,DEA,64491.57505017168
2034,FM02_TSA,DEB,84620.90775808861
2034,FM02_TSA,DEC,9852.21960711848
2034,FM02_TSA,DEE,12806.957038904295
2034,FM02_TSA,DED,8049.105091912675
2034,FM02_TSA,DEF,14868.761687321345
2034,FM02_TSA,DEG,40694.75598214944
2034,FM03_Beech,DE1,0.0
2034,FM03_Beech,DE2,0.0
2034,FM03_Beech,DE3,0.0
2034,FM03_Beech,DE4,0.0
2034,FM03_Beech,DE5,0.0
2034,FM03_Beech,DE6,0.0
2034,FM03_Beech,DE7,0.0
2034,FM03_Beech,DE8,0.0
2034,FM03_Beech,DE9,0.0
2034,FM03_Beech,DEA,0.0
2034,FM03_Beech,DEB,0.0
2034,FM03_Beech,DEC,0.0
2034,FM03_Beech,DEE,0.0
2034,FM03_Beech,DED,0.0
2034,FM03_Beech,DEF,0.0
2034,FM03_Beech,DEG,0.0
2034,FM04_DouglasFir,DE1,0.0
2034,FM04_DouglasFir,DE2,0.0
2034,FM04_DouglasFir,DE3,0.0
2034,FM04_DouglasFir,DE4,0.0
2034,FM04_DouglasFir,DE5,0.0
2034,FM04_DouglasFir,DE6,0.0
2034,FM04_DouglasFir,DE7,0.0
2034,FM04_DouglasFir,DE8,0.0
2034,FM04_DouglasFir,DE9,0.0
2034,FM04_DouglasFir,DEA,0.0
2034,FM04_DouglasFir,DEB,0.0
2034,FM04_DouglasFir,DEC,0.0
2034,FM04_DouglasFir,DEE,0.0
2034,FM04_DouglasFir,DED,0.0
2034,FM04_DouglasFir,DEF,0.0
2034,FM04_DouglasFir,DEG,0.0
2034,FM05_Oak,DE1,0.0
2034,FM05_Oak,DE2,0.0
2034,FM05_Oak,DE3,0.0
2034,FM05_Oak,DE4,0.0
2034,FM05_Oak,DE5,0.0
2034,FM05_Oak,DE6,0.0
2034,FM05_Oak,DE7,0.0
2034,FM05_Oak,DE8,0.0
2034,FM05_Oak,DE9,0.0
2034,FM05_Oak,DEA,0.0
2034,FM05_Oak,DEB,0.0
2034,FM05_Oak,DEC,0.0
2034,FM05_Oak,DEE,0.0
2034,FM05_Oak,DED,0.0
2034,FM05_Oak,DEF,0.0
2034,FM05_Oak,DEG,0.0
2034,FM06_ScotPine,DE1,0.0
2034,FM06_ScotPine,DE2,0.0
2034,FM06_ScotPine,DE3,0.0
2034,FM06_ScotPine,DE4,0.0
2034,FM06_ScotPine,DE5,0.0
2034,FM06_ScotPine,DE6,0.0
2034,FM06_ScotPine,DE7,0.0
2034,FM06_ScotPine,DE8,0.0
2034,FM06_ScotPine,DE9,0.0
2034,FM06_ScotPine,DEA,0.0
2034,FM06_ScotPine,DEB,0.0
2034,FM06_ScotPine,DEC,0.0
2034,FM06_ScotPine,DEE,0.0
2034,FM06_ScotPine,DED,0.0
2034,FM06_ScotPine,DEF,0.0
2034,FM06_ScotPine,DEG,0.0
2034,PC_Rewetting,DE1,15566460.457981758
2034,PC_Rewetting,DE2,9291217.534922482
2034,PC_Rewetting,DE3,28528.074429854194
2034,PC_Rewetting,DE4,10530573.396510536
2034,PC_Rewetting,DE5,268082.82372937474
2034,PC_Rewetting,DE6,130622.30146581725
2034,PC_Rewetting,DE7,308907.41136618337
2034,PC_Rewetting,DE8,11723740.557141399
2034,PC_Rewetting,DE9,27371964.693306886
2034,PC_Rewetting,DEA,1877726.294143567
2034,PC_Rewetting,DEB,26530914.498979546
2034,PC_Rewetting,DEC,32590.05947857176
2034,PC_Rewetting,DEE,3442737.0659377784
2034,PC_Rewetting,DED,1256553.7821572206
2034,PC_Rewetting,DEF,6845017.68425944
2034,PC_Rewetting,DEG,45001.22548932073
2035,FM01_PSA,DE1,0.0
2035,FM01_PSA,DE2,0.0
2035,FM01_PSA,DE3,0.0
2035,FM01_PSA,DE4,0.0
2035,FM01_PSA,DE5,0.0
2035,FM01_PSA,DE6,0.0
2035,FM01_PSA,DE7,0.0
2035,FM01_PSA,DE8,0.0
2035,FM01_PSA,DE9,0.0
2035,FM01_PSA,DEA,0.0
2035,FM01_PSA,DEB,0.0
2035,FM01_PSA,DEC,0.0
2035,FM01_PSA,DEE,0.0
2035,FM01_PSA,DED,0.0
2035,FM01_PSA,DEF,0.0
2035,FM01_PSA,DEG,0.0
2035,FM02_TSA,DE1,128816.5170737619
2035,FM02_TSA,DE2,127378.58118685204
2035,FM02_TSA,DE3,45.230948926552486
2035,FM02_TSA,DE4,8115.495715732719
2035,FM02_TSA,DE5,32.42825988143858
2035,FM02_TSA,DE6,166.63669327933655
2035,FM02_TSA,DE7,116190.9399230534
2035,FM02_TSA,DE8,24619.923318471436
2035,FM02_TSA,DE9,58133.25927217126
2035,FM02_TSA,DEA,70461.72190103013
2035,FM02_TSA,DEB,92454.47742320709
2035,FM02_TSA,DEC,10764.264286065234
2035,FM02_TSA,DEE,13992.529172557593
2035,FM02_TSA,DED,8794.230937875142
2035,FM02_TSA,DEF,16245.200248399564
2035,FM02_TSA,DEG,44461.97160813276
2035,FM03_Beech,DE1,0.0
2035,FM03_Beech,DE2,0.0
2035,FM03_Beech,DE3,0.0
2035,FM03_Beech,DE4,0.0
2035,FM03_Beech,DE5,0.0
2035,FM03_Beech,DE6,0.0
2035,FM03_Beech,DE7,0.0
2035,FM03_Beech,DE8,0.0
2035,FM03_Beech,DE9,0.0
2035,FM03_Beech,DEA,0.0
2035,FM03_Beech,DEB,0.0
2035,FM03_Beech,DEC,0.0
2035,FM03_Beech,DEE,0.0
2035,FM03_Beech,DED,0.0
2035,FM03_Beech,DEF,0.0
2035,FM03_Beech,DEG,0.0
2035,FM04_DouglasFir,DE1,0.0
2035,FM04_DouglasFir,DE2,0.0
2035,FM04_DouglasFir,DE3,0.0
2035,FM04_DouglasFir,DE4,0.0
2035,FM04_DouglasFir,DE5,0.0
2035,FM04_DouglasFir,DE6,0.0
2035,FM04_DouglasFir,DE7,0.0
2035,FM04_DouglasFir,DE8,0.0
2035,FM04_DouglasFir,DE9,0.0
2035,FM04_DouglasFir,DEA,0.0
2035,FM04_DouglasFir,DEB,0.0
2035,FM04_DouglasFir,DEC,0.0
2035,FM04_DouglasFir,DEE,0.0
2035,FM04_DouglasFir,DED,0.0
2035,FM04_DouglasFir,DEF,0.0
2035,FM04_DouglasFir,DEG,0.0
2035,FM05_Oak,DE1,0.0
2035,FM05_Oak,DE2,0.0
2035,FM05_Oak,DE3,0.0
2035,FM05_Oak,DE4,0.0
2035,FM05_Oak,DE5,0.0
2035,FM05_Oak,DE6,0.0
2035,FM05_Oak,DE7,0.0
2035,FM05_Oak,DE8,0.0
2035,FM05_Oak,DE9,0.0
2035,FM05_Oak,DEA,0.0
2035,FM05_Oak,DEB,0.0
2035,FM05_Oak,DEC,0.0
2035,FM05_Oak,DEE,0.0
2035,FM05_Oak,DED,0.0
2035,FM05_Oak,DEF,0.0
2035,FM05_Oak,DEG,0.0
2035,FM06_ScotPine,DE1,0.0
2035,FM06_ScotPine,DE2,0.0
2035,FM06_ScotPine,DE3,0.0
2035,FM06_ScotPine,DE4,0.0
2035,FM06_ScotPine,DE5,0.0
2035,FM06_ScotPine,DE6,0.0
2035,FM06_ScotPine,DE7,0.0
2035,FM06_ScotPine,DE8,0.0
2035,FM06_ScotPine,DE9,0.0
2035,FM06_ScotPine,DEA,0.0
2035,FM06_ScotPine,DEB,0.0
2035,FM06_ScotPine,DEC,0.0
2035,FM06_ScotPine,DEE,0.0
2035,FM06_ScotPine,DED,0.0
2035,FM06_ScotPine,DEF,0.0
2035,FM06_ScotPine,DEG,0.0
2035,PC_Rewetting,DE1,16026736.726185266
2035,PC_Rewetting,DE2,9565944.531826157
2035,PC_Rewetting,DE3,29371.605666325642
2035,PC_Rewetting,DE4,10841946.23801631
2035,PC_Rewetting,DE5,276009.6200623424
2035,PC_Rewetting,DE6,134484.60180217997
2035,PC_Rewetting,DE7,318041.32789832144
2035,PC_Rewetting,DE8,12070393.514478292
2035,PC_Rewetting,DE9,28181311.54492038
2035,PC_Rewetting,DEA,1933247.769543124
2035,PC_Rewetting,DEB,27315392.791304193
2035,PC_Rewetting,DEC,33553.69735873197
2035,PC_Rewetting,DEE,3544533.5002262956
2035,PC_Rewetting,DED,1293708.142791065
2035,PC_Rewetting,DEF,7047414.317970893
2035,PC_Rewetting,DEG,46331.84243905824
2036,FM01_PSA,DE1,0.0
2036,FM01_PSA,DE2,0.0
2036,FM01_PSA,DE3,0.0
2036,FM01_PSA,DE4,0.0
2036,FM01_PSA,DE5,0.0
2036,FM01_PSA,DE6,0.0
2036,FM01_PSA,DE7,0.0
2036,FM01_PSA,DE8,0.0
2036,FM01_PSA,DE9,0.0
2036,FM01_PSA,DEA,0.0
2036,FM01_PSA,DEB,0.0
2036,FM01_PSA,DEC,0.0
2036,FM01_PSA,DEE,0.0
2036,FM01_PSA,DED,0.0
2036,FM01_PSA,DEF,0.0
2036,FM01_PSA,DEG,0.0
2036,FM02_TSA,DE1,140080.51249864895
2036,FM02_TSA,DE2,138516.84038148407
2036,FM02_TSA,DE3,49.186041125484174
2036,FM02_TSA,DE4,8825.132249069196
2036,FM02_TSA,DE5,35.263857204198146
2036,FM02_TSA,DE6,181.20776687576026
2036,FM02_TSA,DE7,126350.92751965311
2036,FM02_TSA,DE8,26772.742769889577
2036,FM02_TSA,DE9,63216.55744969111
2036,FM02_TSA,DEA,76623.04756913833
2036,FM02_TSA,DEB,100538.89729701103
2036,FM02_TSA,DEC,11705.514883619313
2036,FM02_TSA,DEE,15216.066248102314
2036,FM02_TSA,DED,9563.21754999495
2036,FM02_TSA,DEF,17665.715764818677
2036,FM02_TSA,DEG,48349.82276380939
2036,FM03_Beech,DE1,0.0
2036,FM03_Beech,DE2,0.0
2036,FM03_Beech,DE3,0.0
2036,FM03_Beech,DE4,0.0
2036,FM03_Beech,DE5,0.0
2036,FM03_Beech,DE6,0.0
2036,FM03_Beech,DE7,0.0
2036,FM03_Beech,DE8,0.0
2036,FM03_Beech,DE9,0.0
2036,FM03_Beech,DEA,0.0
2036,FM03_Beech,DEB,0.0
2036,FM03_Beech,DEC,0.0
2036,FM03_Beech,DEE,0.0
2036,FM03_Beech,DED,0.0
2036,FM03_Beech,DEF,0.0
2036,FM03_Beech,DEG,0.0
2036,FM04_DouglasFir,DE1,0.0
2036,FM04_DouglasFir,DE2,0.0
2036,FM04_DouglasFir,DE3,0.0
2036,FM04_DouglasFir,DE4,0.0
2036,FM04_DouglasFir,DE5,0.0
2036,FM04_DouglasFir,DE6,0.0
2036,FM04_DouglasFir,DE7,0.0
2036,FM04_DouglasFir,DE8,0.0
2036,FM04_DouglasFir,DE9,0.0
2036,FM04_DouglasFir,DEA,0.0
2036,FM04_DouglasFir,DEB,0.0
2036,FM04_DouglasFir,DEC,0.0
2036,FM04_DouglasFir,DEE,0.0
2036,FM04_DouglasFir,DED,0.0
2036,FM04_DouglasFir,DEF,0.0
2036,FM04_DouglasFir,DEG,0.0
2036,FM05_Oak,DE1,0.0
2036,FM05_Oak,DE2,0.0
2036,FM05_Oak,DE3,0.0
2036,FM05_Oak,DE4,0.0
2036,FM05_Oak,DE5,0.0
2036,FM05_Oak,DE6,0.0
2036,FM05_Oak,DE7,0.0
2036,FM05_Oak,DE8,0.0
2036,FM05_Oak,DE9,0.0
2036,FM05_Oak,DEA,0.0
2036,FM05_Oak,DEB,0.0
2036,FM05_Oak,DEC,0.0
2036,FM05_Oak,DEE,0.0
2036,FM05_Oak,DED,0.0
2036,FM05_Oak,DEF,0.0
2036,FM05_Oak,DEG,0.0
2036,FM06_ScotPine,DE1,0.0
2036,FM06_ScotPine,DE2,0.0
2036,FM06_ScotPine,DE3,0.0
2036,FM06_ScotPine,DE4,0.0
2036,FM06_ScotPine,DE5,0.0
2036,FM06_ScotPine,DE6,0.0
2036,FM06_ScotPine,DE7,0.0
2036,FM06_ScotPine,DE8,0.0
2036,FM06_ScotPine,DE9,0.0
2036,FM06_ScotPine,DEA,0.0
2036,FM06_ScotPine,DEB,0.0
2036,FM06_ScotPine,DEC,0.0
2036,FM06_ScotPine,DEE,0.0
2036,FM06_ScotPine,DED,0.0
2036,FM06_ScotPine,DEF,0.0
2036,FM06_ScotPine,DEG,0.0
2036,PC_Rewetting,DE1,16487012.994388776
2036,PC_Rewetting,DE2,9840671.528729834
2036,PC_Rewetting,DE3,30215.13690279709
2036,PC_Rewetting,DE4,11153319.07952208
2036,PC_Rewetting,DE5,283936.4163953101
2036,PC_Rewetting,DE6,138346.9021385427
2036,PC_Rewetting,DE7,327175.2444304595
2036,PC_Rewetting,DE8,12417046.471815186
2036,PC_Rewetting,DE9,28990658.396533877
2036,PC_Rewetting,DEA,1988769.2449426805
2036,PC_Rewetting,DEB,28099871.08362884
2036,PC_Rewetting,DEC,34517.3352388922
2036,PC_Rewetting,DEE,3646329.9345148127
2036,PC_Rewetting,DED,1330862.5034249092
2036,PC_Rewetting,DEF,7249810.951682347
2036,PC_Rewetting,DEG,47662.45938879574
2037,FM01_PSA,DE1,0.0
2037,FM01_PSA,DE2,0.0
2037,FM01_PSA,DE3,0.0
2037,FM01_PSA,DE4,0.0
2037,FM01_PSA,DE5,0.0
2037,FM01_PSA,DE6,0.0
2037,FM01_PSA,DE7,0.0
2037,FM01_PSA,DE8,0.0
2037,FM01_PSA,DE9,0.0
2037,FM01_PSA,DEA,0.0
2037,FM01_PSA,DEB,0.0
2037,FM01_PSA,DEC,0.0
2037,FM01_PSA,DEE,0.0
2037,FM01_PSA,DED,0.0
2037,FM01_PSA,DEF,0.0
2037,FM01_PSA,DEG,0.0
2037,FM02_TSA,DE1,151697.22675507015
2037,FM02_TSA,DE2,150003.88112478182
2037,FM02_TSA,DE3,53.26498240694789
2037,FM02_TSA,DE4,9556.990219774107
2037,FM02_TSA,DE5,38.18824793787969
2037,FM02_TSA,DE6,196.23511658552235
2037,FM02_TSA,DE7,136829.06323495295
2037,FM02_TSA,DE8,28992.975242421933
2037,FM02_TSA,DE9,68459.03315932832
2037,FM02_TSA,DEA,82977.30793833447
2037,FM02_TSA,DEB,108876.47131585481
2037,FM02_TSA,DEC,12676.239641844357
2037,FM02_TSA,DEE,16477.916954942673
2037,FM02_TSA,DED,10356.284077727389
2037,FM02_TSA,DEF,19130.71306183409
2037,FM02_TSA,DEG,52359.41742745827
2037,FM03_Beech,DE1,0.0
2037,FM03_Beech,DE2,0.0
2037,FM03_Beech,DE3,0.0
2037,FM03_Beech,DE4,0.0
2037,FM03_Beech,DE5,0.0
2037,FM03_Beech,DE6,0.0
2037,FM03_Beech,DE7,0.0
2037,FM03_Beech,DE8,0.0
2037,FM03_Beech,DE9,0.0
2037,FM03_Beech,DEA,0.0
2037,FM03_Beech,DEB,0.0
2037,FM03_Beech,DEC,0.0
2037,FM03_Beech,DEE,0.0
2037,FM03_Beech,DED,0.0
2037,FM03_Beech,DEF,0.0
2037,FM03_Beech,DEG,0.0
2037,FM04_DouglasFir,DE1,0.0
2037,FM04_DouglasFir,DE2,0.0
2037,FM04_DouglasFir,DE3,0.0
2037,FM04_DouglasFir,DE4,0.0
2037,FM04_DouglasFir,DE5,0.0
2037,FM04_DouglasFir,DE6,0.0
2037,FM04_DouglasFir,DE7,0.0
2037,FM04_DouglasFir,DE8,0.0
2037,FM04_DouglasFir,DE9,0.0
2037,FM04_DouglasFir,DEA,0.0
2037,FM04_DouglasFir,DEB,0.0
2037,FM04_DouglasFir,DEC,0.0
2037,FM04_DouglasFir,DEE,0.0
2037,FM04_DouglasFir,DED,0.0
2037,FM04_DouglasFir,DEF,0.0
2037,FM04_DouglasFir,DEG,0.0
2037,FM05_Oak,DE1,0.0
2037,FM05_Oak,DE2,0.0
2037,FM05_Oak,DE3,0.0
2037,FM05_Oak,DE4,0.0
2037,FM05_Oak,DE5,0.0
2037,FM05_Oak,DE6,0.0
2037,FM05_Oak,DE7,0.0
2037,FM05_Oak,DE8,0.0
2037,FM05_Oak,DE9,0.0
2037,FM05_Oak,DEA,0.0
2037,FM05_Oak,DEB,0.0
2037,FM05_Oak,DEC,0.0
2037,FM05_Oak,DEE,0.0
2037,FM05_Oak,DED,0.0
2037,FM05_Oak,DEF,0.0
2037,FM05_Oak,DEG,0.0
2037,FM06_ScotPine,DE1,0.0
2037,FM06_ScotPine,DE2,0.0
2037,FM06_ScotPine,DE3,0.0
2037,FM06_ScotPine,DE4,0.0
2037,FM06_ScotPine,DE5,0.0
2037,FM06_ScotPine,DE6,0.0
2037,FM06_ScotPine,DE7,0.0
2037,FM06_ScotPine,DE8,0.0
2037,FM06_ScotPine,DE9,0.0
2037,FM06_ScotPine,DEA,0.0
2037,FM06_ScotPine,DEB,0.0
2037,FM06_ScotPine,DEC,0.0
2037,FM06_ScotPine,DEE,0.0
2037,FM06_ScotPine,DED,0.0
2037,FM06_ScotPine,DEF,0.0
2037,FM06_ScotPine,DEG,0.0
2037,PC_Rewetting,DE1,16947289.262592286
2037,PC_Rewetting,DE2,10115398.525633508
2037,PC_Rewetting,DE3,31058.66813926854
2037,PC_Rewetting,DE4,11464691.921027852
2037,PC_Rewetting,DE5,291863.2127282777
2037,PC_Rewetting,DE6,142209.20247490544
2037,PC_Rewetting,DE7,336309.16096259764
2037,PC_Rewetting,DE8,12763699.429152077
2037,PC_Rewetting,DE9,29800005.248147372
2037,PC_Rewetting,DEA,2044290.7203422373
2037,PC_Rewetting,DEB,28884349.375953488
2037,PC_Rewetting,DEC,35480.97311905242
2037,PC_Rewetting,DEE,3748126.3688033298
2037,PC_Rewetting,DED,1368016.8640587535
2037,PC_Rewetting,DEF,7452207.585393801
2037,PC_Rewetting,DEG,48993.07633853325
2038,FM01_PSA,DE1,0.0
2038,FM01_PSA,DE2,0.0
2038,FM01_PSA,DE3,0.0
2038,FM01_PSA,DE4,0.0
2038,FM01_PSA,DE5,0.0
2038,FM01_PSA,DE6,0.0
2038,FM01_PSA,DE7,0.0
2038,FM01_PSA,DE8,0.0
2038,FM01_PSA,DE9,0.0
2038,FM01_PSA,DEA,0.0
2038,FM01_PSA,DEB,0.0
2038,FM01_PSA,DEC,0.0
2038,FM01_PSA,DEE,0.0
2038,FM01_PSA,DED,0.0
2038,FM01_PSA,DEF,0.0
2038,FM01_PSA,DEG,0.0
2038,FM02_TSA,DE1,163669.86990991453
2038,FM02_TSA,DE2,161842.87765072644
2038,FM02_TSA,DE3,57.46889991189421
2038,FM02_TSA,DE4,10311.271863435524
2038,FM02_TSA,DE5,41.20224018446948
2038,FM02_TSA,DE6,211.7228949423486
2038,FM02_TSA,DE7,147628.24251044999
2038,FM02_TSA,DE8,31281.23425677569
2038,FM02_TSA,DE9,73862.13506352909
2038,FM02_TSA,DEA,89526.25889245671
2038,FM02_TSA,DEB,117469.50341609267
2038,FM02_TSA,DEC,13676.706802803988
2038,FM02_TSA,DEE,17778.42998248287
2038,FM02_TSA,DED,11173.649670527735
2038,FM02_TSA,DEF,20640.59696470118
2038,FM02_TSA,DEG,56491.86357735827
2038,FM03_Beech,DE1,0.0
2038,FM03_Beech,DE2,0.0
2038,FM03_Beech,DE3,0.0
2038,FM03_Beech,DE4,0.0
2038,FM03_Beech,DE5,0.0
2038,FM03_Beech,DE6,0.0
2038,FM03_Beech,DE7,0.0
2038,FM03_Beech,DE8,0.0
2038,FM03_Beech,DE9,0.0
2038,FM03_Beech,DEA,0.0
2038,FM03_Beech,DEB,0.0
2038,FM03_Beech,DEC,0.0
2038,FM03_Beech,DEE,0.0
2038,FM03_Beech,DED,0.0
2038,FM03_Beech,DEF,0.0
2038,FM03_Beech,DEG,0.0
2038,FM04_DouglasFir,DE1,0.0
2038,FM04_DouglasFir,DE2,0.0
2038,FM04_DouglasFir,DE3,0.0
2038,FM04_DouglasFir,DE4,0.0
2038,FM04_DouglasFir,DE5,0.0
2038,FM04_DouglasFir,DE6,0.0
2038,FM04_DouglasFir,DE7,0.0
2038,FM04_DouglasFir,DE8,0.0
2038,FM04_DouglasFir,DE9,0.0
2038,FM04_DouglasFir,DEA,0.0
2038,FM04_DouglasFir,DEB,0.0
2038,FM04_DouglasFir,DEC,0.0
2038,FM04_DouglasFir,DEE,0.0
2038,FM04_DouglasFir,DED,0.0
2038,FM04_DouglasFir,DEF,0.0
2038,FM04_DouglasFir,DEG,0.0
2038,FM05_Oak,DE1,0.0
2038,FM05_Oak,DE2,0.0
2038,FM05_Oak,DE3,0.0
2038,FM05_Oak,DE4,0.0
2038,FM05_Oak,DE5,0.0
2038,FM05_Oak,DE6,0.0
2038,FM05_Oak,DE7,0.0
2038,FM05_Oak,DE8,0.0
2038,FM05_Oak,DE9,0.0
2038,FM05_Oak,DEA,0.0
2038,FM05_Oak,DEB,0.0
2038,FM05_Oak,DEC,0.0
2038,FM05_Oak,DEE,0.0
2038,FM05_Oak,DED,0.0
2038,FM05_Oak,DEF,0.0
2038,FM05_Oak,DEG,0.0
2038,FM06_ScotPine,DE1,0.0
2038,FM06_ScotPine,DE2,0.0
2038,FM06_ScotPine,DE3,0.0
2038,FM06_ScotPine,DE4,0.0
2038,FM06_ScotPine,DE5,0.0
2038,FM06_ScotPine,DE6,0.0
2038,FM06_ScotPine,DE7,0.0
2038,FM06_ScotPine,DE8,0.0
2038,FM06_ScotPine,DE9,0.0
2038,FM06_ScotPine,DEA,0.0
2038,FM06_ScotPine,DEB,0.0
2038,FM06_ScotPine,DEC,0.0
2038,FM06_ScotPine,DEE,0.0
2038,FM06_ScotPine,DED,0.0
2038,FM06_ScotPine,DEF,0.0
2038,FM06_ScotPine,DEG,0.0
2038,PC_Rewetting,DE1,17407565.530795794
2038,PC_Rewetting,DE2,10390125.522537183
2038,PC_Rewetting,DE3,31902.199375739987
2038,PC_Rewetting,DE4,11776064.762533626
2038,PC_Rewetting,DE5,299790.00906124536
2038,PC_Rewetting,DE6,146071.50281126818
2038,PC_Rewetting,DE7,345443.0774947357
2038,PC_Rewetting,DE8,13110352.38648897
2038,PC_Rewetting,DE9,30609352.099760868
2038,PC_Rewetting,DEA,2099812.195741794
2038,PC_Rewetting,DEB,29668827.66827814
2038,PC_Rewetting,DEC,36444.61099921264
2038,PC_Rewetting,DEE,3849922.803091847
2038,PC_Rewetting,DED,1405171.2246925978
2038,PC_Rewetting,DEF,7654604.219105255
2038,PC_Rewetting,DEG,50323.693288270755
2039,FM01_PSA,DE1,0.0
2039,FM01_PSA,DE2,0.0
2039,FM01_PSA,DE3,0.0
2039,FM01_PSA,DE4,0.0
2039,FM01_PSA,DE5,0.0
2039,FM01_PSA,DE6,0.0
2039,FM01_PSA,DE7,0.0
2039,FM01_PSA,DE8,0.0
2039,FM01_PSA,DE9,0.0
2039,FM01_PSA,DEA,0.0
2039,FM01_PSA,DEB,0.0
2039,FM01_PSA,DEC,0.0
2039,FM01_PSA,DEE,0.0
2039,FM01_PSA,DED,0.0
2039,FM01_PSA,DEF,0.0
2039,FM01_PSA,DEG,0.0
2039,FM02_TSA,DE1,176001.6520300712
2039,FM02_TSA,DE2,174037.00419329928
2039,FM02_TSA,DE3,61.79892078127378
2039,FM02_TSA,DE4,11088.17941564154
2039,FM02_TSA,DE5,44.30664204595384
2039,FM02_TSA,DE6,227.67525447996505
2039,FM02_TSA,DE7,158751.36078764143
2039,FM02_TSA,DE8,33638.13333365809
2039,FM02_TSA,DE9,79427.31182473972
2039,FM02_TSA,DEA,96271.65631534327
2039,FM02_TSA,DEB,126320.29753407899
2039,FM02_TSA,DEC,14707.18460856185
2039,FM02_TSA,DEE,19117.95402012713
2039,FM02_TSA,DED,12015.533477851282
2039,FM02_TSA,DEF,22195.772298675365
2039,FM02_TSA,DEG,60748.26919178832
2039,FM03_Beech,DE1,0.0
2039,FM03_Beech,DE2,0.0
2039,FM03_Beech,DE3,0.0
2039,FM03_Beech,DE4,0.0
2039,FM03_Beech,DE5,0.0
2039,FM03_Beech,DE6,0.0
2039,FM03_Beech,DE7,0.0
2039,FM03_Beech,DE8,0.0
2039,FM03_Beech,DE9,0.0
2039,FM03_Beech,DEA,0.0
2039,FM03_Beech,DEB,0.0
2039,FM03_Beech,DEC,0.0
2039,FM03_Beech,DEE,0.0
2039,FM03_Beech,DED,0.0
2039,FM03_Beech,DEF,0.0
2039,FM03_Beech,DEG,0.0
2039,FM04_DouglasFir,DE1,0.0
2039,FM04_DouglasFir,DE2,0.0
2039,FM04_DouglasFir,DE3,0.0
2039,FM04_DouglasFir,DE4,0.0
2039,FM04_DouglasFir,DE5,0.0
2039,FM04_DouglasFir,DE6,0.0
2039,FM04_DouglasFir,DE7,0.0
2039,FM04_DouglasFir,DE8,0.0
2039,FM04_DouglasFir,DE9,0.0
2039,FM04_DouglasFir,DEA,0.0
2039,FM04_DouglasFir,DEB,0.0
2039,FM04_DouglasFir,DEC,0.0
2039,FM04_DouglasFir,DEE,0.0
2039,FM04_DouglasFir,DED,0.0
2039,FM04_DouglasFir,DEF,0.0
2039,FM04_DouglasFir,DEG,0.0
2039,FM05_Oak,DE1,0.0
2039,FM05_Oak,DE2,0.0
2039,FM05_Oak,DE3,0.0
2039,FM05_Oak,DE4,0.0
2039,FM05_Oak,DE5,0.0
2039,FM05_Oak,DE6,0.0
2039,FM05_Oak,DE7,0.0
2039,FM05_Oak,DE8,0.0
2039,FM05_Oak,DE9,0.0
2039,FM05_Oak,DEA,0.0
2039,FM05_Oak,DEB,0.0
2039,FM05_Oak,DEC,0.0
2039,FM05_Oak,DEE,0.0
2039,FM05_Oak,DED,0.0
2039,FM05_Oak,DEF,0.0
2039,FM05_Oak,DEG,0.0
2039,FM06_ScotPine,DE1,0.0
2039,FM06_ScotPine,DE2,0.0
2039,FM06_ScotPine,DE3,0.0
2039,FM06_ScotPine,DE4,0.0
2039,FM06_ScotPine,DE5,0.0
2039,FM06_ScotPine,DE6,0.0
2039,FM06_ScotPine,DE7,0.0
2039,FM06_ScotPine,DE8,0.0
2039,FM06_ScotPine,DE9,0.0
2039,FM06_ScotPine,DEA,0.0
2039,FM06_ScotPine,DEB,0.0
2039,FM06_ScotPine,DEC,0.0
2039,FM06_ScotPine,DEE,0.0
2039,FM06_ScotPine,DED,0.0
2039,FM06_ScotPine,DEF,0.0
2039,FM06_ScotPine,DEG,0.0
2039,PC_Rewetting,DE1,17867841.798999306
2039,PC_Rewetting,DE2,10664852.519440858
2039,PC_Rewetting,DE3,32745.730612211435
2039,PC_Rewetting,DE4,12087437.604039397
2039,PC_Rewetting,DE5,307716.805394213
2039,PC_Rewetting,DE6,149933.8031476309
2039,PC_Rewetting,DE7,354576.9940268738
2039,PC_Rewetting,DE8,13457005.343825864
2039,PC_Rewetting,DE9,31418698.951374363
2039,PC_Rewetting,DEA,2155333.6711413506
2039,PC_Rewetting,DEB,30453305.960602786
2039,PC_Rewetting,DEC,37408.248879372855
2039,PC_Rewetting,DEE,3951719.237380364
2039,PC_Rewetting,DED,1442325.585326442
2039,PC_Rewetting,DEF,7857000.852816708
2039,PC_Rewetting,DEG,51654.310238008264
2040,FM01_PSA,DE1,0.0
2040,FM01_PSA,DE2,0.0
2040,FM01_PSA,DE3,0.0
2040,FM01_PSA,DE4,0.0
2040,FM01_PSA,DE5,0.0
2040,FM01_PSA,DE6,0.0
2040,FM01_PSA,DE7,0.0
2040,FM01_PSA,DE8,0.0
2040,FM01_PSA,DE9,0.0
2040,FM01_PSA,DEA,0.0
2040,FM01_PSA,DEB,0.0
2040,FM01_PSA,DEC,0.0
2040,FM01_PSA,DEE,0.0
2040,FM01_PSA,DED,0.0
2040,FM01_PSA,DEF,0.0
2040,FM01_PSA,DEG,0.0
2040,FM02_TSA,DE1,188695.78318242915
2040,FM02_TSA,DE2,186589.4349864815
2040,FM02_TSA,DE3,66.2561721560372
2040,FM02_TSA,DE4,11887.915111980234
2040,FM02_TSA,DE5,47.50226162431905
2040,FM02_TSA,DE6,244.0963477320974
2040,FM02_TSA,DE7,170201.31350802444
2040,FM02_TSA,DE8,36064.285993776306
2040,FM02_TSA,DE9,85156.01210540645
2040,FM02_TSA,DEA,103215.25609083226
2040,FM02_TSA,DEB,135431.15760616798
2040,FM02_TSA,DEC,15767.941301181565
2040,FM02_TSA,DEE,20496.837757279653
2040,FM02_TSA,DED,12882.154649153306
2040,FM02_TSA,DEF,23796.64388901202
2040,FM02_TSA,DEG,65129.742249027295
2040,FM03_Beech,DE1,0.0
2040,FM03_Beech,DE2,0.0
2040,FM03_Beech,DE3,0.0
2040,FM03_Beech,DE4,0.0
2040,FM03_Beech,DE5,0.0
2040,FM03_Beech,DE6,0.0
2040,FM03_Beech,DE7,0.0
2040,FM03_Beech,DE8,0.0
2040,FM03_Beech,DE9,0.0
2040,FM03_Beech,DEA,0.0
2040,FM03_Beech,DEB,0.0
2040,FM03_Beech,DEC,0.0
2040,FM03_Beech,DEE,0.0
2040,FM03_Beech,DED,0.0
2040,FM03_Beech,DEF,0.0
2040,FM03_Beech,DEG,0.0
2040,FM04_DouglasFir,DE1,0.0
2040,FM04_DouglasFir,DE2,0.0
2040,FM04_DouglasFir,DE3,0.0
2040,FM04_DouglasFir,DE4,0.0
2040,FM04_DouglasFir,DE5,0.0
2040,FM04_DouglasFir,DE6,0.0
2040,FM04_DouglasFir,DE7,0.0
2040,FM04_DouglasFir,DE8,0.0
2040,FM04_DouglasFir,DE9,0.0
2040,FM04_DouglasFir,DEA,0.0
2040,FM04_DouglasFir,DEB,0.0
2040,FM04_DouglasFir,DEC,0.0
2040,FM04_DouglasFir,DEE,0.0
2040,FM04_DouglasFir,DED,0.0
2040,FM04_DouglasFir,DEF,0.0
2040,FM04_DouglasFir,DEG,0.0
2040,FM05_Oak,DE1,0.0
2040,FM05_Oak,DE2,0.0
2040,FM05_Oak,DE3,0.0
2040,FM05_Oak,DE4,0.0
2040,FM05_Oak,DE5,0.0
2040,FM05_Oak,DE6,0.0
2040,FM05_Oak,DE7,0.0
2040,FM05_Oak,DE8,0.0
2040,FM05_Oak,DE9,0.0
2040,FM05_Oak,DEA,0.0
2040,FM05_Oak,DEB,0.0
2040,FM05_Oak,DEC,0.0
2040,FM05_Oak,DEE,0.0
2040,FM05_Oak,DED,0.0
2040,FM05_Oak,DEF,0.0
2040,FM05_Oak,DEG,0.0
2040,FM06_ScotPine,DE1,0.0
2040,FM06_ScotPine,DE2,0.0
2040,FM06_ScotPine,DE3,0.0
2040,FM06_ScotPine,DE4,0.0
2040,FM06_ScotPine,DE5,0.0
2040,FM06_ScotPine,DE6,0.0
2040,FM06_ScotPine,DE7,0.0
2040,FM06_ScotPine,DE8,0.0
2040,FM06_ScotPine,DE9,0.0
2040,FM06_ScotPine,DEA,0.0
2040,FM06_ScotPine,DEB,0.0
2040,FM06_ScotPine,DEC,0.0
2040,FM06_ScotPine,DEE,0.0
2040,FM06_ScotPine,DED,0.0
2040,FM06_ScotPine,DEF,0.0
2040,FM06_ScotPine,DEG,0.0
2040,PC_Rewetting,DE1,18328118.067202814
2040,PC_Rewetting,DE2,10939579.516344532
2040,PC_Rewetting,DE3,33589.26184868288
2040,PC_Rewetting,DE4,12398810.44554517
2040,PC_Rewetting,DE5,315643.6017271807
2040,PC_Rewetting,DE6,153796.10348399365
2040,PC_Rewetting,DE7,363710.91055901186
2040,PC_Rewetting,DE8,13803658.301162755
2040,PC_Rewetting,DE9,32228045.80298786
2040,PC_Rewetting,DEA,2210855.146540907
2040,PC_Rewetting,DEB,31237784.252927434
2040,PC_Rewetting,DEC,38371.886759533074
2040,PC_Rewetting,DEE,4053515.6716688816
2040,PC_Rewetting,DED,1479479.9459602863
2040,PC_Rewetting,DEF,8059397.486528163
2040,PC_Rewetting,DEG,52984.927187745765
2041,FM01_PSA,DE1,0.0
2041,FM01_PSA,DE2,0.0
2041,FM01_PSA,DE3,0.0
2041,FM01_PSA,DE4,0.0
2041,FM01_PSA,DE5,0.0
2041,FM01_PSA,DE6,0.0
2041,FM01_PSA,DE7,0.0
2041,FM01_PSA,DE8,0.0
2041,FM01_PSA,DE9,0.0
2041,FM01_PSA,DEA,0.0
2041,FM01_PSA,DEB,0.0
2041,FM01_PSA,DEC,0.0
2041,FM01_PSA,DEE,0.0
2041,FM01_PSA,DED,0.0
2041,FM01_PSA,DEF,0.0
2041,FM01_PSA,DEG,0.0
2041,FM02_TSA,DE1,201755.47343387743
2041,FM02_TSA,DE2,199503.3442642544
2041,FM02_TSA,DE3,70.84178117713509
2041,FM02_TSA,DE4,12710.681188039689
2041,FM02_TSA,DE5,50.78990702155139
2041,FM02_TSA,DE6,260.99032723247154
2041,FM02_TSA,DE7,181980.99611309613
2041,FM02_TSA,DE8,38560.305757837574
2041,FM02_TSA,DE9,91049.68456797554
2041,FM02_TSA,DEA,110358.81410276191
2041,FM02_TSA,DEB,144804.38756871398
2041,FM02_TSA,DEC,16859.24512272677
2041,FM02_TSA,DEE,21915.429883344652
2041,FM02_TSA,DED,13773.732333889096
2041,FM02_TSA,DEF,25443.616560966544
2041,FM02_TSA,DEG,69637.3907273541
2041,FM03_Beech,DE1,0.0
2041,FM03_Beech,DE2,0.0
2041,FM03_Beech,DE3,0.0
2041,FM03_Beech,DE4,0.0
2041,FM03_Beech,DE5,0.0
2041,FM03_Beech,DE6,0.0
2041,FM03_Beech,DE7,0.0
2041,FM03_Beech,DE8,0.0
2041,FM03_Beech,DE9,0.0
2041,FM03_Beech,DEA,0.0
2041,FM03_Beech,DEB,0.0
2041,FM03_Beech,DEC,0.0
2041,FM03_Beech,DEE,0.0
2041,FM03_Beech,DED,0.0
2041,FM03_Beech,DEF,0.0
2041,FM03_Beech,DEG,0.0
2041,FM04_DouglasFir,DE1,0.0
2041,FM04_DouglasFir,DE2,0.0
2041,FM04_DouglasFir,DE3,0.0
2041,FM04_DouglasFir,DE4,0.0
2041,FM04_DouglasFir,DE5,0.0
2041,FM04_DouglasFir,DE6,0.0
2041,FM04_DouglasFir,DE7,0.0
2041,FM04_DouglasFir,DE8,0.0
2041,FM04_DouglasFir,DE9,0.0
2041,FM04_DouglasFir,DEA,0.0
2041,FM04_DouglasFir,DEB,0.0
2041,FM04_DouglasFir,DEC,0.0
2041,FM04_DouglasFir,DEE,0.0
2041,FM04_DouglasFir,DED,0.0
2041,FM04_DouglasFir,DEF,0.0
2041,FM04_DouglasFir,DEG,0.0
2041,FM05_Oak,DE1,0.0
2041,FM05_Oak,DE2,0.0
2041,FM05_Oak,DE3,0.0
2041,FM05_Oak,DE4,0.0
2041,FM05_Oak,DE5,0.0
2041,FM05_Oak,DE6,0.0
2041,FM05_Oak,DE7,0.0
2041,FM05_Oak,DE8,0.0
2041,FM05_Oak,DE9,0.0
2041,FM05_Oak,DEA,0.0
2041,FM05_Oak,DEB,0.0
2041,FM05_Oak,DEC,0.0
2041,FM05_Oak,DEE,0.0
2041,FM05_Oak,DED,0.0
2041,FM05_Oak,DEF,0.0
2041,FM05_Oak,DEG,0.0
2041,FM06_ScotPine,DE1,0.0
2041,FM06_ScotPine,DE2,0.0
2041,FM06_ScotPine,DE3,0.0
2041,FM06_ScotPine,DE4,0.0
2041,FM06_ScotPine,DE5,0.0
2041,FM06_ScotPine,DE6,0.0
2041,FM06_ScotPine,DE7,0.0
2041,FM06_ScotPine,DE8,0.0
2041,FM06_ScotPine,DE9,0.0
2041,FM06_ScotPine,DEA,0.0
2041,FM06_ScotPine,DEB,0.0
2041,FM06_ScotPine,DEC,0.0
2041,FM06_ScotPine,DEE,0.0
2041,FM06_ScotPine,DED,0.0
2041,FM06_ScotPine,DEF,0.0
2041,FM06_ScotPine,DEG,0.0
2041,PC_Rewetting,DE1,18788394.335406322
2041,PC_Rewetting,DE2,11214306.513248207
2041,PC_Rewetting,DE3,34432.79308515433
2041,PC_Rewetting,DE4,12710183.287050942
2041,PC_Rewetting,DE5,323570.39806014835
2041,PC_Rewetting,DE6,157658.40382035638
2041,PC_Rewetting,DE7,372844.8270911499
2041,PC_Rewetting,DE8,14150311.258499648
2041,PC_Rewetting,DE9,33037392.654601354
2041,PC_Rewetting,DEA,2266376.6219404642
2041,PC_Rewetting,DEB,32022262.54525208
2041,PC_Rewetting,DEC,39335.52463969329
2041,PC_Rewetting,DEE,4155312.1059573987
2041,PC_Rewetting,DED,1516634.3065941308
2041,PC_Rewetting,DEF,8261794.120239616
2041,PC_Rewetting,DEG,54315.54413748327
2042,FM01_PSA,DE1,0.0
2042,FM01_PSA,DE2,0.0
2042,FM01_PSA,DE3,0.0
2042,FM01_PSA,DE4,0.0
2042,FM01_PSA,DE5,0.0
2042,FM01_PSA,DE6,0.0
2042,FM01_PSA,DE7,0.0
2042,FM01_PSA,DE8,0.0
2042,FM01_PSA,DE9,0.0
2042,FM01_PSA,DEA,0.0
2042,FM01_PSA,DEB,0.0
2042,FM01_PSA,DEC,0.0
2042,FM01_PSA,DEE,0.0
2042,FM01_PSA,DED,0.0
2042,FM01_PSA,DEF,0.0
2042,FM01_PSA,DEG,0.0
2042,FM02_TSA,DE1,215183.93285130512
2042,FM02_TSA,DE2,212781.90626059924
2042,FM02_TSA,DE3,75.55687498551806
2042,FM02_TSA,DE4,13556.67987940799
2042,FM02_TSA,DE5,54.170386339637176
2042,FM02_TSA,DE6,278.36134551481337
2042,FM02_TSA,DE7,194093.3040443537
2042,FM02_TSA,DE8,41126.806146549105
2042,FM02_TSA,DE9,97109.77787489323
2042,FM02_TSA,DEA,117704.08623497038
2042,FM02_TSA,DEB,154442.2913580713
2042,FM02_TSA,DEC,17981.36431526109
2042,FM02_TSA,DEE,23374.07908772634
2042,FM02_TSA,DED,14690.485681513936
2042,FM02_TSA,DEF,27137.095139794328
2042,FM02_TSA,DEG,74272.32260504764
2042,FM03_Beech,DE1,0.0
2042,FM03_Beech,DE2,0.0
2042,FM03_Beech,DE3,0.0
2042,FM03_Beech,DE4,0.0
2042,FM03_Beech,DE5,0.0
2042,FM03_Beech,DE6,0.0
2042,FM03_Beech,DE7,0.0
2042,FM03_Beech,DE8,0.0
2042,FM03_Beech,DE9,0.0
2042,FM03_Beech,DEA,0.0
2042,FM03_Beech,DEB,0.0
2042,FM03_Beech,DEC,0.0
2042,FM03_Beech,DEE,0.0
2042,FM03_Beech,DED,0.0
2042,FM03_Beech,DEF,0.0
2042,FM03_Beech,DEG,0.0
2042,FM04_DouglasFir,DE1,0.0
2042,FM04_DouglasFir,DE2,0.0
2042,FM04_DouglasFir,DE3,0.0
2042,FM04_DouglasFir,DE4,0.0
2042,FM04_DouglasFir,DE5,0.0
2042,FM04_DouglasFir,DE6,0.0
2042,FM04_DouglasFir,DE7,0.0
2042,FM04_DouglasFir,DE8,0.0
2042,FM04_DouglasFir,DE9,0.0
2042,FM04_DouglasFir,DEA,0.0
2042,FM04_DouglasFir,DEB,0.0
2042,FM04_DouglasFir,DEC,0.0
2042,FM04_DouglasFir,DEE,0.0
2042,FM04_DouglasFir,DED,0.0
2042,FM04_DouglasFir,DEF,0.0
2042,FM04_DouglasFir,DEG,0.0
2042,FM05_Oak,DE1,0.0
2042,FM05_Oak,DE2,0.0
2042,FM05_Oak,DE3,0.0
2042,FM05_Oak,DE4,0.0
2042,FM05_Oak,DE5,0.0
2042,FM05_Oak,DE6,0.0
2042,FM05_Oak,DE7,0.0
2042,FM05_Oak,DE8,0.0
2042,FM05_Oak,DE9,0.0
2042,FM05_Oak,DEA,0.0
2042,FM05_Oak,DEB,0.0
2042,FM05_Oak,DEC,0.0
2042,FM05_Oak,DEE,0.0
2042,FM05_Oak,DED,0.0
2042,FM05_Oak,DEF,0.0
2042,FM05_Oak,DEG,0.0
2042,FM06_ScotPine,DE1,0.0
2042,FM06_ScotPine,DE2,0.0
2042,FM06_ScotPine,DE3,0.0
2042,FM06_ScotPine,DE4,0.0
2042,FM06_ScotPine,DE5,0.0
2042,FM06_ScotPine,DE6,0.0
2042,FM06_ScotPine,DE7,0.0
2042,FM06_ScotPine,DE8,0.0
2042,FM06_ScotPine,DE9,0.0
2042,FM06_ScotPine,DEA,0.0
2042,FM06_ScotPine,DEB,0.0
2042,FM06_ScotPine,DEC,0.0
2042,FM06_ScotPine,DEE,0.0
2042,FM06_ScotPine,DED,0.0
2042,FM06_ScotPine,DEF,0.0
2042,FM06_ScotPine,DEG,0.0
2042,PC_Rewetting,DE1,19248670.60360983
2042,PC_Rewetting,DE2,11489033.51015188
2042,PC_Rewetting,DE3,35276.32432162577
2042,PC_Rewetting,DE4,13021556.128556712
2042,PC_Rewetting,DE5,331497.19439311593
2042,PC_Rewetting,DE6,161520.7041567191
2042,PC_Rewetting,DE7,381978.74362328794
2042,PC_Rewetting,DE8,14496964.215836538
2042,PC_Rewetting,DE9,33846739.50621484
2042,PC_Rewetting,DEA,2321898.0973400204
2042,PC_Rewetting,DEB,32806740.837576725
2042,PC_Rewetting,DEC,40299.162519853504
2042,PC_Rewetting,DEE,4257108.540245915
2042,PC_Rewetting,DED,1553788.6672279746
2042,PC_Rewetting,DEF,8464190.753951069
2042,PC_Rewetting,DEG,55646.16108722077
2043,FM01_PSA,DE1,0.0
2043,FM01_PSA,DE2,0.0
2043,FM01_PSA,DE3,0.0
2043,FM01_PSA,DE4,0.0
2043,FM01_PSA,DE5,0.0
2043,FM01_PSA,DE6,0.0
2043,FM01_PSA,DE7,0.0
2043,FM01_PSA,DE8,0.0
2043,FM01_PSA,DE9,0.0
2043,FM01_PSA,DEA,0.0
2043,FM01_PSA,DEB,0.0
2043,FM01_PSA,DEC,0.0
2043,FM01_PSA,DEE,0.0
2043,FM01_PSA,DED,0.0
2043,FM01_PSA,DEF,0.0
2043,FM01_PSA,DEG,0.0
2043,FM02_TSA,DE1,228984.37150160127
2043,FM02_TSA,DE2,226428.29520949727
2043,FM02_TSA,DE3,80.40258072213675
2043,FM02_TSA,DE4,14426.113421673223
2043,FM02_TSA,DE5,57.64450768056269
2043,FM02_TSA,DE6,296.2135551128487
2043,FM02_TSA,DE7,206541.1327432943
2043,FM02_TSA,DE8,43764.4006806181
2043,FM02_TSA,DE9,103337.7406886058
2043,FM02_TSA,DEA,125252.82837129584
2043,FM02_TSA,DEB,164347.17291059424
2043,FM02_TSA,DEC,19134.567120848158
2043,FM02_TSA,DEE,24873.134059828924
2043,FM02_TSA,DED,15632.633841483106
2043,FM02_TSA,DEF,28877.484450750773
2043,FM02_TSA,DEG,79035.6458603868
2043,FM03_Beech,DE1,0.0
2043,FM03_Beech,DE2,0.0
2043,FM03_Beech,DE3,0.0
2043,FM03_Beech,DE4,0.0
2043,FM03_Beech,DE5,0.0
2043,FM03_Beech,DE6,0.0
2043,FM03_Beech,DE7,0.0
2043,FM03_Beech,DE8,0.0
2043,FM03_Beech,DE9,0.0
2043,FM03_Beech,DEA,0.0
2043,FM03_Beech,DEB,0.0
2043,FM03_Beech,DEC,0.0
2043,FM03_Beech,DEE,0.0
2043,FM03_Beech,DED,0.0
2043,FM03_Beech,DEF,0.0
2043,FM03_Beech,DEG,0.0
2043,FM04_DouglasFir,DE1,0.0
2043,FM04_DouglasFir,DE2,0.0
2043,FM04_DouglasFir,DE3,0.0
2043,FM04_DouglasFir,DE4,0.0
2043,FM04_DouglasFir,DE5,0.0
2043,FM04_DouglasFir,DE6,0.0
2043,FM04_DouglasFir,DE7,0.0
2043,FM04_DouglasFir,DE8,0.0
2043,FM04_DouglasFir,DE9,0.0
2043,FM04_DouglasFir,DEA,0.0
2043,FM04_DouglasFir,DEB,0.0
2043,FM04_DouglasFir,DEC,0.0
2043,FM04_DouglasFir,DEE,0.0
2043,FM04_DouglasFir,DED,0.0
2043,FM04_DouglasFir,DEF,0.0
2043,FM04_DouglasFir,DEG,0.0
2043,FM05_Oak,DE1,0.0
2043,FM05_Oak,DE2,0.0
2043,FM05_Oak,DE3,0.0
2043,FM05_Oak,DE4,0.0
2043,FM05_Oak,DE5,0.0
2043,FM05_Oak,DE6,0.0
2043,FM05_Oak,DE7,0.0
2043,FM05_Oak,DE8,0.0
2043,FM05_Oak,DE9,0.0
2043,FM05_Oak,DEA,0.0
2043,FM05_Oak,DEB,0.0
2043,FM05_Oak,DEC,0.0
2043,FM05_Oak,DEE,0.0
2043,FM05_Oak,DED,0.0
2043,FM05_Oak,DEF,0.0
2043,FM05_Oak,DEG,0.0
2043,FM06_ScotPine,DE1,0.0
2043,FM06_ScotPine,DE2,0.0
2043,FM06_ScotPine,DE3,0.0
2043,FM06_ScotPine,DE4,0.0
2043,FM06_ScotPine,DE5,0.0
2043,FM06_ScotPine,DE6,0.0
2043,FM06_ScotPine,DE7,0.0
2043,FM06_ScotPine,DE8,0.0
2043,FM06_ScotPine,DE9,0.0
2043,FM06_ScotPine,DEA,0.0
2043,FM06_ScotPine,DEB,0.0
2043,FM06_ScotPine,DEC,0.0
2043,FM06_ScotPine,DEE,0.0
2043,FM06_ScotPine,DED,0.0
2043,FM06_ScotPine,DEF,0.0
2043,FM06_ScotPine,DEG,0.0
2043,PC_Rewetting,DE1,19708946.871813342
2043,PC_Rewetting,DE2,11763760.507055556
2043,PC_Rewetting,DE3,36119.855558097224
2043,PC_Rewetting,DE4,13332928.970062487
2043,PC_Rewetting,DE5,339423.9907260837
2043,PC_Rewetting,DE6,165383.00449308185
2043,PC_Rewetting,DE7,391112.66015542607
2043,PC_Rewetting,DE8,14843617.173173433
2043,PC_Rewetting,DE9,34656086.35782835
2043,PC_Rewetting,DEA,2377419.5727395774
2043,PC_Rewetting,DEB,33591219.12990138
2043,PC_Rewetting,DEC,41262.80040001374
2043,PC_Rewetting,DEE,4358904.974534432
2043,PC_Rewetting,DED,1590943.0278618194
2043,PC_Rewetting,DEF,8666587.387662524
2043,PC_Rewetting,DEG,56976.77803695829
2044,FM01_PSA,DE1,0.0
2044,FM01_PSA,DE2,0.0
2044,FM01_PSA,DE3,0.0
2044,FM01_PSA,DE4,0.0
2044,FM01_PSA,DE5,0.0
2044,FM01_PSA,DE6,0.0
2044,FM01_PSA,DE7,0.0
2044,FM01_PSA,DE8,0.0
2044,FM01_PSA,DE9,0.0
2044,FM01_PSA,DEA,0.0
2044,FM01_PSA,DEB,0.0
2044,FM01_PSA,DEC,0.0
2044,FM01_PSA,DEE,0.0
2044,FM01_PSA,DED,0.0
2044,FM01_PSA,DEF,0.0
2044,FM01_PSA,DEG,0.0
2044,FM02_TSA,DE1,243159.9994516549
2044,FM02_TSA,DE2,240445.68534492972
2044,FM02_TSA,DE3,85.38002552794174
2044,FM02_TSA,DE4,15319.184050423466
2044,FM02_TSA,DE5,61.21307914631424
2044,FM02_TSA,DE6,314.5511085603035
2044,FM02_TSA,DE7,207352.60703251592
2044,FM02_TSA,DE8,46473.70288075178
2044,FM02_TSA,DE9,109735.02167155947
2044,FM02_TSA,DEA,129796.87131731378
2044,FM02_TSA,DEB,164992.872406631
2044,FM02_TSA,DEC,19209.744442903677
2044,FM02_TSA,DEE,24970.857493964442
2044,FM02_TSA,DED,15694.052505488142
2044,FM02_TSA,DEF,28990.94047695698
2044,FM02_TSA,DEG,79346.16703210634
2044,FM03_Beech,DE1,0.0
2044,FM03_Beech,DE2,0.0
2044,FM03_Beech,DE3,0.0
2044,FM03_Beech,DE4,0.0
2044,FM03_Beech,DE5,0.0
2044,FM03_Beech,DE6,0.0
2044,FM03_Beech,DE7,0.0
2044,FM03_Beech,DE8,0.0
2044,FM03_Beech,DE9,0.0
2044,FM03_Beech,DEA,0.0
2044,FM03_Beech,DEB,0.0
2044,FM03_Beech,DEC,0.0
2044,FM03_Beech,DEE,0.0
2044,FM03_Beech,DED,0.0
2044,FM03_Beech,DEF,0.0
2044,FM03_Beech,DEG,0.0
2044,FM04_DouglasFir,DE1,0.0
2044,FM04_DouglasFir,DE2,0.0
2044,FM04_DouglasFir,DE3,0.0
2044,FM04_DouglasFir,DE4,0.0
2044,FM04_DouglasFir,DE5,0.0
2044,FM04_DouglasFir,DE6,0.0
2044,FM04_DouglasFir,DE7,0.0
2044,FM04_DouglasFir,DE8,0.0
2044,FM04_DouglasFir,DE9,0.0
2044,FM04_DouglasFir,DEA,0.0
2044,FM04_DouglasFir,DEB,0.0
2044,FM04_DouglasFir,DEC,0.0
2044,FM04_DouglasFir,DEE,0.0
2044,FM04_DouglasFir,DED,0.0
2044,FM04_DouglasFir,DEF,0.0
2044,FM04_DouglasFir,DEG,0.0
2044,FM05_Oak,DE1,0.0
2044,FM05_Oak,DE2,0.0
2044,FM05_Oak,DE3,0.0
2044,FM05_Oak,DE4,0.0
2044,FM05_Oak,DE5,0.0
2044,FM05_Oak,DE6,0.0
2044,FM05_Oak,DE7,0.0
2044,FM05_Oak,DE8,0.0
2044,FM05_Oak,DE9,0.0
2044,FM05_Oak,DEA,0.0
2044,FM05_Oak,DEB,0.0
2044,FM05_Oak,DEC,0.0
2044,FM05_Oak,DEE,0.0
2044,FM05_Oak,DED,0.0
2044,FM05_Oak,DEF,0.0
2044,FM05_Oak,DEG,0.0
2044,FM06_ScotPine,DE1,0.0
2044,FM06_ScotPine,DE2,0.0
2044,FM06_ScotPine,DE3,0.0
2044,FM06_ScotPine,DE4,0.0
2044,FM06_ScotPine,DE5,0.0
2044,FM06_ScotPine,DE6,0.0
2044,FM06_ScotPine,DE7,0.0
2044,FM06_ScotPine,DE8,0.0
2044,FM06_ScotPine,DE9,0.0
2044,FM06_ScotPine,DEA,0.0
2044,FM06_ScotPine,DEB,0.0
2044,FM06_ScotPine,DEC,0.0
2044,FM06_ScotPine,DEE,0.0
2044,FM06_ScotPine,DED,0.0
2044,FM06_ScotPine,DEF,0.0
2044,FM06_ScotPine,DEG,0.0
2044,PC_Rewetting,DE1,20169223.140016854
2044,PC_Rewetting,DE2,12038487.503959231
2044,PC_Rewetting,DE3,36963.38679456867
2044,PC_Rewetting,DE4,13644301.81156826
2044,PC_Rewetting,DE5,347350.78705905133
2044,PC_Rewetting,DE6,169245.3048294446
2044,PC_Rewetting,DE7,400246.57668756414
2044,PC_Rewetting,DE8,15190270.130510326
2044,PC_Rewetting,DE9,35465433.20944184
2044,PC_Rewetting,DEA,2432941.0481391344
2044,PC_Rewetting,DEB,34375697.42222603
2044,PC_Rewetting,DEC,42226.438280173956
2044,PC_Rewetting,DEE,4460701.40882295
2044,PC_Rewetting,DED,1628097.3884956636
2044,PC_Rewetting,DEF,8868984.021373978
2044,PC_Rewetting,DEG,58307.39498669579
2045,FM01_PSA,DE1,0.0
2045,FM01_PSA,DE2,0.0
2045,FM01_PSA,DE3,0.0
2045,FM01_PSA,DE4,0.0
2045,FM01_PSA,DE5,0.0
2045,FM01_PSA,DE6,0.0
2045,FM01_PSA,DE7,0.0
2045,FM01_PSA,DE8,0.0
2045,FM01_PSA,DE9,0.0
2045,FM01_PSA,DEA,0.0
2045,FM01_PSA,DEB,0.0
2045,FM01_PSA,DEC,0.0
2045,FM01_PSA,DEE,0.0
2045,FM01_PSA,DED,0.0
2045,FM01_PSA,DEF,0.0
2045,FM01_PSA,DEG,0.0
2045,FM02_TSA,DE1,257714.02676835508
2045,FM02_TSA,DE2,254837.25090087784
2045,FM02_TSA,DE3,90.49033654388364
2045,FM02_TSA,DE4,16236.094001246809
2045,FM02_TSA,DE5,64.87690883887811
2045,FM02_TSA,DE6,333.3781583909035
2045,FM02_TSA,DE7,208164.08132173758
2045,FM02_TSA,DE8,48404.40934245255
2045,FM02_TSA,DE9,111843.63818282433
2045,FM02_TSA,DEA,135562.5923731777
2045,FM02_TSA,DEB,165638.5719026678
2045,FM02_TSA,DEC,19284.921764959196
2045,FM02_TSA,DEE,25068.58092809996
2045,FM02_TSA,DED,15755.471169493178
2045,FM02_TSA,DEF,29104.396503163185
2045,FM02_TSA,DEG,79656.6882038259
2045,FM03_Beech,DE1,0.0
2045,FM03_Beech,DE2,0.0
2045,FM03_Beech,DE3,0.0
2045,FM03_Beech,DE4,0.0
2045,FM03_Beech,DE5,0.0
2045,FM03_Beech,DE6,0.0
2045,FM03_Beech,DE7,0.0
2045,FM03_Beech,DE8,0.0
2045,FM03_Beech,DE9,0.0
2045,FM03_Beech,DEA,0.0
2045,FM03_Beech,DEB,0.0
2045,FM03_Beech,DEC,0.0
2045,FM03_Beech,DEE,0.0
2045,FM03_Beech,DED,0.0
2045,FM03_Beech,DEF,0.0
2045,FM03_Beech,DEG,0.0
2045,FM04_DouglasFir,DE1,0.0
2045,FM04_DouglasFir,DE2,0.0
2045,FM04_DouglasFir,DE3,0.0
2045,FM04_DouglasFir,DE4,0.0
2045,FM04_DouglasFir,DE5,0.0
2045,FM04_DouglasFir,DE6,0.0
2045,FM04_DouglasFir,DE7,0.0
2045,FM04_DouglasFir,DE8,0.0
2045,FM04_DouglasFir,DE9,0.0
2045,FM04_DouglasFir,DEA,0.0
2045,FM04_DouglasFir,DEB,0.0
2045,FM04_DouglasFir,DEC,0.0
2045,FM04_DouglasFir,DEE,0.0
2045,FM04_DouglasFir,DED,0.0
2045,FM04_DouglasFir,DEF,0.0
2045,FM04_DouglasFir,DEG,0.0
2045,FM05_Oak,DE1,0.0
2045,FM05_Oak,DE2,0.0
2045,FM05_Oak,DE3,0.0
2045,FM05_Oak,DE4,0.0
2045,FM05_Oak,DE5,0.0
2045,FM05_Oak,DE6,0.0
2045,FM05_Oak,DE7,0.0
2045,FM05_Oak,DE8,0.0
2045,FM05_Oak,DE9,0.0
2045,FM05_Oak,DEA,0.0
2045,FM05_Oak,DEB,0.0
2045,FM05_Oak,DEC,0.0
2045,FM05_Oak,DEE,0.0
2045,FM05_Oak,DED,0.0
2045,FM05_Oak,DEF,0.0
2045,FM05_Oak,DEG,0.0
2045,FM06_ScotPine,DE1,0.0
2045,FM06_ScotPine,DE2,0.0
2045,FM06_ScotPine,DE3,0.0
2045,FM06_ScotPine,DE4,0.0
2045,FM06_ScotPine,DE5,0.0
2045,FM06_ScotPine,DE6,0.0
2045,FM06_ScotPine,DE7,0.0
2045,FM06_ScotPine,DE8,0.0
2045,FM06_ScotPine,DE9,0.0
2045,FM06_ScotPine,DEA,0.0
2045,FM06_ScotPine,DEB,0.0
2045,FM06_ScotPine,DEC,0.0
2045,FM06_ScotPine,DEE,0.0
2045,FM06_ScotPine,DED,0.0
2045,FM06_ScotPine,DEF,0.0
2045,FM06_ScotPine,DEG,0.0
2045,PC_Rewetting,DE1,20629499.408220362
2045,PC_Rewetting,DE2,12313214.500862906
2045,PC_Rewetting,DE3,37806.91803104012
2045,PC_Rewetting,DE4,13955674.653074032
2045,PC_Rewetting,DE5,355277.583392019
2045,PC_Rewetting,DE6,173107.60516580736
2045,PC_Rewetting,DE7,409380.4932197023
2045,PC_Rewetting,DE8,15536923.08784722
2045,PC_Rewetting,DE9,36274780.06105534
2045,PC_Rewetting,DEA,2488462.523538691
2045,PC_Rewetting,DEB,35160175.714550674
2045,PC_Rewetting,DEC,43190.076160334174
2045,PC_Rewetting,DEE,4562497.843111467
2045,PC_Rewetting,DED,1665251.749129508
2045,PC_Rewetting,DEF,9071380.655085431
2045,PC_Rewetting,DEG,59638.0119364333
2046,FM01_PSA,DE1,0.0
2046,FM01_PSA,DE2,0.0
2046,FM01_PSA,DE3,0.0
2046,FM01_PSA,DE4,0.0
2046,FM01_PSA,DE5,0.0
2046,FM01_PSA,DE6,0.0
2046,FM01_PSA,DE7,0.0
2046,FM01_PSA,DE8,0.0
2046,FM01_PSA,DE9,0.0
2046,FM01_PSA,DEA,0.0
2046,FM01_PSA,DEB,0.0
2046,FM01_PSA,DEC,0.0
2046,FM01_PSA,DEE,0.0
2046,FM01_PSA,DED,0.0
2046,FM01_PSA,DEF,0.0
2046,FM01_PSA,DEG,0.0
2046,FM02_TSA,DE1,264200.2640360828
2046,FM02_TSA,DE2,255830.66857278818
2046,FM02_TSA,DE3,90.843089915465
2046,FM02_TSA,DE4,16299.386250110027
2046,FM02_TSA,DE5,65.12981483088525
2046,FM02_TSA,DE6,334.6777476495526
2046,FM02_TSA,DE7,221541.15331189576
2046,FM02_TSA,DE8,48593.10151939759
2046,FM02_TSA,DE9,118566.51754224396
2046,FM02_TSA,DEA,143711.2092188251
2046,FM02_TSA,DEB,166284.27139870462
2046,FM02_TSA,DEC,19360.099087014718
2046,FM02_TSA,DEE,25166.30436223548
2046,FM02_TSA,DED,15816.889833498215
2046,FM02_TSA,DEF,29217.852529369393
2046,FM02_TSA,DEG,79967.20937554547
2046,FM03_Beech,DE1,0.0
2046,FM03_Beech,DE2,0.0
2046,FM03_Beech,DE3,0.0
2046,FM03_Beech,DE4,0.0
2046,FM03_Beech,DE5,0.0
2046,FM03_Beech,DE6,0.0
2046,FM03_Beech,DE7,0.0
2046,FM03_Beech,DE8,0.0
2046,FM03_Beech,DE9,0.0
2046,FM03_Beech,DEA,0.0
2046,FM03_Beech,DEB,0.0
2046,FM03_Beech,DEC,0.0
2046,FM03_Beech,DEE,0.0
2046,FM03_Beech,DED,0.0
2046,FM03_Beech,DEF,0.0
2046,FM03_Beech,DEG,0.0
2046,FM04_DouglasFir,DE1,0.0
2046,FM04_DouglasFir,DE2,0.0
2046,FM04_DouglasFir,DE3,0.0
2046,FM04_DouglasFir,DE4,0.0
2046,FM04_DouglasFir,DE5,0.0
2046,FM04_DouglasFir,DE6,0.0
2046,FM04_DouglasFir,DE7,0.0
2046,FM04_DouglasFir,DE8,0.0
2046,FM04_DouglasFir,DE9,0.0
2046,FM04_DouglasFir,DEA,0.0
2046,FM04_DouglasFir,DEB,0.0
2046,FM04_DouglasFir,DEC,0.0
2046,FM04_DouglasFir,DEE,0.0
2046,FM04_DouglasFir,DED,0.0
2046,FM04_DouglasFir,DEF,0.0
2046,FM04_DouglasFir,DEG,0.0
2046,FM05_Oak,DE1,0.0
2046,FM05_Oak,DE2,0.0
2046,FM05_Oak,DE3,0.0
2046,FM05_Oak,DE4,0.0
2046,FM05_Oak,DE5,0.0
2046,FM05_Oak,DE6,0.0
2046,FM05_Oak,DE7,0.0
2046,FM05_Oak,DE8,0.0
2046,FM05_Oak,DE9,0.0
2046,FM05_Oak,DEA,0.0
2046,FM05_Oak,DEB,0.0
2046,FM05_Oak,DEC,0.0
2046,FM05_Oak,DEE,0.0
2046,FM05_Oak,DED,0.0
2046,FM05_Oak,DEF,0.0
2046,FM05_Oak,DEG,0.0
2046,FM06_ScotPine,DE1,0.0
2046,FM06_ScotPine,DE2,0.0
2046,FM06_ScotPine,DE3,0.0
2046,FM06_ScotPine,DE4,0.0
2046,FM06_ScotPine,DE5,0.0
2046,FM06_ScotPine,DE6,0.0
2046,FM06_ScotPine,DE7,0.0
2046,FM06_ScotPine,DE8,0.0
2046,FM06_ScotPine,DE9,0.0
2046,FM06_ScotPine,DEA,0.0
2046,FM06_ScotPine,DEB,0.0
2046,FM06_ScotPine,DEC,0.0
2046,FM06_ScotPine,DEE,0.0
2046,FM06_ScotPine,DED,0.0
2046,FM06_ScotPine,DEF,0.0
2046,FM06_ScotPine,DEG,0.0
2046,PC_Rewetting,DE1,21089775.67642387
2046,PC_Rewetting,DE2,12587941.497766582
2046,PC_Rewetting,DE3,38650.44926751157
2046,PC_Rewetting,DE4,14267047.494579803
2046,PC_Rewetting,DE5,363204.3797249866
2046,PC_Rewetting,DE6,176969.9055021701
2046,PC_Rewetting,DE7,418514.40975184034
2046,PC_Rewetting,DE8,15883576.045184111
2046,PC_Rewetting,DE9,37084126.91266883
2046,PC_Rewetting,DEA,2543983.9989382476
2046,PC_Rewetting,DEB,35944654.00687532
2046,PC_Rewetting,DEC,44153.71404049439
2046,PC_Rewetting,DEE,4664294.277399984
2046,PC_Rewetting,DED,1702406.1097633522
2046,PC_Rewetting,DEF,9273777.288796885
2046,PC_Rewetting,DEG,60968.62888617081
2047,FM01_PSA,DE1,0.0
2047,FM01_PSA,DE2,0.0
2047,FM01_PSA,DE3,0.0
2047,FM01_PSA,DE4,0.0
2047,FM01_PSA,DE5,0.0
2047,FM01_PSA,DE6,0.0
2047,FM01_PSA,DE7,0.0
2047,FM01_PSA,DE8,0.0
2047,FM01_PSA,DE9,0.0
2047,FM01_PSA,DEA,0.0
2047,FM01_PSA,DEB,0.0
2047,FM01_PSA,DEC,0.0
2047,FM01_PSA,DEE,0.0
2047,FM01_PSA,DED,0.0
2047,FM01_PSA,DEF,0.0
2047,FM01_PSA,DEG,0.0
2047,FM02_TSA,DE1,265226.181736572
2047,FM02_TSA,DE2,264785.8243231088
2047,FM02_TSA,DE3,96.20352036221671
2047,FM02_TSA,DE4,17261.173507674255
2047,FM02_TSA,DE5,68.97296726807842
2047,FM02_TSA,DE6,354.42626996446273
2047,FM02_TSA,DE7,222401.4211522732
2047,FM02_TSA,DE8,51507.551800479705
2047,FM02_TSA,DE9,125463.06105824347
2047,FM02_TSA,DEA,152070.31960394216
2047,FM02_TSA,DEB,166929.97089474142
2047,FM02_TSA,DEC,19435.276409070237
2047,FM02_TSA,DEE,25264.027796371
2047,FM02_TSA,DED,15878.30849750325
2047,FM02_TSA,DEF,29331.308555575597
2047,FM02_TSA,DEG,80277.73054726502
2047,FM03_Beech,DE1,0.0
2047,FM03_Beech,DE2,0.0
2047,FM03_Beech,DE3,0.0
2047,FM03_Beech,DE4,0.0
2047,FM03_Beech,DE5,0.0
2047,FM03_Beech,DE6,0.0
2047,FM03_Beech,DE7,0.0
2047,FM03_Beech,DE8,0.0
2047,FM03_Beech,DE9,0.0
2047,FM03_Beech,DEA,0.0
2047,FM03_Beech,DEB,0.0
2047,FM03_Beech,DEC,0.0
2047,FM03_Beech,DEE,0.0
2047,FM03_Beech,DED,0.0
2047,FM03_Beech,DEF,0.0
2047,FM03_Beech,DEG,0.0
2047,FM04_DouglasFir,DE1,0.0
2047,FM04_DouglasFir,DE2,0.0
2047,FM04_DouglasFir,DE3,0.0
2047,FM04_DouglasFir,DE4,0.0
2047,FM04_DouglasFir,DE5,0.0
2047,FM04_DouglasFir,DE6,0.0
2047,FM04_DouglasFir,DE7,0.0
2047,FM04_DouglasFir,DE8,0.0
2047,FM04_DouglasFir,DE9,0.0
2047,FM04_DouglasFir,DEA,0.0
2047,FM04_DouglasFir,DEB,0.0
2047,FM04_DouglasFir,DEC,0.0
2047,FM04_DouglasFir,DEE,0.0
2047,FM04_DouglasFir,DED,0.0
2047,FM04_DouglasFir,DEF,0.0
2047,FM04_DouglasFir,DEG,0.0
2047,FM05_Oak,DE1,0.0
2047,FM05_Oak,DE2,0.0
2047,FM05_Oak,DE3,0.0
2047,FM05_Oak,DE4,0.0
2047,FM05_Oak,DE5,0.0
2047,FM05_Oak,DE6,0.0
2047,FM05_Oak,DE7,0.0
2047,FM05_Oak,DE8,0.0
2047,FM05_Oak,DE9,0.0
2047,FM05_Oak,DEA,0.0
2047,FM05_Oak,DEB,0.0
2047,FM05_Oak,DEC,0.0
2047,FM05_Oak,DEE,0.0
2047,FM05_Oak,DED,0.0
2047,FM05_Oak,DEF,0.0
2047,FM05_Oak,DEG,0.0
2047,FM06_ScotPine,DE1,0.0
2047,FM06_ScotPine,DE2,0.0
2047,FM06_ScotPine,DE3,0.0
2047,FM06_ScotPine,DE4,0.0
2047,FM06_ScotPine,DE5,0.0
2047,FM06_ScotPine,DE6,0.0
2047,FM06_ScotPine,DE7,0.0
2047,FM06_ScotPine,DE8,0.0
2047,FM06_ScotPine,DE9,0.0
2047,FM06_ScotPine,DEA,0.0
2047,FM06_ScotPine,DEB,0.0
2047,FM06_ScotPine,DEC,0.0
2047,FM06_ScotPine,DEE,0.0
2047,FM06_ScotPine,DED,0.0
2047,FM06_ScotPine,DEF,0.0
2047,FM06_ScotPine,DEG,0.0
2047,PC_Rewetting,DE1,21550051.94462738
2047,PC_Rewetting,DE2,12862668.494670257
2047,PC_Rewetting,DE3,39493.98050398302
2047,PC_Rewetting,DE4,14578420.336085577
2047,PC_Rewetting,DE5,371131.1760579543
2047,PC_Rewetting,DE6,180832.20583853283
2047,PC_Rewetting,DE7,427648.3262839784
2047,PC_Rewetting,DE8,16230229.002521005
2047,PC_Rewetting,DE9,37893473.76428233
2047,PC_Rewetting,DEA,2599505.4743378046
2047,PC_Rewetting,DEB,36729132.29919997
2047,PC_Rewetting,DEC,45117.35192065461
2047,PC_Rewetting,DEE,4766090.711688502
2047,PC_Rewetting,DED,1739560.4703971965
2047,PC_Rewetting,DEF,9476173.922508338
2047,PC_Rewetting,DEG,62299.24583590831
2048,FM01_PSA,DE1,0.0
2048,FM01_PSA,DE2,0.0
2048,FM01_PSA,DE3,0.0
2048,FM01_PSA,DE4,0.0
2048,FM01_PSA,DE5,0.0
2048,FM01_PSA,DE6,0.0
2048,FM01_PSA,DE7,0.0
2048,FM01_PSA,DE8,0.0
2048,FM01_PSA,DE9,0.0
2048,FM01_PSA,DEA,0.0
2048,FM01_PSA,DEB,0.0
2048,FM01_PSA,DEC,0.0
2048,FM01_PSA,DEE,0.0
2048,FM01_PSA,DED,0.0
2048,FM01_PSA,DEF,0.0
2048,FM01_PSA,DEG,0.0
2048,FM02_TSA,DE1,280846.69204453507
2048,FM02_TSA,DE2,280241.716713107
2048,FM02_TSA,DE3,101.70019844195717
2048,FM02_TSA,DE4,18247.406794075832
2048,FM02_TSA,DE5,72.9138022380428
2048,FM02_TSA,DE6,374.6767462636957
2048,FM02_TSA,DE7,223261.68899265066
2048,FM02_TSA,DE8,54496.163830455356
2048,FM02_TSA,DE9,132534.71739326912
2048,FM02_TSA,DEA,160641.67941236708
2048,FM02_TSA,DEB,178050.53388950133
2048,FM02_TSA,DEC,20730.01823685094
2048,FM02_TSA,DEE,26947.070159015777
2048,FM02_TSA,DED,16936.09176404475
2048,FM02_TSA,DEF,31285.305568590684
2048,FM02_TSA,DEG,85625.68307395745
2048,FM03_Beech,DE1,0.0
2048,FM03_Beech,DE2,0.0
2048,FM03_Beech,DE3,0.0
2048,FM03_Beech,DE4,0.0
2048,FM03_Beech,DE5,0.0
2048,FM03_Beech,DE6,0.0
2048,FM03_Beech,DE7,0.0
2048,FM03_Beech,DE8,0.0
2048,FM03_Beech,DE9,0.0
2048,FM03_Beech,DEA,0.0
2048,FM03_Beech,DEB,0.0
2048,FM03_Beech,DEC,0.0
2048,FM03_Beech,DEE,0.0
2048,FM03_Beech,DED,0.0
2048,FM03_Beech,DEF,0.0
2048,FM03_Beech,DEG,0.0
2048,FM04_DouglasFir,DE1,0.0
2048,FM04_DouglasFir,DE2,0.0
2048,FM04_DouglasFir,DE3,0.0
2048,FM04_DouglasFir,DE4,0.0
2048,FM04_DouglasFir,DE5,0.0
2048,FM04_DouglasFir,DE6,0.0
2048,FM04_DouglasFir,DE7,0.0
2048,FM04_DouglasFir,DE8,0.0
2048,FM04_DouglasFir,DE9,0.0
2048,FM04_DouglasFir,DEA,0.0
2048,FM04_DouglasFir,DEB,0.0
2048,FM04_DouglasFir,DEC,0.0
2048,FM04_DouglasFir,DEE,0.0
2048,FM04_DouglasFir,DED,0.0
2048,FM04_DouglasFir,DEF,0.0
2048,FM04_DouglasFir,DEG,0.0
2048,FM05_Oak,DE1,0.0
2048,FM05_Oak,DE2,0.0
2048,FM05_Oak,DE3,0.0
2048,FM05_Oak,DE4,0.0
2048,FM05_Oak,DE5,0.0
2048,FM05_Oak,DE6,0.0
2048,FM05_Oak,DE7,0.0
2048,FM05_Oak,DE8,0.0
2048,FM05_Oak,DE9,0.0
2048,FM05_Oak,DEA,0.0
2048,FM05_Oak,DEB,0.0
2048,FM05_Oak,DEC,0.0
2048,FM05_Oak,DEE,0.0
2048,FM05_Oak,DED,0.0
2048,FM05_Oak,DEF,0.0
2048,FM05_Oak,DEG,0.0
2048,FM06_ScotPine,DE1,0.0
2048,FM06_ScotPine,DE2,0.0
2048,FM06_ScotPine,DE3,0.0
2048,FM06_ScotPine,DE4,0.0
2048,FM06_ScotPine,DE5,0.0
2048,FM06_ScotPine,DE6,0.0
2048,FM06_ScotPine,DE7,0.0
2048,FM06_ScotPine,DE8,0.0
2048,FM06_ScotPine,DE9,0.0
2048,FM06_ScotPine,DEA,0.0
2048,FM06_ScotPine,DEB,0.0
2048,FM06_ScotPine,DEC,0.0
2048,FM06_ScotPine,DEE,0.0
2048,FM06_ScotPine,DED,0.0
2048,FM06_ScotPine,DEF,0.0
2048,FM06_ScotPine,DEG,0.0
2048,PC_Rewetting,DE1,22010328.21283089
2048,PC_Rewetting,DE2,13137395.491573932
2048,PC_Rewetting,DE3,40337.511740454465
2048,PC_Rewetting,DE4,14889793.177591348
2048,PC_Rewetting,DE5,379057.97239092196
2048,PC_Rewetting,DE6,184694.50617489556
2048,PC_Rewetting,DE7,436782.2428161165
2048,PC_Rewetting,DE8,16576881.959857898
2048,PC_Rewetting,DE9,38702820.61589583
2048,PC_Rewetting,DEA,2655026.949737361
2048,PC_Rewetting,DEB,37513610.591524616
2048,PC_Rewetting,DEC,46080.98980081483
2048,PC_Rewetting,DEE,4867887.145977018
2048,PC_Rewetting,DED,1776714.8310310408
2048,PC_Rewetting,DEF,9678570.556219794
2048,PC_Rewetting,DEG,63629.86278564582
2049,FM01_PSA,DE1,0.0
2049,FM01_PSA,DE2,32272.03547294984
2049,FM01_PSA,DE3,0.0
2049,FM01_PSA,DE4,2056.1036492823832
2049,FM01_PSA,DE5,8.215870701877812
2049,FM01_PSA,DE6,42.21828526035506
2049,FM01_PSA,DE7,29437.58754332247
2049,FM01_PSA,DE8,6237.587444230575
2049,FM01_PSA,DE9,14728.367892853761
2049,FM01_PSA,DEA,0.0
2049,FM01_PSA,DEB,0.0
2049,FM01_PSA,DEC,2727.183138980989
2049,FM01_PSA,DEE,0.0
2049,FM01_PSA,DED,0.0
2049,FM01_PSA,DEF,0.0
2049,FM01_PSA,DEG,0.0
2049,FM02_TSA,DE1,296858.4419867009
2049,FM02_TSA,DE2,281321.53894999955
2049,FM02_TSA,DE3,107.33425129563703
2049,FM02_TSA,DE4,18317.717366866247
2049,FM02_TSA,DE5,73.1947523619447
2049,FM02_TSA,DE6,376.1204438223867
2049,FM02_TSA,DE7,224121.9568330281
2049,FM02_TSA,DE8,54706.14744823952
2049,FM02_TSA,DE9,133045.3977326564
2049,FM02_TSA,DEA,169427.0445279381
2049,FM02_TSA,DEB,189451.89826555268
2049,FM02_TSA,DEC,20809.894762465632
2049,FM02_TSA,DEE,28672.610425806713
2049,FM02_TSA,DED,18020.58473966229
2049,FM02_TSA,DEF,33288.64226526679
2049,FM02_TSA,DEG,91108.6748479689
2049,FM03_Beech,DE1,591105.7527892418
2049,FM03_Beech,DE2,859493.1203758749
2049,FM03_Beech,DE3,217.28642294147758
2049,FM03_Beech,DE4,28777.87537774792
2049,FM03_Beech,DE5,155.78316968976927
2049,FM03_Beech,DE6,800.5114169118754
2049,FM03_Beech,DE7,436073.3083625314
2049,FM03_Beech,DE8,100107.96612588991
2049,FM03_Beech,DE9,308153.68168650276
2049,FM03_Beech,DEA,455506.9134394509
2049,FM03_Beech,DEB,344320.4071632215
2049,FM03_Beech,DEC,36637.52602034259
2049,FM03_Beech,DEE,55455.84177148614
2049,FM03_Beech,DED,31444.011134165277
2049,FM03_Beech,DEF,75452.10833817466
2049,FM03_Beech,DEG,158779.72375628815
2049,FM04_DouglasFir,DE1,54133.14401672186
2049,FM04_DouglasFir,DE2,52018.254730501016
2049,FM04_DouglasFir,DE3,12.481300442966115
2049,FM04_DouglasFir,DE4,4002.534261462543
2049,FM04_DouglasFir,DE5,18.903668840024864
2049,FM04_DouglasFir,DE6,90.84913062754114
2049,FM04_DouglasFir,DE7,29144.215458178034
2049,FM04_DouglasFir,DE8,9449.451196715518
2049,FM04_DouglasFir,DE9,33989.128078794565
2049,FM04_DouglasFir,DEA,32280.93057039557
2049,FM04_DouglasFir,DEB,54794.62764554714
2049,FM04_DouglasFir,DEC,5181.215292472344
2049,FM04_DouglasFir,DEE,2022.2492638594954
2049,FM04_DouglasFir,DED,2150.317295446776
2049,FM04_DouglasFir,DEF,3976.1802820389958
2049,FM04_DouglasFir,DEG,4464.442348946685
2049,FM05_Oak,DE1,123496.73154382147
2049,FM05_Oak,DE2,268016.9788338826
2049,FM05_Oak,DE3,5106.837680502055
2049,FM05_Oak,DE4,96752.30904065531
2049,FM05_Oak,DE5,254.06145733150174
2049,FM05_Oak,DE6,1105.6241750465335
2049,FM05_Oak,DE7,102451.53108129841
2049,FM05_Oak,DE8,67920.22299274325
2049,FM05_Oak,DE9,217429.79974545527
2049,FM05_Oak,DEA,290922.62181154394
2049,FM05_Oak,DEB,134144.98671918284
2049,FM05_Oak,DEC,22272.487194724064
2049,FM05_Oak,DEE,81037.40279989775
2049,FM05_Oak,DED,66729.34127496352
2049,FM05_Oak,DEF,34296.08461737199
2049,FM05_Oak,DEG,44930.015540367574
2049,FM06_ScotPine,DE1,24816.31803872494
2049,FM06_ScotPine,DE2,600316.269724402
2049,FM06_ScotPine,DE3,12491.902122547219
2049,FM06_ScotPine,DE4,901895.2782131694
2049,FM06_ScotPine,DE5,127.56209895626037
2049,FM06_ScotPine,DE6,630.0348544837046
2049,FM06_ScotPine,DE7,58495.184835090324
2049,FM06_ScotPine,DE8,273230.9352127814
2049,FM06_ScotPine,DE9,523805.0224941111
2049,FM06_ScotPine,DEA,91746.08853048709
2049,FM06_ScotPine,DEB,57363.1334238611
2049,FM06_ScotPine,DEC,1432.3366429469168
2049,FM06_ScotPine,DEE,280267.33900408604
2049,FM06_ScotPine,DED,167121.50096386872
2049,FM06_ScotPine,DEF,9894.650753818312
2049,FM06_ScotPine,DEG,67664.7416686604
2049,PC_Rewetting,DE1,23355633.18260698
2049,PC_Rewetting,DE2,17574505.329729278
2049,PC_Rewetting,DE3,53961.36665942016
2049,PC_Rewetting,DE4,19918769.266403124
2049,PC_Rewetting,DE5,507083.4900519933
2049,PC_Rewetting,DE6,247074.43611820048
2049,PC_Rewetting,DE7,584303.9329390922
2049,PC_Rewetting,DE8,22175666.44322076
2049,PC_Rewetting,DE9,51774564.26777084
2049,PC_Rewetting,DEA,3551753.108800099
2049,PC_Rewetting,DEB,38415014.07855605
2049,PC_Rewetting,DEC,61644.684547484554
2049,PC_Rewetting,DEE,6511999.1741410475
2049,PC_Rewetting,DED,2376794.1132160565
2049,PC_Rewetting,DEF,12834511.549728913
2049,PC_Rewetting,DEG,85120.62861877815
2050,FM01_PSA,DE1,0.0
2050,FM01_PSA,DE2,32932.463254050526
2050,FM01_PSA,DE3,0.0
2050,FM01_PSA,DE4,2098.180572876086
2050,FM01_PSA,DE5,8.384003550578951
2050,FM01_PSA,DE6,43.08225705661014
2050,FM01_PSA,DE7,30040.01005362521
2050,FM01_PSA,DE8,6365.235916811971
2050,FM01_PSA,DE9,15029.775076632579
2050,FM01_PSA,DEA,0.0
2050,FM01_PSA,DEB,0.0
2050,FM01_PSA,DEC,2782.9933004020772
2050,FM01_PSA,DEE,0.0
2050,FM01_PSA,DED,0.0
2050,FM01_PSA,DEF,0.0
2050,FM01_PSA,DEG,0.0
2050,FM02_TSA,DE1,297997.9009419695
2050,FM02_TSA,DE2,282401.3611868921
2050,FM02_TSA,DE3,107.74624218606736
2050,FM02_TSA,DE4,18388.02793965666
2050,FM02_TSA,DE5,73.47570248584657
2050,FM02_TSA,DE6,377.56414138107766
2050,FM02_TSA,DE7,224982.22467340552
2050,FM02_TSA,DE8,54916.13106602369
2050,FM02_TSA,DE9,133556.0780720437
2050,FM02_TSA,DEA,170077.37187541064
2050,FM02_TSA,DEB,190179.08884375085
2050,FM02_TSA,DEC,20889.771288080323
2050,FM02_TSA,DEE,28782.66713331337
2050,FM02_TSA,DED,18089.754801067193
2050,FM02_TSA,DEF,33416.41711069157
2050,FM02_TSA,DEG,91458.38562177542
2050,FM03_Beech,DE1,1203925.67570901
2050,FM03_Beech,DE2,1740458.0228314698
2050,FM03_Beech,DE3,442.19727590534046
2050,FM03_Beech,DE4,58923.75276849912
2050,FM03_Beech,DE5,317.03266286117145
2050,FM03_Beech,DE6,1629.1122247656274
2050,FM03_Beech,DE7,891732.535475453
2050,FM03_Beech,DE8,204366.03051310513
2050,FM03_Beech,DE9,626106.6927661074
2050,FM03_Beech,DEA,922891.324049336
2050,FM03_Beech,DEB,704225.5568555929
2050,FM03_Beech,DEC,75089.54812664696
2050,FM03_Beech,DEE,113270.35746081537
2050,FM03_Beech,DED,64370.436411253024
2050,FM03_Beech,DEF,153642.61583517943
2050,FM03_Beech,DEG,325054.25359621533
2050,FM04_DouglasFir,DE1,110326.82370737114
2050,FM04_DouglasFir,DE2,105357.45015813688
2050,FM04_DouglasFir,DE3,25.415182104556163
2050,FM04_DouglasFir,DE4,8205.796507363833
2050,FM04_DouglasFir,DE5,38.49279874391693
2050,FM04_DouglasFir,DE6,184.99251816670954
2050,FM04_DouglasFir,DE7,59663.33908051136
2050,FM04_DouglasFir,DE8,19308.002778623904
2050,FM04_DouglasFir,DE9,69089.18924029682
2050,FM04_DouglasFir,DEA,65418.99129758602
2050,FM04_DouglasFir,DEB,112195.79581489568
2050,FM04_DouglasFir,DEC,10634.048999545606
2050,FM04_DouglasFir,DEE,4134.482758339953
2050,FM04_DouglasFir,DED,4407.5138029693835
2050,FM04_DouglasFir,DEF,8101.782410704475
2050,FM04_DouglasFir,DEG,9151.079510361242
2050,FM05_Oak,DE1,251564.75329368535
2050,FM05_Oak,DE2,542753.1936260603
2050,FM05_Oak,DE3,10394.136377220677
2050,FM05_Oak,DE4,198156.52373541787
2050,FM05_Oak,DE5,517.1007188619805
2050,FM05_Oak,DE6,2250.3179416221415
2050,FM05_Oak,DE7,209552.99465929554
2050,FM05_Oak,DE8,138682.34454259282
2050,FM05_Oak,DE9,441814.7714159711
2050,FM05_Oak,DEA,589460.8420398494
2050,FM05_Oak,DEB,274426.291239871
2050,FM05_Oak,DEC,45661.431746433875
2050,FM05_Oak,DEE,165554.88270972657
2050,FM05_Oak,DED,136640.17212142245
2050,FM05_Oak,DEF,69846.20068234837
2050,FM05_Oak,DEG,92004.86062503787
2050,FM06_ScotPine,DE1,50558.94397308372
2050,FM06_ScotPine,DE2,1215740.8203455957
2050,FM06_ScotPine,DE3,25428.659847012143
2050,FM06_ScotPine,DE4,1847702.3703757222
2050,FM06_ScotPine,DE5,259.666877942862
2050,FM06_ScotPine,DE6,1282.5062067618164
2050,FM06_ScotPine,DE7,119676.08494692245
2050,FM06_ScotPine,DE8,558011.4814226994
2050,FM06_ScotPine,DE9,1064474.3443459135
2050,FM06_ScotPine,DEA,185904.15042769242
2050,FM06_ScotPine,DEB,117381.09725598227
2050,FM06_ScotPine,DEC,2937.436502248387
2050,FM06_ScotPine,DEE,572698.9262050643
2050,FM06_ScotPine,DED,342310.43245848047
2050,FM06_ScotPine,DEF,20154.076492017073
2050,FM06_ScotPine,DEG,138600.01012534098
2050,PC_Rewetting,DE1,24768072.263248816
2050,PC_Rewetting,DE2,22327353.93503843
2050,PC_Rewetting,DE3,68554.6767672132
2050,PC_Rewetting,DE4,20326775.058721032
2050,PC_Rewetting,DE5,644219.131326173
2050,PC_Rewetting,DE6,313893.23796097323
2050,PC_Rewetting,DE7,596272.5132225835
2050,PC_Rewetting,DE8,22629901.35283462
2050,PC_Rewetting,DE9,52835087.72850577
2050,PC_Rewetting,DEA,4512289.095039607
2050,PC_Rewetting,DEB,39325286.960411064
2050,PC_Rewetting,DEC,62907.38245941863
2050,PC_Rewetting,DEE,8273104.002521864
2050,PC_Rewetting,DED,3019574.2298772377
2050,PC_Rewetting,DEF,16214494.514018442
2050,PC_Rewetting,DEG,108140.64843859234
