year,techAgri,r,costTechAgri
2020,Agri01_AGC,DE1,0.0
2020,Agri01_AGC,DE2,0.0
2020,Agri01_AGC,DE3,0.0
2020,Agri01_AGC,DE4,0.0
2020,Agri01_AGC,DE5,0.0
2020,Agri01_AGC,DE6,0.0
2020,Agri01_AGC,DE7,0.0
2020,Agri01_AGC,DE8,0.0
2020,Agri01_AGC,DE9,0.0
2020,Agri01_AGC,DEA,0.0
2020,Agri01_AGC,DEB,0.0
2020,Agri01_AGC,DEC,0.0
2020,Agri01_AGC,DEE,0.0
2020,Agri01_AGC,DED,0.0
2020,Agri01_AGC,DEF,0.0
2020,Agri01_AGC,DEG,0.0
2020,Agri02_OFC,DE1,0.0
2020,Agri02_OFC,DE2,0.0
2020,Agri02_OFC,DE3,0.0
2020,Agri02_OFC,DE4,0.0
2020,Agri02_OFC,DE5,0.0
2020,Agri02_OFC,DE6,0.0
2020,Agri02_OFC,DE7,0.0
2020,Agri02_OFC,DE8,0.0
2020,Agri02_OFC,DE9,0.0
2020,Agri02_OFC,DEA,0.0
2020,Agri02_OFC,DEB,0.0
2020,Agri02_OFC,DEC,0.0
2020,Agri02_OFC,DEE,0.0
2020,Agri02_OFC,DED,0.0
2020,Agri02_OFC,DEF,0.0
2020,Agri02_OFC,DEG,0.0
2020,Agri03_No-till,DE1,0.0
2020,Agri03_No-till,DE2,0.0
2020,Agri03_No-till,DE3,0.0
2020,Agri03_No-till,DE4,0.0
2020,Agri03_No-till,DE5,0.0
2020,Agri03_No-till,DE6,0.0
2020,Agri03_No-till,DE7,0.0
2020,Agri03_No-till,DE8,0.0
2020,Agri03_No-till,DE9,0.0
2020,Agri03_No-till,DEA,0.0
2020,Agri03_No-till,DEB,0.0
2020,Agri03_No-till,DEC,0.0
2020,Agri03_No-till,DEE,0.0
2020,Agri03_No-till,DED,0.0
2020,Agri03_No-till,DEF,0.0
2020,Agri03_No-till,DEG,0.0
2020,Agri04_toGrassland,DE1,0.0
2020,Agri04_toGrassland,DE2,0.0
2020,Agri04_toGrassland,DE3,0.0
2020,Agri04_toGrassland,DE4,0.0
2020,Agri04_toGrassland,DE5,0.0
2020,Agri04_toGrassland,DE6,0.0
2020,Agri04_toGrassland,DE7,0.0
2020,Agri04_toGrassland,DE8,0.0
2020,Agri04_toGrassland,DE9,0.0
2020,Agri04_toGrassland,DEA,0.0
2020,Agri04_toGrassland,DEB,0.0
2020,Agri04_toGrassland,DEC,0.0
2020,Agri04_toGrassland,DEE,0.0
2020,Agri04_toGrassland,DED,0.0
2020,Agri04_toGrassland,DEF,0.0
2020,Agri04_toGrassland,DEG,0.0
2020,Agri05_Agroforestry,DE1,0.0
2020,Agri05_Agroforestry,DE2,0.0
2020,Agri05_Agroforestry,DE3,0.0
2020,Agri05_Agroforestry,DE4,0.0
2020,Agri05_Agroforestry,DE5,0.0
2020,Agri05_Agroforestry,DE6,0.0
2020,Agri05_Agroforestry,DE7,0.0
2020,Agri05_Agroforestry,DE8,0.0
2020,Agri05_Agroforestry,DE9,0.0
2020,Agri05_Agroforestry,DEA,0.0
2020,Agri05_Agroforestry,DEB,0.0
2020,Agri05_Agroforestry,DEC,0.0
2020,Agri05_Agroforestry,DEE,0.0
2020,Agri05_Agroforestry,DED,0.0
2020,Agri05_Agroforestry,DEF,0.0
2020,Agri05_Agroforestry,DEG,0.0
2020,Agri06_Biochar,DE1,0.0
2020,Agri06_Biochar,DE2,0.0
2020,Agri06_Biochar,DE3,0.0
2020,Agri06_Biochar,DE4,0.0
2020,Agri06_Biochar,DE5,0.0
2020,Agri06_Biochar,DE6,0.0
2020,Agri06_Biochar,DE7,0.0
2020,Agri06_Biochar,DE8,0.0
2020,Agri06_Biochar,DE9,0.0
2020,Agri06_Biochar,DEA,0.0
2020,Agri06_Biochar,DEB,0.0
2020,Agri06_Biochar,DEC,0.0
2020,Agri06_Biochar,DEE,0.0
2020,Agri06_Biochar,DED,0.0
2020,Agri06_Biochar,DEF,0.0
2020,Agri06_Biochar,DEG,0.0
2021,Agri01_AGC,DE1,0.0
2021,Agri01_AGC,DE2,0.0
2021,Agri01_AGC,DE3,0.0
2021,Agri01_AGC,DE4,0.0
2021,Agri01_AGC,DE5,0.0
2021,Agri01_AGC,DE6,0.0
2021,Agri01_AGC,DE7,0.0
2021,Agri01_AGC,DE8,0.0
2021,Agri01_AGC,DE9,0.0
2021,Agri01_AGC,DEA,0.0
2021,Agri01_AGC,DEB,0.0
2021,Agri01_AGC,DEC,0.0
2021,Agri01_AGC,DEE,0.0
2021,Agri01_AGC,DED,0.0
2021,Agri01_AGC,DEF,0.0
2021,Agri01_AGC,DEG,0.0
2021,Agri02_OFC,DE1,0.0
2021,Agri02_OFC,DE2,0.0
2021,Agri02_OFC,DE3,0.0
2021,Agri02_OFC,DE4,0.0
2021,Agri02_OFC,DE5,0.0
2021,Agri02_OFC,DE6,0.0
2021,Agri02_OFC,DE7,0.0
2021,Agri02_OFC,DE8,0.0
2021,Agri02_OFC,DE9,0.0
2021,Agri02_OFC,DEA,0.0
2021,Agri02_OFC,DEB,0.0
2021,Agri02_OFC,DEC,0.0
2021,Agri02_OFC,DEE,0.0
2021,Agri02_OFC,DED,0.0
2021,Agri02_OFC,DEF,0.0
2021,Agri02_OFC,DEG,0.0
2021,Agri03_No-till,DE1,0.0
2021,Agri03_No-till,DE2,0.0
2021,Agri03_No-till,DE3,0.0
2021,Agri03_No-till,DE4,0.0
2021,Agri03_No-till,DE5,0.0
2021,Agri03_No-till,DE6,0.0
2021,Agri03_No-till,DE7,0.0
2021,Agri03_No-till,DE8,0.0
2021,Agri03_No-till,DE9,0.0
2021,Agri03_No-till,DEA,0.0
2021,Agri03_No-till,DEB,0.0
2021,Agri03_No-till,DEC,0.0
2021,Agri03_No-till,DEE,0.0
2021,Agri03_No-till,DED,0.0
2021,Agri03_No-till,DEF,0.0
2021,Agri03_No-till,DEG,0.0
2021,Agri04_toGrassland,DE1,0.0
2021,Agri04_toGrassland,DE2,0.0
2021,Agri04_toGrassland,DE3,0.0
2021,Agri04_toGrassland,DE4,0.0
2021,Agri04_toGrassland,DE5,0.0
2021,Agri04_toGrassland,DE6,0.0
2021,Agri04_toGrassland,DE7,0.0
2021,Agri04_toGrassland,DE8,0.0
2021,Agri04_toGrassland,DE9,0.0
2021,Agri04_toGrassland,DEA,0.0
2021,Agri04_toGrassland,DEB,0.0
2021,Agri04_toGrassland,DEC,0.0
2021,Agri04_toGrassland,DEE,0.0
2021,Agri04_toGrassland,DED,0.0
2021,Agri04_toGrassland,DEF,0.0
2021,Agri04_toGrassland,DEG,0.0
2021,Agri05_Agroforestry,DE1,86734.2226734532
2021,Agri05_Agroforestry,DE2,189114.31484106046
2021,Agri05_Agroforestry,DE3,176.5989671538551
2021,Agri05_Agroforestry,DE4,74784.19126574727
2021,Agri05_Agroforestry,DE5,567.7831540069177
2021,Agri05_Agroforestry,DE6,932.6072750752098
2021,Agri05_Agroforestry,DE7,48774.308285586194
2021,Agri05_Agroforestry,DE8,82505.24228823186
2021,Agri05_Agroforestry,DE9,156158.14100746214
2021,Agri05_Agroforestry,DEA,90625.95381859026
2021,Agri05_Agroforestry,DEB,45093.033193427276
2021,Agri05_Agroforestry,DEC,4794.820820782868
2021,Agri05_Agroforestry,DEE,69161.12280616254
2021,Agri05_Agroforestry,DED,51465.62619973901
2021,Agri05_Agroforestry,DEF,59634.425899475675
2021,Agri05_Agroforestry,DEG,47675.17219315596
2021,Agri06_Biochar,DE1,0.0
2021,Agri06_Biochar,DE2,0.0
2021,Agri06_Biochar,DE3,0.0
2021,Agri06_Biochar,DE4,0.0
2021,Agri06_Biochar,DE5,0.0
2021,Agri06_Biochar,DE6,0.0
2021,Agri06_Biochar,DE7,0.0
2021,Agri06_Biochar,DE8,0.0
2021,Agri06_Biochar,DE9,0.0
2021,Agri06_Biochar,DEA,0.0
2021,Agri06_Biochar,DEB,0.0
2021,Agri06_Biochar,DEC,0.0
2021,Agri06_Biochar,DEE,0.0
2021,Agri06_Biochar,DED,0.0
2021,Agri06_Biochar,DEF,0.0
2021,Agri06_Biochar,DEG,0.0
2022,Agri01_AGC,DE1,0.0
2022,Agri01_AGC,DE2,0.0
2022,Agri01_AGC,DE3,0.0
2022,Agri01_AGC,DE4,0.0
2022,Agri01_AGC,DE5,0.0
2022,Agri01_AGC,DE6,0.0
2022,Agri01_AGC,DE7,0.0
2022,Agri01_AGC,DE8,0.0
2022,Agri01_AGC,DE9,0.0
2022,Agri01_AGC,DEA,0.0
2022,Agri01_AGC,DEB,0.0
2022,Agri01_AGC,DEC,0.0
2022,Agri01_AGC,DEE,0.0
2022,Agri01_AGC,DED,0.0
2022,Agri01_AGC,DEF,0.0
2022,Agri01_AGC,DEG,0.0
2022,Agri02_OFC,DE1,0.0
2022,Agri02_OFC,DE2,0.0
2022,Agri02_OFC,DE3,0.0
2022,Agri02_OFC,DE4,0.0
2022,Agri02_OFC,DE5,0.0
2022,Agri02_OFC,DE6,0.0
2022,Agri02_OFC,DE7,0.0
2022,Agri02_OFC,DE8,0.0
2022,Agri02_OFC,DE9,0.0
2022,Agri02_OFC,DEA,0.0
2022,Agri02_OFC,DEB,0.0
2022,Agri02_OFC,DEC,0.0
2022,Agri02_OFC,DEE,0.0
2022,Agri02_OFC,DED,0.0
2022,Agri02_OFC,DEF,0.0
2022,Agri02_OFC,DEG,0.0
2022,Agri03_No-till,DE1,0.0
2022,Agri03_No-till,DE2,0.0
2022,Agri03_No-till,DE3,0.0
2022,Agri03_No-till,DE4,0.0
2022,Agri03_No-till,DE5,0.0
2022,Agri03_No-till,DE6,0.0
2022,Agri03_No-till,DE7,0.0
2022,Agri03_No-till,DE8,0.0
2022,Agri03_No-till,DE9,0.0
2022,Agri03_No-till,DEA,0.0
2022,Agri03_No-till,DEB,0.0
2022,Agri03_No-till,DEC,0.0
2022,Agri03_No-till,DEE,0.0
2022,Agri03_No-till,DED,0.0
2022,Agri03_No-till,DEF,0.0
2022,Agri03_No-till,DEG,0.0
2022,Agri04_toGrassland,DE1,0.0
2022,Agri04_toGrassland,DE2,0.0
2022,Agri04_toGrassland,DE3,0.0
2022,Agri04_toGrassland,DE4,0.0
2022,Agri04_toGrassland,DE5,0.0
2022,Agri04_toGrassland,DE6,0.0
2022,Agri04_toGrassland,DE7,0.0
2022,Agri04_toGrassland,DE8,0.0
2022,Agri04_toGrassland,DE9,0.0
2022,Agri04_toGrassland,DEA,0.0
2022,Agri04_toGrassland,DEB,0.0
2022,Agri04_toGrassland,DEC,0.0
2022,Agri04_toGrassland,DEE,0.0
2022,Agri04_toGrassland,DED,0.0
2022,Agri04_toGrassland,DEF,0.0
2022,Agri04_toGrassland,DEG,0.0
2022,Agri05_Agroforestry,DE1,217844.1612760621
2022,Agri05_Agroforestry,DE2,429587.80633000674
2022,Agri05_Agroforestry,DE3,17403.068862772416
2022,Agri05_Agroforestry,DE4,195776.54681815108
2022,Agri05_Agroforestry,DE5,18881.520486814017
2022,Agri05_Agroforestry,DE6,3582.505689738084
2022,Agri05_Agroforestry,DE7,106532.75503254603
2022,Agri05_Agroforestry,DE8,208668.42667748814
2022,Agri05_Agroforestry,DE9,360998.1708045716
2022,Agri05_Agroforestry,DEA,225463.77256421247
2022,Agri05_Agroforestry,DEB,119614.27196997828
2022,Agri05_Agroforestry,DEC,35944.15087036967
2022,Agri05_Agroforestry,DEE,170011.62981649712
2022,Agri05_Agroforestry,DED,133048.13043329187
2022,Agri05_Agroforestry,DEF,123350.0869189513
2022,Agri05_Agroforestry,DEG,98615.82542057923
2022,Agri06_Biochar,DE1,0.0
2022,Agri06_Biochar,DE2,0.0
2022,Agri06_Biochar,DE3,0.0
2022,Agri06_Biochar,DE4,0.0
2022,Agri06_Biochar,DE5,0.0
2022,Agri06_Biochar,DE6,0.0
2022,Agri06_Biochar,DE7,0.0
2022,Agri06_Biochar,DE8,0.0
2022,Agri06_Biochar,DE9,0.0
2022,Agri06_Biochar,DEA,0.0
2022,Agri06_Biochar,DEB,0.0
2022,Agri06_Biochar,DEC,0.0
2022,Agri06_Biochar,DEE,0.0
2022,Agri06_Biochar,DED,0.0
2022,Agri06_Biochar,DEF,0.0
2022,Agri06_Biochar,DEG,0.0
2023,Agri01_AGC,DE1,0.0
2023,Agri01_AGC,DE2,0.0
2023,Agri01_AGC,DE3,0.0
2023,Agri01_AGC,DE4,0.0
2023,Agri01_AGC,DE5,0.0
2023,Agri01_AGC,DE6,0.0
2023,Agri01_AGC,DE7,0.0
2023,Agri01_AGC,DE8,0.0
2023,Agri01_AGC,DE9,0.0
2023,Agri01_AGC,DEA,0.0
2023,Agri01_AGC,DEB,0.0
2023,Agri01_AGC,DEC,0.0
2023,Agri01_AGC,DEE,0.0
2023,Agri01_AGC,DED,0.0
2023,Agri01_AGC,DEF,0.0
2023,Agri01_AGC,DEG,0.0
2023,Agri02_OFC,DE1,0.0
2023,Agri02_OFC,DE2,0.0
2023,Agri02_OFC,DE3,0.0
2023,Agri02_OFC,DE4,0.0
2023,Agri02_OFC,DE5,0.0
2023,Agri02_OFC,DE6,0.0
2023,Agri02_OFC,DE7,0.0
2023,Agri02_OFC,DE8,0.0
2023,Agri02_OFC,DE9,0.0
2023,Agri02_OFC,DEA,0.0
2023,Agri02_OFC,DEB,0.0
2023,Agri02_OFC,DEC,0.0
2023,Agri02_OFC,DEE,0.0
2023,Agri02_OFC,DED,0.0
2023,Agri02_OFC,DEF,0.0
2023,Agri02_OFC,DEG,0.0
2023,Agri03_No-till,DE1,0.0
2023,Agri03_No-till,DE2,0.0
2023,Agri03_No-till,DE3,0.0
2023,Agri03_No-till,DE4,0.0
2023,Agri03_No-till,DE5,0.0
2023,Agri03_No-till,DE6,0.0
2023,Agri03_No-till,DE7,0.0
2023,Agri03_No-till,DE8,0.0
2023,Agri03_No-till,DE9,0.0
2023,Agri03_No-till,DEA,0.0
2023,Agri03_No-till,DEB,0.0
2023,Agri03_No-till,DEC,0.0
2023,Agri03_No-till,DEE,0.0
2023,Agri03_No-till,DED,0.0
2023,Agri03_No-till,DEF,0.0
2023,Agri03_No-till,DEG,0.0
2023,Agri04_toGrassland,DE1,0.0
2023,Agri04_toGrassland,DE2,0.0
2023,Agri04_toGrassland,DE3,0.0
2023,Agri04_toGrassland,DE4,0.0
2023,Agri04_toGrassland,DE5,0.0
2023,Agri04_toGrassland,DE6,0.0
2023,Agri04_toGrassland,DE7,0.0
2023,Agri04_toGrassland,DE8,0.0
2023,Agri04_toGrassland,DE9,0.0
2023,Agri04_toGrassland,DEA,0.0
2023,Agri04_toGrassland,DEB,0.0
2023,Agri04_toGrassland,DEC,0.0
2023,Agri04_toGrassland,DEE,0.0
2023,Agri04_toGrassland,DED,0.0
2023,Agri04_toGrassland,DEF,0.0
2023,Agri04_toGrassland,DEG,0.0
2023,Agri05_Agroforestry,DE1,398546.8010804562
2023,Agri05_Agroforestry,DE2,726108.8429365371
2023,Agri05_Agroforestry,DE3,18257.519886389975
2023,Agri05_Agroforestry,DE4,368645.72271465167
2023,Agri05_Agroforestry,DE5,57546.433575104005
2023,Agri05_Agroforestry,DE6,8188.455244204906
2023,Agri05_Agroforestry,DE7,173856.77012318047
2023,Agri05_Agroforestry,DE8,383665.13936036977
2023,Agri05_Agroforestry,DE9,619315.3852460006
2023,Agri05_Agroforestry,DEA,409647.11294419534
2023,Agri05_Agroforestry,DEB,227212.41086842166
2023,Agri05_Agroforestry,DEC,97256.89848503805
2023,Agri05_Agroforestry,DEE,306167.188645222
2023,Agri05_Agroforestry,DED,248400.71487540356
2023,Agri05_Agroforestry,DEF,190841.06305281425
2023,Agri05_Agroforestry,DEG,152577.78861950175
2023,Agri06_Biochar,DE1,0.0
2023,Agri06_Biochar,DE2,0.0
2023,Agri06_Biochar,DE3,0.0
2023,Agri06_Biochar,DE4,0.0
2023,Agri06_Biochar,DE5,0.0
2023,Agri06_Biochar,DE6,0.0
2023,Agri06_Biochar,DE7,0.0
2023,Agri06_Biochar,DE8,0.0
2023,Agri06_Biochar,DE9,0.0
2023,Agri06_Biochar,DEA,0.0
2023,Agri06_Biochar,DEB,0.0
2023,Agri06_Biochar,DEC,0.0
2023,Agri06_Biochar,DEE,0.0
2023,Agri06_Biochar,DED,0.0
2023,Agri06_Biochar,DEF,0.0
2023,Agri06_Biochar,DEG,0.0
2024,Agri01_AGC,DE1,0.0
2024,Agri01_AGC,DE2,0.0
2024,Agri01_AGC,DE3,0.0
2024,Agri01_AGC,DE4,0.0
2024,Agri01_AGC,DE5,0.0
2024,Agri01_AGC,DE6,0.0
2024,Agri01_AGC,DE7,0.0
2024,Agri01_AGC,DE8,0.0
2024,Agri01_AGC,DE9,0.0
2024,Agri01_AGC,DEA,0.0
2024,Agri01_AGC,DEB,0.0
2024,Agri01_AGC,DEC,0.0
2024,Agri01_AGC,DEE,0.0
2024,Agri01_AGC,DED,0.0
2024,Agri01_AGC,DEF,0.0
2024,Agri01_AGC,DEG,0.0
2024,Agri02_OFC,DE1,0.0
2024,Agri02_OFC,DE2,0.0
2024,Agri02_OFC,DE3,0.0
2024,Agri02_OFC,DE4,0.0
2024,Agri02_OFC,DE5,0.0
2024,Agri02_OFC,DE6,0.0
2024,Agri02_OFC,DE7,0.0
2024,Agri02_OFC,DE8,0.0
2024,Agri02_OFC,DE9,0.0
2024,Agri02_OFC,DEA,0.0
2024,Agri02_OFC,DEB,0.0
2024,Agri02_OFC,DEC,0.0
2024,Agri02_OFC,DEE,0.0
2024,Agri02_OFC,DED,0.0
2024,Agri02_OFC,DEF,0.0
2024,Agri02_OFC,DEG,0.0
2024,Agri03_No-till,DE1,0.0
2024,Agri03_No-till,DE2,0.0
2024,Agri03_No-till,DE3,0.0
2024,Agri03_No-till,DE4,0.0
2024,Agri03_No-till,DE5,0.0
2024,Agri03_No-till,DE6,0.0
2024,Agri03_No-till,DE7,0.0
2024,Agri03_No-till,DE8,0.0
2024,Agri03_No-till,DE9,0.0
2024,Agri03_No-till,DEA,0.0
2024,Agri03_No-till,DEB,0.0
2024,Agri03_No-till,DEC,0.0
2024,Agri03_No-till,DEE,0.0
2024,Agri03_No-till,DED,0.0
2024,Agri03_No-till,DEF,0.0
2024,Agri03_No-till,DEG,0.0
2024,Agri04_toGrassland,DE1,0.0
2024,Agri04_toGrassland,DE2,0.0
2024,Agri04_toGrassland,DE3,0.0
2024,Agri04_toGrassland,DE4,0.0
2024,Agri04_toGrassland,DE5,0.0
2024,Agri04_toGrassland,DE6,0.0
2024,Agri04_toGrassland,DE7,0.0
2024,Agri04_toGrassland,DE8,0.0
2024,Agri04_toGrassland,DE9,0.0
2024,Agri04_toGrassland,DEA,0.0
2024,Agri04_toGrassland,DEB,0.0
2024,Agri04_toGrassland,DEC,0.0
2024,Agri04_toGrassland,DEE,0.0
2024,Agri04_toGrassland,DED,0.0
2024,Agri04_toGrassland,DEF,0.0
2024,Agri04_toGrassland,DEG,0.0
2024,Agri05_Agroforestry,DE1,634059.127359265
2024,Agri05_Agroforestry,DE2,1083365.7931303491
2024,Agri05_Agroforestry,DE3,19111.97091000753
2024,Agri05_Agroforestry,DE4,599060.3750126892
2024,Agri05_Agroforestry,DE5,119167.74399555956
2024,Agri05_Agroforestry,DE6,14989.215938691952
2024,Agri05_Agroforestry,DE7,251327.78343979036
2024,Agri05_Agroforestry,DE8,612670.9665294774
2024,Agri05_Agroforestry,DE9,935905.0801864212
2024,Agri05_Agroforestry,DEA,648309.6316658676
2024,Agri05_Agroforestry,DEB,371536.144427526
2024,Agri05_Agroforestry,DEC,192541.97200106565
2024,Agri05_Agroforestry,DEE,481243.46690655535
2024,Agri05_Agroforestry,DED,401176.5817008191
2024,Agri05_Agroforestry,DEF,261801.43429545182
2024,Agri05_Agroforestry,DEG,209316.89072715538
2024,Agri06_Biochar,DE1,0.0
2024,Agri06_Biochar,DE2,0.0
2024,Agri06_Biochar,DE3,0.0
2024,Agri06_Biochar,DE4,0.0
2024,Agri06_Biochar,DE5,0.0
2024,Agri06_Biochar,DE6,0.0
2024,Agri06_Biochar,DE7,0.0
2024,Agri06_Biochar,DE8,0.0
2024,Agri06_Biochar,DE9,0.0
2024,Agri06_Biochar,DEA,0.0
2024,Agri06_Biochar,DEB,0.0
2024,Agri06_Biochar,DEC,0.0
2024,Agri06_Biochar,DEE,0.0
2024,Agri06_Biochar,DED,0.0
2024,Agri06_Biochar,DEF,0.0
2024,Agri06_Biochar,DEG,0.0
2025,Agri01_AGC,DE1,0.0
2025,Agri01_AGC,DE2,0.0
2025,Agri01_AGC,DE3,0.0
2025,Agri01_AGC,DE4,0.0
2025,Agri01_AGC,DE5,0.0
2025,Agri01_AGC,DE6,0.0
2025,Agri01_AGC,DE7,0.0
2025,Agri01_AGC,DE8,0.0
2025,Agri01_AGC,DE9,0.0
2025,Agri01_AGC,DEA,0.0
2025,Agri01_AGC,DEB,0.0
2025,Agri01_AGC,DEC,0.0
2025,Agri01_AGC,DEE,0.0
2025,Agri01_AGC,DED,0.0
2025,Agri01_AGC,DEF,0.0
2025,Agri01_AGC,DEG,0.0
2025,Agri02_OFC,DE1,0.0
2025,Agri02_OFC,DE2,0.0
2025,Agri02_OFC,DE3,0.0
2025,Agri02_OFC,DE4,0.0
2025,Agri02_OFC,DE5,0.0
2025,Agri02_OFC,DE6,0.0
2025,Agri02_OFC,DE7,0.0
2025,Agri02_OFC,DE8,0.0
2025,Agri02_OFC,DE9,0.0
2025,Agri02_OFC,DEA,0.0
2025,Agri02_OFC,DEB,0.0
2025,Agri02_OFC,DEC,0.0
2025,Agri02_OFC,DEE,0.0
2025,Agri02_OFC,DED,0.0
2025,Agri02_OFC,DEF,0.0
2025,Agri02_OFC,DEG,0.0
2025,Agri03_No-till,DE1,0.0
2025,Agri03_No-till,DE2,0.0
2025,Agri03_No-till,DE3,0.0
2025,Agri03_No-till,DE4,0.0
2025,Agri03_No-till,DE5,0.0
2025,Agri03_No-till,DE6,0.0
2025,Agri03_No-till,DE7,0.0
2025,Agri03_No-till,DE8,0.0
2025,Agri03_No-till,DE9,0.0
2025,Agri03_No-till,DEA,0.0
2025,Agri03_No-till,DEB,0.0
2025,Agri03_No-till,DEC,0.0
2025,Agri03_No-till,DEE,0.0
2025,Agri03_No-till,DED,0.0
2025,Agri03_No-till,DEF,0.0
2025,Agri03_No-till,DEG,0.0
2025,Agri04_toGrassland,DE1,0.0
2025,Agri04_toGrassland,DE2,0.0
2025,Agri04_toGrassland,DE3,0.0
2025,Agri04_toGrassland,DE4,0.0
2025,Agri04_toGrassland,DE5,0.0
2025,Agri04_toGrassland,DE6,0.0
2025,Agri04_toGrassland,DE7,0.0
2025,Agri04_toGrassland,DE8,0.0
2025,Agri04_toGrassland,DE9,0.0
2025,Agri04_toGrassland,DEA,0.0
2025,Agri04_toGrassland,DEB,0.0
2025,Agri04_toGrassland,DEC,0.0
2025,Agri04_toGrassland,DEE,0.0
2025,Agri04_toGrassland,DED,0.0
2025,Agri04_toGrassland,DEF,0.0
2025,Agri04_toGrassland,DEG,0.0
2025,Agri05_Agroforestry,DE1,929598.1253851178
2025,Agri05_Agroforestry,DE2,1506047.0253811418
2025,Agri05_Agroforestry,DE3,19966.42193362509
2025,Agri05_Agroforestry,DE4,892689.1597697039
2025,Agri05_Agroforestry,DE5,163913.24745725648
2025,Agri05_Agroforestry,DE6,24223.54777341551
2025,Agri05_Agroforestry,DE7,339527.22486467677
2025,Agri05_Agroforestry,DE8,900861.4943774123
2025,Agri05_Agroforestry,DE9,1315562.5514805056
2025,Agri05_Agroforestry,DEA,946584.9854365578
2025,Agri05_Agroforestry,DEB,556234.16718606
2025,Agri05_Agroforestry,DEC,325608.27975473023
2025,Agri05_Agroforestry,DEE,698856.1322147155
2025,Agri05_Agroforestry,DED,595028.9330842835
2025,Agri05_Agroforestry,DEF,335925.28064125136
2025,Agri05_Agroforestry,DEG,268588.960680772
2025,Agri06_Biochar,DE1,0.0
2025,Agri06_Biochar,DE2,0.0
2025,Agri06_Biochar,DE3,0.0
2025,Agri06_Biochar,DE4,0.0
2025,Agri06_Biochar,DE5,0.0
2025,Agri06_Biochar,DE6,0.0
2025,Agri06_Biochar,DE7,0.0
2025,Agri06_Biochar,DE8,0.0
2025,Agri06_Biochar,DE9,0.0
2025,Agri06_Biochar,DEA,0.0
2025,Agri06_Biochar,DEB,0.0
2025,Agri06_Biochar,DEC,0.0
2025,Agri06_Biochar,DEE,0.0
2025,Agri06_Biochar,DED,0.0
2025,Agri06_Biochar,DEF,0.0
2025,Agri06_Biochar,DEG,0.0
2026,Agri01_AGC,DE1,0.0
2026,Agri01_AGC,DE2,0.0
2026,Agri01_AGC,DE3,0.0
2026,Agri01_AGC,DE4,0.0
2026,Agri01_AGC,DE5,0.0
2026,Agri01_AGC,DE6,0.0
2026,Agri01_AGC,DE7,0.0
2026,Agri01_AGC,DE8,0.0
2026,Agri01_AGC,DE9,0.0
2026,Agri01_AGC,DEA,0.0
2026,Agri01_AGC,DEB,0.0
2026,Agri01_AGC,DEC,0.0
2026,Agri01_AGC,DEE,0.0
2026,Agri01_AGC,DED,0.0
2026,Agri01_AGC,DEF,0.0
2026,Agri01_AGC,DEG,0.0
2026,Agri02_OFC,DE1,0.0
2026,Agri02_OFC,DE2,0.0
2026,Agri02_OFC,DE3,0.0
2026,Agri02_OFC,DE4,0.0
2026,Agri02_OFC,DE5,0.0
2026,Agri02_OFC,DE6,0.0
2026,Agri02_OFC,DE7,0.0
2026,Agri02_OFC,DE8,0.0
2026,Agri02_OFC,DE9,0.0
2026,Agri02_OFC,DEA,0.0
2026,Agri02_OFC,DEB,0.0
2026,Agri02_OFC,DEC,0.0
2026,Agri02_OFC,DEE,0.0
2026,Agri02_OFC,DED,0.0
2026,Agri02_OFC,DEF,0.0
2026,Agri02_OFC,DEG,0.0
2026,Agri03_No-till,DE1,0.0
2026,Agri03_No-till,DE2,0.0
2026,Agri03_No-till,DE3,0.0
2026,Agri03_No-till,DE4,0.0
2026,Agri03_No-till,DE5,0.0
2026,Agri03_No-till,DE6,0.0
2026,Agri03_No-till,DE7,0.0
2026,Agri03_No-till,DE8,0.0
2026,Agri03_No-till,DE9,0.0
2026,Agri03_No-till,DEA,0.0
2026,Agri03_No-till,DEB,0.0
2026,Agri03_No-till,DEC,0.0
2026,Agri03_No-till,DEE,0.0
2026,Agri03_No-till,DED,0.0
2026,Agri03_No-till,DEF,0.0
2026,Agri03_No-till,DEG,0.0
2026,Agri04_toGrassland,DE1,0.0
2026,Agri04_toGrassland,DE2,0.0
2026,Agri04_toGrassland,DE3,0.0
2026,Agri04_toGrassland,DE4,0.0
2026,Agri04_toGrassland,DE5,0.0
2026,Agri04_toGrassland,DE6,0.0
2026,Agri04_toGrassland,DE7,0.0
2026,Agri04_toGrassland,DE8,0.0
2026,Agri04_toGrassland,DE9,0.0
2026,Agri04_toGrassland,DEA,0.0
2026,Agri04_toGrassland,DEB,0.0
2026,Agri04_toGrassland,DEC,0.0
2026,Agri04_toGrassland,DEE,0.0
2026,Agri04_toGrassland,DED,0.0
2026,Agri04_toGrassland,DEF,0.0
2026,Agri04_toGrassland,DEG,0.0
2026,Agri05_Agroforestry,DE1,1290380.780430644
2026,Agri05_Agroforestry,DE2,1998840.9081586122
2026,Agri05_Agroforestry,DE3,20820.872957242642
2026,Agri05_Agroforestry,DE4,1255200.7330431356
2026,Agri05_Agroforestry,DE5,170927.81634395642
2026,Agri05_Agroforestry,DE6,36130.210748591846
2026,Agri05_Agroforestry,DE7,439036.52428014047
2026,Agri05_Agroforestry,DE8,1253412.3090967743
2026,Agri05_Agroforestry,DE9,1763083.0949829258
2026,Agri05_Agroforestry,DEA,1309606.8309635946
2026,Agri05_Agroforestry,DEB,784955.1736827921
2026,Agri05_Agroforestry,DEC,500264.73008230916
2026,Agri05_Agroforestry,DEE,962620.8521839206
2026,Agri05_Agroforestry,DED,833610.9712005416
2026,Agri05_Agroforestry,DEF,412906.6820846001
2026,Agri05_Agroforestry,DEG,330149.8274175835
2026,Agri06_Biochar,DE1,0.0
2026,Agri06_Biochar,DE2,0.0
2026,Agri06_Biochar,DE3,0.0
2026,Agri06_Biochar,DE4,0.0
2026,Agri06_Biochar,DE5,0.0
2026,Agri06_Biochar,DE6,0.0
2026,Agri06_Biochar,DE7,0.0
2026,Agri06_Biochar,DE8,0.0
2026,Agri06_Biochar,DE9,0.0
2026,Agri06_Biochar,DEA,0.0
2026,Agri06_Biochar,DEB,0.0
2026,Agri06_Biochar,DEC,0.0
2026,Agri06_Biochar,DEE,0.0
2026,Agri06_Biochar,DED,0.0
2026,Agri06_Biochar,DEF,0.0
2026,Agri06_Biochar,DEG,0.0
2027,Agri01_AGC,DE1,0.0
2027,Agri01_AGC,DE2,0.0
2027,Agri01_AGC,DE3,0.0
2027,Agri01_AGC,DE4,0.0
2027,Agri01_AGC,DE5,0.0
2027,Agri01_AGC,DE6,0.0
2027,Agri01_AGC,DE7,0.0
2027,Agri01_AGC,DE8,0.0
2027,Agri01_AGC,DE9,0.0
2027,Agri01_AGC,DEA,0.0
2027,Agri01_AGC,DEB,0.0
2027,Agri01_AGC,DEC,0.0
2027,Agri01_AGC,DEE,0.0
2027,Agri01_AGC,DED,0.0
2027,Agri01_AGC,DEF,0.0
2027,Agri01_AGC,DEG,0.0
2027,Agri02_OFC,DE1,0.0
2027,Agri02_OFC,DE2,0.0
2027,Agri02_OFC,DE3,0.0
2027,Agri02_OFC,DE4,0.0
2027,Agri02_OFC,DE5,0.0
2027,Agri02_OFC,DE6,0.0
2027,Agri02_OFC,DE7,0.0
2027,Agri02_OFC,DE8,0.0
2027,Agri02_OFC,DE9,0.0
2027,Agri02_OFC,DEA,0.0
2027,Agri02_OFC,DEB,0.0
2027,Agri02_OFC,DEC,0.0
2027,Agri02_OFC,DEE,0.0
2027,Agri02_OFC,DED,0.0
2027,Agri02_OFC,DEF,0.0
2027,Agri02_OFC,DEG,0.0
2027,Agri03_No-till,DE1,0.0
2027,Agri03_No-till,DE2,0.0
2027,Agri03_No-till,DE3,0.0
2027,Agri03_No-till,DE4,0.0
2027,Agri03_No-till,DE5,0.0
2027,Agri03_No-till,DE6,0.0
2027,Agri03_No-till,DE7,0.0
2027,Agri03_No-till,DE8,0.0
2027,Agri03_No-till,DE9,0.0
2027,Agri03_No-till,DEA,0.0
2027,Agri03_No-till,DEB,0.0
2027,Agri03_No-till,DEC,0.0
2027,Agri03_No-till,DEE,0.0
2027,Agri03_No-till,DED,0.0
2027,Agri03_No-till,DEF,0.0
2027,Agri03_No-till,DEG,0.0
2027,Agri04_toGrassland,DE1,0.0
2027,Agri04_toGrassland,DE2,0.0
2027,Agri04_toGrassland,DE3,0.0
2027,Agri04_toGrassland,DE4,0.0
2027,Agri04_toGrassland,DE5,0.0
2027,Agri04_toGrassland,DE6,0.0
2027,Agri04_toGrassland,DE7,0.0
2027,Agri04_toGrassland,DE8,0.0
2027,Agri04_toGrassland,DE9,0.0
2027,Agri04_toGrassland,DEA,0.0
2027,Agri04_toGrassland,DEB,0.0
2027,Agri04_toGrassland,DEC,0.0
2027,Agri04_toGrassland,DEE,0.0
2027,Agri04_toGrassland,DED,0.0
2027,Agri04_toGrassland,DEF,0.0
2027,Agri04_toGrassland,DEG,0.0
2027,Agri05_Agroforestry,DE1,1721624.0777684737
2027,Agri05_Agroforestry,DE2,2566435.8099324596
2027,Agri05_Agroforestry,DE3,21675.3239808602
2027,Agri05_Agroforestry,DE4,1692263.7508904254
2027,Agri05_Agroforestry,DE5,177942.38523065642
2027,Agri05_Agroforestry,DE6,50947.96486443726
2027,Agri05_Agroforestry,DE7,550437.1115684826
2027,Agri05_Agroforestry,DE8,1675498.9968801655
2027,Agri05_Agroforestry,DE9,2283262.0065483544
2027,Agri05_Agroforestry,DEA,1742508.824954307
2027,Agri05_Agroforestry,DEB,1061347.858456491
2027,Agri05_Agroforestry,DEC,720320.2313200805
2027,Agri05_Agroforestry,DEE,1276153.294428389
2027,Agri05_Agroforestry,DED,1120575.8982243384
2027,Agri05_Agroforestry,DEF,492439.71861988556
2027,Agri05_Agroforestry,DEG,393755.31987482193
2027,Agri06_Biochar,DE1,0.0
2027,Agri06_Biochar,DE2,0.0
2027,Agri06_Biochar,DE3,0.0
2027,Agri06_Biochar,DE4,0.0
2027,Agri06_Biochar,DE5,0.0
2027,Agri06_Biochar,DE6,0.0
2027,Agri06_Biochar,DE7,0.0
2027,Agri06_Biochar,DE8,0.0
2027,Agri06_Biochar,DE9,0.0
2027,Agri06_Biochar,DEA,0.0
2027,Agri06_Biochar,DEB,0.0
2027,Agri06_Biochar,DEC,0.0
2027,Agri06_Biochar,DEE,0.0
2027,Agri06_Biochar,DED,0.0
2027,Agri06_Biochar,DEF,0.0
2027,Agri06_Biochar,DEG,0.0
2028,Agri01_AGC,DE1,0.0
2028,Agri01_AGC,DE2,1890086.3372762627
2028,Agri01_AGC,DE3,0.0
2028,Agri01_AGC,DE4,0.0
2028,Agri01_AGC,DE5,0.0
2028,Agri01_AGC,DE6,0.0
2028,Agri01_AGC,DE7,440382.92926981224
2028,Agri01_AGC,DE8,0.0
2028,Agri01_AGC,DE9,1630015.1121806537
2028,Agri01_AGC,DEA,0.0
2028,Agri01_AGC,DEB,0.0
2028,Agri01_AGC,DEC,0.0
2028,Agri01_AGC,DEE,0.0
2028,Agri01_AGC,DED,0.0
2028,Agri01_AGC,DEF,462166.9017958513
2028,Agri01_AGC,DEG,369512.58668462234
2028,Agri02_OFC,DE1,0.0
2028,Agri02_OFC,DE2,0.0
2028,Agri02_OFC,DE3,0.0
2028,Agri02_OFC,DE4,0.0
2028,Agri02_OFC,DE5,0.0
2028,Agri02_OFC,DE6,0.0
2028,Agri02_OFC,DE7,0.0
2028,Agri02_OFC,DE8,0.0
2028,Agri02_OFC,DE9,0.0
2028,Agri02_OFC,DEA,0.0
2028,Agri02_OFC,DEB,0.0
2028,Agri02_OFC,DEC,0.0
2028,Agri02_OFC,DEE,0.0
2028,Agri02_OFC,DED,0.0
2028,Agri02_OFC,DEF,0.0
2028,Agri02_OFC,DEG,0.0
2028,Agri03_No-till,DE1,0.0
2028,Agri03_No-till,DE2,0.0
2028,Agri03_No-till,DE3,0.0
2028,Agri03_No-till,DE4,0.0
2028,Agri03_No-till,DE5,0.0
2028,Agri03_No-till,DE6,0.0
2028,Agri03_No-till,DE7,0.0
2028,Agri03_No-till,DE8,0.0
2028,Agri03_No-till,DE9,0.0
2028,Agri03_No-till,DEA,0.0
2028,Agri03_No-till,DEB,0.0
2028,Agri03_No-till,DEC,0.0
2028,Agri03_No-till,DEE,0.0
2028,Agri03_No-till,DED,0.0
2028,Agri03_No-till,DEF,0.0
2028,Agri03_No-till,DEG,0.0
2028,Agri04_toGrassland,DE1,0.0
2028,Agri04_toGrassland,DE2,0.0
2028,Agri04_toGrassland,DE3,0.0
2028,Agri04_toGrassland,DE4,0.0
2028,Agri04_toGrassland,DE5,0.0
2028,Agri04_toGrassland,DE6,0.0
2028,Agri04_toGrassland,DE7,0.0
2028,Agri04_toGrassland,DE8,0.0
2028,Agri04_toGrassland,DE9,0.0
2028,Agri04_toGrassland,DEA,0.0
2028,Agri04_toGrassland,DEB,0.0
2028,Agri04_toGrassland,DEC,0.0
2028,Agri04_toGrassland,DEE,0.0
2028,Agri04_toGrassland,DED,0.0
2028,Agri04_toGrassland,DEF,0.0
2028,Agri04_toGrassland,DEG,0.0
2028,Agri05_Agroforestry,DE1,2228545.0026712357
2028,Agri05_Agroforestry,DE2,3213520.0991723803
2028,Agri05_Agroforestry,DE3,22529.775004477757
2028,Agri05_Agroforestry,DE4,2209546.869369013
2028,Agri05_Agroforestry,DE5,184956.95411735642
2028,Agri05_Agroforestry,DE6,68915.57012116801
2028,Agri05_Agroforestry,DE7,674310.4166120039
2028,Agri05_Agroforestry,DE8,2172297.1439201864
2028,Agri05_Agroforestry,DE9,2880894.5820314633
2028,Agri05_Agroforestry,DEA,2250424.624116023
2028,Agri05_Agroforestry,DEB,1389060.9160459256
2028,Agri05_Agroforestry,DEC,824114.1246656158
2028,Agri05_Agroforestry,DEE,1643069.126562339
2028,Agri05_Agroforestry,DED,1459576.9163304192
2028,Agri05_Agroforestry,DEF,574218.4702414948
2028,Agri05_Agroforestry,DEG,459161.266989719
2028,Agri06_Biochar,DE1,0.0
2028,Agri06_Biochar,DE2,0.0
2028,Agri06_Biochar,DE3,0.0
2028,Agri06_Biochar,DE4,0.0
2028,Agri06_Biochar,DE5,0.0
2028,Agri06_Biochar,DE6,0.0
2028,Agri06_Biochar,DE7,0.0
2028,Agri06_Biochar,DE8,0.0
2028,Agri06_Biochar,DE9,0.0
2028,Agri06_Biochar,DEA,0.0
2028,Agri06_Biochar,DEB,0.0
2028,Agri06_Biochar,DEC,0.0
2028,Agri06_Biochar,DEE,0.0
2028,Agri06_Biochar,DED,0.0
2028,Agri06_Biochar,DEF,0.0
2028,Agri06_Biochar,DEG,0.0
2029,Agri01_AGC,DE1,0.0
2029,Agri01_AGC,DE2,3608856.937136589
2029,Agri01_AGC,DE3,0.0
2029,Agri01_AGC,DE4,0.0
2029,Agri01_AGC,DE5,0.0
2029,Agri01_AGC,DE6,0.0
2029,Agri01_AGC,DE7,834351.505526771
2029,Agri01_AGC,DE8,0.0
2029,Agri01_AGC,DE9,3121851.901406083
2029,Agri01_AGC,DEA,628881.8307642385
2029,Agri01_AGC,DEB,0.0
2029,Agri01_AGC,DEC,0.0
2029,Agri01_AGC,DEE,815085.9367411669
2029,Agri01_AGC,DED,0.0
2029,Agri01_AGC,DEF,863971.9270232518
2029,Agri01_AGC,DEG,690769.8528141933
2029,Agri02_OFC,DE1,0.0
2029,Agri02_OFC,DE2,0.0
2029,Agri02_OFC,DE3,0.0
2029,Agri02_OFC,DE4,0.0
2029,Agri02_OFC,DE5,0.0
2029,Agri02_OFC,DE6,0.0
2029,Agri02_OFC,DE7,0.0
2029,Agri02_OFC,DE8,0.0
2029,Agri02_OFC,DE9,0.0
2029,Agri02_OFC,DEA,0.0
2029,Agri02_OFC,DEB,0.0
2029,Agri02_OFC,DEC,0.0
2029,Agri02_OFC,DEE,0.0
2029,Agri02_OFC,DED,0.0
2029,Agri02_OFC,DEF,0.0
2029,Agri02_OFC,DEG,0.0
2029,Agri03_No-till,DE1,0.0
2029,Agri03_No-till,DE2,0.0
2029,Agri03_No-till,DE3,0.0
2029,Agri03_No-till,DE4,0.0
2029,Agri03_No-till,DE5,0.0
2029,Agri03_No-till,DE6,0.0
2029,Agri03_No-till,DE7,0.0
2029,Agri03_No-till,DE8,0.0
2029,Agri03_No-till,DE9,0.0
2029,Agri03_No-till,DEA,0.0
2029,Agri03_No-till,DEB,0.0
2029,Agri03_No-till,DEC,0.0
2029,Agri03_No-till,DEE,0.0
2029,Agri03_No-till,DED,0.0
2029,Agri03_No-till,DEF,0.0
2029,Agri03_No-till,DEG,0.0
2029,Agri04_toGrassland,DE1,0.0
2029,Agri04_toGrassland,DE2,0.0
2029,Agri04_toGrassland,DE3,0.0
2029,Agri04_toGrassland,DE4,0.0
2029,Agri04_toGrassland,DE5,0.0
2029,Agri04_toGrassland,DE6,0.0
2029,Agri04_toGrassland,DE7,0.0
2029,Agri04_toGrassland,DE8,0.0
2029,Agri04_toGrassland,DE9,0.0
2029,Agri04_toGrassland,DEA,0.0
2029,Agri04_toGrassland,DEB,0.0
2029,Agri04_toGrassland,DEC,0.0
2029,Agri04_toGrassland,DEE,0.0
2029,Agri04_toGrassland,DED,0.0
2029,Agri04_toGrassland,DEF,0.0
2029,Agri04_toGrassland,DEG,0.0
2029,Agri05_Agroforestry,DE1,2816360.5404115594
2029,Agri05_Agroforestry,DE2,3944782.1443480747
2029,Agri05_Agroforestry,DE3,23384.226028095316
2029,Agri05_Agroforestry,DE4,2812718.7445363393
2029,Agri05_Agroforestry,DE5,191971.52300405642
2029,Agri05_Agroforestry,DE6,90271.78651900042
2029,Agri05_Agroforestry,DE7,811237.8692930056
2029,Agri05_Agroforestry,DE8,2748982.336409438
2029,Agri05_Agroforestry,DE9,3560776.117286925
2029,Agri05_Agroforestry,DEA,2838487.8851560727
2029,Agri05_Agroforestry,DEB,1771743.0409898644
2029,Agri05_Agroforestry,DEC,855368.9932676447
2029,Agri05_Agroforestry,DEE,2066984.0161999892
2029,Agri05_Agroforestry,DED,1854267.2276935289
2029,Agri05_Agroforestry,DEF,657937.0169438155
2029,Agri05_Agroforestry,DEG,526123.4976995068
2029,Agri06_Biochar,DE1,0.0
2029,Agri06_Biochar,DE2,0.0
2029,Agri06_Biochar,DE3,0.0
2029,Agri06_Biochar,DE4,0.0
2029,Agri06_Biochar,DE5,0.0
2029,Agri06_Biochar,DE6,0.0
2029,Agri06_Biochar,DE7,0.0
2029,Agri06_Biochar,DE8,0.0
2029,Agri06_Biochar,DE9,0.0
2029,Agri06_Biochar,DEA,0.0
2029,Agri06_Biochar,DEB,0.0
2029,Agri06_Biochar,DEC,0.0
2029,Agri06_Biochar,DEE,0.0
2029,Agri06_Biochar,DED,0.0
2029,Agri06_Biochar,DEF,0.0
2029,Agri06_Biochar,DEG,0.0
2030,Agri01_AGC,DE1,1056499.725364594
2030,Agri01_AGC,DE2,5156712.775777582
2030,Agri01_AGC,DE3,0.0
2030,Agri01_AGC,DE4,0.0
2030,Agri01_AGC,DE5,0.0
2030,Agri01_AGC,DE6,0.0
2030,Agri01_AGC,DE7,1182908.4119070761
2030,Agri01_AGC,DE8,1023695.8735417344
2030,Agri01_AGC,DE9,4474517.87115642
2030,Agri01_AGC,DEA,1675571.509028619
2030,Agri01_AGC,DEB,0.0
2030,Agri01_AGC,DEC,0.0
2030,Agri01_AGC,DEE,1571697.9560200523
2030,Agri01_AGC,DED,278215.02336155745
2030,Agri01_AGC,DEF,1208097.640787031
2030,Agri01_AGC,DEG,965915.8229915228
2030,Agri02_OFC,DE1,0.0
2030,Agri02_OFC,DE2,0.0
2030,Agri02_OFC,DE3,0.0
2030,Agri02_OFC,DE4,0.0
2030,Agri02_OFC,DE5,0.0
2030,Agri02_OFC,DE6,0.0
2030,Agri02_OFC,DE7,0.0
2030,Agri02_OFC,DE8,0.0
2030,Agri02_OFC,DE9,0.0
2030,Agri02_OFC,DEA,0.0
2030,Agri02_OFC,DEB,0.0
2030,Agri02_OFC,DEC,0.0
2030,Agri02_OFC,DEE,0.0
2030,Agri02_OFC,DED,0.0
2030,Agri02_OFC,DEF,0.0
2030,Agri02_OFC,DEG,0.0
2030,Agri03_No-till,DE1,0.0
2030,Agri03_No-till,DE2,0.0
2030,Agri03_No-till,DE3,0.0
2030,Agri03_No-till,DE4,0.0
2030,Agri03_No-till,DE5,0.0
2030,Agri03_No-till,DE6,0.0
2030,Agri03_No-till,DE7,0.0
2030,Agri03_No-till,DE8,0.0
2030,Agri03_No-till,DE9,0.0
2030,Agri03_No-till,DEA,0.0
2030,Agri03_No-till,DEB,0.0
2030,Agri03_No-till,DEC,0.0
2030,Agri03_No-till,DEE,0.0
2030,Agri03_No-till,DED,0.0
2030,Agri03_No-till,DEF,0.0
2030,Agri03_No-till,DEG,0.0
2030,Agri04_toGrassland,DE1,0.0
2030,Agri04_toGrassland,DE2,0.0
2030,Agri04_toGrassland,DE3,0.0
2030,Agri04_toGrassland,DE4,0.0
2030,Agri04_toGrassland,DE5,0.0
2030,Agri04_toGrassland,DE6,0.0
2030,Agri04_toGrassland,DE7,0.0
2030,Agri04_toGrassland,DE8,0.0
2030,Agri04_toGrassland,DE9,0.0
2030,Agri04_toGrassland,DEA,0.0
2030,Agri04_toGrassland,DEB,0.0
2030,Agri04_toGrassland,DEC,0.0
2030,Agri04_toGrassland,DEE,0.0
2030,Agri04_toGrassland,DED,0.0
2030,Agri04_toGrassland,DEF,0.0
2030,Agri04_toGrassland,DEG,0.0
2030,Agri05_Agroforestry,DE1,3490287.6762620746
2030,Agri05_Agroforestry,DE2,4764910.313929239
2030,Agri05_Agroforestry,DE3,24238.67705171287
2030,Agri05_Agroforestry,DE4,3507448.0324498434
2030,Agri05_Agroforestry,DE5,198986.09189075642
2030,Agri05_Agroforestry,DE6,115255.37405815072
2030,Agri05_Agroforestry,DE7,961800.8994937881
2030,Agri05_Agroforestry,DE8,3410730.16054052
2030,Agri05_Agroforestry,DE9,4327701.908169411
2030,Agri05_Agroforestry,DEA,3511832.264781783
2030,Agri05_Agroforestry,DEB,2213042.927827076
2030,Agri05_Agroforestry,DEC,886623.8618696734
2030,Agri05_Agroforestry,DEE,2551513.630955557
2030,Agri05_Agroforestry,DED,2308300.034488412
2030,Agri05_Agroforestry,DEF,743289.4387212347
2030,Agri05_Agroforestry,DEG,594397.840941417
2030,Agri06_Biochar,DE1,0.0
2030,Agri06_Biochar,DE2,0.0
2030,Agri06_Biochar,DE3,0.0
2030,Agri06_Biochar,DE4,0.0
2030,Agri06_Biochar,DE5,0.0
2030,Agri06_Biochar,DE6,0.0
2030,Agri06_Biochar,DE7,0.0
2030,Agri06_Biochar,DE8,0.0
2030,Agri06_Biochar,DE9,0.0
2030,Agri06_Biochar,DEA,0.0
2030,Agri06_Biochar,DEB,0.0
2030,Agri06_Biochar,DEC,0.0
2030,Agri06_Biochar,DEE,0.0
2030,Agri06_Biochar,DED,0.0
2030,Agri06_Biochar,DEF,0.0
2030,Agri06_Biochar,DEG,0.0
2031,Agri01_AGC,DE1,2036906.1618133183
2031,Agri01_AGC,DE2,6534054.829395845
2031,Agri01_AGC,DE3,0.0
2031,Agri01_AGC,DE4,998549.6779282634
2031,Agri01_AGC,DE5,0.0
2031,Agri01_AGC,DE6,0.0
2031,Agri01_AGC,DE7,1487056.3315469283
2031,Agri01_AGC,DE8,1975155.1450574023
2031,Agri01_AGC,DE9,5687020.524911796
2031,Agri01_AGC,DEA,2642535.222880134
2031,Agri01_AGC,DEB,623511.4202611458
2031,Agri01_AGC,DEC,0.0
2031,Agri01_AGC,DEE,2267259.322539054
2031,Agri01_AGC,DED,928781.3019806714
2031,Agri01_AGC,DEF,1497226.6081920199
2031,Agri01_AGC,DEG,1197094.5218194209
2031,Agri02_OFC,DE1,0.0
2031,Agri02_OFC,DE2,0.0
2031,Agri02_OFC,DE3,0.0
2031,Agri02_OFC,DE4,0.0
2031,Agri02_OFC,DE5,0.0
2031,Agri02_OFC,DE6,0.0
2031,Agri02_OFC,DE7,0.0
2031,Agri02_OFC,DE8,0.0
2031,Agri02_OFC,DE9,0.0
2031,Agri02_OFC,DEA,0.0
2031,Agri02_OFC,DEB,0.0
2031,Agri02_OFC,DEC,0.0
2031,Agri02_OFC,DEE,0.0
2031,Agri02_OFC,DED,0.0
2031,Agri02_OFC,DEF,0.0
2031,Agri02_OFC,DEG,0.0
2031,Agri03_No-till,DE1,0.0
2031,Agri03_No-till,DE2,0.0
2031,Agri03_No-till,DE3,0.0
2031,Agri03_No-till,DE4,0.0
2031,Agri03_No-till,DE5,0.0
2031,Agri03_No-till,DE6,0.0
2031,Agri03_No-till,DE7,0.0
2031,Agri03_No-till,DE8,0.0
2031,Agri03_No-till,DE9,0.0
2031,Agri03_No-till,DEA,0.0
2031,Agri03_No-till,DEB,0.0
2031,Agri03_No-till,DEC,0.0
2031,Agri03_No-till,DEE,0.0
2031,Agri03_No-till,DED,0.0
2031,Agri03_No-till,DEF,0.0
2031,Agri03_No-till,DEG,0.0
2031,Agri04_toGrassland,DE1,0.0
2031,Agri04_toGrassland,DE2,0.0
2031,Agri04_toGrassland,DE3,0.0
2031,Agri04_toGrassland,DE4,0.0
2031,Agri04_toGrassland,DE5,0.0
2031,Agri04_toGrassland,DE6,0.0
2031,Agri04_toGrassland,DE7,0.0
2031,Agri04_toGrassland,DE8,0.0
2031,Agri04_toGrassland,DE9,0.0
2031,Agri04_toGrassland,DEA,0.0
2031,Agri04_toGrassland,DEB,0.0
2031,Agri04_toGrassland,DEC,0.0
2031,Agri04_toGrassland,DEE,0.0
2031,Agri04_toGrassland,DED,0.0
2031,Agri04_toGrassland,DEF,0.0
2031,Agri04_toGrassland,DEG,0.0
2031,Agri05_Agroforestry,DE1,4255543.395495411
2031,Agri05_Agroforestry,DE2,5678592.976385572
2031,Agri05_Agroforestry,DE3,25093.128075330427
2031,Agri05_Agroforestry,DE4,4299403.389166965
2031,Agri05_Agroforestry,DE5,206000.6607774564
2031,Agri05_Agroforestry,DE6,144105.0927388352
2031,Agri05_Agroforestry,DE7,1126580.9370966528
2031,Agri05_Agroforestry,DE8,4162716.2025060346
2031,Agri05_Agroforestry,DE9,5186467.250533594
2031,Agri05_Agroforestry,DEA,4275591.419700483
2031,Agri05_Agroforestry,DEB,2716609.2710963287
2031,Agri05_Agroforestry,DEC,917878.730471702
2031,Agri05_Agroforestry,DEE,3100273.638443261
2031,Agri05_Agroforestry,DED,2825328.5388898137
2031,Agri05_Agroforestry,DEF,829969.8155681397
2031,Agri05_Agroforestry,DEG,663740.1256526817
2031,Agri06_Biochar,DE1,0.0
2031,Agri06_Biochar,DE2,0.0
2031,Agri06_Biochar,DE3,0.0
2031,Agri06_Biochar,DE4,0.0
2031,Agri06_Biochar,DE5,0.0
2031,Agri06_Biochar,DE6,0.0
2031,Agri06_Biochar,DE7,0.0
2031,Agri06_Biochar,DE8,0.0
2031,Agri06_Biochar,DE9,0.0
2031,Agri06_Biochar,DEA,0.0
2031,Agri06_Biochar,DEB,0.0
2031,Agri06_Biochar,DEC,0.0
2031,Agri06_Biochar,DEE,0.0
2031,Agri06_Biochar,DED,0.0
2031,Agri06_Biochar,DEF,0.0
2031,Agri06_Biochar,DEG,0.0
2032,Agri01_AGC,DE1,2937009.9789478355
2032,Agri01_AGC,DE2,7741284.074187981
2032,Agri01_AGC,DE3,0.0
2032,Agri01_AGC,DE4,1926989.2562058333
2032,Agri01_AGC,DE5,0.0
2032,Agri01_AGC,DE6,0.0
2032,Agri01_AGC,DE7,1747797.9475825273
2032,Agri01_AGC,DE8,2850068.633723455
2032,Agri01_AGC,DE9,6758367.366152344
2032,Agri01_AGC,DEA,3525829.477529807
2032,Agri01_AGC,DEB,1204576.4673464296
2032,Agri01_AGC,DEC,0.0
2032,Agri01_AGC,DEE,2899193.3010005686
2032,Agri01_AGC,DED,1531283.169302343
2032,Agri01_AGC,DEF,1734041.3943430486
2032,Agri01_AGC,DEG,1386449.9739006977
2032,Agri02_OFC,DE1,0.0
2032,Agri02_OFC,DE2,0.0
2032,Agri02_OFC,DE3,0.0
2032,Agri02_OFC,DE4,0.0
2032,Agri02_OFC,DE5,0.0
2032,Agri02_OFC,DE6,0.0
2032,Agri02_OFC,DE7,0.0
2032,Agri02_OFC,DE8,0.0
2032,Agri02_OFC,DE9,0.0
2032,Agri02_OFC,DEA,0.0
2032,Agri02_OFC,DEB,0.0
2032,Agri02_OFC,DEC,0.0
2032,Agri02_OFC,DEE,0.0
2032,Agri02_OFC,DED,0.0
2032,Agri02_OFC,DEF,0.0
2032,Agri02_OFC,DEG,0.0
2032,Agri03_No-till,DE1,0.0
2032,Agri03_No-till,DE2,0.0
2032,Agri03_No-till,DE3,0.0
2032,Agri03_No-till,DE4,0.0
2032,Agri03_No-till,DE5,0.0
2032,Agri03_No-till,DE6,0.0
2032,Agri03_No-till,DE7,0.0
2032,Agri03_No-till,DE8,0.0
2032,Agri03_No-till,DE9,0.0
2032,Agri03_No-till,DEA,0.0
2032,Agri03_No-till,DEB,0.0
2032,Agri03_No-till,DEC,0.0
2032,Agri03_No-till,DEE,0.0
2032,Agri03_No-till,DED,0.0
2032,Agri03_No-till,DEF,0.0
2032,Agri03_No-till,DEG,0.0
2032,Agri04_toGrassland,DE1,0.0
2032,Agri04_toGrassland,DE2,0.0
2032,Agri04_toGrassland,DE3,0.0
2032,Agri04_toGrassland,DE4,0.0
2032,Agri04_toGrassland,DE5,0.0
2032,Agri04_toGrassland,DE6,0.0
2032,Agri04_toGrassland,DE7,0.0
2032,Agri04_toGrassland,DE8,0.0
2032,Agri04_toGrassland,DE9,0.0
2032,Agri04_toGrassland,DEA,0.0
2032,Agri04_toGrassland,DEB,0.0
2032,Agri04_toGrassland,DEC,0.0
2032,Agri04_toGrassland,DEE,0.0
2032,Agri04_toGrassland,DED,0.0
2032,Agri04_toGrassland,DEF,0.0
2032,Agri04_toGrassland,DEG,0.0
2032,Agri05_Agroforestry,DE1,5117344.683384197
2032,Agri05_Agroforestry,DE2,6690518.500186771
2032,Agri05_Agroforestry,DE3,25947.579098947986
2032,Agri05_Agroforestry,DE4,5194253.470745146
2032,Agri05_Agroforestry,DE5,213015.22966415636
2032,Agri05_Agroforestry,DE6,172440.18141490183
2032,Agri05_Agroforestry,DE7,1306159.4119839005
2032,Agri05_Agroforestry,DE8,5010116.048498581
2032,Agri05_Agroforestry,DE9,6141867.440234146
2032,Agri05_Agroforestry,DEA,5134899.006619502
2032,Agri05_Agroforestry,DEB,3286090.7653363915
2032,Agri05_Agroforestry,DEC,949133.5990737306
2032,Agri05_Agroforestry,DEE,3716879.706277319
2032,Agri05_Agroforestry,DED,3409005.9430724797
2032,Agri05_Agroforestry,DEF,917672.2274789179
2032,Agri05_Agroforestry,DEG,733906.1807705327
2032,Agri06_Biochar,DE1,0.0
2032,Agri06_Biochar,DE2,0.0
2032,Agri06_Biochar,DE3,0.0
2032,Agri06_Biochar,DE4,0.0
2032,Agri06_Biochar,DE5,0.0
2032,Agri06_Biochar,DE6,0.0
2032,Agri06_Biochar,DE7,0.0
2032,Agri06_Biochar,DE8,0.0
2032,Agri06_Biochar,DE9,0.0
2032,Agri06_Biochar,DEA,0.0
2032,Agri06_Biochar,DEB,0.0
2032,Agri06_Biochar,DEC,0.0
2032,Agri06_Biochar,DEE,0.0
2032,Agri06_Biochar,DED,0.0
2032,Agri06_Biochar,DEF,0.0
2032,Agri06_Biochar,DEG,0.0
2033,Agri01_AGC,DE1,3752601.8463698076
2033,Agri01_AGC,DE2,8778801.486350594
2033,Agri01_AGC,DE3,0.0
2033,Agri01_AGC,DE4,2780012.6320361616
2033,Agri01_AGC,DE5,0.0
2033,Agri01_AGC,DE6,0.0
2033,Agri01_AGC,DE7,1966135.9431500738
2033,Agri01_AGC,DE8,3644127.1587163424
2033,Agri01_AGC,DE9,7687565.898358196
2033,Agri01_AGC,DEA,4321510.778188663
2033,Agri01_AGC,DEB,1739665.2988261348
2033,Agri01_AGC,DEC,0.0
2033,Agri01_AGC,DEE,3464923.1561069945
2033,Agri01_AGC,DED,2082424.1559861538
2033,Agri01_AGC,DEF,1921224.5643449465
2033,Agri01_AGC,DEG,1536126.2038381628
2033,Agri02_OFC,DE1,0.0
2033,Agri02_OFC,DE2,0.0
2033,Agri02_OFC,DE3,0.0
2033,Agri02_OFC,DE4,0.0
2033,Agri02_OFC,DE5,0.0
2033,Agri02_OFC,DE6,0.0
2033,Agri02_OFC,DE7,0.0
2033,Agri02_OFC,DE8,0.0
2033,Agri02_OFC,DE9,0.0
2033,Agri02_OFC,DEA,0.0
2033,Agri02_OFC,DEB,0.0
2033,Agri02_OFC,DEC,0.0
2033,Agri02_OFC,DEE,0.0
2033,Agri02_OFC,DED,0.0
2033,Agri02_OFC,DEF,0.0
2033,Agri02_OFC,DEG,0.0
2033,Agri03_No-till,DE1,0.0
2033,Agri03_No-till,DE2,0.0
2033,Agri03_No-till,DE3,0.0
2033,Agri03_No-till,DE4,0.0
2033,Agri03_No-till,DE5,0.0
2033,Agri03_No-till,DE6,0.0
2033,Agri03_No-till,DE7,0.0
2033,Agri03_No-till,DE8,0.0
2033,Agri03_No-till,DE9,0.0
2033,Agri03_No-till,DEA,0.0
2033,Agri03_No-till,DEB,0.0
2033,Agri03_No-till,DEC,0.0
2033,Agri03_No-till,DEE,0.0
2033,Agri03_No-till,DED,0.0
2033,Agri03_No-till,DEF,0.0
2033,Agri03_No-till,DEG,0.0
2033,Agri04_toGrassland,DE1,0.0
2033,Agri04_toGrassland,DE2,0.0
2033,Agri04_toGrassland,DE3,0.0
2033,Agri04_toGrassland,DE4,0.0
2033,Agri04_toGrassland,DE5,0.0
2033,Agri04_toGrassland,DE6,0.0
2033,Agri04_toGrassland,DE7,0.0
2033,Agri04_toGrassland,DE8,0.0
2033,Agri04_toGrassland,DE9,0.0
2033,Agri04_toGrassland,DEA,0.0
2033,Agri04_toGrassland,DEB,0.0
2033,Agri04_toGrassland,DEC,0.0
2033,Agri04_toGrassland,DEE,0.0
2033,Agri04_toGrassland,DED,0.0
2033,Agri04_toGrassland,DEF,0.0
2033,Agri04_toGrassland,DEG,0.0
2033,Agri05_Agroforestry,DE1,6080908.525201062
2033,Agri05_Agroforestry,DE2,7805375.253802535
2033,Agri05_Agroforestry,DE3,26802.030122565542
2033,Agri05_Agroforestry,DE4,6197666.9332418265
2033,Agri05_Agroforestry,DE5,220029.79855085633
2033,Agri05_Agroforestry,DE6,178118.6182725713
2033,Agri05_Agroforestry,DE7,1501117.7540378321
2033,Agri05_Agroforestry,DE8,5958105.284710762
2033,Agri05_Agroforestry,DE9,7198697.77312574
2033,Agri05_Agroforestry,DEA,6094888.682246168
2033,Agri05_Agroforestry,DEB,3925136.1050860323
2033,Agri05_Agroforestry,DEC,980388.4676757592
2033,Agri05_Agroforestry,DEE,4404947.502071951
2033,Agri05_Agroforestry,DED,4062985.449211154
2033,Agri05_Agroforestry,DEF,1006090.7544479567
2033,Agri05_Agroforestry,DEG,804651.8352322018
2033,Agri06_Biochar,DE1,0.0
2033,Agri06_Biochar,DE2,0.0
2033,Agri06_Biochar,DE3,0.0
2033,Agri06_Biochar,DE4,0.0
2033,Agri06_Biochar,DE5,0.0
2033,Agri06_Biochar,DE6,0.0
2033,Agri06_Biochar,DE7,0.0
2033,Agri06_Biochar,DE8,0.0
2033,Agri06_Biochar,DE9,0.0
2033,Agri06_Biochar,DEA,0.0
2033,Agri06_Biochar,DEB,0.0
2033,Agri06_Biochar,DEC,0.0
2033,Agri06_Biochar,DEE,0.0
2033,Agri06_Biochar,DED,0.0
2033,Agri06_Biochar,DEF,0.0
2033,Agri06_Biochar,DEG,0.0
2034,Agri01_AGC,DE1,4479472.433680898
2034,Agri01_AGC,DE2,9647008.042080283
2034,Agri01_AGC,DE3,0.0
2034,Agri01_AGC,DE4,3552313.7026226996
2034,Agri01_AGC,DE5,0.0
2034,Agri01_AGC,DE6,0.0
2034,Agri01_AGC,DE7,2143073.001385767
2034,Agri01_AGC,DE8,4353021.539212515
2034,Agri01_AGC,DE9,8473623.625009483
2034,Agri01_AGC,DEA,5025635.630067723
2034,Agri01_AGC,DEB,2225248.0722705442
2034,Agri01_AGC,DEC,0.0
2034,Agri01_AGC,DEE,3961872.152560727
2034,Agri01_AGC,DED,2578907.7926916843
2034,Agri01_AGC,DEF,2061458.6833025443
2034,Agri01_AGC,DEG,1648267.2362346263
2034,Agri02_OFC,DE1,644441.4079406895
2034,Agri02_OFC,DE2,938275.1962414682
2034,Agri02_OFC,DE3,396018.5559833209
2034,Agri02_OFC,DE4,637371.7387896631
2034,Agri02_OFC,DE5,183728.09892974907
2034,Agri02_OFC,DE6,19682.78446416757
2034,Agri02_OFC,DE7,198161.36492501062
2034,Agri02_OFC,DE8,627889.1479205823
2034,Agri02_OFC,DE9,839275.0706307826
2034,Agri02_OFC,DEA,427899.96931914677
2034,Agri02_OFC,DEB,0.0
2034,Agri02_OFC,DEC,0.0
2034,Agri02_OFC,DEE,0.0
2034,Agri02_OFC,DED,0.0
2034,Agri02_OFC,DEF,0.0
2034,Agri02_OFC,DEG,0.0
2034,Agri03_No-till,DE1,0.0
2034,Agri03_No-till,DE2,0.0
2034,Agri03_No-till,DE3,0.0
2034,Agri03_No-till,DE4,0.0
2034,Agri03_No-till,DE5,0.0
2034,Agri03_No-till,DE6,0.0
2034,Agri03_No-till,DE7,0.0
2034,Agri03_No-till,DE8,0.0
2034,Agri03_No-till,DE9,0.0
2034,Agri03_No-till,DEA,0.0
2034,Agri03_No-till,DEB,0.0
2034,Agri03_No-till,DEC,0.0
2034,Agri03_No-till,DEE,0.0
2034,Agri03_No-till,DED,0.0
2034,Agri03_No-till,DEF,0.0
2034,Agri03_No-till,DEG,0.0
2034,Agri04_toGrassland,DE1,0.0
2034,Agri04_toGrassland,DE2,0.0
2034,Agri04_toGrassland,DE3,0.0
2034,Agri04_toGrassland,DE4,0.0
2034,Agri04_toGrassland,DE5,0.0
2034,Agri04_toGrassland,DE6,0.0
2034,Agri04_toGrassland,DE7,0.0
2034,Agri04_toGrassland,DE8,0.0
2034,Agri04_toGrassland,DE9,0.0
2034,Agri04_toGrassland,DEA,0.0
2034,Agri04_toGrassland,DEB,0.0
2034,Agri04_toGrassland,DEC,0.0
2034,Agri04_toGrassland,DEE,0.0
2034,Agri04_toGrassland,DED,0.0
2034,Agri04_toGrassland,DEF,0.0
2034,Agri04_toGrassland,DEG,0.0
2034,Agri05_Agroforestry,DE1,7151451.906218639
2034,Agri05_Agroforestry,DE2,9027851.605702564
2034,Agri05_Agroforestry,DE3,27656.4811461831
2034,Agri05_Agroforestry,DE4,7315312.432714446
2034,Agri05_Agroforestry,DE5,227044.36743755636
2034,Agri05_Agroforestry,DE6,183797.0551302408
2034,Agri05_Agroforestry,DE7,1712037.3931407488
2034,Agri05_Agroforestry,DE8,7011859.497335179
2034,Agri05_Agroforestry,DE9,8361753.545063048
2034,Agri05_Agroforestry,DEA,7160694.103287811
2034,Agri05_Agroforestry,DEB,4637393.984884022
2034,Agri05_Agroforestry,DEC,1011643.336277788
2034,Agri05_Agroforestry,DEE,5018790.874922164
2034,Agri05_Agroforestry,DED,4790920.259480583
2034,Agri05_Agroforestry,DEF,1094919.4764696436
2034,Agri05_Agroforestry,DEG,875732.9179749213
2034,Agri06_Biochar,DE1,0.0
2034,Agri06_Biochar,DE2,0.0
2034,Agri06_Biochar,DE3,0.0
2034,Agri06_Biochar,DE4,0.0
2034,Agri06_Biochar,DE5,0.0
2034,Agri06_Biochar,DE6,0.0
2034,Agri06_Biochar,DE7,0.0
2034,Agri06_Biochar,DE8,0.0
2034,Agri06_Biochar,DE9,0.0
2034,Agri06_Biochar,DEA,0.0
2034,Agri06_Biochar,DEB,0.0
2034,Agri06_Biochar,DEC,0.0
2034,Agri06_Biochar,DEE,0.0
2034,Agri06_Biochar,DED,0.0
2034,Agri06_Biochar,DEF,0.0
2034,Agri06_Biochar,DEG,0.0
2035,Agri01_AGC,DE1,5113412.410482766
2035,Agri01_AGC,DE2,10346304.717573656
2035,Agri01_AGC,DE3,0.0
2035,Agri01_AGC,DE4,4238586.365168899
2035,Agri01_AGC,DE5,0.0
2035,Agri01_AGC,DE6,21855.002855974755
2035,Agri01_AGC,DE7,2279611.805425808
2035,Agri01_AGC,DE8,4972442.594388423
2035,Agri01_AGC,DE9,9115548.049586335
2035,Agri01_AGC,DEA,5634260.538378012
2035,Agri01_AGC,DEB,2657794.9452499407
2035,Agri01_AGC,DEC,0.0
2035,Agri01_AGC,DEE,4387463.555064166
2035,Agri01_AGC,DED,3017437.610078516
2035,Agri01_AGC,DEF,2157426.3163206712
2035,Agri01_AGC,DEG,1725017.0956928977
2035,Agri02_OFC,DE1,1224113.2712218096
2035,Agri02_OFC,DE2,1759280.7613599729
2035,Agri02_OFC,DE3,771653.9575948169
2035,Agri02_OFC,DE4,1214704.9050825003
2035,Agri02_OFC,DE5,357822.0760854887
2035,Agri02_OFC,DE6,38014.792711913105
2035,Agri02_OFC,DE7,368326.5321695167
2035,Agri02_OFC,DE8,1193403.8742587583
2035,Agri02_OFC,DE9,1578406.8188199091
2035,Agri02_OFC,DEA,1026343.4999874724
2035,Agri02_OFC,DEB,388116.44658191217
2035,Agri02_OFC,DEC,282607.2697526099
2035,Agri02_OFC,DEE,455552.3053829713
2035,Agri02_OFC,DED,406906.591589801
2035,Agri02_OFC,DEF,151279.5841465328
2035,Agri02_OFC,DEG,120969.6963102125
2035,Agri03_No-till,DE1,0.0
2035,Agri03_No-till,DE2,0.0
2035,Agri03_No-till,DE3,0.0
2035,Agri03_No-till,DE4,0.0
2035,Agri03_No-till,DE5,0.0
2035,Agri03_No-till,DE6,0.0
2035,Agri03_No-till,DE7,0.0
2035,Agri03_No-till,DE8,0.0
2035,Agri03_No-till,DE9,0.0
2035,Agri03_No-till,DEA,0.0
2035,Agri03_No-till,DEB,0.0
2035,Agri03_No-till,DEC,0.0
2035,Agri03_No-till,DEE,0.0
2035,Agri03_No-till,DED,0.0
2035,Agri03_No-till,DEF,0.0
2035,Agri03_No-till,DEG,0.0
2035,Agri04_toGrassland,DE1,0.0
2035,Agri04_toGrassland,DE2,0.0
2035,Agri04_toGrassland,DE3,0.0
2035,Agri04_toGrassland,DE4,0.0
2035,Agri04_toGrassland,DE5,0.0
2035,Agri04_toGrassland,DE6,0.0
2035,Agri04_toGrassland,DE7,0.0
2035,Agri04_toGrassland,DE8,0.0
2035,Agri04_toGrassland,DE9,0.0
2035,Agri04_toGrassland,DEA,0.0
2035,Agri04_toGrassland,DEB,0.0
2035,Agri04_toGrassland,DEC,0.0
2035,Agri04_toGrassland,DEE,0.0
2035,Agri04_toGrassland,DED,0.0
2035,Agri04_toGrassland,DEF,0.0
2035,Agri04_toGrassland,DEG,0.0
2035,Agri05_Agroforestry,DE1,8334191.811709551
2035,Agri05_Agroforestry,DE2,10362635.92435655
2035,Agri05_Agroforestry,DE3,28510.932169800653
2035,Agri05_Agroforestry,DE4,8552858.625220444
2035,Agri05_Agroforestry,DE5,234058.9363242563
2035,Agri05_Agroforestry,DE6,189475.4919879102
2035,Agri05_Agroforestry,DE7,1939499.7591749507
2035,Agri05_Agroforestry,DE8,8176554.272564428
2035,Agri05_Agroforestry,DE9,9635830.051900737
2035,Agri05_Agroforestry,DEA,8337448.926451757
2035,Agri05_Agroforestry,DEB,5426513.099269125
2035,Agri05_Agroforestry,DEC,1042898.2048798165
2035,Agri05_Agroforestry,DEE,5173847.151884263
2035,Agri05_Agroforestry,DED,5596463.576055508
2035,Agri05_Agroforestry,DEF,1183852.4735383652
2035,Agri05_Agroforestry,DEG,946905.2579359225
2035,Agri06_Biochar,DE1,0.0
2035,Agri06_Biochar,DE2,0.0
2035,Agri06_Biochar,DE3,0.0
2035,Agri06_Biochar,DE4,0.0
2035,Agri06_Biochar,DE5,0.0
2035,Agri06_Biochar,DE6,0.0
2035,Agri06_Biochar,DE7,0.0
2035,Agri06_Biochar,DE8,0.0
2035,Agri06_Biochar,DE9,0.0
2035,Agri06_Biochar,DEA,0.0
2035,Agri06_Biochar,DEB,0.0
2035,Agri06_Biochar,DEC,0.0
2035,Agri06_Biochar,DEE,0.0
2035,Agri06_Biochar,DED,0.0
2035,Agri06_Biochar,DEF,0.0
2035,Agri06_Biochar,DEG,0.0
2036,Agri01_AGC,DE1,5650212.446377079
2036,Agri01_AGC,DE2,10877092.489027314
2036,Agri01_AGC,DE3,0.0
2036,Agri01_AGC,DE4,4833524.516878213
2036,Agri01_AGC,DE5,0.0
2036,Agri01_AGC,DE6,48666.418081622636
2036,Agri01_AGC,DE7,2376755.0384063968
2036,Agri01_AGC,DE8,5498081.1434205165
2036,Agri01_AGC,DE9,9612346.67556889
2036,Agri01_AGC,DEA,6143442.008330557
2036,Agri01_AGC,DEB,3033776.075334608
2036,Agri01_AGC,DEC,0.0
2036,Agri01_AGC,DEE,4739120.628319709
2036,Agri01_AGC,DED,3394717.1388062304
2036,Agri01_AGC,DEF,2211810.028504159
2036,Agri01_AGC,DEG,1768519.806815788
2036,Agri02_OFC,DE1,1736092.5992671854
2036,Agri02_OFC,DE2,2463295.136231622
2036,Agri02_OFC,DE3,1121276.552317488
2036,Agri02_OFC,DE4,1728314.9013290657
2036,Agri02_OFC,DE5,519705.18104422523
2036,Agri02_OFC,DE6,54782.886718299014
2036,Agri02_OFC,DE7,511191.77241808164
2036,Agri02_OFC,DE8,1693551.8515547395
2036,Agri02_OFC,DE9,2216706.0475455434
2036,Agri02_OFC,DEA,1555509.949558769
2036,Agri02_OFC,DEB,736753.7770072577
2036,Agri02_OFC,DEC,545359.0928306531
2036,Agri02_OFC,DEE,859618.469774663
2036,Agri02_OFC,DED,771094.2691957033
2036,Agri02_OFC,DEF,273834.550166693
2036,Agri02_OFC,DEG,218973.46361198174
2036,Agri03_No-till,DE1,0.0
2036,Agri03_No-till,DE2,0.0
2036,Agri03_No-till,DE3,0.0
2036,Agri03_No-till,DE4,0.0
2036,Agri03_No-till,DE5,0.0
2036,Agri03_No-till,DE6,0.0
2036,Agri03_No-till,DE7,0.0
2036,Agri03_No-till,DE8,0.0
2036,Agri03_No-till,DE9,0.0
2036,Agri03_No-till,DEA,0.0
2036,Agri03_No-till,DEB,0.0
2036,Agri03_No-till,DEC,0.0
2036,Agri03_No-till,DEE,0.0
2036,Agri03_No-till,DED,0.0
2036,Agri03_No-till,DEF,0.0
2036,Agri03_No-till,DEG,0.0
2036,Agri04_toGrassland,DE1,0.0
2036,Agri04_toGrassland,DE2,0.0
2036,Agri04_toGrassland,DE3,0.0
2036,Agri04_toGrassland,DE4,0.0
2036,Agri04_toGrassland,DE5,0.0
2036,Agri04_toGrassland,DE6,0.0
2036,Agri04_toGrassland,DE7,0.0
2036,Agri04_toGrassland,DE8,0.0
2036,Agri04_toGrassland,DE9,0.0
2036,Agri04_toGrassland,DEA,0.0
2036,Agri04_toGrassland,DEB,0.0
2036,Agri04_toGrassland,DEC,0.0
2036,Agri04_toGrassland,DEE,0.0
2036,Agri04_toGrassland,DED,0.0
2036,Agri04_toGrassland,DEF,0.0
2036,Agri04_toGrassland,DEG,0.0
2036,Agri05_Agroforestry,DE1,9634345.226946434
2036,Agri05_Agroforestry,DE2,11814416.5782342
2036,Agri05_Agroforestry,DE3,29365.383193418213
2036,Agri05_Agroforestry,DE4,9915974.166817263
2036,Agri05_Agroforestry,DE5,241073.50521095633
2036,Agri05_Agroforestry,DE6,195153.9288455797
2036,Agri05_Agroforestry,DE7,2184086.2820227398
2036,Agri05_Agroforestry,DE8,9457365.196591116
2036,Agri05_Agroforestry,DE9,11025722.58949349
2036,Agri05_Agroforestry,DEA,9630286.80844534
2036,Agri05_Agroforestry,DEB,6296142.142780114
2036,Agri05_Agroforestry,DEC,1074153.0734818454
2036,Agri05_Agroforestry,DEE,5328903.428846366
2036,Agri05_Agroforestry,DED,5936798.697131595
2036,Agri05_Agroforestry,DEF,1272583.82564851
2036,Agri05_Agroforestry,DEG,1017924.6840524379
2036,Agri06_Biochar,DE1,0.0
2036,Agri06_Biochar,DE2,0.0
2036,Agri06_Biochar,DE3,0.0
2036,Agri06_Biochar,DE4,0.0
2036,Agri06_Biochar,DE5,0.0
2036,Agri06_Biochar,DE6,0.0
2036,Agri06_Biochar,DE7,0.0
2036,Agri06_Biochar,DE8,0.0
2036,Agri06_Biochar,DE9,0.0
2036,Agri06_Biochar,DEA,0.0
2036,Agri06_Biochar,DEB,0.0
2036,Agri06_Biochar,DEC,0.0
2036,Agri06_Biochar,DEE,0.0
2036,Agri06_Biochar,DED,0.0
2036,Agri06_Biochar,DEF,0.0
2036,Agri06_Biochar,DEG,0.0
2037,Agri01_AGC,DE1,6085663.210965496
2037,Agri01_AGC,DE2,11239772.332637863
2037,Agri01_AGC,DE3,25064.487379970557
2037,Agri01_AGC,DE4,5331822.054954093
2037,Agri01_AGC,DE5,80584.80707742693
2037,Agri01_AGC,DE6,72943.71598034642
2037,Agri01_AGC,DE7,2435505.3834637334
2037,Agri01_AGC,DE8,5925628.005485249
2037,Agri01_AGC,DE9,9963027.006437277
2037,Agri01_AGC,DEA,6549236.545136376
2037,Agri01_AGC,DEB,3349661.6200948297
2037,Agri01_AGC,DEC,407228.36660460633
2037,Agri01_AGC,DEE,5014266.637029751
2037,Agri01_AGC,DED,3707449.909534409
2037,Agri01_AGC,DEF,2227292.3849578365
2037,Agri01_AGC,DEG,1780919.3942061062
2037,Agri02_OFC,DE1,2177456.4015006423
2037,Agri02_OFC,DE2,3050596.7617325247
2037,Agri02_OFC,DE3,1439256.6876343342
2037,Agri02_OFC,DE4,2174517.129979912
2037,Agri02_OFC,DE5,666800.6633829648
2037,Agri02_OFC,DE6,69773.92845838767
2037,Agri02_OFC,DE7,627453.3563552682
2037,Agri02_OFC,DE8,2125340.7523487373
2037,Agri02_OFC,DE9,2753483.5597858494
2037,Agri02_OFC,DEA,2012660.925696354
2037,Agri02_OFC,DEB,1043460.8422378142
2037,Agri02_OFC,DEC,784591.7993611994
2037,Agri02_OFC,DEE,1210409.1888726223
2037,Agri02_OFC,DED,1090273.939801749
2037,Agri02_OFC,DEF,369527.691374232
2037,Agri02_OFC,DEG,295500.1286582696
2037,Agri03_No-till,DE1,0.0
2037,Agri03_No-till,DE2,0.0
2037,Agri03_No-till,DE3,0.0
2037,Agri03_No-till,DE4,0.0
2037,Agri03_No-till,DE5,0.0
2037,Agri03_No-till,DE6,0.0
2037,Agri03_No-till,DE7,0.0
2037,Agri03_No-till,DE8,0.0
2037,Agri03_No-till,DE9,0.0
2037,Agri03_No-till,DEA,0.0
2037,Agri03_No-till,DEB,0.0
2037,Agri03_No-till,DEC,0.0
2037,Agri03_No-till,DEE,0.0
2037,Agri03_No-till,DED,0.0
2037,Agri03_No-till,DEF,0.0
2037,Agri03_No-till,DEG,0.0
2037,Agri04_toGrassland,DE1,14741.375012842302
2037,Agri04_toGrassland,DE2,19897.791296797575
2037,Agri04_toGrassland,DE3,10381.863989459462
2037,Agri04_toGrassland,DE4,14853.58807948257
2037,Agri04_toGrassland,DE5,4804.441696682961
2037,Agri04_toGrassland,DE6,492.98711240023067
2037,Agri04_toGrassland,DE7,3982.3481359337984
2037,Agri04_toGrassland,DE8,14412.59063731029
2037,Agri04_toGrassland,DE9,18122.149774008452
2037,Agri04_toGrassland,DEA,14821.593679658517
2037,Agri04_toGrassland,DEB,9378.668097068605
2037,Agri04_toGrassland,DEC,7261.399667776219
2037,Agri04_toGrassland,DEE,10757.945073795392
2037,Agri04_toGrassland,DED,9768.130682550325
2037,Agri04_toGrassland,DEF,3007.155102273055
2037,Agri04_toGrassland,DEG,2404.822273208357
2037,Agri05_Agroforestry,DE1,11057129.137201913
2037,Agri05_Agroforestry,DE2,13387881.935805203
2037,Agri05_Agroforestry,DE3,30219.83421703577
2037,Agri05_Agroforestry,DE4,10942700.257566225
2037,Agri05_Agroforestry,DE5,248088.0740976563
2037,Agri05_Agroforestry,DE6,200832.36570324918
2037,Agri05_Agroforestry,DE7,2446378.3915664167
2037,Agri05_Agroforestry,DE8,10422092.85411279
2037,Agri05_Agroforestry,DE9,12536226.45369597
2037,Agri05_Agroforestry,DEA,11044341.405975882
2037,Agri05_Agroforestry,DEB,7249929.809955756
2037,Agri05_Agroforestry,DEC,1105407.942083874
2037,Agri05_Agroforestry,DEE,5483959.705808466
2037,Agri05_Agroforestry,DED,6109543.036626964
2037,Agri05_Agroforestry,DEF,1360807.6127944642
2037,Agri05_Agroforestry,DEG,1088547.025261699
2037,Agri06_Biochar,DE1,0.0
2037,Agri06_Biochar,DE2,0.0
2037,Agri06_Biochar,DE3,0.0
2037,Agri06_Biochar,DE4,0.0
2037,Agri06_Biochar,DE5,0.0
2037,Agri06_Biochar,DE6,0.0
2037,Agri06_Biochar,DE7,0.0
2037,Agri06_Biochar,DE8,0.0
2037,Agri06_Biochar,DE9,0.0
2037,Agri06_Biochar,DEA,0.0
2037,Agri06_Biochar,DEB,0.0
2037,Agri06_Biochar,DEC,0.0
2037,Agri06_Biochar,DEE,0.0
2037,Agri06_Biochar,DED,0.0
2037,Agri06_Biochar,DEF,0.0
2037,Agri06_Biochar,DEG,0.0
2038,Agri01_AGC,DE1,6415555.373849679
2038,Agri01_AGC,DE2,11434745.2246019
2038,Agri01_AGC,DE3,23199.69810374607
2038,Agri01_AGC,DE4,5728172.876599989
2038,Agri01_AGC,DE5,74589.32503199353
2038,Agri01_AGC,DE6,94379.96146493632
2038,Agri01_AGC,DE7,2456865.5237340173
2038,Agri01_AGC,DE8,6250773.999759066
2038,Agri01_AGC,DE9,10166596.545671625
2038,Agri01_AGC,DEA,6847700.654006497
2038,Agri01_AGC,DEB,3601921.7371008866
2038,Agri01_AGC,DEC,629892.673193305
2038,Agri01_AGC,DEE,5210324.845896691
2038,Agri01_AGC,DED,3952339.452922632
2038,Agri01_AGC,DEF,2206555.9507865338
2038,Agri01_AGC,DEG,1764359.8824666624
2038,Agri02_OFC,DE1,2545281.687346005
2038,Agri02_OFC,DE2,3521464.0787387867
2038,Agri02_OFC,DE3,1719964.711028355
2038,Agri02_OFC,DE4,2549626.993485593
2038,Agri02_OFC,DE5,796531.7726787135
2038,Agri02_OFC,DE6,82774.77990724145
2038,Agri02_OFC,DE7,717807.5546656395
2038,Agri02_OFC,DE8,2485778.2491809623
2038,Agri02_OFC,DE9,3188050.1585189886
2038,Agri02_OFC,DEA,2395058.0360635445
2038,Agri02_OFC,DEB,1305786.4932353594
2038,Agri02_OFC,DEC,996641.7194713177
2038,Agri02_OFC,DEE,1506135.1583743966
2038,Agri02_OFC,DED,1362156.5103919802
2038,Agri02_OFC,DEF,440221.80108290125
2038,Agri02_OFC,DEG,352038.51820203784
2038,Agri03_No-till,DE1,0.0
2038,Agri03_No-till,DE2,0.0
2038,Agri03_No-till,DE3,0.0
2038,Agri03_No-till,DE4,0.0
2038,Agri03_No-till,DE5,0.0
2038,Agri03_No-till,DE6,0.0
2038,Agri03_No-till,DE7,0.0
2038,Agri03_No-till,DE8,0.0
2038,Agri03_No-till,DE9,0.0
2038,Agri03_No-till,DEA,0.0
2038,Agri03_No-till,DEB,0.0
2038,Agri03_No-till,DEC,0.0
2038,Agri03_No-till,DEE,0.0
2038,Agri03_No-till,DED,0.0
2038,Agri03_No-till,DEF,0.0
2038,Agri03_No-till,DEG,0.0
2038,Agri04_toGrassland,DE1,14430.896553961671
2038,Agri04_toGrassland,DE2,19478.709930807214
2038,Agri04_toGrassland,DE3,10163.204255957831
2038,Agri04_toGrassland,DE4,14540.746222345917
2038,Agri04_toGrassland,DE5,4703.251973711498
2038,Agri04_toGrassland,DE6,482.60396437145505
2038,Agri04_toGrassland,DE7,3898.4731031845654
2038,Agri04_toGrassland,DE8,14109.036937221175
2038,Agri04_toGrassland,DE9,17740.466441989804
2038,Agri04_toGrassland,DEA,14509.42567906113
2038,Agri04_toGrassland,DEB,9181.137377268447
2038,Agri04_toGrassland,DEC,7108.462226309367
2038,Agri04_toGrassland,DEE,10531.364432279614
2038,Agri04_toGrassland,DED,9562.397217536327
2038,Agri04_toGrassland,DEF,2943.8192953381267
2038,Agri04_toGrassland,DEG,2354.1726212853114
2038,Agri05_Agroforestry,DE1,12607760.527748622
2038,Agri05_Agroforestry,DE2,15087720.365539264
2038,Agri05_Agroforestry,DE3,31074.28524065333
2038,Agri05_Agroforestry,DE4,11252099.752251301
2038,Agri05_Agroforestry,DE5,255102.6429843563
2038,Agri05_Agroforestry,DE6,206510.80256091867
2038,Agri05_Agroforestry,DE7,2726957.5176882828
2038,Agri05_Agroforestry,DE8,10716772.429238118
2038,Agri05_Agroforestry,DE9,14172136.940362854
2038,Agri05_Agroforestry,DEA,12584746.375750717
2038,Agri05_Agroforestry,DEB,8159299.428653531
2038,Agri05_Agroforestry,DEC,1136662.8106859028
2038,Agri05_Agroforestry,DEE,5639015.982770569
2038,Agri05_Agroforestry,DED,6282287.376122335
2038,Agri05_Agroforestry,DEF,1448217.9149706159
2038,Agri05_Agroforestry,DEG,1158528.1105009378
2038,Agri06_Biochar,DE1,0.0
2038,Agri06_Biochar,DE2,0.0
2038,Agri06_Biochar,DE3,0.0
2038,Agri06_Biochar,DE4,0.0
2038,Agri06_Biochar,DE5,0.0
2038,Agri06_Biochar,DE6,0.0
2038,Agri06_Biochar,DE7,0.0
2038,Agri06_Biochar,DE8,0.0
2038,Agri06_Biochar,DE9,0.0
2038,Agri06_Biochar,DEA,0.0
2038,Agri06_Biochar,DEB,0.0
2038,Agri06_Biochar,DEC,0.0
2038,Agri06_Biochar,DEE,0.0
2038,Agri06_Biochar,DED,0.0
2038,Agri06_Biochar,DEF,0.0
2038,Agri06_Biochar,DEG,0.0
2039,Agri01_AGC,DE1,6635679.60463129
2039,Agri01_AGC,DE2,11462412.14111603
2039,Agri01_AGC,DE3,21334.908827521576
2039,Agri01_AGC,DE4,6017270.8790193545
2039,Agri01_AGC,DE5,68593.84298656015
2039,Agri01_AGC,DE6,112668.21944818262
2039,Agri01_AGC,DE7,2441838.1423534495
2039,Agri01_AGC,DE8,6469209.945418421
2039,Agri01_AGC,DE9,10222062.79675207
2039,Agri01_AGC,DEA,7034890.840151942
2039,Agri01_AGC,DEB,3787026.5839230637
2039,Agri01_AGC,DEC,579261.9668414156
2039,Agri01_AGC,DEE,5324718.519622926
2039,Agri01_AGC,DED,4126089.2996304813
2039,Agri01_AGC,DEF,2152283.2910950813
2039,Agri01_AGC,DEG,1720985.2962002668
2039,Agri02_OFC,DE1,2836645.466227099
2039,Agri02_OFC,DE2,3876175.5281265187
2039,Agri02_OFC,DE3,1957770.9699825512
2039,Agri02_OFC,DE4,2849959.894296662
2039,Agri02_OFC,DE5,906321.758508478
2039,Agri02_OFC,DE6,93572.30303992277
2039,Agri02_OFC,DE7,782950.6380337588
2039,Agri02_OFC,DE8,2771872.0145916273
2039,Agri02_OFC,DE9,3519716.646723126
2039,Agri02_OFC,DEA,2699962.888323658
2039,Agri02_OFC,DEB,1521279.5809616712
2039,Agri02_OFC,DEC,1177845.1832880783
2039,Agri02_OFC,DEE,1745007.0739775337
2039,Agri02_OFC,DED,1584452.8879504392
2039,Agri02_OFC,DEF,487779.6726064524
2039,Agri02_OFC,DEG,390077.45899624843
2039,Agri03_No-till,DE1,0.0
2039,Agri03_No-till,DE2,0.0
2039,Agri03_No-till,DE3,0.0
2039,Agri03_No-till,DE4,0.0
2039,Agri03_No-till,DE5,0.0
2039,Agri03_No-till,DE6,0.0
2039,Agri03_No-till,DE7,0.0
2039,Agri03_No-till,DE8,0.0
2039,Agri03_No-till,DE9,0.0
2039,Agri03_No-till,DEA,0.0
2039,Agri03_No-till,DEB,0.0
2039,Agri03_No-till,DEC,0.0
2039,Agri03_No-till,DEE,0.0
2039,Agri03_No-till,DED,0.0
2039,Agri03_No-till,DEF,0.0
2039,Agri03_No-till,DEG,0.0
2039,Agri04_toGrassland,DE1,14120.418095081046
2039,Agri04_toGrassland,DE2,19059.62856481686
2039,Agri04_toGrassland,DE3,9944.544522456205
2039,Agri04_toGrassland,DE4,14227.904365209268
2039,Agri04_toGrassland,DE5,4602.062250740036
2039,Agri04_toGrassland,DE6,472.2208163426796
2039,Agri04_toGrassland,DE7,3814.5980704353333
2039,Agri04_toGrassland,DE8,13805.483237132064
2039,Agri04_toGrassland,DE9,17358.78310997116
2039,Agri04_toGrassland,DEA,14197.257678463748
2039,Agri04_toGrassland,DEB,8983.606657468292
2039,Agri04_toGrassland,DEC,6955.524784842518
2039,Agri04_toGrassland,DEE,10304.783790763839
2039,Agri04_toGrassland,DED,9356.663752522332
2039,Agri04_toGrassland,DEF,2880.483488403199
2039,Agri04_toGrassland,DEG,2303.5229693622664
2039,Agri05_Agroforestry,DE1,14291456.383859186
2039,Agri05_Agroforestry,DE2,16918620.235906076
2039,Agri05_Agroforestry,DE3,31928.736264270887
2039,Agri05_Agroforestry,DE4,11561499.246936373
2039,Agri05_Agroforestry,DE5,262117.2118710563
2039,Agri05_Agroforestry,DE6,212189.2394185881
2039,Agri05_Agroforestry,DE7,3026405.0902706375
2039,Agri05_Agroforestry,DE8,11011452.004363444
2039,Agri05_Agroforestry,DE9,15938249.34534881
2039,Agri05_Agroforestry,DEA,14256635.374477169
2039,Agri05_Agroforestry,DEB,8383656.053265262
2039,Agri05_Agroforestry,DEC,1167917.6792879314
2039,Agri05_Agroforestry,DEE,5794072.259732669
2039,Agri05_Agroforestry,DED,6455031.715617705
2039,Agri05_Agroforestry,DEF,1534508.8121713519
2039,Agri05_Agroforestry,DEG,1227623.7687073862
2039,Agri06_Biochar,DE1,0.0
2039,Agri06_Biochar,DE2,0.0
2039,Agri06_Biochar,DE3,0.0
2039,Agri06_Biochar,DE4,0.0
2039,Agri06_Biochar,DE5,0.0
2039,Agri06_Biochar,DE6,0.0
2039,Agri06_Biochar,DE7,0.0
2039,Agri06_Biochar,DE8,0.0
2039,Agri06_Biochar,DE9,0.0
2039,Agri06_Biochar,DEA,0.0
2039,Agri06_Biochar,DEB,0.0
2039,Agri06_Biochar,DEC,0.0
2039,Agri06_Biochar,DEE,0.0
2039,Agri06_Biochar,DED,0.0
2039,Agri06_Biochar,DEF,0.0
2039,Agri06_Biochar,DEG,0.0
2040,Agri01_AGC,DE1,6741826.572911993
2040,Agri01_AGC,DE2,11323174.058376858
2040,Agri01_AGC,DE3,19470.119551297084
2040,Agri01_AGC,DE4,6193809.959415641
2040,Agri01_AGC,DE5,62598.36094112676
2040,Agri01_AGC,DE6,102820.39262610354
2040,Agri01_AGC,DE7,2391425.92245823
2040,Agri01_AGC,DE8,6576626.661639764
2040,Agri01_AGC,DE9,10128433.26315874
2040,Agri01_AGC,DEA,7106863.608783735
2040,Agri01_AGC,DEB,3901446.318131643
2040,Agri01_AGC,DEC,528631.2604895262
2040,Agri01_AGC,DEE,5354870.922910851
2040,Agri01_AGC,DED,4225402.980317537
2040,Agri01_AGC,DEF,2067156.9709883088
2040,Agri01_AGC,DEG,1652939.660009729
2040,Agri02_OFC,DE1,3048624.7475677473
2040,Agri02_OFC,DE2,4115009.5507718264
2040,Agri02_OFC,DE3,2147045.811979922
2040,Agri02_OFC,DE4,3071831.234863672
2040,Agri02_OFC,DE5,993593.870449264
2040,Agri02_OFC,DE6,101953.359831494
2040,Agri02_OFC,DE7,823578.8771441887
2040,Agri02_OFC,DE8,2980629.7211209415
2040,Agri02_OFC,DE9,3747793.827376424
2040,Agri02_OFC,DEA,2924637.090140012
2040,Agri02_OFC,DEB,1687488.9563785268
2040,Agri02_OFC,DEC,1324538.52093855
2040,Agri02_OFC,DEE,1925235.6313795806
2040,Agri02_OFC,DED,1754873.9794611675
2040,Agri02_OFC,DEF,514064.0992586367
2040,Agri02_OFC,DEG,411105.7777938632
2040,Agri03_No-till,DE1,0.0
2040,Agri03_No-till,DE2,0.0
2040,Agri03_No-till,DE3,0.0
2040,Agri03_No-till,DE4,0.0
2040,Agri03_No-till,DE5,0.0
2040,Agri03_No-till,DE6,0.0
2040,Agri03_No-till,DE7,0.0
2040,Agri03_No-till,DE8,0.0
2040,Agri03_No-till,DE9,0.0
2040,Agri03_No-till,DEA,0.0
2040,Agri03_No-till,DEB,0.0
2040,Agri03_No-till,DEC,0.0
2040,Agri03_No-till,DEE,0.0
2040,Agri03_No-till,DED,0.0
2040,Agri03_No-till,DEF,0.0
2040,Agri03_No-till,DEG,0.0
2040,Agri04_toGrassland,DE1,13809.939636200417
2040,Agri04_toGrassland,DE2,18640.5471988265
2040,Agri04_toGrassland,DE3,9725.884788954576
2040,Agri04_toGrassland,DE4,13915.062508072615
2040,Agri04_toGrassland,DE5,4500.872527768573
2040,Agri04_toGrassland,DE6,461.83766831390403
2040,Agri04_toGrassland,DE7,3730.7230376861007
2040,Agri04_toGrassland,DE8,13501.929537042952
2040,Agri04_toGrassland,DE9,16977.099777952513
2040,Agri04_toGrassland,DEA,13885.089677866363
2040,Agri04_toGrassland,DEB,8786.075937668136
2040,Agri04_toGrassland,DEC,6802.587343375667
2040,Agri04_toGrassland,DEE,10078.203149248064
2040,Agri04_toGrassland,DED,9150.930287508334
2040,Agri04_toGrassland,DEF,2817.1476814682705
2040,Agri04_toGrassland,DEG,2252.8733174392214
2040,Agri05_Agroforestry,DE1,16113433.690806232
2040,Agri05_Agroforestry,DE2,18885269.915375337
2040,Agri05_Agroforestry,DE3,32783.18728788844
2040,Agri05_Agroforestry,DE4,11870898.741621446
2040,Agri05_Agroforestry,DE5,269131.7807577562
2040,Agri05_Agroforestry,DE6,217867.67627625755
2040,Agri05_Agroforestry,DE7,3345302.5391957825
2040,Agri05_Agroforestry,DE8,11306131.579488767
2040,Agri05_Agroforestry,DE9,17839358.96450851
2040,Agri05_Agroforestry,DEA,14649239.623011913
2040,Agri05_Agroforestry,DEB,8608012.677876994
2040,Agri05_Agroforestry,DEC,1199172.54788996
2040,Agri05_Agroforestry,DEE,5949128.53669477
2040,Agri05_Agroforestry,DED,6627776.055113073
2040,Agri05_Agroforestry,DEF,1619374.3843910594
2040,Agri05_Agroforestry,DEG,1295589.8288182758
2040,Agri06_Biochar,DE1,0.0
2040,Agri06_Biochar,DE2,0.0
2040,Agri06_Biochar,DE3,0.0
2040,Agri06_Biochar,DE4,0.0
2040,Agri06_Biochar,DE5,0.0
2040,Agri06_Biochar,DE6,0.0
2040,Agri06_Biochar,DE7,0.0
2040,Agri06_Biochar,DE8,0.0
2040,Agri06_Biochar,DE9,0.0
2040,Agri06_Biochar,DEA,0.0
2040,Agri06_Biochar,DEB,0.0
2040,Agri06_Biochar,DEC,0.0
2040,Agri06_Biochar,DEE,0.0
2040,Agri06_Biochar,DED,0.0
2040,Agri06_Biochar,DEF,0.0
2040,Agri06_Biochar,DEG,0.0
2041,Agri01_AGC,DE1,6729786.948293452
2041,Agri01_AGC,DE2,11017431.952580992
2041,Agri01_AGC,DE3,17605.3302750726
2041,Agri01_AGC,DE4,6252484.014992303
2041,Agri01_AGC,DE5,56602.8788956934
2041,Agri01_AGC,DE6,92972.5658040245
2041,Agri01_AGC,DE7,2306631.54718456
2041,Agri01_AGC,DE8,6568714.9675995475
2041,Agri01_AGC,DE9,9884715.448371775
2041,Agri01_AGC,DEA,7059675.465112902
2041,Agri01_AGC,DEB,3941651.09729691
2041,Agri01_AGC,DEC,478000.5541376369
2041,Agri01_AGC,DEE,5298205.32046287
2041,Agri01_AGC,DED,4246984.025643383
2041,Agri01_AGC,DEF,1953859.555571048
2041,Agri01_AGC,DEG,1562366.9984978598
2041,Agri02_OFC,DE1,3178296.5407917774
2041,Agri02_OFC,DE2,4238244.587550819
2041,Agri02_OFC,DE3,2282159.5845034677
2041,Agri02_OFC,DE4,3211556.4176371777
2041,Agri02_OFC,DE5,1055771.3580780781
2041,Agri02_OFC,DE6,107704.81225701758
2041,Agri02_OFC,DE7,840388.5426814929
2041,Agri02_OFC,DE8,3109059.0413091173
2041,Agri02_OFC,DE9,3871592.5034570466
2041,Agri02_OFC,DEA,3066342.249175925
2041,Agri02_OFC,DEB,1801963.4704477047
2041,Agri02_OFC,DEC,1433058.0625498025
2041,Agri02_OFC,DEE,2045031.5262780848
2041,Agri02_OFC,DED,1871130.6919082082
2041,Agri02_OFC,DEF,520937.8743532058
2041,Agri02_OFC,DEG,416612.30134784407
2041,Agri03_No-till,DE1,0.0
2041,Agri03_No-till,DE2,0.0
2041,Agri03_No-till,DE3,0.0
2041,Agri03_No-till,DE4,0.0
2041,Agri03_No-till,DE5,0.0
2041,Agri03_No-till,DE6,0.0
2041,Agri03_No-till,DE7,0.0
2041,Agri03_No-till,DE8,0.0
2041,Agri03_No-till,DE9,0.0
2041,Agri03_No-till,DEA,0.0
2041,Agri03_No-till,DEB,0.0
2041,Agri03_No-till,DEC,0.0
2041,Agri03_No-till,DEE,0.0
2041,Agri03_No-till,DED,0.0
2041,Agri03_No-till,DEF,0.0
2041,Agri03_No-till,DEG,0.0
2041,Agri04_toGrassland,DE1,13499.461177319792
2041,Agri04_toGrassland,DE2,18221.465832836147
2041,Agri04_toGrassland,DE3,9507.22505545295
2041,Agri04_toGrassland,DE4,13602.220650935966
2041,Agri04_toGrassland,DE5,4399.68280479711
2041,Agri04_toGrassland,DE6,451.4545202851286
2041,Agri04_toGrassland,DE7,3646.8480049368686
2041,Agri04_toGrassland,DE8,13198.375836953841
2041,Agri04_toGrassland,DE9,16595.416445933868
2041,Agri04_toGrassland,DEA,13572.92167726898
2041,Agri04_toGrassland,DEB,8588.545217867983
2041,Agri04_toGrassland,DEC,6649.649901908817
2041,Agri04_toGrassland,DEE,9851.622507732289
2041,Agri04_toGrassland,DED,8945.19682249434
2041,Agri04_toGrassland,DEF,2753.8118745333427
2041,Agri04_toGrassland,DEG,2202.2236655161764
2041,Agri05_Agroforestry,DE1,18078909.4338624
2041,Agri05_Agroforestry,DE2,20992357.772416756
2041,Agri05_Agroforestry,DE3,33637.638311505994
2041,Agri05_Agroforestry,DE4,12180298.23630652
2041,Agri05_Agroforestry,DE5,276146.34964445623
2041,Agri05_Agroforestry,DE6,223546.11313392705
2041,Agri05_Agroforestry,DE7,3684231.29434602
2041,Agri05_Agroforestry,DE8,11600811.154614097
2041,Agri05_Agroforestry,DE9,19880261.093696635
2041,Agri05_Agroforestry,DEA,15031052.94949484
2041,Agri05_Agroforestry,DEB,8832369.302488727
2041,Agri05_Agroforestry,DEC,1230427.4164919888
2041,Agri05_Agroforestry,DEE,6104184.813656871
2041,Agri05_Agroforestry,DED,6800520.3946084445
2041,Agri05_Agroforestry,DEF,1702508.7116241262
2041,Agri05_Agroforestry,DEG,1362182.1197708396
2041,Agri06_Biochar,DE1,0.0
2041,Agri06_Biochar,DE2,0.0
2041,Agri06_Biochar,DE3,0.0
2041,Agri06_Biochar,DE4,0.0
2041,Agri06_Biochar,DE5,0.0
2041,Agri06_Biochar,DE6,0.0
2041,Agri06_Biochar,DE7,0.0
2041,Agri06_Biochar,DE8,0.0
2041,Agri06_Biochar,DE9,0.0
2041,Agri06_Biochar,DEA,0.0
2041,Agri06_Biochar,DEB,0.0
2041,Agri06_Biochar,DEC,0.0
2041,Agri06_Biochar,DEE,0.0
2041,Agri06_Biochar,DED,0.0
2041,Agri06_Biochar,DEF,0.0
2041,Agri06_Biochar,DEG,0.0
2042,Agri01_AGC,DE1,6595351.400377326
2042,Agri01_AGC,DE2,10545586.799925026
2042,Agri01_AGC,DE3,15740.540998848111
2042,Agri01_AGC,DE4,6187986.942952788
2042,Agri01_AGC,DE5,50607.39685026002
2042,Agri01_AGC,DE6,83124.73898194544
2042,Agri01_AGC,DE7,2188457.6996686384
2042,Agri01_AGC,DE8,6441165.682474219
2042,Agri01_AGC,DE9,9489916.8558713
2042,Agri01_AGC,DEA,6889382.914350465
2042,Agri01_AGC,DEB,3904111.0789891453
2042,Agri01_AGC,DEC,427369.84778574755
2042,Agri01_AGC,DEE,5152144.976981375
2042,Agri01_AGC,DED,4187535.966267599
2042,Agri01_AGC,DEF,1815073.6099481275
2042,Agri01_AGC,DEG,1451411.336267468
2042,Agri02_OFC,DE1,3222737.855323014
2042,Agri02_OFC,DE2,4246159.079339606
2042,Agri02_OFC,DE3,2357482.635036189
2042,Agri02_OFC,DE4,3265450.845067732
2042,Agri02_OFC,DE5,1090277.4709719263
2042,Agri02_OFC,DE6,110613.52229155584
2042,Agri02_OFC,DE7,834075.905330234
2042,Agri02_OFC,DE8,3154167.6476963665
2042,Agri02_OFC,DE9,3890423.4779431582
2042,Agri02_OFC,DEA,3122339.9730947134
2042,Agri02_OFC,DEB,1862251.9741309825
2042,Agri02_OFC,DEC,1499740.1382489058
2042,Agri02_OFC,DEE,2102605.4543705946
2042,Agri02_OFC,DED,1930933.932275603
2042,Agri02_OFC,DEF,510263.7912039112
2042,Agri02_OFC,DEG,408085.8564111529
2042,Agri03_No-till,DE1,0.0
2042,Agri03_No-till,DE2,0.0
2042,Agri03_No-till,DE3,0.0
2042,Agri03_No-till,DE4,0.0
2042,Agri03_No-till,DE5,0.0
2042,Agri03_No-till,DE6,0.0
2042,Agri03_No-till,DE7,0.0
2042,Agri03_No-till,DE8,0.0
2042,Agri03_No-till,DE9,0.0
2042,Agri03_No-till,DEA,0.0
2042,Agri03_No-till,DEB,0.0
2042,Agri03_No-till,DEC,0.0
2042,Agri03_No-till,DEE,0.0
2042,Agri03_No-till,DED,0.0
2042,Agri03_No-till,DEF,0.0
2042,Agri03_No-till,DEG,0.0
2042,Agri04_toGrassland,DE1,13188.982718439165
2042,Agri04_toGrassland,DE2,17802.38446684579
2042,Agri04_toGrassland,DE3,9288.565321951322
2042,Agri04_toGrassland,DE4,13289.378793799317
2042,Agri04_toGrassland,DE5,4298.493081825649
2042,Agri04_toGrassland,DE6,441.0713722563531
2042,Agri04_toGrassland,DE7,3562.9729721876365
2042,Agri04_toGrassland,DE8,12894.822136864732
2042,Agri04_toGrassland,DE9,16213.733113915225
2042,Agri04_toGrassland,DEA,13260.753676671597
2042,Agri04_toGrassland,DEB,8391.014498067827
2042,Agri04_toGrassland,DEC,6496.712460441968
2042,Agri04_toGrassland,DEE,9625.041866216514
2042,Agri04_toGrassland,DED,8739.463357480343
2042,Agri04_toGrassland,DEF,2690.476067598415
2042,Agri04_toGrassland,DEG,2151.5740135931314
2042,Agri05_Agroforestry,DE1,19023868.627765827
2042,Agri05_Agroforestry,DE2,23244572.175500017
2042,Agri05_Agroforestry,DE3,34492.08933512355
2042,Agri05_Agroforestry,DE4,12489697.730991593
2042,Agri05_Agroforestry,DE5,283160.9185311562
2042,Agri05_Agroforestry,DE6,229224.5499915965
2042,Agri05_Agroforestry,DE7,4043772.785603649
2042,Agri05_Agroforestry,DE8,11895490.729739422
2042,Agri05_Agroforestry,DE9,22065751.02876785
2042,Agri05_Agroforestry,DEA,15412866.275977764
2042,Agri05_Agroforestry,DEB,9056725.92710046
2042,Agri05_Agroforestry,DEC,1261682.2850940174
2042,Agri05_Agroforestry,DEE,6259241.090618973
2042,Agri05_Agroforestry,DED,6973264.734103814
2042,Agri05_Agroforestry,DEF,1783605.8738649397
2042,Agri05_Agroforestry,DEG,1427156.470502308
2042,Agri06_Biochar,DE1,0.0
2042,Agri06_Biochar,DE2,0.0
2042,Agri06_Biochar,DE3,0.0
2042,Agri06_Biochar,DE4,0.0
2042,Agri06_Biochar,DE5,0.0
2042,Agri06_Biochar,DE6,0.0
2042,Agri06_Biochar,DE7,0.0
2042,Agri06_Biochar,DE8,0.0
2042,Agri06_Biochar,DE9,0.0
2042,Agri06_Biochar,DEA,0.0
2042,Agri06_Biochar,DEB,0.0
2042,Agri06_Biochar,DEC,0.0
2042,Agri06_Biochar,DEE,0.0
2042,Agri06_Biochar,DED,0.0
2042,Agri06_Biochar,DEF,0.0
2042,Agri06_Biochar,DEG,0.0
2043,Agri01_AGC,DE1,6334310.598765279
2043,Agri01_AGC,DE2,9908039.576605568
2043,Agri01_AGC,DE3,13875.751722623623
2043,Agri01_AGC,DE4,5875950.961121207
2043,Agri01_AGC,DE5,44611.91480482664
2043,Agri01_AGC,DE6,73276.91215986638
2043,Agri01_AGC,DE7,2037907.0630466652
2043,Agri01_AGC,DE8,6189669.625440231
2043,Agri01_AGC,DE9,8943044.989137447
2043,Agri01_AGC,DEA,6592042.461707447
2043,Agri01_AGC,DEB,3543054.3173387065
2043,Agri01_AGC,DEC,376739.1414338582
2043,Agri01_AGC,DEE,4914113.157168765
2043,Agri01_AGC,DED,4043762.3328497647
2043,Agri01_AGC,DEF,1653481.6992243775
2043,Agri01_AGC,DEG,1322216.6979213643
2043,Agri02_OFC,DE1,3179025.70058528
2043,Agri02_OFC,DE2,4139031.467014291
2043,Agri02_OFC,DE3,2367385.3110610843
2043,Agri02_OFC,DE4,3229829.9196058866
2043,Agri02_OFC,DE5,1094535.4587078148
2043,Agri02_OFC,DE6,110466.35191017116
2043,Agri02_OFC,DE7,805337.2357749748
2043,Agri02_OFC,DE8,3112963.2128228988
2043,Agri02_OFC,DE9,3803597.5538129183
2043,Agri02_OFC,DEA,3089891.869559694
2043,Agri02_OFC,DEB,1865903.3183901368
2043,Agri02_OFC,DEC,1520921.078162928
2043,Agri02_OFC,DEE,2096168.111354656
2043,Agri02_OFC,DED,1931994.6075473933
2043,Agri02_OFC,DEF,483904.64312450413
2043,Agri02_OFC,DEG,387015.26973675145
2043,Agri03_No-till,DE1,0.0
2043,Agri03_No-till,DE2,0.0
2043,Agri03_No-till,DE3,0.0
2043,Agri03_No-till,DE4,0.0
2043,Agri03_No-till,DE5,0.0
2043,Agri03_No-till,DE6,0.0
2043,Agri03_No-till,DE7,0.0
2043,Agri03_No-till,DE8,0.0
2043,Agri03_No-till,DE9,0.0
2043,Agri03_No-till,DEA,0.0
2043,Agri03_No-till,DEB,0.0
2043,Agri03_No-till,DEC,0.0
2043,Agri03_No-till,DEE,0.0
2043,Agri03_No-till,DED,0.0
2043,Agri03_No-till,DEF,0.0
2043,Agri03_No-till,DEG,0.0
2043,Agri04_toGrassland,DE1,12878.504259558536
2043,Agri04_toGrassland,DE2,17383.30310085543
2043,Agri04_toGrassland,DE3,9069.905588449694
2043,Agri04_toGrassland,DE4,12976.536936662666
2043,Agri04_toGrassland,DE5,4197.303358854186
2043,Agri04_toGrassland,DE6,430.68822422757756
2043,Agri04_toGrassland,DE7,3479.0979394384035
2043,Agri04_toGrassland,DE8,12591.26843677562
2043,Agri04_toGrassland,DE9,15832.049781896578
2043,Agri04_toGrassland,DEA,12948.585676074212
2043,Agri04_toGrassland,DEB,8193.483778267671
2043,Agri04_toGrassland,DEC,6343.775018975117
2043,Agri04_toGrassland,DEE,9398.461224700739
2043,Agri04_toGrassland,DED,8533.729892466346
2043,Agri04_toGrassland,DEF,2627.1402606634865
2043,Agri04_toGrassland,DEG,2100.924361670086
2043,Agri05_Agroforestry,DE1,19495135.06408483
2043,Agri05_Agroforestry,DE2,25646601.493094828
2043,Agri05_Agroforestry,DE3,35346.54035874111
2043,Agri05_Agroforestry,DE4,12799097.225676669
2043,Agri05_Agroforestry,DE5,290175.48741785623
2043,Agri05_Agroforestry,DE6,234902.986849266
2043,Agri05_Agroforestry,DE7,4424508.442850972
2043,Agri05_Agroforestry,DE8,12190170.30486475
2043,Agri05_Agroforestry,DE9,24400624.06557683
2043,Agri05_Agroforestry,DEA,15794679.60246069
2043,Agri05_Agroforestry,DEB,9281082.551712193
2043,Agri05_Agroforestry,DEC,1292937.1536960462
2043,Agri05_Agroforestry,DEE,6414297.367581074
2043,Agri05_Agroforestry,DED,7146009.073599185
2043,Agri05_Agroforestry,DEF,1862359.9511078873
2043,Agri05_Agroforestry,DEG,1490268.7099499141
2043,Agri06_Biochar,DE1,0.0
2043,Agri06_Biochar,DE2,0.0
2043,Agri06_Biochar,DE3,0.0
2043,Agri06_Biochar,DE4,0.0
2043,Agri06_Biochar,DE5,0.0
2043,Agri06_Biochar,DE6,0.0
2043,Agri06_Biochar,DE7,0.0
2043,Agri06_Biochar,DE8,0.0
2043,Agri06_Biochar,DE9,0.0
2043,Agri06_Biochar,DEA,0.0
2043,Agri06_Biochar,DEB,0.0
2043,Agri06_Biochar,DEC,0.0
2043,Agri06_Biochar,DEE,0.0
2043,Agri06_Biochar,DED,0.0
2043,Agri06_Biochar,DEF,0.0
2043,Agri06_Biochar,DEG,0.0
2044,Agri01_AGC,DE1,5899023.692708644
2044,Agri01_AGC,DE2,9105191.258819219
2044,Agri01_AGC,DE3,12010.962446399135
2044,Agri01_AGC,DE4,5086270.476852066
2044,Agri01_AGC,DE5,38616.43275939326
2044,Agri01_AGC,DE6,63429.08533778732
2044,Agri01_AGC,DE7,1855982.3204548408
2044,Agri01_AGC,DE8,5611399.560970661
2044,Agri01_AGC,DE9,8243107.351650349
2044,Agri01_AGC,DEA,6163710.612394872
2044,Agri01_AGC,DEB,3066896.3528457503
2044,Agri01_AGC,DEC,326108.43508196884
2044,Agri01_AGC,DEE,4581533.1257274365
2044,Agri01_AGC,DED,3500313.2437741817
2044,Agri01_AGC,DEF,1471766.3885046286
2044,Agri01_AGC,DEG,1176927.1080623583
2044,Agri02_OFC,DE1,3044237.0860024057
2044,Agri02_OFC,DE2,3917140.1914509893
2044,Agri02_OFC,DE3,2306237.9600611567
2044,Agri02_OFC,DE4,3101009.0437021996
2044,Agri02_OFC,DE5,1065968.5708627508
2044,Agri02_OFC,DE6,107050.16308792608
2044,Agri02_OFC,DE7,754868.8047002796
2044,Agri02_OFC,DE8,2982453.409228929
2044,Agri02_OFC,DE9,3610425.5340444976
2044,Agri02_OFC,DEA,2966259.5462341886
2044,Agri02_OFC,DEB,1810466.3541869482
2044,Agri02_OFC,DEC,1492937.2124189413
2044,Agri02_OFC,DEE,2023930.1929278192
2044,Agri02_OFC,DED,1872023.624707624
2044,Agri02_OFC,DEF,443723.2234287368
2044,Agri02_OFC,DEG,354889.368077602
2044,Agri03_No-till,DE1,0.0
2044,Agri03_No-till,DE2,0.0
2044,Agri03_No-till,DE3,0.0
2044,Agri03_No-till,DE4,0.0
2044,Agri03_No-till,DE5,0.0
2044,Agri03_No-till,DE6,0.0
2044,Agri03_No-till,DE7,0.0
2044,Agri03_No-till,DE8,0.0
2044,Agri03_No-till,DE9,0.0
2044,Agri03_No-till,DEA,0.0
2044,Agri03_No-till,DEB,0.0
2044,Agri03_No-till,DEC,0.0
2044,Agri03_No-till,DEE,0.0
2044,Agri03_No-till,DED,0.0
2044,Agri03_No-till,DEF,0.0
2044,Agri03_No-till,DEG,0.0
2044,Agri04_toGrassland,DE1,12568.025800677911
2044,Agri04_toGrassland,DE2,16964.221734865077
2044,Agri04_toGrassland,DE3,8851.245854948067
2044,Agri04_toGrassland,DE4,12663.695079526015
2044,Agri04_toGrassland,DE5,4096.113635882723
2044,Agri04_toGrassland,DE6,420.30507619880206
2044,Agri04_toGrassland,DE7,3395.222906689172
2044,Agri04_toGrassland,DE8,12287.714736686508
2044,Agri04_toGrassland,DE9,15450.366449877934
2044,Agri04_toGrassland,DEA,12636.417675476829
2044,Agri04_toGrassland,DEB,7995.953058467517
2044,Agri04_toGrassland,DEC,6190.837577508267
2044,Agri04_toGrassland,DEE,9171.880583184964
2044,Agri04_toGrassland,DED,8327.99642745235
2044,Agri04_toGrassland,DEF,2563.8044537285587
2044,Agri04_toGrassland,DEG,2050.274709747041
2044,Agri05_Agroforestry,DE1,19966401.500403836
2044,Agri05_Agroforestry,DE2,28203134.093670875
2044,Agri05_Agroforestry,DE3,36200.99138235867
2044,Agri05_Agroforestry,DE4,13108496.72036174
2044,Agri05_Agroforestry,DE5,297190.05630455614
2044,Agri05_Agroforestry,DE6,240581.42370693543
2044,Agri05_Agroforestry,DE7,4827019.695970288
2044,Agri05_Agroforestry,DE8,12484849.879990073
2044,Agri05_Agroforestry,DE9,26889675.499978233
2044,Agri05_Agroforestry,DEA,16176492.928943612
2044,Agri05_Agroforestry,DEB,9505439.176323922
2044,Agri05_Agroforestry,DEC,1324192.0222980748
2044,Agri05_Agroforestry,DEE,6569353.644543175
2044,Agri05_Agroforestry,DED,7318753.413094554
2044,Agri05_Agroforestry,DEF,1938465.0233473552
2044,Agri05_Agroforestry,DEG,1551274.6670508888
2044,Agri06_Biochar,DE1,0.0
2044,Agri06_Biochar,DE2,0.0
2044,Agri06_Biochar,DE3,0.0
2044,Agri06_Biochar,DE4,0.0
2044,Agri06_Biochar,DE5,0.0
2044,Agri06_Biochar,DE6,0.0
2044,Agri06_Biochar,DE7,0.0
2044,Agri06_Biochar,DE8,0.0
2044,Agri06_Biochar,DE9,0.0
2044,Agri06_Biochar,DEA,0.0
2044,Agri06_Biochar,DEB,0.0
2044,Agri06_Biochar,DEC,0.0
2044,Agri06_Biochar,DEE,0.0
2044,Agri06_Biochar,DED,0.0
2044,Agri06_Biochar,DEF,0.0
2044,Agri06_Biochar,DEG,0.0
2045,Agri01_AGC,DE1,4983157.360476861
2045,Agri01_AGC,DE2,8137442.822762583
2045,Agri01_AGC,DE3,10146.173170174647
2045,Agri01_AGC,DE4,4296589.992582924
2045,Agri01_AGC,DE5,32620.950713959883
2045,Agri01_AGC,DE6,53581.258515708265
2045,Agri01_AGC,DE7,1643686.1550293656
2045,Agri01_AGC,DE8,4740188.967098061
2045,Agri01_AGC,DE9,7389111.446890138
2045,Agri01_AGC,DEA,5206749.710798604
2045,Agri01_AGC,DEB,2590738.388352794
2045,Agri01_AGC,DEC,275477.7287300795
2045,Agri01_AGC,DEE,3973526.7988498085
2045,Agri01_AGC,DED,2956864.1546985987
2045,Agri01_AGC,DEF,1272610.2428937105
2045,Agri01_AGC,DEG,1017686.5912932601
2045,Agri02_OFC,DE1,2815449.0209982106
2045,Agri02_OFC,DE2,3580763.693525803
2045,Agri02_OFC,DE3,2168410.929519403
2045,Agri02_OFC,DE4,2875303.61980722
2045,Agri02_OFC,DE5,1002000.0570137394
2045,Agri02_OFC,DE6,100151.8177998828
2045,Agri02_OFC,DE7,683366.8827907102
2045,Agri02_OFC,DE8,2759645.9094546647
2045,Agri02_OFC,DE9,3310218.221616053
2045,Agri02_OFC,DEA,2748704.61078151
2045,Agri02_OFC,DEB,1693489.9324831918
2045,Agri02_OFC,DEC,1412124.8711440128
2045,Agri02_OFC,DEE,1884102.394787629
2045,Agri02_OFC,DED,1748731.8907403343
2045,Agri02_OFC,DEF,391582.32543035987
2045,Agri02_OFC,DEG,313196.978186666
2045,Agri03_No-till,DE1,0.0
2045,Agri03_No-till,DE2,0.0
2045,Agri03_No-till,DE3,0.0
2045,Agri03_No-till,DE4,0.0
2045,Agri03_No-till,DE5,0.0
2045,Agri03_No-till,DE6,0.0
2045,Agri03_No-till,DE7,0.0
2045,Agri03_No-till,DE8,0.0
2045,Agri03_No-till,DE9,0.0
2045,Agri03_No-till,DEA,0.0
2045,Agri03_No-till,DEB,0.0
2045,Agri03_No-till,DEC,0.0
2045,Agri03_No-till,DEE,0.0
2045,Agri03_No-till,DED,0.0
2045,Agri03_No-till,DEF,0.0
2045,Agri03_No-till,DEG,0.0
2045,Agri04_toGrassland,DE1,12257.547341797283
2045,Agri04_toGrassland,DE2,16545.14036887472
2045,Agri04_toGrassland,DE3,8632.586121446438
2045,Agri04_toGrassland,DE4,12350.853222389364
2045,Agri04_toGrassland,DE5,3994.923912911261
2045,Agri04_toGrassland,DE6,409.92192817002655
2045,Agri04_toGrassland,DE7,3311.347873939939
2045,Agri04_toGrassland,DE8,11984.161036597396
2045,Agri04_toGrassland,DE9,15068.683117859287
2045,Agri04_toGrassland,DEA,12324.249674879442
2045,Agri04_toGrassland,DEB,7798.42233866736
2045,Agri04_toGrassland,DEC,6037.900136041416
2045,Agri04_toGrassland,DEE,8945.29994166919
2045,Agri04_toGrassland,DED,8122.262962438353
2045,Agri04_toGrassland,DEF,2500.4686467936303
2045,Agri04_toGrassland,DEG,1999.625057823996
2045,Agri05_Agroforestry,DE1,20437667.93672284
2045,Agri05_Agroforestry,DE2,28868811.90732611
2045,Agri05_Agroforestry,DE3,37055.442405976224
2045,Agri05_Agroforestry,DE4,13417896.215046816
2045,Agri05_Agroforestry,DE5,304204.6251912562
2045,Agri05_Agroforestry,DE6,246259.8605646049
2045,Agri05_Agroforestry,DE7,4940951.7117176205
2045,Agri05_Agroforestry,DE8,12779529.455115402
2045,Agri05_Agroforestry,DE9,27524351.78585744
2045,Agri05_Agroforestry,DEA,16558306.255426537
2045,Agri05_Agroforestry,DEB,9729795.800935656
2045,Agri05_Agroforestry,DEC,1355446.8909001036
2045,Agri05_Agroforestry,DEE,6724409.921505276
2045,Agri05_Agroforestry,DED,7491497.752589924
2045,Agri05_Agroforestry,DEF,1984218.5610323243
2045,Agri05_Agroforestry,DEG,1587889.3611948607
2045,Agri06_Biochar,DE1,0.0
2045,Agri06_Biochar,DE2,0.0
2045,Agri06_Biochar,DE3,0.0
2045,Agri06_Biochar,DE4,0.0
2045,Agri06_Biochar,DE5,0.0
2045,Agri06_Biochar,DE6,0.0
2045,Agri06_Biochar,DE7,0.0
2045,Agri06_Biochar,DE8,0.0
2045,Agri06_Biochar,DE9,0.0
2045,Agri06_Biochar,DEA,0.0
2045,Agri06_Biochar,DEB,0.0
2045,Agri06_Biochar,DEC,0.0
2045,Agri06_Biochar,DEE,0.0
2045,Agri06_Biochar,DED,0.0
2045,Agri06_Biochar,DEF,0.0
2045,Agri06_Biochar,DEG,0.0
2046,Agri01_AGC,DE1,4067291.028245078
2046,Agri01_AGC,DE2,6641842.870222408
2046,Agri01_AGC,DE3,8281.383893950158
2046,Agri01_AGC,DE4,3506909.5083137816
2046,Agri01_AGC,DE5,26625.468668526504
2046,Agri01_AGC,DE6,43733.4316936292
2046,Agri01_AGC,DE7,1341589.1708789696
2046,Agri01_AGC,DE8,3868978.3732254608
2046,Agri01_AGC,DE9,6031049.0961022535
2046,Agri01_AGC,DEA,4249788.809202337
2046,Agri01_AGC,DEB,2114580.423859838
2046,Agri01_AGC,DEC,224847.02237819013
2046,Agri01_AGC,DEE,3243222.866617771
2046,Agri01_AGC,DED,2413415.0656230156
2046,Agri01_AGC,DEF,1038714.182383166
2046,Agri01_AGC,DEG,830643.554458471
2046,Agri02_OFC,DE1,2273685.614262121
2046,Agri02_OFC,DE2,2891734.439984694
2046,Agri02_OFC,DE3,1751153.9720612664
2046,Agri02_OFC,DE4,2322022.678525932
2046,Agri02_OFC,DE5,809189.9722319327
2046,Agri02_OFC,DE6,80880.08188941002
2046,Agri02_OFC,DE7,551869.857730013
2046,Agri02_OFC,DE8,2228620.428921759
2046,Agri02_OFC,DE9,2673248.74093735
2046,Agri02_OFC,DEA,2219784.5120896804
2046,Agri02_OFC,DEB,1367619.753960095
2046,Agri02_OFC,DEC,1140396.4273959885
2046,Agri02_OFC,DEE,1521553.5706296014
2046,Agri02_OFC,DED,1412231.7660605314
2046,Agri02_OFC,DEF,316232.0089939513
2046,Agri02_OFC,DEG,252929.9797021053
2046,Agri03_No-till,DE1,0.0
2046,Agri03_No-till,DE2,0.0
2046,Agri03_No-till,DE3,0.0
2046,Agri03_No-till,DE4,0.0
2046,Agri03_No-till,DE5,0.0
2046,Agri03_No-till,DE6,0.0
2046,Agri03_No-till,DE7,0.0
2046,Agri03_No-till,DE8,0.0
2046,Agri03_No-till,DE9,0.0
2046,Agri03_No-till,DEA,0.0
2046,Agri03_No-till,DEB,0.0
2046,Agri03_No-till,DEC,0.0
2046,Agri03_No-till,DEE,0.0
2046,Agri03_No-till,DED,0.0
2046,Agri03_No-till,DEF,0.0
2046,Agri03_No-till,DEG,0.0
2046,Agri04_toGrassland,DE1,11947.068882916657
2046,Agri04_toGrassland,DE2,16126.059002884364
2046,Agri04_toGrassland,DE3,8413.92638794481
2046,Agri04_toGrassland,DE4,12038.011365252714
2046,Agri04_toGrassland,DE5,3893.734189939799
2046,Agri04_toGrassland,DE6,399.53878014125104
2046,Agri04_toGrassland,DE7,3227.4728411907067
2046,Agri04_toGrassland,DE8,11680.607336508285
2046,Agri04_toGrassland,DE9,14686.999785840644
2046,Agri04_toGrassland,DEA,12012.081674282059
2046,Agri04_toGrassland,DEB,7600.891618867206
2046,Agri04_toGrassland,DEC,5884.962694574567
2046,Agri04_toGrassland,DEE,8718.719300153414
2046,Agri04_toGrassland,DED,7916.529497424357
2046,Agri04_toGrassland,DEF,2437.1328398587025
2046,Agri04_toGrassland,DEG,1948.975405900951
2046,Agri05_Agroforestry,DE1,20908934.37304185
2046,Agri05_Agroforestry,DE2,29534489.72098134
2046,Agri05_Agroforestry,DE3,37909.89342959379
2046,Agri05_Agroforestry,DE4,13727295.70973189
2046,Agri05_Agroforestry,DE5,311219.1940779562
2046,Agri05_Agroforestry,DE6,251938.2974222744
2046,Agri05_Agroforestry,DE7,5054883.727464953
2046,Agri05_Agroforestry,DE8,13074209.03024073
2046,Agri05_Agroforestry,DE9,28159028.07173664
2046,Agri05_Agroforestry,DEA,16940119.581909463
2046,Agri05_Agroforestry,DEB,9954152.42554739
2046,Agri05_Agroforestry,DEC,1386701.7595021324
2046,Agri05_Agroforestry,DEE,6879466.1984673785
2046,Agri05_Agroforestry,DED,7664242.092085295
2046,Agri05_Agroforestry,DEF,2029972.0987172932
2046,Agri05_Agroforestry,DEG,1624504.0553388325
2046,Agri06_Biochar,DE1,0.0
2046,Agri06_Biochar,DE2,0.0
2046,Agri06_Biochar,DE3,0.0
2046,Agri06_Biochar,DE4,0.0
2046,Agri06_Biochar,DE5,0.0
2046,Agri06_Biochar,DE6,0.0
2046,Agri06_Biochar,DE7,0.0
2046,Agri06_Biochar,DE8,0.0
2046,Agri06_Biochar,DE9,0.0
2046,Agri06_Biochar,DEA,0.0
2046,Agri06_Biochar,DEB,0.0
2046,Agri06_Biochar,DEC,0.0
2046,Agri06_Biochar,DEE,0.0
2046,Agri06_Biochar,DED,0.0
2046,Agri06_Biochar,DEF,0.0
2046,Agri06_Biochar,DEG,0.0
2047,Agri01_AGC,DE1,3151424.696013295
2047,Agri01_AGC,DE2,5146242.917682234
2047,Agri01_AGC,DE3,6416.59461772567
2047,Agri01_AGC,DE4,2717229.02404464
2047,Agri01_AGC,DE5,20629.986623093126
2047,Agri01_AGC,DE6,33885.604871550146
2047,Agri01_AGC,DE7,1039492.1867285736
2047,Agri01_AGC,DE8,2997767.7793528605
2047,Agri01_AGC,DE9,4672986.745314369
2047,Agri01_AGC,DEA,3292827.9076060685
2047,Agri01_AGC,DEB,1638422.4593668818
2047,Agri01_AGC,DEC,174216.31602630077
2047,Agri01_AGC,DEE,2512918.9343857337
2047,Agri01_AGC,DED,1869965.9765474324
2047,Agri01_AGC,DEF,804818.1218726215
2047,Agri01_AGC,DEG,643600.5176236819
2047,Agri02_OFC,DE1,1731922.2075260342
2047,Agri02_OFC,DE2,2202705.186443589
2047,Agri02_OFC,DE3,1333897.0146031321
2047,Agri02_OFC,DE4,1768741.7372446477
2047,Agri02_OFC,DE5,616379.8874501272
2047,Agri02_OFC,DE6,61608.34597893735
2047,Agri02_OFC,DE7,420372.83266931644
2047,Agri02_OFC,DE8,1697594.9483888561
2047,Agri02_OFC,DE9,2036279.2602586504
2047,Agri02_OFC,DEA,1690864.4133978537
2047,Agri02_OFC,DEB,1041749.5754370004
2047,Agri02_OFC,DEC,868667.983647966
2047,Agri02_OFC,DEE,1159004.746471576
2047,Agri02_OFC,DED,1075731.6413807303
2047,Agri02_OFC,DEF,240881.69255754314
2047,Agri02_OFC,DEG,192662.981217545
2047,Agri03_No-till,DE1,0.0
2047,Agri03_No-till,DE2,0.0
2047,Agri03_No-till,DE3,0.0
2047,Agri03_No-till,DE4,0.0
2047,Agri03_No-till,DE5,0.0
2047,Agri03_No-till,DE6,0.0
2047,Agri03_No-till,DE7,0.0
2047,Agri03_No-till,DE8,0.0
2047,Agri03_No-till,DE9,0.0
2047,Agri03_No-till,DEA,0.0
2047,Agri03_No-till,DEB,0.0
2047,Agri03_No-till,DEC,0.0
2047,Agri03_No-till,DEE,0.0
2047,Agri03_No-till,DED,0.0
2047,Agri03_No-till,DEF,0.0
2047,Agri03_No-till,DEG,0.0
2047,Agri04_toGrassland,DE1,11636.590424036029
2047,Agri04_toGrassland,DE2,15706.977636894006
2047,Agri04_toGrassland,DE3,8195.266654443181
2047,Agri04_toGrassland,DE4,11725.169508116063
2047,Agri04_toGrassland,DE5,3792.544466968336
2047,Agri04_toGrassland,DE6,389.15563211247553
2047,Agri04_toGrassland,DE7,3143.597808441474
2047,Agri04_toGrassland,DE8,11377.053636419172
2047,Agri04_toGrassland,DE9,14305.316453821997
2047,Agri04_toGrassland,DEA,11699.913673684674
2047,Agri04_toGrassland,DEB,7403.36089906705
2047,Agri04_toGrassland,DEC,5732.025253107716
2047,Agri04_toGrassland,DEE,8492.138658637637
2047,Agri04_toGrassland,DED,7710.79603241036
2047,Agri04_toGrassland,DEF,2373.797032923774
2047,Agri04_toGrassland,DEG,1898.3257539779058
2047,Agri05_Agroforestry,DE1,21380200.809360854
2047,Agri05_Agroforestry,DE2,30200167.53463657
2047,Agri05_Agroforestry,DE3,38764.34445321134
2047,Agri05_Agroforestry,DE4,14036695.204416964
2047,Agri05_Agroforestry,DE5,318233.76296465617
2047,Agri05_Agroforestry,DE6,257616.73427994386
2047,Agri05_Agroforestry,DE7,5168815.743212285
2047,Agri05_Agroforestry,DE8,13368888.605366055
2047,Agri05_Agroforestry,DE9,28793704.357615843
2047,Agri05_Agroforestry,DEA,17321932.90839239
2047,Agri05_Agroforestry,DEB,10178509.050159123
2047,Agri05_Agroforestry,DEC,1417956.628104161
2047,Agri05_Agroforestry,DEE,7034522.475429479
2047,Agri05_Agroforestry,DED,7836986.4315806655
2047,Agri05_Agroforestry,DEF,2075725.6364022621
2047,Agri05_Agroforestry,DEG,1661118.7494828042
2047,Agri06_Biochar,DE1,0.0
2047,Agri06_Biochar,DE2,0.0
2047,Agri06_Biochar,DE3,0.0
2047,Agri06_Biochar,DE4,0.0
2047,Agri06_Biochar,DE5,0.0
2047,Agri06_Biochar,DE6,0.0
2047,Agri06_Biochar,DE7,0.0
2047,Agri06_Biochar,DE8,0.0
2047,Agri06_Biochar,DE9,0.0
2047,Agri06_Biochar,DEA,0.0
2047,Agri06_Biochar,DEB,0.0
2047,Agri06_Biochar,DEC,0.0
2047,Agri06_Biochar,DEE,0.0
2047,Agri06_Biochar,DED,0.0
2047,Agri06_Biochar,DEF,0.0
2047,Agri06_Biochar,DEG,0.0
2048,Agri01_AGC,DE1,2235558.3637815113
2048,Agri01_AGC,DE2,3650642.965142059
2048,Agri01_AGC,DE3,4551.805341501182
2048,Agri01_AGC,DE4,1927548.5397754977
2048,Agri01_AGC,DE5,14634.504577659747
2048,Agri01_AGC,DE6,24037.778049471082
2048,Agri01_AGC,DE7,737395.2025781777
2048,Agri01_AGC,DE8,2126557.18548026
2048,Agri01_AGC,DE9,3314924.3945264844
2048,Agri01_AGC,DEA,2335867.0060098004
2048,Agri01_AGC,DEB,1162264.4948739253
2048,Agri01_AGC,DEC,123585.60967441142
2048,Agri01_AGC,DEE,1782615.0021536958
2048,Agri01_AGC,DED,1326516.887471849
2048,Agri01_AGC,DEF,570922.0613620769
2048,Agri01_AGC,DEG,456557.48078889283
2048,Agri02_OFC,DE1,1190158.8007899504
2048,Agri02_OFC,DE2,1513675.932902488
2048,Agri02_OFC,DE3,916640.0571450001
2048,Agri02_OFC,DE4,1215460.795963366
2048,Agri02_OFC,DE5,423569.8026683226
2048,Agri02_OFC,DE6,42336.610068464775
2048,Agri02_OFC,DE7,288875.8076086206
2048,Agri02_OFC,DE8,1166569.4678559564
2048,Agri02_OFC,DE9,1399309.7795799542
2048,Agri02_OFC,DEA,1161944.31470603
2048,Agri02_OFC,DEB,715879.3969139073
2048,Agri02_OFC,DEC,596939.5398999447
2048,Agri02_OFC,DEE,796455.9223135525
2048,Agri02_OFC,DED,739231.5167009311
2048,Agri02_OFC,DEF,165531.3761211354
2048,Agri02_OFC,DEG,132395.982732985
2048,Agri03_No-till,DE1,0.0
2048,Agri03_No-till,DE2,0.0
2048,Agri03_No-till,DE3,0.0
2048,Agri03_No-till,DE4,0.0
2048,Agri03_No-till,DE5,0.0
2048,Agri03_No-till,DE6,0.0
2048,Agri03_No-till,DE7,0.0
2048,Agri03_No-till,DE8,0.0
2048,Agri03_No-till,DE9,0.0
2048,Agri03_No-till,DEA,0.0
2048,Agri03_No-till,DEB,0.0
2048,Agri03_No-till,DEC,0.0
2048,Agri03_No-till,DEE,0.0
2048,Agri03_No-till,DED,0.0
2048,Agri03_No-till,DEF,0.0
2048,Agri03_No-till,DEG,0.0
2048,Agri04_toGrassland,DE1,11326.1119651554
2048,Agri04_toGrassland,DE2,15287.896270903646
2048,Agri04_toGrassland,DE3,7976.606920941554
2048,Agri04_toGrassland,DE4,11412.32765097941
2048,Agri04_toGrassland,DE5,3691.3547439968734
2048,Agri04_toGrassland,DE6,378.77248408369996
2048,Agri04_toGrassland,DE7,3059.7227756922416
2048,Agri04_toGrassland,DE8,11073.499936330061
2048,Agri04_toGrassland,DE9,13923.633121803352
2048,Agri04_toGrassland,DEA,11387.74567308729
2048,Agri04_toGrassland,DEB,7205.8301792668935
2048,Agri04_toGrassland,DEC,5579.087811640865
2048,Agri04_toGrassland,DEE,8265.558017121863
2048,Agri04_toGrassland,DED,7505.062567396363
2048,Agri04_toGrassland,DEF,2310.461225988846
2048,Agri04_toGrassland,DEG,1847.6761020548604
2048,Agri05_Agroforestry,DE1,21851467.245679863
2048,Agri05_Agroforestry,DE2,30865845.3482918
2048,Agri05_Agroforestry,DE3,39618.795476828906
2048,Agri05_Agroforestry,DE4,14346094.699102039
2048,Agri05_Agroforestry,DE5,325248.3318513562
2048,Agri05_Agroforestry,DE6,263295.17113761336
2048,Agri05_Agroforestry,DE7,5282747.7589596175
2048,Agri05_Agroforestry,DE8,13663568.180491382
2048,Agri05_Agroforestry,DE9,29428380.643495046
2048,Agri05_Agroforestry,DEA,17703746.234875314
2048,Agri05_Agroforestry,DEB,10402865.674770856
2048,Agri05_Agroforestry,DEC,1449211.4967061898
2048,Agri05_Agroforestry,DEE,7189578.752391581
2048,Agri05_Agroforestry,DED,8009730.771076037
2048,Agri05_Agroforestry,DEF,2121479.174087231
2048,Agri05_Agroforestry,DEG,1697733.443626776
2048,Agri06_Biochar,DE1,0.0
2048,Agri06_Biochar,DE2,0.0
2048,Agri06_Biochar,DE3,0.0
2048,Agri06_Biochar,DE4,0.0
2048,Agri06_Biochar,DE5,0.0
2048,Agri06_Biochar,DE6,0.0
2048,Agri06_Biochar,DE7,0.0
2048,Agri06_Biochar,DE8,0.0
2048,Agri06_Biochar,DE9,0.0
2048,Agri06_Biochar,DEA,0.0
2048,Agri06_Biochar,DEB,0.0
2048,Agri06_Biochar,DEC,0.0
2048,Agri06_Biochar,DEE,0.0
2048,Agri06_Biochar,DED,0.0
2048,Agri06_Biochar,DEF,0.0
2048,Agri06_Biochar,DEG,0.0
2049,Agri01_AGC,DE1,1319692.0315497285
2049,Agri01_AGC,DE2,2155043.0126018845
2049,Agri01_AGC,DE3,2687.016065276693
2049,Agri01_AGC,DE4,1137868.0555063558
2049,Agri01_AGC,DE5,8639.022532226369
2049,Agri01_AGC,DE6,14189.95122739202
2049,Agri01_AGC,DE7,435298.2184277818
2049,Agri01_AGC,DE8,1255346.5916076596
2049,Agri01_AGC,DE9,1956862.0437386
2049,Agri01_AGC,DEA,1378906.1044135327
2049,Agri01_AGC,DEB,686106.5303809693
2049,Agri01_AGC,DEC,72954.90332252205
2049,Agri01_AGC,DEE,1052311.0699216584
2049,Agri01_AGC,DED,783067.7983962661
2049,Agri01_AGC,DEF,337026.0008515323
2049,Agri01_AGC,DEG,269514.44395410374
2049,Agri02_OFC,DE1,648395.3940538638
2049,Agri02_OFC,DE2,824646.6793613832
2049,Agri02_OFC,DE3,499383.09968686587
2049,Agri02_OFC,DE4,662179.8546820814
2049,Agri02_OFC,DE5,230759.717886517
2049,Agri02_OFC,DE6,23064.8741579921
2049,Agri02_OFC,DE7,157378.7825479241
2049,Agri02_OFC,DE8,635543.9873230536
2049,Agri02_OFC,DE9,762340.2989012548
2049,Agri02_OFC,DEA,633024.2160142036
2049,Agri02_OFC,DEB,390009.2183908125
2049,Agri02_OFC,DEC,325211.096151922
2049,Agri02_OFC,DEE,433907.098155527
2049,Agri02_OFC,DED,402731.39202113013
2049,Agri02_OFC,DEF,90181.05968472724
2049,Agri02_OFC,DEG,72128.98424842469
2049,Agri03_No-till,DE1,0.0
2049,Agri03_No-till,DE2,0.0
2049,Agri03_No-till,DE3,0.0
2049,Agri03_No-till,DE4,0.0
2049,Agri03_No-till,DE5,0.0
2049,Agri03_No-till,DE6,0.0
2049,Agri03_No-till,DE7,0.0
2049,Agri03_No-till,DE8,0.0
2049,Agri03_No-till,DE9,0.0
2049,Agri03_No-till,DEA,0.0
2049,Agri03_No-till,DEB,0.0
2049,Agri03_No-till,DEC,0.0
2049,Agri03_No-till,DEE,0.0
2049,Agri03_No-till,DED,0.0
2049,Agri03_No-till,DEF,0.0
2049,Agri03_No-till,DEG,0.0
2049,Agri04_toGrassland,DE1,11015.633506274775
2049,Agri04_toGrassland,DE2,14868.814904913292
2049,Agri04_toGrassland,DE3,7757.947187439927
2049,Agri04_toGrassland,DE4,11099.485793842761
2049,Agri04_toGrassland,DE5,3590.165021025411
2049,Agri04_toGrassland,DE6,368.3893360549245
2049,Agri04_toGrassland,DE7,2975.8477429430095
2049,Agri04_toGrassland,DE8,10769.94623624095
2049,Agri04_toGrassland,DE9,13541.949789784707
2049,Agri04_toGrassland,DEA,11075.577672489906
2049,Agri04_toGrassland,DEB,7008.299459466739
2049,Agri04_toGrassland,DEC,5426.150370174016
2049,Agri04_toGrassland,DEE,8038.977375606088
2049,Agri04_toGrassland,DED,7299.329102382367
2049,Agri04_toGrassland,DEF,2247.125419053918
2049,Agri04_toGrassland,DEG,1797.0264501318156
2049,Agri05_Agroforestry,DE1,22322733.681998868
2049,Agri05_Agroforestry,DE2,31531523.161947027
2049,Agri05_Agroforestry,DE3,40473.24650044646
2049,Agri05_Agroforestry,DE4,14655494.193787113
2049,Agri05_Agroforestry,DE5,332262.90073805617
2049,Agri05_Agroforestry,DE6,268973.6079952828
2049,Agri05_Agroforestry,DE7,5396679.7747069495
2049,Agri05_Agroforestry,DE8,13958247.75561671
2049,Agri05_Agroforestry,DE9,30063056.929374244
2049,Agri05_Agroforestry,DEA,18085559.56135824
2049,Agri05_Agroforestry,DEB,10627222.299382588
2049,Agri05_Agroforestry,DEC,1480466.3653082184
2049,Agri05_Agroforestry,DEE,7344635.029353682
2049,Agri05_Agroforestry,DED,8182475.110571406
2049,Agri05_Agroforestry,DEF,2167232.7117721997
2049,Agri05_Agroforestry,DEG,1734348.1377707478
2049,Agri06_Biochar,DE1,0.0
2049,Agri06_Biochar,DE2,0.0
2049,Agri06_Biochar,DE3,0.0
2049,Agri06_Biochar,DE4,0.0
2049,Agri06_Biochar,DE5,0.0
2049,Agri06_Biochar,DE6,0.0
2049,Agri06_Biochar,DE7,0.0
2049,Agri06_Biochar,DE8,0.0
2049,Agri06_Biochar,DE9,0.0
2049,Agri06_Biochar,DEA,0.0
2049,Agri06_Biochar,DEB,0.0
2049,Agri06_Biochar,DEC,0.0
2049,Agri06_Biochar,DEE,0.0
2049,Agri06_Biochar,DED,0.0
2049,Agri06_Biochar,DEF,0.0
2049,Agri06_Biochar,DEG,0.0
2050,Agri01_AGC,DE1,403825.69931794616
2050,Agri01_AGC,DE2,659443.0600617114
2050,Agri01_AGC,DE3,822.2267890522068
2050,Agri01_AGC,DE4,348187.5712372148
2050,Agri01_AGC,DE5,2643.5404867929965
2050,Agri01_AGC,DE6,4342.124405312971
2050,Agri01_AGC,DE7,133201.23427738616
2050,Agri01_AGC,DE8,384135.99773506005
2050,Agri01_AGC,DE9,598799.6929507172
2050,Agri01_AGC,DEA,421945.2028172658
2050,Agri01_AGC,DEB,209948.56588801352
2050,Agri01_AGC,DEC,22324.196970632747
2050,Agri01_AGC,DEE,322007.1376896216
2050,Agri01_AGC,DED,239618.70932068347
2050,Agri01_AGC,DEF,103129.940340988
2050,Agri01_AGC,DEG,82471.40711931486
2050,Agri02_OFC,DE1,106631.98731777308
2050,Agri02_OFC,DE2,135617.4258202732
2050,Agri02_OFC,DE3,82126.14222872851
2050,Agri02_OFC,DE4,108898.91340079262
2050,Agri02_OFC,DE5,37949.63310470997
2050,Agri02_OFC,DE6,3793.1382475192795
2050,Agri02_OFC,DE7,25881.75748722656
2050,Agri02_OFC,DE8,104518.50679014697
2050,Agri02_OFC,DE9,125370.81822255046
2050,Agri02_OFC,DEA,104104.11732237315
2050,Agri02_OFC,DEB,64139.03986771525
2050,Agri02_OFC,DEC,53482.65240389732
2050,Agri02_OFC,DEE,71358.2739974989
2050,Agri02_OFC,DED,66231.26734132657
2050,Agri02_OFC,DEF,14830.743248318528
2050,Agri02_OFC,DEG,11861.98576386393
2050,Agri03_No-till,DE1,0.0
2050,Agri03_No-till,DE2,0.0
2050,Agri03_No-till,DE3,0.0
2050,Agri03_No-till,DE4,0.0
2050,Agri03_No-till,DE5,0.0
2050,Agri03_No-till,DE6,0.0
2050,Agri03_No-till,DE7,0.0
2050,Agri03_No-till,DE8,0.0
2050,Agri03_No-till,DE9,0.0
2050,Agri03_No-till,DEA,0.0
2050,Agri03_No-till,DEB,0.0
2050,Agri03_No-till,DEC,0.0
2050,Agri03_No-till,DEE,0.0
2050,Agri03_No-till,DED,0.0
2050,Agri03_No-till,DEF,0.0
2050,Agri03_No-till,DEG,0.0
2050,Agri04_toGrassland,DE1,10705.155047394146
2050,Agri04_toGrassland,DE2,14449.733538922934
2050,Agri04_toGrassland,DE3,7539.287453938298
2050,Agri04_toGrassland,DE4,10786.64393670611
2050,Agri04_toGrassland,DE5,3488.9752980539483
2050,Agri04_toGrassland,DE6,358.00618802614895
2050,Agri04_toGrassland,DE7,2891.972710193777
2050,Agri04_toGrassland,DE8,10466.392536151838
2050,Agri04_toGrassland,DE9,13160.266457766062
2050,Agri04_toGrassland,DEA,10763.409671892521
2050,Agri04_toGrassland,DEB,6810.768739666583
2050,Agri04_toGrassland,DEC,5273.212928707165
2050,Agri04_toGrassland,DEE,7812.396734090312
2050,Agri04_toGrassland,DED,7093.59563736837
2050,Agri04_toGrassland,DEF,2183.7896121189897
2050,Agri04_toGrassland,DEG,1746.3767982087702
2050,Agri05_Agroforestry,DE1,22794000.11831787
2050,Agri05_Agroforestry,DE2,32197200.97560225
2050,Agri05_Agroforestry,DE3,41327.69752406401
2050,Agri05_Agroforestry,DE4,14964893.688472183
2050,Agri05_Agroforestry,DE5,339277.46962475614
2050,Agri05_Agroforestry,DE6,274652.04485295224
2050,Agri05_Agroforestry,DE7,5510611.790454281
2050,Agri05_Agroforestry,DE8,14252927.330742033
2050,Agri05_Agroforestry,DE9,30697733.215253443
2050,Agri05_Agroforestry,DEA,18467372.887841158
2050,Agri05_Agroforestry,DEB,10851578.92399432
2050,Agri05_Agroforestry,DEC,1511721.233910247
2050,Agri05_Agroforestry,DEE,7499691.3063157825
2050,Agri05_Agroforestry,DED,8355219.450066775
2050,Agri05_Agroforestry,DEF,2212986.2494571684
2050,Agri05_Agroforestry,DEG,1770962.8319147192
2050,Agri06_Biochar,DE1,0.0
2050,Agri06_Biochar,DE2,0.0
2050,Agri06_Biochar,DE3,0.0
2050,Agri06_Biochar,DE4,0.0
2050,Agri06_Biochar,DE5,0.0
2050,Agri06_Biochar,DE6,0.0
2050,Agri06_Biochar,DE7,0.0
2050,Agri06_Biochar,DE8,0.0
2050,Agri06_Biochar,DE9,0.0
2050,Agri06_Biochar,DEA,0.0
2050,Agri06_Biochar,DEB,0.0
2050,Agri06_Biochar,DEC,0.0
2050,Agri06_Biochar,DEE,0.0
2050,Agri06_Biochar,DED,0.0
2050,Agri06_Biochar,DEF,0.0
2050,Agri06_Biochar,DEG,0.0
