year,techAgri,r,capAgri
2020,Agri01_AGC,DE1,0.0
2020,Agri01_AGC,DE2,0.0
2020,Agri01_AGC,DE3,0.0
2020,Agri01_AGC,DE4,0.0
2020,Agri01_AGC,DE5,0.0
2020,Agri01_AGC,DE6,0.0
2020,Agri01_AGC,DE7,0.0
2020,Agri01_AGC,DE8,0.0
2020,Agri01_AGC,DE9,0.0
2020,Agri01_AGC,DEA,0.0
2020,Agri01_AGC,DEB,0.0
2020,Agri01_AGC,DEC,0.0
2020,Agri01_AGC,DEE,0.0
2020,Agri01_AGC,DED,0.0
2020,Agri01_AGC,DEF,0.0
2020,Agri01_AGC,DEG,0.0
2020,Agri02_OFC,DE1,0.0
2020,Agri02_OFC,DE2,0.0
2020,Agri02_OFC,DE3,0.0
2020,Agri02_OFC,DE4,0.0
2020,Agri02_OFC,DE5,0.0
2020,Agri02_OFC,DE6,0.0
2020,Agri02_OFC,DE7,0.0
2020,Agri02_OFC,DE8,0.0
2020,Agri02_OFC,DE9,0.0
2020,Agri02_OFC,DEA,0.0
2020,Agri02_OFC,DEB,0.0
2020,Agri02_OFC,DEC,0.0
2020,Agri02_OFC,DEE,0.0
2020,Agri02_OFC,DED,0.0
2020,Agri02_OFC,DEF,0.0
2020,Agri02_OFC,DEG,0.0
2020,Agri03_No-till,DE1,0.0
2020,Agri03_No-till,DE2,0.0
2020,Agri03_No-till,DE3,0.0
2020,Agri03_No-till,DE4,0.0
2020,Agri03_No-till,DE5,0.0
2020,Agri03_No-till,DE6,0.0
2020,Agri03_No-till,DE7,0.0
2020,Agri03_No-till,DE8,0.0
2020,Agri03_No-till,DE9,0.0
2020,Agri03_No-till,DEA,0.0
2020,Agri03_No-till,DEB,0.0
2020,Agri03_No-till,DEC,0.0
2020,Agri03_No-till,DEE,0.0
2020,Agri03_No-till,DED,0.0
2020,Agri03_No-till,DEF,0.0
2020,Agri03_No-till,DEG,0.0
2020,Agri04_toGrassland,DE1,0.0
2020,Agri04_toGrassland,DE2,0.0
2020,Agri04_toGrassland,DE3,0.0
2020,Agri04_toGrassland,DE4,0.0
2020,Agri04_toGrassland,DE5,0.0
2020,Agri04_toGrassland,DE6,0.0
2020,Agri04_toGrassland,DE7,0.0
2020,Agri04_toGrassland,DE8,0.0
2020,Agri04_toGrassland,DE9,0.0
2020,Agri04_toGrassland,DEA,0.0
2020,Agri04_toGrassland,DEB,0.0
2020,Agri04_toGrassland,DEC,0.0
2020,Agri04_toGrassland,DEE,0.0
2020,Agri04_toGrassland,DED,0.0
2020,Agri04_toGrassland,DEF,0.0
2020,Agri04_toGrassland,DEG,0.0
2020,Agri05_Agroforestry,DE1,0.0
2020,Agri05_Agroforestry,DE2,0.0
2020,Agri05_Agroforestry,DE3,0.0
2020,Agri05_Agroforestry,DE4,0.0
2020,Agri05_Agroforestry,DE5,0.0
2020,Agri05_Agroforestry,DE6,0.0
2020,Agri05_Agroforestry,DE7,0.0
2020,Agri05_Agroforestry,DE8,0.0
2020,Agri05_Agroforestry,DE9,0.0
2020,Agri05_Agroforestry,DEA,0.0
2020,Agri05_Agroforestry,DEB,0.0
2020,Agri05_Agroforestry,DEC,0.0
2020,Agri05_Agroforestry,DEE,0.0
2020,Agri05_Agroforestry,DED,0.0
2020,Agri05_Agroforestry,DEF,0.0
2020,Agri05_Agroforestry,DEG,0.0
2020,Agri06_Biochar,DE1,0.0
2020,Agri06_Biochar,DE2,0.0
2020,Agri06_Biochar,DE3,0.0
2020,Agri06_Biochar,DE4,0.0
2020,Agri06_Biochar,DE5,0.0
2020,Agri06_Biochar,DE6,0.0
2020,Agri06_Biochar,DE7,0.0
2020,Agri06_Biochar,DE8,0.0
2020,Agri06_Biochar,DE9,0.0
2020,Agri06_Biochar,DEA,0.0
2020,Agri06_Biochar,DEB,0.0
2020,Agri06_Biochar,DEC,0.0
2020,Agri06_Biochar,DEE,0.0
2020,Agri06_Biochar,DED,0.0
2020,Agri06_Biochar,DEF,0.0
2020,Agri06_Biochar,DEG,0.0
2021,Agri01_AGC,DE1,4727.293243736329
2021,Agri01_AGC,DE2,10307.336542437206
2021,Agri01_AGC,DE3,0.0
2021,Agri01_AGC,DE4,4075.978214964237
2021,Agri01_AGC,DE5,0.0
2021,Agri01_AGC,DE6,0.0
2021,Agri01_AGC,DE7,2658.356193430616
2021,Agri01_AGC,DE8,4496.800252772231
2021,Agri01_AGC,DE9,8511.119396530241
2021,Agri01_AGC,DEA,4939.4050697465655
2021,Agri01_AGC,DEB,2457.7148971222773
2021,Agri01_AGC,DEC,0.0
2021,Agri01_AGC,DEE,3769.5029538883377
2021,Agri01_AGC,DED,2805.0416492998725
2021,Agri01_AGC,DEF,3250.267425697126
2021,Agri01_AGC,DEG,2598.449752079842
2021,Agri02_OFC,DE1,3354.571594169837
2021,Agri02_OFC,DE2,7314.269835623752
2021,Agri02_OFC,DE3,6.830220650093804
2021,Agri02_OFC,DE4,2892.3868339437304
2021,Agri02_OFC,DE5,21.95983524577925
2021,Agri02_OFC,DE6,36.06993614575825
2021,Agri02_OFC,DE7,1886.416965032515
2021,Agri02_OFC,DE8,3191.0096570786895
2021,Agri02_OFC,DE9,6039.642114442256
2021,Agri02_OFC,DEA,3505.0899287927696
2021,Agri02_OFC,DEB,1744.0383228560058
2021,Agri02_OFC,DEC,185.4466348893137
2021,Agri02_OFC,DEE,2674.9065228834374
2021,Agri02_OFC,DED,1990.5075805636868
2021,Agri02_OFC,DEF,2306.4477318274953
2021,Agri02_OFC,DEG,1843.9062858548737
2021,Agri03_No-till,DE1,0.0
2021,Agri03_No-till,DE2,0.0
2021,Agri03_No-till,DE3,0.0
2021,Agri03_No-till,DE4,0.0
2021,Agri03_No-till,DE5,0.0
2021,Agri03_No-till,DE6,0.0
2021,Agri03_No-till,DE7,0.0
2021,Agri03_No-till,DE8,0.0
2021,Agri03_No-till,DE9,0.0
2021,Agri03_No-till,DEA,0.0
2021,Agri03_No-till,DEB,0.0
2021,Agri03_No-till,DEC,0.0
2021,Agri03_No-till,DEE,0.0
2021,Agri03_No-till,DED,0.0
2021,Agri03_No-till,DEF,0.0
2021,Agri03_No-till,DEG,0.0
2021,Agri04_toGrassland,DE1,31.916756932232538
2021,Agri04_toGrassland,DE2,69.5909346177289
2021,Agri04_toGrassland,DE3,0.06498549402297309
2021,Agri04_toGrassland,DE4,27.519343362178926
2021,Agri04_toGrassland,DE5,0.20893479364981604
2021,Agri04_toGrassland,DE6,0.34318402580112867
2021,Agri04_toGrassland,DE7,17.948137356920082
2021,Agri04_toGrassland,DE8,30.3605622161692
2021,Agri04_toGrassland,DE9,57.46360866447169
2021,Agri04_toGrassland,DEA,33.348849515486364
2021,Agri04_toGrassland,DEB,16.59348911432875
2021,Agri04_toGrassland,DEC,1.7644146215121848
2021,Agri04_toGrassland,DEE,25.450147331984958
2021,Agri04_toGrassland,DED,18.938497759604235
2021,Agri04_toGrassland,DEF,21.944480708528367
2021,Agri04_toGrassland,DEG,17.543673485379824
2021,Agri05_Agroforestry,DE1,346.86890552765925
2021,Agri05_Agroforestry,DE2,756.309025279469
2021,Agri05_Agroforestry,DE3,0.706257444476085
2021,Agri05_Agroforestry,DE4,299.07814672858603
2021,Agri05_Agroforestry,DE5,2.270687568722529
2021,Agri05_Agroforestry,DE6,3.7296980917254734
2021,Agri05_Agroforestry,DE7,195.05900221860313
2021,Agri05_Agroforestry,DE8,329.95629880214074
2021,Agri05_Agroforestry,DE9,624.5101620893528
2021,Agri05_Agroforestry,DEA,362.43277964000276
2021,Agri05_Agroforestry,DEB,180.3367873557238
2021,Agri05_Agroforestry,DEC,19.175524943226765
2021,Agri05_Agroforestry,DEE,276.5902804381761
2021,Agri05_Agroforestry,DED,205.8221643307932
2021,Agri05_Agroforestry,DEF,238.490960153063
2021,Agri05_Agroforestry,DEG,190.66331938827884
2021,Agri06_Biochar,DE1,0.0
2021,Agri06_Biochar,DE2,0.0
2021,Agri06_Biochar,DE3,0.0
2021,Agri06_Biochar,DE4,0.0
2021,Agri06_Biochar,DE5,0.0
2021,Agri06_Biochar,DE6,0.0
2021,Agri06_Biochar,DE7,0.0
2021,Agri06_Biochar,DE8,0.0
2021,Agri06_Biochar,DE9,0.0
2021,Agri06_Biochar,DEA,0.0
2021,Agri06_Biochar,DEB,0.0
2021,Agri06_Biochar,DEC,0.0
2021,Agri06_Biochar,DEE,0.0
2021,Agri06_Biochar,DED,0.0
2021,Agri06_Biochar,DEF,0.0
2021,Agri06_Biochar,DEG,0.0
2022,Agri01_AGC,DE1,9624.410665811378
2022,Agri01_AGC,DE2,20598.495819923104
2022,Agri01_AGC,DE3,0.0
2022,Agri01_AGC,DE4,8366.029563261138
2022,Agri01_AGC,DE5,0.0
2022,Agri01_AGC,DE6,0.0
2022,Agri01_AGC,DE7,5276.259435055279
2022,Agri01_AGC,DE8,9167.4531194807
2022,Agri01_AGC,DE9,17062.280768871453
2022,Agri01_AGC,DEA,10037.909259530225
2022,Agri01_AGC,DEB,5057.840233332103
2022,Agri01_AGC,DEC,0.0
2022,Agri01_AGC,DEE,7642.9635241435335
2022,Agri01_AGC,DED,5743.07837006681
2022,Agri01_AGC,DEF,6392.307563047438
2022,Agri01_AGC,DEG,5110.3994716001125
2022,Agri02_OFC,DE1,6829.65345400029
2022,Agri02_OFC,DE2,14617.059995526324
2022,Agri02_OFC,DE3,245.7620860781291
2022,Agri02_OFC,DE4,5936.683781165118
2022,Agri02_OFC,DE5,150.15500376534555
2022,Agri02_OFC,DE6,80.9272150277433
2022,Agri02_OFC,DE7,3744.1277940096084
2022,Agri02_OFC,DE8,6505.388229562706
2022,Agri02_OFC,DE9,12107.698729044387
2022,Agri02_OFC,DEA,7123.079430600397
2022,Agri02_OFC,DEB,3589.1336330925446
2022,Agri02_OFC,DEC,521.9405681443357
2022,Agri02_OFC,DEE,5423.583224361982
2022,Agri02_OFC,DED,4075.3908357270275
2022,Agri02_OFC,DEF,4536.095449675891
2022,Agri02_OFC,DEG,3626.430605929736
2022,Agri03_No-till,DE1,0.0
2022,Agri03_No-till,DE2,0.0
2022,Agri03_No-till,DE3,0.0
2022,Agri03_No-till,DE4,0.0
2022,Agri03_No-till,DE5,0.0
2022,Agri03_No-till,DE6,0.0
2022,Agri03_No-till,DE7,0.0
2022,Agri03_No-till,DE8,0.0
2022,Agri03_No-till,DE9,0.0
2022,Agri03_No-till,DEA,0.0
2022,Agri03_No-till,DEB,0.0
2022,Agri03_No-till,DEC,0.0
2022,Agri03_No-till,DEE,0.0
2022,Agri03_No-till,DED,0.0
2022,Agri03_No-till,DEF,0.0
2022,Agri03_No-till,DEG,0.0
2022,Agri04_toGrassland,DE1,64.98009748891758
2022,Agri04_toGrassland,DE2,139.07264693706043
2022,Agri04_toGrassland,DE3,2.338280327105439
2022,Agri04_toGrassland,DE4,56.4840212551389
2022,Agri04_toGrassland,DE5,1.4286357058725994
2022,Agri04_toGrassland,DE6,0.7699744002280576
2022,Agri04_toGrassland,DE7,35.62315287362163
2022,Agri04_toGrassland,DE8,61.894906411780525
2022,Agri04_toGrassland,DE9,115.19756442677541
2022,Agri04_toGrassland,DEA,67.77187143377094
2022,Agri04_toGrassland,DEB,34.148475460713556
2022,Agri04_toGrassland,DEC,4.965954602216998
2022,Agri04_toGrassland,DEE,51.60217411205189
2022,Agri04_toGrassland,DED,38.774924027202665
2022,Agri04_toGrassland,DEF,43.158254884269326
2022,Agri04_toGrassland,DEG,34.50333401207719
2022,Agri05_Agroforestry,DE1,828.4316676084766
2022,Agri05_Agroforestry,DE2,1633.663903120369
2022,Agri05_Agroforestry,DE3,94.54500000000002
2022,Agri05_Agroforestry,DE4,744.5115361786468
2022,Agri05_Agroforestry,DE5,71.80385011123906
2022,Agri05_Agroforestry,DE6,13.623781079932488
2022,Agri05_Agroforestry,DE7,405.1295540333372
2022,Agri05_Agroforestry,DE8,793.5375989747229
2022,Agri05_Agroforestry,DE9,1372.8268634395731
2022,Agri05_Agroforestry,DEA,857.4080112891847
2022,Agri05_Agroforestry,DEB,454.87678080244126
2022,Agri05_Agroforestry,DEC,136.69070895398426
2022,Agri05_Agroforestry,DEE,646.5310668723085
2022,Agri05_Agroforestry,DED,505.96391439366886
2022,Agri05_Agroforestry,DEF,469.08357610935076
2022,Agri05_Agroforestry,DEG,375.02254927194184
2022,Agri06_Biochar,DE1,0.0
2022,Agri06_Biochar,DE2,0.0
2022,Agri06_Biochar,DE3,0.0
2022,Agri06_Biochar,DE4,0.0
2022,Agri06_Biochar,DE5,0.0
2022,Agri06_Biochar,DE6,0.0
2022,Agri06_Biochar,DE7,0.0
2022,Agri06_Biochar,DE8,0.0
2022,Agri06_Biochar,DE9,0.0
2022,Agri06_Biochar,DEA,0.0
2022,Agri06_Biochar,DEB,0.0
2022,Agri06_Biochar,DEC,0.0
2022,Agri06_Biochar,DEE,0.0
2022,Agri06_Biochar,DED,0.0
2022,Agri06_Biochar,DEF,0.0
2022,Agri06_Biochar,DEG,0.0
2023,Agri01_AGC,DE1,14691.352266225147
2023,Agri01_AGC,DE2,30873.47783245769
2023,Agri01_AGC,DE3,0.0
2023,Agri01_AGC,DE4,12870.154044890704
2023,Agri01_AGC,DE5,0.0
2023,Agri01_AGC,DE6,0.0
2023,Agri01_AGC,DE7,7853.709724873989
2023,Agri01_AGC,DE8,14011.958600125408
2023,Agri01_AGC,DE9,25653.48411702364
2023,Agri01_AGC,DEA,15295.512569350976
2023,Agri01_AGC,DEB,7800.376008629475
2023,Agri01_AGC,DEC,0.0
2023,Agri01_AGC,DEE,11620.381710765589
2023,Agri01_AGC,DED,8814.11016230081
2023,Agri01_AGC,DEF,9426.120412050936
2023,Agri01_AGC,DEG,7535.849158560812
2023,Agri02_OFC,DE1,10425.245579491362
2023,Agri02_OFC,DE2,21908.370479707715
2023,Agri02_OFC,DE3,716.795596284106
2023,Agri02_OFC,DE4,9132.890841664163
2023,Agri02_OFC,DE5,384.5855055586989
2023,Agri02_OFC,DE6,134.57183664595516
2023,Agri02_OFC,DE7,5573.13248693128
2023,Agri02_OFC,DE8,9943.135717452049
2023,Agri02_OFC,DE9,18204.16984380639
2023,Agri02_OFC,DEA,10853.968505422883
2023,Agri02_OFC,DEB,5535.285930709616
2023,Agri02_OFC,DEC,1009.4817997650658
2023,Agri02_OFC,DEE,8246.030104435631
2023,Agri02_OFC,DED,6254.649765490022
2023,Agri02_OFC,DEF,6688.943153545189
2023,Agri02_OFC,DEG,5347.5729602245865
2023,Agri03_No-till,DE1,0.0
2023,Agri03_No-till,DE2,0.0
2023,Agri03_No-till,DE3,0.0
2023,Agri03_No-till,DE4,0.0
2023,Agri03_No-till,DE5,0.0
2023,Agri03_No-till,DE6,0.0
2023,Agri03_No-till,DE7,0.0
2023,Agri03_No-till,DE8,0.0
2023,Agri03_No-till,DE9,0.0
2023,Agri03_No-till,DEA,0.0
2023,Agri03_No-till,DEB,0.0
2023,Agri03_No-till,DEC,0.0
2023,Agri03_No-till,DEE,0.0
2023,Agri03_No-till,DED,0.0
2023,Agri03_No-till,DEF,0.0
2023,Agri03_No-till,DEG,0.0
2023,Agri04_toGrassland,DE1,99.19002167005513
2023,Agri04_toGrassland,DE2,208.44513695799458
2023,Agri04_toGrassland,DE3,6.819884499247396
2023,Agri04_toGrassland,DE4,86.89403367887992
2023,Agri04_toGrassland,DE5,3.6591027366683497
2023,Agri04_toGrassland,DE6,1.280371123280787
2023,Agri04_toGrassland,DE7,53.02504655010464
2023,Agri04_toGrassland,DE8,94.60303258683396
2023,Agri04_toGrassland,DE9,173.20186728691118
2023,Agri04_toGrassland,DEA,103.26906575485373
2023,Agri04_toGrassland,DEB,52.66495903915441
2023,Agri04_toGrassland,DEC,9.60461994211444
2023,Agri04_toGrassland,DEE,78.4560803402008
2023,Agri04_toGrassland,DED,59.50927880279529
2023,Agri04_toGrassland,DEF,63.64132252722288
2023,Agri04_toGrassland,DEG,50.8789815800921
2023,Agri05_Agroforestry,DE1,1444.6882862424518
2023,Agri05_Agroforestry,DE2,2632.0646335227
2023,Agri05_Agroforestry,DE3,94.54500000000002
2023,Agri05_Agroforestry,DE4,1336.300168350182
2023,Agri05_Agroforestry,DE5,208.5994876275496
2023,Agri05_Agroforestry,DE6,29.682248964621046
2023,Agri05_Agroforestry,DE7,630.2116554442022
2023,Agri05_Agroforestry,DE8,1390.7439005177464
2023,Agri05_Agroforestry,DE9,2244.950104050661
2023,Agri05_Agroforestry,DEA,1484.925694947546
2023,Agri05_Agroforestry,DEB,823.6199803401523
2023,Agri05_Agroforestry,DEC,352.54555203227244
2023,Agri05_Agroforestry,DEE,1109.8223593023972
2023,Agri05_Agroforestry,DED,900.4252501886269
2023,Agri05_Agroforestry,DEF,691.7778478688632
2023,Agri05_Agroforestry,DEG,553.0776896509891
2023,Agri06_Biochar,DE1,0.0
2023,Agri06_Biochar,DE2,0.0
2023,Agri06_Biochar,DE3,0.0
2023,Agri06_Biochar,DE4,0.0
2023,Agri06_Biochar,DE5,0.0
2023,Agri06_Biochar,DE6,0.0
2023,Agri06_Biochar,DE7,0.0
2023,Agri06_Biochar,DE8,0.0
2023,Agri06_Biochar,DE9,0.0
2023,Agri06_Biochar,DEA,0.0
2023,Agri06_Biochar,DEB,0.0
2023,Agri06_Biochar,DEC,0.0
2023,Agri06_Biochar,DEE,0.0
2023,Agri06_Biochar,DED,0.0
2023,Agri06_Biochar,DEF,0.0
2023,Agri06_Biochar,DEG,0.0
2024,Agri01_AGC,DE1,19928.118044977637
2024,Agri01_AGC,DE2,41132.28258004097
2024,Agri01_AGC,DE3,0.0
2024,Agri01_AGC,DE4,17588.351659852935
2024,Agri01_AGC,DE5,0.0
2024,Agri01_AGC,DE6,42.28993730070124
2024,Agri01_AGC,DE7,10390.707062886748
2024,Agri01_AGC,DE8,19030.316694706355
2024,Agri01_AGC,DE9,34284.7294409868
2024,Agri01_AGC,DEA,20712.214999208823
2024,Agri01_AGC,DEB,10685.322223014395
2024,Agri01_AGC,DEC,0.0
2024,Agri01_AGC,DEE,15701.757513754503
2024,Agri01_AGC,DED,12018.137026001878
2024,Agri01_AGC,DEF,12351.70597270762
2024,Agri01_AGC,DEG,9874.79881296194
2024,Agri02_OFC,DE1,14141.34797064305
2024,Agri02_OFC,DE2,29188.201288167926
2024,Agri02_OFC,DE3,1419.9307512680243
2024,Agri02_OFC,DE4,12481.008015440864
2024,Agri02_OFC,DE5,725.2513406258392
2024,Agri02_OFC,DE6,197.00380100039382
2024,Agri02_OFC,DE7,7373.431043797531
2024,Agri02_OFC,DE8,13504.25212074672
2024,Agri02_OFC,DE9,24329.05545872827
2024,Agri02_OFC,DEA,14697.757153260225
2024,Agri02_OFC,DEB,7582.49521570722
2024,Agri02_OFC,DEC,1648.0703297515042
2024,Agri02_OFC,DEE,11142.247163104388
2024,Agri02_OFC,DED,8528.28436985267
2024,Agri02_OFC,DEF,8764.990843435387
2024,Agri02_OFC,DEG,7007.333348739425
2024,Agri03_No-till,DE1,0.0
2024,Agri03_No-till,DE2,0.0
2024,Agri03_No-till,DE3,0.0
2024,Agri03_No-till,DE4,0.0
2024,Agri03_No-till,DE5,0.0
2024,Agri03_No-till,DE6,0.0
2024,Agri03_No-till,DE7,0.0
2024,Agri03_No-till,DE8,0.0
2024,Agri03_No-till,DE9,0.0
2024,Agri03_No-till,DEA,0.0
2024,Agri03_No-till,DEB,0.0
2024,Agri03_No-till,DEC,0.0
2024,Agri03_No-till,DEE,0.0
2024,Agri03_No-till,DED,0.0
2024,Agri03_No-till,DEF,0.0
2024,Agri03_No-till,DEG,0.0
2024,Agri04_toGrassland,DE1,134.54652947564517
2024,Agri04_toGrassland,DE2,277.7084046805314
2024,Agri04_toGrassland,DE3,13.509798010448847
2024,Agri04_toGrassland,DE4,118.749380633402
2024,Agri04_toGrassland,DE5,6.900335886037068
2024,Agri04_toGrassland,DE6,1.8743741949593167
2024,Agri04_toGrassland,DE7,70.15381838636912
2024,Agri04_toGrassland,DE8,128.48494074132952
2024,Agri04_toGrassland,DE9,231.47651724487898
2024,Agri04_toGrassland,DEA,139.84043247873473
2024,Agri04_toGrassland,DEB,72.14293984965133
2024,Agri04_toGrassland,DEC,15.68041064120451
2024,Agri04_toGrassland,DEE,106.01186601643168
2024,Agri04_toGrassland,DED,81.14156208638211
2024,Agri04_toGrassland,DEF,83.39368363738903
2024,Agri04_toGrassland,DEG,66.67061618942456
2024,Agri05_Agroforestry,DE1,2195.638761429585
2024,Agri05_Agroforestry,DE2,3751.511216486462
2024,Agri05_Agroforestry,DE3,94.54500000000002
2024,Agri05_Agroforestry,DE4,2074.444043243192
2024,Agri05_Agroforestry,DE5,412.6576001176541
2024,Agri05_Agroforestry,DE6,51.90510174579114
2024,Agri05_Agroforestry,DE7,870.3053064511981
2024,Agri05_Agroforestry,DE8,2121.5752034312113
2024,Agri05_Agroforestry,DE9,3240.8798839226165
2024,Agri05_Agroforestry,DEA,2244.9858306150863
2024,Agri05_Agroforestry,DEB,1286.566385968857
2024,Agri05_Agroforestry,DEC,666.7400541780914
2024,Agri05_Agroforestry,DEE,1666.4641577284424
2024,Agri05_Agroforestry,DED,1389.2061717156676
2024,Agri05_Agroforestry,DEF,906.5737754316004
2024,Agri05_Agroforestry,DEG,724.8287405254205
2024,Agri06_Biochar,DE1,0.0
2024,Agri06_Biochar,DE2,0.0
2024,Agri06_Biochar,DE3,0.0
2024,Agri06_Biochar,DE4,0.0
2024,Agri06_Biochar,DE5,0.0
2024,Agri06_Biochar,DE6,0.0
2024,Agri06_Biochar,DE7,0.0
2024,Agri06_Biochar,DE8,0.0
2024,Agri06_Biochar,DE9,0.0
2024,Agri06_Biochar,DEA,0.0
2024,Agri06_Biochar,DEB,0.0
2024,Agri06_Biochar,DEC,0.0
2024,Agri06_Biochar,DEE,0.0
2024,Agri06_Biochar,DED,0.0
2024,Agri06_Biochar,DEF,0.0
2024,Agri06_Biochar,DEG,0.0
2025,Agri01_AGC,DE1,25334.708002068845
2025,Agri01_AGC,DE2,51374.91006267294
2025,Agri01_AGC,DE3,0.0
2025,Agri01_AGC,DE4,22520.622408147832
2025,Agri01_AGC,DE5,0.0
2025,Agri01_AGC,DE6,142.6528420061539
2025,Agri01_AGC,DE7,12887.251449093552
2025,Agri01_AGC,DE8,24222.52740322354
2025,Agri01_AGC,DE9,42956.016740760926
2025,Agri01_AGC,DEA,26288.016549103762
2025,Agri01_AGC,DEB,13712.678876486862
2025,Agri01_AGC,DEC,0.0
2025,Agri01_AGC,DEE,19887.090933110274
2025,Agri01_AGC,DED,15355.15896117001
2025,Agri01_AGC,DEF,15169.06424501749
2025,Agri01_AGC,DEG,12127.248434803498
2025,Agri02_OFC,DE1,17977.96062745535
2025,Agri02_OFC,DE2,36456.552420906955
2025,Agri02_OFC,DE3,2355.167551029884
2025,Agri02_OFC,DE4,15981.035302495224
2025,Agri02_OFC,DE5,1172.1525089667666
2025,Agri02_OFC,DE6,268.2231080910593
2025,Agri02_OFC,DE7,9145.023464608359
2025,Agri02_OFC,DE8,17188.737439446715
2025,Agri02_OFC,DE9,30482.355573810026
2025,Agri02_OFC,DEA,18654.445374112423
2025,Agri02_OFC,DEB,9730.761488085358
2025,Agri02_OFC,DEC,2437.706158103651
2025,Agri02_OFC,DEE,14112.234400368252
2025,Agri02_OFC,DED,10896.294648814972
2025,Agri02_OFC,DEF,10764.238519346487
2025,Agri02_OFC,DEG,8605.711771474253
2025,Agri03_No-till,DE1,0.0
2025,Agri03_No-till,DE2,0.0
2025,Agri03_No-till,DE3,0.0
2025,Agri03_No-till,DE4,0.0
2025,Agri03_No-till,DE5,0.0
2025,Agri03_No-till,DE6,0.0
2025,Agri03_No-till,DE7,0.0
2025,Agri03_No-till,DE8,0.0
2025,Agri03_No-till,DE9,0.0
2025,Agri03_No-till,DEA,0.0
2025,Agri03_No-till,DEB,0.0
2025,Agri03_No-till,DEC,0.0
2025,Agri03_No-till,DEE,0.0
2025,Agri03_No-till,DED,0.0
2025,Agri03_No-till,DEF,0.0
2025,Agri03_No-till,DEG,0.0
2025,Agri04_toGrassland,DE1,171.04962090568773
2025,Agri04_toGrassland,DE2,346.8624501046708
2025,Agri04_toGrassland,DE3,22.40802086070979
2025,Agri04_toGrassland,DE4,152.0500621187051
2025,Agri04_toGrassland,DE5,11.152335153978752
2025,Agri04_toGrassland,DE6,2.5519836152636466
2025,Agri04_toGrassland,DE7,87.00946838241506
2025,Agri04_toGrassland,DE8,163.5406308752672
2025,Agri04_toGrassland,DE9,290.0215143006788
2025,Agri04_toGrassland,DEA,177.48597160541394
2025,Agri04_toGrassland,DEB,92.58241789220429
2025,Agri04_toGrassland,DEC,23.19332669948721
2025,Agri04_toGrassland,DEE,134.26953114074453
2025,Agri04_toGrassland,DED,103.67177387796312
2025,Agri04_toGrassland,DEF,102.41533821476777
2025,Agri04_toGrassland,DEG,81.87823784007456
2025,Agri05_Agroforestry,DE1,3081.2830931698763
2025,Agri05_Agroforestry,DE2,4992.0036520116555
2025,Agri05_Agroforestry,DE3,94.54500000000002
2025,Agri05_Agroforestry,DE4,2958.943160857677
2025,Agri05_Agroforestry,DE5,683.9781875815527
2025,Agri05_Agroforestry,DE6,80.29233942344278
2025,Agri05_Agroforestry,DE7,1125.410507054325
2025,Agri05_Agroforestry,DE8,2986.0315077151176
2025,Agri05_Agroforestry,DE9,4360.61620305544
2025,Agri05_Agroforestry,DEA,3137.588418291806
2025,Agri05_Agroforestry,DEB,1843.7159976885555
2025,Agri05_Agroforestry,DEC,1079.274215391441
2025,Agri05_Agroforestry,DEE,2316.456462150444
2025,Agri05_Agroforestry,DED,1972.3066789747904
2025,Agri05_Agroforestry,DEF,1113.4713587975623
2025,Agri05_Agroforestry,DEG,890.2757018952361
2025,Agri06_Biochar,DE1,0.0
2025,Agri06_Biochar,DE2,0.0
2025,Agri06_Biochar,DE3,0.0
2025,Agri06_Biochar,DE4,0.0
2025,Agri06_Biochar,DE5,0.0
2025,Agri06_Biochar,DE6,0.0
2025,Agri06_Biochar,DE7,0.0
2025,Agri06_Biochar,DE8,0.0
2025,Agri06_Biochar,DE9,0.0
2025,Agri06_Biochar,DEA,0.0
2025,Agri06_Biochar,DEB,0.0
2025,Agri06_Biochar,DEC,0.0
2025,Agri06_Biochar,DEE,0.0
2025,Agri06_Biochar,DED,0.0
2025,Agri06_Biochar,DEF,0.0
2025,Agri06_Biochar,DEG,0.0
2026,Agri01_AGC,DE1,30911.122137498773
2026,Agri01_AGC,DE2,61601.360280353605
2026,Agri01_AGC,DE3,0.0
2026,Agri01_AGC,DE4,27666.966289775395
2026,Agri01_AGC,DE5,0.0
2026,Agri01_AGC,DE6,255.39895117788075
2026,Agri01_AGC,DE7,15343.342883494404
2026,Agri01_AGC,DE8,29588.590725676964
2026,Agri01_AGC,DE9,51667.346016346026
2026,Agri01_AGC,DEA,32022.917219035797
2026,Agri01_AGC,DEB,16882.445969046876
2026,Agri01_AGC,DEC,874.0406943487399
2026,Agri01_AGC,DEE,24176.381968832902
2026,Agri01_AGC,DED,18825.175967805204
2026,Agri01_AGC,DEF,17878.195228980545
2026,Agri01_AGC,DEG,14293.198024085483
2026,Agri02_OFC,DE1,21935.083549928273
2026,Agri02_OFC,DE2,43713.423877924804
2026,Agri02_OFC,DE3,3522.505995569685
2026,Agri02_OFC,DE4,19632.97270282724
2026,Agri02_OFC,DE5,1725.2890105814813
2026,Agri02_OFC,DE6,348.2297579179516
2026,Agri02_OFC,DE7,10887.909749363766
2026,Agri02_OFC,DE8,20996.59167355204
2026,Agri02_OFC,DE9,36664.07018905166
2026,Agri02_OFC,DEA,22724.03316797948
2026,Agri02_OFC,DEB,11980.084747844028
2026,Agri02_OFC,DEC,3378.389284821506
2026,Agri02_OFC,DEE,17155.991816227222
2026,Agri02_OFC,DED,13358.680602376928
2026,Agri02_OFC,DEF,12686.686181278488
2026,Agri02_OFC,DEG,10142.708228429068
2026,Agri03_No-till,DE1,0.0
2026,Agri03_No-till,DE2,0.0
2026,Agri03_No-till,DE3,0.0
2026,Agri03_No-till,DE4,0.0
2026,Agri03_No-till,DE5,0.0
2026,Agri03_No-till,DE6,0.0
2026,Agri03_No-till,DE7,0.0
2026,Agri03_No-till,DE8,0.0
2026,Agri03_No-till,DE9,0.0
2026,Agri03_No-till,DEA,0.0
2026,Agri03_No-till,DEB,0.0
2026,Agri03_No-till,DEC,0.0
2026,Agri03_No-till,DEE,0.0
2026,Agri03_No-till,DED,0.0
2026,Agri03_No-till,DEF,0.0
2026,Agri03_No-till,DEG,0.0
2026,Agri04_toGrassland,DE1,208.6992959601828
2026,Agri04_toGrassland,DE2,415.90727323041284
2026,Agri04_toGrassland,DE3,33.51455305003022
2026,Agri04_toGrassland,DE4,186.7960781347893
2026,Agri04_toGrassland,DE5,16.415100540493405
2026,Agri04_toGrassland,DE6,3.313199384193777
2026,Agri04_toGrassland,DE7,103.59199653824247
2026,Agri04_toGrassland,DE8,199.770102988647
2026,Agri04_toGrassland,DE9,348.8368584543107
2026,Agri04_toGrassland,DEA,216.2056831348914
2026,Agri04_toGrassland,DEB,113.9833931668133
2026,Agri04_toGrassland,DEC,32.143368116962534
2026,Agri04_toGrassland,DEE,163.22907571313937
2026,Agri04_toGrassland,DED,127.09991417753832
2026,Agri04_toGrassland,DEF,120.7062862593591
2026,Agri04_toGrassland,DEG,96.50184653204211
2026,Agri05_Agroforestry,DE1,4101.621281463325
2026,Agri05_Agroforestry,DE2,6353.541940098279
2026,Agri05_Agroforestry,DE3,94.54500000000002
2026,Agri05_Agroforestry,DE4,3989.7975211936364
2026,Agri05_Agroforestry,DE5,776.162
2026,Agri05_Agroforestry,DE6,114.84396199757597
2026,Agri05_Agroforestry,DE7,1395.5272572535828
2026,Agri05_Agroforestry,DE8,3984.112813369465
2026,Agri05_Agroforestry,DE9,5604.159061449131
2026,Agri05_Agroforestry,DEA,4162.733457977705
2026,Agri05_Agroforestry,DEB,2495.0688154992476
2026,Agri05_Agroforestry,DEC,1590.1480356723214
2026,Agri05_Agroforestry,DEE,3059.799272568402
2026,Agri05_Agroforestry,DED,2649.726771965996
2026,Agri05_Agroforestry,DEF,1312.470597966749
2026,Agri05_Agroforestry,DEG,1049.418573760436
2026,Agri06_Biochar,DE1,0.0
2026,Agri06_Biochar,DE2,0.0
2026,Agri06_Biochar,DE3,0.0
2026,Agri06_Biochar,DE4,0.0
2026,Agri06_Biochar,DE5,0.0
2026,Agri06_Biochar,DE6,0.0
2026,Agri06_Biochar,DE7,0.0
2026,Agri06_Biochar,DE8,0.0
2026,Agri06_Biochar,DE9,0.0
2026,Agri06_Biochar,DEA,0.0
2026,Agri06_Biochar,DEB,0.0
2026,Agri06_Biochar,DEC,0.0
2026,Agri06_Biochar,DEE,0.0
2026,Agri06_Biochar,DED,0.0
2026,Agri06_Biochar,DEF,0.0
2026,Agri06_Biochar,DEG,0.0
2027,Agri01_AGC,DE1,36657.36045126742
2027,Agri01_AGC,DE2,71811.63323308296
2027,Agri01_AGC,DE3,0.0
2027,Agri01_AGC,DE4,33027.383304735624
2027,Agri01_AGC,DE5,0.0
2027,Agri01_AGC,DE6,380.52826481588176
2027,Agri01_AGC,DE7,17758.981366089305
2027,Agri01_AGC,DE8,35128.506662066626
2027,Agri01_AGC,DE9,60418.7172677421
2027,Agri01_AGC,DEA,37916.91700900492
2027,Agri01_AGC,DEB,20194.623500694437
2027,Agri01_AGC,DEC,2412.517282968428
2027,Agri01_AGC,DEE,28569.63062092239
2027,Agri01_AGC,DED,22428.188045907464
2027,Agri01_AGC,DEF,20479.098924596787
2027,Agri01_AGC,DEG,16372.647580807898
2027,Agri02_OFC,DE1,26012.716738061812
2027,Agri02_OFC,DE2,50958.81565922147
2027,Agri02_OFC,DE3,4921.946084887428
2027,Agri02_OFC,DE4,23436.820216436914
2027,Agri02_OFC,DE5,2384.6608454699826
2027,Agri02_OFC,DE6,437.0237504810707
2027,Agri02_OFC,DE7,12602.08989806375
2027,Agri02_OFC,DE8,24927.81482306269
2027,Agri02_OFC,DE9,42874.19930445316
2027,Agri02_OFC,DEA,26906.520534861396
2027,Agri02_OFC,DEB,14330.464994983231
2027,Agri02_OFC,DEC,4470.11970990507
2027,Agri02_OFC,DEE,20273.5194106813
2027,Agri02_OFC,DED,15915.442230538538
2027,Agri02_OFC,DEF,14532.33382923139
2027,Agri02_OFC,DEG,11618.322719603872
2027,Agri03_No-till,DE1,0.0
2027,Agri03_No-till,DE2,0.0
2027,Agri03_No-till,DE3,0.0
2027,Agri03_No-till,DE4,0.0
2027,Agri03_No-till,DE5,0.0
2027,Agri03_No-till,DE6,0.0
2027,Agri03_No-till,DE7,0.0
2027,Agri03_No-till,DE8,0.0
2027,Agri03_No-till,DE9,0.0
2027,Agri03_No-till,DEA,0.0
2027,Agri03_No-till,DEB,0.0
2027,Agri03_No-till,DEC,0.0
2027,Agri03_No-till,DEE,0.0
2027,Agri03_No-till,DED,0.0
2027,Agri03_No-till,DEF,0.0
2027,Agri03_No-till,DEG,0.0
2027,Agri04_toGrassland,DE1,247.49555463913038
2027,Agri04_toGrassland,DE2,484.8428740577575
2027,Agri04_toGrassland,DE3,46.829394578410145
2027,Agri04_toGrassland,DE4,222.98742868165454
2027,Agri04_toGrassland,DE5,22.688632045581024
2027,Agri04_toGrassland,DE6,4.158021501749707
2027,Agri04_toGrassland,DE7,119.90140285385135
2027,Agri04_toGrassland,DE8,237.17335708146894
2027,Agri04_toGrassland,DE9,407.9225497057746
2027,Agri04_toGrassland,DEA,255.99956706716705
2027,Agri04_toGrassland,DEB,136.34586567347836
2027,Agri04_toGrassland,DEC,42.53053489363049
2027,Agri04_toGrassland,DEE,192.89049973361617
2027,Agri04_toGrassland,DED,151.42598298510774
2027,Agri04_toGrassland,DEF,138.26652777116303
2027,Agri04_toGrassland,DEG,110.54144226532719
2027,Agri05_Agroforestry,DE1,5256.653326309933
2027,Agri05_Agroforestry,DE2,7836.126080746335
2027,Agri05_Agroforestry,DE3,94.54500000000002
2027,Agri05_Agroforestry,DE4,5167.00712425107
2027,Agri05_Agroforestry,DE5,776.162
2027,Agri05_Agroforestry,DE6,155.5599694681907
2027,Agri05_Agroforestry,DE7,1680.6555570489716
2027,Agri05_Agroforestry,DE8,5115.819120394254
2027,Agri05_Agroforestry,DE9,6971.508459103689
2027,Agri05_Agroforestry,DEA,5320.4209496727835
2027,Agri05_Agroforestry,DEB,3240.6248394009335
2027,Agri05_Agroforestry,DEC,2199.3615150207324
2027,Agri05_Agroforestry,DEE,3896.492588982316
2027,Agri05_Agroforestry,DED,3421.4664506892836
2027,Agri05_Agroforestry,DEF,1503.5714929391604
2027,Agri05_Agroforestry,DEG,1202.25735612102
2027,Agri06_Biochar,DE1,0.0
2027,Agri06_Biochar,DE2,0.0
2027,Agri06_Biochar,DE3,0.0
2027,Agri06_Biochar,DE4,0.0
2027,Agri06_Biochar,DE5,0.0
2027,Agri06_Biochar,DE6,0.0
2027,Agri06_Biochar,DE7,0.0
2027,Agri06_Biochar,DE8,0.0
2027,Agri06_Biochar,DE9,0.0
2027,Agri06_Biochar,DEA,0.0
2027,Agri06_Biochar,DEB,0.0
2027,Agri06_Biochar,DEC,0.0
2027,Agri06_Biochar,DEE,0.0
2027,Agri06_Biochar,DED,0.0
2027,Agri06_Biochar,DEF,0.0
2027,Agri06_Biochar,DEG,0.0
2028,Agri01_AGC,DE1,42573.42294337479
2028,Agri01_AGC,DE2,82005.728920861
2028,Agri01_AGC,DE3,225.70310000000006
2028,Agri01_AGC,DE4,38601.873453028515
2028,Agri01_AGC,DE5,725.6578000000001
2028,Agri01_AGC,DE6,518.040782920157
2028,Agri01_AGC,DE7,20134.16689687825
2028,Agri01_AGC,DE8,40842.275212392524
2028,Agri01_AGC,DE9,69210.13049494915
2028,Agri01_AGC,DEA,43970.015919011144
2028,Agri01_AGC,DEB,23649.211471429546
2028,Agri01_AGC,DEC,4163.851118185515
2028,Agri01_AGC,DEE,33066.83688937874
2028,Agri01_AGC,DED,26164.19519547679
2028,Agri01_AGC,DEF,22971.775331866214
2028,Agri01_AGC,DEG,18365.59710497074
2028,Agri02_OFC,DE1,30210.860191855965
2028,Agri02_OFC,DE2,58192.72776479696
2028,Agri02_OFC,DE3,6553.487818983112
2028,Agri02_OFC,DE4,27392.577843324245
2028,Agri02_OFC,DE5,3150.2680136322715
2028,Agri02_OFC,DE6,534.6050857804166
2028,Agri02_OFC,DE7,14287.563910708313
2028,Agri02_OFC,DE8,28982.40688797867
2028,Agri02_OFC,DE9,49112.74292001454
2028,Agri02_OFC,DEA,31201.90747475817
2028,Agri02_OFC,DEB,16781.902229502968
2028,Agri02_OFC,DEC,5712.897433354341
2028,Agri02_OFC,DEE,23464.817183730484
2028,Agri02_OFC,DED,18566.579533299802
2028,Agri02_OFC,DEF,16301.181463205192
2028,Agri02_OFC,DEG,13032.555244998664
2028,Agri03_No-till,DE1,0.0
2028,Agri03_No-till,DE2,0.0
2028,Agri03_No-till,DE3,0.0
2028,Agri03_No-till,DE4,0.0
2028,Agri03_No-till,DE5,0.0
2028,Agri03_No-till,DE6,0.0
2028,Agri03_No-till,DE7,0.0
2028,Agri03_No-till,DE8,0.0
2028,Agri03_No-till,DE9,0.0
2028,Agri03_No-till,DEA,0.0
2028,Agri03_No-till,DEB,0.0
2028,Agri03_No-till,DEC,0.0
2028,Agri03_No-till,DEE,0.0
2028,Agri03_No-till,DED,0.0
2028,Agri03_No-till,DEF,0.0
2028,Agri03_No-till,DEG,0.0
2028,Agri04_toGrassland,DE1,287.43839694253046
2028,Agri04_toGrassland,DE2,553.6692525867048
2028,Agri04_toGrassland,DE3,62.35254544584956
2028,Agri04_toGrassland,DE4,260.6241137593008
2028,Agri04_toGrassland,DE5,29.97292966924161
2028,Agri04_toGrassland,DE6,5.086449967931438
2028,Agri04_toGrassland,DE7,135.9376873292417
2028,Agri04_toGrassland,DE8,275.75039315373294
2028,Agri04_toGrassland,DE9,467.27858805507054
2028,Agri04_toGrassland,DEA,296.8676234022409
2028,Agri04_toGrassland,DEB,159.6698354121995
2028,Agri04_toGrassland,DEC,54.35482702949108
2028,Agri04_toGrassland,DEE,223.25380320217494
2028,Agri04_toGrassland,DED,176.64998030067133
2028,Agri04_toGrassland,DEF,155.09606275017956
2028,Agri04_toGrassland,DEG,123.99702503992982
2028,Agri05_Agroforestry,DE1,6546.379227709698
2028,Agri05_Agroforestry,DE2,9439.756073955821
2028,Agri05_Agroforestry,DE3,94.54500000000002
2028,Agri05_Agroforestry,DE4,6490.571970029979
2028,Agri05_Agroforestry,DE5,776.162
2028,Agri05_Agroforestry,DE6,202.44036183528698
2028,Agri05_Agroforestry,DE7,1980.7954064404912
2028,Agri05_Agroforestry,DE8,6381.150428789484
2028,Agri05_Agroforestry,DE9,8462.664396019116
2028,Agri05_Agroforestry,DEA,6610.650893377041
2028,Agri05_Agroforestry,DEB,4080.3840693936127
2028,Agri05_Agroforestry,DEC,2906.9146534366746
2028,Agri05_Agroforestry,DEE,4826.536411392187
2028,Agri05_Agroforestry,DED,4287.525715144654
2028,Agri05_Agroforestry,DEF,1686.7740437147966
2028,Agri05_Agroforestry,DEG,1348.792048976988
2028,Agri06_Biochar,DE1,0.0
2028,Agri06_Biochar,DE2,0.0
2028,Agri06_Biochar,DE3,0.0
2028,Agri06_Biochar,DE4,0.0
2028,Agri06_Biochar,DE5,0.0
2028,Agri06_Biochar,DE6,0.0
2028,Agri06_Biochar,DE7,0.0
2028,Agri06_Biochar,DE8,0.0
2028,Agri06_Biochar,DE9,0.0
2028,Agri06_Biochar,DEA,0.0
2028,Agri06_Biochar,DEB,0.0
2028,Agri06_Biochar,DEC,0.0
2028,Agri06_Biochar,DEE,0.0
2028,Agri06_Biochar,DED,0.0
2028,Agri06_Biochar,DEF,0.0
2028,Agri06_Biochar,DEG,0.0
2029,Agri01_AGC,DE1,48659.30961382088
2029,Agri01_AGC,DE2,92183.64734368774
2029,Agri01_AGC,DE3,225.70310000000006
2029,Agri01_AGC,DE4,44390.43673465407
2029,Agri01_AGC,DE5,725.6578000000001
2029,Agri01_AGC,DE6,667.9365054907064
2029,Agri01_AGC,DE7,22468.899475861246
2029,Agri01_AGC,DE8,46729.896376654666
2029,Agri01_AGC,DE9,78041.58569796715
2029,Agri01_AGC,DEA,50182.213949054465
2029,Agri01_AGC,DEB,27246.2098812522
2029,Agri01_AGC,DEC,6128.0422
2029,Agri01_AGC,DEE,37668.000774201944
2029,Agri01_AGC,DED,30033.19741651318
2029,Agri01_AGC,DEF,25356.224450788828
2029,Agri01_AGC,DEG,20272.04659657401
2029,Agri02_OFC,DE1,34529.513911310736
2029,Agri02_OFC,DE2,65415.16019465127
2029,Agri02_OFC,DE3,8417.13119785674
2029,Agri02_OFC,DE4,31500.24558348923
2029,Agri02_OFC,DE5,4022.110515068347
2029,Agri02_OFC,DE6,640.9737638159893
2029,Agri02_OFC,DE7,15944.331787297455
2029,Agri02_OFC,DE8,33160.367868299974
2029,Agri02_OFC,DE9,55379.701035735794
2029,Agri02_OFC,DEA,35610.1939876698
2029,Agri02_OFC,DEB,19334.396451403238
2029,Agri02_OFC,DEC,7106.722455169321
2029,Agri02_OFC,DEE,26729.885135374774
2029,Agri02_OFC,DED,21312.09251066072
2029,Agri02_OFC,DEF,17993.229083199894
2029,Agri02_OFC,DEG,14385.405804613445
2029,Agri03_No-till,DE1,0.0
2029,Agri03_No-till,DE2,0.0
2029,Agri03_No-till,DE3,0.0
2029,Agri03_No-till,DE4,0.0
2029,Agri03_No-till,DE5,0.0
2029,Agri03_No-till,DE6,0.0
2029,Agri03_No-till,DE7,0.0
2029,Agri03_No-till,DE8,0.0
2029,Agri03_No-till,DE9,0.0
2029,Agri03_No-till,DEA,0.0
2029,Agri03_No-till,DEB,0.0
2029,Agri03_No-till,DEC,0.0
2029,Agri03_No-till,DEE,0.0
2029,Agri03_No-till,DED,0.0
2029,Agri03_No-till,DEF,0.0
2029,Agri03_No-till,DEG,0.0
2029,Agri04_toGrassland,DE1,328.52782287038303
2029,Agri04_toGrassland,DE2,622.3864088172547
2029,Agri04_toGrassland,DE3,80.08400565234847
2029,Agri04_toGrassland,DE4,299.70613336772817
2029,Agri04_toGrassland,DE5,38.26799341147516
2029,Agri04_toGrassland,DE6,6.09848478273897
2029,Agri04_toGrassland,DE7,151.7008499644135
2029,Agri04_toGrassland,DE8,315.5012112054391
2029,Agri04_toGrassland,DE9,526.9049735021986
2029,Agri04_toGrassland,DEA,338.809852140113
2029,Agri04_toGrassland,DEB,183.95530238297667
2029,Agri04_toGrassland,DEC,67.61624452454429
2029,Agri04_toGrassland,DEE,254.3189861188157
2029,Agri04_toGrassland,DED,202.77190612422913
2029,Agri04_toGrassland,DEF,171.19489119640866
2029,Agri04_toGrassland,DEG,136.86859485585
2029,Agri05_Agroforestry,DE1,7970.798985662622
2029,Agri05_Agroforestry,DE2,11164.43191972674
2029,Agri05_Agroforestry,DE3,94.54500000000002
2029,Agri05_Agroforestry,DE4,7960.492058530363
2029,Agri05_Agroforestry,DE5,776.162
2029,Agri05_Agroforestry,DE6,255.4851390988648
2029,Agri05_Agroforestry,DE7,2295.946805428142
2029,Agri05_Agroforestry,DE8,7780.106738555156
2029,Agri05_Agroforestry,DE9,10077.62687219541
2029,Agri05_Agroforestry,DEA,8033.423289090478
2029,Agri05_Agroforestry,DEB,5014.346505477286
2029,Agri05_Agroforestry,DEC,3458.3510000000006
2029,Agri05_Agroforestry,DEE,5849.930739798014
2029,Agri05_Agroforestry,DED,5247.904565332106
2029,Agri05_Agroforestry,DEF,1862.0782502936574
2029,Agri05_Agroforestry,DEG,1489.0226523283407
2029,Agri06_Biochar,DE1,0.0
2029,Agri06_Biochar,DE2,0.0
2029,Agri06_Biochar,DE3,0.0
2029,Agri06_Biochar,DE4,0.0
2029,Agri06_Biochar,DE5,0.0
2029,Agri06_Biochar,DE6,0.0
2029,Agri06_Biochar,DE7,0.0
2029,Agri06_Biochar,DE8,0.0
2029,Agri06_Biochar,DE9,0.0
2029,Agri06_Biochar,DEA,0.0
2029,Agri06_Biochar,DEB,0.0
2029,Agri06_Biochar,DEC,0.0
2029,Agri06_Biochar,DEE,0.0
2029,Agri06_Biochar,DED,0.0
2029,Agri06_Biochar,DEF,0.0
2029,Agri06_Biochar,DEG,0.0
2030,Agri01_AGC,DE1,54915.02046260569
2030,Agri01_AGC,DE2,102345.38850156317
2030,Agri01_AGC,DE3,225.70310000000006
2030,Agri01_AGC,DE4,50393.07314961229
2030,Agri01_AGC,DE5,725.6578000000001
2030,Agri01_AGC,DE6,830.21543252753
2030,Agri01_AGC,DE7,24763.17910303829
2030,Agri01_AGC,DE8,52791.370154853044
2030,Agri01_AGC,DE9,86913.08287679614
2030,Agri01_AGC,DEA,56553.51109913488
2030,Agri01_AGC,DEB,30985.618730162405
2030,Agri01_AGC,DEC,6128.0422
2030,Agri01_AGC,DEE,42373.12227539201
2030,Agri01_AGC,DED,34035.194709016636
2030,Agri01_AGC,DEF,27632.446281364628
2030,Agri01_AGC,DEG,22091.99605561771
2030,Agri02_OFC,DE1,38968.677896426125
2030,Agri02_OFC,DE2,72626.1129487844
2030,Agri02_OFC,DE3,10512.876221508308
2030,Agri02_OFC,DE4,35759.823436931874
2030,Agri02_OFC,DE5,5000.18834977821
2030,Agri02_OFC,DE6,756.1297845877888
2030,Agri02_OFC,DE7,17572.393527831176
2030,Agri02_OFC,DE8,37461.697764026605
2030,Agri02_OFC,DE9,61675.07365161692
2030,Agri02_OFC,DEA,40131.38007359629
2030,Agri02_OFC,DEB,21987.94766068404
2030,Agri02_OFC,DEC,8651.594775350008
2030,Agri02_OFC,DEE,30068.723265614168
2030,Agri02_OFC,DED,24151.981162621294
2030,Agri02_OFC,DEF,19608.4766892155
2030,Agri02_OFC,DEG,15676.874398448213
2030,Agri03_No-till,DE1,0.0
2030,Agri03_No-till,DE2,0.0
2030,Agri03_No-till,DE3,0.0
2030,Agri03_No-till,DE4,0.0
2030,Agri03_No-till,DE5,0.0
2030,Agri03_No-till,DE6,0.0
2030,Agri03_No-till,DE7,0.0
2030,Agri03_No-till,DE8,0.0
2030,Agri03_No-till,DE9,0.0
2030,Agri03_No-till,DEA,0.0
2030,Agri03_No-till,DEB,0.0
2030,Agri03_No-till,DEC,0.0
2030,Agri03_No-till,DEE,0.0
2030,Agri03_No-till,DED,0.0
2030,Agri03_No-till,DEF,0.0
2030,Agri03_No-till,DEG,0.0
2030,Agri04_toGrassland,DE1,370.76383242268815
2030,Agri04_toGrassland,DE2,690.9943427494073
2030,Agri04_toGrassland,DE3,100.02377519790687
2030,Agri04_toGrassland,DE4,340.2334875069365
2030,Agri04_toGrassland,DE5,47.57382327228168
2030,Agri04_toGrassland,DE6,7.194125946172301
2030,Agri04_toGrassland,DE7,167.19089075936677
2030,Agri04_toGrassland,DE8,356.4258112365874
2030,Agri04_toGrassland,DE9,586.8017060471586
2030,Agri04_toGrassland,DEA,381.82625328078325
2030,Agri04_toGrassland,DEB,209.2022665858099
2030,Agri04_toGrassland,DEC,82.31478737879013
2030,Agri04_toGrassland,DEE,286.08604848353843
2030,Agri04_toGrassland,DED,229.79176045578112
2030,Agri04_toGrassland,DEF,186.56301310985037
2030,Agri04_toGrassland,DEG,149.15615171308772
2030,Agri05_Agroforestry,DE1,9529.912600168704
2030,Agri05_Agroforestry,DE2,13010.153618059088
2030,Agri05_Agroforestry,DE3,94.54500000000002
2030,Agri05_Agroforestry,DE4,9576.76738975222
2030,Agri05_Agroforestry,DE5,776.162
2030,Agri05_Agroforestry,DE6,314.69430125892416
2030,Agri05_Agroforestry,DE7,2626.1097540119235
2030,Agri05_Agroforestry,DE8,9312.688049691269
2030,Agri05_Agroforestry,DE9,11816.39588763257
2030,Agri05_Agroforestry,DEA,9588.738136813094
2030,Agri05_Agroforestry,DEB,6042.512147651953
2030,Agri05_Agroforestry,DEC,3458.3510000000006
2030,Agri05_Agroforestry,DEE,6966.675574199797
2030,Agri05_Agroforestry,DED,6302.603001251642
2030,Agri05_Agroforestry,DEF,2029.484112675743
2030,Agri05_Agroforestry,DEG,1622.9491661750774
2030,Agri06_Biochar,DE1,0.0
2030,Agri06_Biochar,DE2,0.0
2030,Agri06_Biochar,DE3,0.0
2030,Agri06_Biochar,DE4,0.0
2030,Agri06_Biochar,DE5,0.0
2030,Agri06_Biochar,DE6,0.0
2030,Agri06_Biochar,DE7,0.0
2030,Agri06_Biochar,DE8,0.0
2030,Agri06_Biochar,DE9,0.0
2030,Agri06_Biochar,DEA,0.0
2030,Agri06_Biochar,DEB,0.0
2030,Agri06_Biochar,DEC,0.0
2030,Agri06_Biochar,DEE,0.0
2030,Agri06_Biochar,DED,0.0
2030,Agri06_Biochar,DEF,0.0
2030,Agri06_Biochar,DEG,0.0
2031,Agri01_AGC,DE1,61340.55548972922
2031,Agri01_AGC,DE2,112490.95239448728
2031,Agri01_AGC,DE3,225.70310000000006
2031,Agri01_AGC,DE4,56609.782697903174
2031,Agri01_AGC,DE5,725.6578000000001
2031,Agri01_AGC,DE6,1004.8775640306278
2031,Agri01_AGC,DE7,27017.005778409377
2031,Agri01_AGC,DE8,59026.69654698766
2031,Agri01_AGC,DE9,95824.6220314361
2031,Agri01_AGC,DEA,63083.90736925238
2031,Agri01_AGC,DEB,34867.43801816016
2031,Agri01_AGC,DEC,6128.0422
2031,Agri01_AGC,DEE,47182.20139294893
2031,Agri01_AGC,DED,38170.18707298716
2031,Agri01_AGC,DEF,29800.440823593613
2031,Agri01_AGC,DEG,23825.44548210184
2031,Agri02_OFC,DE1,43528.35214720213
2031,Agri02_OFC,DE2,79825.58602719635
2031,Agri02_OFC,DE3,12840.722889937817
2031,Agri02_OFC,DE4,40171.31140365218
2031,Agri02_OFC,DE5,6084.50151776186
2031,Agri02_OFC,DE6,880.0731480958151
2031,Agri02_OFC,DE7,19171.749132309476
2031,Agri02_OFC,DE8,41886.396575158564
2031,Agri02_OFC,DE9,67998.86076765793
2031,Agri02_OFC,DEA,44765.46573253763
2031,Agri02_OFC,DEB,24742.555857345375
2031,Agri02_OFC,DEC,10347.514393896403
2031,Agri02_OFC,DEE,33481.33157444867
2031,Agri02_OFC,DED,27086.24548918152
2031,Agri02_OFC,DEF,21146.924281252002
2031,Agri02_OFC,DEG,16906.96102650297
2031,Agri03_No-till,DE1,0.0
2031,Agri03_No-till,DE2,0.0
2031,Agri03_No-till,DE3,0.0
2031,Agri03_No-till,DE4,0.0
2031,Agri03_No-till,DE5,0.0
2031,Agri03_No-till,DE6,0.0
2031,Agri03_No-till,DE7,0.0
2031,Agri03_No-till,DE8,0.0
2031,Agri03_No-till,DE9,0.0
2031,Agri03_No-till,DEA,0.0
2031,Agri03_No-till,DEB,0.0
2031,Agri03_No-till,DEC,0.0
2031,Agri03_No-till,DEE,0.0
2031,Agri03_No-till,DED,0.0
2031,Agri03_No-till,DEF,0.0
2031,Agri03_No-till,DEG,0.0
2031,Agri04_toGrassland,DE1,414.14642559944576
2031,Agri04_toGrassland,DE2,759.4930543831625
2031,Agri04_toGrassland,DE3,122.17185408252476
2031,Agri04_toGrassland,DE4,382.20617617692596
2031,Agri04_toGrassland,DE5,57.890419251661164
2031,Agri04_toGrassland,DE6,8.373373458231434
2031,Agri04_toGrassland,DE7,182.4078097141015
2031,Agri04_toGrassland,DE8,398.5241932471778
2031,Agri04_toGrassland,DE9,646.9687856899507
2031,Agri04_toGrassland,DEA,425.91682682425176
2031,Agri04_toGrassland,DEB,235.41072802069917
2031,Agri04_toGrassland,DEC,98.4504555922286
2031,Agri04_toGrassland,DEE,318.55499029634314
2031,Agri04_toGrassland,DED,257.7095432953273
2031,Agri04_toGrassland,DEF,201.20042849050466
2031,Agri04_toGrassland,DEG,160.859695611643
2031,Agri05_Agroforestry,DE1,11223.720071227943
2031,Agri05_Agroforestry,DE2,14976.921168952867
2031,Agri05_Agroforestry,DE3,94.54500000000002
2031,Agri05_Agroforestry,DE4,11339.397963695552
2031,Agri05_Agroforestry,DE5,776.162
2031,Agri05_Agroforestry,DE6,380.0678483154651
2031,Agri05_Agroforestry,DE7,2971.284252191836
2031,Agri05_Agroforestry,DE8,10978.894362197823
2031,Agri05_Agroforestry,DE9,13678.9714423306
2031,Agri05_Agroforestry,DEA,11276.595436544889
2031,Agri05_Agroforestry,DEB,7164.880995917612
2031,Agri05_Agroforestry,DEC,3458.3510000000006
2031,Agri05_Agroforestry,DEE,8176.770914597537
2031,Agri05_Agroforestry,DED,7451.62102290326
2031,Agri05_Agroforestry,DEF,2188.991630861053
2031,Agri05_Agroforestry,DEG,1750.5715905171983
2031,Agri06_Biochar,DE1,0.0
2031,Agri06_Biochar,DE2,0.0
2031,Agri06_Biochar,DE3,0.0
2031,Agri06_Biochar,DE4,0.0
2031,Agri06_Biochar,DE5,0.0
2031,Agri06_Biochar,DE6,0.0
2031,Agri06_Biochar,DE7,0.0
2031,Agri06_Biochar,DE8,0.0
2031,Agri06_Biochar,DE9,0.0
2031,Agri06_Biochar,DEA,0.0
2031,Agri06_Biochar,DEB,0.0
2031,Agri06_Biochar,DEC,0.0
2031,Agri06_Biochar,DEE,0.0
2031,Agri06_Biochar,DED,0.0
2031,Agri06_Biochar,DEF,0.0
2031,Agri06_Biochar,DEG,0.0
2032,Agri01_AGC,DE1,67935.91469519147
2032,Agri01_AGC,DE2,122620.33902246009
2032,Agri01_AGC,DE3,225.70310000000006
2032,Agri01_AGC,DE4,63040.56537952673
2032,Agri01_AGC,DE5,725.6578000000001
2032,Agri01_AGC,DE6,1191.9228999999998
2032,Agri01_AGC,DE7,29230.379501974512
2032,Agri01_AGC,DE8,65435.87555305851
2032,Agri01_AGC,DE9,104776.20316188702
2032,Agri01_AGC,DEA,69773.40275940698
2032,Agri01_AGC,DEB,38891.66774524546
2032,Agri01_AGC,DEC,6128.0422
2032,Agri01_AGC,DEE,52095.23812687272
2032,Agri01_AGC,DED,42438.174508424745
2032,Agri01_AGC,DEF,31860.208077475785
2032,Agri01_AGC,DEG,25472.3948760264
2032,Agri02_OFC,DE1,48208.536663638755
2032,Agri02_OFC,DE2,87013.57942988712
2032,Agri02_OFC,DE3,15400.671203145268
2032,Agri02_OFC,DE4,44734.70948365014
2032,Agri02_OFC,DE5,7275.050019019296
2032,Agri02_OFC,DE6,1012.8038543400683
2032,Agri02_OFC,DE7,20742.398600732355
2032,Agri02_OFC,DE8,46434.46430169585
2032,Agri02_OFC,DE9,74351.0623838588
2032,Agri02_OFC,DEA,49512.45096449384
2032,Agri02_OFC,DEB,27598.22104138724
2032,Agri02_OFC,DEC,12194.481310808507
2032,Agri02_OFC,DEE,36967.71006187828
2032,Agri02_OFC,DED,30114.885490341403
2032,Agri02_OFC,DEF,22608.571859309406
2032,Agri02_OFC,DEG,18075.665688777714
2032,Agri03_No-till,DE1,0.0
2032,Agri03_No-till,DE2,0.0
2032,Agri03_No-till,DE3,0.0
2032,Agri03_No-till,DE4,0.0
2032,Agri03_No-till,DE5,0.0
2032,Agri03_No-till,DE6,0.0
2032,Agri03_No-till,DE7,0.0
2032,Agri03_No-till,DE8,0.0
2032,Agri03_No-till,DE9,0.0
2032,Agri03_No-till,DEA,0.0
2032,Agri03_No-till,DEB,0.0
2032,Agri03_No-till,DEC,0.0
2032,Agri03_No-till,DEE,0.0
2032,Agri03_No-till,DED,0.0
2032,Agri03_No-till,DEF,0.0
2032,Agri03_No-till,DEG,0.0
2032,Agri04_toGrassland,DE1,458.67560240065586
2032,Agri04_toGrassland,DE2,827.8825437185203
2032,Agri04_toGrassland,DE3,146.52824230620215
2032,Agri04_toGrassland,DE4,425.6241993776964
2032,Agri04_toGrassland,DE5,69.21778134961362
2032,Agri04_toGrassland,DE6,9.636227318916367
2032,Agri04_toGrassland,DE7,197.3516068286177
2032,Agri04_toGrassland,DE8,441.79635723721026
2032,Agri04_toGrassland,DE9,707.4062124305748
2032,Agri04_toGrassland,DEA,471.0815727705185
2032,Agri04_toGrassland,DEB,262.5806866876445
2032,Agri04_toGrassland,DEC,116.02324916485969
2032,Agri04_toGrassland,DEE,351.7258115572298
2032,Agri04_toGrassland,DED,286.5252546428677
2032,Agri04_toGrassland,DEF,215.10713733837156
2032,Agri04_toGrassland,DEG,171.9792265515158
2032,Agri05_Agroforestry,DE1,13052.22139884034
2032,Agri05_Agroforestry,DE2,17064.734572408077
2032,Agri05_Agroforestry,DE3,94.54500000000002
2032,Agri05_Agroforestry,DE4,13248.38378036036
2032,Agri05_Agroforestry,DE5,776.162
2032,Agri05_Agroforestry,DE6,451.60578026848754
2032,Agri05_Agroforestry,DE7,3331.4702999678793
2032,Agri05_Agroforestry,DE8,12778.725676074819
2032,Agri05_Agroforestry,DE9,15665.353536289496
2032,Agri05_Agroforestry,DEA,13096.995188285864
2032,Agri05_Agroforestry,DEB,8381.453050274267
2032,Agri05_Agroforestry,DEC,3458.3510000000006
2032,Agri05_Agroforestry,DEE,9480.216760991232
2032,Agri05_Agroforestry,DED,8694.958630286961
2032,Agri05_Agroforestry,DEF,2340.6008048495883
2032,Agri05_Agroforestry,DEG,1871.8899253547033
2032,Agri06_Biochar,DE1,0.0
2032,Agri06_Biochar,DE2,0.0
2032,Agri06_Biochar,DE3,0.0
2032,Agri06_Biochar,DE4,0.0
2032,Agri06_Biochar,DE5,0.0
2032,Agri06_Biochar,DE6,0.0
2032,Agri06_Biochar,DE7,0.0
2032,Agri06_Biochar,DE8,0.0
2032,Agri06_Biochar,DE9,0.0
2032,Agri06_Biochar,DEA,0.0
2032,Agri06_Biochar,DEB,0.0
2032,Agri06_Biochar,DEC,0.0
2032,Agri06_Biochar,DEE,0.0
2032,Agri06_Biochar,DED,0.0
2032,Agri06_Biochar,DEF,0.0
2032,Agri06_Biochar,DEG,0.0
2033,Agri01_AGC,DE1,74701.09807899245
2033,Agri01_AGC,DE2,132733.54838548158
2033,Agri01_AGC,DE3,225.70310000000006
2033,Agri01_AGC,DE4,69685.42119448294
2033,Agri01_AGC,DE5,725.6578000000001
2033,Agri01_AGC,DE6,1191.9228999999998
2033,Agri01_AGC,DE7,31403.300273733694
2033,Agri01_AGC,DE8,72018.9071730656
2033,Agri01_AGC,DE9,113767.82626814893
2033,Agri01_AGC,DEA,76621.99726959867
2033,Agri01_AGC,DEB,43058.307911418306
2033,Agri01_AGC,DEC,6128.0422
2033,Agri01_AGC,DEE,57112.23247716336
2033,Agri01_AGC,DED,46839.157015329394
2033,Agri01_AGC,DEF,33811.74804301114
2033,Agri01_AGC,DEG,27032.844237391386
2033,Agri02_OFC,DE1,53009.23144573599
2033,Agri02_OFC,DE2,94190.0931568567
2033,Agri02_OFC,DE3,18192.72116113066
2033,Agri02_OFC,DE4,49450.01767692576
2033,Agri02_OFC,DE5,8571.83385355052
2033,Agri02_OFC,DE6,1154.3219033205482
2033,Agri02_OFC,DE7,22284.34193309981
2033,Agri02_OFC,DE8,51105.900943638466
2033,Agri02_OFC,DE9,80731.67850021955
2033,Agri02_OFC,DEA,54372.335769464895
2033,Agri02_OFC,DEB,30554.94321280964
2033,Agri02_OFC,DEC,14192.495526086319
2033,Agri02_OFC,DEE,40527.858727902996
2033,Agri02_OFC,DED,33237.901166100935
2033,Agri02_OFC,DEF,23993.419423387713
2033,Agri02_OFC,DEG,19182.98838527245
2033,Agri03_No-till,DE1,0.0
2033,Agri03_No-till,DE2,0.0
2033,Agri03_No-till,DE3,0.0
2033,Agri03_No-till,DE4,0.0
2033,Agri03_No-till,DE5,0.0
2033,Agri03_No-till,DE6,0.0
2033,Agri03_No-till,DE7,0.0
2033,Agri03_No-till,DE8,0.0
2033,Agri03_No-till,DE9,0.0
2033,Agri03_No-till,DEA,0.0
2033,Agri03_No-till,DEB,0.0
2033,Agri03_No-till,DEC,0.0
2033,Agri03_No-till,DEE,0.0
2033,Agri03_No-till,DED,0.0
2033,Agri03_No-till,DEF,0.0
2033,Agri03_No-till,DEG,0.0
2033,Agri04_toGrassland,DE1,504.35136282631845
2033,Agri04_toGrassland,DE2,896.1628107554808
2033,Agri04_toGrassland,DE3,173.09293986893903
2033,Agri04_toGrassland,DE4,470.4875571092479
2033,Agri04_toGrassland,DE5,81.55590956613904
2033,Agri04_toGrassland,DE6,10.9826875282271
2033,Agri04_toGrassland,DE7,212.02228210291537
2033,Agri04_toGrassland,DE8,486.2423032066849
2033,Agri04_toGrassland,DE9,768.1139862690309
2033,Agri04_toGrassland,DEA,517.3204911195835
2033,Agri04_toGrassland,DEB,290.7121425866459
2033,Agri04_toGrassland,DEC,135.03316809668343
2033,Agri04_toGrassland,DEE,385.59851226619844
2033,Agri04_toGrassland,DED,316.23889449840226
2033,Agri04_toGrassland,DEF,228.28313965345103
2033,Agri04_toGrassland,DEG,182.51474453270617
2033,Agri05_Agroforestry,DE1,15015.416583005896
2033,Agri05_Agroforestry,DE2,19273.593828424717
2033,Agri05_Agroforestry,DE3,94.54500000000002
2033,Agri05_Agroforestry,DE4,15303.724839746643
2033,Agri05_Agroforestry,DE5,776.162
2033,Agri05_Agroforestry,DE6,529.3080971179916
2033,Agri05_Agroforestry,DE7,3706.6678973400535
2033,Agri05_Agroforestry,DE8,14712.181991322255
2033,Agri05_Agroforestry,DE9,17775.54216950926
2033,Agri05_Agroforestry,DEA,15049.937392036018
2033,Agri05_Agroforestry,DEB,9692.228310721915
2033,Agri05_Agroforestry,DEC,3458.3510000000006
2033,Agri05_Agroforestry,DEE,10877.013113380885
2033,Agri05_Agroforestry,DED,10032.615823402744
2033,Agri05_Agroforestry,DEF,2484.311634641348
2033,Agri05_Agroforestry,DEG,1986.9041706875926
2033,Agri06_Biochar,DE1,0.0
2033,Agri06_Biochar,DE2,0.0
2033,Agri06_Biochar,DE3,0.0
2033,Agri06_Biochar,DE4,0.0
2033,Agri06_Biochar,DE5,0.0
2033,Agri06_Biochar,DE6,0.0
2033,Agri06_Biochar,DE7,0.0
2033,Agri06_Biochar,DE8,0.0
2033,Agri06_Biochar,DE9,0.0
2033,Agri06_Biochar,DEA,0.0
2033,Agri06_Biochar,DEB,0.0
2033,Agri06_Biochar,DEC,0.0
2033,Agri06_Biochar,DEE,0.0
2033,Agri06_Biochar,DED,0.0
2033,Agri06_Biochar,DEF,0.0
2033,Agri06_Biochar,DEG,0.0
2034,Agri01_AGC,DE1,81636.10564113215
2034,Agri01_AGC,DE2,142830.58048355178
2034,Agri01_AGC,DE3,225.70310000000006
2034,Agri01_AGC,DE4,76544.35014277183
2034,Agri01_AGC,DE5,725.6578000000001
2034,Agri01_AGC,DE6,1191.9228999999998
2034,Agri01_AGC,DE7,33535.76809368692
2034,Agri01_AGC,DE8,78775.79140700893
2034,Agri01_AGC,DE9,122799.4913502218
2034,Agri01_AGC,DEA,83629.69089982746
2034,Agri01_AGC,DEB,47367.3585166787
2034,Agri01_AGC,DEC,6128.0422
2034,Agri01_AGC,DEE,62233.18444382086
2034,Agri01_AGC,DED,51373.13459370111
2034,Agri01_AGC,DEF,35655.06072019968
2034,Agri01_AGC,DEG,28506.7935661968
2034,Agri02_OFC,DE1,57930.43649349384
2034,Agri02_OFC,DE2,101355.12720810511
2034,Agri02_OFC,DE3,21216.872763893993
2034,Agri02_OFC,DE4,54317.23598347903
2034,Agri02_OFC,DE5,9974.853021355531
2034,Agri02_OFC,DE6,1304.627295037255
2034,Agri02_OFC,DE7,23797.579129411846
2034,Agri02_OFC,DE8,55900.7065009864
2034,Agri02_OFC,DE9,87140.70911674018
2034,Agri02_OFC,DEA,59345.12014745081
2034,Agri02_OFC,DEB,33612.72237161257
2034,Agri02_OFC,DEC,16341.55703972984
2034,Agri02_OFC,DEE,44161.77757252282
2034,Agri02_OFC,DED,36455.292516460126
2034,Agri02_OFC,DEF,25301.46697348692
2034,Agri02_OFC,DEG,20228.929115987172
2034,Agri03_No-till,DE1,0.0
2034,Agri03_No-till,DE2,0.0
2034,Agri03_No-till,DE3,0.0
2034,Agri03_No-till,DE4,0.0
2034,Agri03_No-till,DE5,0.0
2034,Agri03_No-till,DE6,0.0
2034,Agri03_No-till,DE7,0.0
2034,Agri03_No-till,DE8,0.0
2034,Agri03_No-till,DE9,0.0
2034,Agri03_No-till,DEA,0.0
2034,Agri03_No-till,DEB,0.0
2034,Agri03_No-till,DEC,0.0
2034,Agri03_No-till,DEE,0.0
2034,Agri03_No-till,DED,0.0
2034,Agri03_No-till,DEF,0.0
2034,Agri03_No-till,DEG,0.0
2034,Agri04_toGrassland,DE1,551.1737068764336
2034,Agri04_toGrassland,DE2,964.3338554940439
2034,Agri04_toGrassland,DE3,201.8659467707354
2034,Agri04_toGrassland,DE4,516.7962493715805
2034,Agri04_toGrassland,DE5,94.90480390123743
2034,Agri04_toGrassland,DE6,12.412754086163632
2034,Agri04_toGrassland,DE7,226.4198355369945
2034,Agri04_toGrassland,DE8,531.8620311556016
2034,Agri04_toGrassland,DE9,829.092107205319
2034,Agri04_toGrassland,DEA,564.6335818714466
2034,Agri04_toGrassland,DEB,319.8050957177033
2034,Agri04_toGrassland,DEC,155.4802123876998
2034,Agri04_toGrassland,DEE,420.17309242324905
2034,Agri04_toGrassland,DED,346.850462861931
2034,Agri04_toGrassland,DEF,240.7284354357431
2034,Agri04_toGrassland,DEG,192.46624955521406
2034,Agri05_Agroforestry,DE1,17113.30562372461
2034,Agri05_Agroforestry,DE2,21603.49893700279
2034,Agri05_Agroforestry,DE3,94.54500000000002
2034,Agri05_Agroforestry,DE4,17505.4211418544
2034,Agri05_Agroforestry,DE5,776.162
2034,Agri05_Agroforestry,DE6,613.1747988639771
2034,Agri05_Agroforestry,DE7,4096.877044308359
2034,Agri05_Agroforestry,DE8,16779.263307940135
2034,Agri05_Agroforestry,DE9,20009.53734198989
2034,Agri05_Agroforestry,DEA,17135.42204779535
2034,Agri05_Agroforestry,DEB,11097.206777260557
2034,Agri05_Agroforestry,DEC,3458.3510000000006
2034,Agri05_Agroforestry,DEE,12367.159971766494
2034,Agri05_Agroforestry,DED,11464.59260225061
2034,Agri05_Agroforestry,DEF,2620.1241202363326
2034,Agri05_Agroforestry,DEG,2095.614326515866
2034,Agri06_Biochar,DE1,0.0
2034,Agri06_Biochar,DE2,0.0
2034,Agri06_Biochar,DE3,0.0
2034,Agri06_Biochar,DE4,0.0
2034,Agri06_Biochar,DE5,0.0
2034,Agri06_Biochar,DE6,0.0
2034,Agri06_Biochar,DE7,0.0
2034,Agri06_Biochar,DE8,0.0
2034,Agri06_Biochar,DE9,0.0
2034,Agri06_Biochar,DEA,0.0
2034,Agri06_Biochar,DEB,0.0
2034,Agri06_Biochar,DEC,0.0
2034,Agri06_Biochar,DEE,0.0
2034,Agri06_Biochar,DED,0.0
2034,Agri06_Biochar,DEF,0.0
2034,Agri06_Biochar,DEG,0.0
2035,Agri01_AGC,DE1,88740.93738161057
2035,Agri01_AGC,DE2,152911.43531667066
2035,Agri01_AGC,DE3,225.70310000000006
2035,Agri01_AGC,DE4,83617.35222439337
2035,Agri01_AGC,DE5,725.6578000000001
2035,Agri01_AGC,DE6,1191.9228999999998
2035,Agri01_AGC,DE7,35627.7829618342
2035,Agri01_AGC,DE8,85706.5282548885
2035,Agri01_AGC,DE9,131871.19840810564
2035,Agri01_AGC,DEA,90796.48365009335
2035,Agri01_AGC,DEB,51818.81956102664
2035,Agri01_AGC,DEC,6128.0422
2035,Agri01_AGC,DEE,67458.09402684521
2035,Agri01_AGC,DED,56040.10724353988
2035,Agri01_AGC,DEF,37390.14610904141
2035,Agri01_AGC,DEG,29894.242862442647
2035,Agri02_OFC,DE1,62972.15180691231
2035,Agri02_OFC,DE2,108508.68158363234
2035,Agri02_OFC,DE3,24473.12601143527
2035,Agri02_OFC,DE4,59336.36440330996
2035,Agri02_OFC,DE5,11484.10752243433
2035,Agri02_OFC,DE6,1463.7200294901886
2035,Agri02_OFC,DE7,25282.11018966846
2035,Agri02_OFC,DE8,60818.880973739666
2035,Agri02_OFC,DE9,93578.15423342068
2035,Agri02_OFC,DEA,64430.80409845159
2035,Agri02_OFC,DEB,36771.55851779604
2035,Agri02_OFC,DEC,18641.665851739068
2035,Agri02_OFC,DEE,47869.46659573775
2035,Agri02_OFC,DED,39767.05954141897
2035,Agri02_OFC,DEF,26532.71450960703
2035,Agri02_OFC,DEG,21213.487880921883
2035,Agri03_No-till,DE1,0.0
2035,Agri03_No-till,DE2,0.0
2035,Agri03_No-till,DE3,0.0
2035,Agri03_No-till,DE4,0.0
2035,Agri03_No-till,DE5,0.0
2035,Agri03_No-till,DE6,0.0
2035,Agri03_No-till,DE7,0.0
2035,Agri03_No-till,DE8,0.0
2035,Agri03_No-till,DE9,0.0
2035,Agri03_No-till,DEA,0.0
2035,Agri03_No-till,DEB,0.0
2035,Agri03_No-till,DEC,0.0
2035,Agri03_No-till,DEE,0.0
2035,Agri03_No-till,DED,0.0
2035,Agri03_No-till,DEF,0.0
2035,Agri03_No-till,DEG,0.0
2035,Agri04_toGrassland,DE1,599.1426345510013
2035,Agri04_toGrassland,DE2,1032.3956779342095
2035,Agri04_toGrassland,DE3,232.84726301159128
2035,Agri04_toGrassland,DE4,564.5502761646942
2035,Agri04_toGrassland,DE5,109.26446435490878
2035,Agri04_toGrassland,DE6,13.926426992725965
2035,Agri04_toGrassland,DE7,240.5442671308551
2035,Agri04_toGrassland,DE8,578.6555410839604
2035,Agri04_toGrassland,DE9,890.3405752394392
2035,Agri04_toGrassland,DEA,613.020845026108
2035,Agri04_toGrassland,DEB,349.8595460808168
2035,Agri04_toGrassland,DEC,177.36438203790877
2035,Agri04_toGrassland,DEE,455.4495520283817
2035,Agri04_toGrassland,DED,378.359959733454
2035,Agri04_toGrassland,DEF,252.4430246852478
2035,Agri04_toGrassland,DEG,201.8337416190395
2035,Agri05_Agroforestry,DE1,19345.88852099648
2035,Agri05_Agroforestry,DE2,24054.449898142295
2035,Agri05_Agroforestry,DE3,94.54500000000002
2035,Agri05_Agroforestry,DE4,19853.47268668363
2035,Agri05_Agroforestry,DE5,776.162
2035,Agri05_Agroforestry,DE6,628.319
2035,Agri05_Agroforestry,DE7,4502.097740872795
2035,Agri05_Agroforestry,DE8,18979.969625928454
2035,Agri05_Agroforestry,DE9,22367.33905373139
2035,Agri05_Agroforestry,DEA,19353.449155563863
2035,Agri05_Agroforestry,DEB,12596.388449890192
2035,Agri05_Agroforestry,DEC,3458.3510000000006
2035,Agri05_Agroforestry,DEE,13950.657336148059
2035,Agri05_Agroforestry,DED,12990.888966830558
2035,Agri05_Agroforestry,DEF,2748.038261634542
2035,Agri05_Agroforestry,DEG,2198.020392839524
2035,Agri06_Biochar,DE1,0.0
2035,Agri06_Biochar,DE2,0.0
2035,Agri06_Biochar,DE3,0.0
2035,Agri06_Biochar,DE4,0.0
2035,Agri06_Biochar,DE5,0.0
2035,Agri06_Biochar,DE6,0.0
2035,Agri06_Biochar,DE7,0.0
2035,Agri06_Biochar,DE8,0.0
2035,Agri06_Biochar,DE9,0.0
2035,Agri06_Biochar,DEA,0.0
2035,Agri06_Biochar,DEB,0.0
2035,Agri06_Biochar,DEC,0.0
2035,Agri06_Biochar,DEE,0.0
2035,Agri06_Biochar,DED,0.0
2035,Agri06_Biochar,DEF,0.0
2035,Agri06_Biochar,DEG,0.0
2036,Agri01_AGC,DE1,96015.5933004277
2036,Agri01_AGC,DE2,162976.11288483822
2036,Agri01_AGC,DE3,225.70310000000006
2036,Agri01_AGC,DE4,90904.42743934758
2036,Agri01_AGC,DE5,725.6578000000001
2036,Agri01_AGC,DE6,1191.9228999999998
2036,Agri01_AGC,DE7,37679.34487817552
2036,Agri01_AGC,DE8,92811.1177167043
2036,Agri01_AGC,DE9,140982.94744180047
2036,Agri01_AGC,DEA,98122.37552039632
2036,Agri01_AGC,DEB,56412.69104446213
2036,Agri01_AGC,DEC,6128.0422
2036,Agri01_AGC,DEE,72786.96122623642
2036,Agri01_AGC,DED,60840.07496484573
2036,Agri01_AGC,DEF,39017.004209536324
2036,Agri01_AGC,DEG,31195.19212612892
2036,Agri02_OFC,DE1,68134.3773859914
2036,Agri02_OFC,DE2,115650.75628343839
2036,Agri02_OFC,DE3,27961.480903754487
2036,Agri02_OFC,DE4,64507.402936418555
2036,Agri02_OFC,DE5,13099.597356786915
2036,Agri02_OFC,DE6,1631.600106679349
2036,Agri02_OFC,DE7,26737.93511386965
2036,Agri02_OFC,DE8,65860.42436189826
2036,Agri02_OFC,DE9,100044.01385026105
2036,Agri02_OFC,DEA,69629.38762246723
2036,Agri02_OFC,DEB,40031.45165136004
2036,Agri02_OFC,DEC,21092.821962114005
2036,Agri02_OFC,DEE,51650.92579754779
2036,Agri02_OFC,DED,43173.202240977465
2036,Agri02_OFC,DEF,27687.16203174804
2036,Agri02_OFC,DEG,22136.66468007658
2036,Agri03_No-till,DE1,0.0
2036,Agri03_No-till,DE2,0.0
2036,Agri03_No-till,DE3,0.0
2036,Agri03_No-till,DE4,0.0
2036,Agri03_No-till,DE5,0.0
2036,Agri03_No-till,DE6,0.0
2036,Agri03_No-till,DE7,0.0
2036,Agri03_No-till,DE8,0.0
2036,Agri03_No-till,DE9,0.0
2036,Agri03_No-till,DEA,0.0
2036,Agri03_No-till,DEB,0.0
2036,Agri03_No-till,DEC,0.0
2036,Agri03_No-till,DEE,0.0
2036,Agri03_No-till,DED,0.0
2036,Agri03_No-till,DEF,0.0
2036,Agri03_No-till,DEG,0.0
2036,Agri04_toGrassland,DE1,648.2581458500214
2036,Agri04_toGrassland,DE2,1100.3482780759778
2036,Agri04_toGrassland,DE3,266.0368885915066
2036,Agri04_toGrassland,DE4,613.7496374885889
2036,Agri04_toGrassland,DE5,124.63489092715311
2036,Agri04_toGrassland,DE6,15.523706247914099
2036,Agri04_toGrassland,DE7,254.39557688449716
2036,Agri04_toGrassland,DE8,626.6228329917615
2036,Agri04_toGrassland,DE9,951.8593903713914
2036,Agri04_toGrassland,DEA,662.4822805835676
2036,Agri04_toGrassland,DEB,380.8754936759864
2036,Agri04_toGrassland,DEC,200.68567704731038
2036,Agri04_toGrassland,DEE,491.4278910815963
2036,Agri04_toGrassland,DED,410.76738511297117
2036,Agri04_toGrassland,DEF,263.4269074019651
2036,Agri04_toGrassland,DEG,210.6172207241825
2036,Agri05_Agroforestry,DE1,21713.16527482151
2036,Agri05_Agroforestry,DE2,26626.44671184323
2036,Agri05_Agroforestry,DE3,94.54500000000002
2036,Agri05_Agroforestry,DE4,22347.879474234338
2036,Agri05_Agroforestry,DE5,776.162
2036,Agri05_Agroforestry,DE6,628.319
2036,Agri05_Agroforestry,DE7,4922.329987033362
2036,Agri05_Agroforestry,DE8,21314.300945287214
2036,Agri05_Agroforestry,DE9,24848.947304733756
2036,Agri05_Agroforestry,DEA,21704.018715341554
2036,Agri05_Agroforestry,DEB,14189.77332861082
2036,Agri05_Agroforestry,DEC,3458.3510000000006
2036,Agri05_Agroforestry,DEE,15627.50520652558
2036,Agri05_Agroforestry,DED,14611.504917142589
2036,Agri05_Agroforestry,DEF,2868.054058835976
2036,Agri05_Agroforestry,DEG,2294.1223696585657
2036,Agri06_Biochar,DE1,0.0
2036,Agri06_Biochar,DE2,0.0
2036,Agri06_Biochar,DE3,0.0
2036,Agri06_Biochar,DE4,0.0
2036,Agri06_Biochar,DE5,0.0
2036,Agri06_Biochar,DE6,0.0
2036,Agri06_Biochar,DE7,0.0
2036,Agri06_Biochar,DE8,0.0
2036,Agri06_Biochar,DE9,0.0
2036,Agri06_Biochar,DEA,0.0
2036,Agri06_Biochar,DEB,0.0
2036,Agri06_Biochar,DEC,0.0
2036,Agri06_Biochar,DEE,0.0
2036,Agri06_Biochar,DED,0.0
2036,Agri06_Biochar,DEF,0.0
2036,Agri06_Biochar,DEG,0.0
2037,Agri01_AGC,DE1,103460.07339758356
2037,Agri01_AGC,DE2,173024.61318805447
2037,Agri01_AGC,DE3,225.70310000000006
2037,Agri01_AGC,DE4,95578.27020000001
2037,Agri01_AGC,DE5,725.6578000000001
2037,Agri01_AGC,DE6,1191.9228999999998
2037,Agri01_AGC,DE7,39690.45384271089
2037,Agri01_AGC,DE8,100089.55979245635
2037,Agri01_AGC,DE9,150134.73845130624
2037,Agri01_AGC,DEA,105607.36651073639
2037,Agri01_AGC,DEB,57631.35280000002
2037,Agri01_AGC,DEC,6128.0422
2037,Agri01_AGC,DEE,78219.78604199449
2037,Agri01_AGC,DED,65773.03775761863
2037,Agri01_AGC,DEF,40535.63502168442
2037,Agri01_AGC,DEG,32409.641357255623
2037,Agri02_OFC,DE1,73417.1132307311
2037,Agri02_OFC,DE2,122781.35130752325
2037,Agri02_OFC,DE3,31681.937440851645
2037,Agri02_OFC,DE4,69830.3515828048
2037,Agri02_OFC,DE5,14821.322524413286
2037,Agri02_OFC,DE6,1808.267526604736
2037,Agri02_OFC,DE7,28165.05390201542
2037,Agri02_OFC,DE8,71025.33666546218
2037,Agri02_OFC,DE9,106538.2879672613
2037,Agri02_OFC,DEA,74940.87071949772
2037,Agri02_OFC,DEB,43392.40177230457
2037,Agri02_OFC,DEC,23695.02537085465
2037,Agri02_OFC,DEE,55506.155177952925
2037,Agri02_OFC,DED,46673.720615135615
2037,Agri02_OFC,DEF,28764.80953990995
2037,Agri02_OFC,DEG,22998.459513451267
2037,Agri03_No-till,DE1,0.0
2037,Agri03_No-till,DE2,0.0
2037,Agri03_No-till,DE3,0.0
2037,Agri03_No-till,DE4,0.0
2037,Agri03_No-till,DE5,0.0
2037,Agri03_No-till,DE6,0.0
2037,Agri03_No-till,DE7,0.0
2037,Agri03_No-till,DE8,0.0
2037,Agri03_No-till,DE9,0.0
2037,Agri03_No-till,DEA,0.0
2037,Agri03_No-till,DEB,0.0
2037,Agri03_No-till,DEC,0.0
2037,Agri03_No-till,DEE,0.0
2037,Agri03_No-till,DED,0.0
2037,Agri03_No-till,DEF,0.0
2037,Agri03_No-till,DEG,0.0
2037,Agri04_toGrassland,DE1,698.520240773494
2037,Agri04_toGrassland,DE2,1168.1916559193487
2037,Agri04_toGrassland,DE3,301.43482351048146
2037,Agri04_toGrassland,DE4,664.3943333432646
2037,Agri04_toGrassland,DE5,141.0160836179704
2037,Agri04_toGrassland,DE6,17.204591851728033
2037,Agri04_toGrassland,DE7,267.9737647979207
2037,Agri04_toGrassland,DE8,675.7639068790046
2037,Agri04_toGrassland,DE9,1013.6485526011757
2037,Agri04_toGrassland,DEA,713.0178885438254
2037,Agri04_toGrassland,DEB,412.852938503212
2037,Agri04_toGrassland,DEC,225.44409741590462
2037,Agri04_toGrassland,DEE,528.1081095828928
2037,Agri04_toGrassland,DED,444.0727390004825
2037,Agri04_toGrassland,DEF,273.6800835858949
2037,Agri04_toGrassland,DEG,218.81668687064303
2037,Agri05_Agroforestry,DE1,24215.135885199696
2037,Agri05_Agroforestry,DE2,29319.489378105594
2037,Agri05_Agroforestry,DE3,94.54500000000002
2037,Agri05_Agroforestry,DE4,24988.64150450652
2037,Agri05_Agroforestry,DE5,776.162
2037,Agri05_Agroforestry,DE6,628.319
2037,Agri05_Agroforestry,DE7,5357.57378279006
2037,Agri05_Agroforestry,DE8,23782.257266016415
2037,Agri05_Agroforestry,DE9,27454.36209499699
2037,Agri05_Agroforestry,DEA,24187.130727128424
2037,Agri05_Agroforestry,DEB,15877.361413422443
2037,Agri05_Agroforestry,DEC,3458.3510000000006
2037,Agri05_Agroforestry,DEE,17156.976000000002
2037,Agri05_Agroforestry,DED,16326.440453186702
2037,Agri05_Agroforestry,DEF,2980.1715118406346
2037,Agri05_Agroforestry,DEG,2383.920256972992
2037,Agri06_Biochar,DE1,0.0
2037,Agri06_Biochar,DE2,0.0
2037,Agri06_Biochar,DE3,0.0
2037,Agri06_Biochar,DE4,0.0
2037,Agri06_Biochar,DE5,0.0
2037,Agri06_Biochar,DE6,0.0
2037,Agri06_Biochar,DE7,0.0
2037,Agri06_Biochar,DE8,0.0
2037,Agri06_Biochar,DE9,0.0
2037,Agri06_Biochar,DEA,0.0
2037,Agri06_Biochar,DEB,0.0
2037,Agri06_Biochar,DEC,0.0
2037,Agri06_Biochar,DEE,0.0
2037,Agri06_Biochar,DED,0.0
2037,Agri06_Biochar,DEF,0.0
2037,Agri06_Biochar,DEG,0.0
2038,Agri01_AGC,DE1,110851.06130000002
2038,Agri01_AGC,DE2,183056.93622631943
2038,Agri01_AGC,DE3,225.70310000000006
2038,Agri01_AGC,DE4,95578.27020000001
2038,Agri01_AGC,DE5,725.6578000000001
2038,Agri01_AGC,DE6,1191.9228999999998
2038,Agri01_AGC,DE7,41661.109855440314
2038,Agri01_AGC,DE8,105446.19399999997
2038,Agri01_AGC,DE9,159326.571436623
2038,Agri01_AGC,DEA,113251.45662111355
2038,Agri01_AGC,DEB,57631.35280000002
2038,Agri01_AGC,DEC,6128.0422
2038,Agri01_AGC,DEE,83756.56847411943
2038,Agri01_AGC,DED,65775.87379999999
2038,Agri01_AGC,DEF,41946.03854548571
2038,Agri01_AGC,DEG,33537.59055582275
2038,Agri02_OFC,DE1,78820.35934113142
2038,Agri02_OFC,DE2,129900.46665588694
2038,Agri02_OFC,DE3,35634.49562272675
2038,Agri02_OFC,DE4,75305.2103424687
2038,Agri02_OFC,DE5,16649.283025313445
2038,Agri02_OFC,DE6,1993.7222892663501
2038,Agri02_OFC,DE7,29563.46655410577
2038,Agri02_OFC,DE8,76313.61788443143
2038,Agri02_OFC,DE9,113060.97658442143
2038,Agri02_OFC,DEA,80365.25338954307
2038,Agri02_OFC,DEB,46854.408880629635
2038,Agri02_OFC,DEC,26448.276077961003
2038,Agri02_OFC,DEE,59435.15473695317
2038,Agri02_OFC,DED,50268.61466389342
2038,Agri02_OFC,DEF,29765.65703409276
2038,Agri02_OFC,DEG,23798.87238104594
2038,Agri03_No-till,DE1,0.0
2038,Agri03_No-till,DE2,0.0
2038,Agri03_No-till,DE3,0.0
2038,Agri03_No-till,DE4,0.0
2038,Agri03_No-till,DE5,0.0
2038,Agri03_No-till,DE6,0.0
2038,Agri03_No-till,DE7,0.0
2038,Agri03_No-till,DE8,0.0
2038,Agri03_No-till,DE9,0.0
2038,Agri03_No-till,DEA,0.0
2038,Agri03_No-till,DEB,0.0
2038,Agri03_No-till,DEC,0.0
2038,Agri03_No-till,DEE,0.0
2038,Agri03_No-till,DED,0.0
2038,Agri03_No-till,DEF,0.0
2038,Agri03_No-till,DEG,0.0
2038,Agri04_toGrassland,DE1,749.9289193214192
2038,Agri04_toGrassland,DE2,1235.9258114643224
2038,Agri04_toGrassland,DE3,339.0410677685158
2038,Agri04_toGrassland,DE4,716.4843637287214
2038,Agri04_toGrassland,DE5,158.40804242736067
2038,Agri04_toGrassland,DE6,18.969083804167767
2038,Agri04_toGrassland,DE7,281.2788308711257
2038,Agri04_toGrassland,DE8,726.0787627456898
2038,Agri04_toGrassland,DE9,1075.708061928792
2038,Agri04_toGrassland,DEA,764.6276689068814
2038,Agri04_toGrassland,DEB,445.79188056249365
2038,Agri04_toGrassland,DEC,251.6396431436915
2038,Agri04_toGrassland,DEE,565.4902075322713
2038,Agri04_toGrassland,DED,478.27602139598804
2038,Agri04_toGrassland,DEF,283.20255323703736
2038,Agri04_toGrassland,DEG,226.4321400584211
2038,Agri05_Agroforestry,DE1,26851.800352131042
2038,Agri05_Agroforestry,DE2,32133.57789692939
2038,Agri05_Agroforestry,DE3,94.54500000000002
2038,Agri05_Agroforestry,DE4,27775.758777500174
2038,Agri05_Agroforestry,DE5,776.162
2038,Agri05_Agroforestry,DE6,628.319
2038,Agri05_Agroforestry,DE7,5807.829128142889
2038,Agri05_Agroforestry,DE8,26383.838588116058
2038,Agri05_Agroforestry,DE9,30183.583424521094
2038,Agri05_Agroforestry,DEA,26802.785190924475
2038,Agri05_Agroforestry,DEB,17659.152704325057
2038,Agri05_Agroforestry,DEC,3458.3510000000006
2038,Agri05_Agroforestry,DEE,17156.976000000002
2038,Agri05_Agroforestry,DED,18135.695574962898
2038,Agri05_Agroforestry,DEF,3084.390620648518
2038,Agri05_Agroforestry,DEG,2467.414054782802
2038,Agri06_Biochar,DE1,0.0
2038,Agri06_Biochar,DE2,0.0
2038,Agri06_Biochar,DE3,0.0
2038,Agri06_Biochar,DE4,0.0
2038,Agri06_Biochar,DE5,0.0
2038,Agri06_Biochar,DE6,0.0
2038,Agri06_Biochar,DE7,0.0
2038,Agri06_Biochar,DE8,0.0
2038,Agri06_Biochar,DE9,0.0
2038,Agri06_Biochar,DEA,0.0
2038,Agri06_Biochar,DEB,0.0
2038,Agri06_Biochar,DEC,0.0
2038,Agri06_Biochar,DEE,0.0
2038,Agri06_Biochar,DED,0.0
2038,Agri06_Biochar,DEF,0.0
2038,Agri06_Biochar,DEG,0.0
2039,Agri01_AGC,DE1,110851.06130000002
2039,Agri01_AGC,DE2,193073.08199963308
2039,Agri01_AGC,DE3,225.70310000000006
2039,Agri01_AGC,DE4,95578.27020000001
2039,Agri01_AGC,DE5,725.6578000000001
2039,Agri01_AGC,DE6,1191.9228999999998
2039,Agri01_AGC,DE7,43591.31291636378
2039,Agri01_AGC,DE8,105446.19399999997
2039,Agri01_AGC,DE9,168558.44639775073
2039,Agri01_AGC,DEA,115824.9057
2039,Agri01_AGC,DEB,57631.35280000002
2039,Agri01_AGC,DEC,6128.0422
2039,Agri01_AGC,DEE,88391.68239999999
2039,Agri01_AGC,DED,65775.87379999999
2039,Agri01_AGC,DEF,43248.21478094018
2039,Agri01_AGC,DEG,34579.03972183031
2039,Agri02_OFC,DE1,84344.11571719236
2039,Agri02_OFC,DE2,137008.10232852944
2039,Agri02_OFC,DE3,39819.15544937979
2039,Agri02_OFC,DE4,80931.97921541026
2039,Agri02_OFC,DE5,18583.47885948739
2039,Agri02_OFC,DE6,2187.964394664191
2039,Agri02_OFC,DE7,30933.173070140696
2039,Agri02_OFC,DE8,81725.268018806
2039,Agri02_OFC,DE9,119612.07970174143
2039,Agri02_OFC,DEA,85902.53563260328
2039,Agri02_OFC,DEB,50417.47297633523
2039,Agri02_OFC,DEC,29352.574083433065
2039,Agri02_OFC,DEE,63437.92447454852
2039,Agri02_OFC,DED,53957.88438725088
2039,Agri02_OFC,DEF,30689.704514296474
2039,Agri02_OFC,DEG,24537.903282860603
2039,Agri03_No-till,DE1,0.0
2039,Agri03_No-till,DE2,0.0
2039,Agri03_No-till,DE3,0.0
2039,Agri03_No-till,DE4,0.0
2039,Agri03_No-till,DE5,0.0
2039,Agri03_No-till,DE6,0.0
2039,Agri03_No-till,DE7,0.0
2039,Agri03_No-till,DE8,0.0
2039,Agri03_No-till,DE9,0.0
2039,Agri03_No-till,DEA,0.0
2039,Agri03_No-till,DEB,0.0
2039,Agri03_No-till,DEC,0.0
2039,Agri03_No-till,DEE,0.0
2039,Agri03_No-till,DED,0.0
2039,Agri03_No-till,DEF,0.0
2039,Agri03_No-till,DEG,0.0
2039,Agri04_toGrassland,DE1,802.4841814937969
2039,Agri04_toGrassland,DE2,1303.5507447108985
2039,Agri04_toGrassland,DE3,378.85562136560964
2039,Agri04_toGrassland,DE4,770.0197286449592
2039,Agri04_toGrassland,DE5,176.8107673553239
2039,Agri04_toGrassland,DE6,20.8171821052333
2039,Agri04_toGrassland,DE7,294.31077510411217
2039,Agri04_toGrassland,DE8,777.5674005918172
2039,Agri04_toGrassland,DE9,1138.0379183542402
2039,Agri04_toGrassland,DEA,817.3116216727356
2039,Agri04_toGrassland,DEB,479.69231985383135
2039,Agri04_toGrassland,DEC,279.272314230671
2039,Agri04_toGrassland,DEE,603.5741849297317
2039,Agri04_toGrassland,DED,513.3772322994878
2039,Agri04_toGrassland,DEF,291.9943163553924
2039,Agri04_toGrassland,DEG,233.46358028751675
2039,Agri05_Agroforestry,DE1,29623.158675615545
2039,Agri05_Agroforestry,DE2,35068.712268314615
2039,Agri05_Agroforestry,DE3,94.54500000000002
2039,Agri05_Agroforestry,DE4,30709.231293215304
2039,Agri05_Agroforestry,DE5,776.162
2039,Agri05_Agroforestry,DE6,628.319
2039,Agri05_Agroforestry,DE7,6273.096023091849
2039,Agri05_Agroforestry,DE8,29119.04491158614
2039,Agri05_Agroforestry,DE9,33036.611293306065
2039,Agri05_Agroforestry,DEA,29550.982106729705
2039,Agri05_Agroforestry,DEB,19535.147201318665
2039,Agri05_Agroforestry,DEC,3458.3510000000006
2039,Agri05_Agroforestry,DEE,17156.976000000002
2039,Agri05_Agroforestry,DED,19114.16
2039,Agri05_Agroforestry,DEF,3180.7113852596262
2039,Agri05_Agroforestry,DEG,2544.6037630879964
2039,Agri06_Biochar,DE1,0.0
2039,Agri06_Biochar,DE2,0.0
2039,Agri06_Biochar,DE3,0.0
2039,Agri06_Biochar,DE4,0.0
2039,Agri06_Biochar,DE5,0.0
2039,Agri06_Biochar,DE6,0.0
2039,Agri06_Biochar,DE7,0.0
2039,Agri06_Biochar,DE8,0.0
2039,Agri06_Biochar,DE9,0.0
2039,Agri06_Biochar,DEA,0.0
2039,Agri06_Biochar,DEB,0.0
2039,Agri06_Biochar,DEC,0.0
2039,Agri06_Biochar,DEE,0.0
2039,Agri06_Biochar,DED,0.0
2039,Agri06_Biochar,DEF,0.0
2039,Agri06_Biochar,DEG,0.0
2040,Agri01_AGC,DE1,110851.06130000002
2040,Agri01_AGC,DE2,203073.05050799542
2040,Agri01_AGC,DE3,225.70310000000006
2040,Agri01_AGC,DE4,95578.27020000001
2040,Agri01_AGC,DE5,725.6578000000001
2040,Agri01_AGC,DE6,1191.9228999999998
2040,Agri01_AGC,DE7,45481.06302548129
2040,Agri01_AGC,DE8,105446.19399999997
2040,Agri01_AGC,DE9,177830.36333468943
2040,Agri01_AGC,DEA,115824.9057
2040,Agri01_AGC,DEB,57631.35280000002
2040,Agri01_AGC,DEC,6128.0422
2040,Agri01_AGC,DEE,88391.68239999999
2040,Agri01_AGC,DED,65775.87379999999
2040,Agri01_AGC,DEF,44442.16372804784
2040,Agri01_AGC,DEG,35533.9888552783
2040,Agri02_OFC,DE1,89988.3823589139
2040,Agri02_OFC,DE2,144104.25832545076
2040,Agri02_OFC,DE3,44235.91692081077
2040,Agri02_OFC,DE4,86710.65820162949
2040,Agri02_OFC,DE5,20623.910026935122
2040,Agri02_OFC,DE6,2390.9938427982584
2040,Agri02_OFC,DE7,32274.1734501202
2040,Agri02_OFC,DE8,87260.28706858591
2040,Agri02_OFC,DE9,126191.5973192213
2040,Agri02_OFC,DEA,91552.71744867833
2040,Agri02_OFC,DEB,54081.59405942136
2040,Agri02_OFC,DEC,32407.919387270835
2040,Agri02_OFC,DEE,67514.46439073898
2040,Agri02_OFC,DED,57741.529785208
2040,Agri02_OFC,DEF,31536.951980521088
2040,Agri02_OFC,DEG,25215.552218895256
2040,Agri03_No-till,DE1,0.0
2040,Agri03_No-till,DE2,0.0
2040,Agri03_No-till,DE3,0.0
2040,Agri03_No-till,DE4,0.0
2040,Agri03_No-till,DE5,0.0
2040,Agri03_No-till,DE6,0.0
2040,Agri03_No-till,DE7,0.0
2040,Agri03_No-till,DE8,0.0
2040,Agri03_No-till,DE9,0.0
2040,Agri03_No-till,DEA,0.0
2040,Agri03_No-till,DEB,0.0
2040,Agri03_No-till,DEC,0.0
2040,Agri03_No-till,DEE,0.0
2040,Agri03_No-till,DED,0.0
2040,Agri03_No-till,DEF,0.0
2040,Agri03_No-till,DEG,0.0
2040,Agri04_toGrassland,DE1,856.1860272906271
2040,Agri04_toGrassland,DE2,1371.0664556590773
2040,Agri04_toGrassland,DE3,420.87848430176297
2040,Agri04_toGrassland,DE4,825.000428091978
2040,Agri04_toGrassland,DE5,196.22425840186008
2040,Agri04_toGrassland,DE6,22.748886754924634
2040,Agri04_toGrassland,DE7,307.0695974968801
2040,Agri04_toGrassland,DE8,830.2298204173867
2040,Agri04_toGrassland,DE9,1200.6381218775207
2040,Agri04_toGrassland,DEA,871.069746841388
2040,Agri04_toGrassland,DEB,514.5542563772251
2040,Agri04_toGrassland,DEC,308.3421106768431
2040,Agri04_toGrassland,DEE,642.3600417752742
2040,Agri04_toGrassland,DED,549.3763717109817
2040,Agri04_toGrassland,DEF,300.05537294096007
2040,Agri04_toGrassland,DEG,239.9110075579299
2040,Agri05_Agroforestry,DE1,32529.210855653208
2040,Agri05_Agroforestry,DE2,38124.89249226127
2040,Agri05_Agroforestry,DE3,94.54500000000002
2040,Agri05_Agroforestry,DE4,33789.05905165191
2040,Agri05_Agroforestry,DE5,776.162
2040,Agri05_Agroforestry,DE6,628.319
2040,Agri05_Agroforestry,DE7,6753.37446763694
2040,Agri05_Agroforestry,DE8,31987.876236426666
2040,Agri05_Agroforestry,DE9,36013.445701351906
2040,Agri05_Agroforestry,DEA,32431.721474544116
2040,Agri05_Agroforestry,DEB,21505.344904403268
2040,Agri05_Agroforestry,DEC,3458.3510000000006
2040,Agri05_Agroforestry,DEE,17156.976000000002
2040,Agri05_Agroforestry,DED,19114.16
2040,Agri05_Agroforestry,DEF,3269.133805673959
2040,Agri05_Agroforestry,DEG,2615.4893818885753
2040,Agri06_Biochar,DE1,0.0
2040,Agri06_Biochar,DE2,0.0
2040,Agri06_Biochar,DE3,0.0
2040,Agri06_Biochar,DE4,0.0
2040,Agri06_Biochar,DE5,0.0
2040,Agri06_Biochar,DE6,0.0
2040,Agri06_Biochar,DE7,0.0
2040,Agri06_Biochar,DE8,0.0
2040,Agri06_Biochar,DE9,0.0
2040,Agri06_Biochar,DEA,0.0
2040,Agri06_Biochar,DEB,0.0
2040,Agri06_Biochar,DEC,0.0
2040,Agri06_Biochar,DEE,0.0
2040,Agri06_Biochar,DED,0.0
2040,Agri06_Biochar,DEF,0.0
2040,Agri06_Biochar,DEG,0.0
2041,Agri01_AGC,DE1,110851.06130000002
2041,Agri01_AGC,DE2,213056.84175140643
2041,Agri01_AGC,DE3,225.70310000000006
2041,Agri01_AGC,DE4,95578.27020000001
2041,Agri01_AGC,DE5,725.6578000000001
2041,Agri01_AGC,DE6,1191.9228999999998
2041,Agri01_AGC,DE7,47330.36018279285
2041,Agri01_AGC,DE8,105446.19399999997
2041,Agri01_AGC,DE9,187142.3222474391
2041,Agri01_AGC,DEA,115824.9057
2041,Agri01_AGC,DEB,57631.35280000002
2041,Agri01_AGC,DEC,6128.0422
2041,Agri01_AGC,DEE,88391.68239999999
2041,Agri01_AGC,DED,65775.87379999999
2041,Agri01_AGC,DEF,45527.88538680868
2041,Agri01_AGC,DEG,36402.437956166716
2041,Agri02_OFC,DE1,95753.15926629608
2041,Agri02_OFC,DE2,151188.93464665092
2041,Agri02_OFC,DE3,48884.78003701969
2041,Agri02_OFC,DE4,92641.24730112636
2041,Agri02_OFC,DE5,22770.57652765664
2041,Agri02_OFC,DE6,2602.810633668553
2041,Agri02_OFC,DE7,33586.46769404428
2041,Agri02_OFC,DE8,92918.67503377114
2041,Agri02_OFC,DE9,132799.52943686105
2041,Agri02_OFC,DEA,97315.79883776825
2041,Agri02_OFC,DEB,57846.77212988802
2041,Agri02_OFC,DEC,35614.311989474314
2041,Agri02_OFC,DEE,71664.77448552455
2041,Agri02_OFC,DED,61619.55085776476
2041,Agri02_OFC,DEF,32307.3994327666
2041,Agri02_OFC,DEG,25831.819189149897
2041,Agri03_No-till,DE1,0.0
2041,Agri03_No-till,DE2,0.0
2041,Agri03_No-till,DE3,0.0
2041,Agri03_No-till,DE4,0.0
2041,Agri03_No-till,DE5,0.0
2041,Agri03_No-till,DE6,0.0
2041,Agri03_No-till,DE7,0.0
2041,Agri03_No-till,DE8,0.0
2041,Agri03_No-till,DE9,0.0
2041,Agri03_No-till,DEA,0.0
2041,Agri03_No-till,DEB,0.0
2041,Agri03_No-till,DEC,0.0
2041,Agri03_No-till,DEE,0.0
2041,Agri03_No-till,DED,0.0
2041,Agri03_No-till,DEF,0.0
2041,Agri03_No-till,DEG,0.0
2041,Agri04_toGrassland,DE1,911.0344567119098
2041,Agri04_toGrassland,DE2,1438.4729443088588
2041,Agri04_toGrassland,DE3,465.1096565769758
2041,Agri04_toGrassland,DE4,881.4264620697779
2041,Agri04_toGrassland,DE5,216.64851556696925
2041,Agri04_toGrassland,DE6,24.764197753241767
2041,Agri04_toGrassland,DE7,319.55529804942944
2041,Agri04_toGrassland,DE8,884.0660222223983
2041,Agri04_toGrassland,DE9,1263.5086724986331
2041,Agri04_toGrassland,DEA,925.9020444128387
2041,Agri04_toGrassland,DEB,550.377690132675
2041,Agri04_toGrassland,DEC,338.84903248220786
2041,Agri04_toGrassland,DEE,681.8477780688987
2041,Agri04_toGrassland,DED,586.2734396304699
2041,Agri04_toGrassland,DEF,307.3857229937403
2041,Agri04_toGrassland,DEG,245.7744218696606
2041,Agri05_Agroforestry,DE1,35569.95689224403
2041,Agri05_Agroforestry,DE2,41302.118568769365
2041,Agri05_Agroforestry,DE3,94.54500000000002
2041,Agri05_Agroforestry,DE4,34235.052
2041,Agri05_Agroforestry,DE5,776.162
2041,Agri05_Agroforestry,DE6,628.319
2041,Agri05_Agroforestry,DE7,7248.664461778161
2041,Agri05_Agroforestry,DE8,32606.293
2041,Agri05_Agroforestry,DE9,39114.08664865861
2041,Agri05_Agroforestry,DEA,35445.00329436771
2041,Agri05_Agroforestry,DEB,23569.745813578866
2041,Agri05_Agroforestry,DEC,3458.3510000000006
2041,Agri05_Agroforestry,DEE,17156.976000000002
2041,Agri05_Agroforestry,DED,19114.16
2041,Agri05_Agroforestry,DEF,3349.657881891517
2041,Agri05_Agroforestry,DEG,2680.070911184538
2041,Agri06_Biochar,DE1,0.0
2041,Agri06_Biochar,DE2,0.0
2041,Agri06_Biochar,DE3,0.0
2041,Agri06_Biochar,DE4,0.0
2041,Agri06_Biochar,DE5,0.0
2041,Agri06_Biochar,DE6,0.0
2041,Agri06_Biochar,DE7,0.0
2041,Agri06_Biochar,DE8,0.0
2041,Agri06_Biochar,DE9,0.0
2041,Agri06_Biochar,DEA,0.0
2041,Agri06_Biochar,DEB,0.0
2041,Agri06_Biochar,DEC,0.0
2041,Agri06_Biochar,DEE,0.0
2041,Agri06_Biochar,DED,0.0
2041,Agri06_Biochar,DEF,0.0
2041,Agri06_Biochar,DEG,0.0
2042,Agri01_AGC,DE1,110851.06130000002
2042,Agri01_AGC,DE2,223024.45572986617
2042,Agri01_AGC,DE3,225.70310000000006
2042,Agri01_AGC,DE4,95578.27020000001
2042,Agri01_AGC,DE5,725.6578000000001
2042,Agri01_AGC,DE6,1191.9228999999998
2042,Agri01_AGC,DE7,49139.20438829846
2042,Agri01_AGC,DE8,105446.19399999997
2042,Agri01_AGC,DE9,196494.32313599973
2042,Agri01_AGC,DEA,115824.9057
2042,Agri01_AGC,DEB,57631.35280000002
2042,Agri01_AGC,DEC,6128.0422
2042,Agri01_AGC,DEE,88391.68239999999
2042,Agri01_AGC,DED,65775.87379999999
2042,Agri01_AGC,DEF,46505.37975722271
2042,Agri01_AGC,DEG,37184.38702449556
2042,Agri02_OFC,DE1,101638.44643933886
2042,Agri02_OFC,DE2,158262.13129212987
2042,Agri02_OFC,DE3,53765.74479800656
2042,Agri02_OFC,DE4,98723.7465139009
2042,Agri02_OFC,DE5,25023.47836165195
2042,Agri02_OFC,DE6,2823.414767275074
2042,Agri02_OFC,DE7,34870.05580191294
2042,Agri02_OFC,DE8,98700.4319143617
2042,Agri02_OFC,DE9,139435.87605466068
2042,Agri02_OFC,DEA,103191.77979987302
2042,Agri02_OFC,DEB,61713.00718773522
2042,Agri02_OFC,DEC,38971.7518900435
2042,Agri02_OFC,DEE,75888.85475890523
2042,Agri02_OFC,DED,65591.94760492118
2042,Agri02_OFC,DEF,33001.04687103302
2042,Agri02_OFC,DEG,26386.704193624526
2042,Agri03_No-till,DE1,0.0
2042,Agri03_No-till,DE2,0.0
2042,Agri03_No-till,DE3,0.0
2042,Agri03_No-till,DE4,0.0
2042,Agri03_No-till,DE5,0.0
2042,Agri03_No-till,DE6,0.0
2042,Agri03_No-till,DE7,0.0
2042,Agri03_No-till,DE8,0.0
2042,Agri03_No-till,DE9,0.0
2042,Agri03_No-till,DEA,0.0
2042,Agri03_No-till,DEB,0.0
2042,Agri03_No-till,DEC,0.0
2042,Agri03_No-till,DEE,0.0
2042,Agri03_No-till,DED,0.0
2042,Agri03_No-till,DEF,0.0
2042,Agri03_No-till,DEG,0.0
2042,Agri04_toGrassland,DE1,967.029469757645
2042,Agri04_toGrassland,DE2,1505.7702106602428
2042,Agri04_toGrassland,DE3,511.5491381912481
2042,Agri04_toGrassland,DE4,939.2978305783589
2042,Agri04_toGrassland,DE5,238.08353885065137
2042,Agri04_toGrassland,DE6,26.863115100184704
2042,Agri04_toGrassland,DE7,331.7678767617603
2042,Agri04_toGrassland,DE8,939.0760060068519
2042,Agri04_toGrassland,DE9,1326.6495702175775
2042,Agri04_toGrassland,DEA,981.8085143870875
2042,Agri04_toGrassland,DEB,587.1626211201808
2042,Agri04_toGrassland,DEC,370.79307964676525
2042,Agri04_toGrassland,DEE,722.0373938106052
2042,Agri04_toGrassland,DED,624.0684360579522
2042,Agri04_toGrassland,DEF,313.9853665137331
2042,Agri04_toGrassland,DEG,251.05382322270887
2042,Agri05_Agroforestry,DE1,38745.39678538801
2042,Agri05_Agroforestry,DE2,44600.39049783889
2042,Agri05_Agroforestry,DE3,94.54500000000002
2042,Agri05_Agroforestry,DE4,34235.052
2042,Agri05_Agroforestry,DE5,776.162
2042,Agri05_Agroforestry,DE6,628.319
2042,Agri05_Agroforestry,DE7,7758.966005515515
2042,Agri05_Agroforestry,DE8,32606.293
2042,Agri05_Agroforestry,DE9,42338.53413522618
2042,Agri05_Agroforestry,DEA,38590.827566200474
2042,Agri05_Agroforestry,DEB,24825.059
2042,Agri05_Agroforestry,DEC,3458.3510000000006
2042,Agri05_Agroforestry,DEE,17156.976000000002
2042,Agri05_Agroforestry,DED,19114.16
2042,Agri05_Agroforestry,DEF,3422.283613912299
2042,Agri05_Agroforestry,DEG,2738.3483509758853
2042,Agri06_Biochar,DE1,0.0
2042,Agri06_Biochar,DE2,0.0
2042,Agri06_Biochar,DE3,0.0
2042,Agri06_Biochar,DE4,0.0
2042,Agri06_Biochar,DE5,0.0
2042,Agri06_Biochar,DE6,0.0
2042,Agri06_Biochar,DE7,0.0
2042,Agri06_Biochar,DE8,0.0
2042,Agri06_Biochar,DE9,0.0
2042,Agri06_Biochar,DEA,0.0
2042,Agri06_Biochar,DEB,0.0
2042,Agri06_Biochar,DEC,0.0
2042,Agri06_Biochar,DEE,0.0
2042,Agri06_Biochar,DED,0.0
2042,Agri06_Biochar,DEF,0.0
2042,Agri06_Biochar,DEG,0.0
2043,Agri01_AGC,DE1,110851.06130000002
2043,Agri01_AGC,DE2,232975.89244337459
2043,Agri01_AGC,DE3,225.70310000000006
2043,Agri01_AGC,DE4,95578.27020000001
2043,Agri01_AGC,DE5,725.6578000000001
2043,Agri01_AGC,DE6,1191.9228999999998
2043,Agri01_AGC,DE7,50907.595641998116
2043,Agri01_AGC,DE8,105446.19399999997
2043,Agri01_AGC,DE9,199578.61070000002
2043,Agri01_AGC,DEA,115824.9057
2043,Agri01_AGC,DEB,57631.35280000002
2043,Agri01_AGC,DEC,6128.0422
2043,Agri01_AGC,DEE,88391.68239999999
2043,Agri01_AGC,DED,65775.87379999999
2043,Agri01_AGC,DEF,47374.646839289926
2043,Agri01_AGC,DEG,37879.83606026484
2043,Agri02_OFC,DE1,107644.24387804227
2043,Agri02_OFC,DE2,165323.84826188764
2043,Agri02_OFC,DE3,58878.81120377137
2043,Agri02_OFC,DE4,104958.15583995309
2043,Agri02_OFC,DE5,27382.615528921044
2043,Agri02_OFC,DE6,3052.806243617822
2043,Agri02_OFC,DE7,36124.937773726175
2043,Agri02_OFC,DE8,104605.55771035759
2043,Agri02_OFC,DE9,146100.6371726202
2043,Agri02_OFC,DEA,109180.66033499266
2043,Agri02_OFC,DEB,65680.29923296295
2043,Agri02_OFC,DEC,42480.2390889784
2043,Agri02_OFC,DEE,80186.70521088102
2043,Agri02_OFC,DED,69658.72002667726
2043,Agri02_OFC,DEF,33617.89429532033
2043,Agri02_OFC,DEG,26880.207232319142
2043,Agri03_No-till,DE1,0.0
2043,Agri03_No-till,DE2,0.0
2043,Agri03_No-till,DE3,0.0
2043,Agri03_No-till,DE4,0.0
2043,Agri03_No-till,DE5,0.0
2043,Agri03_No-till,DE6,0.0
2043,Agri03_No-till,DE7,0.0
2043,Agri03_No-till,DE8,0.0
2043,Agri03_No-till,DE9,0.0
2043,Agri03_No-till,DEA,0.0
2043,Agri03_No-till,DEB,0.0
2043,Agri03_No-till,DEC,0.0
2043,Agri03_No-till,DEE,0.0
2043,Agri03_No-till,DED,0.0
2043,Agri03_No-till,DEF,0.0
2043,Agri03_No-till,DEG,0.0
2043,Agri04_toGrassland,DE1,1024.1710664278326
2043,Agri04_toGrassland,DE2,1572.9582547132295
2043,Agri04_toGrassland,DE3,560.1969291445799
2043,Agri04_toGrassland,DE4,998.6145336177209
2043,Agri04_toGrassland,DE5,260.52932825290645
2043,Agri04_toGrassland,DE6,29.04563879575344
2043,Agri04_toGrassland,DE7,343.7073336338726
2043,Agri04_toGrassland,DE8,995.2597717707478
2043,Agri04_toGrassland,DE9,1390.060815034354
2043,Agri04_toGrassland,DEA,1038.7891567641345
2043,Agri04_toGrassland,DEB,624.9090493397428
2043,Agri04_toGrassland,DEC,404.1742521705153
2043,Agri04_toGrassland,DEE,762.9288890003936
2043,Agri04_toGrassland,DED,662.7613609934288
2043,Agri04_toGrassland,DEF,319.8543035009385
2043,Agri04_toGrassland,DEG,255.74921161707468
2043,Agri05_Agroforestry,DE1,42055.53053508514
2043,Agri05_Agroforestry,DE2,48019.70827946984
2043,Agri05_Agroforestry,DE3,94.54500000000002
2043,Agri05_Agroforestry,DE4,34235.052
2043,Agri05_Agroforestry,DE5,776.162
2043,Agri05_Agroforestry,DE6,628.319
2043,Agri05_Agroforestry,DE7,8284.279098848998
2043,Agri05_Agroforestry,DE8,32606.293
2043,Agri05_Agroforestry,DE9,45686.788161054625
2043,Agri05_Agroforestry,DEA,41869.19429004242
2043,Agri05_Agroforestry,DEB,24825.059
2043,Agri05_Agroforestry,DEC,3458.3510000000006
2043,Agri05_Agroforestry,DEE,17156.976000000002
2043,Agri05_Agroforestry,DED,19114.16
2043,Agri05_Agroforestry,DEF,3487.0110017363063
2043,Agri05_Agroforestry,DEG,2790.3217012626164
2043,Agri06_Biochar,DE1,0.0
2043,Agri06_Biochar,DE2,0.0
2043,Agri06_Biochar,DE3,0.0
2043,Agri06_Biochar,DE4,0.0
2043,Agri06_Biochar,DE5,0.0
2043,Agri06_Biochar,DE6,0.0
2043,Agri06_Biochar,DE7,0.0
2043,Agri06_Biochar,DE8,0.0
2043,Agri06_Biochar,DE9,0.0
2043,Agri06_Biochar,DEA,0.0
2043,Agri06_Biochar,DEB,0.0
2043,Agri06_Biochar,DEC,0.0
2043,Agri06_Biochar,DEE,0.0
2043,Agri06_Biochar,DED,0.0
2043,Agri06_Biochar,DEF,0.0
2043,Agri06_Biochar,DEG,0.0
2044,Agri01_AGC,DE1,110851.06130000002
2044,Agri01_AGC,DE2,241698.3961
2044,Agri01_AGC,DE3,225.70310000000006
2044,Agri01_AGC,DE4,95578.27020000001
2044,Agri01_AGC,DE5,725.6578000000001
2044,Agri01_AGC,DE6,1191.9228999999998
2044,Agri01_AGC,DE7,52635.533943891816
2044,Agri01_AGC,DE8,105446.19399999997
2044,Agri01_AGC,DE9,199578.61070000002
2044,Agri01_AGC,DEA,115824.9057
2044,Agri01_AGC,DEB,57631.35280000002
2044,Agri01_AGC,DEC,6128.0422
2044,Agri01_AGC,DEE,88391.68239999999
2044,Agri01_AGC,DED,65775.87379999999
2044,Agri01_AGC,DEF,48135.68663301033
2044,Agri01_AGC,DEG,38488.78506347454
2044,Agri02_OFC,DE1,113770.55158240629
2044,Agri02_OFC,DE2,172374.08555592425
2044,Agri02_OFC,DE3,64223.97925431412
2044,Agri02_OFC,DE4,111344.47527928294
2044,Agri02_OFC,DE5,29847.988029463926
2044,Agri02_OFC,DE6,3290.985062696797
2044,Agri02_OFC,DE7,37351.11360948399
2044,Agri02_OFC,DE8,110634.0524217588
2044,Agri02_OFC,DE9,152793.81279073955
2044,Agri02_OFC,DEA,115282.44044312715
2044,Agri02_OFC,DEB,69748.64826557122
2044,Agri02_OFC,DEC,46139.77358627901
2044,Agri02_OFC,DEE,84558.32584145191
2044,Agri02_OFC,DED,73819.86812303298
2044,Agri02_OFC,DEF,34157.941705628546
2044,Agri02_OFC,DEG,27312.328305233747
2044,Agri03_No-till,DE1,0.0
2044,Agri03_No-till,DE2,0.0
2044,Agri03_No-till,DE3,0.0
2044,Agri03_No-till,DE4,0.0
2044,Agri03_No-till,DE5,0.0
2044,Agri03_No-till,DE6,0.0
2044,Agri03_No-till,DE7,0.0
2044,Agri03_No-till,DE8,0.0
2044,Agri03_No-till,DE9,0.0
2044,Agri03_No-till,DEA,0.0
2044,Agri03_No-till,DEB,0.0
2044,Agri03_No-till,DEC,0.0
2044,Agri03_No-till,DEE,0.0
2044,Agri03_No-till,DED,0.0
2044,Agri03_No-till,DEF,0.0
2044,Agri03_No-till,DEG,0.0
2044,Agri04_toGrassland,DE1,1024.1710664278326
2044,Agri04_toGrassland,DE2,1572.9582547132295
2044,Agri04_toGrassland,DE3,560.1969291445799
2044,Agri04_toGrassland,DE4,998.6145336177209
2044,Agri04_toGrassland,DE5,260.52932825290645
2044,Agri04_toGrassland,DE6,29.04563879575344
2044,Agri04_toGrassland,DE7,343.7073336338726
2044,Agri04_toGrassland,DE8,995.2597717707478
2044,Agri04_toGrassland,DE9,1390.060815034354
2044,Agri04_toGrassland,DEA,1038.7891567641345
2044,Agri04_toGrassland,DEB,624.9090493397428
2044,Agri04_toGrassland,DEC,404.1742521705153
2044,Agri04_toGrassland,DEE,762.9288890003936
2044,Agri04_toGrassland,DED,662.7613609934288
2044,Agri04_toGrassland,DEF,319.8543035009385
2044,Agri04_toGrassland,DEG,255.74921161707468
2044,Agri05_Agroforestry,DE1,45500.35814133543
2044,Agri05_Agroforestry,DE2,51560.07191366223
2044,Agri05_Agroforestry,DE3,94.54500000000002
2044,Agri05_Agroforestry,DE4,34235.052
2044,Agri05_Agroforestry,DE5,776.162
2044,Agri05_Agroforestry,DE6,628.319
2044,Agri05_Agroforestry,DE7,8824.603741778612
2044,Agri05_Agroforestry,DE8,32606.293
2044,Agri05_Agroforestry,DE9,49158.84872614393
2044,Agri05_Agroforestry,DEA,42247.642
2044,Agri05_Agroforestry,DEB,24825.059
2044,Agri05_Agroforestry,DEC,3458.3510000000006
2044,Agri05_Agroforestry,DEE,17156.976000000002
2044,Agri05_Agroforestry,DED,19114.16
2044,Agri05_Agroforestry,DEF,3543.840045363538
2044,Agri05_Agroforestry,DEG,2835.990962044732
2044,Agri06_Biochar,DE1,0.0
2044,Agri06_Biochar,DE2,0.0
2044,Agri06_Biochar,DE3,0.0
2044,Agri06_Biochar,DE4,0.0
2044,Agri06_Biochar,DE5,0.0
2044,Agri06_Biochar,DE6,0.0
2044,Agri06_Biochar,DE7,0.0
2044,Agri06_Biochar,DE8,0.0
2044,Agri06_Biochar,DE9,0.0
2044,Agri06_Biochar,DEA,0.0
2044,Agri06_Biochar,DEB,0.0
2044,Agri06_Biochar,DEC,0.0
2044,Agri06_Biochar,DEE,0.0
2044,Agri06_Biochar,DED,0.0
2044,Agri06_Biochar,DEF,0.0
2044,Agri06_Biochar,DEG,0.0
2045,Agri01_AGC,DE1,110851.06130000002
2045,Agri01_AGC,DE2,241698.3961
2045,Agri01_AGC,DE3,225.70310000000006
2045,Agri01_AGC,DE4,95578.27020000001
2045,Agri01_AGC,DE5,725.6578000000001
2045,Agri01_AGC,DE6,1191.9228999999998
2045,Agri01_AGC,DE7,52635.533943891816
2045,Agri01_AGC,DE8,105446.19399999997
2045,Agri01_AGC,DE9,199578.61070000002
2045,Agri01_AGC,DEA,115824.9057
2045,Agri01_AGC,DEB,57631.35280000002
2045,Agri01_AGC,DEC,6128.0422
2045,Agri01_AGC,DEE,88391.68239999999
2045,Agri01_AGC,DED,65775.87379999999
2045,Agri01_AGC,DEF,48135.68663301033
2045,Agri01_AGC,DEG,38488.78506347454
2045,Agri02_OFC,DE1,113770.55158240629
2045,Agri02_OFC,DE2,172374.08555592425
2045,Agri02_OFC,DE3,64223.97925431412
2045,Agri02_OFC,DE4,111344.47527928294
2045,Agri02_OFC,DE5,29847.988029463926
2045,Agri02_OFC,DE6,3290.985062696797
2045,Agri02_OFC,DE7,37351.11360948399
2045,Agri02_OFC,DE8,110634.0524217588
2045,Agri02_OFC,DE9,152793.81279073955
2045,Agri02_OFC,DEA,115282.44044312715
2045,Agri02_OFC,DEB,69748.64826557122
2045,Agri02_OFC,DEC,46139.77358627901
2045,Agri02_OFC,DEE,84558.32584145191
2045,Agri02_OFC,DED,73819.86812303298
2045,Agri02_OFC,DEF,34157.941705628546
2045,Agri02_OFC,DEG,27312.328305233747
2045,Agri03_No-till,DE1,0.0
2045,Agri03_No-till,DE2,0.0
2045,Agri03_No-till,DE3,0.0
2045,Agri03_No-till,DE4,0.0
2045,Agri03_No-till,DE5,0.0
2045,Agri03_No-till,DE6,0.0
2045,Agri03_No-till,DE7,0.0
2045,Agri03_No-till,DE8,0.0
2045,Agri03_No-till,DE9,0.0
2045,Agri03_No-till,DEA,0.0
2045,Agri03_No-till,DEB,0.0
2045,Agri03_No-till,DEC,0.0
2045,Agri03_No-till,DEE,0.0
2045,Agri03_No-till,DED,0.0
2045,Agri03_No-till,DEF,0.0
2045,Agri03_No-till,DEG,0.0
2045,Agri04_toGrassland,DE1,1024.1710664278326
2045,Agri04_toGrassland,DE2,1572.9582547132295
2045,Agri04_toGrassland,DE3,560.1969291445799
2045,Agri04_toGrassland,DE4,998.6145336177209
2045,Agri04_toGrassland,DE5,260.52932825290645
2045,Agri04_toGrassland,DE6,29.04563879575344
2045,Agri04_toGrassland,DE7,343.7073336338726
2045,Agri04_toGrassland,DE8,995.2597717707478
2045,Agri04_toGrassland,DE9,1390.060815034354
2045,Agri04_toGrassland,DEA,1038.7891567641345
2045,Agri04_toGrassland,DEB,624.9090493397428
2045,Agri04_toGrassland,DEC,404.1742521705153
2045,Agri04_toGrassland,DEE,762.9288890003936
2045,Agri04_toGrassland,DED,662.7613609934288
2045,Agri04_toGrassland,DEF,319.8543035009385
2045,Agri04_toGrassland,DEG,255.74921161707468
2045,Agri05_Agroforestry,DE1,45500.35814133543
2045,Agri05_Agroforestry,DE2,51560.07191366223
2045,Agri05_Agroforestry,DE3,94.54500000000002
2045,Agri05_Agroforestry,DE4,34235.052
2045,Agri05_Agroforestry,DE5,776.162
2045,Agri05_Agroforestry,DE6,628.319
2045,Agri05_Agroforestry,DE7,8824.603741778612
2045,Agri05_Agroforestry,DE8,32606.293
2045,Agri05_Agroforestry,DE9,49158.84872614393
2045,Agri05_Agroforestry,DEA,42247.642
2045,Agri05_Agroforestry,DEB,24825.059
2045,Agri05_Agroforestry,DEC,3458.3510000000006
2045,Agri05_Agroforestry,DEE,17156.976000000002
2045,Agri05_Agroforestry,DED,19114.16
2045,Agri05_Agroforestry,DEF,3543.840045363538
2045,Agri05_Agroforestry,DEG,2835.990962044732
2045,Agri06_Biochar,DE1,0.0
2045,Agri06_Biochar,DE2,0.0
2045,Agri06_Biochar,DE3,0.0
2045,Agri06_Biochar,DE4,0.0
2045,Agri06_Biochar,DE5,0.0
2045,Agri06_Biochar,DE6,0.0
2045,Agri06_Biochar,DE7,0.0
2045,Agri06_Biochar,DE8,0.0
2045,Agri06_Biochar,DE9,0.0
2045,Agri06_Biochar,DEA,0.0
2045,Agri06_Biochar,DEB,0.0
2045,Agri06_Biochar,DEC,0.0
2045,Agri06_Biochar,DEE,0.0
2045,Agri06_Biochar,DED,0.0
2045,Agri06_Biochar,DEF,0.0
2045,Agri06_Biochar,DEG,0.0
2046,Agri01_AGC,DE1,110851.06130000002
2046,Agri01_AGC,DE2,241698.3961
2046,Agri01_AGC,DE3,225.70310000000006
2046,Agri01_AGC,DE4,95578.27020000001
2046,Agri01_AGC,DE5,725.6578000000001
2046,Agri01_AGC,DE6,1191.9228999999998
2046,Agri01_AGC,DE7,52635.533943891816
2046,Agri01_AGC,DE8,105446.19399999997
2046,Agri01_AGC,DE9,199578.61070000002
2046,Agri01_AGC,DEA,115824.9057
2046,Agri01_AGC,DEB,57631.35280000002
2046,Agri01_AGC,DEC,6128.0422
2046,Agri01_AGC,DEE,88391.68239999999
2046,Agri01_AGC,DED,65775.87379999999
2046,Agri01_AGC,DEF,48135.68663301033
2046,Agri01_AGC,DEG,38488.78506347454
2046,Agri02_OFC,DE1,113770.55158240629
2046,Agri02_OFC,DE2,172374.08555592425
2046,Agri02_OFC,DE3,64223.97925431412
2046,Agri02_OFC,DE4,111344.47527928294
2046,Agri02_OFC,DE5,29847.988029463926
2046,Agri02_OFC,DE6,3290.985062696797
2046,Agri02_OFC,DE7,37351.11360948399
2046,Agri02_OFC,DE8,110634.0524217588
2046,Agri02_OFC,DE9,152793.81279073955
2046,Agri02_OFC,DEA,115282.44044312715
2046,Agri02_OFC,DEB,69748.64826557122
2046,Agri02_OFC,DEC,46139.77358627901
2046,Agri02_OFC,DEE,84558.32584145191
2046,Agri02_OFC,DED,73819.86812303298
2046,Agri02_OFC,DEF,34157.941705628546
2046,Agri02_OFC,DEG,27312.328305233747
2046,Agri03_No-till,DE1,0.0
2046,Agri03_No-till,DE2,0.0
2046,Agri03_No-till,DE3,0.0
2046,Agri03_No-till,DE4,0.0
2046,Agri03_No-till,DE5,0.0
2046,Agri03_No-till,DE6,0.0
2046,Agri03_No-till,DE7,0.0
2046,Agri03_No-till,DE8,0.0
2046,Agri03_No-till,DE9,0.0
2046,Agri03_No-till,DEA,0.0
2046,Agri03_No-till,DEB,0.0
2046,Agri03_No-till,DEC,0.0
2046,Agri03_No-till,DEE,0.0
2046,Agri03_No-till,DED,0.0
2046,Agri03_No-till,DEF,0.0
2046,Agri03_No-till,DEG,0.0
2046,Agri04_toGrassland,DE1,1024.1710664278326
2046,Agri04_toGrassland,DE2,1572.9582547132295
2046,Agri04_toGrassland,DE3,560.1969291445799
2046,Agri04_toGrassland,DE4,998.6145336177209
2046,Agri04_toGrassland,DE5,260.52932825290645
2046,Agri04_toGrassland,DE6,29.04563879575344
2046,Agri04_toGrassland,DE7,343.7073336338726
2046,Agri04_toGrassland,DE8,995.2597717707478
2046,Agri04_toGrassland,DE9,1390.060815034354
2046,Agri04_toGrassland,DEA,1038.7891567641345
2046,Agri04_toGrassland,DEB,624.9090493397428
2046,Agri04_toGrassland,DEC,404.1742521705153
2046,Agri04_toGrassland,DEE,762.9288890003936
2046,Agri04_toGrassland,DED,662.7613609934288
2046,Agri04_toGrassland,DEF,319.8543035009385
2046,Agri04_toGrassland,DEG,255.74921161707468
2046,Agri05_Agroforestry,DE1,45500.35814133543
2046,Agri05_Agroforestry,DE2,51560.07191366223
2046,Agri05_Agroforestry,DE3,94.54500000000002
2046,Agri05_Agroforestry,DE4,34235.052
2046,Agri05_Agroforestry,DE5,776.162
2046,Agri05_Agroforestry,DE6,628.319
2046,Agri05_Agroforestry,DE7,8824.603741778612
2046,Agri05_Agroforestry,DE8,32606.293
2046,Agri05_Agroforestry,DE9,49158.84872614393
2046,Agri05_Agroforestry,DEA,42247.642
2046,Agri05_Agroforestry,DEB,24825.059
2046,Agri05_Agroforestry,DEC,3458.3510000000006
2046,Agri05_Agroforestry,DEE,17156.976000000002
2046,Agri05_Agroforestry,DED,19114.16
2046,Agri05_Agroforestry,DEF,3543.840045363538
2046,Agri05_Agroforestry,DEG,2835.990962044732
2046,Agri06_Biochar,DE1,0.0
2046,Agri06_Biochar,DE2,0.0
2046,Agri06_Biochar,DE3,0.0
2046,Agri06_Biochar,DE4,0.0
2046,Agri06_Biochar,DE5,0.0
2046,Agri06_Biochar,DE6,0.0
2046,Agri06_Biochar,DE7,0.0
2046,Agri06_Biochar,DE8,0.0
2046,Agri06_Biochar,DE9,0.0
2046,Agri06_Biochar,DEA,0.0
2046,Agri06_Biochar,DEB,0.0
2046,Agri06_Biochar,DEC,0.0
2046,Agri06_Biochar,DEE,0.0
2046,Agri06_Biochar,DED,0.0
2046,Agri06_Biochar,DEF,0.0
2046,Agri06_Biochar,DEG,0.0
2047,Agri01_AGC,DE1,110851.06130000002
2047,Agri01_AGC,DE2,241698.3961
2047,Agri01_AGC,DE3,225.70310000000006
2047,Agri01_AGC,DE4,95578.27020000001
2047,Agri01_AGC,DE5,725.6578000000001
2047,Agri01_AGC,DE6,1191.9228999999998
2047,Agri01_AGC,DE7,52635.533943891816
2047,Agri01_AGC,DE8,105446.19399999997
2047,Agri01_AGC,DE9,199578.61070000002
2047,Agri01_AGC,DEA,115824.9057
2047,Agri01_AGC,DEB,57631.35280000002
2047,Agri01_AGC,DEC,6128.0422
2047,Agri01_AGC,DEE,88391.68239999999
2047,Agri01_AGC,DED,65775.87379999999
2047,Agri01_AGC,DEF,48135.68663301033
2047,Agri01_AGC,DEG,38488.78506347454
2047,Agri02_OFC,DE1,113770.55158240629
2047,Agri02_OFC,DE2,172374.08555592425
2047,Agri02_OFC,DE3,64223.97925431412
2047,Agri02_OFC,DE4,111344.47527928294
2047,Agri02_OFC,DE5,29847.988029463926
2047,Agri02_OFC,DE6,3290.985062696797
2047,Agri02_OFC,DE7,37351.11360948399
2047,Agri02_OFC,DE8,110634.0524217588
2047,Agri02_OFC,DE9,152793.81279073955
2047,Agri02_OFC,DEA,115282.44044312715
2047,Agri02_OFC,DEB,69748.64826557122
2047,Agri02_OFC,DEC,46139.77358627901
2047,Agri02_OFC,DEE,84558.32584145191
2047,Agri02_OFC,DED,73819.86812303298
2047,Agri02_OFC,DEF,34157.941705628546
2047,Agri02_OFC,DEG,27312.328305233747
2047,Agri03_No-till,DE1,0.0
2047,Agri03_No-till,DE2,0.0
2047,Agri03_No-till,DE3,0.0
2047,Agri03_No-till,DE4,0.0
2047,Agri03_No-till,DE5,0.0
2047,Agri03_No-till,DE6,0.0
2047,Agri03_No-till,DE7,0.0
2047,Agri03_No-till,DE8,0.0
2047,Agri03_No-till,DE9,0.0
2047,Agri03_No-till,DEA,0.0
2047,Agri03_No-till,DEB,0.0
2047,Agri03_No-till,DEC,0.0
2047,Agri03_No-till,DEE,0.0
2047,Agri03_No-till,DED,0.0
2047,Agri03_No-till,DEF,0.0
2047,Agri03_No-till,DEG,0.0
2047,Agri04_toGrassland,DE1,1024.1710664278326
2047,Agri04_toGrassland,DE2,1572.9582547132295
2047,Agri04_toGrassland,DE3,560.1969291445799
2047,Agri04_toGrassland,DE4,998.6145336177209
2047,Agri04_toGrassland,DE5,260.52932825290645
2047,Agri04_toGrassland,DE6,29.04563879575344
2047,Agri04_toGrassland,DE7,343.7073336338726
2047,Agri04_toGrassland,DE8,995.2597717707478
2047,Agri04_toGrassland,DE9,1390.060815034354
2047,Agri04_toGrassland,DEA,1038.7891567641345
2047,Agri04_toGrassland,DEB,624.9090493397428
2047,Agri04_toGrassland,DEC,404.1742521705153
2047,Agri04_toGrassland,DEE,762.9288890003936
2047,Agri04_toGrassland,DED,662.7613609934288
2047,Agri04_toGrassland,DEF,319.8543035009385
2047,Agri04_toGrassland,DEG,255.74921161707468
2047,Agri05_Agroforestry,DE1,45500.35814133543
2047,Agri05_Agroforestry,DE2,51560.07191366223
2047,Agri05_Agroforestry,DE3,94.54500000000002
2047,Agri05_Agroforestry,DE4,34235.052
2047,Agri05_Agroforestry,DE5,776.162
2047,Agri05_Agroforestry,DE6,628.319
2047,Agri05_Agroforestry,DE7,8824.603741778612
2047,Agri05_Agroforestry,DE8,32606.293
2047,Agri05_Agroforestry,DE9,49158.84872614393
2047,Agri05_Agroforestry,DEA,42247.642
2047,Agri05_Agroforestry,DEB,24825.059
2047,Agri05_Agroforestry,DEC,3458.3510000000006
2047,Agri05_Agroforestry,DEE,17156.976000000002
2047,Agri05_Agroforestry,DED,19114.16
2047,Agri05_Agroforestry,DEF,3543.840045363538
2047,Agri05_Agroforestry,DEG,2835.990962044732
2047,Agri06_Biochar,DE1,0.0
2047,Agri06_Biochar,DE2,0.0
2047,Agri06_Biochar,DE3,0.0
2047,Agri06_Biochar,DE4,0.0
2047,Agri06_Biochar,DE5,0.0
2047,Agri06_Biochar,DE6,0.0
2047,Agri06_Biochar,DE7,0.0
2047,Agri06_Biochar,DE8,0.0
2047,Agri06_Biochar,DE9,0.0
2047,Agri06_Biochar,DEA,0.0
2047,Agri06_Biochar,DEB,0.0
2047,Agri06_Biochar,DEC,0.0
2047,Agri06_Biochar,DEE,0.0
2047,Agri06_Biochar,DED,0.0
2047,Agri06_Biochar,DEF,0.0
2047,Agri06_Biochar,DEG,0.0
2048,Agri01_AGC,DE1,110851.06130000002
2048,Agri01_AGC,DE2,241698.3961
2048,Agri01_AGC,DE3,225.70310000000006
2048,Agri01_AGC,DE4,95578.27020000001
2048,Agri01_AGC,DE5,725.6578000000001
2048,Agri01_AGC,DE6,1191.9228999999998
2048,Agri01_AGC,DE7,52635.533943891816
2048,Agri01_AGC,DE8,105446.19399999997
2048,Agri01_AGC,DE9,199578.61070000002
2048,Agri01_AGC,DEA,115824.9057
2048,Agri01_AGC,DEB,57631.35280000002
2048,Agri01_AGC,DEC,6128.0422
2048,Agri01_AGC,DEE,88391.68239999999
2048,Agri01_AGC,DED,65775.87379999999
2048,Agri01_AGC,DEF,48135.68663301033
2048,Agri01_AGC,DEG,38488.78506347454
2048,Agri02_OFC,DE1,113770.55158240629
2048,Agri02_OFC,DE2,172374.08555592425
2048,Agri02_OFC,DE3,64223.97925431412
2048,Agri02_OFC,DE4,111344.47527928294
2048,Agri02_OFC,DE5,29847.988029463926
2048,Agri02_OFC,DE6,3290.985062696797
2048,Agri02_OFC,DE7,37351.11360948399
2048,Agri02_OFC,DE8,110634.0524217588
2048,Agri02_OFC,DE9,152793.81279073955
2048,Agri02_OFC,DEA,115282.44044312715
2048,Agri02_OFC,DEB,69748.64826557122
2048,Agri02_OFC,DEC,46139.77358627901
2048,Agri02_OFC,DEE,84558.32584145191
2048,Agri02_OFC,DED,73819.86812303298
2048,Agri02_OFC,DEF,34157.941705628546
2048,Agri02_OFC,DEG,27312.328305233747
2048,Agri03_No-till,DE1,0.0
2048,Agri03_No-till,DE2,0.0
2048,Agri03_No-till,DE3,0.0
2048,Agri03_No-till,DE4,0.0
2048,Agri03_No-till,DE5,0.0
2048,Agri03_No-till,DE6,0.0
2048,Agri03_No-till,DE7,0.0
2048,Agri03_No-till,DE8,0.0
2048,Agri03_No-till,DE9,0.0
2048,Agri03_No-till,DEA,0.0
2048,Agri03_No-till,DEB,0.0
2048,Agri03_No-till,DEC,0.0
2048,Agri03_No-till,DEE,0.0
2048,Agri03_No-till,DED,0.0
2048,Agri03_No-till,DEF,0.0
2048,Agri03_No-till,DEG,0.0
2048,Agri04_toGrassland,DE1,1024.1710664278326
2048,Agri04_toGrassland,DE2,1572.9582547132295
2048,Agri04_toGrassland,DE3,560.1969291445799
2048,Agri04_toGrassland,DE4,998.6145336177209
2048,Agri04_toGrassland,DE5,260.52932825290645
2048,Agri04_toGrassland,DE6,29.04563879575344
2048,Agri04_toGrassland,DE7,343.7073336338726
2048,Agri04_toGrassland,DE8,995.2597717707478
2048,Agri04_toGrassland,DE9,1390.060815034354
2048,Agri04_toGrassland,DEA,1038.7891567641345
2048,Agri04_toGrassland,DEB,624.9090493397428
2048,Agri04_toGrassland,DEC,404.1742521705153
2048,Agri04_toGrassland,DEE,762.9288890003936
2048,Agri04_toGrassland,DED,662.7613609934288
2048,Agri04_toGrassland,DEF,319.8543035009385
2048,Agri04_toGrassland,DEG,255.74921161707468
2048,Agri05_Agroforestry,DE1,45500.35814133543
2048,Agri05_Agroforestry,DE2,51560.07191366223
2048,Agri05_Agroforestry,DE3,94.54500000000002
2048,Agri05_Agroforestry,DE4,34235.052
2048,Agri05_Agroforestry,DE5,776.162
2048,Agri05_Agroforestry,DE6,628.319
2048,Agri05_Agroforestry,DE7,8824.603741778612
2048,Agri05_Agroforestry,DE8,32606.293
2048,Agri05_Agroforestry,DE9,49158.84872614393
2048,Agri05_Agroforestry,DEA,42247.642
2048,Agri05_Agroforestry,DEB,24825.059
2048,Agri05_Agroforestry,DEC,3458.3510000000006
2048,Agri05_Agroforestry,DEE,17156.976000000002
2048,Agri05_Agroforestry,DED,19114.16
2048,Agri05_Agroforestry,DEF,3543.840045363538
2048,Agri05_Agroforestry,DEG,2835.990962044732
2048,Agri06_Biochar,DE1,0.0
2048,Agri06_Biochar,DE2,0.0
2048,Agri06_Biochar,DE3,0.0
2048,Agri06_Biochar,DE4,0.0
2048,Agri06_Biochar,DE5,0.0
2048,Agri06_Biochar,DE6,0.0
2048,Agri06_Biochar,DE7,0.0
2048,Agri06_Biochar,DE8,0.0
2048,Agri06_Biochar,DE9,0.0
2048,Agri06_Biochar,DEA,0.0
2048,Agri06_Biochar,DEB,0.0
2048,Agri06_Biochar,DEC,0.0
2048,Agri06_Biochar,DEE,0.0
2048,Agri06_Biochar,DED,0.0
2048,Agri06_Biochar,DEF,0.0
2048,Agri06_Biochar,DEG,0.0
2049,Agri01_AGC,DE1,110851.06130000002
2049,Agri01_AGC,DE2,241698.3961
2049,Agri01_AGC,DE3,225.70310000000006
2049,Agri01_AGC,DE4,95578.27020000001
2049,Agri01_AGC,DE5,725.6578000000001
2049,Agri01_AGC,DE6,1191.9228999999998
2049,Agri01_AGC,DE7,52635.533943891816
2049,Agri01_AGC,DE8,105446.19399999997
2049,Agri01_AGC,DE9,199578.61070000002
2049,Agri01_AGC,DEA,115824.9057
2049,Agri01_AGC,DEB,57631.35280000002
2049,Agri01_AGC,DEC,6128.0422
2049,Agri01_AGC,DEE,88391.68239999999
2049,Agri01_AGC,DED,65775.87379999999
2049,Agri01_AGC,DEF,48135.68663301033
2049,Agri01_AGC,DEG,38488.78506347454
2049,Agri02_OFC,DE1,113770.55158240629
2049,Agri02_OFC,DE2,172374.08555592425
2049,Agri02_OFC,DE3,64223.97925431412
2049,Agri02_OFC,DE4,111344.47527928294
2049,Agri02_OFC,DE5,29847.988029463926
2049,Agri02_OFC,DE6,3290.985062696797
2049,Agri02_OFC,DE7,37351.11360948399
2049,Agri02_OFC,DE8,110634.0524217588
2049,Agri02_OFC,DE9,152793.81279073955
2049,Agri02_OFC,DEA,115282.44044312715
2049,Agri02_OFC,DEB,69748.64826557122
2049,Agri02_OFC,DEC,46139.77358627901
2049,Agri02_OFC,DEE,84558.32584145191
2049,Agri02_OFC,DED,73819.86812303298
2049,Agri02_OFC,DEF,34157.941705628546
2049,Agri02_OFC,DEG,27312.328305233747
2049,Agri03_No-till,DE1,0.0
2049,Agri03_No-till,DE2,0.0
2049,Agri03_No-till,DE3,0.0
2049,Agri03_No-till,DE4,0.0
2049,Agri03_No-till,DE5,0.0
2049,Agri03_No-till,DE6,0.0
2049,Agri03_No-till,DE7,0.0
2049,Agri03_No-till,DE8,0.0
2049,Agri03_No-till,DE9,0.0
2049,Agri03_No-till,DEA,0.0
2049,Agri03_No-till,DEB,0.0
2049,Agri03_No-till,DEC,0.0
2049,Agri03_No-till,DEE,0.0
2049,Agri03_No-till,DED,0.0
2049,Agri03_No-till,DEF,0.0
2049,Agri03_No-till,DEG,0.0
2049,Agri04_toGrassland,DE1,1024.1710664278326
2049,Agri04_toGrassland,DE2,1572.9582547132295
2049,Agri04_toGrassland,DE3,560.1969291445799
2049,Agri04_toGrassland,DE4,998.6145336177209
2049,Agri04_toGrassland,DE5,260.52932825290645
2049,Agri04_toGrassland,DE6,29.04563879575344
2049,Agri04_toGrassland,DE7,343.7073336338726
2049,Agri04_toGrassland,DE8,995.2597717707478
2049,Agri04_toGrassland,DE9,1390.060815034354
2049,Agri04_toGrassland,DEA,1038.7891567641345
2049,Agri04_toGrassland,DEB,624.9090493397428
2049,Agri04_toGrassland,DEC,404.1742521705153
2049,Agri04_toGrassland,DEE,762.9288890003936
2049,Agri04_toGrassland,DED,662.7613609934288
2049,Agri04_toGrassland,DEF,319.8543035009385
2049,Agri04_toGrassland,DEG,255.74921161707468
2049,Agri05_Agroforestry,DE1,45500.35814133543
2049,Agri05_Agroforestry,DE2,51560.07191366223
2049,Agri05_Agroforestry,DE3,94.54500000000002
2049,Agri05_Agroforestry,DE4,34235.052
2049,Agri05_Agroforestry,DE5,776.162
2049,Agri05_Agroforestry,DE6,628.319
2049,Agri05_Agroforestry,DE7,8824.603741778612
2049,Agri05_Agroforestry,DE8,32606.293
2049,Agri05_Agroforestry,DE9,49158.84872614393
2049,Agri05_Agroforestry,DEA,42247.642
2049,Agri05_Agroforestry,DEB,24825.059
2049,Agri05_Agroforestry,DEC,3458.3510000000006
2049,Agri05_Agroforestry,DEE,17156.976000000002
2049,Agri05_Agroforestry,DED,19114.16
2049,Agri05_Agroforestry,DEF,3543.840045363538
2049,Agri05_Agroforestry,DEG,2835.990962044732
2049,Agri06_Biochar,DE1,0.0
2049,Agri06_Biochar,DE2,0.0
2049,Agri06_Biochar,DE3,0.0
2049,Agri06_Biochar,DE4,0.0
2049,Agri06_Biochar,DE5,0.0
2049,Agri06_Biochar,DE6,0.0
2049,Agri06_Biochar,DE7,0.0
2049,Agri06_Biochar,DE8,0.0
2049,Agri06_Biochar,DE9,0.0
2049,Agri06_Biochar,DEA,0.0
2049,Agri06_Biochar,DEB,0.0
2049,Agri06_Biochar,DEC,0.0
2049,Agri06_Biochar,DEE,0.0
2049,Agri06_Biochar,DED,0.0
2049,Agri06_Biochar,DEF,0.0
2049,Agri06_Biochar,DEG,0.0
2050,Agri01_AGC,DE1,110851.06130000002
2050,Agri01_AGC,DE2,241698.3961
2050,Agri01_AGC,DE3,225.70310000000006
2050,Agri01_AGC,DE4,95578.27020000001
2050,Agri01_AGC,DE5,725.6578000000001
2050,Agri01_AGC,DE6,1191.9228999999998
2050,Agri01_AGC,DE7,52635.533943891816
2050,Agri01_AGC,DE8,105446.19399999997
2050,Agri01_AGC,DE9,199578.61070000002
2050,Agri01_AGC,DEA,115824.9057
2050,Agri01_AGC,DEB,57631.35280000002
2050,Agri01_AGC,DEC,6128.0422
2050,Agri01_AGC,DEE,88391.68239999999
2050,Agri01_AGC,DED,65775.87379999999
2050,Agri01_AGC,DEF,48135.68663301033
2050,Agri01_AGC,DEG,38488.78506347454
2050,Agri02_OFC,DE1,113770.55158240629
2050,Agri02_OFC,DE2,172374.08555592425
2050,Agri02_OFC,DE3,64223.97925431412
2050,Agri02_OFC,DE4,111344.47527928294
2050,Agri02_OFC,DE5,29847.988029463926
2050,Agri02_OFC,DE6,3290.985062696797
2050,Agri02_OFC,DE7,37351.11360948399
2050,Agri02_OFC,DE8,110634.0524217588
2050,Agri02_OFC,DE9,152793.81279073955
2050,Agri02_OFC,DEA,115282.44044312715
2050,Agri02_OFC,DEB,69748.64826557122
2050,Agri02_OFC,DEC,46139.77358627901
2050,Agri02_OFC,DEE,84558.32584145191
2050,Agri02_OFC,DED,73819.86812303298
2050,Agri02_OFC,DEF,34157.941705628546
2050,Agri02_OFC,DEG,27312.328305233747
2050,Agri03_No-till,DE1,0.0
2050,Agri03_No-till,DE2,0.0
2050,Agri03_No-till,DE3,0.0
2050,Agri03_No-till,DE4,0.0
2050,Agri03_No-till,DE5,0.0
2050,Agri03_No-till,DE6,0.0
2050,Agri03_No-till,DE7,0.0
2050,Agri03_No-till,DE8,0.0
2050,Agri03_No-till,DE9,0.0
2050,Agri03_No-till,DEA,0.0
2050,Agri03_No-till,DEB,0.0
2050,Agri03_No-till,DEC,0.0
2050,Agri03_No-till,DEE,0.0
2050,Agri03_No-till,DED,0.0
2050,Agri03_No-till,DEF,0.0
2050,Agri03_No-till,DEG,0.0
2050,Agri04_toGrassland,DE1,1024.1710664278326
2050,Agri04_toGrassland,DE2,1572.9582547132295
2050,Agri04_toGrassland,DE3,560.1969291445799
2050,Agri04_toGrassland,DE4,998.6145336177209
2050,Agri04_toGrassland,DE5,260.52932825290645
2050,Agri04_toGrassland,DE6,29.04563879575344
2050,Agri04_toGrassland,DE7,343.7073336338726
2050,Agri04_toGrassland,DE8,995.2597717707478
2050,Agri04_toGrassland,DE9,1390.060815034354
2050,Agri04_toGrassland,DEA,1038.7891567641345
2050,Agri04_toGrassland,DEB,624.9090493397428
2050,Agri04_toGrassland,DEC,404.1742521705153
2050,Agri04_toGrassland,DEE,762.9288890003936
2050,Agri04_toGrassland,DED,662.7613609934288
2050,Agri04_toGrassland,DEF,319.8543035009385
2050,Agri04_toGrassland,DEG,255.74921161707468
2050,Agri05_Agroforestry,DE1,45500.35814133543
2050,Agri05_Agroforestry,DE2,51560.07191366223
2050,Agri05_Agroforestry,DE3,94.54500000000002
2050,Agri05_Agroforestry,DE4,34235.052
2050,Agri05_Agroforestry,DE5,776.162
2050,Agri05_Agroforestry,DE6,628.319
2050,Agri05_Agroforestry,DE7,8824.603741778612
2050,Agri05_Agroforestry,DE8,32606.293
2050,Agri05_Agroforestry,DE9,49158.84872614393
2050,Agri05_Agroforestry,DEA,42247.642
2050,Agri05_Agroforestry,DEB,24825.059
2050,Agri05_Agroforestry,DEC,3458.3510000000006
2050,Agri05_Agroforestry,DEE,17156.976000000002
2050,Agri05_Agroforestry,DED,19114.16
2050,Agri05_Agroforestry,DEF,3543.840045363538
2050,Agri05_Agroforestry,DEG,2835.990962044732
2050,Agri06_Biochar,DE1,0.0
2050,Agri06_Biochar,DE2,0.0
2050,Agri06_Biochar,DE3,0.0
2050,Agri06_Biochar,DE4,0.0
2050,Agri06_Biochar,DE5,0.0
2050,Agri06_Biochar,DE6,0.0
2050,Agri06_Biochar,DE7,0.0
2050,Agri06_Biochar,DE8,0.0
2050,Agri06_Biochar,DE9,0.0
2050,Agri06_Biochar,DEA,0.0
2050,Agri06_Biochar,DEB,0.0
2050,Agri06_Biochar,DEC,0.0
2050,Agri06_Biochar,DEE,0.0
2050,Agri06_Biochar,DED,0.0
2050,Agri06_Biochar,DEF,0.0
2050,Agri06_Biochar,DEG,0.0
