year,techAgri,r,costTechAgri
2020,Agri01_AGC,DE1,0.0
2020,Agri01_AGC,DE2,0.0
2020,Agri01_AGC,DE3,0.0
2020,Agri01_AGC,DE4,0.0
2020,Agri01_AGC,DE5,0.0
2020,Agri01_AGC,DE6,0.0
2020,Agri01_AGC,DE7,0.0
2020,Agri01_AGC,DE8,0.0
2020,Agri01_AGC,DE9,0.0
2020,Agri01_AGC,DEA,0.0
2020,Agri01_AGC,DEB,0.0
2020,Agri01_AGC,DEC,0.0
2020,Agri01_AGC,DEE,0.0
2020,Agri01_AGC,DED,0.0
2020,Agri01_AGC,DEF,0.0
2020,Agri01_AGC,DEG,0.0
2020,Agri02_OFC,DE1,0.0
2020,Agri02_OFC,DE2,0.0
2020,Agri02_OFC,DE3,0.0
2020,Agri02_OFC,DE4,0.0
2020,Agri02_OFC,DE5,0.0
2020,Agri02_OFC,DE6,0.0
2020,Agri02_OFC,DE7,0.0
2020,Agri02_OFC,DE8,0.0
2020,Agri02_OFC,DE9,0.0
2020,Agri02_OFC,DEA,0.0
2020,Agri02_OFC,DEB,0.0
2020,Agri02_OFC,DEC,0.0
2020,Agri02_OFC,DEE,0.0
2020,Agri02_OFC,DED,0.0
2020,Agri02_OFC,DEF,0.0
2020,Agri02_OFC,DEG,0.0
2020,Agri03_No-till,DE1,0.0
2020,Agri03_No-till,DE2,0.0
2020,Agri03_No-till,DE3,0.0
2020,Agri03_No-till,DE4,0.0
2020,Agri03_No-till,DE5,0.0
2020,Agri03_No-till,DE6,0.0
2020,Agri03_No-till,DE7,0.0
2020,Agri03_No-till,DE8,0.0
2020,Agri03_No-till,DE9,0.0
2020,Agri03_No-till,DEA,0.0
2020,Agri03_No-till,DEB,0.0
2020,Agri03_No-till,DEC,0.0
2020,Agri03_No-till,DEE,0.0
2020,Agri03_No-till,DED,0.0
2020,Agri03_No-till,DEF,0.0
2020,Agri03_No-till,DEG,0.0
2020,Agri04_toGrassland,DE1,0.0
2020,Agri04_toGrassland,DE2,0.0
2020,Agri04_toGrassland,DE3,0.0
2020,Agri04_toGrassland,DE4,0.0
2020,Agri04_toGrassland,DE5,0.0
2020,Agri04_toGrassland,DE6,0.0
2020,Agri04_toGrassland,DE7,0.0
2020,Agri04_toGrassland,DE8,0.0
2020,Agri04_toGrassland,DE9,0.0
2020,Agri04_toGrassland,DEA,0.0
2020,Agri04_toGrassland,DEB,0.0
2020,Agri04_toGrassland,DEC,0.0
2020,Agri04_toGrassland,DEE,0.0
2020,Agri04_toGrassland,DED,0.0
2020,Agri04_toGrassland,DEF,0.0
2020,Agri04_toGrassland,DEG,0.0
2020,Agri05_Agroforestry,DE1,0.0
2020,Agri05_Agroforestry,DE2,0.0
2020,Agri05_Agroforestry,DE3,0.0
2020,Agri05_Agroforestry,DE4,0.0
2020,Agri05_Agroforestry,DE5,0.0
2020,Agri05_Agroforestry,DE6,0.0
2020,Agri05_Agroforestry,DE7,0.0
2020,Agri05_Agroforestry,DE8,0.0
2020,Agri05_Agroforestry,DE9,0.0
2020,Agri05_Agroforestry,DEA,0.0
2020,Agri05_Agroforestry,DEB,0.0
2020,Agri05_Agroforestry,DEC,0.0
2020,Agri05_Agroforestry,DEE,0.0
2020,Agri05_Agroforestry,DED,0.0
2020,Agri05_Agroforestry,DEF,0.0
2020,Agri05_Agroforestry,DEG,0.0
2020,Agri06_Biochar,DE1,0.0
2020,Agri06_Biochar,DE2,0.0
2020,Agri06_Biochar,DE3,0.0
2020,Agri06_Biochar,DE4,0.0
2020,Agri06_Biochar,DE5,0.0
2020,Agri06_Biochar,DE6,0.0
2020,Agri06_Biochar,DE7,0.0
2020,Agri06_Biochar,DE8,0.0
2020,Agri06_Biochar,DE9,0.0
2020,Agri06_Biochar,DEA,0.0
2020,Agri06_Biochar,DEB,0.0
2020,Agri06_Biochar,DEC,0.0
2020,Agri06_Biochar,DEE,0.0
2020,Agri06_Biochar,DED,0.0
2020,Agri06_Biochar,DEF,0.0
2020,Agri06_Biochar,DEG,0.0
2021,Agri01_AGC,DE1,0.0
2021,Agri01_AGC,DE2,1002882.5959437966
2021,Agri01_AGC,DE3,0.0
2021,Agri01_AGC,DE4,0.0
2021,Agri01_AGC,DE5,0.0
2021,Agri01_AGC,DE6,0.0
2021,Agri01_AGC,DE7,258652.5771458487
2021,Agri01_AGC,DE8,0.0
2021,Agri01_AGC,DE9,828114.370733602
2021,Agri01_AGC,DEA,0.0
2021,Agri01_AGC,DEB,0.0
2021,Agri01_AGC,DEC,0.0
2021,Agri01_AGC,DEE,0.0
2021,Agri01_AGC,DED,0.0
2021,Agri01_AGC,DEF,316244.3197594421
2021,Agri01_AGC,DEG,252823.8039057142
2021,Agri02_OFC,DE1,0.0
2021,Agri02_OFC,DE2,0.0
2021,Agri02_OFC,DE3,0.0
2021,Agri02_OFC,DE4,0.0
2021,Agri02_OFC,DE5,0.0
2021,Agri02_OFC,DE6,0.0
2021,Agri02_OFC,DE7,0.0
2021,Agri02_OFC,DE8,0.0
2021,Agri02_OFC,DE9,0.0
2021,Agri02_OFC,DEA,0.0
2021,Agri02_OFC,DEB,0.0
2021,Agri02_OFC,DEC,0.0
2021,Agri02_OFC,DEE,0.0
2021,Agri02_OFC,DED,0.0
2021,Agri02_OFC,DEF,0.0
2021,Agri02_OFC,DEG,0.0
2021,Agri03_No-till,DE1,0.0
2021,Agri03_No-till,DE2,0.0
2021,Agri03_No-till,DE3,0.0
2021,Agri03_No-till,DE4,0.0
2021,Agri03_No-till,DE5,0.0
2021,Agri03_No-till,DE6,0.0
2021,Agri03_No-till,DE7,0.0
2021,Agri03_No-till,DE8,0.0
2021,Agri03_No-till,DE9,0.0
2021,Agri03_No-till,DEA,0.0
2021,Agri03_No-till,DEB,0.0
2021,Agri03_No-till,DEC,0.0
2021,Agri03_No-till,DEE,0.0
2021,Agri03_No-till,DED,0.0
2021,Agri03_No-till,DEF,0.0
2021,Agri03_No-till,DEG,0.0
2021,Agri04_toGrassland,DE1,5006.144946135936
2021,Agri04_toGrassland,DE2,10915.34162988818
2021,Agri04_toGrassland,DE3,10.192978038652425
2021,Agri04_toGrassland,DE4,4316.410404292132
2021,Agri04_toGrassland,DE5,32.77143299749464
2021,Agri04_toGrassland,DE6,53.82843188005351
2021,Agri04_toGrassland,DE7,2815.166256166807
2021,Agri04_toGrassland,DE8,4762.05572586944
2021,Agri04_toGrassland,DE9,9013.1699380729
2021,Agri04_toGrassland,DEA,5230.76874056709
2021,Agri04_toGrassland,DEB,2602.6896105026026
2021,Agri04_toGrassland,DEC,276.74852301335375
2021,Agri04_toGrassland,DEE,3991.856901844679
2021,Agri04_toGrassland,DED,2970.5043356363885
2021,Agri04_toGrassland,DEF,3441.9929138737984
2021,Agri04_toGrassland,DEG,2751.7260773696626
2021,Agri05_Agroforestry,DE1,34693.68906938128
2021,Agri05_Agroforestry,DE2,75645.72593642418
2021,Agri05_Agroforestry,DE3,70.63958686154204
2021,Agri05_Agroforestry,DE4,29913.67650629891
2021,Agri05_Agroforestry,DE5,227.1132616027671
2021,Agri05_Agroforestry,DE6,373.04291003008393
2021,Agri05_Agroforestry,DE7,19509.723314234478
2021,Agri05_Agroforestry,DE8,33002.09691529274
2021,Agri05_Agroforestry,DE9,62463.25640298486
2021,Agri05_Agroforestry,DEA,36250.381527436104
2021,Agri05_Agroforestry,DEB,18037.21327737091
2021,Agri05_Agroforestry,DEC,1917.9283283131474
2021,Agri05_Agroforestry,DEE,27664.449122465016
2021,Agri05_Agroforestry,DED,20586.250479895603
2021,Agri05_Agroforestry,DEF,23853.77035979027
2021,Agri05_Agroforestry,DEG,19070.068877262383
2021,Agri06_Biochar,DE1,0.0
2021,Agri06_Biochar,DE2,0.0
2021,Agri06_Biochar,DE3,0.0
2021,Agri06_Biochar,DE4,0.0
2021,Agri06_Biochar,DE5,0.0
2021,Agri06_Biochar,DE6,0.0
2021,Agri06_Biochar,DE7,0.0
2021,Agri06_Biochar,DE8,0.0
2021,Agri06_Biochar,DE9,0.0
2021,Agri06_Biochar,DEA,0.0
2021,Agri06_Biochar,DEB,0.0
2021,Agri06_Biochar,DEC,0.0
2021,Agri06_Biochar,DEE,0.0
2021,Agri06_Biochar,DED,0.0
2021,Agri06_Biochar,DEF,0.0
2021,Agri06_Biochar,DEG,0.0
2022,Agri01_AGC,DE1,0.0
2022,Agri01_AGC,DE2,1936116.16357073
2022,Agri01_AGC,DE3,0.0
2022,Agri01_AGC,DE4,0.0
2022,Agri01_AGC,DE5,0.0
2022,Agri01_AGC,DE6,0.0
2022,Agri01_AGC,DE7,495931.9003051956
2022,Agri01_AGC,DE8,0.0
2022,Agri01_AGC,DE9,1603736.4025407445
2022,Agri01_AGC,DEA,0.0
2022,Agri01_AGC,DEB,0.0
2022,Agri01_AGC,DEC,0.0
2022,Agri01_AGC,DEE,83901.96243105172
2022,Agri01_AGC,DED,0.0
2022,Agri01_AGC,DEF,600832.7065979795
2022,Agri01_AGC,DEG,480342.21070154005
2022,Agri02_OFC,DE1,0.0
2022,Agri02_OFC,DE2,0.0
2022,Agri02_OFC,DE3,0.0
2022,Agri02_OFC,DE4,0.0
2022,Agri02_OFC,DE5,0.0
2022,Agri02_OFC,DE6,0.0
2022,Agri02_OFC,DE7,0.0
2022,Agri02_OFC,DE8,0.0
2022,Agri02_OFC,DE9,0.0
2022,Agri02_OFC,DEA,0.0
2022,Agri02_OFC,DEB,0.0
2022,Agri02_OFC,DEC,0.0
2022,Agri02_OFC,DEE,0.0
2022,Agri02_OFC,DED,0.0
2022,Agri02_OFC,DEF,0.0
2022,Agri02_OFC,DEG,0.0
2022,Agri03_No-till,DE1,0.0
2022,Agri03_No-till,DE2,0.0
2022,Agri03_No-till,DE3,0.0
2022,Agri03_No-till,DE4,0.0
2022,Agri03_No-till,DE5,0.0
2022,Agri03_No-till,DE6,0.0
2022,Agri03_No-till,DE7,0.0
2022,Agri03_No-till,DE8,0.0
2022,Agri03_No-till,DE9,0.0
2022,Agri03_No-till,DEA,0.0
2022,Agri03_No-till,DEB,0.0
2022,Agri03_No-till,DEC,0.0
2022,Agri03_No-till,DEE,0.0
2022,Agri03_No-till,DED,0.0
2022,Agri03_No-till,DEF,0.0
2022,Agri03_No-till,DEG,0.0
2022,Agri04_toGrassland,DE1,10031.573855156588
2022,Agri04_toGrassland,DE2,21469.92052788436
2022,Agri04_toGrassland,DE3,360.981788299386
2022,Agri04_toGrassland,DE4,8719.956613696964
2022,Agri04_toGrassland,DE5,220.55160194271775
2022,Agri04_toGrassland,DE6,118.86801283708448
2022,Agri04_toGrassland,DE7,5499.4729588735445
2022,Agri04_toGrassland,DE8,9555.284601314686
2022,Agri04_toGrassland,DE9,17784.104981966946
2022,Agri04_toGrassland,DEA,10462.565614125167
2022,Agri04_toGrassland,DEB,5271.813476173606
2022,Agri04_toGrassland,DEC,766.6399756016186
2022,Agri04_toGrassland,DEE,7966.3010782645215
2022,Agri04_toGrassland,DED,5986.040790002033
2022,Agri04_toGrassland,DEF,6662.735792371803
2022,Agri04_toGrassland,DEG,5326.596246647985
2022,Agri05_Agroforestry,DE1,87137.66451042485
2022,Agri05_Agroforestry,DE2,171835.12253200272
2022,Agri05_Agroforestry,DE3,15529.888573772636
2022,Agri05_Agroforestry,DE4,78310.61872726043
2022,Agri05_Agroforestry,DE5,7552.608194725606
2022,Agri05_Agroforestry,DE6,1433.0022758952339
2022,Agri05_Agroforestry,DE7,42613.10201301841
2022,Agri05_Agroforestry,DE8,83467.37067099527
2022,Agri05_Agroforestry,DE9,144399.26832182865
2022,Agri05_Agroforestry,DEA,90185.509025685
2022,Agri05_Agroforestry,DEB,47845.708787991316
2022,Agri05_Agroforestry,DEC,14377.660348147865
2022,Agri05_Agroforestry,DEE,68004.65192659885
2022,Agri05_Agroforestry,DED,53219.25217331675
2022,Agri05_Agroforestry,DEF,49340.034767580524
2022,Agri05_Agroforestry,DEG,39446.330168231696
2022,Agri06_Biochar,DE1,0.0
2022,Agri06_Biochar,DE2,0.0
2022,Agri06_Biochar,DE3,0.0
2022,Agri06_Biochar,DE4,0.0
2022,Agri06_Biochar,DE5,0.0
2022,Agri06_Biochar,DE6,0.0
2022,Agri06_Biochar,DE7,0.0
2022,Agri06_Biochar,DE8,0.0
2022,Agri06_Biochar,DE9,0.0
2022,Agri06_Biochar,DEA,0.0
2022,Agri06_Biochar,DEB,0.0
2022,Agri06_Biochar,DEC,0.0
2022,Agri06_Biochar,DEE,0.0
2022,Agri06_Biochar,DED,0.0
2022,Agri06_Biochar,DEF,0.0
2022,Agri06_Biochar,DEG,0.0
2023,Agri01_AGC,DE1,459511.97096454847
2023,Agri01_AGC,DE2,2799861.093359441
2023,Agri01_AGC,DE3,0.0
2023,Agri01_AGC,DE4,0.0
2023,Agri01_AGC,DE5,0.0
2023,Agri01_AGC,DE6,0.0
2023,Agri01_AGC,DE7,712239.0427325204
2023,Agri01_AGC,DE8,389066.18862135883
2023,Agri01_AGC,DE9,2326469.0968134804
2023,Agri01_AGC,DEA,476802.7441342884
2023,Agri01_AGC,DEB,0.0
2023,Agri01_AGC,DEC,0.0
2023,Agri01_AGC,DEE,441656.938548962
2023,Agri01_AGC,DED,0.0
2023,Agri01_AGC,DEF,854838.1865575443
2023,Agri01_AGC,DEG,683412.8302286015
2023,Agri02_OFC,DE1,316250.1337156139
2023,Agri02_OFC,DE2,641306.8654914511
2023,Agri02_OFC,DE3,41429.729899308375
2023,Agri02_OFC,DE4,281122.2393940362
2023,Agri02_OFC,DE5,20619.323591671546
2023,Agri02_OFC,DE6,4718.310133012094
2023,Agri02_OFC,DE7,160870.02043480263
2023,Agri02_OFC,DE8,302366.9161521031
2023,Agri02_OFC,DE9,536214.825805233
2023,Agri02_OFC,DEA,328150.170433914
2023,Agri02_OFC,DEB,171173.73241223508
2023,Agri02_OFC,DEC,42881.665748134066
2023,Agri02_OFC,DEE,248248.18057098228
2023,Agri02_OFC,DED,191676.61511227893
2023,Agri02_OFC,DEF,189353.61699987916
2023,Agri02_OFC,DEG,151382.99359108013
2023,Agri03_No-till,DE1,0.0
2023,Agri03_No-till,DE2,0.0
2023,Agri03_No-till,DE3,0.0
2023,Agri03_No-till,DE4,0.0
2023,Agri03_No-till,DE5,0.0
2023,Agri03_No-till,DE6,0.0
2023,Agri03_No-till,DE7,0.0
2023,Agri03_No-till,DE8,0.0
2023,Agri03_No-till,DE9,0.0
2023,Agri03_No-till,DEA,0.0
2023,Agri03_No-till,DEB,0.0
2023,Agri03_No-till,DEC,0.0
2023,Agri03_No-till,DEE,0.0
2023,Agri03_No-till,DED,0.0
2023,Agri03_No-till,DEF,0.0
2023,Agri03_No-till,DEG,0.0
2023,Agri04_toGrassland,DE1,15067.787530586205
2023,Agri04_toGrassland,DE2,31664.546318122197
2023,Agri04_toGrassland,DE3,1035.9970578453947
2023,Agri04_toGrassland,DE4,13199.924902771088
2023,Agri04_toGrassland,DE5,555.8480748406774
2023,Agri04_toGrassland,DE6,194.4990002126105
2023,Agri04_toGrassland,DE7,8054.944658386177
2023,Agri04_toGrassland,DE8,14370.985818605524
2023,Agri04_toGrassland,DE9,26310.801149545878
2023,Agri04_toGrassland,DEA,15687.428181559013
2023,Agri04_toGrassland,DEB,8000.2443768854455
2023,Agri04_toGrassland,DEC,1459.0214838465124
2023,Agri04_toGrassland,DEE,11918.12975886902
2023,Agri04_toGrassland,DED,9039.953354195477
2023,Agri04_toGrassland,DEF,9667.645090304482
2023,Agri04_toGrassland,DEG,7728.939577930136
2023,Agri05_Agroforestry,DE1,159418.72043218248
2023,Agri05_Agroforestry,DE2,290443.53717461484
2023,Agri05_Agroforestry,DE3,18257.519886389975
2023,Agri05_Agroforestry,DE4,147458.28908586068
2023,Agri05_Agroforestry,DE5,23018.5734300416
2023,Agri05_Agroforestry,DE6,3275.382097681962
2023,Agri05_Agroforestry,DE7,69542.70804927219
2023,Agri05_Agroforestry,DE8,153466.0557441479
2023,Agri05_Agroforestry,DE9,247726.15409840023
2023,Agri05_Agroforestry,DEA,163858.8451776782
2023,Agri05_Agroforestry,DEB,90884.96434736867
2023,Agri05_Agroforestry,DEC,38902.75939401522
2023,Agri05_Agroforestry,DEE,122466.87545808879
2023,Agri05_Agroforestry,DED,99360.28595016144
2023,Agri05_Agroforestry,DEF,76336.42522112571
2023,Agri05_Agroforestry,DEG,61031.1154478007
2023,Agri06_Biochar,DE1,0.0
2023,Agri06_Biochar,DE2,0.0
2023,Agri06_Biochar,DE3,0.0
2023,Agri06_Biochar,DE4,0.0
2023,Agri06_Biochar,DE5,0.0
2023,Agri06_Biochar,DE6,0.0
2023,Agri06_Biochar,DE7,0.0
2023,Agri06_Biochar,DE8,0.0
2023,Agri06_Biochar,DE9,0.0
2023,Agri06_Biochar,DEA,0.0
2023,Agri06_Biochar,DEB,0.0
2023,Agri06_Biochar,DEC,0.0
2023,Agri06_Biochar,DEE,0.0
2023,Agri06_Biochar,DED,0.0
2023,Agri06_Biochar,DEF,0.0
2023,Agri06_Biochar,DEG,0.0
2024,Agri01_AGC,DE1,900372.7514780946
2024,Agri01_AGC,DE2,3594277.7757885717
2024,Agri01_AGC,DE3,0.0
2024,Agri01_AGC,DE4,412292.043268864
2024,Agri01_AGC,DE5,0.0
2024,Agri01_AGC,DE6,0.0
2024,Agri01_AGC,DE7,907975.0776823037
2024,Agri01_AGC,DE8,813408.9478748661
2024,Agri01_AGC,DE9,2995915.4549438623
2024,Agri01_AGC,DEA,932756.8879125637
2024,Agri01_AGC,DEB,200021.39820963336
2024,Agri01_AGC,DEC,0.0
2024,Agri01_AGC,DEE,782206.5123962059
2024,Agri01_AGC,DED,279978.6889244606
2024,Agri01_AGC,DEF,1079333.7856800684
2024,Agri01_AGC,DEG,862893.2723280224
2024,Agri02_OFC,DE1,619453.6081025699
2024,Agri02_OFC,DE2,1234480.7386788416
2024,Agri02_OFC,DE3,99476.6691246869
2024,Agri02_OFC,DE4,554441.279006907
2024,Agri02_OFC,DE5,48722.70033491194
2024,Agri02_OFC,DE6,9834.11708918086
2024,Agri02_OFC,DE7,307477.9707853261
2024,Agri02_OFC,DE8,592950.304494314
2024,Agri02_OFC,DE9,1035404.7895298847
2024,Agri02_OFC,DEA,641733.7916450924
2024,Agri02_OFC,DEB,338321.3337453104
2024,Agri02_OFC,DEC,95406.76821650793
2024,Agri02_OFC,DEE,484490.56539722485
2024,Agri02_OFC,DED,377253.31110759603
2024,Agri02_OFC,DEF,358275.9788432021
2024,Agri02_OFC,DEG,286433.247164566
2024,Agri03_No-till,DE1,0.0
2024,Agri03_No-till,DE2,0.0
2024,Agri03_No-till,DE3,0.0
2024,Agri03_No-till,DE4,0.0
2024,Agri03_No-till,DE5,0.0
2024,Agri03_No-till,DE6,0.0
2024,Agri03_No-till,DE7,0.0
2024,Agri03_No-till,DE8,0.0
2024,Agri03_No-till,DE9,0.0
2024,Agri03_No-till,DEA,0.0
2024,Agri03_No-till,DEB,0.0
2024,Agri03_No-till,DEC,0.0
2024,Agri03_No-till,DEE,0.0
2024,Agri03_No-till,DED,0.0
2024,Agri03_No-till,DEF,0.0
2024,Agri03_No-till,DEG,0.0
2024,Agri04_toGrassland,DE1,20106.28677594904
2024,Agri04_toGrassland,DE2,41500.02862473534
2024,Agri04_toGrassland,DE3,2018.8694137398725
2024,Agri04_toGrassland,DE4,17745.6015460711
2024,Agri04_toGrassland,DE5,1031.1684196963818
2024,Agri04_toGrassland,DE6,280.10165134814906
2024,Agri04_toGrassland,DE7,10483.605904970667
2024,Agri04_toGrassland,DE8,19200.458570011742
2024,Agri04_toGrassland,DE9,34591.25445867345
2024,Agri04_toGrassland,DEA,20897.39400375341
2024,Agri04_toGrassland,DEB,10780.855092510557
2024,Agri04_toGrassland,DEC,2343.240173829753
2024,Agri04_toGrassland,DEE,15842.140173267673
2024,Agri04_toGrassland,DED,12125.586019315268
2024,Agri04_toGrassland,DEF,12462.137262482313
2024,Agri04_toGrassland,DEG,9963.085141311281
2024,Agri05_Agroforestry,DE1,253623.650943706
2024,Agri05_Agroforestry,DE2,433346.31725213974
2024,Agri05_Agroforestry,DE3,19111.97091000753
2024,Agri05_Agroforestry,DE4,239624.1500050757
2024,Agri05_Agroforestry,DE5,47667.09759822382
2024,Agri05_Agroforestry,DE6,5995.686375476781
2024,Agri05_Agroforestry,DE7,100531.11337591616
2024,Agri05_Agroforestry,DE8,245068.38661179095
2024,Agri05_Agroforestry,DE9,374362.03207456844
2024,Agri05_Agroforestry,DEA,259323.85266634705
2024,Agri05_Agroforestry,DEB,148614.4577710104
2024,Agri05_Agroforestry,DEC,77016.78880042626
2024,Agri05_Agroforestry,DEE,192497.38676262216
2024,Agri05_Agroforestry,DED,160470.63268032766
2024,Agri05_Agroforestry,DEF,104720.57371818075
2024,Agri05_Agroforestry,DEG,83726.75629086215
2024,Agri06_Biochar,DE1,0.0
2024,Agri06_Biochar,DE2,0.0
2024,Agri06_Biochar,DE3,0.0
2024,Agri06_Biochar,DE4,0.0
2024,Agri06_Biochar,DE5,0.0
2024,Agri06_Biochar,DE6,0.0
2024,Agri06_Biochar,DE7,0.0
2024,Agri06_Biochar,DE8,0.0
2024,Agri06_Biochar,DE9,0.0
2024,Agri06_Biochar,DEA,0.0
2024,Agri06_Biochar,DEB,0.0
2024,Agri06_Biochar,DEC,0.0
2024,Agri06_Biochar,DEE,0.0
2024,Agri06_Biochar,DED,0.0
2024,Agri06_Biochar,DEF,0.0
2024,Agri06_Biochar,DEG,0.0
2025,Agri01_AGC,DE1,1320898.609381303
2025,Agri01_AGC,DE2,4319526.601336761
2025,Agri01_AGC,DE3,0.0
2025,Agri01_AGC,DE4,811397.1345077851
2025,Agri01_AGC,DE5,0.0
2025,Agri01_AGC,DE6,0.0
2025,Agri01_AGC,DE7,1083541.0784090252
2025,Agri01_AGC,DE8,1219199.1002944654
2025,Agri01_AGC,DE9,3611678.478323943
2025,Agri01_AGC,DEA,1366285.0334192358
2025,Agri01_AGC,DEB,446992.23481175787
2025,Agri01_AGC,DEC,0.0
2025,Agri01_AGC,DEE,1104519.9898537423
2025,Agri01_AGC,DED,549961.7274831168
2025,Agri01_AGC,DEF,1275392.530007484
2025,Agri01_AGC,DEG,1019641.1468409268
2025,Agri02_OFC,DE1,908441.226930398
2025,Agri02_OFC,DE2,1779632.9959126138
2025,Agri02_OFC,DE3,171888.95666933546
2025,Agri02_OFC,DE4,818483.2798188339
2025,Agri02_OFC,DE5,83279.43006052365
2025,Agri02_OFC,DE6,15262.165658531248
2025,Agri02_OFC,DE7,440102.3593253955
2025,Agri02_OFC,DE8,870553.2340427173
2025,Agri02_OFC,DE9,1497294.2123652203
2025,Agri02_OFC,DEA,939655.506698862
2025,Agri02_OFC,DEB,500462.3443839367
2025,Agri02_OFC,DEC,156109.83945594935
2025,Agri02_OFC,DEE,708011.4327577465
2025,Agri02_OFC,DED,555814.450779568
2025,Agri02_OFC,DEF,507512.2028554695
2025,Agri02_OFC,DEG,405746.2914216423
2025,Agri03_No-till,DE1,0.0
2025,Agri03_No-till,DE2,0.0
2025,Agri03_No-till,DE3,0.0
2025,Agri03_No-till,DE4,0.0
2025,Agri03_No-till,DE5,0.0
2025,Agri03_No-till,DE6,0.0
2025,Agri03_No-till,DE7,0.0
2025,Agri03_No-till,DE8,0.0
2025,Agri03_No-till,DE9,0.0
2025,Agri03_No-till,DEA,0.0
2025,Agri03_No-till,DEB,0.0
2025,Agri03_No-till,DEC,0.0
2025,Agri03_No-till,DEE,0.0
2025,Agri03_No-till,DED,0.0
2025,Agri03_No-till,DEF,0.0
2025,Agri03_No-till,DEG,0.0
2025,Agri04_toGrassland,DE1,25138.572394769348
2025,Agri04_toGrassland,DE2,50977.17707185747
2025,Agri04_toGrassland,DE3,3293.2294830460137
2025,Agri04_toGrassland,DE4,22346.272818153586
2025,Agri04_toGrassland,DE5,1639.0202045148392
2025,Agri04_toGrassland,DE6,375.0562235852179
2025,Agri04_toGrassland,DE7,12787.481248892986
2025,Agri04_toGrassland,DE8,24035.002047803137
2025,Agri04_toGrassland,DE9,42623.46092721342
2025,Agri04_toGrassland,DEA,26084.500641593142
2025,Agri04_toGrassland,DEB,13606.518402921381
2025,Agri04_toGrassland,DEC,3408.64317163306
2025,Agri04_toGrassland,DEE,19733.12955106998
2025,Agri04_toGrassland,DED,15236.28277645995
2025,Agri04_toGrassland,DEF,15051.628763715764
2025,Agri04_toGrassland,DEG,12033.362006886591
2025,Agri05_Agroforestry,DE1,371839.25015404716
2025,Agri05_Agroforestry,DE2,602418.8101524569
2025,Agri05_Agroforestry,DE3,19966.42193362509
2025,Agri05_Agroforestry,DE4,357075.66390788165
2025,Agri05_Agroforestry,DE5,82540.26932994535
2025,Agri05_Agroforestry,DE6,9689.419109366203
2025,Agri05_Agroforestry,DE7,135810.8899458707
2025,Agri05_Agroforestry,DE8,360344.59775096487
2025,Agri05_Agroforestry,DE9,526225.0205922022
2025,Agri05_Agroforestry,DEA,378633.99417462316
2025,Agri05_Agroforestry,DEB,222493.66687442403
2025,Agri05_Agroforestry,DEC,130243.31190189208
2025,Agri05_Agroforestry,DEE,279542.45288588625
2025,Agri05_Agroforestry,DED,238011.5732337134
2025,Agri05_Agroforestry,DEF,134370.11225650058
2025,Agri05_Agroforestry,DEG,107435.58427230881
2025,Agri06_Biochar,DE1,0.0
2025,Agri06_Biochar,DE2,0.0
2025,Agri06_Biochar,DE3,0.0
2025,Agri06_Biochar,DE4,0.0
2025,Agri06_Biochar,DE5,0.0
2025,Agri06_Biochar,DE6,0.0
2025,Agri06_Biochar,DE7,0.0
2025,Agri06_Biochar,DE8,0.0
2025,Agri06_Biochar,DE9,0.0
2025,Agri06_Biochar,DEA,0.0
2025,Agri06_Biochar,DEB,0.0
2025,Agri06_Biochar,DEC,0.0
2025,Agri06_Biochar,DEE,0.0
2025,Agri06_Biochar,DED,0.0
2025,Agri06_Biochar,DEF,0.0
2025,Agri06_Biochar,DEG,0.0
2026,Agri01_AGC,DE1,1719405.8125148392
2026,Agri01_AGC,DE2,4975767.960482655
2026,Agri01_AGC,DE3,0.0
2026,Agri01_AGC,DE4,1195192.832598145
2026,Agri01_AGC,DE5,0.0
2026,Agri01_AGC,DE6,0.0
2026,Agri01_AGC,DE7,1239338.1181671654
2026,Agri01_AGC,DE8,1604712.9735507378
2026,Agri01_AGC,DE9,4173361.168345777
2026,Agri01_AGC,DEA,1775809.7827387142
2026,Agri01_AGC,DEB,685456.1439748583
2026,Agri01_AGC,DEC,0.0
2026,Agri01_AGC,DEE,1407566.676802531
2026,Agri01_AGC,DED,808630.5279398013
2026,Agri01_AGC,DEF,1444087.4455817232
2026,Agri01_AGC,DEG,1154514.0636084392
2026,Agri02_OFC,DE1,1182043.7939686284
2026,Agri02_OFC,DE2,2276875.0135432123
2026,Agri02_OFC,DE3,256414.73152645418
2026,Agri02_OFC,DE4,1071774.402810038
2026,Agri02_OFC,DE5,123258.81259930921
2026,Agri02_OFC,DE6,20917.20063108822
2026,Agri02_OFC,DE7,559021.6943288362
2026,Agri02_OFC,DE8,1133978.7738133976
2026,Agri02_OFC,DE9,1921607.4155025058
2026,Agri02_OFC,DEA,1220819.95866055
2026,Agri02_OFC,DEB,656616.3047128257
2026,Agri02_OFC,DEC,223525.41151728618
2026,Agri02_OFC,DEE,918095.0609315666
2026,Agri02_OFC,DED,726444.3969218122
2026,Agri02_OFC,DEF,637807.4063621819
2026,Agri02_OFC,DEG,509917.6570634938
2026,Agri03_No-till,DE1,0.0
2026,Agri03_No-till,DE2,0.0
2026,Agri03_No-till,DE3,0.0
2026,Agri03_No-till,DE4,0.0
2026,Agri03_No-till,DE5,0.0
2026,Agri03_No-till,DE6,0.0
2026,Agri03_No-till,DE7,0.0
2026,Agri03_No-till,DE8,0.0
2026,Agri03_No-till,DE9,0.0
2026,Agri03_No-till,DEA,0.0
2026,Agri03_No-till,DEB,0.0
2026,Agri03_No-till,DEC,0.0
2026,Agri03_No-till,DEE,0.0
2026,Agri03_No-till,DED,0.0
2026,Agri03_No-till,DEF,0.0
2026,Agri03_No-till,DEG,0.0
2026,Agri04_toGrassland,DE1,30156.145190571373
2026,Agri04_toGrassland,DE2,60096.80128362222
2026,Agri04_toGrassland,DE3,4842.707892827013
2026,Agri04_toGrassland,DE4,26991.224993575135
2026,Agri04_toGrassland,DE5,2371.9109973010573
2026,Agri04_toGrassland,DE6,478.7429742653343
2026,Agri04_toGrassland,DE7,14968.595240419087
2026,Agri04_toGrassland,DE8,28865.915444249476
2026,Agri04_toGrassland,DE9,50405.416573029506
2026,Agri04_toGrassland,DEA,31240.785655962984
2026,Agri04_toGrassland,DEB,16470.10708799035
2026,Agri04_toGrassland,DEC,4644.577603338149
2026,Agri04_toGrassland,DEE,23585.895121885424
2026,Agri04_toGrassland,DED,18365.387616728065
2026,Agri04_toGrassland,DEF,17441.536048815306
2026,Agri04_toGrassland,DEG,13944.099244751229
2026,Agri05_Agroforestry,DE1,516152.31217225763
2026,Agri05_Agroforestry,DE2,799536.363263445
2026,Agri05_Agroforestry,DE3,20820.872957242642
2026,Agri05_Agroforestry,DE4,502080.2932172544
2026,Agri05_Agroforestry,DE5,128680.17725587926
2026,Agri05_Agroforestry,DE6,14452.084299436738
2026,Agri05_Agroforestry,DE7,175614.60971205618
2026,Agri05_Agroforestry,DE8,501364.9236387098
2026,Agri05_Agroforestry,DE9,705233.2379931703
2026,Agri05_Agroforestry,DEA,523842.73238543794
2026,Agri05_Agroforestry,DEB,313982.0694731169
2026,Agri05_Agroforestry,DEC,200105.89203292367
2026,Agri05_Agroforestry,DEE,385048.3408735683
2026,Agri05_Agroforestry,DED,333444.3884802166
2026,Agri05_Agroforestry,DEF,165162.67283384007
2026,Agri05_Agroforestry,DEG,132059.9309670334
2026,Agri06_Biochar,DE1,0.0
2026,Agri06_Biochar,DE2,0.0
2026,Agri06_Biochar,DE3,0.0
2026,Agri06_Biochar,DE4,0.0
2026,Agri06_Biochar,DE5,0.0
2026,Agri06_Biochar,DE6,0.0
2026,Agri06_Biochar,DE7,0.0
2026,Agri06_Biochar,DE8,0.0
2026,Agri06_Biochar,DE9,0.0
2026,Agri06_Biochar,DEA,0.0
2026,Agri06_Biochar,DEB,0.0
2026,Agri06_Biochar,DEC,0.0
2026,Agri06_Biochar,DEE,0.0
2026,Agri06_Biochar,DED,0.0
2026,Agri06_Biochar,DEF,0.0
2026,Agri06_Biochar,DEG,0.0
2027,Agri01_AGC,DE1,2094210.6287193676
2027,Agri01_AGC,DE2,5563162.24370489
2027,Agri01_AGC,DE3,0.0
2027,Agri01_AGC,DE4,1561556.6964213229
2027,Agri01_AGC,DE5,0.0
2027,Agri01_AGC,DE6,0.0
2027,Agri01_AGC,DE7,1375767.2702112035
2027,Agri01_AGC,DE8,1968226.8953142625
2027,Agri01_AGC,DE9,4680566.526401414
2027,Agri01_AGC,DEA,2159753.7379554077
2027,Agri01_AGC,DEB,914001.1887270476
2027,Agri01_AGC,DEC,0.0
2027,Agri01_AGC,DEE,1690315.8791235292
2027,Agri01_AGC,DED,1054666.5025583461
2027,Agri01_AGC,DEF,1586491.5584447177
2027,Agri01_AGC,DEG,1268369.6324716827
2027,Agri02_OFC,DE1,1439092.112986791
2027,Agri02_OFC,DE2,2726318.16792108
2027,Agri02_OFC,DE3,350802.132689243
2027,Agri02_OFC,DE4,1312840.8089607412
2027,Agri02_OFC,DE5,167630.1477820711
2027,Agri02_OFC,DE6,26713.96679687673
2027,Agri02_OFC,DE7,664514.4840694732
2027,Agri02_OFC,DE8,1382029.9928224394
2027,Agri02_OFC,DE9,2308068.720133006
2027,Agri02_OFC,DEA,1484131.7905954833
2027,Agri02_OFC,DEB,805802.755116688
2027,Agri02_OFC,DEC,296188.01645134616
2027,Agri02_OFC,DEE,1114025.7281977038
2027,Agri02_OFC,DED,888227.512327945
2027,Agri02_OFC,DEF,749906.70668884
2027,Agri02_OFC,DEG,599542.8747913053
2027,Agri03_No-till,DE1,0.0
2027,Agri03_No-till,DE2,0.0
2027,Agri03_No-till,DE3,0.0
2027,Agri03_No-till,DE4,0.0
2027,Agri03_No-till,DE5,0.0
2027,Agri03_No-till,DE6,0.0
2027,Agri03_No-till,DE7,0.0
2027,Agri03_No-till,DE8,0.0
2027,Agri03_No-till,DE9,0.0
2027,Agri03_No-till,DEA,0.0
2027,Agri03_No-till,DEB,0.0
2027,Agri03_No-till,DEC,0.0
2027,Agri03_No-till,DEE,0.0
2027,Agri03_No-till,DED,0.0
2027,Agri03_No-till,DEF,0.0
2027,Agri03_No-till,DEG,0.0
2027,Agri04_toGrassland,DE1,35150.50596687937
2027,Agri04_toGrassland,DE2,68859.71088416324
2027,Agri04_toGrassland,DE3,6650.935270146062
2027,Agri04_toGrassland,DE4,31669.74434689234
2027,Agri04_toGrassland,DE5,3222.3483660600446
2027,Agri04_toGrassland,DE6,590.5421607300159
2027,Agri04_toGrassland,DE7,17028.972429814938
2027,Agri04_toGrassland,DE8,33684.497951620564
2027,Agri04_toGrassland,DE9,57935.11741398548
2027,Agri04_toGrassland,DEA,36358.28660774772
2027,Agri04_toGrassland,DEB,19364.493927589898
2027,Agri04_toGrassland,DEC,6040.390595026739
2027,Agri04_toGrassland,DEE,27395.234115323507
2027,Agri04_toGrassland,DED,21506.24453121816
2027,Agri04_toGrassland,DEF,19637.275572591407
2027,Agri04_toGrassland,DEG,15699.625925000359
2027,Agri05_Agroforestry,DE1,688649.6311073893
2027,Agri05_Agroforestry,DE2,1026574.3239729839
2027,Agri05_Agroforestry,DE3,21675.3239808602
2027,Agri05_Agroforestry,DE4,676905.5003561705
2027,Agri05_Agroforestry,DE5,177942.38523065642
2027,Agri05_Agroforestry,DE6,20379.185945774905
2027,Agri05_Agroforestry,DE7,220174.84462739303
2027,Agri05_Agroforestry,DE8,670199.5987520664
2027,Agri05_Agroforestry,DE9,913304.8026193419
2027,Agri05_Agroforestry,DEA,697003.5299817229
2027,Agri05_Agroforestry,DEB,424539.1433825965
2027,Agri05_Agroforestry,DEC,288128.0925280322
2027,Agri05_Agroforestry,DEE,510461.31777135574
2027,Agri05_Agroforestry,DED,448230.3592897354
2027,Agri05_Agroforestry,DEF,196975.88744795424
2027,Agri05_Agroforestry,DEG,157502.12794992878
2027,Agri06_Biochar,DE1,0.0
2027,Agri06_Biochar,DE2,0.0
2027,Agri06_Biochar,DE3,0.0
2027,Agri06_Biochar,DE4,0.0
2027,Agri06_Biochar,DE5,0.0
2027,Agri06_Biochar,DE6,0.0
2027,Agri06_Biochar,DE7,0.0
2027,Agri06_Biochar,DE8,0.0
2027,Agri06_Biochar,DE9,0.0
2027,Agri06_Biochar,DEA,0.0
2027,Agri06_Biochar,DEB,0.0
2027,Agri06_Biochar,DEC,0.0
2027,Agri06_Biochar,DEE,0.0
2027,Agri06_Biochar,DED,0.0
2027,Agri06_Biochar,DEF,0.0
2027,Agri06_Biochar,DEG,0.0
2028,Agri01_AGC,DE1,2443629.3258355535
2028,Agri01_AGC,DE2,6081869.841482109
2028,Agri01_AGC,DE3,0.0
2028,Agri01_AGC,DE4,1908366.2848587006
2028,Agri01_AGC,DE5,0.0
2028,Agri01_AGC,DE6,10198.473298027156
2028,Agri01_AGC,DE7,1493229.6077956206
2028,Agri01_AGC,DE8,2308017.1932556205
2028,Agri01_AGC,DE9,5132897.553882909
2028,Agri01_AGC,DEA,2516539.5011537266
2028,Agri01_AGC,DEB,1131215.4320964394
2028,Agri01_AGC,DEC,0.0
2028,Agri01_AGC,DEE,1951736.9026976975
2028,Agri01_AGC,DED,1286751.0636025844
2028,Agri01_AGC,DEF,1703677.8946384
2028,Agri01_AGC,DEG,1362065.4632717818
2028,Agri02_OFC,DE1,1678416.987754416
2028,Agri02_OFC,DE2,3128073.835396659
2028,Agri02_OFC,DE3,452799.299150902
2028,Agri02_OFC,DE4,1540208.6592511644
2028,Agri02_OFC,DE5,215362.73543961177
2028,Agri02_OFC,DE6,32567.20894592174
2028,Agri02_OFC,DE7,756859.236821132
2028,Agri02_OFC,DE8,1613509.9600859273
2028,Agri02_OFC,DE9,2656402.447447987
2028,Agri02_OFC,DEA,1728495.645568989
2028,Agri02_OFC,DEB,947041.2359802349
2028,Agri02_OFC,DEC,372632.1863089571
2028,Agri02_OFC,DEE,1295087.7128351775
2028,Agri02_OFC,DED,1040248.1597915835
2028,Agri02_OFC,DEF,844555.2211609441
2028,Agri02_OFC,DEG,675217.4753062614
2028,Agri03_No-till,DE1,0.0
2028,Agri03_No-till,DE2,0.0
2028,Agri03_No-till,DE3,0.0
2028,Agri03_No-till,DE4,0.0
2028,Agri03_No-till,DE5,0.0
2028,Agri03_No-till,DE6,0.0
2028,Agri03_No-till,DE7,0.0
2028,Agri03_No-till,DE8,0.0
2028,Agri03_No-till,DE9,0.0
2028,Agri03_No-till,DEA,0.0
2028,Agri03_No-till,DEB,0.0
2028,Agri03_No-till,DEC,0.0
2028,Agri03_No-till,DEE,0.0
2028,Agri03_No-till,DED,0.0
2028,Agri03_No-till,DEF,0.0
2028,Agri03_No-till,DEG,0.0
2028,Agri04_toGrassland,DE1,40113.15552721758
2028,Agri04_toGrassland,DE2,77266.7154976142
2028,Agri04_toGrassland,DE3,8701.542242066358
2028,Agri04_toGrassland,DE4,36371.1171526618
2028,Agri04_toGrassland,DE5,4182.839878796808
2028,Agri04_toGrassland,DE6,709.8340403207803
2028,Agri04_toGrassland,DE7,18970.637367346506
2028,Agri04_toGrassland,DE8,38482.048762186176
2028,Agri04_toGrassland,DE9,65210.559467945066
2028,Agri04_toGrassland,DEA,41429.041057832146
2028,Agri04_toGrassland,DEB,22282.551701592463
2028,Agri04_toGrassland,DEC,7585.429272780548
2028,Agri04_toGrassland,DEE,31155.943760993727
2028,Agri04_toGrassland,DED,24652.19751102878
2028,Agri04_toGrassland,DEF,21644.263789854544
2028,Agri04_toGrassland,DEG,17304.271117729153
2028,Agri05_Agroforestry,DE1,891418.0010684942
2028,Agri05_Agroforestry,DE2,1285408.0396689523
2028,Agri05_Agroforestry,DE3,22529.775004477757
2028,Agri05_Agroforestry,DE4,883818.7477476054
2028,Agri05_Agroforestry,DE5,184956.95411735642
2028,Agri05_Agroforestry,DE6,27566.22804846721
2028,Agri05_Agroforestry,DE7,269724.16664480156
2028,Agri05_Agroforestry,DE8,868918.8575680747
2028,Agri05_Agroforestry,DE9,1152357.8328125854
2028,Agri05_Agroforestry,DEA,900169.8496464094
2028,Agri05_Agroforestry,DEB,555624.3664183703
2028,Agri05_Agroforestry,DEC,395833.4767217286
2028,Agri05_Agroforestry,DEE,657227.6506249357
2028,Agri05_Agroforestry,DED,583830.7665321677
2028,Agri05_Agroforestry,DEF,229687.38809659798
2028,Agri05_Agroforestry,DEG,183664.50679588757
2028,Agri06_Biochar,DE1,0.0
2028,Agri06_Biochar,DE2,0.0
2028,Agri06_Biochar,DE3,0.0
2028,Agri06_Biochar,DE4,0.0
2028,Agri06_Biochar,DE5,0.0
2028,Agri06_Biochar,DE6,0.0
2028,Agri06_Biochar,DE7,0.0
2028,Agri06_Biochar,DE8,0.0
2028,Agri06_Biochar,DE9,0.0
2028,Agri06_Biochar,DEA,0.0
2028,Agri06_Biochar,DEB,0.0
2028,Agri06_Biochar,DEC,0.0
2028,Agri06_Biochar,DEE,0.0
2028,Agri06_Biochar,DED,0.0
2028,Agri06_Biochar,DEF,0.0
2028,Agri06_Biochar,DEG,0.0
2029,Agri01_AGC,DE1,2765978.1717040613
2029,Agri01_AGC,DE2,6532051.144292955
2029,Agri01_AGC,DE3,0.0
2029,Agri01_AGC,DE4,2233499.1567916586
2029,Agri01_AGC,DE5,0.0
2029,Agri01_AGC,DE6,20365.491944355857
2029,Agri01_AGC,DE7,1592126.204174896
2029,Agri01_AGC,DE8,2622360.195045392
2029,Agri01_AGC,DE9,5529957.252182315
2029,Agri01_AGC,DEA,2844589.674418081
2029,Agri01_AGC,DEB,1335686.9371111467
2029,Agri01_AGC,DEC,0.0
2029,Agri01_AGC,DEE,2190799.0534059945
2029,Agri01_AGC,DED,1503565.6233363484
2029,Agri01_AGC,DEF,1796719.480204702
2029,Agri01_AGC,DEG,1436459.1658498603
2029,Agri02_OFC,DE1,1898849.2220410325
2029,Agri02_OFC,DE2,3482253.3923203936
2029,Agri02_OFC,DE3,560154.3699046309
2029,Agri02_OFC,DE4,1752404.114661529
2029,Agri02_OFC,DE5,265425.87540273374
2029,Agri02_OFC,DE6,38391.671868248195
2029,Agri02_OFC,DE7,836334.4608576377
2029,Agri02_OFC,DE8,1827221.744619945
2029,Agri02_OFC,DE9,2966332.9186387123
2029,Agri02_OFC,DEA,1952816.1666463937
2029,Agri02_OFC,DEB,1079351.2876881773
2029,Agri02_OFC,DEC,451392.45314094686
2029,Agri02_OFC,DEE,1460565.2931230061
2029,Agri02_OFC,DED,1181590.7021063445
2029,Agri02_OFC,DEF,922498.067103995
2029,Agri02_OFC,DEG,737536.9893095471
2029,Agri03_No-till,DE1,0.0
2029,Agri03_No-till,DE2,0.0
2029,Agri03_No-till,DE3,0.0
2029,Agri03_No-till,DE4,0.0
2029,Agri03_No-till,DE5,0.0
2029,Agri03_No-till,DE6,0.0
2029,Agri03_No-till,DE7,0.0
2029,Agri03_No-till,DE8,0.0
2029,Agri03_No-till,DE9,0.0
2029,Agri03_No-till,DEA,0.0
2029,Agri03_No-till,DEB,0.0
2029,Agri03_No-till,DEC,0.0
2029,Agri03_No-till,DEE,0.0
2029,Agri03_No-till,DED,0.0
2029,Agri03_No-till,DEF,0.0
2029,Agri03_No-till,DEG,0.0
2029,Agri04_toGrassland,DE1,45035.59467511028
2029,Agri04_toGrassland,DE2,85318.62474810879
2029,Agri04_toGrassland,DE3,10978.159435651094
2029,Agri04_toGrassland,DE4,41084.62968544009
2029,Agri04_toGrassland,DE5,5245.893103516359
2029,Agri04_toGrassland,DE6,835.9988703791453
2029,Agri04_toGrassland,DE7,20795.614603279755
2029,Agri04_toGrassland,DE8,43249.8670682161
2029,Agri04_toGrassland,DE9,72229.73875277203
2029,Agri04_toGrassland,DEA,46445.086567101025
2029,Agri04_toGrassland,DEB,25217.15318987048
2029,Agri04_toGrassland,DEC,9269.040762681296
2029,Agri04_toGrassland,DEE,34862.82128850558
2029,Agri04_toGrassland,DED,27796.59054725847
2029,Agri04_toGrassland,DEF,23467.917155415187
2029,Agri04_toGrassland,DEG,18762.36389303278
2029,Agri05_Agroforestry,DE1,1126544.2161646239
2029,Agri05_Agroforestry,DE2,1577912.8577392302
2029,Agri05_Agroforestry,DE3,23384.226028095316
2029,Agri05_Agroforestry,DE4,1125087.4978145359
2029,Agri05_Agroforestry,DE5,191971.52300405642
2029,Agri05_Agroforestry,DE6,36108.714607600166
2029,Agri05_Agroforestry,DE7,324495.1477172022
2029,Agri05_Agroforestry,DE8,1099592.9345637753
2029,Agri05_Agroforestry,DE9,1424310.4469147704
2029,Agri05_Agroforestry,DEA,1135395.1540624292
2029,Agri05_Agroforestry,DEB,708697.2163959459
2029,Agri05_Agroforestry,DEC,524745.6079485242
2029,Agri05_Agroforestry,DEE,826793.606479996
2029,Agri05_Agroforestry,DED,741706.8910774116
2029,Agri05_Agroforestry,DEF,263174.8067775262
2029,Agri05_Agroforestry,DEG,210449.3990798027
2029,Agri06_Biochar,DE1,0.0
2029,Agri06_Biochar,DE2,0.0
2029,Agri06_Biochar,DE3,0.0
2029,Agri06_Biochar,DE4,0.0
2029,Agri06_Biochar,DE5,0.0
2029,Agri06_Biochar,DE6,0.0
2029,Agri06_Biochar,DE7,0.0
2029,Agri06_Biochar,DE8,0.0
2029,Agri06_Biochar,DE9,0.0
2029,Agri06_Biochar,DEA,0.0
2029,Agri06_Biochar,DEB,0.0
2029,Agri06_Biochar,DEC,0.0
2029,Agri06_Biochar,DEE,0.0
2029,Agri06_Biochar,DED,0.0
2029,Agri06_Biochar,DEF,0.0
2029,Agri06_Biochar,DEG,0.0
2030,Agri01_AGC,DE1,3059573.4341655564
2030,Agri01_AGC,DE2,6913866.542616066
2030,Agri01_AGC,DE3,0.0
2030,Agri01_AGC,DE4,2534832.8711015778
2030,Agri01_AGC,DE5,0.0
2030,Agri01_AGC,DE6,30378.2819041022
2030,Agri01_AGC,DE7,1672858.1326035103
2030,Agri01_AGC,DE8,2909532.228354156
2030,Agri01_AGC,DE9,5871348.622691683
2030,Agri01_AGC,DEA,3142326.8598328787
2030,Agri01_AGC,DEB,1526003.7667992827
2030,Agri01_AGC,DEC,147068.8794076469
2030,Agri01_AGC,DEE,2406471.6371293785
2030,Agri01_AGC,DED,1703791.5940234703
2030,Agri01_AGC,DEF,1866689.3411855553
2030,Agri01_AGC,DEG,1492408.3500470424
2030,Agri02_OFC,DE1,2099219.619616172
2030,Agri02_OFC,DE2,3788968.215042727
2030,Agri02_OFC,DE3,670615.4839436301
2030,Agri02_OFC,DE4,1947953.3361720566
2030,Agri02_OFC,DE5,316788.86750223953
2030,Agri02_OFC,DE6,44102.100353881055
2030,Agri02_OFC,DE7,903218.6644528155
2030,Agri02_OFC,DE8,2021968.4154405785
2030,Agri02_OFC,DE9,3237584.454896449
2030,Agri02_OFC,DEA,2155997.996893025
2030,Agri02_OFC,DEB,1201752.4506252266
2030,Agri02_OFC,DEC,531003.3489981432
2030,Agri02_OFC,DEE,1609742.747340209
2030,Agri02_OFC,DED,1311339.5020658448
2030,Agri02_OFC,DEF,984480.3618434934
2030,Agri02_OFC,DEG,787096.947502347
2030,Agri03_No-till,DE1,0.0
2030,Agri03_No-till,DE2,0.0
2030,Agri03_No-till,DE3,0.0
2030,Agri03_No-till,DE4,0.0
2030,Agri03_No-till,DE5,0.0
2030,Agri03_No-till,DE6,0.0
2030,Agri03_No-till,DE7,0.0
2030,Agri03_No-till,DE8,0.0
2030,Agri03_No-till,DE9,0.0
2030,Agri03_No-till,DEA,0.0
2030,Agri03_No-till,DEB,0.0
2030,Agri03_No-till,DEC,0.0
2030,Agri03_No-till,DEE,0.0
2030,Agri03_No-till,DED,0.0
2030,Agri03_No-till,DEF,0.0
2030,Agri03_No-till,DEG,0.0
2030,Agri04_toGrassland,DE1,49909.3242140817
2030,Agri04_toGrassland,DE2,93016.24825978061
2030,Agri04_toGrassland,DE3,13464.417477963463
2030,Agri04_toGrassland,DE4,45799.56821978383
2030,Agri04_toGrassland,DE5,6404.015608223702
2030,Agri04_toGrassland,DE6,968.4169082466282
2030,Agri04_toGrassland,DE7,22505.928687880652
2030,Agri04_toGrassland,DE8,47979.25206198014
2030,Agri04_toGrassland,DE9,78990.65128633013
2030,Agri04_toGrassland,DEA,51398.46069643915
2030,Agri04_toGrassland,DEB,28161.171172296392
2030,Agri04_toGrassland,DEC,11080.572190810697
2030,Agri04_toGrassland,DEE,38510.66392746856
2030,Agri04_toGrassland,DED,30932.76763100578
2030,Agri04_toGrassland,DEF,25113.652124083805
2030,Agri04_toGrassland,DEG,20078.233321006406
2030,Agri05_Agroforestry,DE1,1396115.07050483
2030,Agri05_Agroforestry,DE2,1905964.125571696
2030,Agri05_Agroforestry,DE3,24238.67705171287
2030,Agri05_Agroforestry,DE4,1402979.2129799374
2030,Agri05_Agroforestry,DE5,198986.09189075642
2030,Agri05_Agroforestry,DE6,46102.14962326029
2030,Agri05_Agroforestry,DE7,384720.3597975152
2030,Agri05_Agroforestry,DE8,1364292.0642162082
2030,Agri05_Agroforestry,DE9,1731080.763267765
2030,Agri05_Agroforestry,DEA,1404732.9059127131
2030,Agri05_Agroforestry,DEB,885217.1711308305
2030,Agri05_Agroforestry,DEC,676388.0495429296
2030,Agri05_Agroforestry,DEE,1020605.4523822231
2030,Agri05_Agroforestry,DED,923320.0137953649
2030,Agri05_Agroforestry,DEF,297315.77548849385
2030,Agri05_Agroforestry,DEG,237759.1363765668
2030,Agri06_Biochar,DE1,0.0
2030,Agri06_Biochar,DE2,0.0
2030,Agri06_Biochar,DE3,0.0
2030,Agri06_Biochar,DE4,0.0
2030,Agri06_Biochar,DE5,0.0
2030,Agri06_Biochar,DE6,0.0
2030,Agri06_Biochar,DE7,0.0
2030,Agri06_Biochar,DE8,0.0
2030,Agri06_Biochar,DE9,0.0
2030,Agri06_Biochar,DEA,0.0
2030,Agri06_Biochar,DEB,0.0
2030,Agri06_Biochar,DEC,0.0
2030,Agri06_Biochar,DEE,0.0
2030,Agri06_Biochar,DED,0.0
2030,Agri06_Biochar,DEF,0.0
2030,Agri06_Biochar,DEG,0.0
2031,Agri01_AGC,DE1,3322731.3810607037
2031,Agri01_AGC,DE2,7227476.426930085
2031,Agri01_AGC,DE3,14501.289214926994
2031,Agri01_AGC,DE4,2810244.9866698384
2031,Agri01_AGC,DE5,46623.07974001088
2031,Agri01_AGC,DE6,40114.06914238229
2031,Agri01_AGC,DE7,1735826.466335943
2031,Agri01_AGC,DE8,3167809.620852493
2031,Agri01_AGC,DE9,6156674.666803067
2031,Agri01_AGC,DEA,3408173.65948253
2031,Agri01_AGC,DEB,1700753.9841889606
2031,Agri01_AGC,DEC,293424.05746642424
2031,Agri01_AGC,DEE,2597723.9597488088
2031,Agri01_AGC,DED,1886110.3879277827
2031,Agri01_AGC,DEF,1914660.5036228923
2031,Agri01_AGC,DEG,1530770.6257044517
2031,Agri02_OFC,DE1,2278358.9842493627
2031,Agri02_OFC,DE2,4048329.679914102
2031,Agri02_OFC,DE3,781930.7802610992
2031,Agri02_OFC,DE4,2125382.4847629685
2031,Agri02_OFC,DE5,368421.0115689316
2031,Agri02_OFC,DE6,49613.23919284528
2031,Agri02_OFC,DE7,957790.3558804906
2031,Agri02_OFC,DE8,2196553.041563911
2031,Agri02_OFC,DE9,3469881.3774124617
2031,Agri02_OFC,DEA,2336945.779374209
2031,Agri02_OFC,DEB,1313264.2651760934
2031,Agri02_OFC,DEC,609999.4059313739
2031,Agri02_OFC,DEE,1741904.3537658048
2031,Agri02_OFC,DED,1428578.922463701
2031,Agri02_OFC,DEF,1031247.2227049395
2031,Agri02_OFC,DEG,824492.8805858457
2031,Agri03_No-till,DE1,0.0
2031,Agri03_No-till,DE2,0.0
2031,Agri03_No-till,DE3,0.0
2031,Agri03_No-till,DE4,0.0
2031,Agri03_No-till,DE5,0.0
2031,Agri03_No-till,DE6,0.0
2031,Agri03_No-till,DE7,0.0
2031,Agri03_No-till,DE8,0.0
2031,Agri03_No-till,DE9,0.0
2031,Agri03_No-till,DEA,0.0
2031,Agri03_No-till,DEB,0.0
2031,Agri03_No-till,DEC,0.0
2031,Agri03_No-till,DEE,0.0
2031,Agri03_No-till,DED,0.0
2031,Agri03_No-till,DEF,0.0
2031,Agri03_No-till,DEG,0.0
2031,Agri04_toGrassland,DE1,54725.84494765609
2031,Agri04_toGrassland,DE2,100360.39565676334
2031,Agri04_toGrassland,DE3,16143.946996066657
2031,Agri04_toGrassland,DE4,50505.21903024959
2031,Agri04_toGrassland,DE5,7649.714960923846
2031,Agri04_toGrassland,DE6,1106.4684112647462
2031,Agri04_toGrassland,DE7,24103.604171415147
2031,Agri04_toGrassland,DE8,52661.50293574806
2031,Agri04_toGrassland,DE9,85491.29308648309
2031,Agri04_toGrassland,DEA,56281.201006731295
2031,Agri04_toGrassland,DEB,31107.478428742626
2031,Agri04_toGrassland,DEC,13009.370683250472
2031,Agri04_toGrassland,DEE,42094.26890749216
2031,Agri04_toGrassland,DED,34054.07275336924
2031,Agri04_toGrassland,DEF,26586.885150670874
2031,Agri04_toGrassland,DEG,21256.20847174519
2031,Agri05_Agroforestry,DE1,1702217.3581981645
2031,Agri05_Agroforestry,DE2,2271437.190554229
2031,Agri05_Agroforestry,DE3,25093.128075330427
2031,Agri05_Agroforestry,DE4,1719761.3556667867
2031,Agri05_Agroforestry,DE5,206000.6607774564
2031,Agri05_Agroforestry,DE6,57642.03709553408
2031,Agri05_Agroforestry,DE7,450632.3748386611
2031,Agri05_Agroforestry,DE8,1665086.481002414
2031,Agri05_Agroforestry,DE9,2074586.900213438
2031,Agri05_Agroforestry,DEA,1710236.5678801935
2031,Agri05_Agroforestry,DEB,1086643.7084385315
2031,Agri05_Agroforestry,DEC,852284.3648394563
2031,Agri05_Agroforestry,DEE,1240109.4553773047
2031,Agri05_Agroforestry,DED,1130131.4155559256
2031,Agri05_Agroforestry,DEF,331987.92622725584
2031,Agri05_Agroforestry,DEG,265496.05026107264
2031,Agri06_Biochar,DE1,0.0
2031,Agri06_Biochar,DE2,0.0
2031,Agri06_Biochar,DE3,0.0
2031,Agri06_Biochar,DE4,0.0
2031,Agri06_Biochar,DE5,0.0
2031,Agri06_Biochar,DE6,0.0
2031,Agri06_Biochar,DE7,0.0
2031,Agri06_Biochar,DE8,0.0
2031,Agri06_Biochar,DE9,0.0
2031,Agri06_Biochar,DEA,0.0
2031,Agri06_Biochar,DEB,0.0
2031,Agri06_Biochar,DEC,0.0
2031,Agri06_Biochar,DEE,0.0
2031,Agri06_Biochar,DED,0.0
2031,Agri06_Biochar,DEF,0.0
2031,Agri06_Biochar,DEG,0.0
2032,Agri01_AGC,DE1,3553768.2802301687
2032,Agri01_AGC,DE2,7473041.187713654
2032,Agri01_AGC,DE3,13755.373504437199
2032,Agri01_AGC,DE4,3057613.062377822
2032,Agri01_AGC,DE5,44224.886921837526
2032,Agri01_AGC,DE6,49450.079624312224
2032,Agri01_AGC,DE7,1781432.2786266748
2032,Agri01_AGC,DE8,3395468.7002109853
2032,Agri01_AGC,DE9,6385538.38590852
2032,Agri01_AGC,DEA,3640552.675451445
2032,Agri01_AGC,DEB,1858525.652308294
2032,Agri01_AGC,DEC,373470.7645218565
2032,Agri01_AGC,DEE,2763525.3271452445
2032,Agri01_AGC,DED,2049203.4173131182
2032,Agri01_AGC,DEF,1941705.9935586455
2032,Agri01_AGC,DEG,1552403.6026632125
2032,Agri02_OFC,DE1,2435098.119710136
2032,Agri02_OFC,DE2,4260449.163284963
2032,Agri02_OFC,DE3,891848.3978502385
2032,Agri02_OFC,DE4,2283217.721414486
2032,Agri02_OFC,DE5,419291.6074336124
2032,Agri02_OFC,DE6,54839.83317516583
2032,Agri02_OFC,DE7,1000328.0434144883
2032,Agri02_OFC,DE8,2349778.6920060273
2032,Agri02_OFC,DE9,3662948.007378016
2032,Agri02_OFC,DEA,2494564.1571552744
2032,Agri02_OFC,DEB,1412906.2717254895
2032,Agri02_OFC,DEC,686915.1559914668
2032,Agri02_OFC,DEE,1856334.390678813
2032,Agri02_OFC,DED,1532393.3260935307
2032,Agri02_OFC,DEF,1063543.7670138343
2032,Agri02_OFC,DEG,850320.3192612282
2032,Agri03_No-till,DE1,0.0
2032,Agri03_No-till,DE2,0.0
2032,Agri03_No-till,DE3,0.0
2032,Agri03_No-till,DE4,0.0
2032,Agri03_No-till,DE5,0.0
2032,Agri03_No-till,DE6,0.0
2032,Agri03_No-till,DE7,0.0
2032,Agri03_No-till,DE8,0.0
2032,Agri03_No-till,DE9,0.0
2032,Agri03_No-till,DEA,0.0
2032,Agri03_No-till,DEB,0.0
2032,Agri03_No-till,DEC,0.0
2032,Agri03_No-till,DEE,0.0
2032,Agri03_No-till,DED,0.0
2032,Agri03_No-till,DEF,0.0
2032,Agri03_No-till,DEG,0.0
2032,Agri04_toGrassland,DE1,59476.65767935771
2032,Agri04_toGrassland,DE2,107351.87656319064
2032,Agri04_toGrassland,DE3,19000.378617023875
2032,Agri04_toGrassland,DE4,55190.86839139396
2032,Agri04_toGrassland,DE5,8975.4987296218
2032,Agri04_toGrassland,DE6,1249.5336367750176
2032,Agri04_toGrassland,DE7,25590.66560414922
2032,Agri04_toGrassland,DE8,57287.918881789665
2032,Agri04_toGrassland,DE9,91729.66017109466
2032,Agri04_toGrassland,DEA,61085.34505886225
2032,Agri04_toGrassland,DEB,34048.947739081625
2032,Agri04_toGrassland,DEC,15044.78336608234
2032,Agri04_toGrassland,DEE,45608.43345818588
2032,Agri04_toGrassland,DED,37153.849905447416
2032,Agri04_toGrassland,DEF,27893.03268998686
2032,Agri04_toGrassland,DEG,22300.618415344314
2032,Agri05_Agroforestry,DE1,2046937.873353679
2032,Agri05_Agroforestry,DE2,2676207.400074709
2032,Agri05_Agroforestry,DE3,25947.579098947986
2032,Agri05_Agroforestry,DE4,2077701.388298059
2032,Agri05_Agroforestry,DE5,213015.22966415636
2032,Agri05_Agroforestry,DE6,70823.88102450805
2032,Agri05_Agroforestry,DE7,522463.76479356014
2032,Agri05_Agroforestry,DE8,2004046.4193994326
2032,Agri05_Agroforestry,DE9,2456746.9760936587
2032,Agri05_Agroforestry,DEA,2053959.602647801
2032,Agri05_Agroforestry,DEB,1314436.3061345567
2032,Agri05_Agroforestry,DEC,949133.5990737306
2032,Agri05_Agroforestry,DEE,1486751.8825109282
2032,Agri05_Agroforestry,DED,1363602.3772289918
2032,Agri05_Agroforestry,DEF,367068.89099156717
2032,Agri05_Agroforestry,DEG,293562.47230821307
2032,Agri06_Biochar,DE1,0.0
2032,Agri06_Biochar,DE2,0.0
2032,Agri06_Biochar,DE3,0.0
2032,Agri06_Biochar,DE4,0.0
2032,Agri06_Biochar,DE5,0.0
2032,Agri06_Biochar,DE6,0.0
2032,Agri06_Biochar,DE7,0.0
2032,Agri06_Biochar,DE8,0.0
2032,Agri06_Biochar,DE9,0.0
2032,Agri06_Biochar,DEA,0.0
2032,Agri06_Biochar,DEB,0.0
2032,Agri06_Biochar,DEC,0.0
2032,Agri06_Biochar,DEE,0.0
2032,Agri06_Biochar,DED,0.0
2032,Agri06_Biochar,DEF,0.0
2032,Agri06_Biochar,DEG,0.0
2033,Agri01_AGC,DE1,3751000.399514616
2033,Agri01_AGC,DE2,7650721.215445414
2033,Agri01_AGC,DE3,13009.457793947406
2033,Agri01_AGC,DE4,3274814.6571069094
2033,Agri01_AGC,DE5,41826.69410366418
2033,Agri01_AGC,DE6,58263.539315008114
2033,Agri01_AGC,DE7,1810076.6427301855
2033,Agri01_AGC,DE8,3590785.794100211
2033,Agri01_AGC,DE9,6557542.781400095
2033,Agri01_AGC,DEA,3837886.5098240334
2033,Agri01_AGC,DEB,1997906.8341853959
2033,Agri01_AGC,DEC,353218.4819811008
2033,Agri01_AGC,DEE,2902845.0451996448
2033,Agri01_AGC,DED,2191752.0944433096
2033,Agri01_AGC,DEF,1948898.8370347465
2033,Agri01_AGC,DEG,1558164.8907644488
2033,Agri02_OFC,DE1,2568267.8297680225
2033,Agri02_OFC,DE2,4425438.041505751
2033,Agri02_OFC,DE3,998116.4757042477
2033,Agri02_OFC,DE4,2419985.2071068306
2033,Agri02_OFC,DE5,468369.95492708444
2033,Agri02_OFC,DE6,59696.62709086766
2033,Agri02_OFC,DE7,1031110.2353286339
2033,Agri02_OFC,DE8,2480448.435783013
2033,Agri02_OFC,DE9,3816508.6659843777
2033,Agri02_OFC,DEA,2627757.773301547
2033,Agri02_OFC,DEB,1499698.0106581259
2033,Agri02_OFC,DEC,760285.1312292496
2033,Agri02_OFC,DEE,1952317.1363582525
2033,Agri02_OFC,DED,1621867.0757489502
2033,Agri02_OFC,DEF,1082115.1120956785
2033,Agri02_OFC,DEG,865174.7942296792
2033,Agri03_No-till,DE1,0.0
2033,Agri03_No-till,DE2,0.0
2033,Agri03_No-till,DE3,0.0
2033,Agri03_No-till,DE4,0.0
2033,Agri03_No-till,DE5,0.0
2033,Agri03_No-till,DE6,0.0
2033,Agri03_No-till,DE7,0.0
2033,Agri03_No-till,DE8,0.0
2033,Agri03_No-till,DE9,0.0
2033,Agri03_No-till,DEA,0.0
2033,Agri03_No-till,DEB,0.0
2033,Agri03_No-till,DEC,0.0
2033,Agri03_No-till,DEE,0.0
2033,Agri03_No-till,DED,0.0
2033,Agri03_No-till,DEF,0.0
2033,Agri03_No-till,DEG,0.0
2033,Agri04_toGrassland,DE1,64153.26321271081
2033,Agri04_toGrassland,DE2,113991.50060319617
2033,Agri04_toGrassland,DE3,22017.34296789831
2033,Agri04_toGrassland,DE4,59845.80257777353
2033,Agri04_toGrassland,DE5,10373.874482322572
2033,Agri04_toGrassland,DE6,1396.9928421189595
2033,Agri04_toGrassland,DE7,26969.137536348826
2033,Agri04_toGrassland,DE8,61849.79909237472
2033,Agri04_toGrassland,DE9,97703.74855802859
2033,Agri04_toGrassland,DEA,65802.93041371678
2033,Agri04_toGrassland,DEB,36978.451883185815
2033,Agri04_toGrassland,DEC,17176.157365388015
2033,Agri04_toGrassland,DEE,49047.9548091592
2033,Agri04_toGrassland,DED,40225.44307833882
2033,Agri04_toGrassland,DEF,29037.511196842235
2033,Agri04_toGrassland,DEG,23215.79222189893
2033,Agri05_Agroforestry,DE1,2432363.410080426
2033,Agri05_Agroforestry,DE2,3122150.101521015
2033,Agri05_Agroforestry,DE3,26802.030122565542
2033,Agri05_Agroforestry,DE4,2479066.773296731
2033,Agri05_Agroforestry,DE5,220029.79855085633
2033,Agri05_Agroforestry,DE6,85743.18541026874
2033,Agri05_Agroforestry,DE7,600447.1016151328
2033,Agri05_Agroforestry,DE8,2383242.1138843047
2033,Agri05_Agroforestry,DE9,2879479.1092502964
2033,Agri05_Agroforestry,DEA,2437955.4728984674
2033,Agri05_Agroforestry,DEB,1570054.4420344129
2033,Agri05_Agroforestry,DEC,980388.4676757592
2033,Agri05_Agroforestry,DEE,1761979.000828781
2033,Agri05_Agroforestry,DED,1625194.1796844616
2033,Agri05_Agroforestry,DEF,402436.30177918274
2033,Agri05_Agroforestry,DEG,321860.73409288074
2033,Agri06_Biochar,DE1,0.0
2033,Agri06_Biochar,DE2,0.0
2033,Agri06_Biochar,DE3,0.0
2033,Agri06_Biochar,DE4,0.0
2033,Agri06_Biochar,DE5,0.0
2033,Agri06_Biochar,DE6,0.0
2033,Agri06_Biochar,DE7,0.0
2033,Agri06_Biochar,DE8,0.0
2033,Agri06_Biochar,DE9,0.0
2033,Agri06_Biochar,DEA,0.0
2033,Agri06_Biochar,DEB,0.0
2033,Agri06_Biochar,DEC,0.0
2033,Agri06_Biochar,DEE,0.0
2033,Agri06_Biochar,DED,0.0
2033,Agri06_Biochar,DEF,0.0
2033,Agri06_Biochar,DEG,0.0
2034,Agri01_AGC,DE1,3912744.0067547094
2034,Agri01_AGC,DE2,7760676.900604004
2034,Agri01_AGC,DE3,12263.542083457609
2034,Agri01_AGC,DE4,3459727.3297384796
2034,Agri01_AGC,DE5,39428.50128549083
2034,Agri01_AGC,DE6,64762.94142343118
2034,Agri01_AGC,DE7,1822160.6319009548
2034,Agri01_AGC,DE8,3752037.23019075
2034,Agri01_AGC,DE9,6672290.854669843
2034,Agri01_AGC,DEA,3998597.7646847027
2034,Agri01_AGC,DEB,2117485.592848379
2034,Agri01_AGC,DEC,332966.199440345
2034,Agri01_AGC,DEE,3014652.4197929683
2034,Agri01_AGC,DED,2312437.8315821886
2034,Agri01_AGC,DEF,1937312.060093127
2034,Agri01_AGC,DEG,1548912.0998492842
2034,Agri02_OFC,DE1,2676698.918192551
2034,Agri02_OFC,DE2,4543407.69092691
2034,Agri02_OFC,DE3,1098483.1528163273
2034,Agri02_OFC,DE4,2534211.1028202237
2034,Agri02_OFC,DE5,514625.3538801503
2034,Agri02_OFC,DE6,64098.365729975725
2034,Agri02_OFC,DE7,1050415.4398967524
2034,Agri02_OFC,DE8,2587365.341910951
2034,Agri02_OFC,DE9,3930287.6744228117
2034,Agri02_OFC,DEA,2735431.2708783536
2034,Agri02_OFC,DEB,1572659.022358713
2034,Agri02_OFC,DEC,828643.8636955502
2034,Agri02_OFC,DEE,2029136.869083142
2034,Agri02_OFC,DED,1696084.5342235765
2034,Agri02_OFC,DEF,1087706.375275972
2034,Agri02_OFC,DEG,869651.8361923833
2034,Agri03_No-till,DE1,0.0
2034,Agri03_No-till,DE2,0.0
2034,Agri03_No-till,DE3,0.0
2034,Agri03_No-till,DE4,0.0
2034,Agri03_No-till,DE5,0.0
2034,Agri03_No-till,DE6,0.0
2034,Agri03_No-till,DE7,0.0
2034,Agri03_No-till,DE8,0.0
2034,Agri03_No-till,DE9,0.0
2034,Agri03_No-till,DEA,0.0
2034,Agri03_No-till,DEB,0.0
2034,Agri03_No-till,DEC,0.0
2034,Agri03_No-till,DEE,0.0
2034,Agri03_No-till,DED,0.0
2034,Agri03_No-till,DEF,0.0
2034,Agri03_No-till,DEG,0.0
2034,Agri04_toGrassland,DE1,68747.16235123965
2034,Agri04_toGrassland,DE2,120280.07740091358
2034,Agri04_toGrassland,DE3,25178.47067575315
2034,Agri04_toGrassland,DE4,64459.307863944916
2034,Agri04_toGrassland,DE5,11837.34978703117
2034,Agri04_toGrassland,DE6,1548.2262846380897
2034,Agri04_toGrassland,DE7,28241.044518279934
2034,Agri04_toGrassland,DE8,66338.44275977304
2034,Agri04_toGrassland,DE9,103411.55426514863
2034,Agri04_toGrassland,DEA,70425.9946321797
2034,Agri04_toGrassland,DEB,39888.863640927644
2034,Agri04_toGrassland,DEC,19392.83980724922
2034,Agri04_toGrassland,DEE,52407.63019002164
2034,Agri04_toGrassland,DED,43262.19626314204
2034,Agri04_toGrassland,DEF,30025.737126047476
2034,Agri04_toGrassland,DEG,24006.058961504215
2034,Agri05_Agroforestry,DE1,2860580.7624874567
2034,Agri05_Agroforestry,DE2,3611140.642281026
2034,Agri05_Agroforestry,DE3,27656.4811461831
2034,Agri05_Agroforestry,DE4,2926124.973085779
2034,Agri05_Agroforestry,DE5,227044.36743755636
2034,Agri05_Agroforestry,DE6,102495.45425290267
2034,Agri05_Agroforestry,DE7,684814.9572562996
2034,Agri05_Agroforestry,DE8,2804743.798934072
2034,Agri05_Agroforestry,DE9,3344701.4180252193
2034,Agri05_Agroforestry,DEA,2864277.641315125
2034,Agri05_Agroforestry,DEB,1854957.5939536085
2034,Agri05_Agroforestry,DEC,1011643.336277788
2034,Agri05_Agroforestry,DEE,2067237.0773765503
2034,Agri05_Agroforestry,DED,1916368.1037922334
2034,Agri05_Agroforestry,DEF,437967.7905878574
2034,Agri05_Agroforestry,DEG,350293.1671899685
2034,Agri06_Biochar,DE1,0.0
2034,Agri06_Biochar,DE2,0.0
2034,Agri06_Biochar,DE3,0.0
2034,Agri06_Biochar,DE4,0.0
2034,Agri06_Biochar,DE5,0.0
2034,Agri06_Biochar,DE6,0.0
2034,Agri06_Biochar,DE7,0.0
2034,Agri06_Biochar,DE8,0.0
2034,Agri06_Biochar,DE9,0.0
2034,Agri06_Biochar,DEA,0.0
2034,Agri06_Biochar,DEB,0.0
2034,Agri06_Biochar,DEC,0.0
2034,Agri06_Biochar,DEE,0.0
2034,Agri06_Biochar,DED,0.0
2034,Agri06_Biochar,DEF,0.0
2034,Agri06_Biochar,DEG,0.0
2035,Agri01_AGC,DE1,4037315.3697911147
2035,Agri01_AGC,DE2,7803068.633668067
2035,Agri01_AGC,DE3,11517.626372967812
2035,Agri01_AGC,DE4,3610228.639153915
2035,Agri01_AGC,DE5,37030.30846731747
2035,Agri01_AGC,DE6,60823.810694599546
2035,Agri01_AGC,DE7,1818085.319393463
2035,Agri01_AGC,DE8,3877499.336153184
2035,Agri01_AGC,DE9,6729385.607109818
2035,Agri01_AGC,DEA,4121109.042117864
2035,Agri01_AGC,DEB,2215849.9913253575
2035,Agri01_AGC,DEC,312713.91689958924
2035,Agri01_AGC,DEE,3097916.7568061734
2035,Agri01_AGC,DED,2409942.040993588
2035,Agri01_AGC,DEF,1908018.6887757194
2035,Agri01_AGC,DEG,1525502.839758843
2035,Agri02_OFC,DE1,2759222.1887532515
2035,Agri02_OFC,DE2,4614469.487898884
2035,Agri02_OFC,DE3,1190696.5681796765
2035,Agri02_OFC,DE4,2624421.569534886
2035,Agri02_OFC,DE5,557027.1041236123
2035,Agri02_OFC,DE6,67959.79388251496
2035,Agri02_OFC,DE7,1058522.1653926692
2035,Agri02_OFC,DE8,2669332.4794059265
2035,Agri02_OFC,DE9,4004009.353884583
2035,Agri02_OFC,DEA,2816489.292951021
2035,Agri02_OFC,DEB,1630808.847211962
2035,Agri02_OFC,DEC,890525.8854411964
2035,Agri02_OFC,DEE,2086077.8671325005
2035,Agri02_OFC,DED,1754130.0643110264
2035,Agri02_OFC,DEF,1081062.673880216
2035,Agri02_OFC,DEG,864346.9758505253
2035,Agri03_No-till,DE1,0.0
2035,Agri03_No-till,DE2,0.0
2035,Agri03_No-till,DE3,0.0
2035,Agri03_No-till,DE4,0.0
2035,Agri03_No-till,DE5,0.0
2035,Agri03_No-till,DE6,0.0
2035,Agri03_No-till,DE7,0.0
2035,Agri03_No-till,DE8,0.0
2035,Agri03_No-till,DE9,0.0
2035,Agri03_No-till,DEA,0.0
2035,Agri03_No-till,DEB,0.0
2035,Agri03_No-till,DEC,0.0
2035,Agri03_No-till,DEE,0.0
2035,Agri03_No-till,DED,0.0
2035,Agri03_No-till,DEF,0.0
2035,Agri03_No-till,DEG,0.0
2035,Agri04_toGrassland,DE1,73249.85589846845
2035,Agri04_toGrassland,DE2,126218.41658047654
2035,Agri04_toGrassland,DE3,28467.392367651595
2035,Agri04_toGrassland,DE4,69020.67052446467
2035,Agri04_toGrassland,DE5,13358.4322117526
2035,Agri04_toGrassland,DE6,1702.6142216739254
2035,Agri04_toGrassland,DE7,29408.4111002085
2035,Agri04_toGrassland,DE8,70745.1490762544
2035,Agri04_toGrassland,DE9,108851.07331031852
2035,Agri04_toGrassland,DEA,74946.57527513575
2035,Agri04_toGrassland,DEB,42773.05579217954
2035,Agri04_toGrassland,DEC,21684.177817747666
2035,Agri04_toGrassland,DEE,55682.25683038268
2035,Agri04_toGrassland,DED,46257.45345095558
2035,Agri04_toGrassland,DEF,30863.126932413044
2035,Agri04_toGrassland,DEG,24675.74770425533
2035,Agri05_Agroforestry,DE1,3333676.724683821
2035,Agri05_Agroforestry,DE2,4145054.3697426207
2035,Agri05_Agroforestry,DE3,28510.932169800653
2035,Agri05_Agroforestry,DE4,3421143.4500881783
2035,Agri05_Agroforestry,DE5,234058.9363242563
2035,Agri05_Agroforestry,DE6,121176.19155249627
2035,Agri05_Agroforestry,DE7,775799.9036699802
2035,Agri05_Agroforestry,DE8,3270621.7090257714
2035,Agri05_Agroforestry,DE9,3854332.020760296
2035,Agri05_Agroforestry,DEA,3334979.570580703
2035,Agri05_Agroforestry,DEB,2170605.2397076497
2035,Agri05_Agroforestry,DEC,1042898.2048798165
2035,Agri05_Agroforestry,DEE,2403972.3791999226
2035,Agri05_Agroforestry,DED,2238585.4304222036
2035,Agri05_Agroforestry,DEF,473540.9894153461
2035,Agri05_Agroforestry,DEG,378762.10317436897
2035,Agri06_Biochar,DE1,0.0
2035,Agri06_Biochar,DE2,0.0
2035,Agri06_Biochar,DE3,0.0
2035,Agri06_Biochar,DE4,0.0
2035,Agri06_Biochar,DE5,0.0
2035,Agri06_Biochar,DE6,0.0
2035,Agri06_Biochar,DE7,0.0
2035,Agri06_Biochar,DE8,0.0
2035,Agri06_Biochar,DE9,0.0
2035,Agri06_Biochar,DEA,0.0
2035,Agri06_Biochar,DEB,0.0
2035,Agri06_Biochar,DEC,0.0
2035,Agri06_Biochar,DEE,0.0
2035,Agri06_Biochar,DED,0.0
2035,Agri06_Biochar,DEF,0.0
2035,Agri06_Biochar,DEG,0.0
2036,Agri01_AGC,DE1,4123030.756464497
2036,Agri01_AGC,DE2,7778056.8051162455
2036,Agri01_AGC,DE3,10771.710662478017
2036,Agri01_AGC,DE4,3724196.1442345963
2036,Agri01_AGC,DE5,34632.11564914412
2036,Agri01_AGC,DE6,56884.67996576793
2036,Agri01_AGC,DE7,1798251.7784621906
2036,Agri01_AGC,DE8,3965448.4396580923
2036,Agri01_AGC,DE9,6728430.040112073
2036,Agri01_AGC,DEA,4203842.944207927
2036,Agri01_AGC,DEB,2291588.0926444447
2036,Agri01_AGC,DEC,292461.63435883354
2036,Agri01_AGC,DEE,3151607.362120221
2036,Agri01_AGC,DED,2482946.134941341
2036,Agri01_AGC,DEF,1862091.7491244562
2036,Agri01_AGC,DEG,1488794.7203342495
2036,Agri02_OFC,DE1,2814668.445219654
2036,Agri02_OFC,DE2,4638734.808772117
2036,Agri02_OFC,DE3,1272504.860787496
2036,Agri02_OFC,DE4,2689142.76823104
2036,Agri02_OFC,DE5,594544.5054882731
2036,Agri02_OFC,DE6,71195.65633851035
2036,Agri02_OFC,DE7,1055708.9200902095
2036,Agri02_OFC,DE8,2725152.917284024
2036,Agri02_OFC,DE9,4037398.0255609574
2036,Agri02_OFC,DEA,2869836.4825848774
2036,Agri02_OFC,DEB,1673167.0256025847
2036,Agri02_OFC,DEC,944465.7285170159
2036,Agri02_OFC,DEE,2122424.4087853474
2036,Agri02_OFC,DED,1795088.0288049167
2036,Agri02_OFC,DEF,1062929.125233911
2036,Agri02_OFC,DEG,849855.7439052901
2036,Agri03_No-till,DE1,0.0
2036,Agri03_No-till,DE2,0.0
2036,Agri03_No-till,DE3,0.0
2036,Agri03_No-till,DE4,0.0
2036,Agri03_No-till,DE5,0.0
2036,Agri03_No-till,DE6,0.0
2036,Agri03_No-till,DE7,0.0
2036,Agri03_No-till,DE8,0.0
2036,Agri03_No-till,DE9,0.0
2036,Agri03_No-till,DEA,0.0
2036,Agri03_No-till,DEB,0.0
2036,Agri03_No-till,DEC,0.0
2036,Agri03_No-till,DEE,0.0
2036,Agri03_No-till,DED,0.0
2036,Agri03_No-till,DEF,0.0
2036,Agri03_No-till,DEG,0.0
2036,Agri04_toGrassland,DE1,77652.8446579215
2036,Agri04_toGrassland,DE2,131807.32776601866
2036,Agri04_toGrassland,DE3,31867.738670656843
2036,Agri04_toGrassland,DE4,73519.17683388942
2036,Agri04_toGrassland,DE5,14929.629324491876
2036,Agri04_toGrassland,DE6,1859.5369105679843
2036,Agri04_toGrassland,DE7,30473.261832400505
2036,Agri04_toGrassland,DE8,75061.21723408857
2036,Agri04_toGrassland,DE9,114020.30171140202
2036,Agri04_toGrassland,DEA,79356.70990346975
2036,Agri04_toGrassland,DEB,45623.90111681395
2036,Agri04_toGrassland,DEC,24039.51852296508
2036,Agri04_toGrassland,DEE,58866.63195985182
2036,Agri04_toGrassland,DED,49204.55863287802
2036,Agri04_toGrassland,DEF,31555.09707074942
2036,Agri04_toGrassland,DEG,25229.187520247448
2036,Agri05_Agroforestry,DE1,3853738.090778575
2036,Agri05_Agroforestry,DE2,4725766.6312936805
2036,Agri05_Agroforestry,DE3,29365.383193418213
2036,Agri05_Agroforestry,DE4,3966389.6667269063
2036,Agri05_Agroforestry,DE5,241073.50521095633
2036,Agri05_Agroforestry,DE6,141880.90130913616
2036,Agri05_Agroforestry,DE7,873634.512809096
2036,Agri05_Agroforestry,DE8,3782946.078636447
2036,Agri05_Agroforestry,DE9,4410289.035797397
2036,Agri05_Agroforestry,DEA,3852114.7233781363
2036,Agri05_Agroforestry,DEB,2518456.857112046
2036,Agri05_Agroforestry,DEC,1074153.0734818454
2036,Agri05_Agroforestry,DEE,2773631.173344587
2036,Agri05_Agroforestry,DED,2593307.440444272
2036,Agri05_Agroforestry,DEF,509033.530259404
2036,Agri05_Agroforestry,DEG,407169.8736209752
2036,Agri06_Biochar,DE1,0.0
2036,Agri06_Biochar,DE2,0.0
2036,Agri06_Biochar,DE3,0.0
2036,Agri06_Biochar,DE4,0.0
2036,Agri06_Biochar,DE5,0.0
2036,Agri06_Biochar,DE6,0.0
2036,Agri06_Biochar,DE7,0.0
2036,Agri06_Biochar,DE8,0.0
2036,Agri06_Biochar,DE9,0.0
2036,Agri06_Biochar,DEA,0.0
2036,Agri06_Biochar,DEB,0.0
2036,Agri06_Biochar,DEC,0.0
2036,Agri06_Biochar,DEE,0.0
2036,Agri06_Biochar,DED,0.0
2036,Agri06_Biochar,DEF,0.0
2036,Agri06_Biochar,DEG,0.0
2037,Agri01_AGC,DE1,4168206.4346155217
2037,Agri01_AGC,DE2,7685801.805427179
2037,Agri01_AGC,DE3,10025.794951988224
2037,Agri01_AGC,DE4,3799507.403861904
2037,Agri01_AGC,DE5,32233.922830970772
2037,Agri01_AGC,DE6,52945.549236936306
2037,Agri01_AGC,DE7,1763061.0823616171
2037,Agri01_AGC,DE8,4014160.8683760553
2037,Agri01_AGC,DE9,6669027.155068662
2037,Agri01_AGC,DEA,4245222.073039302
2037,Agri01_AGC,DEB,2343287.959833753
2037,Agri01_AGC,DEC,272209.3518180778
2037,Agri01_AGC,DEE,3174693.541616068
2037,Agri01_AGC,DED,2530131.5256892797
2037,Agri01_AGC,DEF,1800604.267181269
2037,Agri01_AGC,DEG,1439645.351416627
2037,Agri02_OFC,DE1,2841868.4913612898
2037,Agri02_OFC,DE2,4616315.029897051
2037,Agri02_OFC,DE3,1341656.1696329857
2037,Agri02_OFC,DE4,2726900.859888906
2037,Agri02_OFC,DE5,626146.8578049352
2037,Agri02_OFC,DE6,73720.69788798684
2037,Agri02_OFC,DE7,1042254.2122631985
2037,Agri02_OFC,DE8,2753629.7245613285
2037,Agri02_OFC,DE9,4030178.010643201
2037,Agri02_OFC,DEA,2894377.482845249
2037,Agri02_OFC,DEB,1698753.0979152918
2037,Agri02_OFC,DEC,988997.9249738368
2037,Agri02_OFC,DEE,2137460.7723207013
2037,Agri02_OFC,DED,1818042.7904988644
2037,Agri02_OFC,DEF,1034050.8466625576
2037,Agri02_OFC,DEG,826773.6710578623
2037,Agri03_No-till,DE1,0.0
2037,Agri03_No-till,DE2,0.0
2037,Agri03_No-till,DE3,0.0
2037,Agri03_No-till,DE4,0.0
2037,Agri03_No-till,DE5,0.0
2037,Agri03_No-till,DE6,0.0
2037,Agri03_No-till,DE7,0.0
2037,Agri03_No-till,DE8,0.0
2037,Agri03_No-till,DE9,0.0
2037,Agri03_No-till,DEA,0.0
2037,Agri03_No-till,DEB,0.0
2037,Agri03_No-till,DEC,0.0
2037,Agri03_No-till,DEE,0.0
2037,Agri03_No-till,DED,0.0
2037,Agri03_No-till,DEF,0.0
2037,Agri03_No-till,DEG,0.0
2037,Agri04_toGrassland,DE1,81947.62943312302
2037,Agri04_toGrassland,DE2,137047.62058167366
2037,Agri04_toGrassland,DE3,35363.140211832084
2037,Agri04_toGrassland,DE4,77944.11306677575
2037,Agri04_toGrassland,DE5,16543.448693254
2037,Agri04_toGrassland,DE6,2018.3746086617844
2037,Agri04_toGrassland,DE7,31437.6212651219
2037,Agri04_toGrassland,DE8,79277.94642554538
2037,Agri04_toGrassland,DE9,118917.23548626289
2037,Agri04_toGrassland,DEA,83648.43607806646
2037,Agri04_toGrassland,DEB,48434.272394703294
2037,Agri04_toGrassland,DEC,26448.209048983175
2037,Agri04_toGrassland,DEE,61955.552808038556
2037,Agri04_toGrassland,DED,52096.85580000788
2037,Agri04_toGrassland,DEF,32107.063995867073
2037,Agri04_toGrassland,DEG,25670.70747957573
2037,Agri05_Agroforestry,DE1,4422851.654880767
2037,Agri05_Agroforestry,DE2,5355152.774322082
2037,Agri05_Agroforestry,DE3,30219.83421703577
2037,Agri05_Agroforestry,DE4,4564131.085424937
2037,Agri05_Agroforestry,DE5,248088.0740976563
2037,Agri05_Agroforestry,DE6,164705.08752290875
2037,Agri05_Agroforestry,DE7,978551.3566265666
2037,Agri05_Agroforestry,DE8,4343787.142243137
2037,Agri05_Agroforestry,DE9,5014490.581478389
2037,Agri05_Agroforestry,DEA,4417736.562390353
2037,Agri05_Agroforestry,DEB,2899971.923982302
2037,Agri05_Agroforestry,DEC,1105407.942083874
2037,Agri05_Agroforestry,DEE,3177659.726856229
2037,Agri05_Agroforestry,DED,2981995.4147283356
2037,Agri05_Agroforestry,DEF,544323.0451177857
2037,Agri05_Agroforestry,DEG,435418.81010467955
2037,Agri06_Biochar,DE1,0.0
2037,Agri06_Biochar,DE2,0.0
2037,Agri06_Biochar,DE3,0.0
2037,Agri06_Biochar,DE4,0.0
2037,Agri06_Biochar,DE5,0.0
2037,Agri06_Biochar,DE6,0.0
2037,Agri06_Biochar,DE7,0.0
2037,Agri06_Biochar,DE8,0.0
2037,Agri06_Biochar,DE9,0.0
2037,Agri06_Biochar,DEA,0.0
2037,Agri06_Biochar,DEB,0.0
2037,Agri06_Biochar,DEC,0.0
2037,Agri06_Biochar,DEE,0.0
2037,Agri06_Biochar,DED,0.0
2037,Agri06_Biochar,DEF,0.0
2037,Agri06_Biochar,DEG,0.0
2038,Agri01_AGC,DE1,4171158.672084852
2038,Agri01_AGC,DE2,7526464.025079508
2038,Agri01_AGC,DE3,9279.879241498427
2038,Agri01_AGC,DE4,3834039.976917218
2038,Agri01_AGC,DE5,29835.73001279742
2038,Agri01_AGC,DE6,49006.41850810468
2038,Agri01_AGC,DE7,1712914.304346223
2038,Agri01_AGC,DE8,4021912.9499776526
2038,Agri01_AGC,DE9,6550779.953371635
2038,Agri01_AGC,DEA,4243669.030696396
2038,Agri01_AGC,DEB,2369537.6559213954
2038,Agri01_AGC,DEC,251957.06927732204
2038,Agri01_AGC,DEE,3166144.601174674
2038,Agri01_AGC,DED,2550179.6255012355
2038,Agri01_AGC,DEF,1724629.2689880894
2038,Agri01_AGC,DEG,1378912.3428470995
2038,Agri02_OFC,DE1,2839653.130947687
2038,Agri02_OFC,DE2,4547321.527624127
2038,Agri02_OFC,DE3,1395898.633709345
2038,Agri02_OFC,DE4,2736222.005488706
2038,Agri02_OFC,DE5,650803.4609044009
2038,Agri02_OFC,DE6,75449.66332096938
2038,Agri02_OFC,DE7,1018436.5501854612
2038,Agri02_OFC,DE8,2753565.9702539234
2038,Agri02_OFC,DE9,3982073.6303225765
2038,Agri02_OFC,DEA,2889016.936797463
2038,Agri02_OFC,DEB,1706586.604534794
2038,Agri02_OFC,DEC,1022657.0068624862
2038,Agri02_OFC,DEE,2130471.236017581
2038,Agri02_OFC,DED,1822078.712186486
2038,Agri02_OFC,DEF,995172.9554916561
2038,Agri02_OFC,DEG,795696.2880094267
2038,Agri03_No-till,DE1,0.0
2038,Agri03_No-till,DE2,0.0
2038,Agri03_No-till,DE3,0.0
2038,Agri03_No-till,DE4,0.0
2038,Agri03_No-till,DE5,0.0
2038,Agri03_No-till,DE6,0.0
2038,Agri03_No-till,DE7,0.0
2038,Agri03_No-till,DE8,0.0
2038,Agri03_No-till,DE9,0.0
2038,Agri03_No-till,DEA,0.0
2038,Agri03_No-till,DEB,0.0
2038,Agri03_No-till,DEC,0.0
2038,Agri03_No-till,DEE,0.0
2038,Agri03_No-till,DED,0.0
2038,Agri03_No-till,DEF,0.0
2038,Agri03_No-till,DEG,0.0
2038,Agri04_toGrassland,DE1,86125.71102759725
2038,Agri04_toGrassland,DE2,141940.10465157512
2038,Agri04_toGrassland,DE3,38937.2276182405
2038,Agri04_toGrassland,DE4,82284.76549768022
2038,Agri04_toGrassland,DE5,18192.39788604398
2038,Agri04_toGrassland,DE6,2178.507573296842
2038,Agri04_toGrassland,DE7,32303.51394863864
2038,Agri04_toGrassland,DE8,83386.63584289454
2038,Agri04_toGrassland,DE9,123539.8706527648
2038,Agri04_toGrassland,DEA,87813.79135981064
2038,Agri04_toGrassland,DEB,51197.04240572001
2038,Agri04_toGrassland,DEC,28899.596521883665
2038,Agri04_toGrassland,DEE,64943.81660455236
2038,Agri04_toGrassland,DED,54927.688943443696
2038,Agri04_toGrassland,DEF,32524.444162576463
2038,Agri04_toGrassland,DEG,26004.636652335343
2038,Agri05_Agroforestry,DE1,5043104.2110994505
2038,Agri05_Agroforestry,DE2,6035088.146215707
2038,Agri05_Agroforestry,DE3,31074.28524065333
2038,Agri05_Agroforestry,DE4,5216635.168605249
2038,Agri05_Agroforestry,DE5,255102.6429843563
2038,Agri05_Agroforestry,DE6,189744.25419390065
2038,Agri05_Agroforestry,DE7,1090783.007075313
2038,Agri05_Agroforestry,DE8,4955215.134322883
2038,Agri05_Agroforestry,DE9,5668854.7761451425
2038,Agri05_Agroforestry,DEA,5033898.550300287
2038,Agri05_Agroforestry,DEB,3316609.918133928
2038,Agri05_Agroforestry,DEC,1136662.8106859028
2038,Agri05_Agroforestry,DEE,3617504.3067805376
2038,Agri05_Agroforestry,DED,3406110.634144293
2038,Agri05_Agroforestry,DEF,579287.1659882463
2038,Agri05_Agroforestry,DEG,463411.2442003751
2038,Agri06_Biochar,DE1,0.0
2038,Agri06_Biochar,DE2,0.0
2038,Agri06_Biochar,DE3,0.0
2038,Agri06_Biochar,DE4,0.0
2038,Agri06_Biochar,DE5,0.0
2038,Agri06_Biochar,DE6,0.0
2038,Agri06_Biochar,DE7,0.0
2038,Agri06_Biochar,DE8,0.0
2038,Agri06_Biochar,DE9,0.0
2038,Agri06_Biochar,DEA,0.0
2038,Agri06_Biochar,DEB,0.0
2038,Agri06_Biochar,DEC,0.0
2038,Agri06_Biochar,DEE,0.0
2038,Agri06_Biochar,DED,0.0
2038,Agri06_Biochar,DEF,0.0
2038,Agri06_Biochar,DEG,0.0
2039,Agri01_AGC,DE1,4130203.7367131547
2039,Agri01_AGC,DE2,7300203.854551874
2039,Agri01_AGC,DE3,8533.96353100863
2039,Agri01_AGC,DE4,3613869.15927911
2039,Agri01_AGC,DE5,27437.537194624063
2039,Agri01_AGC,DE6,45067.28777927305
2039,Agri01_AGC,DE7,1648212.5176704878
2039,Agri01_AGC,DE8,3986981.012133465
2039,Agri01_AGC,DE9,6373291.436413045
2039,Agri01_AGC,DEA,4197606.419263619
2039,Agri01_AGC,DEB,2179074.4701242126
2039,Agri01_AGC,DEC,231704.78673656625
2039,Agri01_AGC,DEE,3124929.8466769974
2039,Agri01_AGC,DED,2487023.475660839
2039,Agri01_AGC,DEF,1635239.7805868501
2039,Agri01_AGC,DEG,1307453.3044667912
2039,Agri02_OFC,DE1,2806853.167748377
2039,Agri02_OFC,DE2,4431865.678303792
2039,Agri02_OFC,DE3,1432980.3920097745
2039,Agri02_OFC,DE4,2715632.3660106612
2039,Agri02_OFC,DE5,667483.6146174729
2039,Agri02_OFC,DE6,76297.29742748295
2039,Agri02_OFC,DE7,984534.4421308232
2039,Agri02_OFC,DE8,2723764.723377895
2039,Agri02_OFC,DE9,3892809.2057903525
2039,Agri02_OFC,DEA,2852659.487506846
2039,Agri02_OFC,DEB,1695687.0858458036
2039,Agri02_OFC,DEC,1043977.5062337928
2039,Agri02_OFC,DEE,2100740.0781550063
2039,Agri02_OFC,DED,1806280.1566613994
2039,Agri02_OFC,DEF,947040.5690467075
2039,Agri02_OFC,DEG,757219.1254611681
2039,Agri03_No-till,DE1,0.0
2039,Agri03_No-till,DE2,0.0
2039,Agri03_No-till,DE3,0.0
2039,Agri03_No-till,DE4,0.0
2039,Agri03_No-till,DE5,0.0
2039,Agri03_No-till,DE6,0.0
2039,Agri03_No-till,DE7,0.0
2039,Agri03_No-till,DE8,0.0
2039,Agri03_No-till,DE9,0.0
2039,Agri03_No-till,DEA,0.0
2039,Agri03_No-till,DEB,0.0
2039,Agri03_No-till,DEC,0.0
2039,Agri03_No-till,DEE,0.0
2039,Agri03_No-till,DED,0.0
2039,Agri03_No-till,DEF,0.0
2039,Agri03_No-till,DEG,0.0
2039,Agri04_toGrassland,DE1,90178.5902448685
2039,Agri04_toGrassland,DE2,146485.5895998568
2039,Agri04_toGrassland,DE3,42573.6315169453
2039,Agri04_toGrassland,DE4,86530.42040115946
2039,Agri04_toGrassland,DE5,19868.984470866828
2039,Agri04_toGrassland,DE6,2339.3160618146767
2039,Agri04_toGrassland,DE7,33072.964433216715
2039,Agri04_toGrassland,DE8,87378.58467840592
2039,Agri04_toGrassland,DE9,127886.2032287716
2039,Agri04_toGrassland,DEA,91844.81330958713
2039,Agri04_toGrassland,DEB,53905.08392973655
2039,Agri04_toGrassland,DEC,31383.02806774828
2039,Agri04_toGrassland,DEE,67826.22057900278
2039,Agri04_toGrassland,DED,57690.402054284044
2039,Agri04_toGrassland,DEF,32812.65402568808
2039,Agri04_toGrassland,DEG,26235.304108621458
2039,Agri05_Agroforestry,DE1,5716582.553543676
2039,Agri05_Agroforestry,DE2,6767448.094362432
2039,Agri05_Agroforestry,DE3,31928.736264270887
2039,Agri05_Agroforestry,DE4,5926169.378690817
2039,Agri05_Agroforestry,DE5,262117.2118710563
2039,Agri05_Agroforestry,DE6,212189.2394185881
2039,Agri05_Agroforestry,DE7,1210562.036108255
2039,Agri05_Agroforestry,DE8,5619300.289352723
2039,Agri05_Agroforestry,DE9,6375299.738139524
2039,Agri05_Agroforestry,DEA,5702654.149790867
2039,Agri05_Agroforestry,DEB,3769830.3173824297
2039,Agri05_Agroforestry,DEC,1167917.6792879314
2039,Agri05_Agroforestry,DEE,4094611.180163198
2039,Agri05_Agroforestry,DED,3867114.3795620413
2039,Agri05_Agroforestry,DEF,613803.5248685407
2039,Agri05_Agroforestry,DEG,491049.5074829545
2039,Agri06_Biochar,DE1,0.0
2039,Agri06_Biochar,DE2,0.0
2039,Agri06_Biochar,DE3,0.0
2039,Agri06_Biochar,DE4,0.0
2039,Agri06_Biochar,DE5,0.0
2039,Agri06_Biochar,DE6,0.0
2039,Agri06_Biochar,DE7,0.0
2039,Agri06_Biochar,DE8,0.0
2039,Agri06_Biochar,DE9,0.0
2039,Agri06_Biochar,DEA,0.0
2039,Agri06_Biochar,DEB,0.0
2039,Agri06_Biochar,DEC,0.0
2039,Agri06_Biochar,DEE,0.0
2039,Agri06_Biochar,DED,0.0
2039,Agri06_Biochar,DEF,0.0
2039,Agri06_Biochar,DEG,0.0
2040,Agri01_AGC,DE1,3824995.60865431
2040,Agri01_AGC,DE2,7007181.68432292
2040,Agri01_AGC,DE3,7788.047820518834
2040,Agri01_AGC,DE4,3297996.9655714524
2040,Agri01_AGC,DE5,25039.344376450706
2040,Agri01_AGC,DE6,41128.15705044142
2040,Agri01_AGC,DE7,1569356.7955888917
2040,Agri01_AGC,DE8,3638496.774584424
2040,Agri01_AGC,DE9,6136164.605584946
2040,Agri01_AGC,DEA,3996621.687511977
2040,Agri01_AGC,DEB,1988611.2843270297
2040,Agri01_AGC,DEC,211452.50419581047
2040,Agri01_AGC,DEE,3050018.584003998
2040,Agri01_AGC,DED,2269643.8400306054
2040,Agri01_AGC,DEF,1533508.8280194825
2040,Agri01_AGC,DEG,1226125.8461168262
2040,Agri02_OFC,DE1,2742299.405532889
2040,Agri02_OFC,DE2,4270058.858286487
2040,Agri02_OFC,DE3,1450649.5835274735
2040,Agri02_OFC,DE4,2663658.102434993
2040,Agri02_OFC,DE5,675156.6187749533
2040,Agri02_OFC,DE6,76178.34499755246
2040,Agri02_OFC,DE7,940826.3963731094
2040,Agri02_OFC,DE8,2663029.0529493256
2040,Agri02_OFC,DE9,3762109.0582377925
2040,Agri02_OFC,DEA,2784209.778038725
2040,Agri02_OFC,DEB,1665074.08223303
2040,Agri02_OFC,DEC,1051493.9551385837
2040,Agri02_OFC,DEE,2047551.5770119948
2040,Agri02_OFC,DED,1769731.48671722
2040,Agri02_OFC,DEF,890398.804653212
2040,Agri02_OFC,DEG,711937.714114271
2040,Agri03_No-till,DE1,0.0
2040,Agri03_No-till,DE2,0.0
2040,Agri03_No-till,DE3,0.0
2040,Agri03_No-till,DE4,0.0
2040,Agri03_No-till,DE5,0.0
2040,Agri03_No-till,DE6,0.0
2040,Agri03_No-till,DE7,0.0
2040,Agri03_No-till,DE8,0.0
2040,Agri03_No-till,DE9,0.0
2040,Agri03_No-till,DEA,0.0
2040,Agri03_No-till,DEB,0.0
2040,Agri03_No-till,DEC,0.0
2040,Agri03_No-till,DEE,0.0
2040,Agri03_No-till,DED,0.0
2040,Agri03_No-till,DEF,0.0
2040,Agri03_No-till,DEG,0.0
2040,Agri04_toGrassland,DE1,94097.76788846096
2040,Agri04_toGrassland,DE2,150684.88505065223
2040,Agri04_toGrassland,DE3,46255.98253500968
2040,Agri04_toGrassland,DE4,90670.36405177004
2040,Agri04_toGrassland,DE5,21565.71601572755
2040,Agri04_toGrassland,DE6,2500.1803315568036
2040,Agri04_toGrassland,DE7,33747.99726912207
2040,Agri04_toGrassland,DE8,91245.09212434926
2040,Agri04_toGrassland,DE9,131954.229232147
2040,Agri04_toGrassland,DEA,95733.53948828066
2040,Agri04_toGrassland,DEB,56551.26974662533
2040,Agri04_toGrassland,DEC,33887.850812658726
2040,Agri04_toGrassland,DEE,70597.56196099926
2040,Agri04_toGrassland,DED,60378.33912362744
2040,Agri04_toGrassland,DEF,32977.11004001238
2040,Agri04_toGrassland,DEG,26367.03891852924
2040,Agri05_Agroforestry,DE1,6445373.476322494
2040,Agri05_Agroforestry,DE2,7554107.966150137
2040,Agri05_Agroforestry,DE3,32783.18728788844
2040,Agri05_Agroforestry,DE4,6695001.178104616
2040,Agri05_Agroforestry,DE5,269131.7807577562
2040,Agri05_Agroforestry,DE6,217867.67627625755
2040,Agri05_Agroforestry,DE7,1338121.0156783129
2040,Agri05_Agroforestry,DE8,6338112.841809699
2040,Agri05_Agroforestry,DE9,7135743.585803404
2040,Agri05_Agroforestry,DEA,6426056.8235450275
2040,Agri05_Agroforestry,DEB,4261092.5995433135
2040,Agri05_Agroforestry,DEC,1199172.54788996
2040,Agri05_Agroforestry,DEE,4610426.6140498975
2040,Agri05_Agroforestry,DED,4366467.931851478
2040,Agri05_Agroforestry,DEF,647749.7537564237
2040,Agri05_Agroforestry,DEG,518235.9315273104
2040,Agri06_Biochar,DE1,0.0
2040,Agri06_Biochar,DE2,0.0
2040,Agri06_Biochar,DE3,0.0
2040,Agri06_Biochar,DE4,0.0
2040,Agri06_Biochar,DE5,0.0
2040,Agri06_Biochar,DE6,0.0
2040,Agri06_Biochar,DE7,0.0
2040,Agri06_Biochar,DE8,0.0
2040,Agri06_Biochar,DE9,0.0
2040,Agri06_Biochar,DEA,0.0
2040,Agri06_Biochar,DEB,0.0
2040,Agri06_Biochar,DEC,0.0
2040,Agri06_Biochar,DEE,0.0
2040,Agri06_Biochar,DED,0.0
2040,Agri06_Biochar,DEF,0.0
2040,Agri06_Biochar,DEG,0.0
2041,Agri01_AGC,DE1,3458649.0757615976
2041,Agri01_AGC,DE2,6647557.904871288
2041,Agri01_AGC,DE3,7042.132110029041
2041,Agri01_AGC,DE4,2982124.7718637967
2041,Agri01_AGC,DE5,22641.15155827736
2041,Agri01_AGC,DE6,37189.0263216098
2041,Agri01_AGC,DE7,1476748.2113559158
2041,Agri01_AGC,DE8,3290012.5370353847
2041,Agri01_AGC,DE9,5839002.462279394
2041,Agri01_AGC,DEA,3613837.3268734706
2041,Agri01_AGC,DEB,1798148.0985298478
2041,Agri01_AGC,DEC,191200.22165505477
2041,Agri01_AGC,DEE,2757897.0111111836
2041,Agri01_AGC,DED,2052264.2044003727
2041,Agri01_AGC,DEF,1420509.4373279202
2041,Agri01_AGC,DEG,1135787.5776383288
2041,Agri02_OFC,DE1,2644822.6480707536
2041,Agri02_OFC,DE2,4062012.4439226566
2041,Agri02_OFC,DE3,1446654.347255643
2041,Agri02_OFC,DE4,2578825.3757419228
2041,Agri02_OFC,DE5,672791.7732076452
2041,Agri02_OFC,DE6,75007.5508212029
2041,Agri02_OFC,DE7,887590.9211861453
2041,Agri02_OFC,DE8,2570162.027984301
2041,Agri02_OFC,DE9,3589697.5088561624
2041,Agri02_OFC,DEA,2682572.451458427
2041,Agri02_OFC,DEB,1613767.1340811858
2041,Agri02_OFC,DEC,1043740.885627687
2041,Agri02_OFC,DEE,1970190.0108675663
2041,Agri02_OFC,DED,1711517.0651475654
2041,Agri02_OFC,DEF,825992.7796366705
2041,Agri02_OFC,DEG,660447.5846699204
2041,Agri03_No-till,DE1,0.0
2041,Agri03_No-till,DE2,0.0
2041,Agri03_No-till,DE3,0.0
2041,Agri03_No-till,DE4,0.0
2041,Agri03_No-till,DE5,0.0
2041,Agri03_No-till,DE6,0.0
2041,Agri03_No-till,DE7,0.0
2041,Agri03_No-till,DE8,0.0
2041,Agri03_No-till,DE9,0.0
2041,Agri03_No-till,DEA,0.0
2041,Agri03_No-till,DEB,0.0
2041,Agri03_No-till,DEC,0.0
2041,Agri03_No-till,DEE,0.0
2041,Agri03_No-till,DED,0.0
2041,Agri03_No-till,DEF,0.0
2041,Agri03_No-till,DEG,0.0
2041,Agri04_toGrassland,DE1,97874.74476189894
2041,Agri04_toGrassland,DE2,154538.8006280952
2041,Agri04_toGrassland,DE3,49967.911299496816
2041,Agri04_toGrassland,DE4,94693.88272406856
2041,Agri04_toGrassland,DE5,23275.100088631156
2041,Agri04_toGrassland,DE6,2660.4806398647424
2041,Agri04_toGrassland,DE7,34330.63700662067
2041,Agri04_toGrassland,DE8,94977.45737299438
2041,Agri04_toGrassland,DE9,135741.9446807547
2041,Agri04_toGrassland,DEA,99472.00745677605
2041,Agri04_toGrassland,DEB,59128.472636258804
2041,Agri04_toGrassland,DEC,36403.41188269673
2041,Agri04_toGrassland,DEE,73252.63798015132
2041,Agri04_toGrassland,DED,62984.84414257245
2041,Agri04_toGrassland,DEF,33023.22866035985
2041,Agri04_toGrassland,DEG,26404.17015215386
2041,Agri05_Agroforestry,DE1,7231563.773544962
2041,Agri05_Agroforestry,DE2,8396943.108966704
2041,Agri05_Agroforestry,DE3,33637.638311505994
2041,Agri05_Agroforestry,DE4,7525398.029269625
2041,Agri05_Agroforestry,DE5,276146.34964445623
2041,Agri05_Agroforestry,DE6,223546.11313392705
2041,Agri05_Agroforestry,DE7,1473692.517738408
2041,Agri05_Agroforestry,DE8,7113723.026170853
2041,Agri05_Agroforestry,DE9,7952104.437478654
2041,Agri05_Agroforestry,DEA,7206160.0342457
2041,Agri05_Agroforestry,DEB,4791856.24243209
2041,Agri05_Agroforestry,DEC,1230427.4164919888
2041,Agri05_Agroforestry,DEE,5166396.875486327
2041,Agri05_Agroforestry,DED,4905632.571882505
2041,Agri05_Agroforestry,DEF,681003.4846496505
2041,Agri05_Agroforestry,DEG,544872.8479083359
2041,Agri06_Biochar,DE1,0.0
2041,Agri06_Biochar,DE2,0.0
2041,Agri06_Biochar,DE3,0.0
2041,Agri06_Biochar,DE4,0.0
2041,Agri06_Biochar,DE5,0.0
2041,Agri06_Biochar,DE6,0.0
2041,Agri06_Biochar,DE7,0.0
2041,Agri06_Biochar,DE8,0.0
2041,Agri06_Biochar,DE9,0.0
2041,Agri06_Biochar,DEA,0.0
2041,Agri06_Biochar,DEB,0.0
2041,Agri06_Biochar,DEC,0.0
2041,Agri06_Biochar,DEE,0.0
2041,Agri06_Biochar,DED,0.0
2041,Agri06_Biochar,DEF,0.0
2041,Agri06_Biochar,DEG,0.0
2042,Agri01_AGC,DE1,3092302.5428688843
2042,Agri01_AGC,DE2,6221492.906675616
2042,Agri01_AGC,DE3,6296.216399539245
2042,Agri01_AGC,DE4,2666252.5781561397
2042,Agri01_AGC,DE5,20242.958740104008
2042,Agri01_AGC,DE6,33249.89559277818
2042,Agri01_AGC,DE7,1370787.838226039
2042,Agri01_AGC,DE8,2941528.2994863447
2042,Agri01_AGC,DE9,5481408.007888436
2042,Agri01_AGC,DEA,3231052.9662349634
2042,Agri01_AGC,DEB,1607684.9127326652
2042,Agri01_AGC,DEC,170947.93911429902
2042,Agri01_AGC,DEE,2465775.4382183687
2042,Agri01_AGC,DED,1834884.5687701392
2042,Agri01_AGC,DEF,1297314.6345540937
2042,Agri01_AGC,DEG,1037296.1088724224
2042,Agri02_OFC,DE1,2513253.699131501
2042,Agri02_OFC,DE2,3807837.811562744
2042,Agri02_OFC,DE3,1418742.8221874824
2042,Agri02_OFC,DE4,2459660.346911672
2042,Agri02_OFC,DE5,659358.3777463508
2042,Agri02_OFC,DE6,72699.65968845924
2042,Agri02_OFC,DE7,825106.5248437561
2042,Agri02_OFC,DE8,2443966.717498906
2042,Agri02_OFC,DE9,3375298.878836728
2042,Agri02_OFC,DEA,2546652.1508312807
2042,Agri02_OFC,DEB,1540785.7817749814
2042,Agri02_OFC,DEC,1019252.8297519304
2042,Agri02_OFC,DEE,1867939.6580007405
2042,Agri02_OFC,DED,1630721.254746053
2042,Agri02_OFC,DEF,754567.6113225836
2042,Agri02_OFC,DEG,603344.2678293012
2042,Agri03_No-till,DE1,0.0
2042,Agri03_No-till,DE2,0.0
2042,Agri03_No-till,DE3,0.0
2042,Agri03_No-till,DE4,0.0
2042,Agri03_No-till,DE5,0.0
2042,Agri03_No-till,DE6,0.0
2042,Agri03_No-till,DE7,0.0
2042,Agri03_No-till,DE8,0.0
2042,Agri03_No-till,DE9,0.0
2042,Agri03_No-till,DEA,0.0
2042,Agri03_No-till,DEB,0.0
2042,Agri03_No-till,DEC,0.0
2042,Agri03_No-till,DEE,0.0
2042,Agri03_No-till,DED,0.0
2042,Agri03_No-till,DEF,0.0
2042,Agri03_No-till,DEG,0.0
2042,Agri04_toGrassland,DE1,101501.02166870666
2042,Agri04_toGrassland,DE2,158048.1459563193
2042,Agri04_toGrassland,DE3,53693.04843746993
2042,Agri04_toGrassland,DE4,98590.26269261162
2042,Agri04_toGrassland,DE5,24989.644257582655
2042,Agri04_toGrassland,DE6,2819.5972440800097
2042,Agri04_toGrassland,DE7,34822.908195978496
2042,Agri04_toGrassland,DE8,98566.97961661105
2042,Agri04_toGrassland,DE9,139247.34559245853
2042,Agri04_toGrassland,DEA,103052.25477595806
2042,Agri04_toGrassland,DEB,61629.565378509404
2042,Agri04_toGrassland,DEC,38919.05840394401
2042,Agri04_toGrassland,DEE,75786.24586606848
2042,Agri04_toGrassland,DED,65503.26110221762
2042,Agri04_toGrassland,DEF,32956.426341540944
2042,Agri04_toGrassland,DEG,26351.02687959048
2042,Agri05_Agroforestry,DE1,8077240.239320126
2042,Agri05_Agroforestry,DE2,9297828.870200008
2042,Agri05_Agroforestry,DE3,34492.08933512355
2042,Agri05_Agroforestry,DE4,8419627.394608818
2042,Agri05_Agroforestry,DE5,283160.9185311562
2042,Agri05_Agroforestry,DE6,229224.5499915965
2042,Agri05_Agroforestry,DE7,1617509.1142414594
2042,Agri05_Agroforestry,DE8,7948201.076913221
2042,Agri05_Agroforestry,DE9,8826300.411507139
2042,Agri05_Agroforestry,DEA,8045017.244575812
2042,Agri05_Agroforestry,DEB,5363580.723864265
2042,Agri05_Agroforestry,DEC,1261682.2850940174
2042,Agri05_Agroforestry,DEE,5763968.231518171
2042,Agri05_Agroforestry,DED,5486069.5805250155
2042,Agri05_Agroforestry,DEF,713442.3495459759
2042,Agri05_Agroforestry,DEG,570862.5882009233
2042,Agri06_Biochar,DE1,0.0
2042,Agri06_Biochar,DE2,0.0
2042,Agri06_Biochar,DE3,0.0
2042,Agri06_Biochar,DE4,0.0
2042,Agri06_Biochar,DE5,0.0
2042,Agri06_Biochar,DE6,0.0
2042,Agri06_Biochar,DE7,0.0
2042,Agri06_Biochar,DE8,0.0
2042,Agri06_Biochar,DE9,0.0
2042,Agri06_Biochar,DEA,0.0
2042,Agri06_Biochar,DEB,0.0
2042,Agri06_Biochar,DEC,0.0
2042,Agri06_Biochar,DEE,0.0
2042,Agri06_Biochar,DED,0.0
2042,Agri06_Biochar,DEF,0.0
2042,Agri06_Biochar,DEG,0.0
2043,Agri01_AGC,DE1,2725956.009976171
2043,Agri01_AGC,DE2,5729147.080214547
2043,Agri01_AGC,DE3,5550.30068904945
2043,Agri01_AGC,DE4,2350380.384448483
2043,Agri01_AGC,DE5,17844.76592193066
2043,Agri01_AGC,DE6,29310.764863946555
2043,Agri01_AGC,DE7,1251876.7494537418
2043,Agri01_AGC,DE8,2593044.0619373047
2043,Agri01_AGC,DE9,4907869.233908358
2043,Agri01_AGC,DEA,2848268.605596456
2043,Agri01_AGC,DEB,1417221.7269354828
2043,Agri01_AGC,DEC,150695.6565735433
2043,Agri01_AGC,DEE,2173653.8653255533
2043,Agri01_AGC,DED,1617504.933139906
2043,Agri01_AGC,DEF,1164997.4457399354
2043,Agri01_AGC,DEG,931509.049660231
2043,Agri02_OFC,DE1,2346423.362484659
2043,Agri02_OFC,DE2,3507646.3375571896
2043,Agri02_OFC,DE3,1364663.1473161913
2043,Agri02_OFC,DE4,2304689.1769244606
2043,Agri02_OFC,DE5,633825.7322218722
2043,Agri02_OFC,DE6,69169.41638934638
2043,Agri02_OFC,DE7,753651.7156197665
2043,Agri02_OFC,DE8,2283246.190509224
2043,Agri02_OFC,DE9,3118637.4893707526
2043,Agri02_OFC,DEA,2375353.5192226097
2043,Agri02_OFC,DEB,1445149.5656991273
2043,Agri02_OFC,DEC,976564.3195621414
2043,Agri02_OFC,DEE,1740084.7966905346
2043,Agri02_OFC,DED,1526428.418306298
2043,Agri02_OFC,DEF,676868.4170364515
2043,Agri02_OFC,DEG,541223.2942935975
2043,Agri03_No-till,DE1,0.0
2043,Agri03_No-till,DE2,0.0
2043,Agri03_No-till,DE3,0.0
2043,Agri03_No-till,DE4,0.0
2043,Agri03_No-till,DE5,0.0
2043,Agri03_No-till,DE6,0.0
2043,Agri03_No-till,DE7,0.0
2043,Agri03_No-till,DE8,0.0
2043,Agri03_No-till,DE9,0.0
2043,Agri03_No-till,DEA,0.0
2043,Agri03_No-till,DEB,0.0
2043,Agri03_No-till,DEC,0.0
2043,Agri03_No-till,DEE,0.0
2043,Agri03_No-till,DED,0.0
2043,Agri03_No-till,DEF,0.0
2043,Agri03_No-till,DEG,0.0
2043,Agri04_toGrassland,DE1,104968.09941240835
2043,Agri04_toGrassland,DE2,161213.73065945815
2043,Agri04_toGrassland,DE3,57415.02457599219
2043,Agri04_toGrassland,DE4,102348.79023195579
2043,Agri04_toGrassland,DE5,26701.856090587047
2043,Agri04_toGrassland,DE6,2976.910401544123
2043,Agri04_toGrassland,DE7,35226.835387461484
2043,Agri04_toGrassland,DE8,102004.95804746903
2043,Agri04_toGrassland,DE9,142468.42798512217
2043,Agri04_toGrassland,DEA,106466.31900671146
2043,Agri04_toGrassland,DEB,64047.42075324955
2043,Agri04_toGrassland,DEC,41424.13750248226
2043,Agri04_toGrassland,DEE,78193.18284836017
2043,Agri04_toGrassland,DED,67926.93399366147
2043,Agri04_toGrassland,DEF,32782.11953836615
2043,Agri04_toGrassland,DEG,26211.938170934267
2043,Agri05_Agroforestry,DE1,8984489.667757042
2043,Agri05_Agroforestry,DE2,10258640.597237932
2043,Agri05_Agroforestry,DE3,35346.54035874111
2043,Agri05_Agroforestry,DE4,9379956.736545172
2043,Agri05_Agroforestry,DE5,290175.48741785623
2043,Agri05_Agroforestry,DE6,234902.986849266
2043,Agri05_Agroforestry,DE7,1769803.3771403888
2043,Agri05_Agroforestry,DE8,8843617.228513848
2043,Agri05_Agroforestry,DE9,9760249.62623073
2043,Agri05_Agroforestry,DEA,8944681.9172183
2043,Agri05_Agroforestry,DEB,5977725.521655346
2043,Agri05_Agroforestry,DEC,1292937.1536960462
2043,Agri05_Agroforestry,DEE,6404586.949191117
2043,Agri05_Agroforestry,DED,6109240.238648911
2043,Agri05_Agroforestry,DEF,744943.9804431548
2043,Agri05_Agroforestry,DEG,596107.4839799657
2043,Agri06_Biochar,DE1,0.0
2043,Agri06_Biochar,DE2,0.0
2043,Agri06_Biochar,DE3,0.0
2043,Agri06_Biochar,DE4,0.0
2043,Agri06_Biochar,DE5,0.0
2043,Agri06_Biochar,DE6,0.0
2043,Agri06_Biochar,DE7,0.0
2043,Agri06_Biochar,DE8,0.0
2043,Agri06_Biochar,DE9,0.0
2043,Agri06_Biochar,DEA,0.0
2043,Agri06_Biochar,DEB,0.0
2043,Agri06_Biochar,DEC,0.0
2043,Agri06_Biochar,DEE,0.0
2043,Agri06_Biochar,DED,0.0
2043,Agri06_Biochar,DEF,0.0
2043,Agri06_Biochar,DEG,0.0
2044,Agri01_AGC,DE1,2359609.4770834576
2044,Agri01_AGC,DE2,5144865.726544302
2044,Agri01_AGC,DE3,4804.384978559654
2044,Agri01_AGC,DE4,2034508.1907408263
2044,Agri01_AGC,DE5,15446.573103757306
2044,Agri01_AGC,DE6,25371.63413511493
2044,Agri01_AGC,DE7,1120416.0182935041
2044,Agri01_AGC,DE8,2244559.8243882647
2044,Agri01_AGC,DE9,4248291.136846968
2044,Agri01_AGC,DEA,2465484.244957949
2044,Agri01_AGC,DEB,1226758.5411383002
2044,Agri01_AGC,DEC,130443.37403278754
2044,Agri01_AGC,DEE,1881532.2924327385
2044,Agri01_AGC,DED,1400125.2975096728
2044,Agri01_AGC,DEF,1024630.8969273774
2044,Agri01_AGC,DEG,819284.0098428787
2044,Agri02_OFC,DE1,2143162.4418997625
2044,Agri02_OFC,DE2,3161549.398256443
2044,Agri02_OFC,DE3,1282163.4616349717
2044,Agri02_OFC,DE4,2112438.0267605144
2044,Agri02_OFC,DE5,595163.136465013
2044,Agri02_OFC,DE6,64331.56571388939
2044,Agri02_OFC,DE7,673505.001788003
2044,Agri02_OFC,DE8,2086803.5160313419
2044,Agri02_OFC,DE9,2819437.661649506
2044,Agri02_OFC,DEA,2167581.199697746
2044,Agri02_OFC,DEB,1325878.026238337
2044,Agri02_OFC,DEC,914209.8871091491
2044,Agri02_OFC,DEE,1585909.7052159708
2044,Agri02_OFC,DED,1397722.9186219203
2044,Agri02_OFC,DEF,593640.3141037758
2044,Agri02_OFC,DEG,474680.1947639951
2044,Agri03_No-till,DE1,0.0
2044,Agri03_No-till,DE2,0.0
2044,Agri03_No-till,DE3,0.0
2044,Agri03_No-till,DE4,0.0
2044,Agri03_No-till,DE5,0.0
2044,Agri03_No-till,DE6,0.0
2044,Agri03_No-till,DE7,0.0
2044,Agri03_No-till,DE8,0.0
2044,Agri03_No-till,DE9,0.0
2044,Agri03_No-till,DEA,0.0
2044,Agri03_No-till,DEB,0.0
2044,Agri03_No-till,DEC,0.0
2044,Agri03_No-till,DEE,0.0
2044,Agri03_No-till,DED,0.0
2044,Agri03_No-till,DEF,0.0
2044,Agri03_No-till,DEG,0.0
2044,Agri04_toGrassland,DE1,108267.47879652829
2044,Agri04_toGrassland,DE2,164036.36436164545
2044,Agri04_toGrassland,DE3,61117.470342126806
2044,Agri04_toGrassland,DE4,105958.75161665768
2044,Agri04_toGrassland,DE5,28404.24315564935
2044,Agri04_toGrassland,DE6,3131.8003695986
2044,Agri04_toGrassland,DE7,35544.443131335625
2044,Agri04_toGrassland,DE8,105282.69185783814
2044,Agri04_toGrassland,DE9,145403.1878766094
2044,Agri04_toGrassland,DEA,109706.23770992107
2044,Agri04_toGrassland,DEB,66374.9115403517
2044,Agri04_toGrassland,DEC,43907.996304393244
2044,Agri04_toGrassland,DEE,80468.24615663596
2044,Agri04_toGrassland,DED,70249.20680800258
2044,Agri04_toGrassland,DEF,32505.724705645924
2044,Agri04_toGrassland,DEG,25991.233096280397
2044,Agri05_Agroforestry,DE1,9955398.852964755
2044,Agri05_Agroforestry,DE2,11281253.637468351
2044,Agri05_Agroforestry,DE3,36200.99138235867
2044,Agri05_Agroforestry,DE4,10408653.517501658
2044,Agri05_Agroforestry,DE5,297190.05630455614
2044,Agri05_Agroforestry,DE6,240581.42370693543
2044,Agri05_Agroforestry,DE7,1930807.8783881152
2044,Agri05_Agroforestry,DE8,9802041.715449769
2044,Agri05_Agroforestry,DE9,10755870.199991291
2044,Agri05_Agroforestry,DEA,9907207.514856089
2044,Agri05_Agroforestry,DEB,6635750.113620839
2044,Agri05_Agroforestry,DEC,1324192.0222980748
2044,Agri05_Agroforestry,DEE,6569353.644543175
2044,Agri05_Agroforestry,DED,6776605.827124086
2044,Agri05_Agroforestry,DEF,775386.009338942
2044,Agri05_Agroforestry,DEG,620509.8668203556
2044,Agri06_Biochar,DE1,0.0
2044,Agri06_Biochar,DE2,0.0
2044,Agri06_Biochar,DE3,0.0
2044,Agri06_Biochar,DE4,0.0
2044,Agri06_Biochar,DE5,0.0
2044,Agri06_Biochar,DE6,0.0
2044,Agri06_Biochar,DE7,0.0
2044,Agri06_Biochar,DE8,0.0
2044,Agri06_Biochar,DE9,0.0
2044,Agri06_Biochar,DEA,0.0
2044,Agri06_Biochar,DEB,0.0
2044,Agri06_Biochar,DEC,0.0
2044,Agri06_Biochar,DEE,0.0
2044,Agri06_Biochar,DED,0.0
2044,Agri06_Biochar,DEF,0.0
2044,Agri06_Biochar,DEG,0.0
2045,Agri01_AGC,DE1,1993262.9441907445
2045,Agri01_AGC,DE2,4346087.903593818
2045,Agri01_AGC,DE3,4058.469268069859
2045,Agri01_AGC,DE4,1718635.9970331695
2045,Agri01_AGC,DE5,13048.380285583955
2045,Agri01_AGC,DE6,21432.503406283307
2045,Agri01_AGC,DE7,976806.7179998059
2045,Agri01_AGC,DE8,1896075.5868392244
2045,Agri01_AGC,DE9,3588713.0397855774
2045,Agri01_AGC,DEA,2082699.8843194419
2045,Agri01_AGC,DEB,1036295.3553411177
2045,Agri01_AGC,DEC,110191.0914920318
2045,Agri01_AGC,DEE,1589410.7195399236
2045,Agri01_AGC,DED,1182745.6618794396
2045,Agri01_AGC,DEF,877288.0141583519
2045,Agri01_AGC,DEG,701478.5992614895
2045,Agri02_OFC,DE1,1902301.7411463368
2045,Agri02_OFC,DE2,2769658.3700109413
2045,Agri02_OFC,DE3,1168991.9041370212
2045,Agri02_OFC,DE4,1881433.05740005
2045,Agri02_OFC,DE5,542339.8903065746
2045,Agri02_OFC,DE6,58100.85245211311
2045,Agri02_OFC,DE7,584944.8916222895
2045,Agri02_OFC,DE8,1853441.7630813415
2045,Agri02_OFC,DE9,2477423.7168642487
2045,Agri02_OFC,DEA,1922239.835322012
2045,Agri02_OFC,DEB,1181990.7037773188
2045,Agri02_OFC,DEC,830724.06444378
2045,Agri02_OFC,DEE,1404698.6618560646
2045,Agri02_OFC,DED,1243689.1184865339
2045,Agri02_OFC,DEF,505628.419850056
2045,Agri02_OFC,DEG,404310.49994167784
2045,Agri03_No-till,DE1,0.0
2045,Agri03_No-till,DE2,0.0
2045,Agri03_No-till,DE3,0.0
2045,Agri03_No-till,DE4,0.0
2045,Agri03_No-till,DE5,0.0
2045,Agri03_No-till,DE6,0.0
2045,Agri03_No-till,DE7,0.0
2045,Agri03_No-till,DE8,0.0
2045,Agri03_No-till,DE9,0.0
2045,Agri03_No-till,DEA,0.0
2045,Agri03_No-till,DEB,0.0
2045,Agri03_No-till,DEC,0.0
2045,Agri03_No-till,DEE,0.0
2045,Agri03_No-till,DED,0.0
2045,Agri03_No-till,DEF,0.0
2045,Agri03_No-till,DEG,0.0
2045,Agri04_toGrassland,DE1,105592.85666440122
2045,Agri04_toGrassland,DE2,159984.0367793264
2045,Agri04_toGrassland,DE3,59607.63432623619
2045,Agri04_toGrassland,DE4,103341.16390410854
2045,Agri04_toGrassland,DE5,27702.549366943014
2045,Agri04_toGrassland,DE6,3054.4328842277228
2045,Agri04_toGrassland,DE7,34666.35900736828
2045,Agri04_toGrassland,DE8,102681.80541527034
2045,Agri04_toGrassland,DE9,141811.1712461355
2045,Agri04_toGrassland,DEA,106996.07271233403
2045,Agri04_toGrassland,DEB,64735.19655486251
2045,Agri04_toGrassland,DEC,42823.30032736963
2045,Agri04_toGrassland,DEE,78480.37173214267
2045,Agri04_toGrassland,DED,68513.7818643206
2045,Agri04_toGrassland,DEF,31702.708585893644
2045,Agri04_toGrassland,DEG,25349.149914393147
2045,Agri05_Agroforestry,DE1,10992054.589052325
2045,Agri05_Agroforestry,DE2,12367543.33827915
2045,Agri05_Agroforestry,DE3,37055.442405976224
2045,Agri05_Agroforestry,DE4,11507985.19990126
2045,Agri05_Agroforestry,DE5,304204.6251912562
2045,Agri05_Agroforestry,DE6,246259.8605646049
2045,Agri05_Agroforestry,DE7,2100755.1899375604
2045,Agri05_Agroforestry,DE8,10825544.772198033
2045,Agri05_Agroforestry,DE9,11815080.2511307
2045,Agri05_Agroforestry,DEA,10934647.50017212
2045,Agri05_Agroforestry,DEB,7339113.977576255
2045,Agri05_Agroforestry,DEC,1355446.8909001036
2045,Agri05_Agroforestry,DEE,6724409.921505276
2045,Agri05_Agroforestry,DED,7489627.626820441
2045,Agri05_Agroforestry,DEF,804646.0682310928
2045,Agri05_Agroforestry,DEG,643972.0682969862
2045,Agri06_Biochar,DE1,0.0
2045,Agri06_Biochar,DE2,0.0
2045,Agri06_Biochar,DE3,0.0
2045,Agri06_Biochar,DE4,0.0
2045,Agri06_Biochar,DE5,0.0
2045,Agri06_Biochar,DE6,0.0
2045,Agri06_Biochar,DE7,0.0
2045,Agri06_Biochar,DE8,0.0
2045,Agri06_Biochar,DE9,0.0
2045,Agri06_Biochar,DEA,0.0
2045,Agri06_Biochar,DEB,0.0
2045,Agri06_Biochar,DEC,0.0
2045,Agri06_Biochar,DEE,0.0
2045,Agri06_Biochar,DED,0.0
2045,Agri06_Biochar,DEF,0.0
2045,Agri06_Biochar,DEG,0.0
2046,Agri01_AGC,DE1,1626916.4112980312
2046,Agri01_AGC,DE2,3547310.0806433335
2046,Agri01_AGC,DE3,3312.5535575800636
2046,Agri01_AGC,DE4,1402763.8033255127
2046,Agri01_AGC,DE5,10650.187467410604
2046,Agri01_AGC,DE6,17493.372677451684
2046,Agri01_AGC,DE7,797277.0902161397
2046,Agri01_AGC,DE8,1547591.3492901842
2046,Agri01_AGC,DE9,2929134.942724187
2046,Agri01_AGC,DEA,1699915.5236809347
2046,Agri01_AGC,DEB,845832.1695439352
2046,Agri01_AGC,DEC,89938.80895127606
2046,Agri01_AGC,DEE,1297289.1466471085
2046,Agri01_AGC,DED,965366.0262492063
2046,Agri01_AGC,DEF,716049.1654294757
2046,Agri01_AGC,DEG,572552.180653824
2046,Agri02_OFC,DE1,1536250.9037001526
2046,Agri02_OFC,DE2,2236706.2395190685
2046,Agri02_OFC,DE3,944048.3758725172
2046,Agri02_OFC,DE4,1519397.881085062
2046,Agri02_OFC,DE5,437980.015775018
2046,Agri02_OFC,DE6,46920.78294136501
2046,Agri02_OFC,DE7,472386.7401961246
2046,Agri02_OFC,DE8,1496792.8178278836
2046,Agri02_OFC,DE9,2000704.9047788873
2046,Agri02_OFC,DEA,1552352.405650617
2046,Agri02_OFC,DEB,954545.8785885641
2046,Agri02_OFC,DEC,670871.8007891722
2046,Agri02_OFC,DEE,1134399.2080890231
2046,Agri02_OFC,DED,1004371.9620661417
2046,Agri02_OFC,DEF,408332.75822112313
2046,Agri02_OFC,DEG,326510.9616819104
2046,Agri03_No-till,DE1,0.0
2046,Agri03_No-till,DE2,0.0
2046,Agri03_No-till,DE3,0.0
2046,Agri03_No-till,DE4,0.0
2046,Agri03_No-till,DE5,0.0
2046,Agri03_No-till,DE6,0.0
2046,Agri03_No-till,DE7,0.0
2046,Agri03_No-till,DE8,0.0
2046,Agri03_No-till,DE9,0.0
2046,Agri03_No-till,DEA,0.0
2046,Agri03_No-till,DEB,0.0
2046,Agri03_No-till,DEC,0.0
2046,Agri03_No-till,DEE,0.0
2046,Agri03_No-till,DED,0.0
2046,Agri03_No-till,DEF,0.0
2046,Agri03_No-till,DEG,0.0
2046,Agri04_toGrassland,DE1,102918.23453227416
2046,Agri04_toGrassland,DE2,155931.70919700732
2046,Agri04_toGrassland,DE3,58097.798310345584
2046,Agri04_toGrassland,DE4,100723.57619155942
2046,Agri04_toGrassland,DE5,27000.855578236686
2046,Agri04_toGrassland,DE6,2977.065398856846
2046,Agri04_toGrassland,DE7,33788.27488340095
2046,Agri04_toGrassland,DE8,100080.91897270254
2046,Agri04_toGrassland,DE9,138219.15461566162
2046,Agri04_toGrassland,DEA,104285.90771474701
2046,Agri04_toGrassland,DEB,63095.481569373325
2046,Agri04_toGrassland,DEC,41738.60435034602
2046,Agri04_toGrassland,DEE,76492.49730764939
2046,Agri04_toGrassland,DED,66778.35692063863
2046,Agri04_toGrassland,DEF,30899.692466141372
2046,Agri04_toGrassland,DEG,24707.066732505904
2046,Agri05_Agroforestry,DE1,11245517.284015618
2046,Agri05_Agroforestry,DE2,12652723.041418327
2046,Agri05_Agroforestry,DE3,37909.89342959379
2046,Agri05_Agroforestry,DE4,11773344.59370101
2046,Agri05_Agroforestry,DE5,311219.1940779562
2046,Agri05_Agroforestry,DE6,251938.2974222744
2046,Agri05_Agroforestry,DE7,2149195.9129694505
2046,Agri05_Agroforestry,DE8,11075167.964129766
2046,Agri05_Agroforestry,DE9,12087520.863338156
2046,Agri05_Agroforestry,DEA,11186786.461220184
2046,Agri05_Agroforestry,DEB,7508344.542465547
2046,Agri05_Agroforestry,DEC,1386701.7595021324
2046,Agri05_Agroforestry,DEE,6879466.1984673785
2046,Agri05_Agroforestry,DED,7662328.843611716
2046,Agri05_Agroforestry,DEF,823200.1755904754
2046,Agri05_Agroforestry,DEG,658821.2390856942
2046,Agri06_Biochar,DE1,0.0
2046,Agri06_Biochar,DE2,0.0
2046,Agri06_Biochar,DE3,0.0
2046,Agri06_Biochar,DE4,0.0
2046,Agri06_Biochar,DE5,0.0
2046,Agri06_Biochar,DE6,0.0
2046,Agri06_Biochar,DE7,0.0
2046,Agri06_Biochar,DE8,0.0
2046,Agri06_Biochar,DE9,0.0
2046,Agri06_Biochar,DEA,0.0
2046,Agri06_Biochar,DEB,0.0
2046,Agri06_Biochar,DEC,0.0
2046,Agri06_Biochar,DEE,0.0
2046,Agri06_Biochar,DED,0.0
2046,Agri06_Biochar,DEF,0.0
2046,Agri06_Biochar,DEG,0.0
2047,Agri01_AGC,DE1,1260569.878405318
2047,Agri01_AGC,DE2,2748532.257692849
2047,Agri01_AGC,DE3,2566.637847090268
2047,Agri01_AGC,DE4,1086891.609617856
2047,Agri01_AGC,DE5,8251.994649237251
2047,Agri01_AGC,DE6,13554.241948620058
2047,Agri01_AGC,DE7,617747.4624324733
2047,Agri01_AGC,DE8,1199107.1117411442
2047,Agri01_AGC,DE9,2269556.8456627964
2047,Agri01_AGC,DEA,1317131.1630424275
2047,Agri01_AGC,DEB,655368.9837467527
2047,Agri01_AGC,DEC,69686.52641052031
2047,Agri01_AGC,DEE,1005167.5737542935
2047,Agri01_AGC,DED,747986.3906189731
2047,Agri01_AGC,DEF,554810.3167005996
2047,Agri01_AGC,DEG,443625.76204615855
2047,Agri02_OFC,DE1,1170200.0662539704
2047,Agri02_OFC,DE2,1703754.1090271992
2047,Agri02_OFC,DE3,719104.8476080145
2047,Agri02_OFC,DE4,1157362.7047700756
2047,Agri02_OFC,DE5,333620.14124346204
2047,Agri02_OFC,DE6,35740.71343061697
2047,Agri02_OFC,DE7,359828.58876996033
2047,Agri02_OFC,DE8,1140143.8725744279
2047,Agri02_OFC,DE9,1523986.0926935284
2047,Agri02_OFC,DEA,1182464.9759792243
2047,Agri02_OFC,DEB,727101.0533998108
2047,Agri02_OFC,DEC,511019.5371345654
2047,Agri02_OFC,DEE,864099.7543219832
2047,Agri02_OFC,DED,765054.8056457508
2047,Agri02_OFC,DEF,311037.0965921908
2047,Agri02_OFC,DEG,248711.42342214345
2047,Agri03_No-till,DE1,0.0
2047,Agri03_No-till,DE2,0.0
2047,Agri03_No-till,DE3,0.0
2047,Agri03_No-till,DE4,0.0
2047,Agri03_No-till,DE5,0.0
2047,Agri03_No-till,DE6,0.0
2047,Agri03_No-till,DE7,0.0
2047,Agri03_No-till,DE8,0.0
2047,Agri03_No-till,DE9,0.0
2047,Agri03_No-till,DEA,0.0
2047,Agri03_No-till,DEB,0.0
2047,Agri03_No-till,DEC,0.0
2047,Agri03_No-till,DEE,0.0
2047,Agri03_No-till,DED,0.0
2047,Agri03_No-till,DEF,0.0
2047,Agri03_No-till,DEG,0.0
2047,Agri04_toGrassland,DE1,100243.61240014709
2047,Agri04_toGrassland,DE2,151879.38161468826
2047,Agri04_toGrassland,DE3,56587.96229445496
2047,Agri04_toGrassland,DE4,98105.98847901027
2047,Agri04_toGrassland,DE5,26299.161789530353
2047,Agri04_toGrassland,DE6,2899.697913485969
2047,Agri04_toGrassland,DE7,32910.1907594336
2047,Agri04_toGrassland,DE8,97480.03253013473
2047,Agri04_toGrassland,DE9,134627.1379851877
2047,Agri04_toGrassland,DEA,101575.74271715996
2047,Agri04_toGrassland,DEB,61455.76658388413
2047,Agri04_toGrassland,DEC,40653.9083733224
2047,Agri04_toGrassland,DEE,74504.62288315612
2047,Agri04_toGrassland,DED,65042.93197695664
2047,Agri04_toGrassland,DEF,30096.676346389093
2047,Agri04_toGrassland,DEG,24064.983550618654
2047,Agri05_Agroforestry,DE1,11498979.978978911
2047,Agri05_Agroforestry,DE2,12937902.744557502
2047,Agri05_Agroforestry,DE3,38764.34445321134
2047,Agri05_Agroforestry,DE4,12038703.987500759
2047,Agri05_Agroforestry,DE5,318233.76296465617
2047,Agri05_Agroforestry,DE6,257616.73427994386
2047,Agri05_Agroforestry,DE7,2197636.63600134
2047,Agri05_Agroforestry,DE8,11324791.1560615
2047,Agri05_Agroforestry,DE9,12359961.47554561
2047,Agri05_Agroforestry,DEA,11438925.42226825
2047,Agri05_Agroforestry,DEB,7677575.107354838
2047,Agri05_Agroforestry,DEC,1417956.628104161
2047,Agri05_Agroforestry,DEE,7034522.475429479
2047,Agri05_Agroforestry,DED,7835030.06040299
2047,Agri05_Agroforestry,DEF,841754.282949858
2047,Agri05_Agroforestry,DEG,673670.4098744022
2047,Agri06_Biochar,DE1,0.0
2047,Agri06_Biochar,DE2,0.0
2047,Agri06_Biochar,DE3,0.0
2047,Agri06_Biochar,DE4,0.0
2047,Agri06_Biochar,DE5,0.0
2047,Agri06_Biochar,DE6,0.0
2047,Agri06_Biochar,DE7,0.0
2047,Agri06_Biochar,DE8,0.0
2047,Agri06_Biochar,DE9,0.0
2047,Agri06_Biochar,DEA,0.0
2047,Agri06_Biochar,DEB,0.0
2047,Agri06_Biochar,DEC,0.0
2047,Agri06_Biochar,DEE,0.0
2047,Agri06_Biochar,DED,0.0
2047,Agri06_Biochar,DEF,0.0
2047,Agri06_Biochar,DEG,0.0
2048,Agri01_AGC,DE1,894223.3455126046
2048,Agri01_AGC,DE2,1949754.4347423643
2048,Agri01_AGC,DE3,1820.7221366004726
2048,Agri01_AGC,DE4,771019.4159101992
2048,Agri01_AGC,DE5,5853.801831063899
2048,Agri01_AGC,DE6,9615.111219788432
2048,Agri01_AGC,DE7,438217.83464880695
2048,Agri01_AGC,DE8,850622.8741921039
2048,Agri01_AGC,DE9,1609978.7486014054
2048,Agri01_AGC,DEA,934346.8024039203
2048,Agri01_AGC,DEB,464905.79794957023
2048,Agri01_AGC,DEC,49434.24386976456
2048,Agri01_AGC,DEE,713046.0008614784
2048,Agri01_AGC,DED,530606.7549887397
2048,Agri01_AGC,DEF,393571.4679717234
2048,Agri01_AGC,DEG,314699.34343849303
2048,Agri02_OFC,DE1,804149.2288077902
2048,Agri02_OFC,DE2,1170801.9785353327
2048,Agri02_OFC,DE3,494161.319343513
2048,Agri02_OFC,DE4,795327.5284550914
2048,Agri02_OFC,DE5,229260.26671190662
2048,Agri02_OFC,DE6,24560.643919868988
2048,Agri02_OFC,DE7,247270.43734379666
2048,Agri02_OFC,DE8,783494.9273209742
2048,Agri02_OFC,DE9,1047267.2806081721
2048,Agri02_OFC,DEA,812577.5463078334
2048,Agri02_OFC,DEB,499656.2282110586
2048,Agri02_OFC,DEC,351167.27347995946
2048,Agri02_OFC,DEE,593800.3005549447
2048,Agri02_OFC,DED,525737.6492253612
2048,Agri02_OFC,DEF,213741.43496325897
2048,Agri02_OFC,DEG,170911.8851623769
2048,Agri03_No-till,DE1,0.0
2048,Agri03_No-till,DE2,0.0
2048,Agri03_No-till,DE3,0.0
2048,Agri03_No-till,DE4,0.0
2048,Agri03_No-till,DE5,0.0
2048,Agri03_No-till,DE6,0.0
2048,Agri03_No-till,DE7,0.0
2048,Agri03_No-till,DE8,0.0
2048,Agri03_No-till,DE9,0.0
2048,Agri03_No-till,DEA,0.0
2048,Agri03_No-till,DEB,0.0
2048,Agri03_No-till,DEC,0.0
2048,Agri03_No-till,DEE,0.0
2048,Agri03_No-till,DED,0.0
2048,Agri03_No-till,DEF,0.0
2048,Agri03_No-till,DEG,0.0
2048,Agri04_toGrassland,DE1,97568.99026802002
2048,Agri04_toGrassland,DE2,147827.0540323692
2048,Agri04_toGrassland,DE3,55078.12627856435
2048,Agri04_toGrassland,DE4,95488.40076646113
2048,Agri04_toGrassland,DE5,25597.468000824018
2048,Agri04_toGrassland,DE6,2822.3304281150918
2048,Agri04_toGrassland,DE7,32032.10663546626
2048,Agri04_toGrassland,DE8,94879.14608756691
2048,Agri04_toGrassland,DE9,131035.12135471382
2048,Agri04_toGrassland,DEA,98865.57771957292
2048,Agri04_toGrassland,DEB,59816.05159839494
2048,Agri04_toGrassland,DEC,39569.21239629879
2048,Agri04_toGrassland,DEE,72516.74845866283
2048,Agri04_toGrassland,DED,63307.50703327466
2048,Agri04_toGrassland,DEF,29293.660226636814
2048,Agri04_toGrassland,DEG,23422.900368731403
2048,Agri05_Agroforestry,DE1,11752442.673942205
2048,Agri05_Agroforestry,DE2,13223082.447696678
2048,Agri05_Agroforestry,DE3,39618.795476828906
2048,Agri05_Agroforestry,DE4,12304063.381300507
2048,Agri05_Agroforestry,DE5,325248.3318513562
2048,Agri05_Agroforestry,DE6,263295.17113761336
2048,Agri05_Agroforestry,DE7,2246077.35903323
2048,Agri05_Agroforestry,DE8,11574414.347993234
2048,Agri05_Agroforestry,DE9,12632402.087753065
2048,Agri05_Agroforestry,DEA,11691064.383316314
2048,Agri05_Agroforestry,DEB,7846805.67224413
2048,Agri05_Agroforestry,DEC,1449211.4967061898
2048,Agri05_Agroforestry,DEE,7189578.752391581
2048,Agri05_Agroforestry,DED,8007731.277194264
2048,Agri05_Agroforestry,DEF,860308.3903092407
2048,Agri05_Agroforestry,DEG,688519.5806631104
2048,Agri06_Biochar,DE1,0.0
2048,Agri06_Biochar,DE2,0.0
2048,Agri06_Biochar,DE3,0.0
2048,Agri06_Biochar,DE4,0.0
2048,Agri06_Biochar,DE5,0.0
2048,Agri06_Biochar,DE6,0.0
2048,Agri06_Biochar,DE7,0.0
2048,Agri06_Biochar,DE8,0.0
2048,Agri06_Biochar,DE9,0.0
2048,Agri06_Biochar,DEA,0.0
2048,Agri06_Biochar,DEB,0.0
2048,Agri06_Biochar,DEC,0.0
2048,Agri06_Biochar,DEE,0.0
2048,Agri06_Biochar,DED,0.0
2048,Agri06_Biochar,DEF,0.0
2048,Agri06_Biochar,DEG,0.0
2049,Agri01_AGC,DE1,527876.8126198914
2049,Agri01_AGC,DE2,1150976.6117918799
2049,Agri01_AGC,DE3,1074.8064261106774
2049,Agri01_AGC,DE4,455147.22220254235
2049,Agri01_AGC,DE5,3455.609012890548
2049,Agri01_AGC,DE6,5675.980490956809
2049,Agri01_AGC,DE7,258688.20686514064
2049,Agri01_AGC,DE8,502138.6366430638
2049,Agri01_AGC,DE9,950400.6515400149
2049,Agri01_AGC,DEA,551562.4417654132
2049,Agri01_AGC,DEB,274442.61215238774
2049,Agri01_AGC,DEC,29181.961329008824
2049,Agri01_AGC,DEE,420924.42796866334
2049,Agri01_AGC,DED,313227.11935850646
2049,Agri01_AGC,DEF,232332.61924284726
2049,Agri01_AGC,DEG,185772.9248308275
2049,Agri02_OFC,DE1,438098.39136160805
2049,Agri02_OFC,DE2,637849.8480434633
2049,Agri02_OFC,DE3,269217.79107901035
2049,Agri02_OFC,DE4,433292.3521401053
2049,Agri02_OFC,DE5,124900.39218035062
2049,Agri02_OFC,DE6,13380.574409120947
2049,Agri02_OFC,DE7,134712.28591763237
2049,Agri02_OFC,DE8,426845.9820675184
2049,Agri02_OFC,DE9,570548.4685228132
2049,Agri02_OFC,DEA,442690.11663644057
2049,Agri02_OFC,DEB,272211.40302230517
2049,Agri02_OFC,DEC,191315.0098253526
2049,Agri02_OFC,DEE,323500.8467879046
2049,Agri02_OFC,DED,286420.4928049703
2049,Agri02_OFC,DEF,116445.77333432666
2049,Agri02_OFC,DEG,93112.34690260992
2049,Agri03_No-till,DE1,0.0
2049,Agri03_No-till,DE2,0.0
2049,Agri03_No-till,DE3,0.0
2049,Agri03_No-till,DE4,0.0
2049,Agri03_No-till,DE5,0.0
2049,Agri03_No-till,DE6,0.0
2049,Agri03_No-till,DE7,0.0
2049,Agri03_No-till,DE8,0.0
2049,Agri03_No-till,DE9,0.0
2049,Agri03_No-till,DEA,0.0
2049,Agri03_No-till,DEB,0.0
2049,Agri03_No-till,DEC,0.0
2049,Agri03_No-till,DEE,0.0
2049,Agri03_No-till,DED,0.0
2049,Agri03_No-till,DEF,0.0
2049,Agri03_No-till,DEG,0.0
2049,Agri04_toGrassland,DE1,94894.36813589298
2049,Agri04_toGrassland,DE2,143774.72645005013
2049,Agri04_toGrassland,DE3,53568.29026267374
2049,Agri04_toGrassland,DE4,92870.81305391199
2049,Agri04_toGrassland,DE5,24895.77421211769
2049,Agri04_toGrassland,DE6,2744.9629427442155
2049,Agri04_toGrassland,DE7,31154.022511498926
2049,Agri04_toGrassland,DE8,92278.25964499913
2049,Agri04_toGrassland,DE9,127443.10472423994
2049,Agri04_toGrassland,DEA,96155.4127219859
2049,Agri04_toGrassland,DEB,58176.336612905754
2049,Agri04_toGrassland,DEC,38484.51641927518
2049,Agri04_toGrassland,DEE,70528.87403416955
2049,Agri04_toGrassland,DED,61572.08208959269
2049,Agri04_toGrassland,DEF,28490.64410688454
2049,Agri04_toGrassland,DEG,22780.81718684416
2049,Agri05_Agroforestry,DE1,12005905.368905498
2049,Agri05_Agroforestry,DE2,13508262.150835853
2049,Agri05_Agroforestry,DE3,40473.24650044646
2049,Agri05_Agroforestry,DE4,12569422.775100255
2049,Agri05_Agroforestry,DE5,332262.90073805617
2049,Agri05_Agroforestry,DE6,268973.6079952828
2049,Agri05_Agroforestry,DE7,2294518.0820651203
2049,Agri05_Agroforestry,DE8,11824037.539924968
2049,Agri05_Agroforestry,DE9,12904842.699960519
2049,Agri05_Agroforestry,DEA,11943203.344364377
2049,Agri05_Agroforestry,DEB,8016036.237133421
2049,Agri05_Agroforestry,DEC,1480466.3653082184
2049,Agri05_Agroforestry,DEE,7344635.029353682
2049,Agri05_Agroforestry,DED,8180432.493985538
2049,Agri05_Agroforestry,DEF,878862.4976686231
2049,Agri05_Agroforestry,DEG,703368.7514518184
2049,Agri06_Biochar,DE1,0.0
2049,Agri06_Biochar,DE2,0.0
2049,Agri06_Biochar,DE3,0.0
2049,Agri06_Biochar,DE4,0.0
2049,Agri06_Biochar,DE5,0.0
2049,Agri06_Biochar,DE6,0.0
2049,Agri06_Biochar,DE7,0.0
2049,Agri06_Biochar,DE8,0.0
2049,Agri06_Biochar,DE9,0.0
2049,Agri06_Biochar,DEA,0.0
2049,Agri06_Biochar,DEB,0.0
2049,Agri06_Biochar,DEC,0.0
2049,Agri06_Biochar,DEE,0.0
2049,Agri06_Biochar,DED,0.0
2049,Agri06_Biochar,DEF,0.0
2049,Agri06_Biochar,DEG,0.0
2050,Agri01_AGC,DE1,161530.27972717845
2050,Agri01_AGC,DE2,352198.78884139634
2050,Agri01_AGC,DE3,328.8907156208827
2050,Agri01_AGC,DE4,139275.02849488592
2050,Agri01_AGC,DE5,1057.4161947171988
2050,Agri01_AGC,DE6,1736.8497621251886
2050,Agri01_AGC,DE7,79158.57908147453
2050,Agri01_AGC,DE8,153654.399094024
2050,Agri01_AGC,DE9,290822.554478625
2050,Agri01_AGC,DEA,168778.08112690636
2050,Agri01_AGC,DEB,83979.42635520542
2050,Agri01_AGC,DEC,8929.678788253099
2050,Agri01_AGC,DEE,128802.85507584864
2050,Agri01_AGC,DED,95847.4837282734
2050,Agri01_AGC,DEF,71093.77051397125
2050,Agri01_AGC,DEG,56846.50622316218
2050,Agri02_OFC,DE1,72047.55391542312
2050,Agri02_OFC,DE2,104897.71755158994
2050,Agri02_OFC,DE3,44274.26281450594
2050,Agri02_OFC,DE4,71257.17582511634
2050,Agri02_OFC,DE5,20540.517648793848
2050,Agri02_OFC,DE6,2200.5048983728225
2050,Agri02_OFC,DE7,22154.134491467237
2050,Agri02_OFC,DE8,70197.03681406
2050,Agri02_OFC,DE9,93829.65643745063
2050,Agri02_OFC,DEA,72802.68696504495
2050,Agri02_OFC,DEB,44766.577833550065
2050,Agri02_OFC,DEC,31462.746170744587
2050,Agri02_OFC,DEE,53201.39302086262
2050,Agri02_OFC,DED,47103.33638457762
2050,Agri02_OFC,DEF,19150.11170539361
2050,Agri02_OFC,DEG,15312.808642842367
2050,Agri03_No-till,DE1,0.0
2050,Agri03_No-till,DE2,0.0
2050,Agri03_No-till,DE3,0.0
2050,Agri03_No-till,DE4,0.0
2050,Agri03_No-till,DE5,0.0
2050,Agri03_No-till,DE6,0.0
2050,Agri03_No-till,DE7,0.0
2050,Agri03_No-till,DE8,0.0
2050,Agri03_No-till,DE9,0.0
2050,Agri03_No-till,DEA,0.0
2050,Agri03_No-till,DEB,0.0
2050,Agri03_No-till,DEC,0.0
2050,Agri03_No-till,DEE,0.0
2050,Agri03_No-till,DED,0.0
2050,Agri03_No-till,DEF,0.0
2050,Agri03_No-till,DEG,0.0
2050,Agri04_toGrassland,DE1,92219.7460037659
2050,Agri04_toGrassland,DE2,139722.39886773107
2050,Agri04_toGrassland,DE3,52058.45424678312
2050,Agri04_toGrassland,DE4,90253.22534136285
2050,Agri04_toGrassland,DE5,24194.080423411357
2050,Agri04_toGrassland,DE6,2667.5954573733384
2050,Agri04_toGrassland,DE7,30275.938387531583
2050,Agri04_toGrassland,DE8,89677.3732024313
2050,Agri04_toGrassland,DE9,123851.08809376604
2050,Agri04_toGrassland,DEA,93445.24772439885
2050,Agri04_toGrassland,DEB,56536.621627416556
2050,Agri04_toGrassland,DEC,37399.82044225157
2050,Agri04_toGrassland,DEE,68540.99960967628
2050,Agri04_toGrassland,DED,59836.65714591071
2050,Agri04_toGrassland,DEF,27687.627987132262
2050,Agri04_toGrassland,DEG,22138.73400495691
2050,Agri05_Agroforestry,DE1,12259368.063868789
2050,Agri05_Agroforestry,DE2,13793441.853975028
2050,Agri05_Agroforestry,DE3,41327.69752406401
2050,Agri05_Agroforestry,DE4,12834782.168900002
2050,Agri05_Agroforestry,DE5,339277.46962475614
2050,Agri05_Agroforestry,DE6,274652.04485295224
2050,Agri05_Agroforestry,DE7,2342958.80509701
2050,Agri05_Agroforestry,DE8,12073660.7318567
2050,Agri05_Agroforestry,DE9,13177283.31216797
2050,Agri05_Agroforestry,DEA,12195342.30541244
2050,Agri05_Agroforestry,DEB,8185266.802022711
2050,Agri05_Agroforestry,DEC,1511721.233910247
2050,Agri05_Agroforestry,DEE,7499691.3063157825
2050,Agri05_Agroforestry,DED,8353133.7107768105
2050,Agri05_Agroforestry,DEF,897416.6050280055
2050,Agri05_Agroforestry,DEG,718217.9222405263
2050,Agri06_Biochar,DE1,0.0
2050,Agri06_Biochar,DE2,0.0
2050,Agri06_Biochar,DE3,0.0
2050,Agri06_Biochar,DE4,0.0
2050,Agri06_Biochar,DE5,0.0
2050,Agri06_Biochar,DE6,0.0
2050,Agri06_Biochar,DE7,0.0
2050,Agri06_Biochar,DE8,0.0
2050,Agri06_Biochar,DE9,0.0
2050,Agri06_Biochar,DEA,0.0
2050,Agri06_Biochar,DEB,0.0
2050,Agri06_Biochar,DEC,0.0
2050,Agri06_Biochar,DEE,0.0
2050,Agri06_Biochar,DED,0.0
2050,Agri06_Biochar,DEF,0.0
2050,Agri06_Biochar,DEG,0.0
