year,techAgri,r,ghgAbateTechAgri
2020,Agri01_AGC,DE1,0.0
2020,Agri01_AGC,DE2,0.0
2020,Agri01_AGC,DE3,0.0
2020,Agri01_AGC,DE4,0.0
2020,Agri01_AGC,DE5,0.0
2020,Agri01_AGC,DE6,0.0
2020,Agri01_AGC,DE7,0.0
2020,Agri01_AGC,DE8,0.0
2020,Agri01_AGC,DE9,0.0
2020,Agri01_AGC,DEA,0.0
2020,Agri01_AGC,DEB,0.0
2020,Agri01_AGC,DEC,0.0
2020,Agri01_AGC,DEE,0.0
2020,Agri01_AGC,DED,0.0
2020,Agri01_AGC,DEF,0.0
2020,Agri01_AGC,DEG,0.0
2020,Agri02_OFC,DE1,0.0
2020,Agri02_OFC,DE2,0.0
2020,Agri02_OFC,DE3,0.0
2020,Agri02_OFC,DE4,0.0
2020,Agri02_OFC,DE5,0.0
2020,Agri02_OFC,DE6,0.0
2020,Agri02_OFC,DE7,0.0
2020,Agri02_OFC,DE8,0.0
2020,Agri02_OFC,DE9,0.0
2020,Agri02_OFC,DEA,0.0
2020,Agri02_OFC,DEB,0.0
2020,Agri02_OFC,DEC,0.0
2020,Agri02_OFC,DEE,0.0
2020,Agri02_OFC,DED,0.0
2020,Agri02_OFC,DEF,0.0
2020,Agri02_OFC,DEG,0.0
2020,Agri03_No-till,DE1,0.0
2020,Agri03_No-till,DE2,0.0
2020,Agri03_No-till,DE3,0.0
2020,Agri03_No-till,DE4,0.0
2020,Agri03_No-till,DE5,0.0
2020,Agri03_No-till,DE6,0.0
2020,Agri03_No-till,DE7,0.0
2020,Agri03_No-till,DE8,0.0
2020,Agri03_No-till,DE9,0.0
2020,Agri03_No-till,DEA,0.0
2020,Agri03_No-till,DEB,0.0
2020,Agri03_No-till,DEC,0.0
2020,Agri03_No-till,DEE,0.0
2020,Agri03_No-till,DED,0.0
2020,Agri03_No-till,DEF,0.0
2020,Agri03_No-till,DEG,0.0
2020,Agri04_toGrassland,DE1,0.0
2020,Agri04_toGrassland,DE2,0.0
2020,Agri04_toGrassland,DE3,0.0
2020,Agri04_toGrassland,DE4,0.0
2020,Agri04_toGrassland,DE5,0.0
2020,Agri04_toGrassland,DE6,0.0
2020,Agri04_toGrassland,DE7,0.0
2020,Agri04_toGrassland,DE8,0.0
2020,Agri04_toGrassland,DE9,0.0
2020,Agri04_toGrassland,DEA,0.0
2020,Agri04_toGrassland,DEB,0.0
2020,Agri04_toGrassland,DEC,0.0
2020,Agri04_toGrassland,DEE,0.0
2020,Agri04_toGrassland,DED,0.0
2020,Agri04_toGrassland,DEF,0.0
2020,Agri04_toGrassland,DEG,0.0
2020,Agri05_Agroforestry,DE1,0.0
2020,Agri05_Agroforestry,DE2,0.0
2020,Agri05_Agroforestry,DE3,0.0
2020,Agri05_Agroforestry,DE4,0.0
2020,Agri05_Agroforestry,DE5,0.0
2020,Agri05_Agroforestry,DE6,0.0
2020,Agri05_Agroforestry,DE7,0.0
2020,Agri05_Agroforestry,DE8,0.0
2020,Agri05_Agroforestry,DE9,0.0
2020,Agri05_Agroforestry,DEA,0.0
2020,Agri05_Agroforestry,DEB,0.0
2020,Agri05_Agroforestry,DEC,0.0
2020,Agri05_Agroforestry,DEE,0.0
2020,Agri05_Agroforestry,DED,0.0
2020,Agri05_Agroforestry,DEF,0.0
2020,Agri05_Agroforestry,DEG,0.0
2020,Agri06_Biochar,DE1,0.0
2020,Agri06_Biochar,DE2,0.0
2020,Agri06_Biochar,DE3,0.0
2020,Agri06_Biochar,DE4,0.0
2020,Agri06_Biochar,DE5,0.0
2020,Agri06_Biochar,DE6,0.0
2020,Agri06_Biochar,DE7,0.0
2020,Agri06_Biochar,DE8,0.0
2020,Agri06_Biochar,DE9,0.0
2020,Agri06_Biochar,DEA,0.0
2020,Agri06_Biochar,DEB,0.0
2020,Agri06_Biochar,DEC,0.0
2020,Agri06_Biochar,DEE,0.0
2020,Agri06_Biochar,DED,0.0
2020,Agri06_Biochar,DEF,0.0
2020,Agri06_Biochar,DEG,0.0
2021,Agri01_AGC,DE1,0.0
2021,Agri01_AGC,DE2,7067.887914814085
2021,Agri01_AGC,DE3,0.0
2021,Agri01_AGC,DE4,0.0
2021,Agri01_AGC,DE5,0.0
2021,Agri01_AGC,DE6,0.0
2021,Agri01_AGC,DE7,1822.8728183524224
2021,Agri01_AGC,DE8,0.0
2021,Agri01_AGC,DE9,5836.196157620738
2021,Agri01_AGC,DEA,0.0
2021,Agri01_AGC,DEB,0.0
2021,Agri01_AGC,DEC,0.0
2021,Agri01_AGC,DEE,0.0
2021,Agri01_AGC,DED,0.0
2021,Agri01_AGC,DEF,2228.754806192315
2021,Agri01_AGC,DEG,1781.7941157118917
2021,Agri02_OFC,DE1,0.0
2021,Agri02_OFC,DE2,0.0
2021,Agri02_OFC,DE3,0.0
2021,Agri02_OFC,DE4,0.0
2021,Agri02_OFC,DE5,0.0
2021,Agri02_OFC,DE6,0.0
2021,Agri02_OFC,DE7,0.0
2021,Agri02_OFC,DE8,0.0
2021,Agri02_OFC,DE9,0.0
2021,Agri02_OFC,DEA,0.0
2021,Agri02_OFC,DEB,0.0
2021,Agri02_OFC,DEC,0.0
2021,Agri02_OFC,DEE,0.0
2021,Agri02_OFC,DED,0.0
2021,Agri02_OFC,DEF,0.0
2021,Agri02_OFC,DEG,0.0
2021,Agri03_No-till,DE1,0.0
2021,Agri03_No-till,DE2,0.0
2021,Agri03_No-till,DE3,0.0
2021,Agri03_No-till,DE4,0.0
2021,Agri03_No-till,DE5,0.0
2021,Agri03_No-till,DE6,0.0
2021,Agri03_No-till,DE7,0.0
2021,Agri03_No-till,DE8,0.0
2021,Agri03_No-till,DE9,0.0
2021,Agri03_No-till,DEA,0.0
2021,Agri03_No-till,DEB,0.0
2021,Agri03_No-till,DEC,0.0
2021,Agri03_No-till,DEE,0.0
2021,Agri03_No-till,DED,0.0
2021,Agri03_No-till,DEF,0.0
2021,Agri03_No-till,DEG,0.0
2021,Agri04_toGrassland,DE1,56.53825513709765
2021,Agri04_toGrassland,DE2,123.27536989426267
2021,Agri04_toGrassland,DE3,0.1151171608406952
2021,Agri04_toGrassland,DE4,48.74855109871696
2021,Agri04_toGrassland,DE5,0.370113063036817
2021,Agri04_toGrassland,DE6,0.6079259885619994
2021,Agri04_toGrassland,DE7,31.79384331797272
2021,Agri04_toGrassland,DE8,53.78156735435687
2021,Agri04_toGrassland,DE9,101.79267820563558
2021,Agri04_toGrassland,DEA,59.07510485600443
2021,Agri04_toGrassland,DEB,29.394180716810933
2021,Agri04_toGrassland,DEC,3.1255344723930136
2021,Agri04_toGrassland,DEE,45.08311813094478
2021,Agri04_toGrassland,DED,33.54819603129894
2021,Agri04_toGrassland,DEF,38.87308011225026
2021,Agri04_toGrassland,DEG,31.07736445981569
2021,Agri05_Agroforestry,DE1,2741.9161103614974
2021,Agri05_Agroforestry,DE2,5978.442771256755
2021,Agri05_Agroforestry,DE3,5.582796942049053
2021,Agri05_Agroforestry,DE4,2364.141540806919
2021,Agri05_Agroforestry,DE5,17.949244590854285
2021,Agri05_Agroforestry,DE6,29.482375391734696
2021,Agri05_Agroforestry,DE7,1541.894969918482
2021,Agri05_Agroforestry,DE8,2608.2259810073983
2021,Agri05_Agroforestry,DE9,4936.604138420598
2021,Agri05_Agroforestry,DEA,2864.94482953526
2021,Agri05_Agroforestry,DEB,1425.519366716674
2021,Agri05_Agroforestry,DEC,151.57795907503063
2021,Agri05_Agroforestry,DEE,2186.3803120351067
2021,Agri05_Agroforestry,DED,1626.9752037576989
2021,Agri05_Agroforestry,DEF,1885.2142564480223
2021,Agri05_Agroforestry,DEG,1507.1481437359184
2021,Agri06_Biochar,DE1,0.0
2021,Agri06_Biochar,DE2,0.0
2021,Agri06_Biochar,DE3,0.0
2021,Agri06_Biochar,DE4,0.0
2021,Agri06_Biochar,DE5,0.0
2021,Agri06_Biochar,DE6,0.0
2021,Agri06_Biochar,DE7,0.0
2021,Agri06_Biochar,DE8,0.0
2021,Agri06_Biochar,DE9,0.0
2021,Agri06_Biochar,DEA,0.0
2021,Agri06_Biochar,DEB,0.0
2021,Agri06_Biochar,DEC,0.0
2021,Agri06_Biochar,DEE,0.0
2021,Agri06_Biochar,DED,0.0
2021,Agri06_Biochar,DEF,0.0
2021,Agri06_Biochar,DEG,0.0
2022,Agri01_AGC,DE1,0.0
2022,Agri01_AGC,DE2,14124.682847947273
2022,Agri01_AGC,DE3,0.0
2022,Agri01_AGC,DE4,0.0
2022,Agri01_AGC,DE5,0.0
2022,Agri01_AGC,DE6,0.0
2022,Agri01_AGC,DE7,3618.006469752191
2022,Agri01_AGC,DE8,0.0
2022,Agri01_AGC,DE9,11699.849670083284
2022,Agri01_AGC,DEA,0.0
2022,Agri01_AGC,DEB,0.0
2022,Agri01_AGC,DEC,0.0
2022,Agri01_AGC,DEE,612.0958194333567
2022,Agri01_AGC,DED,0.0
2022,Agri01_AGC,DEF,4383.296614661101
2022,Agri01_AGC,DEG,3504.2739233829348
2022,Agri02_OFC,DE1,0.0
2022,Agri02_OFC,DE2,0.0
2022,Agri02_OFC,DE3,0.0
2022,Agri02_OFC,DE4,0.0
2022,Agri02_OFC,DE5,0.0
2022,Agri02_OFC,DE6,0.0
2022,Agri02_OFC,DE7,0.0
2022,Agri02_OFC,DE8,0.0
2022,Agri02_OFC,DE9,0.0
2022,Agri02_OFC,DEA,0.0
2022,Agri02_OFC,DEB,0.0
2022,Agri02_OFC,DEC,0.0
2022,Agri02_OFC,DEE,0.0
2022,Agri02_OFC,DED,0.0
2022,Agri02_OFC,DEF,0.0
2022,Agri02_OFC,DEG,0.0
2022,Agri03_No-till,DE1,0.0
2022,Agri03_No-till,DE2,0.0
2022,Agri03_No-till,DE3,0.0
2022,Agri03_No-till,DE4,0.0
2022,Agri03_No-till,DE5,0.0
2022,Agri03_No-till,DE6,0.0
2022,Agri03_No-till,DE7,0.0
2022,Agri03_No-till,DE8,0.0
2022,Agri03_No-till,DE9,0.0
2022,Agri03_No-till,DEA,0.0
2022,Agri03_No-till,DEB,0.0
2022,Agri03_No-till,DEC,0.0
2022,Agri03_No-till,DEE,0.0
2022,Agri03_No-till,DED,0.0
2022,Agri03_No-till,DEF,0.0
2022,Agri03_No-till,DEG,0.0
2022,Agri04_toGrassland,DE1,115.1076012660826
2022,Agri04_toGrassland,DE2,246.35726028850715
2022,Agri04_toGrassland,DE3,4.14209657944392
2022,Agri04_toGrassland,DE4,100.05740908053178
2022,Agri04_toGrassland,DE5,2.530726107545748
2022,Agri04_toGrassland,DE6,1.3639546518325592
2022,Agri04_toGrassland,DE7,63.103870804701174
2022,Agri04_toGrassland,DE8,109.6424056437255
2022,Agri04_toGrassland,DE9,204.06425698457363
2022,Agri04_toGrassland,DEA,120.0530293969657
2022,Agri04_toGrassland,DEB,60.491585101835454
2022,Agri04_toGrassland,DEC,8.796833866784398
2022,Agri04_toGrassland,DEE,91.4095655699205
2022,Agri04_toGrassland,DED,68.68700827675903
2022,Agri04_toGrassland,DEF,76.45176579499139
2022,Agri04_toGrassland,DEG,61.120191678536735
2022,Agri05_Agroforestry,DE1,6548.555086809863
2022,Agri05_Agroforestry,DE2,12913.724186570536
2022,Agri05_Agroforestry,DE3,1167.0995704182815
2022,Agri05_Agroforestry,DE4,5885.186428840732
2022,Agri05_Agroforestry,DE5,567.5923389745564
2022,Agri05_Agroforestry,DE6,107.69274567946636
2022,Agri05_Agroforestry,DE7,3202.452665215904
2022,Agri05_Agroforestry,DE8,6272.725782371619
2022,Agri05_Agroforestry,DE9,10851.869491950914
2022,Agri05_Agroforestry,DEA,6777.606184476414
2022,Agri05_Agroforestry,DEB,3595.6926482478693
2022,Agri05_Agroforestry,DEC,1080.507508874352
2022,Agri05_Agroforestry,DEE,5110.674147657297
2022,Agri05_Agroforestry,DED,3999.524275683288
2022,Agri05_Agroforestry,DEF,3707.9939825786782
2022,Agri05_Agroforestry,DEG,2964.4639609115407
2022,Agri06_Biochar,DE1,0.0
2022,Agri06_Biochar,DE2,0.0
2022,Agri06_Biochar,DE3,0.0
2022,Agri06_Biochar,DE4,0.0
2022,Agri06_Biochar,DE5,0.0
2022,Agri06_Biochar,DE6,0.0
2022,Agri06_Biochar,DE7,0.0
2022,Agri06_Biochar,DE8,0.0
2022,Agri06_Biochar,DE9,0.0
2022,Agri06_Biochar,DEA,0.0
2022,Agri06_Biochar,DEB,0.0
2022,Agri06_Biochar,DEC,0.0
2022,Agri06_Biochar,DEE,0.0
2022,Agri06_Biochar,DED,0.0
2022,Agri06_Biochar,DEF,0.0
2022,Agri06_Biochar,DEG,0.0
2023,Agri01_AGC,DE1,3474.474240283728
2023,Agri01_AGC,DE2,21170.384799399562
2023,Agri01_AGC,DE3,0.0
2023,Agri01_AGC,DE4,0.0
2023,Agri01_AGC,DE5,0.0
2023,Agri01_AGC,DE6,0.0
2023,Agri01_AGC,DE7,5385.400954199306
2023,Agri01_AGC,DE8,2941.8177012728424
2023,Agri01_AGC,DE9,17590.96053738764
2023,Agri01_AGC,DEA,3605.2136981628028
2023,Agri01_AGC,DEB,0.0
2023,Agri01_AGC,DEC,0.0
2023,Agri01_AGC,DEE,3339.4682902599093
2023,Agri01_AGC,DED,0.0
2023,Agri01_AGC,DEF,6463.625425406356
2023,Agri01_AGC,DEG,5167.439423013129
2023,Agri02_OFC,DE1,1643.699257367347
2023,Agri02_OFC,DE2,3333.170507054351
2023,Agri02_OFC,DE3,215.32960466558944
2023,Agri02_OFC,DE4,1461.1232276567064
2023,Agri02_OFC,DE5,107.16822939124728
2023,Agri02_OFC,DE6,24.523255596896856
2023,Agri02_OFC,DE7,836.1164310499071
2023,Agri02_OFC,DE8,1571.5417087494143
2023,Agri02_OFC,DE9,2786.9582238912026
2023,Agri02_OFC,DEA,1705.549291347422
2023,Agri02_OFC,DEB,889.6696217678042
2023,Agri02_OFC,DEC,222.8759915980481
2023,Agri02_OFC,DEE,1290.2614308908119
2023,Agri02_OFC,DED,996.2326536059408
2023,Agri02_OFC,DEF,984.1589503402504
2023,Agri02_OFC,DEG,786.8079333919317
2023,Agri03_No-till,DE1,0.0
2023,Agri03_No-till,DE2,0.0
2023,Agri03_No-till,DE3,0.0
2023,Agri03_No-till,DE4,0.0
2023,Agri03_No-till,DE5,0.0
2023,Agri03_No-till,DE6,0.0
2023,Agri03_No-till,DE7,0.0
2023,Agri03_No-till,DE8,0.0
2023,Agri03_No-till,DE9,0.0
2023,Agri03_No-till,DEA,0.0
2023,Agri03_No-till,DEB,0.0
2023,Agri03_No-till,DEC,0.0
2023,Agri03_No-till,DEE,0.0
2023,Agri03_No-till,DED,0.0
2023,Agri03_No-till,DEF,0.0
2023,Agri03_No-till,DEG,0.0
2023,Agri04_toGrassland,DE1,175.70803838695483
2023,Agri04_toGrassland,DE2,369.24567118273336
2023,Agri04_toGrassland,DE3,12.080938255809675
2023,Agri04_toGrassland,DE4,153.92657394544446
2023,Agri04_toGrassland,DE5,6.481839133526792
2023,Agri04_toGrassland,DE6,2.26808598981168
2023,Agri04_toGrassland,DE7,93.93008246018537
2023,Agri04_toGrassland,DE8,167.58251486810587
2023,Agri04_toGrassland,DE9,306.8147363368141
2023,Agri04_toGrassland,DEA,182.9337736228838
2023,Agri04_toGrassland,DEB,93.29221315507354
2023,Agri04_toGrassland,DEC,17.013898183174152
2023,Agri04_toGrassland,DEE,138.97934231692716
2023,Agri04_toGrassland,DED,105.41643673638026
2023,Agri04_toGrassland,DEF,112.7360570482234
2023,Agri04_toGrassland,DEG,90.12848165616316
2023,Agri05_Agroforestry,DE1,11419.916929345098
2023,Agri05_Agroforestry,DE2,20805.844245941345
2023,Agri05_Agroforestry,DE3,1307.8725000000002
2023,Agri05_Agroforestry,DE4,10563.134664101442
2023,Agri05_Agroforestry,DE5,1648.9292831511063
2023,Agri05_Agroforestry,DE6,234.63111086319498
2023,Agri05_Agroforestry,DE7,4981.6730858922665
2023,Agri05_Agroforestry,DE8,10993.499404092661
2023,Agri05_Agroforestry,DE9,17745.796060590943
2023,Agri05_Agroforestry,DEA,11737.98406482346
2023,Agri05_Agroforestry,DEB,6510.519844593586
2023,Agri05_Agroforestry,DEC,2786.7886493979636
2023,Agri05_Agroforestry,DEE,8772.881506866572
2023,Agri05_Agroforestry,DED,7117.647215776768
2023,Agri05_Agroforestry,DEF,5468.339178391968
2023,Agri05_Agroforestry,DEG,4371.947451526867
2023,Agri06_Biochar,DE1,0.0
2023,Agri06_Biochar,DE2,0.0
2023,Agri06_Biochar,DE3,0.0
2023,Agri06_Biochar,DE4,0.0
2023,Agri06_Biochar,DE5,0.0
2023,Agri06_Biochar,DE6,0.0
2023,Agri06_Biochar,DE7,0.0
2023,Agri06_Biochar,DE8,0.0
2023,Agri06_Biochar,DE9,0.0
2023,Agri06_Biochar,DEA,0.0
2023,Agri06_Biochar,DEB,0.0
2023,Agri06_Biochar,DEC,0.0
2023,Agri06_Biochar,DEE,0.0
2023,Agri06_Biochar,DED,0.0
2023,Agri06_Biochar,DEF,0.0
2023,Agri06_Biochar,DEG,0.0
2024,Agri01_AGC,DE1,7065.399345714007
2024,Agri01_AGC,DE2,28204.993769170957
2024,Agri01_AGC,DE3,0.0
2024,Agri01_AGC,DE4,3235.3355074026736
2024,Agri01_AGC,DE5,0.0
2024,Agri01_AGC,DE6,0.0
2024,Agri01_AGC,DE7,7125.056271693768
2024,Agri01_AGC,DE8,6382.97753755692
2024,Agri01_AGC,DE9,23509.5287595338
2024,Agri01_AGC,DEA,7319.523935779612
2024,Agri01_AGC,DEB,1569.6066476013598
2024,Agri01_AGC,DEC,0.0
2024,Agri01_AGC,DEE,6138.125983738021
2024,Agri01_AGC,DED,2197.04699225216
2024,Agri01_AGC,DEF,8469.741238428083
2024,Agri01_AGC,DEG,6771.290614602473
2024,Agri02_OFC,DE1,3342.488921893833
2024,Agri02_OFC,DE2,6661.093162350448
2024,Agri02_OFC,DE3,536.7628183725236
2024,Agri02_OFC,DE4,2991.691078526056
2024,Agri02_OFC,DE5,262.9011825647972
2024,Agri02_OFC,DE6,53.06358215892597
2024,Agri02_OFC,DE7,1659.1100570459073
2024,Agri02_OFC,DE8,3199.480635969835
2024,Agri02_OFC,DE9,5586.905933569777
2024,Agri02_OFC,DEA,3462.7098160730648
2024,Agri02_OFC,DEB,1825.536723480995
2024,Agri02_OFC,DEC,514.8021767347058
2024,Agri02_OFC,DEE,2614.2463719965294
2024,Agri02_OFC,DED,2035.6084727431517
2024,Agri02_OFC,DEF,1933.209322861484
2024,Agri02_OFC,DEG,1545.5555395701438
2024,Agri03_No-till,DE1,0.0
2024,Agri03_No-till,DE2,0.0
2024,Agri03_No-till,DE3,0.0
2024,Agri03_No-till,DE4,0.0
2024,Agri03_No-till,DE5,0.0
2024,Agri03_No-till,DE6,0.0
2024,Agri03_No-till,DE7,0.0
2024,Agri03_No-till,DE8,0.0
2024,Agri03_No-till,DE9,0.0
2024,Agri03_No-till,DEA,0.0
2024,Agri03_No-till,DEB,0.0
2024,Agri03_No-till,DEC,0.0
2024,Agri03_No-till,DEE,0.0
2024,Agri03_No-till,DED,0.0
2024,Agri03_No-till,DEF,0.0
2024,Agri03_No-till,DEG,0.0
2024,Agri04_toGrassland,DE1,238.3395664997144
2024,Agri04_toGrassland,DE2,491.94060257694144
2024,Agri04_toGrassland,DE3,23.931642189937957
2024,Agri04_toGrassland,DE4,210.35604569345503
2024,Agri04_toGrassland,DE5,12.223452140979951
2024,Agri04_toGrassland,DE6,3.320320002499361
2024,Agri04_toGrassland,DE7,124.2724782844253
2024,Agri04_toGrassland,DE8,227.601895027498
2024,Agri04_toGrassland,DE9,410.04411626235714
2024,Agri04_toGrassland,DEA,247.71733753375872
2024,Agri04_toGrassland,DEB,127.79606487652522
2024,Agri04_toGrassland,DEC,27.776727421562278
2024,Agri04_toGrassland,DEE,187.79244837196472
2024,Agri04_toGrassland,DED,143.73648141016264
2024,Agri04_toGrassland,DEF,147.72595387194627
2024,Agri04_toGrassland,DEG,118.10223439269494
2024,Agri05_Agroforestry,DE1,17356.0016379672
2024,Agri05_Agroforestry,DE2,29654.80294936918
2024,Agri05_Agroforestry,DE3,1307.8725000000002
2024,Agri05_Agroforestry,DE4,16397.986246589047
2024,Agri05_Agroforestry,DE5,3261.960077120504
2024,Agri05_Agroforestry,DE6,410.29747094292054
2024,Agri05_Agroforestry,DE7,6879.5562319475675
2024,Agri05_Agroforestry,DE8,16770.546846170528
2024,Agri05_Agroforestry,DE9,25618.38384434069
2024,Agri05_Agroforestry,DEA,17746.078470576398
2024,Agri05_Agroforestry,DEB,10170.000955753823
2024,Agri05_Agroforestry,DEC,5270.4213806458665
2024,Agri05_Agroforestry,DEE,13173.00238966293
2024,Agri05_Agroforestry,DED,10981.344024038135
2024,Agri05_Agroforestry,DEF,7166.249843887891
2024,Agri05_Agroforestry,DEG,5729.598615581896
2024,Agri06_Biochar,DE1,0.0
2024,Agri06_Biochar,DE2,0.0
2024,Agri06_Biochar,DE3,0.0
2024,Agri06_Biochar,DE4,0.0
2024,Agri06_Biochar,DE5,0.0
2024,Agri06_Biochar,DE6,0.0
2024,Agri06_Biochar,DE7,0.0
2024,Agri06_Biochar,DE8,0.0
2024,Agri06_Biochar,DE9,0.0
2024,Agri06_Biochar,DEA,0.0
2024,Agri06_Biochar,DEB,0.0
2024,Agri06_Biochar,DEC,0.0
2024,Agri06_Biochar,DEE,0.0
2024,Agri06_Biochar,DED,0.0
2024,Agri06_Biochar,DEF,0.0
2024,Agri06_Biochar,DEG,0.0
2025,Agri01_AGC,DE1,10772.775316290836
2025,Agri01_AGC,DE2,35228.50975726145
2025,Agri01_AGC,DE3,0.0
2025,Agri01_AGC,DE4,6617.464020519174
2025,Agri01_AGC,DE5,0.0
2025,Agri01_AGC,DE6,0.0
2025,Agri01_AGC,DE7,8836.972422235578
2025,Agri01_AGC,DE8,9943.350594825846
2025,Agri01_AGC,DE9,29455.554336521775
2025,Agri01_AGC,DEA,11142.93071285043
2025,Agri01_AGC,DEB,3645.508352839623
2025,Agri01_AGC,DEC,0.0
2025,Agri01_AGC,DEE,9008.068899867694
2025,Agri01_AGC,DED,4485.2906049388785
2025,Agri01_AGC,DEF,10401.644053726279
2025,Agri01_AGC,DEG,8315.82749815097
2025,Agri02_OFC,DE1,5096.368993579457
2025,Agri02_OFC,DE2,9983.767965888292
2025,Agri02_OFC,DE3,964.2996411208023
2025,Agri02_OFC,DE4,4591.70355260805
2025,Agri02_OFC,DE5,467.1988595206498
2025,Agri02_OFC,DE6,85.62097968608732
2025,Agri02_OFC,DE7,2468.9808779880004
2025,Agri02_OFC,DE8,4883.816781661262
2025,Agri02_OFC,DE9,8399.843129035722
2025,Agri02_OFC,DEA,5271.481574176928
2025,Agri02_OFC,DEB,2807.601305139572
2025,Agri02_OFC,DEC,875.7785554099728
2025,Agri02_OFC,DEE,3971.9548233171527
2025,Agri02_OFC,DED,3118.1274574116333
2025,Agri02_OFC,DEF,2847.151117563701
2025,Agri02_OFC,DEG,2276.242818534636
2025,Agri03_No-till,DE1,0.0
2025,Agri03_No-till,DE2,0.0
2025,Agri03_No-till,DE3,0.0
2025,Agri03_No-till,DE4,0.0
2025,Agri03_No-till,DE5,0.0
2025,Agri03_No-till,DE6,0.0
2025,Agri03_No-till,DE7,0.0
2025,Agri03_No-till,DE8,0.0
2025,Agri03_No-till,DE9,0.0
2025,Agri03_No-till,DEA,0.0
2025,Agri03_No-till,DEB,0.0
2025,Agri03_No-till,DEC,0.0
2025,Agri03_No-till,DEE,0.0
2025,Agri03_No-till,DED,0.0
2025,Agri03_No-till,DEF,0.0
2025,Agri03_No-till,DEG,0.0
2025,Agri04_toGrassland,DE1,303.0021856043612
2025,Agri04_toGrassland,DE2,614.4420544711313
2025,Agri04_toGrassland,DE3,39.69420838182877
2025,Agri04_toGrassland,DE4,269.3458243245634
2025,Agri04_toGrassland,DE5,19.75556512990522
2025,Agri04_toGrassland,DE6,4.520656689895603
2025,Agri04_toGrassland,DE7,154.13105827742098
2025,Agri04_toGrassland,DE8,289.70054612190194
2025,Agri04_toGrassland,DE9,513.7523967612026
2025,Agri04_toGrassland,DEA,314.4037211295905
2025,Agri04_toGrassland,DEB,164.00314026619046
2025,Agri04_toGrassland,DEC,41.085321581948776
2025,Agri04_toGrassland,DEE,237.84888373503324
2025,Agri04_toGrassland,DED,183.64714229810616
2025,Agri04_toGrassland,DEF,181.42145626616005
2025,Agri04_toGrassland,DEG,145.0414498881321
2025,Agri05_Agroforestry,DE1,24356.809212676173
2025,Agri05_Agroforestry,DE2,39460.60029685404
2025,Agri05_Agroforestry,DE3,1307.8725000000002
2025,Agri05_Agroforestry,DE4,23389.741176303545
2025,Agri05_Agroforestry,DE5,5406.68472088275
2025,Agri05_Agroforestry,DE6,634.6918259186431
2025,Agri05_Agroforestry,DE7,8896.102103381809
2025,Agri05_Agroforestry,DE8,23603.868108605217
2025,Agri05_Agroforestry,DE9,34469.63284320015
2025,Agri05_Agroforestry,DEA,24801.889401735232
2025,Agri05_Agroforestry,DEB,14574.135981728583
2025,Agri05_Agroforestry,DEC,8531.40570261806
2025,Agri05_Agroforestry,DEE,18311.036796046374
2025,Agri05_Agroforestry,DED,15590.614700467393
2025,Agri05_Agroforestry,DEF,8801.725979066448
2025,Agri05_Agroforestry,DEG,7037.41745307663
2025,Agri06_Biochar,DE1,0.0
2025,Agri06_Biochar,DE2,0.0
2025,Agri06_Biochar,DE3,0.0
2025,Agri06_Biochar,DE4,0.0
2025,Agri06_Biochar,DE5,0.0
2025,Agri06_Biochar,DE6,0.0
2025,Agri06_Biochar,DE7,0.0
2025,Agri06_Biochar,DE8,0.0
2025,Agri06_Biochar,DE9,0.0
2025,Agri06_Biochar,DEA,0.0
2025,Agri06_Biochar,DEB,0.0
2025,Agri06_Biochar,DEC,0.0
2025,Agri06_Biochar,DEE,0.0
2025,Agri06_Biochar,DED,0.0
2025,Agri06_Biochar,DEF,0.0
2025,Agri06_Biochar,DEG,0.0
2026,Agri01_AGC,DE1,14596.602152014217
2026,Agri01_AGC,DE2,42240.932763671044
2026,Agri01_AGC,DE3,0.0
2026,Agri01_AGC,DE4,10146.385539349501
2026,Agri01_AGC,DE5,0.0
2026,Agri01_AGC,DE6,0.0
2026,Agri01_AGC,DE7,10521.149405824735
2026,Agri01_AGC,DE8,13622.936873079621
2026,Agri01_AGC,DE9,35429.03726835155
2026,Agri01_AGC,DEA,15075.434029375254
2026,Agri01_AGC,DEB,5819.0629305950615
2026,Agri01_AGC,DEC,0.0
2026,Agri01_AGC,DEE,11949.297038648927
2026,Agri01_AGC,DED,6864.730838060155
2026,Agri01_AGC,DEF,12259.333871300945
2026,Agri01_AGC,DEG,9801.050073658618
2026,Agri02_OFC,DE1,6905.339472424222
2026,Agri02_OFC,DE2,13301.194917667879
2026,Agri02_OFC,DE3,1497.940072910426
2026,Agri02_OFC,DE4,6261.160649902686
2026,Agri02_OFC,DE5,720.0612602588051
2026,Agri02_OFC,DE6,122.19544817838094
2026,Agri02_OFC,DE7,3265.7288938761867
2026,Agri02_OFC,DE8,6624.550145823697
2026,Agri02_OFC,DE9,11225.769810289039
2026,Agri02_OFC,DEA,7131.864565659012
2026,Agri02_OFC,DEB,3835.863366743536
2026,Agri02_OFC,DEC,1305.8051276238493
2026,Agri02_OFC,DEE,5363.3867848526825
2026,Agri02_OFC,DED,4243.789607611386
2026,Agri02_OFC,DEF,3725.984334446902
2026,Agri02_OFC,DEG,2978.8697702854092
2026,Agri03_No-till,DE1,0.0
2026,Agri03_No-till,DE2,0.0
2026,Agri03_No-till,DE3,0.0
2026,Agri03_No-till,DE4,0.0
2026,Agri03_No-till,DE5,0.0
2026,Agri03_No-till,DE6,0.0
2026,Agri03_No-till,DE7,0.0
2026,Agri03_No-till,DE8,0.0
2026,Agri03_No-till,DE9,0.0
2026,Agri03_No-till,DEA,0.0
2026,Agri03_No-till,DEB,0.0
2026,Agri03_No-till,DEC,0.0
2026,Agri03_No-till,DEE,0.0
2026,Agri03_No-till,DED,0.0
2026,Agri03_No-till,DEF,0.0
2026,Agri03_No-till,DEG,0.0
2026,Agri04_toGrassland,DE1,369.6958957008954
2026,Agri04_toGrassland,DE2,736.7500268653029
2026,Agri04_toGrassland,DE3,59.36863683148212
2026,Agri04_toGrassland,DE4,330.8959098387697
2026,Agri04_toGrassland,DE5,29.07817810030261
2026,Agri04_toGrassland,DE6,5.869096052000405
2026,Agri04_toGrassland,DE7,183.5058224391724
2026,Agri04_toGrassland,DE8,353.8784681513175
2026,Agri04_toGrassland,DE9,617.9395778333505
2026,Agri04_toGrassland,DEA,382.9929244103791
2026,Agri04_toGrassland,DEB,201.91343932406932
2026,Agri04_toGrassland,DEC,56.939680664333636
2026,Agri04_toGrassland,DEE,289.1486484061327
2026,Agri04_toGrassland,DED,225.14841940021083
2026,Agri04_toGrassland,DEF,213.8225642308647
2026,Agri04_toGrassland,DEG,170.94612814247463
2026,Agri05_Agroforestry,DE1,32422.339653472012
2026,Agri05_Agroforestry,DE2,50223.23628839593
2026,Agri05_Agroforestry,DE3,1307.8725000000002
2026,Agri05_Agroforestry,DE4,31538.39945324494
2026,Agri05_Agroforestry,DE5,8083.103214437844
2026,Agri05_Agroforestry,DE6,907.8141757903626
2026,Agri05_Agroforestry,DE7,11031.31070019499
2026,Agri05_Agroforestry,DE8,31493.463191396724
2026,Agri05_Agroforestry,DE9,44299.54305716932
2026,Agri05_Agroforestry,DEA,32905.41685829996
2026,Agri05_Agroforestry,DEB,19722.924922517865
2026,Agri05_Agroforestry,DEC,12569.741615314544
2026,Agri05_Agroforestry,DEE,24186.984726016897
2026,Agri05_Agroforestry,DED,20945.45924506454
2026,Agri05_Agroforestry,DEF,10374.767583927638
2026,Agri05_Agroforestry,DEG,8295.403964011066
2026,Agri06_Biochar,DE1,0.0
2026,Agri06_Biochar,DE2,0.0
2026,Agri06_Biochar,DE3,0.0
2026,Agri06_Biochar,DE4,0.0
2026,Agri06_Biochar,DE5,0.0
2026,Agri06_Biochar,DE6,0.0
2026,Agri06_Biochar,DE7,0.0
2026,Agri06_Biochar,DE8,0.0
2026,Agri06_Biochar,DE9,0.0
2026,Agri06_Biochar,DEA,0.0
2026,Agri06_Biochar,DEB,0.0
2026,Agri06_Biochar,DEC,0.0
2026,Agri06_Biochar,DEE,0.0
2026,Agri06_Biochar,DED,0.0
2026,Agri06_Biochar,DEF,0.0
2026,Agri06_Biochar,DEG,0.0
2027,Agri01_AGC,DE1,18536.879852884147
2027,Agri01_AGC,DE2,49242.26278839975
2027,Agri01_AGC,DE3,0.0
2027,Agri01_AGC,DE4,13822.100063893658
2027,Agri01_AGC,DE5,0.0
2027,Agri01_AGC,DE6,0.0
2027,Agri01_AGC,DE7,12177.587222461236
2027,Agri01_AGC,DE8,17421.736372318246
2027,Agri01_AGC,DE9,41429.97755502315
2027,Agri01_AGC,DEA,19117.033885354085
2027,Agri01_AGC,DEB,8090.270380867676
2027,Agri01_AGC,DEC,0.0
2027,Agri01_AGC,DEE,14961.810400081718
2027,Agri01_AGC,DED,9335.367691615991
2027,Agri01_AGC,DEF,14042.810691152084
2027,Agri01_AGC,DEG,11226.958341125417
2027,Agri02_OFC,DE1,8769.400358428125
2027,Agri02_OFC,DE2,16613.374017689213
2027,Agri02_OFC,DE3,2137.684113741394
2027,Agri02_OFC,DE4,8000.062370409965
2027,Agri02_OFC,DE5,1021.488384779263
2027,Agri02_OFC,DE6,162.7869876358068
2027,Agri02_OFC,DE7,4049.354104710466
2027,Agri02_OFC,DE8,8421.680728457139
2027,Agri02_OFC,DE9,14064.685977329727
2027,Agri02_OFC,DEA,9043.858790519316
2027,Agri02_OFC,DEB,4910.3229082928865
2027,Agri02_OFC,DEC,1804.8818933763353
2027,Agri02_OFC,DEE,6788.542256603117
2027,Agri02_OFC,DED,5412.594923342407
2027,Agri02_OFC,DEF,4569.708973511085
2027,Agri02_OFC,DEG,3653.4363948224623
2027,Agri03_No-till,DE1,0.0
2027,Agri03_No-till,DE2,0.0
2027,Agri03_No-till,DE3,0.0
2027,Agri03_No-till,DE4,0.0
2027,Agri03_No-till,DE5,0.0
2027,Agri03_No-till,DE6,0.0
2027,Agri03_No-till,DE7,0.0
2027,Agri03_No-till,DE8,0.0
2027,Agri03_No-till,DE9,0.0
2027,Agri03_No-till,DEA,0.0
2027,Agri03_No-till,DEB,0.0
2027,Agri03_No-till,DEC,0.0
2027,Agri03_No-till,DEE,0.0
2027,Agri03_No-till,DED,0.0
2027,Agri03_No-till,DEF,0.0
2027,Agri03_No-till,DEG,0.0
2027,Agri04_toGrassland,DE1,438.42069678931676
2027,Agri04_toGrassland,DE2,858.8645197594562
2027,Agri04_toGrassland,DE3,82.95492753889799
2027,Agri04_toGrassland,DE4,395.0063022360738
2027,Agri04_toGrassland,DE5,40.19129105217211
2027,Agri04_toGrassland,DE6,7.365638088813768
2027,Agri04_toGrassland,DE7,212.39677076967956
2027,Agri04_toGrassland,DE8,420.135661115745
2027,Agri04_toGrassland,DE9,722.6056594788009
2027,Agri04_toGrassland,DEA,453.4849473761246
2027,Agri04_toGrassland,DEB,241.52696205016173
2027,Agri04_toGrassland,DEC,75.33980466871688
2027,Agri04_toGrassland,DEE,341.691742385263
2027,Agri04_toGrassland,DED,268.2403127164766
2027,Agri04_toGrassland,DEF,244.92927776606024
2027,Agri04_toGrassland,DEG,195.8162691557225
2027,Agri05_Agroforestry,DE1,41552.59296035472
2027,Agri05_Agroforestry,DE2,61942.71092399485
2027,Agri05_Agroforestry,DE3,1307.8725000000002
2027,Agri05_Agroforestry,DE4,40843.96107741323
2027,Agri05_Agroforestry,DE5,10736.907666666668
2027,Agri05_Agroforestry,DE6,1229.6645205580792
2027,Agri05_Agroforestry,DE7,13285.182022387111
2027,Agri05_Agroforestry,DE8,40439.33209454506
2027,Agri05_Agroforestry,DE9,55108.11448624822
2027,Agri05_Agroforestry,DEA,42056.66084027058
2027,Agri05_Agroforestry,DEB,25616.367778121665
2027,Agri05_Agroforestry,DEC,17385.42911873532
2027,Agri05_Agroforestry,DEE,30800.846179574506
2027,Agri05_Agroforestry,DED,27045.87765782958
2027,Agri05_Agroforestry,DEF,11885.374658471463
2027,Agri05_Agroforestry,DEG,9503.558148385207
2027,Agri06_Biochar,DE1,0.0
2027,Agri06_Biochar,DE2,0.0
2027,Agri06_Biochar,DE3,0.0
2027,Agri06_Biochar,DE4,0.0
2027,Agri06_Biochar,DE5,0.0
2027,Agri06_Biochar,DE6,0.0
2027,Agri06_Biochar,DE7,0.0
2027,Agri06_Biochar,DE8,0.0
2027,Agri06_Biochar,DE9,0.0
2027,Agri06_Biochar,DEA,0.0
2027,Agri06_Biochar,DEB,0.0
2027,Agri06_Biochar,DEC,0.0
2027,Agri06_Biochar,DEE,0.0
2027,Agri06_Biochar,DED,0.0
2027,Agri06_Biochar,DEF,0.0
2027,Agri06_Biochar,DEG,0.0
2028,Agri01_AGC,DE1,22593.60841890063
2028,Agri01_AGC,DE2,56232.499831447545
2028,Agri01_AGC,DE3,0.0
2028,Agri01_AGC,DE4,17644.60759415164
2028,Agri01_AGC,DE5,0.0
2028,Agri01_AGC,DE6,94.29429812864589
2028,Agri01_AGC,DE7,13806.285872145085
2028,Agri01_AGC,DE8,21339.749092541722
2028,Agri01_AGC,DE9,47458.375196536545
2028,Agri01_AGC,DEA,23267.73028078692
2028,Agri01_AGC,DEB,10459.130703657465
2028,Agri01_AGC,DEC,0.0
2028,Agri01_AGC,DEE,18045.608984166072
2028,Agri01_AGC,DED,11897.201165606386
2028,Agri01_AGC,DEF,15752.074513279691
2028,Agri01_AGC,DEG,12593.552300551366
2028,Agri02_OFC,DE1,10688.551651591168
2028,Agri02_OFC,DE2,19920.305265952295
2028,Agri02_OFC,DE3,2883.5317636137074
2028,Agri02_OFC,DE4,9808.408714129888
2028,Agri02_OFC,DE5,1371.4802330820237
2028,Agri02_OFC,DE6,207.39559805836495
2028,Agri02_OFC,DE7,4819.8565104908375
2028,Agri02_OFC,DE8,10275.208529561585
2028,Agri02_OFC,DE9,16916.59163015779
2028,Agri02_OFC,DEA,11007.46424875784
2028,Agri02_OFC,DEB,6030.979929787623
2028,Agri02_OFC,DEC,2373.008852667431
2028,Agri02_OFC,DEE,8247.421238568457
2028,Agri02_OFC,DED,6624.5434046047
2028,Agri02_OFC,DEF,5378.3250347562525
2028,Agri02_OFC,DEG,4299.942692145795
2028,Agri03_No-till,DE1,0.0
2028,Agri03_No-till,DE2,0.0
2028,Agri03_No-till,DE3,0.0
2028,Agri03_No-till,DE4,0.0
2028,Agri03_No-till,DE5,0.0
2028,Agri03_No-till,DE6,0.0
2028,Agri03_No-till,DE7,0.0
2028,Agri03_No-till,DE8,0.0
2028,Agri03_No-till,DE9,0.0
2028,Agri03_No-till,DEA,0.0
2028,Agri03_No-till,DEB,0.0
2028,Agri03_No-till,DEC,0.0
2028,Agri03_No-till,DEE,0.0
2028,Agri03_No-till,DED,0.0
2028,Agri03_No-till,DEF,0.0
2028,Agri03_No-till,DEG,0.0
2028,Agri04_toGrassland,DE1,509.17658886962556
2028,Agri04_toGrassland,DE2,980.7855331535915
2028,Agri04_toGrassland,DE3,110.4530805040764
2028,Agri04_toGrassland,DE4,461.67700151647574
2028,Agri04_toGrassland,DE5,53.094903985513724
2028,Agri04_toGrassland,DE6,9.010282800335691
2028,Agri04_toGrassland,DE7,240.80390326894243
2028,Agri04_toGrassland,DE8,488.47212501518413
2028,Agri04_toGrassland,DE9,827.7506416975538
2028,Agri04_toGrassland,DEA,525.8797900268269
2028,Agri04_toGrassland,DEB,282.8437084444677
2028,Agri04_toGrassland,DEC,96.28569359509848
2028,Agri04_toGrassland,DEE,395.47816567242427
2028,Agri04_toGrassland,DED,312.9228222469036
2028,Agri04_toGrassland,DEF,274.74159687174665
2028,Agri04_toGrassland,DEG,219.65187292787573
2028,Agri05_Agroforestry,DE1,51747.569133324294
2028,Agri05_Agroforestry,DE2,74619.0242036508
2028,Agri05_Agroforestry,DE3,1307.8725000000002
2028,Agri05_Agroforestry,DE4,51306.42604880842
2028,Agri05_Agroforestry,DE5,10736.907666666668
2028,Agri05_Agroforestry,DE6,1600.2428602217926
2028,Agri05_Agroforestry,DE7,15657.716069958171
2028,Agri05_Agroforestry,DE8,50441.47481805022
2028,Agri05_Agroforestry,DE9,66895.34713043683
2028,Agri05_Agroforestry,DEA,52255.6213476471
2028,Agri05_Agroforestry,DEB,32254.46454853999
2028,Agri05_Agroforestry,DEC,22978.468212880387
2028,Agri05_Agroforestry,DEE,38152.6211567192
2028,Agri05_Agroforestry,DED,33891.86993876251
2028,Agri05_Agroforestry,DEF,13333.54720269792
2028,Agri05_Agroforestry,DEG,10661.880006199051
2028,Agri06_Biochar,DE1,0.0
2028,Agri06_Biochar,DE2,0.0
2028,Agri06_Biochar,DE3,0.0
2028,Agri06_Biochar,DE4,0.0
2028,Agri06_Biochar,DE5,0.0
2028,Agri06_Biochar,DE6,0.0
2028,Agri06_Biochar,DE7,0.0
2028,Agri06_Biochar,DE8,0.0
2028,Agri06_Biochar,DE9,0.0
2028,Agri06_Biochar,DEA,0.0
2028,Agri06_Biochar,DEB,0.0
2028,Agri06_Biochar,DEC,0.0
2028,Agri06_Biochar,DEE,0.0
2028,Agri06_Biochar,DED,0.0
2028,Agri06_Biochar,DEF,0.0
2028,Agri06_Biochar,DEG,0.0
2029,Agri01_AGC,DE1,26766.78785006366
2029,Agri01_AGC,DE2,63211.64389281445
2029,Agri01_AGC,DE3,0.0
2029,Agri01_AGC,DE4,21613.90813012345
2029,Agri01_AGC,DE5,0.0
2029,Agri01_AGC,DE6,197.07993646273695
2029,Agri01_AGC,DE7,15407.24535487628
2029,Agri01_AGC,DE8,25376.975033750048
2029,Agri01_AGC,DE9,53514.23019289176
2029,Agri01_AGC,DEA,27527.52321567377
2029,Agri01_AGC,DEB,12925.64389896443
2029,Agri01_AGC,DEC,0.0
2029,Agri01_AGC,DEE,21200.692790901983
2029,Agri01_AGC,DED,14550.23126003134
2029,Agri01_AGC,DEF,17387.12533768377
2029,Agri01_AGC,DEG,13900.831951936467
2029,Agri02_OFC,DE1,12662.79335191335
2029,Agri02_OFC,DE2,23221.988662457123
2029,Agri02_OFC,DE3,3735.483022527365
2029,Agri02_OFC,DE4,11686.199681062455
2029,Agri02_OFC,DE5,1770.0368051670866
2029,Agri02_OFC,DE6,256.0212794460553
2029,Agri02_OFC,DE7,5577.236111217303
2029,Agri02_OFC,DE8,12185.13354913704
2029,Agri02_OFC,DE9,19781.48676877322
2029,Agri02_OFC,DEA,13022.680940374586
2029,Agri02_OFC,DEB,7197.834431227747
2029,Agri02_OFC,DEC,3010.1860054971357
2029,Agri02_OFC,DEE,9740.023730748704
2029,Agri02_OFC,DED,7879.635051398263
2029,Agri02_OFC,DEF,6151.832518182403
2029,Agri02_OFC,DEG,4918.388662255409
2029,Agri03_No-till,DE1,0.0
2029,Agri03_No-till,DE2,0.0
2029,Agri03_No-till,DE3,0.0
2029,Agri03_No-till,DE4,0.0
2029,Agri03_No-till,DE5,0.0
2029,Agri03_No-till,DE6,0.0
2029,Agri03_No-till,DE7,0.0
2029,Agri03_No-till,DE8,0.0
2029,Agri03_No-till,DE9,0.0
2029,Agri03_No-till,DEA,0.0
2029,Agri03_No-till,DEB,0.0
2029,Agri03_No-till,DEC,0.0
2029,Agri03_No-till,DEE,0.0
2029,Agri03_No-till,DED,0.0
2029,Agri03_No-till,DEF,0.0
2029,Agri03_No-till,DEG,0.0
2029,Agri04_toGrassland,DE1,581.9635719418216
2029,Agri04_toGrassland,DE2,1102.5130670477085
2029,Agri04_toGrassland,DE3,141.86309572701734
2029,Agri04_toGrassland,DE4,530.9080076799755
2029,Agri04_toGrassland,DE5,67.78901690032745
2029,Agri04_toGrassland,DE6,10.803030186566176
2029,Agri04_toGrassland,DE7,268.7272199369611
2029,Agri04_toGrassland,DE8,558.887859849635
2029,Agri04_toGrassland,DE9,933.374524489609
2029,Agri04_toGrassland,DEA,600.177452362486
2029,Agri04_toGrassland,DEB,325.8636785069873
2029,Agri04_toGrassland,DEC,119.77734744347846
2029,Agri04_toGrassland,DEE,450.50791826761645
2029,Agri04_toGrassland,DED,359.1959479914917
2029,Agri04_toGrassland,DEF,303.25952154792395
2029,Agri04_toGrassland,DEG,242.45293945893434
2029,Agri05_Agroforestry,DE1,63007.26817238074
2029,Agri05_Agroforestry,DE2,88252.17612736375
2029,Agri05_Agroforestry,DE3,1307.8725000000002
2029,Agri05_Agroforestry,DE4,62925.79436743049
2029,Agri05_Agroforestry,DE5,10736.907666666668
2029,Agri05_Agroforestry,DE6,2019.549194781503
2029,Agri05_Agroforestry,DE7,18148.912842908172
2029,Agri05_Agroforestry,DE8,61499.89136191219
2029,Agri05_Agroforestry,DE9,79661.24098973516
2029,Agri05_Agroforestry,DEA,63502.29838042951
2029,Agri05_Agroforestry,DEB,39637.21523377283
2029,Agri05_Agroforestry,DEC,29348.858897749742
2029,Agri05_Agroforestry,DEE,46242.309657450984
2029,Agri05_Agroforestry,DED,41483.43608786333
2029,Agri05_Agroforestry,DEF,14719.28521660701
2029,Agri05_Agroforestry,DEG,11770.3695374526
2029,Agri06_Biochar,DE1,0.0
2029,Agri06_Biochar,DE2,0.0
2029,Agri06_Biochar,DE3,0.0
2029,Agri06_Biochar,DE4,0.0
2029,Agri06_Biochar,DE5,0.0
2029,Agri06_Biochar,DE6,0.0
2029,Agri06_Biochar,DE7,0.0
2029,Agri06_Biochar,DE8,0.0
2029,Agri06_Biochar,DE9,0.0
2029,Agri06_Biochar,DEA,0.0
2029,Agri06_Biochar,DEB,0.0
2029,Agri06_Biochar,DEC,0.0
2029,Agri06_Biochar,DEE,0.0
2029,Agri06_Biochar,DED,0.0
2029,Agri06_Biochar,DEF,0.0
2029,Agri06_Biochar,DEG,0.0
2030,Agri01_AGC,DE1,31056.418146373246
2030,Agri01_AGC,DE2,70179.69497250045
2030,Agri01_AGC,DE3,0.0
2030,Agri01_AGC,DE4,25730.00167180909
2030,Agri01_AGC,DE5,0.0
2030,Agri01_AGC,DE6,308.3569150022732
2030,Agri01_AGC,DE7,16980.465670654823
2030,Agri01_AGC,DE8,29533.41419594322
2030,Agri01_AGC,DE9,59597.54254408878
2030,Agri01_AGC,DEA,31896.412690014622
2030,Agri01_AGC,DEB,15489.80996678857
2030,Agri01_AGC,DEC,1492.8331394824352
2030,Agri01_AGC,DEE,24427.06182028946
2030,Agri01_AGC,DED,17294.45797489085
2030,Agri01_AGC,DEF,18947.96316436432
2030,Agri01_AGC,DEG,15148.797295280718
2030,Agri02_OFC,DE1,14692.125459394669
2030,Agri02_OFC,DE2,26518.424207203698
2030,Agri02_OFC,DE3,4693.537890482367
2030,Agri02_OFC,DE4,13633.435271207665
2030,Agri02_OFC,DE5,2217.1581010344526
2030,Agri02_OFC,DE6,308.66403179887794
2030,Agri02_OFC,DE7,6321.492906889861
2030,Agri02_OFC,DE8,14151.455787183499
2030,Agri02_OFC,DE9,22659.37139317602
2030,Agri02_OFC,DEA,15089.508865369551
2030,Agri02_OFC,DEB,8410.886412613256
2030,Agri02_OFC,DEC,3716.4133518654507
2030,Agri02_OFC,DEE,11266.349733143856
2030,Agri02_OFC,DED,9177.869863723097
2030,Agri02_OFC,DEF,6890.231423789537
2030,Agri02_OFC,DEG,5508.774305151303
2030,Agri03_No-till,DE1,0.0
2030,Agri03_No-till,DE2,0.0
2030,Agri03_No-till,DE3,0.0
2030,Agri03_No-till,DE4,0.0
2030,Agri03_No-till,DE5,0.0
2030,Agri03_No-till,DE6,0.0
2030,Agri03_No-till,DE7,0.0
2030,Agri03_No-till,DE8,0.0
2030,Agri03_No-till,DE9,0.0
2030,Agri03_No-till,DEA,0.0
2030,Agri03_No-till,DEB,0.0
2030,Agri03_No-till,DEC,0.0
2030,Agri03_No-till,DEE,0.0
2030,Agri03_No-till,DED,0.0
2030,Agri03_No-till,DEF,0.0
2030,Agri03_No-till,DEG,0.0
2030,Agri04_toGrassland,DE1,656.7816460059049
2030,Agri04_toGrassland,DE2,1224.0471214418073
2030,Agri04_toGrassland,DE3,177.18497320772082
2030,Agri04_toGrassland,DE4,602.6993207265733
2030,Agri04_toGrassland,DE5,84.27362979661329
2030,Agri04_toGrassland,DE6,12.74388024750522
2030,Agri04_toGrassland,DE7,296.16672077373545
2030,Agri04_toGrassland,DE8,631.3828656190976
2030,Agri04_toGrassland,DE9,1039.4773078549667
2030,Agri04_toGrassland,DEA,676.377934383102
2030,Agri04_toGrassland,DEB,370.58687223772046
2030,Agri04_toGrassland,DEC,145.8147662138568
2030,Agri04_toGrassland,DEE,506.7810001708396
2030,Agri04_toGrassland,DED,407.05968995024097
2030,Agri04_toGrassland,DEF,330.4830517945921
2030,Agri04_toGrassland,DEG,264.2194687488983
2030,Agri05_Agroforestry,DE1,75331.69007752406
2030,Agri05_Agroforestry,DE2,102842.16669513375
2030,Agri05_Agroforestry,DE3,1307.8725000000002
2030,Agri05_Agroforestry,DE4,75702.06603327947
2030,Agri05_Agroforestry,DE5,10736.907666666668
2030,Agri05_Agroforestry,DE6,2487.5835242372104
2030,Agri05_Agroforestry,DE7,20758.77234123711
2030,Agri05_Agroforestry,DE8,73614.58172613099
2030,Agri05_Agroforestry,DE9,93405.7960641432
2030,Agri05_Agroforestry,DEA,75796.6919386178
2030,Agri05_Agroforestry,DEB,47764.6198338202
2030,Agri05_Agroforestry,DEC,36496.601173343384
2030,Agri05_Agroforestry,DEE,55069.911681769845
2030,Agri05_Agroforestry,DED,49820.57610513204
2030,Agri05_Agroforestry,DEF,16042.588700198732
2030,Agri05_Agroforestry,DEG,12829.026742145852
2030,Agri06_Biochar,DE1,0.0
2030,Agri06_Biochar,DE2,0.0
2030,Agri06_Biochar,DE3,0.0
2030,Agri06_Biochar,DE4,0.0
2030,Agri06_Biochar,DE5,0.0
2030,Agri06_Biochar,DE6,0.0
2030,Agri06_Biochar,DE7,0.0
2030,Agri06_Biochar,DE8,0.0
2030,Agri06_Biochar,DE9,0.0
2030,Agri06_Biochar,DEA,0.0
2030,Agri06_Biochar,DEB,0.0
2030,Agri06_Biochar,DEC,0.0
2030,Agri06_Biochar,DEE,0.0
2030,Agri06_Biochar,DED,0.0
2030,Agri06_Biochar,DEF,0.0
2030,Agri06_Biochar,DEG,0.0
2031,Agri01_AGC,DE1,35462.499307829385
2031,Agri01_AGC,DE2,77136.65307050556
2031,Agri01_AGC,DE3,154.76784000000006
2031,Agri01_AGC,DE4,29992.88821920855
2031,Agri01_AGC,DE5,497.59392000000014
2031,Agri01_AGC,DE6,428.1252337472546
2031,Agri01_AGC,DE7,18525.946819480712
2031,Agri01_AGC,DE8,33809.06657912124
2031,Agri01_AGC,DE9,65708.3122501276
2031,Agri01_AGC,DEA,36374.398703809486
2031,Agri01_AGC,DEB,18151.62890712989
2031,Agri01_AGC,DEC,3131.6255337745156
2031,Agri01_AGC,DEE,27724.71607232849
2031,Agri01_AGC,DED,20129.881310184926
2031,Agri01_AGC,DEF,20434.587993321333
2031,Agri01_AGC,DEG,16337.44833058412
2031,Agri02_OFC,DE1,16776.547974035126
2031,Agri02_OFC,DE2,29809.611900192016
2031,Agri02_OFC,DE3,5757.696367478715
2031,Agri02_OFC,DE4,15650.11548456552
2031,Agri02_OFC,DE5,2712.8441206841217
2031,Agri02_OFC,DE6,365.3238551168329
2031,Agri02_OFC,DE7,7052.626897508511
2031,Agri02_OFC,DE8,16174.175243700965
2031,Agri02_OFC,DE9,25550.245503366194
2031,Agri02_OFC,DEA,17207.948023742738
2031,Agri02_OFC,DEB,9670.135873944151
2031,Agri02_OFC,DEC,4491.690891772375
2031,Agri02_OFC,DEE,12826.399245753913
2031,Agri02_OFC,DED,10519.2478415792
2031,Agri02_OFC,DEF,7593.521751577653
2031,Agri02_OFC,DEG,6071.099620833478
2031,Agri03_No-till,DE1,0.0
2031,Agri03_No-till,DE2,0.0
2031,Agri03_No-till,DE3,0.0
2031,Agri03_No-till,DE4,0.0
2031,Agri03_No-till,DE5,0.0
2031,Agri03_No-till,DE6,0.0
2031,Agri03_No-till,DE7,0.0
2031,Agri03_No-till,DE8,0.0
2031,Agri03_No-till,DE9,0.0
2031,Agri03_No-till,DEA,0.0
2031,Agri03_No-till,DEB,0.0
2031,Agri03_No-till,DEC,0.0
2031,Agri03_No-till,DEE,0.0
2031,Agri03_No-till,DED,0.0
2031,Agri03_No-till,DEF,0.0
2031,Agri03_No-till,DEG,0.0
2031,Agri04_toGrassland,DE1,733.6308110618755
2031,Agri04_toGrassland,DE2,1345.387696335888
2031,Agri04_toGrassland,DE3,216.41871294618682
2031,Agri04_toGrassland,DE4,677.0509406562688
2031,Agri04_toGrassland,DE5,102.54874267437124
2031,Agri04_toGrassland,DE6,14.832832983152827
2031,Agri04_toGrassland,DE7,323.12240577926553
2031,Agri04_toGrassland,DE8,705.957142323572
2031,Agri04_toGrassland,DE9,1146.058991793627
2031,Agri04_toGrassland,DEA,754.4812360886748
2031,Agri04_toGrassland,DEB,417.0132896366672
2031,Agri04_toGrassland,DEC,174.39794990623352
2031,Agri04_toGrassland,DEE,564.2974113820937
2031,Agri04_toGrassland,DED,456.5140481231514
2031,Agri04_toGrassland,DEF,356.41218761175116
2031,Agri04_toGrassland,DEG,284.95146079776765
2031,Agri05_Agroforestry,DE1,88720.83484875424
2031,Agri05_Agroforestry,DE2,118388.99590696079
2031,Agri05_Agroforestry,DE3,1307.8725000000002
2031,Agri05_Agroforestry,DE4,89635.24104635535
2031,Agri05_Agroforestry,DE5,10736.907666666668
2031,Agri05_Agroforestry,DE6,3004.3458485889146
2031,Agri05_Agroforestry,DE7,23487.29456494499
2031,Agri05_Agroforestry,DE8,86785.54591070661
2031,Agri05_Agroforestry,DE9,108129.01235366095
2031,Agri05_Agroforestry,DEA,89138.802022212
2031,Agri05_Agroforestry,DEB,56636.67834868209
2031,Agri05_Agroforestry,DEC,44421.695039661325
2031,Agri05_Agroforestry,DEE,64635.427229675784
2031,Agri05_Agroforestry,DED,58903.289990568635
2031,Agri05_Agroforestry,DEF,17303.45765347309
2031,Agri05_Agroforestry,DEG,13837.851620278809
2031,Agri06_Biochar,DE1,0.0
2031,Agri06_Biochar,DE2,0.0
2031,Agri06_Biochar,DE3,0.0
2031,Agri06_Biochar,DE4,0.0
2031,Agri06_Biochar,DE5,0.0
2031,Agri06_Biochar,DE6,0.0
2031,Agri06_Biochar,DE7,0.0
2031,Agri06_Biochar,DE8,0.0
2031,Agri06_Biochar,DE9,0.0
2031,Agri06_Biochar,DEA,0.0
2031,Agri06_Biochar,DEB,0.0
2031,Agri06_Biochar,DEC,0.0
2031,Agri06_Biochar,DEE,0.0
2031,Agri06_Biochar,DED,0.0
2031,Agri06_Biochar,DEF,0.0
2031,Agri06_Biochar,DEG,0.0
2032,Agri01_AGC,DE1,39985.03133443207
2032,Agri01_AGC,DE2,84082.51818682977
2032,Agri01_AGC,DE3,154.76784000000006
2032,Agri01_AGC,DE4,34402.56777232185
2032,Agri01_AGC,DE5,497.59392000000014
2032,Agri01_AGC,DE6,556.3848926976812
2032,Agri01_AGC,DE7,20043.688801353946
2032,Agri01_AGC,DE8,38203.93218328411
2032,Agri01_AGC,DE9,71846.53931100824
2032,Agri01_AGC,DEA,40961.48125705835
2032,Agri01_AGC,DEB,20911.10071998838
2032,Agri01_AGC,DEC,4202.086080000001
2032,Agri01_AGC,DEE,31093.65554701908
2032,Agri01_AGC,DED,23056.501265913554
2032,Agri01_AGC,DEF,21846.999824554823
2032,Agri01_AGC,DEG,17466.785057846675
2032,Agri02_OFC,DE1,18916.060895834726
2032,Agri02_OFC,DE2,33095.55174142209
2032,Agri02_OFC,DE3,6927.958453516407
2032,Agri02_OFC,DE4,17736.240321136018
2032,Agri02_OFC,DE5,3257.0948641160926
2032,Agri02_OFC,DE6,426.00074939992004
2032,Agri02_OFC,DE7,7770.638083073256
2032,Agri02_OFC,DE8,18253.29191868944
2032,Agri02_OFC,DE9,28454.109099343736
2032,Agri02_OFC,DEA,19377.998415494145
2032,Agri02_OFC,DEB,10975.582815220434
2032,Agri02_OFC,DEC,5336.018625217908
2032,Agri02_OFC,DEE,14420.172268578877
2032,Agri02_OFC,DED,11903.768984966575
2032,Agri02_OFC,DEF,8261.703501546754
2032,Agri02_OFC,DEG,6605.364609301933
2032,Agri03_No-till,DE1,0.0
2032,Agri03_No-till,DE2,0.0
2032,Agri03_No-till,DE3,0.0
2032,Agri03_No-till,DE4,0.0
2032,Agri03_No-till,DE5,0.0
2032,Agri03_No-till,DE6,0.0
2032,Agri03_No-till,DE7,0.0
2032,Agri03_No-till,DE8,0.0
2032,Agri03_No-till,DE9,0.0
2032,Agri03_No-till,DEA,0.0
2032,Agri03_No-till,DEB,0.0
2032,Agri03_No-till,DEC,0.0
2032,Agri03_No-till,DEE,0.0
2032,Agri03_No-till,DED,0.0
2032,Agri03_No-till,DEF,0.0
2032,Agri03_No-till,DEG,0.0
2032,Agri04_toGrassland,DE1,812.5110671097334
2032,Agri04_toGrassland,DE2,1466.5347917299503
2032,Agri04_toGrassland,DE3,259.5643149424153
2032,Agri04_toGrassland,DE4,753.9628674690623
2032,Agri04_toGrassland,DE5,122.61435553360131
2032,Agri04_toGrassland,DE6,17.069888393508993
2032,Agri04_toGrassland,DE7,349.5942749535514
2032,Agri04_toGrassland,DE8,782.6106899630582
2032,Agri04_toGrassland,DE9,1253.1195763055896
2032,Agri04_toGrassland,DEA,834.4873574792044
2032,Agri04_toGrassland,DEB,465.1429307038275
2032,Agri04_toGrassland,DEC,205.5268985206086
2032,Agri04_toGrassland,DEE,623.0571519013787
2032,Agri04_toGrassland,DED,507.5590225102229
2032,Agri04_toGrassland,DEF,381.0469289994011
2032,Agri04_toGrassland,DEG,304.64891560554236
2032,Agri05_Agroforestry,DE1,103174.7024860713
2032,Agri05_Agroforestry,DE2,134892.66376284484
2032,Agri05_Agroforestry,DE3,1307.8725000000002
2032,Agri05_Agroforestry,DE4,104725.3194066581
2032,Agri05_Agroforestry,DE5,10736.907666666668
2032,Agri05_Agroforestry,DE6,3569.8361678366155
2032,Agri05_Agroforestry,DE7,26334.47951403181
2032,Agri05_Agroforestry,DE8,101012.78391563905
2032,Agri05_Agroforestry,DE9,123830.88985828841
2032,Agri05_Agroforestry,DEA,103528.62863121208
2032,Agri05_Agroforestry,DEB,66253.3907783585
2032,Agri05_Agroforestry,DEC,47840.52216666668
2032,Agri05_Agroforestry,DEE,74938.85630116881
2032,Agri05_Agroforestry,DED,68731.57774417312
2032,Agri05_Agroforestry,DEF,18501.892076430082
2032,Agri05_Agroforestry,DEG,14796.84417185147
2032,Agri06_Biochar,DE1,0.0
2032,Agri06_Biochar,DE2,0.0
2032,Agri06_Biochar,DE3,0.0
2032,Agri06_Biochar,DE4,0.0
2032,Agri06_Biochar,DE5,0.0
2032,Agri06_Biochar,DE6,0.0
2032,Agri06_Biochar,DE7,0.0
2032,Agri06_Biochar,DE8,0.0
2032,Agri06_Biochar,DE9,0.0
2032,Agri06_Biochar,DEA,0.0
2032,Agri06_Biochar,DEB,0.0
2032,Agri06_Biochar,DEC,0.0
2032,Agri06_Biochar,DEE,0.0
2032,Agri06_Biochar,DED,0.0
2032,Agri06_Biochar,DEF,0.0
2032,Agri06_Biochar,DEG,0.0
2033,Agri01_AGC,DE1,44624.01422618131
2033,Agri01_AGC,DE2,91017.29032147309
2033,Agri01_AGC,DE3,154.76784000000006
2033,Agri01_AGC,DE4,38959.040331148964
2033,Agri01_AGC,DE5,497.59392000000014
2033,Agri01_AGC,DE6,693.1358918535528
2033,Agri01_AGC,DE7,21533.691616274533
2033,Agri01_AGC,DE8,42718.01100843184
2033,Agri01_AGC,DE9,78012.22372673069
2033,Agri01_AGC,DEA,45657.66034976123
2033,Agri01_AGC,DEB,23768.225405364043
2033,Agri01_AGC,DEC,4202.086080000001
2033,Agri01_AGC,DEE,34533.88024436123
2033,Agri01_AGC,DED,26074.317842076744
2033,Agri01_AGC,DEF,23185.198658064783
2033,Agri01_AGC,DEG,18536.807477068378
2033,Agri02_OFC,DE1,21110.664224793465
2033,Agri02_OFC,DE2,36376.2437308939
2033,Agri02_OFC,DE3,8204.324148595442
2033,Agri02_OFC,DE4,19891.809780919157
2033,Agri02_OFC,DE5,3849.9103313303663
2033,Agri02_OFC,DE6,490.69471464813944
2033,Agri02_OFC,DE7,8475.526463584092
2033,Agri02_OFC,DE8,20388.80581214892
2033,Agri02_OFC,DE9,31370.96218110865
2033,Agri02_OFC,DEA,21599.660040623774
2033,Agri02_OFC,DEB,12327.227236442104
2033,Agri02_OFC,DEC,6249.396552202052
2033,Agri02_OFC,DEE,16047.668801618747
2033,Agri02_OFC,DED,13331.43329388522
2033,Agri02_OFC,DEF,8894.776673696837
2033,Agri02_OFC,DEG,7111.569270556668
2033,Agri03_No-till,DE1,0.0
2033,Agri03_No-till,DE2,0.0
2033,Agri03_No-till,DE3,0.0
2033,Agri03_No-till,DE4,0.0
2033,Agri03_No-till,DE5,0.0
2033,Agri03_No-till,DE6,0.0
2033,Agri03_No-till,DE7,0.0
2033,Agri03_No-till,DE8,0.0
2033,Agri03_No-till,DE9,0.0
2033,Agri03_No-till,DEA,0.0
2033,Agri03_No-till,DEB,0.0
2033,Agri03_No-till,DEC,0.0
2033,Agri03_No-till,DEE,0.0
2033,Agri03_No-till,DED,0.0
2033,Agri03_No-till,DEF,0.0
2033,Agri03_No-till,DEG,0.0
2033,Agri04_toGrassland,DE1,893.4224141494786
2033,Agri04_toGrassland,DE2,1587.4884076239946
2033,Agri04_toGrassland,DE3,306.62177919640635
2033,Agri04_toGrassland,DE4,833.4351011649535
2033,Agri04_toGrassland,DE5,144.4704683743035
2033,Agri04_toGrassland,DE6,19.455046478573717
2033,Agri04_toGrassland,DE7,375.58232829659295
2033,Agri04_toGrassland,DE8,861.3435085375562
2033,Agri04_toGrassland,DE9,1360.6590613908547
2033,Agri04_toGrassland,DEA,916.3962985546909
2033,Agri04_toGrassland,DEB,514.9757954392014
2033,Agri04_toGrassland,DEC,239.20161205698204
2033,Agri04_toGrassland,DEE,683.0602217286945
2033,Agri04_toGrassland,DED,560.1946131114556
2033,Agri04_toGrassland,DEF,404.3872759575419
2033,Agri04_toGrassland,DEG,323.3118331722224
2033,Agri05_Agroforestry,DE1,118693.29298947522
2033,Agri05_Agroforestry,DE2,152353.17026278592
2033,Agri05_Agroforestry,DE3,1307.8725000000002
2033,Agri05_Agroforestry,DE4,120972.30111418778
2033,Agri05_Agroforestry,DE5,10736.907666666668
2033,Agri05_Agroforestry,DE6,4184.0544819803135
2033,Agri05_Agroforestry,DE7,29300.327188497566
2033,Agri05_Agroforestry,DE8,116296.29574092831
2033,Agri05_Agroforestry,DE9,140511.4285780256
2033,Agri05_Agroforestry,DEA,118966.17176561807
2033,Agri05_Agroforestry,DEB,76614.75712284943
2033,Agri05_Agroforestry,DEC,47840.52216666668
2033,Agri05_Agroforestry,DEE,85980.19889624893
2033,Agri05_Agroforestry,DED,79305.43936594551
2033,Agri05_Agroforestry,DEF,19637.891969069708
2033,Agri05_Agroforestry,DEG,15706.004396863831
2033,Agri06_Biochar,DE1,0.0
2033,Agri06_Biochar,DE2,0.0
2033,Agri06_Biochar,DE3,0.0
2033,Agri06_Biochar,DE4,0.0
2033,Agri06_Biochar,DE5,0.0
2033,Agri06_Biochar,DE6,0.0
2033,Agri06_Biochar,DE7,0.0
2033,Agri06_Biochar,DE8,0.0
2033,Agri06_Biochar,DE9,0.0
2033,Agri06_Biochar,DEA,0.0
2033,Agri06_Biochar,DEB,0.0
2033,Agri06_Biochar,DEC,0.0
2033,Agri06_Biochar,DEE,0.0
2033,Agri06_Biochar,DED,0.0
2033,Agri06_Biochar,DEF,0.0
2033,Agri06_Biochar,DEG,0.0
2034,Agri01_AGC,DE1,49379.4479830771
2034,Agri01_AGC,DE2,97940.96947443551
2034,Agri01_AGC,DE3,154.76784000000006
2034,Agri01_AGC,DE4,43662.30589568991
2034,Agri01_AGC,DE5,497.59392000000014
2034,Agri01_AGC,DE6,817.3185599999999
2034,Agri01_AGC,DE7,22995.95526424246
2034,Agri01_AGC,DE8,47351.30305456441
2034,Agri01_AGC,DE9,84205.36549729494
2034,Agri01_AGC,DEA,50462.935981918105
2034,Agri01_AGC,DEB,26723.002963256888
2034,Agri01_AGC,DEC,4202.086080000001
2034,Agri01_AGC,DEE,38045.39016435495
2034,Agri01_AGC,DED,29183.33103867449
2034,Agri01_AGC,DEF,24449.18449385121
2034,Agri01_AGC,DEG,19547.515588249236
2034,Agri02_OFC,DE1,23360.35796091134
2034,Agri02_OFC,DE2,39651.687868607456
2034,Agri02_OFC,DE3,9586.793452715825
2034,Agri02_OFC,DE4,22116.823863914942
2034,Agri02_OFC,DE5,4491.290522326943
2034,Agri02_OFC,DE6,559.4057508614911
2034,Agri02_OFC,DE7,9167.292039041022
2034,Agri02_OFC,DE8,22580.716924079406
2034,Agri02_OFC,DE9,34300.804748660936
2034,Agri02_OFC,DEA,23872.93289913162
2034,Agri02_OFC,DEB,13725.06913760916
2034,Agri02_OFC,DEC,7231.824672724803
2034,Agri02_OFC,DEE,17708.88884487352
2034,Agri02_OFC,DED,14802.240768335134
2034,Agri02_OFC,DEF,9492.741268027903
2034,Agri02_OFC,DEG,7589.713604597684
2034,Agri03_No-till,DE1,0.0
2034,Agri03_No-till,DE2,0.0
2034,Agri03_No-till,DE3,0.0
2034,Agri03_No-till,DE4,0.0
2034,Agri03_No-till,DE5,0.0
2034,Agri03_No-till,DE6,0.0
2034,Agri03_No-till,DE7,0.0
2034,Agri03_No-till,DE8,0.0
2034,Agri03_No-till,DE9,0.0
2034,Agri03_No-till,DEA,0.0
2034,Agri03_No-till,DEB,0.0
2034,Agri03_No-till,DEC,0.0
2034,Agri03_No-till,DEE,0.0
2034,Agri03_No-till,DED,0.0
2034,Agri03_No-till,DEF,0.0
2034,Agri03_No-till,DEG,0.0
2034,Agri04_toGrassland,DE1,976.3648521811112
2034,Agri04_toGrassland,DE2,1708.2485440180208
2034,Agri04_toGrassland,DE3,357.59110570815994
2034,Agri04_toGrassland,DE4,915.4676417439426
2034,Agri04_toGrassland,DE5,168.11708119647778
2034,Agri04_toGrassland,DE6,21.988307238347005
2034,Agri04_toGrassland,DE7,401.0865658083903
2034,Agri04_toGrassland,DE8,942.1555980470657
2034,Agri04_toGrassland,DE9,1468.6774470494224
2034,Agri04_toGrassland,DEA,1000.2080593151343
2034,Agri04_toGrassland,DEB,566.5118838427888
2034,Agri04_toGrassland,DEC,275.4220905153539
2034,Agri04_toGrassland,DEE,744.3066208640414
2034,Agri04_toGrassland,DED,614.4208199268495
2034,Agri04_toGrassland,DEF,426.4332284861736
2034,Agri04_toGrassland,DEG,340.94021349780786
2034,Agri05_Agroforestry,DE1,135276.606358966
2034,Agri05_Agroforestry,DE2,170770.515406784
2034,Agri05_Agroforestry,DE3,1307.8725000000002
2034,Agri05_Agroforestry,DE4,138376.18616894435
2034,Agri05_Agroforestry,DE5,10736.907666666668
2034,Agri05_Agroforestry,DE6,4847.000791020009
2034,Agri05_Agroforestry,DE7,32384.837588342267
2034,Agri05_Agroforestry,DE8,132636.0813865744
2034,Agri05_Agroforestry,DE9,158170.6285128725
2034,Agri05_Agroforestry,DEA,135451.43142542994
2034,Agri05_Agroforestry,DEB,87720.77738215488
2034,Agri05_Agroforestry,DEC,47840.52216666668
2034,Agri05_Agroforestry,DEE,97759.45501491612
2034,Agri05_Agroforestry,DED,90624.87485588578
2034,Agri05_Agroforestry,DEF,20711.45733139197
2034,Agri05_Agroforestry,DEG,16565.3322953159
2034,Agri06_Biochar,DE1,0.0
2034,Agri06_Biochar,DE2,0.0
2034,Agri06_Biochar,DE3,0.0
2034,Agri06_Biochar,DE4,0.0
2034,Agri06_Biochar,DE5,0.0
2034,Agri06_Biochar,DE6,0.0
2034,Agri06_Biochar,DE7,0.0
2034,Agri06_Biochar,DE8,0.0
2034,Agri06_Biochar,DE9,0.0
2034,Agri06_Biochar,DEA,0.0
2034,Agri06_Biochar,DEB,0.0
2034,Agri06_Biochar,DEC,0.0
2034,Agri06_Biochar,DEE,0.0
2034,Agri06_Biochar,DED,0.0
2034,Agri06_Biochar,DEF,0.0
2034,Agri06_Biochar,DEG,0.0
2035,Agri01_AGC,DE1,54251.332605119445
2035,Agri01_AGC,DE2,104853.55564571702
2035,Agri01_AGC,DE3,154.76784000000006
2035,Agri01_AGC,DE4,48512.36446594468
2035,Agri01_AGC,DE5,497.59392000000014
2035,Agri01_AGC,DE6,817.3185599999999
2035,Agri01_AGC,DE7,24430.479745257737
2035,Agri01_AGC,DE8,52103.80832168183
2035,Agri01_AGC,DE9,90425.964622701
2035,Agri01_AGC,DEA,55377.308153529
2035,Agri01_AGC,DEB,29775.433393666906
2035,Agri01_AGC,DEC,4202.086080000001
2035,Agri01_AGC,DEE,41628.18530700022
2035,Agri01_AGC,DED,32383.540855706793
2035,Agri01_AGC,DEF,25638.95733191411
2035,Agri01_AGC,DEG,20498.909391389247
2035,Agri02_OFC,DE1,25665.14210418836
2035,Agri02_OFC,DE2,42921.88415456276
2035,Agri02_OFC,DE3,11075.366365877551
2035,Agri02_OFC,DE4,24411.282570123367
2035,Agri02_OFC,DE5,5181.235437105822
2035,Agri02_OFC,DE6,632.133858039975
2035,Agri02_OFC,DE7,9845.934809444045
2035,Agri02_OFC,DE8,24829.0252544809
2035,Agri02_OFC,DE9,37243.6368020006
2035,Agri02_OFC,DEA,26197.81699101769
2035,Agri02_OFC,DEB,15169.108518721601
2035,Agri02_OFC,DEC,8283.302986786166
2035,Agri02_OFC,DEE,19403.832398343202
2035,Agri02_OFC,DED,16316.191408316321
2035,Agri02_OFC,DEF,10055.597284539952
2035,Agri02_OFC,DEG,8039.79761142498
2035,Agri03_No-till,DE1,0.0
2035,Agri03_No-till,DE2,0.0
2035,Agri03_No-till,DE3,0.0
2035,Agri03_No-till,DE4,0.0
2035,Agri03_No-till,DE5,0.0
2035,Agri03_No-till,DE6,0.0
2035,Agri03_No-till,DE7,0.0
2035,Agri03_No-till,DE8,0.0
2035,Agri03_No-till,DE9,0.0
2035,Agri03_No-till,DEA,0.0
2035,Agri03_No-till,DEB,0.0
2035,Agri03_No-till,DEC,0.0
2035,Agri03_No-till,DEE,0.0
2035,Agri03_No-till,DED,0.0
2035,Agri03_No-till,DEF,0.0
2035,Agri03_No-till,DEG,0.0
2035,Agri04_toGrassland,DE1,1061.338381204631
2035,Agri04_toGrassland,DE2,1828.8152009120288
2035,Agri04_toGrassland,DE3,412.4722944776761
2035,Agri04_toGrassland,DE4,1000.0604892060297
2035,Agri04_toGrassland,DE5,193.5541940001242
2035,Agri04_toGrassland,DE6,24.669670672828854
2035,Agri04_toGrassland,DE7,426.1069874889433
2035,Agri04_toGrassland,DE8,1025.0469584915872
2035,Agri04_toGrassland,DE9,1577.1747332812924
2035,Agri04_toGrassland,DEA,1085.9226397605344
2035,Agri04_toGrassland,DEB,619.75119591459
2035,Agri04_toGrassland,DEC,314.18833389572404
2035,Agri04_toGrassland,DEE,806.7963493074191
2035,Agri04_toGrassland,DED,670.2376429564044
2035,Agri04_toGrassland,DEF,447.18478658529614
2035,Agri04_toGrassland,DEG,357.53405658229866
2035,Agri05_Agroforestry,DE1,152924.64259454366
2035,Agri05_Agroforestry,DE2,190144.6991948391
2035,Agri05_Agroforestry,DE3,1307.8725000000002
2035,Agri05_Agroforestry,DE4,156936.9745709278
2035,Agri05_Agroforestry,DE5,10736.907666666668
2035,Agri05_Agroforestry,DE6,5558.675094955702
2035,Agri05_Agroforestry,DE7,35588.010713565905
2035,Agri05_Agroforestry,DE8,150032.14085257731
2035,Agri05_Agroforestry,DE9,176808.48966282912
2035,Agri05_Agroforestry,DEA,152984.40761064773
2035,Agri05_Agroforestry,DEB,99571.45155627486
2035,Agri05_Agroforestry,DEC,47840.52216666668
2035,Agri05_Agroforestry,DEE,110276.62465717041
2035,Agri05_Agroforestry,DED,102689.88421399394
2035,Agri05_Agroforestry,DEF,21722.58816339686
2035,Agri05_Agroforestry,DEG,17374.82786720767
2035,Agri06_Biochar,DE1,0.0
2035,Agri06_Biochar,DE2,0.0
2035,Agri06_Biochar,DE3,0.0
2035,Agri06_Biochar,DE4,0.0
2035,Agri06_Biochar,DE5,0.0
2035,Agri06_Biochar,DE6,0.0
2035,Agri06_Biochar,DE7,0.0
2035,Agri06_Biochar,DE8,0.0
2035,Agri06_Biochar,DE9,0.0
2035,Agri06_Biochar,DEA,0.0
2035,Agri06_Biochar,DEB,0.0
2035,Agri06_Biochar,DEC,0.0
2035,Agri06_Biochar,DEE,0.0
2035,Agri06_Biochar,DED,0.0
2035,Agri06_Biochar,DEF,0.0
2035,Agri06_Biochar,DEG,0.0
2036,Agri01_AGC,DE1,59239.66809230833
2036,Agri01_AGC,DE2,111755.04883531765
2036,Agri01_AGC,DE3,154.76784000000006
2036,Agri01_AGC,DE4,53509.21604191328
2036,Agri01_AGC,DE5,497.59392000000014
2036,Agri01_AGC,DE6,817.3185599999999
2036,Agri01_AGC,DE7,25837.265059320358
2036,Agri01_AGC,DE8,56975.526809784096
2036,Agri01_AGC,DE9,96674.02110294886
2036,Agri01_AGC,DEA,60400.7768645939
2036,Agri01_AGC,DEB,32925.5166965941
2036,Agri01_AGC,DEC,4202.086080000001
2036,Agri01_AGC,DEE,45282.26567229706
2036,Agri01_AGC,DED,35674.94729317366
2036,Agri01_AGC,DEF,26754.517172253483
2036,Agri01_AGC,DEG,21390.988886488405
2036,Agri02_OFC,DE1,28025.016654624513
2036,Agri02_OFC,DE2,46186.83258875981
2036,Agri02_OFC,DE3,12670.042888080621
2036,Agri02_OFC,DE4,26775.185899544438
2036,Agri02_OFC,DE5,5919.745075667004
2036,Agri02_OFC,DE6,708.8790361835912
2036,Agri02_OFC,DE7,10511.454774793161
2036,Agri02_OFC,DE8,27133.7308033534
2036,Agri02_OFC,DE9,40199.458341127625
2036,Agri02_OFC,DEA,28574.31231628198
2036,Agri02_OFC,DEB,16659.34537977943
2036,Agri02_OFC,DEC,9403.831494386137
2036,Agri02_OFC,DEE,21132.49946202779
2036,Agri02_OFC,DED,17873.285213828774
2036,Agri02_OFC,DEF,10583.344723232985
2036,Agri02_OFC,DEG,8461.821291038556
2036,Agri03_No-till,DE1,0.0
2036,Agri03_No-till,DE2,0.0
2036,Agri03_No-till,DE3,0.0
2036,Agri03_No-till,DE4,0.0
2036,Agri03_No-till,DE5,0.0
2036,Agri03_No-till,DE6,0.0
2036,Agri03_No-till,DE7,0.0
2036,Agri03_No-till,DE8,0.0
2036,Agri03_No-till,DE9,0.0
2036,Agri03_No-till,DEA,0.0
2036,Agri03_No-till,DEB,0.0
2036,Agri03_No-till,DEC,0.0
2036,Agri03_No-till,DEE,0.0
2036,Agri03_No-till,DED,0.0
2036,Agri03_No-till,DEF,0.0
2036,Agri03_No-till,DEG,0.0
2036,Agri04_toGrassland,DE1,1148.343001220038
2036,Agri04_toGrassland,DE2,1949.1883783060182
2036,Agri04_toGrassland,DE3,471.2653455049547
2036,Agri04_toGrassland,DE4,1087.2136435512145
2036,Agri04_toGrassland,DE5,220.78180678524274
2036,Agri04_toGrassland,DE6,27.49913678201926
2036,Agri04_toGrassland,DE7,450.64359333825206
2036,Agri04_toGrassland,DE8,1110.0175898711204
2036,Agri04_toGrassland,DE9,1686.1509200864648
2036,Agri04_toGrassland,DEA,1173.5400398908914
2036,Agri04_toGrassland,DEB,674.6937316546046
2036,Agri04_toGrassland,DEC,355.50034219809265
2036,Agri04_toGrassland,DEE,870.5294070588277
2036,Agri04_toGrassland,DED,727.6450822001206
2036,Agri04_toGrassland,DEF,466.6419502549096
2036,Agri04_toGrassland,DEG,373.09336242569486
2036,Agri05_Agroforestry,DE1,171637.4016962082
2036,Agri05_Agroforestry,DE2,210475.72162695127
2036,Agri05_Agroforestry,DE3,1307.8725000000002
2036,Agri05_Agroforestry,DE4,176654.66632013815
2036,Agri05_Agroforestry,DE5,10736.907666666668
2036,Agri05_Agroforestry,DE6,6319.07739378739
2036,Agri05_Agroforestry,DE7,38909.84656416849
2036,Agri05_Agroforestry,DE8,168484.47413893705
2036,Agri05_Agroforestry,DE9,196425.01202789546
2036,Agri05_Agroforestry,DEA,171565.1003212714
2036,Agri05_Agroforestry,DEB,112166.77964520935
2036,Agri05_Agroforestry,DEC,47840.52216666668
2036,Agri05_Agroforestry,DEE,123531.70782301176
2036,Agri05_Agroforestry,DED,115500.46744026999
2036,Agri05_Agroforestry,DEF,22671.284465084387
2036,Agri05_Agroforestry,DEG,18134.491112539145
2036,Agri06_Biochar,DE1,0.0
2036,Agri06_Biochar,DE2,0.0
2036,Agri06_Biochar,DE3,0.0
2036,Agri06_Biochar,DE4,0.0
2036,Agri06_Biochar,DE5,0.0
2036,Agri06_Biochar,DE6,0.0
2036,Agri06_Biochar,DE7,0.0
2036,Agri06_Biochar,DE8,0.0
2036,Agri06_Biochar,DE9,0.0
2036,Agri06_Biochar,DEA,0.0
2036,Agri06_Biochar,DEB,0.0
2036,Agri06_Biochar,DEC,0.0
2036,Agri06_Biochar,DEE,0.0
2036,Agri06_Biochar,DED,0.0
2036,Agri06_Biochar,DEF,0.0
2036,Agri06_Biochar,DEG,0.0
2037,Agri01_AGC,DE1,64344.45444464377
2037,Agri01_AGC,DE2,118645.44904323737
2037,Agri01_AGC,DE3,154.76784000000006
2037,Agri01_AGC,DE4,58652.86062359571
2037,Agri01_AGC,DE5,497.59392000000014
2037,Agri01_AGC,DE6,817.3185599999999
2037,Agri01_AGC,DE7,27216.311206430328
2037,Agri01_AGC,DE8,61966.45851887121
2037,Agri01_AGC,DE9,102949.53493803855
2037,Agri01_AGC,DEA,65533.3421151128
2037,Agri01_AGC,DEB,36173.25287203847
2037,Agri01_AGC,DEC,4202.086080000001
2037,Agri01_AGC,DEE,49007.631260245456
2037,Agri01_AGC,DED,39057.55035107508
2037,Agri01_AGC,DEF,27795.864014869323
2037,Agri01_AGC,DEG,22223.754073546716
2037,Agri02_OFC,DE1,30439.98161221981
2037,Agri02_OFC,DE2,49446.53317119861
2037,Agri02_OFC,DE3,14370.823019325038
2037,Agri02_OFC,DE4,29208.533852178152
2037,Agri02_OFC,DE5,6706.819438010488
2037,Agri02_OFC,DE6,789.6412852923396
2037,Agri02_OFC,DE7,11163.85193508837
2037,Agri02_OFC,DE8,29494.833570696905
2037,Agri02_OFC,DE9,43168.26936604203
2037,Agri02_OFC,DEA,31002.418874924493
2037,Agri02_OFC,DEB,18195.77972078264
2037,Agri02_OFC,DEC,10593.410195524717
2037,Agri02_OFC,DEE,22894.890035927285
2037,Agri02_OFC,DED,19473.5221848725
2037,Agri02_OFC,DEF,11075.983584107002
2037,Agri02_OFC,DEG,8855.784643438412
2037,Agri03_No-till,DE1,0.0
2037,Agri03_No-till,DE2,0.0
2037,Agri03_No-till,DE3,0.0
2037,Agri03_No-till,DE4,0.0
2037,Agri03_No-till,DE5,0.0
2037,Agri03_No-till,DE6,0.0
2037,Agri03_No-till,DE7,0.0
2037,Agri03_No-till,DE8,0.0
2037,Agri03_No-till,DE9,0.0
2037,Agri03_No-till,DEA,0.0
2037,Agri03_No-till,DEB,0.0
2037,Agri03_No-till,DEC,0.0
2037,Agri03_No-till,DEE,0.0
2037,Agri03_No-till,DED,0.0
2037,Agri03_No-till,DEF,0.0
2037,Agri03_No-till,DEG,0.0
2037,Agri04_toGrassland,DE1,1237.3787122273325
2037,Agri04_toGrassland,DE2,2069.3680761999894
2037,Agri04_toGrassland,DE3,533.9702587899959
2037,Agri04_toGrassland,DE4,1176.927104779497
2037,Agri04_toGrassland,DE5,249.79991955183334
2037,Agri04_toGrassland,DE6,30.476705565918234
2037,Agri04_toGrassland,DE7,474.69638335631663
2037,Agri04_toGrassland,DE8,1197.0674921856655
2037,Agri04_toGrassland,DE9,1795.60600746494
2037,Agri04_toGrassland,DEA,1263.0602597062052
2037,Agri04_toGrassland,DEB,731.3394910628327
2037,Agri04_toGrassland,DEC,399.35811542245955
2037,Agri04_toGrassland,DEE,935.5057941182673
2037,Agri04_toGrassland,DED,786.6431376579978
2037,Agri04_toGrassland,DEF,484.8047194950139
2037,Agri04_toGrassland,DEG,387.61813102799636
2037,Agri05_Agroforestry,DE1,191414.88366395957
2037,Agri05_Agroforestry,DE2,231763.58270312045
2037,Agri05_Agroforestry,DE3,1307.8725000000002
2037,Agri05_Agroforestry,DE4,197529.26141657538
2037,Agri05_Agroforestry,DE5,10736.907666666668
2037,Agri05_Agroforestry,DE6,7128.207687515077
2037,Agri05_Agroforestry,DE7,42350.345140150006
2037,Agri05_Agroforestry,DE8,187993.0812456536
2037,Agri05_Agroforestry,DE9,217020.19560807152
2037,Agri05_Agroforestry,DEA,191193.50955730095
2037,Agri05_Agroforestry,DEB,125506.76164895836
2037,Agri05_Agroforestry,DEC,47840.52216666668
2037,Agri05_Agroforestry,DEE,137524.70451244022
2037,Agri05_Agroforestry,DED,129056.62453471392
2037,Agri05_Agroforestry,DEF,23557.546236454546
2037,Agri05_Agroforestry,DEG,18844.322031310323
2037,Agri06_Biochar,DE1,0.0
2037,Agri06_Biochar,DE2,0.0
2037,Agri06_Biochar,DE3,0.0
2037,Agri06_Biochar,DE4,0.0
2037,Agri06_Biochar,DE5,0.0
2037,Agri06_Biochar,DE6,0.0
2037,Agri06_Biochar,DE7,0.0
2037,Agri06_Biochar,DE8,0.0
2037,Agri06_Biochar,DE9,0.0
2037,Agri06_Biochar,DEA,0.0
2037,Agri06_Biochar,DEB,0.0
2037,Agri06_Biochar,DEC,0.0
2037,Agri06_Biochar,DEE,0.0
2037,Agri06_Biochar,DED,0.0
2037,Agri06_Biochar,DEF,0.0
2037,Agri06_Biochar,DEG,0.0
2038,Agri01_AGC,DE1,69565.69166212577
2038,Agri01_AGC,DE2,125524.75626947619
2038,Agri01_AGC,DE3,154.76784000000006
2038,Agri01_AGC,DE4,63943.29821099197
2038,Agri01_AGC,DE5,497.59392000000014
2038,Agri01_AGC,DE6,817.3185599999999
2038,Agri01_AGC,DE7,28567.618186587646
2038,Agri01_AGC,DE8,67076.60344894318
2038,Agri01_AGC,DE9,109252.50612797005
2038,Agri01_AGC,DEA,70775.00390508572
2038,Agri01_AGC,DEB,39518.64192000002
2038,Agri01_AGC,DEC,4202.086080000001
2038,Agri01_AGC,DEE,52804.28207084541
2038,Agri01_AGC,DED,42531.35002941106
2038,Agri01_AGC,DEF,28762.997859761632
2038,Agri01_AGC,DEG,22997.204952564174
2038,Agri02_OFC,DE1,32910.03697697425
2038,Agri02_OFC,DE2,52700.98590187915
2038,Agri02_OFC,DE3,16177.706759610799
2038,Agri02_OFC,DE4,31711.326428024506
2038,Agri02_OFC,DE5,7542.458524136275
2038,Agri02_OFC,DE6,874.4206053662203
2038,Agri02_OFC,DE7,11803.126290329672
2038,Agri02_OFC,DE8,31912.333556511418
2038,Agri02_OFC,DE9,46150.0698767438
2038,Agri02_OFC,DEA,33482.136666945225
2038,Agri02_OFC,DEB,19778.411541731242
2038,Agri02_OFC,DEC,11852.039090201908
2038,Agri02_OFC,DEE,24691.004120041685
2038,Agri02_OFC,DED,21116.9023214475
2038,Agri02_OFC,DEF,11533.513867162
2038,Agri02_OFC,DEG,9221.68766862455
2038,Agri03_No-till,DE1,0.0
2038,Agri03_No-till,DE2,0.0
2038,Agri03_No-till,DE3,0.0
2038,Agri03_No-till,DE4,0.0
2038,Agri03_No-till,DE5,0.0
2038,Agri03_No-till,DE6,0.0
2038,Agri03_No-till,DE7,0.0
2038,Agri03_No-till,DE8,0.0
2038,Agri03_No-till,DE9,0.0
2038,Agri03_No-till,DEA,0.0
2038,Agri03_No-till,DEB,0.0
2038,Agri03_No-till,DEC,0.0
2038,Agri03_No-till,DEE,0.0
2038,Agri03_No-till,DED,0.0
2038,Agri03_No-till,DEF,0.0
2038,Agri03_No-till,DEG,0.0
2038,Agri04_toGrassland,DE1,1328.4455142265142
2038,Agri04_toGrassland,DE2,2189.354294593943
2038,Agri04_toGrassland,DE3,600.5870343327996
2038,Agri04_toGrassland,DE4,1269.2008728908777
2038,Agri04_toGrassland,DE5,280.6085322998961
2038,Agri04_toGrassland,DE6,33.602377024525765
2038,Agri04_toGrassland,DE7,498.26535754313693
2038,Agri04_toGrassland,DE8,1286.196665435222
2038,Agri04_toGrassland,DE9,1905.5399954167174
2038,Agri04_toGrassland,DEA,1354.4832992064757
2038,Agri04_toGrassland,DEB,789.6884741392746
2038,Agri04_toGrassland,DEC,445.7616535688249
2038,Agri04_toGrassland,DEE,1001.7255104857378
2038,Agri04_toGrassland,DED,847.2318093300363
2038,Agri04_toGrassland,DEF,501.6730943056091
2038,Agri04_toGrassland,DEG,401.1083623892033
2038,Agri05_Agroforestry,DE1,212257.08849779784
2038,Agri05_Agroforestry,DE2,254008.28242334665
2038,Agri05_Agroforestry,DE3,1307.8725000000002
2038,Agri05_Agroforestry,DE4,219560.75986023952
2038,Agri05_Agroforestry,DE5,10736.907666666668
2038,Agri05_Agroforestry,DE6,7986.06597613876
2038,Agri05_Agroforestry,DE7,45909.506441510464
2038,Agri05_Agroforestry,DE8,208557.96217272698
2038,Agri05_Agroforestry,DE9,238594.04040335727
2038,Agri05_Agroforestry,DEA,211869.6353187364
2038,Agri05_Agroforestry,DEB,139591.3975675219
2038,Agri05_Agroforestry,DEC,47840.52216666668
2038,Agri05_Agroforestry,DEE,152255.61472545576
2038,Agri05_Agroforestry,DED,143358.35549732574
2038,Agri05_Agroforestry,DEF,24381.373477507335
2038,Agri05_Agroforestry,DEG,19504.320623521202
2038,Agri06_Biochar,DE1,0.0
2038,Agri06_Biochar,DE2,0.0
2038,Agri06_Biochar,DE3,0.0
2038,Agri06_Biochar,DE4,0.0
2038,Agri06_Biochar,DE5,0.0
2038,Agri06_Biochar,DE6,0.0
2038,Agri06_Biochar,DE7,0.0
2038,Agri06_Biochar,DE8,0.0
2038,Agri06_Biochar,DE9,0.0
2038,Agri06_Biochar,DEA,0.0
2038,Agri06_Biochar,DEB,0.0
2038,Agri06_Biochar,DEC,0.0
2038,Agri06_Biochar,DEE,0.0
2038,Agri06_Biochar,DED,0.0
2038,Agri06_Biochar,DEF,0.0
2038,Agri06_Biochar,DEG,0.0
2039,Agri01_AGC,DE1,74903.37974475432
2039,Agri01_AGC,DE2,132392.97051403412
2039,Agri01_AGC,DE3,154.76784000000006
2039,Agri01_AGC,DE4,65539.38528000002
2039,Agri01_AGC,DE5,497.59392000000014
2039,Agri01_AGC,DE6,817.3185599999999
2039,Agri01_AGC,DE7,29891.185999792306
2039,Agri01_AGC,DE8,72305.9616
2039,Agri01_AGC,DE9,115582.93467274334
2039,Agri01_AGC,DEA,76125.76223451263
2039,Agri01_AGC,DEB,39518.64192000002
2039,Agri01_AGC,DEC,4202.086080000001
2039,Agri01_AGC,DEE,56672.21810409692
2039,Agri01_AGC,DED,45103.456320000005
2039,Agri01_AGC,DEF,29655.918706930413
2039,Agri01_AGC,DEG,23711.341523540785
2039,Agri02_OFC,DE1,35435.18274888782
2039,Agri02_OFC,DE2,55950.19078080144
2039,Agri02_OFC,DE3,18090.694108937903
2039,Agri02_OFC,DE4,34283.56362708351
2039,Agri02_OFC,DE5,8426.662334044364
2039,Agri02_OFC,DE6,963.2169964052333
2039,Agri02_OFC,DE7,12429.277840517067
2039,Agri02_OFC,DE8,34386.23076079694
2039,Agri02_OFC,DE9,49144.85987323294
2039,Agri02_OFC,DEA,36013.46569234417
2039,Agri02_OFC,DEB,21407.240842625233
2039,Agri02_OFC,DEC,13179.718178417708
2039,Agri02_OFC,DEE,26520.841714370992
2039,Agri02_OFC,DED,22803.425623553765
2039,Agri02_OFC,DEF,11955.935572397984
2039,Agri02_OFC,DEG,9559.530366596968
2039,Agri03_No-till,DE1,0.0
2039,Agri03_No-till,DE2,0.0
2039,Agri03_No-till,DE3,0.0
2039,Agri03_No-till,DE4,0.0
2039,Agri03_No-till,DE5,0.0
2039,Agri03_No-till,DE6,0.0
2039,Agri03_No-till,DE7,0.0
2039,Agri03_No-till,DE8,0.0
2039,Agri03_No-till,DE9,0.0
2039,Agri03_No-till,DEA,0.0
2039,Agri03_No-till,DEB,0.0
2039,Agri03_No-till,DEC,0.0
2039,Agri03_No-till,DEE,0.0
2039,Agri03_No-till,DED,0.0
2039,Agri03_No-till,DEF,0.0
2039,Agri03_No-till,DEG,0.0
2039,Agri04_toGrassland,DE1,1421.543407217583
2039,Agri04_toGrassland,DE2,2309.147033487878
2039,Agri04_toGrassland,DE3,671.1156721333658
2039,Agri04_toGrassland,DE4,1364.0349478853561
2039,Agri04_toGrassland,DE5,313.207645029431
2039,Agri04_toGrassland,DE6,36.87615115784185
2039,Agri04_toGrassland,DE7,521.350515898713
2039,Agri04_toGrassland,DE8,1377.4051096197904
2039,Agri04_toGrassland,DE9,2015.9528839417974
2039,Agri04_toGrassland,DEA,1447.8091583917032
2039,Agri04_toGrassland,DEB,849.7406808839299
2039,Agri04_toGrassland,DEC,494.7109566371886
2039,Agri04_toGrassland,DEE,1069.1885561612391
2039,Agri04_toGrassland,DED,909.4110972162358
2039,Agri04_toGrassland,DEF,517.2470746866952
2039,Agri04_toGrassland,DEG,413.56405650931555
2039,Agri05_Agroforestry,DE1,234164.01619772296
2039,Agri05_Agroforestry,DE2,277209.82078762987
2039,Agri05_Agroforestry,DE3,1307.8725000000002
2039,Agri05_Agroforestry,DE4,242749.16165113053
2039,Agri05_Agroforestry,DE5,10736.907666666668
2039,Agri05_Agroforestry,DE6,8691.746166666666
2039,Agri05_Agroforestry,DE7,49587.330468249864
2039,Agri05_Agroforestry,DE8,230179.1169201572
2039,Agri05_Agroforestry,DE9,261146.54641375275
2039,Agri05_Agroforestry,DEA,233593.4776055777
2039,Agri05_Agroforestry,DEB,154420.68740089994
2039,Agri05_Agroforestry,DEC,47840.52216666668
2039,Agri05_Agroforestry,DEE,167724.43846205834
2039,Agri05_Agroforestry,DED,158405.66032810547
2039,Agri05_Agroforestry,DEF,25142.766188242764
2039,Agri05_Agroforestry,DEG,20114.48688917179
2039,Agri06_Biochar,DE1,0.0
2039,Agri06_Biochar,DE2,0.0
2039,Agri06_Biochar,DE3,0.0
2039,Agri06_Biochar,DE4,0.0
2039,Agri06_Biochar,DE5,0.0
2039,Agri06_Biochar,DE6,0.0
2039,Agri06_Biochar,DE7,0.0
2039,Agri06_Biochar,DE8,0.0
2039,Agri06_Biochar,DE9,0.0
2039,Agri06_Biochar,DEA,0.0
2039,Agri06_Biochar,DEB,0.0
2039,Agri06_Biochar,DEC,0.0
2039,Agri06_Biochar,DEE,0.0
2039,Agri06_Biochar,DED,0.0
2039,Agri06_Biochar,DEF,0.0
2039,Agri06_Biochar,DEG,0.0
2040,Agri01_AGC,DE1,76012.15632000002
2040,Agri01_AGC,DE2,139250.09177691114
2040,Agri01_AGC,DE3,154.76784000000006
2040,Agri01_AGC,DE4,65539.38528000002
2040,Agri01_AGC,DE5,497.59392000000014
2040,Agri01_AGC,DE6,817.3185599999999
2040,Agri01_AGC,DE7,31187.014646044314
2040,Agri01_AGC,DE8,72305.9616
2040,Agri01_AGC,DE9,121940.82057235845
2040,Agri01_AGC,DEA,79422.79248000002
2040,Agri01_AGC,DEB,39518.64192000002
2040,Agri01_AGC,DEC,4202.086080000001
2040,Agri01_AGC,DEE,60611.43936
2040,Agri01_AGC,DED,45103.456320000005
2040,Agri01_AGC,DEF,30474.626556375668
2040,Agri01_AGC,DEG,24366.16378647655
2040,Agri02_OFC,DE1,38015.41892796053
2040,Agri02_OFC,DE2,59194.14780796546
2040,Agri02_OFC,DE3,20109.78506730635
2040,Agri02_OFC,DE4,36925.245449355156
2040,Agri02_OFC,DE5,9359.430867734756
2040,Agri02_OFC,DE6,1056.0304584093785
2040,Agri02_OFC,DE7,13042.306585650555
2040,Agri02_OFC,DE8,36916.525183553465
2040,Agri02_OFC,DE9,52152.639355509455
2040,Agri02_OFC,DEA,38596.40595112135
2040,Agri02_OFC,DEB,23082.267623464606
2040,Agri02_OFC,DEC,14576.44746017212
2040,Agri02_OFC,DEE,28384.4028189152
2040,Agri02_OFC,DED,24533.0920911913
2040,Agri02_OFC,DEF,12343.24869981495
2040,Agri02_OFC,DEG,9869.312737355665
2040,Agri03_No-till,DE1,0.0
2040,Agri03_No-till,DE2,0.0
2040,Agri03_No-till,DE3,0.0
2040,Agri03_No-till,DE4,0.0
2040,Agri03_No-till,DE5,0.0
2040,Agri03_No-till,DE6,0.0
2040,Agri03_No-till,DE7,0.0
2040,Agri03_No-till,DE8,0.0
2040,Agri03_No-till,DE9,0.0
2040,Agri03_No-till,DEA,0.0
2040,Agri03_No-till,DEB,0.0
2040,Agri03_No-till,DEC,0.0
2040,Agri03_No-till,DEE,0.0
2040,Agri03_No-till,DED,0.0
2040,Agri03_No-till,DEF,0.0
2040,Agri03_No-till,DEG,0.0
2040,Agri04_toGrassland,DE1,1516.6723912005396
2040,Agri04_toGrassland,DE2,2428.7462928817945
2040,Agri04_toGrassland,DE3,745.5561721916946
2040,Agri04_toGrassland,DE4,1461.4293297629324
2040,Agri04_toGrassland,DE5,347.59725774043795
2040,Agri04_toGrassland,DE6,40.2980279658665
2040,Agri04_toGrassland,DE7,543.9518584230448
2040,Agri04_toGrassland,DE8,1470.6928247393707
2040,Agri04_toGrassland,DE9,2126.8446730401797
2040,Agri04_toGrassland,DEA,1543.0378372618875
2040,Agri04_toGrassland,DEB,911.4961112967989
2040,Agri04_toGrassland,DEC,546.2060246275506
2040,Agri04_toGrassland,DEE,1137.8949311447716
2040,Agri04_toGrassland,DED,973.1810013165964
2040,Agri04_toGrassland,DEF,531.5266606382721
2040,Agri04_toGrassland,DEG,424.9852133883332
2040,Agri05_Agroforestry,DE1,257135.66676373497
2040,Agri05_Agroforestry,DE2,301368.1977959702
2040,Agri05_Agroforestry,DE3,1307.8725000000002
2040,Agri05_Agroforestry,DE4,267094.46678924846
2040,Agri05_Agroforestry,DE5,10736.907666666668
2040,Agri05_Agroforestry,DE6,8691.746166666666
2040,Agri05_Agroforestry,DE7,53383.817220368204
2040,Agri05_Agroforestry,DE8,252856.54548794424
2040,Agri05_Agroforestry,DE9,284677.71363925794
2040,Agri05_Agroforestry,DEA,256365.03641782494
2040,Agri05_Agroforestry,DEB,169994.6311490925
2040,Agri05_Agroforestry,DEC,47840.52216666668
2040,Agri05_Agroforestry,DEE,183931.17572224804
2040,Agri05_Agroforestry,DED,174198.53902705308
2040,Agri05_Agroforestry,DEF,25841.724368660827
2040,Agri05_Agroforestry,DEG,20674.820828262076
2040,Agri06_Biochar,DE1,0.0
2040,Agri06_Biochar,DE2,0.0
2040,Agri06_Biochar,DE3,0.0
2040,Agri06_Biochar,DE4,0.0
2040,Agri06_Biochar,DE5,0.0
2040,Agri06_Biochar,DE6,0.0
2040,Agri06_Biochar,DE7,0.0
2040,Agri06_Biochar,DE8,0.0
2040,Agri06_Biochar,DE9,0.0
2040,Agri06_Biochar,DEA,0.0
2040,Agri06_Biochar,DEB,0.0
2040,Agri06_Biochar,DEC,0.0
2040,Agri06_Biochar,DEE,0.0
2040,Agri06_Biochar,DED,0.0
2040,Agri06_Biochar,DEF,0.0
2040,Agri06_Biochar,DEG,0.0
2041,Agri01_AGC,DE1,76012.15632000002
2041,Agri01_AGC,DE2,146096.12005810728
2041,Agri01_AGC,DE3,154.76784000000006
2041,Agri01_AGC,DE4,65539.38528000002
2041,Agri01_AGC,DE5,497.59392000000014
2041,Agri01_AGC,DE6,817.3185599999999
2041,Agri01_AGC,DE7,32455.10412534367
2041,Agri01_AGC,DE8,72305.9616
2041,Agri01_AGC,DE9,128326.16382681536
2041,Agri01_AGC,DEA,79422.79248000002
2041,Agri01_AGC,DEB,39518.64192000002
2041,Agri01_AGC,DEC,4202.086080000001
2041,Agri01_AGC,DEE,60611.43936
2041,Agri01_AGC,DED,45103.456320000005
2041,Agri01_AGC,DEF,31219.121408097388
2041,Agri01_AGC,DEG,24961.671741371465
2041,Agri02_OFC,DE1,40650.745514192386
2041,Agri02_OFC,DE2,62432.856983371246
2041,Agri02_OFC,DE3,22234.979634716146
2041,Agri02_OFC,DE4,39636.371894839445
2041,Agri02_OFC,DE5,10340.764125207452
2041,Agri02_OFC,DE6,1152.8609913786559
2041,Agri02_OFC,DE7,13642.212525730136
2041,Agri02_OFC,DE8,39503.216824781004
2041,Agri02_OFC,DE9,55173.40832357335
2041,Agri02_OFC,DEA,41230.95744327674
2041,Agri02_OFC,DEB,24803.491884249368
2041,Agri02_OFC,DEC,16042.22693546514
2041,Agri02_OFC,DEE,30281.687433674317
2041,Agri02_OFC,DED,26305.901724360112
2041,Agri02_OFC,DEF,12695.4532494129
2041,Agri02_OFC,DEG,10151.034780900643
2041,Agri03_No-till,DE1,0.0
2041,Agri03_No-till,DE2,0.0
2041,Agri03_No-till,DE3,0.0
2041,Agri03_No-till,DE4,0.0
2041,Agri03_No-till,DE5,0.0
2041,Agri03_No-till,DE6,0.0
2041,Agri03_No-till,DE7,0.0
2041,Agri03_No-till,DE8,0.0
2041,Agri03_No-till,DE9,0.0
2041,Agri03_No-till,DEA,0.0
2041,Agri03_No-till,DEB,0.0
2041,Agri03_No-till,DEC,0.0
2041,Agri03_No-till,DEE,0.0
2041,Agri03_No-till,DED,0.0
2041,Agri03_No-till,DEF,0.0
2041,Agri03_No-till,DEG,0.0
2041,Agri04_toGrassland,DE1,1613.8324661753832
2041,Agri04_toGrassland,DE2,2548.1520727756933
2041,Agri04_toGrassland,DE3,823.9085345077858
2041,Agri04_toGrassland,DE4,1561.3840185236065
2041,Agri04_toGrassland,DE5,383.77737043291705
2041,Agri04_toGrassland,DE6,43.86800744859972
2041,Agri04_toGrassland,DE7,566.0693851161323
2041,Agri04_toGrassland,DE8,1566.0598107939627
2041,Agri04_toGrassland,DE9,2238.2153627118646
2041,Agri04_toGrassland,DEA,1640.1693358170285
2041,Agri04_toGrassland,DEB,974.9547653778814
2041,Agri04_toGrassland,DEC,600.246857539911
2041,Agri04_toGrassland,DEE,1207.844635436335
2041,Agri04_toGrassland,DED,1038.5415216311183
2041,Agri04_toGrassland,DEF,544.51185216034
2041,Agri04_toGrassland,DEG,435.3718330262561
2041,Agri05_Agroforestry,DE1,281172.04019583383
2041,Agri05_Agroforestry,DE2,326483.41344836744
2041,Agri05_Agroforestry,DE3,1307.8725000000002
2041,Agri05_Agroforestry,DE4,292596.6752745933
2041,Agri05_Agroforestry,DE5,10736.907666666668
2041,Agri05_Agroforestry,DE6,8691.746166666666
2041,Agri05_Agroforestry,DE7,57298.966697865486
2041,Agri05_Agroforestry,DE8,276590.2478760881
2041,Agri05_Agroforestry,DE9,309187.5420798728
2041,Agri05_Agroforestry,DEA,280184.3117554781
2041,Agri05_Agroforestry,DEB,186313.2288120996
2041,Agri05_Agroforestry,DEC,47840.52216666668
2041,Agri05_Agroforestry,DEE,200875.82650602484
2041,Agri05_Agroforestry,DED,190736.9915941686
2041,Agri05_Agroforestry,DEF,26478.24801876152
2041,Agri05_Agroforestry,DEG,21185.322440792068
2041,Agri06_Biochar,DE1,0.0
2041,Agri06_Biochar,DE2,0.0
2041,Agri06_Biochar,DE3,0.0
2041,Agri06_Biochar,DE4,0.0
2041,Agri06_Biochar,DE5,0.0
2041,Agri06_Biochar,DE6,0.0
2041,Agri06_Biochar,DE7,0.0
2041,Agri06_Biochar,DE8,0.0
2041,Agri06_Biochar,DE9,0.0
2041,Agri06_Biochar,DEA,0.0
2041,Agri06_Biochar,DEB,0.0
2041,Agri06_Biochar,DEC,0.0
2041,Agri06_Biochar,DEE,0.0
2041,Agri06_Biochar,DED,0.0
2041,Agri06_Biochar,DEF,0.0
2041,Agri06_Biochar,DEG,0.0
2042,Agri01_AGC,DE1,76012.15632000002
2042,Agri01_AGC,DE2,152931.05535762254
2042,Agri01_AGC,DE3,154.76784000000006
2042,Agri01_AGC,DE4,65539.38528000002
2042,Agri01_AGC,DE5,497.59392000000014
2042,Agri01_AGC,DE6,817.3185599999999
2042,Agri01_AGC,DE7,33695.45443769037
2042,Agri01_AGC,DE8,72305.9616
2042,Agri01_AGC,DE9,134738.9644361141
2042,Agri01_AGC,DEA,79422.79248000002
2042,Agri01_AGC,DEB,39518.64192000002
2042,Agri01_AGC,DEC,4202.086080000001
2042,Agri01_AGC,DEE,60611.43936
2042,Agri01_AGC,DED,45103.456320000005
2042,Agri01_AGC,DEF,31889.403262095584
2042,Agri01_AGC,DEG,25497.865388225535
2042,Agri02_OFC,DE1,43341.16250758337
2042,Agri02_OFC,DE2,65666.31830701877
2042,Agri02_OFC,DE3,24466.277811167285
2042,Agri02_OFC,DE4,42416.94296353637
2042,Agri02_OFC,DE5,11370.662106462449
2042,Agri02_OFC,DE6,1253.7085953130656
2042,Agri02_OFC,DE7,14228.99566075581
2042,Agri02_OFC,DE8,42146.305684479536
2042,Agri02_OFC,DE9,58207.16677742461
2042,Agri02_OFC,DEA,43917.120168810354
2042,Agri02_OFC,DEB,26570.913624979516
2042,Agri02_OFC,DEC,17577.056604296766
2042,Agri02_OFC,DEE,32212.69555864834
2042,Agri02_OFC,DED,28121.85452306019
2042,Agri02_OFC,DEF,13012.549221191832
2042,Agri02_OFC,DEG,10404.696497231904
2042,Agri03_No-till,DE1,0.0
2042,Agri03_No-till,DE2,0.0
2042,Agri03_No-till,DE3,0.0
2042,Agri03_No-till,DE4,0.0
2042,Agri03_No-till,DE5,0.0
2042,Agri03_No-till,DE6,0.0
2042,Agri03_No-till,DE7,0.0
2042,Agri03_No-till,DE8,0.0
2042,Agri03_No-till,DE9,0.0
2042,Agri03_No-till,DEA,0.0
2042,Agri03_No-till,DEB,0.0
2042,Agri03_No-till,DEC,0.0
2042,Agri03_No-till,DEE,0.0
2042,Agri03_No-till,DED,0.0
2042,Agri03_No-till,DEF,0.0
2042,Agri03_No-till,DEG,0.0
2042,Agri04_toGrassland,DE1,1713.0236321421141
2042,Agri04_toGrassland,DE2,2667.364373169574
2042,Agri04_toGrassland,DE3,906.1727590816396
2042,Agri04_toGrassland,DE4,1663.8990141673785
2042,Agri04_toGrassland,DE5,421.7479831068683
2042,Agri04_toGrassland,DE6,47.58608960604149
2042,Agri04_toGrassland,DE7,587.7030959779755
2042,Agri04_toGrassland,DE8,1663.5060677835663
2042,Agri04_toGrassland,DE9,2350.064952956852
2042,Agri04_toGrassland,DEA,1739.2036540571266
2042,Agri04_toGrassland,DEB,1040.1166431271774
2042,Agri04_toGrassland,DEC,656.8334553742699
2042,Agri04_toGrassland,DEE,1279.0376690359292
2042,Agri04_toGrassland,DED,1105.492658159801
2042,Agri04_toGrassland,DEF,556.2026492528987
2042,Agri04_toGrassland,DEG,444.7239154230845
2042,Agri05_Agroforestry,DE1,306273.1364940196
2042,Agri05_Agroforestry,DE2,352555.46774482174
2042,Agri05_Agroforestry,DE3,1307.8725000000002
2042,Agri05_Agroforestry,DE4,319255.78710716503
2042,Agri05_Agroforestry,DE5,10736.907666666668
2042,Agri05_Agroforestry,DE6,8691.746166666666
2042,Agri05_Agroforestry,DE7,61332.7789007417
2042,Agri05_Agroforestry,DE8,301380.2240845887
2042,Agri05_Agroforestry,DE9,334676.03173559747
2042,Agri05_Agroforestry,DEA,305051.3036185371
2042,Agri05_Agroforestry,DEB,203376.48038992126
2042,Agri05_Agroforestry,DEC,47840.52216666668
2042,Agri05_Agroforestry,DEE,218558.39081338872
2042,Agri05_Agroforestry,DED,208021.01802945198
2042,Agri05_Agroforestry,DEF,27052.337138544844
2042,Agri05_Agroforestry,DEG,21645.991726761764
2042,Agri06_Biochar,DE1,0.0
2042,Agri06_Biochar,DE2,0.0
2042,Agri06_Biochar,DE3,0.0
2042,Agri06_Biochar,DE4,0.0
2042,Agri06_Biochar,DE5,0.0
2042,Agri06_Biochar,DE6,0.0
2042,Agri06_Biochar,DE7,0.0
2042,Agri06_Biochar,DE8,0.0
2042,Agri06_Biochar,DE9,0.0
2042,Agri06_Biochar,DEA,0.0
2042,Agri06_Biochar,DEB,0.0
2042,Agri06_Biochar,DEC,0.0
2042,Agri06_Biochar,DEE,0.0
2042,Agri06_Biochar,DED,0.0
2042,Agri06_Biochar,DEF,0.0
2042,Agri06_Biochar,DEG,0.0
2043,Agri01_AGC,DE1,76012.15632000002
2043,Agri01_AGC,DE2,159754.89767545686
2043,Agri01_AGC,DE3,154.76784000000006
2043,Agri01_AGC,DE4,65539.38528000002
2043,Agri01_AGC,DE5,497.59392000000014
2043,Agri01_AGC,DE6,817.3185599999999
2043,Agri01_AGC,DE7,34908.065583084426
2043,Agri01_AGC,DE8,72305.9616
2043,Agri01_AGC,DE9,136853.90448000003
2043,Agri01_AGC,DEA,79422.79248000002
2043,Agri01_AGC,DEB,39518.64192000002
2043,Agri01_AGC,DEC,4202.086080000001
2043,Agri01_AGC,DEE,60611.43936
2043,Agri01_AGC,DED,45103.456320000005
2043,Agri01_AGC,DEF,32485.472118370246
2043,Agri01_AGC,DEG,25974.74472703875
2043,Agri02_OFC,DE1,46086.6699081335
2043,Agri02_OFC,DE2,68894.53177890804
2043,Agri02_OFC,DE3,26803.67959665977
2043,Agri02_OFC,DE4,45266.958655445946
2043,Agri02_OFC,DE5,12449.12481149975
2043,Agri02_OFC,DE6,1358.5732702126077
2043,Agri02_OFC,DE7,14802.655990727575
2043,Agri02_OFC,DE8,44845.79176264908
2043,Agri02_OFC,DE9,61253.91471706324
2043,Agri02_OFC,DEA,46654.89412772219
2043,Agri02_OFC,DEB,28384.53284565505
2043,Agri02_OFC,DEC,19180.936466667004
2043,Agri02_OFC,DEE,34177.42719383726
2043,Agri02_OFC,DED,29980.950487291535
2043,Agri02_OFC,DEF,13294.53661515175
2043,Agri02_OFC,DEG,10630.297886349443
2043,Agri03_No-till,DE1,0.0
2043,Agri03_No-till,DE2,0.0
2043,Agri03_No-till,DE3,0.0
2043,Agri03_No-till,DE4,0.0
2043,Agri03_No-till,DE5,0.0
2043,Agri03_No-till,DE6,0.0
2043,Agri03_No-till,DE7,0.0
2043,Agri03_No-till,DE8,0.0
2043,Agri03_No-till,DE9,0.0
2043,Agri03_No-till,DEA,0.0
2043,Agri03_No-till,DEB,0.0
2043,Agri03_No-till,DEC,0.0
2043,Agri03_No-till,DEE,0.0
2043,Agri03_No-till,DED,0.0
2043,Agri03_No-till,DEF,0.0
2043,Agri03_No-till,DEG,0.0
2043,Agri04_toGrassland,DE1,1814.2458891007325
2043,Agri04_toGrassland,DE2,2786.383194063436
2043,Agri04_toGrassland,DE3,992.348845913256
2043,Agri04_toGrassland,DE4,1768.9743166942485
2043,Agri04_toGrassland,DE5,461.50909576229157
2043,Agri04_toGrassland,DE6,51.45227443819182
2043,Agri04_toGrassland,DE7,608.8529910085745
2043,Agri04_toGrassland,DE8,1763.0315957081818
2043,Agri04_toGrassland,DE9,2462.393443775142
2043,Agri04_toGrassland,DEA,1840.1407919821813
2043,Agri04_toGrassland,DEB,1106.981744544687
2043,Agri04_toGrassland,DEC,715.965818130627
2043,Agri04_toGrassland,DEE,1351.4740319435543
2043,Agri04_toGrassland,DED,1174.034410902645
2043,Agri04_toGrassland,DEF,566.5990519159483
2043,Agri04_toGrassland,DEG,453.0414605788182
2043,Agri05_Agroforestry,DE1,332438.9556582922
2043,Agri05_Agroforestry,DE2,379584.3606853331
2043,Agri05_Agroforestry,DE3,1307.8725000000002
2043,Agri05_Agroforestry,DE4,347071.8022869636
2043,Agri05_Agroforestry,DE5,10736.907666666668
2043,Agri05_Agroforestry,DE6,8691.746166666666
2043,Agri05_Agroforestry,DE7,65485.25382899686
2043,Agri05_Agroforestry,DE8,327226.4741134462
2043,Agri05_Agroforestry,DE9,361143.1826064318
2043,Agri05_Agroforestry,DEA,330966.012007002
2043,Agri05_Agroforestry,DEB,221184.3858825574
2043,Agri05_Agroforestry,DEC,47840.52216666668
2043,Agri05_Agroforestry,DEE,236978.86864433964
2043,Agri05_Agroforestry,DED,226050.61833290325
2043,Agri05_Agroforestry,DEF,27563.99172801081
2043,Agri05_Agroforestry,DEG,22056.828686171164
2043,Agri06_Biochar,DE1,0.0
2043,Agri06_Biochar,DE2,0.0
2043,Agri06_Biochar,DE3,0.0
2043,Agri06_Biochar,DE4,0.0
2043,Agri06_Biochar,DE5,0.0
2043,Agri06_Biochar,DE6,0.0
2043,Agri06_Biochar,DE7,0.0
2043,Agri06_Biochar,DE8,0.0
2043,Agri06_Biochar,DE9,0.0
2043,Agri06_Biochar,DEA,0.0
2043,Agri06_Biochar,DEB,0.0
2043,Agri06_Biochar,DEC,0.0
2043,Agri06_Biochar,DEE,0.0
2043,Agri06_Biochar,DED,0.0
2043,Agri06_Biochar,DEF,0.0
2043,Agri06_Biochar,DEG,0.0
2044,Agri01_AGC,DE1,76012.15632000002
2044,Agri01_AGC,DE2,165736.04304000005
2044,Agri01_AGC,DE3,154.76784000000006
2044,Agri01_AGC,DE4,65539.38528000002
2044,Agri01_AGC,DE5,497.59392000000014
2044,Agri01_AGC,DE6,817.3185599999999
2044,Agri01_AGC,DE7,36092.93756152582
2044,Agri01_AGC,DE8,72305.9616
2044,Agri01_AGC,DE9,136853.90448000003
2044,Agri01_AGC,DEA,79422.79248000002
2044,Agri01_AGC,DEB,39518.64192000002
2044,Agri01_AGC,DEC,4202.086080000001
2044,Agri01_AGC,DEE,60611.43936
2044,Agri01_AGC,DED,45103.456320000005
2044,Agri01_AGC,DEF,33007.32797692138
2044,Agri01_AGC,DEG,26392.309757811116
2044,Agri02_OFC,DE1,48887.26771584277
2044,Agri02_OFC,DE2,72117.49739903907
2044,Agri02_OFC,DE3,29247.1849911936
2044,Agri02_OFC,DE4,48186.418970568164
2044,Agri02_OFC,DE5,13576.152240319352
2044,Agri02_OFC,DE6,1467.4550160772817
2044,Agri02_OFC,DE7,15363.193515645435
2044,Agri02_OFC,DE8,47601.67505928964
2044,Agri02_OFC,DE9,64313.65214248924
2044,Agri02_OFC,DEA,49444.27932001224
2044,Agri02_OFC,DEB,30244.34954627597
2044,Agri02_OFC,DEC,20853.866522575852
2044,Agri02_OFC,DEE,36175.8823392411
2044,Agri02_OFC,DED,31883.189617054155
2044,Agri02_OFC,DEF,13541.41543129265
2044,Agri02_OFC,DEG,10827.838948253262
2044,Agri03_No-till,DE1,0.0
2044,Agri03_No-till,DE2,0.0
2044,Agri03_No-till,DE3,0.0
2044,Agri03_No-till,DE4,0.0
2044,Agri03_No-till,DE5,0.0
2044,Agri03_No-till,DE6,0.0
2044,Agri03_No-till,DE7,0.0
2044,Agri03_No-till,DE8,0.0
2044,Agri03_No-till,DE9,0.0
2044,Agri03_No-till,DEA,0.0
2044,Agri03_No-till,DEB,0.0
2044,Agri03_No-till,DEC,0.0
2044,Agri03_No-till,DEE,0.0
2044,Agri03_No-till,DED,0.0
2044,Agri03_No-till,DEF,0.0
2044,Agri03_No-till,DEG,0.0
2044,Agri04_toGrassland,DE1,1917.499237051238
2044,Agri04_toGrassland,DE2,2905.2085354572796
2044,Agri04_toGrassland,DE3,1082.4367950026349
2044,Agri04_toGrassland,DE4,1876.6099261042161
2044,Agri04_toGrassland,DE5,503.060708399187
2044,Agri04_toGrassland,DE6,55.46656194505071
2044,Agri04_toGrassland,DE7,629.5190702079292
2044,Agri04_toGrassland,DE8,1864.636394567809
2044,Agri04_toGrassland,DE9,2575.200835166734
2044,Agri04_toGrassland,DEA,1942.980749592193
2044,Agri04_toGrassland,DEB,1175.5500696304102
2044,Agri04_toGrassland,DEC,777.6439458089826
2044,Agri04_toGrassland,DEE,1425.1537241592105
2044,Agri04_toGrassland,DED,1244.1667798596504
2044,Agri04_toGrassland,DEF,575.7010601494889
2044,Agri04_toGrassland,DEG,460.32446849345735
2044,Agri05_Agroforestry,DE1,359669.49768865167
2044,Agri05_Agroforestry,DE2,407570.0922699014
2044,Agri05_Agroforestry,DE3,1307.8725000000002
2044,Agri05_Agroforestry,DE4,376044.7208139891
2044,Agri05_Agroforestry,DE5,10736.907666666668
2044,Agri05_Agroforestry,DE6,8691.746166666666
2044,Agri05_Agroforestry,DE7,69756.39148263096
2044,Agri05_Agroforestry,DE8,354128.9979626605
2044,Agri05_Agroforestry,DE9,388588.9946923758
2044,Agri05_Agroforestry,DEA,357928.4369208728
2044,Agri05_Agroforestry,DEB,239736.94529000807
2044,Agri05_Agroforestry,DEC,47840.52216666668
2044,Agri05_Agroforestry,DEE,237338.16800000003
2044,Agri05_Agroforestry,DED,244825.79250452245
2044,Agri05_Agroforestry,DEF,28013.211787159402
2044,Agri05_Agroforestry,DEG,22417.83331902027
2044,Agri06_Biochar,DE1,0.0
2044,Agri06_Biochar,DE2,0.0
2044,Agri06_Biochar,DE3,0.0
2044,Agri06_Biochar,DE4,0.0
2044,Agri06_Biochar,DE5,0.0
2044,Agri06_Biochar,DE6,0.0
2044,Agri06_Biochar,DE7,0.0
2044,Agri06_Biochar,DE8,0.0
2044,Agri06_Biochar,DE9,0.0
2044,Agri06_Biochar,DEA,0.0
2044,Agri06_Biochar,DEB,0.0
2044,Agri06_Biochar,DEC,0.0
2044,Agri06_Biochar,DEE,0.0
2044,Agri06_Biochar,DED,0.0
2044,Agri06_Biochar,DEF,0.0
2044,Agri06_Biochar,DEG,0.0
2045,Agri01_AGC,DE1,76012.15632000002
2045,Agri01_AGC,DE2,165736.04304000005
2045,Agri01_AGC,DE3,154.76784000000006
2045,Agri01_AGC,DE4,65539.38528000002
2045,Agri01_AGC,DE5,497.59392000000014
2045,Agri01_AGC,DE6,817.3185599999999
2045,Agri01_AGC,DE7,37250.07037301456
2045,Agri01_AGC,DE8,72305.9616
2045,Agri01_AGC,DE9,136853.90448000003
2045,Agri01_AGC,DEA,79422.79248000002
2045,Agri01_AGC,DEB,39518.64192000002
2045,Agri01_AGC,DEC,4202.086080000001
2045,Agri01_AGC,DEE,60611.43936
2045,Agri01_AGC,DED,45103.456320000005
2045,Agri01_AGC,DEF,33454.97083774898
2045,Agri01_AGC,DEG,26750.560480542634
2045,Agri02_OFC,DE1,51742.95593071118
2045,Agri02_OFC,DE2,75335.21516741184
2045,Agri02_OFC,DE3,31796.793994768774
2045,Agri02_OFC,DE4,51175.323908903025
2045,Agri02_OFC,DE5,14751.744392921259
2045,Agri02_OFC,DE6,1580.3538329070882
2045,Agri02_OFC,DE7,15910.608235509386
2045,Agri02_OFC,DE8,50413.955574401196
2045,Agri02_OFC,DE9,67386.3790537026
2045,Agri02_OFC,DEA,52285.27574568051
2045,Agri02_OFC,DEB,32150.363726842275
2045,Agri02_OFC,DEC,22595.84677202331
2045,Agri02_OFC,DEE,38208.060994859836
2045,Agri02_OFC,DED,33828.571912348045
2045,Agri02_OFC,DEF,13753.185669614533
2045,Agri02_OFC,DEG,10997.319682943362
2045,Agri03_No-till,DE1,0.0
2045,Agri03_No-till,DE2,0.0
2045,Agri03_No-till,DE3,0.0
2045,Agri03_No-till,DE4,0.0
2045,Agri03_No-till,DE5,0.0
2045,Agri03_No-till,DE6,0.0
2045,Agri03_No-till,DE7,0.0
2045,Agri03_No-till,DE8,0.0
2045,Agri03_No-till,DE9,0.0
2045,Agri03_No-till,DEA,0.0
2045,Agri03_No-till,DEB,0.0
2045,Agri03_No-till,DEC,0.0
2045,Agri03_No-till,DEE,0.0
2045,Agri03_No-till,DED,0.0
2045,Agri03_No-till,DEF,0.0
2045,Agri03_No-till,DEG,0.0
2045,Agri04_toGrassland,DE1,1917.499237051238
2045,Agri04_toGrassland,DE2,2905.2085354572796
2045,Agri04_toGrassland,DE3,1082.4367950026349
2045,Agri04_toGrassland,DE4,1876.6099261042161
2045,Agri04_toGrassland,DE5,503.060708399187
2045,Agri04_toGrassland,DE6,55.46656194505071
2045,Agri04_toGrassland,DE7,629.5190702079292
2045,Agri04_toGrassland,DE8,1864.636394567809
2045,Agri04_toGrassland,DE9,2575.200835166734
2045,Agri04_toGrassland,DEA,1942.980749592193
2045,Agri04_toGrassland,DEB,1175.5500696304102
2045,Agri04_toGrassland,DEC,777.6439458089826
2045,Agri04_toGrassland,DEE,1425.1537241592105
2045,Agri04_toGrassland,DED,1244.1667798596504
2045,Agri04_toGrassland,DEF,575.7010601494889
2045,Agri04_toGrassland,DEG,460.32446849345735
2045,Agri05_Agroforestry,DE1,387964.762585098
2045,Agri05_Agroforestry,DE2,436512.66249852686
2045,Agri05_Agroforestry,DE3,1307.8725000000002
2045,Agri05_Agroforestry,DE4,406174.5426882415
2045,Agri05_Agroforestry,DE5,10736.907666666668
2045,Agri05_Agroforestry,DE6,8691.746166666666
2045,Agri05_Agroforestry,DE7,74146.191861644
2045,Agri05_Agroforestry,DE8,382087.79563223163
2045,Agri05_Agroforestry,DE9,417013.4679934296
2045,Agri05_Agroforestry,DEA,385938.5783601495
2045,Agri05_Agroforestry,DEB,259034.15861227328
2045,Agri05_Agroforestry,DEC,47840.52216666668
2045,Agri05_Agroforestry,DEE,237338.16800000003
2045,Agri05_Agroforestry,DED,264346.5405443095
2045,Agri05_Agroforestry,DEF,28399.99731599063
2045,Agri05_Agroforestry,DEG,22729.005625309077
2045,Agri06_Biochar,DE1,0.0
2045,Agri06_Biochar,DE2,0.0
2045,Agri06_Biochar,DE3,0.0
2045,Agri06_Biochar,DE4,0.0
2045,Agri06_Biochar,DE5,0.0
2045,Agri06_Biochar,DE6,0.0
2045,Agri06_Biochar,DE7,0.0
2045,Agri06_Biochar,DE8,0.0
2045,Agri06_Biochar,DE9,0.0
2045,Agri06_Biochar,DEA,0.0
2045,Agri06_Biochar,DEB,0.0
2045,Agri06_Biochar,DEC,0.0
2045,Agri06_Biochar,DEE,0.0
2045,Agri06_Biochar,DED,0.0
2045,Agri06_Biochar,DEF,0.0
2045,Agri06_Biochar,DEG,0.0
2046,Agri01_AGC,DE1,76012.15632000002
2046,Agri01_AGC,DE2,165736.04304000005
2046,Agri01_AGC,DE3,154.76784000000006
2046,Agri01_AGC,DE4,65539.38528000002
2046,Agri01_AGC,DE5,497.59392000000014
2046,Agri01_AGC,DE6,817.3185599999999
2046,Agri01_AGC,DE7,37250.07037301456
2046,Agri01_AGC,DE8,72305.9616
2046,Agri01_AGC,DE9,136853.90448000003
2046,Agri01_AGC,DEA,79422.79248000002
2046,Agri01_AGC,DEB,39518.64192000002
2046,Agri01_AGC,DEC,4202.086080000001
2046,Agri01_AGC,DEE,60611.43936
2046,Agri01_AGC,DED,45103.456320000005
2046,Agri01_AGC,DEF,33454.97083774898
2046,Agri01_AGC,DEG,26750.560480542634
2046,Agri02_OFC,DE1,51742.95593071118
2046,Agri02_OFC,DE2,75335.21516741184
2046,Agri02_OFC,DE3,31796.793994768774
2046,Agri02_OFC,DE4,51175.323908903025
2046,Agri02_OFC,DE5,14751.744392921259
2046,Agri02_OFC,DE6,1580.3538329070882
2046,Agri02_OFC,DE7,15910.608235509386
2046,Agri02_OFC,DE8,50413.955574401196
2046,Agri02_OFC,DE9,67386.3790537026
2046,Agri02_OFC,DEA,52285.27574568051
2046,Agri02_OFC,DEB,32150.363726842275
2046,Agri02_OFC,DEC,22595.84677202331
2046,Agri02_OFC,DEE,38208.060994859836
2046,Agri02_OFC,DED,33828.571912348045
2046,Agri02_OFC,DEF,13753.185669614533
2046,Agri02_OFC,DEG,10997.319682943362
2046,Agri03_No-till,DE1,0.0
2046,Agri03_No-till,DE2,0.0
2046,Agri03_No-till,DE3,0.0
2046,Agri03_No-till,DE4,0.0
2046,Agri03_No-till,DE5,0.0
2046,Agri03_No-till,DE6,0.0
2046,Agri03_No-till,DE7,0.0
2046,Agri03_No-till,DE8,0.0
2046,Agri03_No-till,DE9,0.0
2046,Agri03_No-till,DEA,0.0
2046,Agri03_No-till,DEB,0.0
2046,Agri03_No-till,DEC,0.0
2046,Agri03_No-till,DEE,0.0
2046,Agri03_No-till,DED,0.0
2046,Agri03_No-till,DEF,0.0
2046,Agri03_No-till,DEG,0.0
2046,Agri04_toGrassland,DE1,1917.499237051238
2046,Agri04_toGrassland,DE2,2905.2085354572796
2046,Agri04_toGrassland,DE3,1082.4367950026349
2046,Agri04_toGrassland,DE4,1876.6099261042161
2046,Agri04_toGrassland,DE5,503.060708399187
2046,Agri04_toGrassland,DE6,55.46656194505071
2046,Agri04_toGrassland,DE7,629.5190702079292
2046,Agri04_toGrassland,DE8,1864.636394567809
2046,Agri04_toGrassland,DE9,2575.200835166734
2046,Agri04_toGrassland,DEA,1942.980749592193
2046,Agri04_toGrassland,DEB,1175.5500696304102
2046,Agri04_toGrassland,DEC,777.6439458089826
2046,Agri04_toGrassland,DEE,1425.1537241592105
2046,Agri04_toGrassland,DED,1244.1667798596504
2046,Agri04_toGrassland,DEF,575.7010601494889
2046,Agri04_toGrassland,DEG,460.32446849345735
2046,Agri05_Agroforestry,DE1,387964.762585098
2046,Agri05_Agroforestry,DE2,436512.66249852686
2046,Agri05_Agroforestry,DE3,1307.8725000000002
2046,Agri05_Agroforestry,DE4,406174.5426882415
2046,Agri05_Agroforestry,DE5,10736.907666666668
2046,Agri05_Agroforestry,DE6,8691.746166666666
2046,Agri05_Agroforestry,DE7,74146.191861644
2046,Agri05_Agroforestry,DE8,382087.79563223163
2046,Agri05_Agroforestry,DE9,417013.4679934296
2046,Agri05_Agroforestry,DEA,385938.5783601495
2046,Agri05_Agroforestry,DEB,259034.15861227328
2046,Agri05_Agroforestry,DEC,47840.52216666668
2046,Agri05_Agroforestry,DEE,237338.16800000003
2046,Agri05_Agroforestry,DED,264346.5405443095
2046,Agri05_Agroforestry,DEF,28399.99731599063
2046,Agri05_Agroforestry,DEG,22729.005625309077
2046,Agri06_Biochar,DE1,0.0
2046,Agri06_Biochar,DE2,0.0
2046,Agri06_Biochar,DE3,0.0
2046,Agri06_Biochar,DE4,0.0
2046,Agri06_Biochar,DE5,0.0
2046,Agri06_Biochar,DE6,0.0
2046,Agri06_Biochar,DE7,0.0
2046,Agri06_Biochar,DE8,0.0
2046,Agri06_Biochar,DE9,0.0
2046,Agri06_Biochar,DEA,0.0
2046,Agri06_Biochar,DEB,0.0
2046,Agri06_Biochar,DEC,0.0
2046,Agri06_Biochar,DEE,0.0
2046,Agri06_Biochar,DED,0.0
2046,Agri06_Biochar,DEF,0.0
2046,Agri06_Biochar,DEG,0.0
2047,Agri01_AGC,DE1,76012.15632000002
2047,Agri01_AGC,DE2,165736.04304000005
2047,Agri01_AGC,DE3,154.76784000000006
2047,Agri01_AGC,DE4,65539.38528000002
2047,Agri01_AGC,DE5,497.59392000000014
2047,Agri01_AGC,DE6,817.3185599999999
2047,Agri01_AGC,DE7,37250.07037301456
2047,Agri01_AGC,DE8,72305.9616
2047,Agri01_AGC,DE9,136853.90448000003
2047,Agri01_AGC,DEA,79422.79248000002
2047,Agri01_AGC,DEB,39518.64192000002
2047,Agri01_AGC,DEC,4202.086080000001
2047,Agri01_AGC,DEE,60611.43936
2047,Agri01_AGC,DED,45103.456320000005
2047,Agri01_AGC,DEF,33454.97083774898
2047,Agri01_AGC,DEG,26750.560480542634
2047,Agri02_OFC,DE1,51742.95593071118
2047,Agri02_OFC,DE2,75335.21516741184
2047,Agri02_OFC,DE3,31796.793994768774
2047,Agri02_OFC,DE4,51175.323908903025
2047,Agri02_OFC,DE5,14751.744392921259
2047,Agri02_OFC,DE6,1580.3538329070882
2047,Agri02_OFC,DE7,15910.608235509386
2047,Agri02_OFC,DE8,50413.955574401196
2047,Agri02_OFC,DE9,67386.3790537026
2047,Agri02_OFC,DEA,52285.27574568051
2047,Agri02_OFC,DEB,32150.363726842275
2047,Agri02_OFC,DEC,22595.84677202331
2047,Agri02_OFC,DEE,38208.060994859836
2047,Agri02_OFC,DED,33828.571912348045
2047,Agri02_OFC,DEF,13753.185669614533
2047,Agri02_OFC,DEG,10997.319682943362
2047,Agri03_No-till,DE1,0.0
2047,Agri03_No-till,DE2,0.0
2047,Agri03_No-till,DE3,0.0
2047,Agri03_No-till,DE4,0.0
2047,Agri03_No-till,DE5,0.0
2047,Agri03_No-till,DE6,0.0
2047,Agri03_No-till,DE7,0.0
2047,Agri03_No-till,DE8,0.0
2047,Agri03_No-till,DE9,0.0
2047,Agri03_No-till,DEA,0.0
2047,Agri03_No-till,DEB,0.0
2047,Agri03_No-till,DEC,0.0
2047,Agri03_No-till,DEE,0.0
2047,Agri03_No-till,DED,0.0
2047,Agri03_No-till,DEF,0.0
2047,Agri03_No-till,DEG,0.0
2047,Agri04_toGrassland,DE1,1917.499237051238
2047,Agri04_toGrassland,DE2,2905.2085354572796
2047,Agri04_toGrassland,DE3,1082.4367950026349
2047,Agri04_toGrassland,DE4,1876.6099261042161
2047,Agri04_toGrassland,DE5,503.060708399187
2047,Agri04_toGrassland,DE6,55.46656194505071
2047,Agri04_toGrassland,DE7,629.5190702079292
2047,Agri04_toGrassland,DE8,1864.636394567809
2047,Agri04_toGrassland,DE9,2575.200835166734
2047,Agri04_toGrassland,DEA,1942.980749592193
2047,Agri04_toGrassland,DEB,1175.5500696304102
2047,Agri04_toGrassland,DEC,777.6439458089826
2047,Agri04_toGrassland,DEE,1425.1537241592105
2047,Agri04_toGrassland,DED,1244.1667798596504
2047,Agri04_toGrassland,DEF,575.7010601494889
2047,Agri04_toGrassland,DEG,460.32446849345735
2047,Agri05_Agroforestry,DE1,387964.762585098
2047,Agri05_Agroforestry,DE2,436512.66249852686
2047,Agri05_Agroforestry,DE3,1307.8725000000002
2047,Agri05_Agroforestry,DE4,406174.5426882415
2047,Agri05_Agroforestry,DE5,10736.907666666668
2047,Agri05_Agroforestry,DE6,8691.746166666666
2047,Agri05_Agroforestry,DE7,74146.191861644
2047,Agri05_Agroforestry,DE8,382087.79563223163
2047,Agri05_Agroforestry,DE9,417013.4679934296
2047,Agri05_Agroforestry,DEA,385938.5783601495
2047,Agri05_Agroforestry,DEB,259034.15861227328
2047,Agri05_Agroforestry,DEC,47840.52216666668
2047,Agri05_Agroforestry,DEE,237338.16800000003
2047,Agri05_Agroforestry,DED,264346.5405443095
2047,Agri05_Agroforestry,DEF,28399.99731599063
2047,Agri05_Agroforestry,DEG,22729.005625309077
2047,Agri06_Biochar,DE1,0.0
2047,Agri06_Biochar,DE2,0.0
2047,Agri06_Biochar,DE3,0.0
2047,Agri06_Biochar,DE4,0.0
2047,Agri06_Biochar,DE5,0.0
2047,Agri06_Biochar,DE6,0.0
2047,Agri06_Biochar,DE7,0.0
2047,Agri06_Biochar,DE8,0.0
2047,Agri06_Biochar,DE9,0.0
2047,Agri06_Biochar,DEA,0.0
2047,Agri06_Biochar,DEB,0.0
2047,Agri06_Biochar,DEC,0.0
2047,Agri06_Biochar,DEE,0.0
2047,Agri06_Biochar,DED,0.0
2047,Agri06_Biochar,DEF,0.0
2047,Agri06_Biochar,DEG,0.0
2048,Agri01_AGC,DE1,76012.15632000002
2048,Agri01_AGC,DE2,165736.04304000005
2048,Agri01_AGC,DE3,154.76784000000006
2048,Agri01_AGC,DE4,65539.38528000002
2048,Agri01_AGC,DE5,497.59392000000014
2048,Agri01_AGC,DE6,817.3185599999999
2048,Agri01_AGC,DE7,37250.07037301456
2048,Agri01_AGC,DE8,72305.9616
2048,Agri01_AGC,DE9,136853.90448000003
2048,Agri01_AGC,DEA,79422.79248000002
2048,Agri01_AGC,DEB,39518.64192000002
2048,Agri01_AGC,DEC,4202.086080000001
2048,Agri01_AGC,DEE,60611.43936
2048,Agri01_AGC,DED,45103.456320000005
2048,Agri01_AGC,DEF,33454.97083774898
2048,Agri01_AGC,DEG,26750.560480542634
2048,Agri02_OFC,DE1,51742.95593071118
2048,Agri02_OFC,DE2,75335.21516741184
2048,Agri02_OFC,DE3,31796.793994768774
2048,Agri02_OFC,DE4,51175.323908903025
2048,Agri02_OFC,DE5,14751.744392921259
2048,Agri02_OFC,DE6,1580.3538329070882
2048,Agri02_OFC,DE7,15910.608235509386
2048,Agri02_OFC,DE8,50413.955574401196
2048,Agri02_OFC,DE9,67386.3790537026
2048,Agri02_OFC,DEA,52285.27574568051
2048,Agri02_OFC,DEB,32150.363726842275
2048,Agri02_OFC,DEC,22595.84677202331
2048,Agri02_OFC,DEE,38208.060994859836
2048,Agri02_OFC,DED,33828.571912348045
2048,Agri02_OFC,DEF,13753.185669614533
2048,Agri02_OFC,DEG,10997.319682943362
2048,Agri03_No-till,DE1,0.0
2048,Agri03_No-till,DE2,0.0
2048,Agri03_No-till,DE3,0.0
2048,Agri03_No-till,DE4,0.0
2048,Agri03_No-till,DE5,0.0
2048,Agri03_No-till,DE6,0.0
2048,Agri03_No-till,DE7,0.0
2048,Agri03_No-till,DE8,0.0
2048,Agri03_No-till,DE9,0.0
2048,Agri03_No-till,DEA,0.0
2048,Agri03_No-till,DEB,0.0
2048,Agri03_No-till,DEC,0.0
2048,Agri03_No-till,DEE,0.0
2048,Agri03_No-till,DED,0.0
2048,Agri03_No-till,DEF,0.0
2048,Agri03_No-till,DEG,0.0
2048,Agri04_toGrassland,DE1,1917.499237051238
2048,Agri04_toGrassland,DE2,2905.2085354572796
2048,Agri04_toGrassland,DE3,1082.4367950026349
2048,Agri04_toGrassland,DE4,1876.6099261042161
2048,Agri04_toGrassland,DE5,503.060708399187
2048,Agri04_toGrassland,DE6,55.46656194505071
2048,Agri04_toGrassland,DE7,629.5190702079292
2048,Agri04_toGrassland,DE8,1864.636394567809
2048,Agri04_toGrassland,DE9,2575.200835166734
2048,Agri04_toGrassland,DEA,1942.980749592193
2048,Agri04_toGrassland,DEB,1175.5500696304102
2048,Agri04_toGrassland,DEC,777.6439458089826
2048,Agri04_toGrassland,DEE,1425.1537241592105
2048,Agri04_toGrassland,DED,1244.1667798596504
2048,Agri04_toGrassland,DEF,575.7010601494889
2048,Agri04_toGrassland,DEG,460.32446849345735
2048,Agri05_Agroforestry,DE1,387964.762585098
2048,Agri05_Agroforestry,DE2,436512.66249852686
2048,Agri05_Agroforestry,DE3,1307.8725000000002
2048,Agri05_Agroforestry,DE4,406174.5426882415
2048,Agri05_Agroforestry,DE5,10736.907666666668
2048,Agri05_Agroforestry,DE6,8691.746166666666
2048,Agri05_Agroforestry,DE7,74146.191861644
2048,Agri05_Agroforestry,DE8,382087.79563223163
2048,Agri05_Agroforestry,DE9,417013.4679934296
2048,Agri05_Agroforestry,DEA,385938.5783601495
2048,Agri05_Agroforestry,DEB,259034.15861227328
2048,Agri05_Agroforestry,DEC,47840.52216666668
2048,Agri05_Agroforestry,DEE,237338.16800000003
2048,Agri05_Agroforestry,DED,264346.5405443095
2048,Agri05_Agroforestry,DEF,28399.99731599063
2048,Agri05_Agroforestry,DEG,22729.005625309077
2048,Agri06_Biochar,DE1,0.0
2048,Agri06_Biochar,DE2,0.0
2048,Agri06_Biochar,DE3,0.0
2048,Agri06_Biochar,DE4,0.0
2048,Agri06_Biochar,DE5,0.0
2048,Agri06_Biochar,DE6,0.0
2048,Agri06_Biochar,DE7,0.0
2048,Agri06_Biochar,DE8,0.0
2048,Agri06_Biochar,DE9,0.0
2048,Agri06_Biochar,DEA,0.0
2048,Agri06_Biochar,DEB,0.0
2048,Agri06_Biochar,DEC,0.0
2048,Agri06_Biochar,DEE,0.0
2048,Agri06_Biochar,DED,0.0
2048,Agri06_Biochar,DEF,0.0
2048,Agri06_Biochar,DEG,0.0
2049,Agri01_AGC,DE1,76012.15632000002
2049,Agri01_AGC,DE2,165736.04304000005
2049,Agri01_AGC,DE3,154.76784000000006
2049,Agri01_AGC,DE4,65539.38528000002
2049,Agri01_AGC,DE5,497.59392000000014
2049,Agri01_AGC,DE6,817.3185599999999
2049,Agri01_AGC,DE7,37250.07037301456
2049,Agri01_AGC,DE8,72305.9616
2049,Agri01_AGC,DE9,136853.90448000003
2049,Agri01_AGC,DEA,79422.79248000002
2049,Agri01_AGC,DEB,39518.64192000002
2049,Agri01_AGC,DEC,4202.086080000001
2049,Agri01_AGC,DEE,60611.43936
2049,Agri01_AGC,DED,45103.456320000005
2049,Agri01_AGC,DEF,33454.97083774898
2049,Agri01_AGC,DEG,26750.560480542634
2049,Agri02_OFC,DE1,51742.95593071118
2049,Agri02_OFC,DE2,75335.21516741184
2049,Agri02_OFC,DE3,31796.793994768774
2049,Agri02_OFC,DE4,51175.323908903025
2049,Agri02_OFC,DE5,14751.744392921259
2049,Agri02_OFC,DE6,1580.3538329070882
2049,Agri02_OFC,DE7,15910.608235509386
2049,Agri02_OFC,DE8,50413.955574401196
2049,Agri02_OFC,DE9,67386.3790537026
2049,Agri02_OFC,DEA,52285.27574568051
2049,Agri02_OFC,DEB,32150.363726842275
2049,Agri02_OFC,DEC,22595.84677202331
2049,Agri02_OFC,DEE,38208.060994859836
2049,Agri02_OFC,DED,33828.571912348045
2049,Agri02_OFC,DEF,13753.185669614533
2049,Agri02_OFC,DEG,10997.319682943362
2049,Agri03_No-till,DE1,0.0
2049,Agri03_No-till,DE2,0.0
2049,Agri03_No-till,DE3,0.0
2049,Agri03_No-till,DE4,0.0
2049,Agri03_No-till,DE5,0.0
2049,Agri03_No-till,DE6,0.0
2049,Agri03_No-till,DE7,0.0
2049,Agri03_No-till,DE8,0.0
2049,Agri03_No-till,DE9,0.0
2049,Agri03_No-till,DEA,0.0
2049,Agri03_No-till,DEB,0.0
2049,Agri03_No-till,DEC,0.0
2049,Agri03_No-till,DEE,0.0
2049,Agri03_No-till,DED,0.0
2049,Agri03_No-till,DEF,0.0
2049,Agri03_No-till,DEG,0.0
2049,Agri04_toGrassland,DE1,1917.499237051238
2049,Agri04_toGrassland,DE2,2905.2085354572796
2049,Agri04_toGrassland,DE3,1082.4367950026349
2049,Agri04_toGrassland,DE4,1876.6099261042161
2049,Agri04_toGrassland,DE5,503.060708399187
2049,Agri04_toGrassland,DE6,55.46656194505071
2049,Agri04_toGrassland,DE7,629.5190702079292
2049,Agri04_toGrassland,DE8,1864.636394567809
2049,Agri04_toGrassland,DE9,2575.200835166734
2049,Agri04_toGrassland,DEA,1942.980749592193
2049,Agri04_toGrassland,DEB,1175.5500696304102
2049,Agri04_toGrassland,DEC,777.6439458089826
2049,Agri04_toGrassland,DEE,1425.1537241592105
2049,Agri04_toGrassland,DED,1244.1667798596504
2049,Agri04_toGrassland,DEF,575.7010601494889
2049,Agri04_toGrassland,DEG,460.32446849345735
2049,Agri05_Agroforestry,DE1,387964.762585098
2049,Agri05_Agroforestry,DE2,436512.66249852686
2049,Agri05_Agroforestry,DE3,1307.8725000000002
2049,Agri05_Agroforestry,DE4,406174.5426882415
2049,Agri05_Agroforestry,DE5,10736.907666666668
2049,Agri05_Agroforestry,DE6,8691.746166666666
2049,Agri05_Agroforestry,DE7,74146.191861644
2049,Agri05_Agroforestry,DE8,382087.79563223163
2049,Agri05_Agroforestry,DE9,417013.4679934296
2049,Agri05_Agroforestry,DEA,385938.5783601495
2049,Agri05_Agroforestry,DEB,259034.15861227328
2049,Agri05_Agroforestry,DEC,47840.52216666668
2049,Agri05_Agroforestry,DEE,237338.16800000003
2049,Agri05_Agroforestry,DED,264346.5405443095
2049,Agri05_Agroforestry,DEF,28399.99731599063
2049,Agri05_Agroforestry,DEG,22729.005625309077
2049,Agri06_Biochar,DE1,0.0
2049,Agri06_Biochar,DE2,0.0
2049,Agri06_Biochar,DE3,0.0
2049,Agri06_Biochar,DE4,0.0
2049,Agri06_Biochar,DE5,0.0
2049,Agri06_Biochar,DE6,0.0
2049,Agri06_Biochar,DE7,0.0
2049,Agri06_Biochar,DE8,0.0
2049,Agri06_Biochar,DE9,0.0
2049,Agri06_Biochar,DEA,0.0
2049,Agri06_Biochar,DEB,0.0
2049,Agri06_Biochar,DEC,0.0
2049,Agri06_Biochar,DEE,0.0
2049,Agri06_Biochar,DED,0.0
2049,Agri06_Biochar,DEF,0.0
2049,Agri06_Biochar,DEG,0.0
2050,Agri01_AGC,DE1,76012.15632000002
2050,Agri01_AGC,DE2,165736.04304000005
2050,Agri01_AGC,DE3,154.76784000000006
2050,Agri01_AGC,DE4,65539.38528000002
2050,Agri01_AGC,DE5,497.59392000000014
2050,Agri01_AGC,DE6,817.3185599999999
2050,Agri01_AGC,DE7,37250.07037301456
2050,Agri01_AGC,DE8,72305.9616
2050,Agri01_AGC,DE9,136853.90448000003
2050,Agri01_AGC,DEA,79422.79248000002
2050,Agri01_AGC,DEB,39518.64192000002
2050,Agri01_AGC,DEC,4202.086080000001
2050,Agri01_AGC,DEE,60611.43936
2050,Agri01_AGC,DED,45103.456320000005
2050,Agri01_AGC,DEF,33454.97083774898
2050,Agri01_AGC,DEG,26750.560480542634
2050,Agri02_OFC,DE1,51742.95593071118
2050,Agri02_OFC,DE2,75335.21516741184
2050,Agri02_OFC,DE3,31796.793994768774
2050,Agri02_OFC,DE4,51175.323908903025
2050,Agri02_OFC,DE5,14751.744392921259
2050,Agri02_OFC,DE6,1580.3538329070882
2050,Agri02_OFC,DE7,15910.608235509386
2050,Agri02_OFC,DE8,50413.955574401196
2050,Agri02_OFC,DE9,67386.3790537026
2050,Agri02_OFC,DEA,52285.27574568051
2050,Agri02_OFC,DEB,32150.363726842275
2050,Agri02_OFC,DEC,22595.84677202331
2050,Agri02_OFC,DEE,38208.060994859836
2050,Agri02_OFC,DED,33828.571912348045
2050,Agri02_OFC,DEF,13753.185669614533
2050,Agri02_OFC,DEG,10997.319682943362
2050,Agri03_No-till,DE1,0.0
2050,Agri03_No-till,DE2,0.0
2050,Agri03_No-till,DE3,0.0
2050,Agri03_No-till,DE4,0.0
2050,Agri03_No-till,DE5,0.0
2050,Agri03_No-till,DE6,0.0
2050,Agri03_No-till,DE7,0.0
2050,Agri03_No-till,DE8,0.0
2050,Agri03_No-till,DE9,0.0
2050,Agri03_No-till,DEA,0.0
2050,Agri03_No-till,DEB,0.0
2050,Agri03_No-till,DEC,0.0
2050,Agri03_No-till,DEE,0.0
2050,Agri03_No-till,DED,0.0
2050,Agri03_No-till,DEF,0.0
2050,Agri03_No-till,DEG,0.0
2050,Agri04_toGrassland,DE1,1917.499237051238
2050,Agri04_toGrassland,DE2,2905.2085354572796
2050,Agri04_toGrassland,DE3,1082.4367950026349
2050,Agri04_toGrassland,DE4,1876.6099261042161
2050,Agri04_toGrassland,DE5,503.060708399187
2050,Agri04_toGrassland,DE6,55.46656194505071
2050,Agri04_toGrassland,DE7,629.5190702079292
2050,Agri04_toGrassland,DE8,1864.636394567809
2050,Agri04_toGrassland,DE9,2575.200835166734
2050,Agri04_toGrassland,DEA,1942.980749592193
2050,Agri04_toGrassland,DEB,1175.5500696304102
2050,Agri04_toGrassland,DEC,777.6439458089826
2050,Agri04_toGrassland,DEE,1425.1537241592105
2050,Agri04_toGrassland,DED,1244.1667798596504
2050,Agri04_toGrassland,DEF,575.7010601494889
2050,Agri04_toGrassland,DEG,460.32446849345735
2050,Agri05_Agroforestry,DE1,387964.762585098
2050,Agri05_Agroforestry,DE2,436512.66249852686
2050,Agri05_Agroforestry,DE3,1307.8725000000002
2050,Agri05_Agroforestry,DE4,406174.5426882415
2050,Agri05_Agroforestry,DE5,10736.907666666668
2050,Agri05_Agroforestry,DE6,8691.746166666666
2050,Agri05_Agroforestry,DE7,74146.191861644
2050,Agri05_Agroforestry,DE8,382087.79563223163
2050,Agri05_Agroforestry,DE9,417013.4679934296
2050,Agri05_Agroforestry,DEA,385938.5783601495
2050,Agri05_Agroforestry,DEB,259034.15861227328
2050,Agri05_Agroforestry,DEC,47840.52216666668
2050,Agri05_Agroforestry,DEE,237338.16800000003
2050,Agri05_Agroforestry,DED,264346.5405443095
2050,Agri05_Agroforestry,DEF,28399.99731599063
2050,Agri05_Agroforestry,DEG,22729.005625309077
2050,Agri06_Biochar,DE1,0.0
2050,Agri06_Biochar,DE2,0.0
2050,Agri06_Biochar,DE3,0.0
2050,Agri06_Biochar,DE4,0.0
2050,Agri06_Biochar,DE5,0.0
2050,Agri06_Biochar,DE6,0.0
2050,Agri06_Biochar,DE7,0.0
2050,Agri06_Biochar,DE8,0.0
2050,Agri06_Biochar,DE9,0.0
2050,Agri06_Biochar,DEA,0.0
2050,Agri06_Biochar,DEB,0.0
2050,Agri06_Biochar,DEC,0.0
2050,Agri06_Biochar,DEE,0.0
2050,Agri06_Biochar,DED,0.0
2050,Agri06_Biochar,DEF,0.0
2050,Agri06_Biochar,DEG,0.0
