year,techFMs,r,costTechFMs
2020,FM01_PSA,DE1,0.0
2020,FM01_PSA,DE2,0.0
2020,FM01_PSA,DE3,0.0
2020,FM01_PSA,DE4,0.0
2020,FM01_PSA,DE5,0.0
2020,FM01_PSA,DE6,0.0
2020,FM01_PSA,DE7,0.0
2020,FM01_PSA,DE8,0.0
2020,FM01_PSA,DE9,0.0
2020,FM01_PSA,DEA,0.0
2020,FM01_PSA,DEB,0.0
2020,FM01_PSA,DEC,0.0
2020,FM01_PSA,DEE,0.0
2020,FM01_PSA,DED,0.0
2020,FM01_PSA,DEF,0.0
2020,FM01_PSA,DEG,0.0
2020,FM02_TSA,DE1,0.0
2020,FM02_TSA,DE2,0.0
2020,FM02_TSA,DE3,0.0
2020,FM02_TSA,DE4,0.0
2020,FM02_TSA,DE5,0.0
2020,FM02_TSA,DE6,0.0
2020,FM02_TSA,DE7,0.0
2020,FM02_TSA,DE8,0.0
2020,FM02_TSA,DE9,0.0
2020,FM02_TSA,DEA,0.0
2020,FM02_TSA,DEB,0.0
2020,FM02_TSA,DEC,0.0
2020,FM02_TSA,DEE,0.0
2020,FM02_TSA,DED,0.0
2020,FM02_TSA,DEF,0.0
2020,FM02_TSA,DEG,0.0
2020,FM03_Beech,DE1,0.0
2020,FM03_Beech,DE2,0.0
2020,FM03_Beech,DE3,0.0
2020,FM03_Beech,DE4,0.0
2020,FM03_Beech,DE5,0.0
2020,FM03_Beech,DE6,0.0
2020,FM03_Beech,DE7,0.0
2020,FM03_Beech,DE8,0.0
2020,FM03_Beech,DE9,0.0
2020,FM03_Beech,DEA,0.0
2020,FM03_Beech,DEB,0.0
2020,FM03_Beech,DEC,0.0
2020,FM03_Beech,DEE,0.0
2020,FM03_Beech,DED,0.0
2020,FM03_Beech,DEF,0.0
2020,FM03_Beech,DEG,0.0
2020,FM04_DouglasFir,DE1,0.0
2020,FM04_DouglasFir,DE2,0.0
2020,FM04_DouglasFir,DE3,0.0
2020,FM04_DouglasFir,DE4,0.0
2020,FM04_DouglasFir,DE5,0.0
2020,FM04_DouglasFir,DE6,0.0
2020,FM04_DouglasFir,DE7,0.0
2020,FM04_DouglasFir,DE8,0.0
2020,FM04_DouglasFir,DE9,0.0
2020,FM04_DouglasFir,DEA,0.0
2020,FM04_DouglasFir,DEB,0.0
2020,FM04_DouglasFir,DEC,0.0
2020,FM04_DouglasFir,DEE,0.0
2020,FM04_DouglasFir,DED,0.0
2020,FM04_DouglasFir,DEF,0.0
2020,FM04_DouglasFir,DEG,0.0
2020,FM05_Oak,DE1,0.0
2020,FM05_Oak,DE2,0.0
2020,FM05_Oak,DE3,0.0
2020,FM05_Oak,DE4,0.0
2020,FM05_Oak,DE5,0.0
2020,FM05_Oak,DE6,0.0
2020,FM05_Oak,DE7,0.0
2020,FM05_Oak,DE8,0.0
2020,FM05_Oak,DE9,0.0
2020,FM05_Oak,DEA,0.0
2020,FM05_Oak,DEB,0.0
2020,FM05_Oak,DEC,0.0
2020,FM05_Oak,DEE,0.0
2020,FM05_Oak,DED,0.0
2020,FM05_Oak,DEF,0.0
2020,FM05_Oak,DEG,0.0
2020,FM06_ScotPine,DE1,0.0
2020,FM06_ScotPine,DE2,0.0
2020,FM06_ScotPine,DE3,0.0
2020,FM06_ScotPine,DE4,0.0
2020,FM06_ScotPine,DE5,0.0
2020,FM06_ScotPine,DE6,0.0
2020,FM06_ScotPine,DE7,0.0
2020,FM06_ScotPine,DE8,0.0
2020,FM06_ScotPine,DE9,0.0
2020,FM06_ScotPine,DEA,0.0
2020,FM06_ScotPine,DEB,0.0
2020,FM06_ScotPine,DEC,0.0
2020,FM06_ScotPine,DEE,0.0
2020,FM06_ScotPine,DED,0.0
2020,FM06_ScotPine,DEF,0.0
2020,FM06_ScotPine,DEG,0.0
2020,PC_Rewetting,DE1,0.0
2020,PC_Rewetting,DE2,0.0
2020,PC_Rewetting,DE3,0.0
2020,PC_Rewetting,DE4,0.0
2020,PC_Rewetting,DE5,0.0
2020,PC_Rewetting,DE6,0.0
2020,PC_Rewetting,DE7,0.0
2020,PC_Rewetting,DE8,0.0
2020,PC_Rewetting,DE9,0.0
2020,PC_Rewetting,DEA,12788479.375251178
2020,PC_Rewetting,DEB,0.0
2020,PC_Rewetting,DEC,0.0
2020,PC_Rewetting,DEE,0.0
2020,PC_Rewetting,DED,0.0
2020,PC_Rewetting,DEF,0.0
2020,PC_Rewetting,DEG,0.0
2021,FM01_PSA,DE1,0.0
2021,FM01_PSA,DE2,0.0
2021,FM01_PSA,DE3,0.0
2021,FM01_PSA,DE4,0.0
2021,FM01_PSA,DE5,0.0
2021,FM01_PSA,DE6,0.0
2021,FM01_PSA,DE7,0.0
2021,FM01_PSA,DE8,0.0
2021,FM01_PSA,DE9,0.0
2021,FM01_PSA,DEA,0.0
2021,FM01_PSA,DEB,0.0
2021,FM01_PSA,DEC,0.0
2021,FM01_PSA,DEE,0.0
2021,FM01_PSA,DED,0.0
2021,FM01_PSA,DEF,0.0
2021,FM01_PSA,DEG,0.0
2021,FM02_TSA,DE1,3532.456099200447
2021,FM02_TSA,DE2,3493.024467998484
2021,FM02_TSA,DE3,1.2403404861251945
2021,FM02_TSA,DE4,222.54624632227646
2021,FM02_TSA,DE5,0.8892602207141757
2021,FM02_TSA,DE6,4.569575524139704
2021,FM02_TSA,DE7,3186.2326643096562
2021,FM02_TSA,DE8,675.137010872467
2021,FM02_TSA,DE9,1594.1526051724763
2021,FM02_TSA,DEA,1932.2284513168042
2021,FM02_TSA,DEB,2535.3222559571896
2021,FM02_TSA,DEC,295.1817972919071
2021,FM02_TSA,DEE,383.7085192307923
2021,FM02_TSA,DED,241.15878475806005
2021,FM02_TSA,DEF,445.4821322900079
2021,FM02_TSA,DEG,1219.2532942005507
2021,FM03_Beech,DE1,0.0
2021,FM03_Beech,DE2,0.0
2021,FM03_Beech,DE3,0.0
2021,FM03_Beech,DE4,0.0
2021,FM03_Beech,DE5,0.0
2021,FM03_Beech,DE6,0.0
2021,FM03_Beech,DE7,0.0
2021,FM03_Beech,DE8,0.0
2021,FM03_Beech,DE9,0.0
2021,FM03_Beech,DEA,0.0
2021,FM03_Beech,DEB,0.0
2021,FM03_Beech,DEC,0.0
2021,FM03_Beech,DEE,0.0
2021,FM03_Beech,DED,0.0
2021,FM03_Beech,DEF,0.0
2021,FM03_Beech,DEG,0.0
2021,FM04_DouglasFir,DE1,0.0
2021,FM04_DouglasFir,DE2,0.0
2021,FM04_DouglasFir,DE3,0.0
2021,FM04_DouglasFir,DE4,0.0
2021,FM04_DouglasFir,DE5,0.0
2021,FM04_DouglasFir,DE6,0.0
2021,FM04_DouglasFir,DE7,0.0
2021,FM04_DouglasFir,DE8,0.0
2021,FM04_DouglasFir,DE9,0.0
2021,FM04_DouglasFir,DEA,0.0
2021,FM04_DouglasFir,DEB,0.0
2021,FM04_DouglasFir,DEC,0.0
2021,FM04_DouglasFir,DEE,0.0
2021,FM04_DouglasFir,DED,0.0
2021,FM04_DouglasFir,DEF,0.0
2021,FM04_DouglasFir,DEG,0.0
2021,FM05_Oak,DE1,0.0
2021,FM05_Oak,DE2,0.0
2021,FM05_Oak,DE3,0.0
2021,FM05_Oak,DE4,0.0
2021,FM05_Oak,DE5,0.0
2021,FM05_Oak,DE6,0.0
2021,FM05_Oak,DE7,0.0
2021,FM05_Oak,DE8,0.0
2021,FM05_Oak,DE9,0.0
2021,FM05_Oak,DEA,0.0
2021,FM05_Oak,DEB,0.0
2021,FM05_Oak,DEC,0.0
2021,FM05_Oak,DEE,0.0
2021,FM05_Oak,DED,0.0
2021,FM05_Oak,DEF,0.0
2021,FM05_Oak,DEG,0.0
2021,FM06_ScotPine,DE1,0.0
2021,FM06_ScotPine,DE2,0.0
2021,FM06_ScotPine,DE3,0.0
2021,FM06_ScotPine,DE4,0.0
2021,FM06_ScotPine,DE5,0.0
2021,FM06_ScotPine,DE6,0.0
2021,FM06_ScotPine,DE7,0.0
2021,FM06_ScotPine,DE8,0.0
2021,FM06_ScotPine,DE9,0.0
2021,FM06_ScotPine,DEA,0.0
2021,FM06_ScotPine,DEB,0.0
2021,FM06_ScotPine,DEC,0.0
2021,FM06_ScotPine,DEE,0.0
2021,FM06_ScotPine,DED,0.0
2021,FM06_ScotPine,DEF,0.0
2021,FM06_ScotPine,DEG,0.0
2021,PC_Rewetting,DE1,8830.117638537939
2021,PC_Rewetting,DE2,41528.96971541867
2021,PC_Rewetting,DE3,127.5119794132028
2021,PC_Rewetting,DE4,47068.52057073575
2021,PC_Rewetting,DE5,1198.2502213553016
2021,PC_Rewetting,DE6,583.8427075184683
2021,PC_Rewetting,DE7,1380.7239453038635
2021,PC_Rewetting,DE8,52401.62171630962
2021,PC_Rewetting,DE9,122344.51389468352
2021,PC_Rewetting,DEA,13442109.165371979
2021,PC_Rewetting,DEB,1166.5872782829833
2021,PC_Rewetting,DEC,145.6678404118962
2021,PC_Rewetting,DEE,15388.007310354315
2021,PC_Rewetting,DED,5616.420428093806
2021,PC_Rewetting,DEF,29468.13374675033
2021,PC_Rewetting,DEG,201.14204876576696
2022,FM01_PSA,DE1,0.0
2022,FM01_PSA,DE2,0.0
2022,FM01_PSA,DE3,0.0
2022,FM01_PSA,DE4,0.0
2022,FM01_PSA,DE5,0.0
2022,FM01_PSA,DE6,0.0
2022,FM01_PSA,DE7,0.0
2022,FM01_PSA,DE8,0.0
2022,FM01_PSA,DE9,0.0
2022,FM01_PSA,DEA,0.0
2022,FM01_PSA,DEB,0.0
2022,FM01_PSA,DEC,0.0
2022,FM01_PSA,DEE,0.0
2022,FM01_PSA,DED,0.0
2022,FM01_PSA,DEF,0.0
2022,FM01_PSA,DEG,0.0
2022,FM02_TSA,DE1,7234.116547400005
2022,FM02_TSA,DE2,7153.364513189684
2022,FM02_TSA,DE3,2.540093176846381
2022,FM02_TSA,DE4,455.7524390596491
2022,FM02_TSA,DE5,1.8211159309436509
2022,FM02_TSA,DE6,9.358033330196328
2022,FM02_TSA,DE7,6525.0856043097165
2022,FM02_TSA,DE8,1382.6130275816204
2022,FM02_TSA,DE9,3264.6649855802348
2022,FM02_TSA,DEA,3957.010482364329
2022,FM02_TSA,DEB,5192.086233983988
2022,FM02_TSA,DEC,604.502777759642
2022,FM02_TSA,DEE,785.7966441462963
2022,FM02_TSA,DED,493.8690549513221
2022,FM02_TSA,DEF,912.3028211163385
2022,FM02_TSA,DEG,2496.9087182837407
2022,FM03_Beech,DE1,0.0
2022,FM03_Beech,DE2,0.0
2022,FM03_Beech,DE3,0.0
2022,FM03_Beech,DE4,0.0
2022,FM03_Beech,DE5,0.0
2022,FM03_Beech,DE6,0.0
2022,FM03_Beech,DE7,0.0
2022,FM03_Beech,DE8,0.0
2022,FM03_Beech,DE9,0.0
2022,FM03_Beech,DEA,0.0
2022,FM03_Beech,DEB,0.0
2022,FM03_Beech,DEC,0.0
2022,FM03_Beech,DEE,0.0
2022,FM03_Beech,DED,0.0
2022,FM03_Beech,DEF,0.0
2022,FM03_Beech,DEG,0.0
2022,FM04_DouglasFir,DE1,0.0
2022,FM04_DouglasFir,DE2,0.0
2022,FM04_DouglasFir,DE3,0.0
2022,FM04_DouglasFir,DE4,0.0
2022,FM04_DouglasFir,DE5,0.0
2022,FM04_DouglasFir,DE6,0.0
2022,FM04_DouglasFir,DE7,0.0
2022,FM04_DouglasFir,DE8,0.0
2022,FM04_DouglasFir,DE9,0.0
2022,FM04_DouglasFir,DEA,0.0
2022,FM04_DouglasFir,DEB,0.0
2022,FM04_DouglasFir,DEC,0.0
2022,FM04_DouglasFir,DEE,0.0
2022,FM04_DouglasFir,DED,0.0
2022,FM04_DouglasFir,DEF,0.0
2022,FM04_DouglasFir,DEG,0.0
2022,FM05_Oak,DE1,0.0
2022,FM05_Oak,DE2,0.0
2022,FM05_Oak,DE3,0.0
2022,FM05_Oak,DE4,0.0
2022,FM05_Oak,DE5,0.0
2022,FM05_Oak,DE6,0.0
2022,FM05_Oak,DE7,0.0
2022,FM05_Oak,DE8,0.0
2022,FM05_Oak,DE9,0.0
2022,FM05_Oak,DEA,0.0
2022,FM05_Oak,DEB,0.0
2022,FM05_Oak,DEC,0.0
2022,FM05_Oak,DEE,0.0
2022,FM05_Oak,DED,0.0
2022,FM05_Oak,DEF,0.0
2022,FM05_Oak,DEG,0.0
2022,FM06_ScotPine,DE1,0.0
2022,FM06_ScotPine,DE2,0.0
2022,FM06_ScotPine,DE3,0.0
2022,FM06_ScotPine,DE4,0.0
2022,FM06_ScotPine,DE5,0.0
2022,FM06_ScotPine,DE6,0.0
2022,FM06_ScotPine,DE7,0.0
2022,FM06_ScotPine,DE8,0.0
2022,FM06_ScotPine,DE9,0.0
2022,FM06_ScotPine,DEA,0.0
2022,FM06_ScotPine,DEB,0.0
2022,FM06_ScotPine,DEC,0.0
2022,FM06_ScotPine,DEE,0.0
2022,FM06_ScotPine,DED,0.0
2022,FM06_ScotPine,DEF,0.0
2022,FM06_ScotPine,DEG,0.0
2022,PC_Rewetting,DE1,25911.867493513146
2022,PC_Rewetting,DE2,121866.23151107022
2022,PC_Rewetting,DE3,374.18227589293645
2022,PC_Rewetting,DE4,138121.97278342774
2022,PC_Rewetting,DE5,3516.2499788589844
2022,PC_Rewetting,DE6,1713.2789724393097
2022,PC_Rewetting,DE7,4051.7167925022413
2022,PC_Rewetting,DE8,153771.890017882
2022,PC_Rewetting,DE9,359018.41429172904
2022,PC_Rewetting,DEA,14103581.991154784
2022,PC_Rewetting,DEB,3423.3354765918994
2022,PC_Rewetting,DEC,427.4604182333688
2022,PC_Rewetting,DEE,45155.911023755434
2022,PC_Rewetting,DED,16481.31405242793
2022,PC_Rewetting,DEF,86473.86231802769
2022,PC_Rewetting,DEG,590.2487745174925
2023,FM01_PSA,DE1,0.0
2023,FM01_PSA,DE2,0.0
2023,FM01_PSA,DE3,0.0
2023,FM01_PSA,DE4,0.0
2023,FM01_PSA,DE5,0.0
2023,FM01_PSA,DE6,0.0
2023,FM01_PSA,DE7,0.0
2023,FM01_PSA,DE8,0.0
2023,FM01_PSA,DE9,0.0
2023,FM01_PSA,DEA,0.0
2023,FM01_PSA,DEB,0.0
2023,FM01_PSA,DEC,0.0
2023,FM01_PSA,DEE,0.0
2023,FM01_PSA,DED,0.0
2023,FM01_PSA,DEF,0.0
2023,FM01_PSA,DEG,0.0
2023,FM02_TSA,DE1,11106.764715092593
2023,FM02_TSA,DE2,10982.783598896518
2023,FM02_TSA,DE3,3.8998842615805667
2023,FM02_TSA,DE4,699.7309313166091
2023,FM02_TSA,DE5,2.7960160762363673
2023,FM02_TSA,DE6,14.367680381350905
2023,FM02_TSA,DE7,10018.167398609712
2023,FM02_TSA,DE8,2122.7688949648
2023,FM02_TSA,DE9,5012.341953693417
2023,FM02_TSA,DEA,6075.321584163785
2023,FM02_TSA,DEB,7971.571898721674
2023,FM02_TSA,DEC,928.1119647718886
2023,FM02_TSA,DEE,1206.4580910821846
2023,FM02_TSA,DED,758.2525602771664
2023,FM02_TSA,DEF,1400.6869693986555
2023,FM02_TSA,DEG,3833.5818157378476
2023,FM03_Beech,DE1,0.0
2023,FM03_Beech,DE2,0.0
2023,FM03_Beech,DE3,0.0
2023,FM03_Beech,DE4,0.0
2023,FM03_Beech,DE5,0.0
2023,FM03_Beech,DE6,0.0
2023,FM03_Beech,DE7,0.0
2023,FM03_Beech,DE8,0.0
2023,FM03_Beech,DE9,0.0
2023,FM03_Beech,DEA,0.0
2023,FM03_Beech,DEB,0.0
2023,FM03_Beech,DEC,0.0
2023,FM03_Beech,DEE,0.0
2023,FM03_Beech,DED,0.0
2023,FM03_Beech,DEF,0.0
2023,FM03_Beech,DEG,0.0
2023,FM04_DouglasFir,DE1,0.0
2023,FM04_DouglasFir,DE2,0.0
2023,FM04_DouglasFir,DE3,0.0
2023,FM04_DouglasFir,DE4,0.0
2023,FM04_DouglasFir,DE5,0.0
2023,FM04_DouglasFir,DE6,0.0
2023,FM04_DouglasFir,DE7,0.0
2023,FM04_DouglasFir,DE8,0.0
2023,FM04_DouglasFir,DE9,0.0
2023,FM04_DouglasFir,DEA,0.0
2023,FM04_DouglasFir,DEB,0.0
2023,FM04_DouglasFir,DEC,0.0
2023,FM04_DouglasFir,DEE,0.0
2023,FM04_DouglasFir,DED,0.0
2023,FM04_DouglasFir,DEF,0.0
2023,FM04_DouglasFir,DEG,0.0
2023,FM05_Oak,DE1,0.0
2023,FM05_Oak,DE2,0.0
2023,FM05_Oak,DE3,0.0
2023,FM05_Oak,DE4,0.0
2023,FM05_Oak,DE5,0.0
2023,FM05_Oak,DE6,0.0
2023,FM05_Oak,DE7,0.0
2023,FM05_Oak,DE8,0.0
2023,FM05_Oak,DE9,0.0
2023,FM05_Oak,DEA,0.0
2023,FM05_Oak,DEB,0.0
2023,FM05_Oak,DEC,0.0
2023,FM05_Oak,DEE,0.0
2023,FM05_Oak,DED,0.0
2023,FM05_Oak,DEF,0.0
2023,FM05_Oak,DEG,0.0
2023,FM06_ScotPine,DE1,0.0
2023,FM06_ScotPine,DE2,0.0
2023,FM06_ScotPine,DE3,0.0
2023,FM06_ScotPine,DE4,0.0
2023,FM06_ScotPine,DE5,0.0
2023,FM06_ScotPine,DE6,0.0
2023,FM06_ScotPine,DE7,0.0
2023,FM06_ScotPine,DE8,0.0
2023,FM06_ScotPine,DE9,0.0
2023,FM06_ScotPine,DEA,0.0
2023,FM06_ScotPine,DEB,0.0
2023,FM06_ScotPine,DEC,0.0
2023,FM06_ScotPine,DEE,0.0
2023,FM06_ScotPine,DED,0.0
2023,FM06_ScotPine,DEF,0.0
2023,FM06_ScotPine,DEG,0.0
2023,PC_Rewetting,DE1,52263.13936973156
2023,PC_Rewetting,DE2,245799.02793658146
2023,PC_Rewetting,DE3,754.7098038986026
2023,PC_Rewetting,DE4,278586.1696541055
2023,PC_Rewetting,DE5,7092.127294566027
2023,PC_Rewetting,DE6,3455.611130237609
2023,PC_Rewetting,DE7,8172.141180724928
2023,PC_Rewetting,DE8,310151.38994375867
2023,PC_Rewetting,DE9,724124.9372368066
2023,PC_Rewetting,DEA,14773865.339495486
2023,PC_Rewetting,DEB,6904.722678412075
2023,PC_Rewetting,DEC,862.1695606758974
2023,PC_Rewetting,DEE,91077.56018714339
2023,PC_Rewetting,DED,33242.112461944045
2023,PC_Rewetting,DEF,174414.11813708366
2023,PC_Rewetting,DEG,1190.5067812323296
2024,FM01_PSA,DE1,0.0
2024,FM01_PSA,DE2,0.0
2024,FM01_PSA,DE3,0.0
2024,FM01_PSA,DE4,0.0
2024,FM01_PSA,DE5,0.0
2024,FM01_PSA,DE6,0.0
2024,FM01_PSA,DE7,0.0
2024,FM01_PSA,DE8,0.0
2024,FM01_PSA,DE9,0.0
2024,FM01_PSA,DEA,0.0
2024,FM01_PSA,DEB,0.0
2024,FM01_PSA,DEC,0.0
2024,FM01_PSA,DEE,0.0
2024,FM01_PSA,DED,0.0
2024,FM01_PSA,DEF,0.0
2024,FM01_PSA,DEG,0.0
2024,FM02_TSA,DE1,15152.183972772127
2024,FM02_TSA,DE2,14983.045188441904
2024,FM02_TSA,DE3,5.320339929744762
2024,FM02_TSA,DE4,954.5940761976473
2024,FM02_TSA,DE5,3.814409602140267
2024,FM02_TSA,DE6,19.60082364078447
2024,FM02_TSA,DE7,13667.086625819175
2024,FM02_TSA,DE8,2895.945457859345
2024,FM02_TSA,DE9,6837.988321982165
2024,FM02_TSA,DEA,8288.137247736382
2024,FM02_TSA,DEB,10875.059214811527
2024,FM02_TSA,DEC,1266.1583816973314
2024,FM02_TSA,DEE,1645.8865763741296
2024,FM02_TSA,DED,1034.4310504329728
2024,FM02_TSA,DEF,1910.859480056622
2024,FM02_TSA,DEG,5229.888130051148
2024,FM03_Beech,DE1,0.0
2024,FM03_Beech,DE2,0.0
2024,FM03_Beech,DE3,0.0
2024,FM03_Beech,DE4,0.0
2024,FM03_Beech,DE5,0.0
2024,FM03_Beech,DE6,0.0
2024,FM03_Beech,DE7,0.0
2024,FM03_Beech,DE8,0.0
2024,FM03_Beech,DE9,0.0
2024,FM03_Beech,DEA,0.0
2024,FM03_Beech,DEB,0.0
2024,FM03_Beech,DEC,0.0
2024,FM03_Beech,DEE,0.0
2024,FM03_Beech,DED,0.0
2024,FM03_Beech,DEF,0.0
2024,FM03_Beech,DEG,0.0
2024,FM04_DouglasFir,DE1,0.0
2024,FM04_DouglasFir,DE2,0.0
2024,FM04_DouglasFir,DE3,0.0
2024,FM04_DouglasFir,DE4,0.0
2024,FM04_DouglasFir,DE5,0.0
2024,FM04_DouglasFir,DE6,0.0
2024,FM04_DouglasFir,DE7,0.0
2024,FM04_DouglasFir,DE8,0.0
2024,FM04_DouglasFir,DE9,0.0
2024,FM04_DouglasFir,DEA,0.0
2024,FM04_DouglasFir,DEB,0.0
2024,FM04_DouglasFir,DEC,0.0
2024,FM04_DouglasFir,DEE,0.0
2024,FM04_DouglasFir,DED,0.0
2024,FM04_DouglasFir,DEF,0.0
2024,FM04_DouglasFir,DEG,0.0
2024,FM05_Oak,DE1,0.0
2024,FM05_Oak,DE2,0.0
2024,FM05_Oak,DE3,0.0
2024,FM05_Oak,DE4,0.0
2024,FM05_Oak,DE5,0.0
2024,FM05_Oak,DE6,0.0
2024,FM05_Oak,DE7,0.0
2024,FM05_Oak,DE8,0.0
2024,FM05_Oak,DE9,0.0
2024,FM05_Oak,DEA,0.0
2024,FM05_Oak,DEB,0.0
2024,FM05_Oak,DEC,0.0
2024,FM05_Oak,DEE,0.0
2024,FM05_Oak,DED,0.0
2024,FM05_Oak,DEF,0.0
2024,FM05_Oak,DEG,0.0
2024,FM06_ScotPine,DE1,0.0
2024,FM06_ScotPine,DE2,0.0
2024,FM06_ScotPine,DE3,0.0
2024,FM06_ScotPine,DE4,0.0
2024,FM06_ScotPine,DE5,0.0
2024,FM06_ScotPine,DE6,0.0
2024,FM06_ScotPine,DE7,0.0
2024,FM06_ScotPine,DE8,0.0
2024,FM06_ScotPine,DE9,0.0
2024,FM06_ScotPine,DEA,0.0
2024,FM06_ScotPine,DEB,0.0
2024,FM06_ScotPine,DEC,0.0
2024,FM06_ScotPine,DEE,0.0
2024,FM06_ScotPine,DED,0.0
2024,FM06_ScotPine,DEF,0.0
2024,FM06_ScotPine,DEG,0.0
2024,PC_Rewetting,DE1,88901.8230719991
2024,PC_Rewetting,DE2,418114.6015415792
2024,PC_Rewetting,DE3,1283.7934778896029
2024,PC_Rewetting,DE4,473886.92419879837
2024,PC_Rewetting,DE5,12064.010190531404
2024,PC_Rewetting,DE6,5878.141516388449
2024,PC_Rewetting,DE7,13901.159749101711
2024,PC_Rewetting,DE8,527580.706532981
2024,PC_Rewetting,DE9,1231767.3187755866
2024,PC_Rewetting,DEA,15453926.697289966
2024,PC_Rewetting,DEB,11745.226967228833
2024,PC_Rewetting,DEC,1466.5870949509613
2024,PC_Rewetting,DEE,154926.80384745818
2024,PC_Rewetting,DED,56546.247245583814
2024,PC_Rewetting,DEF,296685.8336271697
2024,PC_Rewetting,DEG,2025.1026728874308
2025,FM01_PSA,DE1,0.0
2025,FM01_PSA,DE2,0.0
2025,FM01_PSA,DE3,0.0
2025,FM01_PSA,DE4,0.0
2025,FM01_PSA,DE5,0.0
2025,FM01_PSA,DE6,0.0
2025,FM01_PSA,DE7,0.0
2025,FM01_PSA,DE8,0.0
2025,FM01_PSA,DE9,0.0
2025,FM01_PSA,DEA,0.0
2025,FM01_PSA,DEB,0.0
2025,FM01_PSA,DEC,0.0
2025,FM01_PSA,DEE,0.0
2025,FM01_PSA,DED,0.0
2025,FM01_PSA,DEF,0.0
2025,FM01_PSA,DEG,0.0
2025,FM02_TSA,DE1,19372.15769093252
2025,FM02_TSA,DE2,19155.912745148755
2025,FM02_TSA,DE3,6.802086370755972
2025,FM02_TSA,DE4,1220.4542268072541
2025,FM02_TSA,DE5,4.87674545420329
2025,FM02_TSA,DE6,25.059770071678052
2025,FM02_TSA,DE7,17473.451864547635
2025,FM02_TSA,DE8,3702.4835611025946
2025,FM02_TSA,DE9,8742.408902916619
2025,FM02_TSA,DEA,10596.432964103324
2025,FM02_TSA,DEB,13903.82814689482
2025,FM02_TSA,DEC,1618.7910519046538
2025,FM02_TSA,DEE,2104.2758163578033
2025,FM02_TSA,DED,1322.5262751161217
2025,FM02_TSA,DEF,2443.0452560099015
2025,FM02_TSA,DEG,6686.44320471192
2025,FM03_Beech,DE1,0.0
2025,FM03_Beech,DE2,0.0
2025,FM03_Beech,DE3,0.0
2025,FM03_Beech,DE4,0.0
2025,FM03_Beech,DE5,0.0
2025,FM03_Beech,DE6,0.0
2025,FM03_Beech,DE7,0.0
2025,FM03_Beech,DE8,0.0
2025,FM03_Beech,DE9,0.0
2025,FM03_Beech,DEA,0.0
2025,FM03_Beech,DEB,0.0
2025,FM03_Beech,DEC,0.0
2025,FM03_Beech,DEE,0.0
2025,FM03_Beech,DED,0.0
2025,FM03_Beech,DEF,0.0
2025,FM03_Beech,DEG,0.0
2025,FM04_DouglasFir,DE1,0.0
2025,FM04_DouglasFir,DE2,0.0
2025,FM04_DouglasFir,DE3,0.0
2025,FM04_DouglasFir,DE4,0.0
2025,FM04_DouglasFir,DE5,0.0
2025,FM04_DouglasFir,DE6,0.0
2025,FM04_DouglasFir,DE7,0.0
2025,FM04_DouglasFir,DE8,0.0
2025,FM04_DouglasFir,DE9,0.0
2025,FM04_DouglasFir,DEA,0.0
2025,FM04_DouglasFir,DEB,0.0
2025,FM04_DouglasFir,DEC,0.0
2025,FM04_DouglasFir,DEE,0.0
2025,FM04_DouglasFir,DED,0.0
2025,FM04_DouglasFir,DEF,0.0
2025,FM04_DouglasFir,DEG,0.0
2025,FM05_Oak,DE1,0.0
2025,FM05_Oak,DE2,0.0
2025,FM05_Oak,DE3,0.0
2025,FM05_Oak,DE4,0.0
2025,FM05_Oak,DE5,0.0
2025,FM05_Oak,DE6,0.0
2025,FM05_Oak,DE7,0.0
2025,FM05_Oak,DE8,0.0
2025,FM05_Oak,DE9,0.0
2025,FM05_Oak,DEA,0.0
2025,FM05_Oak,DEB,0.0
2025,FM05_Oak,DEC,0.0
2025,FM05_Oak,DEE,0.0
2025,FM05_Oak,DED,0.0
2025,FM05_Oak,DEF,0.0
2025,FM05_Oak,DEG,0.0
2025,FM06_ScotPine,DE1,0.0
2025,FM06_ScotPine,DE2,0.0
2025,FM06_ScotPine,DE3,0.0
2025,FM06_ScotPine,DE4,0.0
2025,FM06_ScotPine,DE5,0.0
2025,FM06_ScotPine,DE6,0.0
2025,FM06_ScotPine,DE7,0.0
2025,FM06_ScotPine,DE8,0.0
2025,FM06_ScotPine,DE9,0.0
2025,FM06_ScotPine,DEA,0.0
2025,FM06_ScotPine,DEB,0.0
2025,FM06_ScotPine,DEC,0.0
2025,FM06_ScotPine,DEE,0.0
2025,FM06_ScotPine,DED,0.0
2025,FM06_ScotPine,DEF,0.0
2025,FM06_ScotPine,DEG,0.0
2025,PC_Rewetting,DE1,136845.80840512167
2025,PC_Rewetting,DE2,643600.19487569
2025,PC_Rewetting,DE3,1976.1322123253392
2025,PC_Rewetting,DE4,729450.0494335357
2025,PC_Rewetting,DE5,18570.026688810092
2025,PC_Rewetting,DE6,9048.172466366916
2025,PC_Rewetting,DE7,21397.935136762382
2025,PC_Rewetting,DE8,812100.4248245907
2025,PC_Rewetting,DE9,1896048.7949537388
2025,PC_Rewetting,DEA,16144733.551434116
2025,PC_Rewetting,DEB,18079.3264265275
2025,PC_Rewetting,DEC,2257.50484827004
2025,PC_Rewetting,DEE,238477.49105163984
2025,PC_Rewetting,DED,87041.14999228889
2025,PC_Rewetting,DEF,456685.9412115374
2025,PC_Rewetting,DEG,3117.2230534599494
2026,FM01_PSA,DE1,0.0
2026,FM01_PSA,DE2,0.0
2026,FM01_PSA,DE3,0.0
2026,FM01_PSA,DE4,0.0
2026,FM01_PSA,DE5,0.0
2026,FM01_PSA,DE6,0.0
2026,FM01_PSA,DE7,0.0
2026,FM01_PSA,DE8,0.0
2026,FM01_PSA,DE9,0.0
2026,FM01_PSA,DEA,0.0
2026,FM01_PSA,DEB,0.0
2026,FM01_PSA,DEC,0.0
2026,FM01_PSA,DEE,0.0
2026,FM01_PSA,DED,0.0
2026,FM01_PSA,DEF,0.0
2026,FM01_PSA,DEG,0.0
2026,FM02_TSA,DE1,23768.469240067694
2026,FM02_TSA,DE2,23503.14973234
2026,FM02_TSA,DE3,8.345749774031209
2026,FM02_TSA,DE4,1497.4237362499211
2026,FM02_TSA,DE5,5.98347257797338
2026,FM02_TSA,DE6,30.746826637212695
2026,FM02_TSA,DE7,21438.871693404624
2026,FM02_TSA,DE8,4542.72404953189
2026,FM02_TSA,DE9,10726.408508966924
2026,FM02_TSA,DEA,13001.184224285824
2026,FM02_TSA,DEB,17059.158659612836
2026,FM02_TSA,DEC,1986.158998762541
2026,FM02_TSA,DEE,2581.8195273688784
2026,FM02_TSA,DED,1622.6599840239935
2026,FM02_TSA,DEF,2997.4692001781577
2026,FM02_TSA,DEG,8203.86258320844
2026,FM03_Beech,DE1,0.0
2026,FM03_Beech,DE2,0.0
2026,FM03_Beech,DE3,0.0
2026,FM03_Beech,DE4,0.0
2026,FM03_Beech,DE5,0.0
2026,FM03_Beech,DE6,0.0
2026,FM03_Beech,DE7,0.0
2026,FM03_Beech,DE8,0.0
2026,FM03_Beech,DE9,0.0
2026,FM03_Beech,DEA,0.0
2026,FM03_Beech,DEB,0.0
2026,FM03_Beech,DEC,0.0
2026,FM03_Beech,DEE,0.0
2026,FM03_Beech,DED,0.0
2026,FM03_Beech,DEF,0.0
2026,FM03_Beech,DEG,0.0
2026,FM04_DouglasFir,DE1,0.0
2026,FM04_DouglasFir,DE2,0.0
2026,FM04_DouglasFir,DE3,0.0
2026,FM04_DouglasFir,DE4,0.0
2026,FM04_DouglasFir,DE5,0.0
2026,FM04_DouglasFir,DE6,0.0
2026,FM04_DouglasFir,DE7,0.0
2026,FM04_DouglasFir,DE8,0.0
2026,FM04_DouglasFir,DE9,0.0
2026,FM04_DouglasFir,DEA,0.0
2026,FM04_DouglasFir,DEB,0.0
2026,FM04_DouglasFir,DEC,0.0
2026,FM04_DouglasFir,DEE,0.0
2026,FM04_DouglasFir,DED,0.0
2026,FM04_DouglasFir,DEF,0.0
2026,FM04_DouglasFir,DEG,0.0
2026,FM05_Oak,DE1,0.0
2026,FM05_Oak,DE2,0.0
2026,FM05_Oak,DE3,0.0
2026,FM05_Oak,DE4,0.0
2026,FM05_Oak,DE5,0.0
2026,FM05_Oak,DE6,0.0
2026,FM05_Oak,DE7,0.0
2026,FM05_Oak,DE8,0.0
2026,FM05_Oak,DE9,0.0
2026,FM05_Oak,DEA,0.0
2026,FM05_Oak,DEB,0.0
2026,FM05_Oak,DEC,0.0
2026,FM05_Oak,DEE,0.0
2026,FM05_Oak,DED,0.0
2026,FM05_Oak,DEF,0.0
2026,FM05_Oak,DEG,0.0
2026,FM06_ScotPine,DE1,0.0
2026,FM06_ScotPine,DE2,0.0
2026,FM06_ScotPine,DE3,0.0
2026,FM06_ScotPine,DE4,0.0
2026,FM06_ScotPine,DE5,0.0
2026,FM06_ScotPine,DE6,0.0
2026,FM06_ScotPine,DE7,0.0
2026,FM06_ScotPine,DE8,0.0
2026,FM06_ScotPine,DE9,0.0
2026,FM06_ScotPine,DEA,0.0
2026,FM06_ScotPine,DEB,0.0
2026,FM06_ScotPine,DEC,0.0
2026,FM06_ScotPine,DEE,0.0
2026,FM06_ScotPine,DED,0.0
2026,FM06_ScotPine,DEF,0.0
2026,FM06_ScotPine,DEG,0.0
2026,PC_Rewetting,DE1,197112.98517390527
2026,PC_Rewetting,DE2,927043.0504885413
2026,PC_Rewetting,DE3,2846.424921665213
2026,PC_Rewetting,DE4,1050701.358374347
2026,PC_Rewetting,DE5,26748.304811457074
2026,PC_Rewetting,DE6,13033.006315648094
2026,PC_Rewetting,DE7,30821.62998283674
2026,PC_Rewetting,DE8,1169751.129857629
2026,PC_Rewetting,DE9,2731072.6018169336
2026,PC_Rewetting,DEA,16847253.388823822
2026,PC_Rewetting,DEB,26041.4991397934
2026,PC_Rewetting,DEC,3251.714647844613
2026,PC_Rewetting,DEE,343503.4708466284
2026,PC_Rewetting,DED,125374.25229100096
2026,PC_Rewetting,DEF,657811.3733134383
2026,PC_Rewetting,DEG,4490.054526927039
2027,FM01_PSA,DE1,0.0
2027,FM01_PSA,DE2,0.0
2027,FM01_PSA,DE3,0.0
2027,FM01_PSA,DE4,0.0
2027,FM01_PSA,DE5,0.0
2027,FM01_PSA,DE6,0.0
2027,FM01_PSA,DE7,0.0
2027,FM01_PSA,DE8,0.0
2027,FM01_PSA,DE9,0.0
2027,FM01_PSA,DEA,0.0
2027,FM01_PSA,DEB,0.0
2027,FM01_PSA,DEC,0.0
2027,FM01_PSA,DEE,0.0
2027,FM01_PSA,DED,0.0
2027,FM01_PSA,DEF,0.0
2027,FM01_PSA,DEG,0.0
2027,FM02_TSA,DE1,28342.901990671562
2027,FM02_TSA,DE2,28026.519613338543
2027,FM02_TSA,DE3,9.951956328987478
2027,FM02_TSA,DE4,1785.6149576301386
2027,FM02_TSA,DE5,7.135039918998476
2027,FM02_TSA,DE6,36.66430030056942
2027,FM02_TSA,DE7,25564.954690999675
2027,FM02_TSA,DE8,5417.007767984569
2027,FM02_TSA,DE9,12790.791952603216
2027,FM02_TSA,DEA,15503.36651930509
2027,FM02_TSA,DEB,20342.330717606852
2027,FM02_TSA,DEC,2368.411245639676
2027,FM02_TSA,DEE,3078.7114257430267
2027,FM02_TSA,DED,1934.9539268539677
2027,FM02_TSA,DEF,3574.3562154810534
2027,FM02_TSA,DEG,9782.761809028985
2027,FM03_Beech,DE1,0.0
2027,FM03_Beech,DE2,0.0
2027,FM03_Beech,DE3,0.0
2027,FM03_Beech,DE4,0.0
2027,FM03_Beech,DE5,0.0
2027,FM03_Beech,DE6,0.0
2027,FM03_Beech,DE7,0.0
2027,FM03_Beech,DE8,0.0
2027,FM03_Beech,DE9,0.0
2027,FM03_Beech,DEA,0.0
2027,FM03_Beech,DEB,0.0
2027,FM03_Beech,DEC,0.0
2027,FM03_Beech,DEE,0.0
2027,FM03_Beech,DED,0.0
2027,FM03_Beech,DEF,0.0
2027,FM03_Beech,DEG,0.0
2027,FM04_DouglasFir,DE1,0.0
2027,FM04_DouglasFir,DE2,0.0
2027,FM04_DouglasFir,DE3,0.0
2027,FM04_DouglasFir,DE4,0.0
2027,FM04_DouglasFir,DE5,0.0
2027,FM04_DouglasFir,DE6,0.0
2027,FM04_DouglasFir,DE7,0.0
2027,FM04_DouglasFir,DE8,0.0
2027,FM04_DouglasFir,DE9,0.0
2027,FM04_DouglasFir,DEA,0.0
2027,FM04_DouglasFir,DEB,0.0
2027,FM04_DouglasFir,DEC,0.0
2027,FM04_DouglasFir,DEE,0.0
2027,FM04_DouglasFir,DED,0.0
2027,FM04_DouglasFir,DEF,0.0
2027,FM04_DouglasFir,DEG,0.0
2027,FM05_Oak,DE1,0.0
2027,FM05_Oak,DE2,0.0
2027,FM05_Oak,DE3,0.0
2027,FM05_Oak,DE4,0.0
2027,FM05_Oak,DE5,0.0
2027,FM05_Oak,DE6,0.0
2027,FM05_Oak,DE7,0.0
2027,FM05_Oak,DE8,0.0
2027,FM05_Oak,DE9,0.0
2027,FM05_Oak,DEA,0.0
2027,FM05_Oak,DEB,0.0
2027,FM05_Oak,DEC,0.0
2027,FM05_Oak,DEE,0.0
2027,FM05_Oak,DED,0.0
2027,FM05_Oak,DEF,0.0
2027,FM05_Oak,DEG,0.0
2027,FM06_ScotPine,DE1,0.0
2027,FM06_ScotPine,DE2,0.0
2027,FM06_ScotPine,DE3,0.0
2027,FM06_ScotPine,DE4,0.0
2027,FM06_ScotPine,DE5,0.0
2027,FM06_ScotPine,DE6,0.0
2027,FM06_ScotPine,DE7,0.0
2027,FM06_ScotPine,DE8,0.0
2027,FM06_ScotPine,DE9,0.0
2027,FM06_ScotPine,DEA,0.0
2027,FM06_ScotPine,DEB,0.0
2027,FM06_ScotPine,DEC,0.0
2027,FM06_ScotPine,DEE,0.0
2027,FM06_ScotPine,DED,0.0
2027,FM06_ScotPine,DEF,0.0
2027,FM06_ScotPine,DEG,0.0
2027,PC_Rewetting,DE1,270721.2431831558
2027,PC_Rewetting,DE2,1273230.410929759
2027,PC_Rewetting,DE3,3909.370520368626
2027,PC_Rewetting,DE4,1443066.6640372616
2027,PC_Rewetting,DE5,36736.97258052732
2027,PC_Rewetting,DE6,17899.945399707067
2027,PC_Rewetting,DE7,42331.40692645457
2027,PC_Rewetting,DE8,1606573.4066711375
2027,PC_Rewetting,DE9,3750941.975410841
2027,PC_Rewetting,DEA,17562453.696354974
2027,PC_Rewetting,DEB,35766.22319051186
2027,PC_Rewetting,DEC,4466.00832088616
2027,PC_Rewetting,DEE,471778.5922793639
2027,PC_Rewetting,DED,172192.98573066166
2027,PC_Rewetting,DEF,903459.0623561238
2027,PC_Rewetting,DEG,6166.78369726585
2028,FM01_PSA,DE1,0.0
2028,FM01_PSA,DE2,0.0
2028,FM01_PSA,DE3,0.0
2028,FM01_PSA,DE4,0.0
2028,FM01_PSA,DE5,0.0
2028,FM01_PSA,DE6,0.0
2028,FM01_PSA,DE7,0.0
2028,FM01_PSA,DE8,0.0
2028,FM01_PSA,DE9,0.0
2028,FM01_PSA,DEA,0.0
2028,FM01_PSA,DEB,0.0
2028,FM01_PSA,DEC,0.0
2028,FM01_PSA,DEE,0.0
2028,FM01_PSA,DED,0.0
2028,FM01_PSA,DEF,0.0
2028,FM01_PSA,DEG,0.0
2028,FM02_TSA,DE1,33097.23931323804
2028,FM02_TSA,DE2,32727.785851467313
2028,FM02_TSA,DE3,11.621332225041789
2028,FM02_TSA,DE4,2085.1402440523984
2028,FM02_TSA,DE5,8.331896422826524
2028,FM02_TSA,DE6,42.81449802492927
2028,FM02_TSA,DE7,29853.30943594232
2028,FM02_TSA,DE8,6325.675561297971
2028,FM02_TSA,DE9,14936.364046295643
2028,FM02_TSA,DEA,18103.95534018233
2028,FM02_TSA,DEB,23754.624285518148
2028,FM02_TSA,DEC,2765.696815904744
2028,FM02_TSA,DEE,3595.145227815921
2028,FM02_TSA,DED,2259.529853303425
2028,FM02_TSA,DEF,4173.931204838253
2028,FM02_TSA,DEG,11423.756425661835
2028,FM03_Beech,DE1,0.0
2028,FM03_Beech,DE2,0.0
2028,FM03_Beech,DE3,0.0
2028,FM03_Beech,DE4,0.0
2028,FM03_Beech,DE5,0.0
2028,FM03_Beech,DE6,0.0
2028,FM03_Beech,DE7,0.0
2028,FM03_Beech,DE8,0.0
2028,FM03_Beech,DE9,0.0
2028,FM03_Beech,DEA,0.0
2028,FM03_Beech,DEB,0.0
2028,FM03_Beech,DEC,0.0
2028,FM03_Beech,DEE,0.0
2028,FM03_Beech,DED,0.0
2028,FM03_Beech,DEF,0.0
2028,FM03_Beech,DEG,0.0
2028,FM04_DouglasFir,DE1,0.0
2028,FM04_DouglasFir,DE2,0.0
2028,FM04_DouglasFir,DE3,0.0
2028,FM04_DouglasFir,DE4,0.0
2028,FM04_DouglasFir,DE5,0.0
2028,FM04_DouglasFir,DE6,0.0
2028,FM04_DouglasFir,DE7,0.0
2028,FM04_DouglasFir,DE8,0.0
2028,FM04_DouglasFir,DE9,0.0
2028,FM04_DouglasFir,DEA,0.0
2028,FM04_DouglasFir,DEB,0.0
2028,FM04_DouglasFir,DEC,0.0
2028,FM04_DouglasFir,DEE,0.0
2028,FM04_DouglasFir,DED,0.0
2028,FM04_DouglasFir,DEF,0.0
2028,FM04_DouglasFir,DEG,0.0
2028,FM05_Oak,DE1,0.0
2028,FM05_Oak,DE2,0.0
2028,FM05_Oak,DE3,0.0
2028,FM05_Oak,DE4,0.0
2028,FM05_Oak,DE5,0.0
2028,FM05_Oak,DE6,0.0
2028,FM05_Oak,DE7,0.0
2028,FM05_Oak,DE8,0.0
2028,FM05_Oak,DE9,0.0
2028,FM05_Oak,DEA,0.0
2028,FM05_Oak,DEB,0.0
2028,FM05_Oak,DEC,0.0
2028,FM05_Oak,DEE,0.0
2028,FM05_Oak,DED,0.0
2028,FM05_Oak,DEF,0.0
2028,FM05_Oak,DEG,0.0
2028,FM06_ScotPine,DE1,0.0
2028,FM06_ScotPine,DE2,0.0
2028,FM06_ScotPine,DE3,0.0
2028,FM06_ScotPine,DE4,0.0
2028,FM06_ScotPine,DE5,0.0
2028,FM06_ScotPine,DE6,0.0
2028,FM06_ScotPine,DE7,0.0
2028,FM06_ScotPine,DE8,0.0
2028,FM06_ScotPine,DE9,0.0
2028,FM06_ScotPine,DEA,0.0
2028,FM06_ScotPine,DEB,0.0
2028,FM06_ScotPine,DEC,0.0
2028,FM06_ScotPine,DEE,0.0
2028,FM06_ScotPine,DED,0.0
2028,FM06_ScotPine,DEF,0.0
2028,FM06_ScotPine,DEG,0.0
2028,PC_Rewetting,DE1,358688.4722376792
2028,PC_Rewetting,DE2,1686949.5187489707
2028,PC_Rewetting,DE3,5179.66792289498
2028,PC_Rewetting,DE4,1911971.7794383094
2028,PC_Rewetting,DE5,48674.15801807582
2028,PC_Rewetting,DE6,23716.29205401892
2028,PC_Rewetting,DE7,56086.42860674567
2028,PC_Rewetting,DE8,2128607.840304158
2028,PC_Rewetting,DE9,4969760.151781131
2028,PC_Rewetting,DEA,18291301.960923456
2028,PC_Rewetting,DEB,47387.976662168214
2028,PC_Rewetting,DEC,5917.177694606161
2028,PC_Rewetting,DEE,625076.7043967864
2028,PC_Rewetting,DED,228144.78190021272
2028,PC_Rewetting,DEF,1197025.9407628456
2028,PC_Rewetting,DEG,8170.597168453539
2029,FM01_PSA,DE1,0.0
2029,FM01_PSA,DE2,0.0
2029,FM01_PSA,DE3,0.0
2029,FM01_PSA,DE4,0.0
2029,FM01_PSA,DE5,0.0
2029,FM01_PSA,DE6,0.0
2029,FM01_PSA,DE7,0.0
2029,FM01_PSA,DE8,0.0
2029,FM01_PSA,DE9,0.0
2029,FM01_PSA,DEA,0.0
2029,FM01_PSA,DEB,0.0
2029,FM01_PSA,DEC,0.0
2029,FM01_PSA,DEE,0.0
2029,FM01_PSA,DED,0.0
2029,FM01_PSA,DEF,0.0
2029,FM01_PSA,DEG,0.0
2029,FM02_TSA,DE1,38033.26457826105
2029,FM02_TSA,DE2,37608.71191004922
2029,FM02_TSA,DE3,13.354503651611148
2029,FM02_TSA,DE4,2396.1119486211905
2029,FM02_TSA,DE5,9.574491035005464
2029,FM02_TSA,DE6,49.19972677347328
2029,FM02_TSA,DE7,34305.544506842096
2029,FM02_TSA,DE8,7269.068274309438
2029,FM02_TSA,DE9,17163.929602514345
2029,FM02_TSA,DEA,20803.926177938756
2029,FM02_TSA,DEB,27297.319327988
2029,FM02_TSA,DEC,3178.1647329264288
2029,FM02_TSA,DEE,4131.314649923234
2029,FM02_TSA,DED,2596.5095130697455
2029,FM02_TSA,DEF,4796.419071169419
2029,FM02_TSA,DEG,13127.461976595263
2029,FM03_Beech,DE1,0.0
2029,FM03_Beech,DE2,0.0
2029,FM03_Beech,DE3,0.0
2029,FM03_Beech,DE4,0.0
2029,FM03_Beech,DE5,0.0
2029,FM03_Beech,DE6,0.0
2029,FM03_Beech,DE7,0.0
2029,FM03_Beech,DE8,0.0
2029,FM03_Beech,DE9,0.0
2029,FM03_Beech,DEA,0.0
2029,FM03_Beech,DEB,0.0
2029,FM03_Beech,DEC,0.0
2029,FM03_Beech,DEE,0.0
2029,FM03_Beech,DED,0.0
2029,FM03_Beech,DEF,0.0
2029,FM03_Beech,DEG,0.0
2029,FM04_DouglasFir,DE1,0.0
2029,FM04_DouglasFir,DE2,0.0
2029,FM04_DouglasFir,DE3,0.0
2029,FM04_DouglasFir,DE4,0.0
2029,FM04_DouglasFir,DE5,0.0
2029,FM04_DouglasFir,DE6,0.0
2029,FM04_DouglasFir,DE7,0.0
2029,FM04_DouglasFir,DE8,0.0
2029,FM04_DouglasFir,DE9,0.0
2029,FM04_DouglasFir,DEA,0.0
2029,FM04_DouglasFir,DEB,0.0
2029,FM04_DouglasFir,DEC,0.0
2029,FM04_DouglasFir,DEE,0.0
2029,FM04_DouglasFir,DED,0.0
2029,FM04_DouglasFir,DEF,0.0
2029,FM04_DouglasFir,DEG,0.0
2029,FM05_Oak,DE1,0.0
2029,FM05_Oak,DE2,0.0
2029,FM05_Oak,DE3,0.0
2029,FM05_Oak,DE4,0.0
2029,FM05_Oak,DE5,0.0
2029,FM05_Oak,DE6,0.0
2029,FM05_Oak,DE7,0.0
2029,FM05_Oak,DE8,0.0
2029,FM05_Oak,DE9,0.0
2029,FM05_Oak,DEA,0.0
2029,FM05_Oak,DEB,0.0
2029,FM05_Oak,DEC,0.0
2029,FM05_Oak,DEE,0.0
2029,FM05_Oak,DED,0.0
2029,FM05_Oak,DEF,0.0
2029,FM05_Oak,DEG,0.0
2029,FM06_ScotPine,DE1,0.0
2029,FM06_ScotPine,DE2,0.0
2029,FM06_ScotPine,DE3,0.0
2029,FM06_ScotPine,DE4,0.0
2029,FM06_ScotPine,DE5,0.0
2029,FM06_ScotPine,DE6,0.0
2029,FM06_ScotPine,DE7,0.0
2029,FM06_ScotPine,DE8,0.0
2029,FM06_ScotPine,DE9,0.0
2029,FM06_ScotPine,DEA,0.0
2029,FM06_ScotPine,DEB,0.0
2029,FM06_ScotPine,DEC,0.0
2029,FM06_ScotPine,DEE,0.0
2029,FM06_ScotPine,DED,0.0
2029,FM06_ScotPine,DEF,0.0
2029,FM06_ScotPine,DEG,0.0
2029,PC_Rewetting,DE1,462032.5621422813
2029,PC_Rewetting,DE2,2172987.6164958025
2029,PC_Rewetting,DE3,6672.016043703676
2029,PC_Rewetting,DE4,2462842.5175935193
2029,PC_Rewetting,DE5,62697.98914615753
2029,PC_Rewetting,DE6,30549.348614058734
2029,PC_Rewetting,DE7,72245.85766283983
2029,PC_Rewetting,DE8,2741895.015795732
2029,PC_Rewetting,DE9,6401630.366973474
2029,PC_Rewetting,DEA,19034765.669425156
2029,PC_Rewetting,DEB,61041.23763824776
2029,PC_Rewetting,DEC,7622.014596216094
2029,PC_Rewetting,DEE,805171.6562458356
2029,PC_Rewetting,DED,293877.0723885957
2029,PC_Rewetting,DEF,1541908.9409568552
2029,PC_Rewetting,DEG,10524.681544467254
2030,FM01_PSA,DE1,0.0
2030,FM01_PSA,DE2,0.0
2030,FM01_PSA,DE3,0.0
2030,FM01_PSA,DE4,0.0
2030,FM01_PSA,DE5,0.0
2030,FM01_PSA,DE6,0.0
2030,FM01_PSA,DE7,0.0
2030,FM01_PSA,DE8,0.0
2030,FM01_PSA,DE9,0.0
2030,FM01_PSA,DEA,0.0
2030,FM01_PSA,DEB,0.0
2030,FM01_PSA,DEC,0.0
2030,FM01_PSA,DEE,0.0
2030,FM01_PSA,DED,0.0
2030,FM01_PSA,DEF,0.0
2030,FM01_PSA,DEG,0.0
2030,FM02_TSA,DE1,43152.7611562345
2030,FM02_TSA,DE2,42671.061252407184
2030,FM02_TSA,DE3,15.152096798112566
2030,FM02_TSA,DE4,2718.6424244410064
2030,FM02_TSA,DE5,10.863272701083233
2030,FM02_TSA,DE6,55.822293509382476
2030,FM02_TSA,DE7,38923.26848230852
2030,FM02_TSA,DE8,8247.526751856305
2030,FM02_TSA,DE9,19474.29343372946
2030,FM02_TSA,DEA,23604.25452359557
2030,FM02_TSA,DEB,30971.695809657685
2030,FM02_TSA,DEC,3605.964020073414
2030,FM02_TSA,DEE,4687.413408400638
2030,FM02_TSA,DED,2946.014655850309
2030,FM02_TSA,DEF,5442.044717394214
2030,FM02_TSA,DEG,14894.494005317547
2030,FM03_Beech,DE1,0.0
2030,FM03_Beech,DE2,0.0
2030,FM03_Beech,DE3,0.0
2030,FM03_Beech,DE4,0.0
2030,FM03_Beech,DE5,0.0
2030,FM03_Beech,DE6,0.0
2030,FM03_Beech,DE7,0.0
2030,FM03_Beech,DE8,0.0
2030,FM03_Beech,DE9,0.0
2030,FM03_Beech,DEA,0.0
2030,FM03_Beech,DEB,0.0
2030,FM03_Beech,DEC,0.0
2030,FM03_Beech,DEE,0.0
2030,FM03_Beech,DED,0.0
2030,FM03_Beech,DEF,0.0
2030,FM03_Beech,DEG,0.0
2030,FM04_DouglasFir,DE1,0.0
2030,FM04_DouglasFir,DE2,0.0
2030,FM04_DouglasFir,DE3,0.0
2030,FM04_DouglasFir,DE4,0.0
2030,FM04_DouglasFir,DE5,0.0
2030,FM04_DouglasFir,DE6,0.0
2030,FM04_DouglasFir,DE7,0.0
2030,FM04_DouglasFir,DE8,0.0
2030,FM04_DouglasFir,DE9,0.0
2030,FM04_DouglasFir,DEA,0.0
2030,FM04_DouglasFir,DEB,0.0
2030,FM04_DouglasFir,DEC,0.0
2030,FM04_DouglasFir,DEE,0.0
2030,FM04_DouglasFir,DED,0.0
2030,FM04_DouglasFir,DEF,0.0
2030,FM04_DouglasFir,DEG,0.0
2030,FM05_Oak,DE1,0.0
2030,FM05_Oak,DE2,0.0
2030,FM05_Oak,DE3,0.0
2030,FM05_Oak,DE4,0.0
2030,FM05_Oak,DE5,0.0
2030,FM05_Oak,DE6,0.0
2030,FM05_Oak,DE7,0.0
2030,FM05_Oak,DE8,0.0
2030,FM05_Oak,DE9,0.0
2030,FM05_Oak,DEA,0.0
2030,FM05_Oak,DEB,0.0
2030,FM05_Oak,DEC,0.0
2030,FM05_Oak,DEE,0.0
2030,FM05_Oak,DED,0.0
2030,FM05_Oak,DEF,0.0
2030,FM05_Oak,DEG,0.0
2030,FM06_ScotPine,DE1,0.0
2030,FM06_ScotPine,DE2,0.0
2030,FM06_ScotPine,DE3,0.0
2030,FM06_ScotPine,DE4,0.0
2030,FM06_ScotPine,DE5,0.0
2030,FM06_ScotPine,DE6,0.0
2030,FM06_ScotPine,DE7,0.0
2030,FM06_ScotPine,DE8,0.0
2030,FM06_ScotPine,DE9,0.0
2030,FM06_ScotPine,DEA,0.0
2030,FM06_ScotPine,DEB,0.0
2030,FM06_ScotPine,DEC,0.0
2030,FM06_ScotPine,DEE,0.0
2030,FM06_ScotPine,DED,0.0
2030,FM06_ScotPine,DEF,0.0
2030,FM06_ScotPine,DEG,0.0
2030,PC_Rewetting,DE1,581771.4027017682
2030,PC_Rewetting,DE2,2736131.9467198816
2030,PC_Rewetting,DE3,8401.113797254115
2030,PC_Rewetting,DE4,3101104.69151892
2030,PC_Rewetting,DE5,78946.59398682744
2030,PC_Rewetting,DE6,38466.41741530159
2030,PC_Rewetting,DE7,90968.85673386682
2030,PC_Rewetting,DE8,3452475.5181849003
2030,PC_Rewetting,DE9,8060655.857033539
2030,PC_Rewetting,DEA,19793812.30875596
2030,PC_Rewetting,DEB,76860.48420223585
2030,PC_Rewetting,DEC,9597.31085292744
2030,PC_Rewetting,DEE,1013837.2968734519
2030,PC_Rewetting,DED,370037.28878475237
2030,PC_Rewetting,DEF,1941504.9953614038
2030,PC_Rewetting,DEG,13252.223429284151
2031,FM01_PSA,DE1,0.0
2031,FM01_PSA,DE2,0.0
2031,FM01_PSA,DE3,0.0
2031,FM01_PSA,DE4,0.0
2031,FM01_PSA,DE5,0.0
2031,FM01_PSA,DE6,0.0
2031,FM01_PSA,DE7,0.0
2031,FM01_PSA,DE8,0.0
2031,FM01_PSA,DE9,0.0
2031,FM01_PSA,DEA,0.0
2031,FM01_PSA,DEB,0.0
2031,FM01_PSA,DEC,0.0
2031,FM01_PSA,DEE,0.0
2031,FM01_PSA,DED,0.0
2031,FM01_PSA,DEF,0.0
2031,FM01_PSA,DEG,0.0
2031,FM02_TSA,DE1,48457.51241765231
2031,FM02_TSA,DE2,47916.59734186413
2031,FM02_TSA,DE3,17.01473785396305
2031,FM02_TSA,DE4,3052.844024616337
2031,FM02_TSA,DE5,12.19869036660778
2031,FM02_TSA,DE6,62.6845051958379
2031,FM02_TSA,DE7,43708.08994095113
2031,FM02_TSA,DE8,9261.391838775915
2031,FM02_TSA,DE9,21868.260352411136
2031,FM02_TSA,DEA,26505.91586817399
2031,FM02_TSA,DEB,34779.03369516848
2031,FM02_TSA,DEC,4049.2437007143835
2031,FM02_TSA,DEE,5263.635219583805
2031,FM02_TSA,DED,3308.167031342495
2031,FM02_TSA,DEF,6111.033046432304
2031,FM02_TSA,DEG,16725.468055316967
2031,FM03_Beech,DE1,0.0
2031,FM03_Beech,DE2,0.0
2031,FM03_Beech,DE3,0.0
2031,FM03_Beech,DE4,0.0
2031,FM03_Beech,DE5,0.0
2031,FM03_Beech,DE6,0.0
2031,FM03_Beech,DE7,0.0
2031,FM03_Beech,DE8,0.0
2031,FM03_Beech,DE9,0.0
2031,FM03_Beech,DEA,0.0
2031,FM03_Beech,DEB,0.0
2031,FM03_Beech,DEC,0.0
2031,FM03_Beech,DEE,0.0
2031,FM03_Beech,DED,0.0
2031,FM03_Beech,DEF,0.0
2031,FM03_Beech,DEG,0.0
2031,FM04_DouglasFir,DE1,0.0
2031,FM04_DouglasFir,DE2,0.0
2031,FM04_DouglasFir,DE3,0.0
2031,FM04_DouglasFir,DE4,0.0
2031,FM04_DouglasFir,DE5,0.0
2031,FM04_DouglasFir,DE6,0.0
2031,FM04_DouglasFir,DE7,0.0
2031,FM04_DouglasFir,DE8,0.0
2031,FM04_DouglasFir,DE9,0.0
2031,FM04_DouglasFir,DEA,0.0
2031,FM04_DouglasFir,DEB,0.0
2031,FM04_DouglasFir,DEC,0.0
2031,FM04_DouglasFir,DEE,0.0
2031,FM04_DouglasFir,DED,0.0
2031,FM04_DouglasFir,DEF,0.0
2031,FM04_DouglasFir,DEG,0.0
2031,FM05_Oak,DE1,0.0
2031,FM05_Oak,DE2,0.0
2031,FM05_Oak,DE3,0.0
2031,FM05_Oak,DE4,0.0
2031,FM05_Oak,DE5,0.0
2031,FM05_Oak,DE6,0.0
2031,FM05_Oak,DE7,0.0
2031,FM05_Oak,DE8,0.0
2031,FM05_Oak,DE9,0.0
2031,FM05_Oak,DEA,0.0
2031,FM05_Oak,DEB,0.0
2031,FM05_Oak,DEC,0.0
2031,FM05_Oak,DEE,0.0
2031,FM05_Oak,DED,0.0
2031,FM05_Oak,DEF,0.0
2031,FM05_Oak,DEG,0.0
2031,FM06_ScotPine,DE1,0.0
2031,FM06_ScotPine,DE2,0.0
2031,FM06_ScotPine,DE3,0.0
2031,FM06_ScotPine,DE4,0.0
2031,FM06_ScotPine,DE5,0.0
2031,FM06_ScotPine,DE6,0.0
2031,FM06_ScotPine,DE7,0.0
2031,FM06_ScotPine,DE8,0.0
2031,FM06_ScotPine,DE9,0.0
2031,FM06_ScotPine,DEA,0.0
2031,FM06_ScotPine,DEB,0.0
2031,FM06_ScotPine,DEC,0.0
2031,FM06_ScotPine,DEE,0.0
2031,FM06_ScotPine,DED,0.0
2031,FM06_ScotPine,DEF,0.0
2031,FM06_ScotPine,DEG,0.0
2031,PC_Rewetting,DE1,718922.8837209457
2031,PC_Rewetting,DE2,3381169.751970835
2031,PC_Rewetting,DE3,10381.660098005701
2031,PC_Rewetting,DE4,3832184.114230543
2031,PC_Rewetting,DE5,97558.10056214053
2031,PC_Rewetting,DE6,47534.800793222596
2031,PC_Rewetting,DE7,112414.58845895648
2031,PC_Rewetting,DE8,4266389.932510705
2031,PC_Rewetting,DE9,9960939.858006999
2031,PC_Rewetting,DEA,20569409.36581176
2031,PC_Rewetting,DEB,94980.19443761781
2031,PC_Rewetting,DEC,11859.85829195168
2031,PC_Rewetting,DEE,1252847.475326575
2031,PC_Rewetting,DED,457272.8626776244
2031,PC_Rewetting,DEF,2399211.0363997435
2031,PC_Rewetting,DEG,16376.409426881386
2032,FM01_PSA,DE1,0.0
2032,FM01_PSA,DE2,0.0
2032,FM01_PSA,DE3,0.0
2032,FM01_PSA,DE4,0.0
2032,FM01_PSA,DE5,0.0
2032,FM01_PSA,DE6,0.0
2032,FM01_PSA,DE7,0.0
2032,FM01_PSA,DE8,0.0
2032,FM01_PSA,DE9,0.0
2032,FM01_PSA,DEA,0.0
2032,FM01_PSA,DEB,0.0
2032,FM01_PSA,DEC,0.0
2032,FM01_PSA,DEE,0.0
2032,FM01_PSA,DED,0.0
2032,FM01_PSA,DEF,0.0
2032,FM01_PSA,DEG,0.0
2032,FM02_TSA,DE1,53949.3017330084
2032,FM02_TSA,DE2,53347.08364174297
2032,FM02_TSA,DE3,18.94305300857961
2032,FM02_TSA,DE4,3398.8291022516723
2032,FM02_TSA,DE5,13.581192977127042
2032,FM02_TSA,DE6,69.78866879602057
2032,FM02_TSA,DE7,48661.61746137947
2032,FM02_TSA,DE8,10311.004379905607
2032,FM02_TSA,DE9,24346.635171029513
2032,FM02_TSA,DEA,29509.885702695217
2032,FM02_TSA,DEB,38720.612949161674
2032,FM02_TSA,DEC,4508.152798218023
2032,FM02_TSA,DEE,5860.173799808408
2032,FM02_TSA,DED,3683.088389243686
2032,FM02_TSA,DEF,6803.608961203351
2032,FM02_TSA,DEG,18620.999670081797
2032,FM03_Beech,DE1,0.0
2032,FM03_Beech,DE2,0.0
2032,FM03_Beech,DE3,0.0
2032,FM03_Beech,DE4,0.0
2032,FM03_Beech,DE5,0.0
2032,FM03_Beech,DE6,0.0
2032,FM03_Beech,DE7,0.0
2032,FM03_Beech,DE8,0.0
2032,FM03_Beech,DE9,0.0
2032,FM03_Beech,DEA,0.0
2032,FM03_Beech,DEB,0.0
2032,FM03_Beech,DEC,0.0
2032,FM03_Beech,DEE,0.0
2032,FM03_Beech,DED,0.0
2032,FM03_Beech,DEF,0.0
2032,FM03_Beech,DEG,0.0
2032,FM04_DouglasFir,DE1,0.0
2032,FM04_DouglasFir,DE2,0.0
2032,FM04_DouglasFir,DE3,0.0
2032,FM04_DouglasFir,DE4,0.0
2032,FM04_DouglasFir,DE5,0.0
2032,FM04_DouglasFir,DE6,0.0
2032,FM04_DouglasFir,DE7,0.0
2032,FM04_DouglasFir,DE8,0.0
2032,FM04_DouglasFir,DE9,0.0
2032,FM04_DouglasFir,DEA,0.0
2032,FM04_DouglasFir,DEB,0.0
2032,FM04_DouglasFir,DEC,0.0
2032,FM04_DouglasFir,DEE,0.0
2032,FM04_DouglasFir,DED,0.0
2032,FM04_DouglasFir,DEF,0.0
2032,FM04_DouglasFir,DEG,0.0
2032,FM05_Oak,DE1,0.0
2032,FM05_Oak,DE2,0.0
2032,FM05_Oak,DE3,0.0
2032,FM05_Oak,DE4,0.0
2032,FM05_Oak,DE5,0.0
2032,FM05_Oak,DE6,0.0
2032,FM05_Oak,DE7,0.0
2032,FM05_Oak,DE8,0.0
2032,FM05_Oak,DE9,0.0
2032,FM05_Oak,DEA,0.0
2032,FM05_Oak,DEB,0.0
2032,FM05_Oak,DEC,0.0
2032,FM05_Oak,DEE,0.0
2032,FM05_Oak,DED,0.0
2032,FM05_Oak,DEF,0.0
2032,FM05_Oak,DEG,0.0
2032,FM06_ScotPine,DE1,0.0
2032,FM06_ScotPine,DE2,0.0
2032,FM06_ScotPine,DE3,0.0
2032,FM06_ScotPine,DE4,0.0
2032,FM06_ScotPine,DE5,0.0
2032,FM06_ScotPine,DE6,0.0
2032,FM06_ScotPine,DE7,0.0
2032,FM06_ScotPine,DE8,0.0
2032,FM06_ScotPine,DE9,0.0
2032,FM06_ScotPine,DEA,0.0
2032,FM06_ScotPine,DEB,0.0
2032,FM06_ScotPine,DEC,0.0
2032,FM06_ScotPine,DEE,0.0
2032,FM06_ScotPine,DED,0.0
2032,FM06_ScotPine,DEF,0.0
2032,FM06_ScotPine,DEG,0.0
2032,PC_Rewetting,DE1,874504.8950046198
2032,PC_Rewetting,DE2,4112888.2747982894
2032,PC_Rewetting,DE3,12628.353860417836
2032,PC_Rewetting,DE4,4661506.598744417
2032,PC_Rewetting,DE5,118670.6368941518
2032,PC_Rewetting,DE6,57821.80108329681
2032,PC_Rewetting,DE7,136742.21547723858
2032,PC_Rewetting,DE8,5189678.843812187
2032,PC_Rewetting,DE9,12116585.605939522
2032,PC_Rewetting,DEA,21362524.327488445
2032,PC_Rewetting,DEB,115534.84642787896
2032,PC_Rewetting,DEC,14426.44874050029
2032,PC_Rewetting,DEE,1523976.0406521456
2032,PC_Rewetting,DED,556231.2256561534
2032,PC_Rewetting,DEF,2918423.996495126
2032,PC_Rewetting,DEG,19920.42614123611
2033,FM01_PSA,DE1,0.0
2033,FM01_PSA,DE2,0.0
2033,FM01_PSA,DE3,0.0
2033,FM01_PSA,DE4,0.0
2033,FM01_PSA,DE5,0.0
2033,FM01_PSA,DE6,0.0
2033,FM01_PSA,DE7,0.0
2033,FM01_PSA,DE8,0.0
2033,FM01_PSA,DE9,0.0
2033,FM01_PSA,DEA,0.0
2033,FM01_PSA,DEB,0.0
2033,FM01_PSA,DEC,0.0
2033,FM01_PSA,DEE,0.0
2033,FM01_PSA,DED,0.0
2033,FM01_PSA,DEF,0.0
2033,FM01_PSA,DEG,0.0
2033,FM02_TSA,DE1,59629.912472796685
2033,FM02_TSA,DE2,58964.283615366614
2033,FM02_TSA,DE3,20.937668451379256
2033,FM02_TSA,DE4,3756.7100104515043
2033,FM02_TSA,DE5,15.01122947818896
2033,FM02_TSA,DE6,77.13709127311155
2033,FM02_TSA,DE7,53785.45962220305
2033,FM02_TSA,DE8,11396.705220082722
2033,FM02_TSA,DE9,26910.22270205473
2033,FM02_TSA,DEA,32617.139518180462
2033,FM02_TSA,DEB,42797.713536278534
2033,FM02_TSA,DEC,4982.840335953016
2033,FM02_TSA,DEE,6477.222865410118
2033,FM02_TSA,DED,4070.9004792512596
2033,FM02_TSA,DEF,7519.997364627018
2033,FM02_TSA,DEG,20581.704393100317
2033,FM03_Beech,DE1,0.0
2033,FM03_Beech,DE2,0.0
2033,FM03_Beech,DE3,0.0
2033,FM03_Beech,DE4,0.0
2033,FM03_Beech,DE5,0.0
2033,FM03_Beech,DE6,0.0
2033,FM03_Beech,DE7,0.0
2033,FM03_Beech,DE8,0.0
2033,FM03_Beech,DE9,0.0
2033,FM03_Beech,DEA,0.0
2033,FM03_Beech,DEB,0.0
2033,FM03_Beech,DEC,0.0
2033,FM03_Beech,DEE,0.0
2033,FM03_Beech,DED,0.0
2033,FM03_Beech,DEF,0.0
2033,FM03_Beech,DEG,0.0
2033,FM04_DouglasFir,DE1,0.0
2033,FM04_DouglasFir,DE2,0.0
2033,FM04_DouglasFir,DE3,0.0
2033,FM04_DouglasFir,DE4,0.0
2033,FM04_DouglasFir,DE5,0.0
2033,FM04_DouglasFir,DE6,0.0
2033,FM04_DouglasFir,DE7,0.0
2033,FM04_DouglasFir,DE8,0.0
2033,FM04_DouglasFir,DE9,0.0
2033,FM04_DouglasFir,DEA,0.0
2033,FM04_DouglasFir,DEB,0.0
2033,FM04_DouglasFir,DEC,0.0
2033,FM04_DouglasFir,DEE,0.0
2033,FM04_DouglasFir,DED,0.0
2033,FM04_DouglasFir,DEF,0.0
2033,FM04_DouglasFir,DEG,0.0
2033,FM05_Oak,DE1,0.0
2033,FM05_Oak,DE2,0.0
2033,FM05_Oak,DE3,0.0
2033,FM05_Oak,DE4,0.0
2033,FM05_Oak,DE5,0.0
2033,FM05_Oak,DE6,0.0
2033,FM05_Oak,DE7,0.0
2033,FM05_Oak,DE8,0.0
2033,FM05_Oak,DE9,0.0
2033,FM05_Oak,DEA,0.0
2033,FM05_Oak,DEB,0.0
2033,FM05_Oak,DEC,0.0
2033,FM05_Oak,DEE,0.0
2033,FM05_Oak,DED,0.0
2033,FM05_Oak,DEF,0.0
2033,FM05_Oak,DEG,0.0
2033,FM06_ScotPine,DE1,0.0
2033,FM06_ScotPine,DE2,0.0
2033,FM06_ScotPine,DE3,0.0
2033,FM06_ScotPine,DE4,0.0
2033,FM06_ScotPine,DE5,0.0
2033,FM06_ScotPine,DE6,0.0
2033,FM06_ScotPine,DE7,0.0
2033,FM06_ScotPine,DE8,0.0
2033,FM06_ScotPine,DE9,0.0
2033,FM06_ScotPine,DEA,0.0
2033,FM06_ScotPine,DEB,0.0
2033,FM06_ScotPine,DEC,0.0
2033,FM06_ScotPine,DEE,0.0
2033,FM06_ScotPine,DED,0.0
2033,FM06_ScotPine,DEF,0.0
2033,FM06_ScotPine,DEG,0.0
2033,PC_Rewetting,DE1,1049535.3263575966
2033,PC_Rewetting,DE2,4936074.757751872
2033,PC_Rewetting,DE3,15155.893998949918
2033,PC_Rewetting,DE4,5594497.958076569
2033,PC_Rewetting,DE5,142422.33100491617
2033,PC_Rewetting,DE6,69394.72062099933
2033,PC_Rewetting,DE7,164110.90042784286
2033,PC_Rewetting,DE8,6228382.837128389
2033,PC_Rewetting,DE9,14541696.336876778
2033,PC_Rewetting,DEA,22174124.68068189
2033,PC_Rewetting,DEB,138658.9182565046
2033,PC_Rewetting,DEC,17313.874025784746
2033,PC_Rewetting,DEE,1828996.841897103
2033,PC_Rewetting,DED,667559.8093092811
2033,PC_Rewetting,DEF,3502540.8080708017
2033,PC_Rewetting,DEG,23907.46017632547
2034,FM01_PSA,DE1,0.0
2034,FM01_PSA,DE2,0.0
2034,FM01_PSA,DE3,0.0
2034,FM01_PSA,DE4,0.0
2034,FM01_PSA,DE5,0.0
2034,FM01_PSA,DE6,0.0
2034,FM01_PSA,DE7,0.0
2034,FM01_PSA,DE8,0.0
2034,FM01_PSA,DE9,0.0
2034,FM01_PSA,DEA,0.0
2034,FM01_PSA,DEB,0.0
2034,FM01_PSA,DEC,0.0
2034,FM01_PSA,DEE,0.0
2034,FM01_PSA,DED,0.0
2034,FM01_PSA,DEF,0.0
2034,FM01_PSA,DEG,0.0
2034,FM02_TSA,DE1,65501.12800751108
2034,FM02_TSA,DE2,64769.960726057994
2034,FM02_TSA,DE3,22.99921037177899
2034,FM02_TSA,DE4,4126.599102320324
2034,FM02_TSA,DE5,16.48924881534148
2034,FM02_TSA,DE6,84.73207959029186
2034,FM02_TSA,DE7,59081.225002031424
2034,FM02_TSA,DE8,12518.835204144598
2034,FM02_TSA,DE9,29559.827757956926
2034,FM02_TSA,DEA,35828.65280565094
2034,FM02_TSA,DEB,47011.61542116034
2034,FM02_TSA,DEC,5473.455337288045
2034,FM02_TSA,DEE,7114.976132724609
2034,FM02_TSA,DED,4471.725051062597
2034,FM02_TSA,DEF,8260.42315962297
2034,FM02_TSA,DEG,22608.197767860802
2034,FM03_Beech,DE1,0.0
2034,FM03_Beech,DE2,0.0
2034,FM03_Beech,DE3,0.0
2034,FM03_Beech,DE4,0.0
2034,FM03_Beech,DE5,0.0
2034,FM03_Beech,DE6,0.0
2034,FM03_Beech,DE7,0.0
2034,FM03_Beech,DE8,0.0
2034,FM03_Beech,DE9,0.0
2034,FM03_Beech,DEA,0.0
2034,FM03_Beech,DEB,0.0
2034,FM03_Beech,DEC,0.0
2034,FM03_Beech,DEE,0.0
2034,FM03_Beech,DED,0.0
2034,FM03_Beech,DEF,0.0
2034,FM03_Beech,DEG,0.0
2034,FM04_DouglasFir,DE1,0.0
2034,FM04_DouglasFir,DE2,0.0
2034,FM04_DouglasFir,DE3,0.0
2034,FM04_DouglasFir,DE4,0.0
2034,FM04_DouglasFir,DE5,0.0
2034,FM04_DouglasFir,DE6,0.0
2034,FM04_DouglasFir,DE7,0.0
2034,FM04_DouglasFir,DE8,0.0
2034,FM04_DouglasFir,DE9,0.0
2034,FM04_DouglasFir,DEA,0.0
2034,FM04_DouglasFir,DEB,0.0
2034,FM04_DouglasFir,DEC,0.0
2034,FM04_DouglasFir,DEE,0.0
2034,FM04_DouglasFir,DED,0.0
2034,FM04_DouglasFir,DEF,0.0
2034,FM04_DouglasFir,DEG,0.0
2034,FM05_Oak,DE1,0.0
2034,FM05_Oak,DE2,0.0
2034,FM05_Oak,DE3,0.0
2034,FM05_Oak,DE4,0.0
2034,FM05_Oak,DE5,0.0
2034,FM05_Oak,DE6,0.0
2034,FM05_Oak,DE7,0.0
2034,FM05_Oak,DE8,0.0
2034,FM05_Oak,DE9,0.0
2034,FM05_Oak,DEA,0.0
2034,FM05_Oak,DEB,0.0
2034,FM05_Oak,DEC,0.0
2034,FM05_Oak,DEE,0.0
2034,FM05_Oak,DED,0.0
2034,FM05_Oak,DEF,0.0
2034,FM05_Oak,DEG,0.0
2034,FM06_ScotPine,DE1,0.0
2034,FM06_ScotPine,DE2,0.0
2034,FM06_ScotPine,DE3,0.0
2034,FM06_ScotPine,DE4,0.0
2034,FM06_ScotPine,DE5,0.0
2034,FM06_ScotPine,DE6,0.0
2034,FM06_ScotPine,DE7,0.0
2034,FM06_ScotPine,DE8,0.0
2034,FM06_ScotPine,DE9,0.0
2034,FM06_ScotPine,DEA,0.0
2034,FM06_ScotPine,DEB,0.0
2034,FM06_ScotPine,DEC,0.0
2034,FM06_ScotPine,DEE,0.0
2034,FM06_ScotPine,DED,0.0
2034,FM06_ScotPine,DEF,0.0
2034,FM06_ScotPine,DEG,0.0
2034,PC_Rewetting,DE1,1245032.0675846813
2034,PC_Rewetting,DE2,5855516.443381207
2034,PC_Rewetting,DE3,17978.97942806135
2034,PC_Rewetting,DE4,6636584.005243031
2034,PC_Rewetting,DE5,168951.31091648864
2034,PC_Rewetting,DE6,82320.86174180523
2034,PC_Rewetting,DE7,194679.8059498992
2034,PC_Rewetting,DE8,7388542.497498349
2034,PC_Rewetting,DE9,17250375.286864437
2034,PC_Rewetting,DEA,23005177.912287995
2034,PC_Rewetting,DEB,164486.8880069801
2034,PC_Rewetting,DEC,20538.92597501654
2034,PC_Rewetting,DEE,2169683.7281083874
2034,PC_Rewetting,DED,791906.045225949
2034,PC_Rewetting,DEF,4154958.403550023
2034,PC_Rewetting,DEG,28360.698136126623
2035,FM01_PSA,DE1,0.0
2035,FM01_PSA,DE2,0.0
2035,FM01_PSA,DE3,0.0
2035,FM01_PSA,DE4,0.0
2035,FM01_PSA,DE5,0.0
2035,FM01_PSA,DE6,0.0
2035,FM01_PSA,DE7,0.0
2035,FM01_PSA,DE8,0.0
2035,FM01_PSA,DE9,0.0
2035,FM01_PSA,DEA,0.0
2035,FM01_PSA,DEB,0.0
2035,FM01_PSA,DEC,0.0
2035,FM01_PSA,DEE,0.0
2035,FM01_PSA,DED,0.0
2035,FM01_PSA,DEF,0.0
2035,FM01_PSA,DEG,0.0
2035,FM02_TSA,DE1,71564.7317076455
2035,FM02_TSA,DE2,70765.87843714003
2035,FM02_TSA,DE3,25.128304959195823
2035,FM02_TSA,DE4,4508.608730962621
2035,FM02_TSA,DE5,18.01569993413254
2035,FM02_TSA,DE6,92.57594071074253
2035,FM02_TSA,DE7,64550.52217947411
2035,FM02_TSA,DE8,13677.735176928574
2035,FM02_TSA,DE9,32296.255151206253
2035,FM02_TSA,DEA,39145.40105612785
2035,FM02_TSA,DEB,51363.59856844838
2035,FM02_TSA,DEC,5980.146825591796
2035,FM02_TSA,DEE,7773.627318087552
2035,FM02_TSA,DED,4885.683854375079
2035,FM02_TSA,DEF,9025.111249110869
2035,FM02_TSA,DEG,24701.09533785153
2035,FM03_Beech,DE1,0.0
2035,FM03_Beech,DE2,0.0
2035,FM03_Beech,DE3,0.0
2035,FM03_Beech,DE4,0.0
2035,FM03_Beech,DE5,0.0
2035,FM03_Beech,DE6,0.0
2035,FM03_Beech,DE7,0.0
2035,FM03_Beech,DE8,0.0
2035,FM03_Beech,DE9,0.0
2035,FM03_Beech,DEA,0.0
2035,FM03_Beech,DEB,0.0
2035,FM03_Beech,DEC,0.0
2035,FM03_Beech,DEE,0.0
2035,FM03_Beech,DED,0.0
2035,FM03_Beech,DEF,0.0
2035,FM03_Beech,DEG,0.0
2035,FM04_DouglasFir,DE1,0.0
2035,FM04_DouglasFir,DE2,0.0
2035,FM04_DouglasFir,DE3,0.0
2035,FM04_DouglasFir,DE4,0.0
2035,FM04_DouglasFir,DE5,0.0
2035,FM04_DouglasFir,DE6,0.0
2035,FM04_DouglasFir,DE7,0.0
2035,FM04_DouglasFir,DE8,0.0
2035,FM04_DouglasFir,DE9,0.0
2035,FM04_DouglasFir,DEA,0.0
2035,FM04_DouglasFir,DEB,0.0
2035,FM04_DouglasFir,DEC,0.0
2035,FM04_DouglasFir,DEE,0.0
2035,FM04_DouglasFir,DED,0.0
2035,FM04_DouglasFir,DEF,0.0
2035,FM04_DouglasFir,DEG,0.0
2035,FM05_Oak,DE1,0.0
2035,FM05_Oak,DE2,0.0
2035,FM05_Oak,DE3,0.0
2035,FM05_Oak,DE4,0.0
2035,FM05_Oak,DE5,0.0
2035,FM05_Oak,DE6,0.0
2035,FM05_Oak,DE7,0.0
2035,FM05_Oak,DE8,0.0
2035,FM05_Oak,DE9,0.0
2035,FM05_Oak,DEA,0.0
2035,FM05_Oak,DEB,0.0
2035,FM05_Oak,DEC,0.0
2035,FM05_Oak,DEE,0.0
2035,FM05_Oak,DED,0.0
2035,FM05_Oak,DEF,0.0
2035,FM05_Oak,DEG,0.0
2035,FM06_ScotPine,DE1,0.0
2035,FM06_ScotPine,DE2,0.0
2035,FM06_ScotPine,DE3,0.0
2035,FM06_ScotPine,DE4,0.0
2035,FM06_ScotPine,DE5,0.0
2035,FM06_ScotPine,DE6,0.0
2035,FM06_ScotPine,DE7,0.0
2035,FM06_ScotPine,DE8,0.0
2035,FM06_ScotPine,DE9,0.0
2035,FM06_ScotPine,DEA,0.0
2035,FM06_ScotPine,DEB,0.0
2035,FM06_ScotPine,DEC,0.0
2035,FM06_ScotPine,DEE,0.0
2035,FM06_ScotPine,DED,0.0
2035,FM06_ScotPine,DEF,0.0
2035,FM06_ScotPine,DEG,0.0
2035,PC_Rewetting,DE1,1462013.0084906807
2035,PC_Rewetting,DE2,6876000.5742359245
2035,PC_Rewetting,DE3,21112.309062211538
2035,PC_Rewetting,DE4,7793190.553259832
2035,PC_Rewetting,DE5,198395.70465092422
2035,PC_Rewetting,DE6,96667.52678118959
2035,PC_Rewetting,DE7,228608.09468253734
2035,PC_Rewetting,DE8,8676198.409961114
2035,PC_Rewetting,DE9,20256725.691948168
2035,PC_Rewetting,DEA,23856651.50920264
2035,PC_Rewetting,DEB,193153.2337627907
2035,PC_Rewetting,DEC,24118.396415407136
2035,PC_Rewetting,DEE,2547810.548332939
2035,PC_Rewetting,DED,929917.3649950988
2035,PC_Rewetting,DEF,4879073.715356041
2035,PC_Rewetting,DEG,33303.32662461672
2036,FM01_PSA,DE1,0.0
2036,FM01_PSA,DE2,0.0
2036,FM01_PSA,DE3,0.0
2036,FM01_PSA,DE4,0.0
2036,FM01_PSA,DE5,0.0
2036,FM01_PSA,DE6,0.0
2036,FM01_PSA,DE7,0.0
2036,FM01_PSA,DE8,0.0
2036,FM01_PSA,DE9,0.0
2036,FM01_PSA,DEA,0.0
2036,FM01_PSA,DEB,0.0
2036,FM01_PSA,DEC,0.0
2036,FM01_PSA,DEE,0.0
2036,FM01_PSA,DED,0.0
2036,FM01_PSA,DEF,0.0
2036,FM01_PSA,DEG,0.0
2036,FM02_TSA,DE1,77822.50694369386
2036,FM02_TSA,DE2,76953.8002119356
2036,FM02_TSA,DE3,27.325578403046762
2036,FM02_TSA,DE4,4902.851249482887
2036,FM02_TSA,DE5,19.591031780110082
2036,FM02_TSA,DE6,100.67098159764458
2036,FM02_TSA,DE7,70194.95973314063
2036,FM02_TSA,DE8,14873.745983271989
2036,FM02_TSA,DE9,35120.30969427284
2036,FM02_TSA,DEA,42568.359760632404
2036,FM02_TSA,DEB,55854.942942783906
2036,FM02_TSA,DEC,6503.063824232951
2036,FM02_TSA,DEE,8453.37013783462
2036,FM02_TSA,DED,5312.898638886084
2036,FM02_TSA,DEF,9814.286536010375
2036,FM02_TSA,DEG,26861.012646560772
2036,FM03_Beech,DE1,0.0
2036,FM03_Beech,DE2,0.0
2036,FM03_Beech,DE3,0.0
2036,FM03_Beech,DE4,0.0
2036,FM03_Beech,DE5,0.0
2036,FM03_Beech,DE6,0.0
2036,FM03_Beech,DE7,0.0
2036,FM03_Beech,DE8,0.0
2036,FM03_Beech,DE9,0.0
2036,FM03_Beech,DEA,0.0
2036,FM03_Beech,DEB,0.0
2036,FM03_Beech,DEC,0.0
2036,FM03_Beech,DEE,0.0
2036,FM03_Beech,DED,0.0
2036,FM03_Beech,DEF,0.0
2036,FM03_Beech,DEG,0.0
2036,FM04_DouglasFir,DE1,0.0
2036,FM04_DouglasFir,DE2,0.0
2036,FM04_DouglasFir,DE3,0.0
2036,FM04_DouglasFir,DE4,0.0
2036,FM04_DouglasFir,DE5,0.0
2036,FM04_DouglasFir,DE6,0.0
2036,FM04_DouglasFir,DE7,0.0
2036,FM04_DouglasFir,DE8,0.0
2036,FM04_DouglasFir,DE9,0.0
2036,FM04_DouglasFir,DEA,0.0
2036,FM04_DouglasFir,DEB,0.0
2036,FM04_DouglasFir,DEC,0.0
2036,FM04_DouglasFir,DEE,0.0
2036,FM04_DouglasFir,DED,0.0
2036,FM04_DouglasFir,DEF,0.0
2036,FM04_DouglasFir,DEG,0.0
2036,FM05_Oak,DE1,0.0
2036,FM05_Oak,DE2,0.0
2036,FM05_Oak,DE3,0.0
2036,FM05_Oak,DE4,0.0
2036,FM05_Oak,DE5,0.0
2036,FM05_Oak,DE6,0.0
2036,FM05_Oak,DE7,0.0
2036,FM05_Oak,DE8,0.0
2036,FM05_Oak,DE9,0.0
2036,FM05_Oak,DEA,0.0
2036,FM05_Oak,DEB,0.0
2036,FM05_Oak,DEC,0.0
2036,FM05_Oak,DEE,0.0
2036,FM05_Oak,DED,0.0
2036,FM05_Oak,DEF,0.0
2036,FM05_Oak,DEG,0.0
2036,FM06_ScotPine,DE1,0.0
2036,FM06_ScotPine,DE2,0.0
2036,FM06_ScotPine,DE3,0.0
2036,FM06_ScotPine,DE4,0.0
2036,FM06_ScotPine,DE5,0.0
2036,FM06_ScotPine,DE6,0.0
2036,FM06_ScotPine,DE7,0.0
2036,FM06_ScotPine,DE8,0.0
2036,FM06_ScotPine,DE9,0.0
2036,FM06_ScotPine,DEA,0.0
2036,FM06_ScotPine,DEB,0.0
2036,FM06_ScotPine,DEC,0.0
2036,FM06_ScotPine,DEE,0.0
2036,FM06_ScotPine,DED,0.0
2036,FM06_ScotPine,DEF,0.0
2036,FM06_ScotPine,DEG,0.0
2036,PC_Rewetting,DE1,1701496.0388804006
2036,PC_Rewetting,DE2,8002314.392865651
2036,PC_Rewetting,DE3,24570.581815859878
2036,PC_Rewetting,DE4,9069743.415143002
2036,PC_Rewetting,DE5,230893.64023027787
2036,PC_Rewetting,DE6,112502.01807462753
2036,PC_Rewetting,DE7,266054.9292648871
2036,PC_Rewetting,DE8,10097391.159555722
2036,PC_Rewetting,DE9,23574850.78817365
2036,PC_Rewetting,DEA,24729512.958321724
2036,PC_Rewetting,DEB,224792.4336074219
2036,PC_Rewetting,DEC,28069.077174168033
2036,PC_Rewetting,DEE,2965151.1516176984
2036,PC_Rewetting,DED,1082241.2002056725
2036,PC_Rewetting,DEF,5678283.675912108
2036,PC_Rewetting,DEG,38758.53224577293
2037,FM01_PSA,DE1,0.0
2037,FM01_PSA,DE2,0.0
2037,FM01_PSA,DE3,0.0
2037,FM01_PSA,DE4,0.0
2037,FM01_PSA,DE5,0.0
2037,FM01_PSA,DE6,0.0
2037,FM01_PSA,DE7,0.0
2037,FM01_PSA,DE8,0.0
2037,FM01_PSA,DE9,0.0
2037,FM01_PSA,DEA,0.0
2037,FM01_PSA,DEB,0.0
2037,FM01_PSA,DEC,0.0
2037,FM01_PSA,DEE,0.0
2037,FM01_PSA,DED,0.0
2037,FM01_PSA,DEF,0.0
2037,FM01_PSA,DEG,0.0
2037,FM02_TSA,DE1,84276.23708615008
2037,FM02_TSA,DE2,83335.48951376768
2037,FM02_TSA,DE3,29.591656892748823
2037,FM02_TSA,DE4,5309.439010985614
2037,FM02_TSA,DE5,21.21569329882205
2037,FM02_TSA,DE6,109.01950921417908
2037,FM02_TSA,DE7,76016.14624164053
2037,FM02_TSA,DE8,16107.208468012184
2037,FM02_TSA,DE9,38032.79619962684
2037,FM02_TSA,DEA,46098.50441018582
2037,FM02_TSA,DEB,60486.928508808225
2037,FM02_TSA,DEC,7042.355356580198
2037,FM02_TSA,DEE,9154.398308301485
2037,FM02_TSA,DED,5753.491154292994
2037,FM02_TSA,DEF,10628.173923241158
2037,FM02_TSA,DEG,29088.565237476814
2037,FM03_Beech,DE1,0.0
2037,FM03_Beech,DE2,0.0
2037,FM03_Beech,DE3,0.0
2037,FM03_Beech,DE4,0.0
2037,FM03_Beech,DE5,0.0
2037,FM03_Beech,DE6,0.0
2037,FM03_Beech,DE7,0.0
2037,FM03_Beech,DE8,0.0
2037,FM03_Beech,DE9,0.0
2037,FM03_Beech,DEA,0.0
2037,FM03_Beech,DEB,0.0
2037,FM03_Beech,DEC,0.0
2037,FM03_Beech,DEE,0.0
2037,FM03_Beech,DED,0.0
2037,FM03_Beech,DEF,0.0
2037,FM03_Beech,DEG,0.0
2037,FM04_DouglasFir,DE1,0.0
2037,FM04_DouglasFir,DE2,0.0
2037,FM04_DouglasFir,DE3,0.0
2037,FM04_DouglasFir,DE4,0.0
2037,FM04_DouglasFir,DE5,0.0
2037,FM04_DouglasFir,DE6,0.0
2037,FM04_DouglasFir,DE7,0.0
2037,FM04_DouglasFir,DE8,0.0
2037,FM04_DouglasFir,DE9,0.0
2037,FM04_DouglasFir,DEA,0.0
2037,FM04_DouglasFir,DEB,0.0
2037,FM04_DouglasFir,DEC,0.0
2037,FM04_DouglasFir,DEE,0.0
2037,FM04_DouglasFir,DED,0.0
2037,FM04_DouglasFir,DEF,0.0
2037,FM04_DouglasFir,DEG,0.0
2037,FM05_Oak,DE1,0.0
2037,FM05_Oak,DE2,0.0
2037,FM05_Oak,DE3,0.0
2037,FM05_Oak,DE4,0.0
2037,FM05_Oak,DE5,0.0
2037,FM05_Oak,DE6,0.0
2037,FM05_Oak,DE7,0.0
2037,FM05_Oak,DE8,0.0
2037,FM05_Oak,DE9,0.0
2037,FM05_Oak,DEA,0.0
2037,FM05_Oak,DEB,0.0
2037,FM05_Oak,DEC,0.0
2037,FM05_Oak,DEE,0.0
2037,FM05_Oak,DED,0.0
2037,FM05_Oak,DEF,0.0
2037,FM05_Oak,DEG,0.0
2037,FM06_ScotPine,DE1,0.0
2037,FM06_ScotPine,DE2,0.0
2037,FM06_ScotPine,DE3,0.0
2037,FM06_ScotPine,DE4,0.0
2037,FM06_ScotPine,DE5,0.0
2037,FM06_ScotPine,DE6,0.0
2037,FM06_ScotPine,DE7,0.0
2037,FM06_ScotPine,DE8,0.0
2037,FM06_ScotPine,DE9,0.0
2037,FM06_ScotPine,DEA,0.0
2037,FM06_ScotPine,DEB,0.0
2037,FM06_ScotPine,DEC,0.0
2037,FM06_ScotPine,DEE,0.0
2037,FM06_ScotPine,DED,0.0
2037,FM06_ScotPine,DEF,0.0
2037,FM06_ScotPine,DEG,0.0
2037,PC_Rewetting,DE1,1964499.0485586466
2037,PC_Rewetting,DE2,9239245.141820012
2037,PC_Rewetting,DE3,28368.496603465774
2037,PC_Rewetting,DE4,10471668.403908568
2037,PC_Rewetting,DE5,266583.2456766045
2037,PC_Rewetting,DE6,129891.63795759408
2037,PC_Rewetting,DE7,307179.47233607824
2037,PC_Rewetting,DE8,11658161.331321215
2037,PC_Rewetting,DE9,27218853.81158654
2037,PC_Rewetting,DEA,25624729.74654112
2037,PC_Rewetting,DEB,259538.96562435883
2037,PC_Rewetting,DEC,32407.76007851069
2037,PC_Rewetting,DEE,3423479.387009604
2037,PC_Rewetting,DED,1249524.9824466112
2037,PC_Rewetting,DEF,6555985.217641475
2037,PC_Rewetting,DEG,44749.50160357238
2038,FM01_PSA,DE1,0.0
2038,FM01_PSA,DE2,0.0
2038,FM01_PSA,DE3,0.0
2038,FM01_PSA,DE4,0.0
2038,FM01_PSA,DE5,0.0
2038,FM01_PSA,DE6,0.0
2038,FM01_PSA,DE7,0.0
2038,FM01_PSA,DE8,0.0
2038,FM01_PSA,DE9,0.0
2038,FM01_PSA,DEA,0.0
2038,FM01_PSA,DEB,0.0
2038,FM01_PSA,DEC,0.0
2038,FM01_PSA,DEE,0.0
2038,FM01_PSA,DED,0.0
2038,FM01_PSA,DEF,0.0
2038,FM01_PSA,DEG,0.0
2038,FM02_TSA,DE1,90927.70550550807
2038,FM02_TSA,DE2,89912.70980595914
2038,FM02_TSA,DE3,31.927166617719006
2038,FM02_TSA,DE4,5728.484368575291
2038,FM02_TSA,DE5,22.89013343581638
2038,FM02_TSA,DE6,117.623830523527
2038,FM02_TSA,DE7,82015.69028358332
2038,FM02_TSA,DE8,17378.463475986497
2038,FM02_TSA,DE9,41034.51947973838
2038,FM02_TSA,DEA,49736.81049580929
2038,FM02_TSA,DEB,65260.8352311626
2038,FM02_TSA,DEC,7598.1704460022165
2038,FM02_TSA,DEE,9876.905545823818
2038,FM02_TSA,DED,6207.583150293187
2038,FM02_TSA,DEF,11466.99831372288
2038,FM02_TSA,DEG,31384.368654087928
2038,FM03_Beech,DE1,0.0
2038,FM03_Beech,DE2,0.0
2038,FM03_Beech,DE3,0.0
2038,FM03_Beech,DE4,0.0
2038,FM03_Beech,DE5,0.0
2038,FM03_Beech,DE6,0.0
2038,FM03_Beech,DE7,0.0
2038,FM03_Beech,DE8,0.0
2038,FM03_Beech,DE9,0.0
2038,FM03_Beech,DEA,0.0
2038,FM03_Beech,DEB,0.0
2038,FM03_Beech,DEC,0.0
2038,FM03_Beech,DEE,0.0
2038,FM03_Beech,DED,0.0
2038,FM03_Beech,DEF,0.0
2038,FM03_Beech,DEG,0.0
2038,FM04_DouglasFir,DE1,0.0
2038,FM04_DouglasFir,DE2,0.0
2038,FM04_DouglasFir,DE3,0.0
2038,FM04_DouglasFir,DE4,0.0
2038,FM04_DouglasFir,DE5,0.0
2038,FM04_DouglasFir,DE6,0.0
2038,FM04_DouglasFir,DE7,0.0
2038,FM04_DouglasFir,DE8,0.0
2038,FM04_DouglasFir,DE9,0.0
2038,FM04_DouglasFir,DEA,0.0
2038,FM04_DouglasFir,DEB,0.0
2038,FM04_DouglasFir,DEC,0.0
2038,FM04_DouglasFir,DEE,0.0
2038,FM04_DouglasFir,DED,0.0
2038,FM04_DouglasFir,DEF,0.0
2038,FM04_DouglasFir,DEG,0.0
2038,FM05_Oak,DE1,0.0
2038,FM05_Oak,DE2,0.0
2038,FM05_Oak,DE3,0.0
2038,FM05_Oak,DE4,0.0
2038,FM05_Oak,DE5,0.0
2038,FM05_Oak,DE6,0.0
2038,FM05_Oak,DE7,0.0
2038,FM05_Oak,DE8,0.0
2038,FM05_Oak,DE9,0.0
2038,FM05_Oak,DEA,0.0
2038,FM05_Oak,DEB,0.0
2038,FM05_Oak,DEC,0.0
2038,FM05_Oak,DEE,0.0
2038,FM05_Oak,DED,0.0
2038,FM05_Oak,DEF,0.0
2038,FM05_Oak,DEG,0.0
2038,FM06_ScotPine,DE1,0.0
2038,FM06_ScotPine,DE2,0.0
2038,FM06_ScotPine,DE3,0.0
2038,FM06_ScotPine,DE4,0.0
2038,FM06_ScotPine,DE5,0.0
2038,FM06_ScotPine,DE6,0.0
2038,FM06_ScotPine,DE7,0.0
2038,FM06_ScotPine,DE8,0.0
2038,FM06_ScotPine,DE9,0.0
2038,FM06_ScotPine,DEA,0.0
2038,FM06_ScotPine,DEB,0.0
2038,FM06_ScotPine,DEC,0.0
2038,FM06_ScotPine,DEE,0.0
2038,FM06_ScotPine,DED,0.0
2038,FM06_ScotPine,DEF,0.0
2038,FM06_ScotPine,DEG,0.0
2038,PC_Rewetting,DE1,2252039.927330225
2038,PC_Rewetting,DE2,10591580.063648634
2038,PC_Rewetting,DE3,32520.752339488627
2038,PC_Rewetting,DE4,12004391.332572563
2038,PC_Rewetting,DE5,276485.5278235005
2038,PC_Rewetting,DE6,148903.68876556438
2038,PC_Rewetting,DE7,352140.88653524057
2038,PC_Rewetting,DE8,13364549.510296635
2038,PC_Rewetting,DE9,31202837.998232514
2038,PC_Rewetting,DEA,26543269.36075672
2038,PC_Rewetting,DEB,297527.3078970869
2038,PC_Rewetting,DEC,37151.2369556466
2038,PC_Rewetting,DEE,3924569.103555597
2038,PC_Rewetting,DED,1432416.143306857
2038,PC_Rewetting,DEF,7515575.2729673935
2038,PC_Rewetting,DEG,51299.42130199223
2039,FM01_PSA,DE1,0.0
2039,FM01_PSA,DE2,0.0
2039,FM01_PSA,DE3,0.0
2039,FM01_PSA,DE4,0.0
2039,FM01_PSA,DE5,0.0
2039,FM01_PSA,DE6,0.0
2039,FM01_PSA,DE7,0.0
2039,FM01_PSA,DE8,0.0
2039,FM01_PSA,DE9,0.0
2039,FM01_PSA,DEA,0.0
2039,FM01_PSA,DEB,0.0
2039,FM01_PSA,DEC,0.0
2039,FM01_PSA,DEE,0.0
2039,FM01_PSA,DED,0.0
2039,FM01_PSA,DEF,0.0
2039,FM01_PSA,DEG,0.0
2039,FM02_TSA,DE1,97778.69557226177
2039,FM02_TSA,DE2,96687.22455183293
2039,FM02_TSA,DE3,34.33273376737432
2039,FM02_TSA,DE4,6160.09967535641
2039,FM02_TSA,DE5,24.61480113664102
2039,FM02_TSA,DE6,126.48625248886945
2039,FM02_TSA,DE7,88195.20043757858
2039,FM02_TSA,DE8,18687.85185203227
2039,FM02_TSA,DE9,44126.28434707762
2039,FM02_TSA,DEA,53484.25350852403
2039,FM02_TSA,DEB,70177.94307448831
2039,FM02_TSA,DEC,8170.658115867694
2039,FM02_TSA,DEE,10621.085566737294
2039,FM02_TSA,DED,6675.296376584045
2039,FM02_TSA,DEF,12330.9846103752
2039,FM02_TSA,DEG,33749.038439882395
2039,FM03_Beech,DE1,0.0
2039,FM03_Beech,DE2,0.0
2039,FM03_Beech,DE3,0.0
2039,FM03_Beech,DE4,0.0
2039,FM03_Beech,DE5,0.0
2039,FM03_Beech,DE6,0.0
2039,FM03_Beech,DE7,0.0
2039,FM03_Beech,DE8,0.0
2039,FM03_Beech,DE9,0.0
2039,FM03_Beech,DEA,0.0
2039,FM03_Beech,DEB,0.0
2039,FM03_Beech,DEC,0.0
2039,FM03_Beech,DEE,0.0
2039,FM03_Beech,DED,0.0
2039,FM03_Beech,DEF,0.0
2039,FM03_Beech,DEG,0.0
2039,FM04_DouglasFir,DE1,0.0
2039,FM04_DouglasFir,DE2,0.0
2039,FM04_DouglasFir,DE3,0.0
2039,FM04_DouglasFir,DE4,0.0
2039,FM04_DouglasFir,DE5,0.0
2039,FM04_DouglasFir,DE6,0.0
2039,FM04_DouglasFir,DE7,0.0
2039,FM04_DouglasFir,DE8,0.0
2039,FM04_DouglasFir,DE9,0.0
2039,FM04_DouglasFir,DEA,0.0
2039,FM04_DouglasFir,DEB,0.0
2039,FM04_DouglasFir,DEC,0.0
2039,FM04_DouglasFir,DEE,0.0
2039,FM04_DouglasFir,DED,0.0
2039,FM04_DouglasFir,DEF,0.0
2039,FM04_DouglasFir,DEG,0.0
2039,FM05_Oak,DE1,0.0
2039,FM05_Oak,DE2,0.0
2039,FM05_Oak,DE3,0.0
2039,FM05_Oak,DE4,0.0
2039,FM05_Oak,DE5,0.0
2039,FM05_Oak,DE6,0.0
2039,FM05_Oak,DE7,0.0
2039,FM05_Oak,DE8,0.0
2039,FM05_Oak,DE9,0.0
2039,FM05_Oak,DEA,0.0
2039,FM05_Oak,DEB,0.0
2039,FM05_Oak,DEC,0.0
2039,FM05_Oak,DEE,0.0
2039,FM05_Oak,DED,0.0
2039,FM05_Oak,DEF,0.0
2039,FM05_Oak,DEG,0.0
2039,FM06_ScotPine,DE1,0.0
2039,FM06_ScotPine,DE2,0.0
2039,FM06_ScotPine,DE3,0.0
2039,FM06_ScotPine,DE4,0.0
2039,FM06_ScotPine,DE5,0.0
2039,FM06_ScotPine,DE6,0.0
2039,FM06_ScotPine,DE7,0.0
2039,FM06_ScotPine,DE8,0.0
2039,FM06_ScotPine,DE9,0.0
2039,FM06_ScotPine,DEA,0.0
2039,FM06_ScotPine,DEB,0.0
2039,FM06_ScotPine,DEC,0.0
2039,FM06_ScotPine,DEE,0.0
2039,FM06_ScotPine,DED,0.0
2039,FM06_ScotPine,DEF,0.0
2039,FM06_ScotPine,DEG,0.0
2039,PC_Rewetting,DE1,2565136.564999941
2039,PC_Rewetting,DE2,12064106.400901143
2039,PC_Rewetting,DE3,37042.047938387834
2039,PC_Rewetting,DE4,13673338.014151014
2039,PC_Rewetting,DE5,283796.12658205425
2039,PC_Rewetting,DE6,169605.47283401346
2039,PC_Rewetting,DE7,401098.33450150385
2039,PC_Rewetting,DE8,15222596.281521022
2039,PC_Rewetting,DE9,35540906.58415724
2039,PC_Rewetting,DEA,27486099.287864417
2039,PC_Rewetting,DEB,338891.93850909144
2039,PC_Rewetting,DEC,42316.29963278723
2039,PC_Rewetting,DEE,4470194.150302617
2039,PC_Rewetting,DED,1631562.1143753512
2039,PC_Rewetting,DEF,8560450.774313115
2039,PC_Rewetting,DEG,58431.47794500964
2040,FM01_PSA,DE1,0.0
2040,FM01_PSA,DE2,0.0
2040,FM01_PSA,DE3,0.0
2040,FM01_PSA,DE4,0.0
2040,FM01_PSA,DE5,0.0
2040,FM01_PSA,DE6,0.0
2040,FM01_PSA,DE7,0.0
2040,FM01_PSA,DE8,0.0
2040,FM01_PSA,DE9,0.0
2040,FM01_PSA,DEA,0.0
2040,FM01_PSA,DEB,0.0
2040,FM01_PSA,DEC,0.0
2040,FM01_PSA,DEE,0.0
2040,FM01_PSA,DED,0.0
2040,FM01_PSA,DEF,0.0
2040,FM01_PSA,DEG,0.0
2040,FM02_TSA,DE1,104830.99065690508
2040,FM02_TSA,DE2,103660.79721471194
2040,FM02_TSA,DE3,36.80898453113178
2040,FM02_TSA,DE4,6604.397284433463
2040,FM02_TSA,DE5,26.390145346843912
2040,FM02_TSA,DE6,135.60908207338744
2040,FM02_TSA,DE7,94556.2852822358
2040,FM02_TSA,DE8,20035.714440986838
2040,FM02_TSA,DE9,47308.89561411469
2040,FM02_TSA,DEA,57341.80893935126
2040,FM02_TSA,DEB,75239.53200342666
2040,FM02_TSA,DEC,8759.967389545314
2040,FM02_TSA,DEE,11387.132087377586
2040,FM02_TSA,DED,7156.752582862948
2040,FM02_TSA,DEF,13220.35771611779
2040,FM02_TSA,DEG,36183.190138348495
2040,FM03_Beech,DE1,0.0
2040,FM03_Beech,DE2,0.0
2040,FM03_Beech,DE3,0.0
2040,FM03_Beech,DE4,0.0
2040,FM03_Beech,DE5,0.0
2040,FM03_Beech,DE6,0.0
2040,FM03_Beech,DE7,0.0
2040,FM03_Beech,DE8,0.0
2040,FM03_Beech,DE9,0.0
2040,FM03_Beech,DEA,0.0
2040,FM03_Beech,DEB,0.0
2040,FM03_Beech,DEC,0.0
2040,FM03_Beech,DEE,0.0
2040,FM03_Beech,DED,0.0
2040,FM03_Beech,DEF,0.0
2040,FM03_Beech,DEG,0.0
2040,FM04_DouglasFir,DE1,0.0
2040,FM04_DouglasFir,DE2,0.0
2040,FM04_DouglasFir,DE3,0.0
2040,FM04_DouglasFir,DE4,0.0
2040,FM04_DouglasFir,DE5,0.0
2040,FM04_DouglasFir,DE6,0.0
2040,FM04_DouglasFir,DE7,0.0
2040,FM04_DouglasFir,DE8,0.0
2040,FM04_DouglasFir,DE9,0.0
2040,FM04_DouglasFir,DEA,0.0
2040,FM04_DouglasFir,DEB,0.0
2040,FM04_DouglasFir,DEC,0.0
2040,FM04_DouglasFir,DEE,0.0
2040,FM04_DouglasFir,DED,0.0
2040,FM04_DouglasFir,DEF,0.0
2040,FM04_DouglasFir,DEG,0.0
2040,FM05_Oak,DE1,0.0
2040,FM05_Oak,DE2,0.0
2040,FM05_Oak,DE3,0.0
2040,FM05_Oak,DE4,0.0
2040,FM05_Oak,DE5,0.0
2040,FM05_Oak,DE6,0.0
2040,FM05_Oak,DE7,0.0
2040,FM05_Oak,DE8,0.0
2040,FM05_Oak,DE9,0.0
2040,FM05_Oak,DEA,0.0
2040,FM05_Oak,DEB,0.0
2040,FM05_Oak,DEC,0.0
2040,FM05_Oak,DEE,0.0
2040,FM05_Oak,DED,0.0
2040,FM05_Oak,DEF,0.0
2040,FM05_Oak,DEG,0.0
2040,FM06_ScotPine,DE1,0.0
2040,FM06_ScotPine,DE2,0.0
2040,FM06_ScotPine,DE3,0.0
2040,FM06_ScotPine,DE4,0.0
2040,FM06_ScotPine,DE5,0.0
2040,FM06_ScotPine,DE6,0.0
2040,FM06_ScotPine,DE7,0.0
2040,FM06_ScotPine,DE8,0.0
2040,FM06_ScotPine,DE9,0.0
2040,FM06_ScotPine,DEA,0.0
2040,FM06_ScotPine,DEB,0.0
2040,FM06_ScotPine,DEC,0.0
2040,FM06_ScotPine,DEE,0.0
2040,FM06_ScotPine,DED,0.0
2040,FM06_ScotPine,DEF,0.0
2040,FM06_ScotPine,DEG,0.0
2040,PC_Rewetting,DE1,2904806.8513726015
2040,PC_Rewetting,DE2,13661611.396127168
2040,PC_Rewetting,DE3,41947.08231462281
2040,PC_Rewetting,DE4,15483934.26165995
2040,PC_Rewetting,DE5,291106.725340608
2040,PC_Rewetting,DE6,192064.2924984164
2040,PC_Rewetting,DE7,454210.97887399787
2040,PC_Rewetting,DE8,17238342.230033416
2040,PC_Rewetting,DE9,40247162.8054064
2040,PC_Rewetting,DEA,28454187.014760092
2040,PC_Rewetting,DEB,383767.3355438578
2040,PC_Rewetting,DEC,47919.73993714407
2040,PC_Rewetting,DEE,5062128.376297603
2040,PC_Rewetting,DED,1847610.327241036
2040,PC_Rewetting,DEF,9694008.65410189
2040,PC_Rewetting,DEG,66168.85813660176
2041,FM01_PSA,DE1,0.0
2041,FM01_PSA,DE2,0.0
2041,FM01_PSA,DE3,0.0
2041,FM01_PSA,DE4,0.0
2041,FM01_PSA,DE5,0.0
2041,FM01_PSA,DE6,0.0
2041,FM01_PSA,DE7,0.0
2041,FM01_PSA,DE8,0.0
2041,FM01_PSA,DE9,0.0
2041,FM01_PSA,DEA,0.0
2041,FM01_PSA,DEB,0.0
2041,FM01_PSA,DEC,0.0
2041,FM01_PSA,DEE,0.0
2041,FM01_PSA,DED,0.0
2041,FM01_PSA,DEF,0.0
2041,FM01_PSA,DEG,0.0
2041,FM02_TSA,DE1,112086.3741299319
2041,FM02_TSA,DE2,110835.19125791911
2041,FM02_TSA,DE3,39.35654509840838
2041,FM02_TSA,DE4,7061.489548910938
2041,FM02_TSA,DE5,28.21661501197299
2041,FM02_TSA,DE6,144.99462624026197
2041,FM02_TSA,DE7,101100.55339616451
2041,FM02_TSA,DE8,21422.39208768754
2041,FM02_TSA,DE9,50583.15809331974
2041,FM02_TSA,DEA,61310.45227931217
2041,FM02_TSA,DEB,80446.88198261887
2041,FM02_TSA,DEC,9366.247290403759
2041,FM02_TSA,DEE,12175.238824080361
2041,FM02_TSA,DED,7652.073518827276
2041,FM02_TSA,DEF,14135.3425338703
2041,FM02_TSA,DEG,38687.43929297449
2041,FM03_Beech,DE1,0.0
2041,FM03_Beech,DE2,0.0
2041,FM03_Beech,DE3,0.0
2041,FM03_Beech,DE4,0.0
2041,FM03_Beech,DE5,0.0
2041,FM03_Beech,DE6,0.0
2041,FM03_Beech,DE7,0.0
2041,FM03_Beech,DE8,0.0
2041,FM03_Beech,DE9,0.0
2041,FM03_Beech,DEA,0.0
2041,FM03_Beech,DEB,0.0
2041,FM03_Beech,DEC,0.0
2041,FM03_Beech,DEE,0.0
2041,FM03_Beech,DED,0.0
2041,FM03_Beech,DEF,0.0
2041,FM03_Beech,DEG,0.0
2041,FM04_DouglasFir,DE1,0.0
2041,FM04_DouglasFir,DE2,0.0
2041,FM04_DouglasFir,DE3,0.0
2041,FM04_DouglasFir,DE4,0.0
2041,FM04_DouglasFir,DE5,0.0
2041,FM04_DouglasFir,DE6,0.0
2041,FM04_DouglasFir,DE7,0.0
2041,FM04_DouglasFir,DE8,0.0
2041,FM04_DouglasFir,DE9,0.0
2041,FM04_DouglasFir,DEA,0.0
2041,FM04_DouglasFir,DEB,0.0
2041,FM04_DouglasFir,DEC,2274.5853544132815
2041,FM04_DouglasFir,DEE,0.0
2041,FM04_DouglasFir,DED,0.0
2041,FM04_DouglasFir,DEF,0.0
2041,FM04_DouglasFir,DEG,0.0
2041,FM05_Oak,DE1,0.0
2041,FM05_Oak,DE2,0.0
2041,FM05_Oak,DE3,0.0
2041,FM05_Oak,DE4,0.0
2041,FM05_Oak,DE5,0.0
2041,FM05_Oak,DE6,0.0
2041,FM05_Oak,DE7,0.0
2041,FM05_Oak,DE8,0.0
2041,FM05_Oak,DE9,0.0
2041,FM05_Oak,DEA,0.0
2041,FM05_Oak,DEB,0.0
2041,FM05_Oak,DEC,0.0
2041,FM05_Oak,DEE,0.0
2041,FM05_Oak,DED,0.0
2041,FM05_Oak,DEF,0.0
2041,FM05_Oak,DEG,0.0
2041,FM06_ScotPine,DE1,0.0
2041,FM06_ScotPine,DE2,0.0
2041,FM06_ScotPine,DE3,0.0
2041,FM06_ScotPine,DE4,0.0
2041,FM06_ScotPine,DE5,0.0
2041,FM06_ScotPine,DE6,0.0
2041,FM06_ScotPine,DE7,0.0
2041,FM06_ScotPine,DE8,0.0
2041,FM06_ScotPine,DE9,0.0
2041,FM06_ScotPine,DEA,0.0
2041,FM06_ScotPine,DEB,0.0
2041,FM06_ScotPine,DEC,0.0
2041,FM06_ScotPine,DEE,0.0
2041,FM06_ScotPine,DED,0.0
2041,FM06_ScotPine,DEF,0.0
2041,FM06_ScotPine,DEG,0.0
2041,PC_Rewetting,DE1,3272068.676253011
2041,PC_Rewetting,DE2,15388882.291876335
2041,PC_Rewetting,DE3,47250.55438265294
2041,PC_Rewetting,DE4,17441605.888115402
2041,PC_Rewetting,DE5,298417.32409916166
2041,PC_Rewetting,DE6,216347.45009424837
2041,PC_Rewetting,DE7,511637.9822918524
2041,PC_Rewetting,DE8,19417827.940872867
2041,PC_Rewetting,DE9,45335709.89802565
2041,PC_Rewetting,DEA,29448500.02833963
2041,PC_Rewetting,DEB,432287.9770848712
2041,PC_Rewetting,DEC,53978.3496959286
2041,PC_Rewetting,DEE,5702145.630587498
2041,PC_Rewetting,DED,2081208.2134928526
2041,PC_Rewetting,DEF,10919645.84475697
2041,PC_Rewetting,DEG,74534.74848074575
2042,FM01_PSA,DE1,0.0
2042,FM01_PSA,DE2,0.0
2042,FM01_PSA,DE3,0.0
2042,FM01_PSA,DE4,0.0
2042,FM01_PSA,DE5,0.0
2042,FM01_PSA,DE6,0.0
2042,FM01_PSA,DE7,0.0
2042,FM01_PSA,DE8,0.0
2042,FM01_PSA,DE9,0.0
2042,FM01_PSA,DEA,0.0
2042,FM01_PSA,DEB,0.0
2042,FM01_PSA,DEC,0.0
2042,FM01_PSA,DEE,0.0
2042,FM01_PSA,DED,0.0
2042,FM01_PSA,DEF,0.0
2042,FM01_PSA,DEG,0.0
2042,FM02_TSA,DE1,119546.62936183617
2042,FM02_TSA,DE2,118212.17014477735
2042,FM02_TSA,DE3,41.97604165862115
2042,FM02_TSA,DE4,7531.488821893327
2042,FM02_TSA,DE5,30.094659077576207
2042,FM02_TSA,DE6,154.64519195267408
2042,FM02_TSA,DE7,107829.61335797427
2042,FM02_TSA,DE8,22848.225636971725
2042,FM02_TSA,DE9,53949.8765971629
2042,FM02_TSA,DEA,65391.159019427985
2042,FM02_TSA,DEB,85801.27297670628
2042,FM02_TSA,DEC,9989.646841811715
2042,FM02_TSA,DEE,12985.5994931813
2042,FM02_TSA,DED,8161.380934174408
2042,FM02_TSA,DEF,15076.163966552404
2042,FM02_TSA,DEG,41262.40144724868
2042,FM03_Beech,DE1,0.0
2042,FM03_Beech,DE2,0.0
2042,FM03_Beech,DE3,0.0
2042,FM03_Beech,DE4,0.0
2042,FM03_Beech,DE5,0.0
2042,FM03_Beech,DE6,0.0
2042,FM03_Beech,DE7,0.0
2042,FM03_Beech,DE8,0.0
2042,FM03_Beech,DE9,0.0
2042,FM03_Beech,DEA,0.0
2042,FM03_Beech,DEB,0.0
2042,FM03_Beech,DEC,0.0
2042,FM03_Beech,DEE,0.0
2042,FM03_Beech,DED,0.0
2042,FM03_Beech,DEF,0.0
2042,FM03_Beech,DEG,0.0
2042,FM04_DouglasFir,DE1,0.0
2042,FM04_DouglasFir,DE2,0.0
2042,FM04_DouglasFir,DE3,0.0
2042,FM04_DouglasFir,DE4,1833.1238047385443
2042,FM04_DouglasFir,DE5,0.0
2042,FM04_DouglasFir,DE6,0.0
2042,FM04_DouglasFir,DE7,0.0
2042,FM04_DouglasFir,DE8,0.0
2042,FM04_DouglasFir,DE9,0.0
2042,FM04_DouglasFir,DEA,0.0
2042,FM04_DouglasFir,DEB,0.0
2042,FM04_DouglasFir,DEC,4700.065566008679
2042,FM04_DouglasFir,DEE,0.0
2042,FM04_DouglasFir,DED,986.6925122634533
2042,FM04_DouglasFir,DEF,0.0
2042,FM04_DouglasFir,DEG,2047.9767594101827
2042,FM05_Oak,DE1,0.0
2042,FM05_Oak,DE2,0.0
2042,FM05_Oak,DE3,0.0
2042,FM05_Oak,DE4,0.0
2042,FM05_Oak,DE5,0.0
2042,FM05_Oak,DE6,0.0
2042,FM05_Oak,DE7,0.0
2042,FM05_Oak,DE8,0.0
2042,FM05_Oak,DE9,0.0
2042,FM05_Oak,DEA,0.0
2042,FM05_Oak,DEB,0.0
2042,FM05_Oak,DEC,0.0
2042,FM05_Oak,DEE,0.0
2042,FM05_Oak,DED,0.0
2042,FM05_Oak,DEF,0.0
2042,FM05_Oak,DEG,0.0
2042,FM06_ScotPine,DE1,0.0
2042,FM06_ScotPine,DE2,0.0
2042,FM06_ScotPine,DE3,0.0
2042,FM06_ScotPine,DE4,0.0
2042,FM06_ScotPine,DE5,0.0
2042,FM06_ScotPine,DE6,0.0
2042,FM06_ScotPine,DE7,0.0
2042,FM06_ScotPine,DE8,0.0
2042,FM06_ScotPine,DE9,0.0
2042,FM06_ScotPine,DEA,0.0
2042,FM06_ScotPine,DEB,0.0
2042,FM06_ScotPine,DEC,0.0
2042,FM06_ScotPine,DEE,0.0
2042,FM06_ScotPine,DED,0.0
2042,FM06_ScotPine,DEF,0.0
2042,FM06_ScotPine,DEG,0.0
2042,PC_Rewetting,DE1,3667939.929445978
2042,PC_Rewetting,DE2,17250706.330698274
2042,PC_Rewetting,DE3,52967.16305693764
2042,PC_Rewetting,DE4,19551778.7065334
2042,PC_Rewetting,DE5,305727.92285771546
2042,PC_Rewetting,DE6,242522.2479569844
2042,PC_Rewetting,DE7,573538.5073941975
2042,PC_Rewetting,DE8,21767093.999078408
2042,PC_Rewetting,DE9,50820651.09806066
2042,PC_Rewetting,DEA,30470005.815498937
2042,PC_Rewetting,DEB,484588.3412156172
2042,PC_Rewetting,DEC,60508.92073635231
2042,PC_Rewetting,DEE,6392019.762219241
2042,PC_Rewetting,DED,2333003.2047197437
2042,PC_Rewetting,DEF,12240759.278701613
2042,PC_Rewetting,DEG,83552.33558141875
2043,FM01_PSA,DE1,0.0
2043,FM01_PSA,DE2,0.0
2043,FM01_PSA,DE3,0.0
2043,FM01_PSA,DE4,0.0
2043,FM01_PSA,DE5,0.0
2043,FM01_PSA,DE6,0.0
2043,FM01_PSA,DE7,0.0
2043,FM01_PSA,DE8,0.0
2043,FM01_PSA,DE9,0.0
2043,FM01_PSA,DEA,0.0
2043,FM01_PSA,DEB,0.0
2043,FM01_PSA,DEC,0.0
2043,FM01_PSA,DEE,0.0
2043,FM01_PSA,DED,0.0
2043,FM01_PSA,DEF,0.0
2043,FM01_PSA,DEG,0.0
2043,FM02_TSA,DE1,127213.53972311181
2043,FM02_TSA,DE2,125793.4973386096
2043,FM02_TSA,DE3,44.66810040118708
2043,FM02_TSA,DE4,8014.507456485124
2043,FM02_TSA,DE5,32.0247264892015
2043,FM02_TSA,DE6,164.56308617380486
2043,FM02_TSA,DE7,114745.0737462746
2043,FM02_TSA,DE8,24313.555933676726
2043,FM02_TSA,DE9,57409.855938114335
2043,FM02_TSA,DEA,69584.90465071991
2043,FM02_TSA,DEB,91303.98495033012
2043,FM02_TSA,DEC,10630.315067137866
2043,FM02_TSA,DEE,13818.40781101607
2043,FM02_TSA,DED,8684.796578601727
2043,FM02_TSA,DEF,16043.046917083764
2043,FM02_TSA,DEG,43908.69214465933
2043,FM03_Beech,DE1,0.0
2043,FM03_Beech,DE2,0.0
2043,FM03_Beech,DE3,0.0
2043,FM03_Beech,DE4,0.0
2043,FM03_Beech,DE5,0.0
2043,FM03_Beech,DE6,0.0
2043,FM03_Beech,DE7,0.0
2043,FM03_Beech,DE8,0.0
2043,FM03_Beech,DE9,0.0
2043,FM03_Beech,DEA,0.0
2043,FM03_Beech,DEB,0.0
2043,FM03_Beech,DEC,0.0
2043,FM03_Beech,DEE,0.0
2043,FM03_Beech,DED,0.0
2043,FM03_Beech,DEF,0.0
2043,FM03_Beech,DEG,0.0
2043,FM04_DouglasFir,DE1,0.0
2043,FM04_DouglasFir,DE2,0.0
2043,FM04_DouglasFir,DE3,0.0
2043,FM04_DouglasFir,DE4,3777.7600067084823
2043,FM04_DouglasFir,DE5,0.0
2043,FM04_DouglasFir,DE6,0.0
2043,FM04_DouglasFir,DE7,13898.323299762977
2043,FM04_DouglasFir,DE8,0.0
2043,FM04_DouglasFir,DE9,0.0
2043,FM04_DouglasFir,DEA,0.0
2043,FM04_DouglasFir,DEB,26094.583045177693
2043,FM04_DouglasFir,DEC,7276.440634786191
2043,FM04_DouglasFir,DEE,0.0
2043,FM04_DouglasFir,DED,2032.7606874973844
2043,FM04_DouglasFir,DEF,0.0
2043,FM04_DouglasFir,DEG,4219.391594781482
2043,FM05_Oak,DE1,0.0
2043,FM05_Oak,DE2,0.0
2043,FM05_Oak,DE3,0.0
2043,FM05_Oak,DE4,0.0
2043,FM05_Oak,DE5,0.0
2043,FM05_Oak,DE6,0.0
2043,FM05_Oak,DE7,0.0
2043,FM05_Oak,DE8,0.0
2043,FM05_Oak,DE9,0.0
2043,FM05_Oak,DEA,0.0
2043,FM05_Oak,DEB,0.0
2043,FM05_Oak,DEC,0.0
2043,FM05_Oak,DEE,0.0
2043,FM05_Oak,DED,0.0
2043,FM05_Oak,DEF,0.0
2043,FM05_Oak,DEG,0.0
2043,FM06_ScotPine,DE1,0.0
2043,FM06_ScotPine,DE2,0.0
2043,FM06_ScotPine,DE3,0.0
2043,FM06_ScotPine,DE4,0.0
2043,FM06_ScotPine,DE5,0.0
2043,FM06_ScotPine,DE6,0.0
2043,FM06_ScotPine,DE7,0.0
2043,FM06_ScotPine,DE8,0.0
2043,FM06_ScotPine,DE9,0.0
2043,FM06_ScotPine,DEA,0.0
2043,FM06_ScotPine,DEB,0.0
2043,FM06_ScotPine,DEC,0.0
2043,FM06_ScotPine,DEE,0.0
2043,FM06_ScotPine,DED,0.0
2043,FM06_ScotPine,DEF,0.0
2043,FM06_ScotPine,DEG,0.0
2043,PC_Rewetting,DE1,4093438.5007563056
2043,PC_Rewetting,DE2,19251870.755142607
2043,PC_Rewetting,DE3,59111.6072519363
2043,PC_Rewetting,DE4,21819878.52992997
2043,PC_Rewetting,DE5,313038.5216162692
2043,PC_Rewetting,DE6,270655.98842209956
2043,PC_Rewetting,DE7,640071.7168201627
2043,PC_Rewetting,DE8,24292180.989689086
2043,PC_Rewetting,DE9,56716089.641557105
2043,PC_Rewetting,DEA,31519671.863133878
2043,PC_Rewetting,DEB,540802.9060195809
2043,PC_Rewetting,DEC,67528.24488562666
2043,PC_Rewetting,DEE,7133524.620239769
2043,PC_Rewetting,DED,2603642.732510649
2043,PC_Rewetting,DEF,13660745.88835906
2043,PC_Rewetting,DEG,93244.80604259793
2044,FM01_PSA,DE1,0.0
2044,FM01_PSA,DE2,0.0
2044,FM01_PSA,DE3,0.0
2044,FM01_PSA,DE4,0.0
2044,FM01_PSA,DE5,0.0
2044,FM01_PSA,DE6,0.0
2044,FM01_PSA,DE7,0.0
2044,FM01_PSA,DE8,0.0
2044,FM01_PSA,DE9,0.0
2044,FM01_PSA,DEA,0.0
2044,FM01_PSA,DEB,0.0
2044,FM01_PSA,DEC,0.0
2044,FM01_PSA,DEE,0.0
2044,FM01_PSA,DED,0.0
2044,FM01_PSA,DEF,0.0
2044,FM01_PSA,DEG,0.0
2044,FM02_TSA,DE1,135088.8885842527
2044,FM02_TSA,DE2,133580.93630273873
2044,FM02_TSA,DE3,47.43334751552318
2044,FM02_TSA,DE4,8510.657805790814
2044,FM02_TSA,DE5,34.0072661923968
2044,FM02_TSA,DE6,174.75061586683526
2044,FM02_TSA,DE7,121848.54313967502
2044,FM02_TSA,DE8,25818.723822639877
2044,FM02_TSA,DE9,60963.90092864415
2044,FM02_TSA,DEA,73892.66466420915
2044,FM02_TSA,DEB,96956.2978681317
2044,FM02_TSA,DEC,11288.400989750895
2044,FM02_TSA,DEE,14673.857493920339
2044,FM02_TSA,DED,9222.442201806609
2044,FM02_TSA,DEF,17036.21628838404
2044,FM02_TSA,DEG,46626.92692869471
2044,FM03_Beech,DE1,0.0
2044,FM03_Beech,DE2,0.0
2044,FM03_Beech,DE3,0.0
2044,FM03_Beech,DE4,0.0
2044,FM03_Beech,DE5,0.0
2044,FM03_Beech,DE6,0.0
2044,FM03_Beech,DE7,0.0
2044,FM03_Beech,DE8,0.0
2044,FM03_Beech,DE9,0.0
2044,FM03_Beech,DEA,0.0
2044,FM03_Beech,DEB,0.0
2044,FM03_Beech,DEC,0.0
2044,FM03_Beech,DEE,0.0
2044,FM03_Beech,DED,0.0
2044,FM03_Beech,DEF,0.0
2044,FM03_Beech,DEG,0.0
2044,FM04_DouglasFir,DE1,0.0
2044,FM04_DouglasFir,DE2,0.0
2044,FM04_DouglasFir,DE3,0.0
2044,FM04_DouglasFir,DE4,5833.9086059098145
2044,FM04_DouglasFir,DE5,0.0
2044,FM04_DouglasFir,DE6,0.0
2044,FM04_DouglasFir,DE7,28560.462894432036
2044,FM04_DouglasFir,DE8,0.0
2044,FM04_DouglasFir,DE9,0.0
2044,FM04_DouglasFir,DEA,0.0
2044,FM04_DouglasFir,DEB,53637.20325917655
2044,FM04_DouglasFir,DEC,10003.710560745816
2044,FM04_DouglasFir,DEE,998.4017817657078
2044,FM04_DouglasFir,DED,3138.204525701793
2044,FM04_DouglasFir,DEF,0.0
2044,FM04_DouglasFir,DEG,6514.244506113899
2044,FM05_Oak,DE1,0.0
2044,FM05_Oak,DE2,0.0
2044,FM05_Oak,DE3,0.0
2044,FM05_Oak,DE4,0.0
2044,FM05_Oak,DE5,0.0
2044,FM05_Oak,DE6,0.0
2044,FM05_Oak,DE7,0.0
2044,FM05_Oak,DE8,0.0
2044,FM05_Oak,DE9,0.0
2044,FM05_Oak,DEA,0.0
2044,FM05_Oak,DEB,0.0
2044,FM05_Oak,DEC,0.0
2044,FM05_Oak,DEE,0.0
2044,FM05_Oak,DED,0.0
2044,FM05_Oak,DEF,0.0
2044,FM05_Oak,DEG,0.0
2044,FM06_ScotPine,DE1,0.0
2044,FM06_ScotPine,DE2,0.0
2044,FM06_ScotPine,DE3,0.0
2044,FM06_ScotPine,DE4,0.0
2044,FM06_ScotPine,DE5,0.0
2044,FM06_ScotPine,DE6,0.0
2044,FM06_ScotPine,DE7,0.0
2044,FM06_ScotPine,DE8,0.0
2044,FM06_ScotPine,DE9,0.0
2044,FM06_ScotPine,DEA,0.0
2044,FM06_ScotPine,DEB,0.0
2044,FM06_ScotPine,DEC,0.0
2044,FM06_ScotPine,DEE,0.0
2044,FM06_ScotPine,DED,0.0
2044,FM06_ScotPine,DEF,0.0
2044,FM06_ScotPine,DEG,0.0
2044,PC_Rewetting,DE1,4549582.279988801
2044,PC_Rewetting,DE2,21397162.80775896
2044,PC_Rewetting,DE3,65698.58588210834
2044,PC_Rewetting,DE4,24251331.17132114
2044,PC_Rewetting,DE5,320349.1203748229
2044,PC_Rewetting,DE6,300815.9738250689
2044,PC_Rewetting,DE7,711396.7732088778
2044,PC_Rewetting,DE8,26999129.49774393
2044,PC_Rewetting,DE9,63036128.76456066
2044,PC_Rewetting,DEA,32598465.658140346
2044,PC_Rewetting,DEB,601066.1495802476
2044,PC_Rewetting,DEC,75053.11397096311
2044,PC_Rewetting,DEE,7928434.053696025
2044,PC_Rewetting,DED,2893774.2284545116
2044,PC_Rewetting,DEF,15183002.60615257
2044,PC_Rewetting,DEG,103635.34646826042
2045,FM01_PSA,DE1,0.0
2045,FM01_PSA,DE2,0.0
2045,FM01_PSA,DE3,0.0
2045,FM01_PSA,DE4,0.0
2045,FM01_PSA,DE5,0.0
2045,FM01_PSA,DE6,0.0
2045,FM01_PSA,DE7,0.0
2045,FM01_PSA,DE8,0.0
2045,FM01_PSA,DE9,0.0
2045,FM01_PSA,DEA,0.0
2045,FM01_PSA,DEB,0.0
2045,FM01_PSA,DEC,0.0
2045,FM01_PSA,DEE,0.0
2045,FM01_PSA,DED,0.0
2045,FM01_PSA,DEF,0.0
2045,FM01_PSA,DEG,0.0
2045,FM02_TSA,DE1,143174.4593157528
2045,FM02_TSA,DE2,141576.2505004877
2045,FM02_TSA,DE3,50.27240919104647
2045,FM02_TSA,DE4,9020.052222914894
2045,FM02_TSA,DE5,36.04272713271006
2045,FM02_TSA,DE6,185.21008799494638
2045,FM02_TSA,DE7,129141.63011678506
2045,FM02_TSA,DE8,27364.070148698527
2045,FM02_TSA,DE9,64612.81638122252
2045,FM02_TSA,DEA,78315.41455091692
2045,FM02_TSA,DEB,102759.49169475229
2045,FM02_TSA,DEC,11964.053633019486
2045,FM02_TSA,DEE,15552.14225822979
2045,FM02_TSA,DED,9774.439553486436
2045,FM02_TSA,DEF,18055.8969833729
2045,FM02_TSA,DEG,49417.72134284311
2045,FM03_Beech,DE1,0.0
2045,FM03_Beech,DE2,0.0
2045,FM03_Beech,DE3,0.0
2045,FM03_Beech,DE4,0.0
2045,FM03_Beech,DE5,0.0
2045,FM03_Beech,DE6,0.0
2045,FM03_Beech,DE7,0.0
2045,FM03_Beech,DE8,0.0
2045,FM03_Beech,DE9,0.0
2045,FM03_Beech,DEA,0.0
2045,FM03_Beech,DEB,0.0
2045,FM03_Beech,DEC,0.0
2045,FM03_Beech,DEE,0.0
2045,FM03_Beech,DED,0.0
2045,FM03_Beech,DEF,0.0
2045,FM03_Beech,DEG,0.0
2045,FM04_DouglasFir,DE1,0.0
2045,FM04_DouglasFir,DE2,0.0
2045,FM04_DouglasFir,DE3,0.0
2045,FM04_DouglasFir,DE4,8001.56960234254
2045,FM04_DouglasFir,DE5,0.0
2045,FM04_DouglasFir,DE6,0.0
2045,FM04_DouglasFir,DE7,43986.418784007175
2045,FM04_DouglasFir,DE8,4794.717954058214
2045,FM04_DouglasFir,DE9,0.0
2045,FM04_DouglasFir,DEA,0.0
2045,FM04_DouglasFir,DEB,82627.86064199657
2045,FM04_DouglasFir,DEC,12881.875343887557
2045,FM04_DouglasFir,DEE,2046.7933907975187
2045,FM04_DouglasFir,DED,4303.02402687668
2045,FM04_DouglasFir,DEF,0.0
2045,FM04_DouglasFir,DEG,8932.535493407433
2045,FM05_Oak,DE1,0.0
2045,FM05_Oak,DE2,0.0
2045,FM05_Oak,DE3,0.0
2045,FM05_Oak,DE4,0.0
2045,FM05_Oak,DE5,0.0
2045,FM05_Oak,DE6,0.0
2045,FM05_Oak,DE7,0.0
2045,FM05_Oak,DE8,0.0
2045,FM05_Oak,DE9,0.0
2045,FM05_Oak,DEA,0.0
2045,FM05_Oak,DEB,0.0
2045,FM05_Oak,DEC,0.0
2045,FM05_Oak,DEE,0.0
2045,FM05_Oak,DED,0.0
2045,FM05_Oak,DEF,0.0
2045,FM05_Oak,DEG,0.0
2045,FM06_ScotPine,DE1,0.0
2045,FM06_ScotPine,DE2,0.0
2045,FM06_ScotPine,DE3,0.0
2045,FM06_ScotPine,DE4,0.0
2045,FM06_ScotPine,DE5,0.0
2045,FM06_ScotPine,DE6,0.0
2045,FM06_ScotPine,DE7,0.0
2045,FM06_ScotPine,DE8,0.0
2045,FM06_ScotPine,DE9,0.0
2045,FM06_ScotPine,DEA,0.0
2045,FM06_ScotPine,DEB,0.0
2045,FM06_ScotPine,DEC,0.0
2045,FM06_ScotPine,DEE,0.0
2045,FM06_ScotPine,DED,0.0
2045,FM06_ScotPine,DEF,0.0
2045,FM06_ScotPine,DEG,0.0
2045,PC_Rewetting,DE1,5037389.15694827
2045,PC_Rewetting,DE2,23691369.731096964
2045,PC_Rewetting,DE3,72742.79786191313
2045,PC_Rewetting,DE4,26851562.443722945
2045,PC_Rewetting,DE5,327659.7191333766
2045,PC_Rewetting,DE6,333069.50650136766
2045,PC_Rewetting,DE7,787672.8391994725
2045,PC_Rewetting,DE8,29893980.108282
2045,PC_Rewetting,DE9,65453470.847995386
2045,PC_Rewetting,DEA,33707354.68741424
2045,PC_Rewetting,DEB,665512.5499811027
2045,PC_Rewetting,DEC,83100.31981957318
2045,PC_Rewetting,DEE,8778521.911634948
2045,PC_Rewetting,DED,3204045.1241402733
2045,PC_Rewetting,DEF,16810926.36450539
2045,PC_Rewetting,DEG,114747.14346238339
2046,FM01_PSA,DE1,0.0
2046,FM01_PSA,DE2,0.0
2046,FM01_PSA,DE3,0.0
2046,FM01_PSA,DE4,0.0
2046,FM01_PSA,DE5,0.0
2046,FM01_PSA,DE6,0.0
2046,FM01_PSA,DE7,0.0
2046,FM01_PSA,DE8,0.0
2046,FM01_PSA,DE9,0.0
2046,FM01_PSA,DEA,0.0
2046,FM01_PSA,DEB,0.0
2046,FM01_PSA,DEC,0.0
2046,FM01_PSA,DEE,0.0
2046,FM01_PSA,DED,0.0
2046,FM01_PSA,DEF,0.0
2046,FM01_PSA,DEG,0.0
2046,FM02_TSA,DE1,151472.03528810604
2046,FM02_TSA,DE2,149781.20339517941
2046,FM02_TSA,DE3,53.18591161717395
2046,FM02_TSA,DE4,9542.80306096185
2046,FM02_TSA,DE5,38.13155825568923
2046,FM02_TSA,DE6,195.94380952131925
2046,FM02_TSA,DE7,136625.9432562143
2046,FM02_TSA,DE8,28949.935756690014
2046,FM02_TSA,DE9,68357.40710831957
2046,FM02_TSA,DEA,82854.12980186442
2046,FM02_TSA,DEB,108714.84639483316
2046,FM02_TSA,DEC,12657.422020312324
2046,FM02_TSA,DEE,16453.455820280084
2046,FM02_TSA,DED,10340.91038333859
2046,FM02_TSA,DEF,19102.313904970004
2046,FM02_TSA,DEG,52281.690930592806
2046,FM03_Beech,DE1,0.0
2046,FM03_Beech,DE2,0.0
2046,FM03_Beech,DE3,0.0
2046,FM03_Beech,DE4,0.0
2046,FM03_Beech,DE5,0.0
2046,FM03_Beech,DE6,0.0
2046,FM03_Beech,DE7,0.0
2046,FM03_Beech,DE8,0.0
2046,FM03_Beech,DE9,0.0
2046,FM03_Beech,DEA,0.0
2046,FM03_Beech,DEB,0.0
2046,FM03_Beech,DEC,0.0
2046,FM03_Beech,DEE,0.0
2046,FM03_Beech,DED,0.0
2046,FM03_Beech,DEF,0.0
2046,FM03_Beech,DEG,0.0
2046,FM04_DouglasFir,DE1,28354.71833460104
2046,FM04_DouglasFir,DE2,0.0
2046,FM04_DouglasFir,DE3,0.0
2046,FM04_DouglasFir,DE4,10280.742996006657
2046,FM04_DouglasFir,DE5,0.0
2046,FM04_DouglasFir,DE6,0.0
2046,FM04_DouglasFir,DE7,60176.1909684884
2046,FM04_DouglasFir,DE8,9816.707480581521
2046,FM04_DouglasFir,DE9,0.0
2046,FM04_DouglasFir,DEA,0.0
2046,FM04_DouglasFir,DEB,113066.55519363777
2046,FM04_DouglasFir,DEC,15910.934984211413
2046,FM04_DouglasFir,DEE,3145.1748270954326
2046,FM04_DouglasFir,DED,5527.2191910220445
2046,FM04_DouglasFir,DEF,2084.315836918925
2046,FM04_DouglasFir,DEG,11474.264556662083
2046,FM05_Oak,DE1,0.0
2046,FM05_Oak,DE2,0.0
2046,FM05_Oak,DE3,0.0
2046,FM05_Oak,DE4,0.0
2046,FM05_Oak,DE5,0.0
2046,FM05_Oak,DE6,0.0
2046,FM05_Oak,DE7,0.0
2046,FM05_Oak,DE8,0.0
2046,FM05_Oak,DE9,0.0
2046,FM05_Oak,DEA,0.0
2046,FM05_Oak,DEB,0.0
2046,FM05_Oak,DEC,0.0
2046,FM05_Oak,DEE,0.0
2046,FM05_Oak,DED,0.0
2046,FM05_Oak,DEF,0.0
2046,FM05_Oak,DEG,0.0
2046,FM06_ScotPine,DE1,0.0
2046,FM06_ScotPine,DE2,0.0
2046,FM06_ScotPine,DE3,0.0
2046,FM06_ScotPine,DE4,0.0
2046,FM06_ScotPine,DE5,0.0
2046,FM06_ScotPine,DE6,0.0
2046,FM06_ScotPine,DE7,0.0
2046,FM06_ScotPine,DE8,0.0
2046,FM06_ScotPine,DE9,0.0
2046,FM06_ScotPine,DEA,0.0
2046,FM06_ScotPine,DEB,0.0
2046,FM06_ScotPine,DEC,0.0
2046,FM06_ScotPine,DEE,0.0
2046,FM06_ScotPine,DED,0.0
2046,FM06_ScotPine,DEF,0.0
2046,FM06_ScotPine,DEG,0.0
2046,PC_Rewetting,DE1,5557877.021439519
2046,PC_Rewetting,DE2,26139278.76770624
2046,PC_Rewetting,DE3,77048.77561426055
2046,PC_Rewetting,DE4,29625998.16015142
2046,PC_Rewetting,DE5,334970.31789193035
2046,PC_Rewetting,DE6,367483.88878647075
2046,PC_Rewetting,DE7,869059.0774310767
2046,PC_Rewetting,DE8,32982773.406342324
2046,PC_Rewetting,DE9,66913839.74530744
2046,PC_Rewetting,DEA,34847306.43785143
2046,PC_Rewetting,DEB,734276.5853056316
2046,PC_Rewetting,DEC,91686.65425866834
2046,PC_Rewetting,DEE,9685562.043103479
2046,PC_Rewetting,DED,3535102.8511568746
2046,PC_Rewetting,DEF,18547914.095840774
2046,PC_Rewetting,DEG,126603.383628944
2047,FM01_PSA,DE1,0.0
2047,FM01_PSA,DE2,0.0
2047,FM01_PSA,DE3,0.0
2047,FM01_PSA,DE4,0.0
2047,FM01_PSA,DE5,0.0
2047,FM01_PSA,DE6,0.0
2047,FM01_PSA,DE7,0.0
2047,FM01_PSA,DE8,0.0
2047,FM01_PSA,DE9,0.0
2047,FM01_PSA,DEA,0.0
2047,FM01_PSA,DEB,0.0
2047,FM01_PSA,DEC,0.0
2047,FM01_PSA,DEE,0.0
2047,FM01_PSA,DED,0.0
2047,FM01_PSA,DEF,0.0
2047,FM01_PSA,DEG,0.0
2047,FM02_TSA,DE1,159983.39987180626
2047,FM02_TSA,DE2,158197.55845013677
2047,FM02_TSA,DE3,56.174480983322624
2047,FM02_TSA,DE4,10079.02267303618
2047,FM02_TSA,DE5,40.27420850688223
2047,FM02_TSA,DE6,206.9540874091349
2047,FM02_TSA,DE7,144303.09113657218
2047,FM02_TSA,DE8,30576.661491451672
2047,FM02_TSA,DE9,72198.47792240545
2047,FM02_TSA,DEA,87509.78590807285
2047,FM02_TSA,DEB,114823.64193301559
2047,FM02_TSA,DEC,13368.655174998095
2047,FM02_TSA,DEE,17377.991896406904
2047,FM02_TSA,DED,10921.976441060451
2047,FM02_TSA,DEF,20175.691956095015
2047,FM02_TSA,DEG,55219.45123543206
2047,FM03_Beech,DE1,0.0
2047,FM03_Beech,DE2,0.0
2047,FM03_Beech,DE3,0.0
2047,FM03_Beech,DE4,0.0
2047,FM03_Beech,DE5,0.0
2047,FM03_Beech,DE6,0.0
2047,FM03_Beech,DE7,0.0
2047,FM03_Beech,DE8,0.0
2047,FM03_Beech,DE9,0.0
2047,FM03_Beech,DEA,0.0
2047,FM03_Beech,DEB,0.0
2047,FM03_Beech,DEC,0.0
2047,FM03_Beech,DEE,0.0
2047,FM03_Beech,DED,0.0
2047,FM03_Beech,DEF,0.0
2047,FM03_Beech,DEG,0.0
2047,FM04_DouglasFir,DE1,57854.14637783049
2047,FM04_DouglasFir,DE2,0.0
2047,FM04_DouglasFir,DE3,6.682148754222779
2047,FM04_DouglasFir,DE4,12671.428786902168
2047,FM04_DouglasFir,DE5,10.12051009963458
2047,FM04_DouglasFir,DE6,48.63815335742213
2047,FM04_DouglasFir,DE7,77129.7794478757
2047,FM04_DouglasFir,DE8,15065.968579569922
2047,FM04_DouglasFir,DE9,18264.50274144829
2047,FM04_DouglasFir,DEA,0.0
2047,FM04_DouglasFir,DEB,144953.28691410014
2047,FM04_DouglasFir,DEC,19090.889481717382
2047,FM04_DouglasFir,DEE,4293.546090659449
2047,FM04_DouglasFir,DED,6810.790018137886
2047,FM04_DouglasFir,DEF,4251.641466232517
2047,FM04_DouglasFir,DEG,14139.431695877849
2047,FM05_Oak,DE1,0.0
2047,FM05_Oak,DE2,0.0
2047,FM05_Oak,DE3,0.0
2047,FM05_Oak,DE4,0.0
2047,FM05_Oak,DE5,0.0
2047,FM05_Oak,DE6,0.0
2047,FM05_Oak,DE7,0.0
2047,FM05_Oak,DE8,0.0
2047,FM05_Oak,DE9,0.0
2047,FM05_Oak,DEA,0.0
2047,FM05_Oak,DEB,0.0
2047,FM05_Oak,DEC,0.0
2047,FM05_Oak,DEE,0.0
2047,FM05_Oak,DED,0.0
2047,FM05_Oak,DEF,0.0
2047,FM05_Oak,DEG,0.0
2047,FM06_ScotPine,DE1,0.0
2047,FM06_ScotPine,DE2,0.0
2047,FM06_ScotPine,DE3,0.0
2047,FM06_ScotPine,DE4,476631.37114563485
2047,FM06_ScotPine,DE5,0.0
2047,FM06_ScotPine,DE6,0.0
2047,FM06_ScotPine,DE7,31003.663998384673
2047,FM06_ScotPine,DE8,0.0
2047,FM06_ScotPine,DE9,0.0
2047,FM06_ScotPine,DEA,0.0
2047,FM06_ScotPine,DEB,30391.92317143441
2047,FM06_ScotPine,DEC,755.2753069174626
2047,FM06_ScotPine,DEE,0.0
2047,FM06_ScotPine,DED,88358.57574569681
2047,FM06_ScotPine,DEF,0.0
2047,FM06_ScotPine,DEG,35772.61923912266
2047,PC_Rewetting,DE1,6112063.763267353
2047,PC_Rewetting,DE2,28745677.160136428
2047,PC_Rewetting,DE3,78730.3356011231
2047,PC_Rewetting,DE4,32244405.091320857
2047,PC_Rewetting,DE5,342280.916650484
2047,PC_Rewetting,DE6,404126.42301585333
2047,PC_Rewetting,DE7,955714.6505428203
2047,PC_Rewetting,DE8,34598561.60585421
2047,PC_Rewetting,DE9,68374208.64261949
2047,PC_Rewetting,DEA,36019288.39634781
2047,PC_Rewetting,DEB,807492.7336373195
2047,PC_Rewetting,DEC,100828.90911546006
2047,PC_Rewetting,DEE,10651328.297148556
2047,PC_Rewetting,DED,3887594.8410932575
2047,PC_Rewetting,DEF,20397362.732581973
2047,PC_Rewetting,DEG,139227.25357191937
2048,FM01_PSA,DE1,0.0
2048,FM01_PSA,DE2,0.0
2048,FM01_PSA,DE3,0.0
2048,FM01_PSA,DE4,0.0
2048,FM01_PSA,DE5,0.0
2048,FM01_PSA,DE6,0.0
2048,FM01_PSA,DE7,0.0
2048,FM01_PSA,DE8,0.0
2048,FM01_PSA,DE9,0.0
2048,FM01_PSA,DEA,0.0
2048,FM01_PSA,DEB,0.0
2048,FM01_PSA,DEC,0.0
2048,FM01_PSA,DEE,0.0
2048,FM01_PSA,DED,0.0
2048,FM01_PSA,DEF,0.0
2048,FM01_PSA,DEG,0.0
2048,FM02_TSA,DE1,168710.33643734743
2048,FM02_TSA,DE2,166827.0791286827
2048,FM02_TSA,DE3,59.2387434789095
2048,FM02_TSA,DE4,10628.823412242364
2048,FM02_TSA,DE5,42.47112683183701
2048,FM02_TSA,DE6,218.2432286215743
2048,FM02_TSA,DE7,152174.6823364683
2048,FM02_TSA,DE8,32244.58819782084
2048,FM02_TSA,DE9,76136.83363595029
2048,FM02_TSA,DEA,92283.35836056342
2048,FM02_TSA,DEB,121087.15827394085
2048,FM02_TSA,DEC,14097.902120445477
2048,FM02_TSA,DEE,18325.944202945913
2048,FM02_TSA,DED,11517.759476349394
2048,FM02_TSA,DEF,21276.256039667598
2048,FM02_TSA,DEG,58231.61780084916
2048,FM03_Beech,DE1,322324.3848362261
2048,FM03_Beech,DE2,0.0
2048,FM03_Beech,DE3,118.58414648690231
2048,FM03_Beech,DE4,15605.440842964794
2048,FM03_Beech,DE5,85.01872305045521
2048,FM03_Beech,DE6,436.879404807924
2048,FM03_Beech,DE7,236789.95705782238
2048,FM03_Beech,DE8,54455.85385383236
2048,FM03_Beech,DE9,0.0
2048,FM03_Beech,DEA,0.0
2048,FM03_Beech,DEB,186934.19190442373
2048,FM03_Beech,DEC,19847.147332066404
2048,FM03_Beech,DEE,30149.70483839866
2048,FM03_Beech,DED,17054.656615956006
2048,FM03_Beech,DEF,41152.633281153976
2048,FM03_Beech,DEG,86116.64618814588
2048,FM04_DouglasFir,DE1,88498.28412968833
2048,FM04_DouglasFir,DE2,28530.71142593353
2048,FM04_DouglasFir,DE3,13.615724417213524
2048,FM04_DouglasFir,DE4,15173.626975029074
2048,FM04_DouglasFir,DE5,20.621821145656064
2048,FM04_DouglasFir,DE6,99.10639775241819
2048,FM04_DouglasFir,DE7,94847.18422216909
2048,FM04_DouglasFir,DE8,20542.501251023412
2048,FM04_DouglasFir,DE9,37146.17309688313
2048,FM04_DouglasFir,DEA,17694.85601102751
2048,FM04_DouglasFir,DEB,178288.0558033837
2048,FM04_DouglasFir,DEC,22421.738836405468
2048,FM04_DouglasFir,DEE,5491.907181489568
2048,FM04_DouglasFir,DED,8153.736508224206
2048,FM04_DouglasFir,DEF,6501.976887940776
2048,FM04_DouglasFir,DEG,16928.036911054733
2048,FM05_Oak,DE1,0.0
2048,FM05_Oak,DE2,0.0
2048,FM05_Oak,DE3,0.0
2048,FM05_Oak,DE4,52451.64295722364
2048,FM05_Oak,DE5,0.0
2048,FM05_Oak,DE6,0.0
2048,FM05_Oak,DE7,55618.428680910045
2048,FM05_Oak,DE8,0.0
2048,FM05_Oak,DE9,0.0
2048,FM05_Oak,DEA,0.0
2048,FM05_Oak,DEB,72810.64076298392
2048,FM05_Oak,DEC,12061.690434715223
2048,FM05_Oak,DEE,44048.52254099312
2048,FM05_Oak,DED,36183.01824455057
2048,FM05_Oak,DEF,0.0
2048,FM05_Oak,DEG,24361.901673650296
2048,FM06_ScotPine,DE1,13528.980709489815
2048,FM06_ScotPine,DE2,0.0
2048,FM06_ScotPine,DE3,6816.108136282178
2048,FM06_ScotPine,DE4,977657.8025179502
2048,FM06_ScotPine,DE5,69.60325593711136
2048,FM06_ScotPine,DE6,343.77356271761045
2048,FM06_ScotPine,DE7,63499.368066062634
2048,FM06_ScotPine,DE8,148579.82003757608
2048,FM06_ScotPine,DE9,286308.160265445
2048,FM06_ScotPine,DEA,0.0
2048,FM06_ScotPine,DEB,62258.72842758026
2048,FM06_ScotPine,DEC,1550.973973418804
2048,FM06_ScotPine,DEE,152317.83250648956
2048,FM06_ScotPine,DED,181198.9853299796
2048,FM06_ScotPine,DEF,5395.483296780357
2048,FM06_ScotPine,DEG,73362.16861141386
2048,PC_Rewetting,DE1,6700967.27223658
2048,PC_Rewetting,DE2,31515352.15093714
2048,PC_Rewetting,DE3,80411.89558798565
2048,PC_Rewetting,DE4,32933096.445012726
2048,PC_Rewetting,DE5,349591.5154090378
2048,PC_Rewetting,DE6,443064.4115249906
2048,PC_Rewetting,DE7,1047798.7211738332
2048,PC_Rewetting,DE8,35337534.15506527
2048,PC_Rewetting,DE9,69834577.53993157
2048,PC_Rewetting,DEA,37224268.049799286
2048,PC_Rewetting,DEB,885295.473059652
2048,PC_Rewetting,DEC,110543.87621715985
2048,PC_Rewetting,DEE,11677594.522817124
2048,PC_Rewetting,DED,4262168.525538365
2048,PC_Rewetting,DEF,22362669.207152244
2048,PC_Rewetting,DEG,152641.9398952867
2049,FM01_PSA,DE1,0.0
2049,FM01_PSA,DE2,0.0
2049,FM01_PSA,DE3,0.0
2049,FM01_PSA,DE4,0.0
2049,FM01_PSA,DE5,0.0
2049,FM01_PSA,DE6,0.0
2049,FM01_PSA,DE7,0.0
2049,FM01_PSA,DE8,0.0
2049,FM01_PSA,DE9,0.0
2049,FM01_PSA,DEA,0.0
2049,FM01_PSA,DEB,0.0
2049,FM01_PSA,DEC,0.0
2049,FM01_PSA,DEE,0.0
2049,FM01_PSA,DED,0.0
2049,FM01_PSA,DEF,0.0
2049,FM01_PSA,DEG,0.0
2049,FM02_TSA,DE1,172079.26032082862
2049,FM02_TSA,DE2,170158.3968366332
2049,FM02_TSA,DE3,60.42166339921699
2049,FM02_TSA,DE4,10841.067058974142
2049,FM02_TSA,DE5,43.319219465421845
2049,FM02_TSA,DE6,222.60125931985525
2049,FM02_TSA,DE7,155213.41092068207
2049,FM02_TSA,DE8,32888.47028345106
2049,FM02_TSA,DE9,77657.18622764843
2049,FM02_TSA,DEA,94126.1358488545
2049,FM02_TSA,DEB,123505.10982395412
2049,FM02_TSA,DEC,14379.418713699304
2049,FM02_TSA,DEE,18691.88924470437
2049,FM02_TSA,DED,11747.754009010854
2049,FM02_TSA,DEF,21701.11493472241
2049,FM02_TSA,DEG,59394.42674383226
2049,FM03_Beech,DE1,656711.6612978635
2049,FM03_Beech,DE2,477460.32844655873
2049,FM03_Beech,DE3,241.40389914768593
2049,FM03_Beech,DE4,31970.8490218677
2049,FM03_Beech,DE5,173.07415749038594
2049,FM03_Beech,DE6,889.3633331467435
2049,FM03_Beech,DE7,484460.4964197284
2049,FM03_Beech,DE8,111217.21536742081
2049,FM03_Beech,DE9,171180.1287501625
2049,FM03_Beech,DEA,253039.56554620137
2049,FM03_Beech,DEB,382526.18924230407
2049,FM03_Beech,DEC,40702.303236789194
2049,FM03_Beech,DEE,61609.72582885813
2049,FM03_Beech,DED,34932.84003687664
2049,FM03_Beech,DEF,83826.53180438351
2049,FM03_Beech,DEG,176396.88845189364
2049,FM04_DouglasFir,DE1,120287.13159017457
2049,FM04_DouglasFir,DE2,57795.258067469294
2049,FM04_DouglasFir,DE3,20.800726988972237
2049,FM04_DouglasFir,DE4,17787.337560387376
2049,FM04_DouglasFir,DE5,31.503933138064454
2049,FM04_DouglasFir,DE6,151.4047331849882
2049,FM04_DouglasFir,DE7,113328.40529136857
2049,FM04_DouglasFir,DE8,26246.305494941997
2049,FM04_DouglasFir,DE9,56645.01106630454
2049,FM04_DouglasFir,DEA,35865.881993027266
2049,FM04_DouglasFir,DEB,213070.86186148843
2049,FM04_DouglasFir,DEC,25903.483048275673
2049,FM04_DouglasFir,DEE,6740.258099585791
2049,FM04_DouglasFir,DED,9556.058661281004
2049,FM04_DouglasFir,DEF,8835.3221020437
2049,FM04_DouglasFir,DEG,19840.08020219274
2049,FM05_Oak,DE1,68601.92597352868
2049,FM05_Oak,DE2,148887.4895651547
2049,FM05_Oak,DE3,2836.8411254277094
2049,FM05_Oak,DE4,107487.56702491695
2049,FM05_Oak,DE5,141.13078104985823
2049,FM05_Oak,DE6,614.1726691283328
2049,FM05_Oak,DE7,113820.04232077723
2049,FM05_Oak,DE8,37728.87582358322
2049,FM05_Oak,DE9,120783.12083281837
2049,FM05_Oak,DEA,161611.40175852735
2049,FM05_Oak,DEB,149030.2006574785
2049,FM05_Oak,DEC,24743.60833594317
2049,FM05_Oak,DEE,90030.33827554708
2049,FM05_Oak,DED,74133.45483635686
2049,FM05_Oak,DEF,19051.35873215062
2049,FM05_Oak,DEG,49915.32417524878
2049,FM06_ScotPine,DE1,27572.568648106742
2049,FM06_ScotPine,DE2,333499.9208233626
2049,FM06_ScotPine,DE3,13879.354302741565
2049,FM06_ScotPine,DE4,1503079.294116946
2049,FM06_ScotPine,DE5,141.7301824531347
2049,FM06_ScotPine,DE6,700.011646158534
2049,FM06_ScotPine,DE7,97487.11220303387
2049,FM06_ScotPine,DE8,303575.9875345091
2049,FM06_ScotPine,DE9,581985.225194812
2049,FM06_ScotPine,DEA,50968.593547316894
2049,FM06_ScotPine,DEB,95600.41576843752
2049,FM06_ScotPine,DEC,2387.0959995040243
2049,FM06_ScotPine,DEE,311393.4720969118
2049,FM06_ScotPine,DED,278521.22875284834
2049,FM06_ScotPine,DEF,10993.616106591651
2049,FM06_ScotPine,DEG,112768.64811687358
2049,PC_Rewetting,DE1,7325605.438152004
2049,PC_Rewetting,DE2,34453090.982658006
2049,PC_Rewetting,DE3,82093.4555748482
2049,PC_Rewetting,DE4,33621787.79870459
2049,PC_Rewetting,DE5,356902.11416759156
2049,PC_Rewetting,DE6,458933.71619855013
2049,PC_Rewetting,DE7,1145470.451963245
2049,PC_Rewetting,DE8,36076506.704276316
2049,PC_Rewetting,DE9,71294946.43724361
2049,PC_Rewetting,DEA,38463212.88510172
2049,PC_Rewetting,DEB,967819.2816561142
2049,PC_Rewetting,DEC,120848.34739097914
2049,PC_Rewetting,DEE,12766134.569156116
2049,PC_Rewetting,DED,4659471.336081138
2049,PC_Rewetting,DEF,24447230.45197483
2049,PC_Rewetting,DEG,166870.62920302307
2050,FM01_PSA,DE1,0.0
2050,FM01_PSA,DE2,0.0
2050,FM01_PSA,DE3,0.0
2050,FM01_PSA,DE4,0.0
2050,FM01_PSA,DE5,0.0
2050,FM01_PSA,DE6,0.0
2050,FM01_PSA,DE7,0.0
2050,FM01_PSA,DE8,0.0
2050,FM01_PSA,DE9,0.0
2050,FM01_PSA,DEA,0.0
2050,FM01_PSA,DEB,0.0
2050,FM01_PSA,DEC,0.0
2050,FM01_PSA,DEE,0.0
2050,FM01_PSA,DED,0.0
2050,FM01_PSA,DEF,0.0
2050,FM01_PSA,DEG,0.0
2050,FM02_TSA,DE1,172739.7679111681
2050,FM02_TSA,DE2,170811.53140067682
2050,FM02_TSA,DE3,60.65358540551637
2050,FM02_TSA,DE4,10882.679319896703
2050,FM02_TSA,DE5,43.48549559428913
2050,FM02_TSA,DE6,223.4556901276456
2050,FM02_TSA,DE7,155809.1807760641
2050,FM02_TSA,DE8,33014.70911209533
2050,FM02_TSA,DE9,77955.26492029353
2050,FM02_TSA,DEA,94487.42881967258
2050,FM02_TSA,DEB,123979.17080220529
2050,FM02_TSA,DEC,14434.612553952684
2050,FM02_TSA,DEE,18763.636035694133
2050,FM02_TSA,DED,11792.846489522019
2050,FM02_TSA,DEF,21784.412312375527
2050,FM02_TSA,DEG,59622.40581356455
2050,FM03_Beech,DE1,1003161.8293849119
2050,FM03_Beech,DE2,966848.8944760028
2050,FM03_Beech,DE3,368.45925798235083
2050,FM03_Beech,DE4,49096.2245367087
2050,FM03_Beech,DE5,264.16630331979223
2050,FM03_Beech,DE6,1357.4517850164584
2050,FM03_Beech,DE7,743011.618085718
2050,FM03_Beech,DE8,170284.0845407653
2050,FM03_Beech,DE9,347804.08739389817
2050,FM03_Beech,DEA,512677.44732032315
2050,FM03_Beech,DEB,586775.9920136409
2050,FM03_Beech,DEC,62565.467714168364
2050,FM03_Beech,DEE,94380.06297137841
2050,FM03_Beech,DED,53634.5502627619
2050,FM03_Beech,DEF,128021.6955696886
2050,FM03_Beech,DEG,270840.72679124324
2050,FM04_DouglasFir,DE1,153220.68875928927
2050,FM04_DouglasFir,DE2,87793.63992460731
2050,FM04_DouglasFir,DE3,28.237156469498924
2050,FM04_DouglasFir,DE4,20512.560542977066
2050,FM04_DouglasFir,DE5,42.76684607685976
2050,FM04_DouglasFir,DE6,205.53315965513218
2050,FM04_DouglasFir,DE7,132573.44265547412
2050,FM04_DouglasFir,DE8,32177.381311325677
2050,FM04_DouglasFir,DE9,76761.01664971252
2050,FM04_DouglasFir,DEA,54513.07794599926
2050,FM04_DouglasFir,DEB,249301.70508841425
2050,FM04_DouglasFir,DEC,29536.12211732799
2050,FM04_DouglasFir,DEE,8038.598844948115
2050,FM04_DouglasFir,DED,11017.756477308278
2050,FM04_DouglasFir,DEF,11251.677108541295
2050,FM04_DouglasFir,DEG,22875.561569291858
2050,FM05_Oak,DE1,139743.34861967794
2050,FM05_Oak,DE2,301507.72778321453
2050,FM05_Oak,DE3,5773.934068080663
2050,FM05_Oak,DE4,165107.77220307995
2050,FM05_Oak,DE5,287.24901703325037
2050,FM05_Oak,DE6,1250.0497353123556
2050,FM05_Oak,DE7,174604.84091960156
2050,FM05_Oak,DE8,77036.51641693697
2050,FM05_Oak,DE9,245430.06022999933
2050,FM05_Oak,DEA,327453.5099407723
2050,FM05_Oak,DEB,228658.67968348376
2050,FM05_Oak,DEC,38045.75370368383
2050,FM05_Oak,DEE,137945.44720366187
2050,FM05_Oak,DED,113851.30977541886
2050,FM05_Oak,DEF,38799.3717008543
2050,FM05_Oak,DEG,76660.26750479547
2050,FM06_ScotPine,DE1,42130.76381585078
2050,FM06_ScotPine,DE2,675393.1961736797
2050,FM06_ScotPine,DE3,21189.738499378163
2050,FM06_ScotPine,DE4,2052895.8459426225
2050,FM06_ScotPine,DE5,216.38077954806997
2050,FM06_ScotPine,DE6,1068.7142503227703
2050,FM06_ScotPine,DE7,132966.89640929844
2050,FM06_ScotPine,DE8,464988.5024907992
2050,FM06_ScotPine,DE9,887031.1947881011
2050,FM06_ScotPine,DEA,103277.1507685113
2050,FM06_ScotPine,DEB,130416.98519400627
2050,FM06_ScotPine,DEC,3263.641385173125
2050,FM06_ScotPine,DEE,477226.9187712669
2050,FM06_ScotPine,DED,380325.3060143032
2050,FM06_ScotPine,DEF,16794.39842943388
2050,FM06_ScotPine,DEG,153992.05775550188
2050,PC_Rewetting,DE1,7986996.150818431
2050,PC_Rewetting,DE2,37563680.89784866
2050,PC_Rewetting,DE3,83775.01556171074
2050,PC_Rewetting,DE4,34310479.15239645
2050,PC_Rewetting,DE5,364212.71292614524
2050,PC_Rewetting,DE6,468334.2776486404
2050,PC_Rewetting,DE7,1248889.0055501852
2050,PC_Rewetting,DE8,36815479.25348736
2050,PC_Rewetting,DE9,72755315.33455567
2050,PC_Rewetting,DEA,39737090.38915101
2050,PC_Rewetting,DEB,1055198.6375101912
2050,PC_Rewetting,DEC,131759.11446412944
2050,PC_Rewetting,DEE,13918722.285212476
2050,PC_Rewetting,DED,5080150.704310517
2050,PC_Rewetting,DEF,26654443.399472985
2050,PC_Rewetting,DEG,181936.5080991057
