year,techAgri,r,ghgAbateTechAgri
2020,Agri01_AGC,DE1,0.0
2020,Agri01_AGC,DE2,0.0
2020,Agri01_AGC,DE3,0.0
2020,Agri01_AGC,DE4,0.0
2020,Agri01_AGC,DE5,0.0
2020,Agri01_AGC,DE6,0.0
2020,Agri01_AGC,DE7,0.0
2020,Agri01_AGC,DE8,0.0
2020,Agri01_AGC,DE9,0.0
2020,Agri01_AGC,DEA,0.0
2020,Agri01_AGC,DEB,0.0
2020,Agri01_AGC,DEC,0.0
2020,Agri01_AGC,DEE,0.0
2020,Agri01_AGC,DED,0.0
2020,Agri01_AGC,DEF,0.0
2020,Agri01_AGC,DEG,0.0
2020,Agri02_OFC,DE1,0.0
2020,Agri02_OFC,DE2,0.0
2020,Agri02_OFC,DE3,0.0
2020,Agri02_OFC,DE4,0.0
2020,Agri02_OFC,DE5,0.0
2020,Agri02_OFC,DE6,0.0
2020,Agri02_OFC,DE7,0.0
2020,Agri02_OFC,DE8,0.0
2020,Agri02_OFC,DE9,0.0
2020,Agri02_OFC,DEA,0.0
2020,Agri02_OFC,DEB,0.0
2020,Agri02_OFC,DEC,0.0
2020,Agri02_OFC,DEE,0.0
2020,Agri02_OFC,DED,0.0
2020,Agri02_OFC,DEF,0.0
2020,Agri02_OFC,DEG,0.0
2020,Agri03_No-till,DE1,0.0
2020,Agri03_No-till,DE2,0.0
2020,Agri03_No-till,DE3,0.0
2020,Agri03_No-till,DE4,0.0
2020,Agri03_No-till,DE5,0.0
2020,Agri03_No-till,DE6,0.0
2020,Agri03_No-till,DE7,0.0
2020,Agri03_No-till,DE8,0.0
2020,Agri03_No-till,DE9,0.0
2020,Agri03_No-till,DEA,0.0
2020,Agri03_No-till,DEB,0.0
2020,Agri03_No-till,DEC,0.0
2020,Agri03_No-till,DEE,0.0
2020,Agri03_No-till,DED,0.0
2020,Agri03_No-till,DEF,0.0
2020,Agri03_No-till,DEG,0.0
2020,Agri04_toGrassland,DE1,0.0
2020,Agri04_toGrassland,DE2,0.0
2020,Agri04_toGrassland,DE3,0.0
2020,Agri04_toGrassland,DE4,0.0
2020,Agri04_toGrassland,DE5,0.0
2020,Agri04_toGrassland,DE6,0.0
2020,Agri04_toGrassland,DE7,0.0
2020,Agri04_toGrassland,DE8,0.0
2020,Agri04_toGrassland,DE9,0.0
2020,Agri04_toGrassland,DEA,0.0
2020,Agri04_toGrassland,DEB,0.0
2020,Agri04_toGrassland,DEC,0.0
2020,Agri04_toGrassland,DEE,0.0
2020,Agri04_toGrassland,DED,0.0
2020,Agri04_toGrassland,DEF,0.0
2020,Agri04_toGrassland,DEG,0.0
2020,Agri05_Agroforestry,DE1,0.0
2020,Agri05_Agroforestry,DE2,0.0
2020,Agri05_Agroforestry,DE3,0.0
2020,Agri05_Agroforestry,DE4,0.0
2020,Agri05_Agroforestry,DE5,0.0
2020,Agri05_Agroforestry,DE6,0.0
2020,Agri05_Agroforestry,DE7,0.0
2020,Agri05_Agroforestry,DE8,0.0
2020,Agri05_Agroforestry,DE9,0.0
2020,Agri05_Agroforestry,DEA,0.0
2020,Agri05_Agroforestry,DEB,0.0
2020,Agri05_Agroforestry,DEC,0.0
2020,Agri05_Agroforestry,DEE,0.0
2020,Agri05_Agroforestry,DED,0.0
2020,Agri05_Agroforestry,DEF,0.0
2020,Agri05_Agroforestry,DEG,0.0
2020,Agri06_Biochar,DE1,0.0
2020,Agri06_Biochar,DE2,0.0
2020,Agri06_Biochar,DE3,0.0
2020,Agri06_Biochar,DE4,0.0
2020,Agri06_Biochar,DE5,0.0
2020,Agri06_Biochar,DE6,0.0
2020,Agri06_Biochar,DE7,0.0
2020,Agri06_Biochar,DE8,0.0
2020,Agri06_Biochar,DE9,0.0
2020,Agri06_Biochar,DEA,0.0
2020,Agri06_Biochar,DEB,0.0
2020,Agri06_Biochar,DEC,0.0
2020,Agri06_Biochar,DEE,0.0
2020,Agri06_Biochar,DED,0.0
2020,Agri06_Biochar,DEF,0.0
2020,Agri06_Biochar,DEG,0.0
2021,Agri01_AGC,DE1,0.0
2021,Agri01_AGC,DE2,17669.71978703521
2021,Agri01_AGC,DE3,0.0
2021,Agri01_AGC,DE4,0.0
2021,Agri01_AGC,DE5,0.0
2021,Agri01_AGC,DE6,0.0
2021,Agri01_AGC,DE7,4557.182045881055
2021,Agri01_AGC,DE8,0.0
2021,Agri01_AGC,DE9,14590.490394051843
2021,Agri01_AGC,DEA,0.0
2021,Agri01_AGC,DEB,0.0
2021,Agri01_AGC,DEC,0.0
2021,Agri01_AGC,DEE,0.0
2021,Agri01_AGC,DED,0.0
2021,Agri01_AGC,DEF,5571.887015480787
2021,Agri01_AGC,DEG,4454.485289279729
2021,Agri02_OFC,DE1,3833.796107622671
2021,Agri02_OFC,DE2,8359.165526427147
2021,Agri02_OFC,DE3,7.805966457250062
2021,Agri02_OFC,DE4,3305.584953078549
2021,Agri02_OFC,DE5,25.09695456660486
2021,Agri02_OFC,DE6,41.22278416658086
2021,Agri02_OFC,DE7,2155.905102894303
2021,Agri02_OFC,DE8,3646.8681795185025
2021,Agri02_OFC,DE9,6902.44813079115
2021,Agri02_OFC,DEA,4005.8170614774517
2021,Agri02_OFC,DEB,1993.1866546925785
2021,Agri02_OFC,DEC,211.93901130207283
2021,Agri02_OFC,DEE,3057.0360261525
2021,Agri02_OFC,DED,2274.8658063584994
2021,Agri02_OFC,DEF,2635.9402649457097
2021,Agri02_OFC,DEG,2107.321469548427
2021,Agri03_No-till,DE1,0.0
2021,Agri03_No-till,DE2,0.0
2021,Agri03_No-till,DE3,0.0
2021,Agri03_No-till,DE4,0.0
2021,Agri03_No-till,DE5,0.0
2021,Agri03_No-till,DE6,0.0
2021,Agri03_No-till,DE7,0.0
2021,Agri03_No-till,DE8,0.0
2021,Agri03_No-till,DE9,0.0
2021,Agri03_No-till,DEA,0.0
2021,Agri03_No-till,DEB,0.0
2021,Agri03_No-till,DEC,0.0
2021,Agri03_No-till,DEE,0.0
2021,Agri03_No-till,DED,0.0
2021,Agri03_No-till,DEF,0.0
2021,Agri03_No-till,DEG,0.0
2021,Agri04_toGrassland,DE1,141.3456378427441
2021,Agri04_toGrassland,DE2,308.18842473565667
2021,Agri04_toGrassland,DE3,0.287792902101738
2021,Agri04_toGrassland,DE4,121.87137774679239
2021,Agri04_toGrassland,DE5,0.9252826575920425
2021,Agri04_toGrassland,DE6,1.5198149714049984
2021,Agri04_toGrassland,DE7,79.4846082949318
2021,Agri04_toGrassland,DE8,134.4539183858922
2021,Agri04_toGrassland,DE9,254.48169551408893
2021,Agri04_toGrassland,DEA,147.68776214001105
2021,Agri04_toGrassland,DEB,73.48545179202733
2021,Agri04_toGrassland,DEC,7.813836180982533
2021,Agri04_toGrassland,DEE,112.70779532736196
2021,Agri04_toGrassland,DED,83.87049007824734
2021,Agri04_toGrassland,DEF,97.18270028062564
2021,Agri04_toGrassland,DEG,77.69341114953923
2021,Agri05_Agroforestry,DE1,6854.790275903743
2021,Agri05_Agroforestry,DE2,14946.106928141888
2021,Agri05_Agroforestry,DE3,13.956992355122633
2021,Agri05_Agroforestry,DE4,5910.353852017296
2021,Agri05_Agroforestry,DE5,44.8731114771357
2021,Agri05_Agroforestry,DE6,73.70593847933675
2021,Agri05_Agroforestry,DE7,3854.7374247962052
2021,Agri05_Agroforestry,DE8,6520.564952518496
2021,Agri05_Agroforestry,DE9,12341.510346051497
2021,Agri05_Agroforestry,DEA,7162.3620738381505
2021,Agri05_Agroforestry,DEB,3563.7984167916848
2021,Agri05_Agroforestry,DEC,378.9448976875766
2021,Agri05_Agroforestry,DEE,5465.950780087766
2021,Agri05_Agroforestry,DED,4067.4380093942473
2021,Agri05_Agroforestry,DEF,4713.0356411200555
2021,Agri05_Agroforestry,DEG,3767.8703593397963
2021,Agri06_Biochar,DE1,0.0
2021,Agri06_Biochar,DE2,0.0
2021,Agri06_Biochar,DE3,0.0
2021,Agri06_Biochar,DE4,0.0
2021,Agri06_Biochar,DE5,0.0
2021,Agri06_Biochar,DE6,0.0
2021,Agri06_Biochar,DE7,0.0
2021,Agri06_Biochar,DE8,0.0
2021,Agri06_Biochar,DE9,0.0
2021,Agri06_Biochar,DEA,0.0
2021,Agri06_Biochar,DEB,0.0
2021,Agri06_Biochar,DEC,0.0
2021,Agri06_Biochar,DEE,0.0
2021,Agri06_Biochar,DED,0.0
2021,Agri06_Biochar,DEF,0.0
2021,Agri06_Biochar,DEG,0.0
2022,Agri01_AGC,DE1,0.0
2022,Agri01_AGC,DE2,35311.70711986818
2022,Agri01_AGC,DE3,0.0
2022,Agri01_AGC,DE4,0.0
2022,Agri01_AGC,DE5,0.0
2022,Agri01_AGC,DE6,0.0
2022,Agri01_AGC,DE7,9045.016174380478
2022,Agri01_AGC,DE8,0.0
2022,Agri01_AGC,DE9,29249.624175208206
2022,Agri01_AGC,DEA,0.0
2022,Agri01_AGC,DEB,0.0
2022,Agri01_AGC,DEC,0.0
2022,Agri01_AGC,DEE,1530.2395485834115
2022,Agri01_AGC,DED,0.0
2022,Agri01_AGC,DEF,10958.241536652751
2022,Agri01_AGC,DEG,8760.684808457336
2022,Agri02_OFC,DE1,7805.318233143189
2022,Agri02_OFC,DE2,16705.21142345866
2022,Agri02_OFC,DE3,280.87095551786183
2022,Agri02_OFC,DE4,6784.781464188706
2022,Agri02_OFC,DE5,171.60571858896637
2022,Agri02_OFC,DE6,92.48824574599236
2022,Agri02_OFC,DE7,4279.003193153839
2022,Agri02_OFC,DE8,7434.729405214522
2022,Agri02_OFC,DE9,13837.369976050728
2022,Agri02_OFC,DEA,8140.662206400454
2022,Agri02_OFC,DEB,4101.867009248623
2022,Agri02_OFC,DEC,596.5035064506694
2022,Agri02_OFC,DEE,6198.380827842266
2022,Agri02_OFC,DED,4657.589526545175
2022,Agri02_OFC,DEF,5184.109085343877
2022,Agri02_OFC,DEG,4144.492121062556
2022,Agri03_No-till,DE1,0.0
2022,Agri03_No-till,DE2,0.0
2022,Agri03_No-till,DE3,0.0
2022,Agri03_No-till,DE4,0.0
2022,Agri03_No-till,DE5,0.0
2022,Agri03_No-till,DE6,0.0
2022,Agri03_No-till,DE7,0.0
2022,Agri03_No-till,DE8,0.0
2022,Agri03_No-till,DE9,0.0
2022,Agri03_No-till,DEA,0.0
2022,Agri03_No-till,DEB,0.0
2022,Agri03_No-till,DEC,0.0
2022,Agri03_No-till,DEE,0.0
2022,Agri03_No-till,DED,0.0
2022,Agri03_No-till,DEF,0.0
2022,Agri03_No-till,DEG,0.0
2022,Agri04_toGrassland,DE1,287.76900316520647
2022,Agri04_toGrassland,DE2,615.8931507212678
2022,Agri04_toGrassland,DE3,10.355241448609801
2022,Agri04_toGrassland,DE4,250.14352270132943
2022,Agri04_toGrassland,DE5,6.326815268864368
2022,Agri04_toGrassland,DE6,3.409886629581398
2022,Agri04_toGrassland,DE7,157.75967701175296
2022,Agri04_toGrassland,DE8,274.1060141093138
2022,Agri04_toGrassland,DE9,510.160642461434
2022,Agri04_toGrassland,DEA,300.13257349241417
2022,Agri04_toGrassland,DEB,151.22896275458862
2022,Agri04_toGrassland,DEC,21.992084666960995
2022,Agri04_toGrassland,DEE,228.52391392480126
2022,Agri04_toGrassland,DED,171.71752069189756
2022,Agri04_toGrassland,DEF,191.12941448747847
2022,Agri04_toGrassland,DEG,152.80047919634185
2022,Agri05_Agroforestry,DE1,16371.387717024656
2022,Agri05_Agroforestry,DE2,32284.31046642634
2022,Agri05_Agroforestry,DE3,1307.8725000000002
2022,Agri05_Agroforestry,DE4,14712.966072101832
2022,Agri05_Agroforestry,DE5,1418.9808474363908
2022,Agri05_Agroforestry,DE6,269.2318641986659
2022,Agri05_Agroforestry,DE7,8006.1316630397605
2022,Agri05_Agroforestry,DE8,15681.814455929049
2022,Agri05_Agroforestry,DE9,27129.673729877282
2022,Agri05_Agroforestry,DEA,16944.015461191033
2022,Agri05_Agroforestry,DEB,8989.231620619672
2022,Agri05_Agroforestry,DEC,2701.2687721858797
2022,Agri05_Agroforestry,DEE,12776.685369143242
2022,Agri05_Agroforestry,DED,9998.81068920822
2022,Agri05_Agroforestry,DEF,9269.984956446695
2022,Agri05_Agroforestry,DEG,7411.159902278851
2022,Agri06_Biochar,DE1,0.0
2022,Agri06_Biochar,DE2,0.0
2022,Agri06_Biochar,DE3,0.0
2022,Agri06_Biochar,DE4,0.0
2022,Agri06_Biochar,DE5,0.0
2022,Agri06_Biochar,DE6,0.0
2022,Agri06_Biochar,DE7,0.0
2022,Agri06_Biochar,DE8,0.0
2022,Agri06_Biochar,DE9,0.0
2022,Agri06_Biochar,DEA,0.0
2022,Agri06_Biochar,DEB,0.0
2022,Agri06_Biochar,DEC,0.0
2022,Agri06_Biochar,DEE,0.0
2022,Agri06_Biochar,DED,0.0
2022,Agri06_Biochar,DEF,0.0
2022,Agri06_Biochar,DEG,0.0
2023,Agri01_AGC,DE1,8686.18560070932
2023,Agri01_AGC,DE2,52925.96199849891
2023,Agri01_AGC,DE3,0.0
2023,Agri01_AGC,DE4,0.0
2023,Agri01_AGC,DE5,0.0
2023,Agri01_AGC,DE6,0.0
2023,Agri01_AGC,DE7,13463.502385498266
2023,Agri01_AGC,DE8,7354.5442531820845
2023,Agri01_AGC,DE9,43977.40134346909
2023,Agri01_AGC,DEA,9013.034245407005
2023,Agri01_AGC,DEB,0.0
2023,Agri01_AGC,DEC,0.0
2023,Agri01_AGC,DEE,8348.670725649792
2023,Agri01_AGC,DED,0.0
2023,Agri01_AGC,DEF,16159.06356351589
2023,Agri01_AGC,DEG,12918.598557532821
2023,Agri02_OFC,DE1,11914.566376561555
2023,Agri02_OFC,DE2,25038.13769109454
2023,Agri02_OFC,DE3,819.1949671818355
2023,Agri02_OFC,DE4,10437.589533330472
2023,Agri02_OFC,DE5,439.52629206708457
2023,Agri02_OFC,DE6,153.79638473823448
2023,Agri02_OFC,DE7,6369.294270778606
2023,Agri02_OFC,DE8,11363.583677088056
2023,Agri02_OFC,DE9,20804.765535778733
2023,Agri02_OFC,DEA,12404.535434769008
2023,Agri02_OFC,DEB,6326.041063668134
2023,Agri02_OFC,DEC,1153.6934854457897
2023,Agri02_OFC,DEE,9424.034405069295
2023,Agri02_OFC,DED,7148.171160560026
2023,Agri02_OFC,DEF,7644.506461194503
2023,Agri02_OFC,DEG,6111.511954542385
2023,Agri03_No-till,DE1,0.0
2023,Agri03_No-till,DE2,0.0
2023,Agri03_No-till,DE3,0.0
2023,Agri03_No-till,DE4,0.0
2023,Agri03_No-till,DE5,0.0
2023,Agri03_No-till,DE6,0.0
2023,Agri03_No-till,DE7,0.0
2023,Agri03_No-till,DE8,0.0
2023,Agri03_No-till,DE9,0.0
2023,Agri03_No-till,DEA,0.0
2023,Agri03_No-till,DEB,0.0
2023,Agri03_No-till,DEC,0.0
2023,Agri03_No-till,DEE,0.0
2023,Agri03_No-till,DED,0.0
2023,Agri03_No-till,DEF,0.0
2023,Agri03_No-till,DEG,0.0
2023,Agri04_toGrassland,DE1,439.2700959673871
2023,Agri04_toGrassland,DE2,923.1141779568334
2023,Agri04_toGrassland,DE3,30.20234563952419
2023,Agri04_toGrassland,DE4,384.8164348636111
2023,Agri04_toGrassland,DE5,16.20459783381698
2023,Agri04_toGrassland,DE6,5.670214974529199
2023,Agri04_toGrassland,DE7,234.82520615046346
2023,Agri04_toGrassland,DE8,418.9562871702647
2023,Agri04_toGrassland,DE9,767.0368408420353
2023,Agri04_toGrassland,DEA,457.33443405720936
2023,Agri04_toGrassland,DEB,233.23053288768386
2023,Agri04_toGrassland,DEC,42.53474545793538
2023,Agri04_toGrassland,DEE,347.4483557923179
2023,Agri04_toGrassland,DED,263.54109184095057
2023,Agri04_toGrassland,DEF,281.8401426205585
2023,Agri04_toGrassland,DEG,225.3212041404079
2023,Agri05_Agroforestry,DE1,28549.79232336274
2023,Agri05_Agroforestry,DE2,52014.61061485336
2023,Agri05_Agroforestry,DE3,1307.8725000000002
2023,Agri05_Agroforestry,DE4,26407.836660253604
2023,Agri05_Agroforestry,DE5,4122.323207877766
2023,Agri05_Agroforestry,DE6,586.5777771579875
2023,Agri05_Agroforestry,DE7,12454.182714730665
2023,Agri05_Agroforestry,DE8,27483.748510231657
2023,Agri05_Agroforestry,DE9,44364.49015147736
2023,Agri05_Agroforestry,DEA,29344.960162058644
2023,Agri05_Agroforestry,DEB,16276.299611483964
2023,Agri05_Agroforestry,DEC,6966.971623494909
2023,Agri05_Agroforestry,DEE,21932.20376716643
2023,Agri05_Agroforestry,DED,17794.118039441913
2023,Agri05_Agroforestry,DEF,13670.847945979918
2023,Agri05_Agroforestry,DEG,10929.868628817167
2023,Agri06_Biochar,DE1,0.0
2023,Agri06_Biochar,DE2,0.0
2023,Agri06_Biochar,DE3,0.0
2023,Agri06_Biochar,DE4,0.0
2023,Agri06_Biochar,DE5,0.0
2023,Agri06_Biochar,DE6,0.0
2023,Agri06_Biochar,DE7,0.0
2023,Agri06_Biochar,DE8,0.0
2023,Agri06_Biochar,DE9,0.0
2023,Agri06_Biochar,DEA,0.0
2023,Agri06_Biochar,DEB,0.0
2023,Agri06_Biochar,DEC,0.0
2023,Agri06_Biochar,DEE,0.0
2023,Agri06_Biochar,DED,0.0
2023,Agri06_Biochar,DEF,0.0
2023,Agri06_Biochar,DEG,0.0
2024,Agri01_AGC,DE1,17663.498364285013
2024,Agri01_AGC,DE2,70512.48442292739
2024,Agri01_AGC,DE3,0.0
2024,Agri01_AGC,DE4,8088.338768506683
2024,Agri01_AGC,DE5,0.0
2024,Agri01_AGC,DE6,0.0
2024,Agri01_AGC,DE7,17812.640679234424
2024,Agri01_AGC,DE8,15957.443843892277
2024,Agri01_AGC,DE9,58773.82189883451
2024,Agri01_AGC,DEA,18298.80983944903
2024,Agri01_AGC,DEB,3924.0166190034124
2024,Agri01_AGC,DEC,0.0
2024,Agri01_AGC,DEE,15345.314959345073
2024,Agri01_AGC,DED,5492.6174806304
2024,Agri01_AGC,DEF,21174.353096070205
2024,Agri01_AGC,DEG,16928.226536506183
2024,Agri02_OFC,DE1,16161.540537877772
2024,Agri02_OFC,DE2,33357.94432933478
2024,Agri02_OFC,DE3,1622.778001449171
2024,Agri02_OFC,DE4,14264.009160503845
2024,Agri02_OFC,DE5,828.8586750009592
2024,Agri02_OFC,DE6,225.14720114330723
2024,Agri02_OFC,DE7,8426.778335768608
2024,Agri02_OFC,DE8,15433.430995139108
2024,Agri02_OFC,DE9,27804.63480997517
2024,Agri02_OFC,DEA,16797.436746583113
2024,Agri02_OFC,DEB,8665.70881795111
2024,Agri02_OFC,DEC,1883.5089482874337
2024,Agri02_OFC,DEE,12733.996757833589
2024,Agri02_OFC,DED,9746.610708403054
2024,Agri02_OFC,DEF,10017.132392497588
2024,Agri02_OFC,DEG,8008.380969987915
2024,Agri03_No-till,DE1,0.0
2024,Agri03_No-till,DE2,0.0
2024,Agri03_No-till,DE3,0.0
2024,Agri03_No-till,DE4,0.0
2024,Agri03_No-till,DE5,0.0
2024,Agri03_No-till,DE6,0.0
2024,Agri03_No-till,DE7,0.0
2024,Agri03_No-till,DE8,0.0
2024,Agri03_No-till,DE9,0.0
2024,Agri03_No-till,DEA,0.0
2024,Agri03_No-till,DEB,0.0
2024,Agri03_No-till,DEC,0.0
2024,Agri03_No-till,DEE,0.0
2024,Agri03_No-till,DED,0.0
2024,Agri03_No-till,DEF,0.0
2024,Agri03_No-till,DEG,0.0
2024,Agri04_toGrassland,DE1,595.8489162492858
2024,Agri04_toGrassland,DE2,1229.8515064423534
2024,Agri04_toGrassland,DE3,59.829105474844894
2024,Agri04_toGrassland,DE4,525.8901142336375
2024,Agri04_toGrassland,DE5,30.558630352449875
2024,Agri04_toGrassland,DE6,8.300800006248403
2024,Agri04_toGrassland,DE7,310.68119571106325
2024,Agri04_toGrassland,DE8,569.0047375687451
2024,Agri04_toGrassland,DE9,1025.1102906558929
2024,Agri04_toGrassland,DEA,619.2933438343968
2024,Agri04_toGrassland,DEB,319.49016219131306
2024,Agri04_toGrassland,DEC,69.4418185539057
2024,Agri04_toGrassland,DEE,469.48112092991175
2024,Agri04_toGrassland,DED,359.34120352540657
2024,Agri04_toGrassland,DEF,369.3148846798657
2024,Agri04_toGrassland,DEG,295.25558598173734
2024,Agri05_Agroforestry,DE1,43390.004094918
2024,Agri05_Agroforestry,DE2,74137.00737342294
2024,Agri05_Agroforestry,DE3,1307.8725000000002
2024,Agri05_Agroforestry,DE4,40994.96561647261
2024,Agri05_Agroforestry,DE5,8154.900192801261
2024,Agri05_Agroforestry,DE6,1025.7436773573015
2024,Agri05_Agroforestry,DE7,17198.890579868916
2024,Agri05_Agroforestry,DE8,41926.36711542632
2024,Agri05_Agroforestry,DE9,64045.95961085173
2024,Agri05_Agroforestry,DEA,44365.19617644099
2024,Agri05_Agroforestry,DEB,25425.002389384557
2024,Agri05_Agroforestry,DEC,13176.053451614665
2024,Agri05_Agroforestry,DEE,32932.50597415732
2024,Agri05_Agroforestry,DED,27453.360060095336
2024,Agri05_Agroforestry,DEF,17915.624609719725
2024,Agri05_Agroforestry,DEG,14323.996538954741
2024,Agri06_Biochar,DE1,0.0
2024,Agri06_Biochar,DE2,0.0
2024,Agri06_Biochar,DE3,0.0
2024,Agri06_Biochar,DE4,0.0
2024,Agri06_Biochar,DE5,0.0
2024,Agri06_Biochar,DE6,0.0
2024,Agri06_Biochar,DE7,0.0
2024,Agri06_Biochar,DE8,0.0
2024,Agri06_Biochar,DE9,0.0
2024,Agri06_Biochar,DEA,0.0
2024,Agri06_Biochar,DEB,0.0
2024,Agri06_Biochar,DEC,0.0
2024,Agri06_Biochar,DEE,0.0
2024,Agri06_Biochar,DED,0.0
2024,Agri06_Biochar,DEF,0.0
2024,Agri06_Biochar,DEG,0.0
2025,Agri01_AGC,DE1,26931.93829072709
2025,Agri01_AGC,DE2,88071.27439315362
2025,Agri01_AGC,DE3,0.0
2025,Agri01_AGC,DE4,16543.660051297935
2025,Agri01_AGC,DE5,0.0
2025,Agri01_AGC,DE6,0.0
2025,Agri01_AGC,DE7,22092.431055588946
2025,Agri01_AGC,DE8,24858.376487064594
2025,Agri01_AGC,DE9,73638.88584130444
2025,Agri01_AGC,DEA,27857.32678212607
2025,Agri01_AGC,DEB,9113.77088209907
2025,Agri01_AGC,DEC,0.0
2025,Agri01_AGC,DEE,22520.172249669253
2025,Agri01_AGC,DED,11213.226512347197
2025,Agri01_AGC,DEF,26004.110134315695
2025,Agri01_AGC,DEG,20789.568745377423
2025,Agri02_OFC,DE1,20546.240717091834
2025,Agri02_OFC,DE2,41664.63133817939
2025,Agri02_OFC,DE3,2691.620058319868
2025,Agri02_OFC,DE4,18264.04034570883
2025,Agri02_OFC,DE5,1339.6028673905905
2025,Agri02_OFC,DE6,306.5406949612106
2025,Agri02_OFC,DE7,10451.45538812384
2025,Agri02_OFC,DE8,19644.271359367674
2025,Agri02_OFC,DE9,34836.97779864003
2025,Agri02_OFC,DEA,21319.366141842773
2025,Agri02_OFC,DEB,11120.870272097554
2025,Agri02_OFC,DEC,2785.9498949756016
2025,Agri02_OFC,DEE,16128.267886135145
2025,Agri02_OFC,DED,12452.908170074257
2025,Agri02_OFC,DEF,12301.986879253129
2025,Agri02_OFC,DEG,9835.099167399147
2025,Agri03_No-till,DE1,0.0
2025,Agri03_No-till,DE2,0.0
2025,Agri03_No-till,DE3,0.0
2025,Agri03_No-till,DE4,0.0
2025,Agri03_No-till,DE5,0.0
2025,Agri03_No-till,DE6,0.0
2025,Agri03_No-till,DE7,0.0
2025,Agri03_No-till,DE8,0.0
2025,Agri03_No-till,DE9,0.0
2025,Agri03_No-till,DEA,0.0
2025,Agri03_No-till,DEB,0.0
2025,Agri03_No-till,DEC,0.0
2025,Agri03_No-till,DEE,0.0
2025,Agri03_No-till,DED,0.0
2025,Agri03_No-till,DEF,0.0
2025,Agri03_No-till,DEG,0.0
2025,Agri04_toGrassland,DE1,757.5054640109029
2025,Agri04_toGrassland,DE2,1536.1051361778282
2025,Agri04_toGrassland,DE3,99.23552095457194
2025,Agri04_toGrassland,DE4,673.3645608114085
2025,Agri04_toGrassland,DE5,49.388912824763054
2025,Agri04_toGrassland,DE6,11.301641724739007
2025,Agri04_toGrassland,DE7,385.3276456935525
2025,Agri04_toGrassland,DE8,724.2513653047548
2025,Agri04_toGrassland,DE9,1284.3809919030064
2025,Agri04_toGrassland,DEA,786.0093028239761
2025,Agri04_toGrassland,DEB,410.0078506654762
2025,Agri04_toGrassland,DEC,102.71330395487193
2025,Agri04_toGrassland,DEE,594.622209337583
2025,Agri04_toGrassland,DED,459.11785574526533
2025,Agri04_toGrassland,DEF,453.5536406654001
2025,Agri04_toGrassland,DEG,362.60362472033023
2025,Agri05_Agroforestry,DE1,60892.02303169043
2025,Agri05_Agroforestry,DE2,98651.50074213509
2025,Agri05_Agroforestry,DE3,1307.8725000000002
2025,Agri05_Agroforestry,DE4,58474.35294075885
2025,Agri05_Agroforestry,DE5,10736.907666666668
2025,Agri05_Agroforestry,DE6,1586.7295647966077
2025,Agri05_Agroforestry,DE7,22240.255258454523
2025,Agri05_Agroforestry,DE8,59009.670271513045
2025,Agri05_Agroforestry,DE9,86174.08210800037
2025,Agri05_Agroforestry,DEA,62004.72350433807
2025,Agri05_Agroforestry,DEB,36435.339954321455
2025,Agri05_Agroforestry,DEC,21328.51425654515
2025,Agri05_Agroforestry,DEE,45777.59199011592
2025,Agri05_Agroforestry,DED,38976.53675116848
2025,Agri05_Agroforestry,DEF,22004.314947666113
2025,Agri05_Agroforestry,DEG,17593.543632691573
2025,Agri06_Biochar,DE1,0.0
2025,Agri06_Biochar,DE2,0.0
2025,Agri06_Biochar,DE3,0.0
2025,Agri06_Biochar,DE4,0.0
2025,Agri06_Biochar,DE5,0.0
2025,Agri06_Biochar,DE6,0.0
2025,Agri06_Biochar,DE7,0.0
2025,Agri06_Biochar,DE8,0.0
2025,Agri06_Biochar,DE9,0.0
2025,Agri06_Biochar,DEA,0.0
2025,Agri06_Biochar,DEB,0.0
2025,Agri06_Biochar,DEC,0.0
2025,Agri06_Biochar,DEE,0.0
2025,Agri06_Biochar,DED,0.0
2025,Agri06_Biochar,DEF,0.0
2025,Agri06_Biochar,DEG,0.0
2026,Agri01_AGC,DE1,36491.50538003554
2026,Agri01_AGC,DE2,105602.33190917762
2026,Agri01_AGC,DE3,0.0
2026,Agri01_AGC,DE4,25365.963848373754
2026,Agri01_AGC,DE5,0.0
2026,Agri01_AGC,DE6,0.0
2026,Agri01_AGC,DE7,26302.873514561834
2026,Agri01_AGC,DE8,34057.34218269904
2026,Agri01_AGC,DE9,88572.5931708789
2026,Agri01_AGC,DEA,37688.58507343813
2026,Agri01_AGC,DEB,14547.657326487666
2026,Agri01_AGC,DEC,0.0
2026,Agri01_AGC,DEE,29873.24259662233
2026,Agri01_AGC,DED,17161.82709515039
2026,Agri01_AGC,DEF,30648.33467825236
2026,Agri01_AGC,DEG,24502.625184146542
2026,Agri02_OFC,DE1,25068.666914203743
2026,Agri02_OFC,DE2,49958.198717628366
2026,Agri02_OFC,DE3,4025.721137793927
2026,Agri02_OFC,DE4,22437.683088945418
2026,Agri02_OFC,DE5,1971.7588692359786
2026,Agri02_OFC,DE6,397.9768661919447
2026,Agri02_OFC,DE7,12443.325427844306
2026,Agri02_OFC,DE8,23996.10476977376
2026,Agri02_OFC,DE9,41901.79450177332
2026,Agri02_OFC,DEA,25970.32362054798
2026,Agri02_OFC,DEB,13691.525426107462
2026,Agri02_OFC,DEC,3861.0163255102925
2026,Agri02_OFC,DEE,19606.84778997397
2026,Agri02_OFC,DED,15267.063545573637
2026,Agri02_OFC,DEF,14499.06992146113
2026,Agri02_OFC,DEG,11591.66654677608
2026,Agri03_No-till,DE1,0.0
2026,Agri03_No-till,DE2,0.0
2026,Agri03_No-till,DE3,0.0
2026,Agri03_No-till,DE4,0.0
2026,Agri03_No-till,DE5,0.0
2026,Agri03_No-till,DE6,0.0
2026,Agri03_No-till,DE7,0.0
2026,Agri03_No-till,DE8,0.0
2026,Agri03_No-till,DE9,0.0
2026,Agri03_No-till,DEA,0.0
2026,Agri03_No-till,DEB,0.0
2026,Agri03_No-till,DEC,0.0
2026,Agri03_No-till,DEE,0.0
2026,Agri03_No-till,DED,0.0
2026,Agri03_No-till,DEF,0.0
2026,Agri03_No-till,DEG,0.0
2026,Agri04_toGrassland,DE1,924.2397392522383
2026,Agri04_toGrassland,DE2,1841.875067163257
2026,Agri04_toGrassland,DE3,148.4215920787053
2026,Agri04_toGrassland,DE4,827.2397745969241
2026,Agri04_toGrassland,DE5,72.6954452507565
2026,Agri04_toGrassland,DE6,14.672740130001012
2026,Agri04_toGrassland,DE7,458.76455609793106
2026,Agri04_toGrassland,DE8,884.6961703782939
2026,Agri04_toGrassland,DE9,1544.8489445833761
2026,Agri04_toGrassland,DEA,957.4823110259476
2026,Agri04_toGrassland,DEB,504.78359831017326
2026,Agri04_toGrassland,DEC,142.3492016608341
2026,Agri04_toGrassland,DEE,722.8716210153316
2026,Agri04_toGrassland,DED,562.8710485005271
2026,Agri04_toGrassland,DEF,534.5564105771617
2026,Agri04_toGrassland,DEG,427.3653203561865
2026,Agri05_Agroforestry,DE1,81055.84913368002
2026,Agri05_Agroforestry,DE2,125558.09072098981
2026,Agri05_Agroforestry,DE3,1307.8725000000002
2026,Agri05_Agroforestry,DE4,78845.99863311234
2026,Agri05_Agroforestry,DE5,10736.907666666668
2026,Agri05_Agroforestry,DE6,2269.5354394759065
2026,Agri05_Agroforestry,DE7,27578.276750487476
2026,Agri05_Agroforestry,DE8,78733.65797849181
2026,Agri05_Agroforestry,DE9,110748.8576429233
2026,Agri05_Agroforestry,DEA,82263.54214574989
2026,Agri05_Agroforestry,DEB,49307.312306294654
2026,Agri05_Agroforestry,DEC,31424.354038286358
2026,Agri05_Agroforestry,DEE,60467.46181504223
2026,Agri05_Agroforestry,DED,52363.64811266136
2026,Agri05_Agroforestry,DEF,25936.918959819093
2026,Agri05_Agroforestry,DEG,20738.509910027668
2026,Agri06_Biochar,DE1,0.0
2026,Agri06_Biochar,DE2,0.0
2026,Agri06_Biochar,DE3,0.0
2026,Agri06_Biochar,DE4,0.0
2026,Agri06_Biochar,DE5,0.0
2026,Agri06_Biochar,DE6,0.0
2026,Agri06_Biochar,DE7,0.0
2026,Agri06_Biochar,DE8,0.0
2026,Agri06_Biochar,DE9,0.0
2026,Agri06_Biochar,DEA,0.0
2026,Agri06_Biochar,DEB,0.0
2026,Agri06_Biochar,DEC,0.0
2026,Agri06_Biochar,DEE,0.0
2026,Agri06_Biochar,DED,0.0
2026,Agri06_Biochar,DEF,0.0
2026,Agri06_Biochar,DEG,0.0
2027,Agri01_AGC,DE1,46342.199632210366
2027,Agri01_AGC,DE2,123105.65697099936
2027,Agri01_AGC,DE3,0.0
2027,Agri01_AGC,DE4,34555.25015973414
2027,Agri01_AGC,DE5,0.0
2027,Agri01_AGC,DE6,0.0
2027,Agri01_AGC,DE7,30443.96805615309
2027,Agri01_AGC,DE8,43554.340930795595
2027,Agri01_AGC,DE9,103574.94388755788
2027,Agri01_AGC,DEA,47792.584713385215
2027,Agri01_AGC,DEB,20225.6759521692
2027,Agri01_AGC,DEC,0.0
2027,Agri01_AGC,DEE,37404.526000204314
2027,Agri01_AGC,DED,23338.419229039977
2027,Agri01_AGC,DEF,35107.026727880206
2027,Agri01_AGC,DEG,28067.395852813537
2027,Agri02_OFC,DE1,29728.8191292135
2027,Agri02_OFC,DE2,58238.6464676817
2027,Agri02_OFC,DE3,5625.081239871348
2027,Agri02_OFC,DE4,26784.937390213618
2027,Agri02_OFC,DE5,2725.3266805371236
2027,Agri02_OFC,DE6,499.4557148355093
2027,Agri02_OFC,DE7,14402.388454930006
2027,Agri02_OFC,DE8,28488.93122635736
2027,Agri02_OFC,DE9,48999.08491937505
2027,Agri02_OFC,DEA,30750.30918269874
2027,Agri02_OFC,DEB,16377.674279980836
2027,Agri02_OFC,DEC,5108.708239891508
2027,Agri02_OFC,DEE,23169.736469350057
2027,Agri02_OFC,DED,18189.076834901192
2027,Agri02_OFC,DEF,16608.381519121587
2027,Agri02_OFC,DEG,13278.083108118713
2027,Agri03_No-till,DE1,0.0
2027,Agri03_No-till,DE2,0.0
2027,Agri03_No-till,DE3,0.0
2027,Agri03_No-till,DE4,0.0
2027,Agri03_No-till,DE5,0.0
2027,Agri03_No-till,DE6,0.0
2027,Agri03_No-till,DE7,0.0
2027,Agri03_No-till,DE8,0.0
2027,Agri03_No-till,DE9,0.0
2027,Agri03_No-till,DEA,0.0
2027,Agri03_No-till,DEB,0.0
2027,Agri03_No-till,DEC,0.0
2027,Agri03_No-till,DEE,0.0
2027,Agri03_No-till,DED,0.0
2027,Agri03_No-till,DEF,0.0
2027,Agri03_No-till,DEG,0.0
2027,Agri04_toGrassland,DE1,1096.0517419732919
2027,Agri04_toGrassland,DE2,2147.161299398641
2027,Agri04_toGrassland,DE3,207.38731884724498
2027,Agri04_toGrassland,DE4,987.5157555901844
2027,Agri04_toGrassland,DE5,100.47822763043025
2027,Agri04_toGrassland,DE6,18.41409522203442
2027,Agri04_toGrassland,DE7,530.9919269241989
2027,Agri04_toGrassland,DE8,1050.3391527893625
2027,Agri04_toGrassland,DE9,1806.514148697002
2027,Agri04_toGrassland,DEA,1133.7123684403111
2027,Agri04_toGrassland,DEB,603.8174051254042
2027,Agri04_toGrassland,DEC,188.3495116717922
2027,Agri04_toGrassland,DEE,854.2293559631574
2027,Agri04_toGrassland,DED,670.6007817911916
2027,Agri04_toGrassland,DEF,612.3231944151505
2027,Agri04_toGrassland,DEG,489.54067288930617
2027,Agri05_Agroforestry,DE1,103881.4824008868
2027,Agri05_Agroforestry,DE2,154856.7773099871
2027,Agri05_Agroforestry,DE3,1307.8725000000002
2027,Agri05_Agroforestry,DE4,102109.90269353305
2027,Agri05_Agroforestry,DE5,10736.907666666668
2027,Agri05_Agroforestry,DE6,3074.161301395198
2027,Agri05_Agroforestry,DE7,33212.955055967774
2027,Agri05_Agroforestry,DE8,101098.33023636263
2027,Agri05_Agroforestry,DE9,137770.28621562055
2027,Agri05_Agroforestry,DEA,105141.65210067644
2027,Agri05_Agroforestry,DEB,64040.91944530416
2027,Agri05_Agroforestry,DEC,43463.57279683829
2027,Agri05_Agroforestry,DEE,77002.11544893625
2027,Agri05_Agroforestry,DED,67614.69414457395
2027,Agri05_Agroforestry,DEF,29713.436646178652
2027,Agri05_Agroforestry,DEG,23758.89537096302
2027,Agri06_Biochar,DE1,0.0
2027,Agri06_Biochar,DE2,0.0
2027,Agri06_Biochar,DE3,0.0
2027,Agri06_Biochar,DE4,0.0
2027,Agri06_Biochar,DE5,0.0
2027,Agri06_Biochar,DE6,0.0
2027,Agri06_Biochar,DE7,0.0
2027,Agri06_Biochar,DE8,0.0
2027,Agri06_Biochar,DE9,0.0
2027,Agri06_Biochar,DEA,0.0
2027,Agri06_Biochar,DEB,0.0
2027,Agri06_Biochar,DEC,0.0
2027,Agri06_Biochar,DEE,0.0
2027,Agri06_Biochar,DED,0.0
2027,Agri06_Biochar,DEF,0.0
2027,Agri06_Biochar,DEG,0.0
2028,Agri01_AGC,DE1,56484.021047251576
2028,Agri01_AGC,DE2,140581.24957861888
2028,Agri01_AGC,DE3,0.0
2028,Agri01_AGC,DE4,44111.518985379094
2028,Agri01_AGC,DE5,0.0
2028,Agri01_AGC,DE6,235.73574532161467
2028,Agri01_AGC,DE7,34515.71468036271
2028,Agri01_AGC,DE8,53349.372731354284
2028,Agri01_AGC,DE9,118645.93799134137
2028,Agri01_AGC,DEA,58169.32570196731
2028,Agri01_AGC,DEB,26147.826759143674
2028,Agri01_AGC,DEC,0.0
2028,Agri01_AGC,DEE,45114.022460415195
2028,Agri01_AGC,DED,29743.00291401596
2028,Agri01_AGC,DEF,39380.186283199226
2028,Agri01_AGC,DEG,31483.880751378412
2028,Agri02_OFC,DE1,34526.6973621211
2028,Agri02_OFC,DE2,66505.9745883394
2028,Agri02_OFC,DE3,7489.70036455213
2028,Agri02_OFC,DE4,31305.803249513425
2028,Agri02_OFC,DE5,3600.306301294025
2028,Agri02_OFC,DE6,610.9772408919047
2028,Agri02_OFC,DE7,16328.644469380935
2028,Agri02_OFC,DE8,33122.750729118474
2028,Agri02_OFC,DE9,56128.84905144519
2028,Agri02_OFC,DEA,35659.32282829505
2028,Agri02_OFC,DEB,19179.31683371768
2028,Agri02_OFC,DEC,6529.025638119247
2028,Agri02_OFC,DEE,26816.93392426341
2028,Agri02_OFC,DED,21218.948038056926
2028,Agri02_OFC,DEF,18629.921672234505
2028,Agri02_OFC,DEG,14894.348851427047
2028,Agri03_No-till,DE1,0.0
2028,Agri03_No-till,DE2,0.0
2028,Agri03_No-till,DE3,0.0
2028,Agri03_No-till,DE4,0.0
2028,Agri03_No-till,DE5,0.0
2028,Agri03_No-till,DE6,0.0
2028,Agri03_No-till,DE7,0.0
2028,Agri03_No-till,DE8,0.0
2028,Agri03_No-till,DE9,0.0
2028,Agri03_No-till,DEA,0.0
2028,Agri03_No-till,DEB,0.0
2028,Agri03_No-till,DEC,0.0
2028,Agri03_No-till,DEE,0.0
2028,Agri03_No-till,DED,0.0
2028,Agri03_No-till,DEF,0.0
2028,Agri03_No-till,DEG,0.0
2028,Agri04_toGrassland,DE1,1272.9414721740636
2028,Agri04_toGrassland,DE2,2451.9638328839787
2028,Agri04_toGrassland,DE3,276.13270126019097
2028,Agri04_toGrassland,DE4,1154.1925037911892
2028,Agri04_toGrassland,DE5,132.73725996378428
2028,Agri04_toGrassland,DE6,22.525707000839226
2028,Agri04_toGrassland,DE7,602.0097581723561
2028,Agri04_toGrassland,DE8,1221.1803125379604
2028,Agri04_toGrassland,DE9,2069.376604243884
2028,Agri04_toGrassland,DEA,1314.699475067067
2028,Agri04_toGrassland,DEB,707.1092711111693
2028,Agri04_toGrassland,DEC,240.7142339877462
2028,Agri04_toGrassland,DEE,988.6954141810608
2028,Agri04_toGrassland,DED,782.3070556172589
2028,Agri04_toGrassland,DEF,686.8539921793665
2028,Agri04_toGrassland,DEG,549.1296823196892
2028,Agri05_Agroforestry,DE1,129368.92283331075
2028,Agri05_Agroforestry,DE2,186547.56050912695
2028,Agri05_Agroforestry,DE3,1307.8725000000002
2028,Agri05_Agroforestry,DE4,128266.065122021
2028,Agri05_Agroforestry,DE5,10736.907666666668
2028,Agri05_Agroforestry,DE6,4000.6071505544814
2028,Agri05_Agroforestry,DE7,39144.29017489543
2028,Agri05_Agroforestry,DE8,126103.68704512552
2028,Agri05_Agroforestry,DE9,167238.36782609206
2028,Agri05_Agroforestry,DEA,130639.05336911773
2028,Agri05_Agroforestry,DEB,80636.16137134995
2028,Agri05_Agroforestry,DEC,47840.52216666668
2028,Agri05_Agroforestry,DEE,95381.55289179798
2028,Agri05_Agroforestry,DED,84729.67484690627
2028,Agri05_Agroforestry,DEF,33333.86800674479
2028,Agri05_Agroforestry,DEG,26654.70001549763
2028,Agri06_Biochar,DE1,0.0
2028,Agri06_Biochar,DE2,0.0
2028,Agri06_Biochar,DE3,0.0
2028,Agri06_Biochar,DE4,0.0
2028,Agri06_Biochar,DE5,0.0
2028,Agri06_Biochar,DE6,0.0
2028,Agri06_Biochar,DE7,0.0
2028,Agri06_Biochar,DE8,0.0
2028,Agri06_Biochar,DE9,0.0
2028,Agri06_Biochar,DEA,0.0
2028,Agri06_Biochar,DEB,0.0
2028,Agri06_Biochar,DEC,0.0
2028,Agri06_Biochar,DEE,0.0
2028,Agri06_Biochar,DED,0.0
2028,Agri06_Biochar,DEF,0.0
2028,Agri06_Biochar,DEG,0.0
2029,Agri01_AGC,DE1,66916.96962515917
2029,Agri01_AGC,DE2,158029.10973203613
2029,Agri01_AGC,DE3,0.0
2029,Agri01_AGC,DE4,54034.770325308615
2029,Agri01_AGC,DE5,0.0
2029,Agri01_AGC,DE6,492.6998411568423
2029,Agri01_AGC,DE7,38518.1133871907
2029,Agri01_AGC,DE8,63442.4375843751
2029,Agri01_AGC,DE9,133785.5754822294
2029,Agri01_AGC,DEA,68818.80803918443
2029,Agri01_AGC,DEB,32314.109747411087
2029,Agri01_AGC,DEC,0.0
2029,Agri01_AGC,DEE,53001.73197725498
2029,Agri01_AGC,DED,36375.57815007835
2029,Agri01_AGC,DEF,43467.813344209426
2029,Agri01_AGC,DEG,34752.07987984116
2029,Agri02_OFC,DE1,39462.30161292656
2029,Agri02_OFC,DE2,74760.18307960148
2029,Agri02_OFC,DE3,9619.578511836275
2029,Agri02_OFC,DE4,36000.28066684484
2029,Agri02_OFC,DE5,4596.697731506682
2029,Agri02_OFC,DE6,732.5414443611306
2029,Agri02_OFC,DE7,18222.0934711971
2029,Agri02_OFC,DE8,37897.56327805711
2029,Agri02_OFC,DE9,63291.08689798377
2029,Agri02_OFC,DEA,40697.36455733692
2029,Agri02_OFC,DEB,22096.45308731799
2029,Agri02_OFC,DEC,8121.96852019351
2029,Agri02_OFC,DEE,30548.440154714022
2029,Agri02_OFC,DED,24356.67715504083
2029,Agri02_OFC,DEF,20563.69038079988
2029,Agri02_OFC,DEG,16440.463776701083
2029,Agri03_No-till,DE1,0.0
2029,Agri03_No-till,DE2,0.0
2029,Agri03_No-till,DE3,0.0
2029,Agri03_No-till,DE4,0.0
2029,Agri03_No-till,DE5,0.0
2029,Agri03_No-till,DE6,0.0
2029,Agri03_No-till,DE7,0.0
2029,Agri03_No-till,DE8,0.0
2029,Agri03_No-till,DE9,0.0
2029,Agri03_No-till,DEA,0.0
2029,Agri03_No-till,DEB,0.0
2029,Agri03_No-till,DEC,0.0
2029,Agri03_No-till,DEE,0.0
2029,Agri03_No-till,DED,0.0
2029,Agri03_No-till,DEF,0.0
2029,Agri03_No-till,DEG,0.0
2029,Agri04_toGrassland,DE1,1454.9089298545537
2029,Agri04_toGrassland,DE2,2756.2826676192717
2029,Agri04_toGrassland,DE3,354.6577393175433
2029,Agri04_toGrassland,DE4,1327.2700191999388
2029,Agri04_toGrassland,DE5,169.47254225081858
2029,Agri04_toGrassland,DE6,27.00757546641544
2029,Agri04_toGrassland,DE7,671.8180498424026
2029,Agri04_toGrassland,DE8,1397.2196496240877
2029,Agri04_toGrassland,DE9,2333.436311224022
2029,Agri04_toGrassland,DEA,1500.4436309062146
2029,Agri04_toGrassland,DEB,814.6591962674681
2029,Agri04_toGrassland,DEC,299.4433686086962
2029,Agri04_toGrassland,DEE,1126.2697956690413
2029,Agri04_toGrassland,DED,897.9898699787292
2029,Agri04_toGrassland,DEF,758.1488038698097
2029,Agri04_toGrassland,DEG,606.1323486473358
2029,Agri05_Agroforestry,DE1,157518.17043095184
2029,Agri05_Agroforestry,DE2,220630.44031840935
2029,Agri05_Agroforestry,DE3,1307.8725000000002
2029,Agri05_Agroforestry,DE4,157314.48591857622
2029,Agri05_Agroforestry,DE5,10736.907666666668
2029,Agri05_Agroforestry,DE6,5048.872986953757
2029,Agri05_Agroforestry,DE7,45372.28210727043
2029,Agri05_Agroforestry,DE8,153749.72840478047
2029,Agri05_Agroforestry,DE9,199153.10247433785
2029,Agri05_Agroforestry,DEA,158755.74595107374
2029,Agri05_Agroforestry,DEB,99093.03808443208
2029,Agri05_Agroforestry,DEC,47840.52216666668
2029,Agri05_Agroforestry,DEE,115605.77414362742
2029,Agri05_Agroforestry,DED,103708.59021965832
2029,Agri05_Agroforestry,DEF,36798.21304151752
2029,Agri05_Agroforestry,DEG,29425.923843631503
2029,Agri06_Biochar,DE1,0.0
2029,Agri06_Biochar,DE2,0.0
2029,Agri06_Biochar,DE3,0.0
2029,Agri06_Biochar,DE4,0.0
2029,Agri06_Biochar,DE5,0.0
2029,Agri06_Biochar,DE6,0.0
2029,Agri06_Biochar,DE7,0.0
2029,Agri06_Biochar,DE8,0.0
2029,Agri06_Biochar,DE9,0.0
2029,Agri06_Biochar,DEA,0.0
2029,Agri06_Biochar,DEB,0.0
2029,Agri06_Biochar,DEC,0.0
2029,Agri06_Biochar,DEE,0.0
2029,Agri06_Biochar,DED,0.0
2029,Agri06_Biochar,DEF,0.0
2029,Agri06_Biochar,DEG,0.0
2030,Agri01_AGC,DE1,77641.04536593313
2030,Agri01_AGC,DE2,175449.23743125115
2030,Agri01_AGC,DE3,0.0
2030,Agri01_AGC,DE4,64325.00417952271
2030,Agri01_AGC,DE5,0.0
2030,Agri01_AGC,DE6,770.8922875056829
2030,Agri01_AGC,DE7,42451.16417663706
2030,Agri01_AGC,DE8,73833.53548985803
2030,Agri01_AGC,DE9,148993.85636022195
2030,Agri01_AGC,DEA,79741.03172503655
2030,Agri01_AGC,DEB,38724.524916971444
2030,Agri01_AGC,DEC,3732.0828487060876
2030,Agri01_AGC,DEE,61067.65455072366
2030,Agri01_AGC,DED,43236.14493722712
2030,Agri01_AGC,DEF,47369.90791091079
2030,Agri01_AGC,DEG,37871.993238201794
2030,Agri02_OFC,DE1,44535.63188162986
2030,Agri02_OFC,DE2,83001.27194146792
2030,Agri02_OFC,DE3,12014.71568172378
2030,Agri02_OFC,DE4,40868.369642207865
2030,Agri02_OFC,DE5,5714.500971175097
2030,Agri02_OFC,DE6,864.1483252431872
2030,Agri02_OFC,DE7,20082.73546037849
2030,Agri02_OFC,DE8,42813.368873173255
2030,Agri02_OFC,DE9,70485.79845899077
2030,Agri02_OFC,DEA,45864.43436982433
2030,Agri02_OFC,DEB,25129.083040781763
2030,Agri02_OFC,DEC,9887.536886114296
2030,Agri02_OFC,DEE,34364.255160701905
2030,Agri02_OFC,DED,27602.264185852913
2030,Agri02_OFC,DEF,22409.687644817714
2030,Agri02_OFC,DEG,17916.427883940818
2030,Agri03_No-till,DE1,0.0
2030,Agri03_No-till,DE2,0.0
2030,Agri03_No-till,DE3,0.0
2030,Agri03_No-till,DE4,0.0
2030,Agri03_No-till,DE5,0.0
2030,Agri03_No-till,DE6,0.0
2030,Agri03_No-till,DE7,0.0
2030,Agri03_No-till,DE8,0.0
2030,Agri03_No-till,DE9,0.0
2030,Agri03_No-till,DEA,0.0
2030,Agri03_No-till,DEB,0.0
2030,Agri03_No-till,DEC,0.0
2030,Agri03_No-till,DEE,0.0
2030,Agri03_No-till,DED,0.0
2030,Agri03_No-till,DEF,0.0
2030,Agri03_No-till,DEG,0.0
2030,Agri04_toGrassland,DE1,1641.954115014762
2030,Agri04_toGrassland,DE2,3060.117803604519
2030,Agri04_toGrassland,DE3,442.9624330193019
2030,Agri04_toGrassland,DE4,1506.7483018164332
2030,Agri04_toGrassland,DE5,210.68407449153318
2030,Agri04_toGrassland,DE6,31.85970061876305
2030,Agri04_toGrassland,DE7,740.4168019343385
2030,Agri04_toGrassland,DE8,1578.4571640477443
2030,Agri04_toGrassland,DE9,2598.6932696374165
2030,Agri04_toGrassland,DEA,1690.9448359577545
2030,Agri04_toGrassland,DEB,926.467180594301
2030,Agri04_toGrassland,DEC,364.53691553464205
2030,Agri04_toGrassland,DEE,1266.952500427099
2030,Agri04_toGrassland,DED,1017.6492248756024
2030,Agri04_toGrassland,DEF,826.2076294864801
2030,Agri04_toGrassland,DEG,660.5486718722457
2030,Agri05_Agroforestry,DE1,188329.22519381013
2030,Agri05_Agroforestry,DE2,257105.41673783434
2030,Agri05_Agroforestry,DE3,1307.8725000000002
2030,Agri05_Agroforestry,DE4,189255.16508319866
2030,Agri05_Agroforestry,DE5,10736.907666666668
2030,Agri05_Agroforestry,DE6,6218.958810593026
2030,Agri05_Agroforestry,DE7,51896.93085309278
2030,Agri05_Agroforestry,DE8,184036.4543153275
2030,Agri05_Agroforestry,DE9,233514.49016035793
2030,Agri05_Agroforestry,DEA,189491.7298465445
2030,Agri05_Agroforestry,DEB,119411.54958455049
2030,Agri05_Agroforestry,DEC,47840.52216666668
2030,Agri05_Agroforestry,DEE,137674.77920442456
2030,Agri05_Agroforestry,DED,124551.44026283009
2030,Agri05_Agroforestry,DEF,40106.47175049683
2030,Agri05_Agroforestry,DEG,32072.566855364632
2030,Agri06_Biochar,DE1,0.0
2030,Agri06_Biochar,DE2,0.0
2030,Agri06_Biochar,DE3,0.0
2030,Agri06_Biochar,DE4,0.0
2030,Agri06_Biochar,DE5,0.0
2030,Agri06_Biochar,DE6,0.0
2030,Agri06_Biochar,DE7,0.0
2030,Agri06_Biochar,DE8,0.0
2030,Agri06_Biochar,DE9,0.0
2030,Agri06_Biochar,DEA,0.0
2030,Agri06_Biochar,DEB,0.0
2030,Agri06_Biochar,DEC,0.0
2030,Agri06_Biochar,DEE,0.0
2030,Agri06_Biochar,DED,0.0
2030,Agri06_Biochar,DEF,0.0
2030,Agri06_Biochar,DEG,0.0
2031,Agri01_AGC,DE1,88656.24826957348
2031,Agri01_AGC,DE2,192841.63267626395
2031,Agri01_AGC,DE3,386.9196000000001
2031,Agri01_AGC,DE4,74982.22054802136
2031,Agri01_AGC,DE5,1243.9848000000002
2031,Agri01_AGC,DE6,1070.3130843681363
2031,Agri01_AGC,DE7,46314.86704870177
2031,Agri01_AGC,DE8,84522.66644780307
2031,Agri01_AGC,DE9,164270.78062531902
2031,Agri01_AGC,DEA,90935.9967595237
2031,Agri01_AGC,DEB,45379.07226782473
2031,Agri01_AGC,DEC,7829.063834436287
2031,Agri01_AGC,DEE,69311.79018082125
2031,Agri01_AGC,DED,50324.7032754623
2031,Agri01_AGC,DEF,51086.46998330334
2031,Agri01_AGC,DEG,40843.620826460305
2031,Agri02_OFC,DE1,49746.688168231005
2031,Agri02_OFC,DE2,91229.24117393872
2031,Agri02_OFC,DE3,14675.111874214648
2031,Agri02_OFC,DE4,45910.0701756025
2031,Agri02_OFC,DE5,6953.716020299269
2031,Agri02_OFC,DE6,1005.7978835380744
2031,Agri02_OFC,DE7,21910.570436925118
2031,Agri02_OFC,DE8,47870.16751446692
2031,Agri02_OFC,DE9,77712.98373446621
2031,Agri02_OFC,DEA,51160.5322657573
2031,Agri02_OFC,DEB,28277.206694109
2031,Agri02_OFC,DEC,11825.730735881605
2031,Agri02_OFC,DEE,38264.37894222705
2031,Agri02_OFC,DED,30955.709130493175
2031,Agri02_OFC,DEF,24167.913464288005
2031,Agri02_OFC,DEG,19322.241173146253
2031,Agri03_No-till,DE1,0.0
2031,Agri03_No-till,DE2,0.0
2031,Agri03_No-till,DE3,0.0
2031,Agri03_No-till,DE4,0.0
2031,Agri03_No-till,DE5,0.0
2031,Agri03_No-till,DE6,0.0
2031,Agri03_No-till,DE7,0.0
2031,Agri03_No-till,DE8,0.0
2031,Agri03_No-till,DE9,0.0
2031,Agri03_No-till,DEA,0.0
2031,Agri03_No-till,DEB,0.0
2031,Agri03_No-till,DEC,0.0
2031,Agri03_No-till,DEE,0.0
2031,Agri03_No-till,DED,0.0
2031,Agri03_No-till,DEF,0.0
2031,Agri03_No-till,DEG,0.0
2031,Agri04_toGrassland,DE1,1834.0770276546884
2031,Agri04_toGrassland,DE2,3363.46924083972
2031,Agri04_toGrassland,DE3,541.0467823654668
2031,Agri04_toGrassland,DE4,1692.6273516406718
2031,Agri04_toGrassland,DE5,256.3718566859281
2031,Agri04_toGrassland,DE6,37.082082457882066
2031,Agri04_toGrassland,DE7,807.8060144481639
2031,Agri04_toGrassland,DE8,1764.8928558089303
2031,Agri04_toGrassland,DE9,2865.147479484067
2031,Agri04_toGrassland,DEA,1886.2030902216864
2031,Agri04_toGrassland,DEB,1042.5332240916678
2031,Agri04_toGrassland,DEC,435.9948747655838
2031,Agri04_toGrassland,DEE,1410.7435284552341
2031,Agri04_toGrassland,DED,1141.2851203078783
2031,Agri04_toGrassland,DEF,891.0304690293777
2031,Agri04_toGrassland,DEG,712.3786519944191
2031,Agri05_Agroforestry,DE1,221802.0871218856
2031,Agri05_Agroforestry,DE2,295972.4897674019
2031,Agri05_Agroforestry,DE3,1307.8725000000002
2031,Agri05_Agroforestry,DE4,224088.10261588832
2031,Agri05_Agroforestry,DE5,10736.907666666668
2031,Agri05_Agroforestry,DE6,7510.864621472287
2031,Agri05_Agroforestry,DE7,58718.23641236248
2031,Agri05_Agroforestry,DE8,216963.86477676654
2031,Agri05_Agroforestry,DE9,270322.5308841523
2031,Agri05_Agroforestry,DEA,222847.00505552997
2031,Agri05_Agroforestry,DEB,141591.69587170522
2031,Agri05_Agroforestry,DEC,47840.52216666668
2031,Agri05_Agroforestry,DEE,161588.56807418942
2031,Agri05_Agroforestry,DED,147258.22497642157
2031,Agri05_Agroforestry,DEF,43258.64413368273
2031,Agri05_Agroforestry,DEG,34594.629050697025
2031,Agri06_Biochar,DE1,0.0
2031,Agri06_Biochar,DE2,0.0
2031,Agri06_Biochar,DE3,0.0
2031,Agri06_Biochar,DE4,0.0
2031,Agri06_Biochar,DE5,0.0
2031,Agri06_Biochar,DE6,0.0
2031,Agri06_Biochar,DE7,0.0
2031,Agri06_Biochar,DE8,0.0
2031,Agri06_Biochar,DE9,0.0
2031,Agri06_Biochar,DEA,0.0
2031,Agri06_Biochar,DEB,0.0
2031,Agri06_Biochar,DEC,0.0
2031,Agri06_Biochar,DEE,0.0
2031,Agri06_Biochar,DED,0.0
2031,Agri06_Biochar,DEF,0.0
2031,Agri06_Biochar,DEG,0.0
2032,Agri01_AGC,DE1,99962.57833608019
2032,Agri01_AGC,DE2,210206.29546707447
2032,Agri01_AGC,DE3,386.9196000000001
2032,Agri01_AGC,DE4,86006.4194308046
2032,Agri01_AGC,DE5,1243.9848000000002
2032,Agri01_AGC,DE6,1390.9622317442027
2032,Agri01_AGC,DE7,50109.22200338487
2032,Agri01_AGC,DE8,95509.83045821026
2032,Agri01_AGC,DE9,179616.3482775206
2032,Agri01_AGC,DEA,102403.70314264587
2032,Agri01_AGC,DEB,52277.75179997096
2032,Agri01_AGC,DEC,10505.2152
2032,Agri01_AGC,DEE,77734.13886754774
2032,Agri01_AGC,DED,57641.25316478387
2032,Agri01_AGC,DEF,54617.499561387056
2032,Agri01_AGC,DEG,43666.96264461669
2032,Agri02_OFC,DE1,55095.47047273
2032,Agri02_OFC,DE2,99444.09077701387
2032,Agri02_OFC,DE3,17600.767089308876
2032,Agri02_OFC,DE4,51125.38226702874
2032,Agri02_OFC,DE5,8314.342878879197
2032,Agri02_OFC,DE6,1157.4901192457924
2032,Agri02_OFC,DE7,23705.598400836978
2032,Agri02_OFC,DE8,53067.9592019381
2032,Agri02_OFC,DE9,84972.64272441008
2032,Agri02_OFC,DEA,56585.658245135826
2032,Agri02_OFC,DEB,31540.82404729971
2032,Agri02_OFC,DEC,13936.550069495439
2032,Agri02_OFC,DEE,42248.81149928946
2032,Agri02_OFC,DED,34417.01198896161
2032,Agri02_OFC,DEF,25838.367839210754
2032,Agri02_OFC,DEG,20657.90364431739
2032,Agri03_No-till,DE1,0.0
2032,Agri03_No-till,DE2,0.0
2032,Agri03_No-till,DE3,0.0
2032,Agri03_No-till,DE4,0.0
2032,Agri03_No-till,DE5,0.0
2032,Agri03_No-till,DE6,0.0
2032,Agri03_No-till,DE7,0.0
2032,Agri03_No-till,DE8,0.0
2032,Agri03_No-till,DE9,0.0
2032,Agri03_No-till,DEA,0.0
2032,Agri03_No-till,DEB,0.0
2032,Agri03_No-till,DEC,0.0
2032,Agri03_No-till,DEE,0.0
2032,Agri03_No-till,DED,0.0
2032,Agri03_No-till,DEF,0.0
2032,Agri03_No-till,DEG,0.0
2032,Agri04_toGrassland,DE1,2031.2776677743334
2032,Agri04_toGrassland,DE2,3666.336979324876
2032,Agri04_toGrassland,DE3,648.9107873560382
2032,Agri04_toGrassland,DE4,1884.9071686726556
2032,Agri04_toGrassland,DE5,306.53588883400323
2032,Agri04_toGrassland,DE6,42.67472098377248
2032,Agri04_toGrassland,DE7,873.9856873838786
2032,Agri04_toGrassland,DE8,1956.5267249076458
2032,Agri04_toGrassland,DE9,3132.798940763974
2032,Agri04_toGrassland,DEA,2086.2183936980105
2032,Agri04_toGrassland,DEB,1162.8573267595684
2032,Agri04_toGrassland,DEC,513.8172463015215
2032,Agri04_toGrassland,DEE,1557.6428797534466
2032,Agri04_toGrassland,DED,1268.897556275557
2032,Agri04_toGrassland,DEF,952.6173224985025
2032,Agri04_toGrassland,DEG,761.6222890138558
2032,Agri05_Agroforestry,DE1,257936.75621517817
2032,Agri05_Agroforestry,DE2,337231.659407112
2032,Agri05_Agroforestry,DE3,1307.8725000000002
2032,Agri05_Agroforestry,DE4,261813.29851664524
2032,Agri05_Agroforestry,DE5,10736.907666666668
2032,Agri05_Agroforestry,DE6,8691.746166666666
2032,Agri05_Agroforestry,DE7,65836.19878507953
2032,Agri05_Agroforestry,DE8,252531.95978909763
2032,Agri05_Agroforestry,DE9,309577.22464572097
2032,Agri05_Agroforestry,DEA,258821.57157803018
2032,Agri05_Agroforestry,DEB,165633.47694589625
2032,Agri05_Agroforestry,DEC,47840.52216666668
2032,Agri05_Agroforestry,DEE,187347.140752922
2032,Agri05_Agroforestry,DED,171828.9443604328
2032,Agri05_Agroforestry,DEF,46254.73019107521
2032,Agri05_Agroforestry,DEG,36992.11042962867
2032,Agri06_Biochar,DE1,0.0
2032,Agri06_Biochar,DE2,0.0
2032,Agri06_Biochar,DE3,0.0
2032,Agri06_Biochar,DE4,0.0
2032,Agri06_Biochar,DE5,0.0
2032,Agri06_Biochar,DE6,0.0
2032,Agri06_Biochar,DE7,0.0
2032,Agri06_Biochar,DE8,0.0
2032,Agri06_Biochar,DE9,0.0
2032,Agri06_Biochar,DEA,0.0
2032,Agri06_Biochar,DEB,0.0
2032,Agri06_Biochar,DEC,0.0
2032,Agri06_Biochar,DEE,0.0
2032,Agri06_Biochar,DED,0.0
2032,Agri06_Biochar,DEF,0.0
2032,Agri06_Biochar,DEG,0.0
2033,Agri01_AGC,DE1,111560.03556545329
2033,Agri01_AGC,DE2,227543.22580368273
2033,Agri01_AGC,DE3,386.9196000000001
2033,Agri01_AGC,DE4,97397.60082787239
2033,Agri01_AGC,DE5,1243.9848000000002
2033,Agri01_AGC,DE6,1732.839729633882
2033,Agri01_AGC,DE7,53834.22904068633
2033,Agri01_AGC,DE8,106795.02752107955
2033,Agri01_AGC,DE9,195030.5593168267
2033,Agri01_AGC,DEA,114144.15087440306
2033,Agri01_AGC,DEB,59420.56351341013
2033,Agri01_AGC,DEC,10505.2152
2033,Agri01_AGC,DEE,86334.7006109031
2033,Agri01_AGC,DED,65185.79460519184
2033,Agri01_AGC,DEF,57962.996645161955
2033,Agri01_AGC,DEG,46342.01869267095
2033,Agri02_OFC,DE1,60581.97879512684
2033,Agri02_OFC,DE2,107645.8207506934
2033,Agri02_OFC,DE3,20791.68132700647
2033,Agri02_OFC,DE4,56514.30591648659
2033,Agri02_OFC,DE5,9796.381546914881
2033,Agri02_OFC,DE6,1319.2250323663409
2033,Agri02_OFC,DE7,25467.81935211407
2033,Agri02_OFC,DE8,58406.743935586805
2033,Agri02_OFC,DE9,92264.77542882237
2033,Agri02_OFC,DEA,62139.81230795989
2033,Agri02_OFC,DEB,34919.93510035388
2033,Agri02_OFC,DEC,16219.994886955797
2033,Agri02_OFC,DEE,46317.55283188913
2033,Agri02_OFC,DED,37986.172761258225
2033,Agri02_OFC,DEF,27421.050769585967
2033,Agri02_OFC,DEG,21923.415297454227
2033,Agri03_No-till,DE1,0.0
2033,Agri03_No-till,DE2,0.0
2033,Agri03_No-till,DE3,0.0
2033,Agri03_No-till,DE4,0.0
2033,Agri03_No-till,DE5,0.0
2033,Agri03_No-till,DE6,0.0
2033,Agri03_No-till,DE7,0.0
2033,Agri03_No-till,DE8,0.0
2033,Agri03_No-till,DE9,0.0
2033,Agri03_No-till,DEA,0.0
2033,Agri03_No-till,DEB,0.0
2033,Agri03_No-till,DEC,0.0
2033,Agri03_No-till,DEE,0.0
2033,Agri03_No-till,DED,0.0
2033,Agri03_No-till,DEF,0.0
2033,Agri03_No-till,DEG,0.0
2033,Agri04_toGrassland,DE1,2233.5560353736964
2033,Agri04_toGrassland,DE2,3968.7210190599867
2033,Agri04_toGrassland,DE3,766.5544479910158
2033,Agri04_toGrassland,DE4,2083.5877529123836
2033,Agri04_toGrassland,DE5,361.1761709357587
2033,Agri04_toGrassland,DE6,48.637616196434294
2033,Agri04_toGrassland,DE7,938.9558207414825
2033,Agri04_toGrassland,DE8,2153.3587713438906
2033,Agri04_toGrassland,DE9,3401.6476534771373
2033,Agri04_toGrassland,DEA,2290.9907463867266
2033,Agri04_toGrassland,DEB,1287.4394885980032
2033,Agri04_toGrassland,DEC,598.0040301424551
2033,Agri04_toGrassland,DEE,1707.6505543217363
2033,Agri04_toGrassland,DED,1400.4865327786388
2033,Agri04_toGrassland,DEF,1010.9681898938544
2033,Agri04_toGrassland,DEG,808.279582930556
2033,Agri05_Agroforestry,DE1,296733.23247368797
2033,Agri05_Agroforestry,DE2,380882.92565696465
2033,Agri05_Agroforestry,DE3,1307.8725000000002
2033,Agri05_Agroforestry,DE4,302430.7527854694
2033,Agri05_Agroforestry,DE5,10736.907666666668
2033,Agri05_Agroforestry,DE6,8691.746166666666
2033,Agri05_Agroforestry,DE7,73250.81797124393
2033,Agri05_Agroforestry,DE8,290740.7393523208
2033,Agri05_Agroforestry,DE9,351278.571445064
2033,Agri05_Agroforestry,DEA,297415.4294140451
2033,Agri05_Agroforestry,DEB,191536.89280712357
2033,Agri05_Agroforestry,DEC,47840.52216666668
2033,Agri05_Agroforestry,DEE,214950.49724062224
2033,Agri05_Agroforestry,DED,198263.59841486378
2033,Agri05_Agroforestry,DEF,49094.72992267427
2033,Agri05_Agroforestry,DEG,39265.01099215958
2033,Agri06_Biochar,DE1,0.0
2033,Agri06_Biochar,DE2,0.0
2033,Agri06_Biochar,DE3,0.0
2033,Agri06_Biochar,DE4,0.0
2033,Agri06_Biochar,DE5,0.0
2033,Agri06_Biochar,DE6,0.0
2033,Agri06_Biochar,DE7,0.0
2033,Agri06_Biochar,DE8,0.0
2033,Agri06_Biochar,DE9,0.0
2033,Agri06_Biochar,DEA,0.0
2033,Agri06_Biochar,DEB,0.0
2033,Agri06_Biochar,DEC,0.0
2033,Agri06_Biochar,DEE,0.0
2033,Agri06_Biochar,DED,0.0
2033,Agri06_Biochar,DEF,0.0
2033,Agri06_Biochar,DEG,0.0
2034,Agri01_AGC,DE1,123448.61995769276
2034,Agri01_AGC,DE2,244852.4236860888
2034,Agri01_AGC,DE3,386.9196000000001
2034,Agri01_AGC,DE4,109155.76473922476
2034,Agri01_AGC,DE5,1243.9848000000002
2034,Agri01_AGC,DE6,2043.2963999999997
2034,Agri01_AGC,DE7,57489.888160606155
2034,Agri01_AGC,DE8,118378.25763641097
2034,Agri01_AGC,DE9,210513.41374323732
2034,Agri01_AGC,DEA,126157.33995479526
2034,Agri01_AGC,DEB,66807.50740814224
2034,Agri01_AGC,DEC,10505.2152
2034,Agri01_AGC,DEE,95113.47541088739
2034,Agri01_AGC,DED,72958.32759668621
2034,Agri01_AGC,DEF,61122.961234628034
2034,Agri01_AGC,DEG,48868.78897062309
2034,Agri02_OFC,DE1,66206.21313542154
2034,Agri02_OFC,DE2,115834.43109497729
2034,Agri02_OFC,DE3,24247.85458730742
2034,Agri02_OFC,DE4,62076.841123976046
2034,Agri02_OFC,DE5,11399.832024406322
2034,Agri02_OFC,DE6,1491.0026228997199
2034,Agri02_OFC,DE7,27197.233290756398
2034,Agri02_OFC,DE8,63886.52171541302
2034,Agri02_OFC,DE9,99589.38184770307
2034,Agri02_OFC,DEA,67822.99445422951
2034,Agri02_OFC,DEB,38414.539853271526
2034,Agri02_OFC,DEC,18676.06518826268
2034,Agri02_OFC,DEE,50470.602940026074
2034,Agri02_OFC,DED,41663.19144738301
2034,Agri02_OFC,DEF,28915.962255413633
2034,Agri02_OFC,DEG,23118.776132556766
2034,Agri03_No-till,DE1,0.0
2034,Agri03_No-till,DE2,0.0
2034,Agri03_No-till,DE3,0.0
2034,Agri03_No-till,DE4,0.0
2034,Agri03_No-till,DE5,0.0
2034,Agri03_No-till,DE6,0.0
2034,Agri03_No-till,DE7,0.0
2034,Agri03_No-till,DE8,0.0
2034,Agri03_No-till,DE9,0.0
2034,Agri03_No-till,DEA,0.0
2034,Agri03_No-till,DEB,0.0
2034,Agri03_No-till,DEC,0.0
2034,Agri03_No-till,DEE,0.0
2034,Agri03_No-till,DED,0.0
2034,Agri03_No-till,DEF,0.0
2034,Agri03_No-till,DEG,0.0
2034,Agri04_toGrassland,DE1,2440.912130452778
2034,Agri04_toGrassland,DE2,4270.621360045051
2034,Agri04_toGrassland,DE3,893.9777642703997
2034,Agri04_toGrassland,DE4,2288.6691043598566
2034,Agri04_toGrassland,DE5,420.29270299119446
2034,Agri04_toGrassland,DE6,54.97076809586751
2034,Agri04_toGrassland,DE7,1002.7164145209758
2034,Agri04_toGrassland,DE8,2355.3889951176648
2034,Agri04_toGrassland,DE9,3671.693617623556
2034,Agri04_toGrassland,DEA,2500.5201482878347
2034,Agri04_toGrassland,DEB,1416.279709606972
2034,Agri04_toGrassland,DEC,688.5552262883847
2034,Agri04_toGrassland,DEE,1860.7665521601034
2034,Agri04_toGrassland,DED,1536.0520498171234
2034,Agri04_toGrassland,DEF,1066.0830712154336
2034,Agri04_toGrassland,DEG,852.3505337445196
2034,Agri05_Agroforestry,DE1,338191.51589741494
2034,Agri05_Agroforestry,DE2,426926.2885169599
2034,Agri05_Agroforestry,DE3,1307.8725000000002
2034,Agri05_Agroforestry,DE4,345940.46542236075
2034,Agri05_Agroforestry,DE5,10736.907666666668
2034,Agri05_Agroforestry,DE6,8691.746166666666
2034,Agri05_Agroforestry,DE7,80962.09397085567
2034,Agri05_Agroforestry,DE8,331590.203466436
2034,Agri05_Agroforestry,DE9,395426.5712821812
2034,Agri05_Agroforestry,DEA,338628.5785635748
2034,Agri05_Agroforestry,DEB,219301.9434553872
2034,Agri05_Agroforestry,DEC,47840.52216666668
2034,Agri05_Agroforestry,DEE,237338.16800000003
2034,Agri05_Agroforestry,DED,226562.18713971446
2034,Agri05_Agroforestry,DEF,51778.64332847992
2034,Agri05_Agroforestry,DEG,41413.33073828975
2034,Agri06_Biochar,DE1,0.0
2034,Agri06_Biochar,DE2,0.0
2034,Agri06_Biochar,DE3,0.0
2034,Agri06_Biochar,DE4,0.0
2034,Agri06_Biochar,DE5,0.0
2034,Agri06_Biochar,DE6,0.0
2034,Agri06_Biochar,DE7,0.0
2034,Agri06_Biochar,DE8,0.0
2034,Agri06_Biochar,DE9,0.0
2034,Agri06_Biochar,DEA,0.0
2034,Agri06_Biochar,DEB,0.0
2034,Agri06_Biochar,DEC,0.0
2034,Agri06_Biochar,DEE,0.0
2034,Agri06_Biochar,DED,0.0
2034,Agri06_Biochar,DEF,0.0
2034,Agri06_Biochar,DEG,0.0
2035,Agri01_AGC,DE1,135628.3315127986
2035,Agri01_AGC,DE2,262133.88911429257
2035,Agri01_AGC,DE3,386.9196000000001
2035,Agri01_AGC,DE4,121280.91116486168
2035,Agri01_AGC,DE5,1243.9848000000002
2035,Agri01_AGC,DE6,2043.2963999999997
2035,Agri01_AGC,DE7,61076.19936314435
2035,Agri01_AGC,DE8,130259.52080420453
2035,Agri01_AGC,DE9,226064.9115567525
2035,Agri01_AGC,DEA,138443.27038382247
2035,Agri01_AGC,DEB,74438.58348416728
2035,Agri01_AGC,DEC,10505.2152
2035,Agri01_AGC,DEE,104070.46326750059
2035,Agri01_AGC,DED,80958.85213926696
2035,Agri01_AGC,DEF,64097.393329785285
2035,Agri01_AGC,DEG,51247.273478473115
2035,Agri02_OFC,DE1,71968.17349361407
2035,Agri02_OFC,DE2,124009.92180986554
2035,Agri02_OFC,DE3,27969.286870211738
2035,Agri02_OFC,DE4,67812.98788949712
2035,Agri02_OFC,DE5,13124.694311353522
2035,Agri02_OFC,DE6,1672.8228908459296
2035,Agri02_OFC,DE7,28893.840216763954
2035,Agri02_OFC,DE8,69507.29254141675
2035,Agri02_OFC,DE9,106946.46198105221
2035,Agri02_OFC,DEA,73635.20468394468
2035,Agri02_OFC,DEB,42024.63830605263
2035,Agri02_OFC,DEC,21304.760973416083
2035,Agri02_OFC,DEE,54707.96182370028
2035,Agri02_OFC,DED,45448.068047335975
2035,Agri02_OFC,DEF,30323.10229669376
2035,Agri02_OFC,DEG,24243.98614962501
2035,Agri03_No-till,DE1,0.0
2035,Agri03_No-till,DE2,0.0
2035,Agri03_No-till,DE3,0.0
2035,Agri03_No-till,DE4,0.0
2035,Agri03_No-till,DE5,0.0
2035,Agri03_No-till,DE6,0.0
2035,Agri03_No-till,DE7,0.0
2035,Agri03_No-till,DE8,0.0
2035,Agri03_No-till,DE9,0.0
2035,Agri03_No-till,DEA,0.0
2035,Agri03_No-till,DEB,0.0
2035,Agri03_No-till,DEC,0.0
2035,Agri03_No-till,DEE,0.0
2035,Agri03_No-till,DED,0.0
2035,Agri03_No-till,DEF,0.0
2035,Agri03_No-till,DEG,0.0
2035,Agri04_toGrassland,DE1,2653.3459530115774
2035,Agri04_toGrassland,DE2,4572.038002280071
2035,Agri04_toGrassland,DE3,1031.1807361941899
2035,Agri04_toGrassland,DE4,2500.1512230150743
2035,Agri04_toGrassland,DE5,483.8854850003105
2035,Agri04_toGrassland,DE6,61.67417668207213
2035,Agri04_toGrassland,DE7,1065.2674687223584
2035,Agri04_toGrassland,DE8,2562.617396228968
2035,Agri04_toGrassland,DE9,3942.9368332032313
2035,Agri04_toGrassland,DEA,2714.8065994013355
2035,Agri04_toGrassland,DEB,1549.3779897864745
2035,Agri04_toGrassland,DEC,785.4708347393102
2035,Agri04_toGrassland,DEE,2016.9908732685478
2035,Agri04_toGrassland,DED,1675.5941073910108
2035,Agri04_toGrassland,DEF,1117.96196646324
2035,Agri04_toGrassland,DEG,893.8351414557466
2035,Agri05_Agroforestry,DE1,382311.606486359
2035,Agri05_Agroforestry,DE2,475361.7479870977
2035,Agri05_Agroforestry,DE3,1307.8725000000002
2035,Agri05_Agroforestry,DE4,392342.43642731936
2035,Agri05_Agroforestry,DE5,10736.907666666668
2035,Agri05_Agroforestry,DE6,8691.746166666666
2035,Agri05_Agroforestry,DE7,88970.02678391477
2035,Agri05_Agroforestry,DE8,375080.3521314433
2035,Agri05_Agroforestry,DE9,442021.2241570727
2035,Agri05_Agroforestry,DEA,382461.01902661927
2035,Agri05_Agroforestry,DEB,248928.62889068713
2035,Agri05_Agroforestry,DEC,47840.52216666668
2035,Agri05_Agroforestry,DEE,237338.16800000003
2035,Agri05_Agroforestry,DED,256724.71053498483
2035,Agri05_Agroforestry,DEF,54306.47040849215
2035,Agri05_Agroforestry,DEG,43437.069668019176
2035,Agri06_Biochar,DE1,0.0
2035,Agri06_Biochar,DE2,0.0
2035,Agri06_Biochar,DE3,0.0
2035,Agri06_Biochar,DE4,0.0
2035,Agri06_Biochar,DE5,0.0
2035,Agri06_Biochar,DE6,0.0
2035,Agri06_Biochar,DE7,0.0
2035,Agri06_Biochar,DE8,0.0
2035,Agri06_Biochar,DE9,0.0
2035,Agri06_Biochar,DEA,0.0
2035,Agri06_Biochar,DEB,0.0
2035,Agri06_Biochar,DEC,0.0
2035,Agri06_Biochar,DEE,0.0
2035,Agri06_Biochar,DED,0.0
2035,Agri06_Biochar,DEF,0.0
2035,Agri06_Biochar,DEG,0.0
2036,Agri01_AGC,DE1,148099.17023077083
2036,Agri01_AGC,DE2,279387.6220882941
2036,Agri01_AGC,DE3,386.9196000000001
2036,Agri01_AGC,DE4,133773.0401047832
2036,Agri01_AGC,DE5,1243.9848000000002
2036,Agri01_AGC,DE6,2043.2963999999997
2036,Agri01_AGC,DE7,64593.16264830091
2036,Agri01_AGC,DE8,142438.8170244602
2036,Agri01_AGC,DE9,241685.05275737215
2036,Agri01_AGC,DEA,151001.9421614847
2036,Agri01_AGC,DEB,82313.79174148526
2036,Agri01_AGC,DEC,10505.2152
2036,Agri01_AGC,DEE,113205.66418074265
2036,Agri01_AGC,DED,89187.36823293412
2036,Agri01_AGC,DEF,66886.2929306337
2036,Agri01_AGC,DEG,53477.47221622101
2036,Agri02_OFC,DE1,77867.85986970445
2036,Agri02_OFC,DE2,132172.29289535814
2036,Agri02_OFC,DE3,31955.978175719414
2036,Agri02_OFC,DE4,73722.74621304979
2036,Agri02_OFC,DE5,14970.968407756474
2036,Agri02_OFC,DE6,1864.6858362049702
2036,Agri02_OFC,DE7,30557.640130136744
2036,Agri02_OFC,DE8,75269.05641359801
2036,Agri02_OFC,DE9,114336.01582886977
2036,Agri02_OFC,DEA,79576.4429971054
2036,Agri02_OFC,DEB,45750.2304586972
2036,Agri02_OFC,DEC,24106.082242416014
2036,Agri02_OFC,DEE,59029.629482911754
2036,Agri02_OFC,DED,49340.80256111711
2036,Agri02_OFC,DEF,31642.47089342634
2036,Agri02_OFC,DEG,25299.04534865895
2036,Agri03_No-till,DE1,0.0
2036,Agri03_No-till,DE2,0.0
2036,Agri03_No-till,DE3,0.0
2036,Agri03_No-till,DE4,0.0
2036,Agri03_No-till,DE5,0.0
2036,Agri03_No-till,DE6,0.0
2036,Agri03_No-till,DE7,0.0
2036,Agri03_No-till,DE8,0.0
2036,Agri03_No-till,DE9,0.0
2036,Agri03_No-till,DEA,0.0
2036,Agri03_No-till,DEB,0.0
2036,Agri03_No-till,DEC,0.0
2036,Agri03_No-till,DEE,0.0
2036,Agri03_No-till,DED,0.0
2036,Agri03_No-till,DEF,0.0
2036,Agri03_No-till,DEG,0.0
2036,Agri04_toGrassland,DE1,2870.857503050095
2036,Agri04_toGrassland,DE2,4872.970945765045
2036,Agri04_toGrassland,DE3,1178.1633637623866
2036,Agri04_toGrassland,DE4,2718.0341088780365
2036,Agri04_toGrassland,DE5,551.9545169631068
2036,Agri04_toGrassland,DE6,68.74784195504816
2036,Agri04_toGrassland,DE7,1126.6089833456303
2036,Agri04_toGrassland,DE8,2775.043974677801
2036,Agri04_toGrassland,DE9,4215.377300216163
2036,Agri04_toGrassland,DEA,2933.8500997272276
2036,Agri04_toGrassland,DEB,1686.734329136511
2036,Agri04_toGrassland,DEC,888.7508554952318
2036,Agri04_toGrassland,DEE,2176.32351764707
2036,Agri04_toGrassland,DED,1819.1127055003012
2036,Agri04_toGrassland,DEF,1166.6048756372736
2036,Agri04_toGrassland,DEG,932.733406064237
2036,Agri05_Agroforestry,DE1,429093.50424052036
2036,Agri05_Agroforestry,DE2,526189.304067378
2036,Agri05_Agroforestry,DE3,1307.8725000000002
2036,Agri05_Agroforestry,DE4,441636.66580034525
2036,Agri05_Agroforestry,DE5,10736.907666666668
2036,Agri05_Agroforestry,DE6,8691.746166666666
2036,Agri05_Agroforestry,DE7,97274.61641042121
2036,Agri05_Agroforestry,DE8,421211.1853473426
2036,Agri05_Agroforestry,DE9,491062.53006973857
2036,Agri05_Agroforestry,DEA,428912.7508031784
2036,Agri05_Agroforestry,DEB,280416.94911302335
2036,Agri05_Agroforestry,DEC,47840.52216666668
2036,Agri05_Agroforestry,DEE,237338.16800000003
2036,Agri05_Agroforestry,DED,264412.5466666667
2036,Agri05_Agroforestry,DEF,56678.21116271097
2036,Agri05_Agroforestry,DEG,45336.22778134786
2036,Agri06_Biochar,DE1,0.0
2036,Agri06_Biochar,DE2,0.0
2036,Agri06_Biochar,DE3,0.0
2036,Agri06_Biochar,DE4,0.0
2036,Agri06_Biochar,DE5,0.0
2036,Agri06_Biochar,DE6,0.0
2036,Agri06_Biochar,DE7,0.0
2036,Agri06_Biochar,DE8,0.0
2036,Agri06_Biochar,DE9,0.0
2036,Agri06_Biochar,DEA,0.0
2036,Agri06_Biochar,DEB,0.0
2036,Agri06_Biochar,DEC,0.0
2036,Agri06_Biochar,DEE,0.0
2036,Agri06_Biochar,DED,0.0
2036,Agri06_Biochar,DEF,0.0
2036,Agri06_Biochar,DEG,0.0
2037,Agri01_AGC,DE1,160861.13611160946
2037,Agri01_AGC,DE2,296613.6226080934
2037,Agri01_AGC,DE3,386.9196000000001
2037,Agri01_AGC,DE4,146632.15155898925
2037,Agri01_AGC,DE5,1243.9848000000002
2037,Agri01_AGC,DE6,2043.2963999999997
2037,Agri01_AGC,DE7,68040.77801607584
2037,Agri01_AGC,DE8,154916.146297178
2037,Agri01_AGC,DE9,257373.83734509637
2037,Agri01_AGC,DEA,163833.355287782
2037,Agri01_AGC,DEB,90433.13218009619
2037,Agri01_AGC,DEC,10505.2152
2037,Agri01_AGC,DEE,122519.07815061364
2037,Agri01_AGC,DED,97643.87587768766
2037,Agri01_AGC,DEF,69489.66003717331
2037,Agri01_AGC,DEG,55559.38518386678
2037,Agri02_OFC,DE1,83905.27226369269
2037,Agri02_OFC,DE2,140321.54435145514
2037,Agri02_OFC,DE3,36207.92850383045
2037,Agri02_OFC,DE4,79806.11609463407
2037,Agri02_OFC,DE5,16938.654313615185
2037,Agri02_OFC,DE6,2066.5914589768413
2037,Agri02_OFC,DE7,32188.633030874767
2037,Agri02_OFC,DE8,81171.81333195679
2037,Agri02_OFC,DE9,121758.04339115578
2037,Agri02_OFC,DEA,85646.70939371167
2037,Agri02_OFC,DEB,49591.31631120524
2037,Agri02_OFC,DEC,27080.028995262466
2037,Agri02_OFC,DEE,63435.60591766049
2037,Agri02_OFC,DED,53341.39498872643
2037,Agri02_OFC,DEF,32874.06804561138
2037,Agri02_OFC,DEG,26283.95372965859
2037,Agri03_No-till,DE1,0.0
2037,Agri03_No-till,DE2,0.0
2037,Agri03_No-till,DE3,0.0
2037,Agri03_No-till,DE4,0.0
2037,Agri03_No-till,DE5,0.0
2037,Agri03_No-till,DE6,0.0
2037,Agri03_No-till,DE7,0.0
2037,Agri03_No-till,DE8,0.0
2037,Agri03_No-till,DE9,0.0
2037,Agri03_No-till,DEA,0.0
2037,Agri03_No-till,DEB,0.0
2037,Agri03_No-till,DEC,0.0
2037,Agri03_No-till,DEE,0.0
2037,Agri03_No-till,DED,0.0
2037,Agri03_No-till,DEF,0.0
2037,Agri03_No-till,DEG,0.0
2037,Agri04_toGrassland,DE1,3093.446780568331
2037,Agri04_toGrassland,DE2,5173.420190499974
2037,Agri04_toGrassland,DE3,1334.9256469749894
2037,Agri04_toGrassland,DE4,2942.3177619487433
2037,Agri04_toGrassland,DE5,624.4997988795834
2037,Agri04_toGrassland,DE6,76.19176391479557
2037,Agri04_toGrassland,DE7,1186.7409583907918
2037,Agri04_toGrassland,DE8,2992.668730464163
2037,Agri04_toGrassland,DE9,4489.0150186623505
2037,Agri04_toGrassland,DEA,3157.650649265512
2037,Agri04_toGrassland,DEB,1828.3487276570816
2037,Agri04_toGrassland,DEC,998.3952885561491
2037,Agri04_toGrassland,DEE,2338.7644852956687
2037,Agri04_toGrassland,DED,1966.6078441449945
2037,Agri04_toGrassland,DEF,1212.0117987375345
2037,Agri04_toGrassland,DEG,969.0453275699907
2037,Agri05_Agroforestry,DE1,478537.2091598988
2037,Agri05_Agroforestry,DE2,579408.956757801
2037,Agri05_Agroforestry,DE3,1307.8725000000002
2037,Agri05_Agroforestry,DE4,473584.88600000006
2037,Agri05_Agroforestry,DE5,10736.907666666668
2037,Agri05_Agroforestry,DE6,8691.746166666666
2037,Agri05_Agroforestry,DE7,105875.86285037501
2037,Agri05_Agroforestry,DE8,451053.7198333334
2037,Agri05_Agroforestry,DE9,542550.4890201787
2037,Agri05_Agroforestry,DEA,477983.7738932523
2037,Agri05_Agroforestry,DEB,313766.9041223959
2037,Agri05_Agroforestry,DEC,47840.52216666668
2037,Agri05_Agroforestry,DEE,237338.16800000003
2037,Agri05_Agroforestry,DED,264412.5466666667
2037,Agri05_Agroforestry,DEF,58893.86559113637
2037,Agri05_Agroforestry,DEG,47110.80507827581
2037,Agri06_Biochar,DE1,0.0
2037,Agri06_Biochar,DE2,0.0
2037,Agri06_Biochar,DE3,0.0
2037,Agri06_Biochar,DE4,0.0
2037,Agri06_Biochar,DE5,0.0
2037,Agri06_Biochar,DE6,0.0
2037,Agri06_Biochar,DE7,0.0
2037,Agri06_Biochar,DE8,0.0
2037,Agri06_Biochar,DE9,0.0
2037,Agri06_Biochar,DEA,0.0
2037,Agri06_Biochar,DEB,0.0
2037,Agri06_Biochar,DEC,0.0
2037,Agri06_Biochar,DEE,0.0
2037,Agri06_Biochar,DED,0.0
2037,Agri06_Biochar,DEF,0.0
2037,Agri06_Biochar,DEG,0.0
2038,Agri01_AGC,DE1,173914.22915531442
2038,Agri01_AGC,DE2,313811.89067369053
2038,Agri01_AGC,DE3,386.9196000000001
2038,Agri01_AGC,DE4,159858.24552747988
2038,Agri01_AGC,DE5,1243.9848000000002
2038,Agri01_AGC,DE6,2043.2963999999997
2038,Agri01_AGC,DE7,71419.04546646914
2038,Agri01_AGC,DE8,167691.5086223579
2038,Agri01_AGC,DE9,273131.2653199251
2038,Agri01_AGC,DEA,176937.50976271427
2038,Agri01_AGC,DEB,98796.60480000003
2038,Agri01_AGC,DEC,10505.2152
2038,Agri01_AGC,DEE,132010.70517711353
2038,Agri01_AGC,DED,106328.37507352763
2038,Agri01_AGC,DEF,71907.49464940408
2038,Agri01_AGC,DEG,57493.01238141044
2038,Agri02_OFC,DE1,90080.41067557878
2038,Agri02_OFC,DE2,148457.67617815651
2038,Agri02_OFC,DE3,40725.13785454485
2038,Agri02_OFC,DE4,86063.09753424996
2038,Agri02_OFC,DE5,19027.752028929655
2038,Agri02_OFC,DE6,2278.539759161543
2038,Agri02_OFC,DE7,33786.818918978024
2038,Agri02_OFC,DE8,87215.56329649307
2038,Agri02_OFC,DE9,129212.5446679102
2038,Agri02_OFC,DEA,91846.00387376349
2038,Agri02_OFC,DEB,53547.89586357675
2038,Agri02_OFC,DEC,30226.601231955443
2038,Agri02_OFC,DEE,67925.89112794648
2038,Agri02_OFC,DED,57449.845330163924
2038,Agri02_OFC,DEF,34017.89375324888
2038,Agri02_OFC,DEG,27198.711292623935
2038,Agri03_No-till,DE1,0.0
2038,Agri03_No-till,DE2,0.0
2038,Agri03_No-till,DE3,0.0
2038,Agri03_No-till,DE4,0.0
2038,Agri03_No-till,DE5,0.0
2038,Agri03_No-till,DE6,0.0
2038,Agri03_No-till,DE7,0.0
2038,Agri03_No-till,DE8,0.0
2038,Agri03_No-till,DE9,0.0
2038,Agri03_No-till,DEA,0.0
2038,Agri03_No-till,DEB,0.0
2038,Agri03_No-till,DEC,0.0
2038,Agri03_No-till,DEE,0.0
2038,Agri03_No-till,DED,0.0
2038,Agri03_No-till,DEF,0.0
2038,Agri03_No-till,DEG,0.0
2038,Agri04_toGrassland,DE1,3321.1137855662855
2038,Agri04_toGrassland,DE2,5473.385736484856
2038,Agri04_toGrassland,DE3,1501.4675858319986
2038,Agri04_toGrassland,DE4,3173.0021822271947
2038,Agri04_toGrassland,DE5,701.5213307497403
2038,Agri04_toGrassland,DE6,84.0059425613144
2038,Agri04_toGrassland,DE7,1245.6633938578423
2038,Agri04_toGrassland,DE8,3215.4916635880554
2038,Agri04_toGrassland,DE9,4763.849988541794
2038,Agri04_toGrassland,DEA,3386.2082480161894
2038,Agri04_toGrassland,DEB,1974.221185348186
2038,Agri04_toGrassland,DEC,1114.4041339220623
2038,Agri04_toGrassland,DEE,2504.313776214345
2038,Agri04_toGrassland,DED,2118.0795233250906
2038,Agri04_toGrassland,DEF,1254.1827357640225
2038,Agri04_toGrassland,DEG,1002.7709059730079
2038,Agri05_Agroforestry,DE1,530642.7212444944
2038,Agri05_Agroforestry,DE2,635020.7060583666
2038,Agri05_Agroforestry,DE3,1307.8725000000002
2038,Agri05_Agroforestry,DE4,473584.88600000006
2038,Agri05_Agroforestry,DE5,10736.907666666668
2038,Agri05_Agroforestry,DE6,8691.746166666666
2038,Agri05_Agroforestry,DE7,114773.76610377616
2038,Agri05_Agroforestry,DE8,451053.7198333334
2038,Agri05_Agroforestry,DE9,596485.1010083931
2038,Agri05_Agroforestry,DEA,529674.0882968409
2038,Agri05_Agroforestry,DEB,343413.3161666667
2038,Agri05_Agroforestry,DEC,47840.52216666668
2038,Agri05_Agroforestry,DEE,237338.16800000003
2038,Agri05_Agroforestry,DED,264412.5466666667
2038,Agri05_Agroforestry,DEF,60953.433693768355
2038,Agri05_Agroforestry,DEG,48760.80155880301
2038,Agri06_Biochar,DE1,0.0
2038,Agri06_Biochar,DE2,0.0
2038,Agri06_Biochar,DE3,0.0
2038,Agri06_Biochar,DE4,0.0
2038,Agri06_Biochar,DE5,0.0
2038,Agri06_Biochar,DE6,0.0
2038,Agri06_Biochar,DE7,0.0
2038,Agri06_Biochar,DE8,0.0
2038,Agri06_Biochar,DE9,0.0
2038,Agri06_Biochar,DEA,0.0
2038,Agri06_Biochar,DEB,0.0
2038,Agri06_Biochar,DEC,0.0
2038,Agri06_Biochar,DEE,0.0
2038,Agri06_Biochar,DED,0.0
2038,Agri06_Biochar,DEF,0.0
2038,Agri06_Biochar,DEG,0.0
2039,Agri01_AGC,DE1,187258.44936188578
2039,Agri01_AGC,DE2,330982.4262850854
2039,Agri01_AGC,DE3,386.9196000000001
2039,Agri01_AGC,DE4,163848.46320000003
2039,Agri01_AGC,DE5,1243.9848000000002
2039,Agri01_AGC,DE6,2043.2963999999997
2039,Agri01_AGC,DE7,74727.9649994808
2039,Agri01_AGC,DE8,180764.90399999998
2039,Agri01_AGC,DE9,288957.33668185835
2039,Agri01_AGC,DEA,190314.40558628156
2039,Agri01_AGC,DEB,98796.60480000003
2039,Agri01_AGC,DEC,10505.2152
2039,Agri01_AGC,DEE,141680.5452602423
2039,Agri01_AGC,DED,112758.6408
2039,Agri01_AGC,DEF,74139.79676732603
2039,Agri01_AGC,DEG,59278.35380885197
2039,Agri02_OFC,DE1,96393.2751053627
2039,Agri02_OFC,DE2,156580.68837546225
2039,Agri02_OFC,DE3,45507.60622786262
2039,Agri02_OFC,DE4,92493.69053189746
2039,Agri02_OFC,DE5,21238.26155369988
2039,Agri02_OFC,DE6,2500.5307367590754
2039,Agri02_OFC,DE7,35352.19779444651
2039,Agri02_OFC,DE8,93400.30630720686
2039,Agri02_OFC,DE9,136699.51965913308
2039,Agri02_OFC,DEA,98174.32643726087
2039,Agri02_OFC,DEB,57619.96911581172
2039,Agri02_OFC,DEC,33545.798952494944
2039,Agri02_OFC,DEE,72500.48511376976
2039,Agri02_OFC,DED,61666.15358542959
2039,Agri02_OFC,DEF,35073.948016338836
2039,Agri02_OFC,DEG,28043.31803755498
2039,Agri03_No-till,DE1,0.0
2039,Agri03_No-till,DE2,0.0
2039,Agri03_No-till,DE3,0.0
2039,Agri03_No-till,DE4,0.0
2039,Agri03_No-till,DE5,0.0
2039,Agri03_No-till,DE6,0.0
2039,Agri03_No-till,DE7,0.0
2039,Agri03_No-till,DE8,0.0
2039,Agri03_No-till,DE9,0.0
2039,Agri03_No-till,DEA,0.0
2039,Agri03_No-till,DEB,0.0
2039,Agri03_No-till,DEC,0.0
2039,Agri03_No-till,DEE,0.0
2039,Agri03_No-till,DED,0.0
2039,Agri03_No-till,DEF,0.0
2039,Agri03_No-till,DEG,0.0
2039,Agri04_toGrassland,DE1,3553.858518043958
2039,Agri04_toGrassland,DE2,5772.867583719693
2039,Agri04_toGrassland,DE3,1677.7891803334144
2039,Agri04_toGrassland,DE4,3410.0873697133907
2039,Agri04_toGrassland,DE5,783.0191125735774
2039,Agri04_toGrassland,DE6,92.19037789460462
2039,Agri04_toGrassland,DE7,1303.3762897467823
2039,Agri04_toGrassland,DE8,3443.512774049477
2039,Agri04_toGrassland,DE9,5039.882209854494
2039,Agri04_toGrassland,DEA,3619.522895979258
2039,Agri04_toGrassland,DEB,2124.3517022098245
2039,Agri04_toGrassland,DEC,1236.7773915929715
2039,Agri04_toGrassland,DEE,2672.971390403099
2039,Agri04_toGrassland,DED,2273.5277430405895
2039,Agri04_toGrassland,DEF,1293.1176867167376
2039,Agri04_toGrassland,DEG,1033.9101412732884
2039,Agri05_Agroforestry,DE1,585410.0404943073
2039,Agri05_Agroforestry,DE2,693024.5519690746
2039,Agri05_Agroforestry,DE3,1307.8725000000002
2039,Agri05_Agroforestry,DE4,473584.88600000006
2039,Agri05_Agroforestry,DE5,10736.907666666668
2039,Agri05_Agroforestry,DE6,8691.746166666666
2039,Agri05_Agroforestry,DE7,123968.32617062466
2039,Agri05_Agroforestry,DE8,451053.7198333334
2039,Agri05_Agroforestry,DE9,652866.3660343818
2039,Agri05_Agroforestry,DEA,583983.6940139442
2039,Agri05_Agroforestry,DEB,343413.3161666667
2039,Agri05_Agroforestry,DEC,47840.52216666668
2039,Agri05_Agroforestry,DEE,237338.16800000003
2039,Agri05_Agroforestry,DED,264412.5466666667
2039,Agri05_Agroforestry,DEF,62856.91547060692
2039,Agri05_Agroforestry,DEG,50286.217222929474
2039,Agri06_Biochar,DE1,0.0
2039,Agri06_Biochar,DE2,0.0
2039,Agri06_Biochar,DE3,0.0
2039,Agri06_Biochar,DE4,0.0
2039,Agri06_Biochar,DE5,0.0
2039,Agri06_Biochar,DE6,0.0
2039,Agri06_Biochar,DE7,0.0
2039,Agri06_Biochar,DE8,0.0
2039,Agri06_Biochar,DE9,0.0
2039,Agri06_Biochar,DEA,0.0
2039,Agri06_Biochar,DEB,0.0
2039,Agri06_Biochar,DEC,0.0
2039,Agri06_Biochar,DEE,0.0
2039,Agri06_Biochar,DED,0.0
2039,Agri06_Biochar,DEF,0.0
2039,Agri06_Biochar,DEG,0.0
2040,Agri01_AGC,DE1,190030.39080000005
2040,Agri01_AGC,DE2,348125.2294422779
2040,Agri01_AGC,DE3,386.9196000000001
2040,Agri01_AGC,DE4,163848.46320000003
2040,Agri01_AGC,DE5,1243.9848000000002
2040,Agri01_AGC,DE6,2043.2963999999997
2040,Agri01_AGC,DE7,77967.53661511082
2040,Agri01_AGC,DE8,180764.90399999998
2040,Agri01_AGC,DE9,304852.0514308961
2040,Agri01_AGC,DEA,198556.98120000004
2040,Agri01_AGC,DEB,98796.60480000003
2040,Agri01_AGC,DEC,10505.2152
2040,Agri01_AGC,DEE,151528.5984
2040,Agri01_AGC,DED,112758.6408
2040,Agri01_AGC,DEF,76186.56639093916
2040,Agri01_AGC,DEG,60915.40946619138
2040,Agri02_OFC,DE1,102843.86555304448
2040,Agri02_OFC,DE2,164690.58094337233
2040,Agri02_OFC,DE3,50555.33362378374
2040,Agri02_OFC,DE4,99097.89508757657
2040,Agri02_OFC,DE5,23570.18288792586
2040,Agri02_OFC,DE6,2732.5643917694383
2040,Agri02_OFC,DE7,36884.76965728023
2040,Agri02_OFC,DE8,99726.04236409819
2040,Agri02_OFC,DE9,144218.96836482437
2040,Agri02_OFC,DEA,104631.6770842038
2040,Agri02_OFC,DEB,61807.53606791014
2040,Agri02_OFC,DEC,37037.62215688096
2040,Agri02_OFC,DEE,77159.38787513027
2040,Agri02_OFC,DED,65990.31975452343
2040,Agri02_OFC,DEF,36042.23083488125
2040,Agri02_OFC,DEG,28817.77396445172
2040,Agri03_No-till,DE1,0.0
2040,Agri03_No-till,DE2,0.0
2040,Agri03_No-till,DE3,0.0
2040,Agri03_No-till,DE4,0.0
2040,Agri03_No-till,DE5,0.0
2040,Agri03_No-till,DE6,0.0
2040,Agri03_No-till,DE7,0.0
2040,Agri03_No-till,DE8,0.0
2040,Agri03_No-till,DE9,0.0
2040,Agri03_No-till,DEA,0.0
2040,Agri03_No-till,DEB,0.0
2040,Agri03_No-till,DEC,0.0
2040,Agri03_No-till,DEE,0.0
2040,Agri03_No-till,DED,0.0
2040,Agri03_No-till,DEF,0.0
2040,Agri03_No-till,DEG,0.0
2040,Agri04_toGrassland,DE1,3791.6809780013486
2040,Agri04_toGrassland,DE2,6071.8657322044855
2040,Agri04_toGrassland,DE3,1863.890430479236
2040,Agri04_toGrassland,DE4,3653.5733244073313
2040,Agri04_toGrassland,DE5,868.9931443510949
2040,Agri04_toGrassland,DE6,100.74506991466625
2040,Agri04_toGrassland,DE7,1359.8796460576118
2040,Agri04_toGrassland,DE8,3676.7320618484273
2040,Agri04_toGrassland,DE9,5317.11168260045
2040,Agri04_toGrassland,DEA,3857.5945931547185
2040,Agri04_toGrassland,DEB,2278.7402782419967
2040,Agri04_toGrassland,DEC,1365.5150615688765
2040,Agri04_toGrassland,DEE,2844.7373278619298
2040,Agri04_toGrassland,DED,2432.9525032914908
2040,Agri04_toGrassland,DEF,1328.81665159568
2040,Agri04_toGrassland,DEG,1062.4630334708327
2040,Agri05_Agroforestry,DE1,642839.1669093373
2040,Agri05_Agroforestry,DE2,753420.4944899252
2040,Agri05_Agroforestry,DE3,1307.8725000000002
2040,Agri05_Agroforestry,DE4,473584.88600000006
2040,Agri05_Agroforestry,DE5,10736.907666666668
2040,Agri05_Agroforestry,DE6,8691.746166666666
2040,Agri05_Agroforestry,DE7,133459.5430509205
2040,Agri05_Agroforestry,DE8,451053.7198333334
2040,Agri05_Agroforestry,DE9,711694.2840981447
2040,Agri05_Agroforestry,DEA,584425.7143333333
2040,Agri05_Agroforestry,DEB,343413.3161666667
2040,Agri05_Agroforestry,DEC,47840.52216666668
2040,Agri05_Agroforestry,DEE,237338.16800000003
2040,Agri05_Agroforestry,DED,264412.5466666667
2040,Agri05_Agroforestry,DEF,64604.31092165207
2040,Agri05_Agroforestry,DEG,51687.05207065519
2040,Agri06_Biochar,DE1,0.0
2040,Agri06_Biochar,DE2,0.0
2040,Agri06_Biochar,DE3,0.0
2040,Agri06_Biochar,DE4,0.0
2040,Agri06_Biochar,DE5,0.0
2040,Agri06_Biochar,DE6,0.0
2040,Agri06_Biochar,DE7,0.0
2040,Agri06_Biochar,DE8,0.0
2040,Agri06_Biochar,DE9,0.0
2040,Agri06_Biochar,DEA,0.0
2040,Agri06_Biochar,DEB,0.0
2040,Agri06_Biochar,DEC,0.0
2040,Agri06_Biochar,DEE,0.0
2040,Agri06_Biochar,DED,0.0
2040,Agri06_Biochar,DEF,0.0
2040,Agri06_Biochar,DEG,0.0
2041,Agri01_AGC,DE1,190030.39080000005
2041,Agri01_AGC,DE2,365240.30014526827
2041,Agri01_AGC,DE3,386.9196000000001
2041,Agri01_AGC,DE4,163848.46320000003
2041,Agri01_AGC,DE5,1243.9848000000002
2041,Agri01_AGC,DE6,2043.2963999999997
2041,Agri01_AGC,DE7,81137.76031335922
2041,Agri01_AGC,DE8,180764.90399999998
2041,Agri01_AGC,DE9,320815.4095670384
2041,Agri01_AGC,DEA,198556.98120000004
2041,Agri01_AGC,DEB,98796.60480000003
2041,Agri01_AGC,DEC,10505.2152
2041,Agri01_AGC,DEE,151528.5984
2041,Agri01_AGC,DED,112758.6408
2041,Agri01_AGC,DEF,78047.80352024347
2041,Agri01_AGC,DEG,62404.17935342866
2041,Agri02_OFC,DE1,109432.18201862411
2041,Agri02_OFC,DE2,172787.3538818868
2041,Agri02_OFC,DE3,55868.32004230822
2041,Agri02_OFC,DE4,105875.71120128728
2041,Agri02_OFC,DE5,26023.5160316076
2041,Agri02_OFC,DE6,2974.6407241926318
2041,Agri02_OFC,DE7,38384.53450747918
2041,Agri02_OFC,DE8,106192.77146716701
2041,Agri02_OFC,DE9,151770.89078498408
2041,Agri02_OFC,DEA,111218.05581459227
2041,Agri02_OFC,DEB,66110.59671987205
2041,Agri02_OFC,DEC,40702.070845113514
2041,Agri02_OFC,DEE,81902.59941202807
2041,Agri02_OFC,DED,70422.34383744544
2041,Agri02_OFC,DEF,36922.74220887612
2041,Agri02_OFC,DEG,29522.079073314166
2041,Agri03_No-till,DE1,0.0
2041,Agri03_No-till,DE2,0.0
2041,Agri03_No-till,DE3,0.0
2041,Agri03_No-till,DE4,0.0
2041,Agri03_No-till,DE5,0.0
2041,Agri03_No-till,DE6,0.0
2041,Agri03_No-till,DE7,0.0
2041,Agri03_No-till,DE8,0.0
2041,Agri03_No-till,DE9,0.0
2041,Agri03_No-till,DEA,0.0
2041,Agri03_No-till,DEB,0.0
2041,Agri03_No-till,DEC,0.0
2041,Agri03_No-till,DEE,0.0
2041,Agri03_No-till,DED,0.0
2041,Agri03_No-till,DEF,0.0
2041,Agri03_No-till,DEG,0.0
2041,Agri04_toGrassland,DE1,4034.581165438458
2041,Agri04_toGrassland,DE2,6370.380181939232
2041,Agri04_toGrassland,DE3,2059.7713362694644
2041,Agri04_toGrassland,DE4,3903.460046309017
2041,Agri04_toGrassland,DE5,959.4434260822925
2041,Agri04_toGrassland,DE6,109.67001862149928
2041,Agri04_toGrassland,DE7,1415.1734627903304
2041,Agri04_toGrassland,DE8,3915.149526984907
2041,Agri04_toGrassland,DE9,5595.538406779662
2041,Agri04_toGrassland,DEA,4100.423339542572
2041,Agri04_toGrassland,DEB,2437.386913444703
2041,Agri04_toGrassland,DEC,1500.6171438497774
2041,Agri04_toGrassland,DEE,3019.6115885908384
2041,Agri04_toGrassland,DED,2596.3538040777958
2041,Agri04_toGrassland,DEF,1361.2796304008496
2041,Agri04_toGrassland,DEG,1088.42958256564
2041,Agri05_Agroforestry,DE1,702930.1004895844
2041,Agri05_Agroforestry,DE2,816208.5336209185
2041,Agri05_Agroforestry,DE3,1307.8725000000002
2041,Agri05_Agroforestry,DE4,473584.88600000006
2041,Agri05_Agroforestry,DE5,10736.907666666668
2041,Agri05_Agroforestry,DE6,8691.746166666666
2041,Agri05_Agroforestry,DE7,143247.41674466373
2041,Agri05_Agroforestry,DE8,451053.7198333334
2041,Agri05_Agroforestry,DE9,772968.8551996821
2041,Agri05_Agroforestry,DEA,584425.7143333333
2041,Agri05_Agroforestry,DEB,343413.3161666667
2041,Agri05_Agroforestry,DEC,47840.52216666668
2041,Agri05_Agroforestry,DEE,237338.16800000003
2041,Agri05_Agroforestry,DED,264412.5466666667
2041,Agri05_Agroforestry,DEF,66195.6200469038
2041,Agri05_Agroforestry,DEG,52963.306101980175
2041,Agri06_Biochar,DE1,0.0
2041,Agri06_Biochar,DE2,0.0
2041,Agri06_Biochar,DE3,0.0
2041,Agri06_Biochar,DE4,0.0
2041,Agri06_Biochar,DE5,0.0
2041,Agri06_Biochar,DE6,0.0
2041,Agri06_Biochar,DE7,0.0
2041,Agri06_Biochar,DE8,0.0
2041,Agri06_Biochar,DE9,0.0
2041,Agri06_Biochar,DEA,0.0
2041,Agri06_Biochar,DEB,0.0
2041,Agri06_Biochar,DEC,0.0
2041,Agri06_Biochar,DEE,0.0
2041,Agri06_Biochar,DED,0.0
2041,Agri06_Biochar,DEF,0.0
2041,Agri06_Biochar,DEG,0.0
2042,Agri01_AGC,DE1,190030.39080000005
2042,Agri01_AGC,DE2,382327.63839405635
2042,Agri01_AGC,DE3,386.9196000000001
2042,Agri01_AGC,DE4,163848.46320000003
2042,Agri01_AGC,DE5,1243.9848000000002
2042,Agri01_AGC,DE6,2043.2963999999997
2042,Agri01_AGC,DE7,84238.63609422598
2042,Agri01_AGC,DE8,180764.90399999998
2042,Agri01_AGC,DE9,336847.4110902852
2042,Agri01_AGC,DEA,198556.98120000004
2042,Agri01_AGC,DEB,98796.60480000003
2042,Agri01_AGC,DEC,10505.2152
2042,Agri01_AGC,DEE,151528.5984
2042,Agri01_AGC,DED,112758.6408
2042,Agri01_AGC,DEF,79723.50815523896
2042,Agri01_AGC,DEG,63744.66347056383
2042,Agri02_OFC,DE1,116158.2245021016
2042,Agri02_OFC,DE2,180871.00719100563
2042,Agri02_OFC,DE3,61446.565483436076
2042,Agri02_OFC,DE4,112827.1388730296
2042,Agri02_OFC,DE5,28598.260984745095
2042,Agri02_OFC,DE6,3226.759734028656
2042,Agri02_OFC,DE7,39851.49234504336
2042,Agri02_OFC,DE8,112800.49361641335
2042,Agri02_OFC,DE9,159355.2869196122
2042,Agri02_OFC,DEA,117933.46262842629
2042,Agri02_OFC,DEB,70529.15107169742
2042,Agri02_OFC,DEC,44539.14501719258
2042,Agri02_OFC,DEE,86730.11972446312
2042,Agri02_OFC,DED,74962.22583419563
2042,Agri02_OFC,DEF,37715.48213832346
2042,Agri02_OFC,DEG,30156.233364142317
2042,Agri03_No-till,DE1,0.0
2042,Agri03_No-till,DE2,0.0
2042,Agri03_No-till,DE3,0.0
2042,Agri03_No-till,DE4,0.0
2042,Agri03_No-till,DE5,0.0
2042,Agri03_No-till,DE6,0.0
2042,Agri03_No-till,DE7,0.0
2042,Agri03_No-till,DE8,0.0
2042,Agri03_No-till,DE9,0.0
2042,Agri03_No-till,DEA,0.0
2042,Agri03_No-till,DEB,0.0
2042,Agri03_No-till,DEC,0.0
2042,Agri03_No-till,DEE,0.0
2042,Agri03_No-till,DED,0.0
2042,Agri03_No-till,DEF,0.0
2042,Agri03_No-till,DEG,0.0
2042,Agri04_toGrassland,DE1,4282.559080355285
2042,Agri04_toGrassland,DE2,6668.410932923932
2042,Agri04_toGrassland,DE3,2265.431897704099
2042,Agri04_toGrassland,DE4,4159.747535418447
2042,Agri04_toGrassland,DE5,1054.3699577671705
2042,Agri04_toGrassland,DE6,118.9652240151037
2042,Agri04_toGrassland,DE7,1469.2577399449385
2042,Agri04_toGrassland,DE8,4158.765169458917
2042,Agri04_toGrassland,DE9,5875.162382392131
2042,Agri04_toGrassland,DEA,4348.009135142816
2042,Agri04_toGrassland,DEB,2600.2916078179433
2042,Agri04_toGrassland,DEC,1642.0836384356746
2042,Agri04_toGrassland,DEE,3197.594172589824
2042,Agri04_toGrassland,DED,2763.731645399503
2042,Agri04_toGrassland,DEF,1390.5066231322462
2042,Agri04_toGrassland,DEG,1111.809788557711
2042,Agri05_Agroforestry,DE1,721347.854
2042,Agri05_Agroforestry,DE2,881388.6693620542
2042,Agri05_Agroforestry,DE3,1307.8725000000002
2042,Agri05_Agroforestry,DE4,473584.88600000006
2042,Agri05_Agroforestry,DE5,10736.907666666668
2042,Agri05_Agroforestry,DE6,8691.746166666666
2042,Agri05_Agroforestry,DE7,153331.94725185426
2042,Agri05_Agroforestry,DE8,451053.7198333334
2042,Agri05_Agroforestry,DE9,836690.0793389936
2042,Agri05_Agroforestry,DEA,584425.7143333333
2042,Agri05_Agroforestry,DEB,343413.3161666667
2042,Agri05_Agroforestry,DEC,47840.52216666668
2042,Agri05_Agroforestry,DEE,237338.16800000003
2042,Agri05_Agroforestry,DED,264412.5466666667
2042,Agri05_Agroforestry,DEF,67630.84284636211
2042,Agri05_Agroforestry,DEG,54114.97931690441
2042,Agri06_Biochar,DE1,0.0
2042,Agri06_Biochar,DE2,0.0
2042,Agri06_Biochar,DE3,0.0
2042,Agri06_Biochar,DE4,0.0
2042,Agri06_Biochar,DE5,0.0
2042,Agri06_Biochar,DE6,0.0
2042,Agri06_Biochar,DE7,0.0
2042,Agri06_Biochar,DE8,0.0
2042,Agri06_Biochar,DE9,0.0
2042,Agri06_Biochar,DEA,0.0
2042,Agri06_Biochar,DEB,0.0
2042,Agri06_Biochar,DEC,0.0
2042,Agri06_Biochar,DEE,0.0
2042,Agri06_Biochar,DED,0.0
2042,Agri06_Biochar,DEF,0.0
2042,Agri06_Biochar,DEG,0.0
2043,Agri01_AGC,DE1,190030.39080000005
2043,Agri01_AGC,DE2,399387.24418864225
2043,Agri01_AGC,DE3,386.9196000000001
2043,Agri01_AGC,DE4,163848.46320000003
2043,Agri01_AGC,DE5,1243.9848000000002
2043,Agri01_AGC,DE6,2043.2963999999997
2043,Agri01_AGC,DE7,87270.1639577111
2043,Agri01_AGC,DE8,180764.90399999998
2043,Agri01_AGC,DE9,342134.7612
2043,Agri01_AGC,DEA,198556.98120000004
2043,Agri01_AGC,DEB,98796.60480000003
2043,Agri01_AGC,DEC,10505.2152
2043,Agri01_AGC,DEE,151528.5984
2043,Agri01_AGC,DED,112758.6408
2043,Agri01_AGC,DEF,81213.68029592562
2043,Agri01_AGC,DEG,64936.86181759687
2043,Agri02_OFC,DE1,123021.9930034769
2043,Agri02_OFC,DE2,188941.5408707288
2043,Agri02_OFC,DE3,67290.06994716729
2043,Agri02_OFC,DE4,119952.17810280353
2043,Agri02_OFC,DE5,31294.417747338346
2043,Agri02_OFC,DE6,3488.921421277511
2043,Agri02_OFC,DE7,41285.643169972784
2043,Agri02_OFC,DE8,119549.2088118372
2043,Agri02_OFC,DE9,166972.15676870878
2043,Agri02_OFC,DEA,124777.89752570586
2043,Agri02_OFC,DEB,75063.19912338625
2043,Agri02_OFC,DEC,48548.844673118176
2043,Agri02_OFC,DEE,91641.94881243544
2043,Agri02_OFC,DED,79609.965744774
2043,Agri02_OFC,DEF,38420.45062322325
2043,Agri02_OFC,DEG,30720.236836936165
2043,Agri03_No-till,DE1,0.0
2043,Agri03_No-till,DE2,0.0
2043,Agri03_No-till,DE3,0.0
2043,Agri03_No-till,DE4,0.0
2043,Agri03_No-till,DE5,0.0
2043,Agri03_No-till,DE6,0.0
2043,Agri03_No-till,DE7,0.0
2043,Agri03_No-till,DE8,0.0
2043,Agri03_No-till,DE9,0.0
2043,Agri03_No-till,DEA,0.0
2043,Agri03_No-till,DEB,0.0
2043,Agri03_No-till,DEC,0.0
2043,Agri03_No-till,DEE,0.0
2043,Agri03_No-till,DED,0.0
2043,Agri03_No-till,DEF,0.0
2043,Agri03_No-till,DEG,0.0
2043,Agri04_toGrassland,DE1,4535.614722751831
2043,Agri04_toGrassland,DE2,6965.957985158588
2043,Agri04_toGrassland,DE3,2480.8721147831398
2043,Agri04_toGrassland,DE4,4422.435791735622
2043,Agri04_toGrassland,DE5,1153.7727394057288
2043,Agri04_toGrassland,DE6,128.63068609547955
2043,Agri04_toGrassland,DE7,1522.132477521436
2043,Agri04_toGrassland,DE8,4407.578989270455
2043,Agri04_toGrassland,DE9,6155.983609437854
2043,Agri04_toGrassland,DEA,4600.351979955453
2043,Agri04_toGrassland,DEB,2767.454361361718
2043,Agri04_toGrassland,DEC,1789.9145453265676
2043,Agri04_toGrassland,DEE,3378.6850798588875
2043,Agri04_toGrassland,DED,2935.0860272566133
2043,Agri04_toGrassland,DEF,1416.4976297898702
2043,Agri04_toGrassland,DEG,1132.6036514470452
2043,Agri05_Agroforestry,DE1,721347.854
2043,Agri05_Agroforestry,DE2,948960.9017133327
2043,Agri05_Agroforestry,DE3,1307.8725000000002
2043,Agri05_Agroforestry,DE4,473584.88600000006
2043,Agri05_Agroforestry,DE5,10736.907666666668
2043,Agri05_Agroforestry,DE6,8691.746166666666
2043,Agri05_Agroforestry,DE7,163713.13457249216
2043,Agri05_Agroforestry,DE8,451053.7198333334
2043,Agri05_Agroforestry,DE9,902857.9565160795
2043,Agri05_Agroforestry,DEA,584425.7143333333
2043,Agri05_Agroforestry,DEB,343413.3161666667
2043,Agri05_Agroforestry,DEC,47840.52216666668
2043,Agri05_Agroforestry,DEE,237338.16800000003
2043,Agri05_Agroforestry,DED,264412.5466666667
2043,Agri05_Agroforestry,DEF,68909.97932002702
2043,Agri05_Agroforestry,DEG,55142.07171542791
2043,Agri06_Biochar,DE1,0.0
2043,Agri06_Biochar,DE2,0.0
2043,Agri06_Biochar,DE3,0.0
2043,Agri06_Biochar,DE4,0.0
2043,Agri06_Biochar,DE5,0.0
2043,Agri06_Biochar,DE6,0.0
2043,Agri06_Biochar,DE7,0.0
2043,Agri06_Biochar,DE8,0.0
2043,Agri06_Biochar,DE9,0.0
2043,Agri06_Biochar,DEA,0.0
2043,Agri06_Biochar,DEB,0.0
2043,Agri06_Biochar,DEC,0.0
2043,Agri06_Biochar,DEE,0.0
2043,Agri06_Biochar,DED,0.0
2043,Agri06_Biochar,DEF,0.0
2043,Agri06_Biochar,DEG,0.0
2044,Agri01_AGC,DE1,190030.39080000005
2044,Agri01_AGC,DE2,414340.10760000005
2044,Agri01_AGC,DE3,386.9196000000001
2044,Agri01_AGC,DE4,163848.46320000003
2044,Agri01_AGC,DE5,1243.9848000000002
2044,Agri01_AGC,DE6,2043.2963999999997
2044,Agri01_AGC,DE7,90232.3439038146
2044,Agri01_AGC,DE8,180764.90399999998
2044,Agri01_AGC,DE9,342134.7612
2044,Agri01_AGC,DEA,198556.98120000004
2044,Agri01_AGC,DEB,98796.60480000003
2044,Agri01_AGC,DEC,10505.2152
2044,Agri01_AGC,DEE,151528.5984
2044,Agri01_AGC,DED,112758.6408
2044,Agri01_AGC,DEF,82518.31994230345
2044,Agri01_AGC,DEG,65980.77439452779
2044,Agri02_OFC,DE1,130023.48752275007
2044,Agri02_OFC,DE2,196998.95492105634
2044,Agri02_OFC,DE3,73398.83343350184
2044,Agri02_OFC,DE4,127250.82889060907
2044,Agri02_OFC,DE5,34111.98631938735
2044,Agri02_OFC,DE6,3761.1257859391962
2044,Agri02_OFC,DE7,42686.98698226743
2044,Agri02_OFC,DE8,126438.91705343859
2044,Agri02_OFC,DE9,174621.50033227378
2044,Agri02_OFC,DEA,131751.360506431
2044,Agri02_OFC,DEB,79712.74087493855
2044,Agri02_OFC,DEC,52731.16981289029
2044,Agri02_OFC,DEE,96638.08667594503
2044,Agri02_OFC,DED,84365.56356918055
2044,Agri02_OFC,DEF,39037.6476635755
2044,Agri02_OFC,DEG,31214.089491695715
2044,Agri03_No-till,DE1,0.0
2044,Agri03_No-till,DE2,0.0
2044,Agri03_No-till,DE3,0.0
2044,Agri03_No-till,DE4,0.0
2044,Agri03_No-till,DE5,0.0
2044,Agri03_No-till,DE6,0.0
2044,Agri03_No-till,DE7,0.0
2044,Agri03_No-till,DE8,0.0
2044,Agri03_No-till,DE9,0.0
2044,Agri03_No-till,DEA,0.0
2044,Agri03_No-till,DEB,0.0
2044,Agri03_No-till,DEC,0.0
2044,Agri03_No-till,DEE,0.0
2044,Agri03_No-till,DED,0.0
2044,Agri03_No-till,DEF,0.0
2044,Agri03_No-till,DEG,0.0
2044,Agri04_toGrassland,DE1,4793.748092628094
2044,Agri04_toGrassland,DE2,7263.021338643197
2044,Agri04_toGrassland,DE3,2706.091987506587
2044,Agri04_toGrassland,DE4,4691.524815260542
2044,Agri04_toGrassland,DE5,1257.6517709979673
2044,Agri04_toGrassland,DE6,138.66640486262676
2044,Agri04_toGrassland,DE7,1573.7976755198229
2044,Agri04_toGrassland,DE8,4661.590986419523
2044,Agri04_toGrassland,DE9,6438.002087916836
2044,Agri04_toGrassland,DEA,4857.451873980483
2044,Agri04_toGrassland,DEB,2938.875174076026
2044,Agri04_toGrassland,DEC,1944.1098645224563
2044,Agri04_toGrassland,DEE,3562.8843103980275
2044,Agri04_toGrassland,DED,3110.4169496491263
2044,Agri04_toGrassland,DEF,1439.2526503737215
2044,Agri04_toGrassland,DEG,1150.8111712336429
2044,Agri05_Agroforestry,DE1,721347.854
2044,Agri05_Agroforestry,DE2,1018925.2306747535
2044,Agri05_Agroforestry,DE3,1307.8725000000002
2044,Agri05_Agroforestry,DE4,473584.88600000006
2044,Agri05_Agroforestry,DE5,10736.907666666668
2044,Agri05_Agroforestry,DE6,8691.746166666666
2044,Agri05_Agroforestry,DE7,174390.97870657739
2044,Agri05_Agroforestry,DE8,451053.7198333334
2044,Agri05_Agroforestry,DE9,971472.4867309397
2044,Agri05_Agroforestry,DEA,584425.7143333333
2044,Agri05_Agroforestry,DEB,343413.3161666667
2044,Agri05_Agroforestry,DEC,47840.52216666668
2044,Agri05_Agroforestry,DEE,237338.16800000003
2044,Agri05_Agroforestry,DED,264412.5466666667
2044,Agri05_Agroforestry,DEF,70033.02946789851
2044,Agri05_Agroforestry,DEG,56044.583297550664
2044,Agri06_Biochar,DE1,0.0
2044,Agri06_Biochar,DE2,0.0
2044,Agri06_Biochar,DE3,0.0
2044,Agri06_Biochar,DE4,0.0
2044,Agri06_Biochar,DE5,0.0
2044,Agri06_Biochar,DE6,0.0
2044,Agri06_Biochar,DE7,0.0
2044,Agri06_Biochar,DE8,0.0
2044,Agri06_Biochar,DE9,0.0
2044,Agri06_Biochar,DEA,0.0
2044,Agri06_Biochar,DEB,0.0
2044,Agri06_Biochar,DEC,0.0
2044,Agri06_Biochar,DEE,0.0
2044,Agri06_Biochar,DED,0.0
2044,Agri06_Biochar,DEF,0.0
2044,Agri06_Biochar,DEG,0.0
2045,Agri01_AGC,DE1,190030.39080000005
2045,Agri01_AGC,DE2,414340.10760000005
2045,Agri01_AGC,DE3,386.9196000000001
2045,Agri01_AGC,DE4,163848.46320000003
2045,Agri01_AGC,DE5,1243.9848000000002
2045,Agri01_AGC,DE6,2043.2963999999997
2045,Agri01_AGC,DE7,93125.17593253645
2045,Agri01_AGC,DE8,180764.90399999998
2045,Agri01_AGC,DE9,342134.7612
2045,Agri01_AGC,DEA,198556.98120000004
2045,Agri01_AGC,DEB,98796.60480000003
2045,Agri01_AGC,DEC,10505.2152
2045,Agri01_AGC,DEE,151528.5984
2045,Agri01_AGC,DED,112758.6408
2045,Agri01_AGC,DEF,83637.42709437247
2045,Agri01_AGC,DEG,66876.4012013566
2045,Agri02_OFC,DE1,137162.7080599211
2045,Agri02_OFC,DE2,205043.24934198824
2045,Agri02_OFC,DE3,79772.85594243978
2045,Agri02_OFC,DE4,134723.09123644623
2045,Agri02_OFC,DE5,37050.96670089212
2045,Agri02_OFC,DE6,4043.372828013712
2045,Agri02_OFC,DE7,44055.52378192731
2045,Agri02_OFC,DE8,133469.6183412175
2045,Agri02_OFC,DE9,182303.31761030722
2045,Agri02_OFC,DEA,138853.85157060166
2045,Agri02_OFC,DEB,84477.77632635432
2045,Agri02_OFC,DEC,57086.120436508936
2045,Agri02_OFC,DEE,101718.53331499187
2045,Agri02_OFC,DED,89229.01930741526
2045,Agri02_OFC,DEF,39567.07325938021
2045,Agri02_OFC,DEG,31637.791328420964
2045,Agri03_No-till,DE1,0.0
2045,Agri03_No-till,DE2,0.0
2045,Agri03_No-till,DE3,0.0
2045,Agri03_No-till,DE4,0.0
2045,Agri03_No-till,DE5,0.0
2045,Agri03_No-till,DE6,0.0
2045,Agri03_No-till,DE7,0.0
2045,Agri03_No-till,DE8,0.0
2045,Agri03_No-till,DE9,0.0
2045,Agri03_No-till,DEA,0.0
2045,Agri03_No-till,DEB,0.0
2045,Agri03_No-till,DEC,0.0
2045,Agri03_No-till,DEE,0.0
2045,Agri03_No-till,DED,0.0
2045,Agri03_No-till,DEF,0.0
2045,Agri03_No-till,DEG,0.0
2045,Agri04_toGrassland,DE1,5056.959189984076
2045,Agri04_toGrassland,DE2,7559.600993377761
2045,Agri04_toGrassland,DE3,2941.0915158744406
2045,Agri04_toGrassland,DE4,4967.014605993206
2045,Agri04_toGrassland,DE5,1366.0070525438862
2045,Agri04_toGrassland,DE6,149.0723803165454
2045,Agri04_toGrassland,DE7,1624.2533339400989
2045,Agri04_toGrassland,DE8,4920.8011609061205
2045,Agri04_toGrassland,DE9,6721.217817829073
2045,Agri04_toGrassland,DEA,5119.308817217903
2045,Agri04_toGrassland,DEB,3114.554045960868
2045,Agri04_toGrassland,DEC,2104.669596023341
2045,Agri04_toGrassland,DEE,3750.191864207245
2045,Agri04_toGrassland,DED,3289.724412577042
2045,Agri04_toGrassland,DEF,1458.7716848837997
2045,Agri04_toGrassland,DEG,1166.432347917504
2045,Agri05_Agroforestry,DE1,721347.854
2045,Agri05_Agroforestry,DE2,1091281.656246317
2045,Agri05_Agroforestry,DE3,1307.8725000000002
2045,Agri05_Agroforestry,DE4,473584.88600000006
2045,Agri05_Agroforestry,DE5,10736.907666666668
2045,Agri05_Agroforestry,DE6,8691.746166666666
2045,Agri05_Agroforestry,DE7,185365.47965410998
2045,Agri05_Agroforestry,DE8,451053.7198333334
2045,Agri05_Agroforestry,DE9,1042533.6699835741
2045,Agri05_Agroforestry,DEA,584425.7143333333
2045,Agri05_Agroforestry,DEB,343413.3161666667
2045,Agri05_Agroforestry,DEC,47840.52216666668
2045,Agri05_Agroforestry,DEE,237338.16800000003
2045,Agri05_Agroforestry,DED,264412.5466666667
2045,Agri05_Agroforestry,DEF,70999.99328997658
2045,Agri05_Agroforestry,DEG,56822.51406327269
2045,Agri06_Biochar,DE1,0.0
2045,Agri06_Biochar,DE2,0.0
2045,Agri06_Biochar,DE3,0.0
2045,Agri06_Biochar,DE4,0.0
2045,Agri06_Biochar,DE5,0.0
2045,Agri06_Biochar,DE6,0.0
2045,Agri06_Biochar,DE7,0.0
2045,Agri06_Biochar,DE8,0.0
2045,Agri06_Biochar,DE9,0.0
2045,Agri06_Biochar,DEA,0.0
2045,Agri06_Biochar,DEB,0.0
2045,Agri06_Biochar,DEC,0.0
2045,Agri06_Biochar,DEE,0.0
2045,Agri06_Biochar,DED,0.0
2045,Agri06_Biochar,DEF,0.0
2045,Agri06_Biochar,DEG,0.0
2046,Agri01_AGC,DE1,190030.39080000005
2046,Agri01_AGC,DE2,414340.10760000005
2046,Agri01_AGC,DE3,386.9196000000001
2046,Agri01_AGC,DE4,163848.46320000003
2046,Agri01_AGC,DE5,1243.9848000000002
2046,Agri01_AGC,DE6,2043.2963999999997
2046,Agri01_AGC,DE7,95948.66004387669
2046,Agri01_AGC,DE8,180764.90399999998
2046,Agri01_AGC,DE9,342134.7612
2046,Agri01_AGC,DEA,198556.98120000004
2046,Agri01_AGC,DEB,98796.60480000003
2046,Agri01_AGC,DEC,10505.2152
2046,Agri01_AGC,DEE,151528.5984
2046,Agri01_AGC,DED,112758.6408
2046,Agri01_AGC,DEF,84571.00175213265
2046,Agri01_AGC,DEG,67623.74223808327
2046,Agri02_OFC,DE1,144439.65461498997
2046,Agri02_OFC,DE2,213074.42413352453
2046,Agri02_OFC,DE3,86412.13747398107
2046,Agri02_OFC,DE4,142368.96514031498
2046,Agri02_OFC,DE5,40111.35889185264
2046,Agri02_OFC,DE6,4335.662547501059
2046,Agri02_OFC,DE7,45391.25356895242
2046,Agri02_OFC,DE8,140641.3126751739
2046,Agri02_OFC,DE9,190017.60860280908
2046,Agri02_OFC,DEA,146085.3707182179
2046,Agri02_OFC,DEB,89358.30547763355
2046,Agri02_OFC,DEC,61613.696543974096
2046,Agri02_OFC,DEE,106883.28872957599
2046,Agri02_OFC,DED,94200.33295947817
2046,Agri02_OFC,DEF,40008.727410637366
2046,Agri02_OFC,DEG,31991.342347111917
2046,Agri03_No-till,DE1,0.0
2046,Agri03_No-till,DE2,0.0
2046,Agri03_No-till,DE3,0.0
2046,Agri03_No-till,DE4,0.0
2046,Agri03_No-till,DE5,0.0
2046,Agri03_No-till,DE6,0.0
2046,Agri03_No-till,DE7,0.0
2046,Agri03_No-till,DE8,0.0
2046,Agri03_No-till,DE9,0.0
2046,Agri03_No-till,DEA,0.0
2046,Agri03_No-till,DEB,0.0
2046,Agri03_No-till,DEC,0.0
2046,Agri03_No-till,DEE,0.0
2046,Agri03_No-till,DED,0.0
2046,Agri03_No-till,DEF,0.0
2046,Agri03_No-till,DEG,0.0
2046,Agri04_toGrassland,DE1,5325.2480148197765
2046,Agri04_toGrassland,DE2,7855.69694936228
2046,Agri04_toGrassland,DE3,3185.8706998867
2046,Agri04_toGrassland,DE4,5248.905163933614
2046,Agri04_toGrassland,DE5,1478.8385840434853
2046,Agri04_toGrassland,DE6,159.84861245723545
2046,Agri04_toGrassland,DE7,1673.4994527822644
2046,Agri04_toGrassland,DE8,5185.209512730247
2046,Agri04_toGrassland,DE9,7005.630799174565
2046,Agri04_toGrassland,DEA,5385.922809667717
2046,Agri04_toGrassland,DEB,3294.490977016244
2046,Agri04_toGrassland,DEC,2271.5937398292217
2046,Agri04_toGrassland,DEE,3940.60774128654
2046,Agri04_toGrassland,DED,3473.008416040361
2046,Agri04_toGrassland,DEF,1475.0547333201052
2046,Agri04_toGrassland,DEG,1179.4671814986286
2046,Agri05_Agroforestry,DE1,721347.854
2046,Agri05_Agroforestry,DE2,1166030.1784280231
2046,Agri05_Agroforestry,DE3,1307.8725000000002
2046,Agri05_Agroforestry,DE4,473584.88600000006
2046,Agri05_Agroforestry,DE5,10736.907666666668
2046,Agri05_Agroforestry,DE6,8691.746166666666
2046,Agri05_Agroforestry,DE7,196636.63741508994
2046,Agri05_Agroforestry,DE8,451053.7198333334
2046,Agri05_Agroforestry,DE9,1065398.209
2046,Agri05_Agroforestry,DEA,584425.7143333333
2046,Agri05_Agroforestry,DEB,343413.3161666667
2046,Agri05_Agroforestry,DEC,47840.52216666668
2046,Agri05_Agroforestry,DEE,237338.16800000003
2046,Agri05_Agroforestry,DED,264412.5466666667
2046,Agri05_Agroforestry,DEF,71810.87078626124
2046,Agri05_Agroforestry,DEG,57475.86401259397
2046,Agri06_Biochar,DE1,0.0
2046,Agri06_Biochar,DE2,0.0
2046,Agri06_Biochar,DE3,0.0
2046,Agri06_Biochar,DE4,0.0
2046,Agri06_Biochar,DE5,0.0
2046,Agri06_Biochar,DE6,0.0
2046,Agri06_Biochar,DE7,0.0
2046,Agri06_Biochar,DE8,0.0
2046,Agri06_Biochar,DE9,0.0
2046,Agri06_Biochar,DEA,0.0
2046,Agri06_Biochar,DEB,0.0
2046,Agri06_Biochar,DEC,0.0
2046,Agri06_Biochar,DEE,0.0
2046,Agri06_Biochar,DED,0.0
2046,Agri06_Biochar,DEF,0.0
2046,Agri06_Biochar,DEG,0.0
2047,Agri01_AGC,DE1,190030.39080000005
2047,Agri01_AGC,DE2,414340.10760000005
2047,Agri01_AGC,DE3,386.9196000000001
2047,Agri01_AGC,DE4,163848.46320000003
2047,Agri01_AGC,DE5,1243.9848000000002
2047,Agri01_AGC,DE6,2043.2963999999997
2047,Agri01_AGC,DE7,98702.79623783528
2047,Agri01_AGC,DE8,180764.90399999998
2047,Agri01_AGC,DE9,342134.7612
2047,Agri01_AGC,DEA,198556.98120000004
2047,Agri01_AGC,DEB,98796.60480000003
2047,Agri01_AGC,DEC,10505.2152
2047,Agri01_AGC,DEE,151528.5984
2047,Agri01_AGC,DED,112758.6408
2047,Agri01_AGC,DEF,85319.043915584
2047,Agri01_AGC,DEG,68222.79750470782
2047,Agri02_OFC,DE1,151854.32718795666
2047,Agri02_OFC,DE2,221092.47929566517
2047,Agri02_OFC,DE3,93316.67802812572
2047,Agri02_OFC,DE4,150188.45060221534
2047,Agri02_OFC,DE5,43293.16289226891
2047,Agri02_OFC,DE6,4637.994944401236
2047,Agri02_OFC,DE7,46694.17634334277
2047,Agri02_OFC,DE8,147954.0000553078
2047,Agri02_OFC,DE9,197764.37330977936
2047,Agri02_OFC,DEA,153445.91794927968
2047,Agri02_OFC,DEB,94354.32832877625
2047,Agri02_OFC,DEC,66313.89813528578
2047,Agri02_OFC,DEE,112132.35291969735
2047,Agri02_OFC,DED,99279.50452536925
2047,Agri02_OFC,DEF,40362.610117346994
2047,Agri02_OFC,DEG,32274.742547768565
2047,Agri03_No-till,DE1,0.0
2047,Agri03_No-till,DE2,0.0
2047,Agri03_No-till,DE3,0.0
2047,Agri03_No-till,DE4,0.0
2047,Agri03_No-till,DE5,0.0
2047,Agri03_No-till,DE6,0.0
2047,Agri03_No-till,DE7,0.0
2047,Agri03_No-till,DE8,0.0
2047,Agri03_No-till,DE9,0.0
2047,Agri03_No-till,DEA,0.0
2047,Agri03_No-till,DEB,0.0
2047,Agri03_No-till,DEC,0.0
2047,Agri03_No-till,DEE,0.0
2047,Agri03_No-till,DED,0.0
2047,Agri03_No-till,DEF,0.0
2047,Agri03_No-till,DEG,0.0
2047,Agri04_toGrassland,DE1,5598.614567135195
2047,Agri04_toGrassland,DE2,8151.309206596754
2047,Agri04_toGrassland,DE3,3440.429539543366
2047,Agri04_toGrassland,DE4,5537.196489081767
2047,Agri04_toGrassland,DE5,1596.1463654967647
2047,Agri04_toGrassland,DE6,170.99510128469686
2047,Agri04_toGrassland,DE7,1721.5360320463194
2047,Agri04_toGrassland,DE8,5454.816041891903
2047,Agri04_toGrassland,DE9,7291.2410319533155
2047,Agri04_toGrassland,DEA,5657.293851329922
2047,Agri04_toGrassland,DEB,3478.685967242154
2047,Agri04_toGrassland,DEC,2444.882295940098
2047,Agri04_toGrassland,DEE,4134.131941635913
2047,Agri04_toGrassland,DED,3660.268960039083
2047,Agri04_toGrassland,DEF,1488.101795682638
2047,Agri04_toGrassland,DEG,1189.9156719770165
2047,Agri05_Agroforestry,DE1,721347.854
2047,Agri05_Agroforestry,DE2,1243170.7972198715
2047,Agri05_Agroforestry,DE3,1307.8725000000002
2047,Agri05_Agroforestry,DE4,473584.88600000006
2047,Agri05_Agroforestry,DE5,10736.907666666668
2047,Agri05_Agroforestry,DE6,8691.746166666666
2047,Agri05_Agroforestry,DE7,208204.45198951723
2047,Agri05_Agroforestry,DE8,451053.7198333334
2047,Agri05_Agroforestry,DE9,1065398.209
2047,Agri05_Agroforestry,DEA,584425.7143333333
2047,Agri05_Agroforestry,DEB,343413.3161666667
2047,Agri05_Agroforestry,DEC,47840.52216666668
2047,Agri05_Agroforestry,DEE,237338.16800000003
2047,Agri05_Agroforestry,DED,264412.5466666667
2047,Agri05_Agroforestry,DEF,72465.66195675248
2047,Agri05_Agroforestry,DEG,58004.63314551451
2047,Agri06_Biochar,DE1,0.0
2047,Agri06_Biochar,DE2,0.0
2047,Agri06_Biochar,DE3,0.0
2047,Agri06_Biochar,DE4,0.0
2047,Agri06_Biochar,DE5,0.0
2047,Agri06_Biochar,DE6,0.0
2047,Agri06_Biochar,DE7,0.0
2047,Agri06_Biochar,DE8,0.0
2047,Agri06_Biochar,DE9,0.0
2047,Agri06_Biochar,DEA,0.0
2047,Agri06_Biochar,DEB,0.0
2047,Agri06_Biochar,DEC,0.0
2047,Agri06_Biochar,DEE,0.0
2047,Agri06_Biochar,DED,0.0
2047,Agri06_Biochar,DEF,0.0
2047,Agri06_Biochar,DEG,0.0
2048,Agri01_AGC,DE1,190030.39080000005
2048,Agri01_AGC,DE2,414340.10760000005
2048,Agri01_AGC,DE3,386.9196000000001
2048,Agri01_AGC,DE4,163848.46320000003
2048,Agri01_AGC,DE5,1243.9848000000002
2048,Agri01_AGC,DE6,2043.2963999999997
2048,Agri01_AGC,DE7,101387.58451441224
2048,Agri01_AGC,DE8,180764.90399999998
2048,Agri01_AGC,DE9,342134.7612
2048,Agri01_AGC,DEA,198556.98120000004
2048,Agri01_AGC,DEB,98796.60480000003
2048,Agri01_AGC,DEC,10505.2152
2048,Agri01_AGC,DEE,151528.5984
2048,Agri01_AGC,DED,112758.6408
2048,Agri01_AGC,DEF,85881.55358472654
2048,Agri01_AGC,DEG,68673.56700123024
2048,Agri02_OFC,DE1,159406.72577882124
2048,Agri02_OFC,DE2,229097.4148284102
2048,Agri02_OFC,DE3,100486.47760487374
2048,Agri02_OFC,DE4,158181.54762214734
2048,Agri02_OFC,DE5,46596.37870214095
2048,Agri02_OFC,DE6,4950.370018714245
2048,Agri02_OFC,DE7,47964.29210509834
2048,Agri02_OFC,DE8,155407.68048161926
2048,Agri02_OFC,DE9,205543.61173121806
2048,Agri02_OFC,DEA,160935.49326378704
2048,Agri02_OFC,DEB,99465.84487978241
2048,Agri02_OFC,DEC,71186.725210444
2048,Agri02_OFC,DEE,117465.72588535599
2048,Agri02_OFC,DED,104466.5340050885
2048,Agri02_OFC,DEF,40628.72137950908
2048,Agri02_OFC,DEG,32487.99193039092
2048,Agri03_No-till,DE1,0.0
2048,Agri03_No-till,DE2,0.0
2048,Agri03_No-till,DE3,0.0
2048,Agri03_No-till,DE4,0.0
2048,Agri03_No-till,DE5,0.0
2048,Agri03_No-till,DE6,0.0
2048,Agri03_No-till,DE7,0.0
2048,Agri03_No-till,DE8,0.0
2048,Agri03_No-till,DE9,0.0
2048,Agri03_No-till,DEA,0.0
2048,Agri03_No-till,DEB,0.0
2048,Agri03_No-till,DEC,0.0
2048,Agri03_No-till,DEE,0.0
2048,Agri03_No-till,DED,0.0
2048,Agri03_No-till,DEF,0.0
2048,Agri03_No-till,DEG,0.0
2048,Agri04_toGrassland,DE1,5877.058846930332
2048,Agri04_toGrassland,DE2,8446.437765081182
2048,Agri04_toGrassland,DE3,3704.7680348444383
2048,Agri04_toGrassland,DE4,5831.888581437665
2048,Agri04_toGrassland,DE5,1717.9303969037244
2048,Agri04_toGrassland,DE6,182.5118467989297
2048,Agri04_toGrassland,DE7,1768.3630717322635
2048,Agri04_toGrassland,DE8,5729.620748391089
2048,Agri04_toGrassland,DE9,7578.0485161653205
2048,Agri04_toGrassland,DEA,5933.42194220452
2048,Agri04_toGrassland,DEB,3667.1390166385977
2048,Agri04_toGrassland,DEC,2624.5352643559704
2048,Agri04_toGrassland,DEE,4330.764465255362
2048,Agri04_toGrassland,DED,3851.5060445732083
2048,Agri04_toGrassland,DEF,1497.912871971398
2048,Agri04_toGrassland,DEG,1197.7778193526678
2048,Agri05_Agroforestry,DE1,721347.854
2048,Agri05_Agroforestry,DE2,1322703.5126218628
2048,Agri05_Agroforestry,DE3,1307.8725000000002
2048,Agri05_Agroforestry,DE4,473584.88600000006
2048,Agri05_Agroforestry,DE5,10736.907666666668
2048,Agri05_Agroforestry,DE6,8691.746166666666
2048,Agri05_Agroforestry,DE7,220068.92337739188
2048,Agri05_Agroforestry,DE8,451053.7198333334
2048,Agri05_Agroforestry,DE9,1065398.209
2048,Agri05_Agroforestry,DEA,584425.7143333333
2048,Agri05_Agroforestry,DEB,343413.3161666667
2048,Agri05_Agroforestry,DEC,47840.52216666668
2048,Agri05_Agroforestry,DEE,237338.16800000003
2048,Agri05_Agroforestry,DED,264412.5466666667
2048,Agri05_Agroforestry,DEF,72964.36680145029
2048,Agri05_Agroforestry,DEG,58408.8214620343
2048,Agri06_Biochar,DE1,0.0
2048,Agri06_Biochar,DE2,0.0
2048,Agri06_Biochar,DE3,0.0
2048,Agri06_Biochar,DE4,0.0
2048,Agri06_Biochar,DE5,0.0
2048,Agri06_Biochar,DE6,0.0
2048,Agri06_Biochar,DE7,0.0
2048,Agri06_Biochar,DE8,0.0
2048,Agri06_Biochar,DE9,0.0
2048,Agri06_Biochar,DEA,0.0
2048,Agri06_Biochar,DEB,0.0
2048,Agri06_Biochar,DEC,0.0
2048,Agri06_Biochar,DEE,0.0
2048,Agri06_Biochar,DED,0.0
2048,Agri06_Biochar,DEF,0.0
2048,Agri06_Biochar,DEG,0.0
2049,Agri01_AGC,DE1,190030.39080000005
2049,Agri01_AGC,DE2,414340.10760000005
2049,Agri01_AGC,DE3,386.9196000000001
2049,Agri01_AGC,DE4,163848.46320000003
2049,Agri01_AGC,DE5,1243.9848000000002
2049,Agri01_AGC,DE6,2043.2963999999997
2049,Agri01_AGC,DE7,104003.02487360757
2049,Agri01_AGC,DE8,180764.90399999998
2049,Agri01_AGC,DE9,342134.7612
2049,Agri01_AGC,DEA,198556.98120000004
2049,Agri01_AGC,DEB,98796.60480000003
2049,Agri01_AGC,DEC,10505.2152
2049,Agri01_AGC,DEE,151528.5984
2049,Agri01_AGC,DED,112758.6408
2049,Agri01_AGC,DEF,86258.53075956025
2049,Agri01_AGC,DEG,68976.05072765055
2049,Agri02_OFC,DE1,167096.85038758363
2049,Agri02_OFC,DE2,237089.23073175957
2049,Agri02_OFC,DE3,107921.5362042251
2049,Agri02_OFC,DE4,166348.25620011092
2049,Agri02_OFC,DE5,50021.00632146874
2049,Agri02_OFC,DE6,5272.7877704400835
2049,Agri02_OFC,DE7,49201.600854219156
2049,Agri02_OFC,DE8,163002.35395410823
2049,Agri02_OFC,DE9,213355.3238671252
2049,Agri02_OFC,DEA,168554.09666173995
2049,Agri02_OFC,DEB,104692.85513065204
2049,Agri02_OFC,DEC,76232.17776944872
2049,Agri02_OFC,DEE,122883.40762655191
2049,Agri02_OFC,DED,109761.42139863594
2049,Agri02_OFC,DEF,40807.061197123614
2049,Agri02_OFC,DEG,32631.09049497897
2049,Agri03_No-till,DE1,0.0
2049,Agri03_No-till,DE2,0.0
2049,Agri03_No-till,DE3,0.0
2049,Agri03_No-till,DE4,0.0
2049,Agri03_No-till,DE5,0.0
2049,Agri03_No-till,DE6,0.0
2049,Agri03_No-till,DE7,0.0
2049,Agri03_No-till,DE8,0.0
2049,Agri03_No-till,DE9,0.0
2049,Agri03_No-till,DEA,0.0
2049,Agri03_No-till,DEB,0.0
2049,Agri03_No-till,DEC,0.0
2049,Agri03_No-till,DEE,0.0
2049,Agri03_No-till,DED,0.0
2049,Agri03_No-till,DEF,0.0
2049,Agri03_No-till,DEG,0.0
2049,Agri04_toGrassland,DE1,6160.580854205186
2049,Agri04_toGrassland,DE2,8741.082624815564
2049,Agri04_toGrassland,DE3,3978.8861857899174
2049,Agri04_toGrassland,DE4,6132.981441001308
2049,Agri04_toGrassland,DE5,1844.1906782643644
2049,Agri04_toGrassland,DE6,194.39884899993393
2049,Agri04_toGrassland,DE7,1813.9805718400971
2049,Agri04_toGrassland,DE8,6009.623632227805
2049,Agri04_toGrassland,DE9,7866.053251810582
2049,Agri04_toGrassland,DEA,6214.30708229151
2049,Agri04_toGrassland,DEB,3859.8501252055758
2049,Agri04_toGrassland,DEC,2810.552645076839
2049,Agri04_toGrassland,DEE,4530.505312144888
2049,Agri04_toGrassland,DED,4046.719669642736
2049,Agri04_toGrassland,DEF,1504.4879621863852
2049,Agri04_toGrassland,DEG,1203.0536236255825
2049,Agri05_Agroforestry,DE1,721347.854
2049,Agri05_Agroforestry,DE2,1404628.3246339965
2049,Agri05_Agroforestry,DE3,1307.8725000000002
2049,Agri05_Agroforestry,DE4,473584.88600000006
2049,Agri05_Agroforestry,DE5,10736.907666666668
2049,Agri05_Agroforestry,DE6,8691.746166666666
2049,Agri05_Agroforestry,DE7,232230.05157871384
2049,Agri05_Agroforestry,DE8,451053.7198333334
2049,Agri05_Agroforestry,DE9,1065398.209
2049,Agri05_Agroforestry,DEA,584425.7143333333
2049,Agri05_Agroforestry,DEB,343413.3161666667
2049,Agri05_Agroforestry,DEC,47840.52216666668
2049,Agri05_Agroforestry,DEE,237338.16800000003
2049,Agri05_Agroforestry,DED,264412.5466666667
2049,Agri05_Agroforestry,DEF,73306.9853203547
2049,Agri05_Agroforestry,DEG,58688.42896215336
2049,Agri06_Biochar,DE1,0.0
2049,Agri06_Biochar,DE2,0.0
2049,Agri06_Biochar,DE3,0.0
2049,Agri06_Biochar,DE4,0.0
2049,Agri06_Biochar,DE5,0.0
2049,Agri06_Biochar,DE6,0.0
2049,Agri06_Biochar,DE7,0.0
2049,Agri06_Biochar,DE8,0.0
2049,Agri06_Biochar,DE9,0.0
2049,Agri06_Biochar,DEA,0.0
2049,Agri06_Biochar,DEB,0.0
2049,Agri06_Biochar,DEC,0.0
2049,Agri06_Biochar,DEE,0.0
2049,Agri06_Biochar,DED,0.0
2049,Agri06_Biochar,DEF,0.0
2049,Agri06_Biochar,DEG,0.0
2050,Agri01_AGC,DE1,190030.39080000005
2050,Agri01_AGC,DE2,414340.10760000005
2050,Agri01_AGC,DE3,386.9196000000001
2050,Agri01_AGC,DE4,163848.46320000003
2050,Agri01_AGC,DE5,1243.9848000000002
2050,Agri01_AGC,DE6,2043.2963999999997
2050,Agri01_AGC,DE7,106549.11731542126
2050,Agri01_AGC,DE8,180764.90399999998
2050,Agri01_AGC,DE9,342134.7612
2050,Agri01_AGC,DEA,198556.98120000004
2050,Agri01_AGC,DEB,98796.60480000003
2050,Agri01_AGC,DEC,10505.2152
2050,Agri01_AGC,DEE,151528.5984
2050,Agri01_AGC,DED,112758.6408
2050,Agri01_AGC,DEF,86449.97544008512
2050,Agri01_AGC,DEG,69130.24868396875
2050,Agri02_OFC,DE1,174924.70101424388
2050,Agri02_OFC,DE2,245067.9270057133
2050,Agri02_OFC,DE3,115621.85382617985
2050,Agri02_OFC,DE4,174688.5763361061
2050,Agri02_OFC,DE5,53567.04575025229
2050,Agri02_OFC,DE6,5605.248199578753
2050,Agri02_OFC,DE7,50406.1025907052
2050,Agri02_OFC,DE8,170738.02047277472
2050,Agri02_OFC,DE9,221199.50971750077
2050,Agri02_OFC,DEA,176301.7281431384
2050,Agri02_OFC,DEB,110035.35908138513
2050,Agri02_OFC,DEC,81450.25581229999
2050,Agri02_OFC,DEE,128385.39814328507
2050,Agri02_OFC,DED,115164.16670601154
2050,Agri02_OFC,DEF,40897.62957019061
2050,Agri02_OFC,DEG,32704.038241532726
2050,Agri03_No-till,DE1,0.0
2050,Agri03_No-till,DE2,0.0
2050,Agri03_No-till,DE3,0.0
2050,Agri03_No-till,DE4,0.0
2050,Agri03_No-till,DE5,0.0
2050,Agri03_No-till,DE6,0.0
2050,Agri03_No-till,DE7,0.0
2050,Agri03_No-till,DE8,0.0
2050,Agri03_No-till,DE9,0.0
2050,Agri03_No-till,DEA,0.0
2050,Agri03_No-till,DEB,0.0
2050,Agri03_No-till,DEC,0.0
2050,Agri03_No-till,DEE,0.0
2050,Agri03_No-till,DED,0.0
2050,Agri03_No-till,DEF,0.0
2050,Agri03_No-till,DEG,0.0
2050,Agri04_toGrassland,DE1,6449.180588959759
2050,Agri04_toGrassland,DE2,9035.243785799901
2050,Agri04_toGrassland,DE3,4262.783992379803
2050,Agri04_toGrassland,DE4,6440.475067772695
2050,Agri04_toGrassland,DE5,1974.9272095786844
2050,Agri04_toGrassland,DE6,206.65610788770957
2050,Agri04_toGrassland,DE7,1858.38853236982
2050,Agri04_toGrassland,DE8,6294.824693402048
2050,Agri04_toGrassland,DE9,8155.2552388891
2050,Agri04_toGrassland,DEA,6499.949271590891
2050,Agri04_toGrassland,DEB,4056.8192929430875
2050,Agri04_toGrassland,DEC,3002.934438102703
2050,Agri04_toGrassland,DEE,4733.354482304493
2050,Agri04_toGrassland,DED,4245.909835247666
2050,Agri04_toGrassland,DEF,1507.8270663275996
2050,Agri04_toGrassland,DEG,1205.7430847957608
2050,Agri05_Agroforestry,DE1,721347.854
2050,Agri05_Agroforestry,DE2,1488945.2332562727
2050,Agri05_Agroforestry,DE3,1307.8725000000002
2050,Agri05_Agroforestry,DE4,473584.88600000006
2050,Agri05_Agroforestry,DE5,10736.907666666668
2050,Agri05_Agroforestry,DE6,8691.746166666666
2050,Agri05_Agroforestry,DE7,244687.83659348317
2050,Agri05_Agroforestry,DE8,451053.7198333334
2050,Agri05_Agroforestry,DE9,1065398.209
2050,Agri05_Agroforestry,DEA,584425.7143333333
2050,Agri05_Agroforestry,DEB,343413.3161666667
2050,Agri05_Agroforestry,DEC,47840.52216666668
2050,Agri05_Agroforestry,DEE,237338.16800000003
2050,Agri05_Agroforestry,DED,264412.5466666667
2050,Agri05_Agroforestry,DEF,73493.51751346569
2050,Agri05_Agroforestry,DEG,58843.455645871676
2050,Agri06_Biochar,DE1,0.0
2050,Agri06_Biochar,DE2,0.0
2050,Agri06_Biochar,DE3,0.0
2050,Agri06_Biochar,DE4,0.0
2050,Agri06_Biochar,DE5,0.0
2050,Agri06_Biochar,DE6,0.0
2050,Agri06_Biochar,DE7,0.0
2050,Agri06_Biochar,DE8,0.0
2050,Agri06_Biochar,DE9,0.0
2050,Agri06_Biochar,DEA,0.0
2050,Agri06_Biochar,DEB,0.0
2050,Agri06_Biochar,DEC,0.0
2050,Agri06_Biochar,DEE,0.0
2050,Agri06_Biochar,DED,0.0
2050,Agri06_Biochar,DEF,0.0
2050,Agri06_Biochar,DEG,0.0
