Year,Technology,Region,Agri_Growth
2020,Agri01_AGC,DE1,6753.27606248047
2020,Agri01_AGC,DE2,14724.76648919601
2020,Agri01_AGC,DE3,13.75029994825711
2020,Agri01_AGC,DE4,5822.826021377482
2020,Agri01_AGC,DE5,44.20857493668615
2020,Agri01_AGC,DE6,72.61440977193693
2020,Agri01_AGC,DE7,3797.65170490088
2020,Agri01_AGC,DE8,6424.000361103187
2020,Agri01_AGC,DE9,12158.741995043203
2020,Agri01_AGC,DEA,7056.292956780808
2020,Agri01_AGC,DEB,3511.0212816032536
2020,Agri01_AGC,DEC,373.33301290756475
2020,Agri01_AGC,DEE,5385.004219840483
2020,Agri01_AGC,DED,4007.2023561426754
2020,Agri01_AGC,DEF,4643.239179567323
2020,Agri01_AGC,DEG,3712.0710743997743
2020,Agri02_OFC,DE1,4792.245134528339
2020,Agri02_OFC,DE2,10448.956908033933
2020,Agri02_OFC,DE3,9.757458071562578
2020,Agri02_OFC,DE4,4131.981191348186
2020,Agri02_OFC,DE5,31.371193208256074
2020,Agri02_OFC,DE6,51.52848020822607
2020,Agri02_OFC,DE7,2694.881378617879
2020,Agri02_OFC,DE8,4558.585224398128
2020,Agri02_OFC,DE9,8628.060163488937
2020,Agri02_OFC,DEA,5007.271326846814
2020,Agri02_OFC,DEB,2491.483318365723
2020,Agri02_OFC,DEC,264.923764127591
2020,Agri02_OFC,DEE,3821.2950326906252
2020,Agri02_OFC,DED,2843.582257948124
2020,Agri02_OFC,DEF,3294.9253311821367
2020,Agri02_OFC,DEG,2634.151836935534
2020,Agri03_No-till,DE1,403.9061288324307
2020,Agri03_No-till,DE2,880.6723397041436
2020,Agri03_No-till,DE3,0.8223905510454412
2020,Agri03_No-till,DE4,348.25691936773603
2020,Agri03_No-till,DE5,2.644066997805624
2020,Agri03_No-till,DE6,4.342989221391642
2020,Agri03_No-till,DE7,227.13343636318
2020,Agri03_No-till,DE8,384.2125056736237
2020,Agri03_No-till,DE9,727.201193206724
2020,Agri03_No-till,DEA,422.0292411730687
2020,Agri03_No-till,DEB,209.9903811099016
2020,Agri03_No-till,DEC,22.328643256063906
2020,Agri03_No-till,DEE,322.0712714923703
2020,Agri03_No-till,DED,239.66643391197277
2020,Agri03_No-till,DEF,277.70710761870805
2020,Agri03_No-till,DEG,222.01495151983363
2020,Agri04_toGrassland,DE1,45.59536704604648
2020,Agri04_toGrassland,DE2,99.41562088246988
2020,Agri04_toGrassland,DE3,0.09283642003281871
2020,Agri04_toGrassland,DE4,39.31334766025561
2020,Agri04_toGrassland,DE5,0.29847827664259435
2020,Agri04_toGrassland,DE6,0.4902628940016124
2020,Agri04_toGrassland,DE7,25.640196224171547
2020,Agri04_toGrassland,DE8,43.372231737384574
2020,Agri04_toGrassland,DE9,82.09086952067385
2020,Agri04_toGrassland,DEA,47.64121359355195
2020,Agri04_toGrassland,DEB,23.704984449041074
2020,Agri04_toGrassland,DEC,2.5205923164459785
2020,Agri04_toGrassland,DEE,36.35735333140708
2020,Agri04_toGrassland,DED,27.054996799434626
2020,Agri04_toGrassland,DEF,31.349258155040527
2020,Agri04_toGrassland,DEG,25.06239069339975
2020,Agri05_Agroforestry,DE1,495.52700789665613
2020,Agri05_Agroforestry,DE2,1080.4414646849557
2020,Agri05_Agroforestry,DE3,1.0089392063944072
2020,Agri05_Agroforestry,DE4,427.25449532655153
2020,Agri05_Agroforestry,DE5,3.243839383889328
2020,Agri05_Agroforestry,DE6,5.328140131036391
2020,Agri05_Agroforestry,DE7,278.65571745514734
2020,Agri05_Agroforestry,DE8,471.3661411459154
2020,Agri05_Agroforestry,DE9,892.1573744133611
2020,Agri05_Agroforestry,DEA,517.7611137714325
2020,Agri05_Agroforestry,DEB,257.6239819367483
2020,Agri05_Agroforestry,DEC,27.393607061752522
2020,Agri05_Agroforestry,DEE,395.1289720545373
2020,Agri05_Agroforestry,DED,294.0316633297046
2020,Agri05_Agroforestry,DEF,340.7013716472329
2020,Agri05_Agroforestry,DEG,272.37617055468405
2020,Agri06_Biochar,DE1,2870.500780697644
2020,Agri06_Biochar,DE2,6258.807327254866
2020,Agri06_Biochar,DE3,5.844607324078713
2020,Agri06_Biochar,DE4,2475.010126284017
2020,Agri06_Biochar,DE5,18.790990875423713
2020,Agri06_Biochar,DE6,30.864978421107804
2020,Agri06_Biochar,DE7,1614.203548452561
2020,Agri06_Biochar,DE8,2730.541130133457
2020,Agri06_Biochar,DE9,5168.1107163644365
2020,Agri06_Biochar,DEA,2999.2990444745606
2020,Agri06_Biochar,DEB,1492.37040462202
2020,Agri06_Biochar,DEC,158.6863464630456
2020,Agri06_Biochar,DEE,2288.912621681666
2020,Agri06_Biochar,DED,1703.2736978763562
2020,Agri06_Biochar,DEF,1973.623107748149
2020,Agri06_Biochar,DEG,1577.82723799328
2021,Agri01_AGC,DE1,6995.882031535784
2021,Agri01_AGC,DE2,14701.65611069414
2021,Agri01_AGC,DE3,481.00712775464564
2021,Agri01_AGC,DE4,6128.644783281289
2021,Agri01_AGC,DE5,258.07687765360777
2021,Agri01_AGC,DE6,90.30470186661437
2021,Agri01_AGC,DE7,3739.8617737495188
2021,Agri01_AGC,DE8,6672.3612381549565
2021,Agri01_AGC,DE9,12215.944817630305
2021,Agri01_AGC,DEA,7283.577413976656
2021,Agri01_AGC,DEB,3714.464766014036
2021,Agri01_AGC,DEC,677.4147937609916
2021,Agri01_AGC,DEE,5533.515100364566
2021,Agri01_AGC,DED,4197.195315381339
2021,Agri01_AGC,DEF,4488.628767643303
2021,Agri01_AGC,DEG,3588.4995993146727
2021,Agri02_OFC,DE1,4964.402656900648
2021,Agri02_OFC,DE2,10432.55737128939
2021,Agri02_OFC,DE3,341.33123632576473
2021,Agri02_OFC,DE4,4348.995638887696
2021,Agri02_OFC,DE5,183.13595502795187
2021,Agri02_OFC,DE6,64.08182697426437
2021,Agri02_OFC,DE7,2653.8726128244193
2021,Agri02_OFC,DE8,4734.826532120023
2021,Agri02_OFC,DE9,8668.652306574473
2021,Agri02_OFC,DEA,5168.556431153754
2021,Agri02_OFC,DEB,2635.8504431950555
2021,Agri02_OFC,DEC,480.70561893574563
2021,Agri02_OFC,DEE,3926.681002112206
2021,Agri02_OFC,DED,2978.404650233344
2021,Agri02_OFC,DEF,3185.2110254977097
2021,Agri02_OFC,DEG,2546.4633143926603
2021,Agri03_No-till,DE1,418.41612914726767
2021,Agri03_No-till,DE2,879.2901329899234
2021,Agri03_No-till,DE3,28.768515475261925
2021,Agri03_No-till,DE4,366.5476083758682
2021,Agri03_No-till,DE5,15.435298606161638
2021,Agri03_No-till,DE6,5.401026436480948
2021,Agri03_No-till,DE7,223.6770831561018
2021,Agri03_No-till,DE8,399.06670080429956
2021,Agri03_No-till,DE9,730.6224320862966
2021,Agri03_No-till,DEA,435.6228784537631
2021,Agri03_No-till,DEB,222.15811562338723
2021,Agri03_No-till,DEC,40.51544530838032
2021,Agri03_No-till,DEE,330.9535464485559
2021,Agri03_No-till,DED,251.02970707917694
2021,Agri03_No-till,DEF,268.46002629408036
2021,Agri03_No-till,DEG,214.62427539850174
2021,Agri04_toGrassland,DE1,47.23334365240721
2021,Agri04_toGrassland,DE2,99.25958902761649
2021,Agri04_toGrassland,DE3,3.2475640472606653
2021,Agri04_toGrassland,DE4,41.378111275657105
2021,Agri04_toGrassland,DE5,1.7424298746039761
2021,Agri04_toGrassland,DE6,0.6097005348956128
2021,Agri04_toGrassland,DE7,25.250022166716498
2021,Agri04_toGrassland,DE8,45.049063136587606
2021,Agri04_toGrassland,DE9,82.4770796604339
2021,Agri04_toGrassland,DEA,49.1757455975494
2021,Agri04_toGrassland,DEB,25.078551923406863
2021,Agri04_toGrassland,DEC,4.57362854386402
2021,Agri04_toGrassland,DEE,37.36003825723848
2021,Agri04_toGrassland,DED,28.337751810854904
2021,Agri04_toGrassland,DEF,30.305391679629945
2021,Agri04_toGrassland,DEG,24.228086466710526
2021,Agri05_Agroforestry,DE1,687.9468029725962
2021,Agri05_Agroforestry,DE2,1253.3641112012858
2021,Agri05_Agroforestry,DE3,209.9126699053432
2021,Agri05_Agroforestry,DE4,636.3334135000867
2021,Agri05_Agroforestry,DE5,99.33308934645218
2021,Agri05_Agroforestry,DE6,14.134404268867165
2021,Agri05_Agroforestry,DE7,300.100788306763
2021,Agri05_Agroforestry,DE8,662.2590002465458
2021,Agri05_Agroforestry,DE9,1069.0238590717436
2021,Agri05_Agroforestry,DEA,707.1074737845457
2021,Agri05_Agroforestry,DEB,392.19999063816783
2021,Agri05_Agroforestry,DEC,167.87883430108215
2021,Agri05_Agroforestry,DEE,528.4868377630464
2021,Agri05_Agroforestry,DED,428.773928661251
2021,Agri05_Agroforestry,DEF,329.4180227946968
2021,Agri05_Agroforestry,DEG,263.3703284052329
2021,Agri06_Biochar,DE1,6750.89288893456
2021,Agri06_Biochar,DE2,10026.255883939875
2021,Agri06_Biochar,DE3,3981.725254673447
2021,Agri06_Biochar,DE4,6642.300664146789
2021,Agri06_Biochar,DE5,1848.7995612718
2021,Agri06_Biochar,DE6,200.7990603958528
2021,Agri06_Biochar,DE7,2145.2566995637058
2021,Agri06_Biochar,DE8,6571.2149535604085
2021,Agri06_Biochar,DE9,8927.532220250356
2021,Agri06_Biochar,DEA,6831.014270756808
2021,Agri06_Biochar,DEB,4167.023914769621
2021,Agri06_Biochar,DEC,2844.2056409153756
2021,Agri06_Biochar,DEE,5001.057421397318
2021,Agri06_Biochar,DED,4397.155551099556
2021,Agri06_Biochar,DEF,1909.231778018842
2021,Agri06_Biochar,DEG,1526.6291039224686
2022,Agri01_AGC,DE1,7238.488000591099
2022,Agri01_AGC,DE2,14678.545732192271
2022,Agri01_AGC,DE3,948.2639555610341
2022,Agri01_AGC,DE4,6434.463545185095
2022,Agri01_AGC,DE5,471.94518037052944
2022,Agri01_AGC,DE6,107.99499396129178
2022,Agri01_AGC,DE7,3682.0718425981577
2022,Agri01_AGC,DE8,6920.722115206726
2022,Agri01_AGC,DE9,12273.147640217407
2022,Agri01_AGC,DEA,7510.861871172505
2022,Agri01_AGC,DEB,3917.9082504248177
2022,Agri01_AGC,DEC,981.4965746144185
2022,Agri01_AGC,DEE,5682.02598088865
2022,Agri01_AGC,DED,4387.188274620003
2022,Agri01_AGC,DEF,4334.018355719283
2022,Agri01_AGC,DEG,3464.9281242295706
2022,Agri02_OFC,DE1,5136.5601792729585
2022,Agri02_OFC,DE2,10416.157834544847
2022,Agri02_OFC,DE3,672.905014579967
2022,Agri02_OFC,DE4,4566.010086427207
2022,Agri02_OFC,DE5,334.9007168476477
2022,Agri02_OFC,DE6,76.63517374030266
2022,Agri02_OFC,DE7,2612.8638470309597
2022,Agri02_OFC,DE8,4911.0678398419195
2022,Agri02_OFC,DE9,8709.244449660007
2022,Agri02_OFC,DEA,5329.841535460693
2022,Agri02_OFC,DEB,2780.217568024388
2022,Agri02_OFC,DEC,696.4874737439003
2022,Agri02_OFC,DEE,4032.0669715337867
2022,Agri02_OFC,DED,3113.2270425185643
2022,Agri02_OFC,DEF,3075.496719813282
2022,Agri02_OFC,DEG,2458.774791849786
2022,Agri03_No-till,DE1,432.92612946210465
2022,Agri03_No-till,DE2,877.9079262757034
2022,Agri03_No-till,DE3,56.71464039947841
2022,Agri03_No-till,DE4,384.8382973840003
2022,Agri03_No-till,DE5,28.226530214517652
2022,Agri03_No-till,DE6,6.459063651570254
2022,Agri03_No-till,DE7,220.22072994902356
2022,Agri03_No-till,DE8,413.9208959349755
2022,Agri03_No-till,DE9,734.0436709658691
2022,Agri03_No-till,DEA,449.21651573445746
2022,Agri03_No-till,DEB,234.32585013687284
2022,Agri03_No-till,DEC,58.702247360696745
2022,Agri03_No-till,DEE,339.8358214047415
2022,Agri03_No-till,DED,262.3929802463811
2022,Agri03_No-till,DEF,259.2129449694527
2022,Agri03_No-till,DEG,207.23359927716987
2022,Agri04_toGrassland,DE1,48.87132025876793
2022,Agri04_toGrassland,DE2,99.1035571727631
2022,Agri04_toGrassland,DE3,6.402291674488511
2022,Agri04_toGrassland,DE4,43.44287489105861
2022,Agri04_toGrassland,DE5,3.186381472565358
2022,Agri04_toGrassland,DE6,0.7291381757896134
2022,Agri04_toGrassland,DE7,24.85984810926145
2022,Agri04_toGrassland,DE8,46.72589453579063
2022,Agri04_toGrassland,DE9,82.86328980019395
2022,Agri04_toGrassland,DEA,50.71027760154685
2022,Agri04_toGrassland,DEB,26.452119397772655
2022,Agri04_toGrassland,DEC,6.62666477128206
2022,Agri04_toGrassland,DEE,38.36272318306987
2022,Agri04_toGrassland,DED,29.620506822275182
2022,Agri04_toGrassland,DEF,29.261525204219364
2022,Agri04_toGrassland,DEG,23.393782240021306
2022,Agri05_Agroforestry,DE1,880.3665980485362
2022,Agri05_Agroforestry,DE2,1426.2867577176157
2022,Agri05_Agroforestry,DE3,418.81640060429197
2022,Agri05_Agroforestry,DE4,845.412331673622
2022,Agri05_Agroforestry,DE5,195.42233930901506
2022,Agri05_Agroforestry,DE6,22.94066840669794
2022,Agri05_Agroforestry,DE7,321.5458591583786
2022,Agri05_Agroforestry,DE8,853.1518593471765
2022,Agri05_Agroforestry,DE9,1245.8903437301258
2022,Agri05_Agroforestry,DEA,896.453833797659
2022,Agri05_Agroforestry,DEB,526.7759993395873
2022,Agri05_Agroforestry,DEC,308.36406154041174
2022,Agri05_Agroforestry,DEE,661.8447034715555
2022,Agri05_Agroforestry,DED,563.5161939927973
2022,Agri05_Agroforestry,DEF,318.1346739421607
2022,Agri05_Agroforestry,DEG,254.36448625578177
2022,Agri06_Biochar,DE1,10631.284997171475
2022,Agri06_Biochar,DE2,13793.704440624882
2022,Agri06_Biochar,DE3,7957.605902022815
2022,Agri06_Biochar,DE4,10809.59120200956
2022,Agri06_Biochar,DE5,3678.8081316681764
2022,Agri06_Biochar,DE6,370.7331423705978
2022,Agri06_Biochar,DE7,2676.30985067485
2022,Agri06_Biochar,DE8,10411.88877698736
2022,Agri06_Biochar,DE9,12686.953724136274
2022,Agri06_Biochar,DEA,10662.729497039056
2022,Agri06_Biochar,DEB,6841.677424917222
2022,Agri06_Biochar,DEC,5529.724935367706
2022,Agri06_Biochar,DEE,7713.20222111297
2022,Agri06_Biochar,DED,7091.037404322755
2022,Agri06_Biochar,DEF,1844.840448289535
2022,Agri06_Biochar,DEG,1475.4309698516572
2023,Agri01_AGC,DE1,7481.093969646414
2023,Agri01_AGC,DE2,14655.4353536904
2023,Agri01_AGC,DE3,1415.5207833674228
2023,Agri01_AGC,DE4,6740.282307088903
2023,Agri01_AGC,DE5,685.813483087451
2023,Agri01_AGC,DE6,125.68528605596921
2023,Agri01_AGC,DE7,3624.2819114467966
2023,Agri01_AGC,DE8,7169.082992258494
2023,Agri01_AGC,DE9,12330.350462804508
2023,Agri01_AGC,DEA,7738.146328368353
2023,Agri01_AGC,DEB,4121.3517348356
2023,Agri01_AGC,DEC,1285.5783554678453
2023,Agri01_AGC,DEE,5830.536861412734
2023,Agri01_AGC,DED,4577.181233858667
2023,Agri01_AGC,DEF,4179.407943795262
2023,Agri01_AGC,DEG,3341.356649144469
2023,Agri02_OFC,DE1,5308.717701645268
2023,Agri02_OFC,DE2,10399.758297800303
2023,Agri02_OFC,DE3,1004.4787928341693
2023,Agri02_OFC,DE4,4783.024533966717
2023,Agri02_OFC,DE5,486.66547866734345
2023,Agri02_OFC,DE6,89.18852050634095
2023,Agri02_OFC,DE7,2571.8550812375006
2023,Agri02_OFC,DE8,5087.309147563815
2023,Agri02_OFC,DE9,8749.836592745543
2023,Agri02_OFC,DEA,5491.126639767633
2023,Agri02_OFC,DEB,2924.584692853721
2023,Agri02_OFC,DEC,912.269328552055
2023,Agri02_OFC,DEE,4137.452940955367
2023,Agri02_OFC,DED,3248.049434803784
2023,Agri02_OFC,DEF,2965.7824141288547
2023,Agri02_OFC,DEG,2371.0862693069125
2023,Agri03_No-till,DE1,447.4361297769416
2023,Agri03_No-till,DE2,876.5257195614832
2023,Agri03_No-till,DE3,84.6607653236949
2023,Agri03_No-till,DE4,403.1289863921325
2023,Agri03_No-till,DE5,41.017761822873666
2023,Agri03_No-till,DE6,7.517100866659561
2023,Agri03_No-till,DE7,216.76437674194534
2023,Agri03_No-till,DE8,428.77509106565134
2023,Agri03_No-till,DE9,737.4649098454416
2023,Agri03_No-till,DEA,462.81015301515185
2023,Agri03_No-till,DEB,246.49358465035849
2023,Agri03_No-till,DEC,76.88904941301317
2023,Agri03_No-till,DEE,348.7180963609272
2023,Agri03_No-till,DED,273.7562534135852
2023,Agri03_No-till,DEF,249.96586364482496
2023,Agri03_No-till,DEG,199.84292315583798
2023,Agri04_toGrassland,DE1,50.509296865128654
2023,Agri04_toGrassland,DE2,98.94752531790971
2023,Agri04_toGrassland,DE3,9.557019301716357
2023,Agri04_toGrassland,DE4,45.50763850646011
2023,Agri04_toGrassland,DE5,4.63033307052674
2023,Agri04_toGrassland,DE6,0.8485758166836138
2023,Agri04_toGrassland,DE7,24.469674051806397
2023,Agri04_toGrassland,DE8,48.402725934993654
2023,Agri04_toGrassland,DE9,83.249499939954
2023,Agri04_toGrassland,DEA,52.2448096055443
2023,Agri04_toGrassland,DEB,27.825686872138444
2023,Agri04_toGrassland,DEC,8.6797009987001
2023,Agri04_toGrassland,DEE,39.36540810890126
2023,Agri04_toGrassland,DED,30.90326183369546
2023,Agri04_toGrassland,DEF,28.217658728808782
2023,Agri04_toGrassland,DEG,22.559478013332082
2023,Agri05_Agroforestry,DE1,1072.7863931244763
2023,Agri05_Agroforestry,DE2,1599.2094042339459
2023,Agri05_Agroforestry,DE3,627.7201313032407
2023,Agri05_Agroforestry,DE4,1054.4912498471572
2023,Agri05_Agroforestry,DE5,291.5115892715779
2023,Agri05_Agroforestry,DE6,31.74693254452872
2023,Agri05_Agroforestry,DE7,342.99093000999426
2023,Agri05_Agroforestry,DE8,1044.0447184478069
2023,Agri05_Agroforestry,DE9,1422.756828388508
2023,Agri05_Agroforestry,DEA,1085.8001938107723
2023,Agri05_Agroforestry,DEB,661.3520080410068
2023,Agri05_Agroforestry,DEC,448.8492887797414
2023,Agri05_Agroforestry,DEE,795.2025691800646
2023,Agri05_Agroforestry,DED,698.2584593243437
2023,Agri05_Agroforestry,DEF,306.8513250896246
2023,Agri05_Agroforestry,DEG,245.35864410633064
2023,Agri06_Biochar,DE1,14511.677105408391
2023,Agri06_Biochar,DE2,17561.15299730989
2023,Agri06_Biochar,DE3,11933.486549372183
2023,Agri06_Biochar,DE4,14976.881739872333
2023,Agri06_Biochar,DE5,5508.816702064552
2023,Agri06_Biochar,DE6,540.6672243453428
2023,Agri06_Biochar,DE7,3207.3630017859946
2023,Agri06_Biochar,DE8,14252.562600414312
2023,Agri06_Biochar,DE9,16446.375228022192
2023,Agri06_Biochar,DEA,14494.444723321305
2023,Agri06_Biochar,DEB,9516.330935064823
2023,Agri06_Biochar,DEC,8215.244229820037
2023,Agri06_Biochar,DEE,10425.347020828622
2023,Agri06_Biochar,DED,9784.919257545955
2023,Agri06_Biochar,DEF,1780.449118560228
2023,Agri06_Biochar,DEG,1424.232835780846
2024,Agri01_AGC,DE1,7723.699938701729
2024,Agri01_AGC,DE2,14632.32497518853
2024,Agri01_AGC,DE3,1882.7776111738112
2024,Agri01_AGC,DE4,7046.10106899271
2024,Agri01_AGC,DE5,899.6817858043728
2024,Agri01_AGC,DE6,143.37557815064665
2024,Agri01_AGC,DE7,3566.4919802954355
2024,Agri01_AGC,DE8,7417.443869310264
2024,Agri01_AGC,DE9,12387.553285391612
2024,Agri01_AGC,DEA,7965.430785564202
2024,Agri01_AGC,DEB,4324.795219246382
2024,Agri01_AGC,DEC,1589.6601363212721
2024,Agri01_AGC,DEE,5979.047741936817
2024,Agri01_AGC,DED,4767.17419309733
2024,Agri01_AGC,DEF,4024.7975318712424
2024,Agri01_AGC,DEG,3217.785174059367
2024,Agri02_OFC,DE1,5480.875224017577
2024,Agri02_OFC,DE2,10383.358761055759
2024,Agri02_OFC,DE3,1336.0525710883712
2024,Agri02_OFC,DE4,5000.038981506228
2024,Agri02_OFC,DE5,638.4302404870392
2024,Agri02_OFC,DE6,101.74186727237925
2024,Agri02_OFC,DE7,2530.846315444041
2024,Agri02_OFC,DE8,5263.55045528571
2024,Agri02_OFC,DE9,8790.428735831078
2024,Agri02_OFC,DEA,5652.411744074572
2024,Agri02_OFC,DEB,3068.9518176830534
2024,Agri02_OFC,DEC,1128.0511833602095
2024,Agri02_OFC,DEE,4242.838910376948
2024,Agri02_OFC,DED,3382.871827089004
2024,Agri02_OFC,DEF,2856.0681084444277
2024,Agri02_OFC,DEG,2283.397746764039
2024,Agri03_No-till,DE1,461.9461300917786
2024,Agri03_No-till,DE2,875.1435128472631
2024,Agri03_No-till,DE3,112.60689024791138
2024,Agri03_No-till,DE4,421.4196754002646
2024,Agri03_No-till,DE5,53.80899343122968
2024,Agri03_No-till,DE6,8.575138081748868
2024,Agri03_No-till,DE7,213.30802353486712
2024,Agri03_No-till,DE8,443.6292861963272
2024,Agri03_No-till,DE9,740.8861487250142
2024,Agri03_No-till,DEA,476.40379029584625
2024,Agri03_No-till,DEB,258.6613191638441
2024,Agri03_No-till,DEC,95.07585146532958
2024,Agri03_No-till,DEE,357.60037131711283
2024,Agri03_No-till,DED,285.1195265807894
2024,Agri03_No-till,DEF,240.71878232019725
2024,Agri03_No-till,DEG,192.4522470345061
2024,Agri04_toGrassland,DE1,52.14727347148938
2024,Agri04_toGrassland,DE2,98.79149346305633
2024,Agri04_toGrassland,DE3,12.711746928944205
2024,Agri04_toGrassland,DE4,47.57240212186161
2024,Agri04_toGrassland,DE5,6.074284668488121
2024,Agri04_toGrassland,DE6,0.9680134575776143
2024,Agri04_toGrassland,DE7,24.079499994351348
2024,Agri04_toGrassland,DE8,50.079557334196686
2024,Agri04_toGrassland,DE9,83.63571007971406
2024,Agri04_toGrassland,DEA,53.779341609541746
2024,Agri04_toGrassland,DEB,29.199254346504233
2024,Agri04_toGrassland,DEC,10.732737226118143
2024,Agri04_toGrassland,DEE,40.36809303473265
2024,Agri04_toGrassland,DED,32.18601684511574
2024,Agri04_toGrassland,DEF,27.1737922533982
2024,Agri04_toGrassland,DEG,21.72517378664286
2024,Agri05_Agroforestry,DE1,1265.2061882004164
2024,Agri05_Agroforestry,DE2,1772.132050750276
2024,Agri05_Agroforestry,DE3,836.6238620021895
2024,Agri05_Agroforestry,DE4,1263.5701680206926
2024,Agri05_Agroforestry,DE5,387.6008392341408
2024,Agri05_Agroforestry,DE6,40.55319668235949
2024,Agri05_Agroforestry,DE7,364.43600086160984
2024,Agri05_Agroforestry,DE8,1234.9375775484375
2024,Agri05_Agroforestry,DE9,1599.6233130468904
2024,Agri05_Agroforestry,DEA,1275.1465538238854
2024,Agri05_Agroforestry,DEB,795.9280167424263
2024,Agri05_Agroforestry,DEC,589.334516019071
2024,Agri05_Agroforestry,DEE,928.5604348885738
2024,Agri05_Agroforestry,DED,833.00072465589
2024,Agri05_Agroforestry,DEF,295.5679762370885
2024,Agri05_Agroforestry,DEG,236.3528019568795
2024,Agri06_Biochar,DE1,18392.069213645307
2024,Agri06_Biochar,DE2,21328.6015539949
2024,Agri06_Biochar,DE3,15909.367196721552
2024,Agri06_Biochar,DE4,19144.172277735106
2024,Agri06_Biochar,DE5,7338.825272460929
2024,Agri06_Biochar,DE6,710.6013063200878
2024,Agri06_Biochar,DE7,3738.416152897139
2024,Agri06_Biochar,DE8,18093.236423841263
2024,Agri06_Biochar,DE9,20205.79673190811
2024,Agri06_Biochar,DEA,18326.159949603552
2024,Agri06_Biochar,DEB,12190.984445212423
2024,Agri06_Biochar,DEC,10900.763524272366
2024,Agri06_Biochar,DEE,13137.491820544272
2024,Agri06_Biochar,DED,12478.801110769155
2024,Agri06_Biochar,DEF,1716.057788830921
2024,Agri06_Biochar,DEG,1373.0347017100346
2025,Agri01_AGC,DE1,7966.305907757043
2025,Agri01_AGC,DE2,14609.214596686661
2025,Agri01_AGC,DE3,2350.0344389802
2025,Agri01_AGC,DE4,7351.919830896517
2025,Agri01_AGC,DE5,1113.5500885212944
2025,Agri01_AGC,DE6,161.06587024532408
2025,Agri01_AGC,DE7,3508.7020491440744
2025,Agri01_AGC,DE8,7665.804746362033
2025,Agri01_AGC,DE9,12444.756107978714
2025,Agri01_AGC,DEA,8192.71524276005
2025,Agri01_AGC,DEB,4528.238703657164
2025,Agri01_AGC,DEC,1893.741917174699
2025,Agri01_AGC,DEE,6127.558622460901
2025,Agri01_AGC,DED,4957.167152335995
2025,Agri01_AGC,DEF,3870.1871199472225
2025,Agri01_AGC,DEG,3094.2136989742653
2025,Agri02_OFC,DE1,5653.0327463898875
2025,Agri02_OFC,DE2,10366.959224311217
2025,Agri02_OFC,DE3,1667.6263493425733
2025,Agri02_OFC,DE4,5217.053429045738
2025,Agri02_OFC,DE5,790.1950023067351
2025,Agri02_OFC,DE6,114.29521403841756
2025,Agri02_OFC,DE7,2489.8375496505814
2025,Agri02_OFC,DE8,5439.791763007606
2025,Agri02_OFC,DE9,8831.020878916614
2025,Agri02_OFC,DEA,5813.696848381511
2025,Agri02_OFC,DEB,3213.3189425123865
2025,Agri02_OFC,DEC,1343.8330381683643
2025,Agri02_OFC,DEE,4348.2248797985285
2025,Agri02_OFC,DED,3517.6942193742243
2025,Agri02_OFC,DEF,2746.3538027600007
2025,Agri02_OFC,DEG,2195.7092242211647
2025,Agri03_No-till,DE1,476.45613040661556
2025,Agri03_No-till,DE2,873.761306133043
2025,Agri03_No-till,DE3,140.55301517212786
2025,Agri03_No-till,DE4,439.7103644083968
2025,Agri03_No-till,DE5,66.6002250395857
2025,Agri03_No-till,DE6,9.633175296838173
2025,Agri03_No-till,DE7,209.8516703277889
2025,Agri03_No-till,DE8,458.4834813270031
2025,Agri03_No-till,DE9,744.3073876045867
2025,Agri03_No-till,DEA,489.99742757654064
2025,Agri03_No-till,DEB,270.82905367732974
2025,Agri03_No-till,DEC,113.26265351764602
2025,Agri03_No-till,DEE,366.4826462732984
2025,Agri03_No-till,DED,296.48279974799357
2025,Agri03_No-till,DEF,231.47170099556956
2025,Agri03_No-till,DEG,185.06157091317422
2025,Agri04_toGrassland,DE1,53.78525007785011
2025,Agri04_toGrassland,DE2,98.63546160820293
2025,Agri04_toGrassland,DE3,15.86647455617205
2025,Agri04_toGrassland,DE4,49.6371657372631
2025,Agri04_toGrassland,DE5,7.518236266449503
2025,Agri04_toGrassland,DE6,1.0874510984716148
2025,Agri04_toGrassland,DE7,23.6893259368963
2025,Agri04_toGrassland,DE8,51.75638873339972
2025,Agri04_toGrassland,DE9,84.02192021947411
2025,Agri04_toGrassland,DEA,55.313873613539194
2025,Agri04_toGrassland,DEB,30.572821820870026
2025,Agri04_toGrassland,DEC,12.78577345353618
2025,Agri04_toGrassland,DEE,41.37077796056405
2025,Agri04_toGrassland,DED,33.468771856536016
2025,Agri04_toGrassland,DEF,26.12992577798762
2025,Agri04_toGrassland,DEG,20.89086955995364
2025,Agri05_Agroforestry,DE1,1457.6259832763565
2025,Agri05_Agroforestry,DE2,1945.0546972666061
2025,Agri05_Agroforestry,DE3,1045.5275927011382
2025,Agri05_Agroforestry,DE4,1472.6490861942277
2025,Agri05_Agroforestry,DE5,483.6900891967036
2025,Agri05_Agroforestry,DE6,49.35946082019027
2025,Agri05_Agroforestry,DE7,385.8810717132255
2025,Agri05_Agroforestry,DE8,1425.830436649068
2025,Agri05_Agroforestry,DE9,1776.4897977052726
2025,Agri05_Agroforestry,DEA,1464.492913836999
2025,Agri05_Agroforestry,DEB,930.5040254438459
2025,Agri05_Agroforestry,DEC,729.8197432584005
2025,Agri05_Agroforestry,DEE,1061.9183005970829
2025,Agri05_Agroforestry,DED,967.7429899874364
2025,Agri05_Agroforestry,DEF,284.28462738455244
2025,Agri05_Agroforestry,DEG,227.34695980742836
2025,Agri06_Biochar,DE1,22272.461321882223
2025,Agri06_Biochar,DE2,25096.050110679906
2025,Agri06_Biochar,DE3,19885.24784407092
2025,Agri06_Biochar,DE4,23311.462815597875
2025,Agri06_Biochar,DE5,9168.833842857306
2025,Agri06_Biochar,DE6,880.5353882948328
2025,Agri06_Biochar,DE7,4269.469304008284
2025,Agri06_Biochar,DE8,21933.910247268217
2025,Agri06_Biochar,DE9,23965.218235794033
2025,Agri06_Biochar,DEA,22157.875175885798
2025,Agri06_Biochar,DEB,14865.637955360024
2025,Agri06_Biochar,DEC,13586.282818724696
2025,Agri06_Biochar,DEE,15849.636620259924
2025,Agri06_Biochar,DED,15172.682963992356
2025,Agri06_Biochar,DEF,1651.666459101614
2025,Agri06_Biochar,DEG,1321.8365676392232
2026,Agri01_AGC,DE1,8208.911876812359
2026,Agri01_AGC,DE2,14586.104218184792
2026,Agri01_AGC,DE3,2817.2912667865885
2026,Agri01_AGC,DE4,7657.738592800324
2026,Agri01_AGC,DE5,1327.418391238216
2026,Agri01_AGC,DE6,178.75616234000148
2026,Agri01_AGC,DE7,3450.9121179927133
2026,Agri01_AGC,DE8,7914.165623413803
2026,Agri01_AGC,DE9,12501.958930565816
2026,Agri01_AGC,DEA,8419.999699955899
2026,Agri01_AGC,DEB,4731.682188067946
2026,Agri01_AGC,DEC,2197.823698028126
2026,Agri01_AGC,DEE,6276.069502984985
2026,Agri01_AGC,DED,5147.160111574658
2026,Agri01_AGC,DEF,3715.5767080232026
2026,Agri01_AGC,DEG,2970.6422238891637
2026,Agri02_OFC,DE1,5825.190268762197
2026,Agri02_OFC,DE2,10350.559687566672
2026,Agri02_OFC,DE3,1999.200127596776
2026,Agri02_OFC,DE4,5434.067876585249
2026,Agri02_OFC,DE5,941.9597641264309
2026,Agri02_OFC,DE6,126.84856080445584
2026,Agri02_OFC,DE7,2448.828783857122
2026,Agri02_OFC,DE8,5616.033070729502
2026,Agri02_OFC,DE9,8871.61302200215
2026,Agri02_OFC,DEA,5974.98195268845
2026,Agri02_OFC,DEB,3357.686067341719
2026,Agri02_OFC,DEC,1559.6148929765188
2026,Agri02_OFC,DEE,4453.610849220109
2026,Agri02_OFC,DED,3652.516611659444
2026,Agri02_OFC,DEF,2636.639497075573
2026,Agri02_OFC,DEG,2108.020701678291
2026,Agri03_No-till,DE1,490.96613072145254
2026,Agri03_No-till,DE2,872.3790994188229
2026,Agri03_No-till,DE3,168.49914009634435
2026,Agri03_No-till,DE4,458.0010534165289
2026,Agri03_No-till,DE5,79.39145664794171
2026,Agri03_No-till,DE6,10.691212511927478
2026,Agri03_No-till,DE7,206.39531712071067
2026,Agri03_No-till,DE8,473.337676457679
2026,Agri03_No-till,DE9,747.7286264841592
2026,Agri03_No-till,DEA,503.591064857235
2026,Agri03_No-till,DEB,282.9967881908154
2026,Agri03_No-till,DEC,131.44945556996242
2026,Agri03_No-till,DEE,375.3649212294841
2026,Agri03_No-till,DED,307.84607291519774
2026,Agri03_No-till,DEF,222.22461967094188
2026,Agri03_No-till,DEG,177.67089479184233
2026,Agri04_toGrassland,DE1,55.42322668421083
2026,Agri04_toGrassland,DE2,98.47942975334955
2026,Agri04_toGrassland,DE3,19.021202183399893
2026,Agri04_toGrassland,DE4,51.70192935266461
2026,Agri04_toGrassland,DE5,8.962187864410886
2026,Agri04_toGrassland,DE6,1.2068887393656151
2026,Agri04_toGrassland,DE7,23.29915187944125
2026,Agri04_toGrassland,DE8,53.43322013260274
2026,Agri04_toGrassland,DE9,84.40813035923416
2026,Agri04_toGrassland,DEA,56.84840561753664
2026,Agri04_toGrassland,DEB,31.946389295235814
2026,Agri04_toGrassland,DEC,14.838809680954224
2026,Agri04_toGrassland,DEE,42.37346288639544
2026,Agri04_toGrassland,DED,34.751526867956294
2026,Agri04_toGrassland,DEF,25.086059302577038
2026,Agri04_toGrassland,DEG,20.056565333264416
2026,Agri05_Agroforestry,DE1,1650.0457783522966
2026,Agri05_Agroforestry,DE2,2117.9773437829363
2026,Agri05_Agroforestry,DE3,1254.431323400087
2026,Agri05_Agroforestry,DE4,1681.7280043677629
2026,Agri05_Agroforestry,DE5,579.7793391592664
2026,Agri05_Agroforestry,DE6,58.165724958021045
2026,Agri05_Agroforestry,DE7,407.3261425648411
2026,Agri05_Agroforestry,DE8,1616.7232957496985
2026,Agri05_Agroforestry,DE9,1953.356282363655
2026,Agri05_Agroforestry,DEA,1653.839273850112
2026,Agri05_Agroforestry,DEB,1065.0800341452652
2026,Agri05_Agroforestry,DEC,870.3049704977303
2026,Agri05_Agroforestry,DEE,1195.276166305592
2026,Agri05_Agroforestry,DED,1102.4852553189828
2026,Agri05_Agroforestry,DEF,273.00127853201633
2026,Agri05_Agroforestry,DEG,218.34111765797724
2026,Agri06_Biochar,DE1,26152.853430119136
2026,Agri06_Biochar,DE2,28863.49866736492
2026,Agri06_Biochar,DE3,23861.128491420284
2026,Agri06_Biochar,DE4,27478.753353460652
2026,Agri06_Biochar,DE5,10998.842413253682
2026,Agri06_Biochar,DE6,1050.4694702695776
2026,Agri06_Biochar,DE7,4800.522455119428
2026,Agri06_Biochar,DE8,25774.584070695168
2026,Agri06_Biochar,DE9,27724.63973967995
2026,Agri06_Biochar,DEA,25989.590402168047
2026,Agri06_Biochar,DEB,17540.291465507624
2026,Agri06_Biochar,DEC,16271.802113177027
2026,Agri06_Biochar,DEE,18561.781419975578
2026,Agri06_Biochar,DED,17866.564817215552
2026,Agri06_Biochar,DEF,1587.275129372307
2026,Agri06_Biochar,DEG,1270.6384335684118
2027,Agri01_AGC,DE1,8451.517845867673
2027,Agri01_AGC,DE2,14562.99383968292
2027,Agri01_AGC,DE3,3284.548094592977
2027,Agri01_AGC,DE4,7963.55735470413
2027,Agri01_AGC,DE5,1541.2866939551375
2027,Agri01_AGC,DE6,196.4464544346789
2027,Agri01_AGC,DE7,3393.1221868413522
2027,Agri01_AGC,DE8,8162.526500465571
2027,Agri01_AGC,DE9,12559.161753152917
2027,Agri01_AGC,DEA,8647.284157151747
2027,Agri01_AGC,DEB,4935.125672478728
2027,Agri01_AGC,DEC,2501.905478881553
2027,Agri01_AGC,DEE,6424.580383509068
2027,Agri01_AGC,DED,5337.153070813322
2027,Agri01_AGC,DEF,3560.9662960991823
2027,Agri01_AGC,DEG,2847.0707488040616
2027,Agri02_OFC,DE1,5997.347791134506
2027,Agri02_OFC,DE2,10334.160150822128
2027,Agri02_OFC,DE3,2330.7739058509783
2027,Agri02_OFC,DE4,5651.082324124759
2027,Agri02_OFC,DE5,1093.7245259461267
2027,Agri02_OFC,DE6,139.40190757049413
2027,Agri02_OFC,DE7,2407.8200180636622
2027,Agri02_OFC,DE8,5792.274378451397
2027,Agri02_OFC,DE9,8912.205165087684
2027,Agri02_OFC,DEA,6136.26705699539
2027,Agri02_OFC,DEB,3502.0531921710517
2027,Agri02_OFC,DEC,1775.3967477846736
2027,Agri02_OFC,DEE,4558.99681864169
2027,Agri02_OFC,DED,3787.339003944664
2027,Agri02_OFC,DEF,2526.9251913911457
2027,Agri02_OFC,DEG,2020.3321791354174
2027,Agri03_No-till,DE1,505.47613103628953
2027,Agri03_No-till,DE2,870.9968927046028
2027,Agri03_No-till,DE3,196.44526502056084
2027,Agri03_No-till,DE4,476.2917424246611
2027,Agri03_No-till,DE5,92.18268825629772
2027,Agri03_No-till,DE6,11.749249727016785
2027,Agri03_No-till,DE7,202.93896391363245
2027,Agri03_No-till,DE8,488.19187158835484
2027,Agri03_No-till,DE9,751.1498653637318
2027,Agri03_No-till,DEA,517.1847021379294
2027,Agri03_No-till,DEB,295.164522704301
2027,Agri03_No-till,DEC,149.63625762227883
2027,Agri03_No-till,DEE,384.24719618566974
2027,Agri03_No-till,DED,319.2093460824019
2027,Agri03_No-till,DEF,212.97753834631416
2027,Agri03_No-till,DEG,170.28021867051044
2027,Agri04_toGrassland,DE1,57.061203290571555
2027,Agri04_toGrassland,DE2,98.32339789849615
2027,Agri04_toGrassland,DE3,22.17592981062774
2027,Agri04_toGrassland,DE4,53.76669296806611
2027,Agri04_toGrassland,DE5,10.406139462372268
2027,Agri04_toGrassland,DE6,1.3263263802596157
2027,Agri04_toGrassland,DE7,22.9089778219862
2027,Agri04_toGrassland,DE8,55.110051531805766
2027,Agri04_toGrassland,DE9,84.79434049899422
2027,Agri04_toGrassland,DEA,58.3829376215341
2027,Agri04_toGrassland,DEB,33.3199567696016
2027,Agri04_toGrassland,DEC,16.891845908372265
2027,Agri04_toGrassland,DEE,43.37614781222683
2027,Agri04_toGrassland,DED,36.03428187937657
2027,Agri04_toGrassland,DEF,24.042192827166456
2027,Agri04_toGrassland,DEG,19.222261106575193
2027,Agri05_Agroforestry,DE1,1842.4655734282367
2027,Agri05_Agroforestry,DE2,2290.8999902992664
2027,Agri05_Agroforestry,DE3,1463.335054099036
2027,Agri05_Agroforestry,DE4,1890.806922541298
2027,Agri05_Agroforestry,DE5,675.8685891218294
2027,Agri05_Agroforestry,DE6,66.97198909585181
2027,Agri05_Agroforestry,DE7,428.77121341645676
2027,Agri05_Agroforestry,DE8,1807.6161548503292
2027,Agri05_Agroforestry,DE9,2130.2227670220373
2027,Agri05_Agroforestry,DEA,1843.1856338632253
2027,Agri05_Agroforestry,DEB,1199.6560428466848
2027,Agri05_Agroforestry,DEC,1010.7901977370599
2027,Agri05_Agroforestry,DEE,1328.6340320141012
2027,Agri05_Agroforestry,DED,1237.2275206505292
2027,Agri05_Agroforestry,DEF,261.7179296794802
2027,Agri05_Agroforestry,DEG,209.33527550852608
2027,Agri06_Biochar,DE1,30033.245538356052
2027,Agri06_Biochar,DE2,32630.947224049924
2027,Agri06_Biochar,DE3,27837.009138769656
2027,Agri06_Biochar,DE4,31646.04389132342
2027,Agri06_Biochar,DE5,12828.850983650058
2027,Agri06_Biochar,DE6,1220.4035522443228
2027,Agri06_Biochar,DE7,5331.575606230573
2027,Agri06_Biochar,DE8,29615.257894122118
2027,Agri06_Biochar,DE9,31484.061243565866
2027,Agri06_Biochar,DEA,29821.305628450293
2027,Agri06_Biochar,DEB,20214.944975655224
2027,Agri06_Biochar,DEC,18957.321407629355
2027,Agri06_Biochar,DEE,21273.926219691224
2027,Agri06_Biochar,DED,20560.446670438752
2027,Agri06_Biochar,DEF,1522.883799643
2027,Agri06_Biochar,DEG,1219.4402994976003
2028,Agri01_AGC,DE1,8694.123814922988
2028,Agri01_AGC,DE2,14539.88346118105
2028,Agri01_AGC,DE3,3751.8049223993653
2028,Agri01_AGC,DE4,8269.376116607938
2028,Agri01_AGC,DE5,1755.1549966720593
2028,Agri01_AGC,DE6,214.13674652935634
2028,Agri01_AGC,DE7,3335.332255689991
2028,Agri01_AGC,DE8,8410.887377517342
2028,Agri01_AGC,DE9,12616.364575740019
2028,Agri01_AGC,DEA,8874.568614347596
2028,Agri01_AGC,DEB,5138.569156889511
2028,Agri01_AGC,DEC,2805.9872597349795
2028,Agri01_AGC,DEE,6573.091264033152
2028,Agri01_AGC,DED,5527.146030051986
2028,Agri01_AGC,DEF,3406.3558841751624
2028,Agri01_AGC,DEG,2723.49927371896
2028,Agri02_OFC,DE1,6169.5053135068165
2028,Agri02_OFC,DE2,10317.760614077586
2028,Agri02_OFC,DE3,2662.34768410518
2028,Agri02_OFC,DE4,5868.09677166427
2028,Agri02_OFC,DE5,1245.4892877658224
2028,Agri02_OFC,DE6,151.95525433653245
2028,Agri02_OFC,DE7,2366.811252270203
2028,Agri02_OFC,DE8,5968.515686173293
2028,Agri02_OFC,DE9,8952.79730817322
2028,Agri02_OFC,DEA,6297.552161302329
2028,Agri02_OFC,DEB,3646.4203170003843
2028,Agri02_OFC,DEC,1991.1786025928282
2028,Agri02_OFC,DEE,4664.382788063271
2028,Agri02_OFC,DED,3922.1613962298843
2028,Agri02_OFC,DEF,2417.2108857067187
2028,Agri02_OFC,DEG,1932.6436565925433
2028,Agri03_No-till,DE1,519.9861313511265
2028,Agri03_No-till,DE2,869.6146859903827
2028,Agri03_No-till,DE3,224.3913899447773
2028,Agri03_No-till,DE4,494.5824314327932
2028,Agri03_No-till,DE5,104.97391986465374
2028,Agri03_No-till,DE6,12.807286942106092
2028,Agri03_No-till,DE7,199.48261070655423
2028,Agri03_No-till,DE8,503.04606671903076
2028,Agri03_No-till,DE9,754.5711042433044
2028,Agri03_No-till,DEA,530.7783394186238
2028,Agri03_No-till,DEB,307.3322572177866
2028,Agri03_No-till,DEC,167.82305967459527
2028,Agri03_No-till,DEE,393.12947114185533
2028,Agri03_No-till,DED,330.5726192496061
2028,Agri03_No-till,DEF,203.73045702168648
2028,Agri03_No-till,DEG,162.88954254917857
2028,Agri04_toGrassland,DE1,58.69917989693228
2028,Agri04_toGrassland,DE2,98.16736604364277
2028,Agri04_toGrassland,DE3,25.33065743785559
2028,Agri04_toGrassland,DE4,55.831456583467606
2028,Agri04_toGrassland,DE5,11.850091060333648
2028,Agri04_toGrassland,DE6,1.4457640211536162
2028,Agri04_toGrassland,DE7,22.51880376453115
2028,Agri04_toGrassland,DE8,56.7868829310088
2028,Agri04_toGrassland,DE9,85.18055063875427
2028,Agri04_toGrassland,DEA,59.91746962553154
2028,Agri04_toGrassland,DEB,34.693524243967396
2028,Agri04_toGrassland,DEC,18.944882135790305
2028,Agri04_toGrassland,DEE,44.37883273805822
2028,Agri04_toGrassland,DED,37.31703689079685
2028,Agri04_toGrassland,DEF,22.99832635175588
2028,Agri04_toGrassland,DEG,18.387956879885973
2028,Agri05_Agroforestry,DE1,2034.8853685041765
2028,Agri05_Agroforestry,DE2,2463.8226368155965
2028,Agri05_Agroforestry,DE3,1672.2387847979846
2028,Agri05_Agroforestry,DE4,2099.8858407148336
2028,Agri05_Agroforestry,DE5,771.9578390843922
2028,Agri05_Agroforestry,DE6,75.77825323368259
2028,Agri05_Agroforestry,DE7,450.2162842680724
2028,Agri05_Agroforestry,DE8,1998.5090139509596
2028,Agri05_Agroforestry,DE9,2307.0892516804197
2028,Agri05_Agroforestry,DEA,2032.5319938763384
2028,Agri05_Agroforestry,DEB,1334.2320515481044
2028,Agri05_Agroforestry,DEC,1151.2754249763896
2028,Agri05_Agroforestry,DEE,1461.9918977226102
2028,Agri05_Agroforestry,DED,1371.9697859820756
2028,Agri05_Agroforestry,DEF,250.4345808269441
2028,Agri05_Agroforestry,DEG,200.32943335907495
2028,Agri06_Biochar,DE1,33913.63764659297
2028,Agri06_Biochar,DE2,36398.395780734936
2028,Agri06_Biochar,DE3,31812.889786119023
2028,Agri06_Biochar,DE4,35813.334429186194
2028,Agri06_Biochar,DE5,14658.859554046436
2028,Agri06_Biochar,DE6,1390.3376342190677
2028,Agri06_Biochar,DE7,5862.628757341718
2028,Agri06_Biochar,DE8,33455.93171754907
2028,Agri06_Biochar,DE9,35243.48274745179
2028,Agri06_Biochar,DEA,33653.020854732546
2028,Agri06_Biochar,DEB,22889.598485802828
2028,Agri06_Biochar,DEC,21642.840702081685
2028,Agri06_Biochar,DEE,23986.071019406878
2028,Agri06_Biochar,DED,23254.328523661952
2028,Agri06_Biochar,DEF,1458.4924699136932
2028,Agri06_Biochar,DEG,1168.2421654267891
2029,Agri01_AGC,DE1,8936.729783978302
2029,Agri01_AGC,DE2,14516.773082679181
2029,Agri01_AGC,DE3,4219.061750205753
2029,Agri01_AGC,DE4,8575.194878511746
2029,Agri01_AGC,DE5,1969.0232993889808
2029,Agri01_AGC,DE6,231.82703862403378
2029,Agri01_AGC,DE7,3277.54232453863
2029,Agri01_AGC,DE8,8659.24825456911
2029,Agri01_AGC,DE9,12673.56739832712
2029,Agri01_AGC,DEA,9101.853071543444
2029,Agri01_AGC,DEB,5342.012641300293
2029,Agri01_AGC,DEC,3110.0690405884066
2029,Agri01_AGC,DEE,6721.602144557235
2029,Agri01_AGC,DED,5717.13898929065
2029,Agri01_AGC,DEF,3251.745472251142
2029,Agri01_AGC,DEG,2599.9277986338584
2029,Agri02_OFC,DE1,6341.662835879126
2029,Agri02_OFC,DE2,10301.361077333042
2029,Agri02_OFC,DE3,2993.9214623593825
2029,Agri02_OFC,DE4,6085.11121920378
2029,Agri02_OFC,DE5,1397.2540495855183
2029,Agri02_OFC,DE6,164.50860110257074
2029,Agri02_OFC,DE7,2325.8024864767435
2029,Agri02_OFC,DE8,6144.756993895188
2029,Agri02_OFC,DE9,8993.389451258754
2029,Agri02_OFC,DEA,6458.837265609269
2029,Agri02_OFC,DEB,3790.787441829717
2029,Agri02_OFC,DEC,2206.9604574009827
2029,Agri02_OFC,DEE,4769.7687574848505
2029,Agri02_OFC,DED,4056.9837885151037
2029,Agri02_OFC,DEF,2307.4965800222917
2029,Agri02_OFC,DEG,1844.9551340496696
2029,Agri03_No-till,DE1,534.4961316659635
2029,Agri03_No-till,DE2,868.2324792761625
2029,Agri03_No-till,DE3,252.3375148689938
2029,Agri03_No-till,DE4,512.8731204409254
2029,Agri03_No-till,DE5,117.76515147300975
2029,Agri03_No-till,DE6,13.8653241571954
2029,Agri03_No-till,DE7,196.026257499476
2029,Agri03_No-till,DE8,517.9002618497066
2029,Agri03_No-till,DE9,757.9923431228768
2029,Agri03_No-till,DEA,544.3719766993181
2029,Agri03_No-till,DEB,319.49999173127225
2029,Agri03_No-till,DEC,186.0098617269117
2029,Agri03_No-till,DEE,402.011746098041
2029,Agri03_No-till,DED,341.93589241681025
2029,Agri03_No-till,DEF,194.48337569705876
2029,Agri03_No-till,DEG,155.49886642784668
2029,Agri04_toGrassland,DE1,60.337156503293
2029,Agri04_toGrassland,DE2,98.01133418878938
2029,Agri04_toGrassland,DE3,28.485385065083435
2029,Agri04_toGrassland,DE4,57.8962201988691
2029,Agri04_toGrassland,DE5,13.29404265829503
2029,Agri04_toGrassland,DE6,1.5652016620476168
2029,Agri04_toGrassland,DE7,22.1286297070761
2029,Agri04_toGrassland,DE8,58.46371433021183
2029,Agri04_toGrassland,DE9,85.56676077851432
2029,Agri04_toGrassland,DEA,61.45200162952899
2029,Agri04_toGrassland,DEB,36.06709171833319
2029,Agri04_toGrassland,DEC,20.997918363208342
2029,Agri04_toGrassland,DEE,45.38151766388962
2029,Agri04_toGrassland,DED,38.59979190221713
2029,Agri04_toGrassland,DEF,21.954459876345297
2029,Agri04_toGrassland,DEG,17.55365265319675
2029,Agri05_Agroforestry,DE1,2227.3051635801166
2029,Agri05_Agroforestry,DE2,2636.7452833319267
2029,Agri05_Agroforestry,DE3,1881.1425154969334
2029,Agri05_Agroforestry,DE4,2308.9647588883686
2029,Agri05_Agroforestry,DE5,868.047089046955
2029,Agri05_Agroforestry,DE6,84.58451737151337
2029,Agri05_Agroforestry,DE7,471.661355119688
2029,Agri05_Agroforestry,DE8,2189.40187305159
2029,Agri05_Agroforestry,DE9,2483.955736338802
2029,Agri05_Agroforestry,DEA,2221.878353889452
2029,Agri05_Agroforestry,DEB,1468.808060249524
2029,Agri05_Agroforestry,DEC,1291.7606522157191
2029,Agri05_Agroforestry,DEE,1595.3497634311193
2029,Agri05_Agroforestry,DED,1506.712051313622
2029,Agri05_Agroforestry,DEF,239.151231974408
2029,Agri05_Agroforestry,DEG,191.32359120962383
2029,Agri06_Biochar,DE1,37794.029754829884
2029,Agri06_Biochar,DE2,40165.84433741994
2029,Agri06_Biochar,DE3,35788.77043346839
2029,Agri06_Biochar,DE4,39980.62496704896
2029,Agri06_Biochar,DE5,16488.868124442808
2029,Agri06_Biochar,DE6,1560.2717161938126
2029,Agri06_Biochar,DE7,6393.6819084528615
2029,Agri06_Biochar,DE8,37296.605540976016
2029,Agri06_Biochar,DE9,39002.904251337706
2029,Agri06_Biochar,DEA,37484.73608101479
2029,Agri06_Biochar,DEB,25564.251995950428
2029,Agri06_Biochar,DEC,24328.359996534014
2029,Agri06_Biochar,DEE,26698.21581912253
2029,Agri06_Biochar,DED,25948.210376885156
2029,Agri06_Biochar,DEF,1394.101140184386
2029,Agri06_Biochar,DEG,1117.0440313559777
2030,Agri01_AGC,DE1,9179.335753033618
2030,Agri01_AGC,DE2,14493.662704177312
2030,Agri01_AGC,DE3,4686.318578012142
2030,Agri01_AGC,DE4,8881.013640415551
2030,Agri01_AGC,DE5,2182.8916021059026
2030,Agri01_AGC,DE6,249.5173307187112
2030,Agri01_AGC,DE7,3219.752393387269
2030,Agri01_AGC,DE8,8907.609131620879
2030,Agri01_AGC,DE9,12730.770220914223
2030,Agri01_AGC,DEA,9329.137528739293
2030,Agri01_AGC,DEB,5545.4561257110745
2030,Agri01_AGC,DEC,3414.150821441833
2030,Agri01_AGC,DEE,6870.113025081319
2030,Agri01_AGC,DED,5907.131948529313
2030,Agri01_AGC,DEF,3097.135060327122
2030,Agri01_AGC,DEG,2476.3563235487563
2030,Agri02_OFC,DE1,6513.820358251435
2030,Agri02_OFC,DE2,10284.961540588498
2030,Agri02_OFC,DE3,3325.4952406135844
2030,Agri02_OFC,DE4,6302.125666743291
2030,Agri02_OFC,DE5,1549.0188114052141
2030,Agri02_OFC,DE6,177.06194786860902
2030,Agri02_OFC,DE7,2284.793720683284
2030,Agri02_OFC,DE8,6320.998301617084
2030,Agri02_OFC,DE9,9033.98159434429
2030,Agri02_OFC,DEA,6620.122369916207
2030,Agri02_OFC,DEB,3935.1545666590496
2030,Agri02_OFC,DEC,2422.7423122091373
2030,Agri02_OFC,DEE,4875.154726906431
2030,Agri02_OFC,DED,4191.806180800324
2030,Agri02_OFC,DEF,2197.7822743378642
2030,Agri02_OFC,DEG,1757.266611506796
2030,Agri03_No-till,DE1,549.0061319808005
2030,Agri03_No-till,DE2,866.8502725619425
2030,Agri03_No-till,DE3,280.2836397932103
2030,Agri03_No-till,DE4,531.1638094490575
2030,Agri03_No-till,DE5,130.55638308136577
2030,Agri03_No-till,DE6,14.923361372284704
2030,Agri03_No-till,DE7,192.56990429239778
2030,Agri03_No-till,DE8,532.7544569803824
2030,Agri03_No-till,DE9,761.4135820024494
2030,Agri03_No-till,DEA,557.9656139800126
2030,Agri03_No-till,DEB,331.6677262447579
2030,Agri03_No-till,DEC,204.19666377922815
2030,Agri03_No-till,DEE,410.89402105422664
2030,Agri03_No-till,DED,353.2991655840144
2030,Agri03_No-till,DEF,185.23629437243108
2030,Agri03_No-till,DEG,148.1081903065148
2030,Agri04_toGrassland,DE1,61.975133109653726
2030,Agri04_toGrassland,DE2,97.855302333936
2030,Agri04_toGrassland,DE3,31.64011269231128
2030,Agri04_toGrassland,DE4,59.960983814270605
2030,Agri04_toGrassland,DE5,14.737994256256412
2030,Agri04_toGrassland,DE6,1.6846393029416173
2030,Agri04_toGrassland,DE7,21.738455649621052
2030,Agri04_toGrassland,DE8,60.14054572941485
2030,Agri04_toGrassland,DE9,85.95297091827437
2030,Agri04_toGrassland,DEA,62.98653363352644
2030,Agri04_toGrassland,DEB,37.44065919269897
2030,Agri04_toGrassland,DEC,23.050954590626382
2030,Agri04_toGrassland,DEE,46.384202589721006
2030,Agri04_toGrassland,DED,39.882546913637405
2030,Agri04_toGrassland,DEF,20.910593400934715
2030,Agri04_toGrassland,DEG,16.71934842650753
2030,Agri05_Agroforestry,DE1,2419.7249586560565
2030,Agri05_Agroforestry,DE2,2809.667929848257
2030,Agri05_Agroforestry,DE3,2090.046246195882
2030,Agri05_Agroforestry,DE4,2518.043677061904
2030,Agri05_Agroforestry,DE5,964.1363390095178
2030,Agri05_Agroforestry,DE6,93.39078150934415
2030,Agri05_Agroforestry,DE7,493.1064259713036
2030,Agri05_Agroforestry,DE8,2380.29473215222
2030,Agri05_Agroforestry,DE9,2660.822220997184
2030,Agri05_Agroforestry,DEA,2411.224713902565
2030,Agri05_Agroforestry,DEB,1603.3840689509434
2030,Agri05_Agroforestry,DEC,1432.2458794550487
2030,Agri05_Agroforestry,DEE,1728.7076291396284
2030,Agri05_Agroforestry,DED,1641.4543166451683
2030,Agri05_Agroforestry,DEF,227.8678831218719
2030,Agri05_Agroforestry,DEG,182.31774906017267
2030,Agri06_Biochar,DE1,41674.421863066804
2030,Agri06_Biochar,DE2,43933.29289410495
2030,Agri06_Biochar,DE3,39764.65108081776
2030,Agri06_Biochar,DE4,44147.91550491173
2030,Agri06_Biochar,DE5,18318.876694839186
2030,Agri06_Biochar,DE6,1730.2057981685577
2030,Agri06_Biochar,DE7,6924.735059564006
2030,Agri06_Biochar,DE8,41137.27936440297
2030,Agri06_Biochar,DE9,42762.325755223625
2030,Agri06_Biochar,DEA,41316.45130729704
2030,Agri06_Biochar,DEB,28238.905506098028
2030,Agri06_Biochar,DEC,27013.879290986344
2030,Agri06_Biochar,DEE,29410.360618838182
2030,Agri06_Biochar,DED,28642.092230108356
2030,Agri06_Biochar,DEF,1329.7098104550792
2030,Agri06_Biochar,DEG,1065.8458972851663
2031,Agri01_AGC,DE1,9421.941722088932
2031,Agri01_AGC,DE2,14470.55232567544
2031,Agri01_AGC,DE3,5153.57540581853
2031,Agri01_AGC,DE4,9186.832402319358
2031,Agri01_AGC,DE5,2396.7599048228244
2031,Agri01_AGC,DE6,267.20762281338864
2031,Agri01_AGC,DE7,3161.962462235908
2031,Agri01_AGC,DE8,9155.970008672648
2031,Agri01_AGC,DE9,12787.973043501324
2031,Agri01_AGC,DEA,9556.421985935141
2031,Agri01_AGC,DEB,5748.899610121856
2031,Agri01_AGC,DEC,3718.2326022952598
2031,Agri01_AGC,DEE,7018.623905605403
2031,Agri01_AGC,DED,6097.124907767977
2031,Agri01_AGC,DEF,2942.524648403102
2031,Agri01_AGC,DEG,2352.7848484636547
2031,Agri02_OFC,DE1,6685.9778806237455
2031,Agri02_OFC,DE2,10268.562003843956
2031,Agri02_OFC,DE3,3657.069018867787
2031,Agri02_OFC,DE4,6519.140114282801
2031,Agri02_OFC,DE5,1700.7835732249098
2031,Agri02_OFC,DE6,189.61529463464734
2031,Agri02_OFC,DE7,2243.7849548898243
2031,Agri02_OFC,DE8,6497.23960933898
2031,Agri02_OFC,DE9,9074.573737429826
2031,Agri02_OFC,DEA,6781.407474223148
2031,Agri02_OFC,DEB,4079.521691488382
2031,Agri02_OFC,DEC,2638.524167017292
2031,Agri02_OFC,DEE,4980.540696328012
2031,Agri02_OFC,DED,4326.628573085544
2031,Agri02_OFC,DEF,2088.0679686534368
2031,Agri02_OFC,DEG,1669.578088963922
2031,Agri03_No-till,DE1,563.5161322956375
2031,Agri03_No-till,DE2,865.4680658477223
2031,Agri03_No-till,DE3,308.2297647174268
2031,Agri03_No-till,DE4,549.4544984571896
2031,Agri03_No-till,DE5,143.34761468972178
2031,Agri03_No-till,DE6,15.981398587374011
2031,Agri03_No-till,DE7,189.11355108531956
2031,Agri03_No-till,DE8,547.6086521110584
2031,Agri03_No-till,DE9,764.834820882022
2031,Agri03_No-till,DEA,571.5592512607069
2031,Agri03_No-till,DEB,343.8354607582435
2031,Agri03_No-till,DEC,222.38346583154453
2031,Agri03_No-till,DEE,419.77629601041224
2031,Agri03_No-till,DED,364.66243875121853
2031,Agri03_No-till,DEF,175.9892130478034
2031,Agri03_No-till,DEG,140.7175141851829
2031,Agri04_toGrassland,DE1,63.61310971601445
2031,Agri04_toGrassland,DE2,97.6992704790826
2031,Agri04_toGrassland,DE3,34.79484031953913
2031,Agri04_toGrassland,DE4,62.02574742967211
2031,Agri04_toGrassland,DE5,16.181945854217794
2031,Agri04_toGrassland,DE6,1.8040769438356175
2031,Agri04_toGrassland,DE7,21.348281592166003
2031,Agri04_toGrassland,DE8,61.81737712861788
2031,Agri04_toGrassland,DE9,86.33918105803443
2031,Agri04_toGrassland,DEA,64.52106563752389
2031,Agri04_toGrassland,DEB,38.814226667064766
2031,Agri04_toGrassland,DEC,25.103990818044423
2031,Agri04_toGrassland,DEE,47.3868875155524
2031,Agri04_toGrassland,DED,41.16530192505768
2031,Agri04_toGrassland,DEF,19.866726925524134
2031,Agri04_toGrassland,DEG,15.885044199818305
2031,Agri05_Agroforestry,DE1,2612.1447537319964
2031,Agri05_Agroforestry,DE2,2982.5905763645865
2031,Agri05_Agroforestry,DE3,2298.9499768948303
2031,Agri05_Agroforestry,DE4,2727.1225952354393
2031,Agri05_Agroforestry,DE5,1060.2255889720807
2031,Agri05_Agroforestry,DE6,102.19704564717492
2031,Agri05_Agroforestry,DE7,514.5514968229193
2031,Agri05_Agroforestry,DE8,2571.187591252851
2031,Agri05_Agroforestry,DE9,2837.6887056555665
2031,Agri05_Agroforestry,DEA,2600.5710739156784
2031,Agri05_Agroforestry,DEB,1737.960077652363
2031,Agri05_Agroforestry,DEC,1572.7311066943785
2031,Agri05_Agroforestry,DEE,1862.0654948481376
2031,Agri05_Agroforestry,DED,1776.1965819767147
2031,Agri05_Agroforestry,DEF,216.58453426933582
2031,Agri05_Agroforestry,DEG,173.31190691072152
2031,Agri06_Biochar,DE1,45554.813971303716
2031,Agri06_Biochar,DE2,47700.74145078996
2031,Agri06_Biochar,DE3,43740.53172816713
2031,Agri06_Biochar,DE4,48315.20604277451
2031,Agri06_Biochar,DE5,20148.885265235564
2031,Agri06_Biochar,DE6,1900.1398801433027
2031,Agri06_Biochar,DE7,7455.788210675151
2031,Agri06_Biochar,DE8,44977.95318782993
2031,Agri06_Biochar,DE9,46521.747259109536
2031,Agri06_Biochar,DEA,45148.166533579286
2031,Agri06_Biochar,DEB,30913.55901624563
2031,Agri06_Biochar,DEC,29699.398585438674
2031,Agri06_Biochar,DEE,32122.505418553836
2031,Agri06_Biochar,DED,31335.974083331555
2031,Agri06_Biochar,DEF,1265.3184807257721
2031,Agri06_Biochar,DEG,1014.647763214355
2032,Agri01_AGC,DE1,9664.547691144247
2032,Agri01_AGC,DE2,14447.441947173571
2032,Agri01_AGC,DE3,5620.832233624919
2032,Agri01_AGC,DE4,9492.651164223165
2032,Agri01_AGC,DE5,2610.6282075397457
2032,Agri01_AGC,DE6,284.89791490806607
2032,Agri01_AGC,DE7,3104.172531084547
2032,Agri01_AGC,DE8,9404.330885724417
2032,Agri01_AGC,DE9,12845.175866088428
2032,Agri01_AGC,DEA,9783.70644313099
2032,Agri01_AGC,DEB,5952.343094532638
2032,Agri01_AGC,DEC,4022.314383148687
2032,Agri01_AGC,DEE,7167.134786129486
2032,Agri01_AGC,DED,6287.117867006642
2032,Agri01_AGC,DEF,2787.914236479082
2032,Agri01_AGC,DEG,2229.213373378553
2032,Agri02_OFC,DE1,6858.135402996055
2032,Agri02_OFC,DE2,10252.162467099412
2032,Agri02_OFC,DE3,3988.6427971219896
2032,Agri02_OFC,DE4,6736.154561822312
2032,Agri02_OFC,DE5,1852.5483350446057
2032,Agri02_OFC,DE6,202.1686414006856
2032,Agri02_OFC,DE7,2202.776189096365
2032,Agri02_OFC,DE8,6673.480917060875
2032,Agri02_OFC,DE9,9115.16588051536
2032,Agri02_OFC,DEA,6942.692578530086
2032,Agri02_OFC,DEB,4223.888816317715
2032,Agri02_OFC,DEC,2854.3060218254464
2032,Agri02_OFC,DEE,5085.926665749593
2032,Agri02_OFC,DED,4461.450965370764
2032,Agri02_OFC,DEF,1978.3536629690097
2032,Agri02_OFC,DEG,1581.8895664210481
2032,Agri03_No-till,DE1,578.0261326104744
2032,Agri03_No-till,DE2,864.0858591335021
2032,Agri03_No-till,DE3,336.17588964164327
2032,Agri03_No-till,DE4,567.7451874653218
2032,Agri03_No-till,DE5,156.1388462980778
2032,Agri03_No-till,DE6,17.039435802463316
2032,Agri03_No-till,DE7,185.65719787824133
2032,Agri03_No-till,DE8,562.4628472417343
2032,Agri03_No-till,DE9,768.2560597615944
2032,Agri03_No-till,DEA,585.1528885414012
2032,Agri03_No-till,DEB,356.00319527172917
2032,Agri03_No-till,DEC,240.57026788386096
2032,Agri03_No-till,DEE,428.65857096659795
2032,Agri03_No-till,DED,376.0257119184227
2032,Agri03_No-till,DEF,166.74213172317567
2032,Agri03_No-till,DEG,133.32683806385103
2032,Agri04_toGrassland,DE1,65.25108632237517
2032,Agri04_toGrassland,DE2,97.54323862422922
2032,Agri04_toGrassland,DE3,37.94956794676697
2032,Agri04_toGrassland,DE4,64.09051104507361
2032,Agri04_toGrassland,DE5,17.625897452179178
2032,Agri04_toGrassland,DE6,1.923514584729618
2032,Agri04_toGrassland,DE7,20.95810753471095
2032,Agri04_toGrassland,DE8,63.49420852782091
2032,Agri04_toGrassland,DE9,86.72539119779448
2032,Agri04_toGrassland,DEA,66.05559764152133
2032,Agri04_toGrassland,DEB,40.18779414143056
2032,Agri04_toGrassland,DEC,27.157027045462467
2032,Agri04_toGrassland,DEE,48.38957244138379
2032,Agri04_toGrassland,DED,42.44805693647797
2032,Agri04_toGrassland,DEF,18.822860450113552
2032,Agri04_toGrassland,DEG,15.050739973129083
2032,Agri05_Agroforestry,DE1,2804.5645488079367
2032,Agri05_Agroforestry,DE2,3155.513222880916
2032,Agri05_Agroforestry,DE3,2507.8537075937793
2032,Agri05_Agroforestry,DE4,2936.2015134089743
2032,Agri05_Agroforestry,DE5,1156.3148389346436
2032,Agri05_Agroforestry,DE6,111.0033097850057
2032,Agri05_Agroforestry,DE7,535.9965676745348
2032,Agri05_Agroforestry,DE8,2762.0804503534814
2032,Agri05_Agroforestry,DE9,3014.555190313949
2032,Agri05_Agroforestry,DEA,2789.9174339287915
2032,Agri05_Agroforestry,DEB,1872.5360863537824
2032,Agri05_Agroforestry,DEC,1713.2163339337083
2032,Agri05_Agroforestry,DEE,1995.4233605566467
2032,Agri05_Agroforestry,DED,1910.938847308261
2032,Agri05_Agroforestry,DEF,205.3011854167997
2032,Agri05_Agroforestry,DEG,164.30606476127042
2032,Agri06_Biochar,DE1,49435.20607954063
2032,Agri06_Biochar,DE2,51468.190007474965
2032,Agri06_Biochar,DE3,47716.41237551649
2032,Agri06_Biochar,DE4,52482.496580637286
2032,Agri06_Biochar,DE5,21978.893835631938
2032,Agri06_Biochar,DE6,2070.073962118048
2032,Agri06_Biochar,DE7,7986.841361786295
2032,Agri06_Biochar,DE8,48818.627011256875
2032,Agri06_Biochar,DE9,50281.16876299546
2032,Agri06_Biochar,DEA,48979.881759861535
2032,Agri06_Biochar,DEB,33588.21252639323
2032,Agri06_Biochar,DEC,32384.917879891007
2032,Agri06_Biochar,DEE,34834.65021826949
2032,Agri06_Biochar,DED,34029.85593655475
2032,Agri06_Biochar,DEF,1200.9271509964651
2032,Agri06_Biochar,DEG,963.4496291435436
2033,Agri01_AGC,DE1,9907.153660199561
2033,Agri01_AGC,DE2,14424.331568671701
2033,Agri01_AGC,DE3,6088.089061431308
2033,Agri01_AGC,DE4,9798.469926126972
2033,Agri01_AGC,DE5,2824.4965102566675
2033,Agri01_AGC,DE6,302.5882070027435
2033,Agri01_AGC,DE7,3046.3825999331857
2033,Agri01_AGC,DE8,9652.691762776187
2033,Agri01_AGC,DE9,12902.37868867553
2033,Agri01_AGC,DEA,10010.990900326839
2033,Agri01_AGC,DEB,6155.78657894342
2033,Agri01_AGC,DEC,4326.396164002113
2033,Agri01_AGC,DEE,7315.64566665357
2033,Agri01_AGC,DED,6477.110826245305
2033,Agri01_AGC,DEF,2633.303824555062
2033,Agri01_AGC,DEG,2105.641898293451
2033,Agri02_OFC,DE1,7030.292925368365
2033,Agri02_OFC,DE2,10235.762930354867
2033,Agri02_OFC,DE3,4320.216575376192
2033,Agri02_OFC,DE4,6953.169009361822
2033,Agri02_OFC,DE5,2004.3130968643015
2033,Agri02_OFC,DE6,214.72198816672392
2033,Agri02_OFC,DE7,2161.7674233029056
2033,Agri02_OFC,DE8,6849.72222478277
2033,Agri02_OFC,DE9,9155.758023600896
2033,Agri02_OFC,DEA,7103.977682837026
2033,Agri02_OFC,DEB,4368.255941147048
2033,Agri02_OFC,DEC,3070.0878766336014
2033,Agri02_OFC,DEE,5191.3126351711735
2033,Agri02_OFC,DED,4596.273357655984
2033,Agri02_OFC,DEF,1868.6393572845825
2033,Agri02_OFC,DEG,1494.2010438781742
2033,Agri03_No-till,DE1,592.5361329253114
2033,Agri03_No-till,DE2,862.7036524192821
2033,Agri03_No-till,DE3,364.12201456585973
2033,Agri03_No-till,DE4,586.035876473454
2033,Agri03_No-till,DE5,168.9300779064338
2033,Agri03_No-till,DE6,18.097473017552623
2033,Agri03_No-till,DE7,182.2008446711631
2033,Agri03_No-till,DE8,577.3170423724101
2033,Agri03_No-till,DE9,771.677298641167
2033,Agri03_No-till,DEA,598.7465258220957
2033,Agri03_No-till,DEB,368.17092978521475
2033,Agri03_No-till,DEC,258.75706993617734
2033,Agri03_No-till,DEE,437.54084592278355
2033,Agri03_No-till,DED,387.38898508562687
2033,Agri03_No-till,DEF,157.495050398548
2033,Agri03_No-till,DEG,125.93616194251915
2033,Agri04_toGrassland,DE1,66.8890629287359
2033,Agri04_toGrassland,DE2,97.38720676937582
2033,Agri04_toGrassland,DE3,41.10429557399482
2033,Agri04_toGrassland,DE4,66.1552746604751
2033,Agri04_toGrassland,DE5,19.069849050140558
2033,Agri04_toGrassland,DE6,2.0429522256236186
2033,Agri04_toGrassland,DE7,20.567933477255902
2033,Agri04_toGrassland,DE8,65.17103992702394
2033,Agri04_toGrassland,DE9,87.11160133755453
2033,Agri04_toGrassland,DEA,67.59012964551879
2033,Agri04_toGrassland,DEB,41.56136161579634
2033,Agri04_toGrassland,DEC,29.210063272880507
2033,Agri04_toGrassland,DEE,49.39225736721519
2033,Agri04_toGrassland,DED,43.730811947898246
2033,Agri04_toGrassland,DEF,17.77899397470297
2033,Agri04_toGrassland,DEG,14.216435746439862
2033,Agri05_Agroforestry,DE1,2996.9843438838766
2033,Agri05_Agroforestry,DE2,3328.4358693972463
2033,Agri05_Agroforestry,DE3,2716.757438292728
2033,Agri05_Agroforestry,DE4,3145.2804315825097
2033,Agri05_Agroforestry,DE5,1252.4040888972063
2033,Agri05_Agroforestry,DE6,119.80957392283648
2033,Agri05_Agroforestry,DE7,557.4416385261504
2033,Agri05_Agroforestry,DE8,2952.973309454112
2033,Agri05_Agroforestry,DE9,3191.4216749723314
2033,Agri05_Agroforestry,DEA,2979.2637939419046
2033,Agri05_Agroforestry,DEB,2007.1120950552017
2033,Agri05_Agroforestry,DEC,1853.7015611730378
2033,Agri05_Agroforestry,DEE,2128.7812262651555
2033,Agri05_Agroforestry,DED,2045.6811126398075
2033,Agri05_Agroforestry,DEF,194.01783656426363
2033,Agri05_Agroforestry,DEG,155.30022261181927
2033,Agri06_Biochar,DE1,53315.59818777755
2033,Agri06_Biochar,DE2,55235.63856415998
2033,Agri06_Biochar,DE3,51692.293022865866
2033,Agri06_Biochar,DE4,56649.78711850005
2033,Agri06_Biochar,DE5,23808.902406028315
2033,Agri06_Biochar,DE6,2240.0080440927927
2033,Agri06_Biochar,DE7,8517.89451289744
2033,Agri06_Biochar,DE8,52659.30083468383
2033,Agri06_Biochar,DE9,54040.59026688138
2033,Agri06_Biochar,DEA,52811.596986143784
2033,Agri06_Biochar,DEB,36262.866036540836
2033,Agri06_Biochar,DEC,35070.43717434334
2033,Agri06_Biochar,DEE,37546.79501798514
2033,Agri06_Biochar,DED,36723.73778977795
2033,Agri06_Biochar,DEF,1136.535821267158
2033,Agri06_Biochar,DEG,912.2514950727322
2034,Agri01_AGC,DE1,10149.759629254877
2034,Agri01_AGC,DE2,14401.221190169832
2034,Agri01_AGC,DE3,6555.345889237697
2034,Agri01_AGC,DE4,10104.288688030778
2034,Agri01_AGC,DE5,3038.364812973589
2034,Agri01_AGC,DE6,320.27849909742093
2034,Agri01_AGC,DE7,2988.5926687818246
2034,Agri01_AGC,DE8,9901.052639827956
2034,Agri01_AGC,DE9,12959.581511262631
2034,Agri01_AGC,DEA,10238.275357522687
2034,Agri01_AGC,DEB,6359.230063354204
2034,Agri01_AGC,DEC,4630.477944855541
2034,Agri01_AGC,DEE,7464.156547177654
2034,Agri01_AGC,DED,6667.103785483969
2034,Agri01_AGC,DEF,2478.6934126310416
2034,Agri01_AGC,DEG,1982.0704232083494
2034,Agri02_OFC,DE1,7202.450447740674
2034,Agri02_OFC,DE2,10219.363393610325
2034,Agri02_OFC,DE3,4651.790353630394
2034,Agri02_OFC,DE4,7170.183456901332
2034,Agri02_OFC,DE5,2156.0778586839974
2034,Agri02_OFC,DE6,227.27533493276223
2034,Agri02_OFC,DE7,2120.758657509446
2034,Agri02_OFC,DE8,7025.963532504667
2034,Agri02_OFC,DE9,9196.35016668643
2034,Agri02_OFC,DEA,7265.262787143965
2034,Agri02_OFC,DEB,4512.6230659763805
2034,Agri02_OFC,DEC,3285.869731441756
2034,Agri02_OFC,DEE,5296.698604592754
2034,Agri02_OFC,DED,4731.095749941203
2034,Agri02_OFC,DEF,1758.9250516001553
2034,Agri02_OFC,DEG,1406.5125213353006
2034,Agri03_No-till,DE1,607.0461332401484
2034,Agri03_No-till,DE2,861.3214457050619
2034,Agri03_No-till,DE3,392.06813949007625
2034,Agri03_No-till,DE4,604.3265654815862
2034,Agri03_No-till,DE5,181.72130951478982
2034,Agri03_No-till,DE6,19.15551023264193
2034,Agri03_No-till,DE7,178.74449146408492
2034,Agri03_No-till,DE8,592.1712375030861
2034,Agri03_No-till,DE9,775.0985375207396
2034,Agri03_No-till,DEA,612.34016310279
2034,Agri03_No-till,DEB,380.3386642987004
2034,Agri03_No-till,DEC,276.94387198849375
2034,Agri03_No-till,DEE,446.4231208789692
2034,Agri03_No-till,DED,398.75225825283104
2034,Agri03_No-till,DEF,148.24796907392027
2034,Agri03_No-till,DEG,118.54548582118726
2034,Agri04_toGrassland,DE1,68.52703953509662
2034,Agri04_toGrassland,DE2,97.23117491452244
2034,Agri04_toGrassland,DE3,44.25902320122266
2034,Agri04_toGrassland,DE4,68.2200382758766
2034,Agri04_toGrassland,DE5,20.51380064810194
2034,Agri04_toGrassland,DE6,2.162389866517619
2034,Agri04_toGrassland,DE7,20.177759419800854
2034,Agri04_toGrassland,DE8,66.84787132622697
2034,Agri04_toGrassland,DE9,87.49781147731458
2034,Agri04_toGrassland,DEA,69.12466164951624
2034,Agri04_toGrassland,DEB,42.93492909016213
2034,Agri04_toGrassland,DEC,31.263099500298548
2034,Agri04_toGrassland,DEE,50.39494229304658
2034,Agri04_toGrassland,DED,45.013566959318524
2034,Agri04_toGrassland,DEF,16.73512749929239
2034,Agri04_toGrassland,DEG,13.382131519750638
2034,Agri05_Agroforestry,DE1,3189.404138959817
2034,Agri05_Agroforestry,DE2,3501.3585159135764
2034,Agri05_Agroforestry,DE3,2925.661168991677
2034,Agri05_Agroforestry,DE4,3354.3593497560446
2034,Agri05_Agroforestry,DE5,1348.4933388597694
2034,Agri05_Agroforestry,DE6,128.61583806066724
2034,Agri05_Agroforestry,DE7,578.8867093777662
2034,Agri05_Agroforestry,DE8,3143.8661685547427
2034,Agri05_Agroforestry,DE9,3368.288159630714
2034,Agri05_Agroforestry,DEA,3168.610153955018
2034,Agri05_Agroforestry,DEB,2141.6881037566213
2034,Agri05_Agroforestry,DEC,1994.1867884123674
2034,Agri05_Agroforestry,DEE,2262.139091973665
2034,Agri05_Agroforestry,DED,2180.423377971354
2034,Agri05_Agroforestry,DEF,182.73448771172752
2034,Agri05_Agroforestry,DEG,146.2943804623681
2034,Agri06_Biochar,DE1,57195.99029601446
2034,Agri06_Biochar,DE2,59003.08712084498
2034,Agri06_Biochar,DE3,55668.173670215234
2034,Agri06_Biochar,DE4,60817.077656362824
2034,Agri06_Biochar,DE5,25638.91097642469
2034,Agri06_Biochar,DE6,2409.942126067538
2034,Agri06_Biochar,DE7,9048.947664008583
2034,Agri06_Biochar,DE8,56499.974658110776
2034,Agri06_Biochar,DE9,57800.01177076729
2034,Agri06_Biochar,DEA,56643.312212426026
2034,Agri06_Biochar,DEB,38937.51954668843
2034,Agri06_Biochar,DEC,37755.956468795666
2034,Agri06_Biochar,DEE,40258.93981770078
2034,Agri06_Biochar,DED,39417.61964300115
2034,Agri06_Biochar,DEF,1072.144491537851
2034,Agri06_Biochar,DEG,861.0533610019208
2035,Agri01_AGC,DE1,10392.36559831019
2035,Agri01_AGC,DE2,14378.11081166796
2035,Agri01_AGC,DE3,7022.602717044085
2035,Agri01_AGC,DE4,10410.107449934585
2035,Agri01_AGC,DE5,3252.2331156905107
2035,Agri01_AGC,DE6,337.96879119209837
2035,Agri01_AGC,DE7,2930.8027376304635
2035,Agri01_AGC,DE8,10149.413516879726
2035,Agri01_AGC,DE9,13016.784333849733
2035,Agri01_AGC,DEA,10465.559814718536
2035,Agri01_AGC,DEB,6562.673547764985
2035,Agri01_AGC,DEC,4934.559725708968
2035,Agri01_AGC,DEE,7612.667427701737
2035,Agri01_AGC,DED,6857.096744722632
2035,Agri01_AGC,DEF,2324.0830007070217
2035,Agri01_AGC,DEG,1858.4989481232476
2035,Agri02_OFC,DE1,7374.607970112984
2035,Agri02_OFC,DE2,10202.963856865781
2035,Agri02_OFC,DE3,4983.364131884596
2035,Agri02_OFC,DE4,7387.197904440843
2035,Agri02_OFC,DE5,2307.842620503693
2035,Agri02_OFC,DE6,239.8286816988005
2035,Agri02_OFC,DE7,2079.7498917159865
2035,Agri02_OFC,DE8,7202.204840226562
2035,Agri02_OFC,DE9,9236.942309771966
2035,Agri02_OFC,DEA,7426.547891450905
2035,Agri02_OFC,DEB,4656.990190805713
2035,Agri02_OFC,DEC,3501.6515862499105
2035,Agri02_OFC,DEE,5402.084574014335
2035,Agri02_OFC,DED,4865.918142226424
2035,Agri02_OFC,DEF,1649.210745915728
2035,Agri02_OFC,DEG,1318.8239987924267
2035,Agri03_No-till,DE1,621.5561335549853
2035,Agri03_No-till,DE2,859.9392389908419
2035,Agri03_No-till,DE3,420.0142644142927
2035,Agri03_No-till,DE4,622.6172544897183
2035,Agri03_No-till,DE5,194.51254112314584
2035,Agri03_No-till,DE6,20.213547447731237
2035,Agri03_No-till,DE7,175.2881382570067
2035,Agri03_No-till,DE8,607.025432633762
2035,Agri03_No-till,DE9,778.5197764003121
2035,Agri03_No-till,DEA,625.9338003834844
2035,Agri03_No-till,DEB,392.50639881218603
2035,Agri03_No-till,DEC,295.1306740408102
2035,Agri03_No-till,DEE,455.30539583515485
2035,Agri03_No-till,DED,410.11553142003515
2035,Agri03_No-till,DEF,139.00088774929262
2035,Agri03_No-till,DEG,111.15480969985538
2035,Agri04_toGrassland,DE1,70.16501614145734
2035,Agri04_toGrassland,DE2,97.07514305966905
2035,Agri04_toGrassland,DE3,47.41375082845051
2035,Agri04_toGrassland,DE4,70.28480189127811
2035,Agri04_toGrassland,DE5,21.957752246063322
2035,Agri04_toGrassland,DE6,2.2818275074116197
2035,Agri04_toGrassland,DE7,19.787585362345805
2035,Agri04_toGrassland,DE8,68.52470272542999
2035,Agri04_toGrassland,DE9,87.88402161707464
2035,Agri04_toGrassland,DEA,70.65919365351368
2035,Agri04_toGrassland,DEB,44.30849656452793
2035,Agri04_toGrassland,DEC,33.31613572771659
2035,Agri04_toGrassland,DEE,51.39762721887797
2035,Agri04_toGrassland,DED,46.2963219707388
2035,Agri04_toGrassland,DEF,15.691261023881806
2035,Agri04_toGrassland,DEG,12.547827293061415
2035,Agri05_Agroforestry,DE1,3381.8239340357572
2035,Agri05_Agroforestry,DE2,3674.2811624299065
2035,Agri05_Agroforestry,DE3,3134.5648996906257
2035,Agri05_Agroforestry,DE4,3563.43826792958
2035,Agri05_Agroforestry,DE5,1444.5825888223321
2035,Agri05_Agroforestry,DE6,137.422102198498
2035,Agri05_Agroforestry,DE7,600.3317802293818
2035,Agri05_Agroforestry,DE8,3334.759027655373
2035,Agri05_Agroforestry,DE9,3545.154644289096
2035,Agri05_Agroforestry,DEA,3357.9565139681317
2035,Agri05_Agroforestry,DEB,2276.264112458041
2035,Agri05_Agroforestry,DEC,2134.6720156516967
2035,Agri05_Agroforestry,DEE,2395.496957682174
2035,Agri05_Agroforestry,DED,2315.1656433029
2035,Agri05_Agroforestry,DEF,171.45113885919142
2035,Agri05_Agroforestry,DEG,137.28853831291698
2035,Agri06_Biochar,DE1,61076.38240425138
2035,Agri06_Biochar,DE2,62770.535677529995
2035,Agri06_Biochar,DE3,59644.0543175646
2035,Agri06_Biochar,DE4,64984.36819422559
2035,Agri06_Biochar,DE5,27468.919546821067
2035,Agri06_Biochar,DE6,2579.876208042283
2035,Agri06_Biochar,DE7,9580.000815119729
2035,Agri06_Biochar,DE8,60340.64848153773
2035,Agri06_Biochar,DE9,61559.433274653216
2035,Agri06_Biochar,DEA,60475.027438708275
2035,Agri06_Biochar,DEB,41612.17305683604
2035,Agri06_Biochar,DEC,40441.475763247996
2035,Agri06_Biochar,DEE,42971.08461741644
2035,Agri06_Biochar,DED,42111.50149622435
2035,Agri06_Biochar,DEF,1007.753161808544
2035,Agri06_Biochar,DEG,809.8552269311094
2036,Agri01_AGC,DE1,10634.971567365506
2036,Agri01_AGC,DE2,14355.000433166091
2036,Agri01_AGC,DE3,7489.859544850473
2036,Agri01_AGC,DE4,10715.926211838392
2036,Agri01_AGC,DE5,3466.1014184074324
2036,Agri01_AGC,DE6,355.6590832867758
2036,Agri01_AGC,DE7,2873.0128064791024
2036,Agri01_AGC,DE8,10397.774393931495
2036,Agri01_AGC,DE9,13073.987156436835
2036,Agri01_AGC,DEA,10692.844271914384
2036,Agri01_AGC,DEB,6766.117032175767
2036,Agri01_AGC,DEC,5238.641506562394
2036,Agri01_AGC,DEE,7761.178308225821
2036,Agri01_AGC,DED,7047.089703961296
2036,Agri01_AGC,DEF,2169.472588783002
2036,Agri01_AGC,DEG,1734.9274730381458
2036,Agri02_OFC,DE1,7546.765492485294
2036,Agri02_OFC,DE2,10186.564320121237
2036,Agri02_OFC,DE3,5314.937910138798
2036,Agri02_OFC,DE4,7604.212351980354
2036,Agri02_OFC,DE5,2459.6073823233887
2036,Agri02_OFC,DE6,252.3820284648388
2036,Agri02_OFC,DE7,2038.741125922527
2036,Agri02_OFC,DE8,7378.446147948458
2036,Agri02_OFC,DE9,9277.534452857502
2036,Agri02_OFC,DEA,7587.832995757844
2036,Agri02_OFC,DEB,4801.357315635046
2036,Agri02_OFC,DEC,3717.433441058065
2036,Agri02_OFC,DEE,5507.470543435916
2036,Agri02_OFC,DED,5000.740534511644
2036,Agri02_OFC,DEF,1539.4964402313008
2036,Agri02_OFC,DEG,1231.1354762495528
2036,Agri03_No-till,DE1,636.0661338698224
2036,Agri03_No-till,DE2,858.5570322766217
2036,Agri03_No-till,DE3,447.9603893385092
2036,Agri03_No-till,DE4,640.9079434978505
2036,Agri03_No-till,DE5,207.30377273150185
2036,Agri03_No-till,DE6,21.271584662820544
2036,Agri03_No-till,DE7,171.83178504992847
2036,Agri03_No-till,DE8,621.8796277644378
2036,Agri03_No-till,DE9,781.9410152798846
2036,Agri03_No-till,DEA,639.5274376641788
2036,Agri03_No-till,DEB,404.6741333256717
2036,Agri03_No-till,DEC,313.31747609312663
2036,Agri03_No-till,DEE,464.18767079134045
2036,Agri03_No-till,DED,421.4788045872393
2036,Agri03_No-till,DEF,129.7538064246649
2036,Agri03_No-till,DEG,103.7641335785235
2036,Agri04_toGrassland,DE1,71.80299274781807
2036,Agri04_toGrassland,DE2,96.91911120481565
2036,Agri04_toGrassland,DE3,50.56847845567836
2036,Agri04_toGrassland,DE4,72.3495655066796
2036,Agri04_toGrassland,DE5,23.401703844024702
2036,Agri04_toGrassland,DE6,2.40126514830562
2036,Agri04_toGrassland,DE7,19.397411304890753
2036,Agri04_toGrassland,DE8,70.20153412463301
2036,Agri04_toGrassland,DE9,88.27023175683468
2036,Agri04_toGrassland,DEA,72.19372565751112
2036,Agri04_toGrassland,DEB,45.682064038893714
2036,Agri04_toGrassland,DEC,35.36917195513463
2036,Agri04_toGrassland,DEE,52.40031214470936
2036,Agri04_toGrassland,DED,47.57907698215908
2036,Agri04_toGrassland,DEF,14.647394548471226
2036,Agri04_toGrassland,DEG,11.713523066372195
2036,Agri05_Agroforestry,DE1,3574.2437291116967
2036,Agri05_Agroforestry,DE2,3847.2038089462367
2036,Agri05_Agroforestry,DE3,3343.4686303895746
2036,Agri05_Agroforestry,DE4,3772.5171861031154
2036,Agri05_Agroforestry,DE5,1540.671838784895
2036,Agri05_Agroforestry,DE6,146.22836633632878
2036,Agri05_Agroforestry,DE7,621.7768510809974
2036,Agri05_Agroforestry,DE8,3525.6518867560035
2036,Agri05_Agroforestry,DE9,3722.0211289474782
2036,Agri05_Agroforestry,DEA,3547.3028739812444
2036,Agri05_Agroforestry,DEB,2410.8401211594605
2036,Agri05_Agroforestry,DEC,2275.1572428910263
2036,Agri05_Agroforestry,DEE,2528.854823390683
2036,Agri05_Agroforestry,DED,2449.907908634447
2036,Agri05_Agroforestry,DEF,160.1677900066553
2036,Agri05_Agroforestry,DEG,128.28269616346586
2036,Agri06_Biochar,DE1,64956.77451248829
2036,Agri06_Biochar,DE2,66537.98423421501
2036,Agri06_Biochar,DE3,63619.93496491397
2036,Agri06_Biochar,DE4,69151.65873208837
2036,Agri06_Biochar,DE5,29298.928117217445
2036,Agri06_Biochar,DE6,2749.810290017028
2036,Agri06_Biochar,DE7,10111.053966230873
2036,Agri06_Biochar,DE8,64181.32230496468
2036,Agri06_Biochar,DE9,65318.854778539135
2036,Agri06_Biochar,DEA,64306.742664990525
2036,Agri06_Biochar,DEB,44286.82656698364
2036,Agri06_Biochar,DEC,43126.995057700326
2036,Agri06_Biochar,DEE,45683.22941713209
2036,Agri06_Biochar,DED,44805.38334944755
2036,Agri06_Biochar,DEF,943.361832079237
2036,Agri06_Biochar,DEG,758.657092860298
2037,Agri01_AGC,DE1,10877.57753642082
2037,Agri01_AGC,DE2,14331.890054664222
2037,Agri01_AGC,DE3,7957.116372656862
2037,Agri01_AGC,DE4,11021.7449737422
2037,Agri01_AGC,DE5,3679.969721124354
2037,Agri01_AGC,DE6,373.3493753814532
2037,Agri01_AGC,DE7,2815.2228753277413
2037,Agri01_AGC,DE8,10646.135270983264
2037,Agri01_AGC,DE9,13131.189979023937
2037,Agri01_AGC,DEA,10920.128729110233
2037,Agri01_AGC,DEB,6969.560516586549
2037,Agri01_AGC,DEC,5542.723287415822
2037,Agri01_AGC,DEE,7909.689188749904
2037,Agri01_AGC,DED,7237.082663199961
2037,Agri01_AGC,DEF,2014.8621768589815
2037,Agri01_AGC,DEG,1611.3559979530442
2037,Agri02_OFC,DE1,7718.9230148576025
2037,Agri02_OFC,DE2,10170.164783376695
2037,Agri02_OFC,DE3,5646.511688393
2037,Agri02_OFC,DE4,7821.226799519864
2037,Agri02_OFC,DE5,2611.372144143085
2037,Agri02_OFC,DE6,264.9353752308771
2037,Agri02_OFC,DE7,1997.7323601290677
2037,Agri02_OFC,DE8,7554.687455670353
2037,Agri02_OFC,DE9,9318.126595943037
2037,Agri02_OFC,DEA,7749.118100064784
2037,Agri02_OFC,DEB,4945.724440464379
2037,Agri02_OFC,DEC,3933.2152958662195
2037,Agri02_OFC,DEE,5612.8565128574955
2037,Agri02_OFC,DED,5135.562926796863
2037,Agri02_OFC,DEF,1429.7821345468735
2037,Agri02_OFC,DEG,1143.4469537066789
2037,Agri03_No-till,DE1,650.5761341846593
2037,Agri03_No-till,DE2,857.1748255624016
2037,Agri03_No-till,DE3,475.9065142627257
2037,Agri03_No-till,DE4,659.1986325059827
2037,Agri03_No-till,DE5,220.09500433985787
2037,Agri03_No-till,DE6,22.32962187790985
2037,Agri03_No-till,DE7,168.37543184285025
2037,Agri03_No-till,DE8,636.7338228951137
2037,Agri03_No-till,DE9,785.3622541594572
2037,Agri03_No-till,DEA,653.1210749448732
2037,Agri03_No-till,DEB,416.8418678391573
2037,Agri03_No-till,DEC,331.5042781454431
2037,Agri03_No-till,DEE,473.0699457475261
2037,Agri03_No-till,DED,432.8420777544435
2037,Agri03_No-till,DEF,120.50672510003719
2037,Agri03_No-till,DEG,96.3734574571916
2037,Agri04_toGrassland,DE1,73.44096935417879
2037,Agri04_toGrassland,DE2,96.76307934996227
2037,Agri04_toGrassland,DE3,53.7232060829062
2037,Agri04_toGrassland,DE4,74.41432912208111
2037,Agri04_toGrassland,DE5,24.845655441986086
2037,Agri04_toGrassland,DE6,2.5207027891996203
2037,Agri04_toGrassland,DE7,19.007237247435704
2037,Agri04_toGrassland,DE8,71.87836552383605
2037,Agri04_toGrassland,DE9,88.65644189659473
2037,Agri04_toGrassland,DEA,73.72825766150858
2037,Agri04_toGrassland,DEB,47.055631513259506
2037,Agri04_toGrassland,DEC,37.422208182552666
2037,Agri04_toGrassland,DEE,53.402997070540756
2037,Agri04_toGrassland,DED,48.86183199357936
2037,Agri04_toGrassland,DEF,13.603528073060641
2037,Agri04_toGrassland,DEG,10.879218839682974
2037,Agri05_Agroforestry,DE1,3766.6635241876365
2037,Agri05_Agroforestry,DE2,4020.126455462567
2037,Agri05_Agroforestry,DE3,3552.3723610885236
2037,Agri05_Agroforestry,DE4,3981.5961042766503
2037,Agri05_Agroforestry,DE5,1636.761088747458
2037,Agri05_Agroforestry,DE6,155.03463047415957
2037,Agri05_Agroforestry,DE7,643.221921932613
2037,Agri05_Agroforestry,DE8,3716.5447458566337
2037,Agri05_Agroforestry,DE9,3898.88761360586
2037,Agri05_Agroforestry,DEA,3736.6492339943575
2037,Agri05_Agroforestry,DEB,2545.41612986088
2037,Agri05_Agroforestry,DEC,2415.6424701303563
2037,Agri05_Agroforestry,DEE,2662.212689099192
2037,Agri05_Agroforestry,DED,2584.6501739659934
2037,Agri05_Agroforestry,DEF,148.8844411541192
2037,Agri05_Agroforestry,DEG,119.2768540140147
2037,Agri06_Biochar,DE1,68837.16662072521
2037,Agri06_Biochar,DE2,70305.43279090001
2037,Agri06_Biochar,DE3,67595.81561226334
2037,Agri06_Biochar,DE4,73318.94926995115
2037,Agri06_Biochar,DE5,31128.93668761382
2037,Agri06_Biochar,DE6,2919.744371991773
2037,Agri06_Biochar,DE7,10642.107117342017
2037,Agri06_Biochar,DE8,68021.99612839163
2037,Agri06_Biochar,DE9,69078.27628242505
2037,Agri06_Biochar,DEA,68138.45789127277
2037,Agri06_Biochar,DEB,46961.48007713124
2037,Agri06_Biochar,DEC,45812.51435215266
2037,Agri06_Biochar,DEE,48395.37421684775
2037,Agri06_Biochar,DED,47499.265202670744
2037,Agri06_Biochar,DEF,878.9705023499298
2037,Agri06_Biochar,DEG,707.4589587894867
2038,Agri01_AGC,DE1,11120.183505476136
2038,Agri01_AGC,DE2,14308.779676162352
2038,Agri01_AGC,DE3,8424.37320046325
2038,Agri01_AGC,DE4,11327.563735646007
2038,Agri01_AGC,DE5,3893.8380238412756
2038,Agri01_AGC,DE6,391.0396674761306
2038,Agri01_AGC,DE7,2757.4329441763803
2038,Agri01_AGC,DE8,10894.496148035032
2038,Agri01_AGC,DE9,13188.392801611039
2038,Agri01_AGC,DEA,11147.413186306081
2038,Agri01_AGC,DEB,7173.004000997331
2038,Agri01_AGC,DEC,5846.805068269248
2038,Agri01_AGC,DEE,8058.2000692739875
2038,Agri01_AGC,DED,7427.075622438624
2038,Agri01_AGC,DEF,1860.2517649349616
2038,Agri01_AGC,DEG,1487.784522867942
2038,Agri02_OFC,DE1,7891.080537229913
2038,Agri02_OFC,DE2,10153.76524663215
2038,Agri02_OFC,DE3,5978.085466647202
2038,Agri02_OFC,DE4,8038.241247059374
2038,Agri02_OFC,DE5,2763.1369059627805
2038,Agri02_OFC,DE6,277.4887219969154
2038,Agri02_OFC,DE7,1956.7235943356081
2038,Agri02_OFC,DE8,7730.928763392249
2038,Agri02_OFC,DE9,9358.718739028573
2038,Agri02_OFC,DEA,7910.403204371723
2038,Agri02_OFC,DEB,5090.091565293711
2038,Agri02_OFC,DEC,4148.997150674375
2038,Agri02_OFC,DEE,5718.242482279076
2038,Agri02_OFC,DED,5270.385319082084
2038,Agri02_OFC,DEF,1320.0678288624463
2038,Agri02_OFC,DEG,1055.758431163805
2038,Agri03_No-till,DE1,665.0861344994963
2038,Agri03_No-till,DE2,855.7926188481815
2038,Agri03_No-till,DE3,503.85263918694216
2038,Agri03_No-till,DE4,677.4893215141146
2038,Agri03_No-till,DE5,232.88623594821388
2038,Agri03_No-till,DE6,23.387659092999158
2038,Agri03_No-till,DE7,164.91907863577202
2038,Agri03_No-till,DE8,651.5880180257896
2038,Agri03_No-till,DE9,788.7834930390297
2038,Agri03_No-till,DEA,666.7147122255676
2038,Agri03_No-till,DEB,429.0096023526429
2038,Agri03_No-till,DEC,349.6910801977595
2038,Agri03_No-till,DEE,481.95222070371176
2038,Agri03_No-till,DED,444.20535092164766
2038,Agri03_No-till,DEF,111.2596437754095
2038,Agri03_No-till,DEG,88.98278133585973
2038,Agri04_toGrassland,DE1,75.07894596053951
2038,Agri04_toGrassland,DE2,96.60704749510887
2038,Agri04_toGrassland,DE3,56.87793371013405
2038,Agri04_toGrassland,DE4,76.4790927374826
2038,Agri04_toGrassland,DE5,26.289607039947466
2038,Agri04_toGrassland,DE6,2.640140430093621
2038,Agri04_toGrassland,DE7,18.617063189980655
2038,Agri04_toGrassland,DE8,73.55519692303908
2038,Agri04_toGrassland,DE9,89.04265203635478
2038,Agri04_toGrassland,DEA,75.26278966550603
2038,Agri04_toGrassland,DEB,48.4291989876253
2038,Agri04_toGrassland,DEC,39.475244409970706
2038,Agri04_toGrassland,DEE,54.40568199637215
2038,Agri04_toGrassland,DED,50.144587004999636
2038,Agri04_toGrassland,DEF,12.559661597650063
2038,Agri04_toGrassland,DEG,10.04491461299375
2038,Agri05_Agroforestry,DE1,3959.083319263577
2038,Agri05_Agroforestry,DE2,4193.049101978897
2038,Agri05_Agroforestry,DE3,3761.276091787472
2038,Agri05_Agroforestry,DE4,4190.675022450186
2038,Agri05_Agroforestry,DE5,1732.8503387100207
2038,Agri05_Agroforestry,DE6,163.84089461199034
2038,Agri05_Agroforestry,DE7,664.6669927842286
2038,Agri05_Agroforestry,DE8,3907.4376049572643
2038,Agri05_Agroforestry,DE9,4075.7540982642427
2038,Agri05_Agroforestry,DEA,3925.995594007471
2038,Agri05_Agroforestry,DEB,2679.9921385622997
2038,Agri05_Agroforestry,DEC,2556.1276973696854
2038,Agri05_Agroforestry,DEE,2795.5705548077012
2038,Agri05_Agroforestry,DED,2719.3924392975396
2038,Agri05_Agroforestry,DEF,137.60109230158312
2038,Agri05_Agroforestry,DEG,110.27101186456358
2038,Agri06_Biochar,DE1,72717.55872896213
2038,Agri06_Biochar,DE2,74072.88134758502
2038,Agri06_Biochar,DE3,71571.6962596127
2038,Agri06_Biochar,DE4,77486.23980781391
2038,Agri06_Biochar,DE5,32958.94525801019
2038,Agri06_Biochar,DE6,3089.6784539665177
2038,Agri06_Biochar,DE7,11173.16026845316
2038,Agri06_Biochar,DE8,71862.66995181858
2038,Agri06_Biochar,DE9,72837.69778631098
2038,Agri06_Biochar,DEA,71970.17311755502
2038,Agri06_Biochar,DEB,49636.13358727884
2038,Agri06_Biochar,DEC,48498.033646604985
2038,Agri06_Biochar,DEE,51107.5190165634
2038,Agri06_Biochar,DED,50193.147055893955
2038,Agri06_Biochar,DEF,814.5791726206228
2038,Agri06_Biochar,DEG,656.2608247186753
2039,Agri01_AGC,DE1,11362.78947453145
2039,Agri01_AGC,DE2,14285.669297660483
2039,Agri01_AGC,DE3,8891.63002826964
2039,Agri01_AGC,DE4,11633.382497549814
2039,Agri01_AGC,DE5,4107.706326558197
2039,Agri01_AGC,DE6,408.7299595708081
2039,Agri01_AGC,DE7,2699.643013025019
2039,Agri01_AGC,DE8,11142.857025086803
2039,Agri01_AGC,DE9,13245.59562419814
2039,Agri01_AGC,DEA,11374.69764350193
2039,Agri01_AGC,DEB,7376.447485408114
2039,Agri01_AGC,DEC,6150.886849122675
2039,Agri01_AGC,DEE,8206.710949798071
2039,Agri01_AGC,DED,7617.0685816772875
2039,Agri01_AGC,DEF,1705.6413530109412
2039,Agri01_AGC,DEG,1364.213047782841
2039,Agri02_OFC,DE1,8063.238059602223
2039,Agri02_OFC,DE2,10137.365709887606
2039,Agri02_OFC,DE3,6309.659244901404
2039,Agri02_OFC,DE4,8255.255694598884
2039,Agri02_OFC,DE5,2914.901667782476
2039,Agri02_OFC,DE6,290.0420687629537
2039,Agri02_OFC,DE7,1915.7148285421486
2039,Agri02_OFC,DE8,7907.170071114144
2039,Agri02_OFC,DE9,9399.310882114107
2039,Agri02_OFC,DEA,8071.688308678662
2039,Agri02_OFC,DEB,5234.458690123043
2039,Agri02_OFC,DEC,4364.779005482529
2039,Agri02_OFC,DEE,5823.628451700657
2039,Agri02_OFC,DED,5405.207711367304
2039,Agri02_OFC,DEF,1210.3535231780193
2039,Agri02_OFC,DEG,968.0699086209315
2039,Agri03_No-till,DE1,679.5961348143333
2039,Agri03_No-till,DE2,854.4104121339614
2039,Agri03_No-till,DE3,531.7987641111587
2039,Agri03_No-till,DE4,695.7800105222468
2039,Agri03_No-till,DE5,245.6774675565699
2039,Agri03_No-till,DE6,24.445696308088458
2039,Agri03_No-till,DE7,161.4627254286938
2039,Agri03_No-till,DE8,666.4422131564654
2039,Agri03_No-till,DE9,792.2047319186022
2039,Agri03_No-till,DEA,680.308349506262
2039,Agri03_No-till,DEB,441.17733686612854
2039,Agri03_No-till,DEC,367.8778822500759
2039,Agri03_No-till,DEE,490.83449565989736
2039,Agri03_No-till,DED,455.56862408885183
2039,Agri03_No-till,DEF,102.01256245078181
2039,Agri03_No-till,DEG,81.59210521452783
2039,Agri04_toGrassland,DE1,76.71692256690025
2039,Agri04_toGrassland,DE2,96.45101564025549
2039,Agri04_toGrassland,DE3,60.0326613373619
2039,Agri04_toGrassland,DE4,78.5438563528841
2039,Agri04_toGrassland,DE5,27.73355863790885
2039,Agri04_toGrassland,DE6,2.7595780709876214
2039,Agri04_toGrassland,DE7,18.226889132525606
2039,Agri04_toGrassland,DE8,75.2320283222421
2039,Agri04_toGrassland,DE9,89.42886217611483
2039,Agri04_toGrassland,DEA,76.79732166950348
2039,Agri04_toGrassland,DEB,49.802766461991084
2039,Agri04_toGrassland,DEC,41.52828063738875
2039,Agri04_toGrassland,DEE,55.40836692220354
2039,Agri04_toGrassland,DED,51.427342016419914
2039,Agri04_toGrassland,DEF,11.515795122239481
2039,Agri04_toGrassland,DEG,9.210610386304527
2039,Agri05_Agroforestry,DE1,4151.503114339517
2039,Agri05_Agroforestry,DE2,4365.971748495227
2039,Agri05_Agroforestry,DE3,3970.179822486421
2039,Agri05_Agroforestry,DE4,4399.753940623721
2039,Agri05_Agroforestry,DE5,1828.9395886725836
2039,Agri05_Agroforestry,DE6,172.64715874982113
2039,Agri05_Agroforestry,DE7,686.1120636358443
2039,Agri05_Agroforestry,DE8,4098.330464057895
2039,Agri05_Agroforestry,DE9,4252.6205829226255
2039,Agri05_Agroforestry,DEA,4115.341954020585
2039,Agri05_Agroforestry,DEB,2814.568147263719
2039,Agri05_Agroforestry,DEC,2696.6129246090154
2039,Agri05_Agroforestry,DEE,2928.9284205162103
2039,Agri05_Agroforestry,DED,2854.1347046290857
2039,Agri05_Agroforestry,DEF,126.31774344904701
2039,Agri05_Agroforestry,DEG,101.26516971511242
2039,Agri06_Biochar,DE1,76597.95083719905
2039,Agri06_Biochar,DE2,77840.32990427004
2039,Agri06_Biochar,DE3,75547.57690696207
2039,Agri06_Biochar,DE4,81653.53034567667
2039,Agri06_Biochar,DE5,34788.95382840657
2039,Agri06_Biochar,DE6,3259.612535941263
2039,Agri06_Biochar,DE7,11704.213419564307
2039,Agri06_Biochar,DE8,75703.34377524554
2039,Agri06_Biochar,DE9,76597.11929019689
2039,Agri06_Biochar,DEA,75801.88834383727
2039,Agri06_Biochar,DEB,52310.787097426444
2039,Agri06_Biochar,DEC,51183.55294105732
2039,Agri06_Biochar,DEE,53819.66381627904
2039,Agri06_Biochar,DED,52887.02890911715
2039,Agri06_Biochar,DEF,750.1878428913158
2039,Agri06_Biochar,DEG,605.062690647864
2040,Agri01_AGC,DE1,11605.395443586765
2040,Agri01_AGC,DE2,14262.558919158611
2040,Agri01_AGC,DE3,9358.886856076027
2040,Agri01_AGC,DE4,11939.20125945362
2040,Agri01_AGC,DE5,4321.574629275119
2040,Agri01_AGC,DE6,426.4202516654855
2040,Agri01_AGC,DE7,2641.853081873658
2040,Agri01_AGC,DE8,11391.217902138571
2040,Agri01_AGC,DE9,13302.798446785244
2040,Agri01_AGC,DEA,11601.982100697778
2040,Agri01_AGC,DEB,7579.890969818895
2040,Agri01_AGC,DEC,6454.9686299761015
2040,Agri01_AGC,DEE,8355.221830322156
2040,Agri01_AGC,DED,7807.061540915951
2040,Agri01_AGC,DEF,1551.0309410869213
2040,Agri01_AGC,DEG,1240.6415726977389
2040,Agri02_OFC,DE1,8235.395581974532
2040,Agri02_OFC,DE2,10120.966173143064
2040,Agri02_OFC,DE3,6641.233023155606
2040,Agri02_OFC,DE4,8472.270142138395
2040,Agri02_OFC,DE5,3066.6664296021722
2040,Agri02_OFC,DE6,302.59541552899196
2040,Agri02_OFC,DE7,1874.706062748689
2040,Agri02_OFC,DE8,8083.411378836039
2040,Agri02_OFC,DE9,9439.903025199643
2040,Agri02_OFC,DEA,8232.9734129856
2040,Agri02_OFC,DEB,5378.825814952376
2040,Agri02_OFC,DEC,4580.560860290684
2040,Agri02_OFC,DEE,5929.014421122238
2040,Agri02_OFC,DED,5540.030103652523
2040,Agri02_OFC,DEF,1100.6392174935918
2040,Agri02_OFC,DEG,880.3813860780576
2040,Agri03_No-till,DE1,694.1061351291703
2040,Agri03_No-till,DE2,853.0282054197412
2040,Agri03_No-till,DE3,559.7448890353752
2040,Agri03_No-till,DE4,714.070699530379
2040,Agri03_No-till,DE5,258.4686991649259
2040,Agri03_No-till,DE6,25.503733523177765
2040,Agri03_No-till,DE7,158.00637222161558
2040,Agri03_No-till,DE8,681.2964082871413
2040,Agri03_No-till,DE9,795.6259707981748
2040,Agri03_No-till,DEA,693.9019867869563
2040,Agri03_No-till,DEB,453.3450713796142
2040,Agri03_No-till,DEC,386.0646843023924
2040,Agri03_No-till,DEE,499.716770616083
2040,Agri03_No-till,DED,466.931897256056
2040,Agri03_No-till,DEF,92.7654811261541
2040,Agri03_No-till,DEG,74.20142909319597
2040,Agri04_toGrassland,DE1,78.35489917326097
2040,Agri04_toGrassland,DE2,96.2949837854021
2040,Agri04_toGrassland,DE3,63.18738896458974
2040,Agri04_toGrassland,DE4,80.60861996828561
2040,Agri04_toGrassland,DE5,29.17751023587023
2040,Agri04_toGrassland,DE6,2.879015711881622
2040,Agri04_toGrassland,DE7,17.836715075070558
2040,Agri04_toGrassland,DE8,76.90885972144514
2040,Agri04_toGrassland,DE9,89.81507231587489
2040,Agri04_toGrassland,DEA,78.33185367350093
2040,Agri04_toGrassland,DEB,51.176333936356876
2040,Agri04_toGrassland,DEC,43.58131686480679
2040,Agri04_toGrassland,DEE,56.41105184803493
2040,Agri04_toGrassland,DED,52.71009702784019
2040,Agri04_toGrassland,DEF,10.4719286468289
2040,Agri04_toGrassland,DEG,8.376306159615307
2040,Agri05_Agroforestry,DE1,4343.922909415457
2040,Agri05_Agroforestry,DE2,4538.894395011557
2040,Agri05_Agroforestry,DE3,4179.08355318537
2040,Agri05_Agroforestry,DE4,4608.832858797256
2040,Agri05_Agroforestry,DE5,1925.0288386351463
2040,Agri05_Agroforestry,DE6,181.4534228876519
2040,Agri05_Agroforestry,DE7,707.55713448746
2040,Agri05_Agroforestry,DE8,4289.223323158525
2040,Agri05_Agroforestry,DE9,4429.487067581007
2040,Agri05_Agroforestry,DEA,4304.688314033698
2040,Agri05_Agroforestry,DEB,2949.1441559651385
2040,Agri05_Agroforestry,DEC,2837.0981518483445
2040,Agri05_Agroforestry,DEE,3062.2862862247193
2040,Agri05_Agroforestry,DED,2988.8769699606323
2040,Agri05_Agroforestry,DEF,115.03439459651091
2040,Agri05_Agroforestry,DEG,92.2593275656613
2040,Agri06_Biochar,DE1,80478.34294543597
2040,Agri06_Biochar,DE2,81607.77846095503
2040,Agri06_Biochar,DE3,79523.45755431145
2040,Agri06_Biochar,DE4,85820.82088353945
2040,Agri06_Biochar,DE5,36618.96239880295
2040,Agri06_Biochar,DE6,3429.546617916008
2040,Agri06_Biochar,DE7,12235.26657067545
2040,Agri06_Biochar,DE8,79544.0175986725
2040,Agri06_Biochar,DE9,80356.54079408282
2040,Agri06_Biochar,DEA,79633.60357011952
2040,Agri06_Biochar,DEB,54985.44060757404
2040,Agri06_Biochar,DEC,53869.072235509644
2040,Agri06_Biochar,DEE,56531.8086159947
2040,Agri06_Biochar,DED,55580.910762340354
2040,Agri06_Biochar,DEF,685.796513162009
2040,Agri06_Biochar,DEG,553.8645565770526
2041,Agri01_AGC,DE1,11848.00141264208
2041,Agri01_AGC,DE2,14239.448540656742
2041,Agri01_AGC,DE3,9826.143683882416
2041,Agri01_AGC,DE4,12245.020021357428
2041,Agri01_AGC,DE5,4535.44293199204
2041,Agri01_AGC,DE6,444.1105437601629
2041,Agri01_AGC,DE7,2584.063150722297
2041,Agri01_AGC,DE8,11639.57877919034
2041,Agri01_AGC,DE9,13360.001269372346
2041,Agri01_AGC,DEA,11829.266557893628
2041,Agri01_AGC,DEB,7783.334454229677
2041,Agri01_AGC,DEC,6759.050410829529
2041,Agri01_AGC,DEE,8503.73271084624
2041,Agri01_AGC,DED,7997.054500154615
2041,Agri01_AGC,DEF,1396.4205291629014
2041,Agri01_AGC,DEG,1117.0700976126368
2041,Agri02_OFC,DE1,8407.553104346842
2041,Agri02_OFC,DE2,10104.56663639852
2041,Agri02_OFC,DE3,6972.806801409809
2041,Agri02_OFC,DE4,8689.284589677905
2041,Agri02_OFC,DE5,3218.431191421868
2041,Agri02_OFC,DE6,315.1487622950303
2041,Agri02_OFC,DE7,1833.6972969552296
2041,Agri02_OFC,DE8,8259.652686557936
2041,Agri02_OFC,DE9,9480.495168285179
2041,Agri02_OFC,DEA,8394.258517292541
2041,Agri02_OFC,DEB,5523.192939781709
2041,Agri02_OFC,DEC,4796.342715098838
2041,Agri02_OFC,DEE,6034.4003905438185
2041,Agri02_OFC,DED,5674.852495937745
2041,Agri02_OFC,DEF,990.9249118091648
2041,Agri02_OFC,DEG,792.6928635351837
2041,Agri03_No-till,DE1,708.6161354440072
2041,Agri03_No-till,DE2,851.6459987055212
2041,Agri03_No-till,DE3,587.6910139595916
2041,Agri03_No-till,DE4,732.3613885385112
2041,Agri03_No-till,DE5,271.25993077328195
2041,Agri03_No-till,DE6,26.56177073826707
2041,Agri03_No-till,DE7,154.55001901453736
2041,Agri03_No-till,DE8,696.1506034178171
2041,Agri03_No-till,DE9,799.0472096777473
2041,Agri03_No-till,DEA,707.4956240676507
2041,Agri03_No-till,DEB,465.5128058930998
2041,Agri03_No-till,DEC,404.25148635470873
2041,Agri03_No-till,DEE,508.59904557226866
2041,Agri03_No-till,DED,478.2951704232602
2041,Agri03_No-till,DEF,83.51839980152639
2041,Agri03_No-till,DEG,66.81075297186408
2041,Agri04_toGrassland,DE1,79.9928757796217
2041,Agri04_toGrassland,DE2,96.13895193054871
2041,Agri04_toGrassland,DE3,66.34211659181759
2041,Agri04_toGrassland,DE4,82.6733835836871
2041,Agri04_toGrassland,DE5,30.62146183383161
2041,Agri04_toGrassland,DE6,2.998453352775622
2041,Agri04_toGrassland,DE7,17.44654101761551
2041,Agri04_toGrassland,DE8,78.58569112064816
2041,Agri04_toGrassland,DE9,90.20128245563494
2041,Agri04_toGrassland,DEA,79.86638567749837
2041,Agri04_toGrassland,DEB,52.54990141072267
2041,Agri04_toGrassland,DEC,45.63435309222483
2041,Agri04_toGrassland,DEE,57.41373677386633
2041,Agri04_toGrassland,DED,53.99285203926047
2041,Agri04_toGrassland,DEF,9.428062171418315
2041,Agri04_toGrassland,DEG,7.542001932926084
2041,Agri05_Agroforestry,DE1,4536.342704491397
2041,Agri05_Agroforestry,DE2,4711.817041527887
2041,Agri05_Agroforestry,DE3,4387.9872838843185
2041,Agri05_Agroforestry,DE4,4817.911776970791
2041,Agri05_Agroforestry,DE5,2021.1180885977092
2041,Agri05_Agroforestry,DE6,190.25968702548266
2041,Agri05_Agroforestry,DE7,729.0022053390755
2041,Agri05_Agroforestry,DE8,4480.116182259157
2041,Agri05_Agroforestry,DE9,4606.35355223939
2041,Agri05_Agroforestry,DEA,4494.03467404681
2041,Agri05_Agroforestry,DEB,3083.720164666558
2041,Agri05_Agroforestry,DEC,2977.5833790876745
2041,Agri05_Agroforestry,DEE,3195.644151933229
2041,Agri05_Agroforestry,DED,3123.619235292179
2041,Agri05_Agroforestry,DEF,103.75104574397483
2041,Agri05_Agroforestry,DEG,83.25348541621014
2041,Agri06_Biochar,DE1,84358.73505367288
2041,Agri06_Biochar,DE2,85375.22701764005
2041,Agri06_Biochar,DE3,83499.33820166081
2041,Agri06_Biochar,DE4,89988.11142140222
2041,Agri06_Biochar,DE5,38448.97096919932
2041,Agri06_Biochar,DE6,3599.480699890753
2041,Agri06_Biochar,DE7,12766.319721786596
2041,Agri06_Biochar,DE8,83384.69142209944
2041,Agri06_Biochar,DE9,84115.96229796873
2041,Agri06_Biochar,DEA,83465.31879640177
2041,Agri06_Biochar,DEB,57660.09411772164
2041,Agri06_Biochar,DEC,56554.59152996198
2041,Agri06_Biochar,DEE,59243.95341571035
2041,Agri06_Biochar,DED,58274.79261556355
2041,Agri06_Biochar,DEF,621.405183432702
2041,Agri06_Biochar,DEG,502.66642250624113
2042,Agri01_AGC,DE1,12090.607381697395
2042,Agri01_AGC,DE2,14216.338162154872
2042,Agri01_AGC,DE3,10293.400511688804
2042,Agri01_AGC,DE4,12550.838783261235
2042,Agri01_AGC,DE5,4749.311234708963
2042,Agri01_AGC,DE6,461.8008358548404
2042,Agri01_AGC,DE7,2526.273219570936
2042,Agri01_AGC,DE8,11887.93965624211
2042,Agri01_AGC,DE9,13417.204091959447
2042,Agri01_AGC,DEA,12056.551015089475
2042,Agri01_AGC,DEB,7986.777938640459
2042,Agri01_AGC,DEC,7063.132191682955
2042,Agri01_AGC,DEE,8652.243591370323
2042,Agri01_AGC,DED,8187.0474593932795
2042,Agri01_AGC,DEF,1241.810117238881
2042,Agri01_AGC,DEG,993.4986225275352
2042,Agri02_OFC,DE1,8579.710626719152
2042,Agri02_OFC,DE2,10088.167099653976
2042,Agri02_OFC,DE3,7304.380579664011
2042,Agri02_OFC,DE4,8906.299037217415
2042,Agri02_OFC,DE5,3370.1959532415635
2042,Agri02_OFC,DE6,327.7021090610686
2042,Agri02_OFC,DE7,1792.6885311617702
2042,Agri02_OFC,DE8,8435.893994279832
2042,Agri02_OFC,DE9,9521.087311370713
2042,Agri02_OFC,DEA,8555.543621599481
2042,Agri02_OFC,DEB,5667.5600646110415
2042,Agri02_OFC,DEC,5012.124569906993
2042,Agri02_OFC,DEE,6139.786359965399
2042,Agri02_OFC,DED,5809.674888222964
2042,Agri02_OFC,DEF,881.2106061247373
2042,Agri02_OFC,DEG,705.0043409923101
2042,Agri03_No-till,DE1,723.1261357588442
2042,Agri03_No-till,DE2,850.263791991301
2042,Agri03_No-till,DE3,615.6371388838082
2042,Agri03_No-till,DE4,750.6520775466433
2042,Agri03_No-till,DE5,284.05116238163794
2042,Agri03_No-till,DE6,27.61980795335638
2042,Agri03_No-till,DE7,151.09366580745913
2042,Agri03_No-till,DE8,711.004798548493
2042,Agri03_No-till,DE9,802.4684485573198
2042,Agri03_No-till,DEA,721.0892613483452
2042,Agri03_No-till,DEB,477.68054040658546
2042,Agri03_No-till,DEC,422.43828840702514
2042,Agri03_No-till,DEE,517.4813205284543
2042,Agri03_No-till,DED,489.65844359046434
2042,Agri03_No-till,DEF,74.2713184768987
2042,Agri03_No-till,DEG,59.42007685053218
2042,Agri04_toGrassland,DE1,81.63085238598242
2042,Agri04_toGrassland,DE2,95.98292007569532
2042,Agri04_toGrassland,DE3,69.49684421904544
2042,Agri04_toGrassland,DE4,84.7381471990886
2042,Agri04_toGrassland,DE5,32.06541343179299
2042,Agri04_toGrassland,DE6,3.1178909936696226
2042,Agri04_toGrassland,DE7,17.05636696016046
2042,Agri04_toGrassland,DE8,80.26252251985119
2042,Agri04_toGrassland,DE9,90.58749259539499
2042,Agri04_toGrassland,DEA,81.40091768149583
2042,Agri04_toGrassland,DEB,53.923468885088454
2042,Agri04_toGrassland,DEC,47.68738931964287
2042,Agri04_toGrassland,DEE,58.41642169969772
2042,Agri04_toGrassland,DED,55.27560705068075
2042,Agri04_toGrassland,DEF,8.384195696007737
2042,Agri04_toGrassland,DEG,6.707697706236861
2042,Agri05_Agroforestry,DE1,4728.762499567337
2042,Agri05_Agroforestry,DE2,4884.7396880442175
2042,Agri05_Agroforestry,DE3,4596.891014583267
2042,Agri05_Agroforestry,DE4,5026.990695144327
2042,Agri05_Agroforestry,DE5,2117.207338560272
2042,Agri05_Agroforestry,DE6,199.06595116331343
2042,Agri05_Agroforestry,DE7,750.4472761906911
2042,Agri05_Agroforestry,DE8,4671.009041359786
2042,Agri05_Agroforestry,DE9,4783.220036897772
2042,Agri05_Agroforestry,DEA,4683.381034059925
2042,Agri05_Agroforestry,DEB,3218.2961733679776
2042,Agri05_Agroforestry,DEC,3118.068606327004
2042,Agri05_Agroforestry,DEE,3329.002017641738
2042,Agri05_Agroforestry,DED,3258.361500623725
2042,Agri05_Agroforestry,DEF,92.46769689143872
2042,Agri05_Agroforestry,DEG,74.24764326675901
2042,Agri06_Biochar,DE1,88239.1271619098
2042,Agri06_Biochar,DE2,89142.67557432505
2042,Agri06_Biochar,DE3,87475.21884901018
2042,Agri06_Biochar,DE4,94155.401959265
2042,Agri06_Biochar,DE5,40278.979539595704
2042,Agri06_Biochar,DE6,3769.414781865498
2042,Agri06_Biochar,DE7,13297.37287289774
2042,Agri06_Biochar,DE8,87225.3652455264
2042,Agri06_Biochar,DE9,87875.38380185464
2042,Agri06_Biochar,DEA,87297.03402268402
2042,Agri06_Biochar,DEB,60334.74762786924
2042,Agri06_Biochar,DEC,59240.1108244143
2042,Agri06_Biochar,DEE,61956.098215426005
2042,Agri06_Biochar,DED,60968.674468786754
2042,Agri06_Biochar,DEF,557.013853703395
2042,Agri06_Biochar,DEG,451.46828843542994
2043,Agri01_AGC,DE1,12333.21335075271
2043,Agri01_AGC,DE2,14193.227783653003
2043,Agri01_AGC,DE3,10760.657339495192
2043,Agri01_AGC,DE4,12856.657545165042
2043,Agri01_AGC,DE5,4963.179537425884
2043,Agri01_AGC,DE6,479.4911279495178
2043,Agri01_AGC,DE7,2468.483288419575
2043,Agri01_AGC,DE8,12136.30053329388
2043,Agri01_AGC,DE9,13474.40691454655
2043,Agri01_AGC,DEA,12283.835472285322
2043,Agri01_AGC,DEB,8190.221423051242
2043,Agri01_AGC,DEC,7367.213972536382
2043,Agri01_AGC,DEE,8800.754471894406
2043,Agri01_AGC,DED,8377.040418631943
2043,Agri01_AGC,DEF,1087.1997053148611
2043,Agri01_AGC,DEG,869.9271474424336
2043,Agri02_OFC,DE1,8751.86814909146
2043,Agri02_OFC,DE2,10071.767562909434
2043,Agri02_OFC,DE3,7635.954357918213
2043,Agri02_OFC,DE4,9123.313484756925
2043,Agri02_OFC,DE5,3521.9607150612596
2043,Agri02_OFC,DE6,340.25545582710686
2043,Agri02_OFC,DE7,1751.6797653683107
2043,Agri02_OFC,DE8,8612.135302001727
2043,Agri02_OFC,DE9,9561.679454456249
2043,Agri02_OFC,DEA,8716.82872590642
2043,Agri02_OFC,DEB,5811.927189440375
2043,Agri02_OFC,DEC,5227.906424715148
2043,Agri02_OFC,DEE,6245.17232938698
2043,Agri02_OFC,DED,5944.497280508183
2043,Agri02_OFC,DEF,771.4963004403098
2043,Agri02_OFC,DEG,617.3158184494362
2043,Agri03_No-till,DE1,737.6361360736812
2043,Agri03_No-till,DE2,848.8815852770808
2043,Agri03_No-till,DE3,643.5832638080246
2043,Agri03_No-till,DE4,768.9427665547755
2043,Agri03_No-till,DE5,296.842393989994
2043,Agri03_No-till,DE6,28.677845168445685
2043,Agri03_No-till,DE7,147.63731260038094
2043,Agri03_No-till,DE8,725.858993679169
2043,Agri03_No-till,DE9,805.8896874368924
2043,Agri03_No-till,DEA,734.6828986290395
2043,Agri03_No-till,DEB,489.84827492007105
2043,Agri03_No-till,DEC,440.62509045934155
2043,Agri03_No-till,DEE,526.36359548464
2043,Agri03_No-till,DED,501.02171675766846
2043,Agri03_No-till,DEF,65.02423715227101
2043,Agri03_No-till,DEG,52.02940072920032
2043,Agri04_toGrassland,DE1,83.26882899234315
2043,Agri04_toGrassland,DE2,95.82688822084194
2043,Agri04_toGrassland,DE3,72.65157184627328
2043,Agri04_toGrassland,DE4,86.8029108144901
2043,Agri04_toGrassland,DE5,33.50936502975437
2043,Agri04_toGrassland,DE6,3.2373286345636236
2043,Agri04_toGrassland,DE7,16.666192902705408
2043,Agri04_toGrassland,DE8,81.93935391905421
2043,Agri04_toGrassland,DE9,90.97370273515504
2043,Agri04_toGrassland,DEA,82.93544968549327
2043,Agri04_toGrassland,DEB,55.29703635945424
2043,Agri04_toGrassland,DEC,49.74042554706091
2043,Agri04_toGrassland,DEE,59.41910662552911
2043,Agri04_toGrassland,DED,56.558362062101025
2043,Agri04_toGrassland,DEF,7.340329220597155
2043,Agri04_toGrassland,DEG,5.873393479547637
2043,Agri05_Agroforestry,DE1,4921.182294643278
2043,Agri05_Agroforestry,DE2,5057.662334560548
2043,Agri05_Agroforestry,DE3,4805.794745282215
2043,Agri05_Agroforestry,DE4,5236.069613317862
2043,Agri05_Agroforestry,DE5,2213.296588522835
2043,Agri05_Agroforestry,DE6,207.87221530114422
2043,Agri05_Agroforestry,DE7,771.8923470423068
2043,Agri05_Agroforestry,DE8,4861.901900460417
2043,Agri05_Agroforestry,DE9,4960.086521556154
2043,Agri05_Agroforestry,DEA,4872.727394073037
2043,Agri05_Agroforestry,DEB,3352.8721820693972
2043,Agri05_Agroforestry,DEC,3258.5538335663337
2043,Agri05_Agroforestry,DEE,3462.359883350247
2043,Agri05_Agroforestry,DED,3393.1037659552712
2043,Agri05_Agroforestry,DEF,81.18434803890261
2043,Agri05_Agroforestry,DEG,65.24180111730786
2043,Agri06_Biochar,DE1,92119.51927014672
2043,Agri06_Biochar,DE2,92910.12413101007
2043,Agri06_Biochar,DE3,91451.09949635954
2043,Agri06_Biochar,DE4,98322.69249712778
2043,Agri06_Biochar,DE5,42108.98810999208
2043,Agri06_Biochar,DE6,3939.3488638402428
2043,Agri06_Biochar,DE7,13828.426024008884
2043,Agri06_Biochar,DE8,91066.03906895334
2043,Agri06_Biochar,DE9,91634.80530574058
2043,Agri06_Biochar,DEA,91128.74924896625
2043,Agri06_Biochar,DEB,63009.401138016845
2043,Agri06_Biochar,DEC,61925.63011886664
2043,Agri06_Biochar,DEE,64668.243015141656
2043,Agri06_Biochar,DED,63662.55632200995
2043,Agri06_Biochar,DEF,492.6225239740879
2043,Agri06_Biochar,DEG,400.2701543646185
2044,Agri01_AGC,DE1,12575.819319808024
2044,Agri01_AGC,DE2,14170.117405151132
2044,Agri01_AGC,DE3,11227.914167301582
2044,Agri01_AGC,DE4,13162.47630706885
2044,Agri01_AGC,DE5,5177.047840142805
2044,Agri01_AGC,DE6,497.1814200441952
2044,Agri01_AGC,DE7,2410.6933572682133
2044,Agri01_AGC,DE8,12384.661410345649
2044,Agri01_AGC,DE9,13531.609737133651
2044,Agri01_AGC,DEA,12511.119929481172
2044,Agri01_AGC,DEB,8393.664907462024
2044,Agri01_AGC,DEC,7671.295753389809
2044,Agri01_AGC,DEE,8949.26535241849
2044,Agri01_AGC,DED,8567.033377870608
2044,Agri01_AGC,DEF,932.5892933908408
2044,Agri01_AGC,DEG,746.3556723573315
2044,Agri02_OFC,DE1,8924.02567146377
2044,Agri02_OFC,DE2,10055.36802616489
2044,Agri02_OFC,DE3,7967.528136172416
2044,Agri02_OFC,DE4,9340.327932296437
2044,Agri02_OFC,DE5,3673.7254768809553
2044,Agri02_OFC,DE6,352.8088025931452
2044,Agri02_OFC,DE7,1710.670999574851
2044,Agri02_OFC,DE8,8788.376609723622
2044,Agri02_OFC,DE9,9602.271597541783
2044,Agri02_OFC,DEA,8878.113830213359
2044,Agri02_OFC,DEB,5956.294314269708
2044,Agri02_OFC,DEC,5443.688279523302
2044,Agri02_OFC,DEE,6350.558298808561
2044,Agri02_OFC,DED,6079.319672793404
2044,Agri02_OFC,DEF,661.7819947558828
2044,Agri02_OFC,DEG,529.6272959065623
2044,Agri03_No-till,DE1,752.1461363885181
2044,Agri03_No-till,DE2,847.4993785628608
2044,Agri03_No-till,DE3,671.5293887322412
2044,Agri03_No-till,DE4,787.2334555629077
2044,Agri03_No-till,DE5,309.63362559834997
2044,Agri03_No-till,DE6,29.735882383534992
2044,Agri03_No-till,DE7,144.1809593933027
2044,Agri03_No-till,DE8,740.713188809845
2044,Agri03_No-till,DE9,809.3109263164649
2044,Agri03_No-till,DEA,748.2765359097339
2044,Agri03_No-till,DEB,502.0160094335567
2044,Agri03_No-till,DEC,458.811892511658
2044,Agri03_No-till,DEE,535.2458704408256
2044,Agri03_No-till,DED,512.3849899248726
2044,Agri03_No-till,DEF,55.7771558276433
2044,Agri03_No-till,DEG,44.638724607868426
2044,Agri04_toGrassland,DE1,84.90680559870387
2044,Agri04_toGrassland,DE2,95.67085636598854
2044,Agri04_toGrassland,DE3,75.80629947350113
2044,Agri04_toGrassland,DE4,88.8676744298916
2044,Agri04_toGrassland,DE5,34.95331662771576
2044,Agri04_toGrassland,DE6,3.3567662754576237
2044,Agri04_toGrassland,DE7,16.276018845250356
2044,Agri04_toGrassland,DE8,83.61618531825724
2044,Agri04_toGrassland,DE9,91.3599128749151
2044,Agri04_toGrassland,DEA,84.46998168949072
2044,Agri04_toGrassland,DEB,56.67060383382004
2044,Agri04_toGrassland,DEC,51.793461774478956
2044,Agri04_toGrassland,DEE,60.421791551360506
2044,Agri04_toGrassland,DED,57.8411170735213
2044,Agri04_toGrassland,DEF,6.296462745186574
2044,Agri04_toGrassland,DEG,5.0390892528584175
2044,Agri05_Agroforestry,DE1,5113.6020897192175
2044,Agri05_Agroforestry,DE2,5230.584981076877
2044,Agri05_Agroforestry,DE3,5014.698475981165
2044,Agri05_Agroforestry,DE4,5445.148531491397
2044,Agri05_Agroforestry,DE5,2309.385838485398
2044,Agri05_Agroforestry,DE6,216.678479438975
2044,Agri05_Agroforestry,DE7,793.3374178939225
2044,Agri05_Agroforestry,DE8,5052.794759561048
2044,Agri05_Agroforestry,DE9,5136.953006214537
2044,Agri05_Agroforestry,DEA,5062.07375408615
2044,Agri05_Agroforestry,DEB,3487.4481907708164
2044,Agri05_Agroforestry,DEC,3399.0390608056637
2044,Agri05_Agroforestry,DEE,3595.717749058756
2044,Agri05_Agroforestry,DED,3527.846031286818
2044,Agri05_Agroforestry,DEF,69.9009991863665
2044,Agri05_Agroforestry,DEG,56.23595896785676
2044,Agri06_Biochar,DE1,95999.91137838362
2044,Agri06_Biochar,DE2,96677.57268769506
2044,Agri06_Biochar,DE3,95426.9801437089
2044,Agri06_Biochar,DE4,102489.98303499055
2044,Agri06_Biochar,DE5,43938.99668038845
2044,Agri06_Biochar,DE6,4109.282945814987
2044,Agri06_Biochar,DE7,14359.479175120028
2044,Agri06_Biochar,DE8,94906.7128923803
2044,Agri06_Biochar,DE9,95394.22680962649
2044,Agri06_Biochar,DEA,94960.46447524852
2044,Agri06_Biochar,DEB,65684.05464816444
2044,Agri06_Biochar,DEC,64611.14941331897
2044,Agri06_Biochar,DEE,67380.38781485731
2044,Agri06_Biochar,DED,66356.43817523314
2044,Agri06_Biochar,DEF,428.2311942447809
2044,Agri06_Biochar,DEG,349.0720202938071
2045,Agri01_AGC,DE1,12818.425288863338
2045,Agri01_AGC,DE2,14147.007026649262
2045,Agri01_AGC,DE3,11695.17099510797
2045,Agri01_AGC,DE4,13468.295068972657
2045,Agri01_AGC,DE5,5390.916142859727
2045,Agri01_AGC,DE6,514.8717121388726
2045,Agri01_AGC,DE7,2352.903426116852
2045,Agri01_AGC,DE8,12633.022287397416
2045,Agri01_AGC,DE9,13588.812559720753
2045,Agri01_AGC,DEA,12738.404386677023
2045,Agri01_AGC,DEB,8597.108391872807
2045,Agri01_AGC,DEC,7975.377534243236
2045,Agri01_AGC,DEE,9097.776232942573
2045,Agri01_AGC,DED,8757.026337109271
2045,Agri01_AGC,DEF,777.9788814668209
2045,Agri01_AGC,DEG,622.7841972722299
2045,Agri02_OFC,DE1,9096.183193836081
2045,Agri02_OFC,DE2,10038.968489420346
2045,Agri02_OFC,DE3,8299.101914426617
2045,Agri02_OFC,DE4,9557.342379835947
2045,Agri02_OFC,DE5,3825.490238700651
2045,Agri02_OFC,DE6,365.3621493591835
2045,Agri02_OFC,DE7,1669.6622337813917
2045,Agri02_OFC,DE8,8964.617917445517
2045,Agri02_OFC,DE9,9642.86374062732
2045,Agri02_OFC,DEA,9039.398934520299
2045,Agri02_OFC,DEB,6100.66143909904
2045,Agri02_OFC,DEC,5659.470134331457
2045,Agri02_OFC,DEE,6455.9442682301415
2045,Agri02_OFC,DED,6214.142065078624
2045,Agri02_OFC,DEF,552.0676890714553
2045,Agri02_OFC,DEG,441.9387733636886
2045,Agri03_No-till,DE1,766.6561367033552
2045,Agri03_No-till,DE2,846.1171718486406
2045,Agri03_No-till,DE3,699.4755136564577
2045,Agri03_No-till,DE4,805.5241445710398
2045,Agri03_No-till,DE5,322.424857206706
2045,Agri03_No-till,DE6,30.7939195986243
2045,Agri03_No-till,DE7,140.7246061862245
2045,Agri03_No-till,DE8,755.5673839405207
2045,Agri03_No-till,DE9,812.7321651960374
2045,Agri03_No-till,DEA,761.8701731904282
2045,Agri03_No-till,DEB,514.1837439470423
2045,Agri03_No-till,DEC,476.9986945639744
2045,Agri03_No-till,DEE,544.1281453970112
2045,Agri03_No-till,DED,523.7482630920767
2045,Agri03_No-till,DEF,46.530074503015584
2045,Agri03_No-till,DEG,37.24804848653653
2045,Agri04_toGrassland,DE1,86.54478220506459
2045,Agri04_toGrassland,DE2,95.51482451113516
2045,Agri04_toGrassland,DE3,78.96102710072898
2045,Agri04_toGrassland,DE4,90.9324380452931
2045,Agri04_toGrassland,DE5,36.39726822567714
2045,Agri04_toGrassland,DE6,3.4762039163516243
2045,Agri04_toGrassland,DE7,15.88584478779531
2045,Agri04_toGrassland,DE8,85.29301671746028
2045,Agri04_toGrassland,DE9,91.74612301467515
2045,Agri04_toGrassland,DEA,86.00451369348816
2045,Agri04_toGrassland,DEB,58.044171308185824
2045,Agri04_toGrassland,DEC,53.846498001897
2045,Agri04_toGrassland,DEE,61.4244764771919
2045,Agri04_toGrassland,DED,59.12387208494158
2045,Agri04_toGrassland,DEF,5.252596269775992
2045,Agri04_toGrassland,DEG,4.204785026169198
2045,Agri05_Agroforestry,DE1,5306.021884795157
2045,Agri05_Agroforestry,DE2,5403.507627593207
2045,Agri05_Agroforestry,DE3,5223.602206680113
2045,Agri05_Agroforestry,DE4,5654.2274496649325
2045,Agri05_Agroforestry,DE5,2405.4750884479604
2045,Agri05_Agroforestry,DE6,225.48474357680576
2045,Agri05_Agroforestry,DE7,814.7824887455381
2045,Agri05_Agroforestry,DE8,5243.687618661678
2045,Agri05_Agroforestry,DE9,5313.819490872919
2045,Agri05_Agroforestry,DEA,5251.420114099263
2045,Agri05_Agroforestry,DEB,3622.024199472236
2045,Agri05_Agroforestry,DEC,3539.5242880449928
2045,Agri05_Agroforestry,DEE,3729.075614767265
2045,Agri05_Agroforestry,DED,3662.588296618364
2045,Agri05_Agroforestry,DEF,58.6176503338304
2045,Agri05_Agroforestry,DEG,47.230116818405605
2045,Agri06_Biochar,DE1,99880.30348662054
2045,Agri06_Biochar,DE2,100445.02124438008
2045,Agri06_Biochar,DE3,99402.86079105828
2045,Agri06_Biochar,DE4,106657.2735728533
2045,Agri06_Biochar,DE5,45769.00525078482
2045,Agri06_Biochar,DE6,4279.217027789733
2045,Agri06_Biochar,DE7,14890.532326231172
2045,Agri06_Biochar,DE8,98747.38671580724
2045,Agri06_Biochar,DE9,99153.6483135124
2045,Agri06_Biochar,DEA,98792.17970153075
2045,Agri06_Biochar,DEB,68358.70815831205
2045,Agri06_Biochar,DEC,67296.6687077713
2045,Agri06_Biochar,DEE,70092.53261457295
2045,Agri06_Biochar,DED,69050.32002845635
2045,Agri06_Biochar,DEF,363.8398645154739
2045,Agri06_Biochar,DEG,297.8738862229957
2046,Agri01_AGC,DE1,13061.031257918654
2046,Agri01_AGC,DE2,14123.896648147393
2046,Agri01_AGC,DE3,12162.42782291436
2046,Agri01_AGC,DE4,13774.113830876464
2046,Agri01_AGC,DE5,5604.784445576649
2046,Agri01_AGC,DE6,532.56200423355
2046,Agri01_AGC,DE7,2295.113494965491
2046,Agri01_AGC,DE8,12881.383164449187
2046,Agri01_AGC,DE9,13646.015382307854
2046,Agri01_AGC,DEA,12965.68884387287
2046,Agri01_AGC,DEB,8800.551876283587
2046,Agri01_AGC,DEC,8279.459315096663
2046,Agri01_AGC,DEE,9246.287113466657
2046,Agri01_AGC,DED,8947.019296347935
2046,Agri01_AGC,DEF,623.368469542801
2046,Agri01_AGC,DEG,499.2127221871283
2046,Agri02_OFC,DE1,9268.34071620839
2046,Agri02_OFC,DE2,10022.568952675803
2046,Agri02_OFC,DE3,8630.675692680821
2046,Agri02_OFC,DE4,9774.356827375457
2046,Agri02_OFC,DE5,3977.255000520347
2046,Agri02_OFC,DE6,377.91549612522175
2046,Agri02_OFC,DE7,1628.6534679879321
2046,Agri02_OFC,DE8,9140.859225167413
2046,Agri02_OFC,DE9,9683.455883712855
2046,Agri02_OFC,DEA,9200.684038827238
2046,Agri02_OFC,DEB,6245.028563928373
2046,Agri02_OFC,DEC,5875.251989139612
2046,Agri02_OFC,DEE,6561.330237651722
2046,Agri02_OFC,DED,6348.964457363843
2046,Agri02_OFC,DEF,442.3533833870283
2046,Agri02_OFC,DEG,354.2502508208145
2046,Agri03_No-till,DE1,781.1661370181921
2046,Agri03_No-till,DE2,844.7349651344206
2046,Agri03_No-till,DE3,727.4216385806741
2046,Agri03_No-till,DE4,823.8148335791719
2046,Agri03_No-till,DE5,335.216088815062
2046,Agri03_No-till,DE6,31.8519568137136
2046,Agri03_No-till,DE7,137.26825297914624
2046,Agri03_No-till,DE8,770.4215790711967
2046,Agri03_No-till,DE9,816.15340407561
2046,Agri03_No-till,DEA,775.4638104711225
2046,Agri03_No-till,DEB,526.3514784605279
2046,Agri03_No-till,DEC,495.18549661629083
2046,Agri03_No-till,DEE,553.0104203531969
2046,Agri03_No-till,DED,535.1115362592809
2046,Agri03_No-till,DEF,37.282993178387926
2046,Agri03_No-till,DEG,29.857372365204668
2046,Agri04_toGrassland,DE1,88.18275881142532
2046,Agri04_toGrassland,DE2,95.35879265628176
2046,Agri04_toGrassland,DE3,82.11575472795683
2046,Agri04_toGrassland,DE4,92.9972016606946
2046,Agri04_toGrassland,DE5,37.84121982363852
2046,Agri04_toGrassland,DE6,3.5956415572456244
2046,Agri04_toGrassland,DE7,15.49567073034026
2046,Agri04_toGrassland,DE8,86.9698481166633
2046,Agri04_toGrassland,DE9,92.1323331544352
2046,Agri04_toGrassland,DEA,87.53904569748562
2046,Agri04_toGrassland,DEB,59.41773878255162
2046,Agri04_toGrassland,DEC,55.89953422931504
2046,Agri04_toGrassland,DEE,62.42716140302329
2046,Agri04_toGrassland,DED,60.40662709636186
2046,Agri04_toGrassland,DEF,4.208729794365411
2046,Agri04_toGrassland,DEG,3.3704807994799744
2046,Agri05_Agroforestry,DE1,5498.441679871097
2046,Agri05_Agroforestry,DE2,5576.430274109537
2046,Agri05_Agroforestry,DE3,5432.505937379062
2046,Agri05_Agroforestry,DE4,5863.306367838468
2046,Agri05_Agroforestry,DE5,2501.5643384105233
2046,Agri05_Agroforestry,DE6,234.29100771463655
2046,Agri05_Agroforestry,DE7,836.2275595971537
2046,Agri05_Agroforestry,DE8,5434.580477762309
2046,Agri05_Agroforestry,DE9,5490.685975531302
2046,Agri05_Agroforestry,DEA,5440.766474112377
2046,Agri05_Agroforestry,DEB,3756.600208173655
2046,Agri05_Agroforestry,DEC,3680.009515284323
2046,Agri05_Agroforestry,DEE,3862.433480475774
2046,Agri05_Agroforestry,DED,3797.3305619499106
2046,Agri05_Agroforestry,DEF,47.33430148129435
2046,Agri05_Agroforestry,DEG,38.22427466895448
2046,Agri06_Biochar,DE1,103760.69559485746
2046,Agri06_Biochar,DE2,104212.46980106509
2046,Agri06_Biochar,DE3,103378.74143840765
2046,Agri06_Biochar,DE4,110824.56411071608
2046,Agri06_Biochar,DE5,47599.01382118121
2046,Agri06_Biochar,DE6,4449.151109764477
2046,Agri06_Biochar,DE7,15421.585477342318
2046,Agri06_Biochar,DE8,102588.0605392342
2046,Agri06_Biochar,DE9,102913.06981739833
2046,Agri06_Biochar,DEA,102623.89492781302
2046,Agri06_Biochar,DEB,71033.36166845965
2046,Agri06_Biochar,DEC,69982.18800222363
2046,Agri06_Biochar,DEE,72804.67741428861
2046,Agri06_Biochar,DED,71744.20188167955
2046,Agri06_Biochar,DEF,299.4485347861669
2046,Agri06_Biochar,DEG,246.67575215218426
2047,Agri01_AGC,DE1,13303.63722697397
2047,Agri01_AGC,DE2,14100.786269645523
2047,Agri01_AGC,DE3,12629.684650720748
2047,Agri01_AGC,DE4,14079.932592780267
2047,Agri01_AGC,DE5,5818.65274829357
2047,Agri01_AGC,DE6,550.2522963282274
2047,Agri01_AGC,DE7,2237.32356381413
2047,Agri01_AGC,DE8,13129.744041500955
2047,Agri01_AGC,DE9,13703.218204894958
2047,Agri01_AGC,DEA,13192.973301068716
2047,Agri01_AGC,DEB,9003.99536069437
2047,Agri01_AGC,DEC,8583.541095950088
2047,Agri01_AGC,DEE,9394.797993990742
2047,Agri01_AGC,DED,9137.012255586598
2047,Agri01_AGC,DEF,468.7580576187802
2047,Agri01_AGC,DEG,375.6412471020262
2047,Agri02_OFC,DE1,9440.4982385807
2047,Agri02_OFC,DE2,10006.16941593126
2047,Agri02_OFC,DE3,8962.249470935021
2047,Agri02_OFC,DE4,9991.371274914967
2047,Agri02_OFC,DE5,4129.019762340043
2047,Agri02_OFC,DE6,390.4688428912601
2047,Agri02_OFC,DE7,1587.6447021944728
2047,Agri02_OFC,DE8,9317.100532889308
2047,Agri02_OFC,DE9,9724.04802679839
2047,Agri02_OFC,DEA,9361.969143134178
2047,Agri02_OFC,DEB,6389.395688757706
2047,Agri02_OFC,DEC,6091.033843947767
2047,Agri02_OFC,DEE,6666.716207073302
2047,Agri02_OFC,DED,6483.786849649064
2047,Agri02_OFC,DEF,332.6390777026013
2047,Agri02_OFC,DEG,266.5617282779408
2047,Agri03_No-till,DE1,795.6761373330291
2047,Agri03_No-till,DE2,843.3527584202004
2047,Agri03_No-till,DE3,755.3677635048906
2047,Agri03_No-till,DE4,842.105522587304
2047,Agri03_No-till,DE5,348.007320423418
2047,Agri03_No-till,DE6,32.909994028802906
2047,Agri03_No-till,DE7,133.81189977206805
2047,Agri03_No-till,DE8,785.2757742018725
2047,Agri03_No-till,DE9,819.5746429551825
2047,Agri03_No-till,DEA,789.0574477518169
2047,Agri03_No-till,DEB,538.5192129740136
2047,Agri03_No-till,DEC,513.3722986686073
2047,Agri03_No-till,DEE,561.8926953093825
2047,Agri03_No-till,DED,546.4748094264851
2047,Agri03_No-till,DEF,28.03591185376024
2047,Agri03_No-till,DEG,22.466696243872775
2047,Agri04_toGrassland,DE1,89.82073541778604
2047,Agri04_toGrassland,DE2,95.20276080142838
2047,Agri04_toGrassland,DE3,85.27048235518467
2047,Agri04_toGrassland,DE4,95.0619652760961
2047,Agri04_toGrassland,DE5,39.2851714215999
2047,Agri04_toGrassland,DE6,3.715079198139625
2047,Agri04_toGrassland,DE7,15.10549667288521
2047,Agri04_toGrassland,DE8,88.64667951586634
2047,Agri04_toGrassland,DE9,92.51854329419525
2047,Agri04_toGrassland,DEA,89.07357770148306
2047,Agri04_toGrassland,DEB,60.79130625691741
2047,Agri04_toGrassland,DEC,57.95257045673308
2047,Agri04_toGrassland,DEE,63.42984632885468
2047,Agri04_toGrassland,DED,61.68938210778214
2047,Agri04_toGrassland,DEF,3.164863318954829
2047,Agri04_toGrassland,DEG,2.536176572790751
2047,Agri05_Agroforestry,DE1,5690.861474947038
2047,Agri05_Agroforestry,DE2,5749.352920625867
2047,Agri05_Agroforestry,DE3,5641.409668078012
2047,Agri05_Agroforestry,DE4,6072.385286012002
2047,Agri05_Agroforestry,DE5,2597.653588373086
2047,Agri05_Agroforestry,DE6,243.09727185246732
2047,Agri05_Agroforestry,DE7,857.6726304487693
2047,Agri05_Agroforestry,DE8,5625.473336862939
2047,Agri05_Agroforestry,DE9,5667.552460189684
2047,Agri05_Agroforestry,DEA,5630.11283412549
2047,Agri05_Agroforestry,DEB,3891.1762168750747
2047,Agri05_Agroforestry,DEC,3820.494742523652
2047,Agri05_Agroforestry,DEE,3995.791346184283
2047,Agri05_Agroforestry,DED,3932.072827281457
2047,Agri05_Agroforestry,DEF,36.05095262875818
2047,Agri05_Agroforestry,DEG,29.218432519503352
2047,Agri06_Biochar,DE1,107641.08770309438
2047,Agri06_Biochar,DE2,107979.9183577501
2047,Agri06_Biochar,DE3,107354.62208575703
2047,Agri06_Biochar,DE4,114991.85464857885
2047,Agri06_Biochar,DE5,49429.022391577586
2047,Agri06_Biochar,DE6,4619.085191739223
2047,Agri06_Biochar,DE7,15952.638628453462
2047,Agri06_Biochar,DE8,106428.73436266114
2047,Agri06_Biochar,DE9,106672.49132128424
2047,Agri06_Biochar,DEA,106455.61015409525
2047,Agri06_Biochar,DEB,73708.01517860725
2047,Agri06_Biochar,DEC,72667.70729667596
2047,Agri06_Biochar,DEE,75516.82221400425
2047,Agri06_Biochar,DED,74438.08373490274
2047,Agri06_Biochar,DEF,235.05720505685963
2047,Agri06_Biochar,DEG,195.47761808137284
2048,Agri01_AGC,DE1,13546.243196029283
2048,Agri01_AGC,DE2,14077.675891143652
2048,Agri01_AGC,DE3,13096.941478527136
2048,Agri01_AGC,DE4,14385.751354684075
2048,Agri01_AGC,DE5,6032.521051010492
2048,Agri01_AGC,DE6,567.9425884229049
2048,Agri01_AGC,DE7,2179.533632662769
2048,Agri01_AGC,DE8,13378.104918552724
2048,Agri01_AGC,DE9,13760.42102748206
2048,Agri01_AGC,DEA,13420.257758264566
2048,Agri01_AGC,DEB,9207.438845105153
2048,Agri01_AGC,DEC,8887.622876803516
2048,Agri01_AGC,DEE,9543.308874514823
2048,Agri01_AGC,DED,9327.005214825262
2048,Agri01_AGC,DEF,314.1476456947603
2048,Agri01_AGC,DEG,252.06977201692462
2048,Agri02_OFC,DE1,9612.65576095301
2048,Agri02_OFC,DE2,9989.769879186715
2048,Agri02_OFC,DE3,9293.823249189225
2048,Agri02_OFC,DE4,10208.385722454477
2048,Agri02_OFC,DE5,4280.784524159739
2048,Agri02_OFC,DE6,403.0221896572984
2048,Agri02_OFC,DE7,1546.6359364010132
2048,Agri02_OFC,DE8,9493.341840611205
2048,Agri02_OFC,DE9,9764.640169883925
2048,Agri02_OFC,DEA,9523.254247441117
2048,Agri02_OFC,DEB,6533.762813587038
2048,Agri02_OFC,DEC,6306.815698755921
2048,Agri02_OFC,DEE,6772.102176494884
2048,Agri02_OFC,DED,6618.609241934284
2048,Agri02_OFC,DEF,222.92477201817383
2048,Agri02_OFC,DEG,178.87320573506713
2048,Agri03_No-till,DE1,810.1861376478661
2048,Agri03_No-till,DE2,841.9705517059803
2048,Agri03_No-till,DE3,783.3138884291071
2048,Agri03_No-till,DE4,860.3962115954363
2048,Agri03_No-till,DE5,360.798552031774
2048,Agri03_No-till,DE6,33.96803124389221
2048,Agri03_No-till,DE7,130.35554656498982
2048,Agri03_No-till,DE8,800.1299693325484
2048,Agri03_No-till,DE9,822.9958818347551
2048,Agri03_No-till,DEA,802.6510850325113
2048,Agri03_No-till,DEB,550.6869474874992
2048,Agri03_No-till,DEC,531.5591007209237
2048,Agri03_No-till,DEE,570.7749702655681
2048,Agri03_No-till,DED,557.8380825936893
2048,Agri03_No-till,DEF,18.788830529132497
2048,Agri03_No-till,DEG,15.076020122540882
2048,Agri04_toGrassland,DE1,91.45871202414676
2048,Agri04_toGrassland,DE2,95.04672894657499
2048,Agri04_toGrassland,DE3,88.42520998241251
2048,Agri04_toGrassland,DE4,97.1267288914976
2048,Agri04_toGrassland,DE5,40.729123019561285
2048,Agri04_toGrassland,DE6,3.834516839033626
2048,Agri04_toGrassland,DE7,14.71532261543016
2048,Agri04_toGrassland,DE8,90.32351091506936
2048,Agri04_toGrassland,DE9,92.9047534339553
2048,Agri04_toGrassland,DEA,90.60810970548052
2048,Agri04_toGrassland,DEB,62.164873731283194
2048,Agri04_toGrassland,DEC,60.00560668415112
2048,Agri04_toGrassland,DEE,64.43253125468607
2048,Agri04_toGrassland,DED,62.972137119202415
2048,Agri04_toGrassland,DEF,2.1209968435442477
2048,Agri04_toGrassland,DEG,1.7018723461015277
2048,Agri05_Agroforestry,DE1,5883.281270022978
2048,Agri05_Agroforestry,DE2,5922.275567142197
2048,Agri05_Agroforestry,DE3,5850.313398776961
2048,Agri05_Agroforestry,DE4,6281.464204185538
2048,Agri05_Agroforestry,DE5,2693.7428383356496
2048,Agri05_Agroforestry,DE6,251.90353599029808
2048,Agri05_Agroforestry,DE7,879.1177013003851
2048,Agri05_Agroforestry,DE8,5816.36619596357
2048,Agri05_Agroforestry,DE9,5844.4189448480665
2048,Agri05_Agroforestry,DEA,5819.459194138604
2048,Agri05_Agroforestry,DEB,4025.7522255764943
2048,Agri05_Agroforestry,DEC,3960.979969762982
2048,Agri05_Agroforestry,DEE,4129.149211892793
2048,Agri05_Agroforestry,DED,4066.8150926130033
2048,Agri05_Agroforestry,DEF,24.76760377622213
2048,Agri05_Agroforestry,DEG,20.212590370052197
2048,Agri06_Biochar,DE1,111521.47981133129
2048,Agri06_Biochar,DE2,111747.3669144351
2048,Agri06_Biochar,DE3,111330.50273310639
2048,Agri06_Biochar,DE4,119159.14518644163
2048,Agri06_Biochar,DE5,51259.03096197396
2048,Agri06_Biochar,DE6,4789.019273713968
2048,Agri06_Biochar,DE7,16483.691779564608
2048,Agri06_Biochar,DE8,110269.4081860881
2048,Agri06_Biochar,DE9,110431.91282517015
2048,Agri06_Biochar,DEA,110287.3253803775
2048,Agri06_Biochar,DEB,76382.66868875484
2048,Agri06_Biochar,DEC,75353.22659112829
2048,Agri06_Biochar,DEE,78228.9670137199
2048,Agri06_Biochar,DED,77131.96558812594
2048,Agri06_Biochar,DEF,170.66587532755284
2048,Agri06_Biochar,DEG,144.27948401056165
2049,Agri01_AGC,DE1,13788.849165084597
2049,Agri01_AGC,DE2,14054.565512641782
2049,Agri01_AGC,DE3,13564.198306333525
2049,Agri01_AGC,DE4,14691.570116587882
2049,Agri01_AGC,DE5,6246.389353727413
2049,Agri01_AGC,DE6,585.6328805175823
2049,Agri01_AGC,DE7,2121.743701511408
2049,Agri01_AGC,DE8,13626.465795604494
2049,Agri01_AGC,DE9,13817.623850069162
2049,Agri01_AGC,DEA,13647.542215460417
2049,Agri01_AGC,DEB,9410.882329515935
2049,Agri01_AGC,DEC,9191.704657656941
2049,Agri01_AGC,DEE,9691.819755038909
2049,Agri01_AGC,DED,9516.998174063925
2049,Agri01_AGC,DEF,159.5372337707404
2049,Agri01_AGC,DEG,128.49829693182255
2049,Agri02_OFC,DE1,9784.813283325318
2049,Agri02_OFC,DE2,9973.370342442173
2049,Agri02_OFC,DE3,9625.397027443425
2049,Agri02_OFC,DE4,10425.400169993987
2049,Agri02_OFC,DE5,4432.549285979435
2049,Agri02_OFC,DE6,415.57553642333664
2049,Agri02_OFC,DE7,1505.6271706075536
2049,Agri02_OFC,DE8,9669.5831483331
2049,Agri02_OFC,DE9,9805.23231296946
2049,Agri02_OFC,DEA,9684.539351748057
2049,Agri02_OFC,DEB,6678.129938416371
2049,Agri02_OFC,DEC,6522.5975535640755
2049,Agri02_OFC,DEE,6877.4881459164635
2049,Agri02_OFC,DED,6753.431634219503
2049,Agri02_OFC,DEF,113.21046633374635
2049,Agri02_OFC,DEG,91.18468319219346
2049,Agri03_No-till,DE1,824.696137962703
2049,Agri03_No-till,DE2,840.5883449917602
2049,Agri03_No-till,DE3,811.2600133533235
2049,Agri03_No-till,DE4,878.6869006035683
2049,Agri03_No-till,DE5,373.58978364013007
2049,Agri03_No-till,DE6,35.02606845898152
2049,Agri03_No-till,DE7,126.89919335791159
2049,Agri03_No-till,DE8,814.9841644632243
2049,Agri03_No-till,DE9,826.4171207143276
2049,Agri03_No-till,DEA,816.2447223132058
2049,Agri03_No-till,DEB,562.8546820009849
2049,Agri03_No-till,DEC,549.74590277324
2049,Agri03_No-till,DEE,579.6572452217538
2049,Agri03_No-till,DED,569.2013557608934
2049,Agri03_No-till,DEF,9.54174920450481
2049,Agri03_No-till,DEG,7.6853440012090175
2049,Agri04_toGrassland,DE1,93.09668863050749
2049,Agri04_toGrassland,DE2,94.8906970917216
2049,Agri04_toGrassland,DE3,91.57993760964037
2049,Agri04_toGrassland,DE4,99.1914925068991
2049,Agri04_toGrassland,DE5,42.173074617522666
2049,Agri04_toGrassland,DE6,3.953954479927626
2049,Agri04_toGrassland,DE7,14.32514855797511
2049,Agri04_toGrassland,DE8,92.00034231427239
2049,Agri04_toGrassland,DE9,93.29096357371536
2049,Agri04_toGrassland,DEA,92.14264170947797
2049,Agri04_toGrassland,DEB,63.53844120564898
2049,Agri04_toGrassland,DEC,62.05864291156916
2049,Agri04_toGrassland,DEE,65.43521618051747
2049,Agri04_toGrassland,DED,64.2548921306227
2049,Agri04_toGrassland,DEF,1.0771303681336661
2049,Agri04_toGrassland,DEG,0.8675681194123079
2049,Agri05_Agroforestry,DE1,6075.701065098918
2049,Agri05_Agroforestry,DE2,6095.1982136585275
2049,Agri05_Agroforestry,DE3,6059.217129475909
2049,Agri05_Agroforestry,DE4,6490.543122359073
2049,Agri05_Agroforestry,DE5,2789.8320882982125
2049,Agri05_Agroforestry,DE6,260.70980012812885
2049,Agri05_Agroforestry,DE7,900.5627721520004
2049,Agri05_Agroforestry,DE8,6007.2590550642
2049,Agri05_Agroforestry,DE9,6021.285429506448
2049,Agri05_Agroforestry,DEA,6008.805554151717
2049,Agri05_Agroforestry,DEB,4160.328234277914
2049,Agri05_Agroforestry,DEC,4101.4651970023115
2049,Agri05_Agroforestry,DEE,4262.507077601302
2049,Agri05_Agroforestry,DED,4201.557357944549
2049,Agri05_Agroforestry,DEF,13.484254923686024
2049,Agri05_Agroforestry,DEG,11.206748220601071
2049,Agri06_Biochar,DE1,115401.8719195682
2049,Agri06_Biochar,DE2,115514.81547112012
2049,Agri06_Biochar,DE3,115306.38338045577
2049,Agri06_Biochar,DE4,123326.4357243044
2049,Agri06_Biochar,DE5,53089.039532370334
2049,Agri06_Biochar,DE6,4958.953355688713
2049,Agri06_Biochar,DE7,17014.74493067575
2049,Agri06_Biochar,DE8,114110.08200951504
2049,Agri06_Biochar,DE9,114191.33432905609
2049,Agri06_Biochar,DEA,114119.04060665975
2049,Agri06_Biochar,DEB,79057.32219890245
2049,Agri06_Biochar,DEC,78038.74588558062
2049,Agri06_Biochar,DEE,80941.11181343556
2049,Agri06_Biochar,DED,79825.84744134915
2049,Agri06_Biochar,DEF,106.27454559824582
2049,Agri06_Biochar,DEG,93.08134993975023
2050,Agri01_AGC,DE1,14031.455134139913
2050,Agri01_AGC,DE2,14031.455134139913
2050,Agri01_AGC,DE3,14031.455134139913
2050,Agri01_AGC,DE4,14997.38887849169
2050,Agri01_AGC,DE5,6460.257656444335
2050,Agri01_AGC,DE6,603.3231726122598
2050,Agri01_AGC,DE7,2063.9537703600467
2050,Agri01_AGC,DE8,13874.826672656263
2050,Agri01_AGC,DE9,13874.826672656263
2050,Agri01_AGC,DEA,13874.826672656263
2050,Agri01_AGC,DEB,9614.325813926716
2050,Agri01_AGC,DEC,9495.78643851037
2050,Agri01_AGC,DEE,9840.330635562992
2050,Agri01_AGC,DED,9706.99113330259
2050,Agri01_AGC,DEF,4.9268218467208165
2050,Agri01_AGC,DEG,4.9268218467208165
2050,Agri02_OFC,DE1,9956.970805697629
2050,Agri02_OFC,DE2,9956.970805697629
2050,Agri02_OFC,DE3,9956.970805697629
2050,Agri02_OFC,DE4,10642.414617533499
2050,Agri02_OFC,DE5,4584.31404779913
2050,Agri02_OFC,DE6,428.12888318937496
2050,Agri02_OFC,DE7,1464.6184048140942
2050,Agri02_OFC,DE8,9845.824456054996
2050,Agri02_OFC,DE9,9845.824456054996
2050,Agri02_OFC,DEA,9845.824456054996
2050,Agri02_OFC,DEB,6822.497063245703
2050,Agri02_OFC,DEC,6738.3794083722305
2050,Agri02_OFC,DEE,6982.874115338044
2050,Agri02_OFC,DED,6888.254026504724
2050,Agri02_OFC,DEF,3.4961606493195294
2050,Agri02_OFC,DEG,3.4961606493195294
2050,Agri03_No-till,DE1,839.20613827754
2050,Agri03_No-till,DE2,839.20613827754
2050,Agri03_No-till,DE3,839.20613827754
2050,Agri03_No-till,DE4,896.9775896117005
2050,Agri03_No-till,DE5,386.38101524848605
2050,Agri03_No-till,DE6,36.08410567407083
2050,Agri03_No-till,DE7,123.44284015083336
2050,Agri03_No-till,DE8,829.8383595939001
2050,Agri03_No-till,DE9,829.8383595939001
2050,Agri03_No-till,DEA,829.8383595939001
2050,Agri03_No-till,DEB,575.0224165144705
2050,Agri03_No-till,DEC,567.9327048255565
2050,Agri03_No-till,DEE,588.5395201779394
2050,Agri03_No-till,DED,580.5646289280976
2050,Agri03_No-till,DEF,0.29466787987712395
2050,Agri03_No-till,DEG,0.29466787987712395
2050,Agri04_toGrassland,DE1,94.73466523686821
2050,Agri04_toGrassland,DE2,94.73466523686821
2050,Agri04_toGrassland,DE3,94.73466523686821
2050,Agri04_toGrassland,DE4,101.2562561223006
2050,Agri04_toGrassland,DE5,43.617026215484046
2050,Agri04_toGrassland,DE6,4.073392120821627
2050,Agri04_toGrassland,DE7,13.934974500520061
2050,Agri04_toGrassland,DE8,93.67717371347541
2050,Agri04_toGrassland,DE9,93.67717371347541
2050,Agri04_toGrassland,DEA,93.67717371347541
2050,Agri04_toGrassland,DEB,64.91200868001478
2050,Agri04_toGrassland,DEC,64.1116791389872
2050,Agri04_toGrassland,DEE,66.43790110634886
2050,Agri04_toGrassland,DED,65.53764714204297
2050,Agri04_toGrassland,DEF,0.033263892723083215
2050,Agri04_toGrassland,DEG,0.033263892723083215
2050,Agri05_Agroforestry,DE1,6268.120860174858
2050,Agri05_Agroforestry,DE2,6268.120860174858
2050,Agri05_Agroforestry,DE3,6268.120860174858
2050,Agri05_Agroforestry,DE4,6699.6220405326085
2050,Agri05_Agroforestry,DE5,2885.921338260775
2050,Agri05_Agroforestry,DE6,269.51606426595964
2050,Agri05_Agroforestry,DE7,922.0078430036161
2050,Agri05_Agroforestry,DE8,6198.1519141648305
2050,Agri05_Agroforestry,DE9,6198.1519141648305
2050,Agri05_Agroforestry,DEA,6198.1519141648305
2050,Agri05_Agroforestry,DEB,4294.9042429793335
2050,Agri05_Agroforestry,DEC,4241.9504242416415
2050,Agri05_Agroforestry,DEE,4395.864943309811
2050,Agri05_Agroforestry,DED,4336.299623276096
2050,Agri05_Agroforestry,DEF,2.2009060711498996
2050,Agri05_Agroforestry,DEG,2.2009060711498996
2050,Agri06_Biochar,DE1,119282.26402780513
2050,Agri06_Biochar,DE2,119282.26402780513
2050,Agri06_Biochar,DE3,119282.26402780513
2050,Agri06_Biochar,DE4,127493.72626216717
2050,Agri06_Biochar,DE5,54919.04810276671
2050,Agri06_Biochar,DE6,5128.887437663458
2050,Agri06_Biochar,DE7,17545.798081786896
2050,Agri06_Biochar,DE8,117950.755832942
2050,Agri06_Biochar,DE9,117950.755832942
2050,Agri06_Biochar,DEA,117950.755832942
2050,Agri06_Biochar,DEB,81731.97570905005
2050,Agri06_Biochar,DEC,80724.26518003295
2050,Agri06_Biochar,DEE,83653.25661315121
2050,Agri06_Biochar,DED,82519.72929457235
2050,Agri06_Biochar,DEF,41.88321586893874
2050,Agri06_Biochar,DEG,41.88321586893874
