Year,Technology,Region,InvestmentCost
2020,FM01_PSA,DE1,14.288461538461538
2020,FM01_PSA,DE2,14.288461538461538
2020,FM01_PSA,DE3,14.288461538461538
2020,FM01_PSA,DE4,14.288461538461538
2020,FM01_PSA,DE5,14.288461538461538
2020,FM01_PSA,DE6,14.288461538461538
2020,FM01_PSA,DE7,14.288461538461538
2020,FM01_PSA,DE8,14.288461538461538
2020,FM01_PSA,DE9,14.288461538461538
2020,FM01_PSA,DEA,14.288461538461538
2020,FM01_PSA,DEB,14.288461538461538
2020,FM01_PSA,DEC,14.288461538461538
2020,FM01_PSA,DEE,14.288461538461538
2020,FM01_PSA,DED,14.288461538461538
2020,FM01_PSA,DEF,14.288461538461538
2020,FM01_PSA,DEG,14.288461538461538
2020,FM02_TSA,DE1,14.288461538461538
2020,FM02_TSA,DE2,14.288461538461538
2020,FM02_TSA,DE3,14.288461538461538
2020,FM02_TSA,DE4,14.288461538461538
2020,FM02_TSA,DE5,14.288461538461538
2020,FM02_TSA,DE6,14.288461538461538
2020,FM02_TSA,DE7,14.288461538461538
2020,FM02_TSA,DE8,14.288461538461538
2020,FM02_TSA,DE9,14.288461538461538
2020,FM02_TSA,DEA,14.288461538461538
2020,FM02_TSA,DEB,14.288461538461538
2020,FM02_TSA,DEC,14.288461538461538
2020,FM02_TSA,DEE,14.288461538461538
2020,FM02_TSA,DED,14.288461538461538
2020,FM02_TSA,DEF,14.288461538461538
2020,FM02_TSA,DEG,14.288461538461538
2020,FM03_Beech,DE1,5832.288461538462
2020,FM03_Beech,DE2,5832.288461538462
2020,FM03_Beech,DE3,5832.288461538462
2020,FM03_Beech,DE4,5832.288461538462
2020,FM03_Beech,DE5,5832.288461538462
2020,FM03_Beech,DE6,5832.288461538462
2020,FM03_Beech,DE7,5832.288461538462
2020,FM03_Beech,DE8,5832.288461538462
2020,FM03_Beech,DE9,5832.288461538462
2020,FM03_Beech,DEA,5832.288461538462
2020,FM03_Beech,DEB,5832.288461538462
2020,FM03_Beech,DEC,5832.288461538462
2020,FM03_Beech,DEE,5832.288461538462
2020,FM03_Beech,DED,5832.288461538462
2020,FM03_Beech,DEF,5832.288461538462
2020,FM03_Beech,DEG,5832.288461538462
2020,FM04_DouglasFir,DE1,1654.2884615384614
2020,FM04_DouglasFir,DE2,1654.2884615384614
2020,FM04_DouglasFir,DE3,1654.2884615384614
2020,FM04_DouglasFir,DE4,1654.2884615384614
2020,FM04_DouglasFir,DE5,1654.2884615384614
2020,FM04_DouglasFir,DE6,1654.2884615384614
2020,FM04_DouglasFir,DE7,1654.2884615384614
2020,FM04_DouglasFir,DE8,1654.2884615384614
2020,FM04_DouglasFir,DE9,1654.2884615384614
2020,FM04_DouglasFir,DEA,1654.2884615384614
2020,FM04_DouglasFir,DEB,1654.2884615384614
2020,FM04_DouglasFir,DEC,1654.2884615384614
2020,FM04_DouglasFir,DEE,1654.2884615384614
2020,FM04_DouglasFir,DED,1654.2884615384614
2020,FM04_DouglasFir,DEF,1654.2884615384614
2020,FM04_DouglasFir,DEG,1654.2884615384614
2020,FM05_Oak,DE1,4905.288461538462
2020,FM05_Oak,DE2,4905.288461538462
2020,FM05_Oak,DE3,4905.288461538462
2020,FM05_Oak,DE4,4905.288461538462
2020,FM05_Oak,DE5,4905.288461538462
2020,FM05_Oak,DE6,4905.288461538462
2020,FM05_Oak,DE7,4905.288461538462
2020,FM05_Oak,DE8,4905.288461538462
2020,FM05_Oak,DE9,4905.288461538462
2020,FM05_Oak,DEA,4905.288461538462
2020,FM05_Oak,DEB,4905.288461538462
2020,FM05_Oak,DEC,4905.288461538462
2020,FM05_Oak,DEE,4905.288461538462
2020,FM05_Oak,DED,4905.288461538462
2020,FM05_Oak,DEF,4905.288461538462
2020,FM05_Oak,DEG,4905.288461538462
2020,FM06_ScotPine,DE1,3950.288461538461
2020,FM06_ScotPine,DE2,3950.288461538461
2020,FM06_ScotPine,DE3,3950.288461538461
2020,FM06_ScotPine,DE4,3950.288461538461
2020,FM06_ScotPine,DE5,3950.288461538461
2020,FM06_ScotPine,DE6,3950.288461538461
2020,FM06_ScotPine,DE7,3950.288461538461
2020,FM06_ScotPine,DE8,3950.288461538461
2020,FM06_ScotPine,DE9,3950.288461538461
2020,FM06_ScotPine,DEA,3950.288461538461
2020,FM06_ScotPine,DEB,3950.288461538461
2020,FM06_ScotPine,DEC,3950.288461538461
2020,FM06_ScotPine,DEE,3950.288461538461
2020,FM06_ScotPine,DED,3950.288461538461
2020,FM06_ScotPine,DEF,3950.288461538461
2020,FM06_ScotPine,DEG,3950.288461538461
2020,PC_Rewetting,DE1,5500.0
2020,PC_Rewetting,DE2,5500.0
2020,PC_Rewetting,DE3,5500.0
2020,PC_Rewetting,DE4,5500.0
2020,PC_Rewetting,DE5,5500.0
2020,PC_Rewetting,DE6,5500.0
2020,PC_Rewetting,DE7,5500.0
2020,PC_Rewetting,DE8,5500.0
2020,PC_Rewetting,DE9,5500.0
2020,PC_Rewetting,DEA,5500.0
2020,PC_Rewetting,DEB,5500.0
2020,PC_Rewetting,DEC,5500.0
2020,PC_Rewetting,DEE,5500.0
2020,PC_Rewetting,DED,5500.0
2020,PC_Rewetting,DEF,5500.0
2020,PC_Rewetting,DEG,5500.0
2021,FM01_PSA,DE1,15.007727026734877
2021,FM01_PSA,DE2,15.007727026734877
2021,FM01_PSA,DE3,15.007727026734877
2021,FM01_PSA,DE4,15.007727026734877
2021,FM01_PSA,DE5,15.007727026734877
2021,FM01_PSA,DE6,15.007727026734877
2021,FM01_PSA,DE7,15.007727026734877
2021,FM01_PSA,DE8,15.007727026734877
2021,FM01_PSA,DE9,15.007727026734877
2021,FM01_PSA,DEA,15.007727026734877
2021,FM01_PSA,DEB,15.007727026734877
2021,FM01_PSA,DEC,15.007727026734877
2021,FM01_PSA,DEE,15.007727026734877
2021,FM01_PSA,DED,15.007727026734877
2021,FM01_PSA,DEF,15.007727026734877
2021,FM01_PSA,DEG,15.007727026734877
2021,FM02_TSA,DE1,14.350175879979412
2021,FM02_TSA,DE2,14.350175879979412
2021,FM02_TSA,DE3,14.350175879979412
2021,FM02_TSA,DE4,14.350175879979412
2021,FM02_TSA,DE5,14.350175879979412
2021,FM02_TSA,DE6,14.350175879979412
2021,FM02_TSA,DE7,14.350175879979412
2021,FM02_TSA,DE8,14.350175879979412
2021,FM02_TSA,DE9,14.350175879979412
2021,FM02_TSA,DEA,14.350175879979412
2021,FM02_TSA,DEB,14.350175879979412
2021,FM02_TSA,DEC,14.350175879979412
2021,FM02_TSA,DEE,14.350175879979412
2021,FM02_TSA,DED,14.350175879979412
2021,FM02_TSA,DEF,14.350175879979412
2021,FM02_TSA,DEG,14.350175879979412
2021,FM03_Beech,DE1,5887.195957062072
2021,FM03_Beech,DE2,5887.195957062072
2021,FM03_Beech,DE3,5887.195957062072
2021,FM03_Beech,DE4,5887.195957062072
2021,FM03_Beech,DE5,5887.195957062072
2021,FM03_Beech,DE6,5887.195957062072
2021,FM03_Beech,DE7,5887.195957062072
2021,FM03_Beech,DE8,5887.195957062072
2021,FM03_Beech,DE9,5887.195957062072
2021,FM03_Beech,DEA,5887.195957062072
2021,FM03_Beech,DEB,5887.195957062072
2021,FM03_Beech,DEC,5887.195957062072
2021,FM03_Beech,DEE,5887.195957062072
2021,FM03_Beech,DED,5887.195957062072
2021,FM03_Beech,DEF,5887.195957062072
2021,FM03_Beech,DEG,5887.195957062072
2021,FM04_DouglasFir,DE1,1669.8625945560048
2021,FM04_DouglasFir,DE2,1669.8625945560048
2021,FM04_DouglasFir,DE3,1669.8625945560048
2021,FM04_DouglasFir,DE4,1669.8625945560048
2021,FM04_DouglasFir,DE5,1669.8625945560048
2021,FM04_DouglasFir,DE6,1669.8625945560048
2021,FM04_DouglasFir,DE7,1669.8625945560048
2021,FM04_DouglasFir,DE8,1669.8625945560048
2021,FM04_DouglasFir,DE9,1669.8625945560048
2021,FM04_DouglasFir,DEA,1669.8625945560048
2021,FM04_DouglasFir,DEB,1669.8625945560048
2021,FM04_DouglasFir,DEC,1669.8625945560048
2021,FM04_DouglasFir,DEE,1669.8625945560048
2021,FM04_DouglasFir,DED,1669.8625945560048
2021,FM04_DouglasFir,DEF,1669.8625945560048
2021,FM04_DouglasFir,DEG,1669.8625945560048
2021,FM05_Oak,DE1,4951.46880841604
2021,FM05_Oak,DE2,4951.46880841604
2021,FM05_Oak,DE3,4951.46880841604
2021,FM05_Oak,DE4,4951.46880841604
2021,FM05_Oak,DE5,4951.46880841604
2021,FM05_Oak,DE6,4951.46880841604
2021,FM05_Oak,DE7,4951.46880841604
2021,FM05_Oak,DE8,4951.46880841604
2021,FM05_Oak,DE9,4951.46880841604
2021,FM05_Oak,DEA,4951.46880841604
2021,FM05_Oak,DEB,4951.46880841604
2021,FM05_Oak,DEC,4951.46880841604
2021,FM05_Oak,DEE,4951.46880841604
2021,FM05_Oak,DED,4951.46880841604
2021,FM05_Oak,DEF,4951.46880841604
2021,FM05_Oak,DEG,4951.46880841604
2021,FM06_ScotPine,DE1,3987.478056574657
2021,FM06_ScotPine,DE2,3987.478056574657
2021,FM06_ScotPine,DE3,3987.478056574657
2021,FM06_ScotPine,DE4,3987.478056574657
2021,FM06_ScotPine,DE5,3987.478056574657
2021,FM06_ScotPine,DE6,3987.478056574657
2021,FM06_ScotPine,DE7,3987.478056574657
2021,FM06_ScotPine,DE8,3987.478056574657
2021,FM06_ScotPine,DE9,3987.478056574657
2021,FM06_ScotPine,DEA,3987.478056574657
2021,FM06_ScotPine,DEB,3987.478056574657
2021,FM06_ScotPine,DEC,3987.478056574657
2021,FM06_ScotPine,DEE,3987.478056574657
2021,FM06_ScotPine,DED,3987.478056574657
2021,FM06_ScotPine,DEF,3987.478056574657
2021,FM06_ScotPine,DEG,3987.478056574657
2021,PC_Rewetting,DE1,5777.5
2021,PC_Rewetting,DE2,5777.5
2021,PC_Rewetting,DE3,5777.5
2021,PC_Rewetting,DE4,5777.5
2021,PC_Rewetting,DE5,5777.5
2021,PC_Rewetting,DE6,5777.5
2021,PC_Rewetting,DE7,5777.5
2021,PC_Rewetting,DE8,5777.5
2021,PC_Rewetting,DE9,5777.5
2021,PC_Rewetting,DEA,5777.5
2021,PC_Rewetting,DEB,5777.5
2021,PC_Rewetting,DEC,5777.5
2021,PC_Rewetting,DEE,5777.5
2021,PC_Rewetting,DED,5777.5
2021,PC_Rewetting,DEF,5777.5
2021,PC_Rewetting,DEG,5777.5
2022,FM01_PSA,DE1,15.726992515008211
2022,FM01_PSA,DE2,15.726992515008211
2022,FM01_PSA,DE3,15.726992515008211
2022,FM01_PSA,DE4,15.726992515008211
2022,FM01_PSA,DE5,15.726992515008211
2022,FM01_PSA,DE6,15.726992515008211
2022,FM01_PSA,DE7,15.726992515008211
2022,FM01_PSA,DE8,15.726992515008211
2022,FM01_PSA,DE9,15.726992515008211
2022,FM01_PSA,DEA,15.726992515008211
2022,FM01_PSA,DEB,15.726992515008211
2022,FM01_PSA,DEC,15.726992515008211
2022,FM01_PSA,DEE,15.726992515008211
2022,FM01_PSA,DED,15.726992515008211
2022,FM01_PSA,DEF,15.726992515008211
2022,FM01_PSA,DEG,15.726992515008211
2022,FM02_TSA,DE1,14.411890221497284
2022,FM02_TSA,DE2,14.411890221497284
2022,FM02_TSA,DE3,14.411890221497284
2022,FM02_TSA,DE4,14.411890221497284
2022,FM02_TSA,DE5,14.411890221497284
2022,FM02_TSA,DE6,14.411890221497284
2022,FM02_TSA,DE7,14.411890221497284
2022,FM02_TSA,DE8,14.411890221497284
2022,FM02_TSA,DE9,14.411890221497284
2022,FM02_TSA,DEA,14.411890221497284
2022,FM02_TSA,DEB,14.411890221497284
2022,FM02_TSA,DEC,14.411890221497284
2022,FM02_TSA,DEE,14.411890221497284
2022,FM02_TSA,DED,14.411890221497284
2022,FM02_TSA,DEF,14.411890221497284
2022,FM02_TSA,DEG,14.411890221497284
2022,FM03_Beech,DE1,5942.103452585682
2022,FM03_Beech,DE2,5942.103452585682
2022,FM03_Beech,DE3,5942.103452585682
2022,FM03_Beech,DE4,5942.103452585682
2022,FM03_Beech,DE5,5942.103452585682
2022,FM03_Beech,DE6,5942.103452585682
2022,FM03_Beech,DE7,5942.103452585682
2022,FM03_Beech,DE8,5942.103452585682
2022,FM03_Beech,DE9,5942.103452585682
2022,FM03_Beech,DEA,5942.103452585682
2022,FM03_Beech,DEB,5942.103452585682
2022,FM03_Beech,DEC,5942.103452585682
2022,FM03_Beech,DEE,5942.103452585682
2022,FM03_Beech,DED,5942.103452585682
2022,FM03_Beech,DEF,5942.103452585682
2022,FM03_Beech,DEG,5942.103452585682
2022,FM04_DouglasFir,DE1,1685.436727573548
2022,FM04_DouglasFir,DE2,1685.436727573548
2022,FM04_DouglasFir,DE3,1685.436727573548
2022,FM04_DouglasFir,DE4,1685.436727573548
2022,FM04_DouglasFir,DE5,1685.436727573548
2022,FM04_DouglasFir,DE6,1685.436727573548
2022,FM04_DouglasFir,DE7,1685.436727573548
2022,FM04_DouglasFir,DE8,1685.436727573548
2022,FM04_DouglasFir,DE9,1685.436727573548
2022,FM04_DouglasFir,DEA,1685.436727573548
2022,FM04_DouglasFir,DEB,1685.436727573548
2022,FM04_DouglasFir,DEC,1685.436727573548
2022,FM04_DouglasFir,DEE,1685.436727573548
2022,FM04_DouglasFir,DED,1685.436727573548
2022,FM04_DouglasFir,DEF,1685.436727573548
2022,FM04_DouglasFir,DEG,1685.436727573548
2022,FM05_Oak,DE1,4997.649155293617
2022,FM05_Oak,DE2,4997.649155293617
2022,FM05_Oak,DE3,4997.649155293617
2022,FM05_Oak,DE4,4997.649155293617
2022,FM05_Oak,DE5,4997.649155293617
2022,FM05_Oak,DE6,4997.649155293617
2022,FM05_Oak,DE7,4997.649155293617
2022,FM05_Oak,DE8,4997.649155293617
2022,FM05_Oak,DE9,4997.649155293617
2022,FM05_Oak,DEA,4997.649155293617
2022,FM05_Oak,DEB,4997.649155293617
2022,FM05_Oak,DEC,4997.649155293617
2022,FM05_Oak,DEE,4997.649155293617
2022,FM05_Oak,DED,4997.649155293617
2022,FM05_Oak,DEF,4997.649155293617
2022,FM05_Oak,DEG,4997.649155293617
2022,FM06_ScotPine,DE1,4024.6676516108528
2022,FM06_ScotPine,DE2,4024.6676516108528
2022,FM06_ScotPine,DE3,4024.6676516108528
2022,FM06_ScotPine,DE4,4024.6676516108528
2022,FM06_ScotPine,DE5,4024.6676516108528
2022,FM06_ScotPine,DE6,4024.6676516108528
2022,FM06_ScotPine,DE7,4024.6676516108528
2022,FM06_ScotPine,DE8,4024.6676516108528
2022,FM06_ScotPine,DE9,4024.6676516108528
2022,FM06_ScotPine,DEA,4024.6676516108528
2022,FM06_ScotPine,DEB,4024.6676516108528
2022,FM06_ScotPine,DEC,4024.6676516108528
2022,FM06_ScotPine,DEE,4024.6676516108528
2022,FM06_ScotPine,DED,4024.6676516108528
2022,FM06_ScotPine,DEF,4024.6676516108528
2022,FM06_ScotPine,DEG,4024.6676516108528
2022,PC_Rewetting,DE1,6055.0
2022,PC_Rewetting,DE2,6055.0
2022,PC_Rewetting,DE3,6055.0
2022,PC_Rewetting,DE4,6055.0
2022,PC_Rewetting,DE5,6055.0
2022,PC_Rewetting,DE6,6055.0
2022,PC_Rewetting,DE7,6055.0
2022,PC_Rewetting,DE8,6055.0
2022,PC_Rewetting,DE9,6055.0
2022,PC_Rewetting,DEA,6055.0
2022,PC_Rewetting,DEB,6055.0
2022,PC_Rewetting,DEC,6055.0
2022,PC_Rewetting,DEE,6055.0
2022,PC_Rewetting,DED,6055.0
2022,PC_Rewetting,DEF,6055.0
2022,PC_Rewetting,DEG,6055.0
2023,FM01_PSA,DE1,16.446258003281546
2023,FM01_PSA,DE2,16.446258003281546
2023,FM01_PSA,DE3,16.446258003281546
2023,FM01_PSA,DE4,16.446258003281546
2023,FM01_PSA,DE5,16.446258003281546
2023,FM01_PSA,DE6,16.446258003281546
2023,FM01_PSA,DE7,16.446258003281546
2023,FM01_PSA,DE8,16.446258003281546
2023,FM01_PSA,DE9,16.446258003281546
2023,FM01_PSA,DEA,16.446258003281546
2023,FM01_PSA,DEB,16.446258003281546
2023,FM01_PSA,DEC,16.446258003281546
2023,FM01_PSA,DEE,16.446258003281546
2023,FM01_PSA,DED,16.446258003281546
2023,FM01_PSA,DEF,16.446258003281546
2023,FM01_PSA,DEG,16.446258003281546
2023,FM02_TSA,DE1,14.473604563015158
2023,FM02_TSA,DE2,14.473604563015158
2023,FM02_TSA,DE3,14.473604563015158
2023,FM02_TSA,DE4,14.473604563015158
2023,FM02_TSA,DE5,14.473604563015158
2023,FM02_TSA,DE6,14.473604563015158
2023,FM02_TSA,DE7,14.473604563015158
2023,FM02_TSA,DE8,14.473604563015158
2023,FM02_TSA,DE9,14.473604563015158
2023,FM02_TSA,DEA,14.473604563015158
2023,FM02_TSA,DEB,14.473604563015158
2023,FM02_TSA,DEC,14.473604563015158
2023,FM02_TSA,DEE,14.473604563015158
2023,FM02_TSA,DED,14.473604563015158
2023,FM02_TSA,DEF,14.473604563015158
2023,FM02_TSA,DEG,14.473604563015158
2023,FM03_Beech,DE1,5997.010948109292
2023,FM03_Beech,DE2,5997.010948109292
2023,FM03_Beech,DE3,5997.010948109292
2023,FM03_Beech,DE4,5997.010948109292
2023,FM03_Beech,DE5,5997.010948109292
2023,FM03_Beech,DE6,5997.010948109292
2023,FM03_Beech,DE7,5997.010948109292
2023,FM03_Beech,DE8,5997.010948109292
2023,FM03_Beech,DE9,5997.010948109292
2023,FM03_Beech,DEA,5997.010948109292
2023,FM03_Beech,DEB,5997.010948109292
2023,FM03_Beech,DEC,5997.010948109292
2023,FM03_Beech,DEE,5997.010948109292
2023,FM03_Beech,DED,5997.010948109292
2023,FM03_Beech,DEF,5997.010948109292
2023,FM03_Beech,DEG,5997.010948109292
2023,FM04_DouglasFir,DE1,1701.0108605910914
2023,FM04_DouglasFir,DE2,1701.0108605910914
2023,FM04_DouglasFir,DE3,1701.0108605910914
2023,FM04_DouglasFir,DE4,1701.0108605910914
2023,FM04_DouglasFir,DE5,1701.0108605910914
2023,FM04_DouglasFir,DE6,1701.0108605910914
2023,FM04_DouglasFir,DE7,1701.0108605910914
2023,FM04_DouglasFir,DE8,1701.0108605910914
2023,FM04_DouglasFir,DE9,1701.0108605910914
2023,FM04_DouglasFir,DEA,1701.0108605910914
2023,FM04_DouglasFir,DEB,1701.0108605910914
2023,FM04_DouglasFir,DEC,1701.0108605910914
2023,FM04_DouglasFir,DEE,1701.0108605910914
2023,FM04_DouglasFir,DED,1701.0108605910914
2023,FM04_DouglasFir,DEF,1701.0108605910914
2023,FM04_DouglasFir,DEG,1701.0108605910914
2023,FM05_Oak,DE1,5043.829502171195
2023,FM05_Oak,DE2,5043.829502171195
2023,FM05_Oak,DE3,5043.829502171195
2023,FM05_Oak,DE4,5043.829502171195
2023,FM05_Oak,DE5,5043.829502171195
2023,FM05_Oak,DE6,5043.829502171195
2023,FM05_Oak,DE7,5043.829502171195
2023,FM05_Oak,DE8,5043.829502171195
2023,FM05_Oak,DE9,5043.829502171195
2023,FM05_Oak,DEA,5043.829502171195
2023,FM05_Oak,DEB,5043.829502171195
2023,FM05_Oak,DEC,5043.829502171195
2023,FM05_Oak,DEE,5043.829502171195
2023,FM05_Oak,DED,5043.829502171195
2023,FM05_Oak,DEF,5043.829502171195
2023,FM05_Oak,DEG,5043.829502171195
2023,FM06_ScotPine,DE1,4061.857246647048
2023,FM06_ScotPine,DE2,4061.857246647048
2023,FM06_ScotPine,DE3,4061.857246647048
2023,FM06_ScotPine,DE4,4061.857246647048
2023,FM06_ScotPine,DE5,4061.857246647048
2023,FM06_ScotPine,DE6,4061.857246647048
2023,FM06_ScotPine,DE7,4061.857246647048
2023,FM06_ScotPine,DE8,4061.857246647048
2023,FM06_ScotPine,DE9,4061.857246647048
2023,FM06_ScotPine,DEA,4061.857246647048
2023,FM06_ScotPine,DEB,4061.857246647048
2023,FM06_ScotPine,DEC,4061.857246647048
2023,FM06_ScotPine,DEE,4061.857246647048
2023,FM06_ScotPine,DED,4061.857246647048
2023,FM06_ScotPine,DEF,4061.857246647048
2023,FM06_ScotPine,DEG,4061.857246647048
2023,PC_Rewetting,DE1,6332.5
2023,PC_Rewetting,DE2,6332.5
2023,PC_Rewetting,DE3,6332.5
2023,PC_Rewetting,DE4,6332.5
2023,PC_Rewetting,DE5,6332.5
2023,PC_Rewetting,DE6,6332.5
2023,PC_Rewetting,DE7,6332.5
2023,PC_Rewetting,DE8,6332.5
2023,PC_Rewetting,DE9,6332.5
2023,PC_Rewetting,DEA,6332.5
2023,PC_Rewetting,DEB,6332.5
2023,PC_Rewetting,DEC,6332.5
2023,PC_Rewetting,DEE,6332.5
2023,PC_Rewetting,DED,6332.5
2023,PC_Rewetting,DEF,6332.5
2023,PC_Rewetting,DEG,6332.5
2024,FM01_PSA,DE1,17.165523491554882
2024,FM01_PSA,DE2,17.165523491554882
2024,FM01_PSA,DE3,17.165523491554882
2024,FM01_PSA,DE4,17.165523491554882
2024,FM01_PSA,DE5,17.165523491554882
2024,FM01_PSA,DE6,17.165523491554882
2024,FM01_PSA,DE7,17.165523491554882
2024,FM01_PSA,DE8,17.165523491554882
2024,FM01_PSA,DE9,17.165523491554882
2024,FM01_PSA,DEA,17.165523491554882
2024,FM01_PSA,DEB,17.165523491554882
2024,FM01_PSA,DEC,17.165523491554882
2024,FM01_PSA,DEE,17.165523491554882
2024,FM01_PSA,DED,17.165523491554882
2024,FM01_PSA,DEF,17.165523491554882
2024,FM01_PSA,DEG,17.165523491554882
2024,FM02_TSA,DE1,14.535318904533032
2024,FM02_TSA,DE2,14.535318904533032
2024,FM02_TSA,DE3,14.535318904533032
2024,FM02_TSA,DE4,14.535318904533032
2024,FM02_TSA,DE5,14.535318904533032
2024,FM02_TSA,DE6,14.535318904533032
2024,FM02_TSA,DE7,14.535318904533032
2024,FM02_TSA,DE8,14.535318904533032
2024,FM02_TSA,DE9,14.535318904533032
2024,FM02_TSA,DEA,14.535318904533032
2024,FM02_TSA,DEB,14.535318904533032
2024,FM02_TSA,DEC,14.535318904533032
2024,FM02_TSA,DEE,14.535318904533032
2024,FM02_TSA,DED,14.535318904533032
2024,FM02_TSA,DEF,14.535318904533032
2024,FM02_TSA,DEG,14.535318904533032
2024,FM03_Beech,DE1,6051.918443632902
2024,FM03_Beech,DE2,6051.918443632902
2024,FM03_Beech,DE3,6051.918443632902
2024,FM03_Beech,DE4,6051.918443632902
2024,FM03_Beech,DE5,6051.918443632902
2024,FM03_Beech,DE6,6051.918443632902
2024,FM03_Beech,DE7,6051.918443632902
2024,FM03_Beech,DE8,6051.918443632902
2024,FM03_Beech,DE9,6051.918443632902
2024,FM03_Beech,DEA,6051.918443632902
2024,FM03_Beech,DEB,6051.918443632902
2024,FM03_Beech,DEC,6051.918443632902
2024,FM03_Beech,DEE,6051.918443632902
2024,FM03_Beech,DED,6051.918443632902
2024,FM03_Beech,DEF,6051.918443632902
2024,FM03_Beech,DEG,6051.918443632902
2024,FM04_DouglasFir,DE1,1716.5849936086347
2024,FM04_DouglasFir,DE2,1716.5849936086347
2024,FM04_DouglasFir,DE3,1716.5849936086347
2024,FM04_DouglasFir,DE4,1716.5849936086347
2024,FM04_DouglasFir,DE5,1716.5849936086347
2024,FM04_DouglasFir,DE6,1716.5849936086347
2024,FM04_DouglasFir,DE7,1716.5849936086347
2024,FM04_DouglasFir,DE8,1716.5849936086347
2024,FM04_DouglasFir,DE9,1716.5849936086347
2024,FM04_DouglasFir,DEA,1716.5849936086347
2024,FM04_DouglasFir,DEB,1716.5849936086347
2024,FM04_DouglasFir,DEC,1716.5849936086347
2024,FM04_DouglasFir,DEE,1716.5849936086347
2024,FM04_DouglasFir,DED,1716.5849936086347
2024,FM04_DouglasFir,DEF,1716.5849936086347
2024,FM04_DouglasFir,DEG,1716.5849936086347
2024,FM05_Oak,DE1,5090.009849048773
2024,FM05_Oak,DE2,5090.009849048773
2024,FM05_Oak,DE3,5090.009849048773
2024,FM05_Oak,DE4,5090.009849048773
2024,FM05_Oak,DE5,5090.009849048773
2024,FM05_Oak,DE6,5090.009849048773
2024,FM05_Oak,DE7,5090.009849048773
2024,FM05_Oak,DE8,5090.009849048773
2024,FM05_Oak,DE9,5090.009849048773
2024,FM05_Oak,DEA,5090.009849048773
2024,FM05_Oak,DEB,5090.009849048773
2024,FM05_Oak,DEC,5090.009849048773
2024,FM05_Oak,DEE,5090.009849048773
2024,FM05_Oak,DED,5090.009849048773
2024,FM05_Oak,DEF,5090.009849048773
2024,FM05_Oak,DEG,5090.009849048773
2024,FM06_ScotPine,DE1,4099.046841683244
2024,FM06_ScotPine,DE2,4099.046841683244
2024,FM06_ScotPine,DE3,4099.046841683244
2024,FM06_ScotPine,DE4,4099.046841683244
2024,FM06_ScotPine,DE5,4099.046841683244
2024,FM06_ScotPine,DE6,4099.046841683244
2024,FM06_ScotPine,DE7,4099.046841683244
2024,FM06_ScotPine,DE8,4099.046841683244
2024,FM06_ScotPine,DE9,4099.046841683244
2024,FM06_ScotPine,DEA,4099.046841683244
2024,FM06_ScotPine,DEB,4099.046841683244
2024,FM06_ScotPine,DEC,4099.046841683244
2024,FM06_ScotPine,DEE,4099.046841683244
2024,FM06_ScotPine,DED,4099.046841683244
2024,FM06_ScotPine,DEF,4099.046841683244
2024,FM06_ScotPine,DEG,4099.046841683244
2024,PC_Rewetting,DE1,6610.0
2024,PC_Rewetting,DE2,6610.0
2024,PC_Rewetting,DE3,6610.0
2024,PC_Rewetting,DE4,6610.0
2024,PC_Rewetting,DE5,6610.0
2024,PC_Rewetting,DE6,6610.0
2024,PC_Rewetting,DE7,6610.0
2024,PC_Rewetting,DE8,6610.0
2024,PC_Rewetting,DE9,6610.0
2024,PC_Rewetting,DEA,6610.0
2024,PC_Rewetting,DEB,6610.0
2024,PC_Rewetting,DEC,6610.0
2024,PC_Rewetting,DEE,6610.0
2024,PC_Rewetting,DED,6610.0
2024,PC_Rewetting,DEF,6610.0
2024,PC_Rewetting,DEG,6610.0
2025,FM01_PSA,DE1,17.88478897982822
2025,FM01_PSA,DE2,17.88478897982822
2025,FM01_PSA,DE3,17.88478897982822
2025,FM01_PSA,DE4,17.88478897982822
2025,FM01_PSA,DE5,17.88478897982822
2025,FM01_PSA,DE6,17.88478897982822
2025,FM01_PSA,DE7,17.88478897982822
2025,FM01_PSA,DE8,17.88478897982822
2025,FM01_PSA,DE9,17.88478897982822
2025,FM01_PSA,DEA,17.88478897982822
2025,FM01_PSA,DEB,17.88478897982822
2025,FM01_PSA,DEC,17.88478897982822
2025,FM01_PSA,DEE,17.88478897982822
2025,FM01_PSA,DED,17.88478897982822
2025,FM01_PSA,DEF,17.88478897982822
2025,FM01_PSA,DEG,17.88478897982822
2025,FM02_TSA,DE1,14.597033246050904
2025,FM02_TSA,DE2,14.597033246050904
2025,FM02_TSA,DE3,14.597033246050904
2025,FM02_TSA,DE4,14.597033246050904
2025,FM02_TSA,DE5,14.597033246050904
2025,FM02_TSA,DE6,14.597033246050904
2025,FM02_TSA,DE7,14.597033246050904
2025,FM02_TSA,DE8,14.597033246050904
2025,FM02_TSA,DE9,14.597033246050904
2025,FM02_TSA,DEA,14.597033246050904
2025,FM02_TSA,DEB,14.597033246050904
2025,FM02_TSA,DEC,14.597033246050904
2025,FM02_TSA,DEE,14.597033246050904
2025,FM02_TSA,DED,14.597033246050904
2025,FM02_TSA,DEF,14.597033246050904
2025,FM02_TSA,DEG,14.597033246050904
2025,FM03_Beech,DE1,6106.8259391565125
2025,FM03_Beech,DE2,6106.8259391565125
2025,FM03_Beech,DE3,6106.8259391565125
2025,FM03_Beech,DE4,6106.8259391565125
2025,FM03_Beech,DE5,6106.8259391565125
2025,FM03_Beech,DE6,6106.8259391565125
2025,FM03_Beech,DE7,6106.8259391565125
2025,FM03_Beech,DE8,6106.8259391565125
2025,FM03_Beech,DE9,6106.8259391565125
2025,FM03_Beech,DEA,6106.8259391565125
2025,FM03_Beech,DEB,6106.8259391565125
2025,FM03_Beech,DEC,6106.8259391565125
2025,FM03_Beech,DEE,6106.8259391565125
2025,FM03_Beech,DED,6106.8259391565125
2025,FM03_Beech,DEF,6106.8259391565125
2025,FM03_Beech,DEG,6106.8259391565125
2025,FM04_DouglasFir,DE1,1732.159126626178
2025,FM04_DouglasFir,DE2,1732.159126626178
2025,FM04_DouglasFir,DE3,1732.159126626178
2025,FM04_DouglasFir,DE4,1732.159126626178
2025,FM04_DouglasFir,DE5,1732.159126626178
2025,FM04_DouglasFir,DE6,1732.159126626178
2025,FM04_DouglasFir,DE7,1732.159126626178
2025,FM04_DouglasFir,DE8,1732.159126626178
2025,FM04_DouglasFir,DE9,1732.159126626178
2025,FM04_DouglasFir,DEA,1732.159126626178
2025,FM04_DouglasFir,DEB,1732.159126626178
2025,FM04_DouglasFir,DEC,1732.159126626178
2025,FM04_DouglasFir,DEE,1732.159126626178
2025,FM04_DouglasFir,DED,1732.159126626178
2025,FM04_DouglasFir,DEF,1732.159126626178
2025,FM04_DouglasFir,DEG,1732.159126626178
2025,FM05_Oak,DE1,5136.19019592635
2025,FM05_Oak,DE2,5136.19019592635
2025,FM05_Oak,DE3,5136.19019592635
2025,FM05_Oak,DE4,5136.19019592635
2025,FM05_Oak,DE5,5136.19019592635
2025,FM05_Oak,DE6,5136.19019592635
2025,FM05_Oak,DE7,5136.19019592635
2025,FM05_Oak,DE8,5136.19019592635
2025,FM05_Oak,DE9,5136.19019592635
2025,FM05_Oak,DEA,5136.19019592635
2025,FM05_Oak,DEB,5136.19019592635
2025,FM05_Oak,DEC,5136.19019592635
2025,FM05_Oak,DEE,5136.19019592635
2025,FM05_Oak,DED,5136.19019592635
2025,FM05_Oak,DEF,5136.19019592635
2025,FM05_Oak,DEG,5136.19019592635
2025,FM06_ScotPine,DE1,4136.23643671944
2025,FM06_ScotPine,DE2,4136.23643671944
2025,FM06_ScotPine,DE3,4136.23643671944
2025,FM06_ScotPine,DE4,4136.23643671944
2025,FM06_ScotPine,DE5,4136.23643671944
2025,FM06_ScotPine,DE6,4136.23643671944
2025,FM06_ScotPine,DE7,4136.23643671944
2025,FM06_ScotPine,DE8,4136.23643671944
2025,FM06_ScotPine,DE9,4136.23643671944
2025,FM06_ScotPine,DEA,4136.23643671944
2025,FM06_ScotPine,DEB,4136.23643671944
2025,FM06_ScotPine,DEC,4136.23643671944
2025,FM06_ScotPine,DEE,4136.23643671944
2025,FM06_ScotPine,DED,4136.23643671944
2025,FM06_ScotPine,DEF,4136.23643671944
2025,FM06_ScotPine,DEG,4136.23643671944
2025,PC_Rewetting,DE1,6887.5
2025,PC_Rewetting,DE2,6887.5
2025,PC_Rewetting,DE3,6887.5
2025,PC_Rewetting,DE4,6887.5
2025,PC_Rewetting,DE5,6887.5
2025,PC_Rewetting,DE6,6887.5
2025,PC_Rewetting,DE7,6887.5
2025,PC_Rewetting,DE8,6887.5
2025,PC_Rewetting,DE9,6887.5
2025,PC_Rewetting,DEA,6887.5
2025,PC_Rewetting,DEB,6887.5
2025,PC_Rewetting,DEC,6887.5
2025,PC_Rewetting,DEE,6887.5
2025,PC_Rewetting,DED,6887.5
2025,PC_Rewetting,DEF,6887.5
2025,PC_Rewetting,DEG,6887.5
2026,FM01_PSA,DE1,18.604054468101555
2026,FM01_PSA,DE2,18.604054468101555
2026,FM01_PSA,DE3,18.604054468101555
2026,FM01_PSA,DE4,18.604054468101555
2026,FM01_PSA,DE5,18.604054468101555
2026,FM01_PSA,DE6,18.604054468101555
2026,FM01_PSA,DE7,18.604054468101555
2026,FM01_PSA,DE8,18.604054468101555
2026,FM01_PSA,DE9,18.604054468101555
2026,FM01_PSA,DEA,18.604054468101555
2026,FM01_PSA,DEB,18.604054468101555
2026,FM01_PSA,DEC,18.604054468101555
2026,FM01_PSA,DEE,18.604054468101555
2026,FM01_PSA,DED,18.604054468101555
2026,FM01_PSA,DEF,18.604054468101555
2026,FM01_PSA,DEG,18.604054468101555
2026,FM02_TSA,DE1,14.658747587568778
2026,FM02_TSA,DE2,14.658747587568778
2026,FM02_TSA,DE3,14.658747587568778
2026,FM02_TSA,DE4,14.658747587568778
2026,FM02_TSA,DE5,14.658747587568778
2026,FM02_TSA,DE6,14.658747587568778
2026,FM02_TSA,DE7,14.658747587568778
2026,FM02_TSA,DE8,14.658747587568778
2026,FM02_TSA,DE9,14.658747587568778
2026,FM02_TSA,DEA,14.658747587568778
2026,FM02_TSA,DEB,14.658747587568778
2026,FM02_TSA,DEC,14.658747587568778
2026,FM02_TSA,DEE,14.658747587568778
2026,FM02_TSA,DED,14.658747587568778
2026,FM02_TSA,DEF,14.658747587568778
2026,FM02_TSA,DEG,14.658747587568778
2026,FM03_Beech,DE1,6161.733434680123
2026,FM03_Beech,DE2,6161.733434680123
2026,FM03_Beech,DE3,6161.733434680123
2026,FM03_Beech,DE4,6161.733434680123
2026,FM03_Beech,DE5,6161.733434680123
2026,FM03_Beech,DE6,6161.733434680123
2026,FM03_Beech,DE7,6161.733434680123
2026,FM03_Beech,DE8,6161.733434680123
2026,FM03_Beech,DE9,6161.733434680123
2026,FM03_Beech,DEA,6161.733434680123
2026,FM03_Beech,DEB,6161.733434680123
2026,FM03_Beech,DEC,6161.733434680123
2026,FM03_Beech,DEE,6161.733434680123
2026,FM03_Beech,DED,6161.733434680123
2026,FM03_Beech,DEF,6161.733434680123
2026,FM03_Beech,DEG,6161.733434680123
2026,FM04_DouglasFir,DE1,1747.733259643721
2026,FM04_DouglasFir,DE2,1747.733259643721
2026,FM04_DouglasFir,DE3,1747.733259643721
2026,FM04_DouglasFir,DE4,1747.733259643721
2026,FM04_DouglasFir,DE5,1747.733259643721
2026,FM04_DouglasFir,DE6,1747.733259643721
2026,FM04_DouglasFir,DE7,1747.733259643721
2026,FM04_DouglasFir,DE8,1747.733259643721
2026,FM04_DouglasFir,DE9,1747.733259643721
2026,FM04_DouglasFir,DEA,1747.733259643721
2026,FM04_DouglasFir,DEB,1747.733259643721
2026,FM04_DouglasFir,DEC,1747.733259643721
2026,FM04_DouglasFir,DEE,1747.733259643721
2026,FM04_DouglasFir,DED,1747.733259643721
2026,FM04_DouglasFir,DEF,1747.733259643721
2026,FM04_DouglasFir,DEG,1747.733259643721
2026,FM05_Oak,DE1,5182.370542803928
2026,FM05_Oak,DE2,5182.370542803928
2026,FM05_Oak,DE3,5182.370542803928
2026,FM05_Oak,DE4,5182.370542803928
2026,FM05_Oak,DE5,5182.370542803928
2026,FM05_Oak,DE6,5182.370542803928
2026,FM05_Oak,DE7,5182.370542803928
2026,FM05_Oak,DE8,5182.370542803928
2026,FM05_Oak,DE9,5182.370542803928
2026,FM05_Oak,DEA,5182.370542803928
2026,FM05_Oak,DEB,5182.370542803928
2026,FM05_Oak,DEC,5182.370542803928
2026,FM05_Oak,DEE,5182.370542803928
2026,FM05_Oak,DED,5182.370542803928
2026,FM05_Oak,DEF,5182.370542803928
2026,FM05_Oak,DEG,5182.370542803928
2026,FM06_ScotPine,DE1,4173.426031755635
2026,FM06_ScotPine,DE2,4173.426031755635
2026,FM06_ScotPine,DE3,4173.426031755635
2026,FM06_ScotPine,DE4,4173.426031755635
2026,FM06_ScotPine,DE5,4173.426031755635
2026,FM06_ScotPine,DE6,4173.426031755635
2026,FM06_ScotPine,DE7,4173.426031755635
2026,FM06_ScotPine,DE8,4173.426031755635
2026,FM06_ScotPine,DE9,4173.426031755635
2026,FM06_ScotPine,DEA,4173.426031755635
2026,FM06_ScotPine,DEB,4173.426031755635
2026,FM06_ScotPine,DEC,4173.426031755635
2026,FM06_ScotPine,DEE,4173.426031755635
2026,FM06_ScotPine,DED,4173.426031755635
2026,FM06_ScotPine,DEF,4173.426031755635
2026,FM06_ScotPine,DEG,4173.426031755635
2026,PC_Rewetting,DE1,7165.0
2026,PC_Rewetting,DE2,7165.0
2026,PC_Rewetting,DE3,7165.0
2026,PC_Rewetting,DE4,7165.0
2026,PC_Rewetting,DE5,7165.0
2026,PC_Rewetting,DE6,7165.0
2026,PC_Rewetting,DE7,7165.0
2026,PC_Rewetting,DE8,7165.0
2026,PC_Rewetting,DE9,7165.0
2026,PC_Rewetting,DEA,7165.0
2026,PC_Rewetting,DEB,7165.0
2026,PC_Rewetting,DEC,7165.0
2026,PC_Rewetting,DEE,7165.0
2026,PC_Rewetting,DED,7165.0
2026,PC_Rewetting,DEF,7165.0
2026,PC_Rewetting,DEG,7165.0
2027,FM01_PSA,DE1,19.32331995637489
2027,FM01_PSA,DE2,19.32331995637489
2027,FM01_PSA,DE3,19.32331995637489
2027,FM01_PSA,DE4,19.32331995637489
2027,FM01_PSA,DE5,19.32331995637489
2027,FM01_PSA,DE6,19.32331995637489
2027,FM01_PSA,DE7,19.32331995637489
2027,FM01_PSA,DE8,19.32331995637489
2027,FM01_PSA,DE9,19.32331995637489
2027,FM01_PSA,DEA,19.32331995637489
2027,FM01_PSA,DEB,19.32331995637489
2027,FM01_PSA,DEC,19.32331995637489
2027,FM01_PSA,DEE,19.32331995637489
2027,FM01_PSA,DED,19.32331995637489
2027,FM01_PSA,DEF,19.32331995637489
2027,FM01_PSA,DEG,19.32331995637489
2027,FM02_TSA,DE1,14.72046192908665
2027,FM02_TSA,DE2,14.72046192908665
2027,FM02_TSA,DE3,14.72046192908665
2027,FM02_TSA,DE4,14.72046192908665
2027,FM02_TSA,DE5,14.72046192908665
2027,FM02_TSA,DE6,14.72046192908665
2027,FM02_TSA,DE7,14.72046192908665
2027,FM02_TSA,DE8,14.72046192908665
2027,FM02_TSA,DE9,14.72046192908665
2027,FM02_TSA,DEA,14.72046192908665
2027,FM02_TSA,DEB,14.72046192908665
2027,FM02_TSA,DEC,14.72046192908665
2027,FM02_TSA,DEE,14.72046192908665
2027,FM02_TSA,DED,14.72046192908665
2027,FM02_TSA,DEF,14.72046192908665
2027,FM02_TSA,DEG,14.72046192908665
2027,FM03_Beech,DE1,6216.640930203733
2027,FM03_Beech,DE2,6216.640930203733
2027,FM03_Beech,DE3,6216.640930203733
2027,FM03_Beech,DE4,6216.640930203733
2027,FM03_Beech,DE5,6216.640930203733
2027,FM03_Beech,DE6,6216.640930203733
2027,FM03_Beech,DE7,6216.640930203733
2027,FM03_Beech,DE8,6216.640930203733
2027,FM03_Beech,DE9,6216.640930203733
2027,FM03_Beech,DEA,6216.640930203733
2027,FM03_Beech,DEB,6216.640930203733
2027,FM03_Beech,DEC,6216.640930203733
2027,FM03_Beech,DEE,6216.640930203733
2027,FM03_Beech,DED,6216.640930203733
2027,FM03_Beech,DEF,6216.640930203733
2027,FM03_Beech,DEG,6216.640930203733
2027,FM04_DouglasFir,DE1,1763.3073926612649
2027,FM04_DouglasFir,DE2,1763.3073926612649
2027,FM04_DouglasFir,DE3,1763.3073926612649
2027,FM04_DouglasFir,DE4,1763.3073926612649
2027,FM04_DouglasFir,DE5,1763.3073926612649
2027,FM04_DouglasFir,DE6,1763.3073926612649
2027,FM04_DouglasFir,DE7,1763.3073926612649
2027,FM04_DouglasFir,DE8,1763.3073926612649
2027,FM04_DouglasFir,DE9,1763.3073926612649
2027,FM04_DouglasFir,DEA,1763.3073926612649
2027,FM04_DouglasFir,DEB,1763.3073926612649
2027,FM04_DouglasFir,DEC,1763.3073926612649
2027,FM04_DouglasFir,DEE,1763.3073926612649
2027,FM04_DouglasFir,DED,1763.3073926612649
2027,FM04_DouglasFir,DEF,1763.3073926612649
2027,FM04_DouglasFir,DEG,1763.3073926612649
2027,FM05_Oak,DE1,5228.550889681505
2027,FM05_Oak,DE2,5228.550889681505
2027,FM05_Oak,DE3,5228.550889681505
2027,FM05_Oak,DE4,5228.550889681505
2027,FM05_Oak,DE5,5228.550889681505
2027,FM05_Oak,DE6,5228.550889681505
2027,FM05_Oak,DE7,5228.550889681505
2027,FM05_Oak,DE8,5228.550889681505
2027,FM05_Oak,DE9,5228.550889681505
2027,FM05_Oak,DEA,5228.550889681505
2027,FM05_Oak,DEB,5228.550889681505
2027,FM05_Oak,DEC,5228.550889681505
2027,FM05_Oak,DEE,5228.550889681505
2027,FM05_Oak,DED,5228.550889681505
2027,FM05_Oak,DEF,5228.550889681505
2027,FM05_Oak,DEG,5228.550889681505
2027,FM06_ScotPine,DE1,4210.61562679183
2027,FM06_ScotPine,DE2,4210.61562679183
2027,FM06_ScotPine,DE3,4210.61562679183
2027,FM06_ScotPine,DE4,4210.61562679183
2027,FM06_ScotPine,DE5,4210.61562679183
2027,FM06_ScotPine,DE6,4210.61562679183
2027,FM06_ScotPine,DE7,4210.61562679183
2027,FM06_ScotPine,DE8,4210.61562679183
2027,FM06_ScotPine,DE9,4210.61562679183
2027,FM06_ScotPine,DEA,4210.61562679183
2027,FM06_ScotPine,DEB,4210.61562679183
2027,FM06_ScotPine,DEC,4210.61562679183
2027,FM06_ScotPine,DEE,4210.61562679183
2027,FM06_ScotPine,DED,4210.61562679183
2027,FM06_ScotPine,DEF,4210.61562679183
2027,FM06_ScotPine,DEG,4210.61562679183
2027,PC_Rewetting,DE1,7442.5
2027,PC_Rewetting,DE2,7442.5
2027,PC_Rewetting,DE3,7442.5
2027,PC_Rewetting,DE4,7442.5
2027,PC_Rewetting,DE5,7442.5
2027,PC_Rewetting,DE6,7442.5
2027,PC_Rewetting,DE7,7442.5
2027,PC_Rewetting,DE8,7442.5
2027,PC_Rewetting,DE9,7442.5
2027,PC_Rewetting,DEA,7442.5
2027,PC_Rewetting,DEB,7442.5
2027,PC_Rewetting,DEC,7442.5
2027,PC_Rewetting,DEE,7442.5
2027,PC_Rewetting,DED,7442.5
2027,PC_Rewetting,DEF,7442.5
2027,PC_Rewetting,DEG,7442.5
2028,FM01_PSA,DE1,20.04258544464823
2028,FM01_PSA,DE2,20.04258544464823
2028,FM01_PSA,DE3,20.04258544464823
2028,FM01_PSA,DE4,20.04258544464823
2028,FM01_PSA,DE5,20.04258544464823
2028,FM01_PSA,DE6,20.04258544464823
2028,FM01_PSA,DE7,20.04258544464823
2028,FM01_PSA,DE8,20.04258544464823
2028,FM01_PSA,DE9,20.04258544464823
2028,FM01_PSA,DEA,20.04258544464823
2028,FM01_PSA,DEB,20.04258544464823
2028,FM01_PSA,DEC,20.04258544464823
2028,FM01_PSA,DEE,20.04258544464823
2028,FM01_PSA,DED,20.04258544464823
2028,FM01_PSA,DEF,20.04258544464823
2028,FM01_PSA,DEG,20.04258544464823
2028,FM02_TSA,DE1,14.782176270604523
2028,FM02_TSA,DE2,14.782176270604523
2028,FM02_TSA,DE3,14.782176270604523
2028,FM02_TSA,DE4,14.782176270604523
2028,FM02_TSA,DE5,14.782176270604523
2028,FM02_TSA,DE6,14.782176270604523
2028,FM02_TSA,DE7,14.782176270604523
2028,FM02_TSA,DE8,14.782176270604523
2028,FM02_TSA,DE9,14.782176270604523
2028,FM02_TSA,DEA,14.782176270604523
2028,FM02_TSA,DEB,14.782176270604523
2028,FM02_TSA,DEC,14.782176270604523
2028,FM02_TSA,DEE,14.782176270604523
2028,FM02_TSA,DED,14.782176270604523
2028,FM02_TSA,DEF,14.782176270604523
2028,FM02_TSA,DEG,14.782176270604523
2028,FM03_Beech,DE1,6271.548425727343
2028,FM03_Beech,DE2,6271.548425727343
2028,FM03_Beech,DE3,6271.548425727343
2028,FM03_Beech,DE4,6271.548425727343
2028,FM03_Beech,DE5,6271.548425727343
2028,FM03_Beech,DE6,6271.548425727343
2028,FM03_Beech,DE7,6271.548425727343
2028,FM03_Beech,DE8,6271.548425727343
2028,FM03_Beech,DE9,6271.548425727343
2028,FM03_Beech,DEA,6271.548425727343
2028,FM03_Beech,DEB,6271.548425727343
2028,FM03_Beech,DEC,6271.548425727343
2028,FM03_Beech,DEE,6271.548425727343
2028,FM03_Beech,DED,6271.548425727343
2028,FM03_Beech,DEF,6271.548425727343
2028,FM03_Beech,DEG,6271.548425727343
2028,FM04_DouglasFir,DE1,1778.8815256788075
2028,FM04_DouglasFir,DE2,1778.8815256788075
2028,FM04_DouglasFir,DE3,1778.8815256788075
2028,FM04_DouglasFir,DE4,1778.8815256788075
2028,FM04_DouglasFir,DE5,1778.8815256788075
2028,FM04_DouglasFir,DE6,1778.8815256788075
2028,FM04_DouglasFir,DE7,1778.8815256788075
2028,FM04_DouglasFir,DE8,1778.8815256788075
2028,FM04_DouglasFir,DE9,1778.8815256788075
2028,FM04_DouglasFir,DEA,1778.8815256788075
2028,FM04_DouglasFir,DEB,1778.8815256788075
2028,FM04_DouglasFir,DEC,1778.8815256788075
2028,FM04_DouglasFir,DEE,1778.8815256788075
2028,FM04_DouglasFir,DED,1778.8815256788075
2028,FM04_DouglasFir,DEF,1778.8815256788075
2028,FM04_DouglasFir,DEG,1778.8815256788075
2028,FM05_Oak,DE1,5274.731236559082
2028,FM05_Oak,DE2,5274.731236559082
2028,FM05_Oak,DE3,5274.731236559082
2028,FM05_Oak,DE4,5274.731236559082
2028,FM05_Oak,DE5,5274.731236559082
2028,FM05_Oak,DE6,5274.731236559082
2028,FM05_Oak,DE7,5274.731236559082
2028,FM05_Oak,DE8,5274.731236559082
2028,FM05_Oak,DE9,5274.731236559082
2028,FM05_Oak,DEA,5274.731236559082
2028,FM05_Oak,DEB,5274.731236559082
2028,FM05_Oak,DEC,5274.731236559082
2028,FM05_Oak,DEE,5274.731236559082
2028,FM05_Oak,DED,5274.731236559082
2028,FM05_Oak,DEF,5274.731236559082
2028,FM05_Oak,DEG,5274.731236559082
2028,FM06_ScotPine,DE1,4247.805221828026
2028,FM06_ScotPine,DE2,4247.805221828026
2028,FM06_ScotPine,DE3,4247.805221828026
2028,FM06_ScotPine,DE4,4247.805221828026
2028,FM06_ScotPine,DE5,4247.805221828026
2028,FM06_ScotPine,DE6,4247.805221828026
2028,FM06_ScotPine,DE7,4247.805221828026
2028,FM06_ScotPine,DE8,4247.805221828026
2028,FM06_ScotPine,DE9,4247.805221828026
2028,FM06_ScotPine,DEA,4247.805221828026
2028,FM06_ScotPine,DEB,4247.805221828026
2028,FM06_ScotPine,DEC,4247.805221828026
2028,FM06_ScotPine,DEE,4247.805221828026
2028,FM06_ScotPine,DED,4247.805221828026
2028,FM06_ScotPine,DEF,4247.805221828026
2028,FM06_ScotPine,DEG,4247.805221828026
2028,PC_Rewetting,DE1,7720.0
2028,PC_Rewetting,DE2,7720.0
2028,PC_Rewetting,DE3,7720.0
2028,PC_Rewetting,DE4,7720.0
2028,PC_Rewetting,DE5,7720.0
2028,PC_Rewetting,DE6,7720.0
2028,PC_Rewetting,DE7,7720.0
2028,PC_Rewetting,DE8,7720.0
2028,PC_Rewetting,DE9,7720.0
2028,PC_Rewetting,DEA,7720.0
2028,PC_Rewetting,DEB,7720.0
2028,PC_Rewetting,DEC,7720.0
2028,PC_Rewetting,DEE,7720.0
2028,PC_Rewetting,DED,7720.0
2028,PC_Rewetting,DEF,7720.0
2028,PC_Rewetting,DEG,7720.0
2029,FM01_PSA,DE1,20.761850932921565
2029,FM01_PSA,DE2,20.761850932921565
2029,FM01_PSA,DE3,20.761850932921565
2029,FM01_PSA,DE4,20.761850932921565
2029,FM01_PSA,DE5,20.761850932921565
2029,FM01_PSA,DE6,20.761850932921565
2029,FM01_PSA,DE7,20.761850932921565
2029,FM01_PSA,DE8,20.761850932921565
2029,FM01_PSA,DE9,20.761850932921565
2029,FM01_PSA,DEA,20.761850932921565
2029,FM01_PSA,DEB,20.761850932921565
2029,FM01_PSA,DEC,20.761850932921565
2029,FM01_PSA,DEE,20.761850932921565
2029,FM01_PSA,DED,20.761850932921565
2029,FM01_PSA,DEF,20.761850932921565
2029,FM01_PSA,DEG,20.761850932921565
2029,FM02_TSA,DE1,14.843890612122395
2029,FM02_TSA,DE2,14.843890612122395
2029,FM02_TSA,DE3,14.843890612122395
2029,FM02_TSA,DE4,14.843890612122395
2029,FM02_TSA,DE5,14.843890612122395
2029,FM02_TSA,DE6,14.843890612122395
2029,FM02_TSA,DE7,14.843890612122395
2029,FM02_TSA,DE8,14.843890612122395
2029,FM02_TSA,DE9,14.843890612122395
2029,FM02_TSA,DEA,14.843890612122395
2029,FM02_TSA,DEB,14.843890612122395
2029,FM02_TSA,DEC,14.843890612122395
2029,FM02_TSA,DEE,14.843890612122395
2029,FM02_TSA,DED,14.843890612122395
2029,FM02_TSA,DEF,14.843890612122395
2029,FM02_TSA,DEG,14.843890612122395
2029,FM03_Beech,DE1,6326.455921250953
2029,FM03_Beech,DE2,6326.455921250953
2029,FM03_Beech,DE3,6326.455921250953
2029,FM03_Beech,DE4,6326.455921250953
2029,FM03_Beech,DE5,6326.455921250953
2029,FM03_Beech,DE6,6326.455921250953
2029,FM03_Beech,DE7,6326.455921250953
2029,FM03_Beech,DE8,6326.455921250953
2029,FM03_Beech,DE9,6326.455921250953
2029,FM03_Beech,DEA,6326.455921250953
2029,FM03_Beech,DEB,6326.455921250953
2029,FM03_Beech,DEC,6326.455921250953
2029,FM03_Beech,DEE,6326.455921250953
2029,FM03_Beech,DED,6326.455921250953
2029,FM03_Beech,DEF,6326.455921250953
2029,FM03_Beech,DEG,6326.455921250953
2029,FM04_DouglasFir,DE1,1794.4556586963513
2029,FM04_DouglasFir,DE2,1794.4556586963513
2029,FM04_DouglasFir,DE3,1794.4556586963513
2029,FM04_DouglasFir,DE4,1794.4556586963513
2029,FM04_DouglasFir,DE5,1794.4556586963513
2029,FM04_DouglasFir,DE6,1794.4556586963513
2029,FM04_DouglasFir,DE7,1794.4556586963513
2029,FM04_DouglasFir,DE8,1794.4556586963513
2029,FM04_DouglasFir,DE9,1794.4556586963513
2029,FM04_DouglasFir,DEA,1794.4556586963513
2029,FM04_DouglasFir,DEB,1794.4556586963513
2029,FM04_DouglasFir,DEC,1794.4556586963513
2029,FM04_DouglasFir,DEE,1794.4556586963513
2029,FM04_DouglasFir,DED,1794.4556586963513
2029,FM04_DouglasFir,DEF,1794.4556586963513
2029,FM04_DouglasFir,DEG,1794.4556586963513
2029,FM05_Oak,DE1,5320.91158343666
2029,FM05_Oak,DE2,5320.91158343666
2029,FM05_Oak,DE3,5320.91158343666
2029,FM05_Oak,DE4,5320.91158343666
2029,FM05_Oak,DE5,5320.91158343666
2029,FM05_Oak,DE6,5320.91158343666
2029,FM05_Oak,DE7,5320.91158343666
2029,FM05_Oak,DE8,5320.91158343666
2029,FM05_Oak,DE9,5320.91158343666
2029,FM05_Oak,DEA,5320.91158343666
2029,FM05_Oak,DEB,5320.91158343666
2029,FM05_Oak,DEC,5320.91158343666
2029,FM05_Oak,DEE,5320.91158343666
2029,FM05_Oak,DED,5320.91158343666
2029,FM05_Oak,DEF,5320.91158343666
2029,FM05_Oak,DEG,5320.91158343666
2029,FM06_ScotPine,DE1,4284.994816864222
2029,FM06_ScotPine,DE2,4284.994816864222
2029,FM06_ScotPine,DE3,4284.994816864222
2029,FM06_ScotPine,DE4,4284.994816864222
2029,FM06_ScotPine,DE5,4284.994816864222
2029,FM06_ScotPine,DE6,4284.994816864222
2029,FM06_ScotPine,DE7,4284.994816864222
2029,FM06_ScotPine,DE8,4284.994816864222
2029,FM06_ScotPine,DE9,4284.994816864222
2029,FM06_ScotPine,DEA,4284.994816864222
2029,FM06_ScotPine,DEB,4284.994816864222
2029,FM06_ScotPine,DEC,4284.994816864222
2029,FM06_ScotPine,DEE,4284.994816864222
2029,FM06_ScotPine,DED,4284.994816864222
2029,FM06_ScotPine,DEF,4284.994816864222
2029,FM06_ScotPine,DEG,4284.994816864222
2029,PC_Rewetting,DE1,7997.5
2029,PC_Rewetting,DE2,7997.5
2029,PC_Rewetting,DE3,7997.5
2029,PC_Rewetting,DE4,7997.5
2029,PC_Rewetting,DE5,7997.5
2029,PC_Rewetting,DE6,7997.5
2029,PC_Rewetting,DE7,7997.5
2029,PC_Rewetting,DE8,7997.5
2029,PC_Rewetting,DE9,7997.5
2029,PC_Rewetting,DEA,7997.5
2029,PC_Rewetting,DEB,7997.5
2029,PC_Rewetting,DEC,7997.5
2029,PC_Rewetting,DEE,7997.5
2029,PC_Rewetting,DED,7997.5
2029,PC_Rewetting,DEF,7997.5
2029,PC_Rewetting,DEG,7997.5
2030,FM01_PSA,DE1,21.4811164211949
2030,FM01_PSA,DE2,21.4811164211949
2030,FM01_PSA,DE3,21.4811164211949
2030,FM01_PSA,DE4,21.4811164211949
2030,FM01_PSA,DE5,21.4811164211949
2030,FM01_PSA,DE6,21.4811164211949
2030,FM01_PSA,DE7,21.4811164211949
2030,FM01_PSA,DE8,21.4811164211949
2030,FM01_PSA,DE9,21.4811164211949
2030,FM01_PSA,DEA,21.4811164211949
2030,FM01_PSA,DEB,21.4811164211949
2030,FM01_PSA,DEC,21.4811164211949
2030,FM01_PSA,DEE,21.4811164211949
2030,FM01_PSA,DED,21.4811164211949
2030,FM01_PSA,DEF,21.4811164211949
2030,FM01_PSA,DEG,21.4811164211949
2030,FM02_TSA,DE1,14.90560495364027
2030,FM02_TSA,DE2,14.90560495364027
2030,FM02_TSA,DE3,14.90560495364027
2030,FM02_TSA,DE4,14.90560495364027
2030,FM02_TSA,DE5,14.90560495364027
2030,FM02_TSA,DE6,14.90560495364027
2030,FM02_TSA,DE7,14.90560495364027
2030,FM02_TSA,DE8,14.90560495364027
2030,FM02_TSA,DE9,14.90560495364027
2030,FM02_TSA,DEA,14.90560495364027
2030,FM02_TSA,DEB,14.90560495364027
2030,FM02_TSA,DEC,14.90560495364027
2030,FM02_TSA,DEE,14.90560495364027
2030,FM02_TSA,DED,14.90560495364027
2030,FM02_TSA,DEF,14.90560495364027
2030,FM02_TSA,DEG,14.90560495364027
2030,FM03_Beech,DE1,6381.363416774563
2030,FM03_Beech,DE2,6381.363416774563
2030,FM03_Beech,DE3,6381.363416774563
2030,FM03_Beech,DE4,6381.363416774563
2030,FM03_Beech,DE5,6381.363416774563
2030,FM03_Beech,DE6,6381.363416774563
2030,FM03_Beech,DE7,6381.363416774563
2030,FM03_Beech,DE8,6381.363416774563
2030,FM03_Beech,DE9,6381.363416774563
2030,FM03_Beech,DEA,6381.363416774563
2030,FM03_Beech,DEB,6381.363416774563
2030,FM03_Beech,DEC,6381.363416774563
2030,FM03_Beech,DEE,6381.363416774563
2030,FM03_Beech,DED,6381.363416774563
2030,FM03_Beech,DEF,6381.363416774563
2030,FM03_Beech,DEG,6381.363416774563
2030,FM04_DouglasFir,DE1,1810.0297917138944
2030,FM04_DouglasFir,DE2,1810.0297917138944
2030,FM04_DouglasFir,DE3,1810.0297917138944
2030,FM04_DouglasFir,DE4,1810.0297917138944
2030,FM04_DouglasFir,DE5,1810.0297917138944
2030,FM04_DouglasFir,DE6,1810.0297917138944
2030,FM04_DouglasFir,DE7,1810.0297917138944
2030,FM04_DouglasFir,DE8,1810.0297917138944
2030,FM04_DouglasFir,DE9,1810.0297917138944
2030,FM04_DouglasFir,DEA,1810.0297917138944
2030,FM04_DouglasFir,DEB,1810.0297917138944
2030,FM04_DouglasFir,DEC,1810.0297917138944
2030,FM04_DouglasFir,DEE,1810.0297917138944
2030,FM04_DouglasFir,DED,1810.0297917138944
2030,FM04_DouglasFir,DEF,1810.0297917138944
2030,FM04_DouglasFir,DEG,1810.0297917138944
2030,FM05_Oak,DE1,5367.091930314238
2030,FM05_Oak,DE2,5367.091930314238
2030,FM05_Oak,DE3,5367.091930314238
2030,FM05_Oak,DE4,5367.091930314238
2030,FM05_Oak,DE5,5367.091930314238
2030,FM05_Oak,DE6,5367.091930314238
2030,FM05_Oak,DE7,5367.091930314238
2030,FM05_Oak,DE8,5367.091930314238
2030,FM05_Oak,DE9,5367.091930314238
2030,FM05_Oak,DEA,5367.091930314238
2030,FM05_Oak,DEB,5367.091930314238
2030,FM05_Oak,DEC,5367.091930314238
2030,FM05_Oak,DEE,5367.091930314238
2030,FM05_Oak,DED,5367.091930314238
2030,FM05_Oak,DEF,5367.091930314238
2030,FM05_Oak,DEG,5367.091930314238
2030,FM06_ScotPine,DE1,4322.184411900418
2030,FM06_ScotPine,DE2,4322.184411900418
2030,FM06_ScotPine,DE3,4322.184411900418
2030,FM06_ScotPine,DE4,4322.184411900418
2030,FM06_ScotPine,DE5,4322.184411900418
2030,FM06_ScotPine,DE6,4322.184411900418
2030,FM06_ScotPine,DE7,4322.184411900418
2030,FM06_ScotPine,DE8,4322.184411900418
2030,FM06_ScotPine,DE9,4322.184411900418
2030,FM06_ScotPine,DEA,4322.184411900418
2030,FM06_ScotPine,DEB,4322.184411900418
2030,FM06_ScotPine,DEC,4322.184411900418
2030,FM06_ScotPine,DEE,4322.184411900418
2030,FM06_ScotPine,DED,4322.184411900418
2030,FM06_ScotPine,DEF,4322.184411900418
2030,FM06_ScotPine,DEG,4322.184411900418
2030,PC_Rewetting,DE1,8275.0
2030,PC_Rewetting,DE2,8275.0
2030,PC_Rewetting,DE3,8275.0
2030,PC_Rewetting,DE4,8275.0
2030,PC_Rewetting,DE5,8275.0
2030,PC_Rewetting,DE6,8275.0
2030,PC_Rewetting,DE7,8275.0
2030,PC_Rewetting,DE8,8275.0
2030,PC_Rewetting,DE9,8275.0
2030,PC_Rewetting,DEA,8275.0
2030,PC_Rewetting,DEB,8275.0
2030,PC_Rewetting,DEC,8275.0
2030,PC_Rewetting,DEE,8275.0
2030,PC_Rewetting,DED,8275.0
2030,PC_Rewetting,DEF,8275.0
2030,PC_Rewetting,DEG,8275.0
2031,FM01_PSA,DE1,22.20038190946824
2031,FM01_PSA,DE2,22.20038190946824
2031,FM01_PSA,DE3,22.20038190946824
2031,FM01_PSA,DE4,22.20038190946824
2031,FM01_PSA,DE5,22.20038190946824
2031,FM01_PSA,DE6,22.20038190946824
2031,FM01_PSA,DE7,22.20038190946824
2031,FM01_PSA,DE8,22.20038190946824
2031,FM01_PSA,DE9,22.20038190946824
2031,FM01_PSA,DEA,22.20038190946824
2031,FM01_PSA,DEB,22.20038190946824
2031,FM01_PSA,DEC,22.20038190946824
2031,FM01_PSA,DEE,22.20038190946824
2031,FM01_PSA,DED,22.20038190946824
2031,FM01_PSA,DEF,22.20038190946824
2031,FM01_PSA,DEG,22.20038190946824
2031,FM02_TSA,DE1,14.967319295158145
2031,FM02_TSA,DE2,14.967319295158145
2031,FM02_TSA,DE3,14.967319295158145
2031,FM02_TSA,DE4,14.967319295158145
2031,FM02_TSA,DE5,14.967319295158145
2031,FM02_TSA,DE6,14.967319295158145
2031,FM02_TSA,DE7,14.967319295158145
2031,FM02_TSA,DE8,14.967319295158145
2031,FM02_TSA,DE9,14.967319295158145
2031,FM02_TSA,DEA,14.967319295158145
2031,FM02_TSA,DEB,14.967319295158145
2031,FM02_TSA,DEC,14.967319295158145
2031,FM02_TSA,DEE,14.967319295158145
2031,FM02_TSA,DED,14.967319295158145
2031,FM02_TSA,DEF,14.967319295158145
2031,FM02_TSA,DEG,14.967319295158145
2031,FM03_Beech,DE1,6436.270912298173
2031,FM03_Beech,DE2,6436.270912298173
2031,FM03_Beech,DE3,6436.270912298173
2031,FM03_Beech,DE4,6436.270912298173
2031,FM03_Beech,DE5,6436.270912298173
2031,FM03_Beech,DE6,6436.270912298173
2031,FM03_Beech,DE7,6436.270912298173
2031,FM03_Beech,DE8,6436.270912298173
2031,FM03_Beech,DE9,6436.270912298173
2031,FM03_Beech,DEA,6436.270912298173
2031,FM03_Beech,DEB,6436.270912298173
2031,FM03_Beech,DEC,6436.270912298173
2031,FM03_Beech,DEE,6436.270912298173
2031,FM03_Beech,DED,6436.270912298173
2031,FM03_Beech,DEF,6436.270912298173
2031,FM03_Beech,DEG,6436.270912298173
2031,FM04_DouglasFir,DE1,1825.6039247314377
2031,FM04_DouglasFir,DE2,1825.6039247314377
2031,FM04_DouglasFir,DE3,1825.6039247314377
2031,FM04_DouglasFir,DE4,1825.6039247314377
2031,FM04_DouglasFir,DE5,1825.6039247314377
2031,FM04_DouglasFir,DE6,1825.6039247314377
2031,FM04_DouglasFir,DE7,1825.6039247314377
2031,FM04_DouglasFir,DE8,1825.6039247314377
2031,FM04_DouglasFir,DE9,1825.6039247314377
2031,FM04_DouglasFir,DEA,1825.6039247314377
2031,FM04_DouglasFir,DEB,1825.6039247314377
2031,FM04_DouglasFir,DEC,1825.6039247314377
2031,FM04_DouglasFir,DEE,1825.6039247314377
2031,FM04_DouglasFir,DED,1825.6039247314377
2031,FM04_DouglasFir,DEF,1825.6039247314377
2031,FM04_DouglasFir,DEG,1825.6039247314377
2031,FM05_Oak,DE1,5413.272277191815
2031,FM05_Oak,DE2,5413.272277191815
2031,FM05_Oak,DE3,5413.272277191815
2031,FM05_Oak,DE4,5413.272277191815
2031,FM05_Oak,DE5,5413.272277191815
2031,FM05_Oak,DE6,5413.272277191815
2031,FM05_Oak,DE7,5413.272277191815
2031,FM05_Oak,DE8,5413.272277191815
2031,FM05_Oak,DE9,5413.272277191815
2031,FM05_Oak,DEA,5413.272277191815
2031,FM05_Oak,DEB,5413.272277191815
2031,FM05_Oak,DEC,5413.272277191815
2031,FM05_Oak,DEE,5413.272277191815
2031,FM05_Oak,DED,5413.272277191815
2031,FM05_Oak,DEF,5413.272277191815
2031,FM05_Oak,DEG,5413.272277191815
2031,FM06_ScotPine,DE1,4359.374006936613
2031,FM06_ScotPine,DE2,4359.374006936613
2031,FM06_ScotPine,DE3,4359.374006936613
2031,FM06_ScotPine,DE4,4359.374006936613
2031,FM06_ScotPine,DE5,4359.374006936613
2031,FM06_ScotPine,DE6,4359.374006936613
2031,FM06_ScotPine,DE7,4359.374006936613
2031,FM06_ScotPine,DE8,4359.374006936613
2031,FM06_ScotPine,DE9,4359.374006936613
2031,FM06_ScotPine,DEA,4359.374006936613
2031,FM06_ScotPine,DEB,4359.374006936613
2031,FM06_ScotPine,DEC,4359.374006936613
2031,FM06_ScotPine,DEE,4359.374006936613
2031,FM06_ScotPine,DED,4359.374006936613
2031,FM06_ScotPine,DEF,4359.374006936613
2031,FM06_ScotPine,DEG,4359.374006936613
2031,PC_Rewetting,DE1,8552.5
2031,PC_Rewetting,DE2,8552.5
2031,PC_Rewetting,DE3,8552.5
2031,PC_Rewetting,DE4,8552.5
2031,PC_Rewetting,DE5,8552.5
2031,PC_Rewetting,DE6,8552.5
2031,PC_Rewetting,DE7,8552.5
2031,PC_Rewetting,DE8,8552.5
2031,PC_Rewetting,DE9,8552.5
2031,PC_Rewetting,DEA,8552.5
2031,PC_Rewetting,DEB,8552.5
2031,PC_Rewetting,DEC,8552.5
2031,PC_Rewetting,DEE,8552.5
2031,PC_Rewetting,DED,8552.5
2031,PC_Rewetting,DEF,8552.5
2031,PC_Rewetting,DEG,8552.5
2032,FM01_PSA,DE1,22.91964739774157
2032,FM01_PSA,DE2,22.91964739774157
2032,FM01_PSA,DE3,22.91964739774157
2032,FM01_PSA,DE4,22.91964739774157
2032,FM01_PSA,DE5,22.91964739774157
2032,FM01_PSA,DE6,22.91964739774157
2032,FM01_PSA,DE7,22.91964739774157
2032,FM01_PSA,DE8,22.91964739774157
2032,FM01_PSA,DE9,22.91964739774157
2032,FM01_PSA,DEA,22.91964739774157
2032,FM01_PSA,DEB,22.91964739774157
2032,FM01_PSA,DEC,22.91964739774157
2032,FM01_PSA,DEE,22.91964739774157
2032,FM01_PSA,DED,22.91964739774157
2032,FM01_PSA,DEF,22.91964739774157
2032,FM01_PSA,DEG,22.91964739774157
2032,FM02_TSA,DE1,15.029033636676017
2032,FM02_TSA,DE2,15.029033636676017
2032,FM02_TSA,DE3,15.029033636676017
2032,FM02_TSA,DE4,15.029033636676017
2032,FM02_TSA,DE5,15.029033636676017
2032,FM02_TSA,DE6,15.029033636676017
2032,FM02_TSA,DE7,15.029033636676017
2032,FM02_TSA,DE8,15.029033636676017
2032,FM02_TSA,DE9,15.029033636676017
2032,FM02_TSA,DEA,15.029033636676017
2032,FM02_TSA,DEB,15.029033636676017
2032,FM02_TSA,DEC,15.029033636676017
2032,FM02_TSA,DEE,15.029033636676017
2032,FM02_TSA,DED,15.029033636676017
2032,FM02_TSA,DEF,15.029033636676017
2032,FM02_TSA,DEG,15.029033636676017
2032,FM03_Beech,DE1,6491.178407821783
2032,FM03_Beech,DE2,6491.178407821783
2032,FM03_Beech,DE3,6491.178407821783
2032,FM03_Beech,DE4,6491.178407821783
2032,FM03_Beech,DE5,6491.178407821783
2032,FM03_Beech,DE6,6491.178407821783
2032,FM03_Beech,DE7,6491.178407821783
2032,FM03_Beech,DE8,6491.178407821783
2032,FM03_Beech,DE9,6491.178407821783
2032,FM03_Beech,DEA,6491.178407821783
2032,FM03_Beech,DEB,6491.178407821783
2032,FM03_Beech,DEC,6491.178407821783
2032,FM03_Beech,DEE,6491.178407821783
2032,FM03_Beech,DED,6491.178407821783
2032,FM03_Beech,DEF,6491.178407821783
2032,FM03_Beech,DEG,6491.178407821783
2032,FM04_DouglasFir,DE1,1841.178057748981
2032,FM04_DouglasFir,DE2,1841.178057748981
2032,FM04_DouglasFir,DE3,1841.178057748981
2032,FM04_DouglasFir,DE4,1841.178057748981
2032,FM04_DouglasFir,DE5,1841.178057748981
2032,FM04_DouglasFir,DE6,1841.178057748981
2032,FM04_DouglasFir,DE7,1841.178057748981
2032,FM04_DouglasFir,DE8,1841.178057748981
2032,FM04_DouglasFir,DE9,1841.178057748981
2032,FM04_DouglasFir,DEA,1841.178057748981
2032,FM04_DouglasFir,DEB,1841.178057748981
2032,FM04_DouglasFir,DEC,1841.178057748981
2032,FM04_DouglasFir,DEE,1841.178057748981
2032,FM04_DouglasFir,DED,1841.178057748981
2032,FM04_DouglasFir,DEF,1841.178057748981
2032,FM04_DouglasFir,DEG,1841.178057748981
2032,FM05_Oak,DE1,5459.452624069393
2032,FM05_Oak,DE2,5459.452624069393
2032,FM05_Oak,DE3,5459.452624069393
2032,FM05_Oak,DE4,5459.452624069393
2032,FM05_Oak,DE5,5459.452624069393
2032,FM05_Oak,DE6,5459.452624069393
2032,FM05_Oak,DE7,5459.452624069393
2032,FM05_Oak,DE8,5459.452624069393
2032,FM05_Oak,DE9,5459.452624069393
2032,FM05_Oak,DEA,5459.452624069393
2032,FM05_Oak,DEB,5459.452624069393
2032,FM05_Oak,DEC,5459.452624069393
2032,FM05_Oak,DEE,5459.452624069393
2032,FM05_Oak,DED,5459.452624069393
2032,FM05_Oak,DEF,5459.452624069393
2032,FM05_Oak,DEG,5459.452624069393
2032,FM06_ScotPine,DE1,4396.563601972809
2032,FM06_ScotPine,DE2,4396.563601972809
2032,FM06_ScotPine,DE3,4396.563601972809
2032,FM06_ScotPine,DE4,4396.563601972809
2032,FM06_ScotPine,DE5,4396.563601972809
2032,FM06_ScotPine,DE6,4396.563601972809
2032,FM06_ScotPine,DE7,4396.563601972809
2032,FM06_ScotPine,DE8,4396.563601972809
2032,FM06_ScotPine,DE9,4396.563601972809
2032,FM06_ScotPine,DEA,4396.563601972809
2032,FM06_ScotPine,DEB,4396.563601972809
2032,FM06_ScotPine,DEC,4396.563601972809
2032,FM06_ScotPine,DEE,4396.563601972809
2032,FM06_ScotPine,DED,4396.563601972809
2032,FM06_ScotPine,DEF,4396.563601972809
2032,FM06_ScotPine,DEG,4396.563601972809
2032,PC_Rewetting,DE1,8830.0
2032,PC_Rewetting,DE2,8830.0
2032,PC_Rewetting,DE3,8830.0
2032,PC_Rewetting,DE4,8830.0
2032,PC_Rewetting,DE5,8830.0
2032,PC_Rewetting,DE6,8830.0
2032,PC_Rewetting,DE7,8830.0
2032,PC_Rewetting,DE8,8830.0
2032,PC_Rewetting,DE9,8830.0
2032,PC_Rewetting,DEA,8830.0
2032,PC_Rewetting,DEB,8830.0
2032,PC_Rewetting,DEC,8830.0
2032,PC_Rewetting,DEE,8830.0
2032,PC_Rewetting,DED,8830.0
2032,PC_Rewetting,DEF,8830.0
2032,PC_Rewetting,DEG,8830.0
2033,FM01_PSA,DE1,23.638912886014907
2033,FM01_PSA,DE2,23.638912886014907
2033,FM01_PSA,DE3,23.638912886014907
2033,FM01_PSA,DE4,23.638912886014907
2033,FM01_PSA,DE5,23.638912886014907
2033,FM01_PSA,DE6,23.638912886014907
2033,FM01_PSA,DE7,23.638912886014907
2033,FM01_PSA,DE8,23.638912886014907
2033,FM01_PSA,DE9,23.638912886014907
2033,FM01_PSA,DEA,23.638912886014907
2033,FM01_PSA,DEB,23.638912886014907
2033,FM01_PSA,DEC,23.638912886014907
2033,FM01_PSA,DEE,23.638912886014907
2033,FM01_PSA,DED,23.638912886014907
2033,FM01_PSA,DEF,23.638912886014907
2033,FM01_PSA,DEG,23.638912886014907
2033,FM02_TSA,DE1,15.090747978193887
2033,FM02_TSA,DE2,15.090747978193887
2033,FM02_TSA,DE3,15.090747978193887
2033,FM02_TSA,DE4,15.090747978193887
2033,FM02_TSA,DE5,15.090747978193887
2033,FM02_TSA,DE6,15.090747978193887
2033,FM02_TSA,DE7,15.090747978193887
2033,FM02_TSA,DE8,15.090747978193887
2033,FM02_TSA,DE9,15.090747978193887
2033,FM02_TSA,DEA,15.090747978193887
2033,FM02_TSA,DEB,15.090747978193887
2033,FM02_TSA,DEC,15.090747978193887
2033,FM02_TSA,DEE,15.090747978193887
2033,FM02_TSA,DED,15.090747978193887
2033,FM02_TSA,DEF,15.090747978193887
2033,FM02_TSA,DEG,15.090747978193887
2033,FM03_Beech,DE1,6546.0859033453935
2033,FM03_Beech,DE2,6546.0859033453935
2033,FM03_Beech,DE3,6546.0859033453935
2033,FM03_Beech,DE4,6546.0859033453935
2033,FM03_Beech,DE5,6546.0859033453935
2033,FM03_Beech,DE6,6546.0859033453935
2033,FM03_Beech,DE7,6546.0859033453935
2033,FM03_Beech,DE8,6546.0859033453935
2033,FM03_Beech,DE9,6546.0859033453935
2033,FM03_Beech,DEA,6546.0859033453935
2033,FM03_Beech,DEB,6546.0859033453935
2033,FM03_Beech,DEC,6546.0859033453935
2033,FM03_Beech,DEE,6546.0859033453935
2033,FM03_Beech,DED,6546.0859033453935
2033,FM03_Beech,DEF,6546.0859033453935
2033,FM03_Beech,DEG,6546.0859033453935
2033,FM04_DouglasFir,DE1,1856.7521907665243
2033,FM04_DouglasFir,DE2,1856.7521907665243
2033,FM04_DouglasFir,DE3,1856.7521907665243
2033,FM04_DouglasFir,DE4,1856.7521907665243
2033,FM04_DouglasFir,DE5,1856.7521907665243
2033,FM04_DouglasFir,DE6,1856.7521907665243
2033,FM04_DouglasFir,DE7,1856.7521907665243
2033,FM04_DouglasFir,DE8,1856.7521907665243
2033,FM04_DouglasFir,DE9,1856.7521907665243
2033,FM04_DouglasFir,DEA,1856.7521907665243
2033,FM04_DouglasFir,DEB,1856.7521907665243
2033,FM04_DouglasFir,DEC,1856.7521907665243
2033,FM04_DouglasFir,DEE,1856.7521907665243
2033,FM04_DouglasFir,DED,1856.7521907665243
2033,FM04_DouglasFir,DEF,1856.7521907665243
2033,FM04_DouglasFir,DEG,1856.7521907665243
2033,FM05_Oak,DE1,5505.632970946971
2033,FM05_Oak,DE2,5505.632970946971
2033,FM05_Oak,DE3,5505.632970946971
2033,FM05_Oak,DE4,5505.632970946971
2033,FM05_Oak,DE5,5505.632970946971
2033,FM05_Oak,DE6,5505.632970946971
2033,FM05_Oak,DE7,5505.632970946971
2033,FM05_Oak,DE8,5505.632970946971
2033,FM05_Oak,DE9,5505.632970946971
2033,FM05_Oak,DEA,5505.632970946971
2033,FM05_Oak,DEB,5505.632970946971
2033,FM05_Oak,DEC,5505.632970946971
2033,FM05_Oak,DEE,5505.632970946971
2033,FM05_Oak,DED,5505.632970946971
2033,FM05_Oak,DEF,5505.632970946971
2033,FM05_Oak,DEG,5505.632970946971
2033,FM06_ScotPine,DE1,4433.753197009005
2033,FM06_ScotPine,DE2,4433.753197009005
2033,FM06_ScotPine,DE3,4433.753197009005
2033,FM06_ScotPine,DE4,4433.753197009005
2033,FM06_ScotPine,DE5,4433.753197009005
2033,FM06_ScotPine,DE6,4433.753197009005
2033,FM06_ScotPine,DE7,4433.753197009005
2033,FM06_ScotPine,DE8,4433.753197009005
2033,FM06_ScotPine,DE9,4433.753197009005
2033,FM06_ScotPine,DEA,4433.753197009005
2033,FM06_ScotPine,DEB,4433.753197009005
2033,FM06_ScotPine,DEC,4433.753197009005
2033,FM06_ScotPine,DEE,4433.753197009005
2033,FM06_ScotPine,DED,4433.753197009005
2033,FM06_ScotPine,DEF,4433.753197009005
2033,FM06_ScotPine,DEG,4433.753197009005
2033,PC_Rewetting,DE1,9107.5
2033,PC_Rewetting,DE2,9107.5
2033,PC_Rewetting,DE3,9107.5
2033,PC_Rewetting,DE4,9107.5
2033,PC_Rewetting,DE5,9107.5
2033,PC_Rewetting,DE6,9107.5
2033,PC_Rewetting,DE7,9107.5
2033,PC_Rewetting,DE8,9107.5
2033,PC_Rewetting,DE9,9107.5
2033,PC_Rewetting,DEA,9107.5
2033,PC_Rewetting,DEB,9107.5
2033,PC_Rewetting,DEC,9107.5
2033,PC_Rewetting,DEE,9107.5
2033,PC_Rewetting,DED,9107.5
2033,PC_Rewetting,DEF,9107.5
2033,PC_Rewetting,DEG,9107.5
2034,FM01_PSA,DE1,24.358178374288244
2034,FM01_PSA,DE2,24.358178374288244
2034,FM01_PSA,DE3,24.358178374288244
2034,FM01_PSA,DE4,24.358178374288244
2034,FM01_PSA,DE5,24.358178374288244
2034,FM01_PSA,DE6,24.358178374288244
2034,FM01_PSA,DE7,24.358178374288244
2034,FM01_PSA,DE8,24.358178374288244
2034,FM01_PSA,DE9,24.358178374288244
2034,FM01_PSA,DEA,24.358178374288244
2034,FM01_PSA,DEB,24.358178374288244
2034,FM01_PSA,DEC,24.358178374288244
2034,FM01_PSA,DEE,24.358178374288244
2034,FM01_PSA,DED,24.358178374288244
2034,FM01_PSA,DEF,24.358178374288244
2034,FM01_PSA,DEG,24.358178374288244
2034,FM02_TSA,DE1,15.152462319711764
2034,FM02_TSA,DE2,15.152462319711764
2034,FM02_TSA,DE3,15.152462319711764
2034,FM02_TSA,DE4,15.152462319711764
2034,FM02_TSA,DE5,15.152462319711764
2034,FM02_TSA,DE6,15.152462319711764
2034,FM02_TSA,DE7,15.152462319711764
2034,FM02_TSA,DE8,15.152462319711764
2034,FM02_TSA,DE9,15.152462319711764
2034,FM02_TSA,DEA,15.152462319711764
2034,FM02_TSA,DEB,15.152462319711764
2034,FM02_TSA,DEC,15.152462319711764
2034,FM02_TSA,DEE,15.152462319711764
2034,FM02_TSA,DED,15.152462319711764
2034,FM02_TSA,DEF,15.152462319711764
2034,FM02_TSA,DEG,15.152462319711764
2034,FM03_Beech,DE1,6600.993398869004
2034,FM03_Beech,DE2,6600.993398869004
2034,FM03_Beech,DE3,6600.993398869004
2034,FM03_Beech,DE4,6600.993398869004
2034,FM03_Beech,DE5,6600.993398869004
2034,FM03_Beech,DE6,6600.993398869004
2034,FM03_Beech,DE7,6600.993398869004
2034,FM03_Beech,DE8,6600.993398869004
2034,FM03_Beech,DE9,6600.993398869004
2034,FM03_Beech,DEA,6600.993398869004
2034,FM03_Beech,DEB,6600.993398869004
2034,FM03_Beech,DEC,6600.993398869004
2034,FM03_Beech,DEE,6600.993398869004
2034,FM03_Beech,DED,6600.993398869004
2034,FM03_Beech,DEF,6600.993398869004
2034,FM03_Beech,DEG,6600.993398869004
2034,FM04_DouglasFir,DE1,1872.326323784068
2034,FM04_DouglasFir,DE2,1872.326323784068
2034,FM04_DouglasFir,DE3,1872.326323784068
2034,FM04_DouglasFir,DE4,1872.326323784068
2034,FM04_DouglasFir,DE5,1872.326323784068
2034,FM04_DouglasFir,DE6,1872.326323784068
2034,FM04_DouglasFir,DE7,1872.326323784068
2034,FM04_DouglasFir,DE8,1872.326323784068
2034,FM04_DouglasFir,DE9,1872.326323784068
2034,FM04_DouglasFir,DEA,1872.326323784068
2034,FM04_DouglasFir,DEB,1872.326323784068
2034,FM04_DouglasFir,DEC,1872.326323784068
2034,FM04_DouglasFir,DEE,1872.326323784068
2034,FM04_DouglasFir,DED,1872.326323784068
2034,FM04_DouglasFir,DEF,1872.326323784068
2034,FM04_DouglasFir,DEG,1872.326323784068
2034,FM05_Oak,DE1,5551.813317824548
2034,FM05_Oak,DE2,5551.813317824548
2034,FM05_Oak,DE3,5551.813317824548
2034,FM05_Oak,DE4,5551.813317824548
2034,FM05_Oak,DE5,5551.813317824548
2034,FM05_Oak,DE6,5551.813317824548
2034,FM05_Oak,DE7,5551.813317824548
2034,FM05_Oak,DE8,5551.813317824548
2034,FM05_Oak,DE9,5551.813317824548
2034,FM05_Oak,DEA,5551.813317824548
2034,FM05_Oak,DEB,5551.813317824548
2034,FM05_Oak,DEC,5551.813317824548
2034,FM05_Oak,DEE,5551.813317824548
2034,FM05_Oak,DED,5551.813317824548
2034,FM05_Oak,DEF,5551.813317824548
2034,FM05_Oak,DEG,5551.813317824548
2034,FM06_ScotPine,DE1,4470.9427920452
2034,FM06_ScotPine,DE2,4470.9427920452
2034,FM06_ScotPine,DE3,4470.9427920452
2034,FM06_ScotPine,DE4,4470.9427920452
2034,FM06_ScotPine,DE5,4470.9427920452
2034,FM06_ScotPine,DE6,4470.9427920452
2034,FM06_ScotPine,DE7,4470.9427920452
2034,FM06_ScotPine,DE8,4470.9427920452
2034,FM06_ScotPine,DE9,4470.9427920452
2034,FM06_ScotPine,DEA,4470.9427920452
2034,FM06_ScotPine,DEB,4470.9427920452
2034,FM06_ScotPine,DEC,4470.9427920452
2034,FM06_ScotPine,DEE,4470.9427920452
2034,FM06_ScotPine,DED,4470.9427920452
2034,FM06_ScotPine,DEF,4470.9427920452
2034,FM06_ScotPine,DEG,4470.9427920452
2034,PC_Rewetting,DE1,9385.0
2034,PC_Rewetting,DE2,9385.0
2034,PC_Rewetting,DE3,9385.0
2034,PC_Rewetting,DE4,9385.0
2034,PC_Rewetting,DE5,9385.0
2034,PC_Rewetting,DE6,9385.0
2034,PC_Rewetting,DE7,9385.0
2034,PC_Rewetting,DE8,9385.0
2034,PC_Rewetting,DE9,9385.0
2034,PC_Rewetting,DEA,9385.0
2034,PC_Rewetting,DEB,9385.0
2034,PC_Rewetting,DEC,9385.0
2034,PC_Rewetting,DEE,9385.0
2034,PC_Rewetting,DED,9385.0
2034,PC_Rewetting,DEF,9385.0
2034,PC_Rewetting,DEG,9385.0
2035,FM01_PSA,DE1,25.07744386256158
2035,FM01_PSA,DE2,25.07744386256158
2035,FM01_PSA,DE3,25.07744386256158
2035,FM01_PSA,DE4,25.07744386256158
2035,FM01_PSA,DE5,25.07744386256158
2035,FM01_PSA,DE6,25.07744386256158
2035,FM01_PSA,DE7,25.07744386256158
2035,FM01_PSA,DE8,25.07744386256158
2035,FM01_PSA,DE9,25.07744386256158
2035,FM01_PSA,DEA,25.07744386256158
2035,FM01_PSA,DEB,25.07744386256158
2035,FM01_PSA,DEC,25.07744386256158
2035,FM01_PSA,DEE,25.07744386256158
2035,FM01_PSA,DED,25.07744386256158
2035,FM01_PSA,DEF,25.07744386256158
2035,FM01_PSA,DEG,25.07744386256158
2035,FM02_TSA,DE1,15.214176661229637
2035,FM02_TSA,DE2,15.214176661229637
2035,FM02_TSA,DE3,15.214176661229637
2035,FM02_TSA,DE4,15.214176661229637
2035,FM02_TSA,DE5,15.214176661229637
2035,FM02_TSA,DE6,15.214176661229637
2035,FM02_TSA,DE7,15.214176661229637
2035,FM02_TSA,DE8,15.214176661229637
2035,FM02_TSA,DE9,15.214176661229637
2035,FM02_TSA,DEA,15.214176661229637
2035,FM02_TSA,DEB,15.214176661229637
2035,FM02_TSA,DEC,15.214176661229637
2035,FM02_TSA,DEE,15.214176661229637
2035,FM02_TSA,DED,15.214176661229637
2035,FM02_TSA,DEF,15.214176661229637
2035,FM02_TSA,DEG,15.214176661229637
2035,FM03_Beech,DE1,6655.900894392614
2035,FM03_Beech,DE2,6655.900894392614
2035,FM03_Beech,DE3,6655.900894392614
2035,FM03_Beech,DE4,6655.900894392614
2035,FM03_Beech,DE5,6655.900894392614
2035,FM03_Beech,DE6,6655.900894392614
2035,FM03_Beech,DE7,6655.900894392614
2035,FM03_Beech,DE8,6655.900894392614
2035,FM03_Beech,DE9,6655.900894392614
2035,FM03_Beech,DEA,6655.900894392614
2035,FM03_Beech,DEB,6655.900894392614
2035,FM03_Beech,DEC,6655.900894392614
2035,FM03_Beech,DEE,6655.900894392614
2035,FM03_Beech,DED,6655.900894392614
2035,FM03_Beech,DEF,6655.900894392614
2035,FM03_Beech,DEG,6655.900894392614
2035,FM04_DouglasFir,DE1,1887.900456801611
2035,FM04_DouglasFir,DE2,1887.900456801611
2035,FM04_DouglasFir,DE3,1887.900456801611
2035,FM04_DouglasFir,DE4,1887.900456801611
2035,FM04_DouglasFir,DE5,1887.900456801611
2035,FM04_DouglasFir,DE6,1887.900456801611
2035,FM04_DouglasFir,DE7,1887.900456801611
2035,FM04_DouglasFir,DE8,1887.900456801611
2035,FM04_DouglasFir,DE9,1887.900456801611
2035,FM04_DouglasFir,DEA,1887.900456801611
2035,FM04_DouglasFir,DEB,1887.900456801611
2035,FM04_DouglasFir,DEC,1887.900456801611
2035,FM04_DouglasFir,DEE,1887.900456801611
2035,FM04_DouglasFir,DED,1887.900456801611
2035,FM04_DouglasFir,DEF,1887.900456801611
2035,FM04_DouglasFir,DEG,1887.900456801611
2035,FM05_Oak,DE1,5597.993664702126
2035,FM05_Oak,DE2,5597.993664702126
2035,FM05_Oak,DE3,5597.993664702126
2035,FM05_Oak,DE4,5597.993664702126
2035,FM05_Oak,DE5,5597.993664702126
2035,FM05_Oak,DE6,5597.993664702126
2035,FM05_Oak,DE7,5597.993664702126
2035,FM05_Oak,DE8,5597.993664702126
2035,FM05_Oak,DE9,5597.993664702126
2035,FM05_Oak,DEA,5597.993664702126
2035,FM05_Oak,DEB,5597.993664702126
2035,FM05_Oak,DEC,5597.993664702126
2035,FM05_Oak,DEE,5597.993664702126
2035,FM05_Oak,DED,5597.993664702126
2035,FM05_Oak,DEF,5597.993664702126
2035,FM05_Oak,DEG,5597.993664702126
2035,FM06_ScotPine,DE1,4508.132387081396
2035,FM06_ScotPine,DE2,4508.132387081396
2035,FM06_ScotPine,DE3,4508.132387081396
2035,FM06_ScotPine,DE4,4508.132387081396
2035,FM06_ScotPine,DE5,4508.132387081396
2035,FM06_ScotPine,DE6,4508.132387081396
2035,FM06_ScotPine,DE7,4508.132387081396
2035,FM06_ScotPine,DE8,4508.132387081396
2035,FM06_ScotPine,DE9,4508.132387081396
2035,FM06_ScotPine,DEA,4508.132387081396
2035,FM06_ScotPine,DEB,4508.132387081396
2035,FM06_ScotPine,DEC,4508.132387081396
2035,FM06_ScotPine,DEE,4508.132387081396
2035,FM06_ScotPine,DED,4508.132387081396
2035,FM06_ScotPine,DEF,4508.132387081396
2035,FM06_ScotPine,DEG,4508.132387081396
2035,PC_Rewetting,DE1,9662.5
2035,PC_Rewetting,DE2,9662.5
2035,PC_Rewetting,DE3,9662.5
2035,PC_Rewetting,DE4,9662.5
2035,PC_Rewetting,DE5,9662.5
2035,PC_Rewetting,DE6,9662.5
2035,PC_Rewetting,DE7,9662.5
2035,PC_Rewetting,DE8,9662.5
2035,PC_Rewetting,DE9,9662.5
2035,PC_Rewetting,DEA,9662.5
2035,PC_Rewetting,DEB,9662.5
2035,PC_Rewetting,DEC,9662.5
2035,PC_Rewetting,DEE,9662.5
2035,PC_Rewetting,DED,9662.5
2035,PC_Rewetting,DEF,9662.5
2035,PC_Rewetting,DEG,9662.5
2036,FM01_PSA,DE1,25.79670935083492
2036,FM01_PSA,DE2,25.79670935083492
2036,FM01_PSA,DE3,25.79670935083492
2036,FM01_PSA,DE4,25.79670935083492
2036,FM01_PSA,DE5,25.79670935083492
2036,FM01_PSA,DE6,25.79670935083492
2036,FM01_PSA,DE7,25.79670935083492
2036,FM01_PSA,DE8,25.79670935083492
2036,FM01_PSA,DE9,25.79670935083492
2036,FM01_PSA,DEA,25.79670935083492
2036,FM01_PSA,DEB,25.79670935083492
2036,FM01_PSA,DEC,25.79670935083492
2036,FM01_PSA,DEE,25.79670935083492
2036,FM01_PSA,DED,25.79670935083492
2036,FM01_PSA,DEF,25.79670935083492
2036,FM01_PSA,DEG,25.79670935083492
2036,FM02_TSA,DE1,15.275891002747509
2036,FM02_TSA,DE2,15.275891002747509
2036,FM02_TSA,DE3,15.275891002747509
2036,FM02_TSA,DE4,15.275891002747509
2036,FM02_TSA,DE5,15.275891002747509
2036,FM02_TSA,DE6,15.275891002747509
2036,FM02_TSA,DE7,15.275891002747509
2036,FM02_TSA,DE8,15.275891002747509
2036,FM02_TSA,DE9,15.275891002747509
2036,FM02_TSA,DEA,15.275891002747509
2036,FM02_TSA,DEB,15.275891002747509
2036,FM02_TSA,DEC,15.275891002747509
2036,FM02_TSA,DEE,15.275891002747509
2036,FM02_TSA,DED,15.275891002747509
2036,FM02_TSA,DEF,15.275891002747509
2036,FM02_TSA,DEG,15.275891002747509
2036,FM03_Beech,DE1,6710.808389916224
2036,FM03_Beech,DE2,6710.808389916224
2036,FM03_Beech,DE3,6710.808389916224
2036,FM03_Beech,DE4,6710.808389916224
2036,FM03_Beech,DE5,6710.808389916224
2036,FM03_Beech,DE6,6710.808389916224
2036,FM03_Beech,DE7,6710.808389916224
2036,FM03_Beech,DE8,6710.808389916224
2036,FM03_Beech,DE9,6710.808389916224
2036,FM03_Beech,DEA,6710.808389916224
2036,FM03_Beech,DEB,6710.808389916224
2036,FM03_Beech,DEC,6710.808389916224
2036,FM03_Beech,DEE,6710.808389916224
2036,FM03_Beech,DED,6710.808389916224
2036,FM03_Beech,DEF,6710.808389916224
2036,FM03_Beech,DEG,6710.808389916224
2036,FM04_DouglasFir,DE1,1903.4745898191543
2036,FM04_DouglasFir,DE2,1903.4745898191543
2036,FM04_DouglasFir,DE3,1903.4745898191543
2036,FM04_DouglasFir,DE4,1903.4745898191543
2036,FM04_DouglasFir,DE5,1903.4745898191543
2036,FM04_DouglasFir,DE6,1903.4745898191543
2036,FM04_DouglasFir,DE7,1903.4745898191543
2036,FM04_DouglasFir,DE8,1903.4745898191543
2036,FM04_DouglasFir,DE9,1903.4745898191543
2036,FM04_DouglasFir,DEA,1903.4745898191543
2036,FM04_DouglasFir,DEB,1903.4745898191543
2036,FM04_DouglasFir,DEC,1903.4745898191543
2036,FM04_DouglasFir,DEE,1903.4745898191543
2036,FM04_DouglasFir,DED,1903.4745898191543
2036,FM04_DouglasFir,DEF,1903.4745898191543
2036,FM04_DouglasFir,DEG,1903.4745898191543
2036,FM05_Oak,DE1,5644.174011579704
2036,FM05_Oak,DE2,5644.174011579704
2036,FM05_Oak,DE3,5644.174011579704
2036,FM05_Oak,DE4,5644.174011579704
2036,FM05_Oak,DE5,5644.174011579704
2036,FM05_Oak,DE6,5644.174011579704
2036,FM05_Oak,DE7,5644.174011579704
2036,FM05_Oak,DE8,5644.174011579704
2036,FM05_Oak,DE9,5644.174011579704
2036,FM05_Oak,DEA,5644.174011579704
2036,FM05_Oak,DEB,5644.174011579704
2036,FM05_Oak,DEC,5644.174011579704
2036,FM05_Oak,DEE,5644.174011579704
2036,FM05_Oak,DED,5644.174011579704
2036,FM05_Oak,DEF,5644.174011579704
2036,FM05_Oak,DEG,5644.174011579704
2036,FM06_ScotPine,DE1,4545.321982117592
2036,FM06_ScotPine,DE2,4545.321982117592
2036,FM06_ScotPine,DE3,4545.321982117592
2036,FM06_ScotPine,DE4,4545.321982117592
2036,FM06_ScotPine,DE5,4545.321982117592
2036,FM06_ScotPine,DE6,4545.321982117592
2036,FM06_ScotPine,DE7,4545.321982117592
2036,FM06_ScotPine,DE8,4545.321982117592
2036,FM06_ScotPine,DE9,4545.321982117592
2036,FM06_ScotPine,DEA,4545.321982117592
2036,FM06_ScotPine,DEB,4545.321982117592
2036,FM06_ScotPine,DEC,4545.321982117592
2036,FM06_ScotPine,DEE,4545.321982117592
2036,FM06_ScotPine,DED,4545.321982117592
2036,FM06_ScotPine,DEF,4545.321982117592
2036,FM06_ScotPine,DEG,4545.321982117592
2036,PC_Rewetting,DE1,9940.0
2036,PC_Rewetting,DE2,9940.0
2036,PC_Rewetting,DE3,9940.0
2036,PC_Rewetting,DE4,9940.0
2036,PC_Rewetting,DE5,9940.0
2036,PC_Rewetting,DE6,9940.0
2036,PC_Rewetting,DE7,9940.0
2036,PC_Rewetting,DE8,9940.0
2036,PC_Rewetting,DE9,9940.0
2036,PC_Rewetting,DEA,9940.0
2036,PC_Rewetting,DEB,9940.0
2036,PC_Rewetting,DEC,9940.0
2036,PC_Rewetting,DEE,9940.0
2036,PC_Rewetting,DED,9940.0
2036,PC_Rewetting,DEF,9940.0
2036,PC_Rewetting,DEG,9940.0
2037,FM01_PSA,DE1,26.515974839108253
2037,FM01_PSA,DE2,26.515974839108253
2037,FM01_PSA,DE3,26.515974839108253
2037,FM01_PSA,DE4,26.515974839108253
2037,FM01_PSA,DE5,26.515974839108253
2037,FM01_PSA,DE6,26.515974839108253
2037,FM01_PSA,DE7,26.515974839108253
2037,FM01_PSA,DE8,26.515974839108253
2037,FM01_PSA,DE9,26.515974839108253
2037,FM01_PSA,DEA,26.515974839108253
2037,FM01_PSA,DEB,26.515974839108253
2037,FM01_PSA,DEC,26.515974839108253
2037,FM01_PSA,DEE,26.515974839108253
2037,FM01_PSA,DED,26.515974839108253
2037,FM01_PSA,DEF,26.515974839108253
2037,FM01_PSA,DEG,26.515974839108253
2037,FM02_TSA,DE1,15.337605344265382
2037,FM02_TSA,DE2,15.337605344265382
2037,FM02_TSA,DE3,15.337605344265382
2037,FM02_TSA,DE4,15.337605344265382
2037,FM02_TSA,DE5,15.337605344265382
2037,FM02_TSA,DE6,15.337605344265382
2037,FM02_TSA,DE7,15.337605344265382
2037,FM02_TSA,DE8,15.337605344265382
2037,FM02_TSA,DE9,15.337605344265382
2037,FM02_TSA,DEA,15.337605344265382
2037,FM02_TSA,DEB,15.337605344265382
2037,FM02_TSA,DEC,15.337605344265382
2037,FM02_TSA,DEE,15.337605344265382
2037,FM02_TSA,DED,15.337605344265382
2037,FM02_TSA,DEF,15.337605344265382
2037,FM02_TSA,DEG,15.337605344265382
2037,FM03_Beech,DE1,6765.715885439834
2037,FM03_Beech,DE2,6765.715885439834
2037,FM03_Beech,DE3,6765.715885439834
2037,FM03_Beech,DE4,6765.715885439834
2037,FM03_Beech,DE5,6765.715885439834
2037,FM03_Beech,DE6,6765.715885439834
2037,FM03_Beech,DE7,6765.715885439834
2037,FM03_Beech,DE8,6765.715885439834
2037,FM03_Beech,DE9,6765.715885439834
2037,FM03_Beech,DEA,6765.715885439834
2037,FM03_Beech,DEB,6765.715885439834
2037,FM03_Beech,DEC,6765.715885439834
2037,FM03_Beech,DEE,6765.715885439834
2037,FM03_Beech,DED,6765.715885439834
2037,FM03_Beech,DEF,6765.715885439834
2037,FM03_Beech,DEG,6765.715885439834
2037,FM04_DouglasFir,DE1,1919.0487228366976
2037,FM04_DouglasFir,DE2,1919.0487228366976
2037,FM04_DouglasFir,DE3,1919.0487228366976
2037,FM04_DouglasFir,DE4,1919.0487228366976
2037,FM04_DouglasFir,DE5,1919.0487228366976
2037,FM04_DouglasFir,DE6,1919.0487228366976
2037,FM04_DouglasFir,DE7,1919.0487228366976
2037,FM04_DouglasFir,DE8,1919.0487228366976
2037,FM04_DouglasFir,DE9,1919.0487228366976
2037,FM04_DouglasFir,DEA,1919.0487228366976
2037,FM04_DouglasFir,DEB,1919.0487228366976
2037,FM04_DouglasFir,DEC,1919.0487228366976
2037,FM04_DouglasFir,DEE,1919.0487228366976
2037,FM04_DouglasFir,DED,1919.0487228366976
2037,FM04_DouglasFir,DEF,1919.0487228366976
2037,FM04_DouglasFir,DEG,1919.0487228366976
2037,FM05_Oak,DE1,5690.354358457281
2037,FM05_Oak,DE2,5690.354358457281
2037,FM05_Oak,DE3,5690.354358457281
2037,FM05_Oak,DE4,5690.354358457281
2037,FM05_Oak,DE5,5690.354358457281
2037,FM05_Oak,DE6,5690.354358457281
2037,FM05_Oak,DE7,5690.354358457281
2037,FM05_Oak,DE8,5690.354358457281
2037,FM05_Oak,DE9,5690.354358457281
2037,FM05_Oak,DEA,5690.354358457281
2037,FM05_Oak,DEB,5690.354358457281
2037,FM05_Oak,DEC,5690.354358457281
2037,FM05_Oak,DEE,5690.354358457281
2037,FM05_Oak,DED,5690.354358457281
2037,FM05_Oak,DEF,5690.354358457281
2037,FM05_Oak,DEG,5690.354358457281
2037,FM06_ScotPine,DE1,4582.511577153788
2037,FM06_ScotPine,DE2,4582.511577153788
2037,FM06_ScotPine,DE3,4582.511577153788
2037,FM06_ScotPine,DE4,4582.511577153788
2037,FM06_ScotPine,DE5,4582.511577153788
2037,FM06_ScotPine,DE6,4582.511577153788
2037,FM06_ScotPine,DE7,4582.511577153788
2037,FM06_ScotPine,DE8,4582.511577153788
2037,FM06_ScotPine,DE9,4582.511577153788
2037,FM06_ScotPine,DEA,4582.511577153788
2037,FM06_ScotPine,DEB,4582.511577153788
2037,FM06_ScotPine,DEC,4582.511577153788
2037,FM06_ScotPine,DEE,4582.511577153788
2037,FM06_ScotPine,DED,4582.511577153788
2037,FM06_ScotPine,DEF,4582.511577153788
2037,FM06_ScotPine,DEG,4582.511577153788
2037,PC_Rewetting,DE1,10217.5
2037,PC_Rewetting,DE2,10217.5
2037,PC_Rewetting,DE3,10217.5
2037,PC_Rewetting,DE4,10217.5
2037,PC_Rewetting,DE5,10217.5
2037,PC_Rewetting,DE6,10217.5
2037,PC_Rewetting,DE7,10217.5
2037,PC_Rewetting,DE8,10217.5
2037,PC_Rewetting,DE9,10217.5
2037,PC_Rewetting,DEA,10217.5
2037,PC_Rewetting,DEB,10217.5
2037,PC_Rewetting,DEC,10217.5
2037,PC_Rewetting,DEE,10217.5
2037,PC_Rewetting,DED,10217.5
2037,PC_Rewetting,DEF,10217.5
2037,PC_Rewetting,DEG,10217.5
2038,FM01_PSA,DE1,27.23524032738159
2038,FM01_PSA,DE2,27.23524032738159
2038,FM01_PSA,DE3,27.23524032738159
2038,FM01_PSA,DE4,27.23524032738159
2038,FM01_PSA,DE5,27.23524032738159
2038,FM01_PSA,DE6,27.23524032738159
2038,FM01_PSA,DE7,27.23524032738159
2038,FM01_PSA,DE8,27.23524032738159
2038,FM01_PSA,DE9,27.23524032738159
2038,FM01_PSA,DEA,27.23524032738159
2038,FM01_PSA,DEB,27.23524032738159
2038,FM01_PSA,DEC,27.23524032738159
2038,FM01_PSA,DEE,27.23524032738159
2038,FM01_PSA,DED,27.23524032738159
2038,FM01_PSA,DEF,27.23524032738159
2038,FM01_PSA,DEG,27.23524032738159
2038,FM02_TSA,DE1,15.399319685783254
2038,FM02_TSA,DE2,15.399319685783254
2038,FM02_TSA,DE3,15.399319685783254
2038,FM02_TSA,DE4,15.399319685783254
2038,FM02_TSA,DE5,15.399319685783254
2038,FM02_TSA,DE6,15.399319685783254
2038,FM02_TSA,DE7,15.399319685783254
2038,FM02_TSA,DE8,15.399319685783254
2038,FM02_TSA,DE9,15.399319685783254
2038,FM02_TSA,DEA,15.399319685783254
2038,FM02_TSA,DEB,15.399319685783254
2038,FM02_TSA,DEC,15.399319685783254
2038,FM02_TSA,DEE,15.399319685783254
2038,FM02_TSA,DED,15.399319685783254
2038,FM02_TSA,DEF,15.399319685783254
2038,FM02_TSA,DEG,15.399319685783254
2038,FM03_Beech,DE1,6820.623380963444
2038,FM03_Beech,DE2,6820.623380963444
2038,FM03_Beech,DE3,6820.623380963444
2038,FM03_Beech,DE4,6820.623380963444
2038,FM03_Beech,DE5,6820.623380963444
2038,FM03_Beech,DE6,6820.623380963444
2038,FM03_Beech,DE7,6820.623380963444
2038,FM03_Beech,DE8,6820.623380963444
2038,FM03_Beech,DE9,6820.623380963444
2038,FM03_Beech,DEA,6820.623380963444
2038,FM03_Beech,DEB,6820.623380963444
2038,FM03_Beech,DEC,6820.623380963444
2038,FM03_Beech,DEE,6820.623380963444
2038,FM03_Beech,DED,6820.623380963444
2038,FM03_Beech,DEF,6820.623380963444
2038,FM03_Beech,DEG,6820.623380963444
2038,FM04_DouglasFir,DE1,1934.622855854241
2038,FM04_DouglasFir,DE2,1934.622855854241
2038,FM04_DouglasFir,DE3,1934.622855854241
2038,FM04_DouglasFir,DE4,1934.622855854241
2038,FM04_DouglasFir,DE5,1934.622855854241
2038,FM04_DouglasFir,DE6,1934.622855854241
2038,FM04_DouglasFir,DE7,1934.622855854241
2038,FM04_DouglasFir,DE8,1934.622855854241
2038,FM04_DouglasFir,DE9,1934.622855854241
2038,FM04_DouglasFir,DEA,1934.622855854241
2038,FM04_DouglasFir,DEB,1934.622855854241
2038,FM04_DouglasFir,DEC,1934.622855854241
2038,FM04_DouglasFir,DEE,1934.622855854241
2038,FM04_DouglasFir,DED,1934.622855854241
2038,FM04_DouglasFir,DEF,1934.622855854241
2038,FM04_DouglasFir,DEG,1934.622855854241
2038,FM05_Oak,DE1,5736.534705334859
2038,FM05_Oak,DE2,5736.534705334859
2038,FM05_Oak,DE3,5736.534705334859
2038,FM05_Oak,DE4,5736.534705334859
2038,FM05_Oak,DE5,5736.534705334859
2038,FM05_Oak,DE6,5736.534705334859
2038,FM05_Oak,DE7,5736.534705334859
2038,FM05_Oak,DE8,5736.534705334859
2038,FM05_Oak,DE9,5736.534705334859
2038,FM05_Oak,DEA,5736.534705334859
2038,FM05_Oak,DEB,5736.534705334859
2038,FM05_Oak,DEC,5736.534705334859
2038,FM05_Oak,DEE,5736.534705334859
2038,FM05_Oak,DED,5736.534705334859
2038,FM05_Oak,DEF,5736.534705334859
2038,FM05_Oak,DEG,5736.534705334859
2038,FM06_ScotPine,DE1,4619.701172189983
2038,FM06_ScotPine,DE2,4619.701172189983
2038,FM06_ScotPine,DE3,4619.701172189983
2038,FM06_ScotPine,DE4,4619.701172189983
2038,FM06_ScotPine,DE5,4619.701172189983
2038,FM06_ScotPine,DE6,4619.701172189983
2038,FM06_ScotPine,DE7,4619.701172189983
2038,FM06_ScotPine,DE8,4619.701172189983
2038,FM06_ScotPine,DE9,4619.701172189983
2038,FM06_ScotPine,DEA,4619.701172189983
2038,FM06_ScotPine,DEB,4619.701172189983
2038,FM06_ScotPine,DEC,4619.701172189983
2038,FM06_ScotPine,DEE,4619.701172189983
2038,FM06_ScotPine,DED,4619.701172189983
2038,FM06_ScotPine,DEF,4619.701172189983
2038,FM06_ScotPine,DEG,4619.701172189983
2038,PC_Rewetting,DE1,10495.0
2038,PC_Rewetting,DE2,10495.0
2038,PC_Rewetting,DE3,10495.0
2038,PC_Rewetting,DE4,10495.0
2038,PC_Rewetting,DE5,10495.0
2038,PC_Rewetting,DE6,10495.0
2038,PC_Rewetting,DE7,10495.0
2038,PC_Rewetting,DE8,10495.0
2038,PC_Rewetting,DE9,10495.0
2038,PC_Rewetting,DEA,10495.0
2038,PC_Rewetting,DEB,10495.0
2038,PC_Rewetting,DEC,10495.0
2038,PC_Rewetting,DEE,10495.0
2038,PC_Rewetting,DED,10495.0
2038,PC_Rewetting,DEF,10495.0
2038,PC_Rewetting,DEG,10495.0
2039,FM01_PSA,DE1,27.95450581565493
2039,FM01_PSA,DE2,27.95450581565493
2039,FM01_PSA,DE3,27.95450581565493
2039,FM01_PSA,DE4,27.95450581565493
2039,FM01_PSA,DE5,27.95450581565493
2039,FM01_PSA,DE6,27.95450581565493
2039,FM01_PSA,DE7,27.95450581565493
2039,FM01_PSA,DE8,27.95450581565493
2039,FM01_PSA,DE9,27.95450581565493
2039,FM01_PSA,DEA,27.95450581565493
2039,FM01_PSA,DEB,27.95450581565493
2039,FM01_PSA,DEC,27.95450581565493
2039,FM01_PSA,DEE,27.95450581565493
2039,FM01_PSA,DED,27.95450581565493
2039,FM01_PSA,DEF,27.95450581565493
2039,FM01_PSA,DEG,27.95450581565493
2039,FM02_TSA,DE1,15.461034027301128
2039,FM02_TSA,DE2,15.461034027301128
2039,FM02_TSA,DE3,15.461034027301128
2039,FM02_TSA,DE4,15.461034027301128
2039,FM02_TSA,DE5,15.461034027301128
2039,FM02_TSA,DE6,15.461034027301128
2039,FM02_TSA,DE7,15.461034027301128
2039,FM02_TSA,DE8,15.461034027301128
2039,FM02_TSA,DE9,15.461034027301128
2039,FM02_TSA,DEA,15.461034027301128
2039,FM02_TSA,DEB,15.461034027301128
2039,FM02_TSA,DEC,15.461034027301128
2039,FM02_TSA,DEE,15.461034027301128
2039,FM02_TSA,DED,15.461034027301128
2039,FM02_TSA,DEF,15.461034027301128
2039,FM02_TSA,DEG,15.461034027301128
2039,FM03_Beech,DE1,6875.530876487054
2039,FM03_Beech,DE2,6875.530876487054
2039,FM03_Beech,DE3,6875.530876487054
2039,FM03_Beech,DE4,6875.530876487054
2039,FM03_Beech,DE5,6875.530876487054
2039,FM03_Beech,DE6,6875.530876487054
2039,FM03_Beech,DE7,6875.530876487054
2039,FM03_Beech,DE8,6875.530876487054
2039,FM03_Beech,DE9,6875.530876487054
2039,FM03_Beech,DEA,6875.530876487054
2039,FM03_Beech,DEB,6875.530876487054
2039,FM03_Beech,DEC,6875.530876487054
2039,FM03_Beech,DEE,6875.530876487054
2039,FM03_Beech,DED,6875.530876487054
2039,FM03_Beech,DEF,6875.530876487054
2039,FM03_Beech,DEG,6875.530876487054
2039,FM04_DouglasFir,DE1,1950.196988871784
2039,FM04_DouglasFir,DE2,1950.196988871784
2039,FM04_DouglasFir,DE3,1950.196988871784
2039,FM04_DouglasFir,DE4,1950.196988871784
2039,FM04_DouglasFir,DE5,1950.196988871784
2039,FM04_DouglasFir,DE6,1950.196988871784
2039,FM04_DouglasFir,DE7,1950.196988871784
2039,FM04_DouglasFir,DE8,1950.196988871784
2039,FM04_DouglasFir,DE9,1950.196988871784
2039,FM04_DouglasFir,DEA,1950.196988871784
2039,FM04_DouglasFir,DEB,1950.196988871784
2039,FM04_DouglasFir,DEC,1950.196988871784
2039,FM04_DouglasFir,DEE,1950.196988871784
2039,FM04_DouglasFir,DED,1950.196988871784
2039,FM04_DouglasFir,DEF,1950.196988871784
2039,FM04_DouglasFir,DEG,1950.196988871784
2039,FM05_Oak,DE1,5782.715052212437
2039,FM05_Oak,DE2,5782.715052212437
2039,FM05_Oak,DE3,5782.715052212437
2039,FM05_Oak,DE4,5782.715052212437
2039,FM05_Oak,DE5,5782.715052212437
2039,FM05_Oak,DE6,5782.715052212437
2039,FM05_Oak,DE7,5782.715052212437
2039,FM05_Oak,DE8,5782.715052212437
2039,FM05_Oak,DE9,5782.715052212437
2039,FM05_Oak,DEA,5782.715052212437
2039,FM05_Oak,DEB,5782.715052212437
2039,FM05_Oak,DEC,5782.715052212437
2039,FM05_Oak,DEE,5782.715052212437
2039,FM05_Oak,DED,5782.715052212437
2039,FM05_Oak,DEF,5782.715052212437
2039,FM05_Oak,DEG,5782.715052212437
2039,FM06_ScotPine,DE1,4656.8907672261785
2039,FM06_ScotPine,DE2,4656.8907672261785
2039,FM06_ScotPine,DE3,4656.8907672261785
2039,FM06_ScotPine,DE4,4656.8907672261785
2039,FM06_ScotPine,DE5,4656.8907672261785
2039,FM06_ScotPine,DE6,4656.8907672261785
2039,FM06_ScotPine,DE7,4656.8907672261785
2039,FM06_ScotPine,DE8,4656.8907672261785
2039,FM06_ScotPine,DE9,4656.8907672261785
2039,FM06_ScotPine,DEA,4656.8907672261785
2039,FM06_ScotPine,DEB,4656.8907672261785
2039,FM06_ScotPine,DEC,4656.8907672261785
2039,FM06_ScotPine,DEE,4656.8907672261785
2039,FM06_ScotPine,DED,4656.8907672261785
2039,FM06_ScotPine,DEF,4656.8907672261785
2039,FM06_ScotPine,DEG,4656.8907672261785
2039,PC_Rewetting,DE1,10772.5
2039,PC_Rewetting,DE2,10772.5
2039,PC_Rewetting,DE3,10772.5
2039,PC_Rewetting,DE4,10772.5
2039,PC_Rewetting,DE5,10772.5
2039,PC_Rewetting,DE6,10772.5
2039,PC_Rewetting,DE7,10772.5
2039,PC_Rewetting,DE8,10772.5
2039,PC_Rewetting,DE9,10772.5
2039,PC_Rewetting,DEA,10772.5
2039,PC_Rewetting,DEB,10772.5
2039,PC_Rewetting,DEC,10772.5
2039,PC_Rewetting,DEE,10772.5
2039,PC_Rewetting,DED,10772.5
2039,PC_Rewetting,DEF,10772.5
2039,PC_Rewetting,DEG,10772.5
2040,FM01_PSA,DE1,28.673771303928262
2040,FM01_PSA,DE2,28.673771303928262
2040,FM01_PSA,DE3,28.673771303928262
2040,FM01_PSA,DE4,28.673771303928262
2040,FM01_PSA,DE5,28.673771303928262
2040,FM01_PSA,DE6,28.673771303928262
2040,FM01_PSA,DE7,28.673771303928262
2040,FM01_PSA,DE8,28.673771303928262
2040,FM01_PSA,DE9,28.673771303928262
2040,FM01_PSA,DEA,28.673771303928262
2040,FM01_PSA,DEB,28.673771303928262
2040,FM01_PSA,DEC,28.673771303928262
2040,FM01_PSA,DEE,28.673771303928262
2040,FM01_PSA,DED,28.673771303928262
2040,FM01_PSA,DEF,28.673771303928262
2040,FM01_PSA,DEG,28.673771303928262
2040,FM02_TSA,DE1,15.522748368819002
2040,FM02_TSA,DE2,15.522748368819002
2040,FM02_TSA,DE3,15.522748368819002
2040,FM02_TSA,DE4,15.522748368819002
2040,FM02_TSA,DE5,15.522748368819002
2040,FM02_TSA,DE6,15.522748368819002
2040,FM02_TSA,DE7,15.522748368819002
2040,FM02_TSA,DE8,15.522748368819002
2040,FM02_TSA,DE9,15.522748368819002
2040,FM02_TSA,DEA,15.522748368819002
2040,FM02_TSA,DEB,15.522748368819002
2040,FM02_TSA,DEC,15.522748368819002
2040,FM02_TSA,DEE,15.522748368819002
2040,FM02_TSA,DED,15.522748368819002
2040,FM02_TSA,DEF,15.522748368819002
2040,FM02_TSA,DEG,15.522748368819002
2040,FM03_Beech,DE1,6930.438372010664
2040,FM03_Beech,DE2,6930.438372010664
2040,FM03_Beech,DE3,6930.438372010664
2040,FM03_Beech,DE4,6930.438372010664
2040,FM03_Beech,DE5,6930.438372010664
2040,FM03_Beech,DE6,6930.438372010664
2040,FM03_Beech,DE7,6930.438372010664
2040,FM03_Beech,DE8,6930.438372010664
2040,FM03_Beech,DE9,6930.438372010664
2040,FM03_Beech,DEA,6930.438372010664
2040,FM03_Beech,DEB,6930.438372010664
2040,FM03_Beech,DEC,6930.438372010664
2040,FM03_Beech,DEE,6930.438372010664
2040,FM03_Beech,DED,6930.438372010664
2040,FM03_Beech,DEF,6930.438372010664
2040,FM03_Beech,DEG,6930.438372010664
2040,FM04_DouglasFir,DE1,1965.771121889328
2040,FM04_DouglasFir,DE2,1965.771121889328
2040,FM04_DouglasFir,DE3,1965.771121889328
2040,FM04_DouglasFir,DE4,1965.771121889328
2040,FM04_DouglasFir,DE5,1965.771121889328
2040,FM04_DouglasFir,DE6,1965.771121889328
2040,FM04_DouglasFir,DE7,1965.771121889328
2040,FM04_DouglasFir,DE8,1965.771121889328
2040,FM04_DouglasFir,DE9,1965.771121889328
2040,FM04_DouglasFir,DEA,1965.771121889328
2040,FM04_DouglasFir,DEB,1965.771121889328
2040,FM04_DouglasFir,DEC,1965.771121889328
2040,FM04_DouglasFir,DEE,1965.771121889328
2040,FM04_DouglasFir,DED,1965.771121889328
2040,FM04_DouglasFir,DEF,1965.771121889328
2040,FM04_DouglasFir,DEG,1965.771121889328
2040,FM05_Oak,DE1,5828.895399090014
2040,FM05_Oak,DE2,5828.895399090014
2040,FM05_Oak,DE3,5828.895399090014
2040,FM05_Oak,DE4,5828.895399090014
2040,FM05_Oak,DE5,5828.895399090014
2040,FM05_Oak,DE6,5828.895399090014
2040,FM05_Oak,DE7,5828.895399090014
2040,FM05_Oak,DE8,5828.895399090014
2040,FM05_Oak,DE9,5828.895399090014
2040,FM05_Oak,DEA,5828.895399090014
2040,FM05_Oak,DEB,5828.895399090014
2040,FM05_Oak,DEC,5828.895399090014
2040,FM05_Oak,DEE,5828.895399090014
2040,FM05_Oak,DED,5828.895399090014
2040,FM05_Oak,DEF,5828.895399090014
2040,FM05_Oak,DEG,5828.895399090014
2040,FM06_ScotPine,DE1,4694.080362262374
2040,FM06_ScotPine,DE2,4694.080362262374
2040,FM06_ScotPine,DE3,4694.080362262374
2040,FM06_ScotPine,DE4,4694.080362262374
2040,FM06_ScotPine,DE5,4694.080362262374
2040,FM06_ScotPine,DE6,4694.080362262374
2040,FM06_ScotPine,DE7,4694.080362262374
2040,FM06_ScotPine,DE8,4694.080362262374
2040,FM06_ScotPine,DE9,4694.080362262374
2040,FM06_ScotPine,DEA,4694.080362262374
2040,FM06_ScotPine,DEB,4694.080362262374
2040,FM06_ScotPine,DEC,4694.080362262374
2040,FM06_ScotPine,DEE,4694.080362262374
2040,FM06_ScotPine,DED,4694.080362262374
2040,FM06_ScotPine,DEF,4694.080362262374
2040,FM06_ScotPine,DEG,4694.080362262374
2040,PC_Rewetting,DE1,11050.0
2040,PC_Rewetting,DE2,11050.0
2040,PC_Rewetting,DE3,11050.0
2040,PC_Rewetting,DE4,11050.0
2040,PC_Rewetting,DE5,11050.0
2040,PC_Rewetting,DE6,11050.0
2040,PC_Rewetting,DE7,11050.0
2040,PC_Rewetting,DE8,11050.0
2040,PC_Rewetting,DE9,11050.0
2040,PC_Rewetting,DEA,11050.0
2040,PC_Rewetting,DEB,11050.0
2040,PC_Rewetting,DEC,11050.0
2040,PC_Rewetting,DEE,11050.0
2040,PC_Rewetting,DED,11050.0
2040,PC_Rewetting,DEF,11050.0
2040,PC_Rewetting,DEG,11050.0
2041,FM01_PSA,DE1,29.3930367922016
2041,FM01_PSA,DE2,29.3930367922016
2041,FM01_PSA,DE3,29.3930367922016
2041,FM01_PSA,DE4,29.3930367922016
2041,FM01_PSA,DE5,29.3930367922016
2041,FM01_PSA,DE6,29.3930367922016
2041,FM01_PSA,DE7,29.3930367922016
2041,FM01_PSA,DE8,29.3930367922016
2041,FM01_PSA,DE9,29.3930367922016
2041,FM01_PSA,DEA,29.3930367922016
2041,FM01_PSA,DEB,29.3930367922016
2041,FM01_PSA,DEC,29.3930367922016
2041,FM01_PSA,DEE,29.3930367922016
2041,FM01_PSA,DED,29.3930367922016
2041,FM01_PSA,DEF,29.3930367922016
2041,FM01_PSA,DEG,29.3930367922016
2041,FM02_TSA,DE1,15.584462710336874
2041,FM02_TSA,DE2,15.584462710336874
2041,FM02_TSA,DE3,15.584462710336874
2041,FM02_TSA,DE4,15.584462710336874
2041,FM02_TSA,DE5,15.584462710336874
2041,FM02_TSA,DE6,15.584462710336874
2041,FM02_TSA,DE7,15.584462710336874
2041,FM02_TSA,DE8,15.584462710336874
2041,FM02_TSA,DE9,15.584462710336874
2041,FM02_TSA,DEA,15.584462710336874
2041,FM02_TSA,DEB,15.584462710336874
2041,FM02_TSA,DEC,15.584462710336874
2041,FM02_TSA,DEE,15.584462710336874
2041,FM02_TSA,DED,15.584462710336874
2041,FM02_TSA,DEF,15.584462710336874
2041,FM02_TSA,DEG,15.584462710336874
2041,FM03_Beech,DE1,6985.3458675342745
2041,FM03_Beech,DE2,6985.3458675342745
2041,FM03_Beech,DE3,6985.3458675342745
2041,FM03_Beech,DE4,6985.3458675342745
2041,FM03_Beech,DE5,6985.3458675342745
2041,FM03_Beech,DE6,6985.3458675342745
2041,FM03_Beech,DE7,6985.3458675342745
2041,FM03_Beech,DE8,6985.3458675342745
2041,FM03_Beech,DE9,6985.3458675342745
2041,FM03_Beech,DEA,6985.3458675342745
2041,FM03_Beech,DEB,6985.3458675342745
2041,FM03_Beech,DEC,6985.3458675342745
2041,FM03_Beech,DEE,6985.3458675342745
2041,FM03_Beech,DED,6985.3458675342745
2041,FM03_Beech,DEF,6985.3458675342745
2041,FM03_Beech,DEG,6985.3458675342745
2041,FM04_DouglasFir,DE1,1981.3452549068709
2041,FM04_DouglasFir,DE2,1981.3452549068709
2041,FM04_DouglasFir,DE3,1981.3452549068709
2041,FM04_DouglasFir,DE4,1981.3452549068709
2041,FM04_DouglasFir,DE5,1981.3452549068709
2041,FM04_DouglasFir,DE6,1981.3452549068709
2041,FM04_DouglasFir,DE7,1981.3452549068709
2041,FM04_DouglasFir,DE8,1981.3452549068709
2041,FM04_DouglasFir,DE9,1981.3452549068709
2041,FM04_DouglasFir,DEA,1981.3452549068709
2041,FM04_DouglasFir,DEB,1981.3452549068709
2041,FM04_DouglasFir,DEC,1981.3452549068709
2041,FM04_DouglasFir,DEE,1981.3452549068709
2041,FM04_DouglasFir,DED,1981.3452549068709
2041,FM04_DouglasFir,DEF,1981.3452549068709
2041,FM04_DouglasFir,DEG,1981.3452549068709
2041,FM05_Oak,DE1,5875.075745967592
2041,FM05_Oak,DE2,5875.075745967592
2041,FM05_Oak,DE3,5875.075745967592
2041,FM05_Oak,DE4,5875.075745967592
2041,FM05_Oak,DE5,5875.075745967592
2041,FM05_Oak,DE6,5875.075745967592
2041,FM05_Oak,DE7,5875.075745967592
2041,FM05_Oak,DE8,5875.075745967592
2041,FM05_Oak,DE9,5875.075745967592
2041,FM05_Oak,DEA,5875.075745967592
2041,FM05_Oak,DEB,5875.075745967592
2041,FM05_Oak,DEC,5875.075745967592
2041,FM05_Oak,DEE,5875.075745967592
2041,FM05_Oak,DED,5875.075745967592
2041,FM05_Oak,DEF,5875.075745967592
2041,FM05_Oak,DEG,5875.075745967592
2041,FM06_ScotPine,DE1,4731.269957298569
2041,FM06_ScotPine,DE2,4731.269957298569
2041,FM06_ScotPine,DE3,4731.269957298569
2041,FM06_ScotPine,DE4,4731.269957298569
2041,FM06_ScotPine,DE5,4731.269957298569
2041,FM06_ScotPine,DE6,4731.269957298569
2041,FM06_ScotPine,DE7,4731.269957298569
2041,FM06_ScotPine,DE8,4731.269957298569
2041,FM06_ScotPine,DE9,4731.269957298569
2041,FM06_ScotPine,DEA,4731.269957298569
2041,FM06_ScotPine,DEB,4731.269957298569
2041,FM06_ScotPine,DEC,4731.269957298569
2041,FM06_ScotPine,DEE,4731.269957298569
2041,FM06_ScotPine,DED,4731.269957298569
2041,FM06_ScotPine,DEF,4731.269957298569
2041,FM06_ScotPine,DEG,4731.269957298569
2041,PC_Rewetting,DE1,11327.5
2041,PC_Rewetting,DE2,11327.5
2041,PC_Rewetting,DE3,11327.5
2041,PC_Rewetting,DE4,11327.5
2041,PC_Rewetting,DE5,11327.5
2041,PC_Rewetting,DE6,11327.5
2041,PC_Rewetting,DE7,11327.5
2041,PC_Rewetting,DE8,11327.5
2041,PC_Rewetting,DE9,11327.5
2041,PC_Rewetting,DEA,11327.5
2041,PC_Rewetting,DEB,11327.5
2041,PC_Rewetting,DEC,11327.5
2041,PC_Rewetting,DEE,11327.5
2041,PC_Rewetting,DED,11327.5
2041,PC_Rewetting,DEF,11327.5
2041,PC_Rewetting,DEG,11327.5
2042,FM01_PSA,DE1,30.112302280474932
2042,FM01_PSA,DE2,30.112302280474932
2042,FM01_PSA,DE3,30.112302280474932
2042,FM01_PSA,DE4,30.112302280474932
2042,FM01_PSA,DE5,30.112302280474932
2042,FM01_PSA,DE6,30.112302280474932
2042,FM01_PSA,DE7,30.112302280474932
2042,FM01_PSA,DE8,30.112302280474932
2042,FM01_PSA,DE9,30.112302280474932
2042,FM01_PSA,DEA,30.112302280474932
2042,FM01_PSA,DEB,30.112302280474932
2042,FM01_PSA,DEC,30.112302280474932
2042,FM01_PSA,DEE,30.112302280474932
2042,FM01_PSA,DED,30.112302280474932
2042,FM01_PSA,DEF,30.112302280474932
2042,FM01_PSA,DEG,30.112302280474932
2042,FM02_TSA,DE1,15.646177051854748
2042,FM02_TSA,DE2,15.646177051854748
2042,FM02_TSA,DE3,15.646177051854748
2042,FM02_TSA,DE4,15.646177051854748
2042,FM02_TSA,DE5,15.646177051854748
2042,FM02_TSA,DE6,15.646177051854748
2042,FM02_TSA,DE7,15.646177051854748
2042,FM02_TSA,DE8,15.646177051854748
2042,FM02_TSA,DE9,15.646177051854748
2042,FM02_TSA,DEA,15.646177051854748
2042,FM02_TSA,DEB,15.646177051854748
2042,FM02_TSA,DEC,15.646177051854748
2042,FM02_TSA,DEE,15.646177051854748
2042,FM02_TSA,DED,15.646177051854748
2042,FM02_TSA,DEF,15.646177051854748
2042,FM02_TSA,DEG,15.646177051854748
2042,FM03_Beech,DE1,7040.253363057885
2042,FM03_Beech,DE2,7040.253363057885
2042,FM03_Beech,DE3,7040.253363057885
2042,FM03_Beech,DE4,7040.253363057885
2042,FM03_Beech,DE5,7040.253363057885
2042,FM03_Beech,DE6,7040.253363057885
2042,FM03_Beech,DE7,7040.253363057885
2042,FM03_Beech,DE8,7040.253363057885
2042,FM03_Beech,DE9,7040.253363057885
2042,FM03_Beech,DEA,7040.253363057885
2042,FM03_Beech,DEB,7040.253363057885
2042,FM03_Beech,DEC,7040.253363057885
2042,FM03_Beech,DEE,7040.253363057885
2042,FM03_Beech,DED,7040.253363057885
2042,FM03_Beech,DEF,7040.253363057885
2042,FM03_Beech,DEG,7040.253363057885
2042,FM04_DouglasFir,DE1,1996.919387924414
2042,FM04_DouglasFir,DE2,1996.919387924414
2042,FM04_DouglasFir,DE3,1996.919387924414
2042,FM04_DouglasFir,DE4,1996.919387924414
2042,FM04_DouglasFir,DE5,1996.919387924414
2042,FM04_DouglasFir,DE6,1996.919387924414
2042,FM04_DouglasFir,DE7,1996.919387924414
2042,FM04_DouglasFir,DE8,1996.919387924414
2042,FM04_DouglasFir,DE9,1996.919387924414
2042,FM04_DouglasFir,DEA,1996.919387924414
2042,FM04_DouglasFir,DEB,1996.919387924414
2042,FM04_DouglasFir,DEC,1996.919387924414
2042,FM04_DouglasFir,DEE,1996.919387924414
2042,FM04_DouglasFir,DED,1996.919387924414
2042,FM04_DouglasFir,DEF,1996.919387924414
2042,FM04_DouglasFir,DEG,1996.919387924414
2042,FM05_Oak,DE1,5921.256092845169
2042,FM05_Oak,DE2,5921.256092845169
2042,FM05_Oak,DE3,5921.256092845169
2042,FM05_Oak,DE4,5921.256092845169
2042,FM05_Oak,DE5,5921.256092845169
2042,FM05_Oak,DE6,5921.256092845169
2042,FM05_Oak,DE7,5921.256092845169
2042,FM05_Oak,DE8,5921.256092845169
2042,FM05_Oak,DE9,5921.256092845169
2042,FM05_Oak,DEA,5921.256092845169
2042,FM05_Oak,DEB,5921.256092845169
2042,FM05_Oak,DEC,5921.256092845169
2042,FM05_Oak,DEE,5921.256092845169
2042,FM05_Oak,DED,5921.256092845169
2042,FM05_Oak,DEF,5921.256092845169
2042,FM05_Oak,DEG,5921.256092845169
2042,FM06_ScotPine,DE1,4768.459552334765
2042,FM06_ScotPine,DE2,4768.459552334765
2042,FM06_ScotPine,DE3,4768.459552334765
2042,FM06_ScotPine,DE4,4768.459552334765
2042,FM06_ScotPine,DE5,4768.459552334765
2042,FM06_ScotPine,DE6,4768.459552334765
2042,FM06_ScotPine,DE7,4768.459552334765
2042,FM06_ScotPine,DE8,4768.459552334765
2042,FM06_ScotPine,DE9,4768.459552334765
2042,FM06_ScotPine,DEA,4768.459552334765
2042,FM06_ScotPine,DEB,4768.459552334765
2042,FM06_ScotPine,DEC,4768.459552334765
2042,FM06_ScotPine,DEE,4768.459552334765
2042,FM06_ScotPine,DED,4768.459552334765
2042,FM06_ScotPine,DEF,4768.459552334765
2042,FM06_ScotPine,DEG,4768.459552334765
2042,PC_Rewetting,DE1,11605.0
2042,PC_Rewetting,DE2,11605.0
2042,PC_Rewetting,DE3,11605.0
2042,PC_Rewetting,DE4,11605.0
2042,PC_Rewetting,DE5,11605.0
2042,PC_Rewetting,DE6,11605.0
2042,PC_Rewetting,DE7,11605.0
2042,PC_Rewetting,DE8,11605.0
2042,PC_Rewetting,DE9,11605.0
2042,PC_Rewetting,DEA,11605.0
2042,PC_Rewetting,DEB,11605.0
2042,PC_Rewetting,DEC,11605.0
2042,PC_Rewetting,DEE,11605.0
2042,PC_Rewetting,DED,11605.0
2042,PC_Rewetting,DEF,11605.0
2042,PC_Rewetting,DEG,11605.0
2043,FM01_PSA,DE1,30.831567768748272
2043,FM01_PSA,DE2,30.831567768748272
2043,FM01_PSA,DE3,30.831567768748272
2043,FM01_PSA,DE4,30.831567768748272
2043,FM01_PSA,DE5,30.831567768748272
2043,FM01_PSA,DE6,30.831567768748272
2043,FM01_PSA,DE7,30.831567768748272
2043,FM01_PSA,DE8,30.831567768748272
2043,FM01_PSA,DE9,30.831567768748272
2043,FM01_PSA,DEA,30.831567768748272
2043,FM01_PSA,DEB,30.831567768748272
2043,FM01_PSA,DEC,30.831567768748272
2043,FM01_PSA,DEE,30.831567768748272
2043,FM01_PSA,DED,30.831567768748272
2043,FM01_PSA,DEF,30.831567768748272
2043,FM01_PSA,DEG,30.831567768748272
2043,FM02_TSA,DE1,15.707891393372622
2043,FM02_TSA,DE2,15.707891393372622
2043,FM02_TSA,DE3,15.707891393372622
2043,FM02_TSA,DE4,15.707891393372622
2043,FM02_TSA,DE5,15.707891393372622
2043,FM02_TSA,DE6,15.707891393372622
2043,FM02_TSA,DE7,15.707891393372622
2043,FM02_TSA,DE8,15.707891393372622
2043,FM02_TSA,DE9,15.707891393372622
2043,FM02_TSA,DEA,15.707891393372622
2043,FM02_TSA,DEB,15.707891393372622
2043,FM02_TSA,DEC,15.707891393372622
2043,FM02_TSA,DEE,15.707891393372622
2043,FM02_TSA,DED,15.707891393372622
2043,FM02_TSA,DEF,15.707891393372622
2043,FM02_TSA,DEG,15.707891393372622
2043,FM03_Beech,DE1,7095.160858581495
2043,FM03_Beech,DE2,7095.160858581495
2043,FM03_Beech,DE3,7095.160858581495
2043,FM03_Beech,DE4,7095.160858581495
2043,FM03_Beech,DE5,7095.160858581495
2043,FM03_Beech,DE6,7095.160858581495
2043,FM03_Beech,DE7,7095.160858581495
2043,FM03_Beech,DE8,7095.160858581495
2043,FM03_Beech,DE9,7095.160858581495
2043,FM03_Beech,DEA,7095.160858581495
2043,FM03_Beech,DEB,7095.160858581495
2043,FM03_Beech,DEC,7095.160858581495
2043,FM03_Beech,DEE,7095.160858581495
2043,FM03_Beech,DED,7095.160858581495
2043,FM03_Beech,DEF,7095.160858581495
2043,FM03_Beech,DEG,7095.160858581495
2043,FM04_DouglasFir,DE1,2012.4935209419573
2043,FM04_DouglasFir,DE2,2012.4935209419573
2043,FM04_DouglasFir,DE3,2012.4935209419573
2043,FM04_DouglasFir,DE4,2012.4935209419573
2043,FM04_DouglasFir,DE5,2012.4935209419573
2043,FM04_DouglasFir,DE6,2012.4935209419573
2043,FM04_DouglasFir,DE7,2012.4935209419573
2043,FM04_DouglasFir,DE8,2012.4935209419573
2043,FM04_DouglasFir,DE9,2012.4935209419573
2043,FM04_DouglasFir,DEA,2012.4935209419573
2043,FM04_DouglasFir,DEB,2012.4935209419573
2043,FM04_DouglasFir,DEC,2012.4935209419573
2043,FM04_DouglasFir,DEE,2012.4935209419573
2043,FM04_DouglasFir,DED,2012.4935209419573
2043,FM04_DouglasFir,DEF,2012.4935209419573
2043,FM04_DouglasFir,DEG,2012.4935209419573
2043,FM05_Oak,DE1,5967.436439722747
2043,FM05_Oak,DE2,5967.436439722747
2043,FM05_Oak,DE3,5967.436439722747
2043,FM05_Oak,DE4,5967.436439722747
2043,FM05_Oak,DE5,5967.436439722747
2043,FM05_Oak,DE6,5967.436439722747
2043,FM05_Oak,DE7,5967.436439722747
2043,FM05_Oak,DE8,5967.436439722747
2043,FM05_Oak,DE9,5967.436439722747
2043,FM05_Oak,DEA,5967.436439722747
2043,FM05_Oak,DEB,5967.436439722747
2043,FM05_Oak,DEC,5967.436439722747
2043,FM05_Oak,DEE,5967.436439722747
2043,FM05_Oak,DED,5967.436439722747
2043,FM05_Oak,DEF,5967.436439722747
2043,FM05_Oak,DEG,5967.436439722747
2043,FM06_ScotPine,DE1,4805.649147370961
2043,FM06_ScotPine,DE2,4805.649147370961
2043,FM06_ScotPine,DE3,4805.649147370961
2043,FM06_ScotPine,DE4,4805.649147370961
2043,FM06_ScotPine,DE5,4805.649147370961
2043,FM06_ScotPine,DE6,4805.649147370961
2043,FM06_ScotPine,DE7,4805.649147370961
2043,FM06_ScotPine,DE8,4805.649147370961
2043,FM06_ScotPine,DE9,4805.649147370961
2043,FM06_ScotPine,DEA,4805.649147370961
2043,FM06_ScotPine,DEB,4805.649147370961
2043,FM06_ScotPine,DEC,4805.649147370961
2043,FM06_ScotPine,DEE,4805.649147370961
2043,FM06_ScotPine,DED,4805.649147370961
2043,FM06_ScotPine,DEF,4805.649147370961
2043,FM06_ScotPine,DEG,4805.649147370961
2043,PC_Rewetting,DE1,11882.5
2043,PC_Rewetting,DE2,11882.5
2043,PC_Rewetting,DE3,11882.5
2043,PC_Rewetting,DE4,11882.5
2043,PC_Rewetting,DE5,11882.5
2043,PC_Rewetting,DE6,11882.5
2043,PC_Rewetting,DE7,11882.5
2043,PC_Rewetting,DE8,11882.5
2043,PC_Rewetting,DE9,11882.5
2043,PC_Rewetting,DEA,11882.5
2043,PC_Rewetting,DEB,11882.5
2043,PC_Rewetting,DEC,11882.5
2043,PC_Rewetting,DEE,11882.5
2043,PC_Rewetting,DED,11882.5
2043,PC_Rewetting,DEF,11882.5
2043,PC_Rewetting,DEG,11882.5
2044,FM01_PSA,DE1,31.55083325702161
2044,FM01_PSA,DE2,31.55083325702161
2044,FM01_PSA,DE3,31.55083325702161
2044,FM01_PSA,DE4,31.55083325702161
2044,FM01_PSA,DE5,31.55083325702161
2044,FM01_PSA,DE6,31.55083325702161
2044,FM01_PSA,DE7,31.55083325702161
2044,FM01_PSA,DE8,31.55083325702161
2044,FM01_PSA,DE9,31.55083325702161
2044,FM01_PSA,DEA,31.55083325702161
2044,FM01_PSA,DEB,31.55083325702161
2044,FM01_PSA,DEC,31.55083325702161
2044,FM01_PSA,DEE,31.55083325702161
2044,FM01_PSA,DED,31.55083325702161
2044,FM01_PSA,DEF,31.55083325702161
2044,FM01_PSA,DEG,31.55083325702161
2044,FM02_TSA,DE1,15.769605734890494
2044,FM02_TSA,DE2,15.769605734890494
2044,FM02_TSA,DE3,15.769605734890494
2044,FM02_TSA,DE4,15.769605734890494
2044,FM02_TSA,DE5,15.769605734890494
2044,FM02_TSA,DE6,15.769605734890494
2044,FM02_TSA,DE7,15.769605734890494
2044,FM02_TSA,DE8,15.769605734890494
2044,FM02_TSA,DE9,15.769605734890494
2044,FM02_TSA,DEA,15.769605734890494
2044,FM02_TSA,DEB,15.769605734890494
2044,FM02_TSA,DEC,15.769605734890494
2044,FM02_TSA,DEE,15.769605734890494
2044,FM02_TSA,DED,15.769605734890494
2044,FM02_TSA,DEF,15.769605734890494
2044,FM02_TSA,DEG,15.769605734890494
2044,FM03_Beech,DE1,7150.068354105105
2044,FM03_Beech,DE2,7150.068354105105
2044,FM03_Beech,DE3,7150.068354105105
2044,FM03_Beech,DE4,7150.068354105105
2044,FM03_Beech,DE5,7150.068354105105
2044,FM03_Beech,DE6,7150.068354105105
2044,FM03_Beech,DE7,7150.068354105105
2044,FM03_Beech,DE8,7150.068354105105
2044,FM03_Beech,DE9,7150.068354105105
2044,FM03_Beech,DEA,7150.068354105105
2044,FM03_Beech,DEB,7150.068354105105
2044,FM03_Beech,DEC,7150.068354105105
2044,FM03_Beech,DEE,7150.068354105105
2044,FM03_Beech,DED,7150.068354105105
2044,FM03_Beech,DEF,7150.068354105105
2044,FM03_Beech,DEG,7150.068354105105
2044,FM04_DouglasFir,DE1,2028.0676539595008
2044,FM04_DouglasFir,DE2,2028.0676539595008
2044,FM04_DouglasFir,DE3,2028.0676539595008
2044,FM04_DouglasFir,DE4,2028.0676539595008
2044,FM04_DouglasFir,DE5,2028.0676539595008
2044,FM04_DouglasFir,DE6,2028.0676539595008
2044,FM04_DouglasFir,DE7,2028.0676539595008
2044,FM04_DouglasFir,DE8,2028.0676539595008
2044,FM04_DouglasFir,DE9,2028.0676539595008
2044,FM04_DouglasFir,DEA,2028.0676539595008
2044,FM04_DouglasFir,DEB,2028.0676539595008
2044,FM04_DouglasFir,DEC,2028.0676539595008
2044,FM04_DouglasFir,DEE,2028.0676539595008
2044,FM04_DouglasFir,DED,2028.0676539595008
2044,FM04_DouglasFir,DEF,2028.0676539595008
2044,FM04_DouglasFir,DEG,2028.0676539595008
2044,FM05_Oak,DE1,6013.616786600324
2044,FM05_Oak,DE2,6013.616786600324
2044,FM05_Oak,DE3,6013.616786600324
2044,FM05_Oak,DE4,6013.616786600324
2044,FM05_Oak,DE5,6013.616786600324
2044,FM05_Oak,DE6,6013.616786600324
2044,FM05_Oak,DE7,6013.616786600324
2044,FM05_Oak,DE8,6013.616786600324
2044,FM05_Oak,DE9,6013.616786600324
2044,FM05_Oak,DEA,6013.616786600324
2044,FM05_Oak,DEB,6013.616786600324
2044,FM05_Oak,DEC,6013.616786600324
2044,FM05_Oak,DEE,6013.616786600324
2044,FM05_Oak,DED,6013.616786600324
2044,FM05_Oak,DEF,6013.616786600324
2044,FM05_Oak,DEG,6013.616786600324
2044,FM06_ScotPine,DE1,4842.838742407157
2044,FM06_ScotPine,DE2,4842.838742407157
2044,FM06_ScotPine,DE3,4842.838742407157
2044,FM06_ScotPine,DE4,4842.838742407157
2044,FM06_ScotPine,DE5,4842.838742407157
2044,FM06_ScotPine,DE6,4842.838742407157
2044,FM06_ScotPine,DE7,4842.838742407157
2044,FM06_ScotPine,DE8,4842.838742407157
2044,FM06_ScotPine,DE9,4842.838742407157
2044,FM06_ScotPine,DEA,4842.838742407157
2044,FM06_ScotPine,DEB,4842.838742407157
2044,FM06_ScotPine,DEC,4842.838742407157
2044,FM06_ScotPine,DEE,4842.838742407157
2044,FM06_ScotPine,DED,4842.838742407157
2044,FM06_ScotPine,DEF,4842.838742407157
2044,FM06_ScotPine,DEG,4842.838742407157
2044,PC_Rewetting,DE1,12160.0
2044,PC_Rewetting,DE2,12160.0
2044,PC_Rewetting,DE3,12160.0
2044,PC_Rewetting,DE4,12160.0
2044,PC_Rewetting,DE5,12160.0
2044,PC_Rewetting,DE6,12160.0
2044,PC_Rewetting,DE7,12160.0
2044,PC_Rewetting,DE8,12160.0
2044,PC_Rewetting,DE9,12160.0
2044,PC_Rewetting,DEA,12160.0
2044,PC_Rewetting,DEB,12160.0
2044,PC_Rewetting,DEC,12160.0
2044,PC_Rewetting,DEE,12160.0
2044,PC_Rewetting,DED,12160.0
2044,PC_Rewetting,DEF,12160.0
2044,PC_Rewetting,DEG,12160.0
2045,FM01_PSA,DE1,32.270098745294945
2045,FM01_PSA,DE2,32.270098745294945
2045,FM01_PSA,DE3,32.270098745294945
2045,FM01_PSA,DE4,32.270098745294945
2045,FM01_PSA,DE5,32.270098745294945
2045,FM01_PSA,DE6,32.270098745294945
2045,FM01_PSA,DE7,32.270098745294945
2045,FM01_PSA,DE8,32.270098745294945
2045,FM01_PSA,DE9,32.270098745294945
2045,FM01_PSA,DEA,32.270098745294945
2045,FM01_PSA,DEB,32.270098745294945
2045,FM01_PSA,DEC,32.270098745294945
2045,FM01_PSA,DEE,32.270098745294945
2045,FM01_PSA,DED,32.270098745294945
2045,FM01_PSA,DEF,32.270098745294945
2045,FM01_PSA,DEG,32.270098745294945
2045,FM02_TSA,DE1,15.831320076408367
2045,FM02_TSA,DE2,15.831320076408367
2045,FM02_TSA,DE3,15.831320076408367
2045,FM02_TSA,DE4,15.831320076408367
2045,FM02_TSA,DE5,15.831320076408367
2045,FM02_TSA,DE6,15.831320076408367
2045,FM02_TSA,DE7,15.831320076408367
2045,FM02_TSA,DE8,15.831320076408367
2045,FM02_TSA,DE9,15.831320076408367
2045,FM02_TSA,DEA,15.831320076408367
2045,FM02_TSA,DEB,15.831320076408367
2045,FM02_TSA,DEC,15.831320076408367
2045,FM02_TSA,DEE,15.831320076408367
2045,FM02_TSA,DED,15.831320076408367
2045,FM02_TSA,DEF,15.831320076408367
2045,FM02_TSA,DEG,15.831320076408367
2045,FM03_Beech,DE1,7204.975849628715
2045,FM03_Beech,DE2,7204.975849628715
2045,FM03_Beech,DE3,7204.975849628715
2045,FM03_Beech,DE4,7204.975849628715
2045,FM03_Beech,DE5,7204.975849628715
2045,FM03_Beech,DE6,7204.975849628715
2045,FM03_Beech,DE7,7204.975849628715
2045,FM03_Beech,DE8,7204.975849628715
2045,FM03_Beech,DE9,7204.975849628715
2045,FM03_Beech,DEA,7204.975849628715
2045,FM03_Beech,DEB,7204.975849628715
2045,FM03_Beech,DEC,7204.975849628715
2045,FM03_Beech,DEE,7204.975849628715
2045,FM03_Beech,DED,7204.975849628715
2045,FM03_Beech,DEF,7204.975849628715
2045,FM03_Beech,DEG,7204.975849628715
2045,FM04_DouglasFir,DE1,2043.641786977044
2045,FM04_DouglasFir,DE2,2043.641786977044
2045,FM04_DouglasFir,DE3,2043.641786977044
2045,FM04_DouglasFir,DE4,2043.641786977044
2045,FM04_DouglasFir,DE5,2043.641786977044
2045,FM04_DouglasFir,DE6,2043.641786977044
2045,FM04_DouglasFir,DE7,2043.641786977044
2045,FM04_DouglasFir,DE8,2043.641786977044
2045,FM04_DouglasFir,DE9,2043.641786977044
2045,FM04_DouglasFir,DEA,2043.641786977044
2045,FM04_DouglasFir,DEB,2043.641786977044
2045,FM04_DouglasFir,DEC,2043.641786977044
2045,FM04_DouglasFir,DEE,2043.641786977044
2045,FM04_DouglasFir,DED,2043.641786977044
2045,FM04_DouglasFir,DEF,2043.641786977044
2045,FM04_DouglasFir,DEG,2043.641786977044
2045,FM05_Oak,DE1,6059.797133477901
2045,FM05_Oak,DE2,6059.797133477901
2045,FM05_Oak,DE3,6059.797133477901
2045,FM05_Oak,DE4,6059.797133477901
2045,FM05_Oak,DE5,6059.797133477901
2045,FM05_Oak,DE6,6059.797133477901
2045,FM05_Oak,DE7,6059.797133477901
2045,FM05_Oak,DE8,6059.797133477901
2045,FM05_Oak,DE9,6059.797133477901
2045,FM05_Oak,DEA,6059.797133477901
2045,FM05_Oak,DEB,6059.797133477901
2045,FM05_Oak,DEC,6059.797133477901
2045,FM05_Oak,DEE,6059.797133477901
2045,FM05_Oak,DED,6059.797133477901
2045,FM05_Oak,DEF,6059.797133477901
2045,FM05_Oak,DEG,6059.797133477901
2045,FM06_ScotPine,DE1,4880.028337443352
2045,FM06_ScotPine,DE2,4880.028337443352
2045,FM06_ScotPine,DE3,4880.028337443352
2045,FM06_ScotPine,DE4,4880.028337443352
2045,FM06_ScotPine,DE5,4880.028337443352
2045,FM06_ScotPine,DE6,4880.028337443352
2045,FM06_ScotPine,DE7,4880.028337443352
2045,FM06_ScotPine,DE8,4880.028337443352
2045,FM06_ScotPine,DE9,4880.028337443352
2045,FM06_ScotPine,DEA,4880.028337443352
2045,FM06_ScotPine,DEB,4880.028337443352
2045,FM06_ScotPine,DEC,4880.028337443352
2045,FM06_ScotPine,DEE,4880.028337443352
2045,FM06_ScotPine,DED,4880.028337443352
2045,FM06_ScotPine,DEF,4880.028337443352
2045,FM06_ScotPine,DEG,4880.028337443352
2045,PC_Rewetting,DE1,12437.5
2045,PC_Rewetting,DE2,12437.5
2045,PC_Rewetting,DE3,12437.5
2045,PC_Rewetting,DE4,12437.5
2045,PC_Rewetting,DE5,12437.5
2045,PC_Rewetting,DE6,12437.5
2045,PC_Rewetting,DE7,12437.5
2045,PC_Rewetting,DE8,12437.5
2045,PC_Rewetting,DE9,12437.5
2045,PC_Rewetting,DEA,12437.5
2045,PC_Rewetting,DEB,12437.5
2045,PC_Rewetting,DEC,12437.5
2045,PC_Rewetting,DEE,12437.5
2045,PC_Rewetting,DED,12437.5
2045,PC_Rewetting,DEF,12437.5
2045,PC_Rewetting,DEG,12437.5
2046,FM01_PSA,DE1,32.98936423356828
2046,FM01_PSA,DE2,32.98936423356828
2046,FM01_PSA,DE3,32.98936423356828
2046,FM01_PSA,DE4,32.98936423356828
2046,FM01_PSA,DE5,32.98936423356828
2046,FM01_PSA,DE6,32.98936423356828
2046,FM01_PSA,DE7,32.98936423356828
2046,FM01_PSA,DE8,32.98936423356828
2046,FM01_PSA,DE9,32.98936423356828
2046,FM01_PSA,DEA,32.98936423356828
2046,FM01_PSA,DEB,32.98936423356828
2046,FM01_PSA,DEC,32.98936423356828
2046,FM01_PSA,DEE,32.98936423356828
2046,FM01_PSA,DED,32.98936423356828
2046,FM01_PSA,DEF,32.98936423356828
2046,FM01_PSA,DEG,32.98936423356828
2046,FM02_TSA,DE1,15.89303441792624
2046,FM02_TSA,DE2,15.89303441792624
2046,FM02_TSA,DE3,15.89303441792624
2046,FM02_TSA,DE4,15.89303441792624
2046,FM02_TSA,DE5,15.89303441792624
2046,FM02_TSA,DE6,15.89303441792624
2046,FM02_TSA,DE7,15.89303441792624
2046,FM02_TSA,DE8,15.89303441792624
2046,FM02_TSA,DE9,15.89303441792624
2046,FM02_TSA,DEA,15.89303441792624
2046,FM02_TSA,DEB,15.89303441792624
2046,FM02_TSA,DEC,15.89303441792624
2046,FM02_TSA,DEE,15.89303441792624
2046,FM02_TSA,DED,15.89303441792624
2046,FM02_TSA,DEF,15.89303441792624
2046,FM02_TSA,DEG,15.89303441792624
2046,FM03_Beech,DE1,7259.883345152325
2046,FM03_Beech,DE2,7259.883345152325
2046,FM03_Beech,DE3,7259.883345152325
2046,FM03_Beech,DE4,7259.883345152325
2046,FM03_Beech,DE5,7259.883345152325
2046,FM03_Beech,DE6,7259.883345152325
2046,FM03_Beech,DE7,7259.883345152325
2046,FM03_Beech,DE8,7259.883345152325
2046,FM03_Beech,DE9,7259.883345152325
2046,FM03_Beech,DEA,7259.883345152325
2046,FM03_Beech,DEB,7259.883345152325
2046,FM03_Beech,DEC,7259.883345152325
2046,FM03_Beech,DEE,7259.883345152325
2046,FM03_Beech,DED,7259.883345152325
2046,FM03_Beech,DEF,7259.883345152325
2046,FM03_Beech,DEG,7259.883345152325
2046,FM04_DouglasFir,DE1,2059.2159199945872
2046,FM04_DouglasFir,DE2,2059.2159199945872
2046,FM04_DouglasFir,DE3,2059.2159199945872
2046,FM04_DouglasFir,DE4,2059.2159199945872
2046,FM04_DouglasFir,DE5,2059.2159199945872
2046,FM04_DouglasFir,DE6,2059.2159199945872
2046,FM04_DouglasFir,DE7,2059.2159199945872
2046,FM04_DouglasFir,DE8,2059.2159199945872
2046,FM04_DouglasFir,DE9,2059.2159199945872
2046,FM04_DouglasFir,DEA,2059.2159199945872
2046,FM04_DouglasFir,DEB,2059.2159199945872
2046,FM04_DouglasFir,DEC,2059.2159199945872
2046,FM04_DouglasFir,DEE,2059.2159199945872
2046,FM04_DouglasFir,DED,2059.2159199945872
2046,FM04_DouglasFir,DEF,2059.2159199945872
2046,FM04_DouglasFir,DEG,2059.2159199945872
2046,FM05_Oak,DE1,6105.977480355479
2046,FM05_Oak,DE2,6105.977480355479
2046,FM05_Oak,DE3,6105.977480355479
2046,FM05_Oak,DE4,6105.977480355479
2046,FM05_Oak,DE5,6105.977480355479
2046,FM05_Oak,DE6,6105.977480355479
2046,FM05_Oak,DE7,6105.977480355479
2046,FM05_Oak,DE8,6105.977480355479
2046,FM05_Oak,DE9,6105.977480355479
2046,FM05_Oak,DEA,6105.977480355479
2046,FM05_Oak,DEB,6105.977480355479
2046,FM05_Oak,DEC,6105.977480355479
2046,FM05_Oak,DEE,6105.977480355479
2046,FM05_Oak,DED,6105.977480355479
2046,FM05_Oak,DEF,6105.977480355479
2046,FM05_Oak,DEG,6105.977480355479
2046,FM06_ScotPine,DE1,4917.217932479548
2046,FM06_ScotPine,DE2,4917.217932479548
2046,FM06_ScotPine,DE3,4917.217932479548
2046,FM06_ScotPine,DE4,4917.217932479548
2046,FM06_ScotPine,DE5,4917.217932479548
2046,FM06_ScotPine,DE6,4917.217932479548
2046,FM06_ScotPine,DE7,4917.217932479548
2046,FM06_ScotPine,DE8,4917.217932479548
2046,FM06_ScotPine,DE9,4917.217932479548
2046,FM06_ScotPine,DEA,4917.217932479548
2046,FM06_ScotPine,DEB,4917.217932479548
2046,FM06_ScotPine,DEC,4917.217932479548
2046,FM06_ScotPine,DEE,4917.217932479548
2046,FM06_ScotPine,DED,4917.217932479548
2046,FM06_ScotPine,DEF,4917.217932479548
2046,FM06_ScotPine,DEG,4917.217932479548
2046,PC_Rewetting,DE1,12715.0
2046,PC_Rewetting,DE2,12715.0
2046,PC_Rewetting,DE3,12715.0
2046,PC_Rewetting,DE4,12715.0
2046,PC_Rewetting,DE5,12715.0
2046,PC_Rewetting,DE6,12715.0
2046,PC_Rewetting,DE7,12715.0
2046,PC_Rewetting,DE8,12715.0
2046,PC_Rewetting,DE9,12715.0
2046,PC_Rewetting,DEA,12715.0
2046,PC_Rewetting,DEB,12715.0
2046,PC_Rewetting,DEC,12715.0
2046,PC_Rewetting,DEE,12715.0
2046,PC_Rewetting,DED,12715.0
2046,PC_Rewetting,DEF,12715.0
2046,PC_Rewetting,DEG,12715.0
2047,FM01_PSA,DE1,33.70862972184162
2047,FM01_PSA,DE2,33.70862972184162
2047,FM01_PSA,DE3,33.70862972184162
2047,FM01_PSA,DE4,33.70862972184162
2047,FM01_PSA,DE5,33.70862972184162
2047,FM01_PSA,DE6,33.70862972184162
2047,FM01_PSA,DE7,33.70862972184162
2047,FM01_PSA,DE8,33.70862972184162
2047,FM01_PSA,DE9,33.70862972184162
2047,FM01_PSA,DEA,33.70862972184162
2047,FM01_PSA,DEB,33.70862972184162
2047,FM01_PSA,DEC,33.70862972184162
2047,FM01_PSA,DEE,33.70862972184162
2047,FM01_PSA,DED,33.70862972184162
2047,FM01_PSA,DEF,33.70862972184162
2047,FM01_PSA,DEG,33.70862972184162
2047,FM02_TSA,DE1,15.954748759444112
2047,FM02_TSA,DE2,15.954748759444112
2047,FM02_TSA,DE3,15.954748759444112
2047,FM02_TSA,DE4,15.954748759444112
2047,FM02_TSA,DE5,15.954748759444112
2047,FM02_TSA,DE6,15.954748759444112
2047,FM02_TSA,DE7,15.954748759444112
2047,FM02_TSA,DE8,15.954748759444112
2047,FM02_TSA,DE9,15.954748759444112
2047,FM02_TSA,DEA,15.954748759444112
2047,FM02_TSA,DEB,15.954748759444112
2047,FM02_TSA,DEC,15.954748759444112
2047,FM02_TSA,DEE,15.954748759444112
2047,FM02_TSA,DED,15.954748759444112
2047,FM02_TSA,DEF,15.954748759444112
2047,FM02_TSA,DEG,15.954748759444112
2047,FM03_Beech,DE1,7314.790840675935
2047,FM03_Beech,DE2,7314.790840675935
2047,FM03_Beech,DE3,7314.790840675935
2047,FM03_Beech,DE4,7314.790840675935
2047,FM03_Beech,DE5,7314.790840675935
2047,FM03_Beech,DE6,7314.790840675935
2047,FM03_Beech,DE7,7314.790840675935
2047,FM03_Beech,DE8,7314.790840675935
2047,FM03_Beech,DE9,7314.790840675935
2047,FM03_Beech,DEA,7314.790840675935
2047,FM03_Beech,DEB,7314.790840675935
2047,FM03_Beech,DEC,7314.790840675935
2047,FM03_Beech,DEE,7314.790840675935
2047,FM03_Beech,DED,7314.790840675935
2047,FM03_Beech,DEF,7314.790840675935
2047,FM03_Beech,DEG,7314.790840675935
2047,FM04_DouglasFir,DE1,2074.7900530121306
2047,FM04_DouglasFir,DE2,2074.7900530121306
2047,FM04_DouglasFir,DE3,2074.7900530121306
2047,FM04_DouglasFir,DE4,2074.7900530121306
2047,FM04_DouglasFir,DE5,2074.7900530121306
2047,FM04_DouglasFir,DE6,2074.7900530121306
2047,FM04_DouglasFir,DE7,2074.7900530121306
2047,FM04_DouglasFir,DE8,2074.7900530121306
2047,FM04_DouglasFir,DE9,2074.7900530121306
2047,FM04_DouglasFir,DEA,2074.7900530121306
2047,FM04_DouglasFir,DEB,2074.7900530121306
2047,FM04_DouglasFir,DEC,2074.7900530121306
2047,FM04_DouglasFir,DEE,2074.7900530121306
2047,FM04_DouglasFir,DED,2074.7900530121306
2047,FM04_DouglasFir,DEF,2074.7900530121306
2047,FM04_DouglasFir,DEG,2074.7900530121306
2047,FM05_Oak,DE1,6152.157827233057
2047,FM05_Oak,DE2,6152.157827233057
2047,FM05_Oak,DE3,6152.157827233057
2047,FM05_Oak,DE4,6152.157827233057
2047,FM05_Oak,DE5,6152.157827233057
2047,FM05_Oak,DE6,6152.157827233057
2047,FM05_Oak,DE7,6152.157827233057
2047,FM05_Oak,DE8,6152.157827233057
2047,FM05_Oak,DE9,6152.157827233057
2047,FM05_Oak,DEA,6152.157827233057
2047,FM05_Oak,DEB,6152.157827233057
2047,FM05_Oak,DEC,6152.157827233057
2047,FM05_Oak,DEE,6152.157827233057
2047,FM05_Oak,DED,6152.157827233057
2047,FM05_Oak,DEF,6152.157827233057
2047,FM05_Oak,DEG,6152.157827233057
2047,FM06_ScotPine,DE1,4954.407527515744
2047,FM06_ScotPine,DE2,4954.407527515744
2047,FM06_ScotPine,DE3,4954.407527515744
2047,FM06_ScotPine,DE4,4954.407527515744
2047,FM06_ScotPine,DE5,4954.407527515744
2047,FM06_ScotPine,DE6,4954.407527515744
2047,FM06_ScotPine,DE7,4954.407527515744
2047,FM06_ScotPine,DE8,4954.407527515744
2047,FM06_ScotPine,DE9,4954.407527515744
2047,FM06_ScotPine,DEA,4954.407527515744
2047,FM06_ScotPine,DEB,4954.407527515744
2047,FM06_ScotPine,DEC,4954.407527515744
2047,FM06_ScotPine,DEE,4954.407527515744
2047,FM06_ScotPine,DED,4954.407527515744
2047,FM06_ScotPine,DEF,4954.407527515744
2047,FM06_ScotPine,DEG,4954.407527515744
2047,PC_Rewetting,DE1,12992.5
2047,PC_Rewetting,DE2,12992.5
2047,PC_Rewetting,DE3,12992.5
2047,PC_Rewetting,DE4,12992.5
2047,PC_Rewetting,DE5,12992.5
2047,PC_Rewetting,DE6,12992.5
2047,PC_Rewetting,DE7,12992.5
2047,PC_Rewetting,DE8,12992.5
2047,PC_Rewetting,DE9,12992.5
2047,PC_Rewetting,DEA,12992.5
2047,PC_Rewetting,DEB,12992.5
2047,PC_Rewetting,DEC,12992.5
2047,PC_Rewetting,DEE,12992.5
2047,PC_Rewetting,DED,12992.5
2047,PC_Rewetting,DEF,12992.5
2047,PC_Rewetting,DEG,12992.5
2048,FM01_PSA,DE1,34.427895210114954
2048,FM01_PSA,DE2,34.427895210114954
2048,FM01_PSA,DE3,34.427895210114954
2048,FM01_PSA,DE4,34.427895210114954
2048,FM01_PSA,DE5,34.427895210114954
2048,FM01_PSA,DE6,34.427895210114954
2048,FM01_PSA,DE7,34.427895210114954
2048,FM01_PSA,DE8,34.427895210114954
2048,FM01_PSA,DE9,34.427895210114954
2048,FM01_PSA,DEA,34.427895210114954
2048,FM01_PSA,DEB,34.427895210114954
2048,FM01_PSA,DEC,34.427895210114954
2048,FM01_PSA,DEE,34.427895210114954
2048,FM01_PSA,DED,34.427895210114954
2048,FM01_PSA,DEF,34.427895210114954
2048,FM01_PSA,DEG,34.427895210114954
2048,FM02_TSA,DE1,16.016463100961985
2048,FM02_TSA,DE2,16.016463100961985
2048,FM02_TSA,DE3,16.016463100961985
2048,FM02_TSA,DE4,16.016463100961985
2048,FM02_TSA,DE5,16.016463100961985
2048,FM02_TSA,DE6,16.016463100961985
2048,FM02_TSA,DE7,16.016463100961985
2048,FM02_TSA,DE8,16.016463100961985
2048,FM02_TSA,DE9,16.016463100961985
2048,FM02_TSA,DEA,16.016463100961985
2048,FM02_TSA,DEB,16.016463100961985
2048,FM02_TSA,DEC,16.016463100961985
2048,FM02_TSA,DEE,16.016463100961985
2048,FM02_TSA,DED,16.016463100961985
2048,FM02_TSA,DEF,16.016463100961985
2048,FM02_TSA,DEG,16.016463100961985
2048,FM03_Beech,DE1,7369.698336199545
2048,FM03_Beech,DE2,7369.698336199545
2048,FM03_Beech,DE3,7369.698336199545
2048,FM03_Beech,DE4,7369.698336199545
2048,FM03_Beech,DE5,7369.698336199545
2048,FM03_Beech,DE6,7369.698336199545
2048,FM03_Beech,DE7,7369.698336199545
2048,FM03_Beech,DE8,7369.698336199545
2048,FM03_Beech,DE9,7369.698336199545
2048,FM03_Beech,DEA,7369.698336199545
2048,FM03_Beech,DEB,7369.698336199545
2048,FM03_Beech,DEC,7369.698336199545
2048,FM03_Beech,DEE,7369.698336199545
2048,FM03_Beech,DED,7369.698336199545
2048,FM03_Beech,DEF,7369.698336199545
2048,FM03_Beech,DEG,7369.698336199545
2048,FM04_DouglasFir,DE1,2090.364186029674
2048,FM04_DouglasFir,DE2,2090.364186029674
2048,FM04_DouglasFir,DE3,2090.364186029674
2048,FM04_DouglasFir,DE4,2090.364186029674
2048,FM04_DouglasFir,DE5,2090.364186029674
2048,FM04_DouglasFir,DE6,2090.364186029674
2048,FM04_DouglasFir,DE7,2090.364186029674
2048,FM04_DouglasFir,DE8,2090.364186029674
2048,FM04_DouglasFir,DE9,2090.364186029674
2048,FM04_DouglasFir,DEA,2090.364186029674
2048,FM04_DouglasFir,DEB,2090.364186029674
2048,FM04_DouglasFir,DEC,2090.364186029674
2048,FM04_DouglasFir,DEE,2090.364186029674
2048,FM04_DouglasFir,DED,2090.364186029674
2048,FM04_DouglasFir,DEF,2090.364186029674
2048,FM04_DouglasFir,DEG,2090.364186029674
2048,FM05_Oak,DE1,6198.338174110635
2048,FM05_Oak,DE2,6198.338174110635
2048,FM05_Oak,DE3,6198.338174110635
2048,FM05_Oak,DE4,6198.338174110635
2048,FM05_Oak,DE5,6198.338174110635
2048,FM05_Oak,DE6,6198.338174110635
2048,FM05_Oak,DE7,6198.338174110635
2048,FM05_Oak,DE8,6198.338174110635
2048,FM05_Oak,DE9,6198.338174110635
2048,FM05_Oak,DEA,6198.338174110635
2048,FM05_Oak,DEB,6198.338174110635
2048,FM05_Oak,DEC,6198.338174110635
2048,FM05_Oak,DEE,6198.338174110635
2048,FM05_Oak,DED,6198.338174110635
2048,FM05_Oak,DEF,6198.338174110635
2048,FM05_Oak,DEG,6198.338174110635
2048,FM06_ScotPine,DE1,4991.597122551939
2048,FM06_ScotPine,DE2,4991.597122551939
2048,FM06_ScotPine,DE3,4991.597122551939
2048,FM06_ScotPine,DE4,4991.597122551939
2048,FM06_ScotPine,DE5,4991.597122551939
2048,FM06_ScotPine,DE6,4991.597122551939
2048,FM06_ScotPine,DE7,4991.597122551939
2048,FM06_ScotPine,DE8,4991.597122551939
2048,FM06_ScotPine,DE9,4991.597122551939
2048,FM06_ScotPine,DEA,4991.597122551939
2048,FM06_ScotPine,DEB,4991.597122551939
2048,FM06_ScotPine,DEC,4991.597122551939
2048,FM06_ScotPine,DEE,4991.597122551939
2048,FM06_ScotPine,DED,4991.597122551939
2048,FM06_ScotPine,DEF,4991.597122551939
2048,FM06_ScotPine,DEG,4991.597122551939
2048,PC_Rewetting,DE1,13270.0
2048,PC_Rewetting,DE2,13270.0
2048,PC_Rewetting,DE3,13270.0
2048,PC_Rewetting,DE4,13270.0
2048,PC_Rewetting,DE5,13270.0
2048,PC_Rewetting,DE6,13270.0
2048,PC_Rewetting,DE7,13270.0
2048,PC_Rewetting,DE8,13270.0
2048,PC_Rewetting,DE9,13270.0
2048,PC_Rewetting,DEA,13270.0
2048,PC_Rewetting,DEB,13270.0
2048,PC_Rewetting,DEC,13270.0
2048,PC_Rewetting,DEE,13270.0
2048,PC_Rewetting,DED,13270.0
2048,PC_Rewetting,DEF,13270.0
2048,PC_Rewetting,DEG,13270.0
2049,FM01_PSA,DE1,35.14716069838829
2049,FM01_PSA,DE2,35.14716069838829
2049,FM01_PSA,DE3,35.14716069838829
2049,FM01_PSA,DE4,35.14716069838829
2049,FM01_PSA,DE5,35.14716069838829
2049,FM01_PSA,DE6,35.14716069838829
2049,FM01_PSA,DE7,35.14716069838829
2049,FM01_PSA,DE8,35.14716069838829
2049,FM01_PSA,DE9,35.14716069838829
2049,FM01_PSA,DEA,35.14716069838829
2049,FM01_PSA,DEB,35.14716069838829
2049,FM01_PSA,DEC,35.14716069838829
2049,FM01_PSA,DEE,35.14716069838829
2049,FM01_PSA,DED,35.14716069838829
2049,FM01_PSA,DEF,35.14716069838829
2049,FM01_PSA,DEG,35.14716069838829
2049,FM02_TSA,DE1,16.07817744247986
2049,FM02_TSA,DE2,16.07817744247986
2049,FM02_TSA,DE3,16.07817744247986
2049,FM02_TSA,DE4,16.07817744247986
2049,FM02_TSA,DE5,16.07817744247986
2049,FM02_TSA,DE6,16.07817744247986
2049,FM02_TSA,DE7,16.07817744247986
2049,FM02_TSA,DE8,16.07817744247986
2049,FM02_TSA,DE9,16.07817744247986
2049,FM02_TSA,DEA,16.07817744247986
2049,FM02_TSA,DEB,16.07817744247986
2049,FM02_TSA,DEC,16.07817744247986
2049,FM02_TSA,DEE,16.07817744247986
2049,FM02_TSA,DED,16.07817744247986
2049,FM02_TSA,DEF,16.07817744247986
2049,FM02_TSA,DEG,16.07817744247986
2049,FM03_Beech,DE1,7424.6058317231555
2049,FM03_Beech,DE2,7424.6058317231555
2049,FM03_Beech,DE3,7424.6058317231555
2049,FM03_Beech,DE4,7424.6058317231555
2049,FM03_Beech,DE5,7424.6058317231555
2049,FM03_Beech,DE6,7424.6058317231555
2049,FM03_Beech,DE7,7424.6058317231555
2049,FM03_Beech,DE8,7424.6058317231555
2049,FM03_Beech,DE9,7424.6058317231555
2049,FM03_Beech,DEA,7424.6058317231555
2049,FM03_Beech,DEB,7424.6058317231555
2049,FM03_Beech,DEC,7424.6058317231555
2049,FM03_Beech,DEE,7424.6058317231555
2049,FM03_Beech,DED,7424.6058317231555
2049,FM03_Beech,DEF,7424.6058317231555
2049,FM03_Beech,DEG,7424.6058317231555
2049,FM04_DouglasFir,DE1,2105.938319047217
2049,FM04_DouglasFir,DE2,2105.938319047217
2049,FM04_DouglasFir,DE3,2105.938319047217
2049,FM04_DouglasFir,DE4,2105.938319047217
2049,FM04_DouglasFir,DE5,2105.938319047217
2049,FM04_DouglasFir,DE6,2105.938319047217
2049,FM04_DouglasFir,DE7,2105.938319047217
2049,FM04_DouglasFir,DE8,2105.938319047217
2049,FM04_DouglasFir,DE9,2105.938319047217
2049,FM04_DouglasFir,DEA,2105.938319047217
2049,FM04_DouglasFir,DEB,2105.938319047217
2049,FM04_DouglasFir,DEC,2105.938319047217
2049,FM04_DouglasFir,DEE,2105.938319047217
2049,FM04_DouglasFir,DED,2105.938319047217
2049,FM04_DouglasFir,DEF,2105.938319047217
2049,FM04_DouglasFir,DEG,2105.938319047217
2049,FM05_Oak,DE1,6244.518520988212
2049,FM05_Oak,DE2,6244.518520988212
2049,FM05_Oak,DE3,6244.518520988212
2049,FM05_Oak,DE4,6244.518520988212
2049,FM05_Oak,DE5,6244.518520988212
2049,FM05_Oak,DE6,6244.518520988212
2049,FM05_Oak,DE7,6244.518520988212
2049,FM05_Oak,DE8,6244.518520988212
2049,FM05_Oak,DE9,6244.518520988212
2049,FM05_Oak,DEA,6244.518520988212
2049,FM05_Oak,DEB,6244.518520988212
2049,FM05_Oak,DEC,6244.518520988212
2049,FM05_Oak,DEE,6244.518520988212
2049,FM05_Oak,DED,6244.518520988212
2049,FM05_Oak,DEF,6244.518520988212
2049,FM05_Oak,DEG,6244.518520988212
2049,FM06_ScotPine,DE1,5028.786717588135
2049,FM06_ScotPine,DE2,5028.786717588135
2049,FM06_ScotPine,DE3,5028.786717588135
2049,FM06_ScotPine,DE4,5028.786717588135
2049,FM06_ScotPine,DE5,5028.786717588135
2049,FM06_ScotPine,DE6,5028.786717588135
2049,FM06_ScotPine,DE7,5028.786717588135
2049,FM06_ScotPine,DE8,5028.786717588135
2049,FM06_ScotPine,DE9,5028.786717588135
2049,FM06_ScotPine,DEA,5028.786717588135
2049,FM06_ScotPine,DEB,5028.786717588135
2049,FM06_ScotPine,DEC,5028.786717588135
2049,FM06_ScotPine,DEE,5028.786717588135
2049,FM06_ScotPine,DED,5028.786717588135
2049,FM06_ScotPine,DEF,5028.786717588135
2049,FM06_ScotPine,DEG,5028.786717588135
2049,PC_Rewetting,DE1,13547.5
2049,PC_Rewetting,DE2,13547.5
2049,PC_Rewetting,DE3,13547.5
2049,PC_Rewetting,DE4,13547.5
2049,PC_Rewetting,DE5,13547.5
2049,PC_Rewetting,DE6,13547.5
2049,PC_Rewetting,DE7,13547.5
2049,PC_Rewetting,DE8,13547.5
2049,PC_Rewetting,DE9,13547.5
2049,PC_Rewetting,DEA,13547.5
2049,PC_Rewetting,DEB,13547.5
2049,PC_Rewetting,DEC,13547.5
2049,PC_Rewetting,DEE,13547.5
2049,PC_Rewetting,DED,13547.5
2049,PC_Rewetting,DEF,13547.5
2049,PC_Rewetting,DEG,13547.5
2050,FM01_PSA,DE1,35.86642618666163
2050,FM01_PSA,DE2,35.86642618666163
2050,FM01_PSA,DE3,35.86642618666163
2050,FM01_PSA,DE4,35.86642618666163
2050,FM01_PSA,DE5,35.86642618666163
2050,FM01_PSA,DE6,35.86642618666163
2050,FM01_PSA,DE7,35.86642618666163
2050,FM01_PSA,DE8,35.86642618666163
2050,FM01_PSA,DE9,35.86642618666163
2050,FM01_PSA,DEA,35.86642618666163
2050,FM01_PSA,DEB,35.86642618666163
2050,FM01_PSA,DEC,35.86642618666163
2050,FM01_PSA,DEE,35.86642618666163
2050,FM01_PSA,DED,35.86642618666163
2050,FM01_PSA,DEF,35.86642618666163
2050,FM01_PSA,DEG,35.86642618666163
2050,FM02_TSA,DE1,16.139891783997733
2050,FM02_TSA,DE2,16.139891783997733
2050,FM02_TSA,DE3,16.139891783997733
2050,FM02_TSA,DE4,16.139891783997733
2050,FM02_TSA,DE5,16.139891783997733
2050,FM02_TSA,DE6,16.139891783997733
2050,FM02_TSA,DE7,16.139891783997733
2050,FM02_TSA,DE8,16.139891783997733
2050,FM02_TSA,DE9,16.139891783997733
2050,FM02_TSA,DEA,16.139891783997733
2050,FM02_TSA,DEB,16.139891783997733
2050,FM02_TSA,DEC,16.139891783997733
2050,FM02_TSA,DEE,16.139891783997733
2050,FM02_TSA,DED,16.139891783997733
2050,FM02_TSA,DEF,16.139891783997733
2050,FM02_TSA,DEG,16.139891783997733
2050,FM03_Beech,DE1,7479.513327246766
2050,FM03_Beech,DE2,7479.513327246766
2050,FM03_Beech,DE3,7479.513327246766
2050,FM03_Beech,DE4,7479.513327246766
2050,FM03_Beech,DE5,7479.513327246766
2050,FM03_Beech,DE6,7479.513327246766
2050,FM03_Beech,DE7,7479.513327246766
2050,FM03_Beech,DE8,7479.513327246766
2050,FM03_Beech,DE9,7479.513327246766
2050,FM03_Beech,DEA,7479.513327246766
2050,FM03_Beech,DEB,7479.513327246766
2050,FM03_Beech,DEC,7479.513327246766
2050,FM03_Beech,DEE,7479.513327246766
2050,FM03_Beech,DED,7479.513327246766
2050,FM03_Beech,DEF,7479.513327246766
2050,FM03_Beech,DEG,7479.513327246766
2050,FM04_DouglasFir,DE1,2121.5124520647605
2050,FM04_DouglasFir,DE2,2121.5124520647605
2050,FM04_DouglasFir,DE3,2121.5124520647605
2050,FM04_DouglasFir,DE4,2121.5124520647605
2050,FM04_DouglasFir,DE5,2121.5124520647605
2050,FM04_DouglasFir,DE6,2121.5124520647605
2050,FM04_DouglasFir,DE7,2121.5124520647605
2050,FM04_DouglasFir,DE8,2121.5124520647605
2050,FM04_DouglasFir,DE9,2121.5124520647605
2050,FM04_DouglasFir,DEA,2121.5124520647605
2050,FM04_DouglasFir,DEB,2121.5124520647605
2050,FM04_DouglasFir,DEC,2121.5124520647605
2050,FM04_DouglasFir,DEE,2121.5124520647605
2050,FM04_DouglasFir,DED,2121.5124520647605
2050,FM04_DouglasFir,DEF,2121.5124520647605
2050,FM04_DouglasFir,DEG,2121.5124520647605
2050,FM05_Oak,DE1,6290.69886786579
2050,FM05_Oak,DE2,6290.69886786579
2050,FM05_Oak,DE3,6290.69886786579
2050,FM05_Oak,DE4,6290.69886786579
2050,FM05_Oak,DE5,6290.69886786579
2050,FM05_Oak,DE6,6290.69886786579
2050,FM05_Oak,DE7,6290.69886786579
2050,FM05_Oak,DE8,6290.69886786579
2050,FM05_Oak,DE9,6290.69886786579
2050,FM05_Oak,DEA,6290.69886786579
2050,FM05_Oak,DEB,6290.69886786579
2050,FM05_Oak,DEC,6290.69886786579
2050,FM05_Oak,DEE,6290.69886786579
2050,FM05_Oak,DED,6290.69886786579
2050,FM05_Oak,DEF,6290.69886786579
2050,FM05_Oak,DEG,6290.69886786579
2050,FM06_ScotPine,DE1,5065.976312624331
2050,FM06_ScotPine,DE2,5065.976312624331
2050,FM06_ScotPine,DE3,5065.976312624331
2050,FM06_ScotPine,DE4,5065.976312624331
2050,FM06_ScotPine,DE5,5065.976312624331
2050,FM06_ScotPine,DE6,5065.976312624331
2050,FM06_ScotPine,DE7,5065.976312624331
2050,FM06_ScotPine,DE8,5065.976312624331
2050,FM06_ScotPine,DE9,5065.976312624331
2050,FM06_ScotPine,DEA,5065.976312624331
2050,FM06_ScotPine,DEB,5065.976312624331
2050,FM06_ScotPine,DEC,5065.976312624331
2050,FM06_ScotPine,DEE,5065.976312624331
2050,FM06_ScotPine,DED,5065.976312624331
2050,FM06_ScotPine,DEF,5065.976312624331
2050,FM06_ScotPine,DEG,5065.976312624331
2050,PC_Rewetting,DE1,13825.0
2050,PC_Rewetting,DE2,13825.0
2050,PC_Rewetting,DE3,13825.0
2050,PC_Rewetting,DE4,13825.0
2050,PC_Rewetting,DE5,13825.0
2050,PC_Rewetting,DE6,13825.0
2050,PC_Rewetting,DE7,13825.0
2050,PC_Rewetting,DE8,13825.0
2050,PC_Rewetting,DE9,13825.0
2050,PC_Rewetting,DEA,13825.0
2050,PC_Rewetting,DEB,13825.0
2050,PC_Rewetting,DEC,13825.0
2050,PC_Rewetting,DEE,13825.0
2050,PC_Rewetting,DED,13825.0
2050,PC_Rewetting,DEF,13825.0
2050,PC_Rewetting,DEG,13825.0
