year,techAgri,r,ghgAbateTechAgri
2020,Agri01_AGC,DE1,0.0
2020,Agri01_AGC,DE2,0.0
2020,Agri01_AGC,DE3,0.0
2020,Agri01_AGC,DE4,0.0
2020,Agri01_AGC,DE5,0.0
2020,Agri01_AGC,DE6,0.0
2020,Agri01_AGC,DE7,0.0
2020,Agri01_AGC,DE8,0.0
2020,Agri01_AGC,DE9,0.0
2020,Agri01_AGC,DEA,0.0
2020,Agri01_AGC,DEB,0.0
2020,Agri01_AGC,DEC,0.0
2020,Agri01_AGC,DEE,0.0
2020,Agri01_AGC,DED,0.0
2020,Agri01_AGC,DEF,0.0
2020,Agri01_AGC,DEG,0.0
2020,Agri02_OFC,DE1,0.0
2020,Agri02_OFC,DE2,0.0
2020,Agri02_OFC,DE3,0.0
2020,Agri02_OFC,DE4,0.0
2020,Agri02_OFC,DE5,0.0
2020,Agri02_OFC,DE6,0.0
2020,Agri02_OFC,DE7,0.0
2020,Agri02_OFC,DE8,0.0
2020,Agri02_OFC,DE9,0.0
2020,Agri02_OFC,DEA,0.0
2020,Agri02_OFC,DEB,0.0
2020,Agri02_OFC,DEC,0.0
2020,Agri02_OFC,DEE,0.0
2020,Agri02_OFC,DED,0.0
2020,Agri02_OFC,DEF,0.0
2020,Agri02_OFC,DEG,0.0
2020,Agri03_No-till,DE1,0.0
2020,Agri03_No-till,DE2,0.0
2020,Agri03_No-till,DE3,0.0
2020,Agri03_No-till,DE4,0.0
2020,Agri03_No-till,DE5,0.0
2020,Agri03_No-till,DE6,0.0
2020,Agri03_No-till,DE7,0.0
2020,Agri03_No-till,DE8,0.0
2020,Agri03_No-till,DE9,0.0
2020,Agri03_No-till,DEA,0.0
2020,Agri03_No-till,DEB,0.0
2020,Agri03_No-till,DEC,0.0
2020,Agri03_No-till,DEE,0.0
2020,Agri03_No-till,DED,0.0
2020,Agri03_No-till,DEF,0.0
2020,Agri03_No-till,DEG,0.0
2020,Agri04_toGrassland,DE1,0.0
2020,Agri04_toGrassland,DE2,0.0
2020,Agri04_toGrassland,DE3,0.0
2020,Agri04_toGrassland,DE4,0.0
2020,Agri04_toGrassland,DE5,0.0
2020,Agri04_toGrassland,DE6,0.0
2020,Agri04_toGrassland,DE7,0.0
2020,Agri04_toGrassland,DE8,0.0
2020,Agri04_toGrassland,DE9,0.0
2020,Agri04_toGrassland,DEA,0.0
2020,Agri04_toGrassland,DEB,0.0
2020,Agri04_toGrassland,DEC,0.0
2020,Agri04_toGrassland,DEE,0.0
2020,Agri04_toGrassland,DED,0.0
2020,Agri04_toGrassland,DEF,0.0
2020,Agri04_toGrassland,DEG,0.0
2020,Agri05_Agroforestry,DE1,0.0
2020,Agri05_Agroforestry,DE2,0.0
2020,Agri05_Agroforestry,DE3,0.0
2020,Agri05_Agroforestry,DE4,0.0
2020,Agri05_Agroforestry,DE5,0.0
2020,Agri05_Agroforestry,DE6,0.0
2020,Agri05_Agroforestry,DE7,0.0
2020,Agri05_Agroforestry,DE8,0.0
2020,Agri05_Agroforestry,DE9,0.0
2020,Agri05_Agroforestry,DEA,0.0
2020,Agri05_Agroforestry,DEB,0.0
2020,Agri05_Agroforestry,DEC,0.0
2020,Agri05_Agroforestry,DEE,0.0
2020,Agri05_Agroforestry,DED,0.0
2020,Agri05_Agroforestry,DEF,0.0
2020,Agri05_Agroforestry,DEG,0.0
2020,Agri06_Biochar,DE1,0.0
2020,Agri06_Biochar,DE2,0.0
2020,Agri06_Biochar,DE3,0.0
2020,Agri06_Biochar,DE4,0.0
2020,Agri06_Biochar,DE5,0.0
2020,Agri06_Biochar,DE6,0.0
2020,Agri06_Biochar,DE7,0.0
2020,Agri06_Biochar,DE8,0.0
2020,Agri06_Biochar,DE9,0.0
2020,Agri06_Biochar,DEA,0.0
2020,Agri06_Biochar,DEB,0.0
2020,Agri06_Biochar,DEC,0.0
2020,Agri06_Biochar,DEE,0.0
2020,Agri06_Biochar,DED,0.0
2020,Agri06_Biochar,DEF,0.0
2020,Agri06_Biochar,DEG,0.0
2021,Agri01_AGC,DE1,8103.931274976563
2021,Agri01_AGC,DE2,17669.71978703521
2021,Agri01_AGC,DE3,0.0
2021,Agri01_AGC,DE4,6987.391225652978
2021,Agri01_AGC,DE5,0.0
2021,Agri01_AGC,DE6,87.13729172632432
2021,Agri01_AGC,DE7,4557.182045881055
2021,Agri01_AGC,DE8,7708.800433323824
2021,Agri01_AGC,DE9,14590.490394051843
2021,Agri01_AGC,DEA,8467.55154813697
2021,Agri01_AGC,DEB,4213.225537923904
2021,Agri01_AGC,DEC,447.9996154890777
2021,Agri01_AGC,DEE,6462.005063808579
2021,Agri01_AGC,DED,4808.64282737121
2021,Agri01_AGC,DEF,5571.887015480787
2021,Agri01_AGC,DEG,4454.485289279729
2021,Agri02_OFC,DE1,3833.796107622671
2021,Agri02_OFC,DE2,8359.165526427147
2021,Agri02_OFC,DE3,7.805966457250062
2021,Agri02_OFC,DE4,3305.584953078549
2021,Agri02_OFC,DE5,25.09695456660486
2021,Agri02_OFC,DE6,41.22278416658086
2021,Agri02_OFC,DE7,2155.905102894303
2021,Agri02_OFC,DE8,3646.8681795185025
2021,Agri02_OFC,DE9,6902.44813079115
2021,Agri02_OFC,DEA,4005.8170614774517
2021,Agri02_OFC,DEB,1993.1866546925785
2021,Agri02_OFC,DEC,211.93901130207283
2021,Agri02_OFC,DEE,3057.0360261525
2021,Agri02_OFC,DED,2274.8658063584994
2021,Agri02_OFC,DEF,2635.9402649457097
2021,Agri02_OFC,DEG,2107.321469548427
2021,Agri03_No-till,DE1,848.2028705481044
2021,Agri03_No-till,DE2,1849.4119133787017
2021,Agri03_No-till,DE3,1.7270201571954267
2021,Agri03_No-till,DE4,731.3395306722457
2021,Agri03_No-till,DE5,5.55254069539181
2021,Agri03_No-till,DE6,9.12027736492245
2021,Agri03_No-till,DE7,476.98021636267805
2021,Agri03_No-till,DE8,806.8462619146098
2021,Agri03_No-till,DE9,1527.1225057341205
2021,Agri03_No-till,DEA,886.2614064634444
2021,Agri03_No-till,DEB,440.97980033079335
2021,Agri03_No-till,DEC,46.890150837734204
2021,Agri03_No-till,DEE,676.3496701339776
2021,Agri03_No-till,DED,503.29951121514284
2021,Agri03_No-till,DEF,583.184925999287
2021,Agri03_No-till,DEG,466.23139819165067
2021,Agri04_toGrassland,DE1,141.3456378427441
2021,Agri04_toGrassland,DE2,308.18842473565667
2021,Agri04_toGrassland,DE3,0.287792902101738
2021,Agri04_toGrassland,DE4,121.87137774679239
2021,Agri04_toGrassland,DE5,0.9252826575920425
2021,Agri04_toGrassland,DE6,1.5198149714049984
2021,Agri04_toGrassland,DE7,79.4846082949318
2021,Agri04_toGrassland,DE8,134.4539183858922
2021,Agri04_toGrassland,DE9,254.48169551408893
2021,Agri04_toGrassland,DEA,147.68776214001105
2021,Agri04_toGrassland,DEB,73.48545179202733
2021,Agri04_toGrassland,DEC,7.813836180982533
2021,Agri04_toGrassland,DEE,112.70779532736196
2021,Agri04_toGrassland,DED,83.87049007824734
2021,Agri04_toGrassland,DEF,97.18270028062564
2021,Agri04_toGrassland,DEG,77.69341114953923
2021,Agri05_Agroforestry,DE1,6854.790275903743
2021,Agri05_Agroforestry,DE2,14946.106928141888
2021,Agri05_Agroforestry,DE3,13.956992355122633
2021,Agri05_Agroforestry,DE4,5910.353852017296
2021,Agri05_Agroforestry,DE5,44.8731114771357
2021,Agri05_Agroforestry,DE6,73.70593847933675
2021,Agri05_Agroforestry,DE7,3854.7374247962052
2021,Agri05_Agroforestry,DE8,6520.564952518496
2021,Agri05_Agroforestry,DE9,12341.510346051497
2021,Agri05_Agroforestry,DEA,7162.3620738381505
2021,Agri05_Agroforestry,DEB,3563.7984167916848
2021,Agri05_Agroforestry,DEC,378.9448976875766
2021,Agri05_Agroforestry,DEE,5465.950780087766
2021,Agri05_Agroforestry,DED,4067.4380093942473
2021,Agri05_Agroforestry,DEF,4713.0356411200555
2021,Agri05_Agroforestry,DEG,3767.8703593397963
2021,Agri06_Biochar,DE1,0.0
2021,Agri06_Biochar,DE2,0.0
2021,Agri06_Biochar,DE3,0.0
2021,Agri06_Biochar,DE4,0.0
2021,Agri06_Biochar,DE5,0.0
2021,Agri06_Biochar,DE6,0.0
2021,Agri06_Biochar,DE7,0.0
2021,Agri06_Biochar,DE8,0.0
2021,Agri06_Biochar,DE9,0.0
2021,Agri06_Biochar,DEA,0.0
2021,Agri06_Biochar,DEB,0.0
2021,Agri06_Biochar,DEC,0.0
2021,Agri06_Biochar,DEE,0.0
2021,Agri06_Biochar,DED,0.0
2021,Agri06_Biochar,DEF,0.0
2021,Agri06_Biochar,DEG,0.0
2022,Agri01_AGC,DE1,16498.989712819504
2022,Agri01_AGC,DE2,35311.70711986818
2022,Agri01_AGC,DE3,0.0
2022,Agri01_AGC,DE4,14341.764965590524
2022,Agri01_AGC,DE5,0.0
2022,Agri01_AGC,DE6,195.50293396626157
2022,Agri01_AGC,DE7,9045.016174380478
2022,Agri01_AGC,DE8,15715.633919109772
2022,Agri01_AGC,DE9,29249.624175208206
2022,Agri01_AGC,DEA,17207.844444908955
2022,Agri01_AGC,DEB,8670.583257140746
2022,Agri01_AGC,DEC,1260.8973680022677
2022,Agri01_AGC,DEE,13102.223184246059
2022,Agri01_AGC,DED,9845.277205828817
2022,Agri01_AGC,DEF,10958.241536652751
2022,Agri01_AGC,DEG,8760.684808457336
2022,Agri02_OFC,DE1,7805.318233143189
2022,Agri02_OFC,DE2,16705.21142345866
2022,Agri02_OFC,DE3,280.87095551786183
2022,Agri02_OFC,DE4,6784.781464188706
2022,Agri02_OFC,DE5,171.60571858896637
2022,Agri02_OFC,DE6,92.48824574599236
2022,Agri02_OFC,DE7,4279.003193153839
2022,Agri02_OFC,DE8,7434.729405214522
2022,Agri02_OFC,DE9,13837.369976050728
2022,Agri02_OFC,DEA,8140.662206400454
2022,Agri02_OFC,DEB,4101.867009248623
2022,Agri02_OFC,DEC,596.5035064506694
2022,Agri02_OFC,DEE,6198.380827842266
2022,Agri02_OFC,DED,4657.589526545175
2022,Agri02_OFC,DEF,5184.109085343877
2022,Agri02_OFC,DEG,4144.492121062556
2022,Agri03_No-till,DE1,1726.8767417573667
2022,Agri03_No-till,DE2,3695.921192657541
2022,Agri03_No-till,DE3,62.14090265524547
2022,Agri03_No-till,DE4,1501.0895082615689
2022,Agri03_No-till,DE5,37.96666776833125
2022,Agri03_No-till,DE6,20.462432881532443
2022,Agri03_No-till,DE7,946.7020909904918
2022,Agri03_No-till,DE8,1644.8863336036388
2022,Agri03_No-till,DE9,3061.4296131153433
2022,Agri03_No-till,DEA,1801.0694512163468
2022,Agri03_No-till,DEB,907.5118431399065
2022,Agri03_No-till,DEC,131.97258598533287
2022,Agri03_No-till,DEE,1371.352117675945
2022,Agri03_No-till,DED,1030.4618960814144
2022,Agri03_No-till,DEF,1146.9509812168556
2022,Agri03_No-till,DEG,916.9423765285043
2022,Agri04_toGrassland,DE1,287.76900316520647
2022,Agri04_toGrassland,DE2,615.8931507212678
2022,Agri04_toGrassland,DE3,10.355241448609801
2022,Agri04_toGrassland,DE4,250.14352270132943
2022,Agri04_toGrassland,DE5,6.326815268864368
2022,Agri04_toGrassland,DE6,3.409886629581398
2022,Agri04_toGrassland,DE7,157.75967701175296
2022,Agri04_toGrassland,DE8,274.1060141093138
2022,Agri04_toGrassland,DE9,510.160642461434
2022,Agri04_toGrassland,DEA,300.13257349241417
2022,Agri04_toGrassland,DEB,151.22896275458862
2022,Agri04_toGrassland,DEC,21.992084666960995
2022,Agri04_toGrassland,DEE,228.52391392480126
2022,Agri04_toGrassland,DED,171.71752069189756
2022,Agri04_toGrassland,DEF,191.12941448747847
2022,Agri04_toGrassland,DEG,152.80047919634185
2022,Agri05_Agroforestry,DE1,16371.387717024656
2022,Agri05_Agroforestry,DE2,32284.31046642634
2022,Agri05_Agroforestry,DE3,1307.8725000000002
2022,Agri05_Agroforestry,DE4,14712.966072101832
2022,Agri05_Agroforestry,DE5,1418.9808474363908
2022,Agri05_Agroforestry,DE6,269.2318641986659
2022,Agri05_Agroforestry,DE7,8006.1316630397605
2022,Agri05_Agroforestry,DE8,15681.814455929049
2022,Agri05_Agroforestry,DE9,27129.673729877282
2022,Agri05_Agroforestry,DEA,16944.015461191033
2022,Agri05_Agroforestry,DEB,8989.231620619672
2022,Agri05_Agroforestry,DEC,2701.2687721858797
2022,Agri05_Agroforestry,DEE,12776.685369143242
2022,Agri05_Agroforestry,DED,9998.81068920822
2022,Agri05_Agroforestry,DEF,9269.984956446695
2022,Agri05_Agroforestry,DEG,7411.159902278851
2022,Agri06_Biochar,DE1,0.0
2022,Agri06_Biochar,DE2,0.0
2022,Agri06_Biochar,DE3,0.0
2022,Agri06_Biochar,DE4,0.0
2022,Agri06_Biochar,DE5,0.0
2022,Agri06_Biochar,DE6,0.0
2022,Agri06_Biochar,DE7,0.0
2022,Agri06_Biochar,DE8,0.0
2022,Agri06_Biochar,DE9,0.0
2022,Agri06_Biochar,DEA,0.0
2022,Agri06_Biochar,DEB,0.0
2022,Agri06_Biochar,DEC,0.0
2022,Agri06_Biochar,DEE,0.0
2022,Agri06_Biochar,DED,0.0
2022,Agri06_Biochar,DEF,0.0
2022,Agri06_Biochar,DEG,0.0
2023,Agri01_AGC,DE1,25185.175313528824
2023,Agri01_AGC,DE2,52925.96199849891
2023,Agri01_AGC,DE3,0.0
2023,Agri01_AGC,DE4,22063.12121981264
2023,Agri01_AGC,DE5,0.0
2023,Agri01_AGC,DE6,325.0969267198117
2023,Agri01_AGC,DE7,13463.502385498266
2023,Agri01_AGC,DE8,24020.50045735784
2023,Agri01_AGC,DE9,43977.40134346909
2023,Agri01_AGC,DEA,26220.87869031596
2023,Agri01_AGC,DEB,13372.073157650528
2023,Agri01_AGC,DEC,2438.69325753957
2023,Agri01_AGC,DEE,19920.654361312438
2023,Agri01_AGC,DED,15109.90313537282
2023,Agri01_AGC,DEF,16159.06356351589
2023,Agri01_AGC,DEG,12918.598557532821
2023,Agri02_OFC,DE1,11914.566376561555
2023,Agri02_OFC,DE2,25038.13769109454
2023,Agri02_OFC,DE3,819.1949671818355
2023,Agri02_OFC,DE4,10437.589533330472
2023,Agri02_OFC,DE5,439.52629206708457
2023,Agri02_OFC,DE6,153.79638473823448
2023,Agri02_OFC,DE7,6369.294270778606
2023,Agri02_OFC,DE8,11363.583677088056
2023,Agri02_OFC,DE9,20804.765535778733
2023,Agri02_OFC,DEA,12404.535434769008
2023,Agri02_OFC,DEB,6326.041063668134
2023,Agri02_OFC,DEC,1153.6934854457897
2023,Agri02_OFC,DEE,9424.034405069295
2023,Agri02_OFC,DED,7148.171160560026
2023,Agri02_OFC,DEF,7644.506461194503
2023,Agri02_OFC,DEG,6111.511954542385
2023,Agri03_No-till,DE1,2636.0216136277863
2023,Agri03_No-till,DE2,5539.527837836518
2023,Agri03_No-till,DE3,181.24164749415013
2023,Agri03_No-till,DE4,2309.2499327679698
2023,Agri03_No-till,DE5,97.24238121881832
2023,Agri03_No-till,DE6,34.026466549829976
2023,Agri03_No-till,DE7,1409.1656238834412
2023,Agri03_No-till,DE8,2514.1202150670874
2023,Agri03_No-till,DE9,4602.9213221436685
2023,Agri03_No-till,DEA,2744.4241342587075
2023,Agri03_No-till,DEB,1399.5961284273394
2023,Agri03_No-till,DEC,255.24730544279603
2023,Agri03_No-till,DEE,2085.0073426259023
2023,Agri03_No-till,DED,1581.4871545988149
2023,Agri03_No-till,DEF,1691.2981656527063
2023,Agri03_No-till,DEG,1352.1329350105611
2023,Agri04_toGrassland,DE1,439.2700959673871
2023,Agri04_toGrassland,DE2,923.1141779568334
2023,Agri04_toGrassland,DE3,30.20234563952419
2023,Agri04_toGrassland,DE4,384.8164348636111
2023,Agri04_toGrassland,DE5,16.20459783381698
2023,Agri04_toGrassland,DE6,5.670214974529199
2023,Agri04_toGrassland,DE7,234.82520615046346
2023,Agri04_toGrassland,DE8,418.9562871702647
2023,Agri04_toGrassland,DE9,767.0368408420353
2023,Agri04_toGrassland,DEA,457.33443405720936
2023,Agri04_toGrassland,DEB,233.23053288768386
2023,Agri04_toGrassland,DEC,42.53474545793538
2023,Agri04_toGrassland,DEE,347.4483557923179
2023,Agri04_toGrassland,DED,263.54109184095057
2023,Agri04_toGrassland,DEF,281.8401426205585
2023,Agri04_toGrassland,DEG,225.3212041404079
2023,Agri05_Agroforestry,DE1,28549.79232336274
2023,Agri05_Agroforestry,DE2,52014.61061485336
2023,Agri05_Agroforestry,DE3,1307.8725000000002
2023,Agri05_Agroforestry,DE4,26407.836660253604
2023,Agri05_Agroforestry,DE5,4122.323207877766
2023,Agri05_Agroforestry,DE6,586.5777771579875
2023,Agri05_Agroforestry,DE7,12454.182714730665
2023,Agri05_Agroforestry,DE8,27483.748510231657
2023,Agri05_Agroforestry,DE9,44364.49015147736
2023,Agri05_Agroforestry,DEA,29344.960162058644
2023,Agri05_Agroforestry,DEB,16276.299611483964
2023,Agri05_Agroforestry,DEC,6966.971623494909
2023,Agri05_Agroforestry,DEE,21932.20376716643
2023,Agri05_Agroforestry,DED,17794.118039441913
2023,Agri05_Agroforestry,DEF,13670.847945979918
2023,Agri05_Agroforestry,DEG,10929.868628817167
2023,Agri06_Biochar,DE1,0.0
2023,Agri06_Biochar,DE2,0.0
2023,Agri06_Biochar,DE3,0.0
2023,Agri06_Biochar,DE4,0.0
2023,Agri06_Biochar,DE5,0.0
2023,Agri06_Biochar,DE6,0.0
2023,Agri06_Biochar,DE7,0.0
2023,Agri06_Biochar,DE8,0.0
2023,Agri06_Biochar,DE9,0.0
2023,Agri06_Biochar,DEA,0.0
2023,Agri06_Biochar,DEB,0.0
2023,Agri06_Biochar,DEC,0.0
2023,Agri06_Biochar,DEE,0.0
2023,Agri06_Biochar,DED,0.0
2023,Agri06_Biochar,DEF,0.0
2023,Agri06_Biochar,DEG,0.0
2024,Agri01_AGC,DE1,34162.48807710452
2024,Agri01_AGC,DE2,70512.48442292739
2024,Agri01_AGC,DE3,386.9196000000001
2024,Agri01_AGC,DE4,30151.459988319322
2024,Agri01_AGC,DE5,822.9761797049412
2024,Agri01_AGC,DE6,475.9192699869747
2024,Agri01_AGC,DE7,17812.640679234424
2024,Agri01_AGC,DE8,32623.400048068037
2024,Agri01_AGC,DE9,58773.82189883451
2024,Agri01_AGC,DEA,35506.65428435799
2024,Agri01_AGC,DEB,18317.69523945325
2024,Agri01_AGC,DEC,3981.3872841009843
2024,Agri01_AGC,DEE,26917.298595007716
2024,Agri01_AGC,DED,20602.52061600322
2024,Agri01_AGC,DEF,21174.353096070205
2024,Agri01_AGC,DEG,16928.226536506183
2024,Agri02_OFC,DE1,16161.540537877772
2024,Agri02_OFC,DE2,33357.94432933478
2024,Agri02_OFC,DE3,1622.778001449171
2024,Agri02_OFC,DE4,14264.009160503845
2024,Agri02_OFC,DE5,828.8586750009592
2024,Agri02_OFC,DE6,225.14720114330723
2024,Agri02_OFC,DE7,8426.778335768608
2024,Agri02_OFC,DE8,15433.430995139108
2024,Agri02_OFC,DE9,27804.63480997517
2024,Agri02_OFC,DEA,16797.436746583113
2024,Agri02_OFC,DEB,8665.70881795111
2024,Agri02_OFC,DEC,1883.5089482874337
2024,Agri02_OFC,DEE,12733.996757833589
2024,Agri02_OFC,DED,9746.610708403054
2024,Agri02_OFC,DEF,10017.132392497588
2024,Agri02_OFC,DEG,8008.380969987915
2024,Agri03_No-till,DE1,3575.6374861593636
2024,Agri03_No-till,DE2,7380.231848915633
2024,Agri03_No-till,DE3,359.0292546739094
2024,Agri03_No-till,DE4,3155.8208041914477
2024,Agri03_No-till,DE5,183.37968104685302
2024,Agri03_No-till,DE6,49.81237836981506
2024,Agri03_No-till,DE7,1864.3708150415266
2024,Agri03_No-till,DE8,3414.5479063049556
2024,Agri03_No-till,DE9,6151.597632819096
2024,Agri03_No-till,DEA,3716.3254555905264
2024,Agri03_No-till,DEB,1917.2326561930922
2024,Agri03_No-till,DEC,416.7143092101237
2024,Agri03_No-till,DEE,2817.3153449838496
2024,Agri03_No-till,DED,2156.375286767344
2024,Agri03_No-till,DEF,2216.2264793068384
2024,Agri03_No-till,DEG,1771.803073637821
2024,Agri04_toGrassland,DE1,595.8489162492858
2024,Agri04_toGrassland,DE2,1229.8515064423534
2024,Agri04_toGrassland,DE3,59.829105474844894
2024,Agri04_toGrassland,DE4,525.8901142336375
2024,Agri04_toGrassland,DE5,30.558630352449875
2024,Agri04_toGrassland,DE6,8.300800006248403
2024,Agri04_toGrassland,DE7,310.68119571106325
2024,Agri04_toGrassland,DE8,569.0047375687451
2024,Agri04_toGrassland,DE9,1025.1102906558929
2024,Agri04_toGrassland,DEA,619.2933438343968
2024,Agri04_toGrassland,DEB,319.49016219131306
2024,Agri04_toGrassland,DEC,69.4418185539057
2024,Agri04_toGrassland,DEE,469.48112092991175
2024,Agri04_toGrassland,DED,359.34120352540657
2024,Agri04_toGrassland,DEF,369.3148846798657
2024,Agri04_toGrassland,DEG,295.25558598173734
2024,Agri05_Agroforestry,DE1,43390.004094918
2024,Agri05_Agroforestry,DE2,74137.00737342294
2024,Agri05_Agroforestry,DE3,1307.8725000000002
2024,Agri05_Agroforestry,DE4,40994.96561647261
2024,Agri05_Agroforestry,DE5,8154.900192801261
2024,Agri05_Agroforestry,DE6,1025.7436773573015
2024,Agri05_Agroforestry,DE7,17198.890579868916
2024,Agri05_Agroforestry,DE8,41926.36711542632
2024,Agri05_Agroforestry,DE9,64045.95961085173
2024,Agri05_Agroforestry,DEA,44365.19617644099
2024,Agri05_Agroforestry,DEB,25425.002389384557
2024,Agri05_Agroforestry,DEC,13176.053451614665
2024,Agri05_Agroforestry,DEE,32932.50597415732
2024,Agri05_Agroforestry,DED,27453.360060095336
2024,Agri05_Agroforestry,DEF,17915.624609719725
2024,Agri05_Agroforestry,DEG,14323.996538954741
2024,Agri06_Biochar,DE1,0.0
2024,Agri06_Biochar,DE2,0.0
2024,Agri06_Biochar,DE3,0.0
2024,Agri06_Biochar,DE4,0.0
2024,Agri06_Biochar,DE5,0.0
2024,Agri06_Biochar,DE6,0.0
2024,Agri06_Biochar,DE7,0.0
2024,Agri06_Biochar,DE8,0.0
2024,Agri06_Biochar,DE9,0.0
2024,Agri06_Biochar,DEA,0.0
2024,Agri06_Biochar,DEB,0.0
2024,Agri06_Biochar,DEC,0.0
2024,Agri06_Biochar,DEE,0.0
2024,Agri06_Biochar,DED,0.0
2024,Agri06_Biochar,DEF,0.0
2024,Agri06_Biochar,DEG,0.0
2025,Agri01_AGC,DE1,43430.92800354659
2025,Agri01_AGC,DE2,88071.27439315362
2025,Agri01_AGC,DE3,386.9196000000001
2025,Agri01_AGC,DE4,38606.78127111057
2025,Agri01_AGC,DE5,1243.9848000000002
2025,Agri01_AGC,DE6,647.9699637677508
2025,Agri01_AGC,DE7,22092.431055588946
2025,Agri01_AGC,DE8,41524.33269124035
2025,Agri01_AGC,DE9,73638.88584130444
2025,Agri01_AGC,DEA,45065.17122703503
2025,Agri01_AGC,DEB,23507.449502548905
2025,Agri01_AGC,DEC,5888.979447686511
2025,Agri01_AGC,DEE,34092.1558853319
2025,Agri01_AGC,DED,26323.129647720016
2025,Agri01_AGC,DEF,26004.110134315695
2025,Agri01_AGC,DEG,20789.568745377423
2025,Agri02_OFC,DE1,20546.240717091834
2025,Agri02_OFC,DE2,41664.63133817939
2025,Agri02_OFC,DE3,2691.620058319868
2025,Agri02_OFC,DE4,18264.04034570883
2025,Agri02_OFC,DE5,1339.6028673905905
2025,Agri02_OFC,DE6,306.5406949612106
2025,Agri02_OFC,DE7,10451.45538812384
2025,Agri02_OFC,DE8,19644.271359367674
2025,Agri02_OFC,DE9,34836.97779864003
2025,Agri02_OFC,DEA,21319.366141842773
2025,Agri02_OFC,DEB,11120.870272097554
2025,Agri02_OFC,DEC,2785.9498949756016
2025,Agri02_OFC,DEE,16128.267886135145
2025,Agri02_OFC,DED,12452.908170074257
2025,Agri02_OFC,DEF,12301.986879253129
2025,Agri02_OFC,DEG,9835.099167399147
2025,Agri03_No-till,DE1,4545.724359352099
2025,Agri03_No-till,DE2,9218.033225894886
2025,Agri03_No-till,DE3,595.5037241945233
2025,Agri03_No-till,DE4,4040.8021225320035
2025,Agri03_No-till,DE5,296.37856725243535
2025,Agri03_No-till,DE6,67.82016834148769
2025,Agri03_No-till,DE7,2312.3176644647474
2025,Agri03_No-till,DE8,4346.169407317243
2025,Agri03_No-till,DE9,7707.458545141626
2025,Agri03_No-till,DEA,4716.773415211804
2025,Agri03_No-till,DEB,2460.421426437165
2025,Agri03_No-till,DEC,616.3735972873159
2025,Agri03_No-till,DEE,3568.2761247497865
2025,Agri03_No-till,DED,2755.126292587002
2025,Agri03_No-till,DEF,2721.735922179253
2025,Agri03_No-till,DEG,2175.952792410284
2025,Agri04_toGrassland,DE1,757.5054640109029
2025,Agri04_toGrassland,DE2,1536.1051361778282
2025,Agri04_toGrassland,DE3,99.23552095457194
2025,Agri04_toGrassland,DE4,673.3645608114085
2025,Agri04_toGrassland,DE5,49.388912824763054
2025,Agri04_toGrassland,DE6,11.301641724739007
2025,Agri04_toGrassland,DE7,385.3276456935525
2025,Agri04_toGrassland,DE8,724.2513653047548
2025,Agri04_toGrassland,DE9,1284.3809919030064
2025,Agri04_toGrassland,DEA,786.0093028239761
2025,Agri04_toGrassland,DEB,410.0078506654762
2025,Agri04_toGrassland,DEC,102.71330395487193
2025,Agri04_toGrassland,DEE,594.622209337583
2025,Agri04_toGrassland,DED,459.11785574526533
2025,Agri04_toGrassland,DEF,453.5536406654001
2025,Agri04_toGrassland,DEG,362.60362472033023
2025,Agri05_Agroforestry,DE1,60892.02303169043
2025,Agri05_Agroforestry,DE2,98651.50074213509
2025,Agri05_Agroforestry,DE3,1307.8725000000002
2025,Agri05_Agroforestry,DE4,58474.35294075885
2025,Agri05_Agroforestry,DE5,10736.907666666668
2025,Agri05_Agroforestry,DE6,1586.7295647966077
2025,Agri05_Agroforestry,DE7,22240.255258454523
2025,Agri05_Agroforestry,DE8,59009.670271513045
2025,Agri05_Agroforestry,DE9,86174.08210800037
2025,Agri05_Agroforestry,DEA,62004.72350433807
2025,Agri05_Agroforestry,DEB,36435.339954321455
2025,Agri05_Agroforestry,DEC,21328.51425654515
2025,Agri05_Agroforestry,DEE,45777.59199011592
2025,Agri05_Agroforestry,DED,38976.53675116848
2025,Agri05_Agroforestry,DEF,22004.314947666113
2025,Agri05_Agroforestry,DEG,17593.543632691573
2025,Agri06_Biochar,DE1,0.0
2025,Agri06_Biochar,DE2,0.0
2025,Agri06_Biochar,DE3,0.0
2025,Agri06_Biochar,DE4,0.0
2025,Agri06_Biochar,DE5,0.0
2025,Agri06_Biochar,DE6,0.0
2025,Agri06_Biochar,DE7,0.0
2025,Agri06_Biochar,DE8,0.0
2025,Agri06_Biochar,DE9,0.0
2025,Agri06_Biochar,DEA,0.0
2025,Agri06_Biochar,DEB,0.0
2025,Agri06_Biochar,DEC,0.0
2025,Agri06_Biochar,DEE,0.0
2025,Agri06_Biochar,DED,0.0
2025,Agri06_Biochar,DEF,0.0
2025,Agri06_Biochar,DEG,0.0
2026,Agri01_AGC,DE1,52990.495092855046
2026,Agri01_AGC,DE2,105602.33190917762
2026,Agri01_AGC,DE3,386.9196000000001
2026,Agri01_AGC,DE4,47429.0850681864
2026,Agri01_AGC,DE5,1243.9848000000002
2026,Agri01_AGC,DE6,841.2490080621395
2026,Agri01_AGC,DE7,26302.873514561834
2026,Agri01_AGC,DE8,50723.29838687479
2026,Agri01_AGC,DE9,88572.5931708789
2026,Agri01_AGC,DEA,54896.42951834709
2026,Agri01_AGC,DEB,28941.3359469375
2026,Agri01_AGC,DEC,8161.469748296149
2026,Agri01_AGC,DEE,41445.22623228498
2026,Agri01_AGC,DED,32271.730230523208
2026,Agri01_AGC,DEF,30648.33467825236
2026,Agri01_AGC,DEG,24502.625184146542
2026,Agri02_OFC,DE1,25068.666914203743
2026,Agri02_OFC,DE2,49958.198717628366
2026,Agri02_OFC,DE3,4025.721137793927
2026,Agri02_OFC,DE4,22437.683088945418
2026,Agri02_OFC,DE5,1971.7588692359786
2026,Agri02_OFC,DE6,397.9768661919447
2026,Agri02_OFC,DE7,12443.325427844306
2026,Agri02_OFC,DE8,23996.10476977376
2026,Agri02_OFC,DE9,41901.79450177332
2026,Agri02_OFC,DEA,25970.32362054798
2026,Agri02_OFC,DEB,13691.525426107462
2026,Agri02_OFC,DEC,3861.0163255102925
2026,Agri02_OFC,DEE,19606.84778997397
2026,Agri02_OFC,DED,15267.063545573637
2026,Agri02_OFC,DEF,14499.06992146113
2026,Agri02_OFC,DEG,11591.66654677608
2026,Agri03_No-till,DE1,5546.282233205991
2026,Agri03_No-till,DE2,11052.931968774275
2026,Agri03_No-till,DE3,890.6650560559918
2026,Agri03_No-till,DE4,4964.193887789636
2026,Agri03_No-till,DE5,436.23903983556534
2026,Agri03_No-till,DE6,88.04983646484786
2026,Agri03_No-till,DE7,2753.006172153104
2026,Agri03_No-till,DE8,5308.9847181039495
2026,Agri03_No-till,DE9,9270.50405911126
2026,Agri03_No-till,DEA,5745.76801312254
2026,Agri03_No-till,DEB,3029.1624391595574
2026,Agri03_No-till,DEC,854.2251696743724
2026,Agri03_No-till,DEE,4337.889681923713
2026,Agri03_No-till,DED,3377.740172057788
2026,Agri03_No-till,DEF,3207.8264942699493
2026,Agri03_No-till,DEG,2564.5820913279495
2026,Agri04_toGrassland,DE1,924.2397392522383
2026,Agri04_toGrassland,DE2,1841.875067163257
2026,Agri04_toGrassland,DE3,148.4215920787053
2026,Agri04_toGrassland,DE4,827.2397745969241
2026,Agri04_toGrassland,DE5,72.6954452507565
2026,Agri04_toGrassland,DE6,14.672740130001012
2026,Agri04_toGrassland,DE7,458.76455609793106
2026,Agri04_toGrassland,DE8,884.6961703782939
2026,Agri04_toGrassland,DE9,1544.8489445833761
2026,Agri04_toGrassland,DEA,957.4823110259476
2026,Agri04_toGrassland,DEB,504.78359831017326
2026,Agri04_toGrassland,DEC,142.3492016608341
2026,Agri04_toGrassland,DEE,722.8716210153316
2026,Agri04_toGrassland,DED,562.8710485005271
2026,Agri04_toGrassland,DEF,534.5564105771617
2026,Agri04_toGrassland,DEG,427.3653203561865
2026,Agri05_Agroforestry,DE1,81055.84913368002
2026,Agri05_Agroforestry,DE2,125558.09072098981
2026,Agri05_Agroforestry,DE3,1307.8725000000002
2026,Agri05_Agroforestry,DE4,78845.99863311234
2026,Agri05_Agroforestry,DE5,10736.907666666668
2026,Agri05_Agroforestry,DE6,2269.5354394759065
2026,Agri05_Agroforestry,DE7,27578.276750487476
2026,Agri05_Agroforestry,DE8,78733.65797849181
2026,Agri05_Agroforestry,DE9,110748.8576429233
2026,Agri05_Agroforestry,DEA,82263.54214574989
2026,Agri05_Agroforestry,DEB,49307.312306294654
2026,Agri05_Agroforestry,DEC,31424.354038286358
2026,Agri05_Agroforestry,DEE,60467.46181504223
2026,Agri05_Agroforestry,DED,52363.64811266136
2026,Agri05_Agroforestry,DEF,25936.918959819093
2026,Agri05_Agroforestry,DEG,20738.509910027668
2026,Agri06_Biochar,DE1,0.0
2026,Agri06_Biochar,DE2,0.0
2026,Agri06_Biochar,DE3,0.0
2026,Agri06_Biochar,DE4,0.0
2026,Agri06_Biochar,DE5,0.0
2026,Agri06_Biochar,DE6,0.0
2026,Agri06_Biochar,DE7,0.0
2026,Agri06_Biochar,DE8,0.0
2026,Agri06_Biochar,DE9,0.0
2026,Agri06_Biochar,DEA,0.0
2026,Agri06_Biochar,DEB,0.0
2026,Agri06_Biochar,DEC,0.0
2026,Agri06_Biochar,DEE,0.0
2026,Agri06_Biochar,DED,0.0
2026,Agri06_Biochar,DEF,0.0
2026,Agri06_Biochar,DEG,0.0
2027,Agri01_AGC,DE1,62841.189345029874
2027,Agri01_AGC,DE2,123105.65697099936
2027,Agri01_AGC,DE3,386.9196000000001
2027,Agri01_AGC,DE4,56618.371379546785
2027,Agri01_AGC,DE5,1243.9848000000002
2027,Agri01_AGC,DE6,1055.7564028701413
2027,Agri01_AGC,DE7,30443.96805615309
2027,Agri01_AGC,DE8,60220.29713497135
2027,Agri01_AGC,DE9,103574.94388755788
2027,Agri01_AGC,DEA,65000.42915829417
2027,Agri01_AGC,DEB,34619.354572619035
2027,Agri01_AGC,DEC,10505.2152
2027,Agri01_AGC,DEE,48976.50963586697
2027,Agri01_AGC,DED,38448.3223644128
2027,Agri01_AGC,DEF,35107.026727880206
2027,Agri01_AGC,DEG,28067.395852813537
2027,Agri02_OFC,DE1,29728.8191292135
2027,Agri02_OFC,DE2,58238.6464676817
2027,Agri02_OFC,DE3,5625.081239871348
2027,Agri02_OFC,DE4,26784.937390213618
2027,Agri02_OFC,DE5,2725.3266805371236
2027,Agri02_OFC,DE6,499.4557148355093
2027,Agri02_OFC,DE7,14402.388454930006
2027,Agri02_OFC,DE8,28488.93122635736
2027,Agri02_OFC,DE9,48999.08491937505
2027,Agri02_OFC,DEA,30750.30918269874
2027,Agri02_OFC,DEB,16377.674279980836
2027,Agri02_OFC,DEC,5108.708239891508
2027,Agri02_OFC,DEE,23169.736469350057
2027,Agri02_OFC,DED,18189.076834901192
2027,Agri02_OFC,DEF,16608.381519121587
2027,Agri02_OFC,DEG,13278.083108118713
2027,Agri03_No-till,DE1,6577.3111077210415
2027,Agri03_No-till,DE2,12884.928077553805
2027,Agri03_No-till,DE3,1244.513250258315
2027,Agri03_No-till,DE4,5925.996099964347
2027,Agri03_No-till,DE5,602.9610987962428
2027,Agri03_No-till,DE6,110.50138273989555
2027,Agri03_No-till,DE7,3186.4363381065964
2027,Agri03_No-till,DE8,6302.993838665076
2027,Agri03_No-till,DE9,10840.734174727993
2027,Agri03_No-till,DEA,6803.309249322733
2027,Agri03_No-till,DEB,3623.4556943602697
2027,Agri03_No-till,DEC,1130.2690263712934
2027,Agri03_No-till,DEE,5126.15601650563
2027,Agri03_No-till,DED,4024.2169251797036
2027,Agri03_No-till,DEF,3674.498195578927
2027,Agri03_No-till,DEG,2937.6909703908186
2027,Agri04_toGrassland,DE1,1096.0517419732919
2027,Agri04_toGrassland,DE2,2147.161299398641
2027,Agri04_toGrassland,DE3,207.38731884724498
2027,Agri04_toGrassland,DE4,987.5157555901844
2027,Agri04_toGrassland,DE5,100.47822763043025
2027,Agri04_toGrassland,DE6,18.41409522203442
2027,Agri04_toGrassland,DE7,530.9919269241989
2027,Agri04_toGrassland,DE8,1050.3391527893625
2027,Agri04_toGrassland,DE9,1806.514148697002
2027,Agri04_toGrassland,DEA,1133.7123684403111
2027,Agri04_toGrassland,DEB,603.8174051254042
2027,Agri04_toGrassland,DEC,188.3495116717922
2027,Agri04_toGrassland,DEE,854.2293559631574
2027,Agri04_toGrassland,DED,670.6007817911916
2027,Agri04_toGrassland,DEF,612.3231944151505
2027,Agri04_toGrassland,DEG,489.54067288930617
2027,Agri05_Agroforestry,DE1,103881.4824008868
2027,Agri05_Agroforestry,DE2,154856.7773099871
2027,Agri05_Agroforestry,DE3,1307.8725000000002
2027,Agri05_Agroforestry,DE4,102109.90269353305
2027,Agri05_Agroforestry,DE5,10736.907666666668
2027,Agri05_Agroforestry,DE6,3074.161301395198
2027,Agri05_Agroforestry,DE7,33212.955055967774
2027,Agri05_Agroforestry,DE8,101098.33023636263
2027,Agri05_Agroforestry,DE9,137770.28621562055
2027,Agri05_Agroforestry,DEA,105141.65210067644
2027,Agri05_Agroforestry,DEB,64040.91944530416
2027,Agri05_Agroforestry,DEC,43463.57279683829
2027,Agri05_Agroforestry,DEE,77002.11544893625
2027,Agri05_Agroforestry,DED,67614.69414457395
2027,Agri05_Agroforestry,DEF,29713.436646178652
2027,Agri05_Agroforestry,DEG,23758.89537096302
2027,Agri06_Biochar,DE1,0.0
2027,Agri06_Biochar,DE2,0.0
2027,Agri06_Biochar,DE3,0.0
2027,Agri06_Biochar,DE4,0.0
2027,Agri06_Biochar,DE5,0.0
2027,Agri06_Biochar,DE6,0.0
2027,Agri06_Biochar,DE7,0.0
2027,Agri06_Biochar,DE8,0.0
2027,Agri06_Biochar,DE9,0.0
2027,Agri06_Biochar,DEA,0.0
2027,Agri06_Biochar,DEB,0.0
2027,Agri06_Biochar,DEC,0.0
2027,Agri06_Biochar,DEE,0.0
2027,Agri06_Biochar,DED,0.0
2027,Agri06_Biochar,DEF,0.0
2027,Agri06_Biochar,DEG,0.0
2028,Agri01_AGC,DE1,72983.01076007109
2028,Agri01_AGC,DE2,140581.24957861888
2028,Agri01_AGC,DE3,386.9196000000001
2028,Agri01_AGC,DE4,66174.64020519174
2028,Agri01_AGC,DE5,1243.9848000000002
2028,Agri01_AGC,DE6,1291.492148191756
2028,Agri01_AGC,DE7,34515.71468036271
2028,Agri01_AGC,DE8,70015.32893553004
2028,Agri01_AGC,DE9,118645.93799134137
2028,Agri01_AGC,DEA,75377.17014687628
2028,Agri01_AGC,DEB,40541.50537959351
2028,Agri01_AGC,DEC,10505.2152
2028,Agri01_AGC,DEE,56686.00609607785
2028,Agri01_AGC,DED,44852.90604938879
2028,Agri01_AGC,DEF,39380.186283199226
2028,Agri01_AGC,DEG,31483.880751378412
2028,Agri02_OFC,DE1,34526.6973621211
2028,Agri02_OFC,DE2,66505.9745883394
2028,Agri02_OFC,DE3,7489.70036455213
2028,Agri02_OFC,DE4,31305.803249513425
2028,Agri02_OFC,DE5,3600.306301294025
2028,Agri02_OFC,DE6,610.9772408919047
2028,Agri02_OFC,DE7,16328.644469380935
2028,Agri02_OFC,DE8,33122.750729118474
2028,Agri02_OFC,DE9,56128.84905144519
2028,Agri02_OFC,DEA,35659.32282829505
2028,Agri02_OFC,DEB,19179.31683371768
2028,Agri02_OFC,DEC,6529.025638119247
2028,Agri02_OFC,DEE,26816.93392426341
2028,Agri02_OFC,DED,21218.948038056926
2028,Agri02_OFC,DEF,18629.921672234505
2028,Agri02_OFC,DEG,14894.348851427047
2028,Agri03_No-till,DE1,7638.81098289725
2028,Agri03_No-till,DE2,14714.021552233471
2028,Agri03_No-till,DE3,1657.0483068014928
2028,Agri03_No-till,DE4,6926.208759056136
2028,Agri03_No-till,DE5,796.5447441344681
2028,Agri03_No-till,DE6,135.1748071666308
2028,Agri03_No-till,DE7,3612.608162325225
2028,Agri03_No-till,DE8,7328.196769000621
2028,Agri03_No-till,DE9,12418.14889199183
2028,Agri03_No-till,DEA,7889.397123812385
2028,Agri03_No-till,DEB,4243.301192039302
2028,Agri03_No-till,DEC,1444.505167378079
2028,Agri03_No-till,DEE,5933.075128495536
2028,Agri03_No-till,DED,4694.556551952747
2028,Agri03_No-till,DEF,4121.751026106186
2028,Agri03_No-till,DEG,3295.2794295988906
2028,Agri04_toGrassland,DE1,1272.9414721740636
2028,Agri04_toGrassland,DE2,2451.9638328839787
2028,Agri04_toGrassland,DE3,276.13270126019097
2028,Agri04_toGrassland,DE4,1154.1925037911892
2028,Agri04_toGrassland,DE5,132.73725996378428
2028,Agri04_toGrassland,DE6,22.525707000839226
2028,Agri04_toGrassland,DE7,602.0097581723561
2028,Agri04_toGrassland,DE8,1221.1803125379604
2028,Agri04_toGrassland,DE9,2069.376604243884
2028,Agri04_toGrassland,DEA,1314.699475067067
2028,Agri04_toGrassland,DEB,707.1092711111693
2028,Agri04_toGrassland,DEC,240.7142339877462
2028,Agri04_toGrassland,DEE,988.6954141810608
2028,Agri04_toGrassland,DED,782.3070556172589
2028,Agri04_toGrassland,DEF,686.8539921793665
2028,Agri04_toGrassland,DEG,549.1296823196892
2028,Agri05_Agroforestry,DE1,129368.92283331075
2028,Agri05_Agroforestry,DE2,186547.56050912695
2028,Agri05_Agroforestry,DE3,1307.8725000000002
2028,Agri05_Agroforestry,DE4,128266.065122021
2028,Agri05_Agroforestry,DE5,10736.907666666668
2028,Agri05_Agroforestry,DE6,4000.6071505544814
2028,Agri05_Agroforestry,DE7,39144.29017489543
2028,Agri05_Agroforestry,DE8,126103.68704512552
2028,Agri05_Agroforestry,DE9,167238.36782609206
2028,Agri05_Agroforestry,DEA,130639.05336911773
2028,Agri05_Agroforestry,DEB,80636.16137134995
2028,Agri05_Agroforestry,DEC,47840.52216666668
2028,Agri05_Agroforestry,DEE,95381.55289179798
2028,Agri05_Agroforestry,DED,84729.67484690627
2028,Agri05_Agroforestry,DEF,33333.86800674479
2028,Agri05_Agroforestry,DEG,26654.70001549763
2028,Agri06_Biochar,DE1,0.0
2028,Agri06_Biochar,DE2,0.0
2028,Agri06_Biochar,DE3,0.0
2028,Agri06_Biochar,DE4,0.0
2028,Agri06_Biochar,DE5,0.0
2028,Agri06_Biochar,DE6,0.0
2028,Agri06_Biochar,DE7,0.0
2028,Agri06_Biochar,DE8,0.0
2028,Agri06_Biochar,DE9,0.0
2028,Agri06_Biochar,DEA,0.0
2028,Agri06_Biochar,DEB,0.0
2028,Agri06_Biochar,DEC,0.0
2028,Agri06_Biochar,DEE,0.0
2028,Agri06_Biochar,DED,0.0
2028,Agri06_Biochar,DEF,0.0
2028,Agri06_Biochar,DEG,0.0
2029,Agri01_AGC,DE1,83415.95933797867
2029,Agri01_AGC,DE2,158029.10973203613
2029,Agri01_AGC,DE3,386.9196000000001
2029,Agri01_AGC,DE4,76097.89154512125
2029,Agri01_AGC,DE5,1243.9848000000002
2029,Agri01_AGC,DE6,1548.4562440269835
2029,Agri01_AGC,DE7,38518.1133871907
2029,Agri01_AGC,DE8,80108.39378855083
2029,Agri01_AGC,DE9,133785.5754822294
2029,Agri01_AGC,DEA,86026.65248409339
2029,Agri01_AGC,DEB,46707.78836786093
2029,Agri01_AGC,DEC,10505.2152
2029,Agri01_AGC,DEE,64573.71561291763
2029,Agri01_AGC,DED,51485.48128545116
2029,Agri01_AGC,DEF,43467.813344209426
2029,Agri01_AGC,DEG,34752.07987984116
2029,Agri02_OFC,DE1,39462.30161292656
2029,Agri02_OFC,DE2,74760.18307960148
2029,Agri02_OFC,DE3,9619.578511836275
2029,Agri02_OFC,DE4,36000.28066684484
2029,Agri02_OFC,DE5,4596.697731506682
2029,Agri02_OFC,DE6,732.5414443611306
2029,Agri02_OFC,DE7,18222.0934711971
2029,Agri02_OFC,DE8,37897.56327805711
2029,Agri02_OFC,DE9,63291.08689798377
2029,Agri02_OFC,DEA,40697.36455733692
2029,Agri02_OFC,DEB,22096.45308731799
2029,Agri02_OFC,DEC,8121.96852019351
2029,Agri02_OFC,DEE,30548.440154714022
2029,Agri02_OFC,DED,24356.67715504083
2029,Agri02_OFC,DEF,20563.69038079988
2029,Agri02_OFC,DEG,16440.463776701083
2029,Agri03_No-till,DE1,8730.781858734616
2029,Agri03_No-till,DE2,16540.212392813275
2029,Agri03_No-till,DE3,2128.270225685525
2029,Agri03_No-till,DE4,7964.831865065002
2029,Agri03_No-till,DE5,1016.989975850241
2029,Agri03_No-till,DE6,162.0701097450536
2029,Agri03_No-till,DE7,4031.5216448089886
2029,Agri03_No-till,DE8,8384.593509110586
2029,Agri03_No-till,DE9,14002.74821090277
2029,Agri03_No-till,DEA,9004.031636591495
2029,Agri03_No-till,DEB,4888.698932196654
2029,Agri03_No-till,DEC,1796.9335926947292
2029,Agri03_No-till,DEE,6758.647017893432
2029,Agri03_No-till,DED,5388.7590523769195
2029,Agri03_No-till,DEF,4549.584985851728
2029,Agri03_No-till,DEG,3637.3474689521654
2029,Agri04_toGrassland,DE1,1454.9089298545537
2029,Agri04_toGrassland,DE2,2756.2826676192717
2029,Agri04_toGrassland,DE3,354.6577393175433
2029,Agri04_toGrassland,DE4,1327.2700191999388
2029,Agri04_toGrassland,DE5,169.47254225081858
2029,Agri04_toGrassland,DE6,27.00757546641544
2029,Agri04_toGrassland,DE7,671.8180498424026
2029,Agri04_toGrassland,DE8,1397.2196496240877
2029,Agri04_toGrassland,DE9,2333.436311224022
2029,Agri04_toGrassland,DEA,1500.4436309062146
2029,Agri04_toGrassland,DEB,814.6591962674681
2029,Agri04_toGrassland,DEC,299.4433686086962
2029,Agri04_toGrassland,DEE,1126.2697956690413
2029,Agri04_toGrassland,DED,897.9898699787292
2029,Agri04_toGrassland,DEF,758.1488038698097
2029,Agri04_toGrassland,DEG,606.1323486473358
2029,Agri05_Agroforestry,DE1,157518.17043095184
2029,Agri05_Agroforestry,DE2,220630.44031840935
2029,Agri05_Agroforestry,DE3,1307.8725000000002
2029,Agri05_Agroforestry,DE4,157314.48591857622
2029,Agri05_Agroforestry,DE5,10736.907666666668
2029,Agri05_Agroforestry,DE6,5048.872986953757
2029,Agri05_Agroforestry,DE7,45372.28210727043
2029,Agri05_Agroforestry,DE8,153749.72840478047
2029,Agri05_Agroforestry,DE9,199153.10247433785
2029,Agri05_Agroforestry,DEA,158755.74595107374
2029,Agri05_Agroforestry,DEB,99093.03808443208
2029,Agri05_Agroforestry,DEC,47840.52216666668
2029,Agri05_Agroforestry,DEE,115605.77414362742
2029,Agri05_Agroforestry,DED,103708.59021965832
2029,Agri05_Agroforestry,DEF,36798.21304151752
2029,Agri05_Agroforestry,DEG,29425.923843631503
2029,Agri06_Biochar,DE1,0.0
2029,Agri06_Biochar,DE2,0.0
2029,Agri06_Biochar,DE3,0.0
2029,Agri06_Biochar,DE4,0.0
2029,Agri06_Biochar,DE5,0.0
2029,Agri06_Biochar,DE6,0.0
2029,Agri06_Biochar,DE7,0.0
2029,Agri06_Biochar,DE8,0.0
2029,Agri06_Biochar,DE9,0.0
2029,Agri06_Biochar,DEA,0.0
2029,Agri06_Biochar,DEB,0.0
2029,Agri06_Biochar,DEC,0.0
2029,Agri06_Biochar,DEE,0.0
2029,Agri06_Biochar,DED,0.0
2029,Agri06_Biochar,DEF,0.0
2029,Agri06_Biochar,DEG,0.0
2030,Agri01_AGC,DE1,94140.03507875263
2030,Agri01_AGC,DE2,175449.23743125115
2030,Agri01_AGC,DE3,386.9196000000001
2030,Agri01_AGC,DE4,86388.12539933535
2030,Agri01_AGC,DE5,1243.9848000000002
2030,Agri01_AGC,DE6,1826.6486903758241
2030,Agri01_AGC,DE7,42451.16417663706
2030,Agri01_AGC,DE8,90499.49169403376
2030,Agri01_AGC,DE9,148993.85636022195
2030,Agri01_AGC,DEA,96948.87616994552
2030,Agri01_AGC,DEB,53118.20353742128
2030,Agri01_AGC,DEC,10505.2152
2030,Agri01_AGC,DEE,72639.6381863863
2030,Agri01_AGC,DED,58346.048072599944
2030,Agri01_AGC,DEF,47369.90791091079
2030,Agri01_AGC,DEG,37871.993238201794
2030,Agri02_OFC,DE1,44535.63188162986
2030,Agri02_OFC,DE2,83001.27194146792
2030,Agri02_OFC,DE3,12014.71568172378
2030,Agri02_OFC,DE4,40868.369642207865
2030,Agri02_OFC,DE5,5714.500971175097
2030,Agri02_OFC,DE6,864.1483252431872
2030,Agri02_OFC,DE7,20082.73546037849
2030,Agri02_OFC,DE8,42813.368873173255
2030,Agri02_OFC,DE9,70485.79845899077
2030,Agri02_OFC,DEA,45864.43436982433
2030,Agri02_OFC,DEB,25129.083040781763
2030,Agri02_OFC,DEC,9887.536886114296
2030,Agri02_OFC,DEE,34364.255160701905
2030,Agri02_OFC,DED,27602.264185852913
2030,Agri02_OFC,DEF,22409.687644817714
2030,Agri02_OFC,DEG,17916.427883940818
2030,Agri03_No-till,DE1,9853.22373523314
2030,Agri03_No-till,DE2,18363.500599293217
2030,Agri03_No-till,DE3,2658.179006910412
2030,Agri03_No-till,DE4,9041.865417990944
2030,Agri03_No-till,DE5,1264.2967939435616
2030,Agri03_No-till,DE6,191.18729047516393
2030,Agri03_No-till,DE7,4443.176785557888
2030,Agri03_No-till,DE8,9472.18405899497
2030,Agri03_No-till,DE9,15594.532131460812
2030,Agri03_No-till,DEA,10147.212787660063
2030,Agri03_No-till,DEB,5559.648914832325
2030,Agri03_No-till,DEC,2187.554302321244
2030,Agri03_No-till,DEE,7602.871684699318
2030,Agri03_No-till,DED,6106.82442645222
2030,Agri03_No-till,DEF,4958.000074815552
2030,Agri03_No-till,DEG,3963.8950884506435
2030,Agri04_toGrassland,DE1,1641.954115014762
2030,Agri04_toGrassland,DE2,3060.117803604519
2030,Agri04_toGrassland,DE3,442.9624330193019
2030,Agri04_toGrassland,DE4,1506.7483018164332
2030,Agri04_toGrassland,DE5,210.68407449153318
2030,Agri04_toGrassland,DE6,31.85970061876305
2030,Agri04_toGrassland,DE7,740.4168019343385
2030,Agri04_toGrassland,DE8,1578.4571640477443
2030,Agri04_toGrassland,DE9,2598.6932696374165
2030,Agri04_toGrassland,DEA,1690.9448359577545
2030,Agri04_toGrassland,DEB,926.467180594301
2030,Agri04_toGrassland,DEC,364.53691553464205
2030,Agri04_toGrassland,DEE,1266.952500427099
2030,Agri04_toGrassland,DED,1017.6492248756024
2030,Agri04_toGrassland,DEF,826.2076294864801
2030,Agri04_toGrassland,DEG,660.5486718722457
2030,Agri05_Agroforestry,DE1,188329.22519381013
2030,Agri05_Agroforestry,DE2,257105.41673783434
2030,Agri05_Agroforestry,DE3,1307.8725000000002
2030,Agri05_Agroforestry,DE4,189255.16508319866
2030,Agri05_Agroforestry,DE5,10736.907666666668
2030,Agri05_Agroforestry,DE6,6218.958810593026
2030,Agri05_Agroforestry,DE7,51896.93085309278
2030,Agri05_Agroforestry,DE8,184036.4543153275
2030,Agri05_Agroforestry,DE9,233514.49016035793
2030,Agri05_Agroforestry,DEA,189491.7298465445
2030,Agri05_Agroforestry,DEB,119411.54958455049
2030,Agri05_Agroforestry,DEC,47840.52216666668
2030,Agri05_Agroforestry,DEE,137674.77920442456
2030,Agri05_Agroforestry,DED,124551.44026283009
2030,Agri05_Agroforestry,DEF,40106.47175049683
2030,Agri05_Agroforestry,DEG,32072.566855364632
2030,Agri06_Biochar,DE1,0.0
2030,Agri06_Biochar,DE2,0.0
2030,Agri06_Biochar,DE3,0.0
2030,Agri06_Biochar,DE4,0.0
2030,Agri06_Biochar,DE5,0.0
2030,Agri06_Biochar,DE6,0.0
2030,Agri06_Biochar,DE7,0.0
2030,Agri06_Biochar,DE8,0.0
2030,Agri06_Biochar,DE9,0.0
2030,Agri06_Biochar,DEA,0.0
2030,Agri06_Biochar,DEB,0.0
2030,Agri06_Biochar,DEC,0.0
2030,Agri06_Biochar,DEE,0.0
2030,Agri06_Biochar,DED,0.0
2030,Agri06_Biochar,DEF,0.0
2030,Agri06_Biochar,DEG,0.0
2031,Agri01_AGC,DE1,105155.23798239298
2031,Agri01_AGC,DE2,192841.63267626395
2031,Agri01_AGC,DE3,386.9196000000001
2031,Agri01_AGC,DE4,97045.341767834
2031,Agri01_AGC,DE5,1243.9848000000002
2031,Agri01_AGC,DE6,2043.2963999999997
2031,Agri01_AGC,DE7,46314.86704870177
2031,Agri01_AGC,DE8,101188.62265197882
2031,Agri01_AGC,DE9,164270.78062531902
2031,Agri01_AGC,DEA,108143.84120443267
2031,Agri01_AGC,DEB,59772.75088827457
2031,Agri01_AGC,DEC,10505.2152
2031,Agri01_AGC,DEE,80883.7738164839
2031,Agri01_AGC,DED,65434.60641083512
2031,Agri01_AGC,DEF,51086.46998330334
2031,Agri01_AGC,DEG,40843.620826460305
2031,Agri02_OFC,DE1,49746.688168231005
2031,Agri02_OFC,DE2,91229.24117393872
2031,Agri02_OFC,DE3,14675.111874214648
2031,Agri02_OFC,DE4,45910.0701756025
2031,Agri02_OFC,DE5,6953.716020299269
2031,Agri02_OFC,DE6,1005.7978835380744
2031,Agri02_OFC,DE7,21910.570436925118
2031,Agri02_OFC,DE8,47870.16751446692
2031,Agri02_OFC,DE9,77712.98373446621
2031,Agri02_OFC,DEA,51160.5322657573
2031,Agri02_OFC,DEB,28277.206694109
2031,Agri02_OFC,DEC,11825.730735881605
2031,Agri02_OFC,DEE,38264.37894222705
2031,Agri02_OFC,DED,30955.709130493175
2031,Agri02_OFC,DEF,24167.913464288005
2031,Agri02_OFC,DEG,19322.241173146253
2031,Agri03_No-till,DE1,11006.13661239282
2031,Agri03_No-till,DE2,20183.886171673294
2031,Agri03_No-till,DE3,3246.774650476154
2031,Agri03_No-till,DE4,10157.309417833965
2031,Agri03_No-till,DE5,1538.4651984144298
2031,Agri03_No-till,DE6,222.52634935696182
2031,Agri03_No-till,DE7,4847.573584571924
2031,Agri03_No-till,DE8,10590.96841865377
2031,Agri03_No-till,DE9,17193.500653665957
2031,Agri03_No-till,DEA,11318.94057701809
2031,Agri03_No-till,DEB,6256.151139946317
2031,Agri03_No-till,DEC,2616.3672962576234
2031,Agri03_No-till,DEE,8465.749128913194
2031,Agri03_No-till,DED,6848.7526741786505
2031,Agri03_No-till,DEF,5346.996292997656
2031,Agri03_No-till,DEG,4274.922288094324
2031,Agri04_toGrassland,DE1,1834.0770276546884
2031,Agri04_toGrassland,DE2,3363.46924083972
2031,Agri04_toGrassland,DE3,541.0467823654668
2031,Agri04_toGrassland,DE4,1692.6273516406718
2031,Agri04_toGrassland,DE5,256.3718566859281
2031,Agri04_toGrassland,DE6,37.082082457882066
2031,Agri04_toGrassland,DE7,807.8060144481639
2031,Agri04_toGrassland,DE8,1764.8928558089303
2031,Agri04_toGrassland,DE9,2865.147479484067
2031,Agri04_toGrassland,DEA,1886.2030902216864
2031,Agri04_toGrassland,DEB,1042.5332240916678
2031,Agri04_toGrassland,DEC,435.9948747655838
2031,Agri04_toGrassland,DEE,1410.7435284552341
2031,Agri04_toGrassland,DED,1141.2851203078783
2031,Agri04_toGrassland,DEF,891.0304690293777
2031,Agri04_toGrassland,DEG,712.3786519944191
2031,Agri05_Agroforestry,DE1,221802.0871218856
2031,Agri05_Agroforestry,DE2,295972.4897674019
2031,Agri05_Agroforestry,DE3,1307.8725000000002
2031,Agri05_Agroforestry,DE4,224088.10261588832
2031,Agri05_Agroforestry,DE5,10736.907666666668
2031,Agri05_Agroforestry,DE6,7510.864621472287
2031,Agri05_Agroforestry,DE7,58718.23641236248
2031,Agri05_Agroforestry,DE8,216963.86477676654
2031,Agri05_Agroforestry,DE9,270322.5308841523
2031,Agri05_Agroforestry,DEA,222847.00505552997
2031,Agri05_Agroforestry,DEB,141591.69587170522
2031,Agri05_Agroforestry,DEC,47840.52216666668
2031,Agri05_Agroforestry,DEE,161588.56807418942
2031,Agri05_Agroforestry,DED,147258.22497642157
2031,Agri05_Agroforestry,DEF,43258.64413368273
2031,Agri05_Agroforestry,DEG,34594.629050697025
2031,Agri06_Biochar,DE1,0.0
2031,Agri06_Biochar,DE2,0.0
2031,Agri06_Biochar,DE3,0.0
2031,Agri06_Biochar,DE4,0.0
2031,Agri06_Biochar,DE5,0.0
2031,Agri06_Biochar,DE6,0.0
2031,Agri06_Biochar,DE7,0.0
2031,Agri06_Biochar,DE8,0.0
2031,Agri06_Biochar,DE9,0.0
2031,Agri06_Biochar,DEA,0.0
2031,Agri06_Biochar,DEB,0.0
2031,Agri06_Biochar,DEC,0.0
2031,Agri06_Biochar,DEE,0.0
2031,Agri06_Biochar,DED,0.0
2031,Agri06_Biochar,DEF,0.0
2031,Agri06_Biochar,DEG,0.0
2032,Agri01_AGC,DE1,116461.56804889969
2032,Agri01_AGC,DE2,210206.29546707447
2032,Agri01_AGC,DE3,386.9196000000001
2032,Agri01_AGC,DE4,108069.54065061723
2032,Agri01_AGC,DE5,1243.9848000000002
2032,Agri01_AGC,DE6,2043.2963999999997
2032,Agri01_AGC,DE7,50109.22200338487
2032,Agri01_AGC,DE8,112175.78666238599
2032,Agri01_AGC,DE9,179616.3482775206
2032,Agri01_AGC,DEA,119611.54758755484
2032,Agri01_AGC,DEB,66671.4304204208
2032,Agri01_AGC,DEC,10505.2152
2032,Agri01_AGC,DEE,89306.12250321037
2032,Agri01_AGC,DED,72751.1563001567
2032,Agri01_AGC,DEF,54617.499561387056
2032,Agri01_AGC,DEG,43666.96264461669
2032,Agri02_OFC,DE1,55095.47047273
2032,Agri02_OFC,DE2,99444.09077701387
2032,Agri02_OFC,DE3,17600.767089308876
2032,Agri02_OFC,DE4,51125.38226702874
2032,Agri02_OFC,DE5,8314.342878879197
2032,Agri02_OFC,DE6,1157.4901192457924
2032,Agri02_OFC,DE7,23705.598400836978
2032,Agri02_OFC,DE8,53067.9592019381
2032,Agri02_OFC,DE9,84972.64272441008
2032,Agri02_OFC,DEA,56585.658245135826
2032,Agri02_OFC,DEB,31540.82404729971
2032,Agri02_OFC,DEC,13936.550069495439
2032,Agri02_OFC,DEE,42248.81149928946
2032,Agri02_OFC,DED,34417.01198896161
2032,Agri02_OFC,DEF,25838.367839210754
2032,Agri02_OFC,DEG,20657.90364431739
2032,Agri03_No-till,DE1,12189.520490213657
2032,Agri03_No-till,DE2,22001.369109953514
2032,Agri03_No-till,DE3,3894.0571563827502
2032,Agri03_No-till,DE4,11311.163864594064
2032,Agri03_No-till,DE5,1839.4951892628455
2032,Agri03_No-till,DE6,256.0872863904473
2032,Agri03_No-till,DE7,5244.712041851095
2032,Agri03_No-till,DE8,11740.946588086994
2032,Agri03_No-till,DE9,18799.6537775182
2032,Agri03_No-till,DEA,12519.215004665575
2032,Agri03_No-till,DEB,6978.205607538629
2032,Agri03_No-till,DEC,3083.372574503867
2032,Agri03_No-till,DEE,9347.279350535058
2032,Agri03_No-till,DED,7614.543795556209
2032,Agri03_No-till,DEF,5716.573640398044
2032,Agri03_No-till,DEG,4570.4290678832085
2032,Agri04_toGrassland,DE1,2031.2776677743334
2032,Agri04_toGrassland,DE2,3666.336979324876
2032,Agri04_toGrassland,DE3,648.9107873560382
2032,Agri04_toGrassland,DE4,1884.9071686726556
2032,Agri04_toGrassland,DE5,306.53588883400323
2032,Agri04_toGrassland,DE6,42.67472098377248
2032,Agri04_toGrassland,DE7,873.9856873838786
2032,Agri04_toGrassland,DE8,1956.5267249076458
2032,Agri04_toGrassland,DE9,3132.798940763974
2032,Agri04_toGrassland,DEA,2086.2183936980105
2032,Agri04_toGrassland,DEB,1162.8573267595684
2032,Agri04_toGrassland,DEC,513.8172463015215
2032,Agri04_toGrassland,DEE,1557.6428797534466
2032,Agri04_toGrassland,DED,1268.897556275557
2032,Agri04_toGrassland,DEF,952.6173224985025
2032,Agri04_toGrassland,DEG,761.6222890138558
2032,Agri05_Agroforestry,DE1,257936.75621517817
2032,Agri05_Agroforestry,DE2,337231.659407112
2032,Agri05_Agroforestry,DE3,1307.8725000000002
2032,Agri05_Agroforestry,DE4,261813.29851664524
2032,Agri05_Agroforestry,DE5,10736.907666666668
2032,Agri05_Agroforestry,DE6,8691.746166666666
2032,Agri05_Agroforestry,DE7,65836.19878507953
2032,Agri05_Agroforestry,DE8,252531.95978909763
2032,Agri05_Agroforestry,DE9,309577.22464572097
2032,Agri05_Agroforestry,DEA,258821.57157803018
2032,Agri05_Agroforestry,DEB,165633.47694589625
2032,Agri05_Agroforestry,DEC,47840.52216666668
2032,Agri05_Agroforestry,DEE,187347.140752922
2032,Agri05_Agroforestry,DED,171828.9443604328
2032,Agri05_Agroforestry,DEF,46254.73019107521
2032,Agri05_Agroforestry,DEG,36992.11042962867
2032,Agri06_Biochar,DE1,0.0
2032,Agri06_Biochar,DE2,0.0
2032,Agri06_Biochar,DE3,0.0
2032,Agri06_Biochar,DE4,0.0
2032,Agri06_Biochar,DE5,0.0
2032,Agri06_Biochar,DE6,0.0
2032,Agri06_Biochar,DE7,0.0
2032,Agri06_Biochar,DE8,0.0
2032,Agri06_Biochar,DE9,0.0
2032,Agri06_Biochar,DEA,0.0
2032,Agri06_Biochar,DEB,0.0
2032,Agri06_Biochar,DEC,0.0
2032,Agri06_Biochar,DEE,0.0
2032,Agri06_Biochar,DED,0.0
2032,Agri06_Biochar,DEF,0.0
2032,Agri06_Biochar,DEG,0.0
2033,Agri01_AGC,DE1,128059.02527827279
2033,Agri01_AGC,DE2,227543.22580368273
2033,Agri01_AGC,DE3,386.9196000000001
2033,Agri01_AGC,DE4,119460.72204768503
2033,Agri01_AGC,DE5,1243.9848000000002
2033,Agri01_AGC,DE6,2043.2963999999997
2033,Agri01_AGC,DE7,53834.22904068633
2033,Agri01_AGC,DE8,123460.98372525528
2033,Agri01_AGC,DE9,195030.5593168267
2033,Agri01_AGC,DEA,131351.99531931203
2033,Agri01_AGC,DEB,73814.24213385997
2033,Agri01_AGC,DEC,10505.2152
2033,Agri01_AGC,DEE,97906.68424656577
2033,Agri01_AGC,DED,80295.69774056466
2033,Agri01_AGC,DEF,57962.996645161955
2033,Agri01_AGC,DEG,46342.01869267095
2033,Agri02_OFC,DE1,60581.97879512684
2033,Agri02_OFC,DE2,107645.8207506934
2033,Agri02_OFC,DE3,20791.68132700647
2033,Agri02_OFC,DE4,56514.30591648659
2033,Agri02_OFC,DE5,9796.381546914881
2033,Agri02_OFC,DE6,1319.2250323663409
2033,Agri02_OFC,DE7,25467.81935211407
2033,Agri02_OFC,DE8,58406.743935586805
2033,Agri02_OFC,DE9,92264.77542882237
2033,Agri02_OFC,DEA,62139.81230795989
2033,Agri02_OFC,DEB,34919.93510035388
2033,Agri02_OFC,DEC,16219.994886955797
2033,Agri02_OFC,DEE,46317.55283188913
2033,Agri02_OFC,DED,37986.172761258225
2033,Agri02_OFC,DEF,27421.050769585967
2033,Agri02_OFC,DEG,21923.415297454227
2033,Agri03_No-till,DE1,12189.520490213657
2033,Agri03_No-till,DE2,22001.369109953514
2033,Agri03_No-till,DE3,3894.0571563827502
2033,Agri03_No-till,DE4,11311.163864594064
2033,Agri03_No-till,DE5,1839.4951892628455
2033,Agri03_No-till,DE6,256.0872863904473
2033,Agri03_No-till,DE7,5244.712041851095
2033,Agri03_No-till,DE8,11740.946588086994
2033,Agri03_No-till,DE9,18799.6537775182
2033,Agri03_No-till,DEA,12519.215004665575
2033,Agri03_No-till,DEB,6978.205607538629
2033,Agri03_No-till,DEC,3083.372574503867
2033,Agri03_No-till,DEE,9347.279350535058
2033,Agri03_No-till,DED,7614.543795556209
2033,Agri03_No-till,DEF,5716.573640398044
2033,Agri03_No-till,DEG,4570.4290678832085
2033,Agri04_toGrassland,DE1,2233.5560353736964
2033,Agri04_toGrassland,DE2,3968.7210190599867
2033,Agri04_toGrassland,DE3,766.5544479910158
2033,Agri04_toGrassland,DE4,2083.5877529123836
2033,Agri04_toGrassland,DE5,361.1761709357587
2033,Agri04_toGrassland,DE6,48.637616196434294
2033,Agri04_toGrassland,DE7,938.9558207414825
2033,Agri04_toGrassland,DE8,2153.3587713438906
2033,Agri04_toGrassland,DE9,3401.6476534771373
2033,Agri04_toGrassland,DEA,2290.9907463867266
2033,Agri04_toGrassland,DEB,1287.4394885980032
2033,Agri04_toGrassland,DEC,598.0040301424551
2033,Agri04_toGrassland,DEE,1707.6505543217363
2033,Agri04_toGrassland,DED,1400.4865327786388
2033,Agri04_toGrassland,DEF,1010.9681898938544
2033,Agri04_toGrassland,DEG,808.279582930556
2033,Agri05_Agroforestry,DE1,296733.23247368797
2033,Agri05_Agroforestry,DE2,380882.92565696465
2033,Agri05_Agroforestry,DE3,1307.8725000000002
2033,Agri05_Agroforestry,DE4,302430.7527854694
2033,Agri05_Agroforestry,DE5,10736.907666666668
2033,Agri05_Agroforestry,DE6,8691.746166666666
2033,Agri05_Agroforestry,DE7,73250.81797124393
2033,Agri05_Agroforestry,DE8,290740.7393523208
2033,Agri05_Agroforestry,DE9,351278.571445064
2033,Agri05_Agroforestry,DEA,297415.4294140451
2033,Agri05_Agroforestry,DEB,191536.89280712357
2033,Agri05_Agroforestry,DEC,47840.52216666668
2033,Agri05_Agroforestry,DEE,214950.49724062224
2033,Agri05_Agroforestry,DED,198263.59841486378
2033,Agri05_Agroforestry,DEF,49094.72992267427
2033,Agri05_Agroforestry,DEG,39265.01099215958
2033,Agri06_Biochar,DE1,0.0
2033,Agri06_Biochar,DE2,0.0
2033,Agri06_Biochar,DE3,0.0
2033,Agri06_Biochar,DE4,0.0
2033,Agri06_Biochar,DE5,0.0
2033,Agri06_Biochar,DE6,0.0
2033,Agri06_Biochar,DE7,0.0
2033,Agri06_Biochar,DE8,0.0
2033,Agri06_Biochar,DE9,0.0
2033,Agri06_Biochar,DEA,0.0
2033,Agri06_Biochar,DEB,0.0
2033,Agri06_Biochar,DEC,0.0
2033,Agri06_Biochar,DEE,0.0
2033,Agri06_Biochar,DED,0.0
2033,Agri06_Biochar,DEF,0.0
2033,Agri06_Biochar,DEG,0.0
2034,Agri01_AGC,DE1,139947.60967051226
2034,Agri01_AGC,DE2,244852.4236860888
2034,Agri01_AGC,DE3,386.9196000000001
2034,Agri01_AGC,DE4,131218.8859590374
2034,Agri01_AGC,DE5,1243.9848000000002
2034,Agri01_AGC,DE6,2043.2963999999997
2034,Agri01_AGC,DE7,57489.888160606155
2034,Agri01_AGC,DE8,135044.21384058672
2034,Agri01_AGC,DE9,210513.41374323732
2034,Agri01_AGC,DEA,143365.18439970422
2034,Agri01_AGC,DEB,81201.18602859207
2034,Agri01_AGC,DEC,10505.2152
2034,Agri01_AGC,DEE,106685.45904655005
2034,Agri01_AGC,DED,88068.23073205902
2034,Agri01_AGC,DEF,61122.961234628034
2034,Agri01_AGC,DEG,48868.78897062309
2034,Agri02_OFC,DE1,66206.21313542154
2034,Agri02_OFC,DE2,115834.43109497729
2034,Agri02_OFC,DE3,24247.85458730742
2034,Agri02_OFC,DE4,62076.841123976046
2034,Agri02_OFC,DE5,11399.832024406322
2034,Agri02_OFC,DE6,1491.0026228997199
2034,Agri02_OFC,DE7,27197.233290756398
2034,Agri02_OFC,DE8,63886.52171541302
2034,Agri02_OFC,DE9,99589.38184770307
2034,Agri02_OFC,DEA,67822.99445422951
2034,Agri02_OFC,DEB,38414.539853271526
2034,Agri02_OFC,DEC,18676.06518826268
2034,Agri02_OFC,DEE,50470.602940026074
2034,Agri02_OFC,DED,41663.19144738301
2034,Agri02_OFC,DEF,28915.962255413633
2034,Agri02_OFC,DEG,23118.776132556766
2034,Agri03_No-till,DE1,12189.520490213657
2034,Agri03_No-till,DE2,22001.369109953514
2034,Agri03_No-till,DE3,3894.0571563827502
2034,Agri03_No-till,DE4,11311.163864594064
2034,Agri03_No-till,DE5,1839.4951892628455
2034,Agri03_No-till,DE6,256.0872863904473
2034,Agri03_No-till,DE7,5244.712041851095
2034,Agri03_No-till,DE8,11740.946588086994
2034,Agri03_No-till,DE9,18799.6537775182
2034,Agri03_No-till,DEA,12519.215004665575
2034,Agri03_No-till,DEB,6978.205607538629
2034,Agri03_No-till,DEC,3083.372574503867
2034,Agri03_No-till,DEE,9347.279350535058
2034,Agri03_No-till,DED,7614.543795556209
2034,Agri03_No-till,DEF,5716.573640398044
2034,Agri03_No-till,DEG,4570.4290678832085
2034,Agri04_toGrassland,DE1,2440.912130452778
2034,Agri04_toGrassland,DE2,4270.621360045051
2034,Agri04_toGrassland,DE3,893.9777642703997
2034,Agri04_toGrassland,DE4,2288.6691043598566
2034,Agri04_toGrassland,DE5,420.29270299119446
2034,Agri04_toGrassland,DE6,54.97076809586751
2034,Agri04_toGrassland,DE7,1002.7164145209758
2034,Agri04_toGrassland,DE8,2355.3889951176648
2034,Agri04_toGrassland,DE9,3671.693617623556
2034,Agri04_toGrassland,DEA,2500.5201482878347
2034,Agri04_toGrassland,DEB,1416.279709606972
2034,Agri04_toGrassland,DEC,688.5552262883847
2034,Agri04_toGrassland,DEE,1860.7665521601034
2034,Agri04_toGrassland,DED,1536.0520498171234
2034,Agri04_toGrassland,DEF,1066.0830712154336
2034,Agri04_toGrassland,DEG,852.3505337445196
2034,Agri05_Agroforestry,DE1,338191.51589741494
2034,Agri05_Agroforestry,DE2,426926.2885169599
2034,Agri05_Agroforestry,DE3,1307.8725000000002
2034,Agri05_Agroforestry,DE4,345940.46542236075
2034,Agri05_Agroforestry,DE5,10736.907666666668
2034,Agri05_Agroforestry,DE6,8691.746166666666
2034,Agri05_Agroforestry,DE7,80962.09397085567
2034,Agri05_Agroforestry,DE8,331590.203466436
2034,Agri05_Agroforestry,DE9,395426.5712821812
2034,Agri05_Agroforestry,DEA,338628.5785635748
2034,Agri05_Agroforestry,DEB,219301.9434553872
2034,Agri05_Agroforestry,DEC,47840.52216666668
2034,Agri05_Agroforestry,DEE,237338.16800000003
2034,Agri05_Agroforestry,DED,226562.18713971446
2034,Agri05_Agroforestry,DEF,51778.64332847992
2034,Agri05_Agroforestry,DEG,41413.33073828975
2034,Agri06_Biochar,DE1,0.0
2034,Agri06_Biochar,DE2,0.0
2034,Agri06_Biochar,DE3,0.0
2034,Agri06_Biochar,DE4,0.0
2034,Agri06_Biochar,DE5,0.0
2034,Agri06_Biochar,DE6,0.0
2034,Agri06_Biochar,DE7,0.0
2034,Agri06_Biochar,DE8,0.0
2034,Agri06_Biochar,DE9,0.0
2034,Agri06_Biochar,DEA,0.0
2034,Agri06_Biochar,DEB,0.0
2034,Agri06_Biochar,DEC,0.0
2034,Agri06_Biochar,DEE,0.0
2034,Agri06_Biochar,DED,0.0
2034,Agri06_Biochar,DEF,0.0
2034,Agri06_Biochar,DEG,0.0
2035,Agri01_AGC,DE1,152127.3212256181
2035,Agri01_AGC,DE2,262133.88911429257
2035,Agri01_AGC,DE3,386.9196000000001
2035,Agri01_AGC,DE4,143344.03238467433
2035,Agri01_AGC,DE5,1243.9848000000002
2035,Agri01_AGC,DE6,2043.2963999999997
2035,Agri01_AGC,DE7,61076.19936314435
2035,Agri01_AGC,DE8,146925.47700838026
2035,Agri01_AGC,DE9,226064.9115567525
2035,Agri01_AGC,DEA,155651.11482873146
2035,Agri01_AGC,DEB,88832.26210461711
2035,Agri01_AGC,DEC,10505.2152
2035,Agri01_AGC,DEE,115642.44690316323
2035,Agri01_AGC,DED,96068.75527463979
2035,Agri01_AGC,DEF,64097.393329785285
2035,Agri01_AGC,DEG,51247.273478473115
2035,Agri02_OFC,DE1,71968.17349361407
2035,Agri02_OFC,DE2,124009.92180986554
2035,Agri02_OFC,DE3,27969.286870211738
2035,Agri02_OFC,DE4,67812.98788949712
2035,Agri02_OFC,DE5,13124.694311353522
2035,Agri02_OFC,DE6,1672.8228908459296
2035,Agri02_OFC,DE7,28893.840216763954
2035,Agri02_OFC,DE8,69507.29254141675
2035,Agri02_OFC,DE9,106946.46198105221
2035,Agri02_OFC,DEA,73635.20468394468
2035,Agri02_OFC,DEB,42024.63830605263
2035,Agri02_OFC,DEC,21304.760973416083
2035,Agri02_OFC,DEE,54707.96182370028
2035,Agri02_OFC,DED,45448.068047335975
2035,Agri02_OFC,DEF,30323.10229669376
2035,Agri02_OFC,DEG,24243.98614962501
2035,Agri03_No-till,DE1,12189.520490213657
2035,Agri03_No-till,DE2,22001.369109953514
2035,Agri03_No-till,DE3,3894.0571563827502
2035,Agri03_No-till,DE4,11311.163864594064
2035,Agri03_No-till,DE5,1839.4951892628455
2035,Agri03_No-till,DE6,256.0872863904473
2035,Agri03_No-till,DE7,5244.712041851095
2035,Agri03_No-till,DE8,11740.946588086994
2035,Agri03_No-till,DE9,18799.6537775182
2035,Agri03_No-till,DEA,12519.215004665575
2035,Agri03_No-till,DEB,6978.205607538629
2035,Agri03_No-till,DEC,3083.372574503867
2035,Agri03_No-till,DEE,9347.279350535058
2035,Agri03_No-till,DED,7614.543795556209
2035,Agri03_No-till,DEF,5716.573640398044
2035,Agri03_No-till,DEG,4570.4290678832085
2035,Agri04_toGrassland,DE1,2653.3459530115774
2035,Agri04_toGrassland,DE2,4572.038002280071
2035,Agri04_toGrassland,DE3,1031.1807361941899
2035,Agri04_toGrassland,DE4,2500.1512230150743
2035,Agri04_toGrassland,DE5,483.8854850003105
2035,Agri04_toGrassland,DE6,61.67417668207213
2035,Agri04_toGrassland,DE7,1065.2674687223584
2035,Agri04_toGrassland,DE8,2562.617396228968
2035,Agri04_toGrassland,DE9,3942.9368332032313
2035,Agri04_toGrassland,DEA,2714.8065994013355
2035,Agri04_toGrassland,DEB,1549.3779897864745
2035,Agri04_toGrassland,DEC,785.4708347393102
2035,Agri04_toGrassland,DEE,2016.9908732685478
2035,Agri04_toGrassland,DED,1675.5941073910108
2035,Agri04_toGrassland,DEF,1117.96196646324
2035,Agri04_toGrassland,DEG,893.8351414557466
2035,Agri05_Agroforestry,DE1,382311.606486359
2035,Agri05_Agroforestry,DE2,475361.7479870977
2035,Agri05_Agroforestry,DE3,1307.8725000000002
2035,Agri05_Agroforestry,DE4,392342.43642731936
2035,Agri05_Agroforestry,DE5,10736.907666666668
2035,Agri05_Agroforestry,DE6,8691.746166666666
2035,Agri05_Agroforestry,DE7,88970.02678391477
2035,Agri05_Agroforestry,DE8,375080.3521314433
2035,Agri05_Agroforestry,DE9,442021.2241570727
2035,Agri05_Agroforestry,DEA,382461.01902661927
2035,Agri05_Agroforestry,DEB,248928.62889068713
2035,Agri05_Agroforestry,DEC,47840.52216666668
2035,Agri05_Agroforestry,DEE,237338.16800000003
2035,Agri05_Agroforestry,DED,256724.71053498483
2035,Agri05_Agroforestry,DEF,54306.47040849215
2035,Agri05_Agroforestry,DEG,43437.069668019176
2035,Agri06_Biochar,DE1,0.0
2035,Agri06_Biochar,DE2,0.0
2035,Agri06_Biochar,DE3,0.0
2035,Agri06_Biochar,DE4,0.0
2035,Agri06_Biochar,DE5,0.0
2035,Agri06_Biochar,DE6,0.0
2035,Agri06_Biochar,DE7,0.0
2035,Agri06_Biochar,DE8,0.0
2035,Agri06_Biochar,DE9,0.0
2035,Agri06_Biochar,DEA,0.0
2035,Agri06_Biochar,DEB,0.0
2035,Agri06_Biochar,DEC,0.0
2035,Agri06_Biochar,DEE,0.0
2035,Agri06_Biochar,DED,0.0
2035,Agri06_Biochar,DEF,0.0
2035,Agri06_Biochar,DEG,0.0
2036,Agri01_AGC,DE1,164598.15994359035
2036,Agri01_AGC,DE2,279387.6220882941
2036,Agri01_AGC,DE3,386.9196000000001
2036,Agri01_AGC,DE4,155836.16132459583
2036,Agri01_AGC,DE5,1243.9848000000002
2036,Agri01_AGC,DE6,2043.2963999999997
2036,Agri01_AGC,DE7,64593.16264830091
2036,Agri01_AGC,DE8,159104.77322863595
2036,Agri01_AGC,DE9,241685.05275737215
2036,Agri01_AGC,DEA,168209.7866063937
2036,Agri01_AGC,DEB,96707.4703619351
2036,Agri01_AGC,DEC,10505.2152
2036,Agri01_AGC,DEE,124777.64781640533
2036,Agri01_AGC,DED,104297.27136830693
2036,Agri01_AGC,DEF,66886.2929306337
2036,Agri01_AGC,DEG,53477.47221622101
2036,Agri02_OFC,DE1,77867.85986970445
2036,Agri02_OFC,DE2,132172.29289535814
2036,Agri02_OFC,DE3,31955.978175719414
2036,Agri02_OFC,DE4,73722.74621304979
2036,Agri02_OFC,DE5,14970.968407756474
2036,Agri02_OFC,DE6,1864.6858362049702
2036,Agri02_OFC,DE7,30557.640130136744
2036,Agri02_OFC,DE8,75269.05641359801
2036,Agri02_OFC,DE9,114336.01582886977
2036,Agri02_OFC,DEA,79576.4429971054
2036,Agri02_OFC,DEB,45750.2304586972
2036,Agri02_OFC,DEC,24106.082242416014
2036,Agri02_OFC,DEE,59029.629482911754
2036,Agri02_OFC,DED,49340.80256111711
2036,Agri02_OFC,DEF,31642.47089342634
2036,Agri02_OFC,DEG,25299.04534865895
2036,Agri03_No-till,DE1,12189.520490213657
2036,Agri03_No-till,DE2,22001.369109953514
2036,Agri03_No-till,DE3,3894.0571563827502
2036,Agri03_No-till,DE4,11311.163864594064
2036,Agri03_No-till,DE5,1839.4951892628455
2036,Agri03_No-till,DE6,256.0872863904473
2036,Agri03_No-till,DE7,5244.712041851095
2036,Agri03_No-till,DE8,11740.946588086994
2036,Agri03_No-till,DE9,18799.6537775182
2036,Agri03_No-till,DEA,12519.215004665575
2036,Agri03_No-till,DEB,6978.205607538629
2036,Agri03_No-till,DEC,3083.372574503867
2036,Agri03_No-till,DEE,9347.279350535058
2036,Agri03_No-till,DED,7614.543795556209
2036,Agri03_No-till,DEF,5716.573640398044
2036,Agri03_No-till,DEG,4570.4290678832085
2036,Agri04_toGrassland,DE1,2870.857503050095
2036,Agri04_toGrassland,DE2,4872.970945765045
2036,Agri04_toGrassland,DE3,1178.1633637623866
2036,Agri04_toGrassland,DE4,2718.0341088780365
2036,Agri04_toGrassland,DE5,551.9545169631068
2036,Agri04_toGrassland,DE6,68.74784195504816
2036,Agri04_toGrassland,DE7,1126.6089833456303
2036,Agri04_toGrassland,DE8,2775.043974677801
2036,Agri04_toGrassland,DE9,4215.377300216163
2036,Agri04_toGrassland,DEA,2933.8500997272276
2036,Agri04_toGrassland,DEB,1686.734329136511
2036,Agri04_toGrassland,DEC,888.7508554952318
2036,Agri04_toGrassland,DEE,2176.32351764707
2036,Agri04_toGrassland,DED,1819.1127055003012
2036,Agri04_toGrassland,DEF,1166.6048756372736
2036,Agri04_toGrassland,DEG,932.733406064237
2036,Agri05_Agroforestry,DE1,429093.50424052036
2036,Agri05_Agroforestry,DE2,526189.304067378
2036,Agri05_Agroforestry,DE3,1307.8725000000002
2036,Agri05_Agroforestry,DE4,441636.66580034525
2036,Agri05_Agroforestry,DE5,10736.907666666668
2036,Agri05_Agroforestry,DE6,8691.746166666666
2036,Agri05_Agroforestry,DE7,97274.61641042121
2036,Agri05_Agroforestry,DE8,421211.1853473426
2036,Agri05_Agroforestry,DE9,491062.53006973857
2036,Agri05_Agroforestry,DEA,428912.7508031784
2036,Agri05_Agroforestry,DEB,280416.94911302335
2036,Agri05_Agroforestry,DEC,47840.52216666668
2036,Agri05_Agroforestry,DEE,237338.16800000003
2036,Agri05_Agroforestry,DED,264412.5466666667
2036,Agri05_Agroforestry,DEF,56678.21116271097
2036,Agri05_Agroforestry,DEG,45336.22778134786
2036,Agri06_Biochar,DE1,0.0
2036,Agri06_Biochar,DE2,0.0
2036,Agri06_Biochar,DE3,0.0
2036,Agri06_Biochar,DE4,0.0
2036,Agri06_Biochar,DE5,0.0
2036,Agri06_Biochar,DE6,0.0
2036,Agri06_Biochar,DE7,0.0
2036,Agri06_Biochar,DE8,0.0
2036,Agri06_Biochar,DE9,0.0
2036,Agri06_Biochar,DEA,0.0
2036,Agri06_Biochar,DEB,0.0
2036,Agri06_Biochar,DEC,0.0
2036,Agri06_Biochar,DEE,0.0
2036,Agri06_Biochar,DED,0.0
2036,Agri06_Biochar,DEF,0.0
2036,Agri06_Biochar,DEG,0.0
2037,Agri01_AGC,DE1,177360.12582442895
2037,Agri01_AGC,DE2,296613.6226080934
2037,Agri01_AGC,DE3,386.9196000000001
2037,Agri01_AGC,DE4,163848.46320000003
2037,Agri01_AGC,DE5,1243.9848000000002
2037,Agri01_AGC,DE6,2043.2963999999997
2037,Agri01_AGC,DE7,68040.77801607584
2037,Agri01_AGC,DE8,171582.10250135374
2037,Agri01_AGC,DE9,257373.83734509637
2037,Agri01_AGC,DEA,181041.19973269096
2037,Agri01_AGC,DEB,98796.60480000003
2037,Agri01_AGC,DEC,10505.2152
2037,Agri01_AGC,DEE,134091.06178627632
2037,Agri01_AGC,DED,112753.77901306048
2037,Agri01_AGC,DEF,69489.66003717331
2037,Agri01_AGC,DEG,55559.38518386678
2037,Agri02_OFC,DE1,83905.27226369269
2037,Agri02_OFC,DE2,140321.54435145514
2037,Agri02_OFC,DE3,36207.92850383045
2037,Agri02_OFC,DE4,79806.11609463407
2037,Agri02_OFC,DE5,16938.654313615185
2037,Agri02_OFC,DE6,2066.5914589768413
2037,Agri02_OFC,DE7,32188.633030874767
2037,Agri02_OFC,DE8,81171.81333195679
2037,Agri02_OFC,DE9,121758.04339115578
2037,Agri02_OFC,DEA,85646.70939371167
2037,Agri02_OFC,DEB,49591.31631120524
2037,Agri02_OFC,DEC,27080.028995262466
2037,Agri02_OFC,DEE,63435.60591766049
2037,Agri02_OFC,DED,53341.39498872643
2037,Agri02_OFC,DEF,32874.06804561138
2037,Agri02_OFC,DEG,26283.95372965859
2037,Agri03_No-till,DE1,12189.520490213657
2037,Agri03_No-till,DE2,22001.369109953514
2037,Agri03_No-till,DE3,3894.0571563827502
2037,Agri03_No-till,DE4,11311.163864594064
2037,Agri03_No-till,DE5,1839.4951892628455
2037,Agri03_No-till,DE6,256.0872863904473
2037,Agri03_No-till,DE7,5244.712041851095
2037,Agri03_No-till,DE8,11740.946588086994
2037,Agri03_No-till,DE9,18799.6537775182
2037,Agri03_No-till,DEA,12519.215004665575
2037,Agri03_No-till,DEB,6978.205607538629
2037,Agri03_No-till,DEC,3083.372574503867
2037,Agri03_No-till,DEE,9347.279350535058
2037,Agri03_No-till,DED,7614.543795556209
2037,Agri03_No-till,DEF,5716.573640398044
2037,Agri03_No-till,DEG,4570.4290678832085
2037,Agri04_toGrassland,DE1,3093.446780568331
2037,Agri04_toGrassland,DE2,5173.420190499974
2037,Agri04_toGrassland,DE3,1334.9256469749894
2037,Agri04_toGrassland,DE4,2942.3177619487433
2037,Agri04_toGrassland,DE5,624.4997988795834
2037,Agri04_toGrassland,DE6,76.19176391479557
2037,Agri04_toGrassland,DE7,1186.7409583907918
2037,Agri04_toGrassland,DE8,2992.668730464163
2037,Agri04_toGrassland,DE9,4489.0150186623505
2037,Agri04_toGrassland,DEA,3157.650649265512
2037,Agri04_toGrassland,DEB,1828.3487276570816
2037,Agri04_toGrassland,DEC,998.3952885561491
2037,Agri04_toGrassland,DEE,2338.7644852956687
2037,Agri04_toGrassland,DED,1966.6078441449945
2037,Agri04_toGrassland,DEF,1212.0117987375345
2037,Agri04_toGrassland,DEG,969.0453275699907
2037,Agri05_Agroforestry,DE1,478537.2091598988
2037,Agri05_Agroforestry,DE2,579408.956757801
2037,Agri05_Agroforestry,DE3,1307.8725000000002
2037,Agri05_Agroforestry,DE4,473584.88600000006
2037,Agri05_Agroforestry,DE5,10736.907666666668
2037,Agri05_Agroforestry,DE6,8691.746166666666
2037,Agri05_Agroforestry,DE7,105875.86285037501
2037,Agri05_Agroforestry,DE8,451053.7198333334
2037,Agri05_Agroforestry,DE9,542550.4890201787
2037,Agri05_Agroforestry,DEA,477983.7738932523
2037,Agri05_Agroforestry,DEB,313766.9041223959
2037,Agri05_Agroforestry,DEC,47840.52216666668
2037,Agri05_Agroforestry,DEE,237338.16800000003
2037,Agri05_Agroforestry,DED,264412.5466666667
2037,Agri05_Agroforestry,DEF,58893.86559113637
2037,Agri05_Agroforestry,DEG,47110.80507827581
2037,Agri06_Biochar,DE1,0.0
2037,Agri06_Biochar,DE2,0.0
2037,Agri06_Biochar,DE3,0.0
2037,Agri06_Biochar,DE4,0.0
2037,Agri06_Biochar,DE5,0.0
2037,Agri06_Biochar,DE6,0.0
2037,Agri06_Biochar,DE7,0.0
2037,Agri06_Biochar,DE8,0.0
2037,Agri06_Biochar,DE9,0.0
2037,Agri06_Biochar,DEA,0.0
2037,Agri06_Biochar,DEB,0.0
2037,Agri06_Biochar,DEC,0.0
2037,Agri06_Biochar,DEE,0.0
2037,Agri06_Biochar,DED,0.0
2037,Agri06_Biochar,DEF,0.0
2037,Agri06_Biochar,DEG,0.0
2038,Agri01_AGC,DE1,190030.39080000005
2038,Agri01_AGC,DE2,313811.89067369053
2038,Agri01_AGC,DE3,386.9196000000001
2038,Agri01_AGC,DE4,163848.46320000003
2038,Agri01_AGC,DE5,1243.9848000000002
2038,Agri01_AGC,DE6,2043.2963999999997
2038,Agri01_AGC,DE7,71419.04546646914
2038,Agri01_AGC,DE8,180764.90399999998
2038,Agri01_AGC,DE9,273131.2653199251
2038,Agri01_AGC,DEA,194145.35420762326
2038,Agri01_AGC,DEB,98796.60480000003
2038,Agri01_AGC,DEC,10505.2152
2038,Agri01_AGC,DEE,143582.6888127762
2038,Agri01_AGC,DED,112758.6408
2038,Agri01_AGC,DEF,71907.49464940408
2038,Agri01_AGC,DEG,57493.01238141044
2038,Agri02_OFC,DE1,90080.41067557878
2038,Agri02_OFC,DE2,148457.67617815651
2038,Agri02_OFC,DE3,40725.13785454485
2038,Agri02_OFC,DE4,86063.09753424996
2038,Agri02_OFC,DE5,19027.752028929655
2038,Agri02_OFC,DE6,2278.539759161543
2038,Agri02_OFC,DE7,33786.818918978024
2038,Agri02_OFC,DE8,87215.56329649307
2038,Agri02_OFC,DE9,129212.5446679102
2038,Agri02_OFC,DEA,91846.00387376349
2038,Agri02_OFC,DEB,53547.89586357675
2038,Agri02_OFC,DEC,30226.601231955443
2038,Agri02_OFC,DEE,67925.89112794648
2038,Agri02_OFC,DED,57449.845330163924
2038,Agri02_OFC,DEF,34017.89375324888
2038,Agri02_OFC,DEG,27198.711292623935
2038,Agri03_No-till,DE1,12189.520490213657
2038,Agri03_No-till,DE2,22001.369109953514
2038,Agri03_No-till,DE3,3894.0571563827502
2038,Agri03_No-till,DE4,11311.163864594064
2038,Agri03_No-till,DE5,1839.4951892628455
2038,Agri03_No-till,DE6,256.0872863904473
2038,Agri03_No-till,DE7,5244.712041851095
2038,Agri03_No-till,DE8,11740.946588086994
2038,Agri03_No-till,DE9,18799.6537775182
2038,Agri03_No-till,DEA,12519.215004665575
2038,Agri03_No-till,DEB,6978.205607538629
2038,Agri03_No-till,DEC,3083.372574503867
2038,Agri03_No-till,DEE,9347.279350535058
2038,Agri03_No-till,DED,7614.543795556209
2038,Agri03_No-till,DEF,5716.573640398044
2038,Agri03_No-till,DEG,4570.4290678832085
2038,Agri04_toGrassland,DE1,3321.1137855662855
2038,Agri04_toGrassland,DE2,5473.385736484856
2038,Agri04_toGrassland,DE3,1501.4675858319986
2038,Agri04_toGrassland,DE4,3173.0021822271947
2038,Agri04_toGrassland,DE5,701.5213307497403
2038,Agri04_toGrassland,DE6,84.0059425613144
2038,Agri04_toGrassland,DE7,1245.6633938578423
2038,Agri04_toGrassland,DE8,3215.4916635880554
2038,Agri04_toGrassland,DE9,4763.849988541794
2038,Agri04_toGrassland,DEA,3386.2082480161894
2038,Agri04_toGrassland,DEB,1974.221185348186
2038,Agri04_toGrassland,DEC,1114.4041339220623
2038,Agri04_toGrassland,DEE,2504.313776214345
2038,Agri04_toGrassland,DED,2118.0795233250906
2038,Agri04_toGrassland,DEF,1254.1827357640225
2038,Agri04_toGrassland,DEG,1002.7709059730079
2038,Agri05_Agroforestry,DE1,530642.7212444944
2038,Agri05_Agroforestry,DE2,635020.7060583666
2038,Agri05_Agroforestry,DE3,1307.8725000000002
2038,Agri05_Agroforestry,DE4,473584.88600000006
2038,Agri05_Agroforestry,DE5,10736.907666666668
2038,Agri05_Agroforestry,DE6,8691.746166666666
2038,Agri05_Agroforestry,DE7,114773.76610377616
2038,Agri05_Agroforestry,DE8,451053.7198333334
2038,Agri05_Agroforestry,DE9,596485.1010083931
2038,Agri05_Agroforestry,DEA,529674.0882968409
2038,Agri05_Agroforestry,DEB,343413.3161666667
2038,Agri05_Agroforestry,DEC,47840.52216666668
2038,Agri05_Agroforestry,DEE,237338.16800000003
2038,Agri05_Agroforestry,DED,264412.5466666667
2038,Agri05_Agroforestry,DEF,60953.433693768355
2038,Agri05_Agroforestry,DEG,48760.80155880301
2038,Agri06_Biochar,DE1,0.0
2038,Agri06_Biochar,DE2,0.0
2038,Agri06_Biochar,DE3,0.0
2038,Agri06_Biochar,DE4,0.0
2038,Agri06_Biochar,DE5,0.0
2038,Agri06_Biochar,DE6,0.0
2038,Agri06_Biochar,DE7,0.0
2038,Agri06_Biochar,DE8,0.0
2038,Agri06_Biochar,DE9,0.0
2038,Agri06_Biochar,DEA,0.0
2038,Agri06_Biochar,DEB,0.0
2038,Agri06_Biochar,DEC,0.0
2038,Agri06_Biochar,DEE,0.0
2038,Agri06_Biochar,DED,0.0
2038,Agri06_Biochar,DEF,0.0
2038,Agri06_Biochar,DEG,0.0
2039,Agri01_AGC,DE1,190030.39080000005
2039,Agri01_AGC,DE2,330982.4262850854
2039,Agri01_AGC,DE3,386.9196000000001
2039,Agri01_AGC,DE4,163848.46320000003
2039,Agri01_AGC,DE5,1243.9848000000002
2039,Agri01_AGC,DE6,2043.2963999999997
2039,Agri01_AGC,DE7,74727.9649994808
2039,Agri01_AGC,DE8,180764.90399999998
2039,Agri01_AGC,DE9,288957.33668185835
2039,Agri01_AGC,DEA,198556.98120000004
2039,Agri01_AGC,DEB,98796.60480000003
2039,Agri01_AGC,DEC,10505.2152
2039,Agri01_AGC,DEE,151528.5984
2039,Agri01_AGC,DED,112758.6408
2039,Agri01_AGC,DEF,74139.79676732603
2039,Agri01_AGC,DEG,59278.35380885197
2039,Agri02_OFC,DE1,96393.2751053627
2039,Agri02_OFC,DE2,156580.68837546225
2039,Agri02_OFC,DE3,45507.60622786262
2039,Agri02_OFC,DE4,92493.69053189746
2039,Agri02_OFC,DE5,21238.26155369988
2039,Agri02_OFC,DE6,2500.5307367590754
2039,Agri02_OFC,DE7,35352.19779444651
2039,Agri02_OFC,DE8,93400.30630720686
2039,Agri02_OFC,DE9,136699.51965913308
2039,Agri02_OFC,DEA,98174.32643726087
2039,Agri02_OFC,DEB,57619.96911581172
2039,Agri02_OFC,DEC,33545.798952494944
2039,Agri02_OFC,DEE,72500.48511376976
2039,Agri02_OFC,DED,61666.15358542959
2039,Agri02_OFC,DEF,35073.948016338836
2039,Agri02_OFC,DEG,28043.31803755498
2039,Agri03_No-till,DE1,12189.520490213657
2039,Agri03_No-till,DE2,22001.369109953514
2039,Agri03_No-till,DE3,3894.0571563827502
2039,Agri03_No-till,DE4,11311.163864594064
2039,Agri03_No-till,DE5,1839.4951892628455
2039,Agri03_No-till,DE6,256.0872863904473
2039,Agri03_No-till,DE7,5244.712041851095
2039,Agri03_No-till,DE8,11740.946588086994
2039,Agri03_No-till,DE9,18799.6537775182
2039,Agri03_No-till,DEA,12519.215004665575
2039,Agri03_No-till,DEB,6978.205607538629
2039,Agri03_No-till,DEC,3083.372574503867
2039,Agri03_No-till,DEE,9347.279350535058
2039,Agri03_No-till,DED,7614.543795556209
2039,Agri03_No-till,DEF,5716.573640398044
2039,Agri03_No-till,DEG,4570.4290678832085
2039,Agri04_toGrassland,DE1,3553.858518043958
2039,Agri04_toGrassland,DE2,5772.867583719693
2039,Agri04_toGrassland,DE3,1677.7891803334144
2039,Agri04_toGrassland,DE4,3410.0873697133907
2039,Agri04_toGrassland,DE5,783.0191125735774
2039,Agri04_toGrassland,DE6,92.19037789460462
2039,Agri04_toGrassland,DE7,1303.3762897467823
2039,Agri04_toGrassland,DE8,3443.512774049477
2039,Agri04_toGrassland,DE9,5039.882209854494
2039,Agri04_toGrassland,DEA,3619.522895979258
2039,Agri04_toGrassland,DEB,2124.3517022098245
2039,Agri04_toGrassland,DEC,1236.7773915929715
2039,Agri04_toGrassland,DEE,2672.971390403099
2039,Agri04_toGrassland,DED,2273.5277430405895
2039,Agri04_toGrassland,DEF,1293.1176867167376
2039,Agri04_toGrassland,DEG,1033.9101412732884
2039,Agri05_Agroforestry,DE1,585410.0404943073
2039,Agri05_Agroforestry,DE2,693024.5519690746
2039,Agri05_Agroforestry,DE3,1307.8725000000002
2039,Agri05_Agroforestry,DE4,473584.88600000006
2039,Agri05_Agroforestry,DE5,10736.907666666668
2039,Agri05_Agroforestry,DE6,8691.746166666666
2039,Agri05_Agroforestry,DE7,123968.32617062466
2039,Agri05_Agroforestry,DE8,451053.7198333334
2039,Agri05_Agroforestry,DE9,652866.3660343818
2039,Agri05_Agroforestry,DEA,583983.6940139442
2039,Agri05_Agroforestry,DEB,343413.3161666667
2039,Agri05_Agroforestry,DEC,47840.52216666668
2039,Agri05_Agroforestry,DEE,237338.16800000003
2039,Agri05_Agroforestry,DED,264412.5466666667
2039,Agri05_Agroforestry,DEF,62856.91547060692
2039,Agri05_Agroforestry,DEG,50286.217222929474
2039,Agri06_Biochar,DE1,0.0
2039,Agri06_Biochar,DE2,0.0
2039,Agri06_Biochar,DE3,0.0
2039,Agri06_Biochar,DE4,0.0
2039,Agri06_Biochar,DE5,0.0
2039,Agri06_Biochar,DE6,0.0
2039,Agri06_Biochar,DE7,0.0
2039,Agri06_Biochar,DE8,0.0
2039,Agri06_Biochar,DE9,0.0
2039,Agri06_Biochar,DEA,0.0
2039,Agri06_Biochar,DEB,0.0
2039,Agri06_Biochar,DEC,0.0
2039,Agri06_Biochar,DEE,0.0
2039,Agri06_Biochar,DED,0.0
2039,Agri06_Biochar,DEF,0.0
2039,Agri06_Biochar,DEG,0.0
2040,Agri01_AGC,DE1,190030.39080000005
2040,Agri01_AGC,DE2,348125.2294422779
2040,Agri01_AGC,DE3,386.9196000000001
2040,Agri01_AGC,DE4,163848.46320000003
2040,Agri01_AGC,DE5,1243.9848000000002
2040,Agri01_AGC,DE6,2043.2963999999997
2040,Agri01_AGC,DE7,77967.53661511082
2040,Agri01_AGC,DE8,180764.90399999998
2040,Agri01_AGC,DE9,304852.0514308961
2040,Agri01_AGC,DEA,198556.98120000004
2040,Agri01_AGC,DEB,98796.60480000003
2040,Agri01_AGC,DEC,10505.2152
2040,Agri01_AGC,DEE,151528.5984
2040,Agri01_AGC,DED,112758.6408
2040,Agri01_AGC,DEF,76186.56639093916
2040,Agri01_AGC,DEG,60915.40946619138
2040,Agri02_OFC,DE1,102843.86555304448
2040,Agri02_OFC,DE2,164690.58094337233
2040,Agri02_OFC,DE3,50555.33362378374
2040,Agri02_OFC,DE4,99097.89508757657
2040,Agri02_OFC,DE5,23570.18288792586
2040,Agri02_OFC,DE6,2732.5643917694383
2040,Agri02_OFC,DE7,36884.76965728023
2040,Agri02_OFC,DE8,99726.04236409819
2040,Agri02_OFC,DE9,144218.96836482437
2040,Agri02_OFC,DEA,104631.6770842038
2040,Agri02_OFC,DEB,61807.53606791014
2040,Agri02_OFC,DEC,37037.62215688096
2040,Agri02_OFC,DEE,77159.38787513027
2040,Agri02_OFC,DED,65990.31975452343
2040,Agri02_OFC,DEF,36042.23083488125
2040,Agri02_OFC,DEG,28817.77396445172
2040,Agri03_No-till,DE1,12189.520490213657
2040,Agri03_No-till,DE2,22001.369109953514
2040,Agri03_No-till,DE3,3894.0571563827502
2040,Agri03_No-till,DE4,11311.163864594064
2040,Agri03_No-till,DE5,1839.4951892628455
2040,Agri03_No-till,DE6,256.0872863904473
2040,Agri03_No-till,DE7,5244.712041851095
2040,Agri03_No-till,DE8,11740.946588086994
2040,Agri03_No-till,DE9,18799.6537775182
2040,Agri03_No-till,DEA,12519.215004665575
2040,Agri03_No-till,DEB,6978.205607538629
2040,Agri03_No-till,DEC,3083.372574503867
2040,Agri03_No-till,DEE,9347.279350535058
2040,Agri03_No-till,DED,7614.543795556209
2040,Agri03_No-till,DEF,5716.573640398044
2040,Agri03_No-till,DEG,4570.4290678832085
2040,Agri04_toGrassland,DE1,3791.6809780013486
2040,Agri04_toGrassland,DE2,6071.8657322044855
2040,Agri04_toGrassland,DE3,1863.890430479236
2040,Agri04_toGrassland,DE4,3653.5733244073313
2040,Agri04_toGrassland,DE5,868.9931443510949
2040,Agri04_toGrassland,DE6,100.74506991466625
2040,Agri04_toGrassland,DE7,1359.8796460576118
2040,Agri04_toGrassland,DE8,3676.7320618484273
2040,Agri04_toGrassland,DE9,5317.11168260045
2040,Agri04_toGrassland,DEA,3857.5945931547185
2040,Agri04_toGrassland,DEB,2278.7402782419967
2040,Agri04_toGrassland,DEC,1365.5150615688765
2040,Agri04_toGrassland,DEE,2844.7373278619298
2040,Agri04_toGrassland,DED,2432.9525032914908
2040,Agri04_toGrassland,DEF,1328.81665159568
2040,Agri04_toGrassland,DEG,1062.4630334708327
2040,Agri05_Agroforestry,DE1,642839.1669093373
2040,Agri05_Agroforestry,DE2,753420.4944899252
2040,Agri05_Agroforestry,DE3,1307.8725000000002
2040,Agri05_Agroforestry,DE4,473584.88600000006
2040,Agri05_Agroforestry,DE5,10736.907666666668
2040,Agri05_Agroforestry,DE6,8691.746166666666
2040,Agri05_Agroforestry,DE7,133459.5430509205
2040,Agri05_Agroforestry,DE8,451053.7198333334
2040,Agri05_Agroforestry,DE9,711694.2840981447
2040,Agri05_Agroforestry,DEA,584425.7143333333
2040,Agri05_Agroforestry,DEB,343413.3161666667
2040,Agri05_Agroforestry,DEC,47840.52216666668
2040,Agri05_Agroforestry,DEE,237338.16800000003
2040,Agri05_Agroforestry,DED,264412.5466666667
2040,Agri05_Agroforestry,DEF,64604.31092165207
2040,Agri05_Agroforestry,DEG,51687.05207065519
2040,Agri06_Biochar,DE1,0.0
2040,Agri06_Biochar,DE2,0.0
2040,Agri06_Biochar,DE3,0.0
2040,Agri06_Biochar,DE4,0.0
2040,Agri06_Biochar,DE5,0.0
2040,Agri06_Biochar,DE6,0.0
2040,Agri06_Biochar,DE7,0.0
2040,Agri06_Biochar,DE8,0.0
2040,Agri06_Biochar,DE9,0.0
2040,Agri06_Biochar,DEA,0.0
2040,Agri06_Biochar,DEB,0.0
2040,Agri06_Biochar,DEC,0.0
2040,Agri06_Biochar,DEE,0.0
2040,Agri06_Biochar,DED,0.0
2040,Agri06_Biochar,DEF,0.0
2040,Agri06_Biochar,DEG,0.0
2041,Agri01_AGC,DE1,190030.39080000005
2041,Agri01_AGC,DE2,365240.30014526827
2041,Agri01_AGC,DE3,386.9196000000001
2041,Agri01_AGC,DE4,163848.46320000003
2041,Agri01_AGC,DE5,1243.9848000000002
2041,Agri01_AGC,DE6,2043.2963999999997
2041,Agri01_AGC,DE7,81137.76031335922
2041,Agri01_AGC,DE8,180764.90399999998
2041,Agri01_AGC,DE9,320815.4095670384
2041,Agri01_AGC,DEA,198556.98120000004
2041,Agri01_AGC,DEB,98796.60480000003
2041,Agri01_AGC,DEC,10505.2152
2041,Agri01_AGC,DEE,151528.5984
2041,Agri01_AGC,DED,112758.6408
2041,Agri01_AGC,DEF,78047.80352024347
2041,Agri01_AGC,DEG,62404.17935342866
2041,Agri02_OFC,DE1,109432.18201862411
2041,Agri02_OFC,DE2,172787.3538818868
2041,Agri02_OFC,DE3,55868.32004230822
2041,Agri02_OFC,DE4,105875.71120128728
2041,Agri02_OFC,DE5,26023.5160316076
2041,Agri02_OFC,DE6,2974.6407241926318
2041,Agri02_OFC,DE7,38384.53450747918
2041,Agri02_OFC,DE8,106192.77146716701
2041,Agri02_OFC,DE9,151770.89078498408
2041,Agri02_OFC,DEA,111218.05581459227
2041,Agri02_OFC,DEB,66110.59671987205
2041,Agri02_OFC,DEC,40702.070845113514
2041,Agri02_OFC,DEE,81902.59941202807
2041,Agri02_OFC,DED,70422.34383744544
2041,Agri02_OFC,DEF,36922.74220887612
2041,Agri02_OFC,DEG,29522.079073314166
2041,Agri03_No-till,DE1,12189.520490213657
2041,Agri03_No-till,DE2,22001.369109953514
2041,Agri03_No-till,DE3,3894.0571563827502
2041,Agri03_No-till,DE4,11311.163864594064
2041,Agri03_No-till,DE5,1839.4951892628455
2041,Agri03_No-till,DE6,256.0872863904473
2041,Agri03_No-till,DE7,5244.712041851095
2041,Agri03_No-till,DE8,11740.946588086994
2041,Agri03_No-till,DE9,18799.6537775182
2041,Agri03_No-till,DEA,12519.215004665575
2041,Agri03_No-till,DEB,6978.205607538629
2041,Agri03_No-till,DEC,3083.372574503867
2041,Agri03_No-till,DEE,9347.279350535058
2041,Agri03_No-till,DED,7614.543795556209
2041,Agri03_No-till,DEF,5716.573640398044
2041,Agri03_No-till,DEG,4570.4290678832085
2041,Agri04_toGrassland,DE1,3791.6809780013486
2041,Agri04_toGrassland,DE2,6071.8657322044855
2041,Agri04_toGrassland,DE3,1863.890430479236
2041,Agri04_toGrassland,DE4,3653.5733244073313
2041,Agri04_toGrassland,DE5,868.9931443510949
2041,Agri04_toGrassland,DE6,100.74506991466625
2041,Agri04_toGrassland,DE7,1359.8796460576118
2041,Agri04_toGrassland,DE8,3676.7320618484273
2041,Agri04_toGrassland,DE9,5317.11168260045
2041,Agri04_toGrassland,DEA,3857.5945931547185
2041,Agri04_toGrassland,DEB,2278.7402782419967
2041,Agri04_toGrassland,DEC,1365.5150615688765
2041,Agri04_toGrassland,DEE,2844.7373278619298
2041,Agri04_toGrassland,DED,2432.9525032914908
2041,Agri04_toGrassland,DEF,1328.81665159568
2041,Agri04_toGrassland,DEG,1062.4630334708327
2041,Agri05_Agroforestry,DE1,702930.1004895844
2041,Agri05_Agroforestry,DE2,816208.5336209185
2041,Agri05_Agroforestry,DE3,1307.8725000000002
2041,Agri05_Agroforestry,DE4,473584.88600000006
2041,Agri05_Agroforestry,DE5,10736.907666666668
2041,Agri05_Agroforestry,DE6,8691.746166666666
2041,Agri05_Agroforestry,DE7,143247.41674466373
2041,Agri05_Agroforestry,DE8,451053.7198333334
2041,Agri05_Agroforestry,DE9,772968.8551996821
2041,Agri05_Agroforestry,DEA,584425.7143333333
2041,Agri05_Agroforestry,DEB,343413.3161666667
2041,Agri05_Agroforestry,DEC,47840.52216666668
2041,Agri05_Agroforestry,DEE,237338.16800000003
2041,Agri05_Agroforestry,DED,264412.5466666667
2041,Agri05_Agroforestry,DEF,66195.6200469038
2041,Agri05_Agroforestry,DEG,52963.306101980175
2041,Agri06_Biochar,DE1,0.0
2041,Agri06_Biochar,DE2,0.0
2041,Agri06_Biochar,DE3,0.0
2041,Agri06_Biochar,DE4,0.0
2041,Agri06_Biochar,DE5,0.0
2041,Agri06_Biochar,DE6,0.0
2041,Agri06_Biochar,DE7,0.0
2041,Agri06_Biochar,DE8,0.0
2041,Agri06_Biochar,DE9,0.0
2041,Agri06_Biochar,DEA,0.0
2041,Agri06_Biochar,DEB,0.0
2041,Agri06_Biochar,DEC,0.0
2041,Agri06_Biochar,DEE,0.0
2041,Agri06_Biochar,DED,0.0
2041,Agri06_Biochar,DEF,0.0
2041,Agri06_Biochar,DEG,0.0
2042,Agri01_AGC,DE1,190030.39080000005
2042,Agri01_AGC,DE2,365240.30014526827
2042,Agri01_AGC,DE3,386.9196000000001
2042,Agri01_AGC,DE4,163848.46320000003
2042,Agri01_AGC,DE5,1243.9848000000002
2042,Agri01_AGC,DE6,2043.2963999999997
2042,Agri01_AGC,DE7,81137.76031335922
2042,Agri01_AGC,DE8,180764.90399999998
2042,Agri01_AGC,DE9,320815.4095670384
2042,Agri01_AGC,DEA,198556.98120000004
2042,Agri01_AGC,DEB,98796.60480000003
2042,Agri01_AGC,DEC,10505.2152
2042,Agri01_AGC,DEE,151528.5984
2042,Agri01_AGC,DED,112758.6408
2042,Agri01_AGC,DEF,78047.80352024347
2042,Agri01_AGC,DEG,62404.17935342866
2042,Agri02_OFC,DE1,109432.18201862411
2042,Agri02_OFC,DE2,172787.3538818868
2042,Agri02_OFC,DE3,55868.32004230822
2042,Agri02_OFC,DE4,105875.71120128728
2042,Agri02_OFC,DE5,26023.5160316076
2042,Agri02_OFC,DE6,2974.6407241926318
2042,Agri02_OFC,DE7,38384.53450747918
2042,Agri02_OFC,DE8,106192.77146716701
2042,Agri02_OFC,DE9,151770.89078498408
2042,Agri02_OFC,DEA,111218.05581459227
2042,Agri02_OFC,DEB,66110.59671987205
2042,Agri02_OFC,DEC,40702.070845113514
2042,Agri02_OFC,DEE,81902.59941202807
2042,Agri02_OFC,DED,70422.34383744544
2042,Agri02_OFC,DEF,36922.74220887612
2042,Agri02_OFC,DEG,29522.079073314166
2042,Agri03_No-till,DE1,12189.520490213657
2042,Agri03_No-till,DE2,22001.369109953514
2042,Agri03_No-till,DE3,3894.0571563827502
2042,Agri03_No-till,DE4,11311.163864594064
2042,Agri03_No-till,DE5,1839.4951892628455
2042,Agri03_No-till,DE6,256.0872863904473
2042,Agri03_No-till,DE7,5244.712041851095
2042,Agri03_No-till,DE8,11740.946588086994
2042,Agri03_No-till,DE9,18799.6537775182
2042,Agri03_No-till,DEA,12519.215004665575
2042,Agri03_No-till,DEB,6978.205607538629
2042,Agri03_No-till,DEC,3083.372574503867
2042,Agri03_No-till,DEE,9347.279350535058
2042,Agri03_No-till,DED,7614.543795556209
2042,Agri03_No-till,DEF,5716.573640398044
2042,Agri03_No-till,DEG,4570.4290678832085
2042,Agri04_toGrassland,DE1,3791.6809780013486
2042,Agri04_toGrassland,DE2,6071.8657322044855
2042,Agri04_toGrassland,DE3,1863.890430479236
2042,Agri04_toGrassland,DE4,3653.5733244073313
2042,Agri04_toGrassland,DE5,868.9931443510949
2042,Agri04_toGrassland,DE6,100.74506991466625
2042,Agri04_toGrassland,DE7,1359.8796460576118
2042,Agri04_toGrassland,DE8,3676.7320618484273
2042,Agri04_toGrassland,DE9,5317.11168260045
2042,Agri04_toGrassland,DEA,3857.5945931547185
2042,Agri04_toGrassland,DEB,2278.7402782419967
2042,Agri04_toGrassland,DEC,1365.5150615688765
2042,Agri04_toGrassland,DEE,2844.7373278619298
2042,Agri04_toGrassland,DED,2432.9525032914908
2042,Agri04_toGrassland,DEF,1328.81665159568
2042,Agri04_toGrassland,DEG,1062.4630334708327
2042,Agri05_Agroforestry,DE1,702930.1004895844
2042,Agri05_Agroforestry,DE2,816208.5336209185
2042,Agri05_Agroforestry,DE3,1307.8725000000002
2042,Agri05_Agroforestry,DE4,473584.88600000006
2042,Agri05_Agroforestry,DE5,10736.907666666668
2042,Agri05_Agroforestry,DE6,8691.746166666666
2042,Agri05_Agroforestry,DE7,143247.41674466373
2042,Agri05_Agroforestry,DE8,451053.7198333334
2042,Agri05_Agroforestry,DE9,772968.8551996821
2042,Agri05_Agroforestry,DEA,584425.7143333333
2042,Agri05_Agroforestry,DEB,343413.3161666667
2042,Agri05_Agroforestry,DEC,47840.52216666668
2042,Agri05_Agroforestry,DEE,237338.16800000003
2042,Agri05_Agroforestry,DED,264412.5466666667
2042,Agri05_Agroforestry,DEF,66195.6200469038
2042,Agri05_Agroforestry,DEG,52963.306101980175
2042,Agri06_Biochar,DE1,0.0
2042,Agri06_Biochar,DE2,0.0
2042,Agri06_Biochar,DE3,0.0
2042,Agri06_Biochar,DE4,0.0
2042,Agri06_Biochar,DE5,0.0
2042,Agri06_Biochar,DE6,0.0
2042,Agri06_Biochar,DE7,0.0
2042,Agri06_Biochar,DE8,0.0
2042,Agri06_Biochar,DE9,0.0
2042,Agri06_Biochar,DEA,0.0
2042,Agri06_Biochar,DEB,0.0
2042,Agri06_Biochar,DEC,0.0
2042,Agri06_Biochar,DEE,0.0
2042,Agri06_Biochar,DED,0.0
2042,Agri06_Biochar,DEF,0.0
2042,Agri06_Biochar,DEG,0.0
2043,Agri01_AGC,DE1,190030.39080000005
2043,Agri01_AGC,DE2,365240.30014526827
2043,Agri01_AGC,DE3,386.9196000000001
2043,Agri01_AGC,DE4,163848.46320000003
2043,Agri01_AGC,DE5,1243.9848000000002
2043,Agri01_AGC,DE6,2043.2963999999997
2043,Agri01_AGC,DE7,81137.76031335922
2043,Agri01_AGC,DE8,180764.90399999998
2043,Agri01_AGC,DE9,320815.4095670384
2043,Agri01_AGC,DEA,198556.98120000004
2043,Agri01_AGC,DEB,98796.60480000003
2043,Agri01_AGC,DEC,10505.2152
2043,Agri01_AGC,DEE,151528.5984
2043,Agri01_AGC,DED,112758.6408
2043,Agri01_AGC,DEF,78047.80352024347
2043,Agri01_AGC,DEG,62404.17935342866
2043,Agri02_OFC,DE1,109432.18201862411
2043,Agri02_OFC,DE2,172787.3538818868
2043,Agri02_OFC,DE3,55868.32004230822
2043,Agri02_OFC,DE4,105875.71120128728
2043,Agri02_OFC,DE5,26023.5160316076
2043,Agri02_OFC,DE6,2974.6407241926318
2043,Agri02_OFC,DE7,38384.53450747918
2043,Agri02_OFC,DE8,106192.77146716701
2043,Agri02_OFC,DE9,151770.89078498408
2043,Agri02_OFC,DEA,111218.05581459227
2043,Agri02_OFC,DEB,66110.59671987205
2043,Agri02_OFC,DEC,40702.070845113514
2043,Agri02_OFC,DEE,81902.59941202807
2043,Agri02_OFC,DED,70422.34383744544
2043,Agri02_OFC,DEF,36922.74220887612
2043,Agri02_OFC,DEG,29522.079073314166
2043,Agri03_No-till,DE1,12189.520490213657
2043,Agri03_No-till,DE2,22001.369109953514
2043,Agri03_No-till,DE3,3894.0571563827502
2043,Agri03_No-till,DE4,11311.163864594064
2043,Agri03_No-till,DE5,1839.4951892628455
2043,Agri03_No-till,DE6,256.0872863904473
2043,Agri03_No-till,DE7,5244.712041851095
2043,Agri03_No-till,DE8,11740.946588086994
2043,Agri03_No-till,DE9,18799.6537775182
2043,Agri03_No-till,DEA,12519.215004665575
2043,Agri03_No-till,DEB,6978.205607538629
2043,Agri03_No-till,DEC,3083.372574503867
2043,Agri03_No-till,DEE,9347.279350535058
2043,Agri03_No-till,DED,7614.543795556209
2043,Agri03_No-till,DEF,5716.573640398044
2043,Agri03_No-till,DEG,4570.4290678832085
2043,Agri04_toGrassland,DE1,3791.6809780013486
2043,Agri04_toGrassland,DE2,6071.8657322044855
2043,Agri04_toGrassland,DE3,1863.890430479236
2043,Agri04_toGrassland,DE4,3653.5733244073313
2043,Agri04_toGrassland,DE5,868.9931443510949
2043,Agri04_toGrassland,DE6,100.74506991466625
2043,Agri04_toGrassland,DE7,1359.8796460576118
2043,Agri04_toGrassland,DE8,3676.7320618484273
2043,Agri04_toGrassland,DE9,5317.11168260045
2043,Agri04_toGrassland,DEA,3857.5945931547185
2043,Agri04_toGrassland,DEB,2278.7402782419967
2043,Agri04_toGrassland,DEC,1365.5150615688765
2043,Agri04_toGrassland,DEE,2844.7373278619298
2043,Agri04_toGrassland,DED,2432.9525032914908
2043,Agri04_toGrassland,DEF,1328.81665159568
2043,Agri04_toGrassland,DEG,1062.4630334708327
2043,Agri05_Agroforestry,DE1,702930.1004895844
2043,Agri05_Agroforestry,DE2,816208.5336209185
2043,Agri05_Agroforestry,DE3,1307.8725000000002
2043,Agri05_Agroforestry,DE4,473584.88600000006
2043,Agri05_Agroforestry,DE5,10736.907666666668
2043,Agri05_Agroforestry,DE6,8691.746166666666
2043,Agri05_Agroforestry,DE7,143247.41674466373
2043,Agri05_Agroforestry,DE8,451053.7198333334
2043,Agri05_Agroforestry,DE9,772968.8551996821
2043,Agri05_Agroforestry,DEA,584425.7143333333
2043,Agri05_Agroforestry,DEB,343413.3161666667
2043,Agri05_Agroforestry,DEC,47840.52216666668
2043,Agri05_Agroforestry,DEE,237338.16800000003
2043,Agri05_Agroforestry,DED,264412.5466666667
2043,Agri05_Agroforestry,DEF,66195.6200469038
2043,Agri05_Agroforestry,DEG,52963.306101980175
2043,Agri06_Biochar,DE1,0.0
2043,Agri06_Biochar,DE2,0.0
2043,Agri06_Biochar,DE3,0.0
2043,Agri06_Biochar,DE4,0.0
2043,Agri06_Biochar,DE5,0.0
2043,Agri06_Biochar,DE6,0.0
2043,Agri06_Biochar,DE7,0.0
2043,Agri06_Biochar,DE8,0.0
2043,Agri06_Biochar,DE9,0.0
2043,Agri06_Biochar,DEA,0.0
2043,Agri06_Biochar,DEB,0.0
2043,Agri06_Biochar,DEC,0.0
2043,Agri06_Biochar,DEE,0.0
2043,Agri06_Biochar,DED,0.0
2043,Agri06_Biochar,DEF,0.0
2043,Agri06_Biochar,DEG,0.0
2044,Agri01_AGC,DE1,190030.39080000005
2044,Agri01_AGC,DE2,365240.30014526827
2044,Agri01_AGC,DE3,386.9196000000001
2044,Agri01_AGC,DE4,163848.46320000003
2044,Agri01_AGC,DE5,1243.9848000000002
2044,Agri01_AGC,DE6,2043.2963999999997
2044,Agri01_AGC,DE7,81137.76031335922
2044,Agri01_AGC,DE8,180764.90399999998
2044,Agri01_AGC,DE9,320815.4095670384
2044,Agri01_AGC,DEA,198556.98120000004
2044,Agri01_AGC,DEB,98796.60480000003
2044,Agri01_AGC,DEC,10505.2152
2044,Agri01_AGC,DEE,151528.5984
2044,Agri01_AGC,DED,112758.6408
2044,Agri01_AGC,DEF,78047.80352024347
2044,Agri01_AGC,DEG,62404.17935342866
2044,Agri02_OFC,DE1,109432.18201862411
2044,Agri02_OFC,DE2,172787.3538818868
2044,Agri02_OFC,DE3,55868.32004230822
2044,Agri02_OFC,DE4,105875.71120128728
2044,Agri02_OFC,DE5,26023.5160316076
2044,Agri02_OFC,DE6,2974.6407241926318
2044,Agri02_OFC,DE7,38384.53450747918
2044,Agri02_OFC,DE8,106192.77146716701
2044,Agri02_OFC,DE9,151770.89078498408
2044,Agri02_OFC,DEA,111218.05581459227
2044,Agri02_OFC,DEB,66110.59671987205
2044,Agri02_OFC,DEC,40702.070845113514
2044,Agri02_OFC,DEE,81902.59941202807
2044,Agri02_OFC,DED,70422.34383744544
2044,Agri02_OFC,DEF,36922.74220887612
2044,Agri02_OFC,DEG,29522.079073314166
2044,Agri03_No-till,DE1,12189.520490213657
2044,Agri03_No-till,DE2,22001.369109953514
2044,Agri03_No-till,DE3,3894.0571563827502
2044,Agri03_No-till,DE4,11311.163864594064
2044,Agri03_No-till,DE5,1839.4951892628455
2044,Agri03_No-till,DE6,256.0872863904473
2044,Agri03_No-till,DE7,5244.712041851095
2044,Agri03_No-till,DE8,11740.946588086994
2044,Agri03_No-till,DE9,18799.6537775182
2044,Agri03_No-till,DEA,12519.215004665575
2044,Agri03_No-till,DEB,6978.205607538629
2044,Agri03_No-till,DEC,3083.372574503867
2044,Agri03_No-till,DEE,9347.279350535058
2044,Agri03_No-till,DED,7614.543795556209
2044,Agri03_No-till,DEF,5716.573640398044
2044,Agri03_No-till,DEG,4570.4290678832085
2044,Agri04_toGrassland,DE1,3791.6809780013486
2044,Agri04_toGrassland,DE2,6071.8657322044855
2044,Agri04_toGrassland,DE3,1863.890430479236
2044,Agri04_toGrassland,DE4,3653.5733244073313
2044,Agri04_toGrassland,DE5,868.9931443510949
2044,Agri04_toGrassland,DE6,100.74506991466625
2044,Agri04_toGrassland,DE7,1359.8796460576118
2044,Agri04_toGrassland,DE8,3676.7320618484273
2044,Agri04_toGrassland,DE9,5317.11168260045
2044,Agri04_toGrassland,DEA,3857.5945931547185
2044,Agri04_toGrassland,DEB,2278.7402782419967
2044,Agri04_toGrassland,DEC,1365.5150615688765
2044,Agri04_toGrassland,DEE,2844.7373278619298
2044,Agri04_toGrassland,DED,2432.9525032914908
2044,Agri04_toGrassland,DEF,1328.81665159568
2044,Agri04_toGrassland,DEG,1062.4630334708327
2044,Agri05_Agroforestry,DE1,702930.1004895844
2044,Agri05_Agroforestry,DE2,816208.5336209185
2044,Agri05_Agroforestry,DE3,1307.8725000000002
2044,Agri05_Agroforestry,DE4,473584.88600000006
2044,Agri05_Agroforestry,DE5,10736.907666666668
2044,Agri05_Agroforestry,DE6,8691.746166666666
2044,Agri05_Agroforestry,DE7,143247.41674466373
2044,Agri05_Agroforestry,DE8,451053.7198333334
2044,Agri05_Agroforestry,DE9,772968.8551996821
2044,Agri05_Agroforestry,DEA,584425.7143333333
2044,Agri05_Agroforestry,DEB,343413.3161666667
2044,Agri05_Agroforestry,DEC,47840.52216666668
2044,Agri05_Agroforestry,DEE,237338.16800000003
2044,Agri05_Agroforestry,DED,264412.5466666667
2044,Agri05_Agroforestry,DEF,66195.6200469038
2044,Agri05_Agroforestry,DEG,52963.306101980175
2044,Agri06_Biochar,DE1,0.0
2044,Agri06_Biochar,DE2,0.0
2044,Agri06_Biochar,DE3,0.0
2044,Agri06_Biochar,DE4,0.0
2044,Agri06_Biochar,DE5,0.0
2044,Agri06_Biochar,DE6,0.0
2044,Agri06_Biochar,DE7,0.0
2044,Agri06_Biochar,DE8,0.0
2044,Agri06_Biochar,DE9,0.0
2044,Agri06_Biochar,DEA,0.0
2044,Agri06_Biochar,DEB,0.0
2044,Agri06_Biochar,DEC,0.0
2044,Agri06_Biochar,DEE,0.0
2044,Agri06_Biochar,DED,0.0
2044,Agri06_Biochar,DEF,0.0
2044,Agri06_Biochar,DEG,0.0
2045,Agri01_AGC,DE1,190030.39080000005
2045,Agri01_AGC,DE2,365240.30014526827
2045,Agri01_AGC,DE3,386.9196000000001
2045,Agri01_AGC,DE4,163848.46320000003
2045,Agri01_AGC,DE5,1243.9848000000002
2045,Agri01_AGC,DE6,2043.2963999999997
2045,Agri01_AGC,DE7,81137.76031335922
2045,Agri01_AGC,DE8,180764.90399999998
2045,Agri01_AGC,DE9,320815.4095670384
2045,Agri01_AGC,DEA,198556.98120000004
2045,Agri01_AGC,DEB,98796.60480000003
2045,Agri01_AGC,DEC,10505.2152
2045,Agri01_AGC,DEE,151528.5984
2045,Agri01_AGC,DED,112758.6408
2045,Agri01_AGC,DEF,78047.80352024347
2045,Agri01_AGC,DEG,62404.17935342866
2045,Agri02_OFC,DE1,109432.18201862411
2045,Agri02_OFC,DE2,172787.3538818868
2045,Agri02_OFC,DE3,55868.32004230822
2045,Agri02_OFC,DE4,105875.71120128728
2045,Agri02_OFC,DE5,26023.5160316076
2045,Agri02_OFC,DE6,2974.6407241926318
2045,Agri02_OFC,DE7,38384.53450747918
2045,Agri02_OFC,DE8,106192.77146716701
2045,Agri02_OFC,DE9,151770.89078498408
2045,Agri02_OFC,DEA,111218.05581459227
2045,Agri02_OFC,DEB,66110.59671987205
2045,Agri02_OFC,DEC,40702.070845113514
2045,Agri02_OFC,DEE,81902.59941202807
2045,Agri02_OFC,DED,70422.34383744544
2045,Agri02_OFC,DEF,36922.74220887612
2045,Agri02_OFC,DEG,29522.079073314166
2045,Agri03_No-till,DE1,12189.520490213657
2045,Agri03_No-till,DE2,22001.369109953514
2045,Agri03_No-till,DE3,3894.0571563827502
2045,Agri03_No-till,DE4,11311.163864594064
2045,Agri03_No-till,DE5,1839.4951892628455
2045,Agri03_No-till,DE6,256.0872863904473
2045,Agri03_No-till,DE7,5244.712041851095
2045,Agri03_No-till,DE8,11740.946588086994
2045,Agri03_No-till,DE9,18799.6537775182
2045,Agri03_No-till,DEA,12519.215004665575
2045,Agri03_No-till,DEB,6978.205607538629
2045,Agri03_No-till,DEC,3083.372574503867
2045,Agri03_No-till,DEE,9347.279350535058
2045,Agri03_No-till,DED,7614.543795556209
2045,Agri03_No-till,DEF,5716.573640398044
2045,Agri03_No-till,DEG,4570.4290678832085
2045,Agri04_toGrassland,DE1,3791.6809780013486
2045,Agri04_toGrassland,DE2,6071.8657322044855
2045,Agri04_toGrassland,DE3,1863.890430479236
2045,Agri04_toGrassland,DE4,3653.5733244073313
2045,Agri04_toGrassland,DE5,868.9931443510949
2045,Agri04_toGrassland,DE6,100.74506991466625
2045,Agri04_toGrassland,DE7,1359.8796460576118
2045,Agri04_toGrassland,DE8,3676.7320618484273
2045,Agri04_toGrassland,DE9,5317.11168260045
2045,Agri04_toGrassland,DEA,3857.5945931547185
2045,Agri04_toGrassland,DEB,2278.7402782419967
2045,Agri04_toGrassland,DEC,1365.5150615688765
2045,Agri04_toGrassland,DEE,2844.7373278619298
2045,Agri04_toGrassland,DED,2432.9525032914908
2045,Agri04_toGrassland,DEF,1328.81665159568
2045,Agri04_toGrassland,DEG,1062.4630334708327
2045,Agri05_Agroforestry,DE1,702930.1004895844
2045,Agri05_Agroforestry,DE2,816208.5336209185
2045,Agri05_Agroforestry,DE3,1307.8725000000002
2045,Agri05_Agroforestry,DE4,473584.88600000006
2045,Agri05_Agroforestry,DE5,10736.907666666668
2045,Agri05_Agroforestry,DE6,8691.746166666666
2045,Agri05_Agroforestry,DE7,143247.41674466373
2045,Agri05_Agroforestry,DE8,451053.7198333334
2045,Agri05_Agroforestry,DE9,772968.8551996821
2045,Agri05_Agroforestry,DEA,584425.7143333333
2045,Agri05_Agroforestry,DEB,343413.3161666667
2045,Agri05_Agroforestry,DEC,47840.52216666668
2045,Agri05_Agroforestry,DEE,237338.16800000003
2045,Agri05_Agroforestry,DED,264412.5466666667
2045,Agri05_Agroforestry,DEF,66195.6200469038
2045,Agri05_Agroforestry,DEG,52963.306101980175
2045,Agri06_Biochar,DE1,0.0
2045,Agri06_Biochar,DE2,0.0
2045,Agri06_Biochar,DE3,0.0
2045,Agri06_Biochar,DE4,0.0
2045,Agri06_Biochar,DE5,0.0
2045,Agri06_Biochar,DE6,0.0
2045,Agri06_Biochar,DE7,0.0
2045,Agri06_Biochar,DE8,0.0
2045,Agri06_Biochar,DE9,0.0
2045,Agri06_Biochar,DEA,0.0
2045,Agri06_Biochar,DEB,0.0
2045,Agri06_Biochar,DEC,0.0
2045,Agri06_Biochar,DEE,0.0
2045,Agri06_Biochar,DED,0.0
2045,Agri06_Biochar,DEF,0.0
2045,Agri06_Biochar,DEG,0.0
2046,Agri01_AGC,DE1,190030.39080000005
2046,Agri01_AGC,DE2,365240.30014526827
2046,Agri01_AGC,DE3,386.9196000000001
2046,Agri01_AGC,DE4,163848.46320000003
2046,Agri01_AGC,DE5,1243.9848000000002
2046,Agri01_AGC,DE6,2043.2963999999997
2046,Agri01_AGC,DE7,81137.76031335922
2046,Agri01_AGC,DE8,180764.90399999998
2046,Agri01_AGC,DE9,320815.4095670384
2046,Agri01_AGC,DEA,198556.98120000004
2046,Agri01_AGC,DEB,98796.60480000003
2046,Agri01_AGC,DEC,10505.2152
2046,Agri01_AGC,DEE,151528.5984
2046,Agri01_AGC,DED,112758.6408
2046,Agri01_AGC,DEF,78047.80352024347
2046,Agri01_AGC,DEG,62404.17935342866
2046,Agri02_OFC,DE1,109432.18201862411
2046,Agri02_OFC,DE2,172787.3538818868
2046,Agri02_OFC,DE3,55868.32004230822
2046,Agri02_OFC,DE4,105875.71120128728
2046,Agri02_OFC,DE5,26023.5160316076
2046,Agri02_OFC,DE6,2974.6407241926318
2046,Agri02_OFC,DE7,38384.53450747918
2046,Agri02_OFC,DE8,106192.77146716701
2046,Agri02_OFC,DE9,151770.89078498408
2046,Agri02_OFC,DEA,111218.05581459227
2046,Agri02_OFC,DEB,66110.59671987205
2046,Agri02_OFC,DEC,40702.070845113514
2046,Agri02_OFC,DEE,81902.59941202807
2046,Agri02_OFC,DED,70422.34383744544
2046,Agri02_OFC,DEF,36922.74220887612
2046,Agri02_OFC,DEG,29522.079073314166
2046,Agri03_No-till,DE1,12189.520490213657
2046,Agri03_No-till,DE2,22001.369109953514
2046,Agri03_No-till,DE3,3894.0571563827502
2046,Agri03_No-till,DE4,11311.163864594064
2046,Agri03_No-till,DE5,1839.4951892628455
2046,Agri03_No-till,DE6,256.0872863904473
2046,Agri03_No-till,DE7,5244.712041851095
2046,Agri03_No-till,DE8,11740.946588086994
2046,Agri03_No-till,DE9,18799.6537775182
2046,Agri03_No-till,DEA,12519.215004665575
2046,Agri03_No-till,DEB,6978.205607538629
2046,Agri03_No-till,DEC,3083.372574503867
2046,Agri03_No-till,DEE,9347.279350535058
2046,Agri03_No-till,DED,7614.543795556209
2046,Agri03_No-till,DEF,5716.573640398044
2046,Agri03_No-till,DEG,4570.4290678832085
2046,Agri04_toGrassland,DE1,3791.6809780013486
2046,Agri04_toGrassland,DE2,6071.8657322044855
2046,Agri04_toGrassland,DE3,1863.890430479236
2046,Agri04_toGrassland,DE4,3653.5733244073313
2046,Agri04_toGrassland,DE5,868.9931443510949
2046,Agri04_toGrassland,DE6,100.74506991466625
2046,Agri04_toGrassland,DE7,1359.8796460576118
2046,Agri04_toGrassland,DE8,3676.7320618484273
2046,Agri04_toGrassland,DE9,5317.11168260045
2046,Agri04_toGrassland,DEA,3857.5945931547185
2046,Agri04_toGrassland,DEB,2278.7402782419967
2046,Agri04_toGrassland,DEC,1365.5150615688765
2046,Agri04_toGrassland,DEE,2844.7373278619298
2046,Agri04_toGrassland,DED,2432.9525032914908
2046,Agri04_toGrassland,DEF,1328.81665159568
2046,Agri04_toGrassland,DEG,1062.4630334708327
2046,Agri05_Agroforestry,DE1,702930.1004895844
2046,Agri05_Agroforestry,DE2,816208.5336209185
2046,Agri05_Agroforestry,DE3,1307.8725000000002
2046,Agri05_Agroforestry,DE4,473584.88600000006
2046,Agri05_Agroforestry,DE5,10736.907666666668
2046,Agri05_Agroforestry,DE6,8691.746166666666
2046,Agri05_Agroforestry,DE7,143247.41674466373
2046,Agri05_Agroforestry,DE8,451053.7198333334
2046,Agri05_Agroforestry,DE9,772968.8551996821
2046,Agri05_Agroforestry,DEA,584425.7143333333
2046,Agri05_Agroforestry,DEB,343413.3161666667
2046,Agri05_Agroforestry,DEC,47840.52216666668
2046,Agri05_Agroforestry,DEE,237338.16800000003
2046,Agri05_Agroforestry,DED,264412.5466666667
2046,Agri05_Agroforestry,DEF,66195.6200469038
2046,Agri05_Agroforestry,DEG,52963.306101980175
2046,Agri06_Biochar,DE1,0.0
2046,Agri06_Biochar,DE2,0.0
2046,Agri06_Biochar,DE3,0.0
2046,Agri06_Biochar,DE4,0.0
2046,Agri06_Biochar,DE5,0.0
2046,Agri06_Biochar,DE6,0.0
2046,Agri06_Biochar,DE7,0.0
2046,Agri06_Biochar,DE8,0.0
2046,Agri06_Biochar,DE9,0.0
2046,Agri06_Biochar,DEA,0.0
2046,Agri06_Biochar,DEB,0.0
2046,Agri06_Biochar,DEC,0.0
2046,Agri06_Biochar,DEE,0.0
2046,Agri06_Biochar,DED,0.0
2046,Agri06_Biochar,DEF,0.0
2046,Agri06_Biochar,DEG,0.0
2047,Agri01_AGC,DE1,190030.39080000005
2047,Agri01_AGC,DE2,365240.30014526827
2047,Agri01_AGC,DE3,386.9196000000001
2047,Agri01_AGC,DE4,163848.46320000003
2047,Agri01_AGC,DE5,1243.9848000000002
2047,Agri01_AGC,DE6,2043.2963999999997
2047,Agri01_AGC,DE7,81137.76031335922
2047,Agri01_AGC,DE8,180764.90399999998
2047,Agri01_AGC,DE9,320815.4095670384
2047,Agri01_AGC,DEA,198556.98120000004
2047,Agri01_AGC,DEB,98796.60480000003
2047,Agri01_AGC,DEC,10505.2152
2047,Agri01_AGC,DEE,151528.5984
2047,Agri01_AGC,DED,112758.6408
2047,Agri01_AGC,DEF,78047.80352024347
2047,Agri01_AGC,DEG,62404.17935342866
2047,Agri02_OFC,DE1,109432.18201862411
2047,Agri02_OFC,DE2,172787.3538818868
2047,Agri02_OFC,DE3,55868.32004230822
2047,Agri02_OFC,DE4,105875.71120128728
2047,Agri02_OFC,DE5,26023.5160316076
2047,Agri02_OFC,DE6,2974.6407241926318
2047,Agri02_OFC,DE7,38384.53450747918
2047,Agri02_OFC,DE8,106192.77146716701
2047,Agri02_OFC,DE9,151770.89078498408
2047,Agri02_OFC,DEA,111218.05581459227
2047,Agri02_OFC,DEB,66110.59671987205
2047,Agri02_OFC,DEC,40702.070845113514
2047,Agri02_OFC,DEE,81902.59941202807
2047,Agri02_OFC,DED,70422.34383744544
2047,Agri02_OFC,DEF,36922.74220887612
2047,Agri02_OFC,DEG,29522.079073314166
2047,Agri03_No-till,DE1,12189.520490213657
2047,Agri03_No-till,DE2,22001.369109953514
2047,Agri03_No-till,DE3,3894.0571563827502
2047,Agri03_No-till,DE4,11311.163864594064
2047,Agri03_No-till,DE5,1839.4951892628455
2047,Agri03_No-till,DE6,256.0872863904473
2047,Agri03_No-till,DE7,5244.712041851095
2047,Agri03_No-till,DE8,11740.946588086994
2047,Agri03_No-till,DE9,18799.6537775182
2047,Agri03_No-till,DEA,12519.215004665575
2047,Agri03_No-till,DEB,6978.205607538629
2047,Agri03_No-till,DEC,3083.372574503867
2047,Agri03_No-till,DEE,9347.279350535058
2047,Agri03_No-till,DED,7614.543795556209
2047,Agri03_No-till,DEF,5716.573640398044
2047,Agri03_No-till,DEG,4570.4290678832085
2047,Agri04_toGrassland,DE1,3791.6809780013486
2047,Agri04_toGrassland,DE2,6071.8657322044855
2047,Agri04_toGrassland,DE3,1863.890430479236
2047,Agri04_toGrassland,DE4,3653.5733244073313
2047,Agri04_toGrassland,DE5,868.9931443510949
2047,Agri04_toGrassland,DE6,100.74506991466625
2047,Agri04_toGrassland,DE7,1359.8796460576118
2047,Agri04_toGrassland,DE8,3676.7320618484273
2047,Agri04_toGrassland,DE9,5317.11168260045
2047,Agri04_toGrassland,DEA,3857.5945931547185
2047,Agri04_toGrassland,DEB,2278.7402782419967
2047,Agri04_toGrassland,DEC,1365.5150615688765
2047,Agri04_toGrassland,DEE,2844.7373278619298
2047,Agri04_toGrassland,DED,2432.9525032914908
2047,Agri04_toGrassland,DEF,1328.81665159568
2047,Agri04_toGrassland,DEG,1062.4630334708327
2047,Agri05_Agroforestry,DE1,702930.1004895844
2047,Agri05_Agroforestry,DE2,816208.5336209185
2047,Agri05_Agroforestry,DE3,1307.8725000000002
2047,Agri05_Agroforestry,DE4,473584.88600000006
2047,Agri05_Agroforestry,DE5,10736.907666666668
2047,Agri05_Agroforestry,DE6,8691.746166666666
2047,Agri05_Agroforestry,DE7,143247.41674466373
2047,Agri05_Agroforestry,DE8,451053.7198333334
2047,Agri05_Agroforestry,DE9,772968.8551996821
2047,Agri05_Agroforestry,DEA,584425.7143333333
2047,Agri05_Agroforestry,DEB,343413.3161666667
2047,Agri05_Agroforestry,DEC,47840.52216666668
2047,Agri05_Agroforestry,DEE,237338.16800000003
2047,Agri05_Agroforestry,DED,264412.5466666667
2047,Agri05_Agroforestry,DEF,66195.6200469038
2047,Agri05_Agroforestry,DEG,52963.306101980175
2047,Agri06_Biochar,DE1,0.0
2047,Agri06_Biochar,DE2,0.0
2047,Agri06_Biochar,DE3,0.0
2047,Agri06_Biochar,DE4,0.0
2047,Agri06_Biochar,DE5,0.0
2047,Agri06_Biochar,DE6,0.0
2047,Agri06_Biochar,DE7,0.0
2047,Agri06_Biochar,DE8,0.0
2047,Agri06_Biochar,DE9,0.0
2047,Agri06_Biochar,DEA,0.0
2047,Agri06_Biochar,DEB,0.0
2047,Agri06_Biochar,DEC,0.0
2047,Agri06_Biochar,DEE,0.0
2047,Agri06_Biochar,DED,0.0
2047,Agri06_Biochar,DEF,0.0
2047,Agri06_Biochar,DEG,0.0
2048,Agri01_AGC,DE1,190030.39080000005
2048,Agri01_AGC,DE2,365240.30014526827
2048,Agri01_AGC,DE3,386.9196000000001
2048,Agri01_AGC,DE4,163848.46320000003
2048,Agri01_AGC,DE5,1243.9848000000002
2048,Agri01_AGC,DE6,2043.2963999999997
2048,Agri01_AGC,DE7,81137.76031335922
2048,Agri01_AGC,DE8,180764.90399999998
2048,Agri01_AGC,DE9,320815.4095670384
2048,Agri01_AGC,DEA,198556.98120000004
2048,Agri01_AGC,DEB,98796.60480000003
2048,Agri01_AGC,DEC,10505.2152
2048,Agri01_AGC,DEE,151528.5984
2048,Agri01_AGC,DED,112758.6408
2048,Agri01_AGC,DEF,78047.80352024347
2048,Agri01_AGC,DEG,62404.17935342866
2048,Agri02_OFC,DE1,109432.18201862411
2048,Agri02_OFC,DE2,172787.3538818868
2048,Agri02_OFC,DE3,55868.32004230822
2048,Agri02_OFC,DE4,105875.71120128728
2048,Agri02_OFC,DE5,26023.5160316076
2048,Agri02_OFC,DE6,2974.6407241926318
2048,Agri02_OFC,DE7,38384.53450747918
2048,Agri02_OFC,DE8,106192.77146716701
2048,Agri02_OFC,DE9,151770.89078498408
2048,Agri02_OFC,DEA,111218.05581459227
2048,Agri02_OFC,DEB,66110.59671987205
2048,Agri02_OFC,DEC,40702.070845113514
2048,Agri02_OFC,DEE,81902.59941202807
2048,Agri02_OFC,DED,70422.34383744544
2048,Agri02_OFC,DEF,36922.74220887612
2048,Agri02_OFC,DEG,29522.079073314166
2048,Agri03_No-till,DE1,12189.520490213657
2048,Agri03_No-till,DE2,22001.369109953514
2048,Agri03_No-till,DE3,3894.0571563827502
2048,Agri03_No-till,DE4,11311.163864594064
2048,Agri03_No-till,DE5,1839.4951892628455
2048,Agri03_No-till,DE6,256.0872863904473
2048,Agri03_No-till,DE7,5244.712041851095
2048,Agri03_No-till,DE8,11740.946588086994
2048,Agri03_No-till,DE9,18799.6537775182
2048,Agri03_No-till,DEA,12519.215004665575
2048,Agri03_No-till,DEB,6978.205607538629
2048,Agri03_No-till,DEC,3083.372574503867
2048,Agri03_No-till,DEE,9347.279350535058
2048,Agri03_No-till,DED,7614.543795556209
2048,Agri03_No-till,DEF,5716.573640398044
2048,Agri03_No-till,DEG,4570.4290678832085
2048,Agri04_toGrassland,DE1,3791.6809780013486
2048,Agri04_toGrassland,DE2,6071.8657322044855
2048,Agri04_toGrassland,DE3,1863.890430479236
2048,Agri04_toGrassland,DE4,3653.5733244073313
2048,Agri04_toGrassland,DE5,868.9931443510949
2048,Agri04_toGrassland,DE6,100.74506991466625
2048,Agri04_toGrassland,DE7,1359.8796460576118
2048,Agri04_toGrassland,DE8,3676.7320618484273
2048,Agri04_toGrassland,DE9,5317.11168260045
2048,Agri04_toGrassland,DEA,3857.5945931547185
2048,Agri04_toGrassland,DEB,2278.7402782419967
2048,Agri04_toGrassland,DEC,1365.5150615688765
2048,Agri04_toGrassland,DEE,2844.7373278619298
2048,Agri04_toGrassland,DED,2432.9525032914908
2048,Agri04_toGrassland,DEF,1328.81665159568
2048,Agri04_toGrassland,DEG,1062.4630334708327
2048,Agri05_Agroforestry,DE1,702930.1004895844
2048,Agri05_Agroforestry,DE2,816208.5336209185
2048,Agri05_Agroforestry,DE3,1307.8725000000002
2048,Agri05_Agroforestry,DE4,473584.88600000006
2048,Agri05_Agroforestry,DE5,10736.907666666668
2048,Agri05_Agroforestry,DE6,8691.746166666666
2048,Agri05_Agroforestry,DE7,143247.41674466373
2048,Agri05_Agroforestry,DE8,451053.7198333334
2048,Agri05_Agroforestry,DE9,772968.8551996821
2048,Agri05_Agroforestry,DEA,584425.7143333333
2048,Agri05_Agroforestry,DEB,343413.3161666667
2048,Agri05_Agroforestry,DEC,47840.52216666668
2048,Agri05_Agroforestry,DEE,237338.16800000003
2048,Agri05_Agroforestry,DED,264412.5466666667
2048,Agri05_Agroforestry,DEF,66195.6200469038
2048,Agri05_Agroforestry,DEG,52963.306101980175
2048,Agri06_Biochar,DE1,0.0
2048,Agri06_Biochar,DE2,0.0
2048,Agri06_Biochar,DE3,0.0
2048,Agri06_Biochar,DE4,0.0
2048,Agri06_Biochar,DE5,0.0
2048,Agri06_Biochar,DE6,0.0
2048,Agri06_Biochar,DE7,0.0
2048,Agri06_Biochar,DE8,0.0
2048,Agri06_Biochar,DE9,0.0
2048,Agri06_Biochar,DEA,0.0
2048,Agri06_Biochar,DEB,0.0
2048,Agri06_Biochar,DEC,0.0
2048,Agri06_Biochar,DEE,0.0
2048,Agri06_Biochar,DED,0.0
2048,Agri06_Biochar,DEF,0.0
2048,Agri06_Biochar,DEG,0.0
2049,Agri01_AGC,DE1,190030.39080000005
2049,Agri01_AGC,DE2,365240.30014526827
2049,Agri01_AGC,DE3,386.9196000000001
2049,Agri01_AGC,DE4,163848.46320000003
2049,Agri01_AGC,DE5,1243.9848000000002
2049,Agri01_AGC,DE6,2043.2963999999997
2049,Agri01_AGC,DE7,81137.76031335922
2049,Agri01_AGC,DE8,180764.90399999998
2049,Agri01_AGC,DE9,320815.4095670384
2049,Agri01_AGC,DEA,198556.98120000004
2049,Agri01_AGC,DEB,98796.60480000003
2049,Agri01_AGC,DEC,10505.2152
2049,Agri01_AGC,DEE,151528.5984
2049,Agri01_AGC,DED,112758.6408
2049,Agri01_AGC,DEF,78047.80352024347
2049,Agri01_AGC,DEG,62404.17935342866
2049,Agri02_OFC,DE1,109432.18201862411
2049,Agri02_OFC,DE2,172787.3538818868
2049,Agri02_OFC,DE3,55868.32004230822
2049,Agri02_OFC,DE4,105875.71120128728
2049,Agri02_OFC,DE5,26023.5160316076
2049,Agri02_OFC,DE6,2974.6407241926318
2049,Agri02_OFC,DE7,38384.53450747918
2049,Agri02_OFC,DE8,106192.77146716701
2049,Agri02_OFC,DE9,151770.89078498408
2049,Agri02_OFC,DEA,111218.05581459227
2049,Agri02_OFC,DEB,66110.59671987205
2049,Agri02_OFC,DEC,40702.070845113514
2049,Agri02_OFC,DEE,81902.59941202807
2049,Agri02_OFC,DED,70422.34383744544
2049,Agri02_OFC,DEF,36922.74220887612
2049,Agri02_OFC,DEG,29522.079073314166
2049,Agri03_No-till,DE1,12189.520490213657
2049,Agri03_No-till,DE2,22001.369109953514
2049,Agri03_No-till,DE3,3894.0571563827502
2049,Agri03_No-till,DE4,11311.163864594064
2049,Agri03_No-till,DE5,1839.4951892628455
2049,Agri03_No-till,DE6,256.0872863904473
2049,Agri03_No-till,DE7,5244.712041851095
2049,Agri03_No-till,DE8,11740.946588086994
2049,Agri03_No-till,DE9,18799.6537775182
2049,Agri03_No-till,DEA,12519.215004665575
2049,Agri03_No-till,DEB,6978.205607538629
2049,Agri03_No-till,DEC,3083.372574503867
2049,Agri03_No-till,DEE,9347.279350535058
2049,Agri03_No-till,DED,7614.543795556209
2049,Agri03_No-till,DEF,5716.573640398044
2049,Agri03_No-till,DEG,4570.4290678832085
2049,Agri04_toGrassland,DE1,3791.6809780013486
2049,Agri04_toGrassland,DE2,6071.8657322044855
2049,Agri04_toGrassland,DE3,1863.890430479236
2049,Agri04_toGrassland,DE4,3653.5733244073313
2049,Agri04_toGrassland,DE5,868.9931443510949
2049,Agri04_toGrassland,DE6,100.74506991466625
2049,Agri04_toGrassland,DE7,1359.8796460576118
2049,Agri04_toGrassland,DE8,3676.7320618484273
2049,Agri04_toGrassland,DE9,5317.11168260045
2049,Agri04_toGrassland,DEA,3857.5945931547185
2049,Agri04_toGrassland,DEB,2278.7402782419967
2049,Agri04_toGrassland,DEC,1365.5150615688765
2049,Agri04_toGrassland,DEE,2844.7373278619298
2049,Agri04_toGrassland,DED,2432.9525032914908
2049,Agri04_toGrassland,DEF,1328.81665159568
2049,Agri04_toGrassland,DEG,1062.4630334708327
2049,Agri05_Agroforestry,DE1,702930.1004895844
2049,Agri05_Agroforestry,DE2,816208.5336209185
2049,Agri05_Agroforestry,DE3,1307.8725000000002
2049,Agri05_Agroforestry,DE4,473584.88600000006
2049,Agri05_Agroforestry,DE5,10736.907666666668
2049,Agri05_Agroforestry,DE6,8691.746166666666
2049,Agri05_Agroforestry,DE7,143247.41674466373
2049,Agri05_Agroforestry,DE8,451053.7198333334
2049,Agri05_Agroforestry,DE9,772968.8551996821
2049,Agri05_Agroforestry,DEA,584425.7143333333
2049,Agri05_Agroforestry,DEB,343413.3161666667
2049,Agri05_Agroforestry,DEC,47840.52216666668
2049,Agri05_Agroforestry,DEE,237338.16800000003
2049,Agri05_Agroforestry,DED,264412.5466666667
2049,Agri05_Agroforestry,DEF,66195.6200469038
2049,Agri05_Agroforestry,DEG,52963.306101980175
2049,Agri06_Biochar,DE1,0.0
2049,Agri06_Biochar,DE2,0.0
2049,Agri06_Biochar,DE3,0.0
2049,Agri06_Biochar,DE4,0.0
2049,Agri06_Biochar,DE5,0.0
2049,Agri06_Biochar,DE6,0.0
2049,Agri06_Biochar,DE7,0.0
2049,Agri06_Biochar,DE8,0.0
2049,Agri06_Biochar,DE9,0.0
2049,Agri06_Biochar,DEA,0.0
2049,Agri06_Biochar,DEB,0.0
2049,Agri06_Biochar,DEC,0.0
2049,Agri06_Biochar,DEE,0.0
2049,Agri06_Biochar,DED,0.0
2049,Agri06_Biochar,DEF,0.0
2049,Agri06_Biochar,DEG,0.0
2050,Agri01_AGC,DE1,190030.39080000005
2050,Agri01_AGC,DE2,365240.30014526827
2050,Agri01_AGC,DE3,386.9196000000001
2050,Agri01_AGC,DE4,163848.46320000003
2050,Agri01_AGC,DE5,1243.9848000000002
2050,Agri01_AGC,DE6,2043.2963999999997
2050,Agri01_AGC,DE7,81137.76031335922
2050,Agri01_AGC,DE8,180764.90399999998
2050,Agri01_AGC,DE9,320815.4095670384
2050,Agri01_AGC,DEA,198556.98120000004
2050,Agri01_AGC,DEB,98796.60480000003
2050,Agri01_AGC,DEC,10505.2152
2050,Agri01_AGC,DEE,151528.5984
2050,Agri01_AGC,DED,112758.6408
2050,Agri01_AGC,DEF,78047.80352024347
2050,Agri01_AGC,DEG,62404.17935342866
2050,Agri02_OFC,DE1,109432.18201862411
2050,Agri02_OFC,DE2,172787.3538818868
2050,Agri02_OFC,DE3,55868.32004230822
2050,Agri02_OFC,DE4,105875.71120128728
2050,Agri02_OFC,DE5,26023.5160316076
2050,Agri02_OFC,DE6,2974.6407241926318
2050,Agri02_OFC,DE7,38384.53450747918
2050,Agri02_OFC,DE8,106192.77146716701
2050,Agri02_OFC,DE9,151770.89078498408
2050,Agri02_OFC,DEA,111218.05581459227
2050,Agri02_OFC,DEB,66110.59671987205
2050,Agri02_OFC,DEC,40702.070845113514
2050,Agri02_OFC,DEE,81902.59941202807
2050,Agri02_OFC,DED,70422.34383744544
2050,Agri02_OFC,DEF,36922.74220887612
2050,Agri02_OFC,DEG,29522.079073314166
2050,Agri03_No-till,DE1,12189.520490213657
2050,Agri03_No-till,DE2,22001.369109953514
2050,Agri03_No-till,DE3,3894.0571563827502
2050,Agri03_No-till,DE4,11311.163864594064
2050,Agri03_No-till,DE5,1839.4951892628455
2050,Agri03_No-till,DE6,256.0872863904473
2050,Agri03_No-till,DE7,5244.712041851095
2050,Agri03_No-till,DE8,11740.946588086994
2050,Agri03_No-till,DE9,18799.6537775182
2050,Agri03_No-till,DEA,12519.215004665575
2050,Agri03_No-till,DEB,6978.205607538629
2050,Agri03_No-till,DEC,3083.372574503867
2050,Agri03_No-till,DEE,9347.279350535058
2050,Agri03_No-till,DED,7614.543795556209
2050,Agri03_No-till,DEF,5716.573640398044
2050,Agri03_No-till,DEG,4570.4290678832085
2050,Agri04_toGrassland,DE1,3791.6809780013486
2050,Agri04_toGrassland,DE2,6071.8657322044855
2050,Agri04_toGrassland,DE3,1863.890430479236
2050,Agri04_toGrassland,DE4,3653.5733244073313
2050,Agri04_toGrassland,DE5,868.9931443510949
2050,Agri04_toGrassland,DE6,100.74506991466625
2050,Agri04_toGrassland,DE7,1359.8796460576118
2050,Agri04_toGrassland,DE8,3676.7320618484273
2050,Agri04_toGrassland,DE9,5317.11168260045
2050,Agri04_toGrassland,DEA,3857.5945931547185
2050,Agri04_toGrassland,DEB,2278.7402782419967
2050,Agri04_toGrassland,DEC,1365.5150615688765
2050,Agri04_toGrassland,DEE,2844.7373278619298
2050,Agri04_toGrassland,DED,2432.9525032914908
2050,Agri04_toGrassland,DEF,1328.81665159568
2050,Agri04_toGrassland,DEG,1062.4630334708327
2050,Agri05_Agroforestry,DE1,702930.1004895844
2050,Agri05_Agroforestry,DE2,816208.5336209185
2050,Agri05_Agroforestry,DE3,1307.8725000000002
2050,Agri05_Agroforestry,DE4,473584.88600000006
2050,Agri05_Agroforestry,DE5,10736.907666666668
2050,Agri05_Agroforestry,DE6,8691.746166666666
2050,Agri05_Agroforestry,DE7,143247.41674466373
2050,Agri05_Agroforestry,DE8,451053.7198333334
2050,Agri05_Agroforestry,DE9,772968.8551996821
2050,Agri05_Agroforestry,DEA,584425.7143333333
2050,Agri05_Agroforestry,DEB,343413.3161666667
2050,Agri05_Agroforestry,DEC,47840.52216666668
2050,Agri05_Agroforestry,DEE,237338.16800000003
2050,Agri05_Agroforestry,DED,264412.5466666667
2050,Agri05_Agroforestry,DEF,66195.6200469038
2050,Agri05_Agroforestry,DEG,52963.306101980175
2050,Agri06_Biochar,DE1,0.0
2050,Agri06_Biochar,DE2,0.0
2050,Agri06_Biochar,DE3,0.0
2050,Agri06_Biochar,DE4,0.0
2050,Agri06_Biochar,DE5,0.0
2050,Agri06_Biochar,DE6,0.0
2050,Agri06_Biochar,DE7,0.0
2050,Agri06_Biochar,DE8,0.0
2050,Agri06_Biochar,DE9,0.0
2050,Agri06_Biochar,DEA,0.0
2050,Agri06_Biochar,DEB,0.0
2050,Agri06_Biochar,DEC,0.0
2050,Agri06_Biochar,DEE,0.0
2050,Agri06_Biochar,DED,0.0
2050,Agri06_Biochar,DEF,0.0
2050,Agri06_Biochar,DEG,0.0
