year,techAgri,r,costTechAgri
2020,Agri01_AGC,DE1,0.0
2020,Agri01_AGC,DE2,0.0
2020,Agri01_AGC,DE3,0.0
2020,Agri01_AGC,DE4,0.0
2020,Agri01_AGC,DE5,0.0
2020,Agri01_AGC,DE6,0.0
2020,Agri01_AGC,DE7,0.0
2020,Agri01_AGC,DE8,0.0
2020,Agri01_AGC,DE9,0.0
2020,Agri01_AGC,DEA,0.0
2020,Agri01_AGC,DEB,0.0
2020,Agri01_AGC,DEC,0.0
2020,Agri01_AGC,DEE,0.0
2020,Agri01_AGC,DED,0.0
2020,Agri01_AGC,DEF,0.0
2020,Agri01_AGC,DEG,0.0
2020,Agri02_OFC,DE1,0.0
2020,Agri02_OFC,DE2,0.0
2020,Agri02_OFC,DE3,0.0
2020,Agri02_OFC,DE4,0.0
2020,Agri02_OFC,DE5,0.0
2020,Agri02_OFC,DE6,0.0
2020,Agri02_OFC,DE7,0.0
2020,Agri02_OFC,DE8,0.0
2020,Agri02_OFC,DE9,0.0
2020,Agri02_OFC,DEA,0.0
2020,Agri02_OFC,DEB,0.0
2020,Agri02_OFC,DEC,0.0
2020,Agri02_OFC,DEE,0.0
2020,Agri02_OFC,DED,0.0
2020,Agri02_OFC,DEF,0.0
2020,Agri02_OFC,DEG,0.0
2020,Agri03_No-till,DE1,0.0
2020,Agri03_No-till,DE2,0.0
2020,Agri03_No-till,DE3,0.0
2020,Agri03_No-till,DE4,0.0
2020,Agri03_No-till,DE5,0.0
2020,Agri03_No-till,DE6,0.0
2020,Agri03_No-till,DE7,0.0
2020,Agri03_No-till,DE8,0.0
2020,Agri03_No-till,DE9,0.0
2020,Agri03_No-till,DEA,0.0
2020,Agri03_No-till,DEB,0.0
2020,Agri03_No-till,DEC,0.0
2020,Agri03_No-till,DEE,0.0
2020,Agri03_No-till,DED,0.0
2020,Agri03_No-till,DEF,0.0
2020,Agri03_No-till,DEG,0.0
2020,Agri04_toGrassland,DE1,0.0
2020,Agri04_toGrassland,DE2,0.0
2020,Agri04_toGrassland,DE3,0.0
2020,Agri04_toGrassland,DE4,0.0
2020,Agri04_toGrassland,DE5,0.0
2020,Agri04_toGrassland,DE6,0.0
2020,Agri04_toGrassland,DE7,0.0
2020,Agri04_toGrassland,DE8,0.0
2020,Agri04_toGrassland,DE9,0.0
2020,Agri04_toGrassland,DEA,0.0
2020,Agri04_toGrassland,DEB,0.0
2020,Agri04_toGrassland,DEC,0.0
2020,Agri04_toGrassland,DEE,0.0
2020,Agri04_toGrassland,DED,0.0
2020,Agri04_toGrassland,DEF,0.0
2020,Agri04_toGrassland,DEG,0.0
2020,Agri05_Agroforestry,DE1,0.0
2020,Agri05_Agroforestry,DE2,0.0
2020,Agri05_Agroforestry,DE3,0.0
2020,Agri05_Agroforestry,DE4,0.0
2020,Agri05_Agroforestry,DE5,0.0
2020,Agri05_Agroforestry,DE6,0.0
2020,Agri05_Agroforestry,DE7,0.0
2020,Agri05_Agroforestry,DE8,0.0
2020,Agri05_Agroforestry,DE9,0.0
2020,Agri05_Agroforestry,DEA,0.0
2020,Agri05_Agroforestry,DEB,0.0
2020,Agri05_Agroforestry,DEC,0.0
2020,Agri05_Agroforestry,DEE,0.0
2020,Agri05_Agroforestry,DED,0.0
2020,Agri05_Agroforestry,DEF,0.0
2020,Agri05_Agroforestry,DEG,0.0
2020,Agri06_Biochar,DE1,0.0
2020,Agri06_Biochar,DE2,0.0
2020,Agri06_Biochar,DE3,0.0
2020,Agri06_Biochar,DE4,0.0
2020,Agri06_Biochar,DE5,0.0
2020,Agri06_Biochar,DE6,0.0
2020,Agri06_Biochar,DE7,0.0
2020,Agri06_Biochar,DE8,0.0
2020,Agri06_Biochar,DE9,0.0
2020,Agri06_Biochar,DEA,0.0
2020,Agri06_Biochar,DEB,0.0
2020,Agri06_Biochar,DEC,0.0
2020,Agri06_Biochar,DEE,0.0
2020,Agri06_Biochar,DED,0.0
2020,Agri06_Biochar,DEF,0.0
2020,Agri06_Biochar,DEG,0.0
2021,Agri01_AGC,DE1,1724834.5755520654
2021,Agri01_AGC,DE2,3760809.734789237
2021,Agri01_AGC,DE3,0.0
2021,Agri01_AGC,DE4,1487191.0397525227
2021,Agri01_AGC,DE5,0.0
2021,Agri01_AGC,DE6,0.0
2021,Agri01_AGC,DE7,969947.1642969326
2021,Agri01_AGC,DE8,1640735.2274178967
2021,Agri01_AGC,DE9,3105428.8902510074
2021,Agri01_AGC,DEA,1802227.2382286831
2021,Agri01_AGC,DEB,896739.7224665033
2021,Agri01_AGC,DEC,0.0
2021,Agri01_AGC,DEE,1375368.2482310787
2021,Agri01_AGC,DED,1023467.88598035
2021,Agri01_AGC,DEF,1185916.1990979079
2021,Agri01_AGC,DEG,948089.2646464282
2021,Agri02_OFC,DE1,0.0
2021,Agri02_OFC,DE2,0.0
2021,Agri02_OFC,DE3,0.0
2021,Agri02_OFC,DE4,0.0
2021,Agri02_OFC,DE5,0.0
2021,Agri02_OFC,DE6,0.0
2021,Agri02_OFC,DE7,0.0
2021,Agri02_OFC,DE8,0.0
2021,Agri02_OFC,DE9,0.0
2021,Agri02_OFC,DEA,0.0
2021,Agri02_OFC,DEB,0.0
2021,Agri02_OFC,DEC,0.0
2021,Agri02_OFC,DEE,0.0
2021,Agri02_OFC,DED,0.0
2021,Agri02_OFC,DEF,0.0
2021,Agri02_OFC,DEG,0.0
2021,Agri03_No-till,DE1,0.0
2021,Agri03_No-till,DE2,0.0
2021,Agri03_No-till,DE3,0.0
2021,Agri03_No-till,DE4,0.0
2021,Agri03_No-till,DE5,0.0
2021,Agri03_No-till,DE6,0.0
2021,Agri03_No-till,DE7,0.0
2021,Agri03_No-till,DE8,0.0
2021,Agri03_No-till,DE9,0.0
2021,Agri03_No-till,DEA,0.0
2021,Agri03_No-till,DEB,0.0
2021,Agri03_No-till,DEC,0.0
2021,Agri03_No-till,DEE,0.0
2021,Agri03_No-till,DED,0.0
2021,Agri03_No-till,DEF,0.0
2021,Agri03_No-till,DEG,0.0
2021,Agri04_toGrassland,DE1,18773.04354800976
2021,Agri04_toGrassland,DE2,40932.53111208067
2021,Agri04_toGrassland,DE3,38.223667644946595
2021,Agri04_toGrassland,DE4,16186.539016095494
2021,Agri04_toGrassland,DE5,122.89287374060488
2021,Agri04_toGrassland,DE6,201.85661955020066
2021,Agri04_toGrassland,DE7,10556.873460625526
2021,Agri04_toGrassland,DE8,17857.7089720104
2021,Agri04_toGrassland,DE9,33799.387267773374
2021,Agri04_toGrassland,DEA,19615.382777126586
2021,Agri04_toGrassland,DEB,9760.08603938476
2021,Agri04_toGrassland,DEC,1037.8069613000766
2021,Agri04_toGrassland,DEE,14969.463381917547
2021,Agri04_toGrassland,DED,11139.391258636453
2021,Agri04_toGrassland,DEF,12907.473427026744
2021,Agri04_toGrassland,DEG,10318.972790136233
2021,Agri05_Agroforestry,DE1,130101.33401017981
2021,Agri05_Agroforestry,DE2,283671.4722615907
2021,Agri05_Agroforestry,DE3,264.89845073078266
2021,Agri05_Agroforestry,DE4,112176.28689862092
2021,Agri05_Agroforestry,DE5,851.6747310103766
2021,Agri05_Agroforestry,DE6,1398.9109126128146
2021,Agri05_Agroforestry,DE7,73161.4624283793
2021,Agri05_Agroforestry,DE8,123757.86343234779
2021,Agri05_Agroforestry,DE9,234237.2115111932
2021,Agri05_Agroforestry,DEA,135938.9307278854
2021,Agri05_Agroforestry,DEB,67639.54979014091
2021,Agri05_Agroforestry,DEC,7192.231231174303
2021,Agri05_Agroforestry,DEE,103741.6842092438
2021,Agri05_Agroforestry,DED,77198.43929960852
2021,Agri05_Agroforestry,DEF,89451.63884921352
2021,Agri05_Agroforestry,DEG,71512.75828973395
2021,Agri06_Biochar,DE1,0.0
2021,Agri06_Biochar,DE2,0.0
2021,Agri06_Biochar,DE3,0.0
2021,Agri06_Biochar,DE4,0.0
2021,Agri06_Biochar,DE5,0.0
2021,Agri06_Biochar,DE6,0.0
2021,Agri06_Biochar,DE7,0.0
2021,Agri06_Biochar,DE8,0.0
2021,Agri06_Biochar,DE9,0.0
2021,Agri06_Biochar,DEA,0.0
2021,Agri06_Biochar,DEB,0.0
2021,Agri06_Biochar,DEC,0.0
2021,Agri06_Biochar,DEE,0.0
2021,Agri06_Biochar,DED,0.0
2021,Agri06_Biochar,DEF,0.0
2021,Agri06_Biochar,DEG,0.0
2022,Agri01_AGC,DE1,3392355.1781078847
2022,Agri01_AGC,DE2,7260435.613390237
2022,Agri01_AGC,DE3,0.0
2022,Agri01_AGC,DE4,2948808.471977227
2022,Agri01_AGC,DE5,0.0
2022,Agri01_AGC,DE6,0.0
2022,Agri01_AGC,DE7,1859744.6261444835
2022,Agri01_AGC,DE8,3231289.4929146124
2022,Agri01_AGC,DE9,6014011.509527793
2022,Agri01_AGC,DEA,3538102.709489247
2022,Agri01_AGC,DEB,1782757.5216149671
2022,Agri01_AGC,DEC,0.0
2022,Agri01_AGC,DEE,2693946.4438399663
2022,Agri01_AGC,DED,2024286.1951208182
2022,Agri01_AGC,DEF,2253122.649742423
2022,Agri01_AGC,DEG,1801283.2901307752
2022,Agri02_OFC,DE1,0.0
2022,Agri02_OFC,DE2,0.0
2022,Agri02_OFC,DE3,0.0
2022,Agri02_OFC,DE4,0.0
2022,Agri02_OFC,DE5,0.0
2022,Agri02_OFC,DE6,0.0
2022,Agri02_OFC,DE7,0.0
2022,Agri02_OFC,DE8,0.0
2022,Agri02_OFC,DE9,0.0
2022,Agri02_OFC,DEA,0.0
2022,Agri02_OFC,DEB,0.0
2022,Agri02_OFC,DEC,0.0
2022,Agri02_OFC,DEE,0.0
2022,Agri02_OFC,DED,0.0
2022,Agri02_OFC,DEF,0.0
2022,Agri02_OFC,DEG,0.0
2022,Agri03_No-till,DE1,0.0
2022,Agri03_No-till,DE2,0.0
2022,Agri03_No-till,DE3,0.0
2022,Agri03_No-till,DE4,0.0
2022,Agri03_No-till,DE5,0.0
2022,Agri03_No-till,DE6,0.0
2022,Agri03_No-till,DE7,0.0
2022,Agri03_No-till,DE8,0.0
2022,Agri03_No-till,DE9,0.0
2022,Agri03_No-till,DEA,0.0
2022,Agri03_No-till,DEB,0.0
2022,Agri03_No-till,DEC,0.0
2022,Agri03_No-till,DEE,0.0
2022,Agri03_No-till,DED,0.0
2022,Agri03_No-till,DEF,0.0
2022,Agri03_No-till,DEG,0.0
2022,Agri04_toGrassland,DE1,37618.4019568372
2022,Agri04_toGrassland,DE2,80512.20197956635
2022,Agri04_toGrassland,DE3,1353.6817061226975
2022,Agri04_toGrassland,DE4,32699.83730136361
2022,Agri04_toGrassland,DE5,827.0685072851915
2022,Agri04_toGrassland,DE6,445.75504813906684
2022,Agri04_toGrassland,DE7,20623.023595775794
2022,Agri04_toGrassland,DE8,35832.31725493007
2022,Agri04_toGrassland,DE9,66690.39368237603
2022,Agri04_toGrassland,DEA,39234.62105296937
2022,Agri04_toGrassland,DEB,19769.300535651022
2022,Agri04_toGrassland,DEC,2874.8999085060696
2022,Agri04_toGrassland,DEE,29873.629043491954
2022,Agri04_toGrassland,DED,22447.65296250762
2022,Agri04_toGrassland,DEF,24985.259221394255
2022,Agri04_toGrassland,DEG,19974.735924929948
2022,Agri05_Agroforestry,DE1,326766.24191409315
2022,Agri05_Agroforestry,DE2,644381.7094950102
2022,Agri05_Agroforestry,DE3,17403.068862772416
2022,Agri05_Agroforestry,DE4,293664.8202272266
2022,Agri05_Agroforestry,DE5,28322.280730221028
2022,Agri05_Agroforestry,DE6,5373.7585346071255
2022,Agri05_Agroforestry,DE7,159799.13254881903
2022,Agri05_Agroforestry,DE8,313002.6400162322
2022,Agri05_Agroforestry,DE9,541497.2562068574
2022,Agri05_Agroforestry,DEA,338195.6588463187
2022,Agri05_Agroforestry,DEB,179421.4079549674
2022,Agri05_Agroforestry,DEC,53916.22630555449
2022,Agri05_Agroforestry,DEE,255017.44472474567
2022,Agri05_Agroforestry,DED,199572.19564993784
2022,Agri05_Agroforestry,DEF,185025.13037842698
2022,Agri05_Agroforestry,DEG,147923.73813086885
2022,Agri06_Biochar,DE1,0.0
2022,Agri06_Biochar,DE2,0.0
2022,Agri06_Biochar,DE3,0.0
2022,Agri06_Biochar,DE4,0.0
2022,Agri06_Biochar,DE5,0.0
2022,Agri06_Biochar,DE6,0.0
2022,Agri06_Biochar,DE7,0.0
2022,Agri06_Biochar,DE8,0.0
2022,Agri06_Biochar,DE9,0.0
2022,Agri06_Biochar,DEA,0.0
2022,Agri06_Biochar,DEB,0.0
2022,Agri06_Biochar,DEC,0.0
2022,Agri06_Biochar,DEE,0.0
2022,Agri06_Biochar,DED,0.0
2022,Agri06_Biochar,DEF,0.0
2022,Agri06_Biochar,DEG,0.0
2023,Agri01_AGC,DE1,4996247.812069951
2023,Agri01_AGC,DE2,10499479.100097902
2023,Agri01_AGC,DE3,0.0
2023,Agri01_AGC,DE4,4376893.14247929
2023,Agri01_AGC,DE5,0.0
2023,Agri01_AGC,DE6,0.0
2023,Agri01_AGC,DE7,2670896.410246952
2023,Agri01_AGC,DE8,4765199.025254822
2023,Agri01_AGC,DE9,8724259.113050552
2023,Agri01_AGC,DEA,5201711.171598225
2023,Agri01_AGC,DEB,2652758.6338008163
2023,Agri01_AGC,DEC,0.0
2023,Agri01_AGC,DEE,3951869.483880259
2023,Agri01_AGC,DED,2997510.223410776
2023,Agri01_AGC,DEF,3205643.199590791
2023,Agri01_AGC,DEG,2562798.1133572552
2023,Agri02_OFC,DE1,0.0
2023,Agri02_OFC,DE2,0.0
2023,Agri02_OFC,DE3,0.0
2023,Agri02_OFC,DE4,0.0
2023,Agri02_OFC,DE5,0.0
2023,Agri02_OFC,DE6,0.0
2023,Agri02_OFC,DE7,0.0
2023,Agri02_OFC,DE8,0.0
2023,Agri02_OFC,DE9,0.0
2023,Agri02_OFC,DEA,0.0
2023,Agri02_OFC,DEB,0.0
2023,Agri02_OFC,DEC,0.0
2023,Agri02_OFC,DEE,0.0
2023,Agri02_OFC,DED,0.0
2023,Agri02_OFC,DEF,0.0
2023,Agri02_OFC,DEG,0.0
2023,Agri03_No-till,DE1,0.0
2023,Agri03_No-till,DE2,0.0
2023,Agri03_No-till,DE3,0.0
2023,Agri03_No-till,DE4,0.0
2023,Agri03_No-till,DE5,0.0
2023,Agri03_No-till,DE6,0.0
2023,Agri03_No-till,DE7,0.0
2023,Agri03_No-till,DE8,0.0
2023,Agri03_No-till,DE9,0.0
2023,Agri03_No-till,DEA,0.0
2023,Agri03_No-till,DEB,0.0
2023,Agri03_No-till,DEC,0.0
2023,Agri03_No-till,DEE,0.0
2023,Agri03_No-till,DED,0.0
2023,Agri03_No-till,DEF,0.0
2023,Agri03_No-till,DEG,0.0
2023,Agri04_toGrassland,DE1,56504.20323969826
2023,Agri04_toGrassland,DE2,118742.04869295824
2023,Agri04_toGrassland,DE3,3884.9889669202303
2023,Agri04_toGrassland,DE4,49499.71838539158
2023,Agri04_toGrassland,DE5,2084.43028065254
2023,Agri04_toGrassland,DE6,729.3712507972893
2023,Agri04_toGrassland,DE7,30206.042468948166
2023,Agri04_toGrassland,DE8,53891.19681977072
2023,Agri04_toGrassland,DE9,98665.50431079703
2023,Agri04_toGrassland,DEA,58827.85568084629
2023,Agri04_toGrassland,DEB,30000.91641332042
2023,Agri04_toGrassland,DEC,5471.330564424421
2023,Agri04_toGrassland,DEE,44692.986595758826
2023,Agri04_toGrassland,DED,33899.82507823303
2023,Agri04_toGrassland,DEF,36253.66908864181
2023,Agri04_toGrassland,DEG,28983.52341723801
2023,Agri05_Agroforestry,DE1,597820.2016206844
2023,Agri05_Agroforestry,DE2,1089163.2644048058
2023,Agri05_Agroforestry,DE3,18257.519886389975
2023,Agri05_Agroforestry,DE4,552968.5840719774
2023,Agri05_Agroforestry,DE5,86319.650362656
2023,Agri05_Agroforestry,DE6,12282.682866307357
2023,Agri05_Agroforestry,DE7,260785.1551847707
2023,Agri05_Agroforestry,DE8,575497.7090405546
2023,Agri05_Agroforestry,DE9,928973.0778690007
2023,Agri05_Agroforestry,DEA,614470.6694162932
2023,Agri05_Agroforestry,DEB,340818.6163026325
2023,Agri05_Agroforestry,DEC,145885.34772755706
2023,Agri05_Agroforestry,DEE,459250.782967833
2023,Agri05_Agroforestry,DED,372601.0723131054
2023,Agri05_Agroforestry,DEF,286261.5945792214
2023,Agri05_Agroforestry,DEG,228866.68292925262
2023,Agri06_Biochar,DE1,0.0
2023,Agri06_Biochar,DE2,0.0
2023,Agri06_Biochar,DE3,0.0
2023,Agri06_Biochar,DE4,0.0
2023,Agri06_Biochar,DE5,0.0
2023,Agri06_Biochar,DE6,0.0
2023,Agri06_Biochar,DE7,0.0
2023,Agri06_Biochar,DE8,0.0
2023,Agri06_Biochar,DE9,0.0
2023,Agri06_Biochar,DEA,0.0
2023,Agri06_Biochar,DEB,0.0
2023,Agri06_Biochar,DEC,0.0
2023,Agri06_Biochar,DEE,0.0
2023,Agri06_Biochar,DED,0.0
2023,Agri06_Biochar,DEF,0.0
2023,Agri06_Biochar,DEG,0.0
2024,Agri01_AGC,DE1,6530198.4818407595
2024,Agri01_AGC,DE2,13478541.659207141
2024,Agri01_AGC,DE3,0.0
2024,Agri01_AGC,DE4,5763485.897063891
2024,Agri01_AGC,DE5,0.0
2024,Agri01_AGC,DE6,28829.862591037905
2024,Agri01_AGC,DE7,3404906.541308639
2024,Agri01_AGC,DE8,6236000.053203205
2024,Agri01_AGC,DE9,11234682.956039485
2024,Agri01_AGC,DEA,6787137.382372156
2024,Agri01_AGC,DEB,3501448.295379475
2024,Agri01_AGC,DEC,0.0
2024,Agri01_AGC,DEE,5145272.265405553
2024,Agri01_AGC,DED,3938195.266839596
2024,Agri01_AGC,DEF,4047501.6963002565
2024,Agri01_AGC,DEG,3235849.771230084
2024,Agri02_OFC,DE1,0.0
2024,Agri02_OFC,DE2,0.0
2024,Agri02_OFC,DE3,0.0
2024,Agri02_OFC,DE4,0.0
2024,Agri02_OFC,DE5,0.0
2024,Agri02_OFC,DE6,0.0
2024,Agri02_OFC,DE7,0.0
2024,Agri02_OFC,DE8,0.0
2024,Agri02_OFC,DE9,0.0
2024,Agri02_OFC,DEA,0.0
2024,Agri02_OFC,DEB,0.0
2024,Agri02_OFC,DEC,0.0
2024,Agri02_OFC,DEE,0.0
2024,Agri02_OFC,DED,0.0
2024,Agri02_OFC,DEF,0.0
2024,Agri02_OFC,DEG,0.0
2024,Agri03_No-till,DE1,0.0
2024,Agri03_No-till,DE2,0.0
2024,Agri03_No-till,DE3,0.0
2024,Agri03_No-till,DE4,0.0
2024,Agri03_No-till,DE5,0.0
2024,Agri03_No-till,DE6,0.0
2024,Agri03_No-till,DE7,0.0
2024,Agri03_No-till,DE8,0.0
2024,Agri03_No-till,DE9,0.0
2024,Agri03_No-till,DEA,0.0
2024,Agri03_No-till,DEB,0.0
2024,Agri03_No-till,DEC,0.0
2024,Agri03_No-till,DEE,0.0
2024,Agri03_No-till,DED,0.0
2024,Agri03_No-till,DEF,0.0
2024,Agri03_No-till,DEG,0.0
2024,Agri04_toGrassland,DE1,75398.5754098089
2024,Agri04_toGrassland,DE2,155625.10734275758
2024,Agri04_toGrassland,DE3,7570.760301524521
2024,Agri04_toGrassland,DE4,66546.0057977666
2024,Agri04_toGrassland,DE5,3866.8815738614308
2024,Agri04_toGrassland,DE6,1050.381192555559
2024,Agri04_toGrassland,DE7,39313.52214364
2024,Agri04_toGrassland,DE8,72001.71963754404
2024,Agri04_toGrassland,DE9,129717.20422002542
2024,Agri04_toGrassland,DEA,78365.22751407528
2024,Agri04_toGrassland,DEB,40428.20659691459
2024,Agri04_toGrassland,DEC,8787.150651861573
2024,Agri04_toGrassland,DEE,59408.02564975378
2024,Agri04_toGrassland,DED,45470.94757243224
2024,Agri04_toGrassland,DEF,46733.01473430867
2024,Agri04_toGrassland,DEG,37361.569279917305
2024,Agri05_Agroforestry,DE1,951088.6910388974
2024,Agri05_Agroforestry,DE2,1625048.6896955243
2024,Agri05_Agroforestry,DE3,19111.97091000753
2024,Agri05_Agroforestry,DE4,898590.5625190338
2024,Agri05_Agroforestry,DE5,156898.67857055648
2024,Agri05_Agroforestry,DE6,22483.823908037928
2024,Agri05_Agroforestry,DE7,376991.67515968555
2024,Agri05_Agroforestry,DE8,919006.449794216
2024,Agri05_Agroforestry,DE9,1403857.6202796313
2024,Agri05_Agroforestry,DEA,972464.4474988015
2024,Agri05_Agroforestry,DEB,557304.2166412891
2024,Agri05_Agroforestry,DEC,288812.9580015985
2024,Agri05_Agroforestry,DEE,721865.200359833
2024,Agri05_Agroforestry,DED,601764.8725512287
2024,Agri05_Agroforestry,DEF,392702.1514431777
2024,Agri05_Agroforestry,DEG,313975.336090733
2024,Agri06_Biochar,DE1,0.0
2024,Agri06_Biochar,DE2,0.0
2024,Agri06_Biochar,DE3,0.0
2024,Agri06_Biochar,DE4,0.0
2024,Agri06_Biochar,DE5,0.0
2024,Agri06_Biochar,DE6,0.0
2024,Agri06_Biochar,DE7,0.0
2024,Agri06_Biochar,DE8,0.0
2024,Agri06_Biochar,DE9,0.0
2024,Agri06_Biochar,DEA,0.0
2024,Agri06_Biochar,DEB,0.0
2024,Agri06_Biochar,DEC,0.0
2024,Agri06_Biochar,DEE,0.0
2024,Agri06_Biochar,DED,0.0
2024,Agri06_Biochar,DEF,0.0
2024,Agri06_Biochar,DEG,0.0
2025,Agri01_AGC,DE1,7987893.1918228
2025,Agri01_AGC,DE2,16198224.755012855
2025,Agri01_AGC,DE3,0.0
2025,Agri01_AGC,DE4,7100627.581536206
2025,Agri01_AGC,DE5,0.0
2025,Agri01_AGC,DE6,59383.38076146506
2025,Agri01_AGC,DE7,4063279.044033844
2025,Agri01_AGC,DE8,7637228.805524432
2025,Agri01_AGC,DE9,13543794.293714788
2025,Agri01_AGC,DEA,8288466.099627572
2025,Agri01_AGC,DEB,4323531.742706369
2025,Agri01_AGC,DEC,0.0
2025,Agri01_AGC,DEE,6270289.685469444
2025,Agri01_AGC,DED,4841396.62139665
2025,Agri01_AGC,DEF,4782721.987528064
2025,Agri01_AGC,DEG,3823654.3006534753
2025,Agri02_OFC,DE1,0.0
2025,Agri02_OFC,DE2,0.0
2025,Agri02_OFC,DE3,0.0
2025,Agri02_OFC,DE4,0.0
2025,Agri02_OFC,DE5,0.0
2025,Agri02_OFC,DE6,0.0
2025,Agri02_OFC,DE7,0.0
2025,Agri02_OFC,DE8,0.0
2025,Agri02_OFC,DE9,0.0
2025,Agri02_OFC,DEA,0.0
2025,Agri02_OFC,DEB,0.0
2025,Agri02_OFC,DEC,0.0
2025,Agri02_OFC,DEE,0.0
2025,Agri02_OFC,DED,0.0
2025,Agri02_OFC,DEF,0.0
2025,Agri02_OFC,DEG,0.0
2025,Agri03_No-till,DE1,0.0
2025,Agri03_No-till,DE2,0.0
2025,Agri03_No-till,DE3,0.0
2025,Agri03_No-till,DE4,0.0
2025,Agri03_No-till,DE5,0.0
2025,Agri03_No-till,DE6,0.0
2025,Agri03_No-till,DE7,0.0
2025,Agri03_No-till,DE8,0.0
2025,Agri03_No-till,DE9,0.0
2025,Agri03_No-till,DEA,0.0
2025,Agri03_No-till,DEB,0.0
2025,Agri03_No-till,DEC,0.0
2025,Agri03_No-till,DEE,0.0
2025,Agri03_No-till,DED,0.0
2025,Agri03_No-till,DEF,0.0
2025,Agri03_No-till,DEG,0.0
2025,Agri04_toGrassland,DE1,94269.64648038504
2025,Agri04_toGrassland,DE2,191164.41401946556
2025,Agri04_toGrassland,DE3,12349.610561422553
2025,Agri04_toGrassland,DE4,83798.52306807593
2025,Agri04_toGrassland,DE5,6146.325766930646
2025,Agri04_toGrassland,DE6,1406.460838444567
2025,Agri04_toGrassland,DE7,47953.054683348695
2025,Agri04_toGrassland,DE8,90131.25767926176
2025,Agri04_toGrassland,DE9,159837.9784770503
2025,Agri04_toGrassland,DEA,97816.87740597429
2025,Agri04_toGrassland,DEB,51024.44401095518
2025,Agri04_toGrassland,DEC,12782.411893623974
2025,Agri04_toGrassland,DEE,73999.23581651242
2025,Agri04_toGrassland,DED,57136.0604117248
2025,Agri04_toGrassland,DEF,56443.607863934114
2025,Agri04_toGrassland,DEG,45125.10752582472
2025,Agri05_Agroforestry,DE1,1394397.1880776768
2025,Agri05_Agroforestry,DE2,2259070.5380717134
2025,Agri05_Agroforestry,DE3,19966.42193362509
2025,Agri05_Agroforestry,DE4,1339033.739654556
2025,Agri05_Agroforestry,DE5,163913.24745725648
2025,Agri05_Agroforestry,DE6,36335.321660123256
2025,Agri05_Agroforestry,DE7,509290.8372970152
2025,Agri05_Agroforestry,DE8,1351292.241566118
2025,Agri05_Agroforestry,DE9,1973343.8272207582
2025,Agri05_Agroforestry,DEA,1419877.478154837
2025,Agri05_Agroforestry,DEB,834351.2507790901
2025,Agri05_Agroforestry,DEC,488412.4196320953
2025,Agri05_Agroforestry,DEE,1048284.1983220734
2025,Agri05_Agroforestry,DED,892543.3996264254
2025,Agri05_Agroforestry,DEF,503887.9209618771
2025,Agri05_Agroforestry,DEG,402883.441021158
2025,Agri06_Biochar,DE1,0.0
2025,Agri06_Biochar,DE2,0.0
2025,Agri06_Biochar,DE3,0.0
2025,Agri06_Biochar,DE4,0.0
2025,Agri06_Biochar,DE5,0.0
2025,Agri06_Biochar,DE6,0.0
2025,Agri06_Biochar,DE7,0.0
2025,Agri06_Biochar,DE8,0.0
2025,Agri06_Biochar,DE9,0.0
2025,Agri06_Biochar,DEA,0.0
2025,Agri06_Biochar,DEB,0.0
2025,Agri06_Biochar,DEC,0.0
2025,Agri06_Biochar,DEE,0.0
2025,Agri06_Biochar,DED,0.0
2025,Agri06_Biochar,DEF,0.0
2025,Agri06_Biochar,DEG,0.0
2026,Agri01_AGC,DE1,9363017.946418572
2026,Agri01_AGC,DE2,18659129.851809956
2026,Agri01_AGC,DE3,0.0
2026,Agri01_AGC,DE4,8380359.041701417
2026,Agri01_AGC,DE5,0.0
2026,Agri01_AGC,DE6,91200.15188046689
2026,Agri01_AGC,DE7,4647517.943126869
2026,Agri01_AGC,DE8,8962421.510983184
2026,Agri01_AGC,DE9,15650104.381296666
2026,Agri01_AGC,DEA,9699782.081181016
2026,Agri01_AGC,DEB,5113714.212136923
2026,Agri01_AGC,DEC,401531.7733941895
2026,Agri01_AGC,DEE,7323056.641125531
2026,Agri01_AGC,DED,5702169.58307131
2026,Agri01_AGC,DEF,5415327.920931462
2026,Agri01_AGC,DEG,4329427.738531646
2026,Agri02_OFC,DE1,0.0
2026,Agri02_OFC,DE2,0.0
2026,Agri02_OFC,DE3,0.0
2026,Agri02_OFC,DE4,0.0
2026,Agri02_OFC,DE5,0.0
2026,Agri02_OFC,DE6,0.0
2026,Agri02_OFC,DE7,0.0
2026,Agri02_OFC,DE8,0.0
2026,Agri02_OFC,DE9,0.0
2026,Agri02_OFC,DEA,0.0
2026,Agri02_OFC,DEB,0.0
2026,Agri02_OFC,DEC,0.0
2026,Agri02_OFC,DEE,0.0
2026,Agri02_OFC,DED,0.0
2026,Agri02_OFC,DEF,0.0
2026,Agri02_OFC,DEG,0.0
2026,Agri03_No-till,DE1,0.0
2026,Agri03_No-till,DE2,0.0
2026,Agri03_No-till,DE3,0.0
2026,Agri03_No-till,DE4,0.0
2026,Agri03_No-till,DE5,0.0
2026,Agri03_No-till,DE6,0.0
2026,Agri03_No-till,DE7,0.0
2026,Agri03_No-till,DE8,0.0
2026,Agri03_No-till,DE9,0.0
2026,Agri03_No-till,DEA,0.0
2026,Agri03_No-till,DEB,0.0
2026,Agri03_No-till,DEC,0.0
2026,Agri03_No-till,DEE,0.0
2026,Agri03_No-till,DED,0.0
2026,Agri03_No-till,DEF,0.0
2026,Agri03_No-till,DEG,0.0
2026,Agri04_toGrassland,DE1,113085.54446464263
2026,Agri04_toGrassland,DE2,225363.00481358336
2026,Agri04_toGrassland,DE3,18160.154598101297
2026,Agri04_toGrassland,DE4,101217.09372590673
2026,Agri04_toGrassland,DE5,8894.666239878963
2026,Agri04_toGrassland,DE6,1795.2861534950034
2026,Agri04_toGrassland,DE7,56132.232151571574
2026,Agri04_toGrassland,DE8,108247.18291593554
2026,Agri04_toGrassland,DE9,189020.3121488606
2026,Agri04_toGrassland,DEA,117152.9462098612
2026,Agri04_toGrassland,DEB,61762.90157996381
2026,Agri04_toGrassland,DEC,17417.166012518053
2026,Agri04_toGrassland,DEE,88447.10670707034
2026,Agri04_toGrassland,DED,68870.20356273022
2026,Agri04_toGrassland,DEF,65405.7601830574
2026,Agri04_toGrassland,DEG,52290.372167817106
2026,Agri05_Agroforestry,DE1,1935571.1706459662
2026,Agri05_Agroforestry,DE2,2998261.3622379187
2026,Agri05_Agroforestry,DE3,20820.872957242642
2026,Agri05_Agroforestry,DE4,1882801.0995647039
2026,Agri05_Agroforestry,DE5,170927.81634395642
2026,Agri05_Agroforestry,DE6,54195.316122887765
2026,Agri05_Agroforestry,DE7,658554.7864202107
2026,Agri05_Agroforestry,DE8,1880118.4636451616
2026,Agri05_Agroforestry,DE9,2644624.6424743882
2026,Agri05_Agroforestry,DEA,1964410.246445392
2026,Agri05_Agroforestry,DEB,1177432.7605241882
2026,Agri05_Agroforestry,DEC,750397.0951234638
2026,Agri05_Agroforestry,DEE,1443931.2782758812
2026,Agri05_Agroforestry,DED,1250416.4568008124
2026,Agri05_Agroforestry,DEF,619360.0231269002
2026,Agri05_Agroforestry,DEG,495224.7411263752
2026,Agri06_Biochar,DE1,0.0
2026,Agri06_Biochar,DE2,0.0
2026,Agri06_Biochar,DE3,0.0
2026,Agri06_Biochar,DE4,0.0
2026,Agri06_Biochar,DE5,0.0
2026,Agri06_Biochar,DE6,0.0
2026,Agri06_Biochar,DE7,0.0
2026,Agri06_Biochar,DE8,0.0
2026,Agri06_Biochar,DE9,0.0
2026,Agri06_Biochar,DEA,0.0
2026,Agri06_Biochar,DEB,0.0
2026,Agri06_Biochar,DEC,0.0
2026,Agri06_Biochar,DEE,0.0
2026,Agri06_Biochar,DED,0.0
2026,Agri06_Biochar,DEF,0.0
2026,Agri06_Biochar,DEG,0.0
2027,Agri01_AGC,DE1,10649258.750030562
2027,Agri01_AGC,DE2,20861858.41389334
2027,Agri01_AGC,DE3,65568.57021332315
2027,Agri01_AGC,DE4,9594721.123364694
2027,Agri01_AGC,DE5,210809.44129764102
2027,Agri01_AGC,DE6,123819.77331722868
2027,Agri01_AGC,DE7,5159127.263292013
2027,Agri01_AGC,DE8,10205114.398344131
2027,Agri01_AGC,DE9,17552124.474005304
2027,Agri01_AGC,DEA,11015170.084849013
2027,Agri01_AGC,DEB,5866700.940026559
2027,Agri01_AGC,DEC,832042.9587630457
2027,Agri01_AGC,DEE,8299708.0294274045
2027,Agri01_AGC,DED,6515569.447852946
2027,Agri01_AGC,DEF,5949343.344167692
2027,Agri01_AGC,DEG,4756386.121768809
2027,Agri02_OFC,DE1,0.0
2027,Agri02_OFC,DE2,0.0
2027,Agri02_OFC,DE3,0.0
2027,Agri02_OFC,DE4,0.0
2027,Agri02_OFC,DE5,0.0
2027,Agri02_OFC,DE6,0.0
2027,Agri02_OFC,DE7,0.0
2027,Agri02_OFC,DE8,0.0
2027,Agri02_OFC,DE9,0.0
2027,Agri02_OFC,DEA,0.0
2027,Agri02_OFC,DEB,0.0
2027,Agri02_OFC,DEC,0.0
2027,Agri02_OFC,DEE,0.0
2027,Agri02_OFC,DED,0.0
2027,Agri02_OFC,DEF,0.0
2027,Agri02_OFC,DEG,0.0
2027,Agri03_No-till,DE1,0.0
2027,Agri03_No-till,DE2,0.0
2027,Agri03_No-till,DE3,0.0
2027,Agri03_No-till,DE4,0.0
2027,Agri03_No-till,DE5,0.0
2027,Agri03_No-till,DE6,0.0
2027,Agri03_No-till,DE7,0.0
2027,Agri03_No-till,DE8,0.0
2027,Agri03_No-till,DE9,0.0
2027,Agri03_No-till,DEA,0.0
2027,Agri03_No-till,DEB,0.0
2027,Agri03_No-till,DEC,0.0
2027,Agri03_No-till,DEE,0.0
2027,Agri03_No-till,DED,0.0
2027,Agri03_No-till,DEF,0.0
2027,Agri03_No-till,DEG,0.0
2027,Agri04_toGrassland,DE1,131814.39737579762
2027,Agri04_toGrassland,DE2,258223.91581561224
2027,Agri04_toGrassland,DE3,24941.007263047733
2027,Agri04_toGrassland,DE4,118761.54130084626
2027,Agri04_toGrassland,DE5,12083.806372725165
2027,Agri04_toGrassland,DE6,2214.5331027375596
2027,Agri04_toGrassland,DE7,63858.64661180602
2027,Agri04_toGrassland,DE8,126316.8673185771
2027,Agri04_toGrassland,DE9,217256.69030244547
2027,Agri04_toGrassland,DEA,136343.57477905398
2027,Agri04_toGrassland,DEB,72616.8522284621
2027,Agri04_toGrassland,DEC,22651.46473135027
2027,Agri04_toGrassland,DEE,102732.12793246316
2027,Agri04_toGrassland,DED,80648.41699206809
2027,Agri04_toGrassland,DEF,73639.78339721779
2027,Agri04_toGrassland,DEG,58873.59721875135
2027,Agri05_Agroforestry,DE1,2582436.116652711
2027,Agri05_Agroforestry,DE2,3849653.714898689
2027,Agri05_Agroforestry,DE3,21675.3239808602
2027,Agri05_Agroforestry,DE4,2538395.6263356386
2027,Agri05_Agroforestry,DE5,177942.38523065642
2027,Agri05_Agroforestry,DE6,76421.9472966559
2027,Agri05_Agroforestry,DE7,825655.6673527239
2027,Agri05_Agroforestry,DE8,2513248.4953202484
2027,Agri05_Agroforestry,DE9,3424893.0098225316
2027,Agri05_Agroforestry,DEA,2613763.2374314605
2027,Agri05_Agroforestry,DEB,1592021.787684737
2027,Agri05_Agroforestry,DEC,792859.2560635873
2027,Agri05_Agroforestry,DEE,1914229.9416425843
2027,Agri05_Agroforestry,DED,1680863.8473365079
2027,Agri05_Agroforestry,DEF,738659.5779298283
2027,Agri05_Agroforestry,DEG,590632.9798122328
2027,Agri06_Biochar,DE1,0.0
2027,Agri06_Biochar,DE2,0.0
2027,Agri06_Biochar,DE3,0.0
2027,Agri06_Biochar,DE4,0.0
2027,Agri06_Biochar,DE5,0.0
2027,Agri06_Biochar,DE6,0.0
2027,Agri06_Biochar,DE7,0.0
2027,Agri06_Biochar,DE8,0.0
2027,Agri06_Biochar,DE9,0.0
2027,Agri06_Biochar,DEA,0.0
2027,Agri06_Biochar,DEB,0.0
2027,Agri06_Biochar,DEC,0.0
2027,Agri06_Biochar,DEE,0.0
2027,Agri06_Biochar,DED,0.0
2027,Agri06_Biochar,DEF,0.0
2027,Agri06_Biochar,DEG,0.0
2028,Agri01_AGC,DE1,11840301.607061269
2028,Agri01_AGC,DE2,22807011.90555791
2028,Agri01_AGC,DE3,62771.38629898642
2028,Agri01_AGC,DE4,10735754.672331223
2028,Agri01_AGC,DE5,201816.21822949097
2028,Agri01_AGC,DE6,156781.8424409359
2028,Agri01_AGC,DE7,5599611.029233576
2028,Agri01_AGC,DE8,11358843.696371952
2028,Agri01_AGC,DE9,19248365.82706091
2028,Agri01_AGC,DEA,12228714.868448108
2028,Agri01_AGC,DEB,6577197.162730705
2028,Agri01_AGC,DEC,1283619.608098337
2028,Agri01_AGC,DEE,9196378.747428665
2028,Agri01_AGC,DED,7276651.511730933
2028,Agri01_AGC,DEF,6388792.104894
2028,Agri01_AGC,DEG,5107745.487269182
2028,Agri02_OFC,DE1,1130112.0012023046
2028,Agri02_OFC,DE2,1947320.5182555302
2028,Agri02_OFC,DE3,439200.06890130445
2028,Agri02_OFC,DE4,1064863.3657224518
2028,Agri02_OFC,DE5,206096.30387088185
2028,Agri02_OFC,DE6,26268.23959897586
2028,Agri02_OFC,DE7,453718.27579706674
2028,Agri02_OFC,DE8,1091468.9321538024
2028,Agri02_OFC,DE9,1679374.0108137866
2028,Agri02_OFC,DEA,1156289.2940682732
2028,Agri02_OFC,DEB,659910.4269343489
2028,Agri02_OFC,DEC,334547.41019570833
2028,Agri02_OFC,DEE,859075.9111563002
2028,Agri02_OFC,DED,713668.3430809982
2028,Agri02_OFC,DEF,476161.89428816765
2028,Agri02_OFC,DEG,380701.8904975379
2028,Agri03_No-till,DE1,0.0
2028,Agri03_No-till,DE2,0.0
2028,Agri03_No-till,DE3,0.0
2028,Agri03_No-till,DE4,0.0
2028,Agri03_No-till,DE5,0.0
2028,Agri03_No-till,DE6,0.0
2028,Agri03_No-till,DE7,0.0
2028,Agri03_No-till,DE8,0.0
2028,Agri03_No-till,DE9,0.0
2028,Agri03_No-till,DEA,0.0
2028,Agri03_No-till,DEB,0.0
2028,Agri03_No-till,DEC,0.0
2028,Agri03_No-till,DEE,0.0
2028,Agri03_No-till,DED,0.0
2028,Agri03_No-till,DEF,0.0
2028,Agri03_No-till,DEG,0.0
2028,Agri04_toGrassland,DE1,150424.33322706592
2028,Agri04_toGrassland,DE2,289750.18311605335
2028,Agri04_toGrassland,DE3,32630.783407748833
2028,Agri04_toGrassland,DE4,136391.68932248172
2028,Agri04_toGrassland,DE5,15685.64954548803
2028,Agri04_toGrassland,DE6,2661.8776512029267
2028,Agri04_toGrassland,DE7,71139.8901275494
2028,Agri04_toGrassland,DE8,144307.68285819815
2028,Agri04_toGrassland,DE9,244539.59800479392
2028,Agri04_toGrassland,DEA,155358.90396687054
2028,Agri04_toGrassland,DEB,83559.56888097172
2028,Agri04_toGrassland,DEC,28445.35977292705
2028,Agri04_toGrassland,DEE,116834.78910372649
2028,Agri04_toGrassland,DED,92445.7406663579
2028,Agri04_toGrassland,DEF,81165.98921195454
2028,Agri04_toGrassland,DEG,64891.016691484336
2028,Agri05_Agroforestry,DE1,3342817.5040068533
2028,Agri05_Agroforestry,DE2,4820280.148758571
2028,Agri05_Agroforestry,DE3,22529.775004477757
2028,Agri05_Agroforestry,DE4,3314320.30405352
2028,Agri05_Agroforestry,DE5,184956.95411735642
2028,Agri05_Agroforestry,DE6,103373.35518175202
2028,Agri05_Agroforestry,DE7,1011465.6249180059
2028,Agri05_Agroforestry,DE8,3258445.71588028
2028,Agri05_Agroforestry,DE9,4321341.873047194
2028,Agri05_Agroforestry,DEA,3375636.936174035
2028,Agri05_Agroforestry,DEB,2083591.3740688888
2028,Agri05_Agroforestry,DEC,824114.1246656158
2028,Agri05_Agroforestry,DEE,2464603.6898435093
2028,Agri05_Agroforestry,DED,2189365.3744956288
2028,Agri05_Agroforestry,DEF,861327.7053622423
2028,Agri05_Agroforestry,DEG,688741.9004845785
2028,Agri06_Biochar,DE1,0.0
2028,Agri06_Biochar,DE2,0.0
2028,Agri06_Biochar,DE3,0.0
2028,Agri06_Biochar,DE4,0.0
2028,Agri06_Biochar,DE5,0.0
2028,Agri06_Biochar,DE6,0.0
2028,Agri06_Biochar,DE7,0.0
2028,Agri06_Biochar,DE8,0.0
2028,Agri06_Biochar,DE9,0.0
2028,Agri06_Biochar,DEA,0.0
2028,Agri06_Biochar,DEB,0.0
2028,Agri06_Biochar,DEC,0.0
2028,Agri06_Biochar,DEE,0.0
2028,Agri06_Biochar,DED,0.0
2028,Agri06_Biochar,DEF,0.0
2028,Agri06_Biochar,DEG,0.0
2029,Agri01_AGC,DE1,12929832.521913186
2029,Agri01_AGC,DE2,24495191.79109858
2029,Agri01_AGC,DE3,59974.20238464969
2029,Agri01_AGC,DE4,11795500.534406178
2029,Agri01_AGC,DE5,192822.99516134092
2029,Agri01_AGC,DE6,189625.9566207739
2029,Agri01_AGC,DE7,5970473.265655859
2029,Agri01_AGC,DE8,12417145.633831324
2029,Agri01_AGC,DE9,20737339.695683684
2029,Agri01_AGC,DEA,13334501.189794833
2029,Agri01_AGC,DEB,7239908.116604785
2029,Agri01_AGC,DEC,1628353.5455404639
2029,Agri01_AGC,DEE,10009203.69218291
2029,Agri01_AGC,DED,7980471.070694639
2029,Agri01_AGC,DEF,6737698.050767632
2029,Agri01_AGC,DEG,5386721.871936977
2029,Agri02_OFC,DE1,2189376.60060083
2029,Agri02_OFC,DE2,3716230.6219416433
2029,Agri02_OFC,DE3,898492.2788978716
2029,Agri02_OFC,DE4,2072830.2506446843
2029,Agri02_OFC,DE5,420932.1788876935
2029,Agri02_OFC,DE6,52428.557097757155
2029,Agri02_OFC,DE7,859175.8189123092
2029,Agri02_OFC,DE8,2116307.1790720937
2029,Agri02_OFC,DE9,3214735.8111616187
2029,Agri02_OFC,DEA,2237416.0860261684
2029,Agri02_OFC,DEB,1286339.2445351814
2029,Agri02_OFC,DEC,677780.1840453369
2029,Agri02_OFC,DEE,1659710.3060014322
2029,Agri02_OFC,DED,1387293.7918537057
2029,Agri02_OFC,DEF,889677.5315923857
2029,Agri02_OFC,DEG,711322.2065763111
2029,Agri03_No-till,DE1,0.0
2029,Agri03_No-till,DE2,0.0
2029,Agri03_No-till,DE3,0.0
2029,Agri03_No-till,DE4,0.0
2029,Agri03_No-till,DE5,0.0
2029,Agri03_No-till,DE6,0.0
2029,Agri03_No-till,DE7,0.0
2029,Agri03_No-till,DE8,0.0
2029,Agri03_No-till,DE9,0.0
2029,Agri03_No-till,DEA,0.0
2029,Agri03_No-till,DEB,0.0
2029,Agri03_No-till,DEC,0.0
2029,Agri03_No-till,DEE,0.0
2029,Agri03_No-till,DED,0.0
2029,Agri03_No-till,DEF,0.0
2029,Agri03_No-till,DEG,0.0
2029,Agri04_toGrassland,DE1,168883.48003166352
2029,Agri04_toGrassland,DE2,319944.84280540806
2029,Agri04_toGrassland,DE3,41168.09788369159
2029,Agri04_toGrassland,DE4,154067.36132040032
2029,Agri04_toGrassland,DE5,19672.099138186342
2029,Agri04_toGrassland,DE6,3134.995763921795
2029,Agri04_toGrassland,DE7,77983.55476229909
2029,Agri04_toGrassland,DE8,162187.00150581042
2029,Agri04_toGrassland,DE9,270861.5203228951
2029,Agri04_toGrassland,DEA,174169.07462662886
2029,Agri04_toGrassland,DEB,94564.3244620143
2029,Agri04_toGrassland,DEC,34758.90286005485
2029,Agri04_toGrassland,DEE,130735.57983189594
2029,Agri04_toGrassland,DED,104237.21455221924
2029,Agri04_toGrassland,DEF,88004.68933280696
2029,Agri04_toGrassland,DEG,70358.86459887294
2029,Agri05_Agroforestry,DE1,4224540.81061734
2029,Agri05_Agroforestry,DE2,5917173.2165221125
2029,Agri05_Agroforestry,DE3,23384.226028095316
2029,Agri05_Agroforestry,DE4,4219078.116804509
2029,Agri05_Agroforestry,DE5,191971.52300405642
2029,Agri05_Agroforestry,DE6,135407.67977850063
2029,Agri05_Agroforestry,DE7,1216856.8039395085
2029,Agri05_Agroforestry,DE8,4123473.5046141576
2029,Agri05_Agroforestry,DE9,5341164.175930388
2029,Agri05_Agroforestry,DEA,4257731.827734109
2029,Agri05_Agroforestry,DEB,2657614.561484797
2029,Agri05_Agroforestry,DEC,855368.9932676447
2029,Agri05_Agroforestry,DEE,3100476.024299985
2029,Agri05_Agroforestry,DED,2781400.841540294
2029,Agri05_Agroforestry,DEF,986905.5254157233
2029,Agri05_Agroforestry,DEG,789185.2465492602
2029,Agri06_Biochar,DE1,0.0
2029,Agri06_Biochar,DE2,0.0
2029,Agri06_Biochar,DE3,0.0
2029,Agri06_Biochar,DE4,0.0
2029,Agri06_Biochar,DE5,0.0
2029,Agri06_Biochar,DE6,0.0
2029,Agri06_Biochar,DE7,0.0
2029,Agri06_Biochar,DE8,0.0
2029,Agri06_Biochar,DE9,0.0
2029,Agri06_Biochar,DEA,0.0
2029,Agri06_Biochar,DEB,0.0
2029,Agri06_Biochar,DEC,0.0
2029,Agri06_Biochar,DEE,0.0
2029,Agri06_Biochar,DED,0.0
2029,Agri06_Biochar,DEF,0.0
2029,Agri06_Biochar,DEG,0.0
2030,Agri01_AGC,DE1,13911537.498988802
2030,Agri01_AGC,DE2,25926999.53481025
2030,Agri01_AGC,DE3,57177.018470312956
2030,Agri01_AGC,DE4,12765999.555394733
2030,Agri01_AGC,DE5,183829.77209319084
2030,Agri01_AGC,DE6,221891.71322592808
2030,Agri01_AGC,DE7,6273217.997263162
2030,Agri01_AGC,DE8,13373556.439486919
2030,Agri01_AGC,DE9,22017557.335093815
2030,Agri01_AGC,DEA,14326613.806705724
2030,Agri01_AGC,DEB,7849539.038004222
2030,Agri01_AGC,DEC,1552407.4860126297
2030,Agri01_AGC,DEE,10734317.760743728
2030,Agri01_AGC,DED,8622083.420733439
2030,Agri01_AGC,DEF,7000085.029445833
2030,Agri01_AGC,DEG,5596531.312676408
2030,Agri02_OFC,DE1,3173409.3123313137
2030,Agri02_OFC,DE2,5307147.972372501
2030,Agri02_OFC,DE3,1369432.1512142017
2030,Agri02_OFC,DE4,3018373.7584425276
2030,Agri02_OFC,DE5,640642.4994159444
2030,Agri02_OFC,DE6,78161.24545893748
2030,Agri02_OFC,DE7,1217417.0353725723
2030,Agri02_OFC,DE8,3070026.249565191
2030,Agri02_OFC,DE9,4605051.6055107415
2030,Agri02_OFC,DEA,3239272.787368663
2030,Agri02_OFC,DEB,1875609.7292451644
2030,Agri02_OFC,DEC,1024202.8167394903
2030,Agri02_OFC,DEE,2399219.2280817176
2030,Agri02_OFC,DED,2017442.7067941856
2030,Agri02_OFC,DEF,1243341.1018832815
2030,Agri02_OFC,DEG,994094.1883657629
2030,Agri03_No-till,DE1,0.0
2030,Agri03_No-till,DE2,0.0
2030,Agri03_No-till,DE3,0.0
2030,Agri03_No-till,DE4,0.0
2030,Agri03_No-till,DE5,0.0
2030,Agri03_No-till,DE6,0.0
2030,Agri03_No-till,DE7,0.0
2030,Agri03_No-till,DE8,0.0
2030,Agri03_No-till,DE9,0.0
2030,Agri03_No-till,DEA,0.0
2030,Agri03_No-till,DEB,0.0
2030,Agri03_No-till,DEC,0.0
2030,Agri03_No-till,DEE,0.0
2030,Agri03_No-till,DED,0.0
2030,Agri03_No-till,DEF,0.0
2030,Agri03_No-till,DEG,0.0
2030,Agri04_toGrassland,DE1,187159.96580280634
2030,Agri04_toGrassland,DE2,348810.93097417743
2030,Agri04_toGrassland,DE3,50491.56554236297
2030,Agri04_toGrassland,DE4,171748.38082418934
2030,Agri04_toGrassland,DE5,24015.05853083888
2030,Agri04_toGrassland,DE6,3631.563405924856
2030,Agri04_toGrassland,DE7,84397.23257955242
2030,Agri04_toGrassland,DE8,179922.19523242555
2030,Agri04_toGrassland,DE9,296214.9423237379
2030,Agri04_toGrassland,DEA,192744.2276116468
2030,Agri04_toGrassland,DEB,105604.39189611147
2030,Agri04_toGrassland,DEC,41552.145715540115
2030,Agri04_toGrassland,DEE,144414.98972800712
2030,Agri04_toGrassland,DED,115997.87861627164
2030,Agri04_toGrassland,DEF,94176.19546531427
2030,Agri04_toGrassland,DEG,75293.37495377404
2030,Agri05_Agroforestry,DE1,5235431.514393113
2030,Agri05_Agroforestry,DE2,7147365.470893858
2030,Agri05_Agroforestry,DE3,24238.67705171287
2030,Agri05_Agroforestry,DE4,5261172.048674765
2030,Agri05_Agroforestry,DE5,198986.09189075642
2030,Agri05_Agroforestry,DE6,161083.30769956292
2030,Agri05_Agroforestry,DE7,1442701.3492406823
2030,Agri05_Agroforestry,DE8,5116095.240810781
2030,Agri05_Agroforestry,DE9,6491552.862254118
2030,Agri05_Agroforestry,DEA,5267748.397172675
2030,Agri05_Agroforestry,DEB,3319564.391740614
2030,Agri05_Agroforestry,DEC,886623.8618696734
2030,Agri05_Agroforestry,DEE,3827270.446433337
2030,Agri05_Agroforestry,DED,3462450.0517326184
2030,Agri05_Agroforestry,DEF,1114934.158081852
2030,Agri05_Agroforestry,DEG,891596.7614121255
2030,Agri06_Biochar,DE1,0.0
2030,Agri06_Biochar,DE2,0.0
2030,Agri06_Biochar,DE3,0.0
2030,Agri06_Biochar,DE4,0.0
2030,Agri06_Biochar,DE5,0.0
2030,Agri06_Biochar,DE6,0.0
2030,Agri06_Biochar,DE7,0.0
2030,Agri06_Biochar,DE8,0.0
2030,Agri06_Biochar,DE9,0.0
2030,Agri06_Biochar,DEA,0.0
2030,Agri06_Biochar,DEB,0.0
2030,Agri06_Biochar,DEC,0.0
2030,Agri06_Biochar,DEE,0.0
2030,Agri06_Biochar,DED,0.0
2030,Agri06_Biochar,DEF,0.0
2030,Agri06_Biochar,DEG,0.0
2031,Agri01_AGC,DE1,14779102.542690616
2031,Agri01_AGC,DE2,27103036.60098782
2031,Agri01_AGC,DE3,54379.83455597622
2031,Agri01_AGC,DE4,13639292.581102073
2031,Agri01_AGC,DE5,174836.54902504076
2031,Agri01_AGC,DE6,253118.70962558378
2031,Agri01_AGC,DE7,6509349.248759785
2031,Agri01_AGC,DE8,14221612.342103414
2031,Agri01_AGC,DE9,23087530.000511505
2031,Agri01_AGC,DEA,15199137.476997316
2031,Agri01_AGC,DEB,8400795.163284441
2031,Agri01_AGC,DEC,1476461.4264847955
2031,Agri01_AGC,DEE,11367855.85016472
2031,Agri01_AGC,DED,9196543.857836703
2031,Agri01_AGC,DEF,7179976.888585847
2031,Agri01_AGC,DEG,5740389.846391694
2031,Agri02_OFC,DE1,4077825.650529493
2031,Agri02_OFC,DE2,6720490.2308622645
2031,Agri02_OFC,DE3,1843575.2070747942
2031,Agri02_OFC,DE4,3895966.9927918115
2031,Agri02_OFC,DE5,861362.1398211438
2031,Agri02_OFC,DE6,103146.59764511042
2031,Agri02_OFC,DE7,1529486.3312047003
2031,Agri02_OFC,DE8,3948137.6524434113
2031,Agri02_OFC,DE9,5849287.5983284
2031,Agri02_OFC,DEA,4157751.809590732
2031,Agri02_OFC,DEB,2424045.1575069637
2031,Agri02_OFC,DEC,1368319.8034687724
2031,Agri02_OFC,DEE,3074918.720943477
2031,Agri02_OFC,DED,2600681.448378501
2031,Agri02_OFC,DEF,1539946.795131482
2031,Agri02_OFC,DEG,1231251.0759953356
2031,Agri03_No-till,DE1,0.0
2031,Agri03_No-till,DE2,0.0
2031,Agri03_No-till,DE3,0.0
2031,Agri03_No-till,DE4,0.0
2031,Agri03_No-till,DE5,0.0
2031,Agri03_No-till,DE6,0.0
2031,Agri03_No-till,DE7,0.0
2031,Agri03_No-till,DE8,0.0
2031,Agri03_No-till,DE9,0.0
2031,Agri03_No-till,DEA,0.0
2031,Agri03_No-till,DEB,0.0
2031,Agri03_No-till,DEC,0.0
2031,Agri03_No-till,DEE,0.0
2031,Agri03_No-till,DED,0.0
2031,Agri03_No-till,DEF,0.0
2031,Agri03_No-till,DEG,0.0
2031,Agri04_toGrassland,DE1,205221.9185537103
2031,Agri04_toGrassland,DE2,376351.48371286265
2031,Agri04_toGrassland,DE3,60539.80123524995
2031,Agri04_toGrassland,DE4,189394.5713634359
2031,Agri04_toGrassland,DE5,28686.431103464416
2031,Agri04_toGrassland,DE6,4149.2565422428
2031,Agri04_toGrassland,DE7,90388.5156428068
2031,Agri04_toGrassland,DE8,197480.63600905525
2031,Agri04_toGrassland,DE9,320592.34907431144
2031,Agri04_toGrassland,DEA,211054.50377524234
2031,Agri04_toGrassland,DEB,116653.04410778484
2031,Agri04_toGrassland,DEC,48785.14006218927
2031,Agri04_toGrassland,DEE,157853.50840309562
2031,Agri04_toGrassland,DED,127702.77282513463
2031,Agri04_toGrassland,DEF,99700.81931501577
2031,Agri04_toGrassland,DEG,79710.7817690445
2031,Agri05_Agroforestry,DE1,6383315.0932431165
2031,Agri05_Agroforestry,DE2,8517889.464578358
2031,Agri05_Agroforestry,DE3,25093.128075330427
2031,Agri05_Agroforestry,DE4,6449105.083750448
2031,Agri05_Agroforestry,DE5,206000.6607774564
2031,Agri05_Agroforestry,DE6,166761.7445572324
2031,Agri05_Agroforestry,DE7,1689871.4056449796
2031,Agri05_Agroforestry,DE8,6244074.3037590515
2031,Agri05_Agroforestry,DE9,7779700.875800392
2031,Agri05_Agroforestry,DEA,6413387.129550724
2031,Agri05_Agroforestry,DEB,4074913.9066444924
2031,Agri05_Agroforestry,DEC,917878.730471702
2031,Agri05_Agroforestry,DEE,4553622.044035859
2031,Agri05_Agroforestry,DED,4237992.808334721
2031,Agri05_Agroforestry,DEF,1244954.7233522094
2031,Agri05_Agroforestry,DEG,995610.1884790225
2031,Agri06_Biochar,DE1,0.0
2031,Agri06_Biochar,DE2,0.0
2031,Agri06_Biochar,DE3,0.0
2031,Agri06_Biochar,DE4,0.0
2031,Agri06_Biochar,DE5,0.0
2031,Agri06_Biochar,DE6,0.0
2031,Agri06_Biochar,DE7,0.0
2031,Agri06_Biochar,DE8,0.0
2031,Agri06_Biochar,DE9,0.0
2031,Agri06_Biochar,DEA,0.0
2031,Agri06_Biochar,DEB,0.0
2031,Agri06_Biochar,DEC,0.0
2031,Agri06_Biochar,DEE,0.0
2031,Agri06_Biochar,DED,0.0
2031,Agri06_Biochar,DEF,0.0
2031,Agri06_Biochar,DEG,0.0
2032,Agri01_AGC,DE1,15526213.65742112
2032,Agri01_AGC,DE2,28023904.453926206
2032,Agri01_AGC,DE3,51582.65064163949
2032,Agri01_AGC,DE4,14407420.457333375
2032,Agri01_AGC,DE5,165843.3259568907
2032,Agri01_AGC,DE6,272404.51080410404
2032,Agri01_AGC,DE7,6680371.044850028
2032,Agri01_AGC,DE8,14954849.570445487
2032,Agri01_AGC,DE9,23945768.94715695
2032,Agri01_AGC,DEA,15946156.958486145
2032,Agri01_AGC,DEB,8888381.728800867
2032,Agri01_AGC,DEC,1400515.3669569616
2032,Agri01_AGC,DEE,11905952.857499486
2032,Agri01_AGC,DED,9698907.677993806
2032,Agri01_AGC,DEF,7281397.475844922
2032,Agri01_AGC,DEG,5821513.509987047
2032,Agri02_OFC,DE1,4898241.129331106
2032,Agri02_OFC,DE2,7956675.058725096
2032,Agri02_OFC,DE3,2312476.9677041494
2032,Agri02_OFC,DE4,4700083.057368367
2032,Agri02_OFC,DE5,1079225.9744688014
2032,Agri02_OFC,DE6,127064.90661886954
2032,Agri02_OFC,DE7,1796428.1124355383
2032,Agri02_OFC,DE8,4746152.896517072
2032,Agri02_OFC,DE9,6946409.994081841
2032,Agri02_OFC,DEA,4988745.5641873535
2032,Agri02_OFC,DEB,2927968.805763247
2032,Agri02_OFC,DEC,1704635.6394237876
2032,Agri02_OFC,DEE,3684124.8281330327
2032,Agri02_OFC,DED,3133576.3770827157
2032,Agri02_OFC,DEF,1782288.801307615
2032,Agri02_OFC,DEG,1425026.1095944722
2032,Agri03_No-till,DE1,0.0
2032,Agri03_No-till,DE2,0.0
2032,Agri03_No-till,DE3,0.0
2032,Agri03_No-till,DE4,0.0
2032,Agri03_No-till,DE5,0.0
2032,Agri03_No-till,DE6,0.0
2032,Agri03_No-till,DE7,0.0
2032,Agri03_No-till,DE8,0.0
2032,Agri03_No-till,DE9,0.0
2032,Agri03_No-till,DEA,0.0
2032,Agri03_No-till,DEB,0.0
2032,Agri03_No-till,DEC,0.0
2032,Agri03_No-till,DEE,0.0
2032,Agri03_No-till,DED,0.0
2032,Agri03_No-till,DEF,0.0
2032,Agri03_No-till,DEG,0.0
2032,Agri04_toGrassland,DE1,223037.4662975914
2032,Agri04_toGrassland,DE2,402569.53711196507
2032,Agri04_toGrassland,DE3,71251.41981383951
2032,Agri04_toGrassland,DE4,206965.75646772733
2032,Agri04_toGrassland,DE5,33658.12023608175
2032,Agri04_toGrassland,DE6,4685.751137906317
2032,Agri04_toGrassland,DE7,95964.99601555959
2032,Agri04_toGrassland,DE8,214829.69580671127
2032,Agri04_toGrassland,DE9,343986.22564160486
2032,Agri04_toGrassland,DEA,229070.04397073342
2032,Agri04_toGrassland,DEB,127683.55402155609
2032,Agri04_toGrassland,DEC,56417.93762280877
2032,Agri04_toGrassland,DEE,171031.62546819707
2032,Agri04_toGrassland,DED,139326.93714542774
2032,Agri04_toGrassland,DEF,104598.87258745074
2032,Agri04_toGrassland,DEG,83627.31905754119
2032,Agri05_Agroforestry,DE1,7676017.025076296
2032,Agri05_Agroforestry,DE2,10035777.750280157
2032,Agri05_Agroforestry,DE3,25947.579098947986
2032,Agri05_Agroforestry,DE4,7791380.206117719
2032,Agri05_Agroforestry,DE5,213015.22966415636
2032,Agri05_Agroforestry,DE6,172440.18141490183
2032,Agri05_Agroforestry,DE7,1959239.117975851
2032,Agri05_Agroforestry,DE8,7515174.072747872
2032,Agri05_Agroforestry,DE9,9212801.160351219
2032,Agri05_Agroforestry,DEA,7702348.509929253
2032,Agri05_Agroforestry,DEB,4929136.148004587
2032,Agri05_Agroforestry,DEC,949133.5990737306
2032,Agri05_Agroforestry,DEE,4708678.320997961
2032,Agri05_Agroforestry,DED,5113508.91460872
2032,Agri05_Agroforestry,DEF,1376508.3412183768
2032,Agri05_Agroforestry,DEG,1100859.2711557988
2032,Agri06_Biochar,DE1,0.0
2032,Agri06_Biochar,DE2,0.0
2032,Agri06_Biochar,DE3,0.0
2032,Agri06_Biochar,DE4,0.0
2032,Agri06_Biochar,DE5,0.0
2032,Agri06_Biochar,DE6,0.0
2032,Agri06_Biochar,DE7,0.0
2032,Agri06_Biochar,DE8,0.0
2032,Agri06_Biochar,DE9,0.0
2032,Agri06_Biochar,DEA,0.0
2032,Agri06_Biochar,DEB,0.0
2032,Agri06_Biochar,DEC,0.0
2032,Agri06_Biochar,DEE,0.0
2032,Agri06_Biochar,DED,0.0
2032,Agri06_Biochar,DEF,0.0
2032,Agri06_Biochar,DEG,0.0
2033,Agri01_AGC,DE1,16146556.847582804
2033,Agri01_AGC,DE2,28690204.557920303
2033,Agri01_AGC,DE3,48785.46672730276
2033,Agri01_AGC,DE4,15062424.029893812
2033,Agri01_AGC,DE5,156850.10288874066
2033,Agri01_AGC,DE6,257632.77057098548
2033,Agri01_AGC,DE7,6787787.410238194
2033,Agri01_AGC,DE8,15566804.353277814
2033,Agri01_AGC,DE9,24590785.430250358
2033,Agri01_AGC,DEA,16561757.00898875
2033,Agri01_AGC,DEB,9307003.970908927
2033,Agri01_AGC,DEC,1324569.3074291276
2033,Agri01_AGC,DEE,12344743.679801617
2033,Agri01_AGC,DED,10124230.177194115
2033,Agri01_AGC,DEF,7308370.638880299
2033,Agri01_AGC,DEG,5843118.340366683
2033,Agri02_OFC,DE1,5630271.26287189
2033,Agri02_OFC,DE2,9016120.11727516
2033,Agri02_OFC,DE3,2767692.954326768
2033,Agri02_OFC,DE4,5425195.055848024
2033,Agri02_OFC,DE5,1290368.877724426
2033,Agri02_OFC,DE6,149596.4653428085
2033,Agri02_OFC,DE7,2019286.78509193
2033,Agri02_OFC,DE8,5459583.49059649
2033,Agri02_OFC,DE9,7895384.997238307
2033,Agri02_OFC,DEA,5728146.462653502
2033,Agri02_OFC,DEB,3383703.9504566803
2033,Agri02_OFC,DEC,2027654.8197951405
2033,Agri02_OFC,DEE,4224153.593196704
2033,Agri02_OFC,DED,3612693.853382893
2033,Agri02_OFC,DEF,1973161.3103823068
2033,Agri02_OFC,DEG,1577652.5292926154
2033,Agri03_No-till,DE1,0.0
2033,Agri03_No-till,DE2,0.0
2033,Agri03_No-till,DE3,0.0
2033,Agri03_No-till,DE4,0.0
2033,Agri03_No-till,DE5,0.0
2033,Agri03_No-till,DE6,0.0
2033,Agri03_No-till,DE7,0.0
2033,Agri03_No-till,DE8,0.0
2033,Agri03_No-till,DE9,0.0
2033,Agri03_No-till,DEA,0.0
2033,Agri03_No-till,DEB,0.0
2033,Agri03_No-till,DEC,0.0
2033,Agri03_No-till,DEE,0.0
2033,Agri03_No-till,DED,0.0
2033,Agri03_No-till,DEF,0.0
2033,Agri03_No-till,DEG,0.0
2033,Agri04_toGrassland,DE1,240574.7370476655
2033,Agri04_toGrassland,DE2,427468.12726198573
2033,Agri04_toGrassland,DE3,82565.03612961863
2033,Agri04_toGrassland,DE4,224421.75966665073
2033,Agri04_toGrassland,DE5,38902.029308709636
2033,Agri04_toGrassland,DE6,5238.723157946099
2033,Agri04_toGrassland,DE7,101134.26576130811
2033,Agri04_toGrassland,DE8,231936.74659640522
2033,Agri04_toGrassland,DE9,366389.0570926071
2033,Agri04_toGrassland,DEA,246760.98905143794
2033,Agri04_toGrassland,DEB,138669.1945619468
2033,Agri04_toGrassland,DEC,64410.59012020506
2033,Agri04_toGrassland,DEE,183929.83053434704
2033,Agri04_toGrassland,DED,150845.41154377058
2033,Agri04_toGrassland,DEF,108890.66698815838
2033,Agri04_toGrassland,DEG,87059.22083212099
2033,Agri05_Agroforestry,DE1,9121362.787801595
2033,Agri05_Agroforestry,DE2,11708062.880703805
2033,Agri05_Agroforestry,DE3,26802.030122565542
2033,Agri05_Agroforestry,DE4,9296500.399862738
2033,Agri05_Agroforestry,DE5,220029.79855085633
2033,Agri05_Agroforestry,DE6,178118.6182725713
2033,Agri05_Agroforestry,DE7,2251676.6310567483
2033,Agri05_Agroforestry,DE8,8937157.927066144
2033,Agri05_Agroforestry,DE9,10798046.659688607
2033,Agri05_Agroforestry,DEA,9142333.023369253
2033,Agri05_Agroforestry,DEB,5887704.1576290475
2033,Agri05_Agroforestry,DEC,980388.4676757592
2033,Agri05_Agroforestry,DEE,4863734.597960061
2033,Agri05_Agroforestry,DED,5418565.678645484
2033,Agri05_Agroforestry,DEF,1509136.131671935
2033,Agri05_Agroforestry,DEG,1206977.7528483027
2033,Agri06_Biochar,DE1,0.0
2033,Agri06_Biochar,DE2,0.0
2033,Agri06_Biochar,DE3,0.0
2033,Agri06_Biochar,DE4,0.0
2033,Agri06_Biochar,DE5,0.0
2033,Agri06_Biochar,DE6,0.0
2033,Agri06_Biochar,DE7,0.0
2033,Agri06_Biochar,DE8,0.0
2033,Agri06_Biochar,DE9,0.0
2033,Agri06_Biochar,DEA,0.0
2033,Agri06_Biochar,DEB,0.0
2033,Agri06_Biochar,DEC,0.0
2033,Agri06_Biochar,DEE,0.0
2033,Agri06_Biochar,DED,0.0
2033,Agri06_Biochar,DEF,0.0
2033,Agri06_Biochar,DEG,0.0
2034,Agri01_AGC,DE1,16633818.117578166
2034,Agri01_AGC,DE2,29102538.377265014
2034,Agri01_AGC,DE3,45988.28281296603
2034,Agri01_AGC,DE4,15596344.144588564
2034,Agri01_AGC,DE5,147856.87982059058
2034,Agri01_AGC,DE6,242861.03033786686
2034,Agri01_AGC,DE7,6833102.369628579
2034,Agri01_AGC,DE8,16051012.919365065
2034,Agri01_AGC,DE9,25021090.70501191
2034,Agri01_AGC,DEA,17040022.386321656
2034,Agri01_AGC,DEB,9651367.12596404
2034,Agri01_AGC,DEC,1248623.2479012937
2034,Agri01_AGC,DEE,12680363.214124708
2034,Agri01_AGC,DED,10467566.651427004
2034,Agri01_AGC,DEF,7264920.225349226
2034,Agri01_AGC,DEG,5808420.374434816
2034,Agri02_OFC,DE1,5302869.453376549
2034,Agri02_OFC,DE2,8491830.273464413
2034,Agri02_OFC,DE3,2606750.8541921675
2034,Agri02_OFC,DE4,5109718.483722118
2034,Agri02_OFC,DE5,1215333.5755589036
2034,Agri02_OFC,DE6,140897.39008326942
2034,Agri02_OFC,DE7,1901864.7078132052
2034,Agri02_OFC,DE8,5142107.221611108
2034,Agri02_OFC,DE9,7436266.206318871
2034,Agri02_OFC,DEA,5395053.183597088
2034,Agri02_OFC,DEB,3186940.642890755
2034,Agri02_OFC,DEC,1909746.1390161868
2034,Agri02_OFC,DEE,3978517.909687308
2034,Agri02_OFC,DED,3402614.720508764
2034,Agri02_OFC,DEF,1858421.4420378737
2034,Agri02_OFC,DEG,1485911.6044367438
2034,Agri03_No-till,DE1,0.0
2034,Agri03_No-till,DE2,0.0
2034,Agri03_No-till,DE3,0.0
2034,Agri03_No-till,DE4,0.0
2034,Agri03_No-till,DE5,0.0
2034,Agri03_No-till,DE6,0.0
2034,Agri03_No-till,DE7,0.0
2034,Agri03_No-till,DE8,0.0
2034,Agri03_No-till,DE9,0.0
2034,Agri03_No-till,DEA,0.0
2034,Agri03_No-till,DEB,0.0
2034,Agri03_No-till,DEC,0.0
2034,Agri03_No-till,DEE,0.0
2034,Agri03_No-till,DED,0.0
2034,Agri03_No-till,DEF,0.0
2034,Agri03_No-till,DEG,0.0
2034,Agri04_toGrassland,DE1,235901.52652680248
2034,Agri04_toGrassland,DE2,419164.4767034546
2034,Agri04_toGrassland,DE3,80961.19442856786
2034,Agri04_toGrassland,DE4,220062.32383703996
2034,Agri04_toGrassland,DE5,38146.3499099523
2034,Agri04_toGrassland,DE6,5136.959953388373
2034,Agri04_toGrassland,DE7,99169.71320447892
2034,Agri04_toGrassland,DE8,227431.33070082718
2034,Agri04_toGrassland,DE9,359271.8792153846
2034,Agri04_toGrassland,DEA,241967.60939601192
2034,Agri04_toGrassland,DEB,135975.5187965729
2034,Agri04_toGrassland,DEC,63159.4020233223
2034,Agri04_toGrassland,DEE,180356.95821324643
2034,Agri04_toGrassland,DED,147915.21042248412
2034,Agri04_toGrassland,DEF,106775.44484622571
2034,Agri04_toGrassland,DEG,85368.07872915697
2034,Agri05_Agroforestry,DE1,10727177.859327959
2034,Agri05_Agroforestry,DE2,13541777.408553848
2034,Agri05_Agroforestry,DE3,27656.4811461831
2034,Agri05_Agroforestry,DE4,10014501.773511006
2034,Agri05_Agroforestry,DE5,227044.36743755636
2034,Agri05_Agroforestry,DE6,183797.0551302408
2034,Agri05_Agroforestry,DE7,2568056.0897111236
2034,Agri05_Agroforestry,DE8,9538054.128736813
2034,Agri05_Agroforestry,DE9,12542630.317594571
2034,Agri05_Agroforestry,DEA,10741041.154931718
2034,Agri05_Agroforestry,DEB,6956090.977326032
2034,Agri05_Agroforestry,DEC,1011643.336277788
2034,Agri05_Agroforestry,DEE,5018790.874922164
2034,Agri05_Agroforestry,DED,5591310.018140854
2034,Agri05_Agroforestry,DEF,1642379.2147044654
2034,Agri05_Agroforestry,DEG,1313599.3769623819
2034,Agri06_Biochar,DE1,0.0
2034,Agri06_Biochar,DE2,0.0
2034,Agri06_Biochar,DE3,0.0
2034,Agri06_Biochar,DE4,0.0
2034,Agri06_Biochar,DE5,0.0
2034,Agri06_Biochar,DE6,0.0
2034,Agri06_Biochar,DE7,0.0
2034,Agri06_Biochar,DE8,0.0
2034,Agri06_Biochar,DE9,0.0
2034,Agri06_Biochar,DEA,0.0
2034,Agri06_Biochar,DEB,0.0
2034,Agri06_Biochar,DEC,0.0
2034,Agri06_Biochar,DEE,0.0
2034,Agri06_Biochar,DED,0.0
2034,Agri06_Biochar,DEF,0.0
2034,Agri06_Biochar,DEG,0.0
2035,Agri01_AGC,DE1,16981683.471809693
2035,Agri01_AGC,DE2,29261507.37625525
2035,Agri01_AGC,DE3,43191.09889862929
2035,Agri01_AGC,DE4,16001221.647222806
2035,Agri01_AGC,DE5,138863.6567524405
2035,Agri01_AGC,DE6,228089.29010474827
2035,Agri01_AGC,DE7,6817819.947725485
2035,Agri01_AGC,DE8,16401011.497471921
2035,Agri01_AGC,DE9,25235196.026661817
2035,Agri01_AGC,DEA,17375037.84830141
2035,Agri01_AGC,DEB,9916176.430321636
2035,Agri01_AGC,DEC,1172677.1883734595
2035,Agri01_AGC,DEE,12908946.35752236
2035,Agri01_AGC,DED,10723972.396681845
2035,Agri01_AGC,DEF,7155070.082908948
2035,Agri01_AGC,DEG,5720635.649095662
2035,Agri02_OFC,DE1,4975467.643881208
2035,Agri02_OFC,DE2,7967540.429653667
2035,Agri02_OFC,DE3,2445808.754057567
2035,Agri02_OFC,DE4,4794241.911596211
2035,Agri02_OFC,DE5,1140298.2733933812
2035,Agri02_OFC,DE6,132198.31482373035
2035,Agri02_OFC,DE7,1784442.6305344799
2035,Agri02_OFC,DE8,4824630.952625725
2035,Agri02_OFC,DE9,6977147.415399433
2035,Agri02_OFC,DEA,5061959.904540674
2035,Agri02_OFC,DEB,2990177.33532483
2035,Agri02_OFC,DEC,1791837.4582372326
2035,Agri02_OFC,DEE,3732882.2261779117
2035,Agri02_OFC,DED,3192535.587634634
2035,Agri02_OFC,DEF,1743681.5736934403
2035,Agri02_OFC,DEG,1394170.679580872
2035,Agri03_No-till,DE1,0.0
2035,Agri03_No-till,DE2,0.0
2035,Agri03_No-till,DE3,0.0
2035,Agri03_No-till,DE4,0.0
2035,Agri03_No-till,DE5,0.0
2035,Agri03_No-till,DE6,0.0
2035,Agri03_No-till,DE7,0.0
2035,Agri03_No-till,DE8,0.0
2035,Agri03_No-till,DE9,0.0
2035,Agri03_No-till,DEA,0.0
2035,Agri03_No-till,DEB,0.0
2035,Agri03_No-till,DEC,0.0
2035,Agri03_No-till,DEE,0.0
2035,Agri03_No-till,DED,0.0
2035,Agri03_No-till,DEF,0.0
2035,Agri03_No-till,DEG,0.0
2035,Agri04_toGrassland,DE1,231228.3160059394
2035,Agri04_toGrassland,DE2,410860.82614492346
2035,Agri04_toGrassland,DE3,79357.35272751709
2035,Agri04_toGrassland,DE4,215702.88800742914
2035,Agri04_toGrassland,DE5,37390.67051119496
2035,Agri04_toGrassland,DE6,5035.196748830648
2035,Agri04_toGrassland,DE7,97205.16064764971
2035,Agri04_toGrassland,DE8,222925.91480524908
2035,Agri04_toGrassland,DE9,352154.7013381621
2035,Agri04_toGrassland,DEA,237174.22974058584
2035,Agri04_toGrassland,DEB,133281.843031199
2035,Agri04_toGrassland,DEC,61908.21392643954
2035,Agri04_toGrassland,DEE,176784.08589214578
2035,Agri04_toGrassland,DED,144985.00930119766
2035,Agri04_toGrassland,DEF,104660.22270429302
2035,Agri04_toGrassland,DEG,83676.93662619294
2035,Agri05_Agroforestry,DE1,12501287.717564328
2035,Agri05_Agroforestry,DE2,15543953.886534829
2035,Agri05_Agroforestry,DE3,28510.932169800653
2035,Agri05_Agroforestry,DE4,10323901.268196076
2035,Agri05_Agroforestry,DE5,234058.9363242563
2035,Agri05_Agroforestry,DE6,189475.4919879102
2035,Agri05_Agroforestry,DE7,2909249.6387624266
2035,Agri05_Agroforestry,DE8,9832733.703862136
2035,Agri05_Agroforestry,DE9,14453745.077851105
2035,Agri05_Agroforestry,DEA,12506173.389677636
2035,Agri05_Agroforestry,DEB,7486229.554818331
2035,Agri05_Agroforestry,DEC,1042898.2048798165
2035,Agri05_Agroforestry,DEE,5173847.151884263
2035,Agri05_Agroforestry,DED,5764054.357636224
2035,Agri05_Agroforestry,DEF,1775778.7103075476
2035,Agri05_Agroforestry,DEG,1420357.8869038837
2035,Agri06_Biochar,DE1,0.0
2035,Agri06_Biochar,DE2,0.0
2035,Agri06_Biochar,DE3,0.0
2035,Agri06_Biochar,DE4,0.0
2035,Agri06_Biochar,DE5,0.0
2035,Agri06_Biochar,DE6,0.0
2035,Agri06_Biochar,DE7,0.0
2035,Agri06_Biochar,DE8,0.0
2035,Agri06_Biochar,DE9,0.0
2035,Agri06_Biochar,DEA,0.0
2035,Agri06_Biochar,DEB,0.0
2035,Agri06_Biochar,DEC,0.0
2035,Agri06_Biochar,DEE,0.0
2035,Agri06_Biochar,DED,0.0
2035,Agri06_Biochar,DEF,0.0
2035,Agri06_Biochar,DEG,0.0
2036,Agri01_AGC,DE1,17183838.91467989
2036,Agri01_AGC,DE2,29167713.01918592
2036,Agri01_AGC,DE3,40393.91498429256
2036,Agri01_AGC,DE4,16269097.383601721
2036,Agri01_AGC,DE5,129870.43368429043
2036,Agri01_AGC,DE6,213317.5498716297
2036,Agri01_AGC,DE7,6743444.169233214
2036,Agri01_AGC,DE8,16610336.316363057
2036,Agri01_AGC,DE9,25231612.650420282
2036,Agri01_AGC,DEA,17560888.152744547
2036,Agri01_AGC,DEB,10096137.12033714
2036,Agri01_AGC,DEC,1096731.1288456256
2036,Agri01_AGC,DEE,13026628.007048165
2036,Agri01_AGC,DED,10888502.70894801
2036,Agri01_AGC,DEF,6982844.059216712
2036,Agri01_AGC,DEG,5582980.201253436
2036,Agri02_OFC,DE1,4648065.834385867
2036,Agri02_OFC,DE2,7443250.585842921
2036,Agri02_OFC,DE3,2284866.6539229667
2036,Agri02_OFC,DE4,4478765.339470305
2036,Agri02_OFC,DE5,1065262.9712278587
2036,Agri02_OFC,DE6,123499.2395641913
2036,Agri02_OFC,DE7,1667020.553255755
2036,Agri02_OFC,DE8,4507154.683640344
2036,Agri02_OFC,DE9,6518028.624479997
2036,Agri02_OFC,DEA,4728866.62548426
2036,Agri02_OFC,DEB,2793414.0277589047
2036,Agri02_OFC,DEC,1673928.777458279
2036,Agri02_OFC,DEE,3487246.5426685154
2036,Agri02_OFC,DED,2982456.454760505
2036,Agri02_OFC,DEF,1628941.7053490074
2036,Agri02_OFC,DEG,1302429.7547250001
2036,Agri03_No-till,DE1,0.0
2036,Agri03_No-till,DE2,0.0
2036,Agri03_No-till,DE3,0.0
2036,Agri03_No-till,DE4,0.0
2036,Agri03_No-till,DE5,0.0
2036,Agri03_No-till,DE6,0.0
2036,Agri03_No-till,DE7,0.0
2036,Agri03_No-till,DE8,0.0
2036,Agri03_No-till,DE9,0.0
2036,Agri03_No-till,DEA,0.0
2036,Agri03_No-till,DEB,0.0
2036,Agri03_No-till,DEC,0.0
2036,Agri03_No-till,DEE,0.0
2036,Agri03_No-till,DED,0.0
2036,Agri03_No-till,DEF,0.0
2036,Agri03_No-till,DEG,0.0
2036,Agri04_toGrassland,DE1,226555.1054850764
2036,Agri04_toGrassland,DE2,402557.17558639235
2036,Agri04_toGrassland,DE3,77753.51102646631
2036,Agri04_toGrassland,DE4,211343.45217781837
2036,Agri04_toGrassland,DE5,36634.99111243763
2036,Agri04_toGrassland,DE6,4933.4335442729225
2036,Agri04_toGrassland,DE7,95240.60809082052
2036,Agri04_toGrassland,DE8,218420.49890967103
2036,Agri04_toGrassland,DE9,345037.5234609397
2036,Agri04_toGrassland,DEA,232380.85008515982
2036,Agri04_toGrassland,DEB,130588.16726582512
2036,Agri04_toGrassland,DEC,60657.02582955678
2036,Agri04_toGrassland,DEE,173211.21357104517
2036,Agri04_toGrassland,DED,142054.8081799112
2036,Agri04_toGrassland,DEF,102545.00056236034
2036,Agri04_toGrassland,DEG,81985.79452322892
2036,Agri05_Agroforestry,DE1,14451517.840419654
2036,Agri05_Agroforestry,DE2,17721624.8673513
2036,Agri05_Agroforestry,DE3,29365.383193418213
2036,Agri05_Agroforestry,DE4,10633300.762881152
2036,Agri05_Agroforestry,DE5,241073.50521095633
2036,Agri05_Agroforestry,DE6,195153.9288455797
2036,Agri05_Agroforestry,DE7,3276129.423034111
2036,Agri05_Agroforestry,DE8,10127413.278987464
2036,Agri05_Agroforestry,DE9,16538583.884240234
2036,Agri05_Agroforestry,DEA,13121986.317080218
2036,Agri05_Agroforestry,DEB,7710586.179430065
2036,Agri05_Agroforestry,DEC,1074153.0734818454
2036,Agri05_Agroforestry,DEE,5328903.428846366
2036,Agri05_Agroforestry,DED,5936798.697131595
2036,Agri05_Agroforestry,DEF,1908875.7384727646
2036,Agri05_Agroforestry,DEG,1526887.0260786568
2036,Agri06_Biochar,DE1,0.0
2036,Agri06_Biochar,DE2,0.0
2036,Agri06_Biochar,DE3,0.0
2036,Agri06_Biochar,DE4,0.0
2036,Agri06_Biochar,DE5,0.0
2036,Agri06_Biochar,DE6,0.0
2036,Agri06_Biochar,DE7,0.0
2036,Agri06_Biochar,DE8,0.0
2036,Agri06_Biochar,DE9,0.0
2036,Agri06_Biochar,DEA,0.0
2036,Agri06_Biochar,DEB,0.0
2036,Agri06_Biochar,DEC,0.0
2036,Agri06_Biochar,DEE,0.0
2036,Agri06_Biochar,DED,0.0
2036,Agri06_Biochar,DEF,0.0
2036,Agri06_Biochar,DEG,0.0
2037,Agri01_AGC,DE1,15993898.35513306
2037,Agri01_AGC,DE2,27147917.272549756
2037,Agri01_AGC,DE3,37596.73106995583
2037,Agri01_AGC,DE4,15142500.530588478
2037,Agri01_AGC,DE5,120877.21061614038
2037,Agri01_AGC,DE6,198545.80963851113
2037,Agri01_AGC,DE7,6276476.46964921
2037,Agri01_AGC,DE8,15460109.467246773
2037,Agri01_AGC,DE9,23484382.626641322
2037,Agri01_AGC,DEA,16344837.817405064
2037,Agri01_AGC,DEB,9397003.293845536
2037,Agri01_AGC,DEC,1020785.0693177916
2037,Agri01_AGC,DEE,12124564.556809867
2037,Agri01_AGC,DED,10134499.423044065
2037,Agri01_AGC,DEF,6499298.478493525
2037,Agri01_AGC,DEG,5196371.910893881
2037,Agri02_OFC,DE1,4320664.024890526
2037,Agri02_OFC,DE2,6918960.742032176
2037,Agri02_OFC,DE3,2123924.5537883667
2037,Agri02_OFC,DE4,4163288.7673443984
2037,Agri02_OFC,DE5,990227.6690623363
2037,Agri02_OFC,DE6,114800.16430465225
2037,Agri02_OFC,DE7,1549598.47597703
2037,Agri02_OFC,DE8,4189678.4146549623
2037,Agri02_OFC,DE9,6058909.833560561
2037,Agri02_OFC,DEA,4395773.346427846
2037,Agri02_OFC,DEB,2596650.7201929796
2037,Agri02_OFC,DEC,1556020.0966793252
2037,Agri02_OFC,DEE,3241610.8591591194
2037,Agri02_OFC,DED,2772377.3218863755
2037,Agri02_OFC,DEF,1514201.8370045742
2037,Agri02_OFC,DEG,1210688.8298691285
2037,Agri03_No-till,DE1,0.0
2037,Agri03_No-till,DE2,0.0
2037,Agri03_No-till,DE3,0.0
2037,Agri03_No-till,DE4,0.0
2037,Agri03_No-till,DE5,0.0
2037,Agri03_No-till,DE6,0.0
2037,Agri03_No-till,DE7,0.0
2037,Agri03_No-till,DE8,0.0
2037,Agri03_No-till,DE9,0.0
2037,Agri03_No-till,DEA,0.0
2037,Agri03_No-till,DEB,0.0
2037,Agri03_No-till,DEC,0.0
2037,Agri03_No-till,DEE,0.0
2037,Agri03_No-till,DED,0.0
2037,Agri03_No-till,DEF,0.0
2037,Agri03_No-till,DEG,0.0
2037,Agri04_toGrassland,DE1,221881.89496421337
2037,Agri04_toGrassland,DE2,394253.52502786124
2037,Agri04_toGrassland,DE3,76149.66932541554
2037,Agri04_toGrassland,DE4,206984.01634820757
2037,Agri04_toGrassland,DE5,35879.3117136803
2037,Agri04_toGrassland,DE6,4831.670339715198
2037,Agri04_toGrassland,DE7,93276.05553399133
2037,Agri04_toGrassland,DE8,213915.083014093
2037,Agri04_toGrassland,DE9,337920.3455837172
2037,Agri04_toGrassland,DEA,227587.4704297338
2037,Agri04_toGrassland,DEB,127894.49150045124
2037,Agri04_toGrassland,DEC,59405.83773267402
2037,Agri04_toGrassland,DEE,169638.34124994455
2037,Agri04_toGrassland,DED,139124.60705862477
2037,Agri04_toGrassland,DEF,100429.77842042767
2037,Agri04_toGrassland,DEG,80294.6524202649
2037,Agri05_Agroforestry,DE1,16585693.705802873
2037,Agri05_Agroforestry,DE2,20081822.90370781
2037,Agri05_Agroforestry,DE3,30219.83421703577
2037,Agri05_Agroforestry,DE4,10942700.257566225
2037,Agri05_Agroforestry,DE5,248088.0740976563
2037,Agri05_Agroforestry,DE6,200832.36570324918
2037,Agri05_Agroforestry,DE7,3669567.5873496262
2037,Agri05_Agroforestry,DE8,10422092.85411279
2037,Agri05_Agroforestry,DE9,18804339.680543955
2037,Agri05_Agroforestry,DEA,13503799.643563142
2037,Agri05_Agroforestry,DEB,7934942.804041796
2037,Agri05_Agroforestry,DEC,1105407.942083874
2037,Agri05_Agroforestry,DEE,5483959.705808466
2037,Agri05_Agroforestry,DED,6109543.036626964
2037,Agri05_Agroforestry,DEF,2041211.4191916957
2037,Agri05_Agroforestry,DEG,1632820.5378925486
2037,Agri06_Biochar,DE1,0.0
2037,Agri06_Biochar,DE2,0.0
2037,Agri06_Biochar,DE3,0.0
2037,Agri06_Biochar,DE4,0.0
2037,Agri06_Biochar,DE5,0.0
2037,Agri06_Biochar,DE6,0.0
2037,Agri06_Biochar,DE7,0.0
2037,Agri06_Biochar,DE8,0.0
2037,Agri06_Biochar,DE9,0.0
2037,Agri06_Biochar,DEA,0.0
2037,Agri06_Biochar,DEB,0.0
2037,Agri06_Biochar,DEC,0.0
2037,Agri06_Biochar,DEE,0.0
2037,Agri06_Biochar,DED,0.0
2037,Agri06_Biochar,DEF,0.0
2037,Agri06_Biochar,DEG,0.0
2038,Agri01_AGC,DE1,14803957.79558623
2038,Agri01_AGC,DE2,25128121.525913592
2038,Agri01_AGC,DE3,34799.5471556191
2038,Agri01_AGC,DE4,14015903.677575232
2038,Agri01_AGC,DE5,111883.9875479903
2038,Agri01_AGC,DE6,183774.0694053925
2038,Agri01_AGC,DE7,5809508.770065204
2038,Agri01_AGC,DE8,14309882.618130485
2038,Agri01_AGC,DE9,21737152.602862358
2038,Agri01_AGC,DEA,15128787.48206558
2038,Agri01_AGC,DEB,8697869.46735393
2038,Agri01_AGC,DEC,944839.0097899574
2038,Agri01_AGC,DEE,11222501.106571566
2038,Agri01_AGC,DED,9380496.137140116
2038,Agri01_AGC,DEF,6015752.897770337
2038,Agri01_AGC,DEG,4809763.620534325
2038,Agri02_OFC,DE1,3993262.2153951842
2038,Agri02_OFC,DE2,6394670.8982214285
2038,Agri02_OFC,DE3,1962982.4536537658
2038,Agri02_OFC,DE4,3847812.195218492
2038,Agri02_OFC,DE5,915192.3668968139
2038,Agri02_OFC,DE6,106101.08904511317
2038,Agri02_OFC,DE7,1432176.3986983045
2038,Agri02_OFC,DE8,3872202.14566958
2038,Agri02_OFC,DE9,5599791.042641124
2038,Agri02_OFC,DEA,4062680.0673714317
2038,Agri02_OFC,DEB,2399887.4126270544
2038,Agri02_OFC,DEC,1438111.415900371
2038,Agri02_OFC,DEE,2995975.1756497226
2038,Agri02_OFC,DED,2562298.1890122457
2038,Agri02_OFC,DEF,1399461.968660141
2038,Agri02_OFC,DEG,1118947.9050132567
2038,Agri03_No-till,DE1,0.0
2038,Agri03_No-till,DE2,0.0
2038,Agri03_No-till,DE3,0.0
2038,Agri03_No-till,DE4,0.0
2038,Agri03_No-till,DE5,0.0
2038,Agri03_No-till,DE6,0.0
2038,Agri03_No-till,DE7,0.0
2038,Agri03_No-till,DE8,0.0
2038,Agri03_No-till,DE9,0.0
2038,Agri03_No-till,DEA,0.0
2038,Agri03_No-till,DEB,0.0
2038,Agri03_No-till,DEC,0.0
2038,Agri03_No-till,DEE,0.0
2038,Agri03_No-till,DED,0.0
2038,Agri03_No-till,DEF,0.0
2038,Agri03_No-till,DEG,0.0
2038,Agri04_toGrassland,DE1,217208.6844433503
2038,Agri04_toGrassland,DE2,385949.87446933
2038,Agri04_toGrassland,DE3,74545.82762436476
2038,Agri04_toGrassland,DE4,202624.58051859675
2038,Agri04_toGrassland,DE5,35123.63231492296
2038,Agri04_toGrassland,DE6,4729.907135157472
2038,Agri04_toGrassland,DE7,91311.5029771621
2038,Agri04_toGrassland,DE8,209409.6671185149
2038,Agri04_toGrassland,DE9,330803.1677064947
2038,Agri04_toGrassland,DEA,222794.09077430773
2038,Agri04_toGrassland,DEB,125200.81573507733
2038,Agri04_toGrassland,DEC,58154.64963579125
2038,Agri04_toGrassland,DEE,166065.46892884388
2038,Agri04_toGrassland,DED,136194.40593733828
2038,Agri04_toGrassland,DEF,98314.55627849496
2038,Agri04_toGrassland,DEG,78603.51031730085
2038,Agri05_Agroforestry,DE1,17054646.07868987
2038,Agri05_Agroforestry,DE2,20649626.618742973
2038,Agri05_Agroforestry,DE3,31074.28524065333
2038,Agri05_Agroforestry,DE4,11252099.752251301
2038,Agri05_Agroforestry,DE5,255102.6429843563
2038,Agri05_Agroforestry,DE6,206510.80256091867
2038,Agri05_Agroforestry,DE7,3773322.815082714
2038,Agri05_Agroforestry,DE8,10716772.429238118
2038,Agri05_Agroforestry,DE9,19336023.18261411
2038,Agri05_Agroforestry,DEA,13885612.970046068
2038,Agri05_Agroforestry,DEB,8159299.428653531
2038,Agri05_Agroforestry,DEC,1136662.8106859028
2038,Agri05_Agroforestry,DEE,5639015.982770569
2038,Agri05_Agroforestry,DED,6282287.376122335
2038,Agri05_Agroforestry,DEF,2098925.6731489524
2038,Agri05_Agroforestry,DEG,1678987.7395378696
2038,Agri06_Biochar,DE1,0.0
2038,Agri06_Biochar,DE2,0.0
2038,Agri06_Biochar,DE3,0.0
2038,Agri06_Biochar,DE4,0.0
2038,Agri06_Biochar,DE5,0.0
2038,Agri06_Biochar,DE6,0.0
2038,Agri06_Biochar,DE7,0.0
2038,Agri06_Biochar,DE8,0.0
2038,Agri06_Biochar,DE9,0.0
2038,Agri06_Biochar,DEA,0.0
2038,Agri06_Biochar,DEB,0.0
2038,Agri06_Biochar,DEC,0.0
2038,Agri06_Biochar,DEE,0.0
2038,Agri06_Biochar,DED,0.0
2038,Agri06_Biochar,DEF,0.0
2038,Agri06_Biochar,DEG,0.0
2039,Agri01_AGC,DE1,13614017.236039398
2039,Agri01_AGC,DE2,23108325.779277425
2039,Agri01_AGC,DE3,32002.36324128236
2039,Agri01_AGC,DE4,12889306.824561985
2039,Agri01_AGC,DE5,102890.76447984022
2039,Agri01_AGC,DE6,169002.32917227392
2039,Agri01_AGC,DE7,5342541.070481198
2039,Agri01_AGC,DE8,13159655.769014196
2039,Agri01_AGC,DE9,19989922.579083394
2039,Agri01_AGC,DEA,13912737.146726096
2039,Agri01_AGC,DEB,7998735.640862324
2039,Agri01_AGC,DEC,868892.9502621234
2039,Agri01_AGC,DEE,10320437.656333266
2039,Agri01_AGC,DED,8626492.851236166
2039,Agri01_AGC,DEF,5532207.317047149
2039,Agri01_AGC,DEG,4423155.330174769
2039,Agri02_OFC,DE1,3665860.405899843
2039,Agri02_OFC,DE2,5870381.054410683
2039,Agri02_OFC,DE3,1802040.3535191657
2039,Agri02_OFC,DE4,3532335.6230925857
2039,Agri02_OFC,DE5,840157.0647312915
2039,Agri02_OFC,DE6,97402.01378557412
2039,Agri02_OFC,DE7,1314754.3214195797
2039,Agri02_OFC,DE8,3554725.876684198
2039,Agri02_OFC,DE9,5140672.251721688
2039,Agri02_OFC,DEA,3729586.788315018
2039,Agri02_OFC,DEB,2203124.105061129
2039,Agri02_OFC,DEC,1320202.7351214173
2039,Agri02_OFC,DEE,2750339.4921403266
2039,Agri02_OFC,DED,2352219.0561381164
2039,Agri02_OFC,DEF,1284722.100315708
2039,Agri02_OFC,DEG,1027206.980157385
2039,Agri03_No-till,DE1,0.0
2039,Agri03_No-till,DE2,0.0
2039,Agri03_No-till,DE3,0.0
2039,Agri03_No-till,DE4,0.0
2039,Agri03_No-till,DE5,0.0
2039,Agri03_No-till,DE6,0.0
2039,Agri03_No-till,DE7,0.0
2039,Agri03_No-till,DE8,0.0
2039,Agri03_No-till,DE9,0.0
2039,Agri03_No-till,DEA,0.0
2039,Agri03_No-till,DEB,0.0
2039,Agri03_No-till,DEC,0.0
2039,Agri03_No-till,DEE,0.0
2039,Agri03_No-till,DED,0.0
2039,Agri03_No-till,DEF,0.0
2039,Agri03_No-till,DEG,0.0
2039,Agri04_toGrassland,DE1,212535.47392248726
2039,Agri04_toGrassland,DE2,377646.22391079884
2039,Agri04_toGrassland,DE3,72941.98592331399
2039,Agri04_toGrassland,DE4,198265.14468898598
2039,Agri04_toGrassland,DE5,34367.95291616562
2039,Agri04_toGrassland,DE6,4628.143930599746
2039,Agri04_toGrassland,DE7,89346.95042033291
2039,Agri04_toGrassland,DE8,204904.25122293684
2039,Agri04_toGrassland,DE9,323685.9898292722
2039,Agri04_toGrassland,DEA,218000.7111188817
2039,Agri04_toGrassland,DEB,122507.13996970344
2039,Agri04_toGrassland,DEC,56903.461538908494
2039,Agri04_toGrassland,DEE,162492.59660774327
2039,Agri04_toGrassland,DED,133264.20481605185
2039,Agri04_toGrassland,DEF,96199.33413656228
2039,Agri04_toGrassland,DEG,76912.36821433684
2039,Agri05_Agroforestry,DE1,17523598.451576866
2039,Agri05_Agroforestry,DE2,21217430.333778135
2039,Agri05_Agroforestry,DE3,31928.736264270887
2039,Agri05_Agroforestry,DE4,11561499.246936373
2039,Agri05_Agroforestry,DE5,262117.2118710563
2039,Agri05_Agroforestry,DE6,212189.2394185881
2039,Agri05_Agroforestry,DE7,3877078.042815801
2039,Agri05_Agroforestry,DE8,11011452.004363444
2039,Agri05_Agroforestry,DE9,19867706.68468426
2039,Agri05_Agroforestry,DEA,14267426.296528991
2039,Agri05_Agroforestry,DEB,8383656.053265262
2039,Agri05_Agroforestry,DEC,1167917.6792879314
2039,Agri05_Agroforestry,DEE,5794072.259732669
2039,Agri05_Agroforestry,DED,6455031.715617705
2039,Agri05_Agroforestry,DEF,2156639.927106209
2039,Agri05_Agroforestry,DEG,1725154.9411831903
2039,Agri06_Biochar,DE1,0.0
2039,Agri06_Biochar,DE2,0.0
2039,Agri06_Biochar,DE3,0.0
2039,Agri06_Biochar,DE4,0.0
2039,Agri06_Biochar,DE5,0.0
2039,Agri06_Biochar,DE6,0.0
2039,Agri06_Biochar,DE7,0.0
2039,Agri06_Biochar,DE8,0.0
2039,Agri06_Biochar,DE9,0.0
2039,Agri06_Biochar,DEA,0.0
2039,Agri06_Biochar,DEB,0.0
2039,Agri06_Biochar,DEC,0.0
2039,Agri06_Biochar,DEE,0.0
2039,Agri06_Biochar,DED,0.0
2039,Agri06_Biochar,DEF,0.0
2039,Agri06_Biochar,DEG,0.0
2040,Agri01_AGC,DE1,12424076.676492566
2040,Agri01_AGC,DE2,21088530.032641254
2040,Agri01_AGC,DE3,29205.17932694562
2040,Agri01_AGC,DE4,11762709.971548738
2040,Agri01_AGC,DE5,93897.54141169014
2040,Agri01_AGC,DE6,154230.58893915528
2040,Agri01_AGC,DE7,4875573.370897192
2040,Agri01_AGC,DE8,12009428.919897906
2040,Agri01_AGC,DE9,18242692.55530443
2040,Agri01_AGC,DEA,12696686.81138661
2040,Agri01_AGC,DEB,7299601.814370719
2040,Agri01_AGC,DEC,792946.8907342892
2040,Agri01_AGC,DEE,9418374.206094963
2040,Agri01_AGC,DED,7872489.565332217
2040,Agri01_AGC,DEF,5048661.736323961
2040,Agri01_AGC,DEG,4036547.0398152135
2040,Agri02_OFC,DE1,3338458.5964045012
2040,Agri02_OFC,DE2,5346091.210599936
2040,Agri02_OFC,DE3,1641098.253384565
2040,Agri02_OFC,DE4,3216859.0509666787
2040,Agri02_OFC,DE5,765121.7625657689
2040,Agri02_OFC,DE6,88702.93852603504
2040,Agri02_OFC,DE7,1197332.2441408543
2040,Agri02_OFC,DE8,3237249.607698816
2040,Agri02_OFC,DE9,4681553.46080225
2040,Agri02_OFC,DEA,3396493.5092586037
2040,Agri02_OFC,DEB,2006360.7974952038
2040,Agri02_OFC,DEC,1202294.0543424634
2040,Agri02_OFC,DEE,2504703.80863093
2040,Agri02_OFC,DED,2142139.9232639866
2040,Agri02_OFC,DEF,1169982.2319712746
2040,Agri02_OFC,DEG,935466.055301513
2040,Agri03_No-till,DE1,0.0
2040,Agri03_No-till,DE2,0.0
2040,Agri03_No-till,DE3,0.0
2040,Agri03_No-till,DE4,0.0
2040,Agri03_No-till,DE5,0.0
2040,Agri03_No-till,DE6,0.0
2040,Agri03_No-till,DE7,0.0
2040,Agri03_No-till,DE8,0.0
2040,Agri03_No-till,DE9,0.0
2040,Agri03_No-till,DEA,0.0
2040,Agri03_No-till,DEB,0.0
2040,Agri03_No-till,DEC,0.0
2040,Agri03_No-till,DEE,0.0
2040,Agri03_No-till,DED,0.0
2040,Agri03_No-till,DEF,0.0
2040,Agri03_No-till,DEG,0.0
2040,Agri04_toGrassland,DE1,207862.26340162422
2040,Agri04_toGrassland,DE2,369342.5733522677
2040,Agri04_toGrassland,DE3,71338.1442222632
2040,Agri04_toGrassland,DE4,193905.70885937515
2040,Agri04_toGrassland,DE5,33612.273517408285
2040,Agri04_toGrassland,DE6,4526.380726042021
2040,Agri04_toGrassland,DE7,87382.3978635037
2040,Agri04_toGrassland,DE8,200398.83532735874
2040,Agri04_toGrassland,DE9,316568.8119520497
2040,Agri04_toGrassland,DEA,213207.33146345566
2040,Agri04_toGrassland,DEB,119813.46420432953
2040,Agri04_toGrassland,DEC,55652.27344202573
2040,Agri04_toGrassland,DEE,158919.72428664262
2040,Agri04_toGrassland,DED,130334.00369476537
2040,Agri04_toGrassland,DEF,94084.1119946296
2040,Agri04_toGrassland,DEG,75221.22611137282
2040,Agri05_Agroforestry,DE1,17992550.824463855
2040,Agri05_Agroforestry,DE2,21785234.048813295
2040,Agri05_Agroforestry,DE3,32783.18728788844
2040,Agri05_Agroforestry,DE4,11870898.741621446
2040,Agri05_Agroforestry,DE5,269131.7807577562
2040,Agri05_Agroforestry,DE6,217867.67627625755
2040,Agri05_Agroforestry,DE7,3980833.270548888
2040,Agri05_Agroforestry,DE8,11306131.579488767
2040,Agri05_Agroforestry,DE9,20399390.186754413
2040,Agri05_Agroforestry,DEA,14649239.623011913
2040,Agri05_Agroforestry,DEB,8608012.677876994
2040,Agri05_Agroforestry,DEC,1199172.54788996
2040,Agri05_Agroforestry,DEE,5949128.53669477
2040,Agri05_Agroforestry,DED,6627776.055113073
2040,Agri05_Agroforestry,DEF,2214354.181063465
2040,Agri05_Agroforestry,DEG,1771322.1428285108
2040,Agri06_Biochar,DE1,0.0
2040,Agri06_Biochar,DE2,0.0
2040,Agri06_Biochar,DE3,0.0
2040,Agri06_Biochar,DE4,0.0
2040,Agri06_Biochar,DE5,0.0
2040,Agri06_Biochar,DE6,0.0
2040,Agri06_Biochar,DE7,0.0
2040,Agri06_Biochar,DE8,0.0
2040,Agri06_Biochar,DE9,0.0
2040,Agri06_Biochar,DEA,0.0
2040,Agri06_Biochar,DEB,0.0
2040,Agri06_Biochar,DEC,0.0
2040,Agri06_Biochar,DEE,0.0
2040,Agri06_Biochar,DED,0.0
2040,Agri06_Biochar,DEF,0.0
2040,Agri06_Biochar,DEG,0.0
2041,Agri01_AGC,DE1,11234136.11694574
2041,Agri01_AGC,DE2,19068734.286005095
2041,Agri01_AGC,DE3,26407.995412608896
2041,Agri01_AGC,DE4,10636113.118535496
2041,Agri01_AGC,DE5,84904.31834354009
2041,Agri01_AGC,DE6,139458.84870603675
2041,Agri01_AGC,DE7,4408605.671313188
2041,Agri01_AGC,DE8,10859202.070781622
2041,Agri01_AGC,DE9,16495462.531525474
2041,Agri01_AGC,DEA,11480636.47604713
2041,Agri01_AGC,DEB,6600467.987879115
2041,Agri01_AGC,DEC,717000.8312064552
2041,Agri01_AGC,DEE,8516310.755856667
2041,Agri01_AGC,DED,7118486.279428271
2041,Agri01_AGC,DEF,4565116.155600775
2041,Agri01_AGC,DEG,3649938.7494556597
2041,Agri02_OFC,DE1,3011056.7869091597
2041,Agri02_OFC,DE2,4821801.366789189
2041,Agri02_OFC,DE3,1480156.1532499646
2041,Agri02_OFC,DE4,2901382.478840772
2041,Agri02_OFC,DE5,690086.4604002464
2041,Agri02_OFC,DE6,80003.86326649597
2041,Agri02_OFC,DE7,1079910.1668621292
2041,Agri02_OFC,DE8,2919773.3387134336
2041,Agri02_OFC,DE9,4222434.6698828135
2041,Agri02_OFC,DEA,3063400.230202189
2041,Agri02_OFC,DEB,1809597.4899292784
2041,Agri02_OFC,DEC,1084385.3735635094
2041,Agri02_OFC,DEE,2259068.1251215334
2041,Agri02_OFC,DED,1932060.7903898573
2041,Agri02_OFC,DEF,1055242.3636268415
2041,Agri02_OFC,DEG,843725.1304456413
2041,Agri03_No-till,DE1,0.0
2041,Agri03_No-till,DE2,0.0
2041,Agri03_No-till,DE3,0.0
2041,Agri03_No-till,DE4,0.0
2041,Agri03_No-till,DE5,0.0
2041,Agri03_No-till,DE6,0.0
2041,Agri03_No-till,DE7,0.0
2041,Agri03_No-till,DE8,0.0
2041,Agri03_No-till,DE9,0.0
2041,Agri03_No-till,DEA,0.0
2041,Agri03_No-till,DEB,0.0
2041,Agri03_No-till,DEC,0.0
2041,Agri03_No-till,DEE,0.0
2041,Agri03_No-till,DED,0.0
2041,Agri03_No-till,DEF,0.0
2041,Agri03_No-till,DEG,0.0
2041,Agri04_toGrassland,DE1,203189.05288076118
2041,Agri04_toGrassland,DE2,361038.92279373656
2041,Agri04_toGrassland,DE3,69734.30252121243
2041,Agri04_toGrassland,DE4,189546.2730297644
2041,Agri04_toGrassland,DE5,32856.594118650944
2041,Agri04_toGrassland,DE6,4424.617521484296
2041,Agri04_toGrassland,DE7,85417.84530667451
2041,Agri04_toGrassland,DE8,195893.4194317807
2041,Agri04_toGrassland,DE9,309451.63407482725
2041,Agri04_toGrassland,DEA,208413.9518080296
2041,Agri04_toGrassland,DEB,117119.78843895566
2041,Agri04_toGrassland,DEC,54401.08534514297
2041,Agri04_toGrassland,DEE,155346.851965542
2041,Agri04_toGrassland,DED,127403.80257347893
2041,Agri04_toGrassland,DEF,91968.88985269691
2041,Agri04_toGrassland,DEG,73530.0840084088
2041,Agri05_Agroforestry,DE1,18461503.197350856
2041,Agri05_Agroforestry,DE2,22353037.76384846
2041,Agri05_Agroforestry,DE3,33637.638311505994
2041,Agri05_Agroforestry,DE4,12180298.23630652
2041,Agri05_Agroforestry,DE5,276146.34964445623
2041,Agri05_Agroforestry,DE6,223546.11313392705
2041,Agri05_Agroforestry,DE7,4084588.498281976
2041,Agri05_Agroforestry,DE8,11600811.154614097
2041,Agri05_Agroforestry,DE9,20931073.688824568
2041,Agri05_Agroforestry,DEA,15031052.94949484
2041,Agri05_Agroforestry,DEB,8832369.302488727
2041,Agri05_Agroforestry,DEC,1230427.4164919888
2041,Agri05_Agroforestry,DEE,6104184.813656871
2041,Agri05_Agroforestry,DED,6800520.3946084445
2041,Agri05_Agroforestry,DEF,2272068.4350207215
2041,Agri05_Agroforestry,DEG,1817489.344473832
2041,Agri06_Biochar,DE1,0.0
2041,Agri06_Biochar,DE2,0.0
2041,Agri06_Biochar,DE3,0.0
2041,Agri06_Biochar,DE4,0.0
2041,Agri06_Biochar,DE5,0.0
2041,Agri06_Biochar,DE6,0.0
2041,Agri06_Biochar,DE7,0.0
2041,Agri06_Biochar,DE8,0.0
2041,Agri06_Biochar,DE9,0.0
2041,Agri06_Biochar,DEA,0.0
2041,Agri06_Biochar,DEB,0.0
2041,Agri06_Biochar,DEC,0.0
2041,Agri06_Biochar,DEE,0.0
2041,Agri06_Biochar,DED,0.0
2041,Agri06_Biochar,DEF,0.0
2041,Agri06_Biochar,DEG,0.0
2042,Agri01_AGC,DE1,10044195.55739891
2042,Agri01_AGC,DE2,17048938.53936893
2042,Agri01_AGC,DE3,23610.811498272164
2042,Agri01_AGC,DE4,9509516.26552225
2042,Agri01_AGC,DE5,75911.09527539002
2042,Agri01_AGC,DE6,124687.10847291815
2042,Agri01_AGC,DE7,3941637.9717291826
2042,Agri01_AGC,DE8,9708975.221665336
2042,Agri01_AGC,DE9,14748232.507746514
2042,Agri01_AGC,DEA,10264586.140707647
2042,Agri01_AGC,DEB,5901334.161387511
2042,Agri01_AGC,DEC,641054.7716786213
2042,Agri01_AGC,DEE,7614247.305618367
2042,Agri01_AGC,DED,6364482.993524323
2042,Agri01_AGC,DEF,4081570.574877588
2042,Agri01_AGC,DEG,3263330.4590961044
2042,Agri02_OFC,DE1,2683654.9774138187
2042,Agri02_OFC,DE2,4297511.522978444
2042,Agri02_OFC,DE3,1319214.0531153644
2042,Agri02_OFC,DE4,2585905.906714866
2042,Agri02_OFC,DE5,615051.1582347241
2042,Agri02_OFC,DE6,71304.78800695692
2042,Agri02_OFC,DE7,962488.0895834041
2042,Agri02_OFC,DE8,2602297.0697280522
2042,Agri02_OFC,DE9,3763315.878963377
2042,Agri02_OFC,DEA,2730306.9511457756
2042,Agri02_OFC,DEB,1612834.1823633534
2042,Agri02_OFC,DEC,966476.6927845556
2042,Agri02_OFC,DEE,2013432.4416121372
2042,Agri02_OFC,DED,1721981.657515728
2042,Agri02_OFC,DEF,940502.4952824084
2042,Agri02_OFC,DEG,751984.2055897696
2042,Agri03_No-till,DE1,0.0
2042,Agri03_No-till,DE2,0.0
2042,Agri03_No-till,DE3,0.0
2042,Agri03_No-till,DE4,0.0
2042,Agri03_No-till,DE5,0.0
2042,Agri03_No-till,DE6,0.0
2042,Agri03_No-till,DE7,0.0
2042,Agri03_No-till,DE8,0.0
2042,Agri03_No-till,DE9,0.0
2042,Agri03_No-till,DEA,0.0
2042,Agri03_No-till,DEB,0.0
2042,Agri03_No-till,DEC,0.0
2042,Agri03_No-till,DEE,0.0
2042,Agri03_No-till,DED,0.0
2042,Agri03_No-till,DEF,0.0
2042,Agri03_No-till,DEG,0.0
2042,Agri04_toGrassland,DE1,198515.84235989818
2042,Agri04_toGrassland,DE2,352735.27223520546
2042,Agri04_toGrassland,DE3,68130.46082016166
2042,Agri04_toGrassland,DE4,185186.8372001536
2042,Agri04_toGrassland,DE5,32100.914719893615
2042,Agri04_toGrassland,DE6,4322.854316926571
2042,Agri04_toGrassland,DE7,83453.29274984532
2042,Agri04_toGrassland,DE8,191388.00353620265
2042,Agri04_toGrassland,DE9,302334.4561976048
2042,Agri04_toGrassland,DEA,203620.5721526036
2042,Agri04_toGrassland,DEB,114426.11267358177
2042,Agri04_toGrassland,DEC,53149.89724826022
2042,Agri04_toGrassland,DEE,151773.9796444414
2042,Agri04_toGrassland,DED,124473.60145219248
2042,Agri04_toGrassland,DEF,89853.66771076423
2042,Agri04_toGrassland,DEG,71838.94190544478
2042,Agri05_Agroforestry,DE1,18930455.57023785
2042,Agri05_Agroforestry,DE2,22920841.47888362
2042,Agri05_Agroforestry,DE3,34492.08933512355
2042,Agri05_Agroforestry,DE4,12489697.730991593
2042,Agri05_Agroforestry,DE5,283160.9185311562
2042,Agri05_Agroforestry,DE6,229224.5499915965
2042,Agri05_Agroforestry,DE7,4188343.7260150635
2042,Agri05_Agroforestry,DE8,11895490.729739422
2042,Agri05_Agroforestry,DE9,21462757.19089472
2042,Agri05_Agroforestry,DEA,15412866.275977764
2042,Agri05_Agroforestry,DEB,9056725.92710046
2042,Agri05_Agroforestry,DEC,1261682.2850940174
2042,Agri05_Agroforestry,DEE,6259241.090618973
2042,Agri05_Agroforestry,DED,6973264.734103814
2042,Agri05_Agroforestry,DEF,2329782.688977978
2042,Agri05_Agroforestry,DEG,1863656.5461191528
2042,Agri06_Biochar,DE1,0.0
2042,Agri06_Biochar,DE2,0.0
2042,Agri06_Biochar,DE3,0.0
2042,Agri06_Biochar,DE4,0.0
2042,Agri06_Biochar,DE5,0.0
2042,Agri06_Biochar,DE6,0.0
2042,Agri06_Biochar,DE7,0.0
2042,Agri06_Biochar,DE8,0.0
2042,Agri06_Biochar,DE9,0.0
2042,Agri06_Biochar,DEA,0.0
2042,Agri06_Biochar,DEB,0.0
2042,Agri06_Biochar,DEC,0.0
2042,Agri06_Biochar,DEE,0.0
2042,Agri06_Biochar,DED,0.0
2042,Agri06_Biochar,DEF,0.0
2042,Agri06_Biochar,DEG,0.0
2043,Agri01_AGC,DE1,8854254.99785208
2043,Agri01_AGC,DE2,15029142.792732768
2043,Agri01_AGC,DE3,20813.62758393543
2043,Agri01_AGC,DE4,8382919.412509007
2043,Agri01_AGC,DE5,66917.87220723995
2043,Agri01_AGC,DE6,109915.36823979956
2043,Agri01_AGC,DE7,3474670.2721451772
2043,Agri01_AGC,DE8,8558748.37254905
2043,Agri01_AGC,DE9,13001002.483967554
2043,Agri01_AGC,DEA,9048535.805368165
2043,Agri01_AGC,DEB,5202200.334895906
2043,Agri01_AGC,DEC,565108.7121507872
2043,Agri01_AGC,DEE,6712183.855380068
2043,Agri01_AGC,DED,5610479.707620375
2043,Agri01_AGC,DEF,3598024.9941544007
2043,Agri01_AGC,DEG,2876722.1687365496
2043,Agri02_OFC,DE1,2356253.1679184763
2043,Agri02_OFC,DE2,3773221.679167696
2043,Agri02_OFC,DE3,1158271.9529807635
2043,Agri02_OFC,DE4,2270429.3345889584
2043,Agri02_OFC,DE5,540015.8560692015
2043,Agri02_OFC,DE6,62605.71274741784
2043,Agri02_OFC,DE7,845066.0123046787
2043,Agri02_OFC,DE8,2284820.800742669
2043,Agri02_OFC,DE9,3304197.088043939
2043,Agri02_OFC,DEA,2397213.6720893607
2043,Agri02_OFC,DEB,1416070.8747974278
2043,Agri02_OFC,DEC,848568.0120056014
2043,Agri02_OFC,DEE,1767796.7581027404
2043,Agri02_OFC,DED,1511902.5246415979
2043,Agri02_OFC,DEF,825762.626937975
2043,Agri02_OFC,DEG,660243.2807338976
2043,Agri03_No-till,DE1,0.0
2043,Agri03_No-till,DE2,0.0
2043,Agri03_No-till,DE3,0.0
2043,Agri03_No-till,DE4,0.0
2043,Agri03_No-till,DE5,0.0
2043,Agri03_No-till,DE6,0.0
2043,Agri03_No-till,DE7,0.0
2043,Agri03_No-till,DE8,0.0
2043,Agri03_No-till,DE9,0.0
2043,Agri03_No-till,DEA,0.0
2043,Agri03_No-till,DEB,0.0
2043,Agri03_No-till,DEC,0.0
2043,Agri03_No-till,DEE,0.0
2043,Agri03_No-till,DED,0.0
2043,Agri03_No-till,DEF,0.0
2043,Agri03_No-till,DEG,0.0
2043,Agri04_toGrassland,DE1,193842.63183903514
2043,Agri04_toGrassland,DE2,344431.6216766743
2043,Agri04_toGrassland,DE3,66526.6191191109
2043,Agri04_toGrassland,DE4,180827.4013705428
2043,Agri04_toGrassland,DE5,31345.235321136275
2043,Agri04_toGrassland,DE6,4221.091112368846
2043,Agri04_toGrassland,DE7,81488.74019301611
2043,Agri04_toGrassland,DE8,186882.58764062458
2043,Agri04_toGrassland,DE9,295217.2783203823
2043,Agri04_toGrassland,DEA,198827.19249717754
2043,Agri04_toGrassland,DEB,111732.43690820786
2043,Agri04_toGrassland,DEC,51898.70915137745
2043,Agri04_toGrassland,DEE,148201.10732334075
2043,Agri04_toGrassland,DED,121543.40033090602
2043,Agri04_toGrassland,DEF,87738.44556883155
2043,Agri04_toGrassland,DEG,70147.79980248075
2043,Agri05_Agroforestry,DE1,19399407.943124846
2043,Agri05_Agroforestry,DE2,23488645.193918787
2043,Agri05_Agroforestry,DE3,35346.54035874111
2043,Agri05_Agroforestry,DE4,12799097.225676669
2043,Agri05_Agroforestry,DE5,290175.48741785623
2043,Agri05_Agroforestry,DE6,234902.986849266
2043,Agri05_Agroforestry,DE7,4292098.953748152
2043,Agri05_Agroforestry,DE8,12190170.30486475
2043,Agri05_Agroforestry,DE9,21994440.692964874
2043,Agri05_Agroforestry,DEA,15794679.60246069
2043,Agri05_Agroforestry,DEB,9281082.551712193
2043,Agri05_Agroforestry,DEC,1292937.1536960462
2043,Agri05_Agroforestry,DEE,6414297.367581074
2043,Agri05_Agroforestry,DED,7146009.073599185
2043,Agri05_Agroforestry,DEF,2387496.942935235
2043,Agri05_Agroforestry,DEG,1909823.747764474
2043,Agri06_Biochar,DE1,0.0
2043,Agri06_Biochar,DE2,0.0
2043,Agri06_Biochar,DE3,0.0
2043,Agri06_Biochar,DE4,0.0
2043,Agri06_Biochar,DE5,0.0
2043,Agri06_Biochar,DE6,0.0
2043,Agri06_Biochar,DE7,0.0
2043,Agri06_Biochar,DE8,0.0
2043,Agri06_Biochar,DE9,0.0
2043,Agri06_Biochar,DEA,0.0
2043,Agri06_Biochar,DEB,0.0
2043,Agri06_Biochar,DEC,0.0
2043,Agri06_Biochar,DEE,0.0
2043,Agri06_Biochar,DED,0.0
2043,Agri06_Biochar,DEF,0.0
2043,Agri06_Biochar,DEG,0.0
2044,Agri01_AGC,DE1,7664314.438305251
2044,Agri01_AGC,DE2,13009347.046096604
2044,Agri01_AGC,DE3,18016.443669598702
2044,Agri01_AGC,DE4,7256322.559495762
2044,Agri01_AGC,DE5,57924.64913908989
2044,Agri01_AGC,DE6,95143.62800668097
2044,Agri01_AGC,DE7,3007702.5725611723
2044,Agri01_AGC,DE8,7408521.523432762
2044,Agri01_AGC,DE9,11253772.460188592
2044,Agri01_AGC,DEA,7832485.470028681
2044,Agri01_AGC,DEB,4503066.5084043015
2044,Agri01_AGC,DEC,489162.65262295323
2044,Agri01_AGC,DEE,5810120.405141769
2044,Agri01_AGC,DED,4856476.421716427
2044,Agri01_AGC,DEF,3114479.4134312137
2044,Agri01_AGC,DEG,2490113.8783769943
2044,Agri02_OFC,DE1,2028851.3584231366
2044,Agri02_OFC,DE2,3248931.835356952
2044,Agri02_OFC,DE3,997329.8528461638
2044,Agri02_OFC,DE4,1954952.7624630537
2044,Agri02_OFC,DE5,464980.55390367936
2044,Agri02_OFC,DE6,53906.63748787882
2044,Agri02_OFC,DE7,727643.9350259542
2044,Agri02_OFC,DE8,1967344.5317572886
2044,Agri02_OFC,DE9,2845078.2971245046
2044,Agri02_OFC,DEA,2064120.3930329485
2044,Agri02_OFC,DEB,1219307.5672315033
2044,Agri02_OFC,DEC,730659.3312266482
2044,Agri02_OFC,DEE,1522161.0745933452
2044,Agri02_OFC,DED,1301823.3917674695
2044,Agri02_OFC,DEF,711022.7585935424
2044,Agri02_OFC,DEG,568502.3558780263
2044,Agri03_No-till,DE1,0.0
2044,Agri03_No-till,DE2,0.0
2044,Agri03_No-till,DE3,0.0
2044,Agri03_No-till,DE4,0.0
2044,Agri03_No-till,DE5,0.0
2044,Agri03_No-till,DE6,0.0
2044,Agri03_No-till,DE7,0.0
2044,Agri03_No-till,DE8,0.0
2044,Agri03_No-till,DE9,0.0
2044,Agri03_No-till,DEA,0.0
2044,Agri03_No-till,DEB,0.0
2044,Agri03_No-till,DEC,0.0
2044,Agri03_No-till,DEE,0.0
2044,Agri03_No-till,DED,0.0
2044,Agri03_No-till,DEF,0.0
2044,Agri03_No-till,DEG,0.0
2044,Agri04_toGrassland,DE1,189169.4213181721
2044,Agri04_toGrassland,DE2,336127.9711181432
2044,Agri04_toGrassland,DE3,64922.77741806012
2044,Agri04_toGrassland,DE4,176467.965540932
2044,Agri04_toGrassland,DE5,30589.555922378942
2044,Agri04_toGrassland,DE6,4119.327907811121
2044,Agri04_toGrassland,DE7,79524.18763618692
2044,Agri04_toGrassland,DE8,182377.17174504654
2044,Agri04_toGrassland,DE9,288100.10044315987
2044,Agri04_toGrassland,DEA,194033.81284175153
2044,Agri04_toGrassland,DEB,109038.76114283399
2044,Agri04_toGrassland,DEC,50647.5210544947
2044,Agri04_toGrassland,DEE,144628.23500224014
2044,Agri04_toGrassland,DED,118613.19920961958
2044,Agri04_toGrassland,DEF,85623.22342689887
2044,Agri04_toGrassland,DEG,68456.65769951673
2044,Agri05_Agroforestry,DE1,19868360.31601184
2044,Agri05_Agroforestry,DE2,24056448.908953946
2044,Agri05_Agroforestry,DE3,36200.99138235867
2044,Agri05_Agroforestry,DE4,13108496.72036174
2044,Agri05_Agroforestry,DE5,297190.05630455614
2044,Agri05_Agroforestry,DE6,240581.42370693543
2044,Agri05_Agroforestry,DE7,4395854.181481238
2044,Agri05_Agroforestry,DE8,12484849.879990073
2044,Agri05_Agroforestry,DE9,22526124.195035025
2044,Agri05_Agroforestry,DEA,16176492.928943612
2044,Agri05_Agroforestry,DEB,9505439.176323922
2044,Agri05_Agroforestry,DEC,1324192.0222980748
2044,Agri05_Agroforestry,DEE,6569353.644543175
2044,Agri05_Agroforestry,DED,7318753.413094554
2044,Agri05_Agroforestry,DEF,2445211.196892491
2044,Agri05_Agroforestry,DEG,1955990.9494097945
2044,Agri06_Biochar,DE1,0.0
2044,Agri06_Biochar,DE2,0.0
2044,Agri06_Biochar,DE3,0.0
2044,Agri06_Biochar,DE4,0.0
2044,Agri06_Biochar,DE5,0.0
2044,Agri06_Biochar,DE6,0.0
2044,Agri06_Biochar,DE7,0.0
2044,Agri06_Biochar,DE8,0.0
2044,Agri06_Biochar,DE9,0.0
2044,Agri06_Biochar,DEA,0.0
2044,Agri06_Biochar,DEB,0.0
2044,Agri06_Biochar,DEC,0.0
2044,Agri06_Biochar,DEE,0.0
2044,Agri06_Biochar,DED,0.0
2044,Agri06_Biochar,DEF,0.0
2044,Agri06_Biochar,DEG,0.0
2045,Agri01_AGC,DE1,6474373.878758421
2045,Agri01_AGC,DE2,10989551.299460439
2045,Agri01_AGC,DE3,15219.259755261968
2045,Agri01_AGC,DE4,6129725.7064825175
2045,Agri01_AGC,DE5,48931.42607093982
2045,Agri01_AGC,DE6,80371.88777356238
2045,Agri01_AGC,DE7,2540734.872977167
2045,Agri01_AGC,DE8,6258294.674316476
2045,Agri01_AGC,DE9,9506542.436409632
2045,Agri01_AGC,DEA,6616435.134689198
2045,Agri01_AGC,DEB,3803932.6819126974
2045,Agri01_AGC,DEC,413216.59309511917
2045,Agri01_AGC,DEE,4908056.954903469
2045,Agri01_AGC,DED,4102473.135812479
2045,Agri01_AGC,DEF,2630933.8327080267
2045,Agri01_AGC,DEG,2103505.5880174395
2045,Agri02_OFC,DE1,1701449.5489277956
2045,Agri02_OFC,DE2,2724641.9915462066
2045,Agri02_OFC,DE3,836387.7527115635
2045,Agri02_OFC,DE4,1639476.1903371476
2045,Agri02_OFC,DE5,389945.251738157
2045,Agri02_OFC,DE6,45207.56222833976
2045,Agri02_OFC,DE7,610221.8577472292
2045,Agri02_OFC,DE8,1649868.262771907
2045,Agri02_OFC,DE9,2385959.5062050684
2045,Agri02_OFC,DEA,1731027.1139765347
2045,Agri02_OFC,DEB,1022544.2596655784
2045,Agri02_OFC,DEC,612750.6504476944
2045,Agri02_OFC,DEE,1276525.391083949
2045,Agri02_OFC,DED,1091744.2588933404
2045,Agri02_OFC,DEF,596282.8902491094
2045,Agri02_OFC,DEG,476761.43102215463
2045,Agri03_No-till,DE1,0.0
2045,Agri03_No-till,DE2,0.0
2045,Agri03_No-till,DE3,0.0
2045,Agri03_No-till,DE4,0.0
2045,Agri03_No-till,DE5,0.0
2045,Agri03_No-till,DE6,0.0
2045,Agri03_No-till,DE7,0.0
2045,Agri03_No-till,DE8,0.0
2045,Agri03_No-till,DE9,0.0
2045,Agri03_No-till,DEA,0.0
2045,Agri03_No-till,DEB,0.0
2045,Agri03_No-till,DEC,0.0
2045,Agri03_No-till,DEE,0.0
2045,Agri03_No-till,DED,0.0
2045,Agri03_No-till,DEF,0.0
2045,Agri03_No-till,DEG,0.0
2045,Agri04_toGrassland,DE1,184496.21079730906
2045,Agri04_toGrassland,DE2,327824.32055961195
2045,Agri04_toGrassland,DE3,63318.93571700934
2045,Agri04_toGrassland,DE4,172108.5297113212
2045,Agri04_toGrassland,DE5,29833.876523621602
2045,Agri04_toGrassland,DE6,4017.5647032533952
2045,Agri04_toGrassland,DE7,77559.63507935771
2045,Agri04_toGrassland,DE8,177871.75584946843
2045,Agri04_toGrassland,DE9,280982.92256593733
2045,Agri04_toGrassland,DEA,189240.43318632548
2045,Agri04_toGrassland,DEB,106345.08537746008
2045,Agri04_toGrassland,DEC,49396.33295761193
2045,Agri04_toGrassland,DEE,141055.3626811395
2045,Agri04_toGrassland,DED,115682.99808833312
2045,Agri04_toGrassland,DEF,83508.00128496617
2045,Agri04_toGrassland,DEG,66765.5155965527
2045,Agri05_Agroforestry,DE1,20337312.688898835
2045,Agri05_Agroforestry,DE2,24624252.623989113
2045,Agri05_Agroforestry,DE3,37055.442405976224
2045,Agri05_Agroforestry,DE4,13417896.215046816
2045,Agri05_Agroforestry,DE5,304204.6251912562
2045,Agri05_Agroforestry,DE6,246259.8605646049
2045,Agri05_Agroforestry,DE7,4499609.409214326
2045,Agri05_Agroforestry,DE8,12779529.455115402
2045,Agri05_Agroforestry,DE9,23057807.69710518
2045,Agri05_Agroforestry,DEA,16558306.255426537
2045,Agri05_Agroforestry,DEB,9729795.800935656
2045,Agri05_Agroforestry,DEC,1355446.8909001036
2045,Agri05_Agroforestry,DEE,6724409.921505276
2045,Agri05_Agroforestry,DED,7491497.752589924
2045,Agri05_Agroforestry,DEF,2502925.4508497478
2045,Agri05_Agroforestry,DEG,2002158.1510551157
2045,Agri06_Biochar,DE1,0.0
2045,Agri06_Biochar,DE2,0.0
2045,Agri06_Biochar,DE3,0.0
2045,Agri06_Biochar,DE4,0.0
2045,Agri06_Biochar,DE5,0.0
2045,Agri06_Biochar,DE6,0.0
2045,Agri06_Biochar,DE7,0.0
2045,Agri06_Biochar,DE8,0.0
2045,Agri06_Biochar,DE9,0.0
2045,Agri06_Biochar,DEA,0.0
2045,Agri06_Biochar,DEB,0.0
2045,Agri06_Biochar,DEC,0.0
2045,Agri06_Biochar,DEE,0.0
2045,Agri06_Biochar,DED,0.0
2045,Agri06_Biochar,DEF,0.0
2045,Agri06_Biochar,DEG,0.0
2046,Agri01_AGC,DE1,5284433.319211592
2046,Agri01_AGC,DE2,8969755.552824276
2046,Agri01_AGC,DE3,12422.075840925236
2046,Agri01_AGC,DE4,5003128.853469273
2046,Agri01_AGC,DE5,39938.203002789756
2046,Agri01_AGC,DE6,65600.1475404438
2046,Agri01_AGC,DE7,2073767.1733931617
2046,Agri01_AGC,DE8,5108067.825200189
2046,Agri01_AGC,DE9,7759312.412630672
2046,Agri01_AGC,DEA,5400384.799349715
2046,Agri01_AGC,DEB,3104798.8554210924
2046,Agri01_AGC,DEC,337270.53356728517
2046,Agri01_AGC,DEE,4005993.50466517
2046,Agri01_AGC,DED,3348469.849908531
2046,Agri01_AGC,DEF,2147388.2519848393
2046,Agri01_AGC,DEG,1716897.2976578842
2046,Agri02_OFC,DE1,1374047.7394324527
2046,Agri02_OFC,DE2,2200352.147735458
2046,Agri02_OFC,DE3,675445.6525769624
2046,Agri02_OFC,DE4,1323999.6182112396
2046,Agri02_OFC,DE5,314909.9495726342
2046,Agri02_OFC,DE6,36508.48696880066
2046,Agri02_OFC,DE7,492799.7804685035
2046,Agri02_OFC,DE8,1332391.9937865236
2046,Agri02_OFC,DE9,1926840.7152856295
2046,Agri02_OFC,DEA,1397933.8349201193
2046,Agri02_OFC,DEB,825780.9520996523
2046,Agri02_OFC,DEC,494841.96966873994
2046,Agri02_OFC,DEE,1030889.7075745516
2046,Agri02_OFC,DED,881665.1260192099
2046,Agri02_OFC,DEF,481543.0219046757
2046,Agri02_OFC,DEG,385020.50616628246
2046,Agri03_No-till,DE1,0.0
2046,Agri03_No-till,DE2,0.0
2046,Agri03_No-till,DE3,0.0
2046,Agri03_No-till,DE4,0.0
2046,Agri03_No-till,DE5,0.0
2046,Agri03_No-till,DE6,0.0
2046,Agri03_No-till,DE7,0.0
2046,Agri03_No-till,DE8,0.0
2046,Agri03_No-till,DE9,0.0
2046,Agri03_No-till,DEA,0.0
2046,Agri03_No-till,DEB,0.0
2046,Agri03_No-till,DEC,0.0
2046,Agri03_No-till,DEE,0.0
2046,Agri03_No-till,DED,0.0
2046,Agri03_No-till,DEF,0.0
2046,Agri03_No-till,DEG,0.0
2046,Agri04_toGrassland,DE1,179823.00027644602
2046,Agri04_toGrassland,DE2,319520.67000108084
2046,Agri04_toGrassland,DE3,61715.09401595857
2046,Agri04_toGrassland,DE4,167749.09388171043
2046,Agri04_toGrassland,DE5,29078.19712486427
2046,Agri04_toGrassland,DE6,3915.8014986956705
2046,Agri04_toGrassland,DE7,75595.08252252852
2046,Agri04_toGrassland,DE8,173366.3399538904
2046,Agri04_toGrassland,DE9,273865.7446887149
2046,Agri04_toGrassland,DEA,184447.05353089946
2046,Agri04_toGrassland,DEB,103651.4096120862
2046,Agri04_toGrassland,DEC,48145.144860729175
2046,Agri04_toGrassland,DEE,137482.49036003888
2046,Agri04_toGrassland,DED,112752.79696704667
2046,Agri04_toGrassland,DEF,81392.7791430335
2046,Agri04_toGrassland,DEG,65074.373493588675
2046,Agri05_Agroforestry,DE1,20806265.061785832
2046,Agri05_Agroforestry,DE2,25192056.339024276
2046,Agri05_Agroforestry,DE3,37909.89342959379
2046,Agri05_Agroforestry,DE4,13727295.70973189
2046,Agri05_Agroforestry,DE5,311219.1940779562
2046,Agri05_Agroforestry,DE6,251938.2974222744
2046,Agri05_Agroforestry,DE7,4603364.636947415
2046,Agri05_Agroforestry,DE8,13074209.03024073
2046,Agri05_Agroforestry,DE9,23589491.199175335
2046,Agri05_Agroforestry,DEA,16940119.581909463
2046,Agri05_Agroforestry,DEB,9954152.42554739
2046,Agri05_Agroforestry,DEC,1386701.7595021324
2046,Agri05_Agroforestry,DEE,6879466.1984673785
2046,Agri05_Agroforestry,DED,7664242.092085295
2046,Agri05_Agroforestry,DEF,2560639.7048070044
2046,Agri05_Agroforestry,DEG,2048325.3527004367
2046,Agri06_Biochar,DE1,0.0
2046,Agri06_Biochar,DE2,0.0
2046,Agri06_Biochar,DE3,0.0
2046,Agri06_Biochar,DE4,0.0
2046,Agri06_Biochar,DE5,0.0
2046,Agri06_Biochar,DE6,0.0
2046,Agri06_Biochar,DE7,0.0
2046,Agri06_Biochar,DE8,0.0
2046,Agri06_Biochar,DE9,0.0
2046,Agri06_Biochar,DEA,0.0
2046,Agri06_Biochar,DEB,0.0
2046,Agri06_Biochar,DEC,0.0
2046,Agri06_Biochar,DEE,0.0
2046,Agri06_Biochar,DED,0.0
2046,Agri06_Biochar,DEF,0.0
2046,Agri06_Biochar,DEG,0.0
2047,Agri01_AGC,DE1,4094492.759664762
2047,Agri01_AGC,DE2,6949959.806188111
2047,Agri01_AGC,DE3,9624.891926588505
2047,Agri01_AGC,DE4,3876532.000456028
2047,Agri01_AGC,DE5,30944.97993463969
2047,Agri01_AGC,DE6,50828.40730732521
2047,Agri01_AGC,DE7,1606799.4738091566
2047,Agri01_AGC,DE8,3957840.976083902
2047,Agri01_AGC,DE9,6012082.388851711
2047,Agri01_AGC,DEA,4184334.464010232
2047,Agri01_AGC,DEB,2405665.028929488
2047,Agri01_AGC,DEC,261324.47403945113
2047,Agri01_AGC,DEE,3103930.0544268703
2047,Agri01_AGC,DED,2594466.5640045833
2047,Agri01_AGC,DEF,1663842.6712616524
2047,Agri01_AGC,DEG,1330289.0072983291
2047,Agri02_OFC,DE1,1046645.9299371118
2047,Agri02_OFC,DE2,1676062.3039247124
2047,Agri02_OFC,DE3,514503.5524423621
2047,Agri02_OFC,DE4,1008523.0460853333
2047,Agri02_OFC,DE5,239874.64740711183
2047,Agri02_OFC,DE6,27809.411709261607
2047,Agri02_OFC,DE7,375377.7031897785
2047,Agri02_OFC,DE8,1014915.7248011419
2047,Agri02_OFC,DE9,1467721.9243661931
2047,Agri02_OFC,DEA,1064840.5558637055
2047,Agri02_OFC,DEB,629017.6445337273
2047,Agri02_OFC,DEC,376933.28888978617
2047,Agri02_OFC,DEE,785254.0240651554
2047,Agri02_OFC,DED,671585.9931450806
2047,Agri02_OFC,DEF,366803.1535602427
2047,Agri02_OFC,DEG,293279.5813104108
2047,Agri03_No-till,DE1,0.0
2047,Agri03_No-till,DE2,0.0
2047,Agri03_No-till,DE3,0.0
2047,Agri03_No-till,DE4,0.0
2047,Agri03_No-till,DE5,0.0
2047,Agri03_No-till,DE6,0.0
2047,Agri03_No-till,DE7,0.0
2047,Agri03_No-till,DE8,0.0
2047,Agri03_No-till,DE9,0.0
2047,Agri03_No-till,DEA,0.0
2047,Agri03_No-till,DEB,0.0
2047,Agri03_No-till,DEC,0.0
2047,Agri03_No-till,DEE,0.0
2047,Agri03_No-till,DED,0.0
2047,Agri03_No-till,DEF,0.0
2047,Agri03_No-till,DEG,0.0
2047,Agri04_toGrassland,DE1,175149.78975558298
2047,Agri04_toGrassland,DE2,311217.0194425497
2047,Agri04_toGrassland,DE3,60111.25231490779
2047,Agri04_toGrassland,DE4,163389.6580520996
2047,Agri04_toGrassland,DE5,28322.51772610693
2047,Agri04_toGrassland,DE6,3814.038294137945
2047,Agri04_toGrassland,DE7,73630.52996569932
2047,Agri04_toGrassland,DE8,168860.92405831232
2047,Agri04_toGrassland,DE9,266748.5668114924
2047,Agri04_toGrassland,DEA,179653.67387547338
2047,Agri04_toGrassland,DEB,100957.7338467123
2047,Agri04_toGrassland,DEC,46893.956763846414
2047,Agri04_toGrassland,DEE,133909.61803893824
2047,Agri04_toGrassland,DED,109822.59584576021
2047,Agri04_toGrassland,DEF,79277.55700110081
2047,Agri04_toGrassland,DEG,63383.23139062464
2047,Agri05_Agroforestry,DE1,21275217.43467283
2047,Agri05_Agroforestry,DE2,25759860.05405944
2047,Agri05_Agroforestry,DE3,38764.34445321134
2047,Agri05_Agroforestry,DE4,14036695.204416964
2047,Agri05_Agroforestry,DE5,318233.76296465617
2047,Agri05_Agroforestry,DE6,257616.73427994386
2047,Agri05_Agroforestry,DE7,4707119.864680502
2047,Agri05_Agroforestry,DE8,13368888.605366055
2047,Agri05_Agroforestry,DE9,24121174.70124549
2047,Agri05_Agroforestry,DEA,17321932.90839239
2047,Agri05_Agroforestry,DEB,10178509.050159123
2047,Agri05_Agroforestry,DEC,1417956.628104161
2047,Agri05_Agroforestry,DEE,7034522.475429479
2047,Agri05_Agroforestry,DED,7836986.4315806655
2047,Agri05_Agroforestry,DEF,2618353.9587642606
2047,Agri05_Agroforestry,DEG,2094492.5543457575
2047,Agri06_Biochar,DE1,0.0
2047,Agri06_Biochar,DE2,0.0
2047,Agri06_Biochar,DE3,0.0
2047,Agri06_Biochar,DE4,0.0
2047,Agri06_Biochar,DE5,0.0
2047,Agri06_Biochar,DE6,0.0
2047,Agri06_Biochar,DE7,0.0
2047,Agri06_Biochar,DE8,0.0
2047,Agri06_Biochar,DE9,0.0
2047,Agri06_Biochar,DEA,0.0
2047,Agri06_Biochar,DEB,0.0
2047,Agri06_Biochar,DEC,0.0
2047,Agri06_Biochar,DEE,0.0
2047,Agri06_Biochar,DED,0.0
2047,Agri06_Biochar,DEF,0.0
2047,Agri06_Biochar,DEG,0.0
2048,Agri01_AGC,DE1,2904552.200117932
2048,Agri01_AGC,DE2,4930164.059551946
2048,Agri01_AGC,DE3,6827.708012251772
2048,Agri01_AGC,DE4,2749935.1474427828
2048,Agri01_AGC,DE5,21951.75686648962
2048,Agri01_AGC,DE6,36056.66707420662
2048,Agri01_AGC,DE7,1139831.7742251512
2048,Agri01_AGC,DE8,2807614.126967615
2048,Agri01_AGC,DE9,4264852.36507275
2048,Agri01_AGC,DEA,2968284.128670749
2048,Agri01_AGC,DEB,1706531.2024378832
2048,Agri01_AGC,DEC,185378.4145116171
2048,Agri01_AGC,DEE,2201866.6041885708
2048,Agri01_AGC,DED,1840463.2781006352
2048,Agri01_AGC,DEF,1180297.0905384652
2048,Agri01_AGC,DEG,943680.716938774
2048,Agri02_OFC,DE1,719244.1204417725
2048,Agri02_OFC,DE2,1151772.4601139694
2048,Agri02_OFC,DE3,353561.45230776275
2048,Agri02_OFC,DE4,693046.473959429
2048,Agri02_OFC,DE5,164839.34524158988
2048,Agri02_OFC,DE6,19110.3364497226
2048,Agri02_OFC,DE7,257955.62591105414
2048,Agri02_OFC,DE8,697439.4558157619
2048,Agri02_OFC,DE9,1008603.1334467594
2048,Agri02_OFC,DEA,731747.2768072936
2048,Agri02_OFC,DEB,432254.3369678033
2048,Agri02_OFC,DEC,259024.60811083304
2048,Agri02_OFC,DEE,539618.3405557607
2048,Agri02_OFC,DED,461506.86027095246
2048,Agri02_OFC,DEF,252063.28521581023
2048,Agri02_OFC,DEG,201538.65645453962
2048,Agri03_No-till,DE1,0.0
2048,Agri03_No-till,DE2,0.0
2048,Agri03_No-till,DE3,0.0
2048,Agri03_No-till,DE4,0.0
2048,Agri03_No-till,DE5,0.0
2048,Agri03_No-till,DE6,0.0
2048,Agri03_No-till,DE7,0.0
2048,Agri03_No-till,DE8,0.0
2048,Agri03_No-till,DE9,0.0
2048,Agri03_No-till,DEA,0.0
2048,Agri03_No-till,DEB,0.0
2048,Agri03_No-till,DEC,0.0
2048,Agri03_No-till,DEE,0.0
2048,Agri03_No-till,DED,0.0
2048,Agri03_No-till,DEF,0.0
2048,Agri03_No-till,DEG,0.0
2048,Agri04_toGrassland,DE1,170476.57923471992
2048,Agri04_toGrassland,DE2,302913.3688840185
2048,Agri04_toGrassland,DE3,58507.41061385701
2048,Agri04_toGrassland,DE4,159030.2222224888
2048,Agri04_toGrassland,DE5,27566.838327349593
2048,Agri04_toGrassland,DE6,3712.275089580219
2048,Agri04_toGrassland,DE7,71665.97740887011
2048,Agri04_toGrassland,DE8,164355.50816273424
2048,Agri04_toGrassland,DE9,259631.3889342699
2048,Agri04_toGrassland,DEA,174860.29422004733
2048,Agri04_toGrassland,DEB,98264.0580813384
2048,Agri04_toGrassland,DEC,45642.768666963646
2048,Agri04_toGrassland,DEE,130336.74571783759
2048,Agri04_toGrassland,DED,106892.39472447374
2048,Agri04_toGrassland,DEF,77162.33485916811
2048,Agri04_toGrassland,DEG,61692.08928766061
2048,Agri05_Agroforestry,DE1,21744169.807559825
2048,Agri05_Agroforestry,DE2,26327663.769094605
2048,Agri05_Agroforestry,DE3,39618.795476828906
2048,Agri05_Agroforestry,DE4,14346094.699102039
2048,Agri05_Agroforestry,DE5,325248.3318513562
2048,Agri05_Agroforestry,DE6,263295.17113761336
2048,Agri05_Agroforestry,DE7,4810875.09241359
2048,Agri05_Agroforestry,DE8,13663568.180491382
2048,Agri05_Agroforestry,DE9,24652858.203315645
2048,Agri05_Agroforestry,DEA,17703746.234875314
2048,Agri05_Agroforestry,DEB,10402865.674770856
2048,Agri05_Agroforestry,DEC,1449211.4967061898
2048,Agri05_Agroforestry,DEE,7189578.752391581
2048,Agri05_Agroforestry,DED,8009730.771076037
2048,Agri05_Agroforestry,DEF,2676068.2127215173
2048,Agri05_Agroforestry,DEG,2140659.7559910784
2048,Agri06_Biochar,DE1,0.0
2048,Agri06_Biochar,DE2,0.0
2048,Agri06_Biochar,DE3,0.0
2048,Agri06_Biochar,DE4,0.0
2048,Agri06_Biochar,DE5,0.0
2048,Agri06_Biochar,DE6,0.0
2048,Agri06_Biochar,DE7,0.0
2048,Agri06_Biochar,DE8,0.0
2048,Agri06_Biochar,DE9,0.0
2048,Agri06_Biochar,DEA,0.0
2048,Agri06_Biochar,DEB,0.0
2048,Agri06_Biochar,DEC,0.0
2048,Agri06_Biochar,DEE,0.0
2048,Agri06_Biochar,DED,0.0
2048,Agri06_Biochar,DEF,0.0
2048,Agri06_Biochar,DEG,0.0
2049,Agri01_AGC,DE1,1714611.6405711025
2049,Agri01_AGC,DE2,2910368.312915782
2049,Agri01_AGC,DE3,4030.5240979150394
2049,Agri01_AGC,DE4,1623338.2944295383
2049,Agri01_AGC,DE5,12958.533798339553
2049,Agri01_AGC,DE6,21284.92684108803
2049,Agri01_AGC,DE7,672864.0746411459
2049,Agri01_AGC,DE8,1657387.2778513283
2049,Agri01_AGC,DE9,2517622.3412937885
2049,Agri01_AGC,DEA,1752233.7933312657
2049,Agri01_AGC,DEB,1007397.3759462787
2049,Agri01_AGC,DEC,109432.35498378307
2049,Agri01_AGC,DEE,1299803.1539502712
2049,Agri01_AGC,DED,1086459.9921966873
2049,Agri01_AGC,DEF,696751.5098152781
2049,Agri01_AGC,DEG,557072.4265792188
2049,Agri02_OFC,DE1,391842.3109464315
2049,Agri02_OFC,DE2,627482.6163032237
2049,Agri02_OFC,DE3,192619.35217316248
2049,Agri02_OFC,DE4,377569.9018335228
2049,Agri02_OFC,DE5,89804.04307606752
2049,Agri02_OFC,DE6,10411.261190183546
2049,Agri02_OFC,DE7,140533.54863232913
2049,Agri02_OFC,DE8,379963.1868303803
2049,Agri02_OFC,DE9,549484.3425273232
2049,Agri02_OFC,DEA,398653.99775087996
2049,Agri02_OFC,DEB,235491.02940187833
2049,Agri02_OFC,DEC,141115.92733187927
2049,Agri02_OFC,DEE,293982.65704636456
2049,Agri02_OFC,DED,251427.7273968232
2049,Agri02_OFC,DEF,137323.4168713772
2049,Agri02_OFC,DEG,109797.73159866795
2049,Agri03_No-till,DE1,0.0
2049,Agri03_No-till,DE2,0.0
2049,Agri03_No-till,DE3,0.0
2049,Agri03_No-till,DE4,0.0
2049,Agri03_No-till,DE5,0.0
2049,Agri03_No-till,DE6,0.0
2049,Agri03_No-till,DE7,0.0
2049,Agri03_No-till,DE8,0.0
2049,Agri03_No-till,DE9,0.0
2049,Agri03_No-till,DEA,0.0
2049,Agri03_No-till,DEB,0.0
2049,Agri03_No-till,DEC,0.0
2049,Agri03_No-till,DEE,0.0
2049,Agri03_No-till,DED,0.0
2049,Agri03_No-till,DEF,0.0
2049,Agri03_No-till,DEG,0.0
2049,Agri04_toGrassland,DE1,165803.3687138569
2049,Agri04_toGrassland,DE2,294609.7183254874
2049,Agri04_toGrassland,DE3,56903.568912806244
2049,Agri04_toGrassland,DE4,154670.786392878
2049,Agri04_toGrassland,DE5,26811.158928592256
2049,Agri04_toGrassland,DE6,3610.5118850224944
2049,Agri04_toGrassland,DE7,69701.42485204092
2049,Agri04_toGrassland,DE8,159850.0922671562
2049,Agri04_toGrassland,DE9,252514.21105704745
2049,Agri04_toGrassland,DEA,170066.91456462131
2049,Agri04_toGrassland,DEB,95570.38231596451
2049,Agri04_toGrassland,DEC,44391.58057008089
2049,Agri04_toGrassland,DEE,126763.87339673698
2049,Agri04_toGrassland,DED,103962.19360318729
2049,Agri04_toGrassland,DEF,75047.11271723545
2049,Agri04_toGrassland,DEG,60000.94718469659
2049,Agri05_Agroforestry,DE1,22213122.18044682
2049,Agri05_Agroforestry,DE2,26895467.484129768
2049,Agri05_Agroforestry,DE3,40473.24650044646
2049,Agri05_Agroforestry,DE4,14655494.193787113
2049,Agri05_Agroforestry,DE5,332262.90073805617
2049,Agri05_Agroforestry,DE6,268973.6079952828
2049,Agri05_Agroforestry,DE7,4914630.320146677
2049,Agri05_Agroforestry,DE8,13958247.75561671
2049,Agri05_Agroforestry,DE9,25184541.705385797
2049,Agri05_Agroforestry,DEA,18085559.56135824
2049,Agri05_Agroforestry,DEB,10627222.299382588
2049,Agri05_Agroforestry,DEC,1480466.3653082184
2049,Agri05_Agroforestry,DEE,7344635.029353682
2049,Agri05_Agroforestry,DED,8182475.110571406
2049,Agri05_Agroforestry,DEF,2733782.466678774
2049,Agri05_Agroforestry,DEG,2186826.9576363997
2049,Agri06_Biochar,DE1,0.0
2049,Agri06_Biochar,DE2,0.0
2049,Agri06_Biochar,DE3,0.0
2049,Agri06_Biochar,DE4,0.0
2049,Agri06_Biochar,DE5,0.0
2049,Agri06_Biochar,DE6,0.0
2049,Agri06_Biochar,DE7,0.0
2049,Agri06_Biochar,DE8,0.0
2049,Agri06_Biochar,DE9,0.0
2049,Agri06_Biochar,DEA,0.0
2049,Agri06_Biochar,DEB,0.0
2049,Agri06_Biochar,DEC,0.0
2049,Agri06_Biochar,DEE,0.0
2049,Agri06_Biochar,DED,0.0
2049,Agri06_Biochar,DEF,0.0
2049,Agri06_Biochar,DEG,0.0
2050,Agri01_AGC,DE1,524671.0810242741
2050,Agri01_AGC,DE2,890572.56627962
2050,Agri01_AGC,DE3,1233.34018357831
2050,Agri01_AGC,DE4,496741.44141629466
2050,Agri01_AGC,DE5,3965.3107301894943
2050,Agri01_AGC,DE6,6513.186607969456
2050,Agri01_AGC,DE7,205896.37505714118
2050,Agri01_AGC,DE8,507160.42873504275
2050,Agri01_AGC,DE9,770392.3175148298
2050,Agri01_AGC,DEA,536183.4579917841
2050,Agri01_AGC,DEB,308263.54945467477
2050,Agri01_AGC,DEC,33486.29545594912
2050,Agri01_AGC,DEE,397739.7037119727
2050,Agri01_AGC,DED,332456.7062927401
2050,Agri01_AGC,DEF,213205.92909209145
2050,Agri01_AGC,DEG,170464.1362196642
2050,Agri02_OFC,DE1,64440.50145108798
2050,Agri02_OFC,DE2,103192.77249247403
2050,Agri02_OFC,DE3,31677.252038561008
2050,Agri02_OFC,DE4,62093.32970761424
2050,Agri02_OFC,DE5,14768.74091054459
2050,Agri02_OFC,DE6,1712.1859306444271
2050,Agri02_OFC,DE7,23111.47135360325
2050,Agri02_OFC,DE8,62486.91784499624
2050,Agri02_OFC,DE9,90365.55160788352
2050,Agri02_OFC,DEA,65560.7186944638
2050,Agri02_OFC,DEB,38727.72183595184
2050,Agri02_OFC,DEC,23207.24655292463
2050,Agri02_OFC,DEE,48346.97353696659
2050,Agri02_OFC,DED,41348.59452269238
2050,Agri02_OFC,DEF,22583.5485269433
2050,Agri02_OFC,DEG,18056.80674279559
2050,Agri03_No-till,DE1,0.0
2050,Agri03_No-till,DE2,0.0
2050,Agri03_No-till,DE3,0.0
2050,Agri03_No-till,DE4,0.0
2050,Agri03_No-till,DE5,0.0
2050,Agri03_No-till,DE6,0.0
2050,Agri03_No-till,DE7,0.0
2050,Agri03_No-till,DE8,0.0
2050,Agri03_No-till,DE9,0.0
2050,Agri03_No-till,DEA,0.0
2050,Agri03_No-till,DEB,0.0
2050,Agri03_No-till,DEC,0.0
2050,Agri03_No-till,DEE,0.0
2050,Agri03_No-till,DED,0.0
2050,Agri03_No-till,DEF,0.0
2050,Agri03_No-till,DEG,0.0
2050,Agri04_toGrassland,DE1,161130.15819299384
2050,Agri04_toGrassland,DE2,286306.0677669562
2050,Agri04_toGrassland,DE3,55299.72721175546
2050,Agri04_toGrassland,DE4,150311.35056326722
2050,Agri04_toGrassland,DE5,26055.47952983492
2050,Agri04_toGrassland,DE6,3508.7486804647688
2050,Agri04_toGrassland,DE7,67736.87229521171
2050,Agri04_toGrassland,DE8,155344.6763715781
2050,Agri04_toGrassland,DE9,245397.03317982494
2050,Agri04_toGrassland,DEA,165273.53490919527
2050,Agri04_toGrassland,DEB,92876.7065505906
2050,Agri04_toGrassland,DEC,43140.392473198124
2050,Agri04_toGrassland,DEE,123191.00107563633
2050,Agri04_toGrassland,DED,101031.99248190083
2050,Agri04_toGrassland,DEF,72931.89057530275
2050,Agri04_toGrassland,DEG,58309.805081732564
2050,Agri05_Agroforestry,DE1,22682074.55333381
2050,Agri05_Agroforestry,DE2,27463271.199164923
2050,Agri05_Agroforestry,DE3,41327.69752406401
2050,Agri05_Agroforestry,DE4,14964893.688472183
2050,Agri05_Agroforestry,DE5,339277.46962475614
2050,Agri05_Agroforestry,DE6,274652.04485295224
2050,Agri05_Agroforestry,DE7,5018385.547879764
2050,Agri05_Agroforestry,DE8,14252927.330742033
2050,Agri05_Agroforestry,DE9,25716225.207455948
2050,Agri05_Agroforestry,DEA,18467372.887841158
2050,Agri05_Agroforestry,DEB,10851578.92399432
2050,Agri05_Agroforestry,DEC,1511721.233910247
2050,Agri05_Agroforestry,DEE,7499691.3063157825
2050,Agri05_Agroforestry,DED,8355219.450066775
2050,Agri05_Agroforestry,DEF,2791496.7206360297
2050,Agri05_Agroforestry,DEG,2232994.15928172
2050,Agri06_Biochar,DE1,0.0
2050,Agri06_Biochar,DE2,0.0
2050,Agri06_Biochar,DE3,0.0
2050,Agri06_Biochar,DE4,0.0
2050,Agri06_Biochar,DE5,0.0
2050,Agri06_Biochar,DE6,0.0
2050,Agri06_Biochar,DE7,0.0
2050,Agri06_Biochar,DE8,0.0
2050,Agri06_Biochar,DE9,0.0
2050,Agri06_Biochar,DEA,0.0
2050,Agri06_Biochar,DEB,0.0
2050,Agri06_Biochar,DEC,0.0
2050,Agri06_Biochar,DEE,0.0
2050,Agri06_Biochar,DED,0.0
2050,Agri06_Biochar,DEF,0.0
2050,Agri06_Biochar,DEG,0.0
