year,techAgri,r,capAgri
2020,Agri01_AGC,DE1,0.0
2020,Agri01_AGC,DE2,0.0
2020,Agri01_AGC,DE3,0.0
2020,Agri01_AGC,DE4,0.0
2020,Agri01_AGC,DE5,0.0
2020,Agri01_AGC,DE6,0.0
2020,Agri01_AGC,DE7,0.0
2020,Agri01_AGC,DE8,0.0
2020,Agri01_AGC,DE9,0.0
2020,Agri01_AGC,DEA,0.0
2020,Agri01_AGC,DEB,0.0
2020,Agri01_AGC,DEC,0.0
2020,Agri01_AGC,DEE,0.0
2020,Agri01_AGC,DED,0.0
2020,Agri01_AGC,DEF,0.0
2020,Agri01_AGC,DEG,0.0
2020,Agri02_OFC,DE1,0.0
2020,Agri02_OFC,DE2,0.0
2020,Agri02_OFC,DE3,0.0
2020,Agri02_OFC,DE4,0.0
2020,Agri02_OFC,DE5,0.0
2020,Agri02_OFC,DE6,0.0
2020,Agri02_OFC,DE7,0.0
2020,Agri02_OFC,DE8,0.0
2020,Agri02_OFC,DE9,0.0
2020,Agri02_OFC,DEA,0.0
2020,Agri02_OFC,DEB,0.0
2020,Agri02_OFC,DEC,0.0
2020,Agri02_OFC,DEE,0.0
2020,Agri02_OFC,DED,0.0
2020,Agri02_OFC,DEF,0.0
2020,Agri02_OFC,DEG,0.0
2020,Agri03_No-till,DE1,0.0
2020,Agri03_No-till,DE2,0.0
2020,Agri03_No-till,DE3,0.0
2020,Agri03_No-till,DE4,0.0
2020,Agri03_No-till,DE5,0.0
2020,Agri03_No-till,DE6,0.0
2020,Agri03_No-till,DE7,0.0
2020,Agri03_No-till,DE8,0.0
2020,Agri03_No-till,DE9,0.0
2020,Agri03_No-till,DEA,0.0
2020,Agri03_No-till,DEB,0.0
2020,Agri03_No-till,DEC,0.0
2020,Agri03_No-till,DEE,0.0
2020,Agri03_No-till,DED,0.0
2020,Agri03_No-till,DEF,0.0
2020,Agri03_No-till,DEG,0.0
2020,Agri04_toGrassland,DE1,0.0
2020,Agri04_toGrassland,DE2,0.0
2020,Agri04_toGrassland,DE3,0.0
2020,Agri04_toGrassland,DE4,0.0
2020,Agri04_toGrassland,DE5,0.0
2020,Agri04_toGrassland,DE6,0.0
2020,Agri04_toGrassland,DE7,0.0
2020,Agri04_toGrassland,DE8,0.0
2020,Agri04_toGrassland,DE9,0.0
2020,Agri04_toGrassland,DEA,0.0
2020,Agri04_toGrassland,DEB,0.0
2020,Agri04_toGrassland,DEC,0.0
2020,Agri04_toGrassland,DEE,0.0
2020,Agri04_toGrassland,DED,0.0
2020,Agri04_toGrassland,DEF,0.0
2020,Agri04_toGrassland,DEG,0.0
2020,Agri05_Agroforestry,DE1,0.0
2020,Agri05_Agroforestry,DE2,0.0
2020,Agri05_Agroforestry,DE3,0.0
2020,Agri05_Agroforestry,DE4,0.0
2020,Agri05_Agroforestry,DE5,0.0
2020,Agri05_Agroforestry,DE6,0.0
2020,Agri05_Agroforestry,DE7,0.0
2020,Agri05_Agroforestry,DE8,0.0
2020,Agri05_Agroforestry,DE9,0.0
2020,Agri05_Agroforestry,DEA,0.0
2020,Agri05_Agroforestry,DEB,0.0
2020,Agri05_Agroforestry,DEC,0.0
2020,Agri05_Agroforestry,DEE,0.0
2020,Agri05_Agroforestry,DED,0.0
2020,Agri05_Agroforestry,DEF,0.0
2020,Agri05_Agroforestry,DEG,0.0
2020,Agri06_Biochar,DE1,0.0
2020,Agri06_Biochar,DE2,0.0
2020,Agri06_Biochar,DE3,0.0
2020,Agri06_Biochar,DE4,0.0
2020,Agri06_Biochar,DE5,0.0
2020,Agri06_Biochar,DE6,0.0
2020,Agri06_Biochar,DE7,0.0
2020,Agri06_Biochar,DE8,0.0
2020,Agri06_Biochar,DE9,0.0
2020,Agri06_Biochar,DEA,0.0
2020,Agri06_Biochar,DEB,0.0
2020,Agri06_Biochar,DEC,0.0
2020,Agri06_Biochar,DEE,0.0
2020,Agri06_Biochar,DED,0.0
2020,Agri06_Biochar,DEF,0.0
2020,Agri06_Biochar,DEG,0.0
2021,Agri01_AGC,DE1,0.0
2021,Agri01_AGC,DE2,14724.76648919601
2021,Agri01_AGC,DE3,0.0
2021,Agri01_AGC,DE4,0.0
2021,Agri01_AGC,DE5,0.0
2021,Agri01_AGC,DE6,0.0
2021,Agri01_AGC,DE7,3797.65170490088
2021,Agri01_AGC,DE8,0.0
2021,Agri01_AGC,DE9,12158.741995043203
2021,Agri01_AGC,DEA,0.0
2021,Agri01_AGC,DEB,0.0
2021,Agri01_AGC,DEC,0.0
2021,Agri01_AGC,DEE,0.0
2021,Agri01_AGC,DED,0.0
2021,Agri01_AGC,DEF,4643.239179567323
2021,Agri01_AGC,DEG,3712.0710743997743
2021,Agri02_OFC,DE1,0.0
2021,Agri02_OFC,DE2,0.0
2021,Agri02_OFC,DE3,0.0
2021,Agri02_OFC,DE4,0.0
2021,Agri02_OFC,DE5,0.0
2021,Agri02_OFC,DE6,0.0
2021,Agri02_OFC,DE7,0.0
2021,Agri02_OFC,DE8,0.0
2021,Agri02_OFC,DE9,0.0
2021,Agri02_OFC,DEA,0.0
2021,Agri02_OFC,DEB,0.0
2021,Agri02_OFC,DEC,0.0
2021,Agri02_OFC,DEE,0.0
2021,Agri02_OFC,DED,0.0
2021,Agri02_OFC,DEF,0.0
2021,Agri02_OFC,DEG,0.0
2021,Agri03_No-till,DE1,0.0
2021,Agri03_No-till,DE2,0.0
2021,Agri03_No-till,DE3,0.0
2021,Agri03_No-till,DE4,0.0
2021,Agri03_No-till,DE5,0.0
2021,Agri03_No-till,DE6,0.0
2021,Agri03_No-till,DE7,0.0
2021,Agri03_No-till,DE8,0.0
2021,Agri03_No-till,DE9,0.0
2021,Agri03_No-till,DEA,0.0
2021,Agri03_No-till,DEB,0.0
2021,Agri03_No-till,DEC,0.0
2021,Agri03_No-till,DEE,0.0
2021,Agri03_No-till,DED,0.0
2021,Agri03_No-till,DEF,0.0
2021,Agri03_No-till,DEG,0.0
2021,Agri04_toGrassland,DE1,45.59536704604648
2021,Agri04_toGrassland,DE2,99.41562088246988
2021,Agri04_toGrassland,DE3,0.09283642003281871
2021,Agri04_toGrassland,DE4,39.31334766025561
2021,Agri04_toGrassland,DE5,0.29847827664259435
2021,Agri04_toGrassland,DE6,0.4902628940016124
2021,Agri04_toGrassland,DE7,25.640196224171547
2021,Agri04_toGrassland,DE8,43.372231737384574
2021,Agri04_toGrassland,DE9,82.09086952067385
2021,Agri04_toGrassland,DEA,47.64121359355195
2021,Agri04_toGrassland,DEB,23.704984449041074
2021,Agri04_toGrassland,DEC,2.5205923164459785
2021,Agri04_toGrassland,DEE,36.35735333140708
2021,Agri04_toGrassland,DED,27.054996799434626
2021,Agri04_toGrassland,DEF,31.349258155040527
2021,Agri04_toGrassland,DEG,25.06239069339975
2021,Agri05_Agroforestry,DE1,495.52700789665613
2021,Agri05_Agroforestry,DE2,1080.4414646849557
2021,Agri05_Agroforestry,DE3,1.0089392063944072
2021,Agri05_Agroforestry,DE4,427.25449532655153
2021,Agri05_Agroforestry,DE5,3.243839383889328
2021,Agri05_Agroforestry,DE6,5.328140131036391
2021,Agri05_Agroforestry,DE7,278.65571745514734
2021,Agri05_Agroforestry,DE8,471.3661411459154
2021,Agri05_Agroforestry,DE9,892.1573744133611
2021,Agri05_Agroforestry,DEA,517.7611137714325
2021,Agri05_Agroforestry,DEB,257.6239819367483
2021,Agri05_Agroforestry,DEC,27.393607061752522
2021,Agri05_Agroforestry,DEE,395.1289720545373
2021,Agri05_Agroforestry,DED,294.0316633297046
2021,Agri05_Agroforestry,DEF,340.7013716472329
2021,Agri05_Agroforestry,DEG,272.37617055468405
2021,Agri06_Biochar,DE1,0.0
2021,Agri06_Biochar,DE2,0.0
2021,Agri06_Biochar,DE3,0.0
2021,Agri06_Biochar,DE4,0.0
2021,Agri06_Biochar,DE5,0.0
2021,Agri06_Biochar,DE6,0.0
2021,Agri06_Biochar,DE7,0.0
2021,Agri06_Biochar,DE8,0.0
2021,Agri06_Biochar,DE9,0.0
2021,Agri06_Biochar,DEA,0.0
2021,Agri06_Biochar,DEB,0.0
2021,Agri06_Biochar,DEC,0.0
2021,Agri06_Biochar,DEE,0.0
2021,Agri06_Biochar,DED,0.0
2021,Agri06_Biochar,DEF,0.0
2021,Agri06_Biochar,DEG,0.0
2022,Agri01_AGC,DE1,0.0
2022,Agri01_AGC,DE2,29426.422599890153
2022,Agri01_AGC,DE3,0.0
2022,Agri01_AGC,DE4,0.0
2022,Agri01_AGC,DE5,0.0
2022,Agri01_AGC,DE6,0.0
2022,Agri01_AGC,DE7,7537.513478650399
2022,Agri01_AGC,DE8,0.0
2022,Agri01_AGC,DE9,24374.686812673506
2022,Agri01_AGC,DEA,0.0
2022,Agri01_AGC,DEB,0.0
2022,Agri01_AGC,DEC,0.0
2022,Agri01_AGC,DEE,1275.1996238195097
2022,Agri01_AGC,DED,0.0
2022,Agri01_AGC,DEF,9131.867947210627
2022,Agri01_AGC,DEG,7300.5706737144465
2022,Agri02_OFC,DE1,0.0
2022,Agri02_OFC,DE2,0.0
2022,Agri02_OFC,DE3,0.0
2022,Agri02_OFC,DE4,0.0
2022,Agri02_OFC,DE5,0.0
2022,Agri02_OFC,DE6,0.0
2022,Agri02_OFC,DE7,0.0
2022,Agri02_OFC,DE8,0.0
2022,Agri02_OFC,DE9,0.0
2022,Agri02_OFC,DEA,0.0
2022,Agri02_OFC,DEB,0.0
2022,Agri02_OFC,DEC,0.0
2022,Agri02_OFC,DEE,0.0
2022,Agri02_OFC,DED,0.0
2022,Agri02_OFC,DEF,0.0
2022,Agri02_OFC,DEG,0.0
2022,Agri03_No-till,DE1,0.0
2022,Agri03_No-till,DE2,0.0
2022,Agri03_No-till,DE3,0.0
2022,Agri03_No-till,DE4,0.0
2022,Agri03_No-till,DE5,0.0
2022,Agri03_No-till,DE6,0.0
2022,Agri03_No-till,DE7,0.0
2022,Agri03_No-till,DE8,0.0
2022,Agri03_No-till,DE9,0.0
2022,Agri03_No-till,DEA,0.0
2022,Agri03_No-till,DEB,0.0
2022,Agri03_No-till,DEC,0.0
2022,Agri03_No-till,DEE,0.0
2022,Agri03_No-till,DED,0.0
2022,Agri03_No-till,DEF,0.0
2022,Agri03_No-till,DEG,0.0
2022,Agri04_toGrassland,DE1,92.82871069845369
2022,Agri04_toGrassland,DE2,198.67520991008638
2022,Agri04_toGrassland,DE3,3.340400467293484
2022,Agri04_toGrassland,DE4,80.69145893591272
2022,Agri04_toGrassland,DE5,2.0409081512465703
2022,Agri04_toGrassland,DE6,1.099963428897225
2022,Agri04_toGrassland,DE7,50.890218390888045
2022,Agri04_toGrassland,DE8,88.42129487397219
2022,Agri04_toGrassland,DE9,164.56794918110774
2022,Agri04_toGrassland,DEA,96.81695919110135
2022,Agri04_toGrassland,DEB,48.78353637244794
2022,Agri04_toGrassland,DEC,7.094220860309998
2022,Agri04_toGrassland,DEE,73.71739158864557
2022,Agri04_toGrassland,DED,55.39274861028953
2022,Agri04_toGrassland,DEF,61.65464983467047
2022,Agri04_toGrassland,DEG,49.29047716011027
2022,Agri05_Agroforestry,DE1,1183.4738108692522
2022,Agri05_Agroforestry,DE2,2333.8055758862415
2022,Agri05_Agroforestry,DE3,94.54500000000002
2022,Agri05_Agroforestry,DE4,1063.5879088266383
2022,Agri05_Agroforestry,DE5,102.5769287303415
2022,Agri05_Agroforestry,DE6,19.462544399903557
2022,Agri05_Agroforestry,DE7,578.7565057619104
2022,Agri05_Agroforestry,DE8,1133.6251413924613
2022,Agri05_Agroforestry,DE9,1961.1812334851047
2022,Agri05_Agroforestry,DEA,1224.8685875559781
2022,Agri05_Agroforestry,DEB,649.8239725749161
2022,Agri05_Agroforestry,DEC,195.27244136283468
2022,Agri05_Agroforestry,DEE,923.6158098175838
2022,Agri05_Agroforestry,DED,722.8055919909556
2022,Agri05_Agroforestry,DEF,670.1193944419297
2022,Agri05_Agroforestry,DEG,535.746498959917
2022,Agri06_Biochar,DE1,0.0
2022,Agri06_Biochar,DE2,0.0
2022,Agri06_Biochar,DE3,0.0
2022,Agri06_Biochar,DE4,0.0
2022,Agri06_Biochar,DE5,0.0
2022,Agri06_Biochar,DE6,0.0
2022,Agri06_Biochar,DE7,0.0
2022,Agri06_Biochar,DE8,0.0
2022,Agri06_Biochar,DE9,0.0
2022,Agri06_Biochar,DEA,0.0
2022,Agri06_Biochar,DEB,0.0
2022,Agri06_Biochar,DEC,0.0
2022,Agri06_Biochar,DEE,0.0
2022,Agri06_Biochar,DED,0.0
2022,Agri06_Biochar,DEF,0.0
2022,Agri06_Biochar,DEG,0.0
2023,Agri01_AGC,DE1,7238.488000591099
2023,Agri01_AGC,DE2,44104.968332082426
2023,Agri01_AGC,DE3,0.0
2023,Agri01_AGC,DE4,0.0
2023,Agri01_AGC,DE5,0.0
2023,Agri01_AGC,DE6,0.0
2023,Agri01_AGC,DE7,11219.585321248556
2023,Agri01_AGC,DE8,6128.786877651737
2023,Agri01_AGC,DE9,36647.834452890915
2023,Agri01_AGC,DEA,7510.861871172505
2023,Agri01_AGC,DEB,0.0
2023,Agri01_AGC,DEC,0.0
2023,Agri01_AGC,DEE,6957.22560470816
2023,Agri01_AGC,DED,0.0
2023,Agri01_AGC,DEF,13465.88630292991
2023,Agri01_AGC,DEG,10765.498797944017
2023,Agri02_OFC,DE1,0.0
2023,Agri02_OFC,DE2,0.0
2023,Agri02_OFC,DE3,0.0
2023,Agri02_OFC,DE4,0.0
2023,Agri02_OFC,DE5,0.0
2023,Agri02_OFC,DE6,0.0
2023,Agri02_OFC,DE7,0.0
2023,Agri02_OFC,DE8,0.0
2023,Agri02_OFC,DE9,0.0
2023,Agri02_OFC,DEA,0.0
2023,Agri02_OFC,DEB,0.0
2023,Agri02_OFC,DEC,0.0
2023,Agri02_OFC,DEE,0.0
2023,Agri02_OFC,DED,0.0
2023,Agri02_OFC,DEF,0.0
2023,Agri02_OFC,DEG,0.0
2023,Agri03_No-till,DE1,0.0
2023,Agri03_No-till,DE2,0.0
2023,Agri03_No-till,DE3,0.0
2023,Agri03_No-till,DE4,0.0
2023,Agri03_No-till,DE5,0.0
2023,Agri03_No-till,DE6,0.0
2023,Agri03_No-till,DE7,0.0
2023,Agri03_No-till,DE8,0.0
2023,Agri03_No-till,DE9,0.0
2023,Agri03_No-till,DEA,0.0
2023,Agri03_No-till,DEB,0.0
2023,Agri03_No-till,DEC,0.0
2023,Agri03_No-till,DEE,0.0
2023,Agri03_No-till,DED,0.0
2023,Agri03_No-till,DEF,0.0
2023,Agri03_No-till,DEG,0.0
2023,Agri04_toGrassland,DE1,141.70003095722163
2023,Agri04_toGrassland,DE2,297.77876708284947
2023,Agri04_toGrassland,DE3,9.742692141781996
2023,Agri04_toGrassland,DE4,124.13433382697133
2023,Agri04_toGrassland,DE5,5.227289623811928
2023,Agri04_toGrassland,DE6,1.8291016046868385
2023,Agri04_toGrassland,DE7,75.7500665001495
2023,Agri04_toGrassland,DE8,135.1471894097628
2023,Agri04_toGrassland,DE9,247.4312389813017
2023,Agri04_toGrassland,DEA,147.52723679264818
2023,Agri04_toGrassland,DEB,75.2356557702206
2023,Agri04_toGrassland,DEC,13.720885631592058
2023,Agri04_toGrassland,DEE,112.08011477171544
2023,Agri04_toGrassland,DED,85.0132554325647
2023,Agri04_toGrassland,DEF,90.91617503888983
2023,Agri04_toGrassland,DEG,72.68425940013158
2023,Agri05_Agroforestry,DE1,2063.8404089177884
2023,Agri05_Agroforestry,DE2,3760.0923336038572
2023,Agri05_Agroforestry,DE3,94.54500000000002
2023,Agri05_Agroforestry,DE4,1909.0002405002604
2023,Agri05_Agroforestry,DE5,297.9992680393566
2023,Agri05_Agroforestry,DE6,42.4032128066015
2023,Agri05_Agroforestry,DE7,900.3023649202889
2023,Agri05_Agroforestry,DE8,1986.7770007396377
2023,Agri05_Agroforestry,DE9,3207.0715772152307
2023,Agri05_Agroforestry,DEA,2121.322421353637
2023,Agri05_Agroforestry,DEB,1176.5999719145034
2023,Agri05_Agroforestry,DEC,503.6365029032464
2023,Agri05_Agroforestry,DEE,1585.4605132891393
2023,Agri05_Agroforestry,DED,1286.3217859837528
2023,Agri05_Agroforestry,DEF,988.2540683840904
2023,Agri05_Agroforestry,DEG,790.1109852156987
2023,Agri06_Biochar,DE1,0.0
2023,Agri06_Biochar,DE2,0.0
2023,Agri06_Biochar,DE3,0.0
2023,Agri06_Biochar,DE4,0.0
2023,Agri06_Biochar,DE5,0.0
2023,Agri06_Biochar,DE6,0.0
2023,Agri06_Biochar,DE7,0.0
2023,Agri06_Biochar,DE8,0.0
2023,Agri06_Biochar,DE9,0.0
2023,Agri06_Biochar,DEA,0.0
2023,Agri06_Biochar,DEB,0.0
2023,Agri06_Biochar,DEC,0.0
2023,Agri06_Biochar,DEE,0.0
2023,Agri06_Biochar,DED,0.0
2023,Agri06_Biochar,DEF,0.0
2023,Agri06_Biochar,DEG,0.0
2024,Agri01_AGC,DE1,14719.581970237512
2024,Agri01_AGC,DE2,58760.40368577283
2024,Agri01_AGC,DE3,0.0
2024,Agri01_AGC,DE4,6740.282307088903
2024,Agri01_AGC,DE5,0.0
2024,Agri01_AGC,DE6,0.0
2024,Agri01_AGC,DE7,14843.867232695353
2024,Agri01_AGC,DE8,13297.869869910232
2024,Agri01_AGC,DE9,48978.18491569543
2024,Agri01_AGC,DEA,15249.008199540858
2024,Agri01_AGC,DEB,3270.0138491695106
2024,Agri01_AGC,DEC,0.0
2024,Agri01_AGC,DEE,12787.762466120894
2024,Agri01_AGC,DED,4577.181233858667
2024,Agri01_AGC,DEF,17645.29424672517
2024,Agri01_AGC,DEG,14106.855447088486
2024,Agri02_OFC,DE1,5308.717701645268
2024,Agri02_OFC,DE2,10399.758297800303
2024,Agri02_OFC,DE3,1004.4787928341693
2024,Agri02_OFC,DE4,4783.024533966717
2024,Agri02_OFC,DE5,486.66547866734345
2024,Agri02_OFC,DE6,89.18852050634095
2024,Agri02_OFC,DE7,2571.8550812375006
2024,Agri02_OFC,DE8,5087.309147563815
2024,Agri02_OFC,DE9,8749.836592745543
2024,Agri02_OFC,DEA,5491.126639767633
2024,Agri02_OFC,DEB,2924.584692853721
2024,Agri02_OFC,DEC,912.269328552055
2024,Agri02_OFC,DEE,4137.452940955367
2024,Agri02_OFC,DED,3248.049434803784
2024,Agri02_OFC,DEF,2965.7824141288547
2024,Agri02_OFC,DEG,2371.0862693069125
2024,Agri03_No-till,DE1,0.0
2024,Agri03_No-till,DE2,0.0
2024,Agri03_No-till,DE3,0.0
2024,Agri03_No-till,DE4,0.0
2024,Agri03_No-till,DE5,0.0
2024,Agri03_No-till,DE6,0.0
2024,Agri03_No-till,DE7,0.0
2024,Agri03_No-till,DE8,0.0
2024,Agri03_No-till,DE9,0.0
2024,Agri03_No-till,DEA,0.0
2024,Agri03_No-till,DEB,0.0
2024,Agri03_No-till,DEC,0.0
2024,Agri03_No-till,DEE,0.0
2024,Agri03_No-till,DED,0.0
2024,Agri03_No-till,DEF,0.0
2024,Agri03_No-till,DEG,0.0
2024,Agri04_toGrassland,DE1,192.20932782235028
2024,Agri04_toGrassland,DE2,396.7262924007592
2024,Agri04_toGrassland,DE3,19.299711443498353
2024,Agri04_toGrassland,DE4,169.64197233343145
2024,Agri04_toGrassland,DE5,9.85762269433867
2024,Agri04_toGrassland,DE6,2.6776774213704524
2024,Agri04_toGrassland,DE7,100.2197405519559
2024,Agri04_toGrassland,DE8,183.54991534475647
2024,Agri04_toGrassland,DE9,330.68073892125574
2024,Agri04_toGrassland,DEA,199.7720463981925
2024,Agri04_toGrassland,DEB,103.06134264235905
2024,Agri04_toGrassland,DEC,22.40058663029216
2024,Agri04_toGrassland,DEE,151.4455228806167
2024,Agri04_toGrassland,DED,115.91651726626017
2024,Agri04_toGrassland,DEF,119.13383376769862
2024,Agri04_toGrassland,DEG,95.24373741346366
2024,Agri05_Agroforestry,DE1,3136.626802042265
2024,Agri05_Agroforestry,DE2,5359.301737837803
2024,Agri05_Agroforestry,DE3,94.54500000000002
2024,Agri05_Agroforestry,DE4,2963.4914903474173
2024,Agri05_Agroforestry,DE5,589.5108573109345
2024,Agri05_Agroforestry,DE6,74.15014535113022
2024,Agri05_Agroforestry,DE7,1243.293294930283
2024,Agri05_Agroforestry,DE8,3030.8217191874446
2024,Agri05_Agroforestry,DE9,4629.828405603739
2024,Agri05_Agroforestry,DEA,3207.122615164409
2024,Agri05_Agroforestry,DEB,1837.95197995551
2024,Agri05_Agroforestry,DEC,952.4857916829878
2024,Agri05_Agroforestry,DEE,2380.663082469204
2024,Agri05_Agroforestry,DED,1984.5802453080964
2024,Agri05_Agroforestry,DEF,1295.105393473715
2024,Agri05_Agroforestry,DEG,1035.4696293220295
2024,Agri06_Biochar,DE1,0.0
2024,Agri06_Biochar,DE2,0.0
2024,Agri06_Biochar,DE3,0.0
2024,Agri06_Biochar,DE4,0.0
2024,Agri06_Biochar,DE5,0.0
2024,Agri06_Biochar,DE6,0.0
2024,Agri06_Biochar,DE7,0.0
2024,Agri06_Biochar,DE8,0.0
2024,Agri06_Biochar,DE9,0.0
2024,Agri06_Biochar,DEA,0.0
2024,Agri06_Biochar,DEB,0.0
2024,Agri06_Biochar,DEC,0.0
2024,Agri06_Biochar,DEE,0.0
2024,Agri06_Biochar,DED,0.0
2024,Agri06_Biochar,DEF,0.0
2024,Agri06_Biochar,DEG,0.0
2025,Agri01_AGC,DE1,22443.28190893924
2025,Agri01_AGC,DE2,73392.72866096135
2025,Agri01_AGC,DE3,0.0
2025,Agri01_AGC,DE4,13786.383376081612
2025,Agri01_AGC,DE5,0.0
2025,Agri01_AGC,DE6,0.0
2025,Agri01_AGC,DE7,18410.35921299079
2025,Agri01_AGC,DE8,20715.313739220495
2025,Agri01_AGC,DE9,61365.738201087035
2025,Agri01_AGC,DEA,23214.43898510506
2025,Agri01_AGC,DEB,7594.809068415892
2025,Agri01_AGC,DEC,0.0
2025,Agri01_AGC,DEE,18766.810208057712
2025,Agri01_AGC,DED,9344.355426955997
2025,Agri01_AGC,DEF,21670.091778596412
2025,Agri01_AGC,DEG,17324.640621147853
2025,Agri02_OFC,DE1,10789.592925662844
2025,Agri02_OFC,DE2,20783.117058856064
2025,Agri02_OFC,DE3,2340.5313639225405
2025,Agri02_OFC,DE4,9783.063515472946
2025,Agri02_OFC,DE5,1125.0957191543826
2025,Agri02_OFC,DE6,190.93038777872022
2025,Agri02_OFC,DE7,5102.701396681541
2025,Agri02_OFC,DE8,10350.859602849525
2025,Agri02_OFC,DE9,17540.26532857662
2025,Agri02_OFC,DEA,11143.538383842206
2025,Agri02_OFC,DEB,5993.536510536775
2025,Agri02_OFC,DEC,2040.3205119122645
2025,Agri02_OFC,DEE,8380.291851332315
2025,Agri02_OFC,DED,6630.921261892789
2025,Agri02_OFC,DEF,5821.850522573282
2025,Agri02_OFC,DEG,4654.484016070952
2025,Agri03_No-till,DE1,0.0
2025,Agri03_No-till,DE2,0.0
2025,Agri03_No-till,DE3,0.0
2025,Agri03_No-till,DE4,0.0
2025,Agri03_No-till,DE5,0.0
2025,Agri03_No-till,DE6,0.0
2025,Agri03_No-till,DE7,0.0
2025,Agri03_No-till,DE8,0.0
2025,Agri03_No-till,DE9,0.0
2025,Agri03_No-till,DEA,0.0
2025,Agri03_No-till,DEB,0.0
2025,Agri03_No-till,DEC,0.0
2025,Agri03_No-till,DEE,0.0
2025,Agri03_No-till,DED,0.0
2025,Agri03_No-till,DEF,0.0
2025,Agri03_No-till,DEG,0.0
2025,Agri04_toGrassland,DE1,244.35660129383965
2025,Agri04_toGrassland,DE2,495.5177858638155
2025,Agri04_toGrassland,DE3,32.01145837244256
2025,Agri04_toGrassland,DE4,217.21437445529307
2025,Agri04_toGrassland,DE5,15.931907362826792
2025,Agri04_toGrassland,DE6,3.6456908789480664
2025,Agri04_toGrassland,DE7,124.29924054630725
2025,Agri04_toGrassland,DE8,233.62947267895316
2025,Agri04_toGrassland,DE9,414.3164490009698
2025,Agri04_toGrassland,DEA,253.55138800773423
2025,Agri04_toGrassland,DEB,132.26059698886328
2025,Agri04_toGrassland,DEC,33.1333238564103
2025,Agri04_toGrassland,DEE,191.81361591534935
2025,Agri04_toGrassland,DED,148.10253411137592
2025,Agri04_toGrassland,DEF,146.3076260210968
2025,Agri04_toGrassland,DEG,116.96891120010652
2025,Agri05_Agroforestry,DE1,4401.832990242681
2025,Agri05_Agroforestry,DE2,7131.433788588079
2025,Agri05_Agroforestry,DE3,94.54500000000002
2025,Agri05_Agroforestry,DE4,4227.061658368109
2025,Agri05_Agroforestry,DE5,776.162
2025,Agri05_Agroforestry,DE6,114.70334203348972
2025,Agri05_Agroforestry,DE7,1607.729295791893
2025,Agri05_Agroforestry,DE8,4265.759296735882
2025,Agri05_Agroforestry,DE9,6229.451718650629
2025,Agri05_Agroforestry,DEA,4482.269168988294
2025,Agri05_Agroforestry,DEB,2633.8799966979363
2025,Agri05_Agroforestry,DEC,1541.820307702059
2025,Agri05_Agroforestry,DEE,3309.2235173577774
2025,Agri05_Agroforestry,DED,2817.5809699639867
2025,Agri05_Agroforestry,DEF,1590.6733697108034
2025,Agri05_Agroforestry,DEG,1271.8224312789089
2025,Agri06_Biochar,DE1,0.0
2025,Agri06_Biochar,DE2,0.0
2025,Agri06_Biochar,DE3,0.0
2025,Agri06_Biochar,DE4,0.0
2025,Agri06_Biochar,DE5,0.0
2025,Agri06_Biochar,DE6,0.0
2025,Agri06_Biochar,DE7,0.0
2025,Agri06_Biochar,DE8,0.0
2025,Agri06_Biochar,DE9,0.0
2025,Agri06_Biochar,DEA,0.0
2025,Agri06_Biochar,DEB,0.0
2025,Agri06_Biochar,DEC,0.0
2025,Agri06_Biochar,DEE,0.0
2025,Agri06_Biochar,DED,0.0
2025,Agri06_Biochar,DEF,0.0
2025,Agri06_Biochar,DEG,0.0
2026,Agri01_AGC,DE1,30409.587816696283
2026,Agri01_AGC,DE2,88001.94325764802
2026,Agri01_AGC,DE3,0.0
2026,Agri01_AGC,DE4,21138.30320697813
2026,Agri01_AGC,DE5,0.0
2026,Agri01_AGC,DE6,0.0
2026,Agri01_AGC,DE7,21919.061262134863
2026,Agri01_AGC,DE8,28381.11848558253
2026,Agri01_AGC,DE9,73810.49430906575
2026,Agri01_AGC,DEA,31407.15422786511
2026,Agri01_AGC,DEB,12123.047772073056
2026,Agri01_AGC,DEC,0.0
2026,Agri01_AGC,DEE,24894.36883051861
2026,Agri01_AGC,DED,14301.522579291992
2026,Agri01_AGC,DEF,25540.278898543635
2026,Agri01_AGC,DEG,20418.85432012212
2026,Agri02_OFC,DE1,16442.62567205273
2026,Agri02_OFC,DE2,31150.07628316728
2026,Agri02_OFC,DE3,4008.1577132651137
2026,Agri02_OFC,DE4,15000.116944518684
2026,Agri02_OFC,DE5,1915.2907214611178
2026,Agri02_OFC,DE6,305.2256018171378
2026,Agri02_OFC,DE7,7592.538946332123
2026,Agri02_OFC,DE8,15790.651365857131
2026,Agri02_OFC,DE9,26371.286207493235
2026,Agri02_OFC,DEA,16957.235232223717
2026,Agri02_OFC,DEB,9206.85545304916
2026,Agri02_OFC,DEC,3384.1535500806285
2026,Agri02_OFC,DEE,12728.516731130843
2026,Agri02_OFC,DED,10148.615481267014
2026,Agri02_OFC,DEF,8568.204325333283
2026,Agri02_OFC,DEG,6850.193240292117
2026,Agri03_No-till,DE1,0.0
2026,Agri03_No-till,DE2,0.0
2026,Agri03_No-till,DE3,0.0
2026,Agri03_No-till,DE4,0.0
2026,Agri03_No-till,DE5,0.0
2026,Agri03_No-till,DE6,0.0
2026,Agri03_No-till,DE7,0.0
2026,Agri03_No-till,DE8,0.0
2026,Agri03_No-till,DE9,0.0
2026,Agri03_No-till,DEA,0.0
2026,Agri03_No-till,DEB,0.0
2026,Agri03_No-till,DEC,0.0
2026,Agri03_No-till,DEE,0.0
2026,Agri03_No-till,DED,0.0
2026,Agri03_No-till,DEF,0.0
2026,Agri03_No-till,DEG,0.0
2026,Agri04_toGrassland,DE1,298.14185137168977
2026,Agri04_toGrassland,DE2,594.1532474720184
2026,Agri04_toGrassland,DE3,47.87793292861461
2026,Agri04_toGrassland,DE4,266.8515401925562
2026,Agri04_toGrassland,DE5,23.450143629276294
2026,Agri04_toGrassland,DE6,4.733141977419681
2026,Agri04_toGrassland,DE7,147.98856648320356
2026,Agri04_toGrassland,DE8,285.3858614123529
2026,Agri04_toGrassland,DE9,498.3383692204439
2026,Agri04_toGrassland,DEA,308.8652616212734
2026,Agri04_toGrassland,DEB,162.8334188097333
2026,Agri04_toGrassland,DEC,45.91909730994648
2026,Agri04_toGrassland,DEE,233.1843938759134
2026,Agri04_toGrassland,DED,181.57130596791194
2026,Agri04_toGrassland,DEF,172.43755179908442
2026,Agri04_toGrassland,DEG,137.85978076006015
2026,Agri05_Agroforestry,DE1,5859.4589735190375
2026,Agri05_Agroforestry,DE2,9076.488485854685
2026,Agri05_Agroforestry,DE3,94.54500000000002
2026,Agri05_Agroforestry,DE4,5699.710744562337
2026,Agri05_Agroforestry,DE5,776.162
2026,Agri05_Agroforestry,DE6,164.06280285367998
2026,Agri05_Agroforestry,DE7,1993.6103675051186
2026,Agri05_Agroforestry,DE8,5691.58973338495
2026,Agri05_Agroforestry,DE9,8005.9415163559015
2026,Agri05_Agroforestry,DEA,5946.762082825293
2026,Agri05_Agroforestry,DEB,3564.384022141782
2026,Agri05_Agroforestry,DEC,2271.6400509604596
2026,Agri05_Agroforestry,DEE,4371.14181795486
2026,Agri05_Agroforestry,DED,3785.323959951423
2026,Agri05_Agroforestry,DEF,1874.957997095356
2026,Agri05_Agroforestry,DEG,1499.1693910863373
2026,Agri06_Biochar,DE1,0.0
2026,Agri06_Biochar,DE2,0.0
2026,Agri06_Biochar,DE3,0.0
2026,Agri06_Biochar,DE4,0.0
2026,Agri06_Biochar,DE5,0.0
2026,Agri06_Biochar,DE6,0.0
2026,Agri06_Biochar,DE7,0.0
2026,Agri06_Biochar,DE8,0.0
2026,Agri06_Biochar,DE9,0.0
2026,Agri06_Biochar,DEA,0.0
2026,Agri06_Biochar,DEB,0.0
2026,Agri06_Biochar,DEC,0.0
2026,Agri06_Biochar,DEE,0.0
2026,Agri06_Biochar,DED,0.0
2026,Agri06_Biochar,DEF,0.0
2026,Agri06_Biochar,DEG,0.0
2027,Agri01_AGC,DE1,38618.49969350864
2027,Agri01_AGC,DE2,102588.0474758328
2027,Agri01_AGC,DE3,0.0
2027,Agri01_AGC,DE4,28796.041799778453
2027,Agri01_AGC,DE5,0.0
2027,Agri01_AGC,DE6,0.0
2027,Agri01_AGC,DE7,25369.973380127576
2027,Agri01_AGC,DE8,36295.28410899633
2027,Agri01_AGC,DE9,86312.45323963156
2027,Agri01_AGC,DEA,39827.15392782101
2027,Agri01_AGC,DEB,16854.729960141
2027,Agri01_AGC,DEC,0.0
2027,Agri01_AGC,DEE,31170.438333503596
2027,Agri01_AGC,DED,19448.682690866648
2027,Agri01_AGC,DEF,29255.855606566838
2027,Agri01_AGC,DEG,23389.496544011283
2027,Agri02_OFC,DE1,22267.81594081493
2027,Agri02_OFC,DE2,41500.63597073395
2027,Agri02_OFC,DE3,6007.35784086189
2027,Agri02_OFC,DE4,20434.184821103932
2027,Agri02_OFC,DE5,2857.2504855875486
2027,Agri02_OFC,DE6,432.0741626215936
2027,Agri02_OFC,DE7,10041.367730189244
2027,Agri02_OFC,DE8,21406.684436586635
2027,Agri02_OFC,DE9,35242.899229495386
2027,Agri02_OFC,DEA,22932.217184912166
2027,Agri02_OFC,DEB,12564.54152039088
2027,Agri02_OFC,DEC,4943.768443057147
2027,Agri02_OFC,DEE,17182.127580350952
2027,Agri02_OFC,DED,13801.132092926458
2027,Agri02_OFC,DEF,11204.843822408857
2027,Agri02_OFC,DEG,8958.213941970407
2027,Agri03_No-till,DE1,0.0
2027,Agri03_No-till,DE2,0.0
2027,Agri03_No-till,DE3,0.0
2027,Agri03_No-till,DE4,0.0
2027,Agri03_No-till,DE5,0.0
2027,Agri03_No-till,DE6,0.0
2027,Agri03_No-till,DE7,0.0
2027,Agri03_No-till,DE8,0.0
2027,Agri03_No-till,DE9,0.0
2027,Agri03_No-till,DEA,0.0
2027,Agri03_No-till,DEB,0.0
2027,Agri03_No-till,DEC,0.0
2027,Agri03_No-till,DEE,0.0
2027,Agri03_No-till,DED,0.0
2027,Agri03_No-till,DEF,0.0
2027,Agri03_No-till,DEG,0.0
2027,Agri04_toGrassland,DE1,353.5650780559006
2027,Agri04_toGrassland,DE2,692.632677225368
2027,Agri04_toGrassland,DE3,66.8991351120145
2027,Agri04_toGrassland,DE4,318.55346954522076
2027,Agri04_toGrassland,DE5,32.41233149368718
2027,Agri04_toGrassland,DE6,5.940030716785296
2027,Agri04_toGrassland,DE7,171.2877183626448
2027,Agri04_toGrassland,DE8,338.8190815449556
2027,Agri04_toGrassland,DE9,582.746499579678
2027,Agri04_toGrassland,DEA,365.71366723881005
2027,Agri04_toGrassland,DEB,194.7798081049691
2027,Agri04_toGrassland,DEC,60.75790699090071
2027,Agri04_toGrassland,DEE,275.55785676230886
2027,Agri04_toGrassland,DED,216.32283283586824
2027,Agri04_toGrassland,DEF,197.52361110166146
2027,Agri04_toGrassland,DEG,157.91634609332456
2027,Agri05_Agroforestry,DE1,7509.5047518713345
2027,Agri05_Agroforestry,DE2,11194.465829637622
2027,Agri05_Agroforestry,DE3,94.54500000000002
2027,Agri05_Agroforestry,DE4,7381.4387489301
2027,Agri05_Agroforestry,DE5,776.162
2027,Agri05_Agroforestry,DE6,222.22852781170104
2027,Agri05_Agroforestry,DE7,2400.9365100699597
2027,Agri05_Agroforestry,DE8,7308.313029134648
2027,Agri05_Agroforestry,DE9,9959.297798719557
2027,Agri05_Agroforestry,DEA,7600.6013566754045
2027,Agri05_Agroforestry,DEB,4629.464056287047
2027,Agri05_Agroforestry,DEC,3141.94502145819
2027,Agri05_Agroforestry,DEE,5566.417984260452
2027,Agri05_Agroforestry,DED,4887.809215270406
2027,Agri05_Agroforestry,DEF,2147.9592756273723
2027,Agri05_Agroforestry,DEG,1717.5105087443146
2027,Agri06_Biochar,DE1,0.0
2027,Agri06_Biochar,DE2,0.0
2027,Agri06_Biochar,DE3,0.0
2027,Agri06_Biochar,DE4,0.0
2027,Agri06_Biochar,DE5,0.0
2027,Agri06_Biochar,DE6,0.0
2027,Agri06_Biochar,DE7,0.0
2027,Agri06_Biochar,DE8,0.0
2027,Agri06_Biochar,DE9,0.0
2027,Agri06_Biochar,DEA,0.0
2027,Agri06_Biochar,DEB,0.0
2027,Agri06_Biochar,DEC,0.0
2027,Agri06_Biochar,DEE,0.0
2027,Agri06_Biochar,DED,0.0
2027,Agri06_Biochar,DEF,0.0
2027,Agri06_Biochar,DEG,0.0
2028,Agri01_AGC,DE1,47070.01753937631
2028,Agri01_AGC,DE2,117151.04131551573
2028,Agri01_AGC,DE3,0.0
2028,Agri01_AGC,DE4,36759.59915448258
2028,Agri01_AGC,DE5,0.0
2028,Agri01_AGC,DE6,196.4464544346789
2028,Agri01_AGC,DE7,28763.09556696893
2028,Agri01_AGC,DE8,44457.81060946191
2028,Agri01_AGC,DE9,98871.61499278448
2028,Agri01_AGC,DEA,48474.43808497276
2028,Agri01_AGC,DEB,21789.85563261973
2028,Agri01_AGC,DEC,0.0
2028,Agri01_AGC,DEE,37595.01871701267
2028,Agri01_AGC,DED,24785.83576167997
2028,Agri01_AGC,DEF,32816.82190266602
2028,Agri01_AGC,DEG,26236.567292815344
2028,Agri02_OFC,DE1,28265.163731949437
2028,Agri02_OFC,DE2,51834.79612155608
2028,Agri02_OFC,DE3,8338.131746712868
2028,Agri02_OFC,DE4,26085.267145228692
2028,Agri02_OFC,DE5,3950.9750115336756
2028,Agri02_OFC,DE6,571.4760701920877
2028,Agri02_OFC,DE7,12449.187748252905
2028,Agri02_OFC,DE8,27198.95881503803
2028,Agri02_OFC,DE9,44155.10439458307
2028,Agri02_OFC,DEA,29068.484241907558
2028,Agri02_OFC,DEB,16066.594712561931
2028,Agri02_OFC,DEC,6719.165190841821
2028,Agri02_OFC,DEE,21741.124398992644
2028,Agri02_OFC,DED,17588.471096871122
2028,Agri02_OFC,DEF,13731.769013800003
2028,Agri02_OFC,DEG,10978.546121105825
2028,Agri03_No-till,DE1,0.0
2028,Agri03_No-till,DE2,0.0
2028,Agri03_No-till,DE3,0.0
2028,Agri03_No-till,DE4,0.0
2028,Agri03_No-till,DE5,0.0
2028,Agri03_No-till,DE6,0.0
2028,Agri03_No-till,DE7,0.0
2028,Agri03_No-till,DE8,0.0
2028,Agri03_No-till,DE9,0.0
2028,Agri03_No-till,DEA,0.0
2028,Agri03_No-till,DEB,0.0
2028,Agri03_No-till,DEC,0.0
2028,Agri03_No-till,DEE,0.0
2028,Agri03_No-till,DED,0.0
2028,Agri03_No-till,DEF,0.0
2028,Agri03_No-till,DEG,0.0
2028,Agri04_toGrassland,DE1,410.6262813464721
2028,Agri04_toGrassland,DE2,790.9560751238641
2028,Agri04_toGrassland,DE3,89.07506492264224
2028,Agri04_toGrassland,DE4,372.32016251328685
2028,Agri04_toGrassland,DE5,42.81847095605944
2028,Agri04_toGrassland,DE6,7.266357097044912
2028,Agri04_toGrassland,DE7,194.19669618463098
2028,Agri04_toGrassland,DE8,393.9291330767614
2028,Agri04_toGrassland,DE9,667.5408400786722
2028,Agri04_toGrassland,DEA,424.09660486034414
2028,Agri04_toGrassland,DEB,228.09976487457072
2028,Agri04_toGrassland,DEC,77.64975289927297
2028,Agri04_toGrassland,DEE,318.9340045745357
2028,Agri04_toGrassland,DED,252.35711471524482
2028,Agri04_toGrassland,DEF,221.5658039288279
2028,Agri04_toGrassland,DEG,177.13860719989975
2028,Agri05_Agroforestry,DE1,9351.970325299571
2028,Agri05_Agroforestry,DE2,13485.365819936887
2028,Agri05_Agroforestry,DE3,94.54500000000002
2028,Agri05_Agroforestry,DE4,9272.245671471397
2028,Agri05_Agroforestry,DE5,776.162
2028,Agri05_Agroforestry,DE6,289.20051690755287
2028,Agri05_Agroforestry,DE7,2829.7077234864164
2028,Agri05_Agroforestry,DE8,9115.929183984977
2028,Agri05_Agroforestry,DE9,12089.520565741594
2028,Agri05_Agroforestry,DEA,9443.78699053863
2028,Agri05_Agroforestry,DEB,5829.120099133732
2028,Agri05_Agroforestry,DEC,3458.3510000000006
2028,Agri05_Agroforestry,DEE,6895.052016274552
2028,Agri05_Agroforestry,DED,6125.036735920935
2028,Agri05_Agroforestry,DEF,2409.6772053068526
2028,Agri05_Agroforestry,DEG,1926.8457842528408
2028,Agri06_Biochar,DE1,0.0
2028,Agri06_Biochar,DE2,0.0
2028,Agri06_Biochar,DE3,0.0
2028,Agri06_Biochar,DE4,0.0
2028,Agri06_Biochar,DE5,0.0
2028,Agri06_Biochar,DE6,0.0
2028,Agri06_Biochar,DE7,0.0
2028,Agri06_Biochar,DE8,0.0
2028,Agri06_Biochar,DE9,0.0
2028,Agri06_Biochar,DEA,0.0
2028,Agri06_Biochar,DEB,0.0
2028,Agri06_Biochar,DEC,0.0
2028,Agri06_Biochar,DEE,0.0
2028,Agri06_Biochar,DED,0.0
2028,Agri06_Biochar,DEF,0.0
2028,Agri06_Biochar,DEG,0.0
2029,Agri01_AGC,DE1,55764.1413542993
2029,Agri01_AGC,DE2,131690.92477669677
2029,Agri01_AGC,DE3,0.0
2029,Agri01_AGC,DE4,45028.975271090516
2029,Agri01_AGC,DE5,0.0
2029,Agri01_AGC,DE6,410.58320096403526
2029,Agri01_AGC,DE7,32098.42782265892
2029,Agri01_AGC,DE8,52868.69798697925
2029,Agri01_AGC,DE9,111487.9795685245
2029,Agri01_AGC,DEA,57349.00669932036
2029,Agri01_AGC,DEB,26928.42478950924
2029,Agri01_AGC,DEC,0.0
2029,Agri01_AGC,DEE,44168.10998104582
2029,Agri01_AGC,DED,30312.981791731956
2029,Agri01_AGC,DEF,36223.17778684119
2029,Agri01_AGC,DEG,28960.066566534304
2029,Agri02_OFC,DE1,34434.669045456256
2029,Agri02_OFC,DE2,62152.55673563367
2029,Agri02_OFC,DE3,11000.479430818048
2029,Agri02_OFC,DE4,31953.363916892962
2029,Agri02_OFC,DE5,5196.464299299498
2029,Agri02_OFC,DE6,723.4313245286202
2029,Agri02_OFC,DE7,14815.999000523108
2029,Agri02_OFC,DE8,33167.47450121132
2029,Agri02_OFC,DE9,53107.90170275629
2029,Agri02_OFC,DEA,35366.03640320989
2029,Agri02_OFC,DEB,19713.015029562317
2029,Agri02_OFC,DEC,8710.34379343465
2029,Agri02_OFC,DEE,26405.507187055915
2029,Agri02_OFC,DED,21510.632493101006
2029,Agri02_OFC,DEF,16148.979899506721
2029,Agri02_OFC,DEG,12911.189777698368
2029,Agri03_No-till,DE1,0.0
2029,Agri03_No-till,DE2,0.0
2029,Agri03_No-till,DE3,0.0
2029,Agri03_No-till,DE4,0.0
2029,Agri03_No-till,DE5,0.0
2029,Agri03_No-till,DE6,0.0
2029,Agri03_No-till,DE7,0.0
2029,Agri03_No-till,DE8,0.0
2029,Agri03_No-till,DE9,0.0
2029,Agri03_No-till,DEA,0.0
2029,Agri03_No-till,DEB,0.0
2029,Agri03_No-till,DEC,0.0
2029,Agri03_No-till,DEE,0.0
2029,Agri03_No-till,DED,0.0
2029,Agri03_No-till,DEF,0.0
2029,Agri03_No-till,DEG,0.0
2029,Agri04_toGrassland,DE1,469.3254612434044
2029,Agri04_toGrassland,DE2,889.1234411675069
2029,Agri04_toGrassland,DE3,114.40572236049783
2029,Agri04_toGrassland,DE4,428.1516190967545
2029,Agri04_toGrassland,DE5,54.66856201639309
2029,Agri04_toGrassland,DE6,8.712121118198528
2029,Agri04_toGrassland,DE7,216.71549994916214
2029,Agri04_toGrassland,DE8,450.7160160077702
2029,Agri04_toGrassland,DE9,752.7213907174265
2029,Agri04_toGrassland,DEA,484.01407448587565
2029,Agri04_toGrassland,DEB,262.7932891185381
2029,Agri04_toGrassland,DEC,96.59463503506328
2029,Agri04_toGrassland,DEE,363.31283731259396
2029,Agri04_toGrassland,DED,289.6741516060417
2029,Agri04_toGrassland,DEF,244.56413028058378
2029,Agri04_toGrassland,DEG,195.52656407978571
2029,Agri05_Agroforestry,DE1,11386.855693803747
2029,Agri05_Agroforestry,DE2,15949.188456752483
2029,Agri05_Agroforestry,DE3,94.54500000000002
2029,Agri05_Agroforestry,DE4,11372.131512186232
2029,Agri05_Agroforestry,DE5,776.162
2029,Agri05_Agroforestry,DE6,364.9787701412355
2029,Agri05_Agroforestry,DE7,3279.9240077544887
2029,Agri05_Agroforestry,DE8,11114.438197935937
2029,Agri05_Agroforestry,DE9,14396.609817422013
2029,Agri05_Agroforestry,DEA,11476.31898441497
2029,Agri05_Agroforestry,DEB,7163.352150681836
2029,Agri05_Agroforestry,DEC,3458.3510000000006
2029,Agri05_Agroforestry,DEE,8357.043913997162
2029,Agri05_Agroforestry,DED,7497.00652190301
2029,Agri05_Agroforestry,DEF,2660.1117861337966
2029,Agri05_Agroforestry,DEG,2127.1752176119157
2029,Agri06_Biochar,DE1,0.0
2029,Agri06_Biochar,DE2,0.0
2029,Agri06_Biochar,DE3,0.0
2029,Agri06_Biochar,DE4,0.0
2029,Agri06_Biochar,DE5,0.0
2029,Agri06_Biochar,DE6,0.0
2029,Agri06_Biochar,DE7,0.0
2029,Agri06_Biochar,DE8,0.0
2029,Agri06_Biochar,DE9,0.0
2029,Agri06_Biochar,DEA,0.0
2029,Agri06_Biochar,DEB,0.0
2029,Agri06_Biochar,DEC,0.0
2029,Agri06_Biochar,DEE,0.0
2029,Agri06_Biochar,DED,0.0
2029,Agri06_Biochar,DEF,0.0
2029,Agri06_Biochar,DEG,0.0
2030,Agri01_AGC,DE1,64700.87113827761
2030,Agri01_AGC,DE2,146207.69785937597
2030,Agri01_AGC,DE3,0.0
2030,Agri01_AGC,DE4,53604.17014960226
2030,Agri01_AGC,DE5,0.0
2030,Agri01_AGC,DE6,642.4102395880691
2030,Agri01_AGC,DE7,35375.97014719755
2030,Agri01_AGC,DE8,61527.94624154836
2030,Agri01_AGC,DE9,124161.54696685163
2030,Agri01_AGC,DEA,66450.8597708638
2030,Agri01_AGC,DEB,32270.437430809536
2030,Agri01_AGC,DEC,3110.0690405884066
2030,Agri01_AGC,DEE,50889.71212560305
2030,Agri01_AGC,DED,36030.120781022604
2030,Agri01_AGC,DEF,39474.92325909233
2030,Agri01_AGC,DEG,31559.99436516816
2030,Agri02_OFC,DE1,40776.33188133538
2030,Agri02_OFC,DE2,72453.91781296671
2030,Agri02_OFC,DE3,13994.40089317743
2030,Agri02_OFC,DE4,38038.47513609674
2030,Agri02_OFC,DE5,6593.718348885016
2030,Agri02_OFC,DE6,887.9399256311909
2030,Agri02_OFC,DE7,17141.80148699985
2030,Agri02_OFC,DE8,39312.231495106505
2030,Agri02_OFC,DE9,62101.29115401504
2030,Agri02_OFC,DEA,41824.87366881916
2030,Agri02_OFC,DEB,23503.802471392035
2030,Agri02_OFC,DEC,10917.304250835632
2030,Agri02_OFC,DEE,31175.275944540765
2030,Agri02_OFC,DED,25567.61628161611
2030,Agri02_OFC,DEF,18456.476479529014
2030,Agri02_OFC,DEG,14756.144911748037
2030,Agri03_No-till,DE1,0.0
2030,Agri03_No-till,DE2,0.0
2030,Agri03_No-till,DE3,0.0
2030,Agri03_No-till,DE4,0.0
2030,Agri03_No-till,DE5,0.0
2030,Agri03_No-till,DE6,0.0
2030,Agri03_No-till,DE7,0.0
2030,Agri03_No-till,DE8,0.0
2030,Agri03_No-till,DE9,0.0
2030,Agri03_No-till,DEA,0.0
2030,Agri03_No-till,DEB,0.0
2030,Agri03_No-till,DEC,0.0
2030,Agri03_No-till,DEE,0.0
2030,Agri03_No-till,DED,0.0
2030,Agri03_No-till,DEF,0.0
2030,Agri03_No-till,DEG,0.0
2030,Agri04_toGrassland,DE1,529.6626177466974
2030,Agri04_toGrassland,DE2,987.1347753562964
2030,Agri04_toGrassland,DE3,142.89110742558125
2030,Agri04_toGrassland,DE4,486.0478392956236
2030,Agri04_toGrassland,DE5,67.96260467468812
2030,Agri04_toGrassland,DE6,10.277322780246145
2030,Agri04_toGrassland,DE7,238.84412965623824
2030,Agri04_toGrassland,DE8,509.179730337982
2030,Agri04_toGrassland,DE9,838.2881514959408
2030,Agri04_toGrassland,DEA,545.4660761154047
2030,Agri04_toGrassland,DEB,298.8603808368713
2030,Agri04_toGrassland,DEC,117.59255339827162
2030,Agri04_toGrassland,DEE,408.69435497648357
2030,Agri04_toGrassland,DED,328.2739435082588
2030,Agri04_toGrassland,DEF,266.51859015692906
2030,Agri04_toGrassland,DEG,213.08021673298248
2030,Agri05_Agroforestry,DE1,13614.160857383864
2030,Agri05_Agroforestry,DE2,18585.93374008441
2030,Agri05_Agroforestry,DE3,94.54500000000002
2030,Agri05_Agroforestry,DE4,13681.0962710746
2030,Agri05_Agroforestry,DE5,776.162
2030,Agri05_Agroforestry,DE6,449.56328751274884
2030,Agri05_Agroforestry,DE7,3751.5853628741766
2030,Agri05_Agroforestry,DE8,13303.840070987528
2030,Agri05_Agroforestry,DE9,16880.565553760815
2030,Agri05_Agroforestry,DEA,13698.19733830442
2030,Agri05_Agroforestry,DEB,8632.16021093136
2030,Agri05_Agroforestry,DEC,3458.3510000000006
2030,Agri05_Agroforestry,DEE,9952.393677428281
2030,Agri05_Agroforestry,DED,9003.718573216633
2030,Agri05_Agroforestry,DEF,2899.2630181082045
2030,Agri05_Agroforestry,DEG,2318.4988088215396
2030,Agri06_Biochar,DE1,0.0
2030,Agri06_Biochar,DE2,0.0
2030,Agri06_Biochar,DE3,0.0
2030,Agri06_Biochar,DE4,0.0
2030,Agri06_Biochar,DE5,0.0
2030,Agri06_Biochar,DE6,0.0
2030,Agri06_Biochar,DE7,0.0
2030,Agri06_Biochar,DE8,0.0
2030,Agri06_Biochar,DE9,0.0
2030,Agri06_Biochar,DEA,0.0
2030,Agri06_Biochar,DEB,0.0
2030,Agri06_Biochar,DEC,0.0
2030,Agri06_Biochar,DEE,0.0
2030,Agri06_Biochar,DED,0.0
2030,Agri06_Biochar,DEF,0.0
2030,Agri06_Biochar,DEG,0.0
2031,Agri01_AGC,DE1,73880.20689131123
2031,Agri01_AGC,DE2,160701.3605635533
2031,Agri01_AGC,DE3,322.4330000000001
2031,Agri01_AGC,DE4,62485.18379001781
2031,Agri01_AGC,DE5,1036.6540000000002
2031,Agri01_AGC,DE6,891.9275703067804
2031,Agri01_AGC,DE7,38595.722540584815
2031,Agri01_AGC,DE8,70435.55537316923
2031,Agri01_AGC,DE9,136892.31718776585
2031,Agri01_AGC,DEA,75779.99729960308
2031,Agri01_AGC,DEB,37815.89355652061
2031,Agri01_AGC,DEC,6524.21986203024
2031,Agri01_AGC,DEE,57759.82515068437
2031,Agri01_AGC,DED,41937.25272955192
2031,Agri01_AGC,DEF,42572.05831941945
2031,Agri01_AGC,DEG,34036.35068871692
2031,Agri02_OFC,DE1,47290.152239586816
2031,Agri02_OFC,DE2,82738.87935355521
2031,Agri02_OFC,DE3,17319.896133791015
2031,Agri02_OFC,DE4,44340.60080284003
2031,Agri02_OFC,DE5,8142.73716029023
2031,Agri02_OFC,DE6,1065.0018734998
2031,Agri02_OFC,DE7,19426.595207683135
2031,Agri02_OFC,DE8,45633.229796723586
2031,Agri02_OFC,DE9,71135.27274835933
2031,Agri02_OFC,DEA,48444.996038735364
2031,Agri02_OFC,DEB,27438.957038051085
2031,Agri02_OFC,DEC,13340.046563044769
2031,Agri02_OFC,DEE,36050.4306714472
2031,Agri02_OFC,DED,29759.422462416434
2031,Agri02_OFC,DEF,20654.258753866878
2031,Agri02_OFC,DEG,16513.411523254832
2031,Agri03_No-till,DE1,0.0
2031,Agri03_No-till,DE2,0.0
2031,Agri03_No-till,DE3,0.0
2031,Agri03_No-till,DE4,0.0
2031,Agri03_No-till,DE5,0.0
2031,Agri03_No-till,DE6,0.0
2031,Agri03_No-till,DE7,0.0
2031,Agri03_No-till,DE8,0.0
2031,Agri03_No-till,DE9,0.0
2031,Agri03_No-till,DEA,0.0
2031,Agri03_No-till,DEB,0.0
2031,Agri03_No-till,DEC,0.0
2031,Agri03_No-till,DEE,0.0
2031,Agri03_No-till,DED,0.0
2031,Agri03_No-till,DEF,0.0
2031,Agri03_No-till,DEG,0.0
2031,Agri04_toGrassland,DE1,591.6377508563511
2031,Agri04_toGrassland,DE2,1084.9900776902323
2031,Agri04_toGrassland,DE3,174.53122011789253
2031,Agri04_toGrassland,DE4,546.0088231098941
2031,Agri04_toGrassland,DE5,82.70059893094454
2031,Agri04_toGrassland,DE6,11.961962083187762
2031,Agri04_toGrassland,DE7,260.5825853058593
2031,Agri04_toGrassland,DE8,569.3202760673969
2031,Agri04_toGrassland,DE9,924.2411224142152
2031,Agri04_toGrassland,DEA,608.4526097489311
2031,Agri04_toGrassland,DEB,336.30104002957023
2031,Agri04_toGrassland,DEC,140.643507988898
2031,Agri04_toGrassland,DEE,455.07855756620455
2031,Agri04_toGrassland,DED,368.1564904218962
2031,Agri04_toGrassland,DEF,287.4291835578638
2031,Agri04_toGrassland,DEG,229.79956515949002
2031,Agri05_Agroforestry,DE1,16033.885816039921
2031,Agri05_Agroforestry,DE2,21395.601669932665
2031,Agri05_Agroforestry,DE3,94.54500000000002
2031,Agri05_Agroforestry,DE4,16199.139948136504
2031,Agri05_Agroforestry,DE5,776.162
2031,Agri05_Agroforestry,DE6,542.954069022093
2031,Agri05_Agroforestry,DE7,4244.69178884548
2031,Agri05_Agroforestry,DE8,15684.134803139748
2031,Agri05_Agroforestry,DE9,19541.387774757997
2031,Agri05_Agroforestry,DEA,16109.422052206985
2031,Agri05_Agroforestry,DEB,10235.544279882304
2031,Agri05_Agroforestry,DEC,3458.3510000000006
2031,Agri05_Agroforestry,DEE,11681.101306567909
2031,Agri05_Agroforestry,DED,10645.1728898618
2031,Agri05_Agroforestry,DEF,3127.1309012300762
2031,Agri05_Agroforestry,DEG,2500.8165578817125
2031,Agri06_Biochar,DE1,0.0
2031,Agri06_Biochar,DE2,0.0
2031,Agri06_Biochar,DE3,0.0
2031,Agri06_Biochar,DE4,0.0
2031,Agri06_Biochar,DE5,0.0
2031,Agri06_Biochar,DE6,0.0
2031,Agri06_Biochar,DE7,0.0
2031,Agri06_Biochar,DE8,0.0
2031,Agri06_Biochar,DE9,0.0
2031,Agri06_Biochar,DEA,0.0
2031,Agri06_Biochar,DEB,0.0
2031,Agri06_Biochar,DEC,0.0
2031,Agri06_Biochar,DEE,0.0
2031,Agri06_Biochar,DED,0.0
2031,Agri06_Biochar,DEF,0.0
2031,Agri06_Biochar,DEG,0.0
2032,Agri01_AGC,DE1,83302.14861340016
2032,Agri01_AGC,DE2,175171.91288922873
2032,Agri01_AGC,DE3,322.4330000000001
2032,Agri01_AGC,DE4,71672.01619233716
2032,Agri01_AGC,DE5,1036.6540000000002
2032,Agri01_AGC,DE6,1159.1351931201689
2032,Agri01_AGC,DE7,41757.68500282073
2032,Agri01_AGC,DE8,79591.52538184189
2032,Agri01_AGC,DE9,149680.29023126716
2032,Agri01_AGC,DEA,85336.41928553823
2032,Agri01_AGC,DEB,43564.79316664247
2032,Agri01_AGC,DEC,8754.346000000001
2032,Agri01_AGC,DEE,64778.44905628978
2032,Agri01_AGC,DED,48034.37763731989
2032,Agri01_AGC,DEF,45514.58296782255
2032,Agri01_AGC,DEG,36389.13553718058
2032,Agri02_OFC,DE1,53976.13012021056
2032,Agri02_OFC,DE2,93007.44135739916
2032,Agri02_OFC,DE3,20976.965152658802
2032,Agri02_OFC,DE4,50859.740917122836
2032,Agri02_OFC,DE5,9843.52073351514
2032,Agri02_OFC,DE6,1254.6171681344474
2032,Agri02_OFC,DE7,21670.380162572957
2032,Agri02_OFC,DE8,52130.46940606256
2032,Agri02_OFC,DE9,80209.84648578917
2032,Agri02_OFC,DEA,55226.40351295851
2032,Agri02_OFC,DEB,31518.478729539467
2032,Agri02_OFC,DEC,15978.57073006206
2032,Agri02_OFC,DEE,41030.97136777521
2032,Agri02_OFC,DED,34086.05103550198
2032,Agri02_OFC,DEF,22742.326722520316
2032,Agri02_OFC,DEG,18182.989612218753
2032,Agri03_No-till,DE1,0.0
2032,Agri03_No-till,DE2,0.0
2032,Agri03_No-till,DE3,0.0
2032,Agri03_No-till,DE4,0.0
2032,Agri03_No-till,DE5,0.0
2032,Agri03_No-till,DE6,0.0
2032,Agri03_No-till,DE7,0.0
2032,Agri03_No-till,DE8,0.0
2032,Agri03_No-till,DE9,0.0
2032,Agri03_No-till,DEA,0.0
2032,Agri03_No-till,DEB,0.0
2032,Agri03_No-till,DEC,0.0
2032,Agri03_No-till,DEE,0.0
2032,Agri03_No-till,DED,0.0
2032,Agri03_No-till,DEF,0.0
2032,Agri03_No-till,DEG,0.0
2032,Agri04_toGrassland,DE1,655.2508605723656
2032,Agri04_toGrassland,DE2,1182.6893481693148
2032,Agri04_toGrassland,DE3,209.32606043743166
2032,Agri04_toGrassland,DE4,608.0345705395663
2032,Agri04_toGrassland,DE5,98.88254478516234
2032,Agri04_toGrassland,DE6,13.76603902702338
2032,Agri04_toGrassland,DE7,281.93086689802533
2032,Agri04_toGrassland,DE8,631.1376531960148
2032,Agri04_toGrassland,DE9,1010.5803034722496
2032,Agri04_toGrassland,DEA,672.9736753864549
2032,Agri04_toGrassland,DEB,375.115266696635
2032,Agri04_toGrassland,DEC,165.74749880694242
2032,Agri04_toGrassland,DEE,502.46544508175697
2032,Agri04_toGrassland,DED,409.3217923469539
2032,Agri04_toGrassland,DEF,307.2959104833879
2032,Agri04_toGrassland,DEG,245.68460935930833
2032,Agri05_Agroforestry,DE1,18646.030569771916
2032,Agri05_Agroforestry,DE2,24378.19224629725
2032,Agri05_Agroforestry,DE3,94.54500000000002
2032,Agri05_Agroforestry,DE4,18926.262543371944
2032,Agri05_Agroforestry,DE5,776.162
2032,Agri05_Agroforestry,DE6,628.319
2032,Agri05_Agroforestry,DE7,4759.243285668399
2032,Agri05_Agroforestry,DE8,18255.3223943926
2032,Agri05_Agroforestry,DE9,22379.076480413565
2032,Agri05_Agroforestry,DEA,18709.993126122663
2032,Agri05_Agroforestry,DEB,11973.504357534668
2032,Agri05_Agroforestry,DEC,3458.3510000000006
2032,Agri05_Agroforestry,DEE,13543.166801416046
2032,Agri05_Agroforestry,DED,12421.369471838516
2032,Agri05_Agroforestry,DEF,3343.7154354994123
2032,Agri05_Agroforestry,DEG,2674.128464792434
2032,Agri06_Biochar,DE1,0.0
2032,Agri06_Biochar,DE2,0.0
2032,Agri06_Biochar,DE3,0.0
2032,Agri06_Biochar,DE4,0.0
2032,Agri06_Biochar,DE5,0.0
2032,Agri06_Biochar,DE6,0.0
2032,Agri06_Biochar,DE7,0.0
2032,Agri06_Biochar,DE8,0.0
2032,Agri06_Biochar,DE9,0.0
2032,Agri06_Biochar,DEA,0.0
2032,Agri06_Biochar,DEB,0.0
2032,Agri06_Biochar,DEC,0.0
2032,Agri06_Biochar,DEE,0.0
2032,Agri06_Biochar,DED,0.0
2032,Agri06_Biochar,DEF,0.0
2032,Agri06_Biochar,DEG,0.0
2033,Agri01_AGC,DE1,92966.69630454441
2033,Agri01_AGC,DE2,189619.3548364023
2033,Agri01_AGC,DE3,322.4330000000001
2033,Agri01_AGC,DE4,81164.66735656033
2033,Agri01_AGC,DE5,1036.6540000000002
2033,Agri01_AGC,DE6,1444.033108028235
2033,Agri01_AGC,DE7,44861.85753390528
2033,Agri01_AGC,DE8,88995.8562675663
2033,Agri01_AGC,DE9,162525.4660973556
2033,Agri01_AGC,DEA,95120.12572866921
2033,Agri01_AGC,DEB,49517.13626117511
2033,Agri01_AGC,DEC,8754.346000000001
2033,Agri01_AGC,DEE,71945.58384241926
2033,Agri01_AGC,DED,54321.495504326536
2033,Agri01_AGC,DEF,48302.49720430163
2033,Agri01_AGC,DEG,38618.34891055913
2033,Agri02_OFC,DE1,60834.26552320662
2033,Agri02_OFC,DE2,103259.60382449857
2033,Agri02_OFC,DE3,24965.60794978079
2033,Agri02_OFC,DE4,57595.895478945145
2033,Agri02_OFC,DE5,11696.069068559747
2033,Agri02_OFC,DE6,1456.785809535133
2033,Agri02_OFC,DE7,23873.156351669324
2033,Agri02_OFC,DE8,58803.95032312344
2033,Agri02_OFC,DE9,89325.01236630452
2033,Agri02_OFC,DEA,62169.096091488595
2033,Agri02_OFC,DEB,35742.36754585718
2033,Agri02_OFC,DEC,18832.876751887507
2033,Agri02_OFC,DEE,46116.8980335248
2033,Agri02_OFC,DED,38547.502000872744
2033,Agri02_OFC,DEF,24720.680385489326
2033,Agri02_OFC,DEG,19764.8791786398
2033,Agri03_No-till,DE1,0.0
2033,Agri03_No-till,DE2,0.0
2033,Agri03_No-till,DE3,0.0
2033,Agri03_No-till,DE4,0.0
2033,Agri03_No-till,DE5,0.0
2033,Agri03_No-till,DE6,0.0
2033,Agri03_No-till,DE7,0.0
2033,Agri03_No-till,DE8,0.0
2033,Agri03_No-till,DE9,0.0
2033,Agri03_No-till,DEA,0.0
2033,Agri03_No-till,DEB,0.0
2033,Agri03_No-till,DEC,0.0
2033,Agri03_No-till,DEE,0.0
2033,Agri03_No-till,DED,0.0
2033,Agri03_No-till,DEF,0.0
2033,Agri03_No-till,DEG,0.0
2033,Agri04_toGrassland,DE1,720.5019468947407
2033,Agri04_toGrassland,DE2,1280.232586793544
2033,Agri04_toGrassland,DE3,247.27562838419863
2033,Agri04_toGrassland,DE4,672.1250815846399
2033,Agri04_toGrassland,DE5,116.50844223734151
2033,Agri04_toGrassland,DE6,15.689553611752999
2033,Agri04_toGrassland,DE7,302.8889744327363
2033,Agri04_toGrassland,DE8,694.6318617238356
2033,Agri04_toGrassland,DE9,1097.3056946700442
2033,Agri04_toGrassland,DEA,739.0292730279763
2033,Agri04_toGrassland,DEB,415.30306083806556
2033,Agri04_toGrassland,DEC,192.90452585240487
2033,Agri04_toGrassland,DEE,550.8550175231408
2033,Agri04_toGrassland,DED,451.7698492834319
2033,Agri04_toGrassland,DEF,326.1187709335014
2033,Agri04_toGrassland,DEG,260.7353493324374
2033,Agri05_Agroforestry,DE1,21450.59511857985
2033,Agri05_Agroforestry,DE2,27533.705469178167
2033,Agri05_Agroforestry,DE3,94.54500000000002
2033,Agri05_Agroforestry,DE4,21862.46405678092
2033,Agri05_Agroforestry,DE5,776.162
2033,Agri05_Agroforestry,DE6,628.319
2033,Agri05_Agroforestry,DE7,5295.239853342934
2033,Agri05_Agroforestry,DE8,21017.40284474608
2033,Agri05_Agroforestry,DE9,25393.631670727515
2033,Agri05_Agroforestry,DEA,21499.910560051456
2033,Agri05_Agroforestry,DEB,13846.04044388845
2033,Agri05_Agroforestry,DEC,3458.3510000000006
2033,Agri05_Agroforestry,DEE,15538.590161972692
2033,Agri05_Agroforestry,DED,14332.308319146778
2033,Agri05_Agroforestry,DEF,3549.016620916212
2033,Agri05_Agroforestry,DEG,2838.4345295537046
2033,Agri06_Biochar,DE1,0.0
2033,Agri06_Biochar,DE2,0.0
2033,Agri06_Biochar,DE3,0.0
2033,Agri06_Biochar,DE4,0.0
2033,Agri06_Biochar,DE5,0.0
2033,Agri06_Biochar,DE6,0.0
2033,Agri06_Biochar,DE7,0.0
2033,Agri06_Biochar,DE8,0.0
2033,Agri06_Biochar,DE9,0.0
2033,Agri06_Biochar,DEA,0.0
2033,Agri06_Biochar,DEB,0.0
2033,Agri06_Biochar,DEC,0.0
2033,Agri06_Biochar,DEE,0.0
2033,Agri06_Biochar,DED,0.0
2033,Agri06_Biochar,DEF,0.0
2033,Agri06_Biochar,DEG,0.0
2034,Agri01_AGC,DE1,102873.84996474397
2034,Agri01_AGC,DE2,204043.686405074
2034,Agri01_AGC,DE3,322.4330000000001
2034,Agri01_AGC,DE4,90963.1372826873
2034,Agri01_AGC,DE5,1036.6540000000002
2034,Agri01_AGC,DE6,1702.7469999999998
2034,Agri01_AGC,DE7,47908.240133838466
2034,Agri01_AGC,DE8,98648.54803034248
2034,Agri01_AGC,DE9,175427.8447860311
2034,Agri01_AGC,DEA,105131.11662899605
2034,Agri01_AGC,DEB,55672.92284011853
2034,Agri01_AGC,DEC,8754.346000000001
2034,Agri01_AGC,DEE,79261.22950907283
2034,Agri01_AGC,DED,60798.60633057184
2034,Agri01_AGC,DEF,50935.801028856695
2034,Agri01_AGC,DEG,40723.99080885258
2034,Agri02_OFC,DE1,67864.55844857499
2034,Agri02_OFC,DE2,113495.36675485343
2034,Agri02_OFC,DE3,29285.824525156982
2034,Agri02_OFC,DE4,64549.06448830697
2034,Agri02_OFC,DE5,13700.38216542405
2034,Agri02_OFC,DE6,1671.5077977018568
2034,Agri02_OFC,DE7,26034.92377497223
2034,Agri02_OFC,DE8,65653.67254790622
2034,Agri02_OFC,DE9,98480.77038990542
2034,Agri02_OFC,DEA,69273.07377432562
2034,Agri02_OFC,DEB,40110.62348700423
2034,Agri02_OFC,DEC,21902.96462852111
2034,Agri02_OFC,DEE,51308.210668695974
2034,Agri02_OFC,DED,43143.77535852873
2034,Agri02_OFC,DEF,26589.319742773907
2034,Agri02_OFC,DEG,21259.080222517972
2034,Agri03_No-till,DE1,0.0
2034,Agri03_No-till,DE2,0.0
2034,Agri03_No-till,DE3,0.0
2034,Agri03_No-till,DE4,0.0
2034,Agri03_No-till,DE5,0.0
2034,Agri03_No-till,DE6,0.0
2034,Agri03_No-till,DE7,0.0
2034,Agri03_No-till,DE8,0.0
2034,Agri03_No-till,DE9,0.0
2034,Agri03_No-till,DEA,0.0
2034,Agri03_No-till,DEB,0.0
2034,Agri03_No-till,DEC,0.0
2034,Agri03_No-till,DEE,0.0
2034,Agri03_No-till,DED,0.0
2034,Agri03_No-till,DEF,0.0
2034,Agri03_No-till,DEG,0.0
2034,Agri04_toGrassland,DE1,787.3910098234767
2034,Agri04_toGrassland,DE2,1377.6197935629198
2034,Agri04_toGrassland,DE3,288.37992395819344
2034,Agri04_toGrassland,DE4,738.2803562451151
2034,Agri04_toGrassland,DE5,135.57829128748207
2034,Agri04_toGrassland,DE6,17.732505837376618
2034,Agri04_toGrassland,DE7,323.4569079099922
2034,Agri04_toGrassland,DE8,759.8029016508596
2034,Agri04_toGrassland,DE9,1184.4172960075987
2034,Agri04_toGrassland,DEA,806.6194026734951
2034,Agri04_toGrassland,DEB,456.8644224538619
2034,Agri04_toGrassland,DEC,222.1145891252854
2034,Agri04_toGrassland,DEE,600.2472748903559
2034,Agri04_toGrassland,DED,495.5006612313301
2034,Agri04_toGrassland,DEF,343.8977649082044
2034,Agri04_toGrassland,DEG,274.95178507887726
2034,Agri05_Agroforestry,DE1,24447.579462463727
2034,Agri05_Agroforestry,DE2,30862.141338575413
2034,Agri05_Agroforestry,DE3,94.54500000000002
2034,Agri05_Agroforestry,DE4,25007.744488363427
2034,Agri05_Agroforestry,DE5,776.162
2034,Agri05_Agroforestry,DE6,628.319
2034,Agri05_Agroforestry,DE7,5852.681491869084
2034,Agri05_Agroforestry,DE8,23970.376154200192
2034,Agri05_Agroforestry,DE9,28585.053345699846
2034,Agri05_Agroforestry,DEA,24479.17435399336
2034,Agri05_Agroforestry,DEB,15853.152538943652
2034,Agri05_Agroforestry,DEC,3458.3510000000006
2034,Agri05_Agroforestry,DEE,17156.976000000002
2034,Agri05_Agroforestry,DED,16377.989431786586
2034,Agri05_Agroforestry,DEF,3743.034457480476
2034,Agri05_Agroforestry,DEG,2993.734752165524
2034,Agri06_Biochar,DE1,0.0
2034,Agri06_Biochar,DE2,0.0
2034,Agri06_Biochar,DE3,0.0
2034,Agri06_Biochar,DE4,0.0
2034,Agri06_Biochar,DE5,0.0
2034,Agri06_Biochar,DE6,0.0
2034,Agri06_Biochar,DE7,0.0
2034,Agri06_Biochar,DE8,0.0
2034,Agri06_Biochar,DE9,0.0
2034,Agri06_Biochar,DEA,0.0
2034,Agri06_Biochar,DEB,0.0
2034,Agri06_Biochar,DEC,0.0
2034,Agri06_Biochar,DEE,0.0
2034,Agri06_Biochar,DED,0.0
2034,Agri06_Biochar,DEF,0.0
2034,Agri06_Biochar,DEG,0.0
2035,Agri01_AGC,DE1,113023.60959399884
2035,Agri01_AGC,DE2,218444.90759524383
2035,Agri01_AGC,DE3,322.4330000000001
2035,Agri01_AGC,DE4,101067.42597071808
2035,Agri01_AGC,DE5,1036.6540000000002
2035,Agri01_AGC,DE6,1702.7469999999998
2035,Agri01_AGC,DE7,50896.832802620294
2035,Agri01_AGC,DE8,108549.60067017045
2035,Agri01_AGC,DE9,188387.42629729374
2035,Agri01_AGC,DEA,115369.39198651873
2035,Agri01_AGC,DEB,62032.152903472735
2035,Agri01_AGC,DEC,8754.346000000001
2035,Agri01_AGC,DEE,86725.38605625049
2035,Agri01_AGC,DED,67465.71011605581
2035,Agri01_AGC,DEF,53414.49444148774
2035,Agri01_AGC,DEG,42706.06123206093
2035,Agri02_OFC,DE1,75067.00889631566
2035,Agri02_OFC,DE2,123714.73014846376
2035,Agri02_OFC,DE3,33937.614878787375
2035,Agri02_OFC,DE4,71719.2479452083
2035,Agri02_OFC,DE5,15856.460024108046
2035,Agri02_OFC,DE6,1898.783132634619
2035,Agri02_OFC,DE7,28155.682432481677
2035,Agri02_OFC,DE8,72679.63608041088
2035,Agri02_OFC,DE9,107677.12055659185
2035,Agri02_OFC,DEA,76538.33656146958
2035,Agri02_OFC,DEB,44623.246552980614
2035,Agri02_OFC,DEC,25188.834359962864
2035,Agri02_OFC,DEE,56604.90927328873
2035,Agri02_OFC,DED,47874.87110846993
2035,Agri02_OFC,DEF,28348.244794374063
2035,Agri02_OFC,DEG,22665.592743853274
2035,Agri03_No-till,DE1,0.0
2035,Agri03_No-till,DE2,0.0
2035,Agri03_No-till,DE3,0.0
2035,Agri03_No-till,DE4,0.0
2035,Agri03_No-till,DE5,0.0
2035,Agri03_No-till,DE6,0.0
2035,Agri03_No-till,DE7,0.0
2035,Agri03_No-till,DE8,0.0
2035,Agri03_No-till,DE9,0.0
2035,Agri03_No-till,DEA,0.0
2035,Agri03_No-till,DEB,0.0
2035,Agri03_No-till,DEC,0.0
2035,Agri03_No-till,DEE,0.0
2035,Agri03_No-till,DED,0.0
2035,Agri03_No-till,DEF,0.0
2035,Agri03_No-till,DEG,0.0
2035,Agri04_toGrassland,DE1,855.9180493585733
2035,Agri04_toGrassland,DE2,1474.8509684774422
2035,Agri04_toGrassland,DE3,332.6389471594161
2035,Agri04_toGrassland,DE4,806.5003945209917
2035,Agri04_toGrassland,DE5,156.09209193558402
2035,Agri04_toGrassland,DE6,19.894895703894235
2035,Agri04_toGrassland,DE7,343.63466732979305
2035,Agri04_toGrassland,DE8,826.6507729770865
2035,Agri04_toGrassland,DE9,1271.9151074849133
2035,Agri04_toGrassland,DEA,875.7440643230113
2035,Agri04_toGrassland,DEB,499.79935154402403
2035,Agri04_toGrassland,DEC,253.37768862558394
2035,Agri04_toGrassland,DEE,650.6422171834025
2035,Agri04_toGrassland,DED,540.5142281906486
2035,Agri04_toGrassland,DEF,360.6328924074968
2035,Agri04_toGrassland,DEG,288.3339165986279
2035,Agri05_Agroforestry,DE1,27636.983601423544
2035,Agri05_Agroforestry,DE2,34363.49985448899
2035,Agri05_Agroforestry,DE3,94.54500000000002
2035,Agri05_Agroforestry,DE4,28362.10383811947
2035,Agri05_Agroforestry,DE5,776.162
2035,Agri05_Agroforestry,DE6,628.319
2035,Agri05_Agroforestry,DE7,6431.568201246851
2035,Agri05_Agroforestry,DE8,27114.242322754933
2035,Agri05_Agroforestry,DE9,31953.341505330558
2035,Agri05_Agroforestry,DEA,27647.784507948378
2035,Agri05_Agroforestry,DEB,17994.840642700274
2035,Agri05_Agroforestry,DEC,3458.3510000000006
2035,Agri05_Agroforestry,DEE,17156.976000000002
2035,Agri05_Agroforestry,DED,18558.412809757938
2035,Agri05_Agroforestry,DEF,3925.7689451922033
2035,Agri05_Agroforestry,DEG,3140.029132627892
2035,Agri06_Biochar,DE1,0.0
2035,Agri06_Biochar,DE2,0.0
2035,Agri06_Biochar,DE3,0.0
2035,Agri06_Biochar,DE4,0.0
2035,Agri06_Biochar,DE5,0.0
2035,Agri06_Biochar,DE6,0.0
2035,Agri06_Biochar,DE7,0.0
2035,Agri06_Biochar,DE8,0.0
2035,Agri06_Biochar,DE9,0.0
2035,Agri06_Biochar,DEA,0.0
2035,Agri06_Biochar,DEB,0.0
2035,Agri06_Biochar,DEC,0.0
2035,Agri06_Biochar,DEE,0.0
2035,Agri06_Biochar,DED,0.0
2035,Agri06_Biochar,DEF,0.0
2035,Agri06_Biochar,DEG,0.0
2036,Agri01_AGC,DE1,123415.97519230904
2036,Agri01_AGC,DE2,232823.01840691178
2036,Agri01_AGC,DE3,322.4330000000001
2036,Agri01_AGC,DE4,111477.53342065266
2036,Agri01_AGC,DE5,1036.6540000000002
2036,Agri01_AGC,DE6,1702.7469999999998
2036,Agri01_AGC,DE7,53827.63554025076
2036,Agri01_AGC,DE8,118699.01418705017
2036,Agri01_AGC,DE9,201404.21063114348
2036,Agri01_AGC,DEA,125834.95180123727
2036,Agri01_AGC,DEB,68594.82645123772
2036,Agri01_AGC,DEC,8754.346000000001
2036,Agri01_AGC,DEE,94338.05348395222
2036,Agri01_AGC,DED,74322.80686077844
2036,Agri01_AGC,DEF,55738.57744219476
2036,Agri01_AGC,DEG,44564.56018018418
2036,Agri02_OFC,DE1,82441.61686642864
2036,Agri02_OFC,DE2,133917.69400532954
2036,Agri02_OFC,DE3,38920.979010671974
2036,Agri02_OFC,DE4,79106.44584964914
2036,Agri02_OFC,DE5,18164.30264461174
2036,Agri02_OFC,DE6,2138.6118143334197
2036,Agri02_OFC,DE7,30235.432324197664
2036,Agri02_OFC,DE8,79881.84092063745
2036,Agri02_OFC,DE9,116914.06286636382
2036,Agri02_OFC,DEA,83964.88445292048
2036,Agri02_OFC,DEB,49280.23674378633
2036,Agri02_OFC,DEC,28690.485946212775
2036,Agri02_OFC,DEE,62006.99384730306
2036,Agri02_OFC,DED,52740.789250696354
2036,Agri02_OFC,DEF,29997.45554028979
2036,Agri02_OFC,DEG,23984.416742645702
2036,Agri03_No-till,DE1,0.0
2036,Agri03_No-till,DE2,0.0
2036,Agri03_No-till,DE3,0.0
2036,Agri03_No-till,DE4,0.0
2036,Agri03_No-till,DE5,0.0
2036,Agri03_No-till,DE6,0.0
2036,Agri03_No-till,DE7,0.0
2036,Agri03_No-till,DE8,0.0
2036,Agri03_No-till,DE9,0.0
2036,Agri03_No-till,DEA,0.0
2036,Agri03_No-till,DEB,0.0
2036,Agri03_No-till,DEC,0.0
2036,Agri03_No-till,DEE,0.0
2036,Agri03_No-till,DED,0.0
2036,Agri03_No-till,DEF,0.0
2036,Agri03_No-till,DEG,0.0
2036,Agri04_toGrassland,DE1,926.0830655000307
2036,Agri04_toGrassland,DE2,1571.9261115371112
2036,Agri04_toGrassland,DE3,380.0526979878666
2036,Agri04_toGrassland,DE4,876.7851964122698
2036,Agri04_toGrassland,DE5,178.04984418164736
2036,Agri04_toGrassland,DE6,22.176723211305855
2036,Agri04_toGrassland,DE7,363.42225269213884
2036,Agri04_toGrassland,DE8,895.1754757025165
2036,Agri04_toGrassland,DE9,1359.799129101988
2036,Agri04_toGrassland,DEA,946.4032579765251
2036,Agri04_toGrassland,DEB,544.1078481085519
2036,Agri04_toGrassland,DEC,286.69382435330056
2036,Agri04_toGrassland,DEE,702.0398444022806
2036,Agri04_toGrassland,DED,586.8105501613875
2036,Agri04_toGrassland,DEF,376.3241534313786
2036,Agri04_toGrassland,DEG,300.8817438916893
2036,Agri05_Agroforestry,DE1,31018.807535459302
2036,Agri05_Agroforestry,DE2,38037.781016918896
2036,Agri05_Agroforestry,DE3,94.54500000000002
2036,Agri05_Agroforestry,DE4,31925.54210604905
2036,Agri05_Agroforestry,DE5,776.162
2036,Agri05_Agroforestry,DE6,628.319
2036,Agri05_Agroforestry,DE7,7031.899981476232
2036,Agri05_Agroforestry,DE8,30449.001350410304
2036,Agri05_Agroforestry,DE9,35498.496149619656
2036,Agri05_Agroforestry,DEA,31005.74102191651
2036,Agri05_Agroforestry,DEB,20271.104755158314
2036,Agri05_Agroforestry,DEC,3458.3510000000006
2036,Agri05_Agroforestry,DEE,17156.976000000002
2036,Agri05_Agroforestry,DED,19114.16
2036,Agri05_Agroforestry,DEF,4097.220084051395
2036,Agri05_Agroforestry,DEG,3277.317670940809
2036,Agri06_Biochar,DE1,0.0
2036,Agri06_Biochar,DE2,0.0
2036,Agri06_Biochar,DE3,0.0
2036,Agri06_Biochar,DE4,0.0
2036,Agri06_Biochar,DE5,0.0
2036,Agri06_Biochar,DE6,0.0
2036,Agri06_Biochar,DE7,0.0
2036,Agri06_Biochar,DE8,0.0
2036,Agri06_Biochar,DE9,0.0
2036,Agri06_Biochar,DEA,0.0
2036,Agri06_Biochar,DEB,0.0
2036,Agri06_Biochar,DEC,0.0
2036,Agri06_Biochar,DEE,0.0
2036,Agri06_Biochar,DED,0.0
2036,Agri06_Biochar,DEF,0.0
2036,Agri06_Biochar,DEG,0.0
2037,Agri01_AGC,DE1,134050.94675967455
2037,Agri01_AGC,DE2,247178.0188400779
2037,Agri01_AGC,DE3,322.4330000000001
2037,Agri01_AGC,DE4,122193.45963249105
2037,Agri01_AGC,DE5,1036.6540000000002
2037,Agri01_AGC,DE6,1702.7469999999998
2037,Agri01_AGC,DE7,56700.64834672987
2037,Agri01_AGC,DE8,129096.78858098167
2037,Agri01_AGC,DE9,214478.1977875803
2037,Agri01_AGC,DEA,136527.79607315167
2037,Agri01_AGC,DEB,75360.94348341349
2037,Agri01_AGC,DEC,8754.346000000001
2037,Agri01_AGC,DEE,102099.23179217803
2037,Agri01_AGC,DED,81369.89656473973
2037,Agri01_AGC,DEF,57908.050030977756
2037,Agri01_AGC,DEG,46299.48765322232
2037,Agri02_OFC,DE1,89988.38235891394
2037,Agri02_OFC,DE2,144104.25832545076
2037,Agri02_OFC,DE3,44235.91692081077
2037,Agri02_OFC,DE4,86710.6582016295
2037,Agri02_OFC,DE5,20623.91002693513
2037,Agri02_OFC,DE6,2390.9938427982584
2037,Agri02_OFC,DE7,32274.17345012019
2037,Agri02_OFC,DE8,87260.28706858591
2037,Agri02_OFC,DE9,126191.59731922133
2037,Agri02_OFC,DEA,91552.71744867832
2037,Agri02_OFC,DEB,54081.594059421375
2037,Agri02_OFC,DEC,32407.919387270842
2037,Agri02_OFC,DEE,67514.46439073898
2037,Agri02_OFC,DED,57741.529785208
2037,Agri02_OFC,DEF,31536.95198052109
2037,Agri02_OFC,DEG,25215.552218895256
2037,Agri03_No-till,DE1,0.0
2037,Agri03_No-till,DE2,0.0
2037,Agri03_No-till,DE3,0.0
2037,Agri03_No-till,DE4,0.0
2037,Agri03_No-till,DE5,0.0
2037,Agri03_No-till,DE6,0.0
2037,Agri03_No-till,DE7,0.0
2037,Agri03_No-till,DE8,0.0
2037,Agri03_No-till,DE9,0.0
2037,Agri03_No-till,DEA,0.0
2037,Agri03_No-till,DEB,0.0
2037,Agri03_No-till,DEC,0.0
2037,Agri03_No-till,DEE,0.0
2037,Agri03_No-till,DED,0.0
2037,Agri03_No-till,DEF,0.0
2037,Agri03_No-till,DEG,0.0
2037,Agri04_toGrassland,DE1,997.8860582478487
2037,Agri04_toGrassland,DE2,1668.8452227419268
2037,Agri04_toGrassland,DE3,430.621176443545
2037,Agri04_toGrassland,DE4,949.1347619189494
2037,Agri04_toGrassland,DE5,201.45154802567205
2037,Agri04_toGrassland,DE6,24.577988359611474
2037,Agri04_toGrassland,DE7,382.8196639970296
2037,Agri04_toGrassland,DE8,965.3770098271494
2037,Agri04_toGrassland,DE9,1448.0693608588226
2037,Agri04_toGrassland,DEA,1018.5969836340362
2037,Agri04_toGrassland,DEB,589.7899121474456
2037,Agri04_toGrassland,DEC,322.0629963084352
2037,Agri04_toGrassland,DEE,754.4401565469899
2037,Agri04_toGrassland,DED,634.3896271435466
2037,Agri04_toGrassland,DEF,390.9715479798498
2037,Agri04_toGrassland,DEG,312.59526695806153
2037,Agri05_Agroforestry,DE1,34593.051264571
2037,Agri05_Agroforestry,DE2,41884.98482586513
2037,Agri05_Agroforestry,DE3,94.54500000000002
2037,Agri05_Agroforestry,DE4,34235.052
2037,Agri05_Agroforestry,DE5,776.162
2037,Agri05_Agroforestry,DE6,628.319
2037,Agri05_Agroforestry,DE7,7653.676832557229
2037,Agri05_Agroforestry,DE8,32606.293
2037,Agri05_Agroforestry,DE9,39220.51727856713
2037,Agri05_Agroforestry,DEA,34553.043895897754
2037,Agri05_Agroforestry,DEB,22681.944876317775
2037,Agri05_Agroforestry,DEC,3458.3510000000006
2037,Agri05_Agroforestry,DEE,17156.976000000002
2037,Agri05_Agroforestry,DED,19114.16
2037,Agri05_Agroforestry,DEF,4257.38787405805
2037,Agri05_Agroforestry,DEG,3405.600367104275
2037,Agri06_Biochar,DE1,0.0
2037,Agri06_Biochar,DE2,0.0
2037,Agri06_Biochar,DE3,0.0
2037,Agri06_Biochar,DE4,0.0
2037,Agri06_Biochar,DE5,0.0
2037,Agri06_Biochar,DE6,0.0
2037,Agri06_Biochar,DE7,0.0
2037,Agri06_Biochar,DE8,0.0
2037,Agri06_Biochar,DE9,0.0
2037,Agri06_Biochar,DEA,0.0
2037,Agri06_Biochar,DEB,0.0
2037,Agri06_Biochar,DEC,0.0
2037,Agri06_Biochar,DEE,0.0
2037,Agri06_Biochar,DED,0.0
2037,Agri06_Biochar,DEF,0.0
2037,Agri06_Biochar,DEG,0.0
2038,Agri01_AGC,DE1,144928.52429609536
2038,Agri01_AGC,DE2,261509.9088947421
2038,Agri01_AGC,DE3,322.4330000000001
2038,Agri01_AGC,DE4,133215.20460623325
2038,Agri01_AGC,DE5,1036.6540000000002
2038,Agri01_AGC,DE6,1702.7469999999998
2038,Agri01_AGC,DE7,59515.87122205761
2038,Agri01_AGC,DE8,139742.92385196494
2038,Agri01_AGC,DE9,227609.38776660425
2038,Agri01_AGC,DEA,147447.9248022619
2038,Agri01_AGC,DEB,82330.50400000003
2038,Agri01_AGC,DEC,8754.346000000001
2038,Agri01_AGC,DEE,110008.92098092794
2038,Agri01_AGC,DED,88606.9792279397
2038,Agri01_AGC,DEF,59922.912207836736
2038,Agri01_AGC,DEG,47910.84365117537
2038,Agri02_OFC,DE1,97707.30537377154
2038,Agri02_OFC,DE2,154274.42310882747
2038,Agri02_OFC,DE3,49882.42860920377
2038,Agri02_OFC,DE4,94531.88500114936
2038,Agri02_OFC,DE5,23235.282171078215
2038,Agri02_OFC,DE6,2655.9292180291354
2038,Agri02_OFC,DE7,34271.905810249256
2038,Agri02_OFC,DE8,94814.97452425626
2038,Agri02_OFC,DE9,135509.72391516436
2038,Agri02_OFC,DEA,99301.8355487431
2038,Agri02_OFC,DEB,59027.318499885754
2038,Agri02_OFC,DEC,36341.13468313706
2038,Agri02_OFC,DEE,73127.32090359648
2038,Agri02_OFC,DED,62877.09271200486
2038,Agri02_OFC,DEF,32966.734115067964
2038,Agri02_OFC,DEG,26358.999172601936
2038,Agri03_No-till,DE1,0.0
2038,Agri03_No-till,DE2,0.0
2038,Agri03_No-till,DE3,0.0
2038,Agri03_No-till,DE4,0.0
2038,Agri03_No-till,DE5,0.0
2038,Agri03_No-till,DE6,0.0
2038,Agri03_No-till,DE7,0.0
2038,Agri03_No-till,DE8,0.0
2038,Agri03_No-till,DE9,0.0
2038,Agri03_No-till,DEA,0.0
2038,Agri03_No-till,DEB,0.0
2038,Agri03_No-till,DEC,0.0
2038,Agri03_No-till,DEE,0.0
2038,Agri03_No-till,DED,0.0
2038,Agri03_No-till,DEF,0.0
2038,Agri03_No-till,DEG,0.0
2038,Agri04_toGrassland,DE1,1071.3270276020276
2038,Agri04_toGrassland,DE2,1765.608302091889
2038,Agri04_toGrassland,DE3,484.34438252645117
2038,Agri04_toGrassland,DE4,1023.5490910410305
2038,Agri04_toGrassland,DE5,226.29720346765814
2038,Agri04_toGrassland,DE6,27.098691148811096
2038,Agri04_toGrassland,DE7,401.82690124446526
2038,Agri04_toGrassland,DE8,1037.2553753509856
2038,Agri04_toGrassland,DE9,1536.7258027554174
2038,Agri04_toGrassland,DEA,1092.3252412955449
2038,Agri04_toGrassland,DEB,636.8455436607052
2038,Agri04_toGrassland,DEC,359.4852044909878
2038,Agri04_toGrassland,DEE,807.8431536175307
2038,Agri04_toGrassland,DED,683.251459137126
2038,Agri04_toGrassland,DEF,404.57507605291045
2038,Agri04_toGrassland,DEG,323.4744857977445
2038,Agri05_Agroforestry,DE1,38359.71478875863
2038,Agri05_Agroforestry,DE2,45905.1112813277
2038,Agri05_Agroforestry,DE3,94.54500000000002
2038,Agri05_Agroforestry,DE4,34235.052
2038,Agri05_Agroforestry,DE5,776.162
2038,Agri05_Agroforestry,DE6,628.319
2038,Agri05_Agroforestry,DE7,8296.898754489843
2038,Agri05_Agroforestry,DE8,32606.293
2038,Agri05_Agroforestry,DE9,43119.40489217299
2038,Agri05_Agroforestry,DEA,38289.69312989211
2038,Agri05_Agroforestry,DEB,24825.059
2038,Agri05_Agroforestry,DEC,3458.3510000000006
2038,Agri05_Agroforestry,DEE,17156.976000000002
2038,Agri05_Agroforestry,DED,19114.16
2038,Agri05_Agroforestry,DEF,4406.27231521217
2038,Agri05_Agroforestry,DEG,3524.8772211182895
2038,Agri06_Biochar,DE1,0.0
2038,Agri06_Biochar,DE2,0.0
2038,Agri06_Biochar,DE3,0.0
2038,Agri06_Biochar,DE4,0.0
2038,Agri06_Biochar,DE5,0.0
2038,Agri06_Biochar,DE6,0.0
2038,Agri06_Biochar,DE7,0.0
2038,Agri06_Biochar,DE8,0.0
2038,Agri06_Biochar,DE9,0.0
2038,Agri06_Biochar,DEA,0.0
2038,Agri06_Biochar,DEB,0.0
2038,Agri06_Biochar,DEC,0.0
2038,Agri06_Biochar,DEE,0.0
2038,Agri06_Biochar,DED,0.0
2038,Agri06_Biochar,DEF,0.0
2038,Agri06_Biochar,DEG,0.0
2039,Agri01_AGC,DE1,156048.7078015715
2039,Agri01_AGC,DE2,275818.6885709045
2039,Agri01_AGC,DE3,322.4330000000001
2039,Agri01_AGC,DE4,136540.38600000003
2039,Agri01_AGC,DE5,1036.6540000000002
2039,Agri01_AGC,DE6,1702.7469999999998
2039,Agri01_AGC,DE7,62273.304166234
2039,Agri01_AGC,DE8,150637.41999999998
2039,Agri01_AGC,DE9,240797.7805682153
2039,Agri01_AGC,DEA,158595.33798856798
2039,Agri01_AGC,DEB,82330.50400000003
2039,Agri01_AGC,DEC,8754.346000000001
2039,Agri01_AGC,DEE,118067.12105020192
2039,Agri01_AGC,DED,93965.534
2039,Agri01_AGC,DEF,61783.1639727717
2039,Agri01_AGC,DEG,49398.62817404331
2039,Agri02_OFC,DE1,105598.38591100145
2039,Agri02_OFC,DE2,164428.18835545963
2039,Agri02_OFC,DE3,55860.51407585097
2039,Agri02_OFC,DE4,102570.12624820873
2039,Agri02_OFC,DE5,25998.419077040995
2039,Agri02_OFC,DE6,2933.417940026051
2039,Agri02_OFC,DE7,36228.62940458486
2039,Agri02_OFC,DE8,102545.90328764851
2039,Agri02_OFC,DE9,144868.44265419294
2039,Agri02_OFC,DEA,107212.23875311483
2039,Agri02_OFC,DEB,64117.410065179465
2039,Agri02_OFC,DEC,40490.131833811436
2039,Agri02_OFC,DEE,78845.56338587556
2039,Agri02_OFC,DED,68147.47803108694
2039,Agri02_OFC,DEF,34286.80194393041
2039,Agri02_OFC,DEG,27414.75760376574
2039,Agri03_No-till,DE1,0.0
2039,Agri03_No-till,DE2,0.0
2039,Agri03_No-till,DE3,0.0
2039,Agri03_No-till,DE4,0.0
2039,Agri03_No-till,DE5,0.0
2039,Agri03_No-till,DE6,0.0
2039,Agri03_No-till,DE7,0.0
2039,Agri03_No-till,DE8,0.0
2039,Agri03_No-till,DE9,0.0
2039,Agri03_No-till,DEA,0.0
2039,Agri03_No-till,DEB,0.0
2039,Agri03_No-till,DEC,0.0
2039,Agri03_No-till,DEE,0.0
2039,Agri03_No-till,DED,0.0
2039,Agri03_No-till,DEF,0.0
2039,Agri03_No-till,DEG,0.0
2039,Agri04_toGrassland,DE1,1146.4059735625672
2039,Agri04_toGrassland,DE2,1862.215349586998
2039,Agri04_toGrassland,DE3,541.2223162365852
2039,Agri04_toGrassland,DE4,1100.028183778513
2039,Agri04_toGrassland,DE5,252.5868105076056
2039,Agri04_toGrassland,DE6,29.738831578904716
2039,Agri04_toGrassland,DE7,420.4439644344459
2039,Agri04_toGrassland,DE8,1110.8105722740247
2039,Agri04_toGrassland,DE9,1625.7684547917722
2039,Agri04_toGrassland,DEA,1167.588030961051
2039,Agri04_toGrassland,DEB,685.2747426483305
2039,Agri04_toGrassland,DEC,398.9604489009585
2039,Agri04_toGrassland,DEE,862.2488356139029
2039,Agri04_toGrassland,DED,733.3960461421256
2039,Agri04_toGrassland,DEF,417.1347376505605
2039,Agri04_toGrassland,DEG,333.5194004107382
2039,Agri05_Agroforestry,DE1,42318.79810802221
2039,Agri05_Agroforestry,DE2,50098.1603833066
2039,Agri05_Agroforestry,DE3,94.54500000000002
2039,Agri05_Agroforestry,DE4,34235.052
2039,Agri05_Agroforestry,DE5,776.162
2039,Agri05_Agroforestry,DE6,628.319
2039,Agri05_Agroforestry,DE7,8961.565747274071
2039,Agri05_Agroforestry,DE8,32606.293
2039,Agri05_Agroforestry,DE9,47195.15899043724
2039,Agri05_Agroforestry,DEA,42215.688723899584
2039,Agri05_Agroforestry,DEB,24825.059
2039,Agri05_Agroforestry,DEC,3458.3510000000006
2039,Agri05_Agroforestry,DEE,17156.976000000002
2039,Agri05_Agroforestry,DED,19114.16
2039,Agri05_Agroforestry,DEF,4543.873407513753
2039,Agri05_Agroforestry,DEG,3635.148232982853
2039,Agri06_Biochar,DE1,0.0
2039,Agri06_Biochar,DE2,0.0
2039,Agri06_Biochar,DE3,0.0
2039,Agri06_Biochar,DE4,0.0
2039,Agri06_Biochar,DE5,0.0
2039,Agri06_Biochar,DE6,0.0
2039,Agri06_Biochar,DE7,0.0
2039,Agri06_Biochar,DE8,0.0
2039,Agri06_Biochar,DE9,0.0
2039,Agri06_Biochar,DEA,0.0
2039,Agri06_Biochar,DEB,0.0
2039,Agri06_Biochar,DEC,0.0
2039,Agri06_Biochar,DEE,0.0
2039,Agri06_Biochar,DED,0.0
2039,Agri06_Biochar,DEF,0.0
2039,Agri06_Biochar,DEG,0.0
2040,Agri01_AGC,DE1,158358.65900000004
2040,Agri01_AGC,DE2,290104.35786856496
2040,Agri01_AGC,DE3,322.4330000000001
2040,Agri01_AGC,DE4,136540.38600000003
2040,Agri01_AGC,DE5,1036.6540000000002
2040,Agri01_AGC,DE6,1702.7469999999998
2040,Agri01_AGC,DE7,64972.94717925902
2040,Agri01_AGC,DE8,150637.41999999998
2040,Agri01_AGC,DE9,254043.37619241345
2040,Agri01_AGC,DEA,165464.15100000004
2040,Agri01_AGC,DEB,82330.50400000003
2040,Agri01_AGC,DEC,8754.346000000001
2040,Agri01_AGC,DEE,126273.832
2040,Agri01_AGC,DED,93965.534
2040,Agri01_AGC,DEF,63488.80532578264
2040,Agri01_AGC,DEG,50762.84122182615
2040,Agri02_OFC,DE1,113661.62397060367
2040,Agri02_OFC,DE2,174565.55406534724
2040,Agri02_OFC,DE3,62170.17332075238
2040,Agri02_OFC,DE4,110825.38194280761
2040,Agri02_OFC,DE5,28913.32074482347
2040,Agri02_OFC,DE6,3223.460008789005
2040,Agri02_OFC,DE7,38144.34423312701
2040,Agri02_OFC,DE8,110453.07335876266
2040,Agri02_OFC,DE9,154267.75353630705
2040,Agri02_OFC,DEA,115283.92706179348
2040,Agri02_OFC,DEB,69351.86875530251
2040,Agri02_OFC,DEC,44854.91083929397
2040,Agri02_OFC,DEE,84669.19183757622
2040,Agri02_OFC,DED,73552.68574245424
2040,Agri02_OFC,DEF,35497.15546710843
2040,Agri02_OFC,DEG,28382.827512386673
2040,Agri03_No-till,DE1,0.0
2040,Agri03_No-till,DE2,0.0
2040,Agri03_No-till,DE3,0.0
2040,Agri03_No-till,DE4,0.0
2040,Agri03_No-till,DE5,0.0
2040,Agri03_No-till,DE6,0.0
2040,Agri03_No-till,DE7,0.0
2040,Agri03_No-till,DE8,0.0
2040,Agri03_No-till,DE9,0.0
2040,Agri03_No-till,DEA,0.0
2040,Agri03_No-till,DEB,0.0
2040,Agri03_No-till,DEC,0.0
2040,Agri03_No-till,DEE,0.0
2040,Agri03_No-till,DED,0.0
2040,Agri03_No-till,DEF,0.0
2040,Agri03_No-till,DEG,0.0
2040,Agri04_toGrassland,DE1,1223.1228961294673
2040,Agri04_toGrassland,DE2,1958.6663652272534
2040,Agri04_toGrassland,DE3,601.2549775739471
2040,Agri04_toGrassland,DE4,1178.5720401313972
2040,Agri04_toGrassland,DE5,280.32036914551446
2040,Agri04_toGrassland,DE6,32.49840964989234
2040,Agri04_toGrassland,DE7,438.6708535669715
2040,Agri04_toGrassland,DE8,1186.0426005962668
2040,Agri04_toGrassland,DE9,1715.197316967887
2040,Agri04_toGrassland,DEA,1244.3853526305543
2040,Agri04_toGrassland,DEB,735.0775091103216
2040,Agri04_toGrassland,DEC,440.48872953834723
2040,Agri04_toGrassland,DEE,917.6572025361064
2040,Agri04_toGrassland,DED,784.8233881585454
2040,Agri04_toGrassland,DEF,428.6505327728
2040,Agri04_toGrassland,DEG,342.7300107970428
2040,Agri05_Agroforestry,DE1,46470.301222361726
2040,Agri05_Agroforestry,DE2,54464.13213180182
2040,Agri05_Agroforestry,DE3,94.54500000000002
2040,Agri05_Agroforestry,DE4,34235.052
2040,Agri05_Agroforestry,DE5,776.162
2040,Agri05_Agroforestry,DE6,628.319
2040,Agri05_Agroforestry,DE7,9647.677810909916
2040,Agri05_Agroforestry,DE8,32606.293
2040,Agri05_Agroforestry,DE9,51447.77957335986
2040,Agri05_Agroforestry,DEA,42247.642
2040,Agri05_Agroforestry,DEB,24825.059
2040,Agri05_Agroforestry,DEC,3458.3510000000006
2040,Agri05_Agroforestry,DEE,17156.976000000002
2040,Agri05_Agroforestry,DED,19114.16
2040,Agri05_Agroforestry,DEF,4670.1911509628
2040,Agri05_Agroforestry,DEG,3736.4134026979655
2040,Agri06_Biochar,DE1,0.0
2040,Agri06_Biochar,DE2,0.0
2040,Agri06_Biochar,DE3,0.0
2040,Agri06_Biochar,DE4,0.0
2040,Agri06_Biochar,DE5,0.0
2040,Agri06_Biochar,DE6,0.0
2040,Agri06_Biochar,DE7,0.0
2040,Agri06_Biochar,DE8,0.0
2040,Agri06_Biochar,DE9,0.0
2040,Agri06_Biochar,DEA,0.0
2040,Agri06_Biochar,DEB,0.0
2040,Agri06_Biochar,DEC,0.0
2040,Agri06_Biochar,DEE,0.0
2040,Agri06_Biochar,DED,0.0
2040,Agri06_Biochar,DEF,0.0
2040,Agri06_Biochar,DEG,0.0
2041,Agri01_AGC,DE1,158358.65900000004
2041,Agri01_AGC,DE2,304366.91678772354
2041,Agri01_AGC,DE3,322.4330000000001
2041,Agri01_AGC,DE4,136540.38600000003
2041,Agri01_AGC,DE5,1036.6540000000002
2041,Agri01_AGC,DE6,1702.7469999999998
2041,Agri01_AGC,DE7,67614.80026113268
2041,Agri01_AGC,DE8,150637.41999999998
2041,Agri01_AGC,DE9,267346.1746391987
2041,Agri01_AGC,DEA,165464.15100000004
2041,Agri01_AGC,DEB,82330.50400000003
2041,Agri01_AGC,DEC,8754.346000000001
2041,Agri01_AGC,DEE,126273.832
2041,Agri01_AGC,DED,93965.534
2041,Agri01_AGC,DEF,65039.83626686956
2041,Agri01_AGC,DEG,52003.48279452389
2041,Agri02_OFC,DE1,121897.0195525782
2041,Agri02_OFC,DE2,184686.5202384903
2041,Agri02_OFC,DE3,68811.40634390799
2041,Agri02_OFC,DE4,119297.652084946
2041,Agri02_OFC,DE5,31979.987174425645
2041,Agri02_OFC,DE6,3526.0554243179968
2041,Agri02_OFC,DE7,40019.0502958757
2041,Agri02_OFC,DE8,118536.4847375987
2041,Agri02_OFC,DE9,163707.65656150668
2041,Agri02_OFC,DEA,123516.90047477908
2041,Agri02_OFC,DEB,74730.69457025488
2041,Agri02_OFC,DEC,49435.471699584654
2041,Agri02_OFC,DEE,90598.20625869845
2041,Agri02_OFC,DED,79092.71584610676
2041,Agri02_OFC,DEF,36597.79468460202
2041,Agri02_OFC,DEG,29263.20889846473
2041,Agri03_No-till,DE1,0.0
2041,Agri03_No-till,DE2,0.0
2041,Agri03_No-till,DE3,0.0
2041,Agri03_No-till,DE4,0.0
2041,Agri03_No-till,DE5,0.0
2041,Agri03_No-till,DE6,0.0
2041,Agri03_No-till,DE7,0.0
2041,Agri03_No-till,DE8,0.0
2041,Agri03_No-till,DE9,0.0
2041,Agri03_No-till,DEA,0.0
2041,Agri03_No-till,DEB,0.0
2041,Agri03_No-till,DEC,0.0
2041,Agri03_No-till,DEE,0.0
2041,Agri03_No-till,DED,0.0
2041,Agri03_No-till,DEF,0.0
2041,Agri03_No-till,DEG,0.0
2041,Agri04_toGrassland,DE1,1301.4777953027283
2041,Agri04_toGrassland,DE2,2054.9613490126553
2041,Agri04_toGrassland,DE3,664.4423665385369
2041,Agri04_toGrassland,DE4,1259.1806600996829
2041,Agri04_toGrassland,DE5,309.4978793813847
2041,Agri04_toGrassland,DE6,35.37742536177396
2041,Agri04_toGrassland,DE7,456.5075686420421
2041,Agri04_toGrassland,DE8,1262.951460317712
2041,Agri04_toGrassland,DE9,1805.0123892837619
2041,Agri04_toGrassland,DEA,1322.7172063040553
2041,Agri04_toGrassland,DEB,786.2538430466784
2041,Agri04_toGrassland,DEC,484.07004640315404
2041,Agri04_toGrassland,DEE,974.0682543841414
2041,Agri04_toGrassland,DED,837.5334851863856
2041,Agri04_toGrassland,DEF,439.12246141962885
2041,Agri04_toGrassland,DEG,351.1063169566581
2041,Agri05_Agroforestry,DE1,50814.224131777184
2041,Agri05_Agroforestry,DE2,59003.02652681338
2041,Agri05_Agroforestry,DE3,94.54500000000002
2041,Agri05_Agroforestry,DE4,34235.052
2041,Agri05_Agroforestry,DE5,776.162
2041,Agri05_Agroforestry,DE6,628.319
2041,Agri05_Agroforestry,DE7,10355.234945397377
2041,Agri05_Agroforestry,DE8,32606.293
2041,Agri05_Agroforestry,DE9,55877.26664094087
2041,Agri05_Agroforestry,DEA,42247.642
2041,Agri05_Agroforestry,DEB,24825.059
2041,Agri05_Agroforestry,DEC,3458.3510000000006
2041,Agri05_Agroforestry,DEE,17156.976000000002
2041,Agri05_Agroforestry,DED,19114.16
2041,Agri05_Agroforestry,DEF,4785.22554555931
2041,Agri05_Agroforestry,DEG,3828.672730263627
2041,Agri06_Biochar,DE1,0.0
2041,Agri06_Biochar,DE2,0.0
2041,Agri06_Biochar,DE3,0.0
2041,Agri06_Biochar,DE4,0.0
2041,Agri06_Biochar,DE5,0.0
2041,Agri06_Biochar,DE6,0.0
2041,Agri06_Biochar,DE7,0.0
2041,Agri06_Biochar,DE8,0.0
2041,Agri06_Biochar,DE9,0.0
2041,Agri06_Biochar,DEA,0.0
2041,Agri06_Biochar,DEB,0.0
2041,Agri06_Biochar,DEC,0.0
2041,Agri06_Biochar,DEE,0.0
2041,Agri06_Biochar,DED,0.0
2041,Agri06_Biochar,DEF,0.0
2041,Agri06_Biochar,DEG,0.0
2042,Agri01_AGC,DE1,158358.65900000004
2042,Agri01_AGC,DE2,318606.3653283803
2042,Agri01_AGC,DE3,322.4330000000001
2042,Agri01_AGC,DE4,136540.38600000003
2042,Agri01_AGC,DE5,1036.6540000000002
2042,Agri01_AGC,DE6,1702.7469999999998
2042,Agri01_AGC,DE7,70198.86341185498
2042,Agri01_AGC,DE8,150637.41999999998
2042,Agri01_AGC,DE9,280706.17590857105
2042,Agri01_AGC,DEA,165464.15100000004
2042,Agri01_AGC,DEB,82330.50400000003
2042,Agri01_AGC,DEC,8754.346000000001
2042,Agri01_AGC,DEE,126273.832
2042,Agri01_AGC,DED,93965.534
2042,Agri01_AGC,DEF,66436.25679603247
2042,Agri01_AGC,DEG,53120.552892136526
2042,Agri02_OFC,DE1,130304.57265692504
2042,Agri02_OFC,DE2,194791.08687488883
2042,Agri02_OFC,DE3,75784.2131453178
2042,Agri02_OFC,DE4,127986.93667462391
2042,Agri02_OFC,DE5,35198.418365847516
2042,Agri02_OFC,DE6,3841.204186613027
2042,Agri02_OFC,DE7,41852.74759283093
2042,Agri02_OFC,DE8,126796.13742415664
2042,Agri02_OFC,DE9,173188.15172979186
2042,Agri02_OFC,DEA,131911.1589920716
2042,Agri02_OFC,DEB,80253.8875100366
2042,Agri02_OFC,DEC,54231.81441468349
2042,Agri02_OFC,DEE,96632.60664924227
2042,Agri02_OFC,DED,84767.5683420445
2042,Agri02_OFC,DEF,37588.71959641119
2042,Agri02_OFC,DEG,30055.901761999914
2042,Agri03_No-till,DE1,0.0
2042,Agri03_No-till,DE2,0.0
2042,Agri03_No-till,DE3,0.0
2042,Agri03_No-till,DE4,0.0
2042,Agri03_No-till,DE5,0.0
2042,Agri03_No-till,DE6,0.0
2042,Agri03_No-till,DE7,0.0
2042,Agri03_No-till,DE8,0.0
2042,Agri03_No-till,DE9,0.0
2042,Agri03_No-till,DEA,0.0
2042,Agri03_No-till,DEB,0.0
2042,Agri03_No-till,DEC,0.0
2042,Agri03_No-till,DEE,0.0
2042,Agri03_No-till,DED,0.0
2042,Agri03_No-till,DEF,0.0
2042,Agri03_No-till,DEG,0.0
2042,Agri04_toGrassland,DE1,1381.47067108235
2042,Agri04_toGrassland,DE2,2151.100300943204
2042,Agri04_toGrassland,DE3,730.7844831303545
2042,Agri04_toGrassland,DE4,1341.85404368337
2042,Agri04_toGrassland,DE5,340.1193412152163
2042,Agri04_toGrassland,DE6,38.37587871454958
2042,Agri04_toGrassland,DE7,473.9541096596576
2042,Agri04_toGrassland,DE8,1341.53715143836
2042,Agri04_toGrassland,DE9,1895.213671739397
2042,Agri04_toGrassland,DEA,1402.5835919815536
2042,Agri04_toGrassland,DEB,838.8037444574011
2042,Agri04_toGrassland,DEC,529.7043994953789
2042,Agri04_toGrassland,DEE,1031.4819911580078
2042,Agri04_toGrassland,DED,891.5263372256461
2042,Agri04_toGrassland,DEF,448.5505235910472
2042,Agri04_toGrassland,DEG,358.6483188895842
2042,Agri05_Agroforestry,DE1,52145.628000000004
2042,Agri05_Agroforestry,DE2,63714.84356834127
2042,Agri05_Agroforestry,DE3,94.54500000000002
2042,Agri05_Agroforestry,DE4,34235.052
2042,Agri05_Agroforestry,DE5,776.162
2042,Agri05_Agroforestry,DE6,628.319
2042,Agri05_Agroforestry,DE7,11084.237150736451
2042,Agri05_Agroforestry,DE8,32606.293
2042,Agri05_Agroforestry,DE9,60483.620193180264
2042,Agri05_Agroforestry,DEA,42247.642
2042,Agri05_Agroforestry,DEB,24825.059
2042,Agri05_Agroforestry,DEC,3458.3510000000006
2042,Agri05_Agroforestry,DEE,17156.976000000002
2042,Agri05_Agroforestry,DED,19114.16
2042,Agri05_Agroforestry,DEF,4888.976591303285
2042,Agri05_Agroforestry,DEG,3911.926215679837
2042,Agri06_Biochar,DE1,0.0
2042,Agri06_Biochar,DE2,0.0
2042,Agri06_Biochar,DE3,0.0
2042,Agri06_Biochar,DE4,0.0
2042,Agri06_Biochar,DE5,0.0
2042,Agri06_Biochar,DE6,0.0
2042,Agri06_Biochar,DE7,0.0
2042,Agri06_Biochar,DE8,0.0
2042,Agri06_Biochar,DE9,0.0
2042,Agri06_Biochar,DEA,0.0
2042,Agri06_Biochar,DEB,0.0
2042,Agri06_Biochar,DEC,0.0
2042,Agri06_Biochar,DEE,0.0
2042,Agri06_Biochar,DED,0.0
2042,Agri06_Biochar,DEF,0.0
2042,Agri06_Biochar,DEG,0.0
2043,Agri01_AGC,DE1,158358.65900000004
2043,Agri01_AGC,DE2,332822.7034905352
2043,Agri01_AGC,DE3,322.4330000000001
2043,Agri01_AGC,DE4,136540.38600000003
2043,Agri01_AGC,DE5,1036.6540000000002
2043,Agri01_AGC,DE6,1702.7469999999998
2043,Agri01_AGC,DE7,72725.13663142592
2043,Agri01_AGC,DE8,150637.41999999998
2043,Agri01_AGC,DE9,285112.30100000004
2043,Agri01_AGC,DEA,165464.15100000004
2043,Agri01_AGC,DEB,82330.50400000003
2043,Agri01_AGC,DEC,8754.346000000001
2043,Agri01_AGC,DEE,126273.832
2043,Agri01_AGC,DED,93965.534
2043,Agri01_AGC,DEF,67678.06691327135
2043,Agri01_AGC,DEG,54114.05151466406
2043,Agri02_OFC,DE1,138884.28328364418
2043,Agri02_OFC,DE2,204879.2539745428
2043,Agri02_OFC,DE3,83088.59372498181
2043,Agri02_OFC,DE4,136893.23571184132
2043,Agri02_OFC,DE5,38568.61431908908
2043,Agri02_OFC,DE6,4168.906295674095
2043,Agri02_OFC,DE7,43645.4361239927
2043,Agri02_OFC,DE8,135232.03141843647
2043,Agri02_OFC,DE9,182709.23904116257
2043,Agri02_OFC,DEA,140466.70261367108
2043,Agri02_OFC,DEB,85921.44757464764
2043,Agri02_OFC,DEC,59243.93898459048
2043,Agri02_OFC,DEE,102772.39300920766
2043,Agri02_OFC,DED,90577.24323026746
2043,Agri02_OFC,DEF,38469.93020253593
2043,Agri02_OFC,DEG,30760.906102992223
2043,Agri03_No-till,DE1,0.0
2043,Agri03_No-till,DE2,0.0
2043,Agri03_No-till,DE3,0.0
2043,Agri03_No-till,DE4,0.0
2043,Agri03_No-till,DE5,0.0
2043,Agri03_No-till,DE6,0.0
2043,Agri03_No-till,DE7,0.0
2043,Agri03_No-till,DE8,0.0
2043,Agri03_No-till,DE9,0.0
2043,Agri03_No-till,DEA,0.0
2043,Agri03_No-till,DEB,0.0
2043,Agri03_No-till,DEC,0.0
2043,Agri03_No-till,DEE,0.0
2043,Agri03_No-till,DED,0.0
2043,Agri03_No-till,DEF,0.0
2043,Agri03_No-till,DEG,0.0
2043,Agri04_toGrassland,DE1,1381.47067108235
2043,Agri04_toGrassland,DE2,2151.100300943204
2043,Agri04_toGrassland,DE3,730.7844831303545
2043,Agri04_toGrassland,DE4,1341.85404368337
2043,Agri04_toGrassland,DE5,340.1193412152163
2043,Agri04_toGrassland,DE6,38.37587871454958
2043,Agri04_toGrassland,DE7,473.9541096596576
2043,Agri04_toGrassland,DE8,1341.53715143836
2043,Agri04_toGrassland,DE9,1895.213671739397
2043,Agri04_toGrassland,DEA,1402.5835919815536
2043,Agri04_toGrassland,DEB,838.8037444574011
2043,Agri04_toGrassland,DEC,529.7043994953789
2043,Agri04_toGrassland,DEE,1031.4819911580078
2043,Agri04_toGrassland,DED,891.5263372256461
2043,Agri04_toGrassland,DEF,448.5505235910472
2043,Agri04_toGrassland,DEG,358.6483188895842
2043,Agri05_Agroforestry,DE1,52145.628000000004
2043,Agri05_Agroforestry,DE2,68599.5832563855
2043,Agri05_Agroforestry,DE3,94.54500000000002
2043,Agri05_Agroforestry,DE4,34235.052
2043,Agri05_Agroforestry,DE5,776.162
2043,Agri05_Agroforestry,DE6,628.319
2043,Agri05_Agroforestry,DE7,11834.684426927142
2043,Agri05_Agroforestry,DE8,32606.293
2043,Agri05_Agroforestry,DE9,65266.840230078036
2043,Agri05_Agroforestry,DEA,42247.642
2043,Agri05_Agroforestry,DEB,24825.059
2043,Agri05_Agroforestry,DEC,3458.3510000000006
2043,Agri05_Agroforestry,DEE,17156.976000000002
2043,Agri05_Agroforestry,DED,19114.16
2043,Agri05_Agroforestry,DEF,4981.444288194724
2043,Agri05_Agroforestry,DEG,3986.173858946596
2043,Agri06_Biochar,DE1,0.0
2043,Agri06_Biochar,DE2,0.0
2043,Agri06_Biochar,DE3,0.0
2043,Agri06_Biochar,DE4,0.0
2043,Agri06_Biochar,DE5,0.0
2043,Agri06_Biochar,DE6,0.0
2043,Agri06_Biochar,DE7,0.0
2043,Agri06_Biochar,DE8,0.0
2043,Agri06_Biochar,DE9,0.0
2043,Agri06_Biochar,DEA,0.0
2043,Agri06_Biochar,DEB,0.0
2043,Agri06_Biochar,DEC,0.0
2043,Agri06_Biochar,DEE,0.0
2043,Agri06_Biochar,DED,0.0
2043,Agri06_Biochar,DEF,0.0
2043,Agri06_Biochar,DEG,0.0
2044,Agri01_AGC,DE1,158358.65900000004
2044,Agri01_AGC,DE2,332822.7034905352
2044,Agri01_AGC,DE3,322.4330000000001
2044,Agri01_AGC,DE4,136540.38600000003
2044,Agri01_AGC,DE5,1036.6540000000002
2044,Agri01_AGC,DE6,1702.7469999999998
2044,Agri01_AGC,DE7,75193.6199198455
2044,Agri01_AGC,DE8,150637.41999999998
2044,Agri01_AGC,DE9,285112.30100000004
2044,Agri01_AGC,DEA,165464.15100000004
2044,Agri01_AGC,DEB,82330.50400000003
2044,Agri01_AGC,DEC,8754.346000000001
2044,Agri01_AGC,DEE,126273.832
2044,Agri01_AGC,DED,93965.534
2044,Agri01_AGC,DEF,68765.26661858622
2044,Agri01_AGC,DEG,54983.97866210649
2044,Agri02_OFC,DE1,147636.15143273564
2044,Agri02_OFC,DE2,214951.02153745224
2044,Agri02_OFC,DE3,90724.54808290002
2044,Agri02_OFC,DE4,146016.54919659824
2044,Agri02_OFC,DE5,42090.57503415034
2044,Agri02_OFC,DE6,4509.161751501202
2044,Agri02_OFC,DE7,45397.11588936101
2044,Agri02_OFC,DE8,143844.1667204382
2044,Agri02_OFC,DE9,192270.91849561883
2044,Agri02_OFC,DEA,149183.5313395775
2044,Agri02_OFC,DEB,91733.37476408802
2044,Agri02_OFC,DEC,64471.84540930563
2044,Agri02_OFC,DEE,109017.56533859464
2044,Agri02_OFC,DED,96521.74051077563
2044,Agri02_OFC,DEF,39241.42650297624
2044,Agri02_OFC,DEG,31378.22192144166
2044,Agri03_No-till,DE1,0.0
2044,Agri03_No-till,DE2,0.0
2044,Agri03_No-till,DE3,0.0
2044,Agri03_No-till,DE4,0.0
2044,Agri03_No-till,DE5,0.0
2044,Agri03_No-till,DE6,0.0
2044,Agri03_No-till,DE7,0.0
2044,Agri03_No-till,DE8,0.0
2044,Agri03_No-till,DE9,0.0
2044,Agri03_No-till,DEA,0.0
2044,Agri03_No-till,DEB,0.0
2044,Agri03_No-till,DEC,0.0
2044,Agri03_No-till,DEE,0.0
2044,Agri03_No-till,DED,0.0
2044,Agri03_No-till,DEF,0.0
2044,Agri03_No-till,DEG,0.0
2044,Agri04_toGrassland,DE1,1381.47067108235
2044,Agri04_toGrassland,DE2,2151.100300943204
2044,Agri04_toGrassland,DE3,730.7844831303545
2044,Agri04_toGrassland,DE4,1341.85404368337
2044,Agri04_toGrassland,DE5,340.1193412152163
2044,Agri04_toGrassland,DE6,38.37587871454958
2044,Agri04_toGrassland,DE7,473.9541096596576
2044,Agri04_toGrassland,DE8,1341.53715143836
2044,Agri04_toGrassland,DE9,1895.213671739397
2044,Agri04_toGrassland,DEA,1402.5835919815536
2044,Agri04_toGrassland,DEB,838.8037444574011
2044,Agri04_toGrassland,DEC,529.7043994953789
2044,Agri04_toGrassland,DEE,1031.4819911580078
2044,Agri04_toGrassland,DED,891.5263372256461
2044,Agri04_toGrassland,DEF,448.5505235910472
2044,Agri04_toGrassland,DEG,358.6483188895842
2044,Agri05_Agroforestry,DE1,52145.628000000004
2044,Agri05_Agroforestry,DE2,73657.24559094604
2044,Agri05_Agroforestry,DE3,94.54500000000002
2044,Agri05_Agroforestry,DE4,34235.052
2044,Agri05_Agroforestry,DE5,776.162
2044,Agri05_Agroforestry,DE6,628.319
2044,Agri05_Agroforestry,DE7,12606.57677396945
2044,Agri05_Agroforestry,DE8,32606.293
2044,Agri05_Agroforestry,DE9,65266.840230078036
2044,Agri05_Agroforestry,DEA,42247.642
2044,Agri05_Agroforestry,DEB,24825.059
2044,Agri05_Agroforestry,DEC,3458.3510000000006
2044,Agri05_Agroforestry,DEE,17156.976000000002
2044,Agri05_Agroforestry,DED,19114.16
2044,Agri05_Agroforestry,DEF,5062.628636233627
2044,Agri05_Agroforestry,DEG,4051.4156600639035
2044,Agri06_Biochar,DE1,0.0
2044,Agri06_Biochar,DE2,0.0
2044,Agri06_Biochar,DE3,0.0
2044,Agri06_Biochar,DE4,0.0
2044,Agri06_Biochar,DE5,0.0
2044,Agri06_Biochar,DE6,0.0
2044,Agri06_Biochar,DE7,0.0
2044,Agri06_Biochar,DE8,0.0
2044,Agri06_Biochar,DE9,0.0
2044,Agri06_Biochar,DEA,0.0
2044,Agri06_Biochar,DEB,0.0
2044,Agri06_Biochar,DEC,0.0
2044,Agri06_Biochar,DEE,0.0
2044,Agri06_Biochar,DED,0.0
2044,Agri06_Biochar,DEF,0.0
2044,Agri06_Biochar,DEG,0.0
2045,Agri01_AGC,DE1,158358.65900000004
2045,Agri01_AGC,DE2,332822.7034905352
2045,Agri01_AGC,DE3,322.4330000000001
2045,Agri01_AGC,DE4,136540.38600000003
2045,Agri01_AGC,DE5,1036.6540000000002
2045,Agri01_AGC,DE6,1702.7469999999998
2045,Agri01_AGC,DE7,77604.31327711372
2045,Agri01_AGC,DE8,150637.41999999998
2045,Agri01_AGC,DE9,285112.30100000004
2045,Agri01_AGC,DEA,165464.15100000004
2045,Agri01_AGC,DEB,82330.50400000003
2045,Agri01_AGC,DEC,8754.346000000001
2045,Agri01_AGC,DEE,126273.832
2045,Agri01_AGC,DED,93965.534
2045,Agri01_AGC,DEF,69697.85591197707
2045,Agri01_AGC,DEG,55730.33433446383
2045,Agri02_OFC,DE1,156560.17710419942
2045,Agri02_OFC,DE2,225006.38956361712
2045,Agri02_OFC,DE3,98692.07621907243
2045,Agri02_OFC,DE4,155356.87712889467
2045,Agri02_OFC,DE5,45764.300511031295
2045,Agri02_OFC,DE6,4861.970554094347
2045,Agri02_OFC,DE7,47107.786888935865
2045,Agri02_OFC,DE8,152632.54333016183
2045,Agri02_OFC,DE9,201873.1900931606
2045,Agri02_OFC,DEA,158061.64516979083
2045,Agri02_OFC,DEB,97689.66907835772
2045,Agri02_OFC,DEC,69915.53368882893
2045,Agri02_OFC,DEE,115368.1236374032
2045,Agri02_OFC,DED,102601.06018356903
2045,Agri02_OFC,DEF,39903.20849773212
2045,Agri02_OFC,DEG,31907.84921734822
2045,Agri03_No-till,DE1,0.0
2045,Agri03_No-till,DE2,0.0
2045,Agri03_No-till,DE3,0.0
2045,Agri03_No-till,DE4,0.0
2045,Agri03_No-till,DE5,0.0
2045,Agri03_No-till,DE6,0.0
2045,Agri03_No-till,DE7,0.0
2045,Agri03_No-till,DE8,0.0
2045,Agri03_No-till,DE9,0.0
2045,Agri03_No-till,DEA,0.0
2045,Agri03_No-till,DEB,0.0
2045,Agri03_No-till,DEC,0.0
2045,Agri03_No-till,DEE,0.0
2045,Agri03_No-till,DED,0.0
2045,Agri03_No-till,DEF,0.0
2045,Agri03_No-till,DEG,0.0
2045,Agri04_toGrassland,DE1,1381.47067108235
2045,Agri04_toGrassland,DE2,2151.100300943204
2045,Agri04_toGrassland,DE3,730.7844831303545
2045,Agri04_toGrassland,DE4,1341.85404368337
2045,Agri04_toGrassland,DE5,340.1193412152163
2045,Agri04_toGrassland,DE6,38.37587871454958
2045,Agri04_toGrassland,DE7,473.9541096596576
2045,Agri04_toGrassland,DE8,1341.53715143836
2045,Agri04_toGrassland,DE9,1895.213671739397
2045,Agri04_toGrassland,DEA,1402.5835919815536
2045,Agri04_toGrassland,DEB,838.8037444574011
2045,Agri04_toGrassland,DEC,529.7043994953789
2045,Agri04_toGrassland,DEE,1031.4819911580078
2045,Agri04_toGrassland,DED,891.5263372256461
2045,Agri04_toGrassland,DEF,448.5505235910472
2045,Agri04_toGrassland,DEG,358.6483188895842
2045,Agri05_Agroforestry,DE1,52145.628000000004
2045,Agri05_Agroforestry,DE2,78887.83057202291
2045,Agri05_Agroforestry,DE3,94.54500000000002
2045,Agri05_Agroforestry,DE4,34235.052
2045,Agri05_Agroforestry,DE5,776.162
2045,Agri05_Agroforestry,DE6,628.319
2045,Agri05_Agroforestry,DE7,13399.914191863372
2045,Agri05_Agroforestry,DE8,32606.293
2045,Agri05_Agroforestry,DE9,65266.840230078036
2045,Agri05_Agroforestry,DEA,42247.642
2045,Agri05_Agroforestry,DEB,24825.059
2045,Agri05_Agroforestry,DEC,3458.3510000000006
2045,Agri05_Agroforestry,DEE,17156.976000000002
2045,Agri05_Agroforestry,DED,19114.16
2045,Agri05_Agroforestry,DEF,5132.529635419994
2045,Agri05_Agroforestry,DEG,4107.651619031761
2045,Agri06_Biochar,DE1,0.0
2045,Agri06_Biochar,DE2,0.0
2045,Agri06_Biochar,DE3,0.0
2045,Agri06_Biochar,DE4,0.0
2045,Agri06_Biochar,DE5,0.0
2045,Agri06_Biochar,DE6,0.0
2045,Agri06_Biochar,DE7,0.0
2045,Agri06_Biochar,DE8,0.0
2045,Agri06_Biochar,DE9,0.0
2045,Agri06_Biochar,DEA,0.0
2045,Agri06_Biochar,DEB,0.0
2045,Agri06_Biochar,DEC,0.0
2045,Agri06_Biochar,DEE,0.0
2045,Agri06_Biochar,DED,0.0
2045,Agri06_Biochar,DEF,0.0
2045,Agri06_Biochar,DEG,0.0
2046,Agri01_AGC,DE1,158358.65900000004
2046,Agri01_AGC,DE2,332822.7034905352
2046,Agri01_AGC,DE3,322.4330000000001
2046,Agri01_AGC,DE4,136540.38600000003
2046,Agri01_AGC,DE5,1036.6540000000002
2046,Agri01_AGC,DE6,1702.7469999999998
2046,Agri01_AGC,DE7,79957.21670323057
2046,Agri01_AGC,DE8,150637.41999999998
2046,Agri01_AGC,DE9,285112.30100000004
2046,Agri01_AGC,DEA,165464.15100000004
2046,Agri01_AGC,DEB,82330.50400000003
2046,Agri01_AGC,DEC,8754.346000000001
2046,Agri01_AGC,DEE,126273.832
2046,Agri01_AGC,DED,93965.534
2046,Agri01_AGC,DEF,70475.83479344388
2046,Agri01_AGC,DEG,56353.11853173606
2046,Agri02_OFC,DE1,165656.3602980355
2046,Agri02_OFC,DE2,235045.35805303746
2046,Agri02_OFC,DE3,106991.17813349905
2046,Agri02_OFC,DE4,164914.21950873063
2046,Agri02_OFC,DE5,49589.79074973195
2046,Agri02_OFC,DE6,5227.3327034535305
2046,Agri02_OFC,DE7,48777.449122717255
2046,Agri02_OFC,DE8,161597.16124760735
2046,Agri02_OFC,DE9,211516.0538337879
2046,Agri02_OFC,DEA,167101.04410431112
2046,Agri02_OFC,DEB,103790.33051745676
2046,Agri02_OFC,DEC,75575.00382316038
2046,Agri02_OFC,DEE,121824.06790563335
2046,Agri02_OFC,DED,108815.20224864766
2046,Agri02_OFC,DEF,40455.276186803574
2046,Agri02_OFC,DEG,32349.787990711906
2046,Agri03_No-till,DE1,0.0
2046,Agri03_No-till,DE2,0.0
2046,Agri03_No-till,DE3,0.0
2046,Agri03_No-till,DE4,0.0
2046,Agri03_No-till,DE5,0.0
2046,Agri03_No-till,DE6,0.0
2046,Agri03_No-till,DE7,0.0
2046,Agri03_No-till,DE8,0.0
2046,Agri03_No-till,DE9,0.0
2046,Agri03_No-till,DEA,0.0
2046,Agri03_No-till,DEB,0.0
2046,Agri03_No-till,DEC,0.0
2046,Agri03_No-till,DEE,0.0
2046,Agri03_No-till,DED,0.0
2046,Agri03_No-till,DEF,0.0
2046,Agri03_No-till,DEG,0.0
2046,Agri04_toGrassland,DE1,1381.47067108235
2046,Agri04_toGrassland,DE2,2151.100300943204
2046,Agri04_toGrassland,DE3,730.7844831303545
2046,Agri04_toGrassland,DE4,1341.85404368337
2046,Agri04_toGrassland,DE5,340.1193412152163
2046,Agri04_toGrassland,DE6,38.37587871454958
2046,Agri04_toGrassland,DE7,473.9541096596576
2046,Agri04_toGrassland,DE8,1341.53715143836
2046,Agri04_toGrassland,DE9,1895.213671739397
2046,Agri04_toGrassland,DEA,1402.5835919815536
2046,Agri04_toGrassland,DEB,838.8037444574011
2046,Agri04_toGrassland,DEC,529.7043994953789
2046,Agri04_toGrassland,DEE,1031.4819911580078
2046,Agri04_toGrassland,DED,891.5263372256461
2046,Agri04_toGrassland,DEF,448.5505235910472
2046,Agri04_toGrassland,DEG,358.6483188895842
2046,Agri05_Agroforestry,DE1,52145.628000000004
2046,Agri05_Agroforestry,DE2,84291.33819961612
2046,Agri05_Agroforestry,DE3,94.54500000000002
2046,Agri05_Agroforestry,DE4,34235.052
2046,Agri05_Agroforestry,DE5,776.162
2046,Agri05_Agroforestry,DE6,628.319
2046,Agri05_Agroforestry,DE7,14214.696680608911
2046,Agri05_Agroforestry,DE8,32606.293
2046,Agri05_Agroforestry,DE9,70580.65972095095
2046,Agri05_Agroforestry,DEA,42247.642
2046,Agri05_Agroforestry,DEB,24825.059
2046,Agri05_Agroforestry,DEC,3458.3510000000006
2046,Agri05_Agroforestry,DEE,17156.976000000002
2046,Agri05_Agroforestry,DED,19114.16
2046,Agri05_Agroforestry,DEF,5191.147285753824
2046,Agri05_Agroforestry,DEG,4154.8817358501665
2046,Agri06_Biochar,DE1,0.0
2046,Agri06_Biochar,DE2,0.0
2046,Agri06_Biochar,DE3,0.0
2046,Agri06_Biochar,DE4,0.0
2046,Agri06_Biochar,DE5,0.0
2046,Agri06_Biochar,DE6,0.0
2046,Agri06_Biochar,DE7,0.0
2046,Agri06_Biochar,DE8,0.0
2046,Agri06_Biochar,DE9,0.0
2046,Agri06_Biochar,DEA,0.0
2046,Agri06_Biochar,DEB,0.0
2046,Agri06_Biochar,DEC,0.0
2046,Agri06_Biochar,DEE,0.0
2046,Agri06_Biochar,DED,0.0
2046,Agri06_Biochar,DEF,0.0
2046,Agri06_Biochar,DEG,0.0
2047,Agri01_AGC,DE1,158358.65900000004
2047,Agri01_AGC,DE2,345283.42300000007
2047,Agri01_AGC,DE3,322.4330000000001
2047,Agri01_AGC,DE4,136540.38600000003
2047,Agri01_AGC,DE5,1036.6540000000002
2047,Agri01_AGC,DE6,1702.7469999999998
2047,Agri01_AGC,DE7,82252.33019819607
2047,Agri01_AGC,DE8,150637.41999999998
2047,Agri01_AGC,DE9,285112.30100000004
2047,Agri01_AGC,DEA,165464.15100000004
2047,Agri01_AGC,DEB,82330.50400000003
2047,Agri01_AGC,DEC,8754.346000000001
2047,Agri01_AGC,DEE,126273.832
2047,Agri01_AGC,DED,93965.534
2047,Agri01_AGC,DEF,71099.20326298667
2047,Agri01_AGC,DEG,56852.331253923185
2047,Agri02_OFC,DE1,174924.70101424388
2047,Agri02_OFC,DE2,245067.92700571325
2047,Agri02_OFC,DE3,115621.85382617987
2047,Agri02_OFC,DE4,174688.57633610608
2047,Agri02_OFC,DE5,53567.04575025229
2047,Agri02_OFC,DE6,5605.248199578752
2047,Agri02_OFC,DE7,50406.10259070519
2047,Agri02_OFC,DE8,170738.02047277475
2047,Agri02_OFC,DE9,221199.50971750077
2047,Agri02_OFC,DEA,176301.72814313835
2047,Agri02_OFC,DEB,110035.35908138513
2047,Agri02_OFC,DEC,81450.25581229999
2047,Agri02_OFC,DEE,128385.39814328507
2047,Agri02_OFC,DED,115164.16670601151
2047,Agri02_OFC,DEF,40897.629570190606
2047,Agri02_OFC,DEG,32704.03824153272
2047,Agri03_No-till,DE1,0.0
2047,Agri03_No-till,DE2,0.0
2047,Agri03_No-till,DE3,0.0
2047,Agri03_No-till,DE4,0.0
2047,Agri03_No-till,DE5,0.0
2047,Agri03_No-till,DE6,0.0
2047,Agri03_No-till,DE7,0.0
2047,Agri03_No-till,DE8,0.0
2047,Agri03_No-till,DE9,0.0
2047,Agri03_No-till,DEA,0.0
2047,Agri03_No-till,DEB,0.0
2047,Agri03_No-till,DEC,0.0
2047,Agri03_No-till,DEE,0.0
2047,Agri03_No-till,DED,0.0
2047,Agri03_No-till,DEF,0.0
2047,Agri03_No-till,DEG,0.0
2047,Agri04_toGrassland,DE1,1469.6534298937754
2047,Agri04_toGrassland,DE2,2246.4590935994856
2047,Agri04_toGrassland,DE3,812.9002378583114
2047,Agri04_toGrassland,DE4,1434.8512453440646
2047,Agri04_toGrassland,DE5,377.96056103885485
2047,Agri04_toGrassland,DE6,41.9715202717952
2047,Agri04_toGrassland,DE7,489.44978038999784
2047,Agri04_toGrassland,DE8,1428.5069995550234
2047,Agri04_toGrassland,DE9,1987.346004893832
2047,Agri04_toGrassland,DEA,1490.1226376790391
2047,Agri04_toGrassland,DEB,898.2214832399527
2047,Agri04_toGrassland,DEC,585.6039337246939
2047,Agri04_toGrassland,DEE,1093.909152561031
2047,Agri04_toGrassland,DED,951.9329643220079
2047,Agri04_toGrassland,DEF,452.7592533854126
2047,Agri04_toGrassland,DEG,362.01879968906417
2047,Agri05_Agroforestry,DE1,52145.628000000004
2047,Agri05_Agroforestry,DE2,89867.76847372565
2047,Agri05_Agroforestry,DE3,94.54500000000002
2047,Agri05_Agroforestry,DE4,34235.052
2047,Agri05_Agroforestry,DE5,776.162
2047,Agri05_Agroforestry,DE6,628.319
2047,Agri05_Agroforestry,DE7,15050.924240206064
2047,Agri05_Agroforestry,DE8,32606.293
2047,Agri05_Agroforestry,DE9,76071.34569648225
2047,Agri05_Agroforestry,DEA,42247.642
2047,Agri05_Agroforestry,DEB,24825.059
2047,Agri05_Agroforestry,DEC,3458.3510000000006
2047,Agri05_Agroforestry,DEE,17156.976000000002
2047,Agri05_Agroforestry,DED,19114.16
2047,Agri05_Agroforestry,DEF,5238.481587235118
2047,Agri05_Agroforestry,DEG,4193.106010519121
2047,Agri06_Biochar,DE1,0.0
2047,Agri06_Biochar,DE2,0.0
2047,Agri06_Biochar,DE3,0.0
2047,Agri06_Biochar,DE4,0.0
2047,Agri06_Biochar,DE5,0.0
2047,Agri06_Biochar,DE6,0.0
2047,Agri06_Biochar,DE7,0.0
2047,Agri06_Biochar,DE8,0.0
2047,Agri06_Biochar,DE9,0.0
2047,Agri06_Biochar,DEA,0.0
2047,Agri06_Biochar,DEB,0.0
2047,Agri06_Biochar,DEC,0.0
2047,Agri06_Biochar,DEE,0.0
2047,Agri06_Biochar,DED,0.0
2047,Agri06_Biochar,DEF,0.0
2047,Agri06_Biochar,DEG,0.0
2048,Agri01_AGC,DE1,158358.65900000004
2048,Agri01_AGC,DE2,345283.42300000007
2048,Agri01_AGC,DE3,322.4330000000001
2048,Agri01_AGC,DE4,136540.38600000003
2048,Agri01_AGC,DE5,1036.6540000000002
2048,Agri01_AGC,DE6,1702.7469999999998
2048,Agri01_AGC,DE7,84489.6537620102
2048,Agri01_AGC,DE8,150637.41999999998
2048,Agri01_AGC,DE9,285112.30100000004
2048,Agri01_AGC,DEA,165464.15100000004
2048,Agri01_AGC,DEB,82330.50400000003
2048,Agri01_AGC,DEC,8754.346000000001
2048,Agri01_AGC,DEE,126273.832
2048,Agri01_AGC,DED,93965.534
2048,Agri01_AGC,DEF,71567.96132060545
2048,Agri01_AGC,DEG,57227.97250102521
2048,Agri02_OFC,DE1,184365.1992528246
2048,Agri02_OFC,DE2,255074.0964216445
2048,Agri02_OFC,DE3,124584.1032971149
2048,Agri02_OFC,DE4,184679.94761102105
2048,Agri02_OFC,DE5,57696.06551259234
2048,Agri02_OFC,DE6,5995.7170424700125
2048,Agri02_OFC,DE7,51993.74729289966
2048,Agri02_OFC,DE8,180055.12100566406
2048,Agri02_OFC,DE9,230923.55774429915
2048,Agri02_OFC,DEA,185663.69728627254
2048,Agri02_OFC,DEB,116424.75477014284
2048,Agri02_OFC,DEC,87541.28965624775
2048,Agri02_OFC,DEE,135052.11435035837
2048,Agri02_OFC,DED,121647.95355566058
2048,Agri02_OFC,DEF,41230.26864789321
2048,Agri02_OFC,DEG,32970.59996981066
2048,Agri03_No-till,DE1,0.0
2048,Agri03_No-till,DE2,0.0
2048,Agri03_No-till,DE3,0.0
2048,Agri03_No-till,DE4,0.0
2048,Agri03_No-till,DE5,0.0
2048,Agri03_No-till,DE6,0.0
2048,Agri03_No-till,DE7,0.0
2048,Agri03_No-till,DE8,0.0
2048,Agri03_No-till,DE9,0.0
2048,Agri03_No-till,DEA,0.0
2048,Agri03_No-till,DEB,0.0
2048,Agri03_No-till,DEC,0.0
2048,Agri03_No-till,DEE,0.0
2048,Agri03_No-till,DED,0.0
2048,Agri03_No-till,DEF,0.0
2048,Agri03_No-till,DEG,0.0
2048,Agri04_toGrassland,DE1,1469.6534298937754
2048,Agri04_toGrassland,DE2,2246.4590935994856
2048,Agri04_toGrassland,DE3,812.9002378583114
2048,Agri04_toGrassland,DE4,1434.8512453440646
2048,Agri04_toGrassland,DE5,377.96056103885485
2048,Agri04_toGrassland,DE6,41.9715202717952
2048,Agri04_toGrassland,DE7,489.44978038999784
2048,Agri04_toGrassland,DE8,1428.5069995550234
2048,Agri04_toGrassland,DE9,1987.346004893832
2048,Agri04_toGrassland,DEA,1490.1226376790391
2048,Agri04_toGrassland,DEB,898.2214832399527
2048,Agri04_toGrassland,DEC,585.6039337246939
2048,Agri04_toGrassland,DEE,1093.909152561031
2048,Agri04_toGrassland,DED,951.9329643220079
2048,Agri04_toGrassland,DEF,452.7592533854126
2048,Agri04_toGrassland,DEG,362.01879968906417
2048,Agri05_Agroforestry,DE1,52145.628000000004
2048,Agri05_Agroforestry,DE2,95617.12139435152
2048,Agri05_Agroforestry,DE3,94.54500000000002
2048,Agri05_Agroforestry,DE4,34235.052
2048,Agri05_Agroforestry,DE5,776.162
2048,Agri05_Agroforestry,DE6,628.319
2048,Agri05_Agroforestry,DE7,15908.596870654834
2048,Agri05_Agroforestry,DE8,32606.293
2048,Agri05_Agroforestry,DE9,77016.738
2048,Agri05_Agroforestry,DEA,42247.642
2048,Agri05_Agroforestry,DEB,24825.059
2048,Agri05_Agroforestry,DEC,3458.3510000000006
2048,Agri05_Agroforestry,DEE,17156.976000000002
2048,Agri05_Agroforestry,DED,19114.16
2048,Agri05_Agroforestry,DEF,5274.532539863876
2048,Agri05_Agroforestry,DEG,4222.324443038624
2048,Agri06_Biochar,DE1,0.0
2048,Agri06_Biochar,DE2,0.0
2048,Agri06_Biochar,DE3,0.0
2048,Agri06_Biochar,DE4,0.0
2048,Agri06_Biochar,DE5,0.0
2048,Agri06_Biochar,DE6,0.0
2048,Agri06_Biochar,DE7,0.0
2048,Agri06_Biochar,DE8,0.0
2048,Agri06_Biochar,DE9,0.0
2048,Agri06_Biochar,DEA,0.0
2048,Agri06_Biochar,DEB,0.0
2048,Agri06_Biochar,DEC,0.0
2048,Agri06_Biochar,DEE,0.0
2048,Agri06_Biochar,DED,0.0
2048,Agri06_Biochar,DEF,0.0
2048,Agri06_Biochar,DEG,0.0
2049,Agri01_AGC,DE1,158358.65900000004
2049,Agri01_AGC,DE2,345283.42300000007
2049,Agri01_AGC,DE3,322.4330000000001
2049,Agri01_AGC,DE4,136540.38600000003
2049,Agri01_AGC,DE5,1036.6540000000002
2049,Agri01_AGC,DE6,1702.7469999999998
2049,Agri01_AGC,DE7,84489.6537620102
2049,Agri01_AGC,DE8,150637.41999999998
2049,Agri01_AGC,DE9,285112.30100000004
2049,Agri01_AGC,DEA,165464.15100000004
2049,Agri01_AGC,DEB,82330.50400000003
2049,Agri01_AGC,DEC,8754.346000000001
2049,Agri01_AGC,DEE,126273.832
2049,Agri01_AGC,DED,93965.534
2049,Agri01_AGC,DEF,71567.96132060545
2049,Agri01_AGC,DEG,57227.97250102521
2049,Agri02_OFC,DE1,184365.1992528246
2049,Agri02_OFC,DE2,255074.0964216445
2049,Agri02_OFC,DE3,124584.1032971149
2049,Agri02_OFC,DE4,184679.94761102105
2049,Agri02_OFC,DE5,57696.06551259234
2049,Agri02_OFC,DE6,5995.7170424700125
2049,Agri02_OFC,DE7,51993.74729289966
2049,Agri02_OFC,DE8,180055.12100566406
2049,Agri02_OFC,DE9,230923.55774429915
2049,Agri02_OFC,DEA,185663.69728627254
2049,Agri02_OFC,DEB,116424.75477014284
2049,Agri02_OFC,DEC,87541.28965624775
2049,Agri02_OFC,DEE,135052.11435035837
2049,Agri02_OFC,DED,121647.95355566058
2049,Agri02_OFC,DEF,41230.26864789321
2049,Agri02_OFC,DEG,32970.59996981066
2049,Agri03_No-till,DE1,0.0
2049,Agri03_No-till,DE2,0.0
2049,Agri03_No-till,DE3,0.0
2049,Agri03_No-till,DE4,0.0
2049,Agri03_No-till,DE5,0.0
2049,Agri03_No-till,DE6,0.0
2049,Agri03_No-till,DE7,0.0
2049,Agri03_No-till,DE8,0.0
2049,Agri03_No-till,DE9,0.0
2049,Agri03_No-till,DEA,0.0
2049,Agri03_No-till,DEB,0.0
2049,Agri03_No-till,DEC,0.0
2049,Agri03_No-till,DEE,0.0
2049,Agri03_No-till,DED,0.0
2049,Agri03_No-till,DEF,0.0
2049,Agri03_No-till,DEG,0.0
2049,Agri04_toGrassland,DE1,1469.6534298937754
2049,Agri04_toGrassland,DE2,2246.4590935994856
2049,Agri04_toGrassland,DE3,812.9002378583114
2049,Agri04_toGrassland,DE4,1434.8512453440646
2049,Agri04_toGrassland,DE5,377.96056103885485
2049,Agri04_toGrassland,DE6,41.9715202717952
2049,Agri04_toGrassland,DE7,489.44978038999784
2049,Agri04_toGrassland,DE8,1428.5069995550234
2049,Agri04_toGrassland,DE9,1987.346004893832
2049,Agri04_toGrassland,DEA,1490.1226376790391
2049,Agri04_toGrassland,DEB,898.2214832399527
2049,Agri04_toGrassland,DEC,585.6039337246939
2049,Agri04_toGrassland,DEE,1093.909152561031
2049,Agri04_toGrassland,DED,951.9329643220079
2049,Agri04_toGrassland,DEF,452.7592533854126
2049,Agri04_toGrassland,DEG,362.01879968906417
2049,Agri05_Agroforestry,DE1,52145.628000000004
2049,Agri05_Agroforestry,DE2,95617.12139435152
2049,Agri05_Agroforestry,DE3,94.54500000000002
2049,Agri05_Agroforestry,DE4,34235.052
2049,Agri05_Agroforestry,DE5,776.162
2049,Agri05_Agroforestry,DE6,628.319
2049,Agri05_Agroforestry,DE7,15908.596870654834
2049,Agri05_Agroforestry,DE8,32606.293
2049,Agri05_Agroforestry,DE9,77016.738
2049,Agri05_Agroforestry,DEA,42247.642
2049,Agri05_Agroforestry,DEB,24825.059
2049,Agri05_Agroforestry,DEC,3458.3510000000006
2049,Agri05_Agroforestry,DEE,17156.976000000002
2049,Agri05_Agroforestry,DED,19114.16
2049,Agri05_Agroforestry,DEF,5274.532539863876
2049,Agri05_Agroforestry,DEG,4222.324443038624
2049,Agri06_Biochar,DE1,0.0
2049,Agri06_Biochar,DE2,0.0
2049,Agri06_Biochar,DE3,0.0
2049,Agri06_Biochar,DE4,0.0
2049,Agri06_Biochar,DE5,0.0
2049,Agri06_Biochar,DE6,0.0
2049,Agri06_Biochar,DE7,0.0
2049,Agri06_Biochar,DE8,0.0
2049,Agri06_Biochar,DE9,0.0
2049,Agri06_Biochar,DEA,0.0
2049,Agri06_Biochar,DEB,0.0
2049,Agri06_Biochar,DEC,0.0
2049,Agri06_Biochar,DEE,0.0
2049,Agri06_Biochar,DED,0.0
2049,Agri06_Biochar,DEF,0.0
2049,Agri06_Biochar,DEG,0.0
2050,Agri01_AGC,DE1,158358.65900000004
2050,Agri01_AGC,DE2,345283.42300000007
2050,Agri01_AGC,DE3,322.4330000000001
2050,Agri01_AGC,DE4,136540.38600000003
2050,Agri01_AGC,DE5,1036.6540000000002
2050,Agri01_AGC,DE6,1702.7469999999998
2050,Agri01_AGC,DE7,84489.6537620102
2050,Agri01_AGC,DE8,150637.41999999998
2050,Agri01_AGC,DE9,285112.30100000004
2050,Agri01_AGC,DEA,165464.15100000004
2050,Agri01_AGC,DEB,82330.50400000003
2050,Agri01_AGC,DEC,8754.346000000001
2050,Agri01_AGC,DEE,126273.832
2050,Agri01_AGC,DED,93965.534
2050,Agri01_AGC,DEF,71567.96132060545
2050,Agri01_AGC,DEG,57227.97250102521
2050,Agri02_OFC,DE1,184365.1992528246
2050,Agri02_OFC,DE2,255074.0964216445
2050,Agri02_OFC,DE3,124584.1032971149
2050,Agri02_OFC,DE4,184679.94761102105
2050,Agri02_OFC,DE5,57696.06551259234
2050,Agri02_OFC,DE6,5995.7170424700125
2050,Agri02_OFC,DE7,51993.74729289966
2050,Agri02_OFC,DE8,180055.12100566406
2050,Agri02_OFC,DE9,230923.55774429915
2050,Agri02_OFC,DEA,185663.69728627254
2050,Agri02_OFC,DEB,116424.75477014284
2050,Agri02_OFC,DEC,87541.28965624775
2050,Agri02_OFC,DEE,135052.11435035837
2050,Agri02_OFC,DED,121647.95355566058
2050,Agri02_OFC,DEF,41230.26864789321
2050,Agri02_OFC,DEG,32970.59996981066
2050,Agri03_No-till,DE1,0.0
2050,Agri03_No-till,DE2,0.0
2050,Agri03_No-till,DE3,0.0
2050,Agri03_No-till,DE4,0.0
2050,Agri03_No-till,DE5,0.0
2050,Agri03_No-till,DE6,0.0
2050,Agri03_No-till,DE7,0.0
2050,Agri03_No-till,DE8,0.0
2050,Agri03_No-till,DE9,0.0
2050,Agri03_No-till,DEA,0.0
2050,Agri03_No-till,DEB,0.0
2050,Agri03_No-till,DEC,0.0
2050,Agri03_No-till,DEE,0.0
2050,Agri03_No-till,DED,0.0
2050,Agri03_No-till,DEF,0.0
2050,Agri03_No-till,DEG,0.0
2050,Agri04_toGrassland,DE1,1469.6534298937754
2050,Agri04_toGrassland,DE2,2246.4590935994856
2050,Agri04_toGrassland,DE3,812.9002378583114
2050,Agri04_toGrassland,DE4,1434.8512453440646
2050,Agri04_toGrassland,DE5,377.96056103885485
2050,Agri04_toGrassland,DE6,41.9715202717952
2050,Agri04_toGrassland,DE7,489.44978038999784
2050,Agri04_toGrassland,DE8,1428.5069995550234
2050,Agri04_toGrassland,DE9,1987.346004893832
2050,Agri04_toGrassland,DEA,1490.1226376790391
2050,Agri04_toGrassland,DEB,898.2214832399527
2050,Agri04_toGrassland,DEC,585.6039337246939
2050,Agri04_toGrassland,DEE,1093.909152561031
2050,Agri04_toGrassland,DED,951.9329643220079
2050,Agri04_toGrassland,DEF,452.7592533854126
2050,Agri04_toGrassland,DEG,362.01879968906417
2050,Agri05_Agroforestry,DE1,52145.628000000004
2050,Agri05_Agroforestry,DE2,95617.12139435152
2050,Agri05_Agroforestry,DE3,94.54500000000002
2050,Agri05_Agroforestry,DE4,34235.052
2050,Agri05_Agroforestry,DE5,776.162
2050,Agri05_Agroforestry,DE6,628.319
2050,Agri05_Agroforestry,DE7,15908.596870654834
2050,Agri05_Agroforestry,DE8,32606.293
2050,Agri05_Agroforestry,DE9,77016.738
2050,Agri05_Agroforestry,DEA,42247.642
2050,Agri05_Agroforestry,DEB,24825.059
2050,Agri05_Agroforestry,DEC,3458.3510000000006
2050,Agri05_Agroforestry,DEE,17156.976000000002
2050,Agri05_Agroforestry,DED,19114.16
2050,Agri05_Agroforestry,DEF,5274.532539863876
2050,Agri05_Agroforestry,DEG,4222.324443038624
2050,Agri06_Biochar,DE1,0.0
2050,Agri06_Biochar,DE2,0.0
2050,Agri06_Biochar,DE3,0.0
2050,Agri06_Biochar,DE4,0.0
2050,Agri06_Biochar,DE5,0.0
2050,Agri06_Biochar,DE6,0.0
2050,Agri06_Biochar,DE7,0.0
2050,Agri06_Biochar,DE8,0.0
2050,Agri06_Biochar,DE9,0.0
2050,Agri06_Biochar,DEA,0.0
2050,Agri06_Biochar,DEB,0.0
2050,Agri06_Biochar,DEC,0.0
2050,Agri06_Biochar,DEE,0.0
2050,Agri06_Biochar,DED,0.0
2050,Agri06_Biochar,DEF,0.0
2050,Agri06_Biochar,DEG,0.0
