year,techAgri,r,capAgri
2020,Agri01_AGC,DE1,0.0
2020,Agri01_AGC,DE2,0.0
2020,Agri01_AGC,DE3,0.0
2020,Agri01_AGC,DE4,0.0
2020,Agri01_AGC,DE5,0.0
2020,Agri01_AGC,DE6,0.0
2020,Agri01_AGC,DE7,0.0
2020,Agri01_AGC,DE8,0.0
2020,Agri01_AGC,DE9,0.0
2020,Agri01_AGC,DEA,0.0
2020,Agri01_AGC,DEB,0.0
2020,Agri01_AGC,DEC,0.0
2020,Agri01_AGC,DEE,0.0
2020,Agri01_AGC,DED,0.0
2020,Agri01_AGC,DEF,0.0
2020,Agri01_AGC,DEG,0.0
2020,Agri02_OFC,DE1,0.0
2020,Agri02_OFC,DE2,0.0
2020,Agri02_OFC,DE3,0.0
2020,Agri02_OFC,DE4,0.0
2020,Agri02_OFC,DE5,0.0
2020,Agri02_OFC,DE6,0.0
2020,Agri02_OFC,DE7,0.0
2020,Agri02_OFC,DE8,0.0
2020,Agri02_OFC,DE9,0.0
2020,Agri02_OFC,DEA,0.0
2020,Agri02_OFC,DEB,0.0
2020,Agri02_OFC,DEC,0.0
2020,Agri02_OFC,DEE,0.0
2020,Agri02_OFC,DED,0.0
2020,Agri02_OFC,DEF,0.0
2020,Agri02_OFC,DEG,0.0
2020,Agri03_No-till,DE1,0.0
2020,Agri03_No-till,DE2,0.0
2020,Agri03_No-till,DE3,0.0
2020,Agri03_No-till,DE4,0.0
2020,Agri03_No-till,DE5,0.0
2020,Agri03_No-till,DE6,0.0
2020,Agri03_No-till,DE7,0.0
2020,Agri03_No-till,DE8,0.0
2020,Agri03_No-till,DE9,0.0
2020,Agri03_No-till,DEA,0.0
2020,Agri03_No-till,DEB,0.0
2020,Agri03_No-till,DEC,0.0
2020,Agri03_No-till,DEE,0.0
2020,Agri03_No-till,DED,0.0
2020,Agri03_No-till,DEF,0.0
2020,Agri03_No-till,DEG,0.0
2020,Agri04_toGrassland,DE1,0.0
2020,Agri04_toGrassland,DE2,0.0
2020,Agri04_toGrassland,DE3,0.0
2020,Agri04_toGrassland,DE4,0.0
2020,Agri04_toGrassland,DE5,0.0
2020,Agri04_toGrassland,DE6,0.0
2020,Agri04_toGrassland,DE7,0.0
2020,Agri04_toGrassland,DE8,0.0
2020,Agri04_toGrassland,DE9,0.0
2020,Agri04_toGrassland,DEA,0.0
2020,Agri04_toGrassland,DEB,0.0
2020,Agri04_toGrassland,DEC,0.0
2020,Agri04_toGrassland,DEE,0.0
2020,Agri04_toGrassland,DED,0.0
2020,Agri04_toGrassland,DEF,0.0
2020,Agri04_toGrassland,DEG,0.0
2020,Agri05_Agroforestry,DE1,0.0
2020,Agri05_Agroforestry,DE2,0.0
2020,Agri05_Agroforestry,DE3,0.0
2020,Agri05_Agroforestry,DE4,0.0
2020,Agri05_Agroforestry,DE5,0.0
2020,Agri05_Agroforestry,DE6,0.0
2020,Agri05_Agroforestry,DE7,0.0
2020,Agri05_Agroforestry,DE8,0.0
2020,Agri05_Agroforestry,DE9,0.0
2020,Agri05_Agroforestry,DEA,0.0
2020,Agri05_Agroforestry,DEB,0.0
2020,Agri05_Agroforestry,DEC,0.0
2020,Agri05_Agroforestry,DEE,0.0
2020,Agri05_Agroforestry,DED,0.0
2020,Agri05_Agroforestry,DEF,0.0
2020,Agri05_Agroforestry,DEG,0.0
2020,Agri06_Biochar,DE1,0.0
2020,Agri06_Biochar,DE2,0.0
2020,Agri06_Biochar,DE3,0.0
2020,Agri06_Biochar,DE4,0.0
2020,Agri06_Biochar,DE5,0.0
2020,Agri06_Biochar,DE6,0.0
2020,Agri06_Biochar,DE7,0.0
2020,Agri06_Biochar,DE8,0.0
2020,Agri06_Biochar,DE9,0.0
2020,Agri06_Biochar,DEA,0.0
2020,Agri06_Biochar,DEB,0.0
2020,Agri06_Biochar,DEC,0.0
2020,Agri06_Biochar,DEE,0.0
2020,Agri06_Biochar,DED,0.0
2020,Agri06_Biochar,DEF,0.0
2020,Agri06_Biochar,DEG,0.0
2021,Agri01_AGC,DE1,6753.27606248047
2021,Agri01_AGC,DE2,14724.76648919601
2021,Agri01_AGC,DE3,0.0
2021,Agri01_AGC,DE4,5822.826021377482
2021,Agri01_AGC,DE5,0.0
2021,Agri01_AGC,DE6,0.0
2021,Agri01_AGC,DE7,3797.65170490088
2021,Agri01_AGC,DE8,6424.000361103187
2021,Agri01_AGC,DE9,12158.741995043203
2021,Agri01_AGC,DEA,7056.292956780808
2021,Agri01_AGC,DEB,3511.0212816032536
2021,Agri01_AGC,DEC,0.0
2021,Agri01_AGC,DEE,5385.004219840483
2021,Agri01_AGC,DED,4007.2023561426754
2021,Agri01_AGC,DEF,4643.239179567323
2021,Agri01_AGC,DEG,3712.0710743997743
2021,Agri02_OFC,DE1,0.0
2021,Agri02_OFC,DE2,0.0
2021,Agri02_OFC,DE3,0.0
2021,Agri02_OFC,DE4,0.0
2021,Agri02_OFC,DE5,0.0
2021,Agri02_OFC,DE6,0.0
2021,Agri02_OFC,DE7,0.0
2021,Agri02_OFC,DE8,0.0
2021,Agri02_OFC,DE9,0.0
2021,Agri02_OFC,DEA,0.0
2021,Agri02_OFC,DEB,0.0
2021,Agri02_OFC,DEC,0.0
2021,Agri02_OFC,DEE,0.0
2021,Agri02_OFC,DED,0.0
2021,Agri02_OFC,DEF,0.0
2021,Agri02_OFC,DEG,0.0
2021,Agri03_No-till,DE1,0.0
2021,Agri03_No-till,DE2,0.0
2021,Agri03_No-till,DE3,0.0
2021,Agri03_No-till,DE4,0.0
2021,Agri03_No-till,DE5,0.0
2021,Agri03_No-till,DE6,0.0
2021,Agri03_No-till,DE7,0.0
2021,Agri03_No-till,DE8,0.0
2021,Agri03_No-till,DE9,0.0
2021,Agri03_No-till,DEA,0.0
2021,Agri03_No-till,DEB,0.0
2021,Agri03_No-till,DEC,0.0
2021,Agri03_No-till,DEE,0.0
2021,Agri03_No-till,DED,0.0
2021,Agri03_No-till,DEF,0.0
2021,Agri03_No-till,DEG,0.0
2021,Agri04_toGrassland,DE1,45.59536704604648
2021,Agri04_toGrassland,DE2,99.41562088246988
2021,Agri04_toGrassland,DE3,0.09283642003281871
2021,Agri04_toGrassland,DE4,39.31334766025561
2021,Agri04_toGrassland,DE5,0.29847827664259435
2021,Agri04_toGrassland,DE6,0.4902628940016124
2021,Agri04_toGrassland,DE7,25.640196224171547
2021,Agri04_toGrassland,DE8,43.372231737384574
2021,Agri04_toGrassland,DE9,82.09086952067385
2021,Agri04_toGrassland,DEA,47.64121359355195
2021,Agri04_toGrassland,DEB,23.704984449041074
2021,Agri04_toGrassland,DEC,2.5205923164459785
2021,Agri04_toGrassland,DEE,36.35735333140708
2021,Agri04_toGrassland,DED,27.054996799434626
2021,Agri04_toGrassland,DEF,31.349258155040527
2021,Agri04_toGrassland,DEG,25.06239069339975
2021,Agri05_Agroforestry,DE1,495.52700789665613
2021,Agri05_Agroforestry,DE2,1080.4414646849557
2021,Agri05_Agroforestry,DE3,1.0089392063944072
2021,Agri05_Agroforestry,DE4,427.25449532655153
2021,Agri05_Agroforestry,DE5,3.243839383889328
2021,Agri05_Agroforestry,DE6,5.328140131036391
2021,Agri05_Agroforestry,DE7,278.65571745514734
2021,Agri05_Agroforestry,DE8,471.3661411459154
2021,Agri05_Agroforestry,DE9,892.1573744133611
2021,Agri05_Agroforestry,DEA,517.7611137714325
2021,Agri05_Agroforestry,DEB,257.6239819367483
2021,Agri05_Agroforestry,DEC,27.393607061752522
2021,Agri05_Agroforestry,DEE,395.1289720545373
2021,Agri05_Agroforestry,DED,294.0316633297046
2021,Agri05_Agroforestry,DEF,340.7013716472329
2021,Agri05_Agroforestry,DEG,272.37617055468405
2021,Agri06_Biochar,DE1,0.0
2021,Agri06_Biochar,DE2,0.0
2021,Agri06_Biochar,DE3,0.0
2021,Agri06_Biochar,DE4,0.0
2021,Agri06_Biochar,DE5,0.0
2021,Agri06_Biochar,DE6,0.0
2021,Agri06_Biochar,DE7,0.0
2021,Agri06_Biochar,DE8,0.0
2021,Agri06_Biochar,DE9,0.0
2021,Agri06_Biochar,DEA,0.0
2021,Agri06_Biochar,DEB,0.0
2021,Agri06_Biochar,DEC,0.0
2021,Agri06_Biochar,DEE,0.0
2021,Agri06_Biochar,DED,0.0
2021,Agri06_Biochar,DEF,0.0
2021,Agri06_Biochar,DEG,0.0
2022,Agri01_AGC,DE1,13749.158094016253
2022,Agri01_AGC,DE2,29426.422599890153
2022,Agri01_AGC,DE3,0.0
2022,Agri01_AGC,DE4,11951.470804658771
2022,Agri01_AGC,DE5,0.0
2022,Agri01_AGC,DE6,90.30470186661437
2022,Agri01_AGC,DE7,7537.513478650399
2022,Agri01_AGC,DE8,13096.361599258144
2022,Agri01_AGC,DE9,24374.686812673506
2022,Agri01_AGC,DEA,14339.870370757464
2022,Agri01_AGC,DEB,7225.486047617289
2022,Agri01_AGC,DEC,0.0
2022,Agri01_AGC,DEE,10918.519320205049
2022,Agri01_AGC,DED,8204.397671524015
2022,Agri01_AGC,DEF,9131.867947210627
2022,Agri01_AGC,DEG,7300.5706737144465
2022,Agri02_OFC,DE1,0.0
2022,Agri02_OFC,DE2,0.0
2022,Agri02_OFC,DE3,0.0
2022,Agri02_OFC,DE4,0.0
2022,Agri02_OFC,DE5,0.0
2022,Agri02_OFC,DE6,0.0
2022,Agri02_OFC,DE7,0.0
2022,Agri02_OFC,DE8,0.0
2022,Agri02_OFC,DE9,0.0
2022,Agri02_OFC,DEA,0.0
2022,Agri02_OFC,DEB,0.0
2022,Agri02_OFC,DEC,0.0
2022,Agri02_OFC,DEE,0.0
2022,Agri02_OFC,DED,0.0
2022,Agri02_OFC,DEF,0.0
2022,Agri02_OFC,DEG,0.0
2022,Agri03_No-till,DE1,0.0
2022,Agri03_No-till,DE2,0.0
2022,Agri03_No-till,DE3,0.0
2022,Agri03_No-till,DE4,0.0
2022,Agri03_No-till,DE5,0.0
2022,Agri03_No-till,DE6,0.0
2022,Agri03_No-till,DE7,0.0
2022,Agri03_No-till,DE8,0.0
2022,Agri03_No-till,DE9,0.0
2022,Agri03_No-till,DEA,0.0
2022,Agri03_No-till,DEB,0.0
2022,Agri03_No-till,DEC,0.0
2022,Agri03_No-till,DEE,0.0
2022,Agri03_No-till,DED,0.0
2022,Agri03_No-till,DEF,0.0
2022,Agri03_No-till,DEG,0.0
2022,Agri04_toGrassland,DE1,92.82871069845369
2022,Agri04_toGrassland,DE2,198.67520991008638
2022,Agri04_toGrassland,DE3,3.340400467293484
2022,Agri04_toGrassland,DE4,80.69145893591272
2022,Agri04_toGrassland,DE5,2.0409081512465703
2022,Agri04_toGrassland,DE6,1.099963428897225
2022,Agri04_toGrassland,DE7,50.890218390888045
2022,Agri04_toGrassland,DE8,88.42129487397219
2022,Agri04_toGrassland,DE9,164.56794918110774
2022,Agri04_toGrassland,DEA,96.81695919110135
2022,Agri04_toGrassland,DEB,48.78353637244794
2022,Agri04_toGrassland,DEC,7.094220860309998
2022,Agri04_toGrassland,DEE,73.71739158864557
2022,Agri04_toGrassland,DED,55.39274861028953
2022,Agri04_toGrassland,DEF,61.65464983467047
2022,Agri04_toGrassland,DEG,49.29047716011027
2022,Agri05_Agroforestry,DE1,1183.4738108692522
2022,Agri05_Agroforestry,DE2,2333.8055758862415
2022,Agri05_Agroforestry,DE3,94.54500000000002
2022,Agri05_Agroforestry,DE4,1063.5879088266383
2022,Agri05_Agroforestry,DE5,102.5769287303415
2022,Agri05_Agroforestry,DE6,19.462544399903557
2022,Agri05_Agroforestry,DE7,578.7565057619104
2022,Agri05_Agroforestry,DE8,1133.6251413924613
2022,Agri05_Agroforestry,DE9,1961.1812334851047
2022,Agri05_Agroforestry,DEA,1224.8685875559781
2022,Agri05_Agroforestry,DEB,649.8239725749161
2022,Agri05_Agroforestry,DEC,195.27244136283468
2022,Agri05_Agroforestry,DEE,923.6158098175838
2022,Agri05_Agroforestry,DED,722.8055919909556
2022,Agri05_Agroforestry,DEF,670.1193944419297
2022,Agri05_Agroforestry,DEG,535.746498959917
2022,Agri06_Biochar,DE1,0.0
2022,Agri06_Biochar,DE2,0.0
2022,Agri06_Biochar,DE3,0.0
2022,Agri06_Biochar,DE4,0.0
2022,Agri06_Biochar,DE5,0.0
2022,Agri06_Biochar,DE6,0.0
2022,Agri06_Biochar,DE7,0.0
2022,Agri06_Biochar,DE8,0.0
2022,Agri06_Biochar,DE9,0.0
2022,Agri06_Biochar,DEA,0.0
2022,Agri06_Biochar,DEB,0.0
2022,Agri06_Biochar,DEC,0.0
2022,Agri06_Biochar,DEE,0.0
2022,Agri06_Biochar,DED,0.0
2022,Agri06_Biochar,DEF,0.0
2022,Agri06_Biochar,DEG,0.0
2023,Agri01_AGC,DE1,20987.646094607353
2023,Agri01_AGC,DE2,44104.968332082426
2023,Agri01_AGC,DE3,0.0
2023,Agri01_AGC,DE4,18385.93434984387
2023,Agri01_AGC,DE5,0.0
2023,Agri01_AGC,DE6,198.29969582790613
2023,Agri01_AGC,DE7,11219.585321248556
2023,Agri01_AGC,DE8,20017.08371446487
2023,Agri01_AGC,DE9,36647.834452890915
2023,Agri01_AGC,DEA,21850.732241929967
2023,Agri01_AGC,DEB,11143.394298042107
2023,Agri01_AGC,DEC,0.0
2023,Agri01_AGC,DEE,16600.545301093698
2023,Agri01_AGC,DED,12591.585946144018
2023,Agri01_AGC,DEF,13465.88630292991
2023,Agri01_AGC,DEG,10765.498797944017
2023,Agri02_OFC,DE1,5136.5601792729585
2023,Agri02_OFC,DE2,10416.157834544847
2023,Agri02_OFC,DE3,672.905014579967
2023,Agri02_OFC,DE4,4566.010086427207
2023,Agri02_OFC,DE5,334.9007168476477
2023,Agri02_OFC,DE6,76.63517374030266
2023,Agri02_OFC,DE7,2612.8638470309597
2023,Agri02_OFC,DE8,4911.0678398419195
2023,Agri02_OFC,DE9,8709.244449660007
2023,Agri02_OFC,DEA,5329.841535460693
2023,Agri02_OFC,DEB,2780.217568024388
2023,Agri02_OFC,DEC,696.4874737439003
2023,Agri02_OFC,DEE,4032.0669715337867
2023,Agri02_OFC,DED,3113.2270425185643
2023,Agri02_OFC,DEF,3075.496719813282
2023,Agri02_OFC,DEG,2458.774791849786
2023,Agri03_No-till,DE1,0.0
2023,Agri03_No-till,DE2,0.0
2023,Agri03_No-till,DE3,0.0
2023,Agri03_No-till,DE4,0.0
2023,Agri03_No-till,DE5,0.0
2023,Agri03_No-till,DE6,0.0
2023,Agri03_No-till,DE7,0.0
2023,Agri03_No-till,DE8,0.0
2023,Agri03_No-till,DE9,0.0
2023,Agri03_No-till,DEA,0.0
2023,Agri03_No-till,DEB,0.0
2023,Agri03_No-till,DEC,0.0
2023,Agri03_No-till,DEE,0.0
2023,Agri03_No-till,DED,0.0
2023,Agri03_No-till,DEF,0.0
2023,Agri03_No-till,DEG,0.0
2023,Agri04_toGrassland,DE1,141.70003095722163
2023,Agri04_toGrassland,DE2,297.77876708284947
2023,Agri04_toGrassland,DE3,9.742692141781996
2023,Agri04_toGrassland,DE4,124.13433382697133
2023,Agri04_toGrassland,DE5,5.227289623811928
2023,Agri04_toGrassland,DE6,1.8291016046868385
2023,Agri04_toGrassland,DE7,75.7500665001495
2023,Agri04_toGrassland,DE8,135.1471894097628
2023,Agri04_toGrassland,DE9,247.4312389813017
2023,Agri04_toGrassland,DEA,147.52723679264818
2023,Agri04_toGrassland,DEB,75.2356557702206
2023,Agri04_toGrassland,DEC,13.720885631592058
2023,Agri04_toGrassland,DEE,112.08011477171544
2023,Agri04_toGrassland,DED,85.0132554325647
2023,Agri04_toGrassland,DEF,90.91617503888983
2023,Agri04_toGrassland,DEG,72.68425940013158
2023,Agri05_Agroforestry,DE1,2063.8404089177884
2023,Agri05_Agroforestry,DE2,3760.0923336038572
2023,Agri05_Agroforestry,DE3,94.54500000000002
2023,Agri05_Agroforestry,DE4,1909.0002405002604
2023,Agri05_Agroforestry,DE5,297.9992680393566
2023,Agri05_Agroforestry,DE6,42.4032128066015
2023,Agri05_Agroforestry,DE7,900.3023649202889
2023,Agri05_Agroforestry,DE8,1986.7770007396377
2023,Agri05_Agroforestry,DE9,3207.0715772152307
2023,Agri05_Agroforestry,DEA,2121.322421353637
2023,Agri05_Agroforestry,DEB,1176.5999719145034
2023,Agri05_Agroforestry,DEC,503.6365029032464
2023,Agri05_Agroforestry,DEE,1585.4605132891393
2023,Agri05_Agroforestry,DED,1286.3217859837528
2023,Agri05_Agroforestry,DEF,988.2540683840904
2023,Agri05_Agroforestry,DEG,790.1109852156987
2023,Agri06_Biochar,DE1,0.0
2023,Agri06_Biochar,DE2,0.0
2023,Agri06_Biochar,DE3,0.0
2023,Agri06_Biochar,DE4,0.0
2023,Agri06_Biochar,DE5,0.0
2023,Agri06_Biochar,DE6,0.0
2023,Agri06_Biochar,DE7,0.0
2023,Agri06_Biochar,DE8,0.0
2023,Agri06_Biochar,DE9,0.0
2023,Agri06_Biochar,DEA,0.0
2023,Agri06_Biochar,DEB,0.0
2023,Agri06_Biochar,DEC,0.0
2023,Agri06_Biochar,DEE,0.0
2023,Agri06_Biochar,DED,0.0
2023,Agri06_Biochar,DEF,0.0
2023,Agri06_Biochar,DEG,0.0
2024,Agri01_AGC,DE1,28468.74006425377
2024,Agri01_AGC,DE2,58760.40368577283
2024,Agri01_AGC,DE3,0.0
2024,Agri01_AGC,DE4,25126.21665693277
2024,Agri01_AGC,DE5,0.0
2024,Agri01_AGC,DE6,323.9849818838753
2024,Agri01_AGC,DE7,14843.867232695353
2024,Agri01_AGC,DE8,27186.166706723365
2024,Agri01_AGC,DE9,48978.18491569543
2024,Agri01_AGC,DEA,29588.878570298322
2024,Agri01_AGC,DEB,15264.746032877707
2024,Agri01_AGC,DEC,571.2147695943513
2024,Agri01_AGC,DEE,22431.08216250643
2024,Agri01_AGC,DED,17168.767180002684
2024,Agri01_AGC,DEF,17645.29424672517
2024,Agri01_AGC,DEG,14106.855447088486
2024,Agri02_OFC,DE1,10445.277880918227
2024,Agri02_OFC,DE2,20815.916132345148
2024,Agri02_OFC,DE3,1677.3838074141363
2024,Agri02_OFC,DE4,9349.034620393924
2024,Agri02_OFC,DE5,821.5661955149911
2024,Agri02_OFC,DE6,165.8236942466436
2024,Agri02_OFC,DE7,5184.71892826846
2024,Agri02_OFC,DE8,9998.376987405734
2024,Agri02_OFC,DE9,17459.081042405553
2024,Agri02_OFC,DEA,10820.968175228325
2024,Agri02_OFC,DEB,5704.802260878109
2024,Agri02_OFC,DEC,1608.7568022959554
2024,Agri02_OFC,DEE,8169.519912489153
2024,Agri02_OFC,DED,6361.276477322348
2024,Agri02_OFC,DEF,6041.2791339421365
2024,Agri02_OFC,DEG,4829.861061156698
2024,Agri03_No-till,DE1,0.0
2024,Agri03_No-till,DE2,0.0
2024,Agri03_No-till,DE3,0.0
2024,Agri03_No-till,DE4,0.0
2024,Agri03_No-till,DE5,0.0
2024,Agri03_No-till,DE6,0.0
2024,Agri03_No-till,DE7,0.0
2024,Agri03_No-till,DE8,0.0
2024,Agri03_No-till,DE9,0.0
2024,Agri03_No-till,DEA,0.0
2024,Agri03_No-till,DEB,0.0
2024,Agri03_No-till,DEC,0.0
2024,Agri03_No-till,DEE,0.0
2024,Agri03_No-till,DED,0.0
2024,Agri03_No-till,DEF,0.0
2024,Agri03_No-till,DEG,0.0
2024,Agri04_toGrassland,DE1,192.20932782235028
2024,Agri04_toGrassland,DE2,396.7262924007592
2024,Agri04_toGrassland,DE3,19.299711443498353
2024,Agri04_toGrassland,DE4,169.64197233343145
2024,Agri04_toGrassland,DE5,9.85762269433867
2024,Agri04_toGrassland,DE6,2.6776774213704524
2024,Agri04_toGrassland,DE7,100.2197405519559
2024,Agri04_toGrassland,DE8,183.54991534475647
2024,Agri04_toGrassland,DE9,330.68073892125574
2024,Agri04_toGrassland,DEA,199.7720463981925
2024,Agri04_toGrassland,DEB,103.06134264235905
2024,Agri04_toGrassland,DEC,22.40058663029216
2024,Agri04_toGrassland,DEE,151.4455228806167
2024,Agri04_toGrassland,DED,115.91651726626017
2024,Agri04_toGrassland,DEF,119.13383376769862
2024,Agri04_toGrassland,DEG,95.24373741346366
2024,Agri05_Agroforestry,DE1,3136.626802042265
2024,Agri05_Agroforestry,DE2,5359.301737837803
2024,Agri05_Agroforestry,DE3,94.54500000000002
2024,Agri05_Agroforestry,DE4,2963.4914903474173
2024,Agri05_Agroforestry,DE5,589.5108573109345
2024,Agri05_Agroforestry,DE6,74.15014535113022
2024,Agri05_Agroforestry,DE7,1243.293294930283
2024,Agri05_Agroforestry,DE8,3030.8217191874446
2024,Agri05_Agroforestry,DE9,4629.828405603739
2024,Agri05_Agroforestry,DEA,3207.122615164409
2024,Agri05_Agroforestry,DEB,1837.95197995551
2024,Agri05_Agroforestry,DEC,952.4857916829878
2024,Agri05_Agroforestry,DEE,2380.663082469204
2024,Agri05_Agroforestry,DED,1984.5802453080964
2024,Agri05_Agroforestry,DEF,1295.105393473715
2024,Agri05_Agroforestry,DEG,1035.4696293220295
2024,Agri06_Biochar,DE1,0.0
2024,Agri06_Biochar,DE2,0.0
2024,Agri06_Biochar,DE3,0.0
2024,Agri06_Biochar,DE4,0.0
2024,Agri06_Biochar,DE5,0.0
2024,Agri06_Biochar,DE6,0.0
2024,Agri06_Biochar,DE7,0.0
2024,Agri06_Biochar,DE8,0.0
2024,Agri06_Biochar,DE9,0.0
2024,Agri06_Biochar,DEA,0.0
2024,Agri06_Biochar,DEB,0.0
2024,Agri06_Biochar,DEC,0.0
2024,Agri06_Biochar,DEE,0.0
2024,Agri06_Biochar,DED,0.0
2024,Agri06_Biochar,DEF,0.0
2024,Agri06_Biochar,DEG,0.0
2025,Agri01_AGC,DE1,36192.440002955496
2025,Agri01_AGC,DE2,73392.72866096135
2025,Agri01_AGC,DE3,0.0
2025,Agri01_AGC,DE4,32172.31772592548
2025,Agri01_AGC,DE5,0.0
2025,Agri01_AGC,DE6,467.360560034522
2025,Agri01_AGC,DE7,18410.35921299079
2025,Agri01_AGC,DE8,34603.61057603363
2025,Agri01_AGC,DE9,61365.738201087035
2025,Agri01_AGC,DEA,37554.309355862526
2025,Agri01_AGC,DEB,19589.541252124087
2025,Agri01_AGC,DEC,2160.8749059156235
2025,Agri01_AGC,DEE,28410.12990444325
2025,Agri01_AGC,DED,21935.941373100013
2025,Agri01_AGC,DEF,21670.091778596412
2025,Agri01_AGC,DEG,17324.640621147853
2025,Agri02_OFC,DE1,15926.153104935805
2025,Agri02_OFC,DE2,31199.274893400907
2025,Agri02_OFC,DE3,3013.4363785025075
2025,Agri02_OFC,DE4,14349.073601900152
2025,Agri02_OFC,DE5,1459.9964360020304
2025,Agri02_OFC,DE6,267.5655615190229
2025,Agri02_OFC,DE7,7715.565243712501
2025,Agri02_OFC,DE8,15261.927442691445
2025,Agri02_OFC,DE9,26249.50977823663
2025,Agri02_OFC,DEA,16473.379919302897
2025,Agri02_OFC,DEB,8773.754078561164
2025,Agri02_OFC,DEC,2736.807985656165
2025,Agri02_OFC,DEE,12412.358822866101
2025,Agri02_OFC,DED,9744.148304411352
2025,Agri02_OFC,DEF,8897.347242386564
2025,Agri02_OFC,DEG,7113.258807920737
2025,Agri03_No-till,DE1,0.0
2025,Agri03_No-till,DE2,0.0
2025,Agri03_No-till,DE3,0.0
2025,Agri03_No-till,DE4,0.0
2025,Agri03_No-till,DE5,0.0
2025,Agri03_No-till,DE6,0.0
2025,Agri03_No-till,DE7,0.0
2025,Agri03_No-till,DE8,0.0
2025,Agri03_No-till,DE9,0.0
2025,Agri03_No-till,DEA,0.0
2025,Agri03_No-till,DEB,0.0
2025,Agri03_No-till,DEC,0.0
2025,Agri03_No-till,DEE,0.0
2025,Agri03_No-till,DED,0.0
2025,Agri03_No-till,DEF,0.0
2025,Agri03_No-till,DEG,0.0
2025,Agri04_toGrassland,DE1,244.35660129383965
2025,Agri04_toGrassland,DE2,495.5177858638155
2025,Agri04_toGrassland,DE3,32.01145837244256
2025,Agri04_toGrassland,DE4,217.21437445529307
2025,Agri04_toGrassland,DE5,15.931907362826792
2025,Agri04_toGrassland,DE6,3.6456908789480664
2025,Agri04_toGrassland,DE7,124.29924054630725
2025,Agri04_toGrassland,DE8,233.62947267895316
2025,Agri04_toGrassland,DE9,414.3164490009698
2025,Agri04_toGrassland,DEA,253.55138800773423
2025,Agri04_toGrassland,DEB,132.26059698886328
2025,Agri04_toGrassland,DEC,33.1333238564103
2025,Agri04_toGrassland,DEE,191.81361591534935
2025,Agri04_toGrassland,DED,148.10253411137592
2025,Agri04_toGrassland,DEF,146.3076260210968
2025,Agri04_toGrassland,DEG,116.96891120010652
2025,Agri05_Agroforestry,DE1,4401.832990242681
2025,Agri05_Agroforestry,DE2,7131.433788588079
2025,Agri05_Agroforestry,DE3,94.54500000000002
2025,Agri05_Agroforestry,DE4,4227.061658368109
2025,Agri05_Agroforestry,DE5,776.162
2025,Agri05_Agroforestry,DE6,114.70334203348972
2025,Agri05_Agroforestry,DE7,1607.729295791893
2025,Agri05_Agroforestry,DE8,4265.759296735882
2025,Agri05_Agroforestry,DE9,6229.451718650629
2025,Agri05_Agroforestry,DEA,4482.269168988294
2025,Agri05_Agroforestry,DEB,2633.8799966979363
2025,Agri05_Agroforestry,DEC,1541.820307702059
2025,Agri05_Agroforestry,DEE,3309.2235173577774
2025,Agri05_Agroforestry,DED,2817.5809699639867
2025,Agri05_Agroforestry,DEF,1590.6733697108034
2025,Agri05_Agroforestry,DEG,1271.8224312789089
2025,Agri06_Biochar,DE1,0.0
2025,Agri06_Biochar,DE2,0.0
2025,Agri06_Biochar,DE3,0.0
2025,Agri06_Biochar,DE4,0.0
2025,Agri06_Biochar,DE5,0.0
2025,Agri06_Biochar,DE6,0.0
2025,Agri06_Biochar,DE7,0.0
2025,Agri06_Biochar,DE8,0.0
2025,Agri06_Biochar,DE9,0.0
2025,Agri06_Biochar,DEA,0.0
2025,Agri06_Biochar,DEB,0.0
2025,Agri06_Biochar,DEC,0.0
2025,Agri06_Biochar,DEE,0.0
2025,Agri06_Biochar,DED,0.0
2025,Agri06_Biochar,DEF,0.0
2025,Agri06_Biochar,DEG,0.0
2026,Agri01_AGC,DE1,44158.74591071254
2026,Agri01_AGC,DE2,88001.94325764802
2026,Agri01_AGC,DE3,322.4330000000001
2026,Agri01_AGC,DE4,39524.237556822
2026,Agri01_AGC,DE5,1036.6540000000002
2026,Agri01_AGC,DE6,628.426430279846
2026,Agri01_AGC,DE7,21919.061262134863
2026,Agri01_AGC,DE8,42269.41532239566
2026,Agri01_AGC,DE9,73810.49430906575
2026,Agri01_AGC,DEA,45747.02459862258
2026,Agri01_AGC,DEB,24117.77995578125
2026,Agri01_AGC,DEC,4054.6168230903227
2026,Agri01_AGC,DEE,34537.68852690415
2026,Agri01_AGC,DED,26893.108525436008
2026,Agri01_AGC,DEF,25540.278898543635
2026,Agri01_AGC,DEG,20418.85432012212
2026,Agri02_OFC,DE1,21579.185851325692
2026,Agri02_OFC,DE2,41566.23411771213
2026,Agri02_OFC,DE3,4681.062727845081
2026,Agri02_OFC,DE4,19566.127030945892
2026,Agri02_OFC,DE5,2250.1914383087656
2026,Agri02_OFC,DE6,381.86077555744043
2026,Agri02_OFC,DE7,10205.402793363082
2026,Agri02_OFC,DE8,20701.719205699053
2026,Agri02_OFC,DE9,35080.53065715324
2026,Agri02_OFC,DEA,22287.076767684408
2026,Agri02_OFC,DEB,11987.07302107355
2026,Agri02_OFC,DEC,4080.641023824529
2026,Agri02_OFC,DEE,16760.58370266463
2026,Agri02_OFC,DED,13261.842523785577
2026,Agri02_OFC,DEF,11643.701045146565
2026,Agri02_OFC,DEG,9308.968032141902
2026,Agri03_No-till,DE1,0.0
2026,Agri03_No-till,DE2,0.0
2026,Agri03_No-till,DE3,0.0
2026,Agri03_No-till,DE4,0.0
2026,Agri03_No-till,DE5,0.0
2026,Agri03_No-till,DE6,0.0
2026,Agri03_No-till,DE7,0.0
2026,Agri03_No-till,DE8,0.0
2026,Agri03_No-till,DE9,0.0
2026,Agri03_No-till,DEA,0.0
2026,Agri03_No-till,DEB,0.0
2026,Agri03_No-till,DEC,0.0
2026,Agri03_No-till,DEE,0.0
2026,Agri03_No-till,DED,0.0
2026,Agri03_No-till,DEF,0.0
2026,Agri03_No-till,DEG,0.0
2026,Agri04_toGrassland,DE1,298.14185137168977
2026,Agri04_toGrassland,DE2,594.1532474720184
2026,Agri04_toGrassland,DE3,47.87793292861461
2026,Agri04_toGrassland,DE4,266.8515401925562
2026,Agri04_toGrassland,DE5,23.450143629276294
2026,Agri04_toGrassland,DE6,4.733141977419681
2026,Agri04_toGrassland,DE7,147.98856648320356
2026,Agri04_toGrassland,DE8,285.3858614123529
2026,Agri04_toGrassland,DE9,498.3383692204439
2026,Agri04_toGrassland,DEA,308.8652616212734
2026,Agri04_toGrassland,DEB,162.8334188097333
2026,Agri04_toGrassland,DEC,45.91909730994648
2026,Agri04_toGrassland,DEE,233.1843938759134
2026,Agri04_toGrassland,DED,181.57130596791194
2026,Agri04_toGrassland,DEF,172.43755179908442
2026,Agri04_toGrassland,DEG,137.85978076006015
2026,Agri05_Agroforestry,DE1,5859.4589735190375
2026,Agri05_Agroforestry,DE2,9076.488485854685
2026,Agri05_Agroforestry,DE3,94.54500000000002
2026,Agri05_Agroforestry,DE4,5699.710744562337
2026,Agri05_Agroforestry,DE5,776.162
2026,Agri05_Agroforestry,DE6,164.06280285367998
2026,Agri05_Agroforestry,DE7,1993.6103675051186
2026,Agri05_Agroforestry,DE8,5691.58973338495
2026,Agri05_Agroforestry,DE9,8005.9415163559015
2026,Agri05_Agroforestry,DEA,5946.762082825293
2026,Agri05_Agroforestry,DEB,3564.384022141782
2026,Agri05_Agroforestry,DEC,2271.6400509604596
2026,Agri05_Agroforestry,DEE,4371.14181795486
2026,Agri05_Agroforestry,DED,3785.323959951423
2026,Agri05_Agroforestry,DEF,1874.957997095356
2026,Agri05_Agroforestry,DEG,1499.1693910863373
2026,Agri06_Biochar,DE1,0.0
2026,Agri06_Biochar,DE2,0.0
2026,Agri06_Biochar,DE3,0.0
2026,Agri06_Biochar,DE4,0.0
2026,Agri06_Biochar,DE5,0.0
2026,Agri06_Biochar,DE6,0.0
2026,Agri06_Biochar,DE7,0.0
2026,Agri06_Biochar,DE8,0.0
2026,Agri06_Biochar,DE9,0.0
2026,Agri06_Biochar,DEA,0.0
2026,Agri06_Biochar,DEB,0.0
2026,Agri06_Biochar,DEC,0.0
2026,Agri06_Biochar,DEE,0.0
2026,Agri06_Biochar,DED,0.0
2026,Agri06_Biochar,DEF,0.0
2026,Agri06_Biochar,DEG,0.0
2027,Agri01_AGC,DE1,52367.6577875249
2027,Agri01_AGC,DE2,102588.0474758328
2027,Agri01_AGC,DE3,322.4330000000001
2027,Agri01_AGC,DE4,47181.97614962232
2027,Agri01_AGC,DE5,1036.6540000000002
2027,Agri01_AGC,DE6,807.1825926198476
2027,Agri01_AGC,DE7,25369.973380127576
2027,Agri01_AGC,DE8,50183.58094580946
2027,Agri01_AGC,DE9,86312.45323963156
2027,Agri01_AGC,DEA,54167.02429857848
2027,Agri01_AGC,DEB,28849.462143849196
2027,Agri01_AGC,DEC,6252.4405211184485
2027,Agri01_AGC,DEE,40813.75802988914
2027,Agri01_AGC,DED,32040.268637010668
2027,Agri01_AGC,DEF,29255.855606566838
2027,Agri01_AGC,DEG,23389.496544011283
2027,Agri02_OFC,DE1,27404.376120087887
2027,Agri02_OFC,DE2,51916.7938052788
2027,Agri02_OFC,DE3,6680.262855441857
2027,Agri02_OFC,DE4,25000.194907531142
2027,Agri02_OFC,DE5,3192.1512024351964
2027,Agri02_OFC,DE6,508.70933636189625
2027,Agri02_OFC,DE7,12654.231577220204
2027,Agri02_OFC,DE8,26317.752276428553
2027,Agri02_OFC,DE9,43952.14367915539
2027,Agri02_OFC,DEA,28262.058720372857
2027,Agri02_OFC,DEB,15344.759088415269
2027,Agri02_OFC,DEC,5640.2559168010475
2027,Agri02_OFC,DEE,21214.19455188474
2027,Agri02_OFC,DED,16914.359135445022
2027,Agri02_OFC,DEF,14280.340542222139
2027,Agri02_OFC,DEG,11416.988733820193
2027,Agri03_No-till,DE1,0.0
2027,Agri03_No-till,DE2,0.0
2027,Agri03_No-till,DE3,0.0
2027,Agri03_No-till,DE4,0.0
2027,Agri03_No-till,DE5,0.0
2027,Agri03_No-till,DE6,0.0
2027,Agri03_No-till,DE7,0.0
2027,Agri03_No-till,DE8,0.0
2027,Agri03_No-till,DE9,0.0
2027,Agri03_No-till,DEA,0.0
2027,Agri03_No-till,DEB,0.0
2027,Agri03_No-till,DEC,0.0
2027,Agri03_No-till,DEE,0.0
2027,Agri03_No-till,DED,0.0
2027,Agri03_No-till,DEF,0.0
2027,Agri03_No-till,DEG,0.0
2027,Agri04_toGrassland,DE1,353.5650780559006
2027,Agri04_toGrassland,DE2,692.632677225368
2027,Agri04_toGrassland,DE3,66.8991351120145
2027,Agri04_toGrassland,DE4,318.55346954522076
2027,Agri04_toGrassland,DE5,32.41233149368718
2027,Agri04_toGrassland,DE6,5.940030716785296
2027,Agri04_toGrassland,DE7,171.2877183626448
2027,Agri04_toGrassland,DE8,338.8190815449556
2027,Agri04_toGrassland,DE9,582.746499579678
2027,Agri04_toGrassland,DEA,365.71366723881005
2027,Agri04_toGrassland,DEB,194.7798081049691
2027,Agri04_toGrassland,DEC,60.75790699090071
2027,Agri04_toGrassland,DEE,275.55785676230886
2027,Agri04_toGrassland,DED,216.32283283586824
2027,Agri04_toGrassland,DEF,197.52361110166146
2027,Agri04_toGrassland,DEG,157.91634609332456
2027,Agri05_Agroforestry,DE1,7509.5047518713345
2027,Agri05_Agroforestry,DE2,11194.465829637622
2027,Agri05_Agroforestry,DE3,94.54500000000002
2027,Agri05_Agroforestry,DE4,7381.4387489301
2027,Agri05_Agroforestry,DE5,776.162
2027,Agri05_Agroforestry,DE6,222.22852781170104
2027,Agri05_Agroforestry,DE7,2400.9365100699597
2027,Agri05_Agroforestry,DE8,7308.313029134648
2027,Agri05_Agroforestry,DE9,9959.297798719557
2027,Agri05_Agroforestry,DEA,7600.6013566754045
2027,Agri05_Agroforestry,DEB,4629.464056287047
2027,Agri05_Agroforestry,DEC,3141.94502145819
2027,Agri05_Agroforestry,DEE,5566.417984260452
2027,Agri05_Agroforestry,DED,4887.809215270406
2027,Agri05_Agroforestry,DEF,2147.9592756273723
2027,Agri05_Agroforestry,DEG,1717.5105087443146
2027,Agri06_Biochar,DE1,0.0
2027,Agri06_Biochar,DE2,0.0
2027,Agri06_Biochar,DE3,0.0
2027,Agri06_Biochar,DE4,0.0
2027,Agri06_Biochar,DE5,0.0
2027,Agri06_Biochar,DE6,0.0
2027,Agri06_Biochar,DE7,0.0
2027,Agri06_Biochar,DE8,0.0
2027,Agri06_Biochar,DE9,0.0
2027,Agri06_Biochar,DEA,0.0
2027,Agri06_Biochar,DEB,0.0
2027,Agri06_Biochar,DEC,0.0
2027,Agri06_Biochar,DEE,0.0
2027,Agri06_Biochar,DED,0.0
2027,Agri06_Biochar,DEF,0.0
2027,Agri06_Biochar,DEG,0.0
2028,Agri01_AGC,DE1,60819.17563339257
2028,Agri01_AGC,DE2,117151.04131551573
2028,Agri01_AGC,DE3,322.4330000000001
2028,Agri01_AGC,DE4,55145.53350432645
2028,Agri01_AGC,DE5,1036.6540000000002
2028,Agri01_AGC,DE6,1003.6290470545265
2028,Agri01_AGC,DE7,28763.09556696893
2028,Agri01_AGC,DE8,58346.10744627503
2028,Agri01_AGC,DE9,98871.61499278448
2028,Agri01_AGC,DEA,62814.30845573023
2028,Agri01_AGC,DEB,33784.58781632793
2028,Agri01_AGC,DEC,8754.346000000001
2028,Agri01_AGC,DEE,47238.33841339821
2028,Agri01_AGC,DED,37377.42170782399
2028,Agri01_AGC,DEF,32816.82190266602
2028,Agri01_AGC,DEG,26236.567292815344
2028,Agri02_OFC,DE1,33401.72391122239
2028,Agri02_OFC,DE2,62250.95395610093
2028,Agri02_OFC,DE3,9011.036761292835
2028,Agri02_OFC,DE4,30651.277231655902
2028,Agri02_OFC,DE5,4285.875728381323
2028,Agri02_OFC,DE6,648.1112439323904
2028,Agri02_OFC,DE7,15062.051595283865
2028,Agri02_OFC,DE8,32110.02665487995
2028,Agri02_OFC,DE9,52864.348844243075
2028,Agri02_OFC,DEA,34398.32577736825
2028,Agri02_OFC,DEB,18846.81228058632
2028,Agri02_OFC,DEC,7415.652664585721
2028,Agri02_OFC,DEE,25773.19137052643
2028,Agri02_OFC,DED,20701.698139389686
2028,Agri02_OFC,DEF,16807.265733613283
2028,Agri02_OFC,DEG,13437.32091295561
2028,Agri03_No-till,DE1,0.0
2028,Agri03_No-till,DE2,0.0
2028,Agri03_No-till,DE3,0.0
2028,Agri03_No-till,DE4,0.0
2028,Agri03_No-till,DE5,0.0
2028,Agri03_No-till,DE6,0.0
2028,Agri03_No-till,DE7,0.0
2028,Agri03_No-till,DE8,0.0
2028,Agri03_No-till,DE9,0.0
2028,Agri03_No-till,DEA,0.0
2028,Agri03_No-till,DEB,0.0
2028,Agri03_No-till,DEC,0.0
2028,Agri03_No-till,DEE,0.0
2028,Agri03_No-till,DED,0.0
2028,Agri03_No-till,DEF,0.0
2028,Agri03_No-till,DEG,0.0
2028,Agri04_toGrassland,DE1,410.6262813464721
2028,Agri04_toGrassland,DE2,790.9560751238641
2028,Agri04_toGrassland,DE3,89.07506492264224
2028,Agri04_toGrassland,DE4,372.32016251328685
2028,Agri04_toGrassland,DE5,42.81847095605944
2028,Agri04_toGrassland,DE6,7.266357097044912
2028,Agri04_toGrassland,DE7,194.19669618463098
2028,Agri04_toGrassland,DE8,393.9291330767614
2028,Agri04_toGrassland,DE9,667.5408400786722
2028,Agri04_toGrassland,DEA,424.09660486034414
2028,Agri04_toGrassland,DEB,228.09976487457072
2028,Agri04_toGrassland,DEC,77.64975289927297
2028,Agri04_toGrassland,DEE,318.9340045745357
2028,Agri04_toGrassland,DED,252.35711471524482
2028,Agri04_toGrassland,DEF,221.5658039288279
2028,Agri04_toGrassland,DEG,177.13860719989975
2028,Agri05_Agroforestry,DE1,9351.970325299571
2028,Agri05_Agroforestry,DE2,13485.365819936887
2028,Agri05_Agroforestry,DE3,94.54500000000002
2028,Agri05_Agroforestry,DE4,9272.245671471397
2028,Agri05_Agroforestry,DE5,776.162
2028,Agri05_Agroforestry,DE6,289.20051690755287
2028,Agri05_Agroforestry,DE7,2829.7077234864164
2028,Agri05_Agroforestry,DE8,9115.929183984977
2028,Agri05_Agroforestry,DE9,12089.520565741594
2028,Agri05_Agroforestry,DEA,9443.78699053863
2028,Agri05_Agroforestry,DEB,5829.120099133732
2028,Agri05_Agroforestry,DEC,3458.3510000000006
2028,Agri05_Agroforestry,DEE,6895.052016274552
2028,Agri05_Agroforestry,DED,6125.036735920935
2028,Agri05_Agroforestry,DEF,2409.6772053068526
2028,Agri05_Agroforestry,DEG,1926.8457842528408
2028,Agri06_Biochar,DE1,0.0
2028,Agri06_Biochar,DE2,0.0
2028,Agri06_Biochar,DE3,0.0
2028,Agri06_Biochar,DE4,0.0
2028,Agri06_Biochar,DE5,0.0
2028,Agri06_Biochar,DE6,0.0
2028,Agri06_Biochar,DE7,0.0
2028,Agri06_Biochar,DE8,0.0
2028,Agri06_Biochar,DE9,0.0
2028,Agri06_Biochar,DEA,0.0
2028,Agri06_Biochar,DEB,0.0
2028,Agri06_Biochar,DEC,0.0
2028,Agri06_Biochar,DEE,0.0
2028,Agri06_Biochar,DED,0.0
2028,Agri06_Biochar,DEF,0.0
2028,Agri06_Biochar,DEG,0.0
2029,Agri01_AGC,DE1,69513.29944831556
2029,Agri01_AGC,DE2,131690.92477669677
2029,Agri01_AGC,DE3,322.4330000000001
2029,Agri01_AGC,DE4,63414.909620934384
2029,Agri01_AGC,DE5,1036.6540000000002
2029,Agri01_AGC,DE6,1217.765793583883
2029,Agri01_AGC,DE7,32098.42782265892
2029,Agri01_AGC,DE8,66756.99482379237
2029,Agri01_AGC,DE9,111487.9795685245
2029,Agri01_AGC,DEA,71688.87707007783
2029,Agri01_AGC,DEB,38923.15697321744
2029,Agri01_AGC,DEC,8754.346000000001
2029,Agri01_AGC,DEE,53811.42967743136
2029,Agri01_AGC,DED,42904.56773787597
2029,Agri01_AGC,DEF,36223.17778684119
2029,Agri01_AGC,DEG,28960.066566534304
2029,Agri02_OFC,DE1,39571.229224729206
2029,Agri02_OFC,DE2,72568.71457017852
2029,Agri02_OFC,DE3,11673.384445398015
2029,Agri02_OFC,DE4,36519.374003320176
2029,Agri02_OFC,DE5,5531.365016147145
2029,Agri02_OFC,DE6,800.0664982689228
2029,Agri02_OFC,DE7,17428.862847554068
2029,Agri02_OFC,DE8,38078.54234105324
2029,Agri02_OFC,DE9,61817.146152416295
2029,Agri02_OFC,DEA,40695.87793867058
2029,Agri02_OFC,DEB,22493.232597586706
2029,Agri02_OFC,DEC,9406.83126717855
2029,Agri02_OFC,DEE,30437.5741585897
2029,Agri02_OFC,DED,24623.85953561957
2029,Agri02_OFC,DEF,19224.47661932
2029,Agri02_OFC,DEG,15369.964569548154
2029,Agri03_No-till,DE1,0.0
2029,Agri03_No-till,DE2,0.0
2029,Agri03_No-till,DE3,0.0
2029,Agri03_No-till,DE4,0.0
2029,Agri03_No-till,DE5,0.0
2029,Agri03_No-till,DE6,0.0
2029,Agri03_No-till,DE7,0.0
2029,Agri03_No-till,DE8,0.0
2029,Agri03_No-till,DE9,0.0
2029,Agri03_No-till,DEA,0.0
2029,Agri03_No-till,DEB,0.0
2029,Agri03_No-till,DEC,0.0
2029,Agri03_No-till,DEE,0.0
2029,Agri03_No-till,DED,0.0
2029,Agri03_No-till,DEF,0.0
2029,Agri03_No-till,DEG,0.0
2029,Agri04_toGrassland,DE1,469.3254612434044
2029,Agri04_toGrassland,DE2,889.1234411675069
2029,Agri04_toGrassland,DE3,114.40572236049783
2029,Agri04_toGrassland,DE4,428.1516190967545
2029,Agri04_toGrassland,DE5,54.66856201639309
2029,Agri04_toGrassland,DE6,8.712121118198528
2029,Agri04_toGrassland,DE7,216.71549994916214
2029,Agri04_toGrassland,DE8,450.7160160077702
2029,Agri04_toGrassland,DE9,752.7213907174265
2029,Agri04_toGrassland,DEA,484.01407448587565
2029,Agri04_toGrassland,DEB,262.7932891185381
2029,Agri04_toGrassland,DEC,96.59463503506328
2029,Agri04_toGrassland,DEE,363.31283731259396
2029,Agri04_toGrassland,DED,289.6741516060417
2029,Agri04_toGrassland,DEF,244.56413028058378
2029,Agri04_toGrassland,DEG,195.52656407978571
2029,Agri05_Agroforestry,DE1,11386.855693803747
2029,Agri05_Agroforestry,DE2,15949.188456752483
2029,Agri05_Agroforestry,DE3,94.54500000000002
2029,Agri05_Agroforestry,DE4,11372.131512186232
2029,Agri05_Agroforestry,DE5,776.162
2029,Agri05_Agroforestry,DE6,364.9787701412355
2029,Agri05_Agroforestry,DE7,3279.9240077544887
2029,Agri05_Agroforestry,DE8,11114.438197935937
2029,Agri05_Agroforestry,DE9,14396.609817422013
2029,Agri05_Agroforestry,DEA,11476.31898441497
2029,Agri05_Agroforestry,DEB,7163.352150681836
2029,Agri05_Agroforestry,DEC,3458.3510000000006
2029,Agri05_Agroforestry,DEE,8357.043913997162
2029,Agri05_Agroforestry,DED,7497.00652190301
2029,Agri05_Agroforestry,DEF,2660.1117861337966
2029,Agri05_Agroforestry,DEG,2127.1752176119157
2029,Agri06_Biochar,DE1,0.0
2029,Agri06_Biochar,DE2,0.0
2029,Agri06_Biochar,DE3,0.0
2029,Agri06_Biochar,DE4,0.0
2029,Agri06_Biochar,DE5,0.0
2029,Agri06_Biochar,DE6,0.0
2029,Agri06_Biochar,DE7,0.0
2029,Agri06_Biochar,DE8,0.0
2029,Agri06_Biochar,DE9,0.0
2029,Agri06_Biochar,DEA,0.0
2029,Agri06_Biochar,DEB,0.0
2029,Agri06_Biochar,DEC,0.0
2029,Agri06_Biochar,DEE,0.0
2029,Agri06_Biochar,DED,0.0
2029,Agri06_Biochar,DEF,0.0
2029,Agri06_Biochar,DEG,0.0
2030,Agri01_AGC,DE1,78450.02923229386
2030,Agri01_AGC,DE2,146207.69785937597
2030,Agri01_AGC,DE3,322.4330000000001
2030,Agri01_AGC,DE4,71990.10449944613
2030,Agri01_AGC,DE5,1036.6540000000002
2030,Agri01_AGC,DE6,1449.5928322079167
2030,Agri01_AGC,DE7,35375.97014719755
2030,Agri01_AGC,DE8,75416.24307836147
2030,Agri01_AGC,DE9,124161.54696685163
2030,Agri01_AGC,DEA,80790.73014162127
2030,Agri01_AGC,DEB,44265.169614517734
2030,Agri01_AGC,DEC,8754.346000000001
2030,Agri01_AGC,DEE,60533.031821988596
2030,Agri01_AGC,DED,48621.706727166624
2030,Agri01_AGC,DEF,39474.92325909233
2030,Agri01_AGC,DEG,31559.99436516816
2030,Agri02_OFC,DE1,45912.892060608334
2030,Agri02_OFC,DE2,82870.07564751156
2030,Agri02_OFC,DE3,14667.305907757396
2030,Agri02_OFC,DE4,42604.48522252396
2030,Agri02_OFC,DE5,6928.619065732663
2030,Agri02_OFC,DE6,964.5750993714936
2030,Agri02_OFC,DE7,19754.66533403081
2030,Agri02_OFC,DE8,44223.299334948424
2030,Agri02_OFC,DE9,70810.53560367505
2030,Agri02_OFC,DEA,47154.71520427985
2030,Agri02_OFC,DEB,26284.020039416424
2030,Agri02_OFC,DEC,11613.791724579532
2030,Agri02_OFC,DEE,35207.34291607455
2030,Agri02_OFC,DED,28680.843324134672
2030,Agri02_OFC,DEF,21531.973199342294
2030,Agri02_OFC,DEG,17214.919703597825
2030,Agri03_No-till,DE1,0.0
2030,Agri03_No-till,DE2,0.0
2030,Agri03_No-till,DE3,0.0
2030,Agri03_No-till,DE4,0.0
2030,Agri03_No-till,DE5,0.0
2030,Agri03_No-till,DE6,0.0
2030,Agri03_No-till,DE7,0.0
2030,Agri03_No-till,DE8,0.0
2030,Agri03_No-till,DE9,0.0
2030,Agri03_No-till,DEA,0.0
2030,Agri03_No-till,DEB,0.0
2030,Agri03_No-till,DEC,0.0
2030,Agri03_No-till,DEE,0.0
2030,Agri03_No-till,DED,0.0
2030,Agri03_No-till,DEF,0.0
2030,Agri03_No-till,DEG,0.0
2030,Agri04_toGrassland,DE1,529.6626177466974
2030,Agri04_toGrassland,DE2,987.1347753562964
2030,Agri04_toGrassland,DE3,142.89110742558125
2030,Agri04_toGrassland,DE4,486.0478392956236
2030,Agri04_toGrassland,DE5,67.96260467468812
2030,Agri04_toGrassland,DE6,10.277322780246145
2030,Agri04_toGrassland,DE7,238.84412965623824
2030,Agri04_toGrassland,DE8,509.179730337982
2030,Agri04_toGrassland,DE9,838.2881514959408
2030,Agri04_toGrassland,DEA,545.4660761154047
2030,Agri04_toGrassland,DEB,298.8603808368713
2030,Agri04_toGrassland,DEC,117.59255339827162
2030,Agri04_toGrassland,DEE,408.69435497648357
2030,Agri04_toGrassland,DED,328.2739435082588
2030,Agri04_toGrassland,DEF,266.51859015692906
2030,Agri04_toGrassland,DEG,213.08021673298248
2030,Agri05_Agroforestry,DE1,13614.160857383864
2030,Agri05_Agroforestry,DE2,18585.93374008441
2030,Agri05_Agroforestry,DE3,94.54500000000002
2030,Agri05_Agroforestry,DE4,13681.0962710746
2030,Agri05_Agroforestry,DE5,776.162
2030,Agri05_Agroforestry,DE6,449.56328751274884
2030,Agri05_Agroforestry,DE7,3751.5853628741766
2030,Agri05_Agroforestry,DE8,13303.840070987528
2030,Agri05_Agroforestry,DE9,16880.565553760815
2030,Agri05_Agroforestry,DEA,13698.19733830442
2030,Agri05_Agroforestry,DEB,8632.16021093136
2030,Agri05_Agroforestry,DEC,3458.3510000000006
2030,Agri05_Agroforestry,DEE,9952.393677428281
2030,Agri05_Agroforestry,DED,9003.718573216633
2030,Agri05_Agroforestry,DEF,2899.2630181082045
2030,Agri05_Agroforestry,DEG,2318.4988088215396
2030,Agri06_Biochar,DE1,0.0
2030,Agri06_Biochar,DE2,0.0
2030,Agri06_Biochar,DE3,0.0
2030,Agri06_Biochar,DE4,0.0
2030,Agri06_Biochar,DE5,0.0
2030,Agri06_Biochar,DE6,0.0
2030,Agri06_Biochar,DE7,0.0
2030,Agri06_Biochar,DE8,0.0
2030,Agri06_Biochar,DE9,0.0
2030,Agri06_Biochar,DEA,0.0
2030,Agri06_Biochar,DEB,0.0
2030,Agri06_Biochar,DEC,0.0
2030,Agri06_Biochar,DEE,0.0
2030,Agri06_Biochar,DED,0.0
2030,Agri06_Biochar,DEF,0.0
2030,Agri06_Biochar,DEG,0.0
2031,Agri01_AGC,DE1,87629.36498532748
2031,Agri01_AGC,DE2,160701.3605635533
2031,Agri01_AGC,DE3,322.4330000000001
2031,Agri01_AGC,DE4,80871.11813986168
2031,Agri01_AGC,DE5,1036.6540000000002
2031,Agri01_AGC,DE6,1699.110162926628
2031,Agri01_AGC,DE7,38595.722540584815
2031,Agri01_AGC,DE8,84323.85220998235
2031,Agri01_AGC,DE9,136892.31718776585
2031,Agri01_AGC,DEA,90119.86767036056
2031,Agri01_AGC,DEB,49810.62574022881
2031,Agri01_AGC,DEC,8754.346000000001
2031,Agri01_AGC,DEE,67403.14484706991
2031,Agri01_AGC,DED,54528.83867569594
2031,Agri01_AGC,DEF,42572.05831941945
2031,Agri01_AGC,DEG,34036.35068871692
2031,Agri02_OFC,DE1,52426.712418859766
2031,Agri02_OFC,DE2,93155.03718810006
2031,Agri02_OFC,DE3,17992.80114837098
2031,Agri02_OFC,DE4,48906.61088926725
2031,Agri02_OFC,DE5,8477.637877137877
2031,Agri02_OFC,DE6,1141.6370472401027
2031,Agri02_OFC,DE7,22039.459054714094
2031,Agri02_OFC,DE8,50544.297636565505
2031,Agri02_OFC,DE9,79844.51719801934
2031,Agri02_OFC,DEA,53774.837574196055
2031,Agri02_OFC,DEB,30219.174606075474
2031,Agri02_OFC,DEC,14036.53403678867
2031,Agri02_OFC,DEE,40082.49764298098
2031,Agri02_OFC,DED,32872.649504935
2031,Agri02_OFC,DEF,23729.755473680158
2031,Agri02_OFC,DEG,18972.18631510462
2031,Agri03_No-till,DE1,0.0
2031,Agri03_No-till,DE2,0.0
2031,Agri03_No-till,DE3,0.0
2031,Agri03_No-till,DE4,0.0
2031,Agri03_No-till,DE5,0.0
2031,Agri03_No-till,DE6,0.0
2031,Agri03_No-till,DE7,0.0
2031,Agri03_No-till,DE8,0.0
2031,Agri03_No-till,DE9,0.0
2031,Agri03_No-till,DEA,0.0
2031,Agri03_No-till,DEB,0.0
2031,Agri03_No-till,DEC,0.0
2031,Agri03_No-till,DEE,0.0
2031,Agri03_No-till,DED,0.0
2031,Agri03_No-till,DEF,0.0
2031,Agri03_No-till,DEG,0.0
2031,Agri04_toGrassland,DE1,591.6377508563511
2031,Agri04_toGrassland,DE2,1084.9900776902323
2031,Agri04_toGrassland,DE3,174.53122011789253
2031,Agri04_toGrassland,DE4,546.0088231098941
2031,Agri04_toGrassland,DE5,82.70059893094454
2031,Agri04_toGrassland,DE6,11.961962083187762
2031,Agri04_toGrassland,DE7,260.5825853058593
2031,Agri04_toGrassland,DE8,569.3202760673969
2031,Agri04_toGrassland,DE9,924.2411224142152
2031,Agri04_toGrassland,DEA,608.4526097489311
2031,Agri04_toGrassland,DEB,336.30104002957023
2031,Agri04_toGrassland,DEC,140.643507988898
2031,Agri04_toGrassland,DEE,455.07855756620455
2031,Agri04_toGrassland,DED,368.1564904218962
2031,Agri04_toGrassland,DEF,287.4291835578638
2031,Agri04_toGrassland,DEG,229.79956515949002
2031,Agri05_Agroforestry,DE1,16033.885816039921
2031,Agri05_Agroforestry,DE2,21395.601669932665
2031,Agri05_Agroforestry,DE3,94.54500000000002
2031,Agri05_Agroforestry,DE4,16199.139948136504
2031,Agri05_Agroforestry,DE5,776.162
2031,Agri05_Agroforestry,DE6,542.954069022093
2031,Agri05_Agroforestry,DE7,4244.69178884548
2031,Agri05_Agroforestry,DE8,15684.134803139748
2031,Agri05_Agroforestry,DE9,19541.387774757997
2031,Agri05_Agroforestry,DEA,16109.422052206985
2031,Agri05_Agroforestry,DEB,10235.544279882304
2031,Agri05_Agroforestry,DEC,3458.3510000000006
2031,Agri05_Agroforestry,DEE,11681.101306567909
2031,Agri05_Agroforestry,DED,10645.1728898618
2031,Agri05_Agroforestry,DEF,3127.1309012300762
2031,Agri05_Agroforestry,DEG,2500.8165578817125
2031,Agri06_Biochar,DE1,0.0
2031,Agri06_Biochar,DE2,0.0
2031,Agri06_Biochar,DE3,0.0
2031,Agri06_Biochar,DE4,0.0
2031,Agri06_Biochar,DE5,0.0
2031,Agri06_Biochar,DE6,0.0
2031,Agri06_Biochar,DE7,0.0
2031,Agri06_Biochar,DE8,0.0
2031,Agri06_Biochar,DE9,0.0
2031,Agri06_Biochar,DEA,0.0
2031,Agri06_Biochar,DEB,0.0
2031,Agri06_Biochar,DEC,0.0
2031,Agri06_Biochar,DEE,0.0
2031,Agri06_Biochar,DED,0.0
2031,Agri06_Biochar,DEF,0.0
2031,Agri06_Biochar,DEG,0.0
2032,Agri01_AGC,DE1,97051.30670741641
2032,Agri01_AGC,DE2,175171.91288922873
2032,Agri01_AGC,DE3,322.4330000000001
2032,Agri01_AGC,DE4,90057.95054218103
2032,Agri01_AGC,DE5,1036.6540000000002
2032,Agri01_AGC,DE6,1702.7469999999998
2032,Agri01_AGC,DE7,41757.68500282073
2032,Agri01_AGC,DE8,93479.822218655
2032,Agri01_AGC,DE9,149680.29023126716
2032,Agri01_AGC,DEA,99676.2896562957
2032,Agri01_AGC,DEB,55559.52535035067
2032,Agri01_AGC,DEC,8754.346000000001
2032,Agri01_AGC,DEE,74421.76875267531
2032,Agri01_AGC,DED,60625.96358346391
2032,Agri01_AGC,DEF,45514.58296782255
2032,Agri01_AGC,DEG,36389.13553718058
2032,Agri02_OFC,DE1,59112.69029948351
2032,Agri02_OFC,DE2,103423.59919194401
2032,Agri02_OFC,DE3,21649.87016723877
2032,Agri02_OFC,DE4,55425.75100355005
2032,Agri02_OFC,DE5,10178.421450362786
2032,Agri02_OFC,DE6,1331.25234187475
2032,Agri02_OFC,DE7,24283.244009603917
2032,Agri02_OFC,DE8,57041.53724590449
2032,Agri02_OFC,DE9,88919.09093544917
2032,Agri02_OFC,DEA,60556.2450484192
2032,Agri02_OFC,DEB,34298.69629756386
2032,Agri02_OFC,DEC,16675.058203805962
2032,Agri02_OFC,DEE,45063.038339308994
2032,Agri02_OFC,DED,37199.27807802054
2032,Agri02_OFC,DEF,25817.823442333596
2032,Agri02_OFC,DEG,20641.76440406854
2032,Agri03_No-till,DE1,0.0
2032,Agri03_No-till,DE2,0.0
2032,Agri03_No-till,DE3,0.0
2032,Agri03_No-till,DE4,0.0
2032,Agri03_No-till,DE5,0.0
2032,Agri03_No-till,DE6,0.0
2032,Agri03_No-till,DE7,0.0
2032,Agri03_No-till,DE8,0.0
2032,Agri03_No-till,DE9,0.0
2032,Agri03_No-till,DEA,0.0
2032,Agri03_No-till,DEB,0.0
2032,Agri03_No-till,DEC,0.0
2032,Agri03_No-till,DEE,0.0
2032,Agri03_No-till,DED,0.0
2032,Agri03_No-till,DEF,0.0
2032,Agri03_No-till,DEG,0.0
2032,Agri04_toGrassland,DE1,655.2508605723656
2032,Agri04_toGrassland,DE2,1182.6893481693148
2032,Agri04_toGrassland,DE3,209.32606043743166
2032,Agri04_toGrassland,DE4,608.0345705395663
2032,Agri04_toGrassland,DE5,98.88254478516234
2032,Agri04_toGrassland,DE6,13.76603902702338
2032,Agri04_toGrassland,DE7,281.93086689802533
2032,Agri04_toGrassland,DE8,631.1376531960148
2032,Agri04_toGrassland,DE9,1010.5803034722496
2032,Agri04_toGrassland,DEA,672.9736753864549
2032,Agri04_toGrassland,DEB,375.115266696635
2032,Agri04_toGrassland,DEC,165.74749880694242
2032,Agri04_toGrassland,DEE,502.46544508175697
2032,Agri04_toGrassland,DED,409.3217923469539
2032,Agri04_toGrassland,DEF,307.2959104833879
2032,Agri04_toGrassland,DEG,245.68460935930833
2032,Agri05_Agroforestry,DE1,18646.030569771916
2032,Agri05_Agroforestry,DE2,24378.19224629725
2032,Agri05_Agroforestry,DE3,94.54500000000002
2032,Agri05_Agroforestry,DE4,18926.262543371944
2032,Agri05_Agroforestry,DE5,776.162
2032,Agri05_Agroforestry,DE6,628.319
2032,Agri05_Agroforestry,DE7,4759.243285668399
2032,Agri05_Agroforestry,DE8,18255.3223943926
2032,Agri05_Agroforestry,DE9,22379.076480413565
2032,Agri05_Agroforestry,DEA,18709.993126122663
2032,Agri05_Agroforestry,DEB,11973.504357534668
2032,Agri05_Agroforestry,DEC,3458.3510000000006
2032,Agri05_Agroforestry,DEE,13543.166801416046
2032,Agri05_Agroforestry,DED,12421.369471838516
2032,Agri05_Agroforestry,DEF,3343.7154354994123
2032,Agri05_Agroforestry,DEG,2674.128464792434
2032,Agri06_Biochar,DE1,0.0
2032,Agri06_Biochar,DE2,0.0
2032,Agri06_Biochar,DE3,0.0
2032,Agri06_Biochar,DE4,0.0
2032,Agri06_Biochar,DE5,0.0
2032,Agri06_Biochar,DE6,0.0
2032,Agri06_Biochar,DE7,0.0
2032,Agri06_Biochar,DE8,0.0
2032,Agri06_Biochar,DE9,0.0
2032,Agri06_Biochar,DEA,0.0
2032,Agri06_Biochar,DEB,0.0
2032,Agri06_Biochar,DEC,0.0
2032,Agri06_Biochar,DEE,0.0
2032,Agri06_Biochar,DED,0.0
2032,Agri06_Biochar,DEF,0.0
2032,Agri06_Biochar,DEG,0.0
2033,Agri01_AGC,DE1,106715.85439856067
2033,Agri01_AGC,DE2,189619.3548364023
2033,Agri01_AGC,DE3,322.4330000000001
2033,Agri01_AGC,DE4,99550.6017064042
2033,Agri01_AGC,DE5,1036.6540000000002
2033,Agri01_AGC,DE6,1702.7469999999998
2033,Agri01_AGC,DE7,44861.85753390528
2033,Agri01_AGC,DE8,102884.15310437941
2033,Agri01_AGC,DE9,162525.4660973556
2033,Agri01_AGC,DEA,109459.99609942669
2033,Agri01_AGC,DEB,61511.86844488331
2033,Agri01_AGC,DEC,8754.346000000001
2033,Agri01_AGC,DEE,81588.9035388048
2033,Agri01_AGC,DED,66913.08145047055
2033,Agri01_AGC,DEF,48302.49720430163
2033,Agri01_AGC,DEG,38618.34891055913
2033,Agri02_OFC,DE1,65970.82570247956
2033,Agri02_OFC,DE2,113675.76165904342
2033,Agri02_OFC,DE3,25638.512964360758
2033,Agri02_OFC,DE4,62161.90556537236
2033,Agri02_OFC,DE5,12030.969785407393
2033,Agri02_OFC,DE6,1533.4209832754357
2033,Agri02_OFC,DE7,26486.020198700284
2033,Agri02_OFC,DE8,63715.01816296537
2033,Agri02_OFC,DE9,98034.25681596453
2033,Agri02_OFC,DEA,67498.9376269493
2033,Agri02_OFC,DEB,38522.58511388158
2033,Agri02_OFC,DEC,19529.36422563141
2033,Agri02_OFC,DEE,50148.965005058584
2033,Agri02_OFC,DED,41660.72904339131
2033,Agri02_OFC,DEF,27796.177105302606
2033,Agri02_OFC,DEG,22223.653970489588
2033,Agri03_No-till,DE1,0.0
2033,Agri03_No-till,DE2,0.0
2033,Agri03_No-till,DE3,0.0
2033,Agri03_No-till,DE4,0.0
2033,Agri03_No-till,DE5,0.0
2033,Agri03_No-till,DE6,0.0
2033,Agri03_No-till,DE7,0.0
2033,Agri03_No-till,DE8,0.0
2033,Agri03_No-till,DE9,0.0
2033,Agri03_No-till,DEA,0.0
2033,Agri03_No-till,DEB,0.0
2033,Agri03_No-till,DEC,0.0
2033,Agri03_No-till,DEE,0.0
2033,Agri03_No-till,DED,0.0
2033,Agri03_No-till,DEF,0.0
2033,Agri03_No-till,DEG,0.0
2033,Agri04_toGrassland,DE1,720.5019468947407
2033,Agri04_toGrassland,DE2,1280.232586793544
2033,Agri04_toGrassland,DE3,247.27562838419863
2033,Agri04_toGrassland,DE4,672.1250815846399
2033,Agri04_toGrassland,DE5,116.50844223734151
2033,Agri04_toGrassland,DE6,15.689553611752999
2033,Agri04_toGrassland,DE7,302.8889744327363
2033,Agri04_toGrassland,DE8,694.6318617238356
2033,Agri04_toGrassland,DE9,1097.3056946700442
2033,Agri04_toGrassland,DEA,739.0292730279763
2033,Agri04_toGrassland,DEB,415.30306083806556
2033,Agri04_toGrassland,DEC,192.90452585240487
2033,Agri04_toGrassland,DEE,550.8550175231408
2033,Agri04_toGrassland,DED,451.7698492834319
2033,Agri04_toGrassland,DEF,326.1187709335014
2033,Agri04_toGrassland,DEG,260.7353493324374
2033,Agri05_Agroforestry,DE1,21450.59511857985
2033,Agri05_Agroforestry,DE2,27533.705469178167
2033,Agri05_Agroforestry,DE3,94.54500000000002
2033,Agri05_Agroforestry,DE4,21862.46405678092
2033,Agri05_Agroforestry,DE5,776.162
2033,Agri05_Agroforestry,DE6,628.319
2033,Agri05_Agroforestry,DE7,5295.239853342934
2033,Agri05_Agroforestry,DE8,21017.40284474608
2033,Agri05_Agroforestry,DE9,25393.631670727515
2033,Agri05_Agroforestry,DEA,21499.910560051456
2033,Agri05_Agroforestry,DEB,13846.04044388845
2033,Agri05_Agroforestry,DEC,3458.3510000000006
2033,Agri05_Agroforestry,DEE,15538.590161972692
2033,Agri05_Agroforestry,DED,14332.308319146778
2033,Agri05_Agroforestry,DEF,3549.016620916212
2033,Agri05_Agroforestry,DEG,2838.4345295537046
2033,Agri06_Biochar,DE1,0.0
2033,Agri06_Biochar,DE2,0.0
2033,Agri06_Biochar,DE3,0.0
2033,Agri06_Biochar,DE4,0.0
2033,Agri06_Biochar,DE5,0.0
2033,Agri06_Biochar,DE6,0.0
2033,Agri06_Biochar,DE7,0.0
2033,Agri06_Biochar,DE8,0.0
2033,Agri06_Biochar,DE9,0.0
2033,Agri06_Biochar,DEA,0.0
2033,Agri06_Biochar,DEB,0.0
2033,Agri06_Biochar,DEC,0.0
2033,Agri06_Biochar,DEE,0.0
2033,Agri06_Biochar,DED,0.0
2033,Agri06_Biochar,DEF,0.0
2033,Agri06_Biochar,DEG,0.0
2034,Agri01_AGC,DE1,116623.00805876023
2034,Agri01_AGC,DE2,204043.686405074
2034,Agri01_AGC,DE3,322.4330000000001
2034,Agri01_AGC,DE4,109349.07163253117
2034,Agri01_AGC,DE5,1036.6540000000002
2034,Agri01_AGC,DE6,1702.7469999999998
2034,Agri01_AGC,DE7,47908.240133838466
2034,Agri01_AGC,DE8,112536.8448671556
2034,Agri01_AGC,DE9,175427.8447860311
2034,Agri01_AGC,DEA,119470.98699975353
2034,Agri01_AGC,DEB,67667.65502382672
2034,Agri01_AGC,DEC,8754.346000000001
2034,Agri01_AGC,DEE,88904.54920545837
2034,Agri01_AGC,DED,73390.19227671585
2034,Agri01_AGC,DEF,50935.801028856695
2034,Agri01_AGC,DEG,40723.99080885258
2034,Agri02_OFC,DE1,73001.11862784793
2034,Agri02_OFC,DE2,123911.5245893983
2034,Agri02_OFC,DE3,29958.72953973695
2034,Agri02_OFC,DE4,69115.07457473419
2034,Agri02_OFC,DE5,14035.282882271695
2034,Agri02_OFC,DE6,1748.1429714421597
2034,Agri02_OFC,DE7,28647.78762200319
2034,Agri02_OFC,DE8,70564.74038774814
2034,Agri02_OFC,DE9,107190.01483956543
2034,Agri02_OFC,DEA,74602.91530978632
2034,Agri02_OFC,DEB,42890.84105502863
2034,Agri02_OFC,DEC,22599.45210226501
2034,Agri02_OFC,DEE,55340.27764022976
2034,Agri02_OFC,DED,46257.00240104729
2034,Agri02_OFC,DEF,29664.816462587187
2034,Agri02_OFC,DEG,23717.85501436776
2034,Agri03_No-till,DE1,0.0
2034,Agri03_No-till,DE2,0.0
2034,Agri03_No-till,DE3,0.0
2034,Agri03_No-till,DE4,0.0
2034,Agri03_No-till,DE5,0.0
2034,Agri03_No-till,DE6,0.0
2034,Agri03_No-till,DE7,0.0
2034,Agri03_No-till,DE8,0.0
2034,Agri03_No-till,DE9,0.0
2034,Agri03_No-till,DEA,0.0
2034,Agri03_No-till,DEB,0.0
2034,Agri03_No-till,DEC,0.0
2034,Agri03_No-till,DEE,0.0
2034,Agri03_No-till,DED,0.0
2034,Agri03_No-till,DEF,0.0
2034,Agri03_No-till,DEG,0.0
2034,Agri04_toGrassland,DE1,787.3910098234767
2034,Agri04_toGrassland,DE2,1377.6197935629198
2034,Agri04_toGrassland,DE3,288.37992395819344
2034,Agri04_toGrassland,DE4,738.2803562451151
2034,Agri04_toGrassland,DE5,135.57829128748207
2034,Agri04_toGrassland,DE6,17.732505837376618
2034,Agri04_toGrassland,DE7,323.4569079099922
2034,Agri04_toGrassland,DE8,759.8029016508596
2034,Agri04_toGrassland,DE9,1184.4172960075987
2034,Agri04_toGrassland,DEA,806.6194026734951
2034,Agri04_toGrassland,DEB,456.8644224538619
2034,Agri04_toGrassland,DEC,222.1145891252854
2034,Agri04_toGrassland,DEE,600.2472748903559
2034,Agri04_toGrassland,DED,495.5006612313301
2034,Agri04_toGrassland,DEF,343.8977649082044
2034,Agri04_toGrassland,DEG,274.95178507887726
2034,Agri05_Agroforestry,DE1,24447.579462463727
2034,Agri05_Agroforestry,DE2,30862.141338575413
2034,Agri05_Agroforestry,DE3,94.54500000000002
2034,Agri05_Agroforestry,DE4,25007.744488363427
2034,Agri05_Agroforestry,DE5,776.162
2034,Agri05_Agroforestry,DE6,628.319
2034,Agri05_Agroforestry,DE7,5852.681491869084
2034,Agri05_Agroforestry,DE8,23970.376154200192
2034,Agri05_Agroforestry,DE9,28585.053345699846
2034,Agri05_Agroforestry,DEA,24479.17435399336
2034,Agri05_Agroforestry,DEB,15853.152538943652
2034,Agri05_Agroforestry,DEC,3458.3510000000006
2034,Agri05_Agroforestry,DEE,17156.976000000002
2034,Agri05_Agroforestry,DED,16377.989431786586
2034,Agri05_Agroforestry,DEF,3743.034457480476
2034,Agri05_Agroforestry,DEG,2993.734752165524
2034,Agri06_Biochar,DE1,0.0
2034,Agri06_Biochar,DE2,0.0
2034,Agri06_Biochar,DE3,0.0
2034,Agri06_Biochar,DE4,0.0
2034,Agri06_Biochar,DE5,0.0
2034,Agri06_Biochar,DE6,0.0
2034,Agri06_Biochar,DE7,0.0
2034,Agri06_Biochar,DE8,0.0
2034,Agri06_Biochar,DE9,0.0
2034,Agri06_Biochar,DEA,0.0
2034,Agri06_Biochar,DEB,0.0
2034,Agri06_Biochar,DEC,0.0
2034,Agri06_Biochar,DEE,0.0
2034,Agri06_Biochar,DED,0.0
2034,Agri06_Biochar,DEF,0.0
2034,Agri06_Biochar,DEG,0.0
2035,Agri01_AGC,DE1,126772.7676880151
2035,Agri01_AGC,DE2,218444.90759524383
2035,Agri01_AGC,DE3,322.4330000000001
2035,Agri01_AGC,DE4,119453.36032056194
2035,Agri01_AGC,DE5,1036.6540000000002
2035,Agri01_AGC,DE6,1702.7469999999998
2035,Agri01_AGC,DE7,50896.832802620294
2035,Agri01_AGC,DE8,122437.89750698356
2035,Agri01_AGC,DE9,188387.42629729374
2035,Agri01_AGC,DEA,129709.26235727621
2035,Agri01_AGC,DEB,74026.88508718093
2035,Agri01_AGC,DEC,8754.346000000001
2035,Agri01_AGC,DEE,96368.70575263603
2035,Agri01_AGC,DED,80057.29606219982
2035,Agri01_AGC,DEF,53414.49444148774
2035,Agri01_AGC,DEG,42706.06123206093
2035,Agri02_OFC,DE1,80203.5690755886
2035,Agri02_OFC,DE2,134130.8879830086
2035,Agri02_OFC,DE3,34610.519893367346
2035,Agri02_OFC,DE4,76285.25803163552
2035,Agri02_OFC,DE5,16191.360740955692
2035,Agri02_OFC,DE6,1975.418306374922
2035,Agri02_OFC,DE7,30768.546279512637
2035,Agri02_OFC,DE8,77590.70392025281
2035,Agri02_OFC,DE9,116386.36500625186
2035,Agri02_OFC,DEA,81868.17809693028
2035,Agri02_OFC,DEB,47403.46412100501
2035,Agri02_OFC,DEC,25885.321833706766
2035,Agri02_OFC,DEE,60636.976244822516
2035,Agri02_OFC,DED,50988.098150988495
2035,Agri02_OFC,DEF,31423.741514187343
2035,Agri02_OFC,DEG,25124.367535703062
2035,Agri03_No-till,DE1,0.0
2035,Agri03_No-till,DE2,0.0
2035,Agri03_No-till,DE3,0.0
2035,Agri03_No-till,DE4,0.0
2035,Agri03_No-till,DE5,0.0
2035,Agri03_No-till,DE6,0.0
2035,Agri03_No-till,DE7,0.0
2035,Agri03_No-till,DE8,0.0
2035,Agri03_No-till,DE9,0.0
2035,Agri03_No-till,DEA,0.0
2035,Agri03_No-till,DEB,0.0
2035,Agri03_No-till,DEC,0.0
2035,Agri03_No-till,DEE,0.0
2035,Agri03_No-till,DED,0.0
2035,Agri03_No-till,DEF,0.0
2035,Agri03_No-till,DEG,0.0
2035,Agri04_toGrassland,DE1,855.9180493585733
2035,Agri04_toGrassland,DE2,1474.8509684774422
2035,Agri04_toGrassland,DE3,332.6389471594161
2035,Agri04_toGrassland,DE4,806.5003945209917
2035,Agri04_toGrassland,DE5,156.09209193558402
2035,Agri04_toGrassland,DE6,19.894895703894235
2035,Agri04_toGrassland,DE7,343.63466732979305
2035,Agri04_toGrassland,DE8,826.6507729770865
2035,Agri04_toGrassland,DE9,1271.9151074849133
2035,Agri04_toGrassland,DEA,875.7440643230113
2035,Agri04_toGrassland,DEB,499.79935154402403
2035,Agri04_toGrassland,DEC,253.37768862558394
2035,Agri04_toGrassland,DEE,650.6422171834025
2035,Agri04_toGrassland,DED,540.5142281906486
2035,Agri04_toGrassland,DEF,360.6328924074968
2035,Agri04_toGrassland,DEG,288.3339165986279
2035,Agri05_Agroforestry,DE1,27636.983601423544
2035,Agri05_Agroforestry,DE2,34363.49985448899
2035,Agri05_Agroforestry,DE3,94.54500000000002
2035,Agri05_Agroforestry,DE4,28362.10383811947
2035,Agri05_Agroforestry,DE5,776.162
2035,Agri05_Agroforestry,DE6,628.319
2035,Agri05_Agroforestry,DE7,6431.568201246851
2035,Agri05_Agroforestry,DE8,27114.242322754933
2035,Agri05_Agroforestry,DE9,31953.341505330558
2035,Agri05_Agroforestry,DEA,27647.784507948378
2035,Agri05_Agroforestry,DEB,17994.840642700274
2035,Agri05_Agroforestry,DEC,3458.3510000000006
2035,Agri05_Agroforestry,DEE,17156.976000000002
2035,Agri05_Agroforestry,DED,18558.412809757938
2035,Agri05_Agroforestry,DEF,3925.7689451922033
2035,Agri05_Agroforestry,DEG,3140.029132627892
2035,Agri06_Biochar,DE1,0.0
2035,Agri06_Biochar,DE2,0.0
2035,Agri06_Biochar,DE3,0.0
2035,Agri06_Biochar,DE4,0.0
2035,Agri06_Biochar,DE5,0.0
2035,Agri06_Biochar,DE6,0.0
2035,Agri06_Biochar,DE7,0.0
2035,Agri06_Biochar,DE8,0.0
2035,Agri06_Biochar,DE9,0.0
2035,Agri06_Biochar,DEA,0.0
2035,Agri06_Biochar,DEB,0.0
2035,Agri06_Biochar,DEC,0.0
2035,Agri06_Biochar,DEE,0.0
2035,Agri06_Biochar,DED,0.0
2035,Agri06_Biochar,DEF,0.0
2035,Agri06_Biochar,DEG,0.0
2036,Agri01_AGC,DE1,137165.1332863253
2036,Agri01_AGC,DE2,232823.01840691178
2036,Agri01_AGC,DE3,322.4330000000001
2036,Agri01_AGC,DE4,129863.46777049653
2036,Agri01_AGC,DE5,1036.6540000000002
2036,Agri01_AGC,DE6,1702.7469999999998
2036,Agri01_AGC,DE7,53827.63554025076
2036,Agri01_AGC,DE8,132587.3110238633
2036,Agri01_AGC,DE9,201404.21063114348
2036,Agri01_AGC,DEA,140174.82217199475
2036,Agri01_AGC,DEB,80589.55863494592
2036,Agri01_AGC,DEC,8754.346000000001
2036,Agri01_AGC,DEE,103981.37318033777
2036,Agri01_AGC,DED,86914.39280692245
2036,Agri01_AGC,DEF,55738.57744219476
2036,Agri01_AGC,DEG,44564.56018018418
2036,Agri02_OFC,DE1,80203.5690755886
2036,Agri02_OFC,DE2,134130.8879830086
2036,Agri02_OFC,DE3,34610.519893367346
2036,Agri02_OFC,DE4,76285.25803163552
2036,Agri02_OFC,DE5,16191.360740955692
2036,Agri02_OFC,DE6,1975.418306374922
2036,Agri02_OFC,DE7,30768.546279512637
2036,Agri02_OFC,DE8,77590.70392025281
2036,Agri02_OFC,DE9,116386.36500625186
2036,Agri02_OFC,DEA,81868.17809693028
2036,Agri02_OFC,DEB,47403.46412100501
2036,Agri02_OFC,DEC,25885.321833706766
2036,Agri02_OFC,DEE,60636.976244822516
2036,Agri02_OFC,DED,50988.098150988495
2036,Agri02_OFC,DEF,31423.741514187343
2036,Agri02_OFC,DEG,25124.367535703062
2036,Agri03_No-till,DE1,0.0
2036,Agri03_No-till,DE2,0.0
2036,Agri03_No-till,DE3,0.0
2036,Agri03_No-till,DE4,0.0
2036,Agri03_No-till,DE5,0.0
2036,Agri03_No-till,DE6,0.0
2036,Agri03_No-till,DE7,0.0
2036,Agri03_No-till,DE8,0.0
2036,Agri03_No-till,DE9,0.0
2036,Agri03_No-till,DEA,0.0
2036,Agri03_No-till,DEB,0.0
2036,Agri03_No-till,DEC,0.0
2036,Agri03_No-till,DEE,0.0
2036,Agri03_No-till,DED,0.0
2036,Agri03_No-till,DEF,0.0
2036,Agri03_No-till,DEG,0.0
2036,Agri04_toGrassland,DE1,855.9180493585733
2036,Agri04_toGrassland,DE2,1474.8509684774422
2036,Agri04_toGrassland,DE3,332.6389471594161
2036,Agri04_toGrassland,DE4,806.5003945209917
2036,Agri04_toGrassland,DE5,156.09209193558402
2036,Agri04_toGrassland,DE6,19.894895703894235
2036,Agri04_toGrassland,DE7,343.63466732979305
2036,Agri04_toGrassland,DE8,826.6507729770865
2036,Agri04_toGrassland,DE9,1271.9151074849133
2036,Agri04_toGrassland,DEA,875.7440643230113
2036,Agri04_toGrassland,DEB,499.79935154402403
2036,Agri04_toGrassland,DEC,253.37768862558394
2036,Agri04_toGrassland,DEE,650.6422171834025
2036,Agri04_toGrassland,DED,540.5142281906486
2036,Agri04_toGrassland,DEF,360.6328924074968
2036,Agri04_toGrassland,DEG,288.3339165986279
2036,Agri05_Agroforestry,DE1,31018.807535459302
2036,Agri05_Agroforestry,DE2,38037.781016918896
2036,Agri05_Agroforestry,DE3,94.54500000000002
2036,Agri05_Agroforestry,DE4,31925.54210604905
2036,Agri05_Agroforestry,DE5,776.162
2036,Agri05_Agroforestry,DE6,628.319
2036,Agri05_Agroforestry,DE7,7031.899981476232
2036,Agri05_Agroforestry,DE8,30449.001350410304
2036,Agri05_Agroforestry,DE9,35498.496149619656
2036,Agri05_Agroforestry,DEA,31005.74102191651
2036,Agri05_Agroforestry,DEB,20271.104755158314
2036,Agri05_Agroforestry,DEC,3458.3510000000006
2036,Agri05_Agroforestry,DEE,17156.976000000002
2036,Agri05_Agroforestry,DED,19114.16
2036,Agri05_Agroforestry,DEF,4097.220084051395
2036,Agri05_Agroforestry,DEG,3277.317670940809
2036,Agri06_Biochar,DE1,0.0
2036,Agri06_Biochar,DE2,0.0
2036,Agri06_Biochar,DE3,0.0
2036,Agri06_Biochar,DE4,0.0
2036,Agri06_Biochar,DE5,0.0
2036,Agri06_Biochar,DE6,0.0
2036,Agri06_Biochar,DE7,0.0
2036,Agri06_Biochar,DE8,0.0
2036,Agri06_Biochar,DE9,0.0
2036,Agri06_Biochar,DEA,0.0
2036,Agri06_Biochar,DEB,0.0
2036,Agri06_Biochar,DEC,0.0
2036,Agri06_Biochar,DEE,0.0
2036,Agri06_Biochar,DED,0.0
2036,Agri06_Biochar,DEF,0.0
2036,Agri06_Biochar,DEG,0.0
2037,Agri01_AGC,DE1,147800.1048536908
2037,Agri01_AGC,DE2,247178.0188400779
2037,Agri01_AGC,DE3,322.4330000000001
2037,Agri01_AGC,DE4,136540.38600000003
2037,Agri01_AGC,DE5,1036.6540000000002
2037,Agri01_AGC,DE6,1702.7469999999998
2037,Agri01_AGC,DE7,56700.64834672987
2037,Agri01_AGC,DE8,142985.0854177948
2037,Agri01_AGC,DE9,214478.1977875803
2037,Agri01_AGC,DEA,150867.66644390914
2037,Agri01_AGC,DEB,82330.50400000003
2037,Agri01_AGC,DEC,8754.346000000001
2037,Agri01_AGC,DEE,111742.5514885636
2037,Agri01_AGC,DED,93961.48251088374
2037,Agri01_AGC,DEF,57908.050030977756
2037,Agri01_AGC,DEG,46299.48765322232
2037,Agri02_OFC,DE1,80203.5690755886
2037,Agri02_OFC,DE2,134130.8879830086
2037,Agri02_OFC,DE3,34610.519893367346
2037,Agri02_OFC,DE4,76285.25803163552
2037,Agri02_OFC,DE5,16191.360740955692
2037,Agri02_OFC,DE6,1975.418306374922
2037,Agri02_OFC,DE7,30768.546279512637
2037,Agri02_OFC,DE8,77590.70392025281
2037,Agri02_OFC,DE9,116386.36500625186
2037,Agri02_OFC,DEA,81868.17809693028
2037,Agri02_OFC,DEB,47403.46412100501
2037,Agri02_OFC,DEC,25885.321833706766
2037,Agri02_OFC,DEE,60636.976244822516
2037,Agri02_OFC,DED,50988.098150988495
2037,Agri02_OFC,DEF,31423.741514187343
2037,Agri02_OFC,DEG,25124.367535703062
2037,Agri03_No-till,DE1,0.0
2037,Agri03_No-till,DE2,0.0
2037,Agri03_No-till,DE3,0.0
2037,Agri03_No-till,DE4,0.0
2037,Agri03_No-till,DE5,0.0
2037,Agri03_No-till,DE6,0.0
2037,Agri03_No-till,DE7,0.0
2037,Agri03_No-till,DE8,0.0
2037,Agri03_No-till,DE9,0.0
2037,Agri03_No-till,DEA,0.0
2037,Agri03_No-till,DEB,0.0
2037,Agri03_No-till,DEC,0.0
2037,Agri03_No-till,DEE,0.0
2037,Agri03_No-till,DED,0.0
2037,Agri03_No-till,DEF,0.0
2037,Agri03_No-till,DEG,0.0
2037,Agri04_toGrassland,DE1,855.9180493585733
2037,Agri04_toGrassland,DE2,1474.8509684774422
2037,Agri04_toGrassland,DE3,332.6389471594161
2037,Agri04_toGrassland,DE4,806.5003945209917
2037,Agri04_toGrassland,DE5,156.09209193558402
2037,Agri04_toGrassland,DE6,19.894895703894235
2037,Agri04_toGrassland,DE7,343.63466732979305
2037,Agri04_toGrassland,DE8,826.6507729770865
2037,Agri04_toGrassland,DE9,1271.9151074849133
2037,Agri04_toGrassland,DEA,875.7440643230113
2037,Agri04_toGrassland,DEB,499.79935154402403
2037,Agri04_toGrassland,DEC,253.37768862558394
2037,Agri04_toGrassland,DEE,650.6422171834025
2037,Agri04_toGrassland,DED,540.5142281906486
2037,Agri04_toGrassland,DEF,360.6328924074968
2037,Agri04_toGrassland,DEG,288.3339165986279
2037,Agri05_Agroforestry,DE1,34593.051264571
2037,Agri05_Agroforestry,DE2,41884.98482586513
2037,Agri05_Agroforestry,DE3,94.54500000000002
2037,Agri05_Agroforestry,DE4,34235.052
2037,Agri05_Agroforestry,DE5,776.162
2037,Agri05_Agroforestry,DE6,628.319
2037,Agri05_Agroforestry,DE7,7653.676832557229
2037,Agri05_Agroforestry,DE8,32606.293
2037,Agri05_Agroforestry,DE9,39220.51727856713
2037,Agri05_Agroforestry,DEA,34553.043895897754
2037,Agri05_Agroforestry,DEB,22681.944876317775
2037,Agri05_Agroforestry,DEC,3458.3510000000006
2037,Agri05_Agroforestry,DEE,17156.976000000002
2037,Agri05_Agroforestry,DED,19114.16
2037,Agri05_Agroforestry,DEF,4257.38787405805
2037,Agri05_Agroforestry,DEG,3405.600367104275
2037,Agri06_Biochar,DE1,0.0
2037,Agri06_Biochar,DE2,0.0
2037,Agri06_Biochar,DE3,0.0
2037,Agri06_Biochar,DE4,0.0
2037,Agri06_Biochar,DE5,0.0
2037,Agri06_Biochar,DE6,0.0
2037,Agri06_Biochar,DE7,0.0
2037,Agri06_Biochar,DE8,0.0
2037,Agri06_Biochar,DE9,0.0
2037,Agri06_Biochar,DEA,0.0
2037,Agri06_Biochar,DEB,0.0
2037,Agri06_Biochar,DEC,0.0
2037,Agri06_Biochar,DEE,0.0
2037,Agri06_Biochar,DED,0.0
2037,Agri06_Biochar,DEF,0.0
2037,Agri06_Biochar,DEG,0.0
2038,Agri01_AGC,DE1,147800.1048536908
2038,Agri01_AGC,DE2,247178.0188400779
2038,Agri01_AGC,DE3,322.4330000000001
2038,Agri01_AGC,DE4,136540.38600000003
2038,Agri01_AGC,DE5,1036.6540000000002
2038,Agri01_AGC,DE6,1702.7469999999998
2038,Agri01_AGC,DE7,56700.64834672987
2038,Agri01_AGC,DE8,142985.0854177948
2038,Agri01_AGC,DE9,214478.1977875803
2038,Agri01_AGC,DEA,150867.66644390914
2038,Agri01_AGC,DEB,82330.50400000003
2038,Agri01_AGC,DEC,8754.346000000001
2038,Agri01_AGC,DEE,111742.5514885636
2038,Agri01_AGC,DED,93961.48251088374
2038,Agri01_AGC,DEF,57908.050030977756
2038,Agri01_AGC,DEG,46299.48765322232
2038,Agri02_OFC,DE1,80203.5690755886
2038,Agri02_OFC,DE2,134130.8879830086
2038,Agri02_OFC,DE3,34610.519893367346
2038,Agri02_OFC,DE4,76285.25803163552
2038,Agri02_OFC,DE5,16191.360740955692
2038,Agri02_OFC,DE6,1975.418306374922
2038,Agri02_OFC,DE7,30768.546279512637
2038,Agri02_OFC,DE8,77590.70392025281
2038,Agri02_OFC,DE9,116386.36500625186
2038,Agri02_OFC,DEA,81868.17809693028
2038,Agri02_OFC,DEB,47403.46412100501
2038,Agri02_OFC,DEC,25885.321833706766
2038,Agri02_OFC,DEE,60636.976244822516
2038,Agri02_OFC,DED,50988.098150988495
2038,Agri02_OFC,DEF,31423.741514187343
2038,Agri02_OFC,DEG,25124.367535703062
2038,Agri03_No-till,DE1,0.0
2038,Agri03_No-till,DE2,0.0
2038,Agri03_No-till,DE3,0.0
2038,Agri03_No-till,DE4,0.0
2038,Agri03_No-till,DE5,0.0
2038,Agri03_No-till,DE6,0.0
2038,Agri03_No-till,DE7,0.0
2038,Agri03_No-till,DE8,0.0
2038,Agri03_No-till,DE9,0.0
2038,Agri03_No-till,DEA,0.0
2038,Agri03_No-till,DEB,0.0
2038,Agri03_No-till,DEC,0.0
2038,Agri03_No-till,DEE,0.0
2038,Agri03_No-till,DED,0.0
2038,Agri03_No-till,DEF,0.0
2038,Agri03_No-till,DEG,0.0
2038,Agri04_toGrassland,DE1,855.9180493585733
2038,Agri04_toGrassland,DE2,1474.8509684774422
2038,Agri04_toGrassland,DE3,332.6389471594161
2038,Agri04_toGrassland,DE4,806.5003945209917
2038,Agri04_toGrassland,DE5,156.09209193558402
2038,Agri04_toGrassland,DE6,19.894895703894235
2038,Agri04_toGrassland,DE7,343.63466732979305
2038,Agri04_toGrassland,DE8,826.6507729770865
2038,Agri04_toGrassland,DE9,1271.9151074849133
2038,Agri04_toGrassland,DEA,875.7440643230113
2038,Agri04_toGrassland,DEB,499.79935154402403
2038,Agri04_toGrassland,DEC,253.37768862558394
2038,Agri04_toGrassland,DEE,650.6422171834025
2038,Agri04_toGrassland,DED,540.5142281906486
2038,Agri04_toGrassland,DEF,360.6328924074968
2038,Agri04_toGrassland,DEG,288.3339165986279
2038,Agri05_Agroforestry,DE1,34593.051264571
2038,Agri05_Agroforestry,DE2,41884.98482586513
2038,Agri05_Agroforestry,DE3,94.54500000000002
2038,Agri05_Agroforestry,DE4,34235.052
2038,Agri05_Agroforestry,DE5,776.162
2038,Agri05_Agroforestry,DE6,628.319
2038,Agri05_Agroforestry,DE7,7653.676832557229
2038,Agri05_Agroforestry,DE8,32606.293
2038,Agri05_Agroforestry,DE9,39220.51727856713
2038,Agri05_Agroforestry,DEA,34553.043895897754
2038,Agri05_Agroforestry,DEB,22681.944876317775
2038,Agri05_Agroforestry,DEC,3458.3510000000006
2038,Agri05_Agroforestry,DEE,17156.976000000002
2038,Agri05_Agroforestry,DED,19114.16
2038,Agri05_Agroforestry,DEF,4257.38787405805
2038,Agri05_Agroforestry,DEG,3405.600367104275
2038,Agri06_Biochar,DE1,0.0
2038,Agri06_Biochar,DE2,0.0
2038,Agri06_Biochar,DE3,0.0
2038,Agri06_Biochar,DE4,0.0
2038,Agri06_Biochar,DE5,0.0
2038,Agri06_Biochar,DE6,0.0
2038,Agri06_Biochar,DE7,0.0
2038,Agri06_Biochar,DE8,0.0
2038,Agri06_Biochar,DE9,0.0
2038,Agri06_Biochar,DEA,0.0
2038,Agri06_Biochar,DEB,0.0
2038,Agri06_Biochar,DEC,0.0
2038,Agri06_Biochar,DEE,0.0
2038,Agri06_Biochar,DED,0.0
2038,Agri06_Biochar,DEF,0.0
2038,Agri06_Biochar,DEG,0.0
2039,Agri01_AGC,DE1,147800.1048536908
2039,Agri01_AGC,DE2,247178.0188400779
2039,Agri01_AGC,DE3,322.4330000000001
2039,Agri01_AGC,DE4,136540.38600000003
2039,Agri01_AGC,DE5,1036.6540000000002
2039,Agri01_AGC,DE6,1702.7469999999998
2039,Agri01_AGC,DE7,56700.64834672987
2039,Agri01_AGC,DE8,142985.0854177948
2039,Agri01_AGC,DE9,214478.1977875803
2039,Agri01_AGC,DEA,150867.66644390914
2039,Agri01_AGC,DEB,82330.50400000003
2039,Agri01_AGC,DEC,8754.346000000001
2039,Agri01_AGC,DEE,111742.5514885636
2039,Agri01_AGC,DED,93961.48251088374
2039,Agri01_AGC,DEF,57908.050030977756
2039,Agri01_AGC,DEG,46299.48765322232
2039,Agri02_OFC,DE1,80203.5690755886
2039,Agri02_OFC,DE2,134130.8879830086
2039,Agri02_OFC,DE3,34610.519893367346
2039,Agri02_OFC,DE4,76285.25803163552
2039,Agri02_OFC,DE5,16191.360740955692
2039,Agri02_OFC,DE6,1975.418306374922
2039,Agri02_OFC,DE7,30768.546279512637
2039,Agri02_OFC,DE8,77590.70392025281
2039,Agri02_OFC,DE9,116386.36500625186
2039,Agri02_OFC,DEA,81868.17809693028
2039,Agri02_OFC,DEB,47403.46412100501
2039,Agri02_OFC,DEC,25885.321833706766
2039,Agri02_OFC,DEE,60636.976244822516
2039,Agri02_OFC,DED,50988.098150988495
2039,Agri02_OFC,DEF,31423.741514187343
2039,Agri02_OFC,DEG,25124.367535703062
2039,Agri03_No-till,DE1,0.0
2039,Agri03_No-till,DE2,0.0
2039,Agri03_No-till,DE3,0.0
2039,Agri03_No-till,DE4,0.0
2039,Agri03_No-till,DE5,0.0
2039,Agri03_No-till,DE6,0.0
2039,Agri03_No-till,DE7,0.0
2039,Agri03_No-till,DE8,0.0
2039,Agri03_No-till,DE9,0.0
2039,Agri03_No-till,DEA,0.0
2039,Agri03_No-till,DEB,0.0
2039,Agri03_No-till,DEC,0.0
2039,Agri03_No-till,DEE,0.0
2039,Agri03_No-till,DED,0.0
2039,Agri03_No-till,DEF,0.0
2039,Agri03_No-till,DEG,0.0
2039,Agri04_toGrassland,DE1,855.9180493585733
2039,Agri04_toGrassland,DE2,1474.8509684774422
2039,Agri04_toGrassland,DE3,332.6389471594161
2039,Agri04_toGrassland,DE4,806.5003945209917
2039,Agri04_toGrassland,DE5,156.09209193558402
2039,Agri04_toGrassland,DE6,19.894895703894235
2039,Agri04_toGrassland,DE7,343.63466732979305
2039,Agri04_toGrassland,DE8,826.6507729770865
2039,Agri04_toGrassland,DE9,1271.9151074849133
2039,Agri04_toGrassland,DEA,875.7440643230113
2039,Agri04_toGrassland,DEB,499.79935154402403
2039,Agri04_toGrassland,DEC,253.37768862558394
2039,Agri04_toGrassland,DEE,650.6422171834025
2039,Agri04_toGrassland,DED,540.5142281906486
2039,Agri04_toGrassland,DEF,360.6328924074968
2039,Agri04_toGrassland,DEG,288.3339165986279
2039,Agri05_Agroforestry,DE1,34593.051264571
2039,Agri05_Agroforestry,DE2,41884.98482586513
2039,Agri05_Agroforestry,DE3,94.54500000000002
2039,Agri05_Agroforestry,DE4,34235.052
2039,Agri05_Agroforestry,DE5,776.162
2039,Agri05_Agroforestry,DE6,628.319
2039,Agri05_Agroforestry,DE7,7653.676832557229
2039,Agri05_Agroforestry,DE8,32606.293
2039,Agri05_Agroforestry,DE9,39220.51727856713
2039,Agri05_Agroforestry,DEA,34553.043895897754
2039,Agri05_Agroforestry,DEB,22681.944876317775
2039,Agri05_Agroforestry,DEC,3458.3510000000006
2039,Agri05_Agroforestry,DEE,17156.976000000002
2039,Agri05_Agroforestry,DED,19114.16
2039,Agri05_Agroforestry,DEF,4257.38787405805
2039,Agri05_Agroforestry,DEG,3405.600367104275
2039,Agri06_Biochar,DE1,0.0
2039,Agri06_Biochar,DE2,0.0
2039,Agri06_Biochar,DE3,0.0
2039,Agri06_Biochar,DE4,0.0
2039,Agri06_Biochar,DE5,0.0
2039,Agri06_Biochar,DE6,0.0
2039,Agri06_Biochar,DE7,0.0
2039,Agri06_Biochar,DE8,0.0
2039,Agri06_Biochar,DE9,0.0
2039,Agri06_Biochar,DEA,0.0
2039,Agri06_Biochar,DEB,0.0
2039,Agri06_Biochar,DEC,0.0
2039,Agri06_Biochar,DEE,0.0
2039,Agri06_Biochar,DED,0.0
2039,Agri06_Biochar,DEF,0.0
2039,Agri06_Biochar,DEG,0.0
2040,Agri01_AGC,DE1,147800.1048536908
2040,Agri01_AGC,DE2,247178.0188400779
2040,Agri01_AGC,DE3,322.4330000000001
2040,Agri01_AGC,DE4,136540.38600000003
2040,Agri01_AGC,DE5,1036.6540000000002
2040,Agri01_AGC,DE6,1702.7469999999998
2040,Agri01_AGC,DE7,56700.64834672987
2040,Agri01_AGC,DE8,142985.0854177948
2040,Agri01_AGC,DE9,214478.1977875803
2040,Agri01_AGC,DEA,150867.66644390914
2040,Agri01_AGC,DEB,82330.50400000003
2040,Agri01_AGC,DEC,8754.346000000001
2040,Agri01_AGC,DEE,111742.5514885636
2040,Agri01_AGC,DED,93961.48251088374
2040,Agri01_AGC,DEF,57908.050030977756
2040,Agri01_AGC,DEG,46299.48765322232
2040,Agri02_OFC,DE1,80203.5690755886
2040,Agri02_OFC,DE2,134130.8879830086
2040,Agri02_OFC,DE3,34610.519893367346
2040,Agri02_OFC,DE4,76285.25803163552
2040,Agri02_OFC,DE5,16191.360740955692
2040,Agri02_OFC,DE6,1975.418306374922
2040,Agri02_OFC,DE7,30768.546279512637
2040,Agri02_OFC,DE8,77590.70392025281
2040,Agri02_OFC,DE9,116386.36500625186
2040,Agri02_OFC,DEA,81868.17809693028
2040,Agri02_OFC,DEB,47403.46412100501
2040,Agri02_OFC,DEC,25885.321833706766
2040,Agri02_OFC,DEE,60636.976244822516
2040,Agri02_OFC,DED,50988.098150988495
2040,Agri02_OFC,DEF,31423.741514187343
2040,Agri02_OFC,DEG,25124.367535703062
2040,Agri03_No-till,DE1,0.0
2040,Agri03_No-till,DE2,0.0
2040,Agri03_No-till,DE3,0.0
2040,Agri03_No-till,DE4,0.0
2040,Agri03_No-till,DE5,0.0
2040,Agri03_No-till,DE6,0.0
2040,Agri03_No-till,DE7,0.0
2040,Agri03_No-till,DE8,0.0
2040,Agri03_No-till,DE9,0.0
2040,Agri03_No-till,DEA,0.0
2040,Agri03_No-till,DEB,0.0
2040,Agri03_No-till,DEC,0.0
2040,Agri03_No-till,DEE,0.0
2040,Agri03_No-till,DED,0.0
2040,Agri03_No-till,DEF,0.0
2040,Agri03_No-till,DEG,0.0
2040,Agri04_toGrassland,DE1,855.9180493585733
2040,Agri04_toGrassland,DE2,1474.8509684774422
2040,Agri04_toGrassland,DE3,332.6389471594161
2040,Agri04_toGrassland,DE4,806.5003945209917
2040,Agri04_toGrassland,DE5,156.09209193558402
2040,Agri04_toGrassland,DE6,19.894895703894235
2040,Agri04_toGrassland,DE7,343.63466732979305
2040,Agri04_toGrassland,DE8,826.6507729770865
2040,Agri04_toGrassland,DE9,1271.9151074849133
2040,Agri04_toGrassland,DEA,875.7440643230113
2040,Agri04_toGrassland,DEB,499.79935154402403
2040,Agri04_toGrassland,DEC,253.37768862558394
2040,Agri04_toGrassland,DEE,650.6422171834025
2040,Agri04_toGrassland,DED,540.5142281906486
2040,Agri04_toGrassland,DEF,360.6328924074968
2040,Agri04_toGrassland,DEG,288.3339165986279
2040,Agri05_Agroforestry,DE1,34593.051264571
2040,Agri05_Agroforestry,DE2,41884.98482586513
2040,Agri05_Agroforestry,DE3,94.54500000000002
2040,Agri05_Agroforestry,DE4,34235.052
2040,Agri05_Agroforestry,DE5,776.162
2040,Agri05_Agroforestry,DE6,628.319
2040,Agri05_Agroforestry,DE7,7653.676832557229
2040,Agri05_Agroforestry,DE8,32606.293
2040,Agri05_Agroforestry,DE9,39220.51727856713
2040,Agri05_Agroforestry,DEA,34553.043895897754
2040,Agri05_Agroforestry,DEB,22681.944876317775
2040,Agri05_Agroforestry,DEC,3458.3510000000006
2040,Agri05_Agroforestry,DEE,17156.976000000002
2040,Agri05_Agroforestry,DED,19114.16
2040,Agri05_Agroforestry,DEF,4257.38787405805
2040,Agri05_Agroforestry,DEG,3405.600367104275
2040,Agri06_Biochar,DE1,0.0
2040,Agri06_Biochar,DE2,0.0
2040,Agri06_Biochar,DE3,0.0
2040,Agri06_Biochar,DE4,0.0
2040,Agri06_Biochar,DE5,0.0
2040,Agri06_Biochar,DE6,0.0
2040,Agri06_Biochar,DE7,0.0
2040,Agri06_Biochar,DE8,0.0
2040,Agri06_Biochar,DE9,0.0
2040,Agri06_Biochar,DEA,0.0
2040,Agri06_Biochar,DEB,0.0
2040,Agri06_Biochar,DEC,0.0
2040,Agri06_Biochar,DEE,0.0
2040,Agri06_Biochar,DED,0.0
2040,Agri06_Biochar,DEF,0.0
2040,Agri06_Biochar,DEG,0.0
2041,Agri01_AGC,DE1,147800.1048536908
2041,Agri01_AGC,DE2,247178.0188400779
2041,Agri01_AGC,DE3,322.4330000000001
2041,Agri01_AGC,DE4,136540.38600000003
2041,Agri01_AGC,DE5,1036.6540000000002
2041,Agri01_AGC,DE6,1702.7469999999998
2041,Agri01_AGC,DE7,56700.64834672987
2041,Agri01_AGC,DE8,142985.0854177948
2041,Agri01_AGC,DE9,214478.1977875803
2041,Agri01_AGC,DEA,150867.66644390914
2041,Agri01_AGC,DEB,82330.50400000003
2041,Agri01_AGC,DEC,8754.346000000001
2041,Agri01_AGC,DEE,111742.5514885636
2041,Agri01_AGC,DED,93961.48251088374
2041,Agri01_AGC,DEF,57908.050030977756
2041,Agri01_AGC,DEG,46299.48765322232
2041,Agri02_OFC,DE1,80203.5690755886
2041,Agri02_OFC,DE2,134130.8879830086
2041,Agri02_OFC,DE3,34610.519893367346
2041,Agri02_OFC,DE4,76285.25803163552
2041,Agri02_OFC,DE5,16191.360740955692
2041,Agri02_OFC,DE6,1975.418306374922
2041,Agri02_OFC,DE7,30768.546279512637
2041,Agri02_OFC,DE8,77590.70392025281
2041,Agri02_OFC,DE9,116386.36500625186
2041,Agri02_OFC,DEA,81868.17809693028
2041,Agri02_OFC,DEB,47403.46412100501
2041,Agri02_OFC,DEC,25885.321833706766
2041,Agri02_OFC,DEE,60636.976244822516
2041,Agri02_OFC,DED,50988.098150988495
2041,Agri02_OFC,DEF,31423.741514187343
2041,Agri02_OFC,DEG,25124.367535703062
2041,Agri03_No-till,DE1,0.0
2041,Agri03_No-till,DE2,0.0
2041,Agri03_No-till,DE3,0.0
2041,Agri03_No-till,DE4,0.0
2041,Agri03_No-till,DE5,0.0
2041,Agri03_No-till,DE6,0.0
2041,Agri03_No-till,DE7,0.0
2041,Agri03_No-till,DE8,0.0
2041,Agri03_No-till,DE9,0.0
2041,Agri03_No-till,DEA,0.0
2041,Agri03_No-till,DEB,0.0
2041,Agri03_No-till,DEC,0.0
2041,Agri03_No-till,DEE,0.0
2041,Agri03_No-till,DED,0.0
2041,Agri03_No-till,DEF,0.0
2041,Agri03_No-till,DEG,0.0
2041,Agri04_toGrassland,DE1,855.9180493585733
2041,Agri04_toGrassland,DE2,1474.8509684774422
2041,Agri04_toGrassland,DE3,332.6389471594161
2041,Agri04_toGrassland,DE4,806.5003945209917
2041,Agri04_toGrassland,DE5,156.09209193558402
2041,Agri04_toGrassland,DE6,19.894895703894235
2041,Agri04_toGrassland,DE7,343.63466732979305
2041,Agri04_toGrassland,DE8,826.6507729770865
2041,Agri04_toGrassland,DE9,1271.9151074849133
2041,Agri04_toGrassland,DEA,875.7440643230113
2041,Agri04_toGrassland,DEB,499.79935154402403
2041,Agri04_toGrassland,DEC,253.37768862558394
2041,Agri04_toGrassland,DEE,650.6422171834025
2041,Agri04_toGrassland,DED,540.5142281906486
2041,Agri04_toGrassland,DEF,360.6328924074968
2041,Agri04_toGrassland,DEG,288.3339165986279
2041,Agri05_Agroforestry,DE1,34593.051264571
2041,Agri05_Agroforestry,DE2,41884.98482586513
2041,Agri05_Agroforestry,DE3,94.54500000000002
2041,Agri05_Agroforestry,DE4,34235.052
2041,Agri05_Agroforestry,DE5,776.162
2041,Agri05_Agroforestry,DE6,628.319
2041,Agri05_Agroforestry,DE7,7653.676832557229
2041,Agri05_Agroforestry,DE8,32606.293
2041,Agri05_Agroforestry,DE9,39220.51727856713
2041,Agri05_Agroforestry,DEA,34553.043895897754
2041,Agri05_Agroforestry,DEB,22681.944876317775
2041,Agri05_Agroforestry,DEC,3458.3510000000006
2041,Agri05_Agroforestry,DEE,17156.976000000002
2041,Agri05_Agroforestry,DED,19114.16
2041,Agri05_Agroforestry,DEF,4257.38787405805
2041,Agri05_Agroforestry,DEG,3405.600367104275
2041,Agri06_Biochar,DE1,0.0
2041,Agri06_Biochar,DE2,0.0
2041,Agri06_Biochar,DE3,0.0
2041,Agri06_Biochar,DE4,0.0
2041,Agri06_Biochar,DE5,0.0
2041,Agri06_Biochar,DE6,0.0
2041,Agri06_Biochar,DE7,0.0
2041,Agri06_Biochar,DE8,0.0
2041,Agri06_Biochar,DE9,0.0
2041,Agri06_Biochar,DEA,0.0
2041,Agri06_Biochar,DEB,0.0
2041,Agri06_Biochar,DEC,0.0
2041,Agri06_Biochar,DEE,0.0
2041,Agri06_Biochar,DED,0.0
2041,Agri06_Biochar,DEF,0.0
2041,Agri06_Biochar,DEG,0.0
2042,Agri01_AGC,DE1,147800.1048536908
2042,Agri01_AGC,DE2,247178.0188400779
2042,Agri01_AGC,DE3,322.4330000000001
2042,Agri01_AGC,DE4,136540.38600000003
2042,Agri01_AGC,DE5,1036.6540000000002
2042,Agri01_AGC,DE6,1702.7469999999998
2042,Agri01_AGC,DE7,56700.64834672987
2042,Agri01_AGC,DE8,142985.0854177948
2042,Agri01_AGC,DE9,214478.1977875803
2042,Agri01_AGC,DEA,150867.66644390914
2042,Agri01_AGC,DEB,82330.50400000003
2042,Agri01_AGC,DEC,8754.346000000001
2042,Agri01_AGC,DEE,111742.5514885636
2042,Agri01_AGC,DED,93961.48251088374
2042,Agri01_AGC,DEF,57908.050030977756
2042,Agri01_AGC,DEG,46299.48765322232
2042,Agri02_OFC,DE1,80203.5690755886
2042,Agri02_OFC,DE2,134130.8879830086
2042,Agri02_OFC,DE3,34610.519893367346
2042,Agri02_OFC,DE4,76285.25803163552
2042,Agri02_OFC,DE5,16191.360740955692
2042,Agri02_OFC,DE6,1975.418306374922
2042,Agri02_OFC,DE7,30768.546279512637
2042,Agri02_OFC,DE8,77590.70392025281
2042,Agri02_OFC,DE9,116386.36500625186
2042,Agri02_OFC,DEA,81868.17809693028
2042,Agri02_OFC,DEB,47403.46412100501
2042,Agri02_OFC,DEC,25885.321833706766
2042,Agri02_OFC,DEE,60636.976244822516
2042,Agri02_OFC,DED,50988.098150988495
2042,Agri02_OFC,DEF,31423.741514187343
2042,Agri02_OFC,DEG,25124.367535703062
2042,Agri03_No-till,DE1,0.0
2042,Agri03_No-till,DE2,0.0
2042,Agri03_No-till,DE3,0.0
2042,Agri03_No-till,DE4,0.0
2042,Agri03_No-till,DE5,0.0
2042,Agri03_No-till,DE6,0.0
2042,Agri03_No-till,DE7,0.0
2042,Agri03_No-till,DE8,0.0
2042,Agri03_No-till,DE9,0.0
2042,Agri03_No-till,DEA,0.0
2042,Agri03_No-till,DEB,0.0
2042,Agri03_No-till,DEC,0.0
2042,Agri03_No-till,DEE,0.0
2042,Agri03_No-till,DED,0.0
2042,Agri03_No-till,DEF,0.0
2042,Agri03_No-till,DEG,0.0
2042,Agri04_toGrassland,DE1,855.9180493585733
2042,Agri04_toGrassland,DE2,1474.8509684774422
2042,Agri04_toGrassland,DE3,332.6389471594161
2042,Agri04_toGrassland,DE4,806.5003945209917
2042,Agri04_toGrassland,DE5,156.09209193558402
2042,Agri04_toGrassland,DE6,19.894895703894235
2042,Agri04_toGrassland,DE7,343.63466732979305
2042,Agri04_toGrassland,DE8,826.6507729770865
2042,Agri04_toGrassland,DE9,1271.9151074849133
2042,Agri04_toGrassland,DEA,875.7440643230113
2042,Agri04_toGrassland,DEB,499.79935154402403
2042,Agri04_toGrassland,DEC,253.37768862558394
2042,Agri04_toGrassland,DEE,650.6422171834025
2042,Agri04_toGrassland,DED,540.5142281906486
2042,Agri04_toGrassland,DEF,360.6328924074968
2042,Agri04_toGrassland,DEG,288.3339165986279
2042,Agri05_Agroforestry,DE1,34593.051264571
2042,Agri05_Agroforestry,DE2,41884.98482586513
2042,Agri05_Agroforestry,DE3,94.54500000000002
2042,Agri05_Agroforestry,DE4,34235.052
2042,Agri05_Agroforestry,DE5,776.162
2042,Agri05_Agroforestry,DE6,628.319
2042,Agri05_Agroforestry,DE7,7653.676832557229
2042,Agri05_Agroforestry,DE8,32606.293
2042,Agri05_Agroforestry,DE9,39220.51727856713
2042,Agri05_Agroforestry,DEA,34553.043895897754
2042,Agri05_Agroforestry,DEB,22681.944876317775
2042,Agri05_Agroforestry,DEC,3458.3510000000006
2042,Agri05_Agroforestry,DEE,17156.976000000002
2042,Agri05_Agroforestry,DED,19114.16
2042,Agri05_Agroforestry,DEF,4257.38787405805
2042,Agri05_Agroforestry,DEG,3405.600367104275
2042,Agri06_Biochar,DE1,0.0
2042,Agri06_Biochar,DE2,0.0
2042,Agri06_Biochar,DE3,0.0
2042,Agri06_Biochar,DE4,0.0
2042,Agri06_Biochar,DE5,0.0
2042,Agri06_Biochar,DE6,0.0
2042,Agri06_Biochar,DE7,0.0
2042,Agri06_Biochar,DE8,0.0
2042,Agri06_Biochar,DE9,0.0
2042,Agri06_Biochar,DEA,0.0
2042,Agri06_Biochar,DEB,0.0
2042,Agri06_Biochar,DEC,0.0
2042,Agri06_Biochar,DEE,0.0
2042,Agri06_Biochar,DED,0.0
2042,Agri06_Biochar,DEF,0.0
2042,Agri06_Biochar,DEG,0.0
2043,Agri01_AGC,DE1,147800.1048536908
2043,Agri01_AGC,DE2,247178.0188400779
2043,Agri01_AGC,DE3,322.4330000000001
2043,Agri01_AGC,DE4,136540.38600000003
2043,Agri01_AGC,DE5,1036.6540000000002
2043,Agri01_AGC,DE6,1702.7469999999998
2043,Agri01_AGC,DE7,56700.64834672987
2043,Agri01_AGC,DE8,142985.0854177948
2043,Agri01_AGC,DE9,214478.1977875803
2043,Agri01_AGC,DEA,150867.66644390914
2043,Agri01_AGC,DEB,82330.50400000003
2043,Agri01_AGC,DEC,8754.346000000001
2043,Agri01_AGC,DEE,111742.5514885636
2043,Agri01_AGC,DED,93961.48251088374
2043,Agri01_AGC,DEF,57908.050030977756
2043,Agri01_AGC,DEG,46299.48765322232
2043,Agri02_OFC,DE1,80203.5690755886
2043,Agri02_OFC,DE2,134130.8879830086
2043,Agri02_OFC,DE3,34610.519893367346
2043,Agri02_OFC,DE4,76285.25803163552
2043,Agri02_OFC,DE5,16191.360740955692
2043,Agri02_OFC,DE6,1975.418306374922
2043,Agri02_OFC,DE7,30768.546279512637
2043,Agri02_OFC,DE8,77590.70392025281
2043,Agri02_OFC,DE9,116386.36500625186
2043,Agri02_OFC,DEA,81868.17809693028
2043,Agri02_OFC,DEB,47403.46412100501
2043,Agri02_OFC,DEC,25885.321833706766
2043,Agri02_OFC,DEE,60636.976244822516
2043,Agri02_OFC,DED,50988.098150988495
2043,Agri02_OFC,DEF,31423.741514187343
2043,Agri02_OFC,DEG,25124.367535703062
2043,Agri03_No-till,DE1,0.0
2043,Agri03_No-till,DE2,0.0
2043,Agri03_No-till,DE3,0.0
2043,Agri03_No-till,DE4,0.0
2043,Agri03_No-till,DE5,0.0
2043,Agri03_No-till,DE6,0.0
2043,Agri03_No-till,DE7,0.0
2043,Agri03_No-till,DE8,0.0
2043,Agri03_No-till,DE9,0.0
2043,Agri03_No-till,DEA,0.0
2043,Agri03_No-till,DEB,0.0
2043,Agri03_No-till,DEC,0.0
2043,Agri03_No-till,DEE,0.0
2043,Agri03_No-till,DED,0.0
2043,Agri03_No-till,DEF,0.0
2043,Agri03_No-till,DEG,0.0
2043,Agri04_toGrassland,DE1,855.9180493585733
2043,Agri04_toGrassland,DE2,1474.8509684774422
2043,Agri04_toGrassland,DE3,332.6389471594161
2043,Agri04_toGrassland,DE4,806.5003945209917
2043,Agri04_toGrassland,DE5,156.09209193558402
2043,Agri04_toGrassland,DE6,19.894895703894235
2043,Agri04_toGrassland,DE7,343.63466732979305
2043,Agri04_toGrassland,DE8,826.6507729770865
2043,Agri04_toGrassland,DE9,1271.9151074849133
2043,Agri04_toGrassland,DEA,875.7440643230113
2043,Agri04_toGrassland,DEB,499.79935154402403
2043,Agri04_toGrassland,DEC,253.37768862558394
2043,Agri04_toGrassland,DEE,650.6422171834025
2043,Agri04_toGrassland,DED,540.5142281906486
2043,Agri04_toGrassland,DEF,360.6328924074968
2043,Agri04_toGrassland,DEG,288.3339165986279
2043,Agri05_Agroforestry,DE1,34593.051264571
2043,Agri05_Agroforestry,DE2,41884.98482586513
2043,Agri05_Agroforestry,DE3,94.54500000000002
2043,Agri05_Agroforestry,DE4,34235.052
2043,Agri05_Agroforestry,DE5,776.162
2043,Agri05_Agroforestry,DE6,628.319
2043,Agri05_Agroforestry,DE7,7653.676832557229
2043,Agri05_Agroforestry,DE8,32606.293
2043,Agri05_Agroforestry,DE9,39220.51727856713
2043,Agri05_Agroforestry,DEA,34553.043895897754
2043,Agri05_Agroforestry,DEB,22681.944876317775
2043,Agri05_Agroforestry,DEC,3458.3510000000006
2043,Agri05_Agroforestry,DEE,17156.976000000002
2043,Agri05_Agroforestry,DED,19114.16
2043,Agri05_Agroforestry,DEF,4257.38787405805
2043,Agri05_Agroforestry,DEG,3405.600367104275
2043,Agri06_Biochar,DE1,0.0
2043,Agri06_Biochar,DE2,0.0
2043,Agri06_Biochar,DE3,0.0
2043,Agri06_Biochar,DE4,0.0
2043,Agri06_Biochar,DE5,0.0
2043,Agri06_Biochar,DE6,0.0
2043,Agri06_Biochar,DE7,0.0
2043,Agri06_Biochar,DE8,0.0
2043,Agri06_Biochar,DE9,0.0
2043,Agri06_Biochar,DEA,0.0
2043,Agri06_Biochar,DEB,0.0
2043,Agri06_Biochar,DEC,0.0
2043,Agri06_Biochar,DEE,0.0
2043,Agri06_Biochar,DED,0.0
2043,Agri06_Biochar,DEF,0.0
2043,Agri06_Biochar,DEG,0.0
2044,Agri01_AGC,DE1,147800.1048536908
2044,Agri01_AGC,DE2,247178.0188400779
2044,Agri01_AGC,DE3,322.4330000000001
2044,Agri01_AGC,DE4,136540.38600000003
2044,Agri01_AGC,DE5,1036.6540000000002
2044,Agri01_AGC,DE6,1702.7469999999998
2044,Agri01_AGC,DE7,56700.64834672987
2044,Agri01_AGC,DE8,142985.0854177948
2044,Agri01_AGC,DE9,214478.1977875803
2044,Agri01_AGC,DEA,150867.66644390914
2044,Agri01_AGC,DEB,82330.50400000003
2044,Agri01_AGC,DEC,8754.346000000001
2044,Agri01_AGC,DEE,111742.5514885636
2044,Agri01_AGC,DED,93961.48251088374
2044,Agri01_AGC,DEF,57908.050030977756
2044,Agri01_AGC,DEG,46299.48765322232
2044,Agri02_OFC,DE1,80203.5690755886
2044,Agri02_OFC,DE2,134130.8879830086
2044,Agri02_OFC,DE3,34610.519893367346
2044,Agri02_OFC,DE4,76285.25803163552
2044,Agri02_OFC,DE5,16191.360740955692
2044,Agri02_OFC,DE6,1975.418306374922
2044,Agri02_OFC,DE7,30768.546279512637
2044,Agri02_OFC,DE8,77590.70392025281
2044,Agri02_OFC,DE9,116386.36500625186
2044,Agri02_OFC,DEA,81868.17809693028
2044,Agri02_OFC,DEB,47403.46412100501
2044,Agri02_OFC,DEC,25885.321833706766
2044,Agri02_OFC,DEE,60636.976244822516
2044,Agri02_OFC,DED,50988.098150988495
2044,Agri02_OFC,DEF,31423.741514187343
2044,Agri02_OFC,DEG,25124.367535703062
2044,Agri03_No-till,DE1,0.0
2044,Agri03_No-till,DE2,0.0
2044,Agri03_No-till,DE3,0.0
2044,Agri03_No-till,DE4,0.0
2044,Agri03_No-till,DE5,0.0
2044,Agri03_No-till,DE6,0.0
2044,Agri03_No-till,DE7,0.0
2044,Agri03_No-till,DE8,0.0
2044,Agri03_No-till,DE9,0.0
2044,Agri03_No-till,DEA,0.0
2044,Agri03_No-till,DEB,0.0
2044,Agri03_No-till,DEC,0.0
2044,Agri03_No-till,DEE,0.0
2044,Agri03_No-till,DED,0.0
2044,Agri03_No-till,DEF,0.0
2044,Agri03_No-till,DEG,0.0
2044,Agri04_toGrassland,DE1,855.9180493585733
2044,Agri04_toGrassland,DE2,1474.8509684774422
2044,Agri04_toGrassland,DE3,332.6389471594161
2044,Agri04_toGrassland,DE4,806.5003945209917
2044,Agri04_toGrassland,DE5,156.09209193558402
2044,Agri04_toGrassland,DE6,19.894895703894235
2044,Agri04_toGrassland,DE7,343.63466732979305
2044,Agri04_toGrassland,DE8,826.6507729770865
2044,Agri04_toGrassland,DE9,1271.9151074849133
2044,Agri04_toGrassland,DEA,875.7440643230113
2044,Agri04_toGrassland,DEB,499.79935154402403
2044,Agri04_toGrassland,DEC,253.37768862558394
2044,Agri04_toGrassland,DEE,650.6422171834025
2044,Agri04_toGrassland,DED,540.5142281906486
2044,Agri04_toGrassland,DEF,360.6328924074968
2044,Agri04_toGrassland,DEG,288.3339165986279
2044,Agri05_Agroforestry,DE1,34593.051264571
2044,Agri05_Agroforestry,DE2,41884.98482586513
2044,Agri05_Agroforestry,DE3,94.54500000000002
2044,Agri05_Agroforestry,DE4,34235.052
2044,Agri05_Agroforestry,DE5,776.162
2044,Agri05_Agroforestry,DE6,628.319
2044,Agri05_Agroforestry,DE7,7653.676832557229
2044,Agri05_Agroforestry,DE8,32606.293
2044,Agri05_Agroforestry,DE9,39220.51727856713
2044,Agri05_Agroforestry,DEA,34553.043895897754
2044,Agri05_Agroforestry,DEB,22681.944876317775
2044,Agri05_Agroforestry,DEC,3458.3510000000006
2044,Agri05_Agroforestry,DEE,17156.976000000002
2044,Agri05_Agroforestry,DED,19114.16
2044,Agri05_Agroforestry,DEF,4257.38787405805
2044,Agri05_Agroforestry,DEG,3405.600367104275
2044,Agri06_Biochar,DE1,0.0
2044,Agri06_Biochar,DE2,0.0
2044,Agri06_Biochar,DE3,0.0
2044,Agri06_Biochar,DE4,0.0
2044,Agri06_Biochar,DE5,0.0
2044,Agri06_Biochar,DE6,0.0
2044,Agri06_Biochar,DE7,0.0
2044,Agri06_Biochar,DE8,0.0
2044,Agri06_Biochar,DE9,0.0
2044,Agri06_Biochar,DEA,0.0
2044,Agri06_Biochar,DEB,0.0
2044,Agri06_Biochar,DEC,0.0
2044,Agri06_Biochar,DEE,0.0
2044,Agri06_Biochar,DED,0.0
2044,Agri06_Biochar,DEF,0.0
2044,Agri06_Biochar,DEG,0.0
2045,Agri01_AGC,DE1,147800.1048536908
2045,Agri01_AGC,DE2,247178.0188400779
2045,Agri01_AGC,DE3,322.4330000000001
2045,Agri01_AGC,DE4,136540.38600000003
2045,Agri01_AGC,DE5,1036.6540000000002
2045,Agri01_AGC,DE6,1702.7469999999998
2045,Agri01_AGC,DE7,56700.64834672987
2045,Agri01_AGC,DE8,142985.0854177948
2045,Agri01_AGC,DE9,214478.1977875803
2045,Agri01_AGC,DEA,150867.66644390914
2045,Agri01_AGC,DEB,82330.50400000003
2045,Agri01_AGC,DEC,8754.346000000001
2045,Agri01_AGC,DEE,111742.5514885636
2045,Agri01_AGC,DED,93961.48251088374
2045,Agri01_AGC,DEF,57908.050030977756
2045,Agri01_AGC,DEG,46299.48765322232
2045,Agri02_OFC,DE1,80203.5690755886
2045,Agri02_OFC,DE2,134130.8879830086
2045,Agri02_OFC,DE3,34610.519893367346
2045,Agri02_OFC,DE4,76285.25803163552
2045,Agri02_OFC,DE5,16191.360740955692
2045,Agri02_OFC,DE6,1975.418306374922
2045,Agri02_OFC,DE7,30768.546279512637
2045,Agri02_OFC,DE8,77590.70392025281
2045,Agri02_OFC,DE9,116386.36500625186
2045,Agri02_OFC,DEA,81868.17809693028
2045,Agri02_OFC,DEB,47403.46412100501
2045,Agri02_OFC,DEC,25885.321833706766
2045,Agri02_OFC,DEE,60636.976244822516
2045,Agri02_OFC,DED,50988.098150988495
2045,Agri02_OFC,DEF,31423.741514187343
2045,Agri02_OFC,DEG,25124.367535703062
2045,Agri03_No-till,DE1,0.0
2045,Agri03_No-till,DE2,0.0
2045,Agri03_No-till,DE3,0.0
2045,Agri03_No-till,DE4,0.0
2045,Agri03_No-till,DE5,0.0
2045,Agri03_No-till,DE6,0.0
2045,Agri03_No-till,DE7,0.0
2045,Agri03_No-till,DE8,0.0
2045,Agri03_No-till,DE9,0.0
2045,Agri03_No-till,DEA,0.0
2045,Agri03_No-till,DEB,0.0
2045,Agri03_No-till,DEC,0.0
2045,Agri03_No-till,DEE,0.0
2045,Agri03_No-till,DED,0.0
2045,Agri03_No-till,DEF,0.0
2045,Agri03_No-till,DEG,0.0
2045,Agri04_toGrassland,DE1,855.9180493585733
2045,Agri04_toGrassland,DE2,1474.8509684774422
2045,Agri04_toGrassland,DE3,332.6389471594161
2045,Agri04_toGrassland,DE4,806.5003945209917
2045,Agri04_toGrassland,DE5,156.09209193558402
2045,Agri04_toGrassland,DE6,19.894895703894235
2045,Agri04_toGrassland,DE7,343.63466732979305
2045,Agri04_toGrassland,DE8,826.6507729770865
2045,Agri04_toGrassland,DE9,1271.9151074849133
2045,Agri04_toGrassland,DEA,875.7440643230113
2045,Agri04_toGrassland,DEB,499.79935154402403
2045,Agri04_toGrassland,DEC,253.37768862558394
2045,Agri04_toGrassland,DEE,650.6422171834025
2045,Agri04_toGrassland,DED,540.5142281906486
2045,Agri04_toGrassland,DEF,360.6328924074968
2045,Agri04_toGrassland,DEG,288.3339165986279
2045,Agri05_Agroforestry,DE1,34593.051264571
2045,Agri05_Agroforestry,DE2,41884.98482586513
2045,Agri05_Agroforestry,DE3,94.54500000000002
2045,Agri05_Agroforestry,DE4,34235.052
2045,Agri05_Agroforestry,DE5,776.162
2045,Agri05_Agroforestry,DE6,628.319
2045,Agri05_Agroforestry,DE7,7653.676832557229
2045,Agri05_Agroforestry,DE8,32606.293
2045,Agri05_Agroforestry,DE9,39220.51727856713
2045,Agri05_Agroforestry,DEA,34553.043895897754
2045,Agri05_Agroforestry,DEB,22681.944876317775
2045,Agri05_Agroforestry,DEC,3458.3510000000006
2045,Agri05_Agroforestry,DEE,17156.976000000002
2045,Agri05_Agroforestry,DED,19114.16
2045,Agri05_Agroforestry,DEF,4257.38787405805
2045,Agri05_Agroforestry,DEG,3405.600367104275
2045,Agri06_Biochar,DE1,0.0
2045,Agri06_Biochar,DE2,0.0
2045,Agri06_Biochar,DE3,0.0
2045,Agri06_Biochar,DE4,0.0
2045,Agri06_Biochar,DE5,0.0
2045,Agri06_Biochar,DE6,0.0
2045,Agri06_Biochar,DE7,0.0
2045,Agri06_Biochar,DE8,0.0
2045,Agri06_Biochar,DE9,0.0
2045,Agri06_Biochar,DEA,0.0
2045,Agri06_Biochar,DEB,0.0
2045,Agri06_Biochar,DEC,0.0
2045,Agri06_Biochar,DEE,0.0
2045,Agri06_Biochar,DED,0.0
2045,Agri06_Biochar,DEF,0.0
2045,Agri06_Biochar,DEG,0.0
2046,Agri01_AGC,DE1,147800.1048536908
2046,Agri01_AGC,DE2,247178.0188400779
2046,Agri01_AGC,DE3,322.4330000000001
2046,Agri01_AGC,DE4,136540.38600000003
2046,Agri01_AGC,DE5,1036.6540000000002
2046,Agri01_AGC,DE6,1702.7469999999998
2046,Agri01_AGC,DE7,56700.64834672987
2046,Agri01_AGC,DE8,142985.0854177948
2046,Agri01_AGC,DE9,214478.1977875803
2046,Agri01_AGC,DEA,150867.66644390914
2046,Agri01_AGC,DEB,82330.50400000003
2046,Agri01_AGC,DEC,8754.346000000001
2046,Agri01_AGC,DEE,111742.5514885636
2046,Agri01_AGC,DED,93961.48251088374
2046,Agri01_AGC,DEF,57908.050030977756
2046,Agri01_AGC,DEG,46299.48765322232
2046,Agri02_OFC,DE1,80203.5690755886
2046,Agri02_OFC,DE2,134130.8879830086
2046,Agri02_OFC,DE3,34610.519893367346
2046,Agri02_OFC,DE4,76285.25803163552
2046,Agri02_OFC,DE5,16191.360740955692
2046,Agri02_OFC,DE6,1975.418306374922
2046,Agri02_OFC,DE7,30768.546279512637
2046,Agri02_OFC,DE8,77590.70392025281
2046,Agri02_OFC,DE9,116386.36500625186
2046,Agri02_OFC,DEA,81868.17809693028
2046,Agri02_OFC,DEB,47403.46412100501
2046,Agri02_OFC,DEC,25885.321833706766
2046,Agri02_OFC,DEE,60636.976244822516
2046,Agri02_OFC,DED,50988.098150988495
2046,Agri02_OFC,DEF,31423.741514187343
2046,Agri02_OFC,DEG,25124.367535703062
2046,Agri03_No-till,DE1,0.0
2046,Agri03_No-till,DE2,0.0
2046,Agri03_No-till,DE3,0.0
2046,Agri03_No-till,DE4,0.0
2046,Agri03_No-till,DE5,0.0
2046,Agri03_No-till,DE6,0.0
2046,Agri03_No-till,DE7,0.0
2046,Agri03_No-till,DE8,0.0
2046,Agri03_No-till,DE9,0.0
2046,Agri03_No-till,DEA,0.0
2046,Agri03_No-till,DEB,0.0
2046,Agri03_No-till,DEC,0.0
2046,Agri03_No-till,DEE,0.0
2046,Agri03_No-till,DED,0.0
2046,Agri03_No-till,DEF,0.0
2046,Agri03_No-till,DEG,0.0
2046,Agri04_toGrassland,DE1,855.9180493585733
2046,Agri04_toGrassland,DE2,1474.8509684774422
2046,Agri04_toGrassland,DE3,332.6389471594161
2046,Agri04_toGrassland,DE4,806.5003945209917
2046,Agri04_toGrassland,DE5,156.09209193558402
2046,Agri04_toGrassland,DE6,19.894895703894235
2046,Agri04_toGrassland,DE7,343.63466732979305
2046,Agri04_toGrassland,DE8,826.6507729770865
2046,Agri04_toGrassland,DE9,1271.9151074849133
2046,Agri04_toGrassland,DEA,875.7440643230113
2046,Agri04_toGrassland,DEB,499.79935154402403
2046,Agri04_toGrassland,DEC,253.37768862558394
2046,Agri04_toGrassland,DEE,650.6422171834025
2046,Agri04_toGrassland,DED,540.5142281906486
2046,Agri04_toGrassland,DEF,360.6328924074968
2046,Agri04_toGrassland,DEG,288.3339165986279
2046,Agri05_Agroforestry,DE1,34593.051264571
2046,Agri05_Agroforestry,DE2,41884.98482586513
2046,Agri05_Agroforestry,DE3,94.54500000000002
2046,Agri05_Agroforestry,DE4,34235.052
2046,Agri05_Agroforestry,DE5,776.162
2046,Agri05_Agroforestry,DE6,628.319
2046,Agri05_Agroforestry,DE7,7653.676832557229
2046,Agri05_Agroforestry,DE8,32606.293
2046,Agri05_Agroforestry,DE9,39220.51727856713
2046,Agri05_Agroforestry,DEA,34553.043895897754
2046,Agri05_Agroforestry,DEB,22681.944876317775
2046,Agri05_Agroforestry,DEC,3458.3510000000006
2046,Agri05_Agroforestry,DEE,17156.976000000002
2046,Agri05_Agroforestry,DED,19114.16
2046,Agri05_Agroforestry,DEF,4257.38787405805
2046,Agri05_Agroforestry,DEG,3405.600367104275
2046,Agri06_Biochar,DE1,0.0
2046,Agri06_Biochar,DE2,0.0
2046,Agri06_Biochar,DE3,0.0
2046,Agri06_Biochar,DE4,0.0
2046,Agri06_Biochar,DE5,0.0
2046,Agri06_Biochar,DE6,0.0
2046,Agri06_Biochar,DE7,0.0
2046,Agri06_Biochar,DE8,0.0
2046,Agri06_Biochar,DE9,0.0
2046,Agri06_Biochar,DEA,0.0
2046,Agri06_Biochar,DEB,0.0
2046,Agri06_Biochar,DEC,0.0
2046,Agri06_Biochar,DEE,0.0
2046,Agri06_Biochar,DED,0.0
2046,Agri06_Biochar,DEF,0.0
2046,Agri06_Biochar,DEG,0.0
2047,Agri01_AGC,DE1,147800.1048536908
2047,Agri01_AGC,DE2,247178.0188400779
2047,Agri01_AGC,DE3,322.4330000000001
2047,Agri01_AGC,DE4,136540.38600000003
2047,Agri01_AGC,DE5,1036.6540000000002
2047,Agri01_AGC,DE6,1702.7469999999998
2047,Agri01_AGC,DE7,56700.64834672987
2047,Agri01_AGC,DE8,142985.0854177948
2047,Agri01_AGC,DE9,214478.1977875803
2047,Agri01_AGC,DEA,150867.66644390914
2047,Agri01_AGC,DEB,82330.50400000003
2047,Agri01_AGC,DEC,8754.346000000001
2047,Agri01_AGC,DEE,111742.5514885636
2047,Agri01_AGC,DED,93961.48251088374
2047,Agri01_AGC,DEF,57908.050030977756
2047,Agri01_AGC,DEG,46299.48765322232
2047,Agri02_OFC,DE1,80203.5690755886
2047,Agri02_OFC,DE2,134130.8879830086
2047,Agri02_OFC,DE3,34610.519893367346
2047,Agri02_OFC,DE4,76285.25803163552
2047,Agri02_OFC,DE5,16191.360740955692
2047,Agri02_OFC,DE6,1975.418306374922
2047,Agri02_OFC,DE7,30768.546279512637
2047,Agri02_OFC,DE8,77590.70392025281
2047,Agri02_OFC,DE9,116386.36500625186
2047,Agri02_OFC,DEA,81868.17809693028
2047,Agri02_OFC,DEB,47403.46412100501
2047,Agri02_OFC,DEC,25885.321833706766
2047,Agri02_OFC,DEE,60636.976244822516
2047,Agri02_OFC,DED,50988.098150988495
2047,Agri02_OFC,DEF,31423.741514187343
2047,Agri02_OFC,DEG,25124.367535703062
2047,Agri03_No-till,DE1,0.0
2047,Agri03_No-till,DE2,0.0
2047,Agri03_No-till,DE3,0.0
2047,Agri03_No-till,DE4,0.0
2047,Agri03_No-till,DE5,0.0
2047,Agri03_No-till,DE6,0.0
2047,Agri03_No-till,DE7,0.0
2047,Agri03_No-till,DE8,0.0
2047,Agri03_No-till,DE9,0.0
2047,Agri03_No-till,DEA,0.0
2047,Agri03_No-till,DEB,0.0
2047,Agri03_No-till,DEC,0.0
2047,Agri03_No-till,DEE,0.0
2047,Agri03_No-till,DED,0.0
2047,Agri03_No-till,DEF,0.0
2047,Agri03_No-till,DEG,0.0
2047,Agri04_toGrassland,DE1,855.9180493585733
2047,Agri04_toGrassland,DE2,1474.8509684774422
2047,Agri04_toGrassland,DE3,332.6389471594161
2047,Agri04_toGrassland,DE4,806.5003945209917
2047,Agri04_toGrassland,DE5,156.09209193558402
2047,Agri04_toGrassland,DE6,19.894895703894235
2047,Agri04_toGrassland,DE7,343.63466732979305
2047,Agri04_toGrassland,DE8,826.6507729770865
2047,Agri04_toGrassland,DE9,1271.9151074849133
2047,Agri04_toGrassland,DEA,875.7440643230113
2047,Agri04_toGrassland,DEB,499.79935154402403
2047,Agri04_toGrassland,DEC,253.37768862558394
2047,Agri04_toGrassland,DEE,650.6422171834025
2047,Agri04_toGrassland,DED,540.5142281906486
2047,Agri04_toGrassland,DEF,360.6328924074968
2047,Agri04_toGrassland,DEG,288.3339165986279
2047,Agri05_Agroforestry,DE1,34593.051264571
2047,Agri05_Agroforestry,DE2,41884.98482586513
2047,Agri05_Agroforestry,DE3,94.54500000000002
2047,Agri05_Agroforestry,DE4,34235.052
2047,Agri05_Agroforestry,DE5,776.162
2047,Agri05_Agroforestry,DE6,628.319
2047,Agri05_Agroforestry,DE7,7653.676832557229
2047,Agri05_Agroforestry,DE8,32606.293
2047,Agri05_Agroforestry,DE9,39220.51727856713
2047,Agri05_Agroforestry,DEA,34553.043895897754
2047,Agri05_Agroforestry,DEB,22681.944876317775
2047,Agri05_Agroforestry,DEC,3458.3510000000006
2047,Agri05_Agroforestry,DEE,17156.976000000002
2047,Agri05_Agroforestry,DED,19114.16
2047,Agri05_Agroforestry,DEF,4257.38787405805
2047,Agri05_Agroforestry,DEG,3405.600367104275
2047,Agri06_Biochar,DE1,0.0
2047,Agri06_Biochar,DE2,0.0
2047,Agri06_Biochar,DE3,0.0
2047,Agri06_Biochar,DE4,0.0
2047,Agri06_Biochar,DE5,0.0
2047,Agri06_Biochar,DE6,0.0
2047,Agri06_Biochar,DE7,0.0
2047,Agri06_Biochar,DE8,0.0
2047,Agri06_Biochar,DE9,0.0
2047,Agri06_Biochar,DEA,0.0
2047,Agri06_Biochar,DEB,0.0
2047,Agri06_Biochar,DEC,0.0
2047,Agri06_Biochar,DEE,0.0
2047,Agri06_Biochar,DED,0.0
2047,Agri06_Biochar,DEF,0.0
2047,Agri06_Biochar,DEG,0.0
2048,Agri01_AGC,DE1,147800.1048536908
2048,Agri01_AGC,DE2,247178.0188400779
2048,Agri01_AGC,DE3,322.4330000000001
2048,Agri01_AGC,DE4,136540.38600000003
2048,Agri01_AGC,DE5,1036.6540000000002
2048,Agri01_AGC,DE6,1702.7469999999998
2048,Agri01_AGC,DE7,56700.64834672987
2048,Agri01_AGC,DE8,142985.0854177948
2048,Agri01_AGC,DE9,214478.1977875803
2048,Agri01_AGC,DEA,150867.66644390914
2048,Agri01_AGC,DEB,82330.50400000003
2048,Agri01_AGC,DEC,8754.346000000001
2048,Agri01_AGC,DEE,111742.5514885636
2048,Agri01_AGC,DED,93961.48251088374
2048,Agri01_AGC,DEF,57908.050030977756
2048,Agri01_AGC,DEG,46299.48765322232
2048,Agri02_OFC,DE1,80203.5690755886
2048,Agri02_OFC,DE2,134130.8879830086
2048,Agri02_OFC,DE3,34610.519893367346
2048,Agri02_OFC,DE4,76285.25803163552
2048,Agri02_OFC,DE5,16191.360740955692
2048,Agri02_OFC,DE6,1975.418306374922
2048,Agri02_OFC,DE7,30768.546279512637
2048,Agri02_OFC,DE8,77590.70392025281
2048,Agri02_OFC,DE9,116386.36500625186
2048,Agri02_OFC,DEA,81868.17809693028
2048,Agri02_OFC,DEB,47403.46412100501
2048,Agri02_OFC,DEC,25885.321833706766
2048,Agri02_OFC,DEE,60636.976244822516
2048,Agri02_OFC,DED,50988.098150988495
2048,Agri02_OFC,DEF,31423.741514187343
2048,Agri02_OFC,DEG,25124.367535703062
2048,Agri03_No-till,DE1,0.0
2048,Agri03_No-till,DE2,0.0
2048,Agri03_No-till,DE3,0.0
2048,Agri03_No-till,DE4,0.0
2048,Agri03_No-till,DE5,0.0
2048,Agri03_No-till,DE6,0.0
2048,Agri03_No-till,DE7,0.0
2048,Agri03_No-till,DE8,0.0
2048,Agri03_No-till,DE9,0.0
2048,Agri03_No-till,DEA,0.0
2048,Agri03_No-till,DEB,0.0
2048,Agri03_No-till,DEC,0.0
2048,Agri03_No-till,DEE,0.0
2048,Agri03_No-till,DED,0.0
2048,Agri03_No-till,DEF,0.0
2048,Agri03_No-till,DEG,0.0
2048,Agri04_toGrassland,DE1,855.9180493585733
2048,Agri04_toGrassland,DE2,1474.8509684774422
2048,Agri04_toGrassland,DE3,332.6389471594161
2048,Agri04_toGrassland,DE4,806.5003945209917
2048,Agri04_toGrassland,DE5,156.09209193558402
2048,Agri04_toGrassland,DE6,19.894895703894235
2048,Agri04_toGrassland,DE7,343.63466732979305
2048,Agri04_toGrassland,DE8,826.6507729770865
2048,Agri04_toGrassland,DE9,1271.9151074849133
2048,Agri04_toGrassland,DEA,875.7440643230113
2048,Agri04_toGrassland,DEB,499.79935154402403
2048,Agri04_toGrassland,DEC,253.37768862558394
2048,Agri04_toGrassland,DEE,650.6422171834025
2048,Agri04_toGrassland,DED,540.5142281906486
2048,Agri04_toGrassland,DEF,360.6328924074968
2048,Agri04_toGrassland,DEG,288.3339165986279
2048,Agri05_Agroforestry,DE1,34593.051264571
2048,Agri05_Agroforestry,DE2,41884.98482586513
2048,Agri05_Agroforestry,DE3,94.54500000000002
2048,Agri05_Agroforestry,DE4,34235.052
2048,Agri05_Agroforestry,DE5,776.162
2048,Agri05_Agroforestry,DE6,628.319
2048,Agri05_Agroforestry,DE7,7653.676832557229
2048,Agri05_Agroforestry,DE8,32606.293
2048,Agri05_Agroforestry,DE9,39220.51727856713
2048,Agri05_Agroforestry,DEA,34553.043895897754
2048,Agri05_Agroforestry,DEB,22681.944876317775
2048,Agri05_Agroforestry,DEC,3458.3510000000006
2048,Agri05_Agroforestry,DEE,17156.976000000002
2048,Agri05_Agroforestry,DED,19114.16
2048,Agri05_Agroforestry,DEF,4257.38787405805
2048,Agri05_Agroforestry,DEG,3405.600367104275
2048,Agri06_Biochar,DE1,0.0
2048,Agri06_Biochar,DE2,0.0
2048,Agri06_Biochar,DE3,0.0
2048,Agri06_Biochar,DE4,0.0
2048,Agri06_Biochar,DE5,0.0
2048,Agri06_Biochar,DE6,0.0
2048,Agri06_Biochar,DE7,0.0
2048,Agri06_Biochar,DE8,0.0
2048,Agri06_Biochar,DE9,0.0
2048,Agri06_Biochar,DEA,0.0
2048,Agri06_Biochar,DEB,0.0
2048,Agri06_Biochar,DEC,0.0
2048,Agri06_Biochar,DEE,0.0
2048,Agri06_Biochar,DED,0.0
2048,Agri06_Biochar,DEF,0.0
2048,Agri06_Biochar,DEG,0.0
2049,Agri01_AGC,DE1,147800.1048536908
2049,Agri01_AGC,DE2,247178.0188400779
2049,Agri01_AGC,DE3,322.4330000000001
2049,Agri01_AGC,DE4,136540.38600000003
2049,Agri01_AGC,DE5,1036.6540000000002
2049,Agri01_AGC,DE6,1702.7469999999998
2049,Agri01_AGC,DE7,56700.64834672987
2049,Agri01_AGC,DE8,142985.0854177948
2049,Agri01_AGC,DE9,214478.1977875803
2049,Agri01_AGC,DEA,150867.66644390914
2049,Agri01_AGC,DEB,82330.50400000003
2049,Agri01_AGC,DEC,8754.346000000001
2049,Agri01_AGC,DEE,111742.5514885636
2049,Agri01_AGC,DED,93961.48251088374
2049,Agri01_AGC,DEF,57908.050030977756
2049,Agri01_AGC,DEG,46299.48765322232
2049,Agri02_OFC,DE1,80203.5690755886
2049,Agri02_OFC,DE2,134130.8879830086
2049,Agri02_OFC,DE3,34610.519893367346
2049,Agri02_OFC,DE4,76285.25803163552
2049,Agri02_OFC,DE5,16191.360740955692
2049,Agri02_OFC,DE6,1975.418306374922
2049,Agri02_OFC,DE7,30768.546279512637
2049,Agri02_OFC,DE8,77590.70392025281
2049,Agri02_OFC,DE9,116386.36500625186
2049,Agri02_OFC,DEA,81868.17809693028
2049,Agri02_OFC,DEB,47403.46412100501
2049,Agri02_OFC,DEC,25885.321833706766
2049,Agri02_OFC,DEE,60636.976244822516
2049,Agri02_OFC,DED,50988.098150988495
2049,Agri02_OFC,DEF,31423.741514187343
2049,Agri02_OFC,DEG,25124.367535703062
2049,Agri03_No-till,DE1,0.0
2049,Agri03_No-till,DE2,0.0
2049,Agri03_No-till,DE3,0.0
2049,Agri03_No-till,DE4,0.0
2049,Agri03_No-till,DE5,0.0
2049,Agri03_No-till,DE6,0.0
2049,Agri03_No-till,DE7,0.0
2049,Agri03_No-till,DE8,0.0
2049,Agri03_No-till,DE9,0.0
2049,Agri03_No-till,DEA,0.0
2049,Agri03_No-till,DEB,0.0
2049,Agri03_No-till,DEC,0.0
2049,Agri03_No-till,DEE,0.0
2049,Agri03_No-till,DED,0.0
2049,Agri03_No-till,DEF,0.0
2049,Agri03_No-till,DEG,0.0
2049,Agri04_toGrassland,DE1,855.9180493585733
2049,Agri04_toGrassland,DE2,1474.8509684774422
2049,Agri04_toGrassland,DE3,332.6389471594161
2049,Agri04_toGrassland,DE4,806.5003945209917
2049,Agri04_toGrassland,DE5,156.09209193558402
2049,Agri04_toGrassland,DE6,19.894895703894235
2049,Agri04_toGrassland,DE7,343.63466732979305
2049,Agri04_toGrassland,DE8,826.6507729770865
2049,Agri04_toGrassland,DE9,1271.9151074849133
2049,Agri04_toGrassland,DEA,875.7440643230113
2049,Agri04_toGrassland,DEB,499.79935154402403
2049,Agri04_toGrassland,DEC,253.37768862558394
2049,Agri04_toGrassland,DEE,650.6422171834025
2049,Agri04_toGrassland,DED,540.5142281906486
2049,Agri04_toGrassland,DEF,360.6328924074968
2049,Agri04_toGrassland,DEG,288.3339165986279
2049,Agri05_Agroforestry,DE1,34593.051264571
2049,Agri05_Agroforestry,DE2,41884.98482586513
2049,Agri05_Agroforestry,DE3,94.54500000000002
2049,Agri05_Agroforestry,DE4,34235.052
2049,Agri05_Agroforestry,DE5,776.162
2049,Agri05_Agroforestry,DE6,628.319
2049,Agri05_Agroforestry,DE7,7653.676832557229
2049,Agri05_Agroforestry,DE8,32606.293
2049,Agri05_Agroforestry,DE9,39220.51727856713
2049,Agri05_Agroforestry,DEA,34553.043895897754
2049,Agri05_Agroforestry,DEB,22681.944876317775
2049,Agri05_Agroforestry,DEC,3458.3510000000006
2049,Agri05_Agroforestry,DEE,17156.976000000002
2049,Agri05_Agroforestry,DED,19114.16
2049,Agri05_Agroforestry,DEF,4257.38787405805
2049,Agri05_Agroforestry,DEG,3405.600367104275
2049,Agri06_Biochar,DE1,0.0
2049,Agri06_Biochar,DE2,0.0
2049,Agri06_Biochar,DE3,0.0
2049,Agri06_Biochar,DE4,0.0
2049,Agri06_Biochar,DE5,0.0
2049,Agri06_Biochar,DE6,0.0
2049,Agri06_Biochar,DE7,0.0
2049,Agri06_Biochar,DE8,0.0
2049,Agri06_Biochar,DE9,0.0
2049,Agri06_Biochar,DEA,0.0
2049,Agri06_Biochar,DEB,0.0
2049,Agri06_Biochar,DEC,0.0
2049,Agri06_Biochar,DEE,0.0
2049,Agri06_Biochar,DED,0.0
2049,Agri06_Biochar,DEF,0.0
2049,Agri06_Biochar,DEG,0.0
2050,Agri01_AGC,DE1,147800.1048536908
2050,Agri01_AGC,DE2,247178.0188400779
2050,Agri01_AGC,DE3,322.4330000000001
2050,Agri01_AGC,DE4,136540.38600000003
2050,Agri01_AGC,DE5,1036.6540000000002
2050,Agri01_AGC,DE6,1702.7469999999998
2050,Agri01_AGC,DE7,56700.64834672987
2050,Agri01_AGC,DE8,142985.0854177948
2050,Agri01_AGC,DE9,214478.1977875803
2050,Agri01_AGC,DEA,150867.66644390914
2050,Agri01_AGC,DEB,82330.50400000003
2050,Agri01_AGC,DEC,8754.346000000001
2050,Agri01_AGC,DEE,111742.5514885636
2050,Agri01_AGC,DED,93961.48251088374
2050,Agri01_AGC,DEF,57908.050030977756
2050,Agri01_AGC,DEG,46299.48765322232
2050,Agri02_OFC,DE1,80203.5690755886
2050,Agri02_OFC,DE2,134130.8879830086
2050,Agri02_OFC,DE3,34610.519893367346
2050,Agri02_OFC,DE4,76285.25803163552
2050,Agri02_OFC,DE5,16191.360740955692
2050,Agri02_OFC,DE6,1975.418306374922
2050,Agri02_OFC,DE7,30768.546279512637
2050,Agri02_OFC,DE8,77590.70392025281
2050,Agri02_OFC,DE9,116386.36500625186
2050,Agri02_OFC,DEA,81868.17809693028
2050,Agri02_OFC,DEB,47403.46412100501
2050,Agri02_OFC,DEC,25885.321833706766
2050,Agri02_OFC,DEE,60636.976244822516
2050,Agri02_OFC,DED,50988.098150988495
2050,Agri02_OFC,DEF,31423.741514187343
2050,Agri02_OFC,DEG,25124.367535703062
2050,Agri03_No-till,DE1,0.0
2050,Agri03_No-till,DE2,0.0
2050,Agri03_No-till,DE3,0.0
2050,Agri03_No-till,DE4,0.0
2050,Agri03_No-till,DE5,0.0
2050,Agri03_No-till,DE6,0.0
2050,Agri03_No-till,DE7,0.0
2050,Agri03_No-till,DE8,0.0
2050,Agri03_No-till,DE9,0.0
2050,Agri03_No-till,DEA,0.0
2050,Agri03_No-till,DEB,0.0
2050,Agri03_No-till,DEC,0.0
2050,Agri03_No-till,DEE,0.0
2050,Agri03_No-till,DED,0.0
2050,Agri03_No-till,DEF,0.0
2050,Agri03_No-till,DEG,0.0
2050,Agri04_toGrassland,DE1,855.9180493585733
2050,Agri04_toGrassland,DE2,1474.8509684774422
2050,Agri04_toGrassland,DE3,332.6389471594161
2050,Agri04_toGrassland,DE4,806.5003945209917
2050,Agri04_toGrassland,DE5,156.09209193558402
2050,Agri04_toGrassland,DE6,19.894895703894235
2050,Agri04_toGrassland,DE7,343.63466732979305
2050,Agri04_toGrassland,DE8,826.6507729770865
2050,Agri04_toGrassland,DE9,1271.9151074849133
2050,Agri04_toGrassland,DEA,875.7440643230113
2050,Agri04_toGrassland,DEB,499.79935154402403
2050,Agri04_toGrassland,DEC,253.37768862558394
2050,Agri04_toGrassland,DEE,650.6422171834025
2050,Agri04_toGrassland,DED,540.5142281906486
2050,Agri04_toGrassland,DEF,360.6328924074968
2050,Agri04_toGrassland,DEG,288.3339165986279
2050,Agri05_Agroforestry,DE1,34593.051264571
2050,Agri05_Agroforestry,DE2,41884.98482586513
2050,Agri05_Agroforestry,DE3,94.54500000000002
2050,Agri05_Agroforestry,DE4,34235.052
2050,Agri05_Agroforestry,DE5,776.162
2050,Agri05_Agroforestry,DE6,628.319
2050,Agri05_Agroforestry,DE7,7653.676832557229
2050,Agri05_Agroforestry,DE8,32606.293
2050,Agri05_Agroforestry,DE9,39220.51727856713
2050,Agri05_Agroforestry,DEA,34553.043895897754
2050,Agri05_Agroforestry,DEB,22681.944876317775
2050,Agri05_Agroforestry,DEC,3458.3510000000006
2050,Agri05_Agroforestry,DEE,17156.976000000002
2050,Agri05_Agroforestry,DED,19114.16
2050,Agri05_Agroforestry,DEF,4257.38787405805
2050,Agri05_Agroforestry,DEG,3405.600367104275
2050,Agri06_Biochar,DE1,0.0
2050,Agri06_Biochar,DE2,0.0
2050,Agri06_Biochar,DE3,0.0
2050,Agri06_Biochar,DE4,0.0
2050,Agri06_Biochar,DE5,0.0
2050,Agri06_Biochar,DE6,0.0
2050,Agri06_Biochar,DE7,0.0
2050,Agri06_Biochar,DE8,0.0
2050,Agri06_Biochar,DE9,0.0
2050,Agri06_Biochar,DEA,0.0
2050,Agri06_Biochar,DEB,0.0
2050,Agri06_Biochar,DEC,0.0
2050,Agri06_Biochar,DEE,0.0
2050,Agri06_Biochar,DED,0.0
2050,Agri06_Biochar,DEF,0.0
2050,Agri06_Biochar,DEG,0.0
