year,techAgri,r,costTechAgri
2020,Agri01_AGC,DE1,0.0
2020,Agri01_AGC,DE2,0.0
2020,Agri01_AGC,DE3,0.0
2020,Agri01_AGC,DE4,0.0
2020,Agri01_AGC,DE5,0.0
2020,Agri01_AGC,DE6,0.0
2020,Agri01_AGC,DE7,0.0
2020,Agri01_AGC,DE8,0.0
2020,Agri01_AGC,DE9,0.0
2020,Agri01_AGC,DEA,0.0
2020,Agri01_AGC,DEB,0.0
2020,Agri01_AGC,DEC,0.0
2020,Agri01_AGC,DEE,0.0
2020,Agri01_AGC,DED,0.0
2020,Agri01_AGC,DEF,0.0
2020,Agri01_AGC,DEG,0.0
2020,Agri02_OFC,DE1,0.0
2020,Agri02_OFC,DE2,0.0
2020,Agri02_OFC,DE3,0.0
2020,Agri02_OFC,DE4,0.0
2020,Agri02_OFC,DE5,0.0
2020,Agri02_OFC,DE6,0.0
2020,Agri02_OFC,DE7,0.0
2020,Agri02_OFC,DE8,0.0
2020,Agri02_OFC,DE9,0.0
2020,Agri02_OFC,DEA,0.0
2020,Agri02_OFC,DEB,0.0
2020,Agri02_OFC,DEC,0.0
2020,Agri02_OFC,DEE,0.0
2020,Agri02_OFC,DED,0.0
2020,Agri02_OFC,DEF,0.0
2020,Agri02_OFC,DEG,0.0
2020,Agri03_No-till,DE1,0.0
2020,Agri03_No-till,DE2,0.0
2020,Agri03_No-till,DE3,0.0
2020,Agri03_No-till,DE4,0.0
2020,Agri03_No-till,DE5,0.0
2020,Agri03_No-till,DE6,0.0
2020,Agri03_No-till,DE7,0.0
2020,Agri03_No-till,DE8,0.0
2020,Agri03_No-till,DE9,0.0
2020,Agri03_No-till,DEA,0.0
2020,Agri03_No-till,DEB,0.0
2020,Agri03_No-till,DEC,0.0
2020,Agri03_No-till,DEE,0.0
2020,Agri03_No-till,DED,0.0
2020,Agri03_No-till,DEF,0.0
2020,Agri03_No-till,DEG,0.0
2020,Agri04_toGrassland,DE1,0.0
2020,Agri04_toGrassland,DE2,0.0
2020,Agri04_toGrassland,DE3,0.0
2020,Agri04_toGrassland,DE4,0.0
2020,Agri04_toGrassland,DE5,0.0
2020,Agri04_toGrassland,DE6,0.0
2020,Agri04_toGrassland,DE7,0.0
2020,Agri04_toGrassland,DE8,0.0
2020,Agri04_toGrassland,DE9,0.0
2020,Agri04_toGrassland,DEA,0.0
2020,Agri04_toGrassland,DEB,0.0
2020,Agri04_toGrassland,DEC,0.0
2020,Agri04_toGrassland,DEE,0.0
2020,Agri04_toGrassland,DED,0.0
2020,Agri04_toGrassland,DEF,0.0
2020,Agri04_toGrassland,DEG,0.0
2020,Agri05_Agroforestry,DE1,0.0
2020,Agri05_Agroforestry,DE2,0.0
2020,Agri05_Agroforestry,DE3,0.0
2020,Agri05_Agroforestry,DE4,0.0
2020,Agri05_Agroforestry,DE5,0.0
2020,Agri05_Agroforestry,DE6,0.0
2020,Agri05_Agroforestry,DE7,0.0
2020,Agri05_Agroforestry,DE8,0.0
2020,Agri05_Agroforestry,DE9,0.0
2020,Agri05_Agroforestry,DEA,0.0
2020,Agri05_Agroforestry,DEB,0.0
2020,Agri05_Agroforestry,DEC,0.0
2020,Agri05_Agroforestry,DEE,0.0
2020,Agri05_Agroforestry,DED,0.0
2020,Agri05_Agroforestry,DEF,0.0
2020,Agri05_Agroforestry,DEG,0.0
2020,Agri06_Biochar,DE1,0.0
2020,Agri06_Biochar,DE2,0.0
2020,Agri06_Biochar,DE3,0.0
2020,Agri06_Biochar,DE4,0.0
2020,Agri06_Biochar,DE5,0.0
2020,Agri06_Biochar,DE6,0.0
2020,Agri06_Biochar,DE7,0.0
2020,Agri06_Biochar,DE8,0.0
2020,Agri06_Biochar,DE9,0.0
2020,Agri06_Biochar,DEA,0.0
2020,Agri06_Biochar,DEB,0.0
2020,Agri06_Biochar,DEC,0.0
2020,Agri06_Biochar,DEE,0.0
2020,Agri06_Biochar,DED,0.0
2020,Agri06_Biochar,DEF,0.0
2020,Agri06_Biochar,DEG,0.0
2021,Agri01_AGC,DE1,1149889.7170347103
2021,Agri01_AGC,DE2,2507206.489859491
2021,Agri01_AGC,DE3,0.0
2021,Agri01_AGC,DE4,991460.6931683484
2021,Agri01_AGC,DE5,0.0
2021,Agri01_AGC,DE6,0.0
2021,Agri01_AGC,DE7,646631.4428646218
2021,Agri01_AGC,DE8,1093823.4849452644
2021,Agri01_AGC,DE9,2070285.926834005
2021,Agri01_AGC,DEA,1201484.8254857888
2021,Agri01_AGC,DEB,597826.4816443356
2021,Agri01_AGC,DEC,0.0
2021,Agri01_AGC,DEE,916912.1654873858
2021,Agri01_AGC,DED,682311.9239869
2021,Agri01_AGC,DEF,790610.7993986052
2021,Agri01_AGC,DEG,632059.5097642854
2021,Agri02_OFC,DE1,0.0
2021,Agri02_OFC,DE2,0.0
2021,Agri02_OFC,DE3,0.0
2021,Agri02_OFC,DE4,0.0
2021,Agri02_OFC,DE5,0.0
2021,Agri02_OFC,DE6,0.0
2021,Agri02_OFC,DE7,0.0
2021,Agri02_OFC,DE8,0.0
2021,Agri02_OFC,DE9,0.0
2021,Agri02_OFC,DEA,0.0
2021,Agri02_OFC,DEB,0.0
2021,Agri02_OFC,DEC,0.0
2021,Agri02_OFC,DEE,0.0
2021,Agri02_OFC,DED,0.0
2021,Agri02_OFC,DEF,0.0
2021,Agri02_OFC,DEG,0.0
2021,Agri03_No-till,DE1,0.0
2021,Agri03_No-till,DE2,0.0
2021,Agri03_No-till,DE3,0.0
2021,Agri03_No-till,DE4,0.0
2021,Agri03_No-till,DE5,0.0
2021,Agri03_No-till,DE6,0.0
2021,Agri03_No-till,DE7,0.0
2021,Agri03_No-till,DE8,0.0
2021,Agri03_No-till,DE9,0.0
2021,Agri03_No-till,DEA,0.0
2021,Agri03_No-till,DEB,0.0
2021,Agri03_No-till,DEC,0.0
2021,Agri03_No-till,DEE,0.0
2021,Agri03_No-till,DED,0.0
2021,Agri03_No-till,DEF,0.0
2021,Agri03_No-till,DEG,0.0
2021,Agri04_toGrassland,DE1,12515.362365339839
2021,Agri04_toGrassland,DE2,27288.354074720446
2021,Agri04_toGrassland,DE3,25.482445096631064
2021,Agri04_toGrassland,DE4,10791.026010730327
2021,Agri04_toGrassland,DE5,81.9285824937366
2021,Agri04_toGrassland,DE6,134.57107970013377
2021,Agri04_toGrassland,DE7,7037.915640417018
2021,Agri04_toGrassland,DE8,11905.139314673599
2021,Agri04_toGrassland,DE9,22532.92484518225
2021,Agri04_toGrassland,DEA,13076.921851417725
2021,Agri04_toGrassland,DEB,6506.7240262565065
2021,Agri04_toGrassland,DEC,691.8713075333843
2021,Agri04_toGrassland,DEE,9979.642254611697
2021,Agri04_toGrassland,DED,7426.26083909097
2021,Agri04_toGrassland,DEF,8604.982284684496
2021,Agri04_toGrassland,DEG,6879.315193424156
2021,Agri05_Agroforestry,DE1,86734.2226734532
2021,Agri05_Agroforestry,DE2,189114.31484106046
2021,Agri05_Agroforestry,DE3,176.5989671538551
2021,Agri05_Agroforestry,DE4,74784.19126574727
2021,Agri05_Agroforestry,DE5,567.7831540069177
2021,Agri05_Agroforestry,DE6,932.6072750752098
2021,Agri05_Agroforestry,DE7,48774.308285586194
2021,Agri05_Agroforestry,DE8,82505.24228823186
2021,Agri05_Agroforestry,DE9,156158.14100746214
2021,Agri05_Agroforestry,DEA,90625.95381859026
2021,Agri05_Agroforestry,DEB,45093.033193427276
2021,Agri05_Agroforestry,DEC,4794.820820782868
2021,Agri05_Agroforestry,DEE,69161.12280616254
2021,Agri05_Agroforestry,DED,51465.62619973901
2021,Agri05_Agroforestry,DEF,59634.425899475675
2021,Agri05_Agroforestry,DEG,47675.17219315596
2021,Agri06_Biochar,DE1,0.0
2021,Agri06_Biochar,DE2,0.0
2021,Agri06_Biochar,DE3,0.0
2021,Agri06_Biochar,DE4,0.0
2021,Agri06_Biochar,DE5,0.0
2021,Agri06_Biochar,DE6,0.0
2021,Agri06_Biochar,DE7,0.0
2021,Agri06_Biochar,DE8,0.0
2021,Agri06_Biochar,DE9,0.0
2021,Agri06_Biochar,DEA,0.0
2021,Agri06_Biochar,DEB,0.0
2021,Agri06_Biochar,DEC,0.0
2021,Agri06_Biochar,DEE,0.0
2021,Agri06_Biochar,DED,0.0
2021,Agri06_Biochar,DEF,0.0
2021,Agri06_Biochar,DEG,0.0
2022,Agri01_AGC,DE1,2261570.11873859
2022,Agri01_AGC,DE2,4840290.408926825
2022,Agri01_AGC,DE3,0.0
2022,Agri01_AGC,DE4,1965872.3146514846
2022,Agri01_AGC,DE5,0.0
2022,Agri01_AGC,DE6,14854.030619664978
2022,Agri01_AGC,DE7,1239829.7507629888
2022,Agri01_AGC,DE8,2154192.9952764083
2022,Agri01_AGC,DE9,4009341.006351861
2022,Agri01_AGC,DEA,2358735.139659498
2022,Agri01_AGC,DEB,1188505.0144099782
2022,Agri01_AGC,DEC,0.0
2022,Agri01_AGC,DEE,1795964.295893311
2022,Agri01_AGC,DED,1349524.1300805456
2022,Agri01_AGC,DEF,1502081.766494949
2022,Agri01_AGC,DEG,1200855.52675385
2022,Agri02_OFC,DE1,0.0
2022,Agri02_OFC,DE2,0.0
2022,Agri02_OFC,DE3,0.0
2022,Agri02_OFC,DE4,0.0
2022,Agri02_OFC,DE5,0.0
2022,Agri02_OFC,DE6,0.0
2022,Agri02_OFC,DE7,0.0
2022,Agri02_OFC,DE8,0.0
2022,Agri02_OFC,DE9,0.0
2022,Agri02_OFC,DEA,0.0
2022,Agri02_OFC,DEB,0.0
2022,Agri02_OFC,DEC,0.0
2022,Agri02_OFC,DEE,0.0
2022,Agri02_OFC,DED,0.0
2022,Agri02_OFC,DEF,0.0
2022,Agri02_OFC,DEG,0.0
2022,Agri03_No-till,DE1,0.0
2022,Agri03_No-till,DE2,0.0
2022,Agri03_No-till,DE3,0.0
2022,Agri03_No-till,DE4,0.0
2022,Agri03_No-till,DE5,0.0
2022,Agri03_No-till,DE6,0.0
2022,Agri03_No-till,DE7,0.0
2022,Agri03_No-till,DE8,0.0
2022,Agri03_No-till,DE9,0.0
2022,Agri03_No-till,DEA,0.0
2022,Agri03_No-till,DEB,0.0
2022,Agri03_No-till,DEC,0.0
2022,Agri03_No-till,DEE,0.0
2022,Agri03_No-till,DED,0.0
2022,Agri03_No-till,DEF,0.0
2022,Agri03_No-till,DEG,0.0
2022,Agri04_toGrassland,DE1,25078.934637891467
2022,Agri04_toGrassland,DE2,53674.801319710896
2022,Agri04_toGrassland,DE3,902.454470748465
2022,Agri04_toGrassland,DE4,21799.891534242408
2022,Agri04_toGrassland,DE5,551.3790048567943
2022,Agri04_toGrassland,DE6,297.17003209271115
2022,Agri04_toGrassland,DE7,13748.682397183862
2022,Agri04_toGrassland,DE8,23888.21150328672
2022,Agri04_toGrassland,DE9,44460.26245491735
2022,Agri04_toGrassland,DEA,26156.41403531291
2022,Agri04_toGrassland,DEB,13179.533690434015
2022,Agri04_toGrassland,DEC,1916.5999390040463
2022,Agri04_toGrassland,DEE,19915.752695661304
2022,Agri04_toGrassland,DED,14965.10197500508
2022,Agri04_toGrassland,DEF,16656.839480929506
2022,Agri04_toGrassland,DEG,13316.490616619962
2022,Agri05_Agroforestry,DE1,217844.1612760621
2022,Agri05_Agroforestry,DE2,429587.80633000674
2022,Agri05_Agroforestry,DE3,17403.068862772416
2022,Agri05_Agroforestry,DE4,195776.54681815108
2022,Agri05_Agroforestry,DE5,18881.520486814017
2022,Agri05_Agroforestry,DE6,3582.505689738084
2022,Agri05_Agroforestry,DE7,106532.75503254603
2022,Agri05_Agroforestry,DE8,208668.42667748814
2022,Agri05_Agroforestry,DE9,360998.1708045716
2022,Agri05_Agroforestry,DEA,225463.77256421247
2022,Agri05_Agroforestry,DEB,119614.27196997828
2022,Agri05_Agroforestry,DEC,35944.15087036967
2022,Agri05_Agroforestry,DEE,170011.62981649712
2022,Agri05_Agroforestry,DED,133048.13043329187
2022,Agri05_Agroforestry,DEF,123350.0869189513
2022,Agri05_Agroforestry,DEG,98615.82542057923
2022,Agri06_Biochar,DE1,0.0
2022,Agri06_Biochar,DE2,0.0
2022,Agri06_Biochar,DE3,0.0
2022,Agri06_Biochar,DE4,0.0
2022,Agri06_Biochar,DE5,0.0
2022,Agri06_Biochar,DE6,0.0
2022,Agri06_Biochar,DE7,0.0
2022,Agri06_Biochar,DE8,0.0
2022,Agri06_Biochar,DE9,0.0
2022,Agri06_Biochar,DEA,0.0
2022,Agri06_Biochar,DEB,0.0
2022,Agri06_Biochar,DEC,0.0
2022,Agri06_Biochar,DEE,0.0
2022,Agri06_Biochar,DED,0.0
2022,Agri06_Biochar,DEF,0.0
2022,Agri06_Biochar,DEG,0.0
2023,Agri01_AGC,DE1,3330831.8747133007
2023,Agri01_AGC,DE2,6999652.733398602
2023,Agri01_AGC,DE3,0.0
2023,Agri01_AGC,DE4,2917928.7616528603
2023,Agri01_AGC,DE5,0.0
2023,Agri01_AGC,DE6,31471.03513334228
2023,Agri01_AGC,DE7,1780597.6068313012
2023,Agri01_AGC,DE8,3176799.3501698817
2023,Agri01_AGC,DE9,5816172.7420337
2023,Agri01_AGC,DEA,3467807.44773215
2023,Agri01_AGC,DEB,1768505.755867211
2023,Agri01_AGC,DEC,0.0
2023,Agri01_AGC,DEE,2634579.6559201726
2023,Agri01_AGC,DED,1998340.1489405176
2023,Agri01_AGC,DEF,2137095.4663938605
2023,Agri01_AGC,DEG,1708532.0755715033
2023,Agri02_OFC,DE1,790625.3342890347
2023,Agri02_OFC,DE2,1603267.1637286278
2023,Agri02_OFC,DE3,103574.32474827094
2023,Agri02_OFC,DE4,702805.5984850904
2023,Agri02_OFC,DE5,51548.30897917886
2023,Agri02_OFC,DE6,11795.775332530236
2023,Agri02_OFC,DE7,402175.05108700664
2023,Agri02_OFC,DE8,755917.2903802576
2023,Agri02_OFC,DE9,1340537.0645130824
2023,Agri02_OFC,DEA,820375.426084785
2023,Agri02_OFC,DEB,427934.3310305877
2023,Agri02_OFC,DEC,107204.16437033516
2023,Agri02_OFC,DEE,620620.4514274556
2023,Agri02_OFC,DED,479191.5377806972
2023,Agri02_OFC,DEF,473384.04249969794
2023,Agri02_OFC,DEG,378457.4839777003
2023,Agri03_No-till,DE1,0.0
2023,Agri03_No-till,DE2,0.0
2023,Agri03_No-till,DE3,0.0
2023,Agri03_No-till,DE4,0.0
2023,Agri03_No-till,DE5,0.0
2023,Agri03_No-till,DE6,0.0
2023,Agri03_No-till,DE7,0.0
2023,Agri03_No-till,DE8,0.0
2023,Agri03_No-till,DE9,0.0
2023,Agri03_No-till,DEA,0.0
2023,Agri03_No-till,DEB,0.0
2023,Agri03_No-till,DEC,0.0
2023,Agri03_No-till,DEE,0.0
2023,Agri03_No-till,DED,0.0
2023,Agri03_No-till,DEF,0.0
2023,Agri03_No-till,DEG,0.0
2023,Agri04_toGrassland,DE1,37669.46882646551
2023,Agri04_toGrassland,DE2,79161.36579530548
2023,Agri04_toGrassland,DE3,2589.992644613487
2023,Agri04_toGrassland,DE4,32999.81225692772
2023,Agri04_toGrassland,DE5,1389.6201871016933
2023,Agri04_toGrassland,DE6,486.2475005315262
2023,Agri04_toGrassland,DE7,20137.361645965444
2023,Agri04_toGrassland,DE8,35927.46454651381
2023,Agri04_toGrassland,DE9,65777.0028738647
2023,Agri04_toGrassland,DEA,39218.57045389752
2023,Agri04_toGrassland,DEB,20000.610942213614
2023,Agri04_toGrassland,DEC,3647.5537096162807
2023,Agri04_toGrassland,DEE,29795.324397172553
2023,Agri04_toGrassland,DED,22599.883385488687
2023,Agri04_toGrassland,DEF,24169.112725761206
2023,Agri04_toGrassland,DEG,19322.34894482534
2023,Agri05_Agroforestry,DE1,398546.8010804562
2023,Agri05_Agroforestry,DE2,726108.8429365371
2023,Agri05_Agroforestry,DE3,18257.519886389975
2023,Agri05_Agroforestry,DE4,368645.72271465167
2023,Agri05_Agroforestry,DE5,57546.433575104005
2023,Agri05_Agroforestry,DE6,8188.455244204906
2023,Agri05_Agroforestry,DE7,173856.77012318047
2023,Agri05_Agroforestry,DE8,383665.13936036977
2023,Agri05_Agroforestry,DE9,619315.3852460006
2023,Agri05_Agroforestry,DEA,409647.11294419534
2023,Agri05_Agroforestry,DEB,227212.41086842166
2023,Agri05_Agroforestry,DEC,97256.89848503805
2023,Agri05_Agroforestry,DEE,306167.188645222
2023,Agri05_Agroforestry,DED,248400.71487540356
2023,Agri05_Agroforestry,DEF,190841.06305281425
2023,Agri05_Agroforestry,DEG,152577.78861950175
2023,Agri06_Biochar,DE1,0.0
2023,Agri06_Biochar,DE2,0.0
2023,Agri06_Biochar,DE3,0.0
2023,Agri06_Biochar,DE4,0.0
2023,Agri06_Biochar,DE5,0.0
2023,Agri06_Biochar,DE6,0.0
2023,Agri06_Biochar,DE7,0.0
2023,Agri06_Biochar,DE8,0.0
2023,Agri06_Biochar,DE9,0.0
2023,Agri06_Biochar,DEA,0.0
2023,Agri06_Biochar,DEB,0.0
2023,Agri06_Biochar,DEC,0.0
2023,Agri06_Biochar,DEE,0.0
2023,Agri06_Biochar,DED,0.0
2023,Agri06_Biochar,DEF,0.0
2023,Agri06_Biochar,DEG,0.0
2024,Agri01_AGC,DE1,4353465.654560506
2024,Agri01_AGC,DE2,8985694.43947143
2024,Agri01_AGC,DE3,0.0
2024,Agri01_AGC,DE4,3842323.9313759278
2024,Agri01_AGC,DE5,0.0
2024,Agri01_AGC,DE6,49544.07845382216
2024,Agri01_AGC,DE7,2269937.6942057596
2024,Agri01_AGC,DE8,4157333.3688021367
2024,Agri01_AGC,DE9,7489788.637359656
2024,Agri01_AGC,DEA,4524758.254914772
2024,Agri01_AGC,DEB,2334298.8635863173
2024,Agri01_AGC,DEC,87350.68272055914
2024,Agri01_AGC,DEE,3430181.510270369
2024,Agri01_AGC,DED,2625463.5112263975
2024,Agri01_AGC,DEF,2698334.4642001707
2024,Agri01_AGC,DEG,2157233.180820056
2024,Agri02_OFC,DE1,1548634.020256425
2024,Agri02_OFC,DE2,3086201.846697103
2024,Agri02_OFC,DE3,248691.67281171723
2024,Agri02_OFC,DE4,1386103.1975172677
2024,Agri02_OFC,DE5,121806.75083727983
2024,Agri02_OFC,DE6,24585.29272295215
2024,Agri02_OFC,DE7,768694.9269633152
2024,Agri02_OFC,DE8,1482375.7612357852
2024,Agri02_OFC,DE9,2588511.973824712
2024,Agri02_OFC,DEA,1604334.4791127308
2024,Agri02_OFC,DEB,845803.3343632759
2024,Agri02_OFC,DEC,238516.92054126982
2024,Agri02_OFC,DEE,1211226.413493062
2024,Agri02_OFC,DED,943133.2777689899
2024,Agri02_OFC,DEF,895689.9471080053
2024,Agri02_OFC,DEG,716083.1179114148
2024,Agri03_No-till,DE1,0.0
2024,Agri03_No-till,DE2,0.0
2024,Agri03_No-till,DE3,0.0
2024,Agri03_No-till,DE4,0.0
2024,Agri03_No-till,DE5,0.0
2024,Agri03_No-till,DE6,0.0
2024,Agri03_No-till,DE7,0.0
2024,Agri03_No-till,DE8,0.0
2024,Agri03_No-till,DE9,0.0
2024,Agri03_No-till,DEA,0.0
2024,Agri03_No-till,DEB,0.0
2024,Agri03_No-till,DEC,0.0
2024,Agri03_No-till,DEE,0.0
2024,Agri03_No-till,DED,0.0
2024,Agri03_No-till,DEF,0.0
2024,Agri03_No-till,DEG,0.0
2024,Agri04_toGrassland,DE1,50265.7169398726
2024,Agri04_toGrassland,DE2,103750.07156183835
2024,Agri04_toGrassland,DE3,5047.173534349681
2024,Agri04_toGrassland,DE4,44364.00386517774
2024,Agri04_toGrassland,DE5,2577.9210492409543
2024,Agri04_toGrassland,DE6,700.2541283703727
2024,Agri04_toGrassland,DE7,26209.014762426672
2024,Agri04_toGrassland,DE8,48001.146425029365
2024,Agri04_toGrassland,DE9,86478.13614668362
2024,Agri04_toGrassland,DEA,52243.48500938351
2024,Agri04_toGrassland,DEB,26952.137731276398
2024,Agri04_toGrassland,DEC,5858.100434574383
2024,Agri04_toGrassland,DEE,39605.35043316918
2024,Agri04_toGrassland,DED,30313.965048288163
2024,Agri04_toGrassland,DEF,31155.34315620578
2024,Agri04_toGrassland,DEG,24907.7128532782
2024,Agri05_Agroforestry,DE1,634059.127359265
2024,Agri05_Agroforestry,DE2,1083365.7931303491
2024,Agri05_Agroforestry,DE3,19111.97091000753
2024,Agri05_Agroforestry,DE4,599060.3750126892
2024,Agri05_Agroforestry,DE5,119167.74399555956
2024,Agri05_Agroforestry,DE6,14989.215938691952
2024,Agri05_Agroforestry,DE7,251327.78343979036
2024,Agri05_Agroforestry,DE8,612670.9665294774
2024,Agri05_Agroforestry,DE9,935905.0801864212
2024,Agri05_Agroforestry,DEA,648309.6316658676
2024,Agri05_Agroforestry,DEB,371536.144427526
2024,Agri05_Agroforestry,DEC,192541.97200106565
2024,Agri05_Agroforestry,DEE,481243.46690655535
2024,Agri05_Agroforestry,DED,401176.5817008191
2024,Agri05_Agroforestry,DEF,261801.43429545182
2024,Agri05_Agroforestry,DEG,209316.89072715538
2024,Agri06_Biochar,DE1,0.0
2024,Agri06_Biochar,DE2,0.0
2024,Agri06_Biochar,DE3,0.0
2024,Agri06_Biochar,DE4,0.0
2024,Agri06_Biochar,DE5,0.0
2024,Agri06_Biochar,DE6,0.0
2024,Agri06_Biochar,DE7,0.0
2024,Agri06_Biochar,DE8,0.0
2024,Agri06_Biochar,DE9,0.0
2024,Agri06_Biochar,DEA,0.0
2024,Agri06_Biochar,DEB,0.0
2024,Agri06_Biochar,DEC,0.0
2024,Agri06_Biochar,DEE,0.0
2024,Agri06_Biochar,DED,0.0
2024,Agri06_Biochar,DEF,0.0
2024,Agri06_Biochar,DEG,0.0
2025,Agri01_AGC,DE1,5325262.127881867
2025,Agri01_AGC,DE2,10798816.503341904
2025,Agri01_AGC,DE3,0.0
2025,Agri01_AGC,DE4,4733751.721024138
2025,Agri01_AGC,DE5,0.0
2025,Agri01_AGC,DE6,68766.22549389489
2025,Agri01_AGC,DE7,2708852.696022563
2025,Agri01_AGC,DE8,5091485.870349621
2025,Agri01_AGC,DE9,9029196.195809858
2025,Agri01_AGC,DEA,5525644.066418383
2025,Agri01_AGC,DEB,2882354.4951375793
2025,Agri01_AGC,DEC,317945.5515743916
2025,Agri01_AGC,DEE,4180193.123646296
2025,Agri01_AGC,DED,3227597.747597766
2025,Agri01_AGC,DEF,3188481.325018709
2025,Agri01_AGC,DEG,2549102.867102317
2025,Agri02_OFC,DE1,2271103.0673259953
2025,Agri02_OFC,DE2,4449082.489781534
2025,Agri02_OFC,DE3,429722.3916733387
2025,Agri02_OFC,DE4,2046208.1995470845
2025,Agri02_OFC,DE5,208198.5751513091
2025,Agri02_OFC,DE6,38155.41414632812
2025,Agri02_OFC,DE7,1100255.8983134886
2025,Agri02_OFC,DE8,2176383.0851067933
2025,Agri02_OFC,DE9,3743235.5309130508
2025,Agri02_OFC,DEA,2349138.7667471548
2025,Agri02_OFC,DEB,1251155.860959842
2025,Agri02_OFC,DEC,390274.5986398734
2025,Agri02_OFC,DEE,1770028.5818943663
2025,Agri02_OFC,DED,1389536.12694892
2025,Agri02_OFC,DEF,1268780.5071386734
2025,Agri02_OFC,DEG,1014365.7285541055
2025,Agri03_No-till,DE1,0.0
2025,Agri03_No-till,DE2,0.0
2025,Agri03_No-till,DE3,0.0
2025,Agri03_No-till,DE4,0.0
2025,Agri03_No-till,DE5,0.0
2025,Agri03_No-till,DE6,0.0
2025,Agri03_No-till,DE7,0.0
2025,Agri03_No-till,DE8,0.0
2025,Agri03_No-till,DE9,0.0
2025,Agri03_No-till,DEA,0.0
2025,Agri03_No-till,DEB,0.0
2025,Agri03_No-till,DEC,0.0
2025,Agri03_No-till,DEE,0.0
2025,Agri03_No-till,DED,0.0
2025,Agri03_No-till,DEF,0.0
2025,Agri03_No-till,DEG,0.0
2025,Agri04_toGrassland,DE1,62846.43098692336
2025,Agri04_toGrassland,DE2,127442.94267964367
2025,Agri04_toGrassland,DE3,8233.073707615036
2025,Agri04_toGrassland,DE4,55865.68204538396
2025,Agri04_toGrassland,DE5,4097.550511287098
2025,Agri04_toGrassland,DE6,937.6405589630446
2025,Agri04_toGrassland,DE7,31968.703122232462
2025,Agri04_toGrassland,DE8,60087.50511950785
2025,Agri04_toGrassland,DE9,106558.65231803352
2025,Agri04_toGrassland,DEA,65211.25160398285
2025,Agri04_toGrassland,DEB,34016.296007303456
2025,Agri04_toGrassland,DEC,8521.60792908265
2025,Agri04_toGrassland,DEE,49332.823877674935
2025,Agri04_toGrassland,DED,38090.706941149874
2025,Agri04_toGrassland,DEF,37629.07190928941
2025,Agri04_toGrassland,DEG,30083.405017216475
2025,Agri05_Agroforestry,DE1,929598.1253851178
2025,Agri05_Agroforestry,DE2,1506047.0253811418
2025,Agri05_Agroforestry,DE3,19966.42193362509
2025,Agri05_Agroforestry,DE4,892689.1597697039
2025,Agri05_Agroforestry,DE5,163913.24745725648
2025,Agri05_Agroforestry,DE6,24223.54777341551
2025,Agri05_Agroforestry,DE7,339527.22486467677
2025,Agri05_Agroforestry,DE8,900861.4943774123
2025,Agri05_Agroforestry,DE9,1315562.5514805056
2025,Agri05_Agroforestry,DEA,946584.9854365578
2025,Agri05_Agroforestry,DEB,556234.16718606
2025,Agri05_Agroforestry,DEC,325608.27975473023
2025,Agri05_Agroforestry,DEE,698856.1322147155
2025,Agri05_Agroforestry,DED,595028.9330842835
2025,Agri05_Agroforestry,DEF,335925.28064125136
2025,Agri05_Agroforestry,DEG,268588.960680772
2025,Agri06_Biochar,DE1,0.0
2025,Agri06_Biochar,DE2,0.0
2025,Agri06_Biochar,DE3,0.0
2025,Agri06_Biochar,DE4,0.0
2025,Agri06_Biochar,DE5,0.0
2025,Agri06_Biochar,DE6,0.0
2025,Agri06_Biochar,DE7,0.0
2025,Agri06_Biochar,DE8,0.0
2025,Agri06_Biochar,DE9,0.0
2025,Agri06_Biochar,DEA,0.0
2025,Agri06_Biochar,DEB,0.0
2025,Agri06_Biochar,DEC,0.0
2025,Agri06_Biochar,DEE,0.0
2025,Agri06_Biochar,DED,0.0
2025,Agri06_Biochar,DEF,0.0
2025,Agri06_Biochar,DEG,0.0
2026,Agri01_AGC,DE1,6242011.964279048
2026,Agri01_AGC,DE2,12439419.901206639
2026,Agri01_AGC,DE3,45577.16941843993
2026,Agri01_AGC,DE4,5586906.027800945
2026,Agri01_AGC,DE5,146535.1095771941
2026,Agri01_AGC,DE6,88830.54116635073
2026,Agri01_AGC,DE7,3098345.2954179137
2026,Agri01_AGC,DE8,5974947.673988788
2026,Agri01_AGC,DE9,10433402.920864442
2026,Agri01_AGC,DEA,6466521.387454012
2026,Agri01_AGC,DEB,3409142.8080912824
2026,Agri01_AGC,DEC,573135.9937501567
2026,Agri01_AGC,DEE,4882037.760750354
2026,Agri01_AGC,DED,3801446.388714207
2026,Agri01_AGC,DEF,3610218.6139543075
2026,Agri01_AGC,DEG,2886285.1590210977
2026,Agri02_OFC,DE1,2955109.484921571
2026,Agri02_OFC,DE2,5692187.533858031
2026,Agri02_OFC,DE3,641036.8288161355
2026,Agri02_OFC,DE4,2679436.007025095
2026,Agri02_OFC,DE5,308147.031498273
2026,Agri02_OFC,DE6,52293.001577720555
2026,Agri02_OFC,DE7,1397554.2358220902
2026,Agri02_OFC,DE8,2834946.9345334945
2026,Agri02_OFC,DE9,4804018.538756264
2026,Agri02_OFC,DEA,3052049.8966513746
2026,Agri02_OFC,DEB,1641540.761782064
2026,Agri02_OFC,DEC,558813.5287932154
2026,Agri02_OFC,DEE,2295237.6523289164
2026,Agri02_OFC,DED,1816110.9923045305
2026,Agri02_OFC,DEF,1594518.5159054545
2026,Agri02_OFC,DEG,1274794.1426587345
2026,Agri03_No-till,DE1,0.0
2026,Agri03_No-till,DE2,0.0
2026,Agri03_No-till,DE3,0.0
2026,Agri03_No-till,DE4,0.0
2026,Agri03_No-till,DE5,0.0
2026,Agri03_No-till,DE6,0.0
2026,Agri03_No-till,DE7,0.0
2026,Agri03_No-till,DE8,0.0
2026,Agri03_No-till,DE9,0.0
2026,Agri03_No-till,DEA,0.0
2026,Agri03_No-till,DEB,0.0
2026,Agri03_No-till,DEC,0.0
2026,Agri03_No-till,DEE,0.0
2026,Agri03_No-till,DED,0.0
2026,Agri03_No-till,DEF,0.0
2026,Agri03_No-till,DEG,0.0
2026,Agri04_toGrassland,DE1,75390.36297642843
2026,Agri04_toGrassland,DE2,150242.00320905552
2026,Agri04_toGrassland,DE3,12106.769732067532
2026,Agri04_toGrassland,DE4,67478.06248393783
2026,Agri04_toGrassland,DE5,5929.777493252643
2026,Agri04_toGrassland,DE6,1196.8574356633355
2026,Agri04_toGrassland,DE7,37421.48810104772
2026,Agri04_toGrassland,DE8,72164.7886106237
2026,Agri04_toGrassland,DE9,126013.54143257375
2026,Agri04_toGrassland,DEA,78101.96413990745
2026,Agri04_toGrassland,DEB,41175.26771997587
2026,Agri04_toGrassland,DEC,11611.44400834537
2026,Agri04_toGrassland,DEE,58964.73780471355
2026,Agri04_toGrassland,DED,45913.469041820164
2026,Agri04_toGrassland,DEF,43603.84012203826
2026,Agri04_toGrassland,DEG,34860.24811187806
2026,Agri05_Agroforestry,DE1,1290380.780430644
2026,Agri05_Agroforestry,DE2,1998840.9081586122
2026,Agri05_Agroforestry,DE3,20820.872957242642
2026,Agri05_Agroforestry,DE4,1255200.7330431356
2026,Agri05_Agroforestry,DE5,170927.81634395642
2026,Agri05_Agroforestry,DE6,36130.210748591846
2026,Agri05_Agroforestry,DE7,439036.52428014047
2026,Agri05_Agroforestry,DE8,1253412.3090967743
2026,Agri05_Agroforestry,DE9,1763083.0949829258
2026,Agri05_Agroforestry,DEA,1309606.8309635946
2026,Agri05_Agroforestry,DEB,784955.1736827921
2026,Agri05_Agroforestry,DEC,500264.73008230916
2026,Agri05_Agroforestry,DEE,962620.8521839206
2026,Agri05_Agroforestry,DED,833610.9712005416
2026,Agri05_Agroforestry,DEF,412906.6820846001
2026,Agri05_Agroforestry,DEG,330149.8274175835
2026,Agri06_Biochar,DE1,0.0
2026,Agri06_Biochar,DE2,0.0
2026,Agri06_Biochar,DE3,0.0
2026,Agri06_Biochar,DE4,0.0
2026,Agri06_Biochar,DE5,0.0
2026,Agri06_Biochar,DE6,0.0
2026,Agri06_Biochar,DE7,0.0
2026,Agri06_Biochar,DE8,0.0
2026,Agri06_Biochar,DE9,0.0
2026,Agri06_Biochar,DEA,0.0
2026,Agri06_Biochar,DEB,0.0
2026,Agri06_Biochar,DEC,0.0
2026,Agri06_Biochar,DEE,0.0
2026,Agri06_Biochar,DED,0.0
2026,Agri06_Biochar,DEF,0.0
2026,Agri06_Biochar,DEG,0.0
2027,Agri01_AGC,DE1,7099505.8333537085
2027,Agri01_AGC,DE2,13907905.609262224
2027,Agri01_AGC,DE3,43712.380142215436
2027,Agri01_AGC,DE4,6396480.748909797
2027,Agri01_AGC,DE5,140539.6275317607
2027,Agri01_AGC,DE6,109430.09038397988
2027,Agri01_AGC,DE7,3439418.175528009
2027,Agri01_AGC,DE8,6803409.598896085
2027,Agri01_AGC,DE9,11701416.316003535
2027,Agri01_AGC,DEA,7343446.723232678
2027,Agri01_AGC,DEB,3911133.9600177063
2027,Agri01_AGC,DEC,847646.0439090326
2027,Agri01_AGC,DEE,5533138.686284938
2027,Agri01_AGC,DED,4343712.965235298
2027,Agri01_AGC,DEF,3966228.896111794
2027,Agri01_AGC,DEG,3170924.0811792063
2027,Agri02_OFC,DE1,3597730.2824669774
2027,Agri02_OFC,DE2,6815795.4198027
2027,Agri02_OFC,DE3,877005.3317231077
2027,Agri02_OFC,DE4,3282102.022401853
2027,Agri02_OFC,DE5,419075.3694551777
2027,Agri02_OFC,DE6,66784.91699219182
2027,Agri02_OFC,DE7,1661286.210173683
2027,Agri02_OFC,DE8,3455074.9820560985
2027,Agri02_OFC,DE9,5770171.800332515
2027,Agri02_OFC,DEA,3710329.4764887076
2027,Agri02_OFC,DEB,2014506.88779172
2027,Agri02_OFC,DEC,740470.0411283654
2027,Agri02_OFC,DEE,2785064.3204942597
2027,Agri02_OFC,DED,2220568.7808198626
2027,Agri02_OFC,DEF,1874766.7667220994
2027,Agri02_OFC,DEG,1498857.186978263
2027,Agri03_No-till,DE1,0.0
2027,Agri03_No-till,DE2,0.0
2027,Agri03_No-till,DE3,0.0
2027,Agri03_No-till,DE4,0.0
2027,Agri03_No-till,DE5,0.0
2027,Agri03_No-till,DE6,0.0
2027,Agri03_No-till,DE7,0.0
2027,Agri03_No-till,DE8,0.0
2027,Agri03_No-till,DE9,0.0
2027,Agri03_No-till,DEA,0.0
2027,Agri03_No-till,DEB,0.0
2027,Agri03_No-till,DEC,0.0
2027,Agri03_No-till,DEE,0.0
2027,Agri03_No-till,DED,0.0
2027,Agri03_No-till,DEF,0.0
2027,Agri03_No-till,DEG,0.0
2027,Agri04_toGrassland,DE1,87876.26491719841
2027,Agri04_toGrassland,DE2,172149.27721040812
2027,Agri04_toGrassland,DE3,16627.338175365156
2027,Agri04_toGrassland,DE4,79174.36086723085
2027,Agri04_toGrassland,DE5,8055.870915150109
2027,Agri04_toGrassland,DE6,1476.3554018250397
2027,Agri04_toGrassland,DE7,42572.431074537344
2027,Agri04_toGrassland,DE8,84211.24487905142
2027,Agri04_toGrassland,DE9,144837.79353496365
2027,Agri04_toGrassland,DEA,90895.71651936929
2027,Agri04_toGrassland,DEB,48411.234818974735
2027,Agri04_toGrassland,DEC,15100.976487566848
2027,Agri04_toGrassland,DEE,68488.08528830876
2027,Agri04_toGrassland,DED,53765.6113280454
2027,Agri04_toGrassland,DEF,49093.188931478515
2027,Agri04_toGrassland,DEG,39249.064812500896
2027,Agri05_Agroforestry,DE1,1721624.0777684737
2027,Agri05_Agroforestry,DE2,2566435.8099324596
2027,Agri05_Agroforestry,DE3,21675.3239808602
2027,Agri05_Agroforestry,DE4,1692263.7508904254
2027,Agri05_Agroforestry,DE5,177942.38523065642
2027,Agri05_Agroforestry,DE6,50947.96486443726
2027,Agri05_Agroforestry,DE7,550437.1115684826
2027,Agri05_Agroforestry,DE8,1675498.9968801655
2027,Agri05_Agroforestry,DE9,2283262.0065483544
2027,Agri05_Agroforestry,DEA,1742508.824954307
2027,Agri05_Agroforestry,DEB,1061347.858456491
2027,Agri05_Agroforestry,DEC,720320.2313200805
2027,Agri05_Agroforestry,DEE,1276153.294428389
2027,Agri05_Agroforestry,DED,1120575.8982243384
2027,Agri05_Agroforestry,DEF,492439.71861988556
2027,Agri05_Agroforestry,DEG,393755.31987482193
2027,Agri06_Biochar,DE1,0.0
2027,Agri06_Biochar,DE2,0.0
2027,Agri06_Biochar,DE3,0.0
2027,Agri06_Biochar,DE4,0.0
2027,Agri06_Biochar,DE5,0.0
2027,Agri06_Biochar,DE6,0.0
2027,Agri06_Biochar,DE7,0.0
2027,Agri06_Biochar,DE8,0.0
2027,Agri06_Biochar,DE9,0.0
2027,Agri06_Biochar,DEA,0.0
2027,Agri06_Biochar,DEB,0.0
2027,Agri06_Biochar,DEC,0.0
2027,Agri06_Biochar,DEE,0.0
2027,Agri06_Biochar,DED,0.0
2027,Agri06_Biochar,DEF,0.0
2027,Agri06_Biochar,DEG,0.0
2028,Agri01_AGC,DE1,7893534.404707513
2028,Agri01_AGC,DE2,15204674.603705274
2028,Agri01_AGC,DE3,41847.59086599095
2028,Agri01_AGC,DE4,7157169.7815541485
2028,Agri01_AGC,DE5,134544.14548632732
2028,Agri01_AGC,DE6,130257.93805957265
2028,Agri01_AGC,DE7,3733074.0194890513
2028,Agri01_AGC,DE8,7572562.464247967
2028,Agri01_AGC,DE9,12832243.884707274
2028,Agri01_AGC,DEA,8152476.578965409
2028,Agri01_AGC,DEB,4384798.108487138
2028,Agri01_AGC,DEC,1136199.7367121987
2028,Agri01_AGC,DEE,6130919.164952445
2028,Agri01_AGC,DED,4851101.007820622
2028,Agri01_AGC,DEF,4259194.736595999
2028,Agri01_AGC,DEG,3405163.658179454
2028,Agri02_OFC,DE1,4196042.469386038
2028,Agri02_OFC,DE2,7820184.588491649
2028,Agri02_OFC,DE3,1131998.247877255
2028,Agri02_OFC,DE4,3850521.648127911
2028,Agri02_OFC,DE5,538406.8385990293
2028,Agri02_OFC,DE6,81418.02236480435
2028,Agri02_OFC,DE7,1892148.09205283
2028,Agri02_OFC,DE8,4033774.9002148174
2028,Agri02_OFC,DE9,6641006.118619965
2028,Agri02_OFC,DEA,4321239.113922472
2028,Agri02_OFC,DEB,2367603.089950587
2028,Agri02_OFC,DEC,931580.4657723929
2028,Agri02_OFC,DEE,3237719.282087944
2028,Agri02_OFC,DED,2600620.399478959
2028,Agri02_OFC,DEF,2111388.0529023595
2028,Agri02_OFC,DEG,1688043.6882656538
2028,Agri03_No-till,DE1,0.0
2028,Agri03_No-till,DE2,0.0
2028,Agri03_No-till,DE3,0.0
2028,Agri03_No-till,DE4,0.0
2028,Agri03_No-till,DE5,0.0
2028,Agri03_No-till,DE6,0.0
2028,Agri03_No-till,DE7,0.0
2028,Agri03_No-till,DE8,0.0
2028,Agri03_No-till,DE9,0.0
2028,Agri03_No-till,DEA,0.0
2028,Agri03_No-till,DEB,0.0
2028,Agri03_No-till,DEC,0.0
2028,Agri03_No-till,DEE,0.0
2028,Agri03_No-till,DED,0.0
2028,Agri03_No-till,DEF,0.0
2028,Agri03_No-till,DEG,0.0
2028,Agri04_toGrassland,DE1,100282.88881804395
2028,Agri04_toGrassland,DE2,193166.78874403556
2028,Agri04_toGrassland,DE3,21753.85560516589
2028,Agri04_toGrassland,DE4,90927.79288165449
2028,Agri04_toGrassland,DE5,10457.099696992018
2028,Agri04_toGrassland,DE6,1774.5851008019508
2028,Agri04_toGrassland,DE7,47426.59341836626
2028,Agri04_toGrassland,DE8,96205.12190546544
2028,Agri04_toGrassland,DE9,163026.39866986262
2028,Agri04_toGrassland,DEA,103572.60264458033
2028,Agri04_toGrassland,DEB,55706.37925398115
2028,Agri04_toGrassland,DEC,18963.57318195137
2028,Agri04_toGrassland,DEE,77889.85940248432
2028,Agri04_toGrassland,DED,61630.493777571945
2028,Agri04_toGrassland,DEF,54110.65947463635
2028,Agri04_toGrassland,DEG,43260.67779432288
2028,Agri05_Agroforestry,DE1,2228545.0026712357
2028,Agri05_Agroforestry,DE2,3213520.0991723803
2028,Agri05_Agroforestry,DE3,22529.775004477757
2028,Agri05_Agroforestry,DE4,2209546.869369013
2028,Agri05_Agroforestry,DE5,184956.95411735642
2028,Agri05_Agroforestry,DE6,68915.57012116801
2028,Agri05_Agroforestry,DE7,674310.4166120039
2028,Agri05_Agroforestry,DE8,2172297.1439201864
2028,Agri05_Agroforestry,DE9,2880894.5820314633
2028,Agri05_Agroforestry,DEA,2250424.624116023
2028,Agri05_Agroforestry,DEB,1389060.9160459256
2028,Agri05_Agroforestry,DEC,824114.1246656158
2028,Agri05_Agroforestry,DEE,1643069.126562339
2028,Agri05_Agroforestry,DED,1459576.9163304192
2028,Agri05_Agroforestry,DEF,574218.4702414948
2028,Agri05_Agroforestry,DEG,459161.266989719
2028,Agri06_Biochar,DE1,0.0
2028,Agri06_Biochar,DE2,0.0
2028,Agri06_Biochar,DE3,0.0
2028,Agri06_Biochar,DE4,0.0
2028,Agri06_Biochar,DE5,0.0
2028,Agri06_Biochar,DE6,0.0
2028,Agri06_Biochar,DE7,0.0
2028,Agri06_Biochar,DE8,0.0
2028,Agri06_Biochar,DE9,0.0
2028,Agri06_Biochar,DEA,0.0
2028,Agri06_Biochar,DEB,0.0
2028,Agri06_Biochar,DEC,0.0
2028,Agri06_Biochar,DEE,0.0
2028,Agri06_Biochar,DED,0.0
2028,Agri06_Biochar,DEF,0.0
2028,Agri06_Biochar,DEG,0.0
2029,Agri01_AGC,DE1,8619888.347942123
2029,Agri01_AGC,DE2,16330127.860732388
2029,Agri01_AGC,DE3,39982.801589766466
2029,Agri01_AGC,DE4,7863667.022937451
2029,Agri01_AGC,DE5,128548.66344089396
2029,Agri01_AGC,DE6,151007.1491059193
2029,Agri01_AGC,DE7,3980315.5104372404
2029,Agri01_AGC,DE8,8278097.0892208805
2029,Agri01_AGC,DE9,13824893.130455788
2029,Agri01_AGC,DEA,8889667.459863225
2029,Agri01_AGC,DEB,4826605.411069858
2029,Agri01_AGC,DEC,1085569.0303603094
2029,Agri01_AGC,DEE,6672802.461455273
2029,Agri01_AGC,DED,5320314.04712976
2029,Agri01_AGC,DEF,4491798.7005117545
2029,Agri01_AGC,DEG,3591147.914624651
2029,Agri02_OFC,DE1,4747123.05510258
2029,Agri02_OFC,DE2,8705633.480800986
2029,Agri02_OFC,DE3,1400385.9247615775
2029,Agri02_OFC,DE4,4381010.286653823
2029,Agri02_OFC,DE5,663564.6885068342
2029,Agri02_OFC,DE6,95979.17967062048
2029,Agri02_OFC,DE7,2090836.152144094
2029,Agri02_OFC,DE8,4568054.361549863
2029,Agri02_OFC,DE9,7415832.2965967795
2029,Agri02_OFC,DEA,4882040.416615984
2029,Agri02_OFC,DEB,2698378.219220443
2029,Agri02_OFC,DEC,1128481.1328523674
2029,Agri02_OFC,DEE,3651413.2328075157
2029,Agri02_OFC,DED,2953976.755265861
2029,Agri02_OFC,DEF,2306245.1677599866
2029,Agri02_OFC,DEG,1843842.4732738677
2029,Agri03_No-till,DE1,0.0
2029,Agri03_No-till,DE2,0.0
2029,Agri03_No-till,DE3,0.0
2029,Agri03_No-till,DE4,0.0
2029,Agri03_No-till,DE5,0.0
2029,Agri03_No-till,DE6,0.0
2029,Agri03_No-till,DE7,0.0
2029,Agri03_No-till,DE8,0.0
2029,Agri03_No-till,DE9,0.0
2029,Agri03_No-till,DEA,0.0
2029,Agri03_No-till,DEB,0.0
2029,Agri03_No-till,DEC,0.0
2029,Agri03_No-till,DEE,0.0
2029,Agri03_No-till,DED,0.0
2029,Agri03_No-till,DEF,0.0
2029,Agri03_No-till,DEG,0.0
2029,Agri04_toGrassland,DE1,112588.98668777569
2029,Agri04_toGrassland,DE2,213296.56187027198
2029,Agri04_toGrassland,DE3,27445.39858912773
2029,Agri04_toGrassland,DE4,102711.57421360024
2029,Agri04_toGrassland,DE5,13114.732758790891
2029,Agri04_toGrassland,DE6,2089.997175947863
2029,Agri04_toGrassland,DE7,51989.03650819939
2029,Agri04_toGrassland,DE8,108124.66767054026
2029,Agri04_toGrassland,DE9,180574.34688193008
2029,Agri04_toGrassland,DEA,116112.71641775253
2029,Agri04_toGrassland,DEB,63042.8829746762
2029,Agri04_toGrassland,DEC,23172.60190670324
2029,Agri04_toGrassland,DEE,87157.05322126397
2029,Agri04_toGrassland,DED,69491.47636814618
2029,Agri04_toGrassland,DEF,58669.79288853796
2029,Agri04_toGrassland,DEG,46905.909732581946
2029,Agri05_Agroforestry,DE1,2816360.5404115594
2029,Agri05_Agroforestry,DE2,3944782.1443480747
2029,Agri05_Agroforestry,DE3,23384.226028095316
2029,Agri05_Agroforestry,DE4,2812718.7445363393
2029,Agri05_Agroforestry,DE5,191971.52300405642
2029,Agri05_Agroforestry,DE6,90271.78651900042
2029,Agri05_Agroforestry,DE7,811237.8692930056
2029,Agri05_Agroforestry,DE8,2748982.336409438
2029,Agri05_Agroforestry,DE9,3560776.117286925
2029,Agri05_Agroforestry,DEA,2838487.8851560727
2029,Agri05_Agroforestry,DEB,1771743.0409898644
2029,Agri05_Agroforestry,DEC,855368.9932676447
2029,Agri05_Agroforestry,DEE,2066984.0161999892
2029,Agri05_Agroforestry,DED,1854267.2276935289
2029,Agri05_Agroforestry,DEF,657937.0169438155
2029,Agri05_Agroforestry,DEG,526123.4976995068
2029,Agri06_Biochar,DE1,0.0
2029,Agri06_Biochar,DE2,0.0
2029,Agri06_Biochar,DE3,0.0
2029,Agri06_Biochar,DE4,0.0
2029,Agri06_Biochar,DE5,0.0
2029,Agri06_Biochar,DE6,0.0
2029,Agri06_Biochar,DE7,0.0
2029,Agri06_Biochar,DE8,0.0
2029,Agri06_Biochar,DE9,0.0
2029,Agri06_Biochar,DEA,0.0
2029,Agri06_Biochar,DEB,0.0
2029,Agri06_Biochar,DEC,0.0
2029,Agri06_Biochar,DEE,0.0
2029,Agri06_Biochar,DED,0.0
2029,Agri06_Biochar,DEF,0.0
2029,Agri06_Biochar,DEG,0.0
2030,Agri01_AGC,DE1,9274358.332659202
2030,Agri01_AGC,DE2,17284666.356540166
2030,Agri01_AGC,DE3,38118.01231354197
2030,Agri01_AGC,DE4,8510666.370263156
2030,Agri01_AGC,DE5,122553.18139546056
2030,Agri01_AGC,DE6,171370.78843581
2030,Agri01_AGC,DE7,4182145.3315087757
2030,Agri01_AGC,DE8,8915704.292991277
2030,Agri01_AGC,DE9,14678371.556729209
2030,Agri01_AGC,DEA,9551075.871137151
2030,Agri01_AGC,DEB,5233026.025336149
2030,Agri01_AGC,DEC,1034938.3240084199
2030,Agri01_AGC,DEE,7156211.84049582
2030,Agri01_AGC,DED,5748055.613822293
2030,Agri01_AGC,DEF,4666723.352963888
2030,Agri01_AGC,DEG,3731020.8751176056
2030,Agri02_OFC,DE1,5248049.049040429
2030,Agri02_OFC,DE2,9472420.53760682
2030,Agri02_OFC,DE3,1676538.709859075
2030,Agri02_OFC,DE4,4869883.340430142
2030,Agri02_OFC,DE5,791972.1687555987
2030,Agri02_OFC,DE6,110255.25088470265
2030,Agri02_OFC,DE7,2258046.6611320386
2030,Agri02_OFC,DE8,5054921.038601445
2030,Agri02_OFC,DE9,8093961.13724112
2030,Agri02_OFC,DEA,5389994.992232563
2030,Agri02_OFC,DEB,3004381.1265630666
2030,Agri02_OFC,DEC,1327508.372495358
2030,Agri02_OFC,DEE,4024356.8683505226
2030,Agri02_OFC,DED,3278348.7551646116
2030,Agri02_OFC,DEF,2461200.9046087326
2030,Agri02_OFC,DEG,1967742.3687558675
2030,Agri03_No-till,DE1,0.0
2030,Agri03_No-till,DE2,0.0
2030,Agri03_No-till,DE3,0.0
2030,Agri03_No-till,DE4,0.0
2030,Agri03_No-till,DE5,0.0
2030,Agri03_No-till,DE6,0.0
2030,Agri03_No-till,DE7,0.0
2030,Agri03_No-till,DE8,0.0
2030,Agri03_No-till,DE9,0.0
2030,Agri03_No-till,DEA,0.0
2030,Agri03_No-till,DEB,0.0
2030,Agri03_No-till,DEC,0.0
2030,Agri03_No-till,DEE,0.0
2030,Agri03_No-till,DED,0.0
2030,Agri03_No-till,DEF,0.0
2030,Agri03_No-till,DEG,0.0
2030,Agri04_toGrassland,DE1,124773.31053520423
2030,Agri04_toGrassland,DE2,232540.62064945156
2030,Agri04_toGrassland,DE3,33661.04369490864
2030,Agri04_toGrassland,DE4,114498.92054945958
2030,Agri04_toGrassland,DE5,16010.03902055925
2030,Agri04_toGrassland,DE6,2421.04227061657
2030,Agri04_toGrassland,DE7,56264.82171970162
2030,Agri04_toGrassland,DE8,119948.13015495036
2030,Agri04_toGrassland,DE9,197476.6282158253
2030,Agri04_toGrassland,DEA,128496.15174109786
2030,Agri04_toGrassland,DEB,70402.92793074097
2030,Agri04_toGrassland,DEC,27701.430477026744
2030,Agri04_toGrassland,DEE,96276.65981867141
2030,Agri04_toGrassland,DED,77331.91907751444
2030,Agri04_toGrassland,DEF,62784.130310209504
2030,Agri04_toGrassland,DEG,50195.58330251601
2030,Agri05_Agroforestry,DE1,3490287.6762620746
2030,Agri05_Agroforestry,DE2,4764910.313929239
2030,Agri05_Agroforestry,DE3,24238.67705171287
2030,Agri05_Agroforestry,DE4,3507448.0324498434
2030,Agri05_Agroforestry,DE5,198986.09189075642
2030,Agri05_Agroforestry,DE6,115255.37405815072
2030,Agri05_Agroforestry,DE7,961800.8994937881
2030,Agri05_Agroforestry,DE8,3410730.16054052
2030,Agri05_Agroforestry,DE9,4327701.908169411
2030,Agri05_Agroforestry,DEA,3511832.264781783
2030,Agri05_Agroforestry,DEB,2213042.927827076
2030,Agri05_Agroforestry,DEC,886623.8618696734
2030,Agri05_Agroforestry,DEE,2551513.630955557
2030,Agri05_Agroforestry,DED,2308300.034488412
2030,Agri05_Agroforestry,DEF,743289.4387212347
2030,Agri05_Agroforestry,DEG,594397.840941417
2030,Agri06_Biochar,DE1,0.0
2030,Agri06_Biochar,DE2,0.0
2030,Agri06_Biochar,DE3,0.0
2030,Agri06_Biochar,DE4,0.0
2030,Agri06_Biochar,DE5,0.0
2030,Agri06_Biochar,DE6,0.0
2030,Agri06_Biochar,DE7,0.0
2030,Agri06_Biochar,DE8,0.0
2030,Agri06_Biochar,DE9,0.0
2030,Agri06_Biochar,DEA,0.0
2030,Agri06_Biochar,DEB,0.0
2030,Agri06_Biochar,DEC,0.0
2030,Agri06_Biochar,DEE,0.0
2030,Agri06_Biochar,DED,0.0
2030,Agri06_Biochar,DEF,0.0
2030,Agri06_Biochar,DEG,0.0
2031,Agri01_AGC,DE1,9852735.02846041
2031,Agri01_AGC,DE2,18068691.067325216
2031,Agri01_AGC,DE3,36253.22303731748
2031,Agri01_AGC,DE4,9092861.720734714
2031,Agri01_AGC,DE5,116557.69935002718
2031,Agri01_AGC,DE6,191041.92096203513
2031,Agri01_AGC,DE7,4339566.165839857
2031,Agri01_AGC,DE8,9481074.894735606
2031,Agri01_AGC,DE9,15391686.667007668
2031,Agri01_AGC,DEA,10132758.317998212
2031,Agri01_AGC,DEB,5600530.108856295
2031,Agri01_AGC,DEC,984307.6176565305
2031,Agri01_AGC,DEE,7578570.566776481
2031,Agri01_AGC,DED,6131029.2385578025
2031,Agri01_AGC,DEF,4786651.25905723
2031,Agri01_AGC,DEG,3826926.564261129
2031,Agri02_OFC,DE1,5695897.460623407
2031,Agri02_OFC,DE2,10120824.199785257
2031,Agri02_OFC,DE3,1954826.9506527479
2031,Agri02_OFC,DE4,5313456.211907421
2031,Agri02_OFC,DE5,921052.5289223286
2031,Agri02_OFC,DE6,124033.0979821132
2031,Agri02_OFC,DE7,2394475.8897012263
2031,Agri02_OFC,DE8,5491382.603909776
2031,Agri02_OFC,DE9,8674703.443531154
2031,Agri02_OFC,DEA,5842364.448435524
2031,Agri02_OFC,DEB,3283160.662940234
2031,Agri02_OFC,DEC,1524998.5148284347
2031,Agri02_OFC,DEE,4354760.884414513
2031,Agri02_OFC,DED,3571447.3061592523
2031,Agri02_OFC,DEF,2578118.056762348
2031,Agri02_OFC,DEG,2061232.2014646144
2031,Agri03_No-till,DE1,0.0
2031,Agri03_No-till,DE2,0.0
2031,Agri03_No-till,DE3,0.0
2031,Agri03_No-till,DE4,0.0
2031,Agri03_No-till,DE5,0.0
2031,Agri03_No-till,DE6,0.0
2031,Agri03_No-till,DE7,0.0
2031,Agri03_No-till,DE8,0.0
2031,Agri03_No-till,DE9,0.0
2031,Agri03_No-till,DEA,0.0
2031,Agri03_No-till,DEB,0.0
2031,Agri03_No-till,DEC,0.0
2031,Agri03_No-till,DEE,0.0
2031,Agri03_No-till,DED,0.0
2031,Agri03_No-till,DEF,0.0
2031,Agri03_No-till,DEG,0.0
2031,Agri04_toGrassland,DE1,136814.6123691402
2031,Agri04_toGrassland,DE2,250900.9891419084
2031,Agri04_toGrassland,DE3,40359.86749016663
2031,Agri04_toGrassland,DE4,126263.04757562395
2031,Agri04_toGrassland,DE5,19124.287402309612
2031,Agri04_toGrassland,DE6,2766.1710281618657
2031,Agri04_toGrassland,DE7,60259.01042853787
2031,Agri04_toGrassland,DE8,131653.75733937018
2031,Agri04_toGrassland,DE9,213728.23271620768
2031,Agri04_toGrassland,DEA,140703.0025168282
2031,Agri04_toGrassland,DEB,77768.69607185654
2031,Agri04_toGrassland,DEC,32523.42670812618
2031,Agri04_toGrassland,DEE,105235.6722687304
2031,Agri04_toGrassland,DED,85135.1818834231
2031,Agri04_toGrassland,DEF,66467.21287667716
2031,Agri04_toGrassland,DEG,53140.52117936298
2031,Agri05_Agroforestry,DE1,4255543.395495411
2031,Agri05_Agroforestry,DE2,5678592.976385572
2031,Agri05_Agroforestry,DE3,25093.128075330427
2031,Agri05_Agroforestry,DE4,4299403.389166965
2031,Agri05_Agroforestry,DE5,206000.6607774564
2031,Agri05_Agroforestry,DE6,144105.0927388352
2031,Agri05_Agroforestry,DE7,1126580.9370966528
2031,Agri05_Agroforestry,DE8,4162716.2025060346
2031,Agri05_Agroforestry,DE9,5186467.250533594
2031,Agri05_Agroforestry,DEA,4275591.419700483
2031,Agri05_Agroforestry,DEB,2716609.2710963287
2031,Agri05_Agroforestry,DEC,917878.730471702
2031,Agri05_Agroforestry,DEE,3100273.638443261
2031,Agri05_Agroforestry,DED,2825328.5388898137
2031,Agri05_Agroforestry,DEF,829969.8155681397
2031,Agri05_Agroforestry,DEG,663740.1256526817
2031,Agri06_Biochar,DE1,0.0
2031,Agri06_Biochar,DE2,0.0
2031,Agri06_Biochar,DE3,0.0
2031,Agri06_Biochar,DE4,0.0
2031,Agri06_Biochar,DE5,0.0
2031,Agri06_Biochar,DE6,0.0
2031,Agri06_Biochar,DE7,0.0
2031,Agri06_Biochar,DE8,0.0
2031,Agri06_Biochar,DE9,0.0
2031,Agri06_Biochar,DEA,0.0
2031,Agri06_Biochar,DEB,0.0
2031,Agri06_Biochar,DEC,0.0
2031,Agri06_Biochar,DEE,0.0
2031,Agri06_Biochar,DED,0.0
2031,Agri06_Biochar,DEF,0.0
2031,Agri06_Biochar,DEG,0.0
2032,Agri01_AGC,DE1,10350809.104947412
2032,Agri01_AGC,DE2,18682602.96928414
2032,Agri01_AGC,DE3,34388.433761092994
2032,Agri01_AGC,DE4,9604946.971555581
2032,Agri01_AGC,DE5,110562.21730459381
2032,Agri01_AGC,DE6,181603.00720273604
2032,Agri01_AGC,DE7,4453580.696566687
2032,Agri01_AGC,DE8,9969899.713630322
2032,Agri01_AGC,DE9,15963845.964771299
2032,Agri01_AGC,DEA,10630771.305657431
2032,Agri01_AGC,DEB,5925587.81920058
2032,Agri01_AGC,DEC,933676.9113046412
2032,Agri01_AGC,DEE,7937301.904999658
2032,Agri01_AGC,DED,6465938.45199587
2032,Agri01_AGC,DEF,4854264.983896613
2032,Agri01_AGC,DEG,3881009.0066580316
2032,Agri02_OFC,DE1,6087745.299275341
2032,Agri02_OFC,DE2,10651122.908212407
2032,Agri02_OFC,DE3,2229620.9946255963
2032,Agri02_OFC,DE4,5708044.303536215
2032,Agri02_OFC,DE5,1048229.0185840307
2032,Agri02_OFC,DE6,137099.5829379146
2032,Agri02_OFC,DE7,2500820.10853622
2032,Agri02_OFC,DE8,5874446.730015067
2032,Agri02_OFC,DE9,9157370.018445041
2032,Agri02_OFC,DEA,6236410.3928881865
2032,Agri02_OFC,DEB,3532265.6793137244
2032,Agri02_OFC,DEC,1717287.889978667
2032,Agri02_OFC,DEE,4640835.976697033
2032,Agri02_OFC,DED,3830983.3152338266
2032,Agri02_OFC,DEF,2658859.417534585
2032,Agri02_OFC,DEG,2125800.7981530707
2032,Agri03_No-till,DE1,0.0
2032,Agri03_No-till,DE2,0.0
2032,Agri03_No-till,DE3,0.0
2032,Agri03_No-till,DE4,0.0
2032,Agri03_No-till,DE5,0.0
2032,Agri03_No-till,DE6,0.0
2032,Agri03_No-till,DE7,0.0
2032,Agri03_No-till,DE8,0.0
2032,Agri03_No-till,DE9,0.0
2032,Agri03_No-till,DEA,0.0
2032,Agri03_No-till,DEB,0.0
2032,Agri03_No-till,DEC,0.0
2032,Agri03_No-till,DEE,0.0
2032,Agri03_No-till,DED,0.0
2032,Agri03_No-till,DEF,0.0
2032,Agri03_No-till,DEG,0.0
2032,Agri04_toGrassland,DE1,148691.64419839426
2032,Agri04_toGrassland,DE2,268379.6914079766
2032,Agri04_toGrassland,DE3,47500.94654255968
2032,Agri04_toGrassland,DE4,137977.1709784849
2032,Agri04_toGrassland,DE5,22438.7468240545
2032,Agri04_toGrassland,DE6,3123.834091937544
2032,Agri04_toGrassland,DE7,63976.66401037305
2032,Agri04_toGrassland,DE8,143219.79720447416
2032,Agri04_toGrassland,DE9,229324.15042773663
2032,Agri04_toGrassland,DEA,152713.36264715556
2032,Agri04_toGrassland,DEB,85122.36934770404
2032,Agri04_toGrassland,DEC,37611.95841520585
2032,Agri04_toGrassland,DEE,114021.08364546469
2032,Agri04_toGrassland,DED,92884.62476361851
2032,Agri04_toGrassland,DEF,69732.58172496714
2032,Agri04_toGrassland,DEG,55751.54603836078
2032,Agri05_Agroforestry,DE1,5117344.683384197
2032,Agri05_Agroforestry,DE2,6690518.500186771
2032,Agri05_Agroforestry,DE3,25947.579098947986
2032,Agri05_Agroforestry,DE4,5194253.470745146
2032,Agri05_Agroforestry,DE5,213015.22966415636
2032,Agri05_Agroforestry,DE6,172440.18141490183
2032,Agri05_Agroforestry,DE7,1306159.4119839005
2032,Agri05_Agroforestry,DE8,5010116.048498581
2032,Agri05_Agroforestry,DE9,6141867.440234146
2032,Agri05_Agroforestry,DEA,5134899.006619502
2032,Agri05_Agroforestry,DEB,3286090.7653363915
2032,Agri05_Agroforestry,DEC,949133.5990737306
2032,Agri05_Agroforestry,DEE,3716879.706277319
2032,Agri05_Agroforestry,DED,3409005.9430724797
2032,Agri05_Agroforestry,DEF,917672.2274789179
2032,Agri05_Agroforestry,DEG,733906.1807705327
2032,Agri06_Biochar,DE1,0.0
2032,Agri06_Biochar,DE2,0.0
2032,Agri06_Biochar,DE3,0.0
2032,Agri06_Biochar,DE4,0.0
2032,Agri06_Biochar,DE5,0.0
2032,Agri06_Biochar,DE6,0.0
2032,Agri06_Biochar,DE7,0.0
2032,Agri06_Biochar,DE8,0.0
2032,Agri06_Biochar,DE9,0.0
2032,Agri06_Biochar,DEA,0.0
2032,Agri06_Biochar,DEB,0.0
2032,Agri06_Biochar,DEC,0.0
2032,Agri06_Biochar,DEE,0.0
2032,Agri06_Biochar,DED,0.0
2032,Agri06_Biochar,DEF,0.0
2032,Agri06_Biochar,DEG,0.0
2033,Agri01_AGC,DE1,10764371.231721869
2033,Agri01_AGC,DE2,19126803.038613535
2033,Agri01_AGC,DE3,32523.64448486851
2033,Agri01_AGC,DE4,10041616.019929206
2033,Agri01_AGC,DE5,104566.73525916044
2033,Agri01_AGC,DE6,171755.180380657
2033,Agri01_AGC,DE7,4525191.6068254635
2033,Agri01_AGC,DE8,10377869.568851873
2033,Agri01_AGC,DE9,16393856.953500235
2033,Agri01_AGC,DEA,11041171.339325832
2033,Agri01_AGC,DEB,6204669.313939285
2033,Agri01_AGC,DEC,883046.2049527519
2033,Agri01_AGC,DEE,8229829.119867746
2033,Agri01_AGC,DED,6749486.784796076
2033,Agri01_AGC,DEF,4872247.092586866
2033,Agri01_AGC,DEG,3895412.226911122
2033,Agri02_OFC,DE1,6420669.574420055
2033,Agri02_OFC,DE2,11063595.103764378
2033,Agri02_OFC,DE3,2495291.1892606197
2033,Agri02_OFC,DE4,6049963.017767076
2033,Agri02_OFC,DE5,1170924.887317711
2033,Agri02_OFC,DE6,149241.56772716914
2033,Agri02_OFC,DE7,2577775.5883215843
2033,Agri02_OFC,DE8,6201121.089457531
2033,Agri02_OFC,DE9,9541271.664960945
2033,Agri02_OFC,DEA,6569394.433253868
2033,Agri02_OFC,DEB,3749245.026645315
2033,Agri02_OFC,DEC,1900712.8280731242
2033,Agri02_OFC,DEE,4880792.840895631
2033,Agri02_OFC,DED,4054667.6893723756
2033,Agri02_OFC,DEF,2705287.780239195
2033,Agri02_OFC,DEG,2162936.985574198
2033,Agri03_No-till,DE1,0.0
2033,Agri03_No-till,DE2,0.0
2033,Agri03_No-till,DE3,0.0
2033,Agri03_No-till,DE4,0.0
2033,Agri03_No-till,DE5,0.0
2033,Agri03_No-till,DE6,0.0
2033,Agri03_No-till,DE7,0.0
2033,Agri03_No-till,DE8,0.0
2033,Agri03_No-till,DE9,0.0
2033,Agri03_No-till,DEA,0.0
2033,Agri03_No-till,DEB,0.0
2033,Agri03_No-till,DEC,0.0
2033,Agri03_No-till,DEE,0.0
2033,Agri03_No-till,DED,0.0
2033,Agri03_No-till,DEF,0.0
2033,Agri03_No-till,DEG,0.0
2033,Agri04_toGrassland,DE1,160383.158031777
2033,Agri04_toGrassland,DE2,284978.7515079904
2033,Agri04_toGrassland,DE3,55043.35741974576
2033,Agri04_toGrassland,DE4,149614.50644443385
2033,Agri04_toGrassland,DE5,25934.686205806425
2033,Agri04_toGrassland,DE6,3492.482105297399
2033,Agri04_toGrassland,DE7,67422.84384087207
2033,Agri04_toGrassland,DE8,154624.49773093683
2033,Agri04_toGrassland,DE9,244259.37139507147
2033,Agri04_toGrassland,DEA,164507.3260342919
2033,Agri04_toGrassland,DEB,92446.12970796452
2033,Agri04_toGrassland,DEC,42940.39341347003
2033,Agri04_toGrassland,DEE,122619.88702289801
2033,Agri04_toGrassland,DED,100563.60769584705
2033,Agri04_toGrassland,DEF,72593.77799210556
2033,Agri04_toGrassland,DEG,58039.48055474732
2033,Agri05_Agroforestry,DE1,6080908.525201062
2033,Agri05_Agroforestry,DE2,7805375.253802535
2033,Agri05_Agroforestry,DE3,26802.030122565542
2033,Agri05_Agroforestry,DE4,6197666.9332418265
2033,Agri05_Agroforestry,DE5,220029.79855085633
2033,Agri05_Agroforestry,DE6,178118.6182725713
2033,Agri05_Agroforestry,DE7,1501117.7540378321
2033,Agri05_Agroforestry,DE8,5958105.284710762
2033,Agri05_Agroforestry,DE9,7198697.77312574
2033,Agri05_Agroforestry,DEA,6094888.682246168
2033,Agri05_Agroforestry,DEB,3925136.1050860323
2033,Agri05_Agroforestry,DEC,980388.4676757592
2033,Agri05_Agroforestry,DEE,4404947.502071951
2033,Agri05_Agroforestry,DED,4062985.449211154
2033,Agri05_Agroforestry,DEF,1006090.7544479567
2033,Agri05_Agroforestry,DEG,804651.8352322018
2033,Agri06_Biochar,DE1,0.0
2033,Agri06_Biochar,DE2,0.0
2033,Agri06_Biochar,DE3,0.0
2033,Agri06_Biochar,DE4,0.0
2033,Agri06_Biochar,DE5,0.0
2033,Agri06_Biochar,DE6,0.0
2033,Agri06_Biochar,DE7,0.0
2033,Agri06_Biochar,DE8,0.0
2033,Agri06_Biochar,DE9,0.0
2033,Agri06_Biochar,DEA,0.0
2033,Agri06_Biochar,DEB,0.0
2033,Agri06_Biochar,DEC,0.0
2033,Agri06_Biochar,DEE,0.0
2033,Agri06_Biochar,DED,0.0
2033,Agri06_Biochar,DEF,0.0
2033,Agri06_Biochar,DEG,0.0
2034,Agri01_AGC,DE1,11089212.078385442
2034,Agri01_AGC,DE2,19401692.251510013
2034,Agri01_AGC,DE3,30658.85520864402
2034,Agri01_AGC,DE4,10397562.763059039
2034,Agri01_AGC,DE5,98571.25321372705
2034,Agri01_AGC,DE6,161907.35355857792
2034,Agri01_AGC,DE7,4555401.5797523875
2034,Agri01_AGC,DE8,10700675.279576708
2034,Agri01_AGC,DE9,16680727.136674605
2034,Agri01_AGC,DEA,11360014.92421444
2034,Agri01_AGC,DEB,6434244.7506426945
2034,Agri01_AGC,DEC,832415.4986008625
2034,Agri01_AGC,DEE,8453575.47608314
2034,Agri01_AGC,DED,6978377.767618002
2034,Agri01_AGC,DEF,4843280.150232817
2034,Agri01_AGC,DEG,3872280.2496232106
2034,Agri02_OFC,DE1,6691747.295481377
2034,Agri02_OFC,DE2,11358519.227317277
2034,Agri02_OFC,DE3,2746207.8820408178
2034,Agri02_OFC,DE4,6335527.757050559
2034,Agri02_OFC,DE5,1286563.3847003756
2034,Agri02_OFC,DE6,160245.9143249393
2034,Agri02_OFC,DE7,2626038.599741881
2034,Agri02_OFC,DE8,6468413.354777377
2034,Agri02_OFC,DE9,9825719.18605703
2034,Agri02_OFC,DEA,6838578.177195884
2034,Agri02_OFC,DEB,3931647.5558967832
2034,Agri02_OFC,DEC,2071609.659238876
2034,Agri02_OFC,DEE,5072842.172707856
2034,Agri02_OFC,DED,4240211.335558942
2034,Agri02_OFC,DEF,2719265.9381899294
2034,Agri02_OFC,DEG,2174129.590480958
2034,Agri03_No-till,DE1,0.0
2034,Agri03_No-till,DE2,0.0
2034,Agri03_No-till,DE3,0.0
2034,Agri03_No-till,DE4,0.0
2034,Agri03_No-till,DE5,0.0
2034,Agri03_No-till,DE6,0.0
2034,Agri03_No-till,DE7,0.0
2034,Agri03_No-till,DE8,0.0
2034,Agri03_No-till,DE9,0.0
2034,Agri03_No-till,DEA,0.0
2034,Agri03_No-till,DEB,0.0
2034,Agri03_No-till,DEC,0.0
2034,Agri03_No-till,DEE,0.0
2034,Agri03_No-till,DED,0.0
2034,Agri03_No-till,DEF,0.0
2034,Agri03_No-till,DEG,0.0
2034,Agri04_toGrassland,DE1,171867.9058780991
2034,Agri04_toGrassland,DE2,300700.19350228395
2034,Agri04_toGrassland,DE3,62946.17668938287
2034,Agri04_toGrassland,DE4,161148.2696598623
2034,Agri04_toGrassland,DE5,29593.37446757792
2034,Agri04_toGrassland,DE6,3870.565711595224
2034,Agri04_toGrassland,DE7,70602.61129569984
2034,Agri04_toGrassland,DE8,165846.1068994326
2034,Agri04_toGrassland,DE9,258528.8856628716
2034,Agri04_toGrassland,DEA,176064.9865804492
2034,Agri04_toGrassland,DEB,99722.15910231908
2034,Agri04_toGrassland,DEC,48482.099518123054
2034,Agri04_toGrassland,DEE,131019.07547505411
2034,Agri04_toGrassland,DED,108155.49065785507
2034,Agri04_toGrassland,DEF,75064.34281511867
2034,Agri04_toGrassland,DEG,60015.14740376053
2034,Agri05_Agroforestry,DE1,7151451.906218639
2034,Agri05_Agroforestry,DE2,9027851.605702564
2034,Agri05_Agroforestry,DE3,27656.4811461831
2034,Agri05_Agroforestry,DE4,7315312.432714446
2034,Agri05_Agroforestry,DE5,227044.36743755636
2034,Agri05_Agroforestry,DE6,183797.0551302408
2034,Agri05_Agroforestry,DE7,1712037.3931407488
2034,Agri05_Agroforestry,DE8,7011859.497335179
2034,Agri05_Agroforestry,DE9,8361753.545063048
2034,Agri05_Agroforestry,DEA,7160694.103287811
2034,Agri05_Agroforestry,DEB,4637393.984884022
2034,Agri05_Agroforestry,DEC,1011643.336277788
2034,Agri05_Agroforestry,DEE,5018790.874922164
2034,Agri05_Agroforestry,DED,4790920.259480583
2034,Agri05_Agroforestry,DEF,1094919.4764696436
2034,Agri05_Agroforestry,DEG,875732.9179749213
2034,Agri06_Biochar,DE1,0.0
2034,Agri06_Biochar,DE2,0.0
2034,Agri06_Biochar,DE3,0.0
2034,Agri06_Biochar,DE4,0.0
2034,Agri06_Biochar,DE5,0.0
2034,Agri06_Biochar,DE6,0.0
2034,Agri06_Biochar,DE7,0.0
2034,Agri06_Biochar,DE8,0.0
2034,Agri06_Biochar,DE9,0.0
2034,Agri06_Biochar,DEA,0.0
2034,Agri06_Biochar,DEB,0.0
2034,Agri06_Biochar,DEC,0.0
2034,Agri06_Biochar,DEE,0.0
2034,Agri06_Biochar,DED,0.0
2034,Agri06_Biochar,DEF,0.0
2034,Agri06_Biochar,DEG,0.0
2035,Agri01_AGC,DE1,11321122.314539796
2035,Agri01_AGC,DE2,19507671.58417017
2035,Agri01_AGC,DE3,28794.06593241953
2035,Agri01_AGC,DE4,10667481.098148534
2035,Agri01_AGC,DE5,92575.77116829366
2035,Agri01_AGC,DE6,152059.52673649887
2035,Agri01_AGC,DE7,4545213.298483659
2035,Agri01_AGC,DE8,10934007.664981278
2035,Agri01_AGC,DE9,16823464.01777454
2035,Agri01_AGC,DEA,11583358.565534273
2035,Agri01_AGC,DEB,6610784.286881091
2035,Agri01_AGC,DEC,781784.792248973
2035,Agri01_AGC,DEE,8605964.23834824
2035,Agri01_AGC,DED,7149314.931121229
2035,Agri01_AGC,DEF,4770046.721939299
2035,Agri01_AGC,DEG,3813757.0993971075
2035,Agri02_OFC,DE1,6898055.4718831275
2035,Agri02_OFC,DE2,11536173.719747212
2035,Agri02_OFC,DE3,2976741.4204491912
2035,Agri02_OFC,DE4,6561053.923837215
2035,Agri02_OFC,DE5,1392567.7603090308
2035,Agri02_OFC,DE6,169899.4847062874
2035,Agri02_OFC,DE7,2646305.4134816728
2035,Agri02_OFC,DE8,6673331.198514816
2035,Agri02_OFC,DE9,10010023.384711457
2035,Agri02_OFC,DEA,7041223.232377552
2035,Agri02_OFC,DEB,4077022.118029906
2035,Agri02_OFC,DEC,2226314.713602991
2035,Agri02_OFC,DEE,5215194.667831252
2035,Agri02_OFC,DED,4385325.160777565
2035,Agri02_OFC,DEF,2702656.6847005393
2035,Agri02_OFC,DEG,2160867.4396263133
2035,Agri03_No-till,DE1,0.0
2035,Agri03_No-till,DE2,0.0
2035,Agri03_No-till,DE3,0.0
2035,Agri03_No-till,DE4,0.0
2035,Agri03_No-till,DE5,0.0
2035,Agri03_No-till,DE6,0.0
2035,Agri03_No-till,DE7,0.0
2035,Agri03_No-till,DE8,0.0
2035,Agri03_No-till,DE9,0.0
2035,Agri03_No-till,DEA,0.0
2035,Agri03_No-till,DEB,0.0
2035,Agri03_No-till,DEC,0.0
2035,Agri03_No-till,DEE,0.0
2035,Agri03_No-till,DED,0.0
2035,Agri03_No-till,DEF,0.0
2035,Agri03_No-till,DEG,0.0
2035,Agri04_toGrassland,DE1,183124.6397461711
2035,Agri04_toGrassland,DE2,315546.04145119124
2035,Agri04_toGrassland,DE3,71168.48091912897
2035,Agri04_toGrassland,DE4,172551.6763111617
2035,Agri04_toGrassland,DE5,33396.0805293815
2035,Agri04_toGrassland,DE6,4256.535554184813
2035,Agri04_toGrassland,DE7,73521.02775052127
2035,Agri04_toGrassland,DE8,176862.87269063597
2035,Agri04_toGrassland,DE9,272127.6832757963
2035,Agri04_toGrassland,DEA,187366.43818783935
2035,Agri04_toGrassland,DEB,106932.63948044882
2035,Agri04_toGrassland,DEC,54210.44454436917
2035,Agri04_toGrassland,DEE,139205.6420759567
2035,Agri04_toGrassland,DED,115643.63362738893
2035,Agri04_toGrassland,DEF,77157.8173310326
2035,Agri04_toGrassland,DEG,61689.36926063832
2035,Agri05_Agroforestry,DE1,8334191.811709551
2035,Agri05_Agroforestry,DE2,10362635.92435655
2035,Agri05_Agroforestry,DE3,28510.932169800653
2035,Agri05_Agroforestry,DE4,8552858.625220444
2035,Agri05_Agroforestry,DE5,234058.9363242563
2035,Agri05_Agroforestry,DE6,189475.4919879102
2035,Agri05_Agroforestry,DE7,1939499.7591749507
2035,Agri05_Agroforestry,DE8,8176554.272564428
2035,Agri05_Agroforestry,DE9,9635830.051900737
2035,Agri05_Agroforestry,DEA,8337448.926451757
2035,Agri05_Agroforestry,DEB,5426513.099269125
2035,Agri05_Agroforestry,DEC,1042898.2048798165
2035,Agri05_Agroforestry,DEE,5173847.151884263
2035,Agri05_Agroforestry,DED,5596463.576055508
2035,Agri05_Agroforestry,DEF,1183852.4735383652
2035,Agri05_Agroforestry,DEG,946905.2579359225
2035,Agri06_Biochar,DE1,0.0
2035,Agri06_Biochar,DE2,0.0
2035,Agri06_Biochar,DE3,0.0
2035,Agri06_Biochar,DE4,0.0
2035,Agri06_Biochar,DE5,0.0
2035,Agri06_Biochar,DE6,0.0
2035,Agri06_Biochar,DE7,0.0
2035,Agri06_Biochar,DE8,0.0
2035,Agri06_Biochar,DE9,0.0
2035,Agri06_Biochar,DEA,0.0
2035,Agri06_Biochar,DEB,0.0
2035,Agri06_Biochar,DEC,0.0
2035,Agri06_Biochar,DEE,0.0
2035,Agri06_Biochar,DED,0.0
2035,Agri06_Biochar,DEF,0.0
2035,Agri06_Biochar,DEG,0.0
2036,Agri01_AGC,DE1,11455892.609786592
2036,Agri01_AGC,DE2,19445142.012790617
2036,Agri01_AGC,DE3,26929.276656195045
2036,Agri01_AGC,DE4,10846064.922401145
2036,Agri01_AGC,DE5,86580.2891228603
2036,Agri01_AGC,DE6,142211.69991441982
2036,Agri01_AGC,DE7,4495629.446155477
2036,Agri01_AGC,DE8,11073557.544242036
2036,Agri01_AGC,DE9,16821075.10028018
2036,Agri01_AGC,DEA,11707258.768496364
2036,Agri01_AGC,DEB,6730758.08022476
2036,Agri01_AGC,DEC,731154.0858970837
2036,Agri01_AGC,DEE,8684418.671365445
2036,Agri01_AGC,DED,7259001.80596534
2036,Agri01_AGC,DEF,4655229.3728111405
2036,Agri01_AGC,DEG,3721986.8008356234
2036,Agri02_OFC,DE1,6444141.185801661
2036,Agri02_OFC,DE2,10777056.30188143
2036,Agri02_OFC,DE3,2780862.2393930466
2036,Agri02_OFC,DE4,6129315.425948975
2036,Agri02_OFC,DE5,1300932.3127082912
2036,Agri02_OFC,DE6,158719.55093793655
2036,Agri02_OFC,DE7,2472169.986851632
2036,Agri02_OFC,DE8,6234204.494024558
2036,Agri02_OFC,DE9,9351331.578469764
2036,Agri02_OFC,DEA,6577888.04615117
2036,Agri02_OFC,DEB,3808740.920294237
2036,Agri02_OFC,DEC,2079816.028874106
2036,Agri02_OFC,DEE,4872018.047394732
2036,Agri02_OFC,DED,4096756.629007549
2036,Agri02_OFC,DEF,2524813.1627747514
2036,Agri02_OFC,DEG,2018675.3964958023
2036,Agri03_No-till,DE1,0.0
2036,Agri03_No-till,DE2,0.0
2036,Agri03_No-till,DE3,0.0
2036,Agri03_No-till,DE4,0.0
2036,Agri03_No-till,DE5,0.0
2036,Agri03_No-till,DE6,0.0
2036,Agri03_No-till,DE7,0.0
2036,Agri03_No-till,DE8,0.0
2036,Agri03_No-till,DE9,0.0
2036,Agri03_No-till,DEA,0.0
2036,Agri03_No-till,DEB,0.0
2036,Agri03_No-till,DEC,0.0
2036,Agri03_No-till,DEE,0.0
2036,Agri03_No-till,DED,0.0
2036,Agri03_No-till,DEF,0.0
2036,Agri03_No-till,DEG,0.0
2036,Agri04_toGrassland,DE1,179423.62246648344
2036,Agri04_toGrassland,DE2,309168.73824629956
2036,Agri04_toGrassland,DE3,69730.13937199523
2036,Agri04_toGrassland,DE4,169064.3425664954
2036,Agri04_toGrassland,DE5,32721.133284246152
2036,Agri04_toGrassland,DE6,4170.509382832455
2036,Agri04_toGrassland,DE7,72035.14035436182
2036,Agri04_toGrassland,DE8,173288.4080589483
2036,Agri04_toGrassland,DE9,266627.8812858451
2036,Agri04_toGrassland,DEA,183579.69257934063
2036,Agri04_toGrassland,DEB,104771.49094779744
2036,Agri04_toGrassland,DEC,53114.831238173145
2036,Agri04_toGrassland,DEE,136392.24412215184
2036,Agri04_toGrassland,DED,113306.43265359271
2036,Agri04_toGrassland,DEF,75598.42906083065
2036,Agri04_toGrassland,DEG,60442.604096086354
2036,Agri05_Agroforestry,DE1,9634345.226946434
2036,Agri05_Agroforestry,DE2,11814416.5782342
2036,Agri05_Agroforestry,DE3,29365.383193418213
2036,Agri05_Agroforestry,DE4,9915974.166817263
2036,Agri05_Agroforestry,DE5,241073.50521095633
2036,Agri05_Agroforestry,DE6,195153.9288455797
2036,Agri05_Agroforestry,DE7,2184086.2820227398
2036,Agri05_Agroforestry,DE8,9457365.196591116
2036,Agri05_Agroforestry,DE9,11025722.58949349
2036,Agri05_Agroforestry,DEA,9630286.80844534
2036,Agri05_Agroforestry,DEB,6296142.142780114
2036,Agri05_Agroforestry,DEC,1074153.0734818454
2036,Agri05_Agroforestry,DEE,5328903.428846366
2036,Agri05_Agroforestry,DED,5936798.697131595
2036,Agri05_Agroforestry,DEF,1272583.82564851
2036,Agri05_Agroforestry,DEG,1017924.6840524379
2036,Agri06_Biochar,DE1,0.0
2036,Agri06_Biochar,DE2,0.0
2036,Agri06_Biochar,DE3,0.0
2036,Agri06_Biochar,DE4,0.0
2036,Agri06_Biochar,DE5,0.0
2036,Agri06_Biochar,DE6,0.0
2036,Agri06_Biochar,DE7,0.0
2036,Agri06_Biochar,DE8,0.0
2036,Agri06_Biochar,DE9,0.0
2036,Agri06_Biochar,DEA,0.0
2036,Agri06_Biochar,DEB,0.0
2036,Agri06_Biochar,DEC,0.0
2036,Agri06_Biochar,DEE,0.0
2036,Agri06_Biochar,DED,0.0
2036,Agri06_Biochar,DEF,0.0
2036,Agri06_Biochar,DEG,0.0
2037,Agri01_AGC,DE1,11489313.633727495
2037,Agri01_AGC,DE2,19214504.51356795
2037,Agri01_AGC,DE3,25064.487379970557
2037,Agri01_AGC,DE4,10614033.86673606
2037,Agri01_AGC,DE5,80584.80707742693
2037,Agri01_AGC,DE6,132363.87309234077
2037,Agri01_AGC,DE7,4407652.705904044
2037,Agri01_AGC,DE8,11115015.736535432
2037,Agri01_AGC,DE9,16672567.887671653
2037,Agri01_AGC,DEA,11727772.038311733
2037,Agri01_AGC,DEB,6400002.104296445
2037,Agri01_AGC,DEC,680523.3795451944
2037,Agri01_AGC,DEE,8686362.03983715
2037,Agri01_AGC,DED,7304141.922809914
2037,Agri01_AGC,DEF,4501510.667953172
2037,Agri01_AGC,DEG,3599113.3785415674
2037,Agri02_OFC,DE1,5990226.899720195
2037,Agri02_OFC,DE2,10017938.884015651
2037,Agri02_OFC,DE3,2584983.058336902
2037,Agri02_OFC,DE4,5697576.928060736
2037,Agri02_OFC,DE5,1209296.865107552
2037,Agri02_OFC,DE6,147539.61716958572
2037,Agri02_OFC,DE7,2298034.560221592
2037,Agri02_OFC,DE8,5795077.7895343
2037,Agri02_OFC,DE9,8692639.772228073
2037,Agri02_OFC,DEA,6114552.859924786
2037,Agri02_OFC,DEB,3540459.7225585673
2037,Agri02_OFC,DEC,1933317.3441452212
2037,Agri02_OFC,DEE,4528841.426958213
2037,Agri02_OFC,DED,3808188.097237533
2037,Agri02_OFC,DEF,2346969.6408489635
2037,Agri02_OFC,DEG,1876483.3533652911
2037,Agri03_No-till,DE1,0.0
2037,Agri03_No-till,DE2,0.0
2037,Agri03_No-till,DE3,0.0
2037,Agri03_No-till,DE4,0.0
2037,Agri03_No-till,DE5,0.0
2037,Agri03_No-till,DE6,0.0
2037,Agri03_No-till,DE7,0.0
2037,Agri03_No-till,DE8,0.0
2037,Agri03_No-till,DE9,0.0
2037,Agri03_No-till,DEA,0.0
2037,Agri03_No-till,DEB,0.0
2037,Agri03_No-till,DEC,0.0
2037,Agri03_No-till,DEE,0.0
2037,Agri03_No-till,DED,0.0
2037,Agri03_No-till,DEF,0.0
2037,Agri03_No-till,DEG,0.0
2037,Agri04_toGrassland,DE1,175722.6051867958
2037,Agri04_toGrassland,DE2,302791.4350414079
2037,Agri04_toGrassland,DE3,68291.7978248615
2037,Agri04_toGrassland,DE4,165577.00882182913
2037,Agri04_toGrassland,DE5,32046.186039110806
2037,Agri04_toGrassland,DE6,4084.4832114800984
2037,Agri04_toGrassland,DE7,70549.25295820239
2037,Agri04_toGrassland,DE8,169713.9434272606
2037,Agri04_toGrassland,DE9,261128.0792958939
2037,Agri04_toGrassland,DEA,179792.94697084193
2037,Agri04_toGrassland,DEB,102610.34241514606
2037,Agri04_toGrassland,DEC,52019.21793197712
2037,Agri04_toGrassland,DEE,133578.846168347
2037,Agri04_toGrassland,DED,110969.23167979649
2037,Agri04_toGrassland,DEF,74039.04079062871
2037,Agri04_toGrassland,DEG,59195.83893153439
2037,Agri05_Agroforestry,DE1,11057129.137201913
2037,Agri05_Agroforestry,DE2,13387881.935805203
2037,Agri05_Agroforestry,DE3,30219.83421703577
2037,Agri05_Agroforestry,DE4,10942700.257566225
2037,Agri05_Agroforestry,DE5,248088.0740976563
2037,Agri05_Agroforestry,DE6,200832.36570324918
2037,Agri05_Agroforestry,DE7,2446378.3915664167
2037,Agri05_Agroforestry,DE8,10422092.85411279
2037,Agri05_Agroforestry,DE9,12536226.45369597
2037,Agri05_Agroforestry,DEA,11044341.405975882
2037,Agri05_Agroforestry,DEB,7249929.809955756
2037,Agri05_Agroforestry,DEC,1105407.942083874
2037,Agri05_Agroforestry,DEE,5483959.705808466
2037,Agri05_Agroforestry,DED,6109543.036626964
2037,Agri05_Agroforestry,DEF,1360807.6127944642
2037,Agri05_Agroforestry,DEG,1088547.025261699
2037,Agri06_Biochar,DE1,0.0
2037,Agri06_Biochar,DE2,0.0
2037,Agri06_Biochar,DE3,0.0
2037,Agri06_Biochar,DE4,0.0
2037,Agri06_Biochar,DE5,0.0
2037,Agri06_Biochar,DE6,0.0
2037,Agri06_Biochar,DE7,0.0
2037,Agri06_Biochar,DE8,0.0
2037,Agri06_Biochar,DE9,0.0
2037,Agri06_Biochar,DEA,0.0
2037,Agri06_Biochar,DEB,0.0
2037,Agri06_Biochar,DEC,0.0
2037,Agri06_Biochar,DEE,0.0
2037,Agri06_Biochar,DED,0.0
2037,Agri06_Biochar,DEF,0.0
2037,Agri06_Biochar,DEG,0.0
2038,Agri01_AGC,DE1,10634512.634586532
2038,Agri01_AGC,DE2,17784951.958924375
2038,Agri01_AGC,DE3,23199.69810374607
2038,Agri01_AGC,DE4,9824353.382466918
2038,Agri01_AGC,DE5,74589.32503199353
2038,Agri01_AGC,DE6,122516.0462702617
2038,Agri01_AGC,DE7,4079724.854251274
2038,Agri01_AGC,DE8,10288062.37274467
2038,Agri01_AGC,DE9,15432134.547355263
2038,Agri01_AGC,DEA,10855229.815544166
2038,Agri01_AGC,DEB,5923844.139803488
2038,Agri01_AGC,DEC,629892.673193305
2038,Agri01_AGC,DEE,8040099.679241812
2038,Agri01_AGC,DED,6760716.265496763
2038,Agri01_AGC,DEF,4166599.8160712663
2038,Agri01_AGC,DEG,3331340.5759115103
2038,Agri02_OFC,DE1,5536312.613638727
2038,Agri02_OFC,DE2,9258821.46614987
2038,Agri02_OFC,DE3,2389103.877280757
2038,Agri02_OFC,DE4,5265838.430172495
2038,Agri02_OFC,DE5,1117661.4175068121
2038,Agri02_OFC,DE6,136359.68340123486
2038,Agri02_OFC,DE7,2123899.133591551
2038,Agri02_OFC,DE8,5355951.085044041
2038,Agri02_OFC,DE9,8033947.9659863785
2038,Agri02_OFC,DEA,5651217.673698401
2038,Agri02_OFC,DEB,3272178.5248228973
2038,Agri02_OFC,DEC,1786818.6594163359
2038,Agri02_OFC,DEE,4185664.8065216923
2038,Agri02_OFC,DED,3519619.565467516
2038,Agri02_OFC,DEF,2169126.118923175
2038,Agri02_OFC,DEG,1734291.3102347795
2038,Agri03_No-till,DE1,0.0
2038,Agri03_No-till,DE2,0.0
2038,Agri03_No-till,DE3,0.0
2038,Agri03_No-till,DE4,0.0
2038,Agri03_No-till,DE5,0.0
2038,Agri03_No-till,DE6,0.0
2038,Agri03_No-till,DE7,0.0
2038,Agri03_No-till,DE8,0.0
2038,Agri03_No-till,DE9,0.0
2038,Agri03_No-till,DEA,0.0
2038,Agri03_No-till,DEB,0.0
2038,Agri03_No-till,DEC,0.0
2038,Agri03_No-till,DEE,0.0
2038,Agri03_No-till,DED,0.0
2038,Agri03_No-till,DEF,0.0
2038,Agri03_No-till,DEG,0.0
2038,Agri04_toGrassland,DE1,172021.5879071081
2038,Agri04_toGrassland,DE2,296414.1318365161
2038,Agri04_toGrassland,DE3,66853.45627772773
2038,Agri04_toGrassland,DE4,162089.6750771628
2038,Agri04_toGrassland,DE5,31371.238793975448
2038,Agri04_toGrassland,DE6,3998.4570401277397
2038,Agri04_toGrassland,DE7,69063.36556204292
2038,Agri04_toGrassland,DE8,166139.47879557282
2038,Agri04_toGrassland,DE9,255628.27730594264
2038,Agri04_toGrassland,DEA,176006.20136234316
2038,Agri04_toGrassland,DEB,100449.19388249466
2038,Agri04_toGrassland,DEC,50923.604625781074
2038,Agri04_toGrassland,DEE,130765.44821454209
2038,Agri04_toGrassland,DED,108632.03070600022
2038,Agri04_toGrassland,DEF,72479.65252042675
2038,Agri04_toGrassland,DEG,57949.0737669824
2038,Agri05_Agroforestry,DE1,11369764.052459912
2038,Agri05_Agroforestry,DE2,13766417.745828647
2038,Agri05_Agroforestry,DE3,31074.28524065333
2038,Agri05_Agroforestry,DE4,11252099.752251301
2038,Agri05_Agroforestry,DE5,255102.6429843563
2038,Agri05_Agroforestry,DE6,206510.80256091867
2038,Agri05_Agroforestry,DE7,2515548.543388475
2038,Agri05_Agroforestry,DE8,10716772.429238118
2038,Agri05_Agroforestry,DE9,12890682.12174274
2038,Agri05_Agroforestry,DEA,11356614.754391475
2038,Agri05_Agroforestry,DEB,7454918.027388796
2038,Agri05_Agroforestry,DEC,1136662.8106859028
2038,Agri05_Agroforestry,DEE,5639015.982770569
2038,Agri05_Agroforestry,DED,6282287.376122335
2038,Agri05_Agroforestry,DEF,1399283.782099302
2038,Agri05_Agroforestry,DEG,1119325.159691913
2038,Agri06_Biochar,DE1,0.0
2038,Agri06_Biochar,DE2,0.0
2038,Agri06_Biochar,DE3,0.0
2038,Agri06_Biochar,DE4,0.0
2038,Agri06_Biochar,DE5,0.0
2038,Agri06_Biochar,DE6,0.0
2038,Agri06_Biochar,DE7,0.0
2038,Agri06_Biochar,DE8,0.0
2038,Agri06_Biochar,DE9,0.0
2038,Agri06_Biochar,DEA,0.0
2038,Agri06_Biochar,DEB,0.0
2038,Agri06_Biochar,DEC,0.0
2038,Agri06_Biochar,DEE,0.0
2038,Agri06_Biochar,DED,0.0
2038,Agri06_Biochar,DEF,0.0
2038,Agri06_Biochar,DEG,0.0
2039,Agri01_AGC,DE1,9779711.63544557
2039,Agri01_AGC,DE2,16355399.404280799
2039,Agri01_AGC,DE3,21334.908827521576
2039,Agri01_AGC,DE4,9034672.898197776
2039,Agri01_AGC,DE5,68593.84298656015
2039,Agri01_AGC,DE6,112668.21944818262
2039,Agri01_AGC,DE7,3751797.0025985036
2039,Agri01_AGC,DE8,9461109.008953908
2039,Agri01_AGC,DE9,14191701.207038872
2039,Agri01_AGC,DEA,9982687.592776598
2039,Agri01_AGC,DEB,5447686.175310532
2039,Agri01_AGC,DEC,579261.9668414156
2039,Agri01_AGC,DEE,7393837.318646475
2039,Agri01_AGC,DED,6217290.608183614
2039,Agri01_AGC,DEF,3831688.9641893604
2039,Agri01_AGC,DEG,3063567.773281453
2039,Agri02_OFC,DE1,5082398.32755726
2039,Agri02_OFC,DE2,8499704.048284091
2039,Agri02_OFC,DE3,2193224.6962246117
2039,Agri02_OFC,DE4,4834099.932284255
2039,Agri02_OFC,DE5,1026025.9699060727
2039,Agri02_OFC,DE6,125179.749632884
2039,Agri02_OFC,DE7,1949763.7069615105
2039,Agri02_OFC,DE8,4916824.380553783
2039,Agri02_OFC,DE9,7375256.159744686
2039,Agri02_OFC,DEA,5187882.487472017
2039,Agri02_OFC,DEB,3003897.327087228
2039,Agri02_OFC,DEC,1640319.9746874508
2039,Agri02_OFC,DEE,3842488.1860851725
2039,Agri02_OFC,DED,3231051.0336975
2039,Agri02_OFC,DEF,1991282.5969973872
2039,Agri02_OFC,DEG,1592099.2671042683
2039,Agri03_No-till,DE1,0.0
2039,Agri03_No-till,DE2,0.0
2039,Agri03_No-till,DE3,0.0
2039,Agri03_No-till,DE4,0.0
2039,Agri03_No-till,DE5,0.0
2039,Agri03_No-till,DE6,0.0
2039,Agri03_No-till,DE7,0.0
2039,Agri03_No-till,DE8,0.0
2039,Agri03_No-till,DE9,0.0
2039,Agri03_No-till,DEA,0.0
2039,Agri03_No-till,DEB,0.0
2039,Agri03_No-till,DEC,0.0
2039,Agri03_No-till,DEE,0.0
2039,Agri03_No-till,DED,0.0
2039,Agri03_No-till,DEF,0.0
2039,Agri03_No-till,DEG,0.0
2039,Agri04_toGrassland,DE1,168320.57062742047
2039,Agri04_toGrassland,DE2,290036.8286316244
2039,Agri04_toGrassland,DE3,65415.11473059399
2039,Agri04_toGrassland,DE4,158602.34133249652
2039,Agri04_toGrassland,DE5,30696.2915488401
2039,Agri04_toGrassland,DE6,3912.4308687753824
2039,Agri04_toGrassland,DE7,67577.47816588348
2039,Agri04_toGrassland,DE8,162565.01416388512
2039,Agri04_toGrassland,DE9,250128.4753159914
2039,Agri04_toGrassland,DEA,172219.45575384446
2039,Agri04_toGrassland,DEB,98288.04534984328
2039,Agri04_toGrassland,DEC,49827.99131958504
2039,Agri04_toGrassland,DEE,127952.05026073723
2039,Agri04_toGrassland,DED,106294.829732204
2039,Agri04_toGrassland,DEF,70920.26425022482
2039,Agri04_toGrassland,DEG,56702.308602430436
2039,Agri05_Agroforestry,DE1,11682398.967717908
2039,Agri05_Agroforestry,DE2,14144953.555852087
2039,Agri05_Agroforestry,DE3,31928.736264270887
2039,Agri05_Agroforestry,DE4,11561499.246936373
2039,Agri05_Agroforestry,DE5,262117.2118710563
2039,Agri05_Agroforestry,DE6,212189.2394185881
2039,Agri05_Agroforestry,DE7,2584718.6952105337
2039,Agri05_Agroforestry,DE8,11011452.004363444
2039,Agri05_Agroforestry,DE9,13245137.789789507
2039,Agri05_Agroforestry,DEA,11668888.102807067
2039,Agri05_Agroforestry,DEB,7659906.244821835
2039,Agri05_Agroforestry,DEC,1167917.6792879314
2039,Agri05_Agroforestry,DEE,5794072.259732669
2039,Agri05_Agroforestry,DED,6455031.715617705
2039,Agri05_Agroforestry,DEF,1437759.9514041396
2039,Agri05_Agroforestry,DEG,1150103.294122127
2039,Agri06_Biochar,DE1,0.0
2039,Agri06_Biochar,DE2,0.0
2039,Agri06_Biochar,DE3,0.0
2039,Agri06_Biochar,DE4,0.0
2039,Agri06_Biochar,DE5,0.0
2039,Agri06_Biochar,DE6,0.0
2039,Agri06_Biochar,DE7,0.0
2039,Agri06_Biochar,DE8,0.0
2039,Agri06_Biochar,DE9,0.0
2039,Agri06_Biochar,DEA,0.0
2039,Agri06_Biochar,DEB,0.0
2039,Agri06_Biochar,DEC,0.0
2039,Agri06_Biochar,DEE,0.0
2039,Agri06_Biochar,DED,0.0
2039,Agri06_Biochar,DEF,0.0
2039,Agri06_Biochar,DEG,0.0
2040,Agri01_AGC,DE1,8924910.636304608
2040,Agri01_AGC,DE2,14925846.84963722
2040,Agri01_AGC,DE3,19470.119551297084
2040,Agri01_AGC,DE4,8244992.413928631
2040,Agri01_AGC,DE5,62598.36094112676
2040,Agri01_AGC,DE6,102820.39262610354
2040,Agri01_AGC,DE7,3423869.150945733
2040,Agri01_AGC,DE8,8634155.645163147
2040,Agri01_AGC,DE9,12951267.86672248
2040,Agri01_AGC,DEA,9110145.37000903
2040,Agri01_AGC,DEB,4971528.210817574
2040,Agri01_AGC,DEC,528631.2604895262
2040,Agri01_AGC,DEE,6747574.958051138
2040,Agri01_AGC,DED,5673864.950870463
2040,Agri01_AGC,DEF,3496778.112307454
2040,Agri01_AGC,DEG,2795794.970651396
2040,Agri02_OFC,DE1,4628484.041475793
2040,Agri02_OFC,DE2,7740586.63041831
2040,Agri02_OFC,DE3,1997345.5151684666
2040,Agri02_OFC,DE4,4402361.434396015
2040,Agri02_OFC,DE5,934390.522305333
2040,Agri02_OFC,DE6,113999.81586453314
2040,Agri02_OFC,DE7,1775628.2803314696
2040,Agri02_OFC,DE8,4477697.676063524
2040,Agri02_OFC,DE9,6716564.353502993
2040,Agri02_OFC,DEA,4724547.3012456335
2040,Agri02_OFC,DEB,2735616.129351558
2040,Agri02_OFC,DEC,1493821.2899585655
2040,Agri02_OFC,DEE,3499311.565648652
2040,Agri02_OFC,DED,2942482.501927483
2040,Agri02_OFC,DEF,1813439.0750715989
2040,Agri02_OFC,DEG,1449907.223973757
2040,Agri03_No-till,DE1,0.0
2040,Agri03_No-till,DE2,0.0
2040,Agri03_No-till,DE3,0.0
2040,Agri03_No-till,DE4,0.0
2040,Agri03_No-till,DE5,0.0
2040,Agri03_No-till,DE6,0.0
2040,Agri03_No-till,DE7,0.0
2040,Agri03_No-till,DE8,0.0
2040,Agri03_No-till,DE9,0.0
2040,Agri03_No-till,DEA,0.0
2040,Agri03_No-till,DEB,0.0
2040,Agri03_No-till,DEC,0.0
2040,Agri03_No-till,DEE,0.0
2040,Agri03_No-till,DED,0.0
2040,Agri03_No-till,DEF,0.0
2040,Agri03_No-till,DEG,0.0
2040,Agri04_toGrassland,DE1,164619.55334773278
2040,Agri04_toGrassland,DE2,283659.52542673267
2040,Agri04_toGrassland,DE3,63976.77318346023
2040,Agri04_toGrassland,DE4,155115.00758783022
2040,Agri04_toGrassland,DE5,30021.34430370475
2040,Agri04_toGrassland,DE6,3826.4046974230246
2040,Agri04_toGrassland,DE7,66091.59076972403
2040,Agri04_toGrassland,DE8,158990.54953219742
2040,Agri04_toGrassland,DE9,244628.67332604018
2040,Agri04_toGrassland,DEA,168432.71014534574
2040,Agri04_toGrassland,DEB,96126.89681719188
2040,Agri04_toGrassland,DEC,48732.378013389
2040,Agri04_toGrassland,DEE,125138.65230693236
2040,Agri04_toGrassland,DED,103957.62875840777
2040,Agri04_toGrassland,DEF,69360.87598002287
2040,Agri04_toGrassland,DEG,55455.54343787846
2040,Agri05_Agroforestry,DE1,11995033.882975902
2040,Agri05_Agroforestry,DE2,14523489.365875527
2040,Agri05_Agroforestry,DE3,32783.18728788844
2040,Agri05_Agroforestry,DE4,11870898.741621446
2040,Agri05_Agroforestry,DE5,269131.7807577562
2040,Agri05_Agroforestry,DE6,217867.67627625755
2040,Agri05_Agroforestry,DE7,2653888.8470325912
2040,Agri05_Agroforestry,DE8,11306131.579488767
2040,Agri05_Agroforestry,DE9,13599593.457836274
2040,Agri05_Agroforestry,DEA,11981161.451222658
2040,Agri05_Agroforestry,DEB,7864894.4622548735
2040,Agri05_Agroforestry,DEC,1199172.54788996
2040,Agri05_Agroforestry,DEE,5949128.53669477
2040,Agri05_Agroforestry,DED,6627776.055113073
2040,Agri05_Agroforestry,DEF,1476236.1207089769
2040,Agri05_Agroforestry,DEG,1180881.4285523405
2040,Agri06_Biochar,DE1,0.0
2040,Agri06_Biochar,DE2,0.0
2040,Agri06_Biochar,DE3,0.0
2040,Agri06_Biochar,DE4,0.0
2040,Agri06_Biochar,DE5,0.0
2040,Agri06_Biochar,DE6,0.0
2040,Agri06_Biochar,DE7,0.0
2040,Agri06_Biochar,DE8,0.0
2040,Agri06_Biochar,DE9,0.0
2040,Agri06_Biochar,DEA,0.0
2040,Agri06_Biochar,DEB,0.0
2040,Agri06_Biochar,DEC,0.0
2040,Agri06_Biochar,DEE,0.0
2040,Agri06_Biochar,DED,0.0
2040,Agri06_Biochar,DEF,0.0
2040,Agri06_Biochar,DEG,0.0
2041,Agri01_AGC,DE1,8070109.637163648
2041,Agri01_AGC,DE2,13496294.294993648
2041,Agri01_AGC,DE3,17605.3302750726
2041,Agri01_AGC,DE4,7455311.929659491
2041,Agri01_AGC,DE5,56602.8788956934
2041,Agri01_AGC,DE6,92972.5658040245
2041,Agri01_AGC,DE7,3095941.299292964
2041,Agri01_AGC,DE8,7807202.281372389
2041,Agri01_AGC,DE9,11710834.526406093
2041,Agri01_AGC,DEA,8237603.147241465
2041,Agri01_AGC,DEB,4495370.246324619
2041,Agri01_AGC,DEC,478000.5541376369
2041,Agri01_AGC,DEE,6101312.597455802
2041,Agri01_AGC,DED,5130439.293557314
2041,Agri01_AGC,DEF,3161867.2604255495
2041,Agri01_AGC,DEG,2528022.16802134
2041,Agri02_OFC,DE1,4174569.755394326
2041,Agri02_OFC,DE2,6981469.21255253
2041,Agri02_OFC,DE3,1801466.3341123217
2041,Agri02_OFC,DE4,3970622.936507774
2041,Agri02_OFC,DE5,842755.0747045934
2041,Agri02_OFC,DE6,102819.88209618228
2041,Agri02_OFC,DE7,1601492.853701429
2041,Agri02_OFC,DE8,4038570.9715732653
2041,Agri02_OFC,DE9,6057872.5472613
2041,Agri02_OFC,DEA,4261212.115019249
2041,Agri02_OFC,DEB,2467334.9316158886
2041,Agri02_OFC,DEC,1347322.6052296804
2041,Agri02_OFC,DEE,3156134.945212132
2041,Agri02_OFC,DED,2653913.9701574664
2041,Agri02_OFC,DEF,1635595.5531458107
2041,Agri02_OFC,DEG,1307715.1808432455
2041,Agri03_No-till,DE1,0.0
2041,Agri03_No-till,DE2,0.0
2041,Agri03_No-till,DE3,0.0
2041,Agri03_No-till,DE4,0.0
2041,Agri03_No-till,DE5,0.0
2041,Agri03_No-till,DE6,0.0
2041,Agri03_No-till,DE7,0.0
2041,Agri03_No-till,DE8,0.0
2041,Agri03_No-till,DE9,0.0
2041,Agri03_No-till,DEA,0.0
2041,Agri03_No-till,DEB,0.0
2041,Agri03_No-till,DEC,0.0
2041,Agri03_No-till,DEE,0.0
2041,Agri03_No-till,DED,0.0
2041,Agri03_No-till,DEF,0.0
2041,Agri03_No-till,DEG,0.0
2041,Agri04_toGrassland,DE1,160918.53606804513
2041,Agri04_toGrassland,DE2,277282.222221841
2041,Agri04_toGrassland,DE3,62538.431636326495
2041,Agri04_toGrassland,DE4,151627.67384316394
2041,Agri04_toGrassland,DE5,29346.3970585694
2041,Agri04_toGrassland,DE6,3740.3785260706672
2041,Agri04_toGrassland,DE7,64605.70337356458
2041,Agri04_toGrassland,DE8,155416.0849005097
2041,Agri04_toGrassland,DE9,239128.87133608898
2041,Agri04_toGrassland,DEA,164645.96453684702
2041,Agri04_toGrassland,DEB,93965.74828454049
2041,Agri04_toGrassland,DEC,47636.764707192975
2041,Agri04_toGrassland,DEE,122325.2543531275
2041,Agri04_toGrassland,DED,101620.42778461154
2041,Agri04_toGrassland,DEF,67801.48770982094
2041,Agri04_toGrassland,DEG,54208.7782733265
2041,Agri05_Agroforestry,DE1,12307668.7982339
2041,Agri05_Agroforestry,DE2,14902025.17589897
2041,Agri05_Agroforestry,DE3,33637.638311505994
2041,Agri05_Agroforestry,DE4,12180298.23630652
2041,Agri05_Agroforestry,DE5,276146.34964445623
2041,Agri05_Agroforestry,DE6,223546.11313392705
2041,Agri05_Agroforestry,DE7,2723058.99885465
2041,Agri05_Agroforestry,DE8,11600811.154614097
2041,Agri05_Agroforestry,DE9,13954049.125883045
2041,Agri05_Agroforestry,DEA,12293434.799638253
2041,Agri05_Agroforestry,DEB,8069882.679687914
2041,Agri05_Agroforestry,DEC,1230427.4164919888
2041,Agri05_Agroforestry,DEE,6104184.813656871
2041,Agri05_Agroforestry,DED,6800520.3946084445
2041,Agri05_Agroforestry,DEF,1514712.2900138148
2041,Agri05_Agroforestry,DEG,1211659.5629825545
2041,Agri06_Biochar,DE1,0.0
2041,Agri06_Biochar,DE2,0.0
2041,Agri06_Biochar,DE3,0.0
2041,Agri06_Biochar,DE4,0.0
2041,Agri06_Biochar,DE5,0.0
2041,Agri06_Biochar,DE6,0.0
2041,Agri06_Biochar,DE7,0.0
2041,Agri06_Biochar,DE8,0.0
2041,Agri06_Biochar,DE9,0.0
2041,Agri06_Biochar,DEA,0.0
2041,Agri06_Biochar,DEB,0.0
2041,Agri06_Biochar,DEC,0.0
2041,Agri06_Biochar,DEE,0.0
2041,Agri06_Biochar,DED,0.0
2041,Agri06_Biochar,DEF,0.0
2041,Agri06_Biochar,DEG,0.0
2042,Agri01_AGC,DE1,7215308.638022687
2042,Agri01_AGC,DE2,12066741.740350075
2042,Agri01_AGC,DE3,15740.540998848111
2042,Agri01_AGC,DE4,6665631.445390349
2042,Agri01_AGC,DE5,50607.39685026002
2042,Agri01_AGC,DE6,83124.73898194544
2042,Agri01_AGC,DE7,2768013.4476401936
2042,Agri01_AGC,DE8,6980248.917581629
2042,Agri01_AGC,DE9,10470401.186089704
2042,Agri01_AGC,DEA,7365060.9244738985
2042,Agri01_AGC,DEB,4019212.2818316626
2042,Agri01_AGC,DEC,427369.84778574755
2042,Agri01_AGC,DEE,5455050.236860466
2042,Agri01_AGC,DED,4587013.636244165
2042,Agri01_AGC,DEF,2826956.408543644
2042,Agri01_AGC,DEG,2260249.3653912833
2042,Agri02_OFC,DE1,3720655.4693128597
2042,Agri02_OFC,DE2,6222351.7946867505
2042,Agri02_OFC,DE3,1605587.153056177
2042,Agri02_OFC,DE4,3538884.4386195345
2042,Agri02_OFC,DE5,751119.627103854
2042,Agri02_OFC,DE6,91639.94832783144
2042,Agri02_OFC,DE7,1427357.4270713886
2042,Agri02_OFC,DE8,3599444.267083007
2042,Agri02_OFC,DE9,5399180.7410196075
2042,Agri02_OFC,DEA,3797876.9287928655
2042,Agri02_OFC,DEB,2199053.733880219
2042,Agri02_OFC,DEC,1200823.9205007954
2042,Agri02_OFC,DEE,2812958.3247756124
2042,Agri02_OFC,DED,2365345.43838745
2042,Agri02_OFC,DEF,1457752.0312200228
2042,Agri02_OFC,DEG,1165523.1377127343
2042,Agri03_No-till,DE1,0.0
2042,Agri03_No-till,DE2,0.0
2042,Agri03_No-till,DE3,0.0
2042,Agri03_No-till,DE4,0.0
2042,Agri03_No-till,DE5,0.0
2042,Agri03_No-till,DE6,0.0
2042,Agri03_No-till,DE7,0.0
2042,Agri03_No-till,DE8,0.0
2042,Agri03_No-till,DE9,0.0
2042,Agri03_No-till,DEA,0.0
2042,Agri03_No-till,DEB,0.0
2042,Agri03_No-till,DEC,0.0
2042,Agri03_No-till,DEE,0.0
2042,Agri03_No-till,DED,0.0
2042,Agri03_No-till,DEF,0.0
2042,Agri03_No-till,DEG,0.0
2042,Agri04_toGrassland,DE1,157217.5187883575
2042,Agri04_toGrassland,DE2,270904.9190169493
2042,Agri04_toGrassland,DE3,61100.09008919275
2042,Agri04_toGrassland,DE4,148140.34009849763
2042,Agri04_toGrassland,DE5,28671.449813434054
2042,Agri04_toGrassland,DE6,3654.3523547183095
2042,Agri04_toGrassland,DE7,63119.81597740514
2042,Agri04_toGrassland,DE8,151841.620268822
2042,Agri04_toGrassland,DE9,233629.06934613778
2042,Agri04_toGrassland,DEA,160859.21892834833
2042,Agri04_toGrassland,DEB,91804.59975188911
2042,Agri04_toGrassland,DEC,46541.15140099695
2042,Agri04_toGrassland,DEE,119511.85639932264
2042,Agri04_toGrassland,DED,99283.22681081531
2042,Agri04_toGrassland,DEF,66242.09943961899
2042,Agri04_toGrassland,DEG,52962.01310877453
2042,Agri05_Agroforestry,DE1,12620303.713491898
2042,Agri05_Agroforestry,DE2,15280560.985922411
2042,Agri05_Agroforestry,DE3,34492.08933512355
2042,Agri05_Agroforestry,DE4,12489697.730991593
2042,Agri05_Agroforestry,DE5,283160.9185311562
2042,Agri05_Agroforestry,DE6,229224.5499915965
2042,Agri05_Agroforestry,DE7,2792229.150676708
2042,Agri05_Agroforestry,DE8,11895490.729739422
2042,Agri05_Agroforestry,DE9,14308504.793929813
2042,Agri05_Agroforestry,DEA,12605708.148053844
2042,Agri05_Agroforestry,DEB,8274870.897120954
2042,Agri05_Agroforestry,DEC,1261682.2850940174
2042,Agri05_Agroforestry,DEE,6259241.090618973
2042,Agri05_Agroforestry,DED,6973264.734103814
2042,Agri05_Agroforestry,DEF,1553188.4593186525
2042,Agri05_Agroforestry,DEG,1242437.6974127686
2042,Agri06_Biochar,DE1,0.0
2042,Agri06_Biochar,DE2,0.0
2042,Agri06_Biochar,DE3,0.0
2042,Agri06_Biochar,DE4,0.0
2042,Agri06_Biochar,DE5,0.0
2042,Agri06_Biochar,DE6,0.0
2042,Agri06_Biochar,DE7,0.0
2042,Agri06_Biochar,DE8,0.0
2042,Agri06_Biochar,DE9,0.0
2042,Agri06_Biochar,DEA,0.0
2042,Agri06_Biochar,DEB,0.0
2042,Agri06_Biochar,DEC,0.0
2042,Agri06_Biochar,DEE,0.0
2042,Agri06_Biochar,DED,0.0
2042,Agri06_Biochar,DEF,0.0
2042,Agri06_Biochar,DEG,0.0
2043,Agri01_AGC,DE1,6360507.638881726
2043,Agri01_AGC,DE2,10637189.1857065
2043,Agri01_AGC,DE3,13875.751722623623
2043,Agri01_AGC,DE4,5875950.961121207
2043,Agri01_AGC,DE5,44611.91480482664
2043,Agri01_AGC,DE6,73276.91215986638
2043,Agri01_AGC,DE7,2440085.595987424
2043,Agri01_AGC,DE8,6153295.553790869
2043,Agri01_AGC,DE9,9229967.845773313
2043,Agri01_AGC,DEA,6492518.701706332
2043,Agri01_AGC,DEB,3543054.3173387065
2043,Agri01_AGC,DEC,376739.1414338582
2043,Agri01_AGC,DEE,4808787.87626513
2043,Agri01_AGC,DED,4043587.9789310154
2043,Agri01_AGC,DEF,2492045.5566617385
2043,Agri01_AGC,DEG,1992476.5627612267
2043,Agri02_OFC,DE1,3266741.1832313915
2043,Agri02_OFC,DE2,5463234.3768209675
2043,Agri02_OFC,DE3,1409707.9720000315
2043,Agri02_OFC,DE4,3107145.940731293
2043,Agri02_OFC,DE5,659484.1795031142
2043,Agri02_OFC,DE6,80460.01455948057
2043,Agri02_OFC,DE7,1253222.0004413475
2043,Agri02_OFC,DE8,3160317.562592747
2043,Agri02_OFC,DE9,4740488.934777914
2043,Agri02_OFC,DEA,3334541.7425664803
2043,Agri02_OFC,DEB,1930772.5361445488
2043,Agri02_OFC,DEC,1054325.2357719098
2043,Agri02_OFC,DEE,2469781.7043390917
2043,Agri02_OFC,DED,2076776.9066174326
2043,Agri02_OFC,DEF,1279908.5092942342
2043,Agri02_OFC,DEG,1023331.0945822225
2043,Agri03_No-till,DE1,0.0
2043,Agri03_No-till,DE2,0.0
2043,Agri03_No-till,DE3,0.0
2043,Agri03_No-till,DE4,0.0
2043,Agri03_No-till,DE5,0.0
2043,Agri03_No-till,DE6,0.0
2043,Agri03_No-till,DE7,0.0
2043,Agri03_No-till,DE8,0.0
2043,Agri03_No-till,DE9,0.0
2043,Agri03_No-till,DEA,0.0
2043,Agri03_No-till,DEB,0.0
2043,Agri03_No-till,DEC,0.0
2043,Agri03_No-till,DEE,0.0
2043,Agri03_No-till,DED,0.0
2043,Agri03_No-till,DEF,0.0
2043,Agri03_No-till,DEG,0.0
2043,Agri04_toGrassland,DE1,153516.5015086698
2043,Agri04_toGrassland,DE2,264527.6158120576
2043,Agri04_toGrassland,DE3,59661.748542058995
2043,Agri04_toGrassland,DE4,144653.00635383133
2043,Agri04_toGrassland,DE5,27996.502568298703
2043,Agri04_toGrassland,DE6,3568.3261833659517
2043,Agri04_toGrassland,DE7,61633.92858124569
2043,Agri04_toGrassland,DE8,148267.15563713427
2043,Agri04_toGrassland,DE9,228129.26735618652
2043,Agri04_toGrassland,DEA,157072.47331984958
2043,Agri04_toGrassland,DEB,89643.45121923772
2043,Agri04_toGrassland,DEC,45445.53809480091
2043,Agri04_toGrassland,DEE,116698.45844551777
2043,Agri04_toGrassland,DED,96946.02583701907
2043,Agri04_toGrassland,DEF,64682.71116941705
2043,Agri04_toGrassland,DEG,51715.24794422256
2043,Agri05_Agroforestry,DE1,12932938.628749896
2043,Agri05_Agroforestry,DE2,15659096.795945855
2043,Agri05_Agroforestry,DE3,35346.54035874111
2043,Agri05_Agroforestry,DE4,12799097.225676669
2043,Agri05_Agroforestry,DE5,290175.48741785623
2043,Agri05_Agroforestry,DE6,234902.986849266
2043,Agri05_Agroforestry,DE7,2861399.302498767
2043,Agri05_Agroforestry,DE8,12190170.30486475
2043,Agri05_Agroforestry,DE9,14662960.461976584
2043,Agri05_Agroforestry,DEA,12917981.496469438
2043,Agri05_Agroforestry,DEB,8479859.114553994
2043,Agri05_Agroforestry,DEC,1292937.1536960462
2043,Agri05_Agroforestry,DEE,6414297.367581074
2043,Agri05_Agroforestry,DED,7146009.073599185
2043,Agri05_Agroforestry,DEF,1591664.6286234902
2043,Agri05_Agroforestry,DEG,1273215.8318429827
2043,Agri06_Biochar,DE1,0.0
2043,Agri06_Biochar,DE2,0.0
2043,Agri06_Biochar,DE3,0.0
2043,Agri06_Biochar,DE4,0.0
2043,Agri06_Biochar,DE5,0.0
2043,Agri06_Biochar,DE6,0.0
2043,Agri06_Biochar,DE7,0.0
2043,Agri06_Biochar,DE8,0.0
2043,Agri06_Biochar,DE9,0.0
2043,Agri06_Biochar,DEA,0.0
2043,Agri06_Biochar,DEB,0.0
2043,Agri06_Biochar,DEC,0.0
2043,Agri06_Biochar,DEE,0.0
2043,Agri06_Biochar,DED,0.0
2043,Agri06_Biochar,DEF,0.0
2043,Agri06_Biochar,DEG,0.0
2044,Agri01_AGC,DE1,5505706.639740765
2044,Agri01_AGC,DE2,9207636.631062927
2044,Agri01_AGC,DE3,12010.962446399135
2044,Agri01_AGC,DE4,5086270.476852066
2044,Agri01_AGC,DE5,38616.43275939326
2044,Agri01_AGC,DE6,63429.08533778732
2044,Agri01_AGC,DE7,2112157.744334654
2044,Agri01_AGC,DE8,5326342.190000109
2044,Agri01_AGC,DE9,7989534.505456924
2044,Agri01_AGC,DEA,5619976.478938766
2044,Agri01_AGC,DEB,3066896.3528457503
2044,Agri01_AGC,DEC,326108.43508196884
2044,Agri01_AGC,DEE,4162525.515669794
2044,Agri01_AGC,DED,3500162.321617866
2044,Agri01_AGC,DEF,2157134.704779833
2044,Agri01_AGC,DEG,1724703.76013117
2044,Agri02_OFC,DE1,2812826.8971499265
2044,Agri02_OFC,DE2,4704116.958955191
2044,Agri02_OFC,DE3,1213828.7909438876
2044,Agri02_OFC,DE4,2675407.4428430554
2044,Agri02_OFC,DE5,567848.7319023751
2044,Agri02_OFC,DE6,69280.08079112976
2044,Agri02_OFC,DE7,1079086.5738113075
2044,Agri02_OFC,DE8,2721190.858102491
2044,Agri02_OFC,DE9,4081797.1285362234
2044,Agri02_OFC,DEA,2871206.556340099
2044,Agri02_OFC,DEB,1662491.3384088806
2044,Agri02_OFC,DEC,907826.5510430255
2044,Agri02_OFC,DEE,2126605.083902573
2044,Agri02_OFC,DED,1788208.3748474175
2044,Agri02_OFC,DEF,1102064.987368447
2044,Agri02_OFC,DEG,881139.0514517119
2044,Agri03_No-till,DE1,0.0
2044,Agri03_No-till,DE2,0.0
2044,Agri03_No-till,DE3,0.0
2044,Agri03_No-till,DE4,0.0
2044,Agri03_No-till,DE5,0.0
2044,Agri03_No-till,DE6,0.0
2044,Agri03_No-till,DE7,0.0
2044,Agri03_No-till,DE8,0.0
2044,Agri03_No-till,DE9,0.0
2044,Agri03_No-till,DEA,0.0
2044,Agri03_No-till,DEB,0.0
2044,Agri03_No-till,DEC,0.0
2044,Agri03_No-till,DEE,0.0
2044,Agri03_No-till,DED,0.0
2044,Agri03_No-till,DEF,0.0
2044,Agri03_No-till,DEG,0.0
2044,Agri04_toGrassland,DE1,149815.48422898218
2044,Agri04_toGrassland,DE2,258150.31260716586
2044,Agri04_toGrassland,DE3,58223.40699492526
2044,Agri04_toGrassland,DE4,141165.67260916505
2044,Agri04_toGrassland,DE5,27321.555323163357
2044,Agri04_toGrassland,DE6,3482.3000120135944
2044,Agri04_toGrassland,DE7,60148.041185086244
2044,Agri04_toGrassland,DE8,144692.6910054466
2044,Agri04_toGrassland,DE9,222629.46536623532
2044,Agri04_toGrassland,DEA,153285.7277113509
2044,Agri04_toGrassland,DEB,87482.30268658634
2044,Agri04_toGrassland,DEC,44349.92478860488
2044,Agri04_toGrassland,DEE,113885.06049171291
2044,Agri04_toGrassland,DED,94608.82486322285
2044,Agri04_toGrassland,DEF,63123.32289921511
2044,Agri04_toGrassland,DEG,50468.482779670594
2044,Agri05_Agroforestry,DE1,13245573.54400789
2044,Agri05_Agroforestry,DE2,16037632.605969293
2044,Agri05_Agroforestry,DE3,36200.99138235867
2044,Agri05_Agroforestry,DE4,13108496.72036174
2044,Agri05_Agroforestry,DE5,297190.05630455614
2044,Agri05_Agroforestry,DE6,240581.42370693543
2044,Agri05_Agroforestry,DE7,2930569.4543208247
2044,Agri05_Agroforestry,DE8,12484849.879990073
2044,Agri05_Agroforestry,DE9,15017416.13002335
2044,Agri05_Agroforestry,DEA,13230254.844885029
2044,Agri05_Agroforestry,DEB,8684847.331987033
2044,Agri05_Agroforestry,DEC,1324192.0222980748
2044,Agri05_Agroforestry,DEE,6569353.644543175
2044,Agri05_Agroforestry,DED,7318753.413094554
2044,Agri05_Agroforestry,DEF,1630140.7979283277
2044,Agri05_Agroforestry,DEG,1303993.9662731963
2044,Agri06_Biochar,DE1,0.0
2044,Agri06_Biochar,DE2,0.0
2044,Agri06_Biochar,DE3,0.0
2044,Agri06_Biochar,DE4,0.0
2044,Agri06_Biochar,DE5,0.0
2044,Agri06_Biochar,DE6,0.0
2044,Agri06_Biochar,DE7,0.0
2044,Agri06_Biochar,DE8,0.0
2044,Agri06_Biochar,DE9,0.0
2044,Agri06_Biochar,DEA,0.0
2044,Agri06_Biochar,DEB,0.0
2044,Agri06_Biochar,DEC,0.0
2044,Agri06_Biochar,DEE,0.0
2044,Agri06_Biochar,DED,0.0
2044,Agri06_Biochar,DEF,0.0
2044,Agri06_Biochar,DEG,0.0
2045,Agri01_AGC,DE1,4650905.640599805
2045,Agri01_AGC,DE2,7778084.076419352
2045,Agri01_AGC,DE3,10146.173170174647
2045,Agri01_AGC,DE4,4296589.992582924
2045,Agri01_AGC,DE5,32620.950713959883
2045,Agri01_AGC,DE6,53581.258515708265
2045,Agri01_AGC,DE7,1784229.8926818839
2045,Agri01_AGC,DE8,4499388.82620935
2045,Agri01_AGC,DE9,6749101.165140535
2045,Agri01_AGC,DEA,4747434.2561711995
2045,Agri01_AGC,DEB,2590738.388352794
2045,Agri01_AGC,DEC,275477.7287300795
2045,Agri01_AGC,DEE,3516263.1550744576
2045,Agri01_AGC,DED,2956736.6643047165
2045,Agri01_AGC,DEF,1822223.8528979274
2045,Agri01_AGC,DEG,1456930.9575011134
2045,Agri02_OFC,DE1,2358912.61106846
2045,Agri02_OFC,DE2,3944999.541089412
2045,Agri02_OFC,DE3,1017949.6098877428
2045,Agri02_OFC,DE4,2243668.944954816
2045,Agri02_OFC,DE5,476213.28430163563
2045,Agri02_OFC,DE6,58100.14702277892
2045,Agri02_OFC,DE7,904951.1471812672
2045,Agri02_OFC,DE8,2282064.1536122328
2045,Agri02_OFC,DE9,3423105.3222945314
2045,Agri02_OFC,DEA,2407871.370113715
2045,Agri02_OFC,DEB,1394210.1406732113
2045,Agri02_OFC,DEC,761327.8663141405
2045,Agri02_OFC,DEE,1783428.4634660536
2045,Agri02_OFC,DED,1499639.8430774012
2045,Agri02_OFC,DEF,924221.4654426591
2045,Agri02_OFC,DEG,738947.0083212007
2045,Agri03_No-till,DE1,0.0
2045,Agri03_No-till,DE2,0.0
2045,Agri03_No-till,DE3,0.0
2045,Agri03_No-till,DE4,0.0
2045,Agri03_No-till,DE5,0.0
2045,Agri03_No-till,DE6,0.0
2045,Agri03_No-till,DE7,0.0
2045,Agri03_No-till,DE8,0.0
2045,Agri03_No-till,DE9,0.0
2045,Agri03_No-till,DEA,0.0
2045,Agri03_No-till,DEB,0.0
2045,Agri03_No-till,DEC,0.0
2045,Agri03_No-till,DEE,0.0
2045,Agri03_No-till,DED,0.0
2045,Agri03_No-till,DEF,0.0
2045,Agri03_No-till,DEG,0.0
2045,Agri04_toGrassland,DE1,146114.4669492945
2045,Agri04_toGrassland,DE2,251773.00940227413
2045,Agri04_toGrassland,DE3,56785.0654477915
2045,Agri04_toGrassland,DE4,137678.33886449874
2045,Agri04_toGrassland,DE5,26646.608078028003
2045,Agri04_toGrassland,DE6,3396.2738406612366
2045,Agri04_toGrassland,DE7,58662.15378892679
2045,Agri04_toGrassland,DE8,141118.22637375887
2045,Agri04_toGrassland,DE9,217129.6633762841
2045,Agri04_toGrassland,DEA,149498.98210285217
2045,Agri04_toGrassland,DEB,85321.15415393494
2045,Agri04_toGrassland,DEC,43254.31148240885
2045,Agri04_toGrassland,DEE,111071.66253790804
2045,Agri04_toGrassland,DED,92271.62388942661
2045,Agri04_toGrassland,DEF,61563.934629013165
2045,Agri04_toGrassland,DEG,49221.71761511862
2045,Agri05_Agroforestry,DE1,13558208.459265888
2045,Agri05_Agroforestry,DE2,16416168.415992737
2045,Agri05_Agroforestry,DE3,37055.442405976224
2045,Agri05_Agroforestry,DE4,13417896.215046816
2045,Agri05_Agroforestry,DE5,304204.6251912562
2045,Agri05_Agroforestry,DE6,246259.8605646049
2045,Agri05_Agroforestry,DE7,2999739.6061428837
2045,Agri05_Agroforestry,DE8,12779529.455115402
2045,Agri05_Agroforestry,DE9,15371871.79807012
2045,Agri05_Agroforestry,DEA,13542528.193300623
2045,Agri05_Agroforestry,DEB,8889835.549420072
2045,Agri05_Agroforestry,DEC,1355446.8909001036
2045,Agri05_Agroforestry,DEE,6724409.921505276
2045,Agri05_Agroforestry,DED,7491497.752589924
2045,Agri05_Agroforestry,DEF,1668616.9672331654
2045,Agri05_Agroforestry,DEG,1334772.1007034103
2045,Agri06_Biochar,DE1,0.0
2045,Agri06_Biochar,DE2,0.0
2045,Agri06_Biochar,DE3,0.0
2045,Agri06_Biochar,DE4,0.0
2045,Agri06_Biochar,DE5,0.0
2045,Agri06_Biochar,DE6,0.0
2045,Agri06_Biochar,DE7,0.0
2045,Agri06_Biochar,DE8,0.0
2045,Agri06_Biochar,DE9,0.0
2045,Agri06_Biochar,DEA,0.0
2045,Agri06_Biochar,DEB,0.0
2045,Agri06_Biochar,DEC,0.0
2045,Agri06_Biochar,DEE,0.0
2045,Agri06_Biochar,DED,0.0
2045,Agri06_Biochar,DEF,0.0
2045,Agri06_Biochar,DEG,0.0
2046,Agri01_AGC,DE1,3796104.6414588434
2046,Agri01_AGC,DE2,6348531.521775777
2046,Agri01_AGC,DE3,8281.383893950158
2046,Agri01_AGC,DE4,3506909.5083137816
2046,Agri01_AGC,DE5,26625.468668526504
2046,Agri01_AGC,DE6,43733.4316936292
2046,Agri01_AGC,DE7,1456302.0410291138
2046,Agri01_AGC,DE8,3672435.4624185897
2046,Agri01_AGC,DE9,5508667.824824145
2046,Agri01_AGC,DEA,3874892.0334036327
2046,Agri01_AGC,DEB,2114580.423859838
2046,Agri01_AGC,DEC,224847.02237819013
2046,Agri01_AGC,DEE,2870000.7944791215
2046,Agri01_AGC,DED,2413311.0069915666
2046,Agri01_AGC,DEF,1487313.001016022
2046,Agri01_AGC,DEG,1189158.1548710568
2046,Agri02_OFC,DE1,1904998.3249869912
2046,Agri02_OFC,DE2,3185882.1232236284
2046,Agri02_OFC,DE3,822070.428831597
2046,Agri02_OFC,DE4,1811930.4470665737
2046,Agri02_OFC,DE5,384577.8367008957
2046,Agri02_OFC,DE6,46920.21325442802
2046,Agri02_OFC,DE7,730815.7205512257
2046,Agri02_OFC,DE8,1842937.4491219725
2046,Agri02_OFC,DE9,2764413.5160528356
2046,Agri02_OFC,DEA,1944536.1838873292
2046,Agri02_OFC,DEB,1125928.9429375404
2046,Agri02_OFC,DEC,614829.1815852547
2046,Agri02_OFC,DEE,1440251.843029532
2046,Agri02_OFC,DED,1211071.3113073832
2046,Agri02_OFC,DEF,746377.9435168701
2046,Agri02_OFC,DEG,596754.9651906887
2046,Agri03_No-till,DE1,0.0
2046,Agri03_No-till,DE2,0.0
2046,Agri03_No-till,DE3,0.0
2046,Agri03_No-till,DE4,0.0
2046,Agri03_No-till,DE5,0.0
2046,Agri03_No-till,DE6,0.0
2046,Agri03_No-till,DE7,0.0
2046,Agri03_No-till,DE8,0.0
2046,Agri03_No-till,DE9,0.0
2046,Agri03_No-till,DEA,0.0
2046,Agri03_No-till,DEB,0.0
2046,Agri03_No-till,DEC,0.0
2046,Agri03_No-till,DEE,0.0
2046,Agri03_No-till,DED,0.0
2046,Agri03_No-till,DEF,0.0
2046,Agri03_No-till,DEG,0.0
2046,Agri04_toGrassland,DE1,142413.44966960687
2046,Agri04_toGrassland,DE2,245395.70619738245
2046,Agri04_toGrassland,DE3,55346.72390065776
2046,Agri04_toGrassland,DE4,134191.00511983247
2046,Agri04_toGrassland,DE5,25971.660832892656
2046,Agri04_toGrassland,DE6,3310.2476693088793
2046,Agri04_toGrassland,DE7,57176.26639276735
2046,Agri04_toGrassland,DE8,137543.76174207116
2046,Agri04_toGrassland,DE9,211629.8613863329
2046,Agri04_toGrassland,DEA,145712.23649435345
2046,Agri04_toGrassland,DEB,83160.00562128356
2046,Agri04_toGrassland,DEC,42158.69817621282
2046,Agri04_toGrassland,DEE,108258.26458410318
2046,Agri04_toGrassland,DED,89934.42291563039
2046,Agri04_toGrassland,DEF,60004.54635881123
2046,Agri04_toGrassland,DEG,47974.952450566656
2046,Agri05_Agroforestry,DE1,13870843.374523887
2046,Agri05_Agroforestry,DE2,16794704.226016182
2046,Agri05_Agroforestry,DE3,37909.89342959379
2046,Agri05_Agroforestry,DE4,13727295.70973189
2046,Agri05_Agroforestry,DE5,311219.1940779562
2046,Agri05_Agroforestry,DE6,251938.2974222744
2046,Agri05_Agroforestry,DE7,3068909.757964942
2046,Agri05_Agroforestry,DE8,13074209.03024073
2046,Agri05_Agroforestry,DE9,15726327.46611689
2046,Agri05_Agroforestry,DEA,13854801.541716218
2046,Agri05_Agroforestry,DEB,9094823.766853113
2046,Agri05_Agroforestry,DEC,1386701.7595021324
2046,Agri05_Agroforestry,DEE,6879466.1984673785
2046,Agri05_Agroforestry,DED,7664242.092085295
2046,Agri05_Agroforestry,DEF,1707093.1365380033
2046,Agri05_Agroforestry,DEG,1365550.2351336244
2046,Agri06_Biochar,DE1,0.0
2046,Agri06_Biochar,DE2,0.0
2046,Agri06_Biochar,DE3,0.0
2046,Agri06_Biochar,DE4,0.0
2046,Agri06_Biochar,DE5,0.0
2046,Agri06_Biochar,DE6,0.0
2046,Agri06_Biochar,DE7,0.0
2046,Agri06_Biochar,DE8,0.0
2046,Agri06_Biochar,DE9,0.0
2046,Agri06_Biochar,DEA,0.0
2046,Agri06_Biochar,DEB,0.0
2046,Agri06_Biochar,DEC,0.0
2046,Agri06_Biochar,DEE,0.0
2046,Agri06_Biochar,DED,0.0
2046,Agri06_Biochar,DEF,0.0
2046,Agri06_Biochar,DEG,0.0
2047,Agri01_AGC,DE1,2941303.6423178827
2047,Agri01_AGC,DE2,4918978.967132203
2047,Agri01_AGC,DE3,6416.59461772567
2047,Agri01_AGC,DE4,2717229.02404464
2047,Agri01_AGC,DE5,20629.986623093126
2047,Agri01_AGC,DE6,33885.604871550146
2047,Agri01_AGC,DE7,1128374.1893763437
2047,Agri01_AGC,DE8,2845482.0986278295
2047,Agri01_AGC,DE9,4268234.484507755
2047,Agri01_AGC,DEA,3002349.8106360664
2047,Agri01_AGC,DEB,1638422.4593668818
2047,Agri01_AGC,DEC,174216.31602630077
2047,Agri01_AGC,DEE,2223738.4338837853
2047,Agri01_AGC,DED,1869885.3496784172
2047,Agri01_AGC,DEF,1152402.1491341165
2047,Agri01_AGC,DEG,921385.352241
2047,Agri02_OFC,DE1,1451084.0389055246
2047,Agri02_OFC,DE2,2426764.7053578487
2047,Agri02_OFC,DE3,626191.2477754522
2047,Agri02_OFC,DE4,1380191.949178334
2047,Agri02_OFC,DE5,292942.38910015626
2047,Agri02_OFC,DE6,35740.279486077176
2047,Agri02_OFC,DE7,556680.2939211853
2047,Agri02_OFC,DE8,1403810.7446317144
2047,Agri02_OFC,DE9,2105721.709811143
2047,Agri02_OFC,DEA,1481200.9976609456
2047,Agri02_OFC,DEB,857647.745201871
2047,Agri02_OFC,DEC,468330.4968563697
2047,Agri02_OFC,DEE,1097075.2225930125
2047,Agri02_OFC,DED,922502.779537367
2047,Agri02_OFC,DEF,568534.4215910822
2047,Agri02_OFC,DEG,454562.9220601775
2047,Agri03_No-till,DE1,0.0
2047,Agri03_No-till,DE2,0.0
2047,Agri03_No-till,DE3,0.0
2047,Agri03_No-till,DE4,0.0
2047,Agri03_No-till,DE5,0.0
2047,Agri03_No-till,DE6,0.0
2047,Agri03_No-till,DE7,0.0
2047,Agri03_No-till,DE8,0.0
2047,Agri03_No-till,DE9,0.0
2047,Agri03_No-till,DEA,0.0
2047,Agri03_No-till,DEB,0.0
2047,Agri03_No-till,DEC,0.0
2047,Agri03_No-till,DEE,0.0
2047,Agri03_No-till,DED,0.0
2047,Agri03_No-till,DEF,0.0
2047,Agri03_No-till,DEG,0.0
2047,Agri04_toGrassland,DE1,138712.43238991918
2047,Agri04_toGrassland,DE2,239018.4029924907
2047,Agri04_toGrassland,DE3,53908.38235352401
2047,Agri04_toGrassland,DE4,130703.67137516616
2047,Agri04_toGrassland,DE5,25296.713587757306
2047,Agri04_toGrassland,DE6,3224.221497956521
2047,Agri04_toGrassland,DE7,55690.37899660789
2047,Agri04_toGrassland,DE8,133969.29711038343
2047,Agri04_toGrassland,DE9,206130.05939638164
2047,Agri04_toGrassland,DEA,141925.49088585473
2047,Agri04_toGrassland,DEB,80998.85708863215
2047,Agri04_toGrassland,DEC,41063.084870016784
2047,Agri04_toGrassland,DEE,105444.8666302983
2047,Agri04_toGrassland,DED,87597.22194183414
2047,Agri04_toGrassland,DEF,58445.158088609285
2047,Agri04_toGrassland,DEG,46728.18728601468
2047,Agri05_Agroforestry,DE1,14183478.289781883
2047,Agri05_Agroforestry,DE2,17173240.03603962
2047,Agri05_Agroforestry,DE3,38764.34445321134
2047,Agri05_Agroforestry,DE4,14036695.204416964
2047,Agri05_Agroforestry,DE5,318233.76296465617
2047,Agri05_Agroforestry,DE6,257616.73427994386
2047,Agri05_Agroforestry,DE7,3138079.909787
2047,Agri05_Agroforestry,DE8,13368888.605366055
2047,Agri05_Agroforestry,DE9,16080783.134163659
2047,Agri05_Agroforestry,DEA,14167074.890131809
2047,Agri05_Agroforestry,DEB,9299811.984286152
2047,Agri05_Agroforestry,DEC,1417956.628104161
2047,Agri05_Agroforestry,DEE,7034522.475429479
2047,Agri05_Agroforestry,DED,7836986.4315806655
2047,Agri05_Agroforestry,DEF,1745569.3058428408
2047,Agri05_Agroforestry,DEG,1396328.3695638382
2047,Agri06_Biochar,DE1,0.0
2047,Agri06_Biochar,DE2,0.0
2047,Agri06_Biochar,DE3,0.0
2047,Agri06_Biochar,DE4,0.0
2047,Agri06_Biochar,DE5,0.0
2047,Agri06_Biochar,DE6,0.0
2047,Agri06_Biochar,DE7,0.0
2047,Agri06_Biochar,DE8,0.0
2047,Agri06_Biochar,DE9,0.0
2047,Agri06_Biochar,DEA,0.0
2047,Agri06_Biochar,DEB,0.0
2047,Agri06_Biochar,DEC,0.0
2047,Agri06_Biochar,DEE,0.0
2047,Agri06_Biochar,DED,0.0
2047,Agri06_Biochar,DEF,0.0
2047,Agri06_Biochar,DEG,0.0
2048,Agri01_AGC,DE1,2086502.6431769214
2048,Agri01_AGC,DE2,3489426.412488628
2048,Agri01_AGC,DE3,4551.805341501182
2048,Agri01_AGC,DE4,1927548.5397754977
2048,Agri01_AGC,DE5,14634.504577659747
2048,Agri01_AGC,DE6,24037.778049471082
2048,Agri01_AGC,DE7,800446.3377235738
2048,Agri01_AGC,DE8,2018528.7348370694
2048,Agri01_AGC,DE9,3027801.1441913657
2048,Agri01_AGC,DEA,2129807.5878684996
2048,Agri01_AGC,DEB,1162264.4948739253
2048,Agri01_AGC,DEC,123585.60967441142
2048,Agri01_AGC,DEE,1577476.0732884486
2048,Agri01_AGC,DED,1326459.6923652675
2048,Agri01_AGC,DEF,817491.2972522109
2048,Agri01_AGC,DEG,653612.5496109433
2048,Agri02_OFC,DE1,997169.7528240607
2048,Agri02_OFC,DE2,1667647.2874920734
2048,Agri02_OFC,DE3,430312.0667193085
2048,Agri02_OFC,DE4,948453.4512900967
2048,Agri02_OFC,DE5,201306.94149941727
2048,Agri02_OFC,DE6,24560.345717726395
2048,Agri02_OFC,DE7,382544.86729114584
2048,Agri02_OFC,DE8,964684.0401414587
2048,Agri02_OFC,DE9,1447029.9035694548
2048,Agri02_OFC,DEA,1017865.8114345646
2048,Agri02_OFC,DEB,589366.5474662032
2048,Agri02_OFC,DEC,321831.8121274855
2048,Agri02_OFC,DEE,753898.6021564946
2048,Agri02_OFC,DED,633934.2477673524
2048,Agri02_OFC,DEF,390690.8996652953
2048,Agri02_OFC,DEG,312370.87892966706
2048,Agri03_No-till,DE1,0.0
2048,Agri03_No-till,DE2,0.0
2048,Agri03_No-till,DE3,0.0
2048,Agri03_No-till,DE4,0.0
2048,Agri03_No-till,DE5,0.0
2048,Agri03_No-till,DE6,0.0
2048,Agri03_No-till,DE7,0.0
2048,Agri03_No-till,DE8,0.0
2048,Agri03_No-till,DE9,0.0
2048,Agri03_No-till,DEA,0.0
2048,Agri03_No-till,DEB,0.0
2048,Agri03_No-till,DEC,0.0
2048,Agri03_No-till,DEE,0.0
2048,Agri03_No-till,DED,0.0
2048,Agri03_No-till,DEF,0.0
2048,Agri03_No-till,DEG,0.0
2048,Agri04_toGrassland,DE1,135011.41511023152
2048,Agri04_toGrassland,DE2,232641.09978759897
2048,Agri04_toGrassland,DE3,52470.04080639026
2048,Agri04_toGrassland,DE4,127216.33763049985
2048,Agri04_toGrassland,DE5,24621.76634262195
2048,Agri04_toGrassland,DE6,3138.1953266041633
2048,Agri04_toGrassland,DE7,54204.49160044844
2048,Agri04_toGrassland,DE8,130394.83247869571
2048,Agri04_toGrassland,DE9,200630.2574064304
2048,Agri04_toGrassland,DEA,138138.745277356
2048,Agri04_toGrassland,DEB,78837.70855598076
2048,Agri04_toGrassland,DEC,39967.47156382075
2048,Agri04_toGrassland,DEE,102631.46867649342
2048,Agri04_toGrassland,DED,85260.0209680379
2048,Agri04_toGrassland,DEF,56885.76981840734
2048,Agri04_toGrassland,DEG,45481.42212146271
2048,Agri05_Agroforestry,DE1,14496113.205039881
2048,Agri05_Agroforestry,DE2,17551775.846063066
2048,Agri05_Agroforestry,DE3,39618.795476828906
2048,Agri05_Agroforestry,DE4,14346094.699102039
2048,Agri05_Agroforestry,DE5,325248.3318513562
2048,Agri05_Agroforestry,DE6,263295.17113761336
2048,Agri05_Agroforestry,DE7,3207250.061609059
2048,Agri05_Agroforestry,DE8,13663568.180491382
2048,Agri05_Agroforestry,DE9,16435238.80221043
2048,Agri05_Agroforestry,DEA,14479348.238547403
2048,Agri05_Agroforestry,DEB,9504800.201719193
2048,Agri05_Agroforestry,DEC,1449211.4967061898
2048,Agri05_Agroforestry,DEE,7189578.752391581
2048,Agri05_Agroforestry,DED,8009730.771076037
2048,Agri05_Agroforestry,DEF,1784045.4751476787
2048,Agri05_Agroforestry,DEG,1427106.5039940523
2048,Agri06_Biochar,DE1,0.0
2048,Agri06_Biochar,DE2,0.0
2048,Agri06_Biochar,DE3,0.0
2048,Agri06_Biochar,DE4,0.0
2048,Agri06_Biochar,DE5,0.0
2048,Agri06_Biochar,DE6,0.0
2048,Agri06_Biochar,DE7,0.0
2048,Agri06_Biochar,DE8,0.0
2048,Agri06_Biochar,DE9,0.0
2048,Agri06_Biochar,DEA,0.0
2048,Agri06_Biochar,DEB,0.0
2048,Agri06_Biochar,DEC,0.0
2048,Agri06_Biochar,DEE,0.0
2048,Agri06_Biochar,DED,0.0
2048,Agri06_Biochar,DEF,0.0
2048,Agri06_Biochar,DEG,0.0
2049,Agri01_AGC,DE1,1231701.6440359603
2049,Agri01_AGC,DE2,2059873.8578450538
2049,Agri01_AGC,DE3,2687.016065276693
2049,Agri01_AGC,DE4,1137868.0555063558
2049,Agri01_AGC,DE5,8639.022532226369
2049,Agri01_AGC,DE6,14189.95122739202
2049,Agri01_AGC,DE7,472518.4860708038
2049,Agri01_AGC,DE8,1191575.3710463096
2049,Agri01_AGC,DE9,1787367.8038749762
2049,Agri01_AGC,DEA,1257265.3651009332
2049,Agri01_AGC,DEB,686106.5303809693
2049,Agri01_AGC,DEC,72954.90332252205
2049,Agri01_AGC,DEE,931213.7126931124
2049,Agri01_AGC,DED,783034.035052118
2049,Agri01_AGC,DEF,482580.44537030545
2049,Agri01_AGC,DEG,385839.7469808867
2049,Agri02_OFC,DE1,543255.4667425943
2049,Agri02_OFC,DE2,908529.8696262939
2049,Agri02_OFC,DE3,234432.8856631638
2049,Agri02_OFC,DE4,516714.9534018571
2049,Agri02_OFC,DE5,109671.49389867783
2049,Agri02_OFC,DE6,13380.411949375553
2049,Agri02_OFC,DE7,208409.4406611054
2049,Agri02_OFC,DE8,525557.3356512007
2049,Agri02_OFC,DE9,788338.0973277625
2049,Agri02_OFC,DEA,554530.6252081812
2049,Agri02_OFC,DEB,321085.3497305339
2049,Agri02_OFC,DEC,175333.12739860054
2049,Agri02_OFC,DEE,410721.98171997507
2049,Agri02_OFC,DED,345365.71599733614
2049,Agri02_OFC,DEF,212847.37773950738
2049,Agri02_OFC,DEG,170178.8357991559
2049,Agri03_No-till,DE1,0.0
2049,Agri03_No-till,DE2,0.0
2049,Agri03_No-till,DE3,0.0
2049,Agri03_No-till,DE4,0.0
2049,Agri03_No-till,DE5,0.0
2049,Agri03_No-till,DE6,0.0
2049,Agri03_No-till,DE7,0.0
2049,Agri03_No-till,DE8,0.0
2049,Agri03_No-till,DE9,0.0
2049,Agri03_No-till,DEA,0.0
2049,Agri03_No-till,DEB,0.0
2049,Agri03_No-till,DEC,0.0
2049,Agri03_No-till,DEE,0.0
2049,Agri03_No-till,DED,0.0
2049,Agri03_No-till,DEF,0.0
2049,Agri03_No-till,DEG,0.0
2049,Agri04_toGrassland,DE1,131310.39783054386
2049,Agri04_toGrassland,DE2,226263.7965827073
2049,Agri04_toGrassland,DE3,51031.699259256515
2049,Agri04_toGrassland,DE4,123729.00388583356
2049,Agri04_toGrassland,DE5,23946.819097486605
2049,Agri04_toGrassland,DE6,3052.169155251806
2049,Agri04_toGrassland,DE7,52718.604204289
2049,Agri04_toGrassland,DE8,126820.36784700802
2049,Agri04_toGrassland,DE9,195130.4554164792
2049,Agri04_toGrassland,DEA,134351.9996688573
2049,Agri04_toGrassland,DEB,76676.56002332938
2049,Agri04_toGrassland,DEC,38871.85825762471
2049,Agri04_toGrassland,DEE,99818.07072268856
2049,Agri04_toGrassland,DED,82922.81999424168
2049,Agri04_toGrassland,DEF,55326.3815482054
2049,Agri04_toGrassland,DEG,44234.656956910745
2049,Agri05_Agroforestry,DE1,14808748.120297877
2049,Agri05_Agroforestry,DE2,17930311.65608651
2049,Agri05_Agroforestry,DE3,40473.24650044646
2049,Agri05_Agroforestry,DE4,14655494.193787113
2049,Agri05_Agroforestry,DE5,332262.90073805617
2049,Agri05_Agroforestry,DE6,268973.6079952828
2049,Agri05_Agroforestry,DE7,3276420.213431117
2049,Agri05_Agroforestry,DE8,13958247.75561671
2049,Agri05_Agroforestry,DE9,16789694.470257197
2049,Agri05_Agroforestry,DEA,14791621.586962996
2049,Agri05_Agroforestry,DEB,9709788.419152232
2049,Agri05_Agroforestry,DEC,1480466.3653082184
2049,Agri05_Agroforestry,DEE,7344635.029353682
2049,Agri05_Agroforestry,DED,8182475.110571406
2049,Agri05_Agroforestry,DEF,1822521.6444525162
2049,Agri05_Agroforestry,DEG,1457884.6384242664
2049,Agri06_Biochar,DE1,0.0
2049,Agri06_Biochar,DE2,0.0
2049,Agri06_Biochar,DE3,0.0
2049,Agri06_Biochar,DE4,0.0
2049,Agri06_Biochar,DE5,0.0
2049,Agri06_Biochar,DE6,0.0
2049,Agri06_Biochar,DE7,0.0
2049,Agri06_Biochar,DE8,0.0
2049,Agri06_Biochar,DE9,0.0
2049,Agri06_Biochar,DEA,0.0
2049,Agri06_Biochar,DEB,0.0
2049,Agri06_Biochar,DEC,0.0
2049,Agri06_Biochar,DEE,0.0
2049,Agri06_Biochar,DED,0.0
2049,Agri06_Biochar,DEF,0.0
2049,Agri06_Biochar,DEG,0.0
2050,Agri01_AGC,DE1,376900.64489500027
2050,Agri01_AGC,DE2,630321.3032014808
2050,Agri01_AGC,DE3,822.2267890522068
2050,Agri01_AGC,DE4,348187.5712372148
2050,Agri01_AGC,DE5,2643.5404867929965
2050,Agri01_AGC,DE6,4342.124405312971
2050,Agri01_AGC,DE7,144590.63441803414
2050,Agri01_AGC,DE8,364622.0072555504
2050,Agri01_AGC,DE9,546934.4635585881
2050,Agri01_AGC,DEA,384723.14233336766
2050,Agri01_AGC,DEB,209948.56588801352
2050,Agri01_AGC,DEC,22324.196970632747
2050,Agri01_AGC,DEE,284951.3520977769
2050,Agri01_AGC,DED,239608.377738969
2050,Agri01_AGC,DEF,147669.59348840028
2050,Agri01_AGC,DEG,118066.94435083031
2050,Agri02_OFC,DE1,89341.18066112442
2050,Agri02_OFC,DE2,149412.45176050876
2050,Agri02_OFC,DE3,38553.70460701758
2050,Agri02_OFC,DE4,84976.45551361423
2050,Agri02_OFC,DE5,18036.046297937693
2050,Agri02_OFC,DE6,2200.478181024628
2050,Agri02_OFC,DE7,34274.01403106365
2050,Agri02_OFC,DE8,86430.63116093936
2050,Agri02_OFC,DE9,129646.29108606544
2050,Agri02_OFC,DEA,91195.43898179421
2050,Agri02_OFC,DEB,52804.15199486255
2050,Agri02_OFC,DEC,28834.44266971448
2050,Agri02_OFC,DEE,67545.36128345285
2050,Agri02_OFC,DED,56797.18422731771
2050,Agri02_OFC,DEF,35003.855813718146
2050,Agri02_OFC,DEG,27986.792668643637
2050,Agri03_No-till,DE1,0.0
2050,Agri03_No-till,DE2,0.0
2050,Agri03_No-till,DE3,0.0
2050,Agri03_No-till,DE4,0.0
2050,Agri03_No-till,DE5,0.0
2050,Agri03_No-till,DE6,0.0
2050,Agri03_No-till,DE7,0.0
2050,Agri03_No-till,DE8,0.0
2050,Agri03_No-till,DE9,0.0
2050,Agri03_No-till,DEA,0.0
2050,Agri03_No-till,DEB,0.0
2050,Agri03_No-till,DEC,0.0
2050,Agri03_No-till,DEE,0.0
2050,Agri03_No-till,DED,0.0
2050,Agri03_No-till,DEF,0.0
2050,Agri03_No-till,DEG,0.0
2050,Agri04_toGrassland,DE1,127609.38055085619
2050,Agri04_toGrassland,DE2,219886.49337781555
2050,Agri04_toGrassland,DE3,49593.357712122764
2050,Agri04_toGrassland,DE4,120241.67014116725
2050,Agri04_toGrassland,DE5,23271.871852351254
2050,Agri04_toGrassland,DE6,2966.1429838994477
2050,Agri04_toGrassland,DE7,51232.716808129546
2050,Agri04_toGrassland,DE8,123245.90321532029
2050,Agri04_toGrassland,DE9,189630.65342652795
2050,Agri04_toGrassland,DEA,130565.25406035857
2050,Agri04_toGrassland,DEB,74515.41149067799
2050,Agri04_toGrassland,DEC,37776.24495142868
2050,Agri04_toGrassland,DEE,97004.67276888368
2050,Agri04_toGrassland,DED,80585.61902044545
2050,Agri04_toGrassland,DEF,53766.99327800345
2050,Agri04_toGrassland,DEG,42987.89179235877
2050,Agri05_Agroforestry,DE1,15121383.035555873
2050,Agri05_Agroforestry,DE2,18308847.466109946
2050,Agri05_Agroforestry,DE3,41327.69752406401
2050,Agri05_Agroforestry,DE4,14964893.688472183
2050,Agri05_Agroforestry,DE5,339277.46962475614
2050,Agri05_Agroforestry,DE6,274652.04485295224
2050,Agri05_Agroforestry,DE7,3345590.365253175
2050,Agri05_Agroforestry,DE8,14252927.330742033
2050,Agri05_Agroforestry,DE9,17144150.138303965
2050,Agri05_Agroforestry,DEA,15103894.935378587
2050,Agri05_Agroforestry,DEB,9914776.63658527
2050,Agri05_Agroforestry,DEC,1511721.233910247
2050,Agri05_Agroforestry,DEE,7499691.3063157825
2050,Agri05_Agroforestry,DED,8355219.450066775
2050,Agri05_Agroforestry,DEF,1860997.8137573537
2050,Agri05_Agroforestry,DEG,1488662.77285448
2050,Agri06_Biochar,DE1,0.0
2050,Agri06_Biochar,DE2,0.0
2050,Agri06_Biochar,DE3,0.0
2050,Agri06_Biochar,DE4,0.0
2050,Agri06_Biochar,DE5,0.0
2050,Agri06_Biochar,DE6,0.0
2050,Agri06_Biochar,DE7,0.0
2050,Agri06_Biochar,DE8,0.0
2050,Agri06_Biochar,DE9,0.0
2050,Agri06_Biochar,DEA,0.0
2050,Agri06_Biochar,DEB,0.0
2050,Agri06_Biochar,DEC,0.0
2050,Agri06_Biochar,DEE,0.0
2050,Agri06_Biochar,DED,0.0
2050,Agri06_Biochar,DEF,0.0
2050,Agri06_Biochar,DEG,0.0
