year,techAgri,r,costTechAgri
2020,Agri01_AGC,DE1,0.0
2020,Agri01_AGC,DE2,0.0
2020,Agri01_AGC,DE3,0.0
2020,Agri01_AGC,DE4,0.0
2020,Agri01_AGC,DE5,0.0
2020,Agri01_AGC,DE6,0.0
2020,Agri01_AGC,DE7,0.0
2020,Agri01_AGC,DE8,0.0
2020,Agri01_AGC,DE9,0.0
2020,Agri01_AGC,DEA,0.0
2020,Agri01_AGC,DEB,0.0
2020,Agri01_AGC,DEC,0.0
2020,Agri01_AGC,DEE,0.0
2020,Agri01_AGC,DED,0.0
2020,Agri01_AGC,DEF,0.0
2020,Agri01_AGC,DEG,0.0
2020,Agri02_OFC,DE1,0.0
2020,Agri02_OFC,DE2,0.0
2020,Agri02_OFC,DE3,0.0
2020,Agri02_OFC,DE4,0.0
2020,Agri02_OFC,DE5,0.0
2020,Agri02_OFC,DE6,0.0
2020,Agri02_OFC,DE7,0.0
2020,Agri02_OFC,DE8,0.0
2020,Agri02_OFC,DE9,0.0
2020,Agri02_OFC,DEA,0.0
2020,Agri02_OFC,DEB,0.0
2020,Agri02_OFC,DEC,0.0
2020,Agri02_OFC,DEE,0.0
2020,Agri02_OFC,DED,0.0
2020,Agri02_OFC,DEF,0.0
2020,Agri02_OFC,DEG,0.0
2020,Agri03_No-till,DE1,0.0
2020,Agri03_No-till,DE2,0.0
2020,Agri03_No-till,DE3,0.0
2020,Agri03_No-till,DE4,0.0
2020,Agri03_No-till,DE5,0.0
2020,Agri03_No-till,DE6,0.0
2020,Agri03_No-till,DE7,0.0
2020,Agri03_No-till,DE8,0.0
2020,Agri03_No-till,DE9,0.0
2020,Agri03_No-till,DEA,0.0
2020,Agri03_No-till,DEB,0.0
2020,Agri03_No-till,DEC,0.0
2020,Agri03_No-till,DEE,0.0
2020,Agri03_No-till,DED,0.0
2020,Agri03_No-till,DEF,0.0
2020,Agri03_No-till,DEG,0.0
2020,Agri04_toGrassland,DE1,0.0
2020,Agri04_toGrassland,DE2,0.0
2020,Agri04_toGrassland,DE3,0.0
2020,Agri04_toGrassland,DE4,0.0
2020,Agri04_toGrassland,DE5,0.0
2020,Agri04_toGrassland,DE6,0.0
2020,Agri04_toGrassland,DE7,0.0
2020,Agri04_toGrassland,DE8,0.0
2020,Agri04_toGrassland,DE9,0.0
2020,Agri04_toGrassland,DEA,0.0
2020,Agri04_toGrassland,DEB,0.0
2020,Agri04_toGrassland,DEC,0.0
2020,Agri04_toGrassland,DEE,0.0
2020,Agri04_toGrassland,DED,0.0
2020,Agri04_toGrassland,DEF,0.0
2020,Agri04_toGrassland,DEG,0.0
2020,Agri05_Agroforestry,DE1,0.0
2020,Agri05_Agroforestry,DE2,0.0
2020,Agri05_Agroforestry,DE3,0.0
2020,Agri05_Agroforestry,DE4,0.0
2020,Agri05_Agroforestry,DE5,0.0
2020,Agri05_Agroforestry,DE6,0.0
2020,Agri05_Agroforestry,DE7,0.0
2020,Agri05_Agroforestry,DE8,0.0
2020,Agri05_Agroforestry,DE9,0.0
2020,Agri05_Agroforestry,DEA,0.0
2020,Agri05_Agroforestry,DEB,0.0
2020,Agri05_Agroforestry,DEC,0.0
2020,Agri05_Agroforestry,DEE,0.0
2020,Agri05_Agroforestry,DED,0.0
2020,Agri05_Agroforestry,DEF,0.0
2020,Agri05_Agroforestry,DEG,0.0
2020,Agri06_Biochar,DE1,0.0
2020,Agri06_Biochar,DE2,0.0
2020,Agri06_Biochar,DE3,0.0
2020,Agri06_Biochar,DE4,0.0
2020,Agri06_Biochar,DE5,0.0
2020,Agri06_Biochar,DE6,0.0
2020,Agri06_Biochar,DE7,0.0
2020,Agri06_Biochar,DE8,0.0
2020,Agri06_Biochar,DE9,0.0
2020,Agri06_Biochar,DEA,0.0
2020,Agri06_Biochar,DEB,0.0
2020,Agri06_Biochar,DEC,0.0
2020,Agri06_Biochar,DEE,0.0
2020,Agri06_Biochar,DED,0.0
2020,Agri06_Biochar,DEF,0.0
2020,Agri06_Biochar,DEG,0.0
2021,Agri01_AGC,DE1,0.0
2021,Agri01_AGC,DE2,2507206.489859491
2021,Agri01_AGC,DE3,0.0
2021,Agri01_AGC,DE4,0.0
2021,Agri01_AGC,DE5,0.0
2021,Agri01_AGC,DE6,0.0
2021,Agri01_AGC,DE7,646631.4428646218
2021,Agri01_AGC,DE8,0.0
2021,Agri01_AGC,DE9,2070285.926834005
2021,Agri01_AGC,DEA,0.0
2021,Agri01_AGC,DEB,0.0
2021,Agri01_AGC,DEC,0.0
2021,Agri01_AGC,DEE,0.0
2021,Agri01_AGC,DED,0.0
2021,Agri01_AGC,DEF,790610.7993986052
2021,Agri01_AGC,DEG,632059.5097642854
2021,Agri02_OFC,DE1,0.0
2021,Agri02_OFC,DE2,0.0
2021,Agri02_OFC,DE3,0.0
2021,Agri02_OFC,DE4,0.0
2021,Agri02_OFC,DE5,0.0
2021,Agri02_OFC,DE6,0.0
2021,Agri02_OFC,DE7,0.0
2021,Agri02_OFC,DE8,0.0
2021,Agri02_OFC,DE9,0.0
2021,Agri02_OFC,DEA,0.0
2021,Agri02_OFC,DEB,0.0
2021,Agri02_OFC,DEC,0.0
2021,Agri02_OFC,DEE,0.0
2021,Agri02_OFC,DED,0.0
2021,Agri02_OFC,DEF,0.0
2021,Agri02_OFC,DEG,0.0
2021,Agri03_No-till,DE1,0.0
2021,Agri03_No-till,DE2,0.0
2021,Agri03_No-till,DE3,0.0
2021,Agri03_No-till,DE4,0.0
2021,Agri03_No-till,DE5,0.0
2021,Agri03_No-till,DE6,0.0
2021,Agri03_No-till,DE7,0.0
2021,Agri03_No-till,DE8,0.0
2021,Agri03_No-till,DE9,0.0
2021,Agri03_No-till,DEA,0.0
2021,Agri03_No-till,DEB,0.0
2021,Agri03_No-till,DEC,0.0
2021,Agri03_No-till,DEE,0.0
2021,Agri03_No-till,DED,0.0
2021,Agri03_No-till,DEF,0.0
2021,Agri03_No-till,DEG,0.0
2021,Agri04_toGrassland,DE1,12515.362365339839
2021,Agri04_toGrassland,DE2,27288.354074720446
2021,Agri04_toGrassland,DE3,25.482445096631064
2021,Agri04_toGrassland,DE4,10791.026010730327
2021,Agri04_toGrassland,DE5,81.9285824937366
2021,Agri04_toGrassland,DE6,134.57107970013377
2021,Agri04_toGrassland,DE7,7037.915640417018
2021,Agri04_toGrassland,DE8,11905.139314673599
2021,Agri04_toGrassland,DE9,22532.92484518225
2021,Agri04_toGrassland,DEA,13076.921851417725
2021,Agri04_toGrassland,DEB,6506.7240262565065
2021,Agri04_toGrassland,DEC,691.8713075333843
2021,Agri04_toGrassland,DEE,9979.642254611697
2021,Agri04_toGrassland,DED,7426.26083909097
2021,Agri04_toGrassland,DEF,8604.982284684496
2021,Agri04_toGrassland,DEG,6879.315193424156
2021,Agri05_Agroforestry,DE1,86734.2226734532
2021,Agri05_Agroforestry,DE2,189114.31484106046
2021,Agri05_Agroforestry,DE3,176.5989671538551
2021,Agri05_Agroforestry,DE4,74784.19126574727
2021,Agri05_Agroforestry,DE5,567.7831540069177
2021,Agri05_Agroforestry,DE6,932.6072750752098
2021,Agri05_Agroforestry,DE7,48774.308285586194
2021,Agri05_Agroforestry,DE8,82505.24228823186
2021,Agri05_Agroforestry,DE9,156158.14100746214
2021,Agri05_Agroforestry,DEA,90625.95381859026
2021,Agri05_Agroforestry,DEB,45093.033193427276
2021,Agri05_Agroforestry,DEC,4794.820820782868
2021,Agri05_Agroforestry,DEE,69161.12280616254
2021,Agri05_Agroforestry,DED,51465.62619973901
2021,Agri05_Agroforestry,DEF,59634.425899475675
2021,Agri05_Agroforestry,DEG,47675.17219315596
2021,Agri06_Biochar,DE1,0.0
2021,Agri06_Biochar,DE2,0.0
2021,Agri06_Biochar,DE3,0.0
2021,Agri06_Biochar,DE4,0.0
2021,Agri06_Biochar,DE5,0.0
2021,Agri06_Biochar,DE6,0.0
2021,Agri06_Biochar,DE7,0.0
2021,Agri06_Biochar,DE8,0.0
2021,Agri06_Biochar,DE9,0.0
2021,Agri06_Biochar,DEA,0.0
2021,Agri06_Biochar,DEB,0.0
2021,Agri06_Biochar,DEC,0.0
2021,Agri06_Biochar,DEE,0.0
2021,Agri06_Biochar,DED,0.0
2021,Agri06_Biochar,DEF,0.0
2021,Agri06_Biochar,DEG,0.0
2022,Agri01_AGC,DE1,0.0
2022,Agri01_AGC,DE2,4840290.408926825
2022,Agri01_AGC,DE3,0.0
2022,Agri01_AGC,DE4,0.0
2022,Agri01_AGC,DE5,0.0
2022,Agri01_AGC,DE6,0.0
2022,Agri01_AGC,DE7,1239829.7507629888
2022,Agri01_AGC,DE8,0.0
2022,Agri01_AGC,DE9,4009341.006351861
2022,Agri01_AGC,DEA,0.0
2022,Agri01_AGC,DEB,0.0
2022,Agri01_AGC,DEC,0.0
2022,Agri01_AGC,DEE,209754.90607763204
2022,Agri01_AGC,DED,0.0
2022,Agri01_AGC,DEF,1502081.766494949
2022,Agri01_AGC,DEG,1200855.52675385
2022,Agri02_OFC,DE1,0.0
2022,Agri02_OFC,DE2,0.0
2022,Agri02_OFC,DE3,0.0
2022,Agri02_OFC,DE4,0.0
2022,Agri02_OFC,DE5,0.0
2022,Agri02_OFC,DE6,0.0
2022,Agri02_OFC,DE7,0.0
2022,Agri02_OFC,DE8,0.0
2022,Agri02_OFC,DE9,0.0
2022,Agri02_OFC,DEA,0.0
2022,Agri02_OFC,DEB,0.0
2022,Agri02_OFC,DEC,0.0
2022,Agri02_OFC,DEE,0.0
2022,Agri02_OFC,DED,0.0
2022,Agri02_OFC,DEF,0.0
2022,Agri02_OFC,DEG,0.0
2022,Agri03_No-till,DE1,0.0
2022,Agri03_No-till,DE2,0.0
2022,Agri03_No-till,DE3,0.0
2022,Agri03_No-till,DE4,0.0
2022,Agri03_No-till,DE5,0.0
2022,Agri03_No-till,DE6,0.0
2022,Agri03_No-till,DE7,0.0
2022,Agri03_No-till,DE8,0.0
2022,Agri03_No-till,DE9,0.0
2022,Agri03_No-till,DEA,0.0
2022,Agri03_No-till,DEB,0.0
2022,Agri03_No-till,DEC,0.0
2022,Agri03_No-till,DEE,0.0
2022,Agri03_No-till,DED,0.0
2022,Agri03_No-till,DEF,0.0
2022,Agri03_No-till,DEG,0.0
2022,Agri04_toGrassland,DE1,25078.934637891467
2022,Agri04_toGrassland,DE2,53674.801319710896
2022,Agri04_toGrassland,DE3,902.454470748465
2022,Agri04_toGrassland,DE4,21799.891534242408
2022,Agri04_toGrassland,DE5,551.3790048567943
2022,Agri04_toGrassland,DE6,297.17003209271115
2022,Agri04_toGrassland,DE7,13748.682397183862
2022,Agri04_toGrassland,DE8,23888.21150328672
2022,Agri04_toGrassland,DE9,44460.26245491735
2022,Agri04_toGrassland,DEA,26156.41403531291
2022,Agri04_toGrassland,DEB,13179.533690434015
2022,Agri04_toGrassland,DEC,1916.5999390040463
2022,Agri04_toGrassland,DEE,19915.752695661304
2022,Agri04_toGrassland,DED,14965.10197500508
2022,Agri04_toGrassland,DEF,16656.839480929506
2022,Agri04_toGrassland,DEG,13316.490616619962
2022,Agri05_Agroforestry,DE1,217844.1612760621
2022,Agri05_Agroforestry,DE2,429587.80633000674
2022,Agri05_Agroforestry,DE3,17403.068862772416
2022,Agri05_Agroforestry,DE4,195776.54681815108
2022,Agri05_Agroforestry,DE5,18881.520486814017
2022,Agri05_Agroforestry,DE6,3582.505689738084
2022,Agri05_Agroforestry,DE7,106532.75503254603
2022,Agri05_Agroforestry,DE8,208668.42667748814
2022,Agri05_Agroforestry,DE9,360998.1708045716
2022,Agri05_Agroforestry,DEA,225463.77256421247
2022,Agri05_Agroforestry,DEB,119614.27196997828
2022,Agri05_Agroforestry,DEC,35944.15087036967
2022,Agri05_Agroforestry,DEE,170011.62981649712
2022,Agri05_Agroforestry,DED,133048.13043329187
2022,Agri05_Agroforestry,DEF,123350.0869189513
2022,Agri05_Agroforestry,DEG,98615.82542057923
2022,Agri06_Biochar,DE1,0.0
2022,Agri06_Biochar,DE2,0.0
2022,Agri06_Biochar,DE3,0.0
2022,Agri06_Biochar,DE4,0.0
2022,Agri06_Biochar,DE5,0.0
2022,Agri06_Biochar,DE6,0.0
2022,Agri06_Biochar,DE7,0.0
2022,Agri06_Biochar,DE8,0.0
2022,Agri06_Biochar,DE9,0.0
2022,Agri06_Biochar,DEA,0.0
2022,Agri06_Biochar,DEB,0.0
2022,Agri06_Biochar,DEC,0.0
2022,Agri06_Biochar,DEE,0.0
2022,Agri06_Biochar,DED,0.0
2022,Agri06_Biochar,DEF,0.0
2022,Agri06_Biochar,DEG,0.0
2023,Agri01_AGC,DE1,1148779.9274113711
2023,Agri01_AGC,DE2,6999652.733398602
2023,Agri01_AGC,DE3,0.0
2023,Agri01_AGC,DE4,0.0
2023,Agri01_AGC,DE5,0.0
2023,Agri01_AGC,DE6,0.0
2023,Agri01_AGC,DE7,1780597.6068313012
2023,Agri01_AGC,DE8,972665.4715533941
2023,Agri01_AGC,DE9,5816172.7420337
2023,Agri01_AGC,DEA,1192006.860335721
2023,Agri01_AGC,DEB,0.0
2023,Agri01_AGC,DEC,0.0
2023,Agri01_AGC,DEE,1104142.3463724074
2023,Agri01_AGC,DED,0.0
2023,Agri01_AGC,DEF,2137095.4663938605
2023,Agri01_AGC,DEG,1708532.0755715033
2023,Agri02_OFC,DE1,0.0
2023,Agri02_OFC,DE2,0.0
2023,Agri02_OFC,DE3,0.0
2023,Agri02_OFC,DE4,0.0
2023,Agri02_OFC,DE5,0.0
2023,Agri02_OFC,DE6,0.0
2023,Agri02_OFC,DE7,0.0
2023,Agri02_OFC,DE8,0.0
2023,Agri02_OFC,DE9,0.0
2023,Agri02_OFC,DEA,0.0
2023,Agri02_OFC,DEB,0.0
2023,Agri02_OFC,DEC,0.0
2023,Agri02_OFC,DEE,0.0
2023,Agri02_OFC,DED,0.0
2023,Agri02_OFC,DEF,0.0
2023,Agri02_OFC,DEG,0.0
2023,Agri03_No-till,DE1,0.0
2023,Agri03_No-till,DE2,0.0
2023,Agri03_No-till,DE3,0.0
2023,Agri03_No-till,DE4,0.0
2023,Agri03_No-till,DE5,0.0
2023,Agri03_No-till,DE6,0.0
2023,Agri03_No-till,DE7,0.0
2023,Agri03_No-till,DE8,0.0
2023,Agri03_No-till,DE9,0.0
2023,Agri03_No-till,DEA,0.0
2023,Agri03_No-till,DEB,0.0
2023,Agri03_No-till,DEC,0.0
2023,Agri03_No-till,DEE,0.0
2023,Agri03_No-till,DED,0.0
2023,Agri03_No-till,DEF,0.0
2023,Agri03_No-till,DEG,0.0
2023,Agri04_toGrassland,DE1,37669.46882646551
2023,Agri04_toGrassland,DE2,79161.36579530548
2023,Agri04_toGrassland,DE3,2589.992644613487
2023,Agri04_toGrassland,DE4,32999.81225692772
2023,Agri04_toGrassland,DE5,1389.6201871016933
2023,Agri04_toGrassland,DE6,486.2475005315262
2023,Agri04_toGrassland,DE7,20137.361645965444
2023,Agri04_toGrassland,DE8,35927.46454651381
2023,Agri04_toGrassland,DE9,65777.0028738647
2023,Agri04_toGrassland,DEA,39218.57045389752
2023,Agri04_toGrassland,DEB,20000.610942213614
2023,Agri04_toGrassland,DEC,3647.5537096162807
2023,Agri04_toGrassland,DEE,29795.324397172553
2023,Agri04_toGrassland,DED,22599.883385488687
2023,Agri04_toGrassland,DEF,24169.112725761206
2023,Agri04_toGrassland,DEG,19322.34894482534
2023,Agri05_Agroforestry,DE1,398546.8010804562
2023,Agri05_Agroforestry,DE2,726108.8429365371
2023,Agri05_Agroforestry,DE3,18257.519886389975
2023,Agri05_Agroforestry,DE4,368645.72271465167
2023,Agri05_Agroforestry,DE5,57546.433575104005
2023,Agri05_Agroforestry,DE6,8188.455244204906
2023,Agri05_Agroforestry,DE7,173856.77012318047
2023,Agri05_Agroforestry,DE8,383665.13936036977
2023,Agri05_Agroforestry,DE9,619315.3852460006
2023,Agri05_Agroforestry,DEA,409647.11294419534
2023,Agri05_Agroforestry,DEB,227212.41086842166
2023,Agri05_Agroforestry,DEC,97256.89848503805
2023,Agri05_Agroforestry,DEE,306167.188645222
2023,Agri05_Agroforestry,DED,248400.71487540356
2023,Agri05_Agroforestry,DEF,190841.06305281425
2023,Agri05_Agroforestry,DEG,152577.78861950175
2023,Agri06_Biochar,DE1,0.0
2023,Agri06_Biochar,DE2,0.0
2023,Agri06_Biochar,DE3,0.0
2023,Agri06_Biochar,DE4,0.0
2023,Agri06_Biochar,DE5,0.0
2023,Agri06_Biochar,DE6,0.0
2023,Agri06_Biochar,DE7,0.0
2023,Agri06_Biochar,DE8,0.0
2023,Agri06_Biochar,DE9,0.0
2023,Agri06_Biochar,DEA,0.0
2023,Agri06_Biochar,DEB,0.0
2023,Agri06_Biochar,DEC,0.0
2023,Agri06_Biochar,DEE,0.0
2023,Agri06_Biochar,DED,0.0
2023,Agri06_Biochar,DEF,0.0
2023,Agri06_Biochar,DEG,0.0
2024,Agri01_AGC,DE1,2250931.878695236
2024,Agri01_AGC,DE2,8985694.43947143
2024,Agri01_AGC,DE3,0.0
2024,Agri01_AGC,DE4,1030730.1081721599
2024,Agri01_AGC,DE5,0.0
2024,Agri01_AGC,DE6,0.0
2024,Agri01_AGC,DE7,2269937.6942057596
2024,Agri01_AGC,DE8,2033522.369687162
2024,Agri01_AGC,DE9,7489788.637359656
2024,Agri01_AGC,DEA,2331892.2197814095
2024,Agri01_AGC,DEB,500053.49552408507
2024,Agri01_AGC,DEC,0.0
2024,Agri01_AGC,DEE,1955516.2809905172
2024,Agri01_AGC,DED,699946.7223111516
2024,Agri01_AGC,DEF,2698334.4642001707
2024,Agri01_AGC,DEG,2157233.180820056
2024,Agri02_OFC,DE1,0.0
2024,Agri02_OFC,DE2,0.0
2024,Agri02_OFC,DE3,0.0
2024,Agri02_OFC,DE4,0.0
2024,Agri02_OFC,DE5,0.0
2024,Agri02_OFC,DE6,0.0
2024,Agri02_OFC,DE7,0.0
2024,Agri02_OFC,DE8,0.0
2024,Agri02_OFC,DE9,0.0
2024,Agri02_OFC,DEA,0.0
2024,Agri02_OFC,DEB,0.0
2024,Agri02_OFC,DEC,0.0
2024,Agri02_OFC,DEE,0.0
2024,Agri02_OFC,DED,0.0
2024,Agri02_OFC,DEF,0.0
2024,Agri02_OFC,DEG,0.0
2024,Agri03_No-till,DE1,0.0
2024,Agri03_No-till,DE2,0.0
2024,Agri03_No-till,DE3,0.0
2024,Agri03_No-till,DE4,0.0
2024,Agri03_No-till,DE5,0.0
2024,Agri03_No-till,DE6,0.0
2024,Agri03_No-till,DE7,0.0
2024,Agri03_No-till,DE8,0.0
2024,Agri03_No-till,DE9,0.0
2024,Agri03_No-till,DEA,0.0
2024,Agri03_No-till,DEB,0.0
2024,Agri03_No-till,DEC,0.0
2024,Agri03_No-till,DEE,0.0
2024,Agri03_No-till,DED,0.0
2024,Agri03_No-till,DEF,0.0
2024,Agri03_No-till,DEG,0.0
2024,Agri04_toGrassland,DE1,50265.7169398726
2024,Agri04_toGrassland,DE2,103750.07156183835
2024,Agri04_toGrassland,DE3,5047.173534349681
2024,Agri04_toGrassland,DE4,44364.00386517774
2024,Agri04_toGrassland,DE5,2577.9210492409543
2024,Agri04_toGrassland,DE6,700.2541283703727
2024,Agri04_toGrassland,DE7,26209.014762426672
2024,Agri04_toGrassland,DE8,48001.146425029365
2024,Agri04_toGrassland,DE9,86478.13614668362
2024,Agri04_toGrassland,DEA,52243.48500938351
2024,Agri04_toGrassland,DEB,26952.137731276398
2024,Agri04_toGrassland,DEC,5858.100434574383
2024,Agri04_toGrassland,DEE,39605.35043316918
2024,Agri04_toGrassland,DED,30313.965048288163
2024,Agri04_toGrassland,DEF,31155.34315620578
2024,Agri04_toGrassland,DEG,24907.7128532782
2024,Agri05_Agroforestry,DE1,634059.127359265
2024,Agri05_Agroforestry,DE2,1083365.7931303491
2024,Agri05_Agroforestry,DE3,19111.97091000753
2024,Agri05_Agroforestry,DE4,599060.3750126892
2024,Agri05_Agroforestry,DE5,119167.74399555956
2024,Agri05_Agroforestry,DE6,14989.215938691952
2024,Agri05_Agroforestry,DE7,251327.78343979036
2024,Agri05_Agroforestry,DE8,612670.9665294774
2024,Agri05_Agroforestry,DE9,935905.0801864212
2024,Agri05_Agroforestry,DEA,648309.6316658676
2024,Agri05_Agroforestry,DEB,371536.144427526
2024,Agri05_Agroforestry,DEC,192541.97200106565
2024,Agri05_Agroforestry,DEE,481243.46690655535
2024,Agri05_Agroforestry,DED,401176.5817008191
2024,Agri05_Agroforestry,DEF,261801.43429545182
2024,Agri05_Agroforestry,DEG,209316.89072715538
2024,Agri06_Biochar,DE1,0.0
2024,Agri06_Biochar,DE2,0.0
2024,Agri06_Biochar,DE3,0.0
2024,Agri06_Biochar,DE4,0.0
2024,Agri06_Biochar,DE5,0.0
2024,Agri06_Biochar,DE6,0.0
2024,Agri06_Biochar,DE7,0.0
2024,Agri06_Biochar,DE8,0.0
2024,Agri06_Biochar,DE9,0.0
2024,Agri06_Biochar,DEA,0.0
2024,Agri06_Biochar,DEB,0.0
2024,Agri06_Biochar,DEC,0.0
2024,Agri06_Biochar,DEE,0.0
2024,Agri06_Biochar,DED,0.0
2024,Agri06_Biochar,DEF,0.0
2024,Agri06_Biochar,DEG,0.0
2025,Agri01_AGC,DE1,3302246.523453257
2025,Agri01_AGC,DE2,10798816.503341904
2025,Agri01_AGC,DE3,0.0
2025,Agri01_AGC,DE4,2028492.8362694627
2025,Agri01_AGC,DE5,0.0
2025,Agri01_AGC,DE6,0.0
2025,Agri01_AGC,DE7,2708852.696022563
2025,Agri01_AGC,DE8,3047997.7507361607
2025,Agri01_AGC,DE9,9029196.195809858
2025,Agri01_AGC,DEA,3415712.583548089
2025,Agri01_AGC,DEB,1117480.5870293963
2025,Agri01_AGC,DEC,0.0
2025,Agri01_AGC,DEE,2761299.974634358
2025,Agri01_AGC,DED,1374904.3187077919
2025,Agri01_AGC,DEF,3188481.325018709
2025,Agri01_AGC,DEG,2549102.867102317
2025,Agri02_OFC,DE1,0.0
2025,Agri02_OFC,DE2,0.0
2025,Agri02_OFC,DE3,0.0
2025,Agri02_OFC,DE4,0.0
2025,Agri02_OFC,DE5,0.0
2025,Agri02_OFC,DE6,0.0
2025,Agri02_OFC,DE7,0.0
2025,Agri02_OFC,DE8,0.0
2025,Agri02_OFC,DE9,0.0
2025,Agri02_OFC,DEA,0.0
2025,Agri02_OFC,DEB,0.0
2025,Agri02_OFC,DEC,0.0
2025,Agri02_OFC,DEE,0.0
2025,Agri02_OFC,DED,0.0
2025,Agri02_OFC,DEF,0.0
2025,Agri02_OFC,DEG,0.0
2025,Agri03_No-till,DE1,0.0
2025,Agri03_No-till,DE2,0.0
2025,Agri03_No-till,DE3,0.0
2025,Agri03_No-till,DE4,0.0
2025,Agri03_No-till,DE5,0.0
2025,Agri03_No-till,DE6,0.0
2025,Agri03_No-till,DE7,0.0
2025,Agri03_No-till,DE8,0.0
2025,Agri03_No-till,DE9,0.0
2025,Agri03_No-till,DEA,0.0
2025,Agri03_No-till,DEB,0.0
2025,Agri03_No-till,DEC,0.0
2025,Agri03_No-till,DEE,0.0
2025,Agri03_No-till,DED,0.0
2025,Agri03_No-till,DEF,0.0
2025,Agri03_No-till,DEG,0.0
2025,Agri04_toGrassland,DE1,62846.43098692336
2025,Agri04_toGrassland,DE2,127442.94267964367
2025,Agri04_toGrassland,DE3,8233.073707615036
2025,Agri04_toGrassland,DE4,55865.68204538396
2025,Agri04_toGrassland,DE5,4097.550511287098
2025,Agri04_toGrassland,DE6,937.6405589630446
2025,Agri04_toGrassland,DE7,31968.703122232462
2025,Agri04_toGrassland,DE8,60087.50511950785
2025,Agri04_toGrassland,DE9,106558.65231803352
2025,Agri04_toGrassland,DEA,65211.25160398285
2025,Agri04_toGrassland,DEB,34016.296007303456
2025,Agri04_toGrassland,DEC,8521.60792908265
2025,Agri04_toGrassland,DEE,49332.823877674935
2025,Agri04_toGrassland,DED,38090.706941149874
2025,Agri04_toGrassland,DEF,37629.07190928941
2025,Agri04_toGrassland,DEG,30083.405017216475
2025,Agri05_Agroforestry,DE1,929598.1253851178
2025,Agri05_Agroforestry,DE2,1506047.0253811418
2025,Agri05_Agroforestry,DE3,19966.42193362509
2025,Agri05_Agroforestry,DE4,892689.1597697039
2025,Agri05_Agroforestry,DE5,163913.24745725648
2025,Agri05_Agroforestry,DE6,24223.54777341551
2025,Agri05_Agroforestry,DE7,339527.22486467677
2025,Agri05_Agroforestry,DE8,900861.4943774123
2025,Agri05_Agroforestry,DE9,1315562.5514805056
2025,Agri05_Agroforestry,DEA,946584.9854365578
2025,Agri05_Agroforestry,DEB,556234.16718606
2025,Agri05_Agroforestry,DEC,325608.27975473023
2025,Agri05_Agroforestry,DEE,698856.1322147155
2025,Agri05_Agroforestry,DED,595028.9330842835
2025,Agri05_Agroforestry,DEF,335925.28064125136
2025,Agri05_Agroforestry,DEG,268588.960680772
2025,Agri06_Biochar,DE1,0.0
2025,Agri06_Biochar,DE2,0.0
2025,Agri06_Biochar,DE3,0.0
2025,Agri06_Biochar,DE4,0.0
2025,Agri06_Biochar,DE5,0.0
2025,Agri06_Biochar,DE6,0.0
2025,Agri06_Biochar,DE7,0.0
2025,Agri06_Biochar,DE8,0.0
2025,Agri06_Biochar,DE9,0.0
2025,Agri06_Biochar,DEA,0.0
2025,Agri06_Biochar,DEB,0.0
2025,Agri06_Biochar,DEC,0.0
2025,Agri06_Biochar,DEE,0.0
2025,Agri06_Biochar,DED,0.0
2025,Agri06_Biochar,DEF,0.0
2025,Agri06_Biochar,DEG,0.0
2026,Agri01_AGC,DE1,4298514.531287098
2026,Agri01_AGC,DE2,12439419.901206639
2026,Agri01_AGC,DE3,0.0
2026,Agri01_AGC,DE4,2987982.081495362
2026,Agri01_AGC,DE5,0.0
2026,Agri01_AGC,DE6,0.0
2026,Agri01_AGC,DE7,3098345.2954179137
2026,Agri01_AGC,DE8,4011782.4338768423
2026,Agri01_AGC,DE9,10433402.920864442
2026,Agri01_AGC,DEA,4439524.456846786
2026,Agri01_AGC,DEB,1713640.3599371475
2026,Agri01_AGC,DEC,0.0
2026,Agri01_AGC,DEE,3518916.692006329
2026,Agri01_AGC,DED,2021576.3198495035
2026,Agri01_AGC,DEF,3610218.6139543075
2026,Agri01_AGC,DEG,2886285.1590210977
2026,Agri02_OFC,DE1,774140.9153488857
2026,Agri02_OFC,DE2,1419678.1910414472
2026,Agri02_OFC,DE3,228369.06249383013
2026,Agri02_OFC,DE4,714436.7807819099
2026,Agri02_OFC,DE5,108211.34598601182
2026,Agri02_OFC,DE6,15651.882022477657
2026,Agri02_OFC,DE7,340964.7893845032
2026,Agri02_OFC,DE8,744939.1439332013
2026,Agri02_OFC,DE9,1209342.8241744207
2026,Agri02_OFC,DEA,796142.6727345883
2026,Agri02_OFC,DEB,440040.20126241917
2026,Agri02_OFC,DEC,184027.96957227838
2026,Agri02_OFC,DEE,595457.1536384074
2026,Agri02_OFC,DED,481722.1383765939
2026,Agri02_OFC,DEF,376092.7880876433
2026,Agri02_OFC,DEG,300686.0962841715
2026,Agri03_No-till,DE1,0.0
2026,Agri03_No-till,DE2,0.0
2026,Agri03_No-till,DE3,0.0
2026,Agri03_No-till,DE4,0.0
2026,Agri03_No-till,DE5,0.0
2026,Agri03_No-till,DE6,0.0
2026,Agri03_No-till,DE7,0.0
2026,Agri03_No-till,DE8,0.0
2026,Agri03_No-till,DE9,0.0
2026,Agri03_No-till,DEA,0.0
2026,Agri03_No-till,DEB,0.0
2026,Agri03_No-till,DEC,0.0
2026,Agri03_No-till,DEE,0.0
2026,Agri03_No-till,DED,0.0
2026,Agri03_No-till,DEF,0.0
2026,Agri03_No-till,DEG,0.0
2026,Agri04_toGrassland,DE1,75390.36297642843
2026,Agri04_toGrassland,DE2,150242.00320905552
2026,Agri04_toGrassland,DE3,12106.769732067532
2026,Agri04_toGrassland,DE4,67478.06248393783
2026,Agri04_toGrassland,DE5,5929.777493252643
2026,Agri04_toGrassland,DE6,1196.8574356633355
2026,Agri04_toGrassland,DE7,37421.48810104772
2026,Agri04_toGrassland,DE8,72164.7886106237
2026,Agri04_toGrassland,DE9,126013.54143257375
2026,Agri04_toGrassland,DEA,78101.96413990745
2026,Agri04_toGrassland,DEB,41175.26771997587
2026,Agri04_toGrassland,DEC,11611.44400834537
2026,Agri04_toGrassland,DEE,58964.73780471355
2026,Agri04_toGrassland,DED,45913.469041820164
2026,Agri04_toGrassland,DEF,43603.84012203826
2026,Agri04_toGrassland,DEG,34860.24811187806
2026,Agri05_Agroforestry,DE1,1290380.780430644
2026,Agri05_Agroforestry,DE2,1998840.9081586122
2026,Agri05_Agroforestry,DE3,20820.872957242642
2026,Agri05_Agroforestry,DE4,1255200.7330431356
2026,Agri05_Agroforestry,DE5,170927.81634395642
2026,Agri05_Agroforestry,DE6,36130.210748591846
2026,Agri05_Agroforestry,DE7,439036.52428014047
2026,Agri05_Agroforestry,DE8,1253412.3090967743
2026,Agri05_Agroforestry,DE9,1763083.0949829258
2026,Agri05_Agroforestry,DEA,1309606.8309635946
2026,Agri05_Agroforestry,DEB,784955.1736827921
2026,Agri05_Agroforestry,DEC,500264.73008230916
2026,Agri05_Agroforestry,DEE,962620.8521839206
2026,Agri05_Agroforestry,DED,833610.9712005416
2026,Agri05_Agroforestry,DEF,412906.6820846001
2026,Agri05_Agroforestry,DEG,330149.8274175835
2026,Agri06_Biochar,DE1,0.0
2026,Agri06_Biochar,DE2,0.0
2026,Agri06_Biochar,DE3,0.0
2026,Agri06_Biochar,DE4,0.0
2026,Agri06_Biochar,DE5,0.0
2026,Agri06_Biochar,DE6,0.0
2026,Agri06_Biochar,DE7,0.0
2026,Agri06_Biochar,DE8,0.0
2026,Agri06_Biochar,DE9,0.0
2026,Agri06_Biochar,DEA,0.0
2026,Agri06_Biochar,DEB,0.0
2026,Agri06_Biochar,DEC,0.0
2026,Agri06_Biochar,DEE,0.0
2026,Agri06_Biochar,DED,0.0
2026,Agri06_Biochar,DEF,0.0
2026,Agri06_Biochar,DEG,0.0
2027,Agri01_AGC,DE1,5235526.571798418
2027,Agri01_AGC,DE2,13907905.609262224
2027,Agri01_AGC,DE3,0.0
2027,Agri01_AGC,DE4,3903891.741053307
2027,Agri01_AGC,DE5,0.0
2027,Agri01_AGC,DE6,0.0
2027,Agri01_AGC,DE7,3439418.175528009
2027,Agri01_AGC,DE8,4920567.238285654
2027,Agri01_AGC,DE9,11701416.316003535
2027,Agri01_AGC,DEA,5399384.3448885195
2027,Agri01_AGC,DEB,2285002.9718176206
2027,Agri01_AGC,DEC,0.0
2027,Agri01_AGC,DEE,4225789.697808825
2027,Agri01_AGC,DED,2636666.256395865
2027,Agri01_AGC,DEF,3966228.896111794
2027,Agri01_AGC,DEG,3170924.0811792063
2027,Agri02_OFC,DE1,1506896.2106476019
2027,Agri02_OFC,DE2,2719859.2239510664
2027,Agri02_OFC,DE3,481392.19075183553
2027,Agri02_OFC,DE4,1398311.7694625668
2027,Agri02_OFC,DE5,227402.57358196445
2027,Agri02_OFC,DE6,31658.09202803416
2027,Agri02_OFC,DE7,648363.2156119975
2027,Agri02_OFC,DE8,1451442.4859623064
2027,Agri02_OFC,DE9,2324055.902081879
2027,Agri02_OFC,DEA,1547653.7954022898
2027,Agri02_OFC,DEB,862661.6277122719
2027,Agri02_OFC,DEC,381173.5213263647
2027,Agri02_OFC,DEE,1155531.905007608
2027,Agri02_OFC,DED,941327.1999129097
2027,Agri02_OFC,DEF,706695.8182251506
2027,Agri02_OFC,DEG,565006.8227832429
2027,Agri03_No-till,DE1,0.0
2027,Agri03_No-till,DE2,0.0
2027,Agri03_No-till,DE3,0.0
2027,Agri03_No-till,DE4,0.0
2027,Agri03_No-till,DE5,0.0
2027,Agri03_No-till,DE6,0.0
2027,Agri03_No-till,DE7,0.0
2027,Agri03_No-till,DE8,0.0
2027,Agri03_No-till,DE9,0.0
2027,Agri03_No-till,DEA,0.0
2027,Agri03_No-till,DEB,0.0
2027,Agri03_No-till,DEC,0.0
2027,Agri03_No-till,DEE,0.0
2027,Agri03_No-till,DED,0.0
2027,Agri03_No-till,DEF,0.0
2027,Agri03_No-till,DEG,0.0
2027,Agri04_toGrassland,DE1,87876.26491719841
2027,Agri04_toGrassland,DE2,172149.27721040812
2027,Agri04_toGrassland,DE3,16627.338175365156
2027,Agri04_toGrassland,DE4,79174.36086723085
2027,Agri04_toGrassland,DE5,8055.870915150109
2027,Agri04_toGrassland,DE6,1476.3554018250397
2027,Agri04_toGrassland,DE7,42572.431074537344
2027,Agri04_toGrassland,DE8,84211.24487905142
2027,Agri04_toGrassland,DE9,144837.79353496365
2027,Agri04_toGrassland,DEA,90895.71651936929
2027,Agri04_toGrassland,DEB,48411.234818974735
2027,Agri04_toGrassland,DEC,15100.976487566848
2027,Agri04_toGrassland,DEE,68488.08528830876
2027,Agri04_toGrassland,DED,53765.6113280454
2027,Agri04_toGrassland,DEF,49093.188931478515
2027,Agri04_toGrassland,DEG,39249.064812500896
2027,Agri05_Agroforestry,DE1,1721624.0777684737
2027,Agri05_Agroforestry,DE2,2566435.8099324596
2027,Agri05_Agroforestry,DE3,21675.3239808602
2027,Agri05_Agroforestry,DE4,1692263.7508904254
2027,Agri05_Agroforestry,DE5,177942.38523065642
2027,Agri05_Agroforestry,DE6,50947.96486443726
2027,Agri05_Agroforestry,DE7,550437.1115684826
2027,Agri05_Agroforestry,DE8,1675498.9968801655
2027,Agri05_Agroforestry,DE9,2283262.0065483544
2027,Agri05_Agroforestry,DEA,1742508.824954307
2027,Agri05_Agroforestry,DEB,1061347.858456491
2027,Agri05_Agroforestry,DEC,720320.2313200805
2027,Agri05_Agroforestry,DEE,1276153.294428389
2027,Agri05_Agroforestry,DED,1120575.8982243384
2027,Agri05_Agroforestry,DEF,492439.71861988556
2027,Agri05_Agroforestry,DEG,393755.31987482193
2027,Agri06_Biochar,DE1,0.0
2027,Agri06_Biochar,DE2,0.0
2027,Agri06_Biochar,DE3,0.0
2027,Agri06_Biochar,DE4,0.0
2027,Agri06_Biochar,DE5,0.0
2027,Agri06_Biochar,DE6,0.0
2027,Agri06_Biochar,DE7,0.0
2027,Agri06_Biochar,DE8,0.0
2027,Agri06_Biochar,DE9,0.0
2027,Agri06_Biochar,DEA,0.0
2027,Agri06_Biochar,DEB,0.0
2027,Agri06_Biochar,DEC,0.0
2027,Agri06_Biochar,DEE,0.0
2027,Agri06_Biochar,DED,0.0
2027,Agri06_Biochar,DEF,0.0
2027,Agri06_Biochar,DEG,0.0
2028,Agri01_AGC,DE1,6109073.314588883
2028,Agri01_AGC,DE2,15204674.603705274
2028,Agri01_AGC,DE3,0.0
2028,Agri01_AGC,DE4,4770915.712146752
2028,Agri01_AGC,DE5,0.0
2028,Agri01_AGC,DE6,25496.18324506789
2028,Agri01_AGC,DE7,3733074.0194890513
2028,Agri01_AGC,DE8,5770042.983139049
2028,Agri01_AGC,DE9,12832243.884707274
2028,Agri01_AGC,DEA,6291348.752884318
2028,Agri01_AGC,DEB,2828038.5802411
2028,Agri01_AGC,DEC,0.0
2028,Agri01_AGC,DEE,4879342.256744246
2028,Agri01_AGC,DED,3216877.659006461
2028,Agri01_AGC,DEF,4259194.736595999
2028,Agri01_AGC,DEG,3405163.658179454
2028,Agri02_OFC,DE1,2195342.8953199736
2028,Agri02_OFC,DE2,3900821.539604966
2028,Agri02_OFC,DE3,753439.7322570164
2028,Agri02_OFC,DE4,2047940.3684925244
2028,Agri02_OFC,DE5,354996.9323648641
2028,Agri02_OFC,DE6,47805.491991731906
2028,Agri02_OFC,DE7,922891.549367046
2028,Agri02_OFC,DE8,2116517.6986275264
2028,Agri02_OFC,DE9,3343450.036700537
2028,Agri02_OFC,DEA,2251794.9756664224
2028,Agri02_OFC,DEB,1265413.1303113361
2028,Agri02_OFC,DEC,587772.9853893286
2028,Agri02_OFC,DEE,1678434.949805149
2028,Agri02_OFC,DED,1376526.0915929896
2028,Agri02_OFC,DEF,993671.8837262732
2028,Agri02_OFC,DEG,794451.0062501761
2028,Agri03_No-till,DE1,0.0
2028,Agri03_No-till,DE2,0.0
2028,Agri03_No-till,DE3,0.0
2028,Agri03_No-till,DE4,0.0
2028,Agri03_No-till,DE5,0.0
2028,Agri03_No-till,DE6,0.0
2028,Agri03_No-till,DE7,0.0
2028,Agri03_No-till,DE8,0.0
2028,Agri03_No-till,DE9,0.0
2028,Agri03_No-till,DEA,0.0
2028,Agri03_No-till,DEB,0.0
2028,Agri03_No-till,DEC,0.0
2028,Agri03_No-till,DEE,0.0
2028,Agri03_No-till,DED,0.0
2028,Agri03_No-till,DEF,0.0
2028,Agri03_No-till,DEG,0.0
2028,Agri04_toGrassland,DE1,100282.88881804395
2028,Agri04_toGrassland,DE2,193166.78874403556
2028,Agri04_toGrassland,DE3,21753.85560516589
2028,Agri04_toGrassland,DE4,90927.79288165449
2028,Agri04_toGrassland,DE5,10457.099696992018
2028,Agri04_toGrassland,DE6,1774.5851008019508
2028,Agri04_toGrassland,DE7,47426.59341836626
2028,Agri04_toGrassland,DE8,96205.12190546544
2028,Agri04_toGrassland,DE9,163026.39866986262
2028,Agri04_toGrassland,DEA,103572.60264458033
2028,Agri04_toGrassland,DEB,55706.37925398115
2028,Agri04_toGrassland,DEC,18963.57318195137
2028,Agri04_toGrassland,DEE,77889.85940248432
2028,Agri04_toGrassland,DED,61630.493777571945
2028,Agri04_toGrassland,DEF,54110.65947463635
2028,Agri04_toGrassland,DEG,43260.67779432288
2028,Agri05_Agroforestry,DE1,2228545.0026712357
2028,Agri05_Agroforestry,DE2,3213520.0991723803
2028,Agri05_Agroforestry,DE3,22529.775004477757
2028,Agri05_Agroforestry,DE4,2209546.869369013
2028,Agri05_Agroforestry,DE5,184956.95411735642
2028,Agri05_Agroforestry,DE6,68915.57012116801
2028,Agri05_Agroforestry,DE7,674310.4166120039
2028,Agri05_Agroforestry,DE8,2172297.1439201864
2028,Agri05_Agroforestry,DE9,2880894.5820314633
2028,Agri05_Agroforestry,DEA,2250424.624116023
2028,Agri05_Agroforestry,DEB,1389060.9160459256
2028,Agri05_Agroforestry,DEC,824114.1246656158
2028,Agri05_Agroforestry,DEE,1643069.126562339
2028,Agri05_Agroforestry,DED,1459576.9163304192
2028,Agri05_Agroforestry,DEF,574218.4702414948
2028,Agri05_Agroforestry,DEG,459161.266989719
2028,Agri06_Biochar,DE1,0.0
2028,Agri06_Biochar,DE2,0.0
2028,Agri06_Biochar,DE3,0.0
2028,Agri06_Biochar,DE4,0.0
2028,Agri06_Biochar,DE5,0.0
2028,Agri06_Biochar,DE6,0.0
2028,Agri06_Biochar,DE7,0.0
2028,Agri06_Biochar,DE8,0.0
2028,Agri06_Biochar,DE9,0.0
2028,Agri06_Biochar,DEA,0.0
2028,Agri06_Biochar,DEB,0.0
2028,Agri06_Biochar,DEC,0.0
2028,Agri06_Biochar,DEE,0.0
2028,Agri06_Biochar,DED,0.0
2028,Agri06_Biochar,DEF,0.0
2028,Agri06_Biochar,DEG,0.0
2029,Agri01_AGC,DE1,6914945.429260154
2029,Agri01_AGC,DE2,16330127.860732388
2029,Agri01_AGC,DE3,0.0
2029,Agri01_AGC,DE4,5583747.891979147
2029,Agri01_AGC,DE5,0.0
2029,Agri01_AGC,DE6,50913.72986088963
2029,Agri01_AGC,DE7,3980315.5104372404
2029,Agri01_AGC,DE8,6555900.487613477
2029,Agri01_AGC,DE9,13824893.130455788
2029,Agri01_AGC,DEA,7111474.186045202
2029,Agri01_AGC,DEB,3339217.3427778683
2029,Agri01_AGC,DEC,0.0
2029,Agri01_AGC,DEE,5476997.633514988
2029,Agri01_AGC,DED,3758914.058340871
2029,Agri01_AGC,DEF,4491798.7005117545
2029,Agri01_AGC,DEG,3591147.914624651
2029,Agri02_OFC,DE1,2836557.9787898255
2029,Agri02_OFC,DE2,4962843.578879254
2029,Agri02_OFC,DE3,1038882.0344923721
2029,Agri02_OFC,DE4,2659637.9803223354
2029,Agri02_OFC,DE5,488417.6719117169
2029,Agri02_OFC,DE6,63880.94388863327
2029,Agri02_OFC,DE7,1165246.0613342118
2029,Agri02_OFC,DE8,2737172.454469072
2029,Agri02_OFC,DE9,4266836.031008558
2029,Agri02_OFC,DEA,2905827.821190303
2029,Agri02_OFC,DEB,1645843.5600213893
2029,Agri02_OFC,DEC,800162.6918882392
2029,Agri02_OFC,DEE,2162376.983728578
2029,Agri02_OFC,DED,1785029.7204008757
2029,Agri02_OFC,DEF,1238883.777904763
2029,Agri02_OFC,DEG,990507.4734379329
2029,Agri03_No-till,DE1,0.0
2029,Agri03_No-till,DE2,0.0
2029,Agri03_No-till,DE3,0.0
2029,Agri03_No-till,DE4,0.0
2029,Agri03_No-till,DE5,0.0
2029,Agri03_No-till,DE6,0.0
2029,Agri03_No-till,DE7,0.0
2029,Agri03_No-till,DE8,0.0
2029,Agri03_No-till,DE9,0.0
2029,Agri03_No-till,DEA,0.0
2029,Agri03_No-till,DEB,0.0
2029,Agri03_No-till,DEC,0.0
2029,Agri03_No-till,DEE,0.0
2029,Agri03_No-till,DED,0.0
2029,Agri03_No-till,DEF,0.0
2029,Agri03_No-till,DEG,0.0
2029,Agri04_toGrassland,DE1,112588.98668777569
2029,Agri04_toGrassland,DE2,213296.56187027198
2029,Agri04_toGrassland,DE3,27445.39858912773
2029,Agri04_toGrassland,DE4,102711.57421360024
2029,Agri04_toGrassland,DE5,13114.732758790891
2029,Agri04_toGrassland,DE6,2089.997175947863
2029,Agri04_toGrassland,DE7,51989.03650819939
2029,Agri04_toGrassland,DE8,108124.66767054026
2029,Agri04_toGrassland,DE9,180574.34688193008
2029,Agri04_toGrassland,DEA,116112.71641775253
2029,Agri04_toGrassland,DEB,63042.8829746762
2029,Agri04_toGrassland,DEC,23172.60190670324
2029,Agri04_toGrassland,DEE,87157.05322126397
2029,Agri04_toGrassland,DED,69491.47636814618
2029,Agri04_toGrassland,DEF,58669.79288853796
2029,Agri04_toGrassland,DEG,46905.909732581946
2029,Agri05_Agroforestry,DE1,2816360.5404115594
2029,Agri05_Agroforestry,DE2,3944782.1443480747
2029,Agri05_Agroforestry,DE3,23384.226028095316
2029,Agri05_Agroforestry,DE4,2812718.7445363393
2029,Agri05_Agroforestry,DE5,191971.52300405642
2029,Agri05_Agroforestry,DE6,90271.78651900042
2029,Agri05_Agroforestry,DE7,811237.8692930056
2029,Agri05_Agroforestry,DE8,2748982.336409438
2029,Agri05_Agroforestry,DE9,3560776.117286925
2029,Agri05_Agroforestry,DEA,2838487.8851560727
2029,Agri05_Agroforestry,DEB,1771743.0409898644
2029,Agri05_Agroforestry,DEC,855368.9932676447
2029,Agri05_Agroforestry,DEE,2066984.0161999892
2029,Agri05_Agroforestry,DED,1854267.2276935289
2029,Agri05_Agroforestry,DEF,657937.0169438155
2029,Agri05_Agroforestry,DEG,526123.4976995068
2029,Agri06_Biochar,DE1,0.0
2029,Agri06_Biochar,DE2,0.0
2029,Agri06_Biochar,DE3,0.0
2029,Agri06_Biochar,DE4,0.0
2029,Agri06_Biochar,DE5,0.0
2029,Agri06_Biochar,DE6,0.0
2029,Agri06_Biochar,DE7,0.0
2029,Agri06_Biochar,DE8,0.0
2029,Agri06_Biochar,DE9,0.0
2029,Agri06_Biochar,DEA,0.0
2029,Agri06_Biochar,DEB,0.0
2029,Agri06_Biochar,DEC,0.0
2029,Agri06_Biochar,DEE,0.0
2029,Agri06_Biochar,DED,0.0
2029,Agri06_Biochar,DEF,0.0
2029,Agri06_Biochar,DEG,0.0
2030,Agri01_AGC,DE1,7648933.585413893
2030,Agri01_AGC,DE2,17284666.356540166
2030,Agri01_AGC,DE3,0.0
2030,Agri01_AGC,DE4,6337082.177753944
2030,Agri01_AGC,DE5,0.0
2030,Agri01_AGC,DE6,75945.7047602555
2030,Agri01_AGC,DE7,4182145.3315087757
2030,Agri01_AGC,DE8,7273830.570885387
2030,Agri01_AGC,DE9,14678371.556729209
2030,Agri01_AGC,DEA,7855817.149582196
2030,Agri01_AGC,DEB,3815009.416998208
2030,Agri01_AGC,DEC,367672.1985191172
2030,Agri01_AGC,DEE,6016179.092823448
2030,Agri01_AGC,DED,4259478.985058675
2030,Agri01_AGC,DEF,4666723.352963888
2030,Agri01_AGC,DEG,3731020.8751176056
2030,Agri02_OFC,DE1,3427618.470480983
2030,Agri02_OFC,DE2,5906203.782650039
2030,Agri02_OFC,DE3,1332089.4449409032
2030,Agri02_OFC,DE4,3229720.0074025537
2030,Agri02_OFC,DE5,625088.0417995293
2030,Agri02_OFC,DE6,79671.30969380066
2030,Agri02_OFC,DE7,1376123.022198058
2030,Agri02_OFC,DE8,3310414.426027156
2030,Agri02_OFC,DE9,5093524.687984109
2030,Agri02_OFC,DEA,3507013.93963725
2030,Agri02_OFC,DEB,2001501.7678042091
2030,Agri02_OFC,DEC,1014678.9709501663
2030,Agri02_OFC,DEE,2605568.7024754426
2030,Agri02_OFC,DED,2164548.99332061
2030,Agri02_OFC,DEF,1444194.2940743708
2030,Agri02_OFC,DEG,1154665.0510994752
2030,Agri03_No-till,DE1,0.0
2030,Agri03_No-till,DE2,0.0
2030,Agri03_No-till,DE3,0.0
2030,Agri03_No-till,DE4,0.0
2030,Agri03_No-till,DE5,0.0
2030,Agri03_No-till,DE6,0.0
2030,Agri03_No-till,DE7,0.0
2030,Agri03_No-till,DE8,0.0
2030,Agri03_No-till,DE9,0.0
2030,Agri03_No-till,DEA,0.0
2030,Agri03_No-till,DEB,0.0
2030,Agri03_No-till,DEC,0.0
2030,Agri03_No-till,DEE,0.0
2030,Agri03_No-till,DED,0.0
2030,Agri03_No-till,DEF,0.0
2030,Agri03_No-till,DEG,0.0
2030,Agri04_toGrassland,DE1,124773.31053520423
2030,Agri04_toGrassland,DE2,232540.62064945156
2030,Agri04_toGrassland,DE3,33661.04369490864
2030,Agri04_toGrassland,DE4,114498.92054945958
2030,Agri04_toGrassland,DE5,16010.03902055925
2030,Agri04_toGrassland,DE6,2421.04227061657
2030,Agri04_toGrassland,DE7,56264.82171970162
2030,Agri04_toGrassland,DE8,119948.13015495036
2030,Agri04_toGrassland,DE9,197476.6282158253
2030,Agri04_toGrassland,DEA,128496.15174109786
2030,Agri04_toGrassland,DEB,70402.92793074097
2030,Agri04_toGrassland,DEC,27701.430477026744
2030,Agri04_toGrassland,DEE,96276.65981867141
2030,Agri04_toGrassland,DED,77331.91907751444
2030,Agri04_toGrassland,DEF,62784.130310209504
2030,Agri04_toGrassland,DEG,50195.58330251601
2030,Agri05_Agroforestry,DE1,3490287.6762620746
2030,Agri05_Agroforestry,DE2,4764910.313929239
2030,Agri05_Agroforestry,DE3,24238.67705171287
2030,Agri05_Agroforestry,DE4,3507448.0324498434
2030,Agri05_Agroforestry,DE5,198986.09189075642
2030,Agri05_Agroforestry,DE6,115255.37405815072
2030,Agri05_Agroforestry,DE7,961800.8994937881
2030,Agri05_Agroforestry,DE8,3410730.16054052
2030,Agri05_Agroforestry,DE9,4327701.908169411
2030,Agri05_Agroforestry,DEA,3511832.264781783
2030,Agri05_Agroforestry,DEB,2213042.927827076
2030,Agri05_Agroforestry,DEC,886623.8618696734
2030,Agri05_Agroforestry,DEE,2551513.630955557
2030,Agri05_Agroforestry,DED,2308300.034488412
2030,Agri05_Agroforestry,DEF,743289.4387212347
2030,Agri05_Agroforestry,DEG,594397.840941417
2030,Agri06_Biochar,DE1,0.0
2030,Agri06_Biochar,DE2,0.0
2030,Agri06_Biochar,DE3,0.0
2030,Agri06_Biochar,DE4,0.0
2030,Agri06_Biochar,DE5,0.0
2030,Agri06_Biochar,DE6,0.0
2030,Agri06_Biochar,DE7,0.0
2030,Agri06_Biochar,DE8,0.0
2030,Agri06_Biochar,DE9,0.0
2030,Agri06_Biochar,DEA,0.0
2030,Agri06_Biochar,DEB,0.0
2030,Agri06_Biochar,DEC,0.0
2030,Agri06_Biochar,DEE,0.0
2030,Agri06_Biochar,DED,0.0
2030,Agri06_Biochar,DEF,0.0
2030,Agri06_Biochar,DEG,0.0
2031,Agri01_AGC,DE1,8306828.4526517615
2031,Agri01_AGC,DE2,18068691.067325216
2031,Agri01_AGC,DE3,36253.22303731748
2031,Agri01_AGC,DE4,7025612.466674595
2031,Agri01_AGC,DE5,116557.69935002718
2031,Agri01_AGC,DE6,100285.17285595571
2031,Agri01_AGC,DE7,4339566.165839857
2031,Agri01_AGC,DE8,7919524.052131231
2031,Agri01_AGC,DE9,15391686.667007668
2031,Agri01_AGC,DEA,8520434.148706324
2031,Agri01_AGC,DEB,4251884.960472403
2031,Agri01_AGC,DEC,733560.1436660605
2031,Agri01_AGC,DEE,6494309.8993720235
2031,Agri01_AGC,DED,4715275.969819455
2031,Agri01_AGC,DEF,4786651.25905723
2031,Agri01_AGC,DEG,3826926.564261129
2031,Agri02_OFC,DE1,3965601.379817271
2031,Agri02_OFC,DE2,6731180.591793426
2031,Agri02_OFC,DE3,1627432.3110856095
2031,Agri02_OFC,DE4,3754501.852183732
2031,Agri02_OFC,DE5,762431.2916053074
2031,Agri02_OFC,DE6,94963.45138229645
2031,Agri02_OFC,DE7,1556218.7026431472
2031,Agri02_OFC,DE8,3833251.2858419875
2031,Agri02_OFC,DE9,5822826.810605348
2031,Agri02_OFC,DEA,4052614.9386705793
2031,Agri02_OFC,DEB,2329936.604621574
2031,Agri02_OFC,DEC,1227658.1527021793
2031,Agri02_OFC,DEE,3006220.80174329
2031,Agri02_OFC,DED,2512794.8173362347
2031,Agri02_OFC,DEF,1611466.2255488485
2031,Agri02_OFC,DEG,1288412.565987765
2031,Agri03_No-till,DE1,0.0
2031,Agri03_No-till,DE2,0.0
2031,Agri03_No-till,DE3,0.0
2031,Agri03_No-till,DE4,0.0
2031,Agri03_No-till,DE5,0.0
2031,Agri03_No-till,DE6,0.0
2031,Agri03_No-till,DE7,0.0
2031,Agri03_No-till,DE8,0.0
2031,Agri03_No-till,DE9,0.0
2031,Agri03_No-till,DEA,0.0
2031,Agri03_No-till,DEB,0.0
2031,Agri03_No-till,DEC,0.0
2031,Agri03_No-till,DEE,0.0
2031,Agri03_No-till,DED,0.0
2031,Agri03_No-till,DEF,0.0
2031,Agri03_No-till,DEG,0.0
2031,Agri04_toGrassland,DE1,136814.6123691402
2031,Agri04_toGrassland,DE2,250900.9891419084
2031,Agri04_toGrassland,DE3,40359.86749016663
2031,Agri04_toGrassland,DE4,126263.04757562395
2031,Agri04_toGrassland,DE5,19124.287402309612
2031,Agri04_toGrassland,DE6,2766.1710281618657
2031,Agri04_toGrassland,DE7,60259.01042853787
2031,Agri04_toGrassland,DE8,131653.75733937018
2031,Agri04_toGrassland,DE9,213728.23271620768
2031,Agri04_toGrassland,DEA,140703.0025168282
2031,Agri04_toGrassland,DEB,77768.69607185654
2031,Agri04_toGrassland,DEC,32523.42670812618
2031,Agri04_toGrassland,DEE,105235.6722687304
2031,Agri04_toGrassland,DED,85135.1818834231
2031,Agri04_toGrassland,DEF,66467.21287667716
2031,Agri04_toGrassland,DEG,53140.52117936298
2031,Agri05_Agroforestry,DE1,4255543.395495411
2031,Agri05_Agroforestry,DE2,5678592.976385572
2031,Agri05_Agroforestry,DE3,25093.128075330427
2031,Agri05_Agroforestry,DE4,4299403.389166965
2031,Agri05_Agroforestry,DE5,206000.6607774564
2031,Agri05_Agroforestry,DE6,144105.0927388352
2031,Agri05_Agroforestry,DE7,1126580.9370966528
2031,Agri05_Agroforestry,DE8,4162716.2025060346
2031,Agri05_Agroforestry,DE9,5186467.250533594
2031,Agri05_Agroforestry,DEA,4275591.419700483
2031,Agri05_Agroforestry,DEB,2716609.2710963287
2031,Agri05_Agroforestry,DEC,917878.730471702
2031,Agri05_Agroforestry,DEE,3100273.638443261
2031,Agri05_Agroforestry,DED,2825328.5388898137
2031,Agri05_Agroforestry,DEF,829969.8155681397
2031,Agri05_Agroforestry,DEG,663740.1256526817
2031,Agri06_Biochar,DE1,0.0
2031,Agri06_Biochar,DE2,0.0
2031,Agri06_Biochar,DE3,0.0
2031,Agri06_Biochar,DE4,0.0
2031,Agri06_Biochar,DE5,0.0
2031,Agri06_Biochar,DE6,0.0
2031,Agri06_Biochar,DE7,0.0
2031,Agri06_Biochar,DE8,0.0
2031,Agri06_Biochar,DE9,0.0
2031,Agri06_Biochar,DEA,0.0
2031,Agri06_Biochar,DEB,0.0
2031,Agri06_Biochar,DEC,0.0
2031,Agri06_Biochar,DEE,0.0
2031,Agri06_Biochar,DED,0.0
2031,Agri06_Biochar,DEF,0.0
2031,Agri06_Biochar,DEG,0.0
2032,Agri01_AGC,DE1,8884420.700575422
2032,Agri01_AGC,DE2,18682602.96928414
2032,Agri01_AGC,DE3,34388.433761092994
2032,Agri01_AGC,DE4,7644032.655944554
2032,Agri01_AGC,DE5,110562.21730459381
2032,Agri01_AGC,DE6,123625.19906078055
2032,Agri01_AGC,DE7,4453580.696566687
2032,Agri01_AGC,DE8,8488671.75052746
2032,Agri01_AGC,DE9,15963845.964771299
2032,Agri01_AGC,DEA,9101381.688628612
2032,Agri01_AGC,DEB,4646314.130770736
2032,Agri01_AGC,DEC,933676.9113046412
2032,Agri01_AGC,DEE,6908813.317863114
2032,Agri01_AGC,DED,5123008.543282795
2032,Agri01_AGC,DEF,4854264.983896613
2032,Agri01_AGC,DEG,3881009.0066580316
2032,Agri02_OFC,DE1,4447583.716222515
2032,Agri02_OFC,DE2,7438052.4471855275
2032,Agri02_OFC,DE3,1919280.980409491
2032,Agri02_OFC,DE4,4230298.917116426
2032,Agri02_OFC,DE5,897870.6709060573
2032,Agri02_OFC,DE6,109544.23092918306
2032,Agri02_OFC,DE7,1706229.3733540429
2032,Agri02_OFC,DE8,4302690.70645378
2032,Agri02_OFC,DE9,6454053.201850442
2032,Agri02_OFC,DEA,4539892.42595361
2032,Agri02_OFC,DEB,2628696.9214352607
2032,Agri02_OFC,DEC,1435436.5672713479
2032,Agri02_OFC,DEE,3362543.977229668
2032,Agri02_OFC,DED,2827478.0994317923
2032,Agri02_OFC,DEF,1742562.3656419478
2032,Agri02_OFC,DEG,1393238.8448557642
2032,Agri03_No-till,DE1,0.0
2032,Agri03_No-till,DE2,0.0
2032,Agri03_No-till,DE3,0.0
2032,Agri03_No-till,DE4,0.0
2032,Agri03_No-till,DE5,0.0
2032,Agri03_No-till,DE6,0.0
2032,Agri03_No-till,DE7,0.0
2032,Agri03_No-till,DE8,0.0
2032,Agri03_No-till,DE9,0.0
2032,Agri03_No-till,DEA,0.0
2032,Agri03_No-till,DEB,0.0
2032,Agri03_No-till,DEC,0.0
2032,Agri03_No-till,DEE,0.0
2032,Agri03_No-till,DED,0.0
2032,Agri03_No-till,DEF,0.0
2032,Agri03_No-till,DEG,0.0
2032,Agri04_toGrassland,DE1,148691.64419839426
2032,Agri04_toGrassland,DE2,268379.6914079766
2032,Agri04_toGrassland,DE3,47500.94654255968
2032,Agri04_toGrassland,DE4,137977.1709784849
2032,Agri04_toGrassland,DE5,22438.7468240545
2032,Agri04_toGrassland,DE6,3123.834091937544
2032,Agri04_toGrassland,DE7,63976.66401037305
2032,Agri04_toGrassland,DE8,143219.79720447416
2032,Agri04_toGrassland,DE9,229324.15042773663
2032,Agri04_toGrassland,DEA,152713.36264715556
2032,Agri04_toGrassland,DEB,85122.36934770404
2032,Agri04_toGrassland,DEC,37611.95841520585
2032,Agri04_toGrassland,DEE,114021.08364546469
2032,Agri04_toGrassland,DED,92884.62476361851
2032,Agri04_toGrassland,DEF,69732.58172496714
2032,Agri04_toGrassland,DEG,55751.54603836078
2032,Agri05_Agroforestry,DE1,5117344.683384197
2032,Agri05_Agroforestry,DE2,6690518.500186771
2032,Agri05_Agroforestry,DE3,25947.579098947986
2032,Agri05_Agroforestry,DE4,5194253.470745146
2032,Agri05_Agroforestry,DE5,213015.22966415636
2032,Agri05_Agroforestry,DE6,172440.18141490183
2032,Agri05_Agroforestry,DE7,1306159.4119839005
2032,Agri05_Agroforestry,DE8,5010116.048498581
2032,Agri05_Agroforestry,DE9,6141867.440234146
2032,Agri05_Agroforestry,DEA,5134899.006619502
2032,Agri05_Agroforestry,DEB,3286090.7653363915
2032,Agri05_Agroforestry,DEC,949133.5990737306
2032,Agri05_Agroforestry,DEE,3716879.706277319
2032,Agri05_Agroforestry,DED,3409005.9430724797
2032,Agri05_Agroforestry,DEF,917672.2274789179
2032,Agri05_Agroforestry,DEG,733906.1807705327
2032,Agri06_Biochar,DE1,0.0
2032,Agri06_Biochar,DE2,0.0
2032,Agri06_Biochar,DE3,0.0
2032,Agri06_Biochar,DE4,0.0
2032,Agri06_Biochar,DE5,0.0
2032,Agri06_Biochar,DE6,0.0
2032,Agri06_Biochar,DE7,0.0
2032,Agri06_Biochar,DE8,0.0
2032,Agri06_Biochar,DE9,0.0
2032,Agri06_Biochar,DEA,0.0
2032,Agri06_Biochar,DEB,0.0
2032,Agri06_Biochar,DEC,0.0
2032,Agri06_Biochar,DEE,0.0
2032,Agri06_Biochar,DED,0.0
2032,Agri06_Biochar,DEF,0.0
2032,Agri06_Biochar,DEG,0.0
2033,Agri01_AGC,DE1,9377500.99878654
2033,Agri01_AGC,DE2,19126803.038613535
2033,Agri01_AGC,DE3,32523.64448486851
2033,Agri01_AGC,DE4,8187036.642767272
2033,Agri01_AGC,DE5,104566.73525916044
2033,Agri01_AGC,DE6,145658.84828752026
2033,Agri01_AGC,DE7,4525191.6068254635
2033,Agri01_AGC,DE8,8976964.485250525
2033,Agri01_AGC,DE9,16393856.953500235
2033,Agri01_AGC,DEA,9594716.27456008
2033,Agri01_AGC,DEB,4994767.085463491
2033,Agri01_AGC,DEC,883046.2049527519
2033,Agri01_AGC,DEE,7257112.612999114
2033,Agri01_AGC,DED,5479380.236108273
2033,Agri01_AGC,DEF,4872247.092586866
2033,Agri01_AGC,DEG,3895412.226911122
2033,Agri02_OFC,DE1,4870642.48912054
2033,Agri02_OFC,DE2,8027097.789702449
2033,Agri02_OFC,DE3,2202005.800395548
2033,Agri02_OFC,DE4,4653426.604651187
2033,Agri02_OFC,DE5,1028829.4292787854
2033,Agri02_OFC,DE6,123200.51030952284
2033,Agri02_OFC,DE7,1826851.3050153085
2033,Agri02_OFC,DE8,4715740.360402744
2033,Agri02_OFC,DE9,6986514.664697553
2033,Agri02_OFC,DEA,4966108.009149659
2033,Agri02_OFC,DEB,2895331.569207048
2033,Agri02_OFC,DEC,1634350.5447847412
2033,Agri02_OFC,DEE,3672748.924632123
2033,Agri02_OFC,DED,3106309.746591325
2033,Agri02_OFC,DEF,1839345.5076674202
2033,Agri02_OFC,DEG,1470632.7144564344
2033,Agri03_No-till,DE1,0.0
2033,Agri03_No-till,DE2,0.0
2033,Agri03_No-till,DE3,0.0
2033,Agri03_No-till,DE4,0.0
2033,Agri03_No-till,DE5,0.0
2033,Agri03_No-till,DE6,0.0
2033,Agri03_No-till,DE7,0.0
2033,Agri03_No-till,DE8,0.0
2033,Agri03_No-till,DE9,0.0
2033,Agri03_No-till,DEA,0.0
2033,Agri03_No-till,DEB,0.0
2033,Agri03_No-till,DEC,0.0
2033,Agri03_No-till,DEE,0.0
2033,Agri03_No-till,DED,0.0
2033,Agri03_No-till,DEF,0.0
2033,Agri03_No-till,DEG,0.0
2033,Agri04_toGrassland,DE1,160383.158031777
2033,Agri04_toGrassland,DE2,284978.7515079904
2033,Agri04_toGrassland,DE3,55043.35741974576
2033,Agri04_toGrassland,DE4,149614.50644443385
2033,Agri04_toGrassland,DE5,25934.686205806425
2033,Agri04_toGrassland,DE6,3492.482105297399
2033,Agri04_toGrassland,DE7,67422.84384087207
2033,Agri04_toGrassland,DE8,154624.49773093683
2033,Agri04_toGrassland,DE9,244259.37139507147
2033,Agri04_toGrassland,DEA,164507.3260342919
2033,Agri04_toGrassland,DEB,92446.12970796452
2033,Agri04_toGrassland,DEC,42940.39341347003
2033,Agri04_toGrassland,DEE,122619.88702289801
2033,Agri04_toGrassland,DED,100563.60769584705
2033,Agri04_toGrassland,DEF,72593.77799210556
2033,Agri04_toGrassland,DEG,58039.48055474732
2033,Agri05_Agroforestry,DE1,6080908.525201062
2033,Agri05_Agroforestry,DE2,7805375.253802535
2033,Agri05_Agroforestry,DE3,26802.030122565542
2033,Agri05_Agroforestry,DE4,6197666.9332418265
2033,Agri05_Agroforestry,DE5,220029.79855085633
2033,Agri05_Agroforestry,DE6,178118.6182725713
2033,Agri05_Agroforestry,DE7,1501117.7540378321
2033,Agri05_Agroforestry,DE8,5958105.284710762
2033,Agri05_Agroforestry,DE9,7198697.77312574
2033,Agri05_Agroforestry,DEA,6094888.682246168
2033,Agri05_Agroforestry,DEB,3925136.1050860323
2033,Agri05_Agroforestry,DEC,980388.4676757592
2033,Agri05_Agroforestry,DEE,4404947.502071951
2033,Agri05_Agroforestry,DED,4062985.449211154
2033,Agri05_Agroforestry,DEF,1006090.7544479567
2033,Agri05_Agroforestry,DEG,804651.8352322018
2033,Agri06_Biochar,DE1,0.0
2033,Agri06_Biochar,DE2,0.0
2033,Agri06_Biochar,DE3,0.0
2033,Agri06_Biochar,DE4,0.0
2033,Agri06_Biochar,DE5,0.0
2033,Agri06_Biochar,DE6,0.0
2033,Agri06_Biochar,DE7,0.0
2033,Agri06_Biochar,DE8,0.0
2033,Agri06_Biochar,DE9,0.0
2033,Agri06_Biochar,DEA,0.0
2033,Agri06_Biochar,DEB,0.0
2033,Agri06_Biochar,DEC,0.0
2033,Agri06_Biochar,DEE,0.0
2033,Agri06_Biochar,DED,0.0
2033,Agri06_Biochar,DEF,0.0
2033,Agri06_Biochar,DEG,0.0
2034,Agri01_AGC,DE1,9781860.016886774
2034,Agri01_AGC,DE2,19401692.251510013
2034,Agri01_AGC,DE3,30658.85520864402
2034,Agri01_AGC,DE4,8649318.324346198
2034,Agri01_AGC,DE5,98571.25321372705
2034,Agri01_AGC,DE6,161907.35355857792
2034,Agri01_AGC,DE7,4555401.5797523875
2034,Agri01_AGC,DE8,9380093.075476874
2034,Agri01_AGC,DE9,16680727.136674605
2034,Agri01_AGC,DEA,9996494.411711756
2034,Agri01_AGC,DEB,5293713.98212095
2034,Agri01_AGC,DEC,832415.4986008625
2034,Agri01_AGC,DEE,7536631.049482422
2034,Agri01_AGC,DED,5781094.578955471
2034,Agri01_AGC,DEF,4843280.150232817
2034,Agri01_AGC,DEG,3872280.2496232106
2034,Agri02_OFC,DE1,5231854.70793517
2034,Agri02_OFC,DE2,8498595.0602203
2034,Agri02_OFC,DE3,2469977.1185267796
2034,Agri02_OFC,DE4,5020200.317238568
2034,Agri02_OFC,DE5,1152730.816300498
2034,Agri02_OFC,DE6,135719.1514983782
2034,Agri02_OFC,DE7,1918780.7683115066
2034,Agri02_OFC,DE8,5069407.92022909
2034,Agri02_OFC,DE9,7419522.002124846
2034,Agri02_OFC,DEA,5328523.295922044
2034,Agri02_OFC,DEB,3127389.398898713
2034,Agri02_OFC,DEC,1820736.4153694294
2034,Agri02_OFC,DEE,3935046.339648205
2034,Agri02_OFC,DED,3347000.6657988746
2034,Agri02_OFC,DEF,1903678.4449390168
2034,Agri02_OFC,DEG,1522083.0015427375
2034,Agri03_No-till,DE1,0.0
2034,Agri03_No-till,DE2,0.0
2034,Agri03_No-till,DE3,0.0
2034,Agri03_No-till,DE4,0.0
2034,Agri03_No-till,DE5,0.0
2034,Agri03_No-till,DE6,0.0
2034,Agri03_No-till,DE7,0.0
2034,Agri03_No-till,DE8,0.0
2034,Agri03_No-till,DE9,0.0
2034,Agri03_No-till,DEA,0.0
2034,Agri03_No-till,DEB,0.0
2034,Agri03_No-till,DEC,0.0
2034,Agri03_No-till,DEE,0.0
2034,Agri03_No-till,DED,0.0
2034,Agri03_No-till,DEF,0.0
2034,Agri03_No-till,DEG,0.0
2034,Agri04_toGrassland,DE1,171867.9058780991
2034,Agri04_toGrassland,DE2,300700.19350228395
2034,Agri04_toGrassland,DE3,62946.17668938287
2034,Agri04_toGrassland,DE4,161148.2696598623
2034,Agri04_toGrassland,DE5,29593.37446757792
2034,Agri04_toGrassland,DE6,3870.565711595224
2034,Agri04_toGrassland,DE7,70602.61129569984
2034,Agri04_toGrassland,DE8,165846.1068994326
2034,Agri04_toGrassland,DE9,258528.8856628716
2034,Agri04_toGrassland,DEA,176064.9865804492
2034,Agri04_toGrassland,DEB,99722.15910231908
2034,Agri04_toGrassland,DEC,48482.099518123054
2034,Agri04_toGrassland,DEE,131019.07547505411
2034,Agri04_toGrassland,DED,108155.49065785507
2034,Agri04_toGrassland,DEF,75064.34281511867
2034,Agri04_toGrassland,DEG,60015.14740376053
2034,Agri05_Agroforestry,DE1,7151451.906218639
2034,Agri05_Agroforestry,DE2,9027851.605702564
2034,Agri05_Agroforestry,DE3,27656.4811461831
2034,Agri05_Agroforestry,DE4,7315312.432714446
2034,Agri05_Agroforestry,DE5,227044.36743755636
2034,Agri05_Agroforestry,DE6,183797.0551302408
2034,Agri05_Agroforestry,DE7,1712037.3931407488
2034,Agri05_Agroforestry,DE8,7011859.497335179
2034,Agri05_Agroforestry,DE9,8361753.545063048
2034,Agri05_Agroforestry,DEA,7160694.103287811
2034,Agri05_Agroforestry,DEB,4637393.984884022
2034,Agri05_Agroforestry,DEC,1011643.336277788
2034,Agri05_Agroforestry,DEE,5018790.874922164
2034,Agri05_Agroforestry,DED,4790920.259480583
2034,Agri05_Agroforestry,DEF,1094919.4764696436
2034,Agri05_Agroforestry,DEG,875732.9179749213
2034,Agri06_Biochar,DE1,0.0
2034,Agri06_Biochar,DE2,0.0
2034,Agri06_Biochar,DE3,0.0
2034,Agri06_Biochar,DE4,0.0
2034,Agri06_Biochar,DE5,0.0
2034,Agri06_Biochar,DE6,0.0
2034,Agri06_Biochar,DE7,0.0
2034,Agri06_Biochar,DE8,0.0
2034,Agri06_Biochar,DE9,0.0
2034,Agri06_Biochar,DEA,0.0
2034,Agri06_Biochar,DEB,0.0
2034,Agri06_Biochar,DEC,0.0
2034,Agri06_Biochar,DEE,0.0
2034,Agri06_Biochar,DED,0.0
2034,Agri06_Biochar,DEF,0.0
2034,Agri06_Biochar,DEG,0.0
2035,Agri01_AGC,DE1,10093288.424477786
2035,Agri01_AGC,DE2,19507671.58417017
2035,Agri01_AGC,DE3,28794.06593241953
2035,Agri01_AGC,DE4,9025571.597884785
2035,Agri01_AGC,DE5,92575.77116829366
2035,Agri01_AGC,DE6,152059.52673649887
2035,Agri01_AGC,DE7,4545213.298483659
2035,Agri01_AGC,DE8,9693748.340382958
2035,Agri01_AGC,DE9,16823464.01777454
2035,Agri01_AGC,DEA,10302772.605294658
2035,Agri01_AGC,DEB,5539624.978313395
2035,Agri01_AGC,DEC,781784.792248973
2035,Agri01_AGC,DEE,7744791.892015436
2035,Agri01_AGC,DED,6024855.102483969
2035,Agri01_AGC,DEF,4770046.721939299
2035,Agri01_AGC,DEG,3813757.0993971075
2035,Agri02_OFC,DE1,5528297.382090231
2035,Agri02_OFC,DE2,8852822.699615186
2035,Agri02_OFC,DE3,2717565.282286186
2035,Agri02_OFC,DE4,5326935.457329123
2035,Agri02_OFC,DE5,1266998.081548201
2035,Agri02_OFC,DE6,146887.0164708115
2035,Agri02_OFC,DE7,1982714.0339272
2035,Agri02_OFC,DE8,5360701.05847303
2035,Agri02_OFC,DE9,7752386.017110481
2035,Agri02_OFC,DEA,5624399.893934081
2035,Agri02_OFC,DEB,3322419.261472033
2035,Agri02_OFC,DEC,1990930.5091524809
2035,Agri02_OFC,DEE,4147646.9179754583
2035,Agri02_OFC,DED,3547261.7640384827
2035,Agri02_OFC,DEF,1937423.970770489
2035,Agri02_OFC,DEG,1549078.5328676354
2035,Agri03_No-till,DE1,0.0
2035,Agri03_No-till,DE2,0.0
2035,Agri03_No-till,DE3,0.0
2035,Agri03_No-till,DE4,0.0
2035,Agri03_No-till,DE5,0.0
2035,Agri03_No-till,DE6,0.0
2035,Agri03_No-till,DE7,0.0
2035,Agri03_No-till,DE8,0.0
2035,Agri03_No-till,DE9,0.0
2035,Agri03_No-till,DEA,0.0
2035,Agri03_No-till,DEB,0.0
2035,Agri03_No-till,DEC,0.0
2035,Agri03_No-till,DEE,0.0
2035,Agri03_No-till,DED,0.0
2035,Agri03_No-till,DEF,0.0
2035,Agri03_No-till,DEG,0.0
2035,Agri04_toGrassland,DE1,183124.6397461711
2035,Agri04_toGrassland,DE2,315546.04145119124
2035,Agri04_toGrassland,DE3,71168.48091912897
2035,Agri04_toGrassland,DE4,172551.6763111617
2035,Agri04_toGrassland,DE5,33396.0805293815
2035,Agri04_toGrassland,DE6,4256.535554184813
2035,Agri04_toGrassland,DE7,73521.02775052127
2035,Agri04_toGrassland,DE8,176862.87269063597
2035,Agri04_toGrassland,DE9,272127.6832757963
2035,Agri04_toGrassland,DEA,187366.43818783935
2035,Agri04_toGrassland,DEB,106932.63948044882
2035,Agri04_toGrassland,DEC,54210.44454436917
2035,Agri04_toGrassland,DEE,139205.6420759567
2035,Agri04_toGrassland,DED,115643.63362738893
2035,Agri04_toGrassland,DEF,77157.8173310326
2035,Agri04_toGrassland,DEG,61689.36926063832
2035,Agri05_Agroforestry,DE1,8334191.811709551
2035,Agri05_Agroforestry,DE2,10362635.92435655
2035,Agri05_Agroforestry,DE3,28510.932169800653
2035,Agri05_Agroforestry,DE4,8552858.625220444
2035,Agri05_Agroforestry,DE5,234058.9363242563
2035,Agri05_Agroforestry,DE6,189475.4919879102
2035,Agri05_Agroforestry,DE7,1939499.7591749507
2035,Agri05_Agroforestry,DE8,8176554.272564428
2035,Agri05_Agroforestry,DE9,9635830.051900737
2035,Agri05_Agroforestry,DEA,8337448.926451757
2035,Agri05_Agroforestry,DEB,5426513.099269125
2035,Agri05_Agroforestry,DEC,1042898.2048798165
2035,Agri05_Agroforestry,DEE,5173847.151884263
2035,Agri05_Agroforestry,DED,5596463.576055508
2035,Agri05_Agroforestry,DEF,1183852.4735383652
2035,Agri05_Agroforestry,DEG,946905.2579359225
2035,Agri06_Biochar,DE1,0.0
2035,Agri06_Biochar,DE2,0.0
2035,Agri06_Biochar,DE3,0.0
2035,Agri06_Biochar,DE4,0.0
2035,Agri06_Biochar,DE5,0.0
2035,Agri06_Biochar,DE6,0.0
2035,Agri06_Biochar,DE7,0.0
2035,Agri06_Biochar,DE8,0.0
2035,Agri06_Biochar,DE9,0.0
2035,Agri06_Biochar,DEA,0.0
2035,Agri06_Biochar,DEB,0.0
2035,Agri06_Biochar,DEC,0.0
2035,Agri06_Biochar,DEE,0.0
2035,Agri06_Biochar,DED,0.0
2035,Agri06_Biochar,DEF,0.0
2035,Agri06_Biochar,DEG,0.0
2036,Agri01_AGC,DE1,10307576.891161244
2036,Agri01_AGC,DE2,19445142.012790617
2036,Agri01_AGC,DE3,26929.276656195045
2036,Agri01_AGC,DE4,9310490.360586489
2036,Agri01_AGC,DE5,86580.2891228603
2036,Agri01_AGC,DE6,142211.69991441982
2036,Agri01_AGC,DE7,4495629.446155477
2036,Agri01_AGC,DE8,9913621.099145228
2036,Agri01_AGC,DE9,16821075.10028018
2036,Agri01_AGC,DEA,10509607.360519817
2036,Agri01_AGC,DEB,5728970.231611112
2036,Agri01_AGC,DEC,731154.0858970837
2036,Agri01_AGC,DEE,7879018.405300553
2036,Agri01_AGC,DED,6207365.337353351
2036,Agri01_AGC,DEF,4655229.3728111405
2036,Agri01_AGC,DEG,3721986.8008356234
2036,Agri02_OFC,DE1,5757047.521009548
2036,Agri02_OFC,DE2,9090059.148763217
2036,Agri02_OFC,DE3,2939140.6391567676
2036,Agri02_OFC,DE4,5569947.4273734065
2036,Agri02_OFC,DE5,1369054.474598901
2036,Agri02_OFC,DE6,156490.9672018852
2036,Agri02_OFC,DE7,2019347.3725469522
2036,Agri02_OFC,DE8,5586627.4476747755
2036,Agri02_OFC,DE9,7984417.512632626
2036,Agri02_OFC,DEA,5850999.410849091
2036,Agri02_OFC,DEB,3477970.007888787
2036,Agri02_OFC,DEC,2141269.1562609663
2036,Agri02_OFC,DEE,4308761.355311432
2036,Agri02_OFC,DED,3704803.948294192
2036,Agri02_OFC,DEF,1942444.878475589
2036,Agri02_OFC,DEG,1553108.1351840904
2036,Agri03_No-till,DE1,0.0
2036,Agri03_No-till,DE2,0.0
2036,Agri03_No-till,DE3,0.0
2036,Agri03_No-till,DE4,0.0
2036,Agri03_No-till,DE5,0.0
2036,Agri03_No-till,DE6,0.0
2036,Agri03_No-till,DE7,0.0
2036,Agri03_No-till,DE8,0.0
2036,Agri03_No-till,DE9,0.0
2036,Agri03_No-till,DEA,0.0
2036,Agri03_No-till,DEB,0.0
2036,Agri03_No-till,DEC,0.0
2036,Agri03_No-till,DEE,0.0
2036,Agri03_No-till,DED,0.0
2036,Agri03_No-till,DEF,0.0
2036,Agri03_No-till,DEG,0.0
2036,Agri04_toGrassland,DE1,194132.11164480372
2036,Agri04_toGrassland,DE2,329518.3194150466
2036,Agri04_toGrassland,DE3,79669.34667664209
2036,Agri04_toGrassland,DE4,183797.9420847236
2036,Agri04_toGrassland,DE5,37324.07331122969
2036,Agri04_toGrassland,DE6,4648.84227641996
2036,Agri04_toGrassland,DE7,76183.15458100128
2036,Agri04_toGrassland,DE8,187653.04308522143
2036,Agri04_toGrassland,DE9,285050.7542785051
2036,Agri04_toGrassland,DEA,198391.77475867435
2036,Agri04_toGrassland,DEB,114059.75279203484
2036,Agri04_toGrassland,DEC,60098.79630741271
2036,Agri04_toGrassland,DEE,147166.57989962958
2036,Agri04_toGrassland,DED,123011.39658219503
2036,Agri04_toGrassland,DEF,78887.74267687353
2036,Agri04_toGrassland,DEG,63072.968800618604
2036,Agri05_Agroforestry,DE1,9634345.226946434
2036,Agri05_Agroforestry,DE2,11814416.5782342
2036,Agri05_Agroforestry,DE3,29365.383193418213
2036,Agri05_Agroforestry,DE4,9915974.166817263
2036,Agri05_Agroforestry,DE5,241073.50521095633
2036,Agri05_Agroforestry,DE6,195153.9288455797
2036,Agri05_Agroforestry,DE7,2184086.2820227398
2036,Agri05_Agroforestry,DE8,9457365.196591116
2036,Agri05_Agroforestry,DE9,11025722.58949349
2036,Agri05_Agroforestry,DEA,9630286.80844534
2036,Agri05_Agroforestry,DEB,6296142.142780114
2036,Agri05_Agroforestry,DEC,1074153.0734818454
2036,Agri05_Agroforestry,DEE,5328903.428846366
2036,Agri05_Agroforestry,DED,5936798.697131595
2036,Agri05_Agroforestry,DEF,1272583.82564851
2036,Agri05_Agroforestry,DEG,1017924.6840524379
2036,Agri06_Biochar,DE1,0.0
2036,Agri06_Biochar,DE2,0.0
2036,Agri06_Biochar,DE3,0.0
2036,Agri06_Biochar,DE4,0.0
2036,Agri06_Biochar,DE5,0.0
2036,Agri06_Biochar,DE6,0.0
2036,Agri06_Biochar,DE7,0.0
2036,Agri06_Biochar,DE8,0.0
2036,Agri06_Biochar,DE9,0.0
2036,Agri06_Biochar,DEA,0.0
2036,Agri06_Biochar,DEB,0.0
2036,Agri06_Biochar,DEC,0.0
2036,Agri06_Biochar,DEE,0.0
2036,Agri06_Biochar,DED,0.0
2036,Agri06_Biochar,DEF,0.0
2036,Agri06_Biochar,DEG,0.0
2037,Agri01_AGC,DE1,10420516.086538807
2037,Agri01_AGC,DE2,19214504.51356795
2037,Agri01_AGC,DE3,25064.487379970557
2037,Agri01_AGC,DE4,9498768.509654758
2037,Agri01_AGC,DE5,80584.80707742693
2037,Agri01_AGC,DE6,132363.87309234077
2037,Agri01_AGC,DE7,4407652.705904044
2037,Agri01_AGC,DE8,10035402.170940137
2037,Agri01_AGC,DE9,16672567.887671653
2037,Agri01_AGC,DEA,10613055.182598254
2037,Agri01_AGC,DEB,5858219.899584383
2037,Agri01_AGC,DEC,680523.3795451944
2037,Agri01_AGC,DEE,7936733.85404017
2037,Agri01_AGC,DED,6325328.814223196
2037,Agri01_AGC,DEF,4501510.667953172
2037,Agri01_AGC,DEG,3599113.3785415674
2037,Agri02_OFC,DE1,5915182.134116946
2037,Agri02_OFC,DE2,9210582.848540502
2037,Agri02_OFC,DE3,3129073.536621525
2037,Agri02_OFC,DE4,5745551.629821972
2037,Agri02_OFC,DE5,1456323.2450296043
2037,Agri02_OFC,DE6,164317.86566666167
2037,Agri02_OFC,DE7,2029377.0548553262
2037,Agri02_OFC,DE8,5744194.760374538
2037,Agri02_OFC,DE9,8114927.291669441
2037,Agri02_OFC,DEA,6005583.4543303875
2037,Agri02_OFC,DEB,3591590.489110752
2037,Agri02_OFC,DEC,2268088.6868219543
2037,Agri02_OFC,DEE,4416600.3473536745
2037,Agri02_OFC,DED,3817338.1255500456
2037,Agri02_OFC,DEF,1920603.9613680677
2037,Agri02_OFC,DEG,1535660.6352450638
2037,Agri03_No-till,DE1,0.0
2037,Agri03_No-till,DE2,0.0
2037,Agri03_No-till,DE3,0.0
2037,Agri03_No-till,DE4,0.0
2037,Agri03_No-till,DE5,0.0
2037,Agri03_No-till,DE6,0.0
2037,Agri03_No-till,DE7,0.0
2037,Agri03_No-till,DE8,0.0
2037,Agri03_No-till,DE9,0.0
2037,Agri03_No-till,DEA,0.0
2037,Agri03_No-till,DEB,0.0
2037,Agri03_No-till,DEC,0.0
2037,Agri03_No-till,DEE,0.0
2037,Agri03_No-till,DED,0.0
2037,Agri03_No-till,DEF,0.0
2037,Agri03_No-till,DEG,0.0
2037,Agri04_toGrassland,DE1,204869.07358280753
2037,Agri04_toGrassland,DE2,342619.0514541841
2037,Agri04_toGrassland,DE3,88407.85052958019
2037,Agri04_toGrassland,DE4,194860.2826669394
2037,Agri04_toGrassland,DE5,41358.621733135
2037,Agri04_toGrassland,DE6,5045.93652165446
2037,Agri04_toGrassland,DE7,78594.05316280476
2037,Agri04_toGrassland,DE8,198194.86606386342
2037,Agri04_toGrassland,DE9,297293.08871565724
2037,Agri04_toGrassland,DEA,209121.09019516612
2037,Agri04_toGrassland,DEB,121085.6809867582
2037,Agri04_toGrassland,DEC,66120.52262245795
2037,Agri04_toGrassland,DEE,154888.8820200964
2037,Agri04_toGrassland,DED,130242.13950001968
2037,Agri04_toGrassland,DEF,80267.65998966765
2037,Agri04_toGrassland,DEG,64176.76869893931
2037,Agri05_Agroforestry,DE1,11057129.137201913
2037,Agri05_Agroforestry,DE2,13387881.935805203
2037,Agri05_Agroforestry,DE3,30219.83421703577
2037,Agri05_Agroforestry,DE4,10942700.257566225
2037,Agri05_Agroforestry,DE5,248088.0740976563
2037,Agri05_Agroforestry,DE6,200832.36570324918
2037,Agri05_Agroforestry,DE7,2446378.3915664167
2037,Agri05_Agroforestry,DE8,10422092.85411279
2037,Agri05_Agroforestry,DE9,12536226.45369597
2037,Agri05_Agroforestry,DEA,11044341.405975882
2037,Agri05_Agroforestry,DEB,7249929.809955756
2037,Agri05_Agroforestry,DEC,1105407.942083874
2037,Agri05_Agroforestry,DEE,5483959.705808466
2037,Agri05_Agroforestry,DED,6109543.036626964
2037,Agri05_Agroforestry,DEF,1360807.6127944642
2037,Agri05_Agroforestry,DEG,1088547.025261699
2037,Agri06_Biochar,DE1,0.0
2037,Agri06_Biochar,DE2,0.0
2037,Agri06_Biochar,DE3,0.0
2037,Agri06_Biochar,DE4,0.0
2037,Agri06_Biochar,DE5,0.0
2037,Agri06_Biochar,DE6,0.0
2037,Agri06_Biochar,DE7,0.0
2037,Agri06_Biochar,DE8,0.0
2037,Agri06_Biochar,DE9,0.0
2037,Agri06_Biochar,DEA,0.0
2037,Agri06_Biochar,DEB,0.0
2037,Agri06_Biochar,DEC,0.0
2037,Agri06_Biochar,DEE,0.0
2037,Agri06_Biochar,DED,0.0
2037,Agri06_Biochar,DEF,0.0
2037,Agri06_Biochar,DEG,0.0
2038,Agri01_AGC,DE1,10427896.680212133
2038,Agri01_AGC,DE2,18816160.062698774
2038,Agri01_AGC,DE3,23199.69810374607
2038,Agri01_AGC,DE4,9585099.942293044
2038,Agri01_AGC,DE5,74589.32503199353
2038,Agri01_AGC,DE6,122516.0462702617
2038,Agri01_AGC,DE7,4282285.760865559
2038,Agri01_AGC,DE8,10054782.37494413
2038,Agri01_AGC,DE9,16376949.883429086
2038,Agri01_AGC,DEA,10609172.576740988
2038,Agri01_AGC,DEB,5923844.139803488
2038,Agri01_AGC,DEC,629892.673193305
2038,Agri01_AGC,DEE,7915361.5029366845
2038,Agri01_AGC,DED,6375449.063753087
2038,Agri01_AGC,DEF,4311573.172470223
2038,Agri01_AGC,DEG,3447280.857117749
2038,Agri02_OFC,DE1,5999778.230836249
2038,Agri02_OFC,DE2,9214672.239823146
2038,Agri02_OFC,DE3,3281734.3221634566
2038,Agri02_OFC,DE4,5850063.467125371
2038,Agri02_OFC,DE5,1526227.6424173166
2038,Agri02_OFC,DE6,170154.57384020323
2038,Agri02_OFC,DE7,2013499.3515368844
2038,Agri02_OFC,DE8,5830410.669112526
2038,Agri02_OFC,DE9,8143226.157199089
2038,Agri02_OFC,DEA,6085413.6320412895
2038,Agri02_OFC,DEB,3660829.556099705
2038,Agri02_OFC,DEC,2367725.4309625146
2038,Agri02_OFC,DEE,4469374.589799731
2038,Agri02_OFC,DED,3882575.2027900834
2038,Agri02_OFC,DEF,1873764.0127616765
2038,Agri02_OFC,DEG,1498224.8598035173
2038,Agri03_No-till,DE1,0.0
2038,Agri03_No-till,DE2,0.0
2038,Agri03_No-till,DE3,0.0
2038,Agri03_No-till,DE4,0.0
2038,Agri03_No-till,DE5,0.0
2038,Agri03_No-till,DE6,0.0
2038,Agri03_No-till,DE7,0.0
2038,Agri03_No-till,DE8,0.0
2038,Agri03_No-till,DE9,0.0
2038,Agri03_No-till,DEA,0.0
2038,Agri03_No-till,DEB,0.0
2038,Agri03_No-till,DEC,0.0
2038,Agri03_No-till,DEE,0.0
2038,Agri03_No-till,DED,0.0
2038,Agri03_No-till,DEF,0.0
2038,Agri03_No-till,DEG,0.0
2038,Agri04_toGrassland,DE1,215314.27756899313
2038,Agri04_toGrassland,DE2,354850.26162893773
2038,Agri04_toGrassland,DE3,97343.06904560122
2038,Agri04_toGrassland,DE4,205711.91374420054
2038,Agri04_toGrassland,DE5,45480.99471510994
2038,Agri04_toGrassland,DE6,5446.268933242105
2038,Agri04_toGrassland,DE7,80758.78487159661
2038,Agri04_toGrassland,DE8,208466.58960723635
2038,Agri04_toGrassland,DE9,308849.67663191207
2038,Agri04_toGrassland,DEA,219534.4783995266
2038,Agri04_toGrassland,DEB,127992.60601429999
2038,Agri04_toGrassland,DEC,72248.99130470917
2038,Agri04_toGrassland,DEE,162359.54151138096
2038,Agri04_toGrassland,DED,137319.22235860923
2038,Agri04_toGrassland,DEF,81311.11040644113
2038,Agri04_toGrassland,DEG,65011.59163083833
2038,Agri05_Agroforestry,DE1,12607760.527748622
2038,Agri05_Agroforestry,DE2,15087720.365539264
2038,Agri05_Agroforestry,DE3,31074.28524065333
2038,Agri05_Agroforestry,DE4,11252099.752251301
2038,Agri05_Agroforestry,DE5,255102.6429843563
2038,Agri05_Agroforestry,DE6,206510.80256091867
2038,Agri05_Agroforestry,DE7,2726957.5176882828
2038,Agri05_Agroforestry,DE8,10716772.429238118
2038,Agri05_Agroforestry,DE9,14172136.940362854
2038,Agri05_Agroforestry,DEA,12584746.375750717
2038,Agri05_Agroforestry,DEB,8159299.428653531
2038,Agri05_Agroforestry,DEC,1136662.8106859028
2038,Agri05_Agroforestry,DEE,5639015.982770569
2038,Agri05_Agroforestry,DED,6282287.376122335
2038,Agri05_Agroforestry,DEF,1448217.9149706159
2038,Agri05_Agroforestry,DEG,1158528.1105009378
2038,Agri06_Biochar,DE1,0.0
2038,Agri06_Biochar,DE2,0.0
2038,Agri06_Biochar,DE3,0.0
2038,Agri06_Biochar,DE4,0.0
2038,Agri06_Biochar,DE5,0.0
2038,Agri06_Biochar,DE6,0.0
2038,Agri06_Biochar,DE7,0.0
2038,Agri06_Biochar,DE8,0.0
2038,Agri06_Biochar,DE9,0.0
2038,Agri06_Biochar,DEA,0.0
2038,Agri06_Biochar,DEB,0.0
2038,Agri06_Biochar,DEC,0.0
2038,Agri06_Biochar,DEE,0.0
2038,Agri06_Biochar,DED,0.0
2038,Agri06_Biochar,DEF,0.0
2038,Agri06_Biochar,DEG,0.0
2039,Agri01_AGC,DE1,10325509.341782887
2039,Agri01_AGC,DE2,18250509.63637969
2039,Agri01_AGC,DE3,21334.908827521576
2039,Agri01_AGC,DE4,9034672.898197776
2039,Agri01_AGC,DE5,68593.84298656015
2039,Agri01_AGC,DE6,112668.21944818262
2039,Agri01_AGC,DE7,4120531.294176221
2039,Agri01_AGC,DE8,9967452.530333662
2039,Agri01_AGC,DE9,15933228.591032613
2039,Agri01_AGC,DEA,10494016.048159046
2039,Agri01_AGC,DEB,5447686.175310532
2039,Agri01_AGC,DEC,579261.9668414156
2039,Agri01_AGC,DEE,7812324.616692494
2039,Agri01_AGC,DED,6217558.689152097
2039,Agri01_AGC,DEF,4088099.4514671247
2039,Agri01_AGC,DEG,3268633.2611669786
2039,Agri02_OFC,DE1,6007912.820591284
2039,Agri02_OFC,DE2,9102605.76348726
2039,Agri02_OFC,DE3,3391493.3432655637
2039,Agri02_OFC,DE4,5879798.341734159
2039,Agri02_OFC,DE5,1576190.9163390445
2039,Agri02_OFC,DE6,173787.95369757237
2039,Agri02_OFC,DE7,1972410.5332761914
2039,Agri02_OFC,DE8,5842282.846428954
2039,Agri02_OFC,DE9,8068624.912199737
2039,Agri02_OFC,DEA,6087751.551645115
2039,Agri02_OFC,DEB,3683236.0598174254
2039,Agri02_OFC,DEC,2436515.7188097173
2039,Agri02_OFC,DEE,4465294.77834715
2039,Agri02_OFC,DED,3898226.0869983495
2039,Agri02_OFC,DEF,1803787.8259701673
2039,Agri02_OFC,DEG,1442289.6356124135
2039,Agri03_No-till,DE1,0.0
2039,Agri03_No-till,DE2,0.0
2039,Agri03_No-till,DE3,0.0
2039,Agri03_No-till,DE4,0.0
2039,Agri03_No-till,DE5,0.0
2039,Agri03_No-till,DE6,0.0
2039,Agri03_No-till,DE7,0.0
2039,Agri03_No-till,DE8,0.0
2039,Agri03_No-till,DE9,0.0
2039,Agri03_No-till,DEA,0.0
2039,Agri03_No-till,DEB,0.0
2039,Agri03_No-till,DEC,0.0
2039,Agri03_No-till,DEE,0.0
2039,Agri03_No-till,DED,0.0
2039,Agri03_No-till,DEF,0.0
2039,Agri03_No-till,DEG,0.0
2039,Agri04_toGrassland,DE1,225446.47561217126
2039,Agri04_toGrassland,DE2,366213.9739996419
2039,Agri04_toGrassland,DE3,106434.07879236323
2039,Agri04_toGrassland,DE4,216326.05100289866
2039,Agri04_toGrassland,DE5,49672.46117716707
2039,Agri04_toGrassland,DE6,5848.29015453669
2039,Agri04_toGrassland,DE7,82682.41108304178
2039,Agri04_toGrassland,DE8,218446.46169601483
2039,Agri04_toGrassland,DE9,319715.50807192904
2039,Agri04_toGrassland,DEA,229612.0332739678
2039,Agri04_toGrassland,DEB,134762.70982434135
2039,Agri04_toGrassland,DEC,78457.5701693707
2039,Agri04_toGrassland,DEE,169565.551447507
2039,Agri04_toGrassland,DED,144226.0051357101
2039,Agri04_toGrassland,DEF,82031.63506422017
2039,Agri04_toGrassland,DEG,65588.26027155362
2039,Agri05_Agroforestry,DE1,14291456.383859186
2039,Agri05_Agroforestry,DE2,16918620.235906076
2039,Agri05_Agroforestry,DE3,31928.736264270887
2039,Agri05_Agroforestry,DE4,11561499.246936373
2039,Agri05_Agroforestry,DE5,262117.2118710563
2039,Agri05_Agroforestry,DE6,212189.2394185881
2039,Agri05_Agroforestry,DE7,3026405.0902706375
2039,Agri05_Agroforestry,DE8,11011452.004363444
2039,Agri05_Agroforestry,DE9,15938249.34534881
2039,Agri05_Agroforestry,DEA,14256635.374477169
2039,Agri05_Agroforestry,DEB,8383656.053265262
2039,Agri05_Agroforestry,DEC,1167917.6792879314
2039,Agri05_Agroforestry,DEE,5794072.259732669
2039,Agri05_Agroforestry,DED,6455031.715617705
2039,Agri05_Agroforestry,DEF,1534508.8121713519
2039,Agri05_Agroforestry,DEG,1227623.7687073862
2039,Agri06_Biochar,DE1,0.0
2039,Agri06_Biochar,DE2,0.0
2039,Agri06_Biochar,DE3,0.0
2039,Agri06_Biochar,DE4,0.0
2039,Agri06_Biochar,DE5,0.0
2039,Agri06_Biochar,DE6,0.0
2039,Agri06_Biochar,DE7,0.0
2039,Agri06_Biochar,DE8,0.0
2039,Agri06_Biochar,DE9,0.0
2039,Agri06_Biochar,DEA,0.0
2039,Agri06_Biochar,DEB,0.0
2039,Agri06_Biochar,DEC,0.0
2039,Agri06_Biochar,DEE,0.0
2039,Agri06_Biochar,DED,0.0
2039,Agri06_Biochar,DEF,0.0
2039,Agri06_Biochar,DEG,0.0
2040,Agri01_AGC,DE1,9562489.021635775
2040,Agri01_AGC,DE2,17517954.2108073
2040,Agri01_AGC,DE3,19470.119551297084
2040,Agri01_AGC,DE4,8244992.413928631
2040,Agri01_AGC,DE5,62598.36094112676
2040,Agri01_AGC,DE6,102820.39262610354
2040,Agri01_AGC,DE7,3923391.988972231
2040,Agri01_AGC,DE8,9096241.936461061
2040,Agri01_AGC,DE9,15340411.513962366
2040,Agri01_AGC,DEA,9991554.21877994
2040,Agri01_AGC,DEB,4971528.210817574
2040,Agri01_AGC,DEC,528631.2604895262
2040,Agri01_AGC,DEE,7625046.460009994
2040,Agri01_AGC,DED,5674109.600076512
2040,Agri01_AGC,DEF,3833772.0700487066
2040,Agri01_AGC,DEG,3065314.6152920653
2040,Agri02_OFC,DE1,5936662.912805873
2040,Agri02_OFC,DE2,8874661.860408949
2040,Agri02_OFC,DE3,3452720.947410845
2040,Agri02_OFC,DE4,5831071.656098886
2040,Agri02_OFC,DE5,1603636.3163717939
2040,Agri02_OFC,DE6,175004.86721383137
2040,Agri02_OFC,DE7,1906806.8707578084
2040,Agri02_OFC,DE8,5776818.964864031
2040,Agri02_OFC,DE9,7890434.359649543
2040,Agri02_OFC,DEA,6009858.820805181
2040,Agri02_OFC,DEB,3656358.8512256886
2040,Agri02_OFC,DEC,2470795.8804906304
2040,Agri02_OFC,DEE,4402571.60869348
2040,Agri02_OFC,DED,3862001.6851588855
2040,Agri02_OFC,DEF,1712538.1943072912
2040,Agri02_OFC,DEG,1369343.7894247135
2040,Agri03_No-till,DE1,0.0
2040,Agri03_No-till,DE2,0.0
2040,Agri03_No-till,DE3,0.0
2040,Agri03_No-till,DE4,0.0
2040,Agri03_No-till,DE5,0.0
2040,Agri03_No-till,DE6,0.0
2040,Agri03_No-till,DE7,0.0
2040,Agri03_No-till,DE8,0.0
2040,Agri03_No-till,DE9,0.0
2040,Agri03_No-till,DEA,0.0
2040,Agri03_No-till,DEB,0.0
2040,Agri03_No-till,DEC,0.0
2040,Agri03_No-till,DEE,0.0
2040,Agri03_No-till,DED,0.0
2040,Agri03_No-till,DEF,0.0
2040,Agri03_No-till,DEG,0.0
2040,Agri04_toGrassland,DE1,235244.41972115243
2040,Agri04_toGrassland,DE2,376712.21262663056
2040,Agri04_toGrassland,DE3,115639.95633752417
2040,Agri04_toGrassland,DE4,226675.91012942512
2040,Agri04_toGrassland,DE5,53914.29003931887
2040,Agri04_toGrassland,DE6,6250.450828892009
2040,Agri04_toGrassland,DE7,84369.99317280517
2040,Agri04_toGrassland,DE8,228112.7303108732
2040,Agri04_toGrassland,DE9,329885.57308036747
2040,Agri04_toGrassland,DEA,239333.84872070162
2040,Agri04_toGrassland,DEB,141378.1743665633
2040,Agri04_toGrassland,DEC,84719.6270316468
2040,Agri04_toGrassland,DEE,176493.9049024982
2040,Agri04_toGrassland,DED,150945.8478090686
2040,Agri04_toGrassland,DEF,82442.77510003092
2040,Agri04_toGrassland,DEG,65917.59729632309
2040,Agri05_Agroforestry,DE1,16113433.690806232
2040,Agri05_Agroforestry,DE2,18885269.915375337
2040,Agri05_Agroforestry,DE3,32783.18728788844
2040,Agri05_Agroforestry,DE4,11870898.741621446
2040,Agri05_Agroforestry,DE5,269131.7807577562
2040,Agri05_Agroforestry,DE6,217867.67627625755
2040,Agri05_Agroforestry,DE7,3345302.5391957825
2040,Agri05_Agroforestry,DE8,11306131.579488767
2040,Agri05_Agroforestry,DE9,17839358.96450851
2040,Agri05_Agroforestry,DEA,14649239.623011913
2040,Agri05_Agroforestry,DEB,8608012.677876994
2040,Agri05_Agroforestry,DEC,1199172.54788996
2040,Agri05_Agroforestry,DEE,5949128.53669477
2040,Agri05_Agroforestry,DED,6627776.055113073
2040,Agri05_Agroforestry,DEF,1619374.3843910594
2040,Agri05_Agroforestry,DEG,1295589.8288182758
2040,Agri06_Biochar,DE1,0.0
2040,Agri06_Biochar,DE2,0.0
2040,Agri06_Biochar,DE3,0.0
2040,Agri06_Biochar,DE4,0.0
2040,Agri06_Biochar,DE5,0.0
2040,Agri06_Biochar,DE6,0.0
2040,Agri06_Biochar,DE7,0.0
2040,Agri06_Biochar,DE8,0.0
2040,Agri06_Biochar,DE9,0.0
2040,Agri06_Biochar,DEA,0.0
2040,Agri06_Biochar,DEB,0.0
2040,Agri06_Biochar,DEC,0.0
2040,Agri06_Biochar,DEE,0.0
2040,Agri06_Biochar,DED,0.0
2040,Agri06_Biochar,DEF,0.0
2040,Agri06_Biochar,DEG,0.0
2041,Agri01_AGC,DE1,8646622.689403994
2041,Agri01_AGC,DE2,16618894.762178222
2041,Agri01_AGC,DE3,17605.3302750726
2041,Agri01_AGC,DE4,7455311.929659491
2041,Agri01_AGC,DE5,56602.8788956934
2041,Agri01_AGC,DE6,92972.5658040245
2041,Agri01_AGC,DE7,3691870.528389791
2041,Agri01_AGC,DE8,8225031.342588462
2041,Agri01_AGC,DE9,14597506.155698486
2041,Agri01_AGC,DEA,9034593.317183675
2041,Agri01_AGC,DEB,4495370.246324619
2041,Agri01_AGC,DEC,478000.5541376369
2041,Agri01_AGC,DEE,6894742.527777959
2041,Agri01_AGC,DED,5130660.511000931
2041,Agri01_AGC,DEF,3551273.5933198
2041,Agri01_AGC,DEG,2839468.944095822
2041,Agri02_OFC,DE1,5783105.516903845
2041,Agri02_OFC,DE2,8531118.971464325
2041,Agri02_OFC,DE3,3459787.4820823018
2041,Agri02_OFC,DE4,5700198.812670111
2041,Agri02_OFC,DE5,1605987.0920925713
2041,Agri02_OFC,DE6,173592.1763640427
2041,Agri02_OFC,DE7,1817384.6346662997
2041,Agri02_OFC,DE8,5631026.696957971
2041,Agri02_OFC,DE9,7607965.302526674
2041,Agri02_OFC,DEA,5848997.047184805
2041,Agri02_OFC,DEB,3577746.7812862745
2041,Agri02_OFC,DEC,2466902.2461323254
2041,Agri02_OFC,DEE,4279415.776536266
2041,Agri02_OFC,DED,3771612.904255733
2041,Agri02_OFC,DEF,1601877.9110867998
2041,Agri02_OFC,DEG,1280876.1479933797
2041,Agri03_No-till,DE1,0.0
2041,Agri03_No-till,DE2,0.0
2041,Agri03_No-till,DE3,0.0
2041,Agri03_No-till,DE4,0.0
2041,Agri03_No-till,DE5,0.0
2041,Agri03_No-till,DE6,0.0
2041,Agri03_No-till,DE7,0.0
2041,Agri03_No-till,DE8,0.0
2041,Agri03_No-till,DE9,0.0
2041,Agri03_No-till,DEA,0.0
2041,Agri03_No-till,DEB,0.0
2041,Agri03_No-till,DEC,0.0
2041,Agri03_No-till,DEE,0.0
2041,Agri03_No-till,DED,0.0
2041,Agri03_No-till,DEF,0.0
2041,Agri03_No-till,DEG,0.0
2041,Agri04_toGrassland,DE1,244686.86190474735
2041,Agri04_toGrassland,DE2,386347.0015702379
2041,Agri04_toGrassland,DE3,124919.77824874205
2041,Agri04_toGrassland,DE4,236734.70681017145
2041,Agri04_toGrassland,DE5,58187.75022157789
2041,Agri04_toGrassland,DE6,6651.201599661856
2041,Agri04_toGrassland,DE7,85826.59251655168
2041,Agri04_toGrassland,DE8,237443.643432486
2041,Agri04_toGrassland,DE9,339354.8617018868
2041,Agri04_toGrassland,DEA,248680.0186419401
2041,Agri04_toGrassland,DEB,147821.181590647
2041,Agri04_toGrassland,DEC,91008.52970674181
2041,Agri04_toGrassland,DEE,183131.59495037838
2041,Agri04_toGrassland,DED,157462.11035643113
2041,Agri04_toGrassland,DEF,82558.07165089958
2041,Agri04_toGrassland,DEG,66010.42538038464
2041,Agri05_Agroforestry,DE1,18078909.4338624
2041,Agri05_Agroforestry,DE2,20992357.772416756
2041,Agri05_Agroforestry,DE3,33637.638311505994
2041,Agri05_Agroforestry,DE4,12180298.23630652
2041,Agri05_Agroforestry,DE5,276146.34964445623
2041,Agri05_Agroforestry,DE6,223546.11313392705
2041,Agri05_Agroforestry,DE7,3684231.29434602
2041,Agri05_Agroforestry,DE8,11600811.154614097
2041,Agri05_Agroforestry,DE9,19880261.093696635
2041,Agri05_Agroforestry,DEA,15031052.94949484
2041,Agri05_Agroforestry,DEB,8832369.302488727
2041,Agri05_Agroforestry,DEC,1230427.4164919888
2041,Agri05_Agroforestry,DEE,6104184.813656871
2041,Agri05_Agroforestry,DED,6800520.3946084445
2041,Agri05_Agroforestry,DEF,1702508.7116241262
2041,Agri05_Agroforestry,DEG,1362182.1197708396
2041,Agri06_Biochar,DE1,0.0
2041,Agri06_Biochar,DE2,0.0
2041,Agri06_Biochar,DE3,0.0
2041,Agri06_Biochar,DE4,0.0
2041,Agri06_Biochar,DE5,0.0
2041,Agri06_Biochar,DE6,0.0
2041,Agri06_Biochar,DE7,0.0
2041,Agri06_Biochar,DE8,0.0
2041,Agri06_Biochar,DE9,0.0
2041,Agri06_Biochar,DEA,0.0
2041,Agri06_Biochar,DEB,0.0
2041,Agri06_Biochar,DEC,0.0
2041,Agri06_Biochar,DEE,0.0
2041,Agri06_Biochar,DED,0.0
2041,Agri06_Biochar,DEF,0.0
2041,Agri06_Biochar,DEG,0.0
2042,Agri01_AGC,DE1,7730756.357172211
2042,Agri01_AGC,DE2,15553732.266689043
2042,Agri01_AGC,DE3,15740.540998848111
2042,Agri01_AGC,DE4,6665631.445390349
2042,Agri01_AGC,DE5,50607.39685026002
2042,Agri01_AGC,DE6,83124.73898194544
2042,Agri01_AGC,DE7,3426969.5955650993
2042,Agri01_AGC,DE8,7353820.748715862
2042,Agri01_AGC,DE9,13703520.019721093
2042,Agri01_AGC,DEA,8077632.415587408
2042,Agri01_AGC,DEB,4019212.2818316626
2042,Agri01_AGC,DEC,427369.84778574755
2042,Agri01_AGC,DEE,6164438.595545921
2042,Agri01_AGC,DED,4587211.421925348
2042,Agri01_AGC,DEF,3243286.5863852343
2042,Agri01_AGC,DEG,2593240.272181056
2042,Agri02_OFC,DE1,5544317.642309022
2042,Agri02_OFC,DE2,8072255.537529493
2042,Agri02_OFC,DE3,3407063.294762934
2042,Agri02_OFC,DE4,5483495.213898384
2042,Agri02_OFC,DE5,1580666.4930783834
2042,Agri02_OFC,DE6,169336.7431232688
2042,Agri02_OFC,DE7,1704840.0956862282
2042,Agri02_OFC,DE8,5401913.715250985
2042,Agri02_OFC,DE9,7220528.543809296
2042,Agri02_OFC,DEA,5602427.838447307
2042,Agri02_OFC,DEB,3444948.700960961
2042,Agri02_OFC,DEC,2421171.14586187
2042,Agri02_OFC,DEE,4094037.977573058
2042,Agri02_OFC,DED,3624770.6512729353
2042,Agri02_OFC,DEF,1473669.7696224449
2042,Agri02_OFC,DEG,1178375.5380713742
2042,Agri03_No-till,DE1,0.0
2042,Agri03_No-till,DE2,0.0
2042,Agri03_No-till,DE3,0.0
2042,Agri03_No-till,DE4,0.0
2042,Agri03_No-till,DE5,0.0
2042,Agri03_No-till,DE6,0.0
2042,Agri03_No-till,DE7,0.0
2042,Agri03_No-till,DE8,0.0
2042,Agri03_No-till,DE9,0.0
2042,Agri03_No-till,DEA,0.0
2042,Agri03_No-till,DEB,0.0
2042,Agri03_No-till,DEC,0.0
2042,Agri03_No-till,DEE,0.0
2042,Agri03_No-till,DED,0.0
2042,Agri03_No-till,DEF,0.0
2042,Agri03_No-till,DEG,0.0
2042,Agri04_toGrassland,DE1,239059.22989820782
2042,Agri04_toGrassland,DE2,377461.2823504065
2042,Agri04_toGrassland,DE3,122046.7080035725
2042,Agri04_toGrassland,DE4,231289.9689818597
2042,Agri04_toGrassland,DE5,56849.47139865132
2042,Agri04_toGrassland,DE6,6498.228470198227
2042,Agri04_toGrassland,DE7,83852.63905089158
2042,Agri04_toGrassland,DE8,231982.60054228702
2042,Agri04_toGrassland,DE9,331549.92985380185
2042,Agri04_toGrassland,DEA,242960.54673649298
2042,Agri04_toGrassland,DEB,144421.39458823795
2042,Agri04_toGrassland,DEC,88915.39519735757
2042,Agri04_toGrassland,DEE,178919.6923695501
2042,Agri04_toGrassland,DED,153840.58852579002
2042,Agri04_toGrassland,DEF,80659.29195016662
2042,Agri04_toGrassland,DEG,64492.23033000815
2042,Agri05_Agroforestry,DE1,19023868.627765827
2042,Agri05_Agroforestry,DE2,23244572.175500017
2042,Agri05_Agroforestry,DE3,34492.08933512355
2042,Agri05_Agroforestry,DE4,12489697.730991593
2042,Agri05_Agroforestry,DE5,283160.9185311562
2042,Agri05_Agroforestry,DE6,229224.5499915965
2042,Agri05_Agroforestry,DE7,4043772.785603649
2042,Agri05_Agroforestry,DE8,11895490.729739422
2042,Agri05_Agroforestry,DE9,22065751.02876785
2042,Agri05_Agroforestry,DEA,15412866.275977764
2042,Agri05_Agroforestry,DEB,9056725.92710046
2042,Agri05_Agroforestry,DEC,1261682.2850940174
2042,Agri05_Agroforestry,DEE,6259241.090618973
2042,Agri05_Agroforestry,DED,6973264.734103814
2042,Agri05_Agroforestry,DEF,1783605.8738649397
2042,Agri05_Agroforestry,DEG,1427156.470502308
2042,Agri06_Biochar,DE1,0.0
2042,Agri06_Biochar,DE2,0.0
2042,Agri06_Biochar,DE3,0.0
2042,Agri06_Biochar,DE4,0.0
2042,Agri06_Biochar,DE5,0.0
2042,Agri06_Biochar,DE6,0.0
2042,Agri06_Biochar,DE7,0.0
2042,Agri06_Biochar,DE8,0.0
2042,Agri06_Biochar,DE9,0.0
2042,Agri06_Biochar,DEA,0.0
2042,Agri06_Biochar,DEB,0.0
2042,Agri06_Biochar,DEC,0.0
2042,Agri06_Biochar,DEE,0.0
2042,Agri06_Biochar,DED,0.0
2042,Agri06_Biochar,DEF,0.0
2042,Agri06_Biochar,DEG,0.0
2043,Agri01_AGC,DE1,6814890.024940427
2043,Agri01_AGC,DE2,14322867.700536372
2043,Agri01_AGC,DE3,13875.751722623623
2043,Agri01_AGC,DE4,5875950.961121207
2043,Agri01_AGC,DE5,44611.91480482664
2043,Agri01_AGC,DE6,73276.91215986638
2043,Agri01_AGC,DE7,3129691.873634356
2043,Agri01_AGC,DE8,6482610.154843261
2043,Agri01_AGC,DE9,12269673.084770896
2043,Agri01_AGC,DEA,7120671.51399114
2043,Agri01_AGC,DEB,3543054.3173387065
2043,Agri01_AGC,DEC,376739.1414338582
2043,Agri01_AGC,DEE,5434134.663313883
2043,Agri01_AGC,DED,4043762.3328497647
2043,Agri01_AGC,DEF,2912493.614349839
2043,Agri01_AGC,DEG,2328772.6241505775
2043,Agri02_OFC,DE1,5217376.2984452285
2043,Agri02_OFC,DE2,7498349.999480559
2043,Agri02_OFC,DE3,3288918.732935739
2043,Agri02_OFC,DE4,5177276.262234256
2043,Agri02_OFC,DE5,1525097.768906235
2043,Agri02_OFC,DE6,162025.42946657186
2043,Agri02_OFC,DE7,1569869.5245021563
2043,Agri02_OFC,DE8,5086487.692283279
2043,Agri02_OFC,DE9,6727434.886475565
2043,Agri02_OFC,DEA,5267412.802255999
2043,Agri02_OFC,DEB,3255513.461211523
2043,Agri02_OFC,DEC,2329938.909806334
2043,Agri02_OFC,DEE,3844648.907501401
2043,Agri02_OFC,DED,3419185.833194532
2043,Agri02_OFC,DEF,1329776.5632279771
2043,Agri02_OFC,DEG,1063330.7864116577
2043,Agri03_No-till,DE1,0.0
2043,Agri03_No-till,DE2,0.0
2043,Agri03_No-till,DE3,0.0
2043,Agri03_No-till,DE4,0.0
2043,Agri03_No-till,DE5,0.0
2043,Agri03_No-till,DE6,0.0
2043,Agri03_No-till,DE7,0.0
2043,Agri03_No-till,DE8,0.0
2043,Agri03_No-till,DE9,0.0
2043,Agri03_No-till,DEA,0.0
2043,Agri03_No-till,DEB,0.0
2043,Agri03_No-till,DEC,0.0
2043,Agri03_No-till,DEE,0.0
2043,Agri03_No-till,DED,0.0
2043,Agri03_No-till,DEF,0.0
2043,Agri03_No-till,DEG,0.0
2043,Agri04_toGrassland,DE1,233431.59789166827
2043,Agri04_toGrassland,DE2,368575.56313057506
2043,Agri04_toGrassland,DE3,119173.63775840293
2043,Agri04_toGrassland,DE4,225845.23115354794
2043,Agri04_toGrassland,DE5,55511.19257572476
2043,Agri04_toGrassland,DE6,6345.255340734598
2043,Agri04_toGrassland,DE7,81878.68558523146
2043,Agri04_toGrassland,DE8,226521.55765208803
2043,Agri04_toGrassland,DE9,323744.9980057168
2043,Agri04_toGrassland,DEA,237241.0748310458
2043,Agri04_toGrassland,DEB,141021.6075858289
2043,Agri04_toGrassland,DEC,86822.26068797332
2043,Agri04_toGrassland,DEE,174707.78978872177
2043,Agri04_toGrassland,DED,150219.06669514888
2043,Agri04_toGrassland,DEF,78760.51224943364
2043,Agri04_toGrassland,DEG,62974.03527963166
2043,Agri05_Agroforestry,DE1,19495135.06408483
2043,Agri05_Agroforestry,DE2,24338914.94098828
2043,Agri05_Agroforestry,DE3,35346.54035874111
2043,Agri05_Agroforestry,DE4,12799097.225676669
2043,Agri05_Agroforestry,DE5,290175.48741785623
2043,Agri05_Agroforestry,DE6,234902.986849266
2043,Agri05_Agroforestry,DE7,4143946.647568497
2043,Agri05_Agroforestry,DE8,12190170.30486475
2043,Agri05_Agroforestry,DE9,24400624.06557683
2043,Agri05_Agroforestry,DEA,15794679.60246069
2043,Agri05_Agroforestry,DEB,9281082.551712193
2043,Agri05_Agroforestry,DEC,1292937.1536960462
2043,Agri05_Agroforestry,DEE,6414297.367581074
2043,Agri05_Agroforestry,DED,7146009.073599185
2043,Agri05_Agroforestry,DEF,1827790.0301173208
2043,Agri05_Agroforestry,DEG,1462510.527927915
2043,Agri06_Biochar,DE1,0.0
2043,Agri06_Biochar,DE2,0.0
2043,Agri06_Biochar,DE3,0.0
2043,Agri06_Biochar,DE4,0.0
2043,Agri06_Biochar,DE5,0.0
2043,Agri06_Biochar,DE6,0.0
2043,Agri06_Biochar,DE7,0.0
2043,Agri06_Biochar,DE8,0.0
2043,Agri06_Biochar,DE9,0.0
2043,Agri06_Biochar,DEA,0.0
2043,Agri06_Biochar,DEB,0.0
2043,Agri06_Biochar,DEC,0.0
2043,Agri06_Biochar,DEE,0.0
2043,Agri06_Biochar,DED,0.0
2043,Agri06_Biochar,DEF,0.0
2043,Agri06_Biochar,DEG,0.0
2044,Agri01_AGC,DE1,5899023.692708644
2044,Agri01_AGC,DE2,12397989.63795223
2044,Agri01_AGC,DE3,12010.962446399135
2044,Agri01_AGC,DE4,5086270.476852066
2044,Agri01_AGC,DE5,38616.43275939326
2044,Agri01_AGC,DE6,63429.08533778732
2044,Agri01_AGC,DE7,2709086.4923543883
2044,Agri01_AGC,DE8,5611399.560970661
2044,Agri01_AGC,DE9,10620727.84211742
2044,Agri01_AGC,DEA,6163710.612394872
2044,Agri01_AGC,DEB,3066896.3528457503
2044,Agri01_AGC,DEC,326108.43508196884
2044,Agri01_AGC,DEE,4703830.731081846
2044,Agri01_AGC,DED,3500313.2437741817
2044,Agri01_AGC,DEF,2521077.929803059
2044,Agri01_AGC,DEG,2015804.3393980705
2044,Agri02_OFC,DE1,4492420.90562635
2044,Agri02_OFC,DE2,6456452.892885664
2044,Agri02_OFC,DE3,2831922.8722585402
2044,Agri02_OFC,DE4,4457892.776795729
2044,Agri02_OFC,DE5,1313185.1544233405
2044,Agri02_OFC,DE6,139511.96634899123
2044,Agri02_OFC,DE7,1351735.8663742205
2044,Agri02_OFC,DE8,4379719.295277589
2044,Agri02_OFC,DE9,5792656.576112617
2044,Agri02_OFC,DEA,4535504.828062795
2044,Agri02_OFC,DEB,2803159.2691623406
2044,Agri02_OFC,DEC,2006193.4712980955
2044,Agri02_OFC,DEE,3310434.23722375
2044,Agri02_OFC,DED,2944089.335063287
2044,Agri02_OFC,DEF,1145003.8660691474
2044,Agri02_OFC,DEG,915580.7787709998
2044,Agri03_No-till,DE1,0.0
2044,Agri03_No-till,DE2,0.0
2044,Agri03_No-till,DE3,0.0
2044,Agri03_No-till,DE4,0.0
2044,Agri03_No-till,DE5,0.0
2044,Agri03_No-till,DE6,0.0
2044,Agri03_No-till,DE7,0.0
2044,Agri03_No-till,DE8,0.0
2044,Agri03_No-till,DE9,0.0
2044,Agri03_No-till,DEA,0.0
2044,Agri03_No-till,DEB,0.0
2044,Agri03_No-till,DEC,0.0
2044,Agri03_No-till,DEE,0.0
2044,Agri03_No-till,DED,0.0
2044,Agri03_No-till,DEF,0.0
2044,Agri03_No-till,DEG,0.0
2044,Agri04_toGrassland,DE1,227803.96588512877
2044,Agri04_toGrassland,DE2,359689.84391074366
2044,Agri04_toGrassland,DE3,116300.56751323339
2044,Agri04_toGrassland,DE4,220400.4933252362
2044,Agri04_toGrassland,DE5,54172.9137527982
2044,Agri04_toGrassland,DE6,6192.282211270969
2044,Agri04_toGrassland,DE7,79904.73211957136
2044,Agri04_toGrassland,DE8,221060.51476188906
2044,Agri04_toGrassland,DE9,315940.06615763187
2044,Agri04_toGrassland,DEA,231521.60292559865
2044,Agri04_toGrassland,DEB,137621.82058341985
2044,Agri04_toGrassland,DEC,84729.12617858908
2044,Agri04_toGrassland,DEE,170495.88720789348
2044,Agri04_toGrassland,DED,146597.54486450777
2044,Agri04_toGrassland,DEF,76861.73254870067
2044,Agri04_toGrassland,DEG,61455.84022925518
2044,Agri05_Agroforestry,DE1,19966401.500403836
2044,Agri05_Agroforestry,DE2,24927272.686159372
2044,Agri05_Agroforestry,DE3,36200.99138235867
2044,Agri05_Agroforestry,DE4,13108496.72036174
2044,Agri05_Agroforestry,DE5,297190.05630455614
2044,Agri05_Agroforestry,DE6,240581.42370693543
2044,Agri05_Agroforestry,DE7,4244120.509533344
2044,Agri05_Agroforestry,DE8,12484849.879990073
2044,Agri05_Agroforestry,DE9,24990473.538768146
2044,Agri05_Agroforestry,DEA,16176492.928943612
2044,Agri05_Agroforestry,DEB,9505439.176323922
2044,Agri05_Agroforestry,DEC,1324192.0222980748
2044,Agri05_Agroforestry,DEE,6569353.644543175
2044,Agri05_Agroforestry,DED,7318753.413094554
2044,Agri05_Agroforestry,DEF,1871974.1863697015
2044,Agri05_Agroforestry,DEG,1497864.5853535216
2044,Agri06_Biochar,DE1,0.0
2044,Agri06_Biochar,DE2,0.0
2044,Agri06_Biochar,DE3,0.0
2044,Agri06_Biochar,DE4,0.0
2044,Agri06_Biochar,DE5,0.0
2044,Agri06_Biochar,DE6,0.0
2044,Agri06_Biochar,DE7,0.0
2044,Agri06_Biochar,DE8,0.0
2044,Agri06_Biochar,DE9,0.0
2044,Agri06_Biochar,DEA,0.0
2044,Agri06_Biochar,DEB,0.0
2044,Agri06_Biochar,DEC,0.0
2044,Agri06_Biochar,DEE,0.0
2044,Agri06_Biochar,DED,0.0
2044,Agri06_Biochar,DEF,0.0
2044,Agri06_Biochar,DEG,0.0
2045,Agri01_AGC,DE1,4983157.360476861
2045,Agri01_AGC,DE2,10473111.57536809
2045,Agri01_AGC,DE3,10146.173170174647
2045,Agri01_AGC,DE4,4296589.992582924
2045,Agri01_AGC,DE5,32620.950713959883
2045,Agri01_AGC,DE6,53581.258515708265
2045,Agri01_AGC,DE7,2288481.111074421
2045,Agri01_AGC,DE8,4740188.967098061
2045,Agri01_AGC,DE9,8971782.599463943
2045,Agri01_AGC,DEA,5206749.710798604
2045,Agri01_AGC,DEB,2590738.388352794
2045,Agri01_AGC,DEC,275477.7287300795
2045,Agri01_AGC,DEE,3973526.7988498085
2045,Agri01_AGC,DED,2956864.1546985987
2045,Agri01_AGC,DEF,2129662.2452562796
2045,Agri01_AGC,DEG,1702836.0546455637
2045,Agri02_OFC,DE1,3767465.512807469
2045,Agri02_OFC,DE2,5414555.786290766
2045,Agri02_OFC,DE3,2374927.0115813394
2045,Agri02_OFC,DE4,3738509.2913571987
2045,Agri02_OFC,DE5,1101272.5399404452
2045,Agri02_OFC,DE6,116998.50323141049
2045,Agri02_OFC,DE7,1133602.2082462837
2045,Agri02_OFC,DE8,3672950.8982718964
2045,Agri02_OFC,DE9,4857878.265749666
2045,Agri02_OFC,DEA,3803596.8538695876
2045,Agri02_OFC,DEB,2350805.077113156
2045,Agri02_OFC,DEC,1682448.032789856
2045,Agri02_OFC,DEE,2776219.5669460967
2045,Agri02_OFC,DED,2468992.83693204
2045,Agri02_OFC,DEF,960231.168910317
2045,Agri02_OFC,DEG,767830.7711303412
2045,Agri03_No-till,DE1,0.0
2045,Agri03_No-till,DE2,0.0
2045,Agri03_No-till,DE3,0.0
2045,Agri03_No-till,DE4,0.0
2045,Agri03_No-till,DE5,0.0
2045,Agri03_No-till,DE6,0.0
2045,Agri03_No-till,DE7,0.0
2045,Agri03_No-till,DE8,0.0
2045,Agri03_No-till,DE9,0.0
2045,Agri03_No-till,DEA,0.0
2045,Agri03_No-till,DEB,0.0
2045,Agri03_No-till,DEC,0.0
2045,Agri03_No-till,DEE,0.0
2045,Agri03_No-till,DED,0.0
2045,Agri03_No-till,DEF,0.0
2045,Agri03_No-till,DEG,0.0
2045,Agri04_toGrassland,DE1,222176.3338785892
2045,Agri04_toGrassland,DE2,350804.1246909122
2045,Agri04_toGrassland,DE3,113427.49726806382
2045,Agri04_toGrassland,DE4,214955.7554969244
2045,Agri04_toGrassland,DE5,52834.63492987163
2045,Agri04_toGrassland,DE6,6039.30908180734
2045,Agri04_toGrassland,DE7,77930.77865391124
2045,Agri04_toGrassland,DE8,215599.47187169007
2045,Agri04_toGrassland,DE9,308135.13430954685
2045,Agri04_toGrassland,DEA,225802.13102015146
2045,Agri04_toGrassland,DEB,134222.0335810108
2045,Agri04_toGrassland,DEC,82635.99166920483
2045,Agri04_toGrassland,DEE,166283.9846270652
2045,Agri04_toGrassland,DED,142976.02303386663
2045,Agri04_toGrassland,DEF,74962.95284796768
2045,Agri04_toGrassland,DEG,59937.64517887868
2045,Agri05_Agroforestry,DE1,20437667.93672284
2045,Agri05_Agroforestry,DE2,25515630.431330472
2045,Agri05_Agroforestry,DE3,37055.442405976224
2045,Agri05_Agroforestry,DE4,13417896.215046816
2045,Agri05_Agroforestry,DE5,304204.6251912562
2045,Agri05_Agroforestry,DE6,246259.8605646049
2045,Agri05_Agroforestry,DE7,4344294.371498192
2045,Agri05_Agroforestry,DE8,12779529.455115402
2045,Agri05_Agroforestry,DE9,25580323.011959475
2045,Agri05_Agroforestry,DEA,16558306.255426537
2045,Agri05_Agroforestry,DEB,9729795.800935656
2045,Agri05_Agroforestry,DEC,1355446.8909001036
2045,Agri05_Agroforestry,DEE,6724409.921505276
2045,Agri05_Agroforestry,DED,7491497.752589924
2045,Agri05_Agroforestry,DEF,1916158.342622083
2045,Agri05_Agroforestry,DEG,1533218.6427791284
2045,Agri06_Biochar,DE1,0.0
2045,Agri06_Biochar,DE2,0.0
2045,Agri06_Biochar,DE3,0.0
2045,Agri06_Biochar,DE4,0.0
2045,Agri06_Biochar,DE5,0.0
2045,Agri06_Biochar,DE6,0.0
2045,Agri06_Biochar,DE7,0.0
2045,Agri06_Biochar,DE8,0.0
2045,Agri06_Biochar,DE9,0.0
2045,Agri06_Biochar,DEA,0.0
2045,Agri06_Biochar,DEB,0.0
2045,Agri06_Biochar,DEC,0.0
2045,Agri06_Biochar,DEE,0.0
2045,Agri06_Biochar,DED,0.0
2045,Agri06_Biochar,DEF,0.0
2045,Agri06_Biochar,DEG,0.0
2046,Agri01_AGC,DE1,4067291.028245078
2046,Agri01_AGC,DE2,8548233.512783948
2046,Agri01_AGC,DE3,8281.383893950158
2046,Agri01_AGC,DE4,3506909.5083137816
2046,Agri01_AGC,DE5,26625.468668526504
2046,Agri01_AGC,DE6,43733.4316936292
2046,Agri01_AGC,DE7,1867875.7297944538
2046,Agri01_AGC,DE8,3868978.3732254608
2046,Agri01_AGC,DE9,7322837.356810466
2046,Agri01_AGC,DEA,4249788.809202337
2046,Agri01_AGC,DEB,2114580.423859838
2046,Agri01_AGC,DEC,224847.02237819013
2046,Agri01_AGC,DEE,3243222.866617771
2046,Agri01_AGC,DED,2413415.0656230156
2046,Agri01_AGC,DEF,1738246.5607095002
2046,Agri01_AGC,DEG,1389867.7698930567
2046,Agri02_OFC,DE1,3042510.1199885835
2046,Agri02_OFC,DE2,4372658.6796958605
2046,Agri02_OFC,DE3,1917931.1509041358
2046,Agri02_OFC,DE4,3019125.805918665
2046,Agri02_OFC,DE5,889359.9254575487
2046,Agri02_OFC,DE6,94485.04011382964
2046,Agri02_OFC,DE7,915468.550118346
2046,Agri02_OFC,DE8,2966182.5012661996
2046,Agri02_OFC,DE9,3923099.95538671
2046,Agri02_OFC,DEA,3071688.8796763765
2046,Agri02_OFC,DEB,1898450.8850639693
2046,Agri02_OFC,DEC,1358702.5942816145
2046,Agri02_OFC,DEE,2242004.8966684407
2046,Agri02_OFC,DED,1993896.3388007905
2046,Agri02_OFC,DEF,775458.4717514855
2046,Agri02_OFC,DEG,620080.7634896819
2046,Agri03_No-till,DE1,0.0
2046,Agri03_No-till,DE2,0.0
2046,Agri03_No-till,DE3,0.0
2046,Agri03_No-till,DE4,0.0
2046,Agri03_No-till,DE5,0.0
2046,Agri03_No-till,DE6,0.0
2046,Agri03_No-till,DE7,0.0
2046,Agri03_No-till,DE8,0.0
2046,Agri03_No-till,DE9,0.0
2046,Agri03_No-till,DEA,0.0
2046,Agri03_No-till,DEB,0.0
2046,Agri03_No-till,DEC,0.0
2046,Agri03_No-till,DEE,0.0
2046,Agri03_No-till,DED,0.0
2046,Agri03_No-till,DEF,0.0
2046,Agri03_No-till,DEG,0.0
2046,Agri04_toGrassland,DE1,216548.70187204969
2046,Agri04_toGrassland,DE2,341918.4054710808
2046,Agri04_toGrassland,DE3,110554.42702289426
2046,Agri04_toGrassland,DE4,209511.01766861265
2046,Agri04_toGrassland,DE5,51496.35610694507
2046,Agri04_toGrassland,DE6,5886.335952343711
2046,Agri04_toGrassland,DE7,75956.82518825114
2046,Agri04_toGrassland,DE8,210138.4289814911
2046,Agri04_toGrassland,DE9,300330.2024614619
2046,Agri04_toGrassland,DEA,220082.65911470432
2046,Agri04_toGrassland,DEB,130822.24657860176
2046,Agri04_toGrassland,DEC,80542.85715982059
2046,Agri04_toGrassland,DEE,162072.0820462369
2046,Agri04_toGrassland,DED,139354.50120322552
2046,Agri04_toGrassland,DEF,73064.17314723472
2046,Agri04_toGrassland,DEG,58419.4501285022
2046,Agri05_Agroforestry,DE1,20908934.37304185
2046,Agri05_Agroforestry,DE2,26103988.176501572
2046,Agri05_Agroforestry,DE3,37909.89342959379
2046,Agri05_Agroforestry,DE4,13727295.70973189
2046,Agri05_Agroforestry,DE5,311219.1940779562
2046,Agri05_Agroforestry,DE6,251938.2974222744
2046,Agri05_Agroforestry,DE7,4444468.23346304
2046,Agri05_Agroforestry,DE8,13074209.03024073
2046,Agri05_Agroforestry,DE9,26170172.4851508
2046,Agri05_Agroforestry,DEA,16940119.581909463
2046,Agri05_Agroforestry,DEB,9954152.42554739
2046,Agri05_Agroforestry,DEC,1386701.7595021324
2046,Agri05_Agroforestry,DEE,6879466.1984673785
2046,Agri05_Agroforestry,DED,7664242.092085295
2046,Agri05_Agroforestry,DEF,1960342.498874464
2046,Agri05_Agroforestry,DEG,1568572.7002047354
2046,Agri06_Biochar,DE1,0.0
2046,Agri06_Biochar,DE2,0.0
2046,Agri06_Biochar,DE3,0.0
2046,Agri06_Biochar,DE4,0.0
2046,Agri06_Biochar,DE5,0.0
2046,Agri06_Biochar,DE6,0.0
2046,Agri06_Biochar,DE7,0.0
2046,Agri06_Biochar,DE8,0.0
2046,Agri06_Biochar,DE9,0.0
2046,Agri06_Biochar,DEA,0.0
2046,Agri06_Biochar,DEB,0.0
2046,Agri06_Biochar,DEC,0.0
2046,Agri06_Biochar,DEE,0.0
2046,Agri06_Biochar,DED,0.0
2046,Agri06_Biochar,DEF,0.0
2046,Agri06_Biochar,DEG,0.0
2047,Agri01_AGC,DE1,3151424.696013295
2047,Agri01_AGC,DE2,6623355.450199806
2047,Agri01_AGC,DE3,6416.59461772567
2047,Agri01_AGC,DE4,2717229.02404464
2047,Agri01_AGC,DE5,20629.986623093126
2047,Agri01_AGC,DE6,33885.604871550146
2047,Agri01_AGC,DE7,1447270.3485144863
2047,Agri01_AGC,DE8,2997767.7793528605
2047,Agri01_AGC,DE9,5673892.11415699
2047,Agri01_AGC,DEA,3292827.9076060685
2047,Agri01_AGC,DEB,1638422.4593668818
2047,Agri01_AGC,DEC,174216.31602630077
2047,Agri01_AGC,DEE,2512918.9343857337
2047,Agri01_AGC,DED,1869965.9765474324
2047,Agri01_AGC,DEF,1346830.8761627208
2047,Agri01_AGC,DEG,1076899.48514055
2047,Agri02_OFC,DE1,2317554.7271697028
2047,Agri02_OFC,DE2,3330761.573100962
2047,Agri02_OFC,DE3,1460935.290226935
2047,Agri02_OFC,DE4,2299742.3204801353
2047,Agri02_OFC,DE5,677447.3109746535
2047,Agri02_OFC,DE6,71971.5769962489
2047,Agri02_OFC,DE7,697334.8919904093
2047,Agri02_OFC,DE8,2259414.104260507
2047,Agri02_OFC,DE9,2988321.645023759
2047,Agri02_OFC,DEA,2339780.905483169
2047,Agri02_OFC,DEB,1446096.693014785
2047,Agri02_OFC,DEC,1034957.155773375
2047,Agri02_OFC,DEE,1707790.2263907872
2047,Agri02_OFC,DED,1518799.8406695435
2047,Agri02_OFC,DEF,590685.774592655
2047,Agri02_OFC,DEG,472330.7558490234
2047,Agri03_No-till,DE1,0.0
2047,Agri03_No-till,DE2,0.0
2047,Agri03_No-till,DE3,0.0
2047,Agri03_No-till,DE4,0.0
2047,Agri03_No-till,DE5,0.0
2047,Agri03_No-till,DE6,0.0
2047,Agri03_No-till,DE7,0.0
2047,Agri03_No-till,DE8,0.0
2047,Agri03_No-till,DE9,0.0
2047,Agri03_No-till,DEA,0.0
2047,Agri03_No-till,DEB,0.0
2047,Agri03_No-till,DEC,0.0
2047,Agri03_No-till,DEE,0.0
2047,Agri03_No-till,DED,0.0
2047,Agri03_No-till,DEF,0.0
2047,Agri03_No-till,DEG,0.0
2047,Agri04_toGrassland,DE1,210921.06986551013
2047,Agri04_toGrassland,DE2,333032.68625124934
2047,Agri04_toGrassland,DE3,107681.3567777247
2047,Agri04_toGrassland,DE4,204066.27984030088
2047,Agri04_toGrassland,DE5,50158.07728401851
2047,Agri04_toGrassland,DE6,5733.362822880082
2047,Agri04_toGrassland,DE7,73982.87172259102
2047,Agri04_toGrassland,DE8,204677.3860912921
2047,Agri04_toGrassland,DE9,292525.27061337687
2047,Agri04_toGrassland,DEA,214363.18720925716
2047,Agri04_toGrassland,DEB,127422.45957619269
2047,Agri04_toGrassland,DEC,78449.72265043634
2047,Agri04_toGrassland,DEE,157860.17946540858
2047,Agri04_toGrassland,DED,135732.9793725844
2047,Agri04_toGrassland,DEF,71165.39344650174
2047,Agri04_toGrassland,DEG,56901.25507812571
2047,Agri05_Agroforestry,DE1,21380200.809360854
2047,Agri05_Agroforestry,DE2,26692345.92167267
2047,Agri05_Agroforestry,DE3,38764.34445321134
2047,Agri05_Agroforestry,DE4,14036695.204416964
2047,Agri05_Agroforestry,DE5,318233.76296465617
2047,Agri05_Agroforestry,DE6,257616.73427994386
2047,Agri05_Agroforestry,DE7,4544642.0954278875
2047,Agri05_Agroforestry,DE8,13368888.605366055
2047,Agri05_Agroforestry,DE9,26760021.958342124
2047,Agri05_Agroforestry,DEA,17321932.90839239
2047,Agri05_Agroforestry,DEB,10178509.050159123
2047,Agri05_Agroforestry,DEC,1417956.628104161
2047,Agri05_Agroforestry,DEE,7034522.475429479
2047,Agri05_Agroforestry,DED,7836986.4315806655
2047,Agri05_Agroforestry,DEF,2004526.6551268452
2047,Agri05_Agroforestry,DEG,1603926.7576303422
2047,Agri06_Biochar,DE1,0.0
2047,Agri06_Biochar,DE2,0.0
2047,Agri06_Biochar,DE3,0.0
2047,Agri06_Biochar,DE4,0.0
2047,Agri06_Biochar,DE5,0.0
2047,Agri06_Biochar,DE6,0.0
2047,Agri06_Biochar,DE7,0.0
2047,Agri06_Biochar,DE8,0.0
2047,Agri06_Biochar,DE9,0.0
2047,Agri06_Biochar,DEA,0.0
2047,Agri06_Biochar,DEB,0.0
2047,Agri06_Biochar,DEC,0.0
2047,Agri06_Biochar,DEE,0.0
2047,Agri06_Biochar,DED,0.0
2047,Agri06_Biochar,DEF,0.0
2047,Agri06_Biochar,DEG,0.0
2048,Agri01_AGC,DE1,2235558.3637815113
2048,Agri01_AGC,DE2,4698477.387615665
2048,Agri01_AGC,DE3,4551.805341501182
2048,Agri01_AGC,DE4,1927548.5397754977
2048,Agri01_AGC,DE5,14634.504577659747
2048,Agri01_AGC,DE6,24037.778049471082
2048,Agri01_AGC,DE7,1026664.967234519
2048,Agri01_AGC,DE8,2126557.18548026
2048,Agri01_AGC,DE9,4024946.8715035133
2048,Agri01_AGC,DEA,2335867.0060098004
2048,Agri01_AGC,DEB,1162264.4948739253
2048,Agri01_AGC,DEC,123585.60967441142
2048,Agri01_AGC,DEE,1782615.0021536958
2048,Agri01_AGC,DED,1326516.887471849
2048,Agri01_AGC,DEF,955415.1916159414
2048,Agri01_AGC,DEG,763931.2003880431
2048,Agri02_OFC,DE1,1592599.3343508253
2048,Agri02_OFC,DE2,2288864.4665060695
2048,Agri02_OFC,DE3,1003939.4295497364
2048,Agri02_OFC,DE4,1580358.8350416091
2048,Agri02_OFC,DE5,465534.6964917594
2048,Agri02_OFC,DE6,49458.11387866829
2048,Agri02_OFC,DE7,479201.2338624739
2048,Agri02_OFC,DE8,1552645.707254818
2048,Agri02_OFC,DE9,2053543.3346608132
2048,Agri02_OFC,DEA,1607872.9312899658
2048,Agri02_OFC,DEB,993742.5009656032
2048,Agri02_OFC,DEC,711211.717265137
2048,Agri02_OFC,DEE,1173575.556113137
2048,Agri02_OFC,DED,1043703.3425382992
2048,Agri02_OFC,DEF,405913.07743382565
2048,Agri02_OFC,DEG,324580.7482083657
2048,Agri03_No-till,DE1,0.0
2048,Agri03_No-till,DE2,0.0
2048,Agri03_No-till,DE3,0.0
2048,Agri03_No-till,DE4,0.0
2048,Agri03_No-till,DE5,0.0
2048,Agri03_No-till,DE6,0.0
2048,Agri03_No-till,DE7,0.0
2048,Agri03_No-till,DE8,0.0
2048,Agri03_No-till,DE9,0.0
2048,Agri03_No-till,DEA,0.0
2048,Agri03_No-till,DEB,0.0
2048,Agri03_No-till,DEC,0.0
2048,Agri03_No-till,DEE,0.0
2048,Agri03_No-till,DED,0.0
2048,Agri03_No-till,DEF,0.0
2048,Agri03_No-till,DEG,0.0
2048,Agri04_toGrassland,DE1,205293.43785897057
2048,Agri04_toGrassland,DE2,324146.9670314179
2048,Agri04_toGrassland,DE3,104808.28653255512
2048,Agri04_toGrassland,DE4,198621.54201198908
2048,Agri04_toGrassland,DE5,48819.79846109194
2048,Agri04_toGrassland,DE6,5580.389693416451
2048,Agri04_toGrassland,DE7,72008.9182569309
2048,Agri04_toGrassland,DE8,199216.3432010931
2048,Agri04_toGrassland,DE9,284720.33876529185
2048,Agri04_toGrassland,DEA,208643.71530380996
2048,Agri04_toGrassland,DEB,124022.67257378364
2048,Agri04_toGrassland,DEC,76356.58814105207
2048,Agri04_toGrassland,DEE,153648.27688458026
2048,Agri04_toGrassland,DED,132111.45754194327
2048,Agri04_toGrassland,DEF,69266.61374576876
2048,Agri04_toGrassland,DEG,55383.06002774922
2048,Agri05_Agroforestry,DE1,21851467.245679863
2048,Agri05_Agroforestry,DE2,27280703.66684377
2048,Agri05_Agroforestry,DE3,39618.795476828906
2048,Agri05_Agroforestry,DE4,14346094.699102039
2048,Agri05_Agroforestry,DE5,325248.3318513562
2048,Agri05_Agroforestry,DE6,263295.17113761336
2048,Agri05_Agroforestry,DE7,4644815.957392735
2048,Agri05_Agroforestry,DE8,13663568.180491382
2048,Agri05_Agroforestry,DE9,27349871.43153345
2048,Agri05_Agroforestry,DEA,17703746.234875314
2048,Agri05_Agroforestry,DEB,10402865.674770856
2048,Agri05_Agroforestry,DEC,1449211.4967061898
2048,Agri05_Agroforestry,DEE,7189578.752391581
2048,Agri05_Agroforestry,DED,8009730.771076037
2048,Agri05_Agroforestry,DEF,2048710.8113792264
2048,Agri05_Agroforestry,DEG,1639280.8150559491
2048,Agri06_Biochar,DE1,0.0
2048,Agri06_Biochar,DE2,0.0
2048,Agri06_Biochar,DE3,0.0
2048,Agri06_Biochar,DE4,0.0
2048,Agri06_Biochar,DE5,0.0
2048,Agri06_Biochar,DE6,0.0
2048,Agri06_Biochar,DE7,0.0
2048,Agri06_Biochar,DE8,0.0
2048,Agri06_Biochar,DE9,0.0
2048,Agri06_Biochar,DEA,0.0
2048,Agri06_Biochar,DEB,0.0
2048,Agri06_Biochar,DEC,0.0
2048,Agri06_Biochar,DEE,0.0
2048,Agri06_Biochar,DED,0.0
2048,Agri06_Biochar,DEF,0.0
2048,Agri06_Biochar,DEG,0.0
2049,Agri01_AGC,DE1,1319692.0315497285
2049,Agri01_AGC,DE2,2773599.325031523
2049,Agri01_AGC,DE3,2687.016065276693
2049,Agri01_AGC,DE4,1137868.0555063558
2049,Agri01_AGC,DE5,8639.022532226369
2049,Agri01_AGC,DE6,14189.95122739202
2049,Agri01_AGC,DE7,606059.5859545516
2049,Agri01_AGC,DE8,1255346.5916076596
2049,Agri01_AGC,DE9,2376001.628850037
2049,Agri01_AGC,DEA,1378906.1044135327
2049,Agri01_AGC,DEB,686106.5303809693
2049,Agri01_AGC,DEC,72954.90332252205
2049,Agri01_AGC,DEE,1052311.0699216584
2049,Agri01_AGC,DED,783067.7983962661
2049,Agri01_AGC,DEF,563999.5070691619
2049,Agri01_AGC,DEG,450962.91563553625
2049,Agri02_OFC,DE1,867643.9415319442
2049,Agri02_OFC,DE2,1246967.3599111708
2049,Agri02_OFC,DE3,546943.5688725356
2049,Agri02_OFC,DE4,860975.3496030794
2049,Agri02_OFC,DE5,253622.08200886415
2049,Agri02_OFC,DE6,26944.650761087563
2049,Agri02_OFC,DE7,261067.57573453736
2049,Agri02_OFC,DE8,845877.3102491252
2049,Agri02_OFC,DE9,1118765.024297862
2049,Agri02_OFC,DEA,875964.9570967584
2049,Agri02_OFC,DEB,541388.3089164189
2049,Agri02_OFC,DEC,387466.27875689743
2049,Agri02_OFC,DEE,639360.8858354838
2049,Agri02_OFC,DED,568606.8444070523
2049,Agri02_OFC,DEF,221140.3802749952
2049,Agri02_OFC,DEG,176830.74056770717
2049,Agri03_No-till,DE1,0.0
2049,Agri03_No-till,DE2,0.0
2049,Agri03_No-till,DE3,0.0
2049,Agri03_No-till,DE4,0.0
2049,Agri03_No-till,DE5,0.0
2049,Agri03_No-till,DE6,0.0
2049,Agri03_No-till,DE7,0.0
2049,Agri03_No-till,DE8,0.0
2049,Agri03_No-till,DE9,0.0
2049,Agri03_No-till,DEA,0.0
2049,Agri03_No-till,DEB,0.0
2049,Agri03_No-till,DEC,0.0
2049,Agri03_No-till,DEE,0.0
2049,Agri03_No-till,DED,0.0
2049,Agri03_No-till,DEF,0.0
2049,Agri03_No-till,DEG,0.0
2049,Agri04_toGrassland,DE1,199665.80585243105
2049,Agri04_toGrassland,DE2,315261.2478115865
2049,Agri04_toGrassland,DE3,101935.21628738557
2049,Agri04_toGrassland,DE4,193176.80418367733
2049,Agri04_toGrassland,DE5,47481.51963816538
2049,Agri04_toGrassland,DE6,5427.416563952823
2049,Agri04_toGrassland,DE7,70034.96479127079
2049,Agri04_toGrassland,DE8,193755.30031089415
2049,Agri04_toGrassland,DE9,276915.4069172069
2049,Agri04_toGrassland,DEA,202924.24339836283
2049,Agri04_toGrassland,DEB,120622.8855713746
2049,Agri04_toGrassland,DEC,74263.45363166783
2049,Agri04_toGrassland,DEE,149436.37430375197
2049,Agri04_toGrassland,DED,128489.93571130214
2049,Agri04_toGrassland,DEF,67367.8340450358
2049,Agri04_toGrassland,DEG,53864.86497737274
2049,Agri05_Agroforestry,DE1,22322733.681998868
2049,Agri05_Agroforestry,DE2,27869061.412014864
2049,Agri05_Agroforestry,DE3,40473.24650044646
2049,Agri05_Agroforestry,DE4,14655494.193787113
2049,Agri05_Agroforestry,DE5,332262.90073805617
2049,Agri05_Agroforestry,DE6,268973.6079952828
2049,Agri05_Agroforestry,DE7,4744989.819357582
2049,Agri05_Agroforestry,DE8,13958247.75561671
2049,Agri05_Agroforestry,DE9,27939720.904724773
2049,Agri05_Agroforestry,DEA,18085559.56135824
2049,Agri05_Agroforestry,DEB,10627222.299382588
2049,Agri05_Agroforestry,DEC,1480466.3653082184
2049,Agri05_Agroforestry,DEE,7344635.029353682
2049,Agri05_Agroforestry,DED,8182475.110571406
2049,Agri05_Agroforestry,DEF,2092894.9676316073
2049,Agri05_Agroforestry,DEG,1674634.872481556
2049,Agri06_Biochar,DE1,0.0
2049,Agri06_Biochar,DE2,0.0
2049,Agri06_Biochar,DE3,0.0
2049,Agri06_Biochar,DE4,0.0
2049,Agri06_Biochar,DE5,0.0
2049,Agri06_Biochar,DE6,0.0
2049,Agri06_Biochar,DE7,0.0
2049,Agri06_Biochar,DE8,0.0
2049,Agri06_Biochar,DE9,0.0
2049,Agri06_Biochar,DEA,0.0
2049,Agri06_Biochar,DEB,0.0
2049,Agri06_Biochar,DEC,0.0
2049,Agri06_Biochar,DEE,0.0
2049,Agri06_Biochar,DED,0.0
2049,Agri06_Biochar,DEF,0.0
2049,Agri06_Biochar,DEG,0.0
2050,Agri01_AGC,DE1,403825.69931794616
2050,Agri01_AGC,DE2,848721.262447384
2050,Agri01_AGC,DE3,822.2267890522068
2050,Agri01_AGC,DE4,348187.5712372148
2050,Agri01_AGC,DE5,2643.5404867929965
2050,Agri01_AGC,DE6,4342.124405312971
2050,Agri01_AGC,DE7,185454.2046745846
2050,Agri01_AGC,DE8,384135.99773506005
2050,Agri01_AGC,DE9,727056.3861965624
2050,Agri01_AGC,DEA,421945.2028172658
2050,Agri01_AGC,DEB,209948.56588801352
2050,Agri01_AGC,DEC,22324.196970632747
2050,Agri01_AGC,DEE,322007.1376896216
2050,Agri01_AGC,DED,239618.70932068347
2050,Agri01_AGC,DEF,172583.82252238286
2050,Agri01_AGC,DEG,137994.63088302972
2050,Agri02_OFC,DE1,142688.5487130576
2050,Agri02_OFC,DE2,205070.25331626442
2050,Agri02_OFC,DE3,89947.70819533124
2050,Agri02_OFC,DE4,141591.8641645442
2050,Agri02_OFC,DE5,41709.4675259673
2050,Agri02_OFC,DE6,4431.187643506661
2050,Agri02_OFC,DE7,42933.917606599105
2050,Agri02_OFC,DE8,139108.91324342717
2050,Agri02_OFC,DE9,183986.7139349042
2050,Agri02_OFC,DEA,144056.9829035456
2050,Agri02_OFC,DEB,89034.11686723129
2050,Agri02_OFC,DEC,63720.84024865538
2050,Agri02_OFC,DEE,105146.21555782657
2050,Agri02_OFC,DED,93510.3462758018
2050,Agri02_OFC,DEF,36367.683116163375
2050,Agri02_OFC,DEG,29080.732927047557
2050,Agri03_No-till,DE1,0.0
2050,Agri03_No-till,DE2,0.0
2050,Agri03_No-till,DE3,0.0
2050,Agri03_No-till,DE4,0.0
2050,Agri03_No-till,DE5,0.0
2050,Agri03_No-till,DE6,0.0
2050,Agri03_No-till,DE7,0.0
2050,Agri03_No-till,DE8,0.0
2050,Agri03_No-till,DE9,0.0
2050,Agri03_No-till,DEA,0.0
2050,Agri03_No-till,DEB,0.0
2050,Agri03_No-till,DEC,0.0
2050,Agri03_No-till,DEE,0.0
2050,Agri03_No-till,DED,0.0
2050,Agri03_No-till,DEF,0.0
2050,Agri03_No-till,DEG,0.0
2050,Agri04_toGrassland,DE1,194038.1738458915
2050,Agri04_toGrassland,DE2,306375.528591755
2050,Agri04_toGrassland,DE3,99062.146042216
2050,Agri04_toGrassland,DE4,187732.06635536556
2050,Agri04_toGrassland,DE5,46143.24081523881
2050,Agri04_toGrassland,DE6,5274.443434489193
2050,Agri04_toGrassland,DE7,68061.01132561067
2050,Agri04_toGrassland,DE8,188294.25742069515
2050,Agri04_toGrassland,DE9,269110.47506912187
2050,Agri04_toGrassland,DEA,197204.77149291566
2050,Agri04_toGrassland,DEB,117223.09856896554
2050,Agri04_toGrassland,DEC,72170.31912228357
2050,Agri04_toGrassland,DEE,145224.47172292366
2050,Agri04_toGrassland,DED,124868.413880661
2050,Agri04_toGrassland,DEF,65469.05434430281
2050,Agri04_toGrassland,DEG,52346.66992699624
2050,Agri05_Agroforestry,DE1,22794000.11831787
2050,Agri05_Agroforestry,DE2,28457419.157185957
2050,Agri05_Agroforestry,DE3,41327.69752406401
2050,Agri05_Agroforestry,DE4,14964893.688472183
2050,Agri05_Agroforestry,DE5,339277.46962475614
2050,Agri05_Agroforestry,DE6,274652.04485295224
2050,Agri05_Agroforestry,DE7,4845163.681322429
2050,Agri05_Agroforestry,DE8,14252927.330742033
2050,Agri05_Agroforestry,DE9,28529570.377916094
2050,Agri05_Agroforestry,DEA,18467372.887841158
2050,Agri05_Agroforestry,DEB,10851578.92399432
2050,Agri05_Agroforestry,DEC,1511721.233910247
2050,Agri05_Agroforestry,DEE,7499691.3063157825
2050,Agri05_Agroforestry,DED,8355219.450066775
2050,Agri05_Agroforestry,DEF,2137079.1238839882
2050,Agri05_Agroforestry,DEG,1709988.9299071622
2050,Agri06_Biochar,DE1,0.0
2050,Agri06_Biochar,DE2,0.0
2050,Agri06_Biochar,DE3,0.0
2050,Agri06_Biochar,DE4,0.0
2050,Agri06_Biochar,DE5,0.0
2050,Agri06_Biochar,DE6,0.0
2050,Agri06_Biochar,DE7,0.0
2050,Agri06_Biochar,DE8,0.0
2050,Agri06_Biochar,DE9,0.0
2050,Agri06_Biochar,DEA,0.0
2050,Agri06_Biochar,DEB,0.0
2050,Agri06_Biochar,DEC,0.0
2050,Agri06_Biochar,DEE,0.0
2050,Agri06_Biochar,DED,0.0
2050,Agri06_Biochar,DEF,0.0
2050,Agri06_Biochar,DEG,0.0
